anio,distrito_num,distrito_nombre,barrio_num,barrio_nombre,codigo_barrio,n_comercio_menor,n_turismo_alojamiento,n_bares_restaurantes,n_inmobiliarias,n_educacion,n_sanitarias,n_servicios_sociales,n_arte_recreo_ocio,pct_comercio_menor,pct_turismo_alojamiento,pct_bares_restaurantes,pct_inmobiliarias,pct_educacion,pct_sanitarias,pct_servicios_sociales,pct_arte_recreo_ocio,n_locales_activos_total,n_locales_todos_estados,n_uso_vivienda,pct_uso_vivienda
2017,1,Centro,1,Palacio,011,535,27,571,12,42,13,9,41,0.31433607520564044,0.015863689776733254,0.3354876615746181,0.007050528789659225,0.024676850763807285,0.00763807285546416,0.005287896592244419,0.02408930669800235,1702,2127,62,0.02914903620122238
2017,1,Centro,2,Embajadores,012,1444,20,462,9,62,22,21,44,0.4883327696990193,0.006763611768684477,0.15623943185661143,0.003043625295908015,0.02096719648292188,0.0074399729455529254,0.007101792357118702,0.014879945891105851,2957,3893,124,0.03185204212689442
2017,1,Centro,3,Cortes,013,338,43,415,6,27,10,5,39,0.29314830875975717,0.0372940156114484,0.3599306157849089,0.005203816131830009,0.023417172593235037,0.008673026886383347,0.004336513443191674,0.033824804856895055,1153,1339,10,0.0074682598954443615
2017,1,Centro,4,Justicia,014,844,19,490,4,31,23,5,31,0.45085470085470086,0.01014957264957265,0.26175213675213677,0.002136752136752137,0.01655982905982906,0.012286324786324786,0.002670940170940171,0.01655982905982906,1872,2027,6,0.0029600394671928957
2017,1,Centro,5,Universidad,015,865,27,610,12,70,39,16,56,0.37236332328885063,0.01162290142057684,0.26259147653895826,0.005165733964700818,0.030133448127421438,0.016788635385277657,0.006887645286267757,0.02410675850193715,2323,2902,107,0.0368711233631978
2017,1,Centro,6,Sol,016,721,39,458,1,7,1,7,29,0.460997442455243,0.024936061381074168,0.2928388746803069,6.393861892583121e-4,0.004475703324808184,6.393861892583121e-4,0.004475703324808184,0.01854219948849105,1564,1700,1,5.88235294117647e-4
2017,2,Arganzuela,1,Imperial,021,234,4,105,22,31,33,3,20,0.3218707015130674,0.005502063273727648,0.14442916093535077,0.030261348005502064,0.04264099037138927,0.0453920220082531,0.0041265474552957355,0.027510316368638238,727,894,17,0.01901565995525727
2017,2,Arganzuela,2,Acacias,022,384,1,157,9,77,45,11,31,0.3310344827586207,8.620689655172414e-4,0.1353448275862069,0.007758620689655172,0.06637931034482758,0.03879310344827586,0.009482758620689655,0.026724137931034484,1160,1377,19,0.013798111837327523
2017,2,Arganzuela,3,Chopera,023,300,2,98,3,15,20,8,17,0.4149377593360996,0.0027662517289073307,0.1355463347164592,0.004149377593360996,0.02074688796680498,0.027662517289073305,0.011065006915629323,0.02351313969571231,723,936,24,0.02564102564102564
2017,2,Arganzuela,4,Legazpi,024,109,0,80,3,31,19,8,13,0.2529002320185615,0,0.18561484918793503,0.0069605568445475635,0.07192575406032482,0.04408352668213457,0.018561484918793503,0.030162412993039442,431,548,14,0.025547445255474453
2017,2,Arganzuela,5,Delicias,025,293,1,127,9,32,23,5,7,0.3770913770913771,0.001287001287001287,0.16344916344916344,0.011583011583011582,0.04118404118404118,0.029601029601029602,0.006435006435006435,0.009009009009009009,777,940,7,0.007446808510638298
2017,2,Arganzuela,6,Palos de la Frontera,026,443,6,198,14,43,36,23,17,0.34234930448222567,0.00463678516228748,0.15301391035548687,0.010819165378670788,0.03323029366306028,0.027820710973724884,0.01777434312210201,0.01313755795981453,1294,1502,24,0.015978695073235686
2017,2,Arganzuela,7,Atocha,027,39,0,25,1,3,1,0,1,0.2635135135135135,0,0.16891891891891891,0.006756756756756757,0.02027027027027027,0.006756756756756757,0,0.006756756756756757,148,230,0,0
2017,3,Retiro,1,Pacífico,031,546,0,156,13,37,29,4,17,0.454242928452579,0,0.129783693843594,0.010815307820299502,0.030782029950083195,0.024126455906821963,0.0033277870216306157,0.014143094841930116,1202,1480,12,0.008108108108108109
2017,3,Retiro,2,Adelfas,032,127,3,46,5,19,15,4,8,0.3167082294264339,0.007481296758104738,0.11471321695760599,0.012468827930174564,0.04738154613466334,0.03740648379052369,0.00997506234413965,0.0199501246882793,401,509,1,0.0019646365422396855
2017,3,Retiro,3,Estrella,033,145,2,42,4,22,17,2,6,0.35365853658536583,0.004878048780487805,0.1024390243902439,0.00975609756097561,0.05365853658536585,0.041463414634146344,0.004878048780487805,0.014634146341463415,410,488,5,0.010245901639344262
2017,3,Retiro,4,Ibiza,034,489,0,178,7,10,27,1,6,0.49096385542168675,0,0.178714859437751,0.007028112449799197,0.010040160642570281,0.02710843373493976,0.001004016064257028,0.006024096385542169,996,1073,1,9.319664492078285e-4
2017,3,Retiro,5,Los Jerónimos,035,91,6,84,2,10,7,3,13,0.263768115942029,0.017391304347826087,0.24347826086956523,0.005797101449275362,0.028985507246376812,0.020289855072463767,0.008695652173913044,0.03768115942028986,345,389,2,0.005141388174807198
2017,3,Retiro,6,Niño Jesús,036,119,0,57,2,55,24,4,10,0.2537313432835821,0,0.12153518123667377,0.0042643923240938165,0.11727078891257996,0.0511727078891258,0.008528784648187633,0.021321961620469083,469,550,2,0.0036363636363636364
2017,4,Salamanca,1,Recoletos,041,952,23,246,7,17,21,3,20,0.5957446808510638,0.014392991239048811,0.1539424280350438,0.004380475594493116,0.010638297872340425,0.013141426783479349,0.0018773466833541927,0.012515644555694618,1598,1707,0,0
2017,4,Salamanca,2,Goya,042,903,5,316,9,40,48,6,25,0.501388117712382,0.00277623542476402,0.17545807884508607,0.004997223764575236,0.02220988339811216,0.026651860077734593,0.003331482509716824,0.0138811771238201,1801,1945,2,0.0010282776349614395
2017,4,Salamanca,3,Fuente del Berro,043,287,0,117,3,31,28,11,22,0.3329466357308585,0,0.1357308584686775,0.0034802784222737818,0.03596287703016241,0.03248259860788863,0.012761020881670533,0.025522041763341066,862,1064,14,0.013157894736842105
2017,4,Salamanca,4,Guindalera,044,522,6,205,10,81,51,22,37,0.32933753943217664,0.0037854889589905363,0.12933753943217666,0.006309148264984227,0.05110410094637224,0.032176656151419555,0.0138801261829653,0.02334384858044164,1585,1958,20,0.010214504596527068
2017,4,Salamanca,5,Lista,045,480,7,208,5,32,36,3,19,0.43243243243243246,0.006306306306306306,0.1873873873873874,0.0045045045045045045,0.02882882882882883,0.032432432432432434,0.002702702702702703,0.017117117117117116,1110,1183,1,8.453085376162299e-4
2017,4,Salamanca,6,Castellana,046,506,12,211,8,8,29,2,17,0.45340501792114696,0.010752688172043012,0.18906810035842295,0.007168458781362007,0.007168458781362007,0.025985663082437275,0.0017921146953405018,0.015232974910394265,1116,1211,3,0.002477291494632535
2017,5,Chamartin,1,El Viso,051,228,2,136,4,81,33,2,23,0.2676056338028169,0.002347417840375587,0.1596244131455399,0.004694835680751174,0.09507042253521127,0.03873239436619718,0.002347417840375587,0.02699530516431925,852,967,5,0.005170630816959669
2017,5,Chamartin,2,Prosperidad,052,554,3,203,12,41,38,18,13,0.39096683133380383,0.002117148906139732,0.1432604093154552,0.008468595624558928,0.02893436838390967,0.026817219477769938,0.012702893436838392,0.009174311926605505,1417,1829,41,0.02241662110442865
2017,5,Chamartin,3,Ciudad Jardín,053,299,3,150,8,39,32,11,19,0.29285014691478944,0.002938295788442703,0.14691478942213515,0.007835455435847209,0.03819784524975514,0.031341821743388835,0.010773751224289911,0.01860920666013712,1021,1349,16,0.011860637509266123
2017,5,Chamartin,4,Hispanoamérica,054,521,5,235,9,48,56,12,32,0.36155447605829283,0.0034698126301179735,0.16308119361554477,0.006245662734212352,0.033310201249132546,0.0388619014573213,0.008327550312283136,0.02220680083275503,1441,1632,22,0.013480392156862746
2017,5,Chamartin,5,Nueva España,055,223,3,131,6,48,37,11,18,0.26770708283313327,0.003601440576230492,0.15726290516206481,0.007202881152460984,0.057623049219687875,0.04441776710684274,0.013205282112845138,0.021608643457382955,833,992,18,0.018145161290322582
2017,5,Chamartin,6,Castilla,056,160,3,92,5,17,13,7,13,0.3036053130929791,0.0056925996204933585,0.174573055028463,0.009487666034155597,0.03225806451612903,0.024667931688804556,0.013282732447817837,0.024667931688804556,527,730,130,0.1780821917808219
2017,6,Tetuan,1,Bellas Vistas,061,362,6,131,6,35,19,12,11,0.32408236347359,0.005371530886302597,0.11727842435094002,0.005371530886302597,0.03133393017009848,0.017009847806624886,0.010743061772605193,0.009847806624888093,1117,1662,148,0.08904933814681107
2017,6,Tetuan,2,Cuatro Caminos,062,888,13,355,11,37,43,7,46,0.4316966456003889,0.006319883325230919,0.17258142926592124,0.0053475935828877,0.01798736023334954,0.020904229460379193,0.003403014098201264,0.02236266407389402,2057,2589,78,0.030127462340672075
2017,6,Tetuan,3,Castillejos,063,294,10,228,7,21,38,1,21,0.29080118694362017,0.009891196834817012,0.22551928783382788,0.006923837784371909,0.020771513353115726,0.03758654797230465,9.891196834817012e-4,0.020771513353115726,1011,1234,29,0.023500810372771474
2017,6,Tetuan,4,Almenara,064,229,2,105,2,37,22,18,10,0.29701686121919585,0.0025940337224383916,0.13618677042801555,0.0025940337224383916,0.04798962386511025,0.028534370946822308,0.023346303501945526,0.01297016861219196,771,1465,109,0.07440273037542662
2017,6,Tetuan,5,Valdeacederas,065,367,1,90,7,22,16,14,7,0.3814968814968815,0.0010395010395010396,0.09355509355509356,0.007276507276507277,0.02286902286902287,0.016632016632016633,0.014553014553014554,0.007276507276507277,962,1898,192,0.101159114857745
2017,6,Tetuan,6,Berruguete,066,317,1,105,6,27,13,6,12,0.3526140155728587,0.0011123470522803114,0.1167964404894327,0.006674082313681869,0.030033370411568408,0.014460511679644048,0.006674082313681869,0.013348164627363738,899,1520,162,0.10657894736842105
2017,7,Chamberi,1,Gaztambide,071,593,3,232,12,41,43,4,20,0.4260057471264368,0.0021551724137931034,0.16666666666666666,0.008620689655172414,0.029454022988505746,0.03089080459770115,0.0028735632183908046,0.014367816091954023,1392,1601,12,0.007495315427857589
2017,7,Chamberi,2,Arapiles,072,456,3,185,19,51,43,9,16,0.3887468030690537,0.0025575447570332483,0.1577152600170503,0.01619778346121057,0.043478260869565216,0.03665814151747655,0.0076726342710997444,0.013640238704177323,1173,1358,8,0.005891016200294551
2017,7,Chamberi,3,Trafalgar,073,514,8,275,10,37,47,10,29,0.3559556786703601,0.00554016620498615,0.1904432132963989,0.006925207756232687,0.025623268698060944,0.03254847645429363,0.006925207756232687,0.02008310249307479,1444,1767,6,0.003395585738539898
2017,7,Chamberi,4,Almagro,074,344,5,224,2,35,40,4,12,0.33204633204633205,0.004826254826254826,0.21621621621621623,0.0019305019305019305,0.033783783783783786,0.03861003861003861,0.003861003861003861,0.011583011583011582,1036,1198,12,0.01001669449081803
2017,7,Chamberi,5,Ríos Rosas,075,399,6,239,17,41,42,9,14,0.32151490733279614,0.004834810636583401,0.1925866236905721,0.0136986301369863,0.033037872683319904,0.03384367445608381,0.007252215954875101,0.011281224818694601,1241,1404,11,0.007834757834757835
2017,7,Chamberi,6,Vallehermoso,076,202,0,125,7,51,45,18,11,0.2748299319727891,0,0.17006802721088435,0.009523809523809525,0.06938775510204082,0.061224489795918366,0.024489795918367346,0.014965986394557823,735,802,5,0.006234413965087282
2017,8,Fuencarral-El Pardo,1,El Pardo,081,33,0,39,1,6,4,5,17,0.22916666666666666,0,0.2708333333333333,0.006944444444444444,0.041666666666666664,0.027777777777777776,0.034722222222222224,0.11805555555555555,144,214,18,0.08411214953271028
2017,8,Fuencarral-El Pardo,2,Fuentelarreina,082,6,1,1,0,0,2,0,3,0.25,0.041666666666666664,0.041666666666666664,0,0,0.08333333333333333,0,0.125,24,26,0,0
2017,8,Fuencarral-El Pardo,3,Peñagrande,083,361,0,102,12,68,42,19,16,0.37525987525987525,0,0.10602910602910603,0.012474012474012475,0.07068607068607069,0.04365904365904366,0.01975051975051975,0.016632016632016633,962,1167,34,0.02913453299057412
2017,8,Fuencarral-El Pardo,4,Pilar,084,797,0,236,22,65,40,6,25,0.4367123287671233,0,0.1293150684931507,0.012054794520547946,0.03561643835616438,0.021917808219178082,0.0032876712328767125,0.0136986301369863,1825,2533,167,0.06592972759573629
2017,8,Fuencarral-El Pardo,5,La Paz,085,187,3,88,2,28,44,9,14,0.30064308681672025,0.00482315112540193,0.1414790996784566,0.003215434083601286,0.04501607717041801,0.0707395498392283,0.014469453376205787,0.022508038585209004,622,755,10,0.013245033112582781
2017,8,Fuencarral-El Pardo,6,Valverde,086,394,8,244,11,102,57,20,37,0.24625,0.005,0.1525,0.006875,0.06375,0.035625,0.0125,0.023125,1600,2719,108,0.03972048547260022
2017,8,Fuencarral-El Pardo,7,Mirasierra,087,145,1,50,4,37,23,18,17,0.3395784543325527,0.00234192037470726,0.117096018735363,0.00936768149882904,0.08665105386416862,0.053864168618266976,0.04215456674473068,0.03981264637002342,427,476,0,0
2017,8,Fuencarral-El Pardo,8,El Goloso,088,118,1,81,0,61,15,5,23,0.2651685393258427,0.0022471910112359553,0.18202247191011237,0,0.13707865168539327,0.033707865168539325,0.011235955056179775,0.051685393258426963,445,536,1,0.0018656716417910447
2017,9,Moncloa-Aravaca,1,Casa de Campo,091,246,4,154,2,24,18,10,26,0.37962962962962965,0.006172839506172839,0.23765432098765432,0.0030864197530864196,0.037037037037037035,0.027777777777777776,0.015432098765432098,0.040123456790123455,648,809,14,0.0173053152039555
2017,9,Moncloa-Aravaca,2,Argüelles,092,439,12,231,14,54,33,12,19,0.3601312551271534,0.009844134536505332,0.18949958982772763,0.011484823625922888,0.044298605414273995,0.027071369975389663,0.009844134536505332,0.015586546349466776,1219,1466,18,0.01227830832196453
2017,9,Moncloa-Aravaca,3,Ciudad Universitaria,093,154,1,155,4,123,34,13,47,0.1949367088607595,0.0012658227848101266,0.1962025316455696,0.005063291139240506,0.15569620253164557,0.043037974683544304,0.016455696202531647,0.05949367088607595,790,989,31,0.03134479271991911
2017,9,Moncloa-Aravaca,4,Valdezarza,094,207,0,70,5,36,26,6,10,0.33713355048859933,0,0.11400651465798045,0.008143322475570033,0.05863192182410423,0.04234527687296417,0.009771986970684038,0.016286644951140065,614,960,60,0.0625
2017,9,Moncloa-Aravaca,5,Valdemarín,095,15,5,32,0,15,4,9,1,0.14150943396226415,0.04716981132075472,0.3018867924528302,0,0.14150943396226415,0.03773584905660377,0.08490566037735849,0.009433962264150943,106,118,0,0
2017,9,Moncloa-Aravaca,6,El Plantío,096,66,1,32,1,9,8,7,2,0.336734693877551,0.00510204081632653,0.16326530612244897,0.00510204081632653,0.04591836734693878,0.04081632653061224,0.03571428571428571,0.01020408163265306,196,229,1,0.004366812227074236
2017,9,Moncloa-Aravaca,7,Aravaca,097,219,1,63,9,54,25,15,15,0.3520900321543408,0.001607717041800643,0.10128617363344052,0.014469453376205787,0.08681672025723473,0.04019292604501608,0.024115755627009645,0.024115755627009645,622,763,21,0.027522935779816515
2017,10,Latina,1,Los Cármenes,101,74,0,52,2,13,7,4,15,0.23870967741935484,0,0.16774193548387098,0.0064516129032258064,0.041935483870967745,0.02258064516129032,0.012903225806451613,0.04838709677419355,310,731,76,0.1039671682626539
2017,10,Latina,2,Puerta del Angel,102,602,1,176,14,51,41,8,14,0.3970976253298153,6.596306068601583e-4,0.11609498680738786,0.009234828496042216,0.033641160949868076,0.02704485488126649,0.005277044854881266,0.009234828496042216,1516,2954,281,0.09512525389302641
2017,10,Latina,3,Lucero,103,320,0,114,10,43,22,11,18,0.3733955659276546,0,0.13302217036172695,0.011668611435239206,0.050175029171528586,0.025670945157526253,0.012835472578763127,0.021003500583430573,857,1447,125,0.08638562543192813
2017,10,Latina,4,Aluche,104,765,2,268,18,77,90,13,33,0.40115364446775037,0.001048767697954903,0.140534871525957,0.009438909281594127,0.040377556371263765,0.04719454640797063,0.0068169900367068695,0.0173046670162559,1907,2664,178,0.06681681681681682
2017,10,Latina,5,Campamento,105,146,0,51,6,17,12,3,3,0.31808278867102396,0,0.1111111111111111,0.013071895424836602,0.037037037037037035,0.026143790849673203,0.006535947712418301,0.006535947712418301,459,804,67,0.08333333333333333
2017,10,Latina,6,Cuatro Vientos,106,18,0,8,0,9,2,4,3,0.2,0,0.08888888888888889,0,0.1,0.022222222222222223,0.044444444444444446,0.03333333333333333,90,138,0,0
2017,10,Latina,7,Águilas,107,479,0,152,12,39,44,10,21,0.4354545454545454,0,0.13818181818181818,0.01090909090909091,0.035454545454545454,0.04,0.00909090909090909,0.019090909090909092,1100,1546,28,0.018111254851228976
2017,11,Carabanchel,1,Comillas,111,304,1,105,5,18,15,2,17,0.36848484848484847,0.0012121212121212121,0.12727272727272726,0.006060606060606061,0.02181818181818182,0.01818181818181818,0.0024242424242424242,0.020606060606060607,825,1347,56,0.041573867854491464
2017,11,Carabanchel,2,Opañel,112,407,0,150,8,31,28,13,13,0.33442892358258014,0,0.12325390304026294,0.00657354149548069,0.025472473294987676,0.023007395234182416,0.010682004930156122,0.010682004930156122,1217,1890,88,0.04656084656084656
2017,11,Carabanchel,3,San Isidro,113,320,0,129,11,32,27,9,17,0.2885482416591524,0,0.11632100991884581,0.009918845807033363,0.028854824165915238,0.024346257889990983,0.008115419296663661,0.015329125338142471,1109,2043,137,0.06705824767498776
2017,11,Carabanchel,4,Vista Alegre,114,895,4,282,18,55,59,12,22,0.41744402985074625,0.0018656716417910447,0.13152985074626866,0.008395522388059701,0.025652985074626867,0.02751865671641791,0.005597014925373134,0.010261194029850746,2144,3318,124,0.037371910789632305
2017,11,Carabanchel,5,Puerta Bonita,115,320,1,101,3,42,27,10,13,0.34006376195536664,0.0010626992561105207,0.1073326248671626,0.003188097768331562,0.044633368756641874,0.028692879914984058,0.010626992561105207,0.01381509032943677,941,1569,85,0.05417463352453792
2017,11,Carabanchel,6,Buenavista,116,463,0,171,10,54,36,10,24,0.35560675883256526,0,0.1313364055299539,0.007680491551459293,0.041474654377880185,0.027649769585253458,0.007680491551459293,0.018433179723502304,1302,2020,50,0.024752475247524754
2017,11,Carabanchel,7,Abrantes,117,277,0,96,7,26,16,2,10,0.3985611510791367,0,0.1381294964028777,0.010071942446043165,0.03741007194244604,0.02302158273381295,0.0028776978417266188,0.014388489208633094,695,978,37,0.03783231083844581
2017,12,Usera,1,Orcasitas,121,159,0,53,1,23,8,6,7,0.4491525423728814,0,0.1497175141242938,0.002824858757062147,0.06497175141242938,0.022598870056497175,0.01694915254237288,0.01977401129943503,354,447,20,0.0447427293064877
2017,12,Usera,2,Orcasur,122,72,0,29,0,22,5,9,4,0.3076923076923077,0,0.12393162393162394,0,0.09401709401709402,0.021367521367521368,0.038461538461538464,0.017094017094017096,234,404,10,0.024752475247524754
2017,12,Usera,3,San Fermín,123,148,1,65,1,12,7,10,6,0.39050131926121373,0.002638522427440633,0.17150395778364116,0.002638522427440633,0.0316622691292876,0.018469656992084433,0.026385224274406333,0.0158311345646438,379,615,11,0.01788617886178862
2017,12,Usera,4,Almendrales,124,264,1,96,1,19,13,9,10,0.36768802228412256,0.001392757660167131,0.13370473537604458,0.001392757660167131,0.026462395543175487,0.018105849582172703,0.012534818941504178,0.013927576601671309,718,1134,41,0.036155202821869487
2017,12,Usera,5,Moscardó,125,375,1,143,8,27,23,12,13,0.37350597609561753,9.9601593625498e-4,0.14243027888446216,0.00796812749003984,0.026892430278884463,0.022908366533864542,0.01195219123505976,0.012948207171314742,1004,1412,63,0.04461756373937677
2017,12,Usera,6,Zofío,126,101,0,47,2,17,8,4,5,0.28055555555555556,0,0.13055555555555556,0.005555555555555556,0.04722222222222222,0.022222222222222223,0.011111111111111112,0.013888888888888888,360,683,56,0.08199121522693997
2017,12,Usera,7,Pradolongo,127,282,0,110,4,22,16,8,6,0.3464373464373464,0,0.13513513513513514,0.004914004914004914,0.02702702702702703,0.019656019656019656,0.009828009828009828,0.007371007371007371,814,1317,106,0.08048595292331055
2017,13,Puente de Vallecas,1,Entrevías,131,231,0,140,5,44,17,10,17,0.308,0,0.18666666666666668,0.006666666666666667,0.058666666666666666,0.02266666666666667,0.013333333333333334,0.02266666666666667,750,1487,86,0.05783456624075319
2017,13,Puente de Vallecas,2,San Diego,132,701,1,207,8,33,38,21,18,0.4066125290023202,5.80046403712297e-4,0.12006960556844548,0.004640371229698376,0.0191415313225058,0.022041763341067284,0.012180974477958236,0.010440835266821345,1724,3042,253,0.0831689677843524
2017,13,Puente de Vallecas,3,Palomeras Bajas,133,263,0,91,6,59,17,17,18,0.3354591836734694,0,0.11607142857142858,0.007653061224489796,0.07525510204081633,0.021683673469387755,0.021683673469387755,0.02295918367346939,784,1359,107,0.07873436350257543
2017,13,Puente de Vallecas,4,Palomeras Sureste,134,303,0,118,8,44,19,10,11,0.3169456066945607,0,0.12343096234309624,0.008368200836820083,0.04602510460251046,0.0198744769874477,0.010460251046025104,0.011506276150627616,956,1712,164,0.09579439252336448
2017,13,Puente de Vallecas,5,Portazgo,135,361,0,128,3,31,29,5,7,0.40245261984392416,0,0.1426978818283166,0.0033444816053511705,0.03455964325529543,0.032329988851727984,0.005574136008918618,0.007803790412486065,897,1484,93,0.06266846361185983
2017,13,Puente de Vallecas,6,Numancia,136,535,0,189,7,54,33,17,11,0.37230340988169797,0,0.1315240083507307,0.0048712595685455815,0.037578288100208766,0.022964509394572025,0.011830201809324982,0.007654836464857342,1437,2436,246,0.10098522167487685
2017,14,Moratalaz,1,Pavones,141,38,0,19,1,12,9,27,7,0.2261904761904762,0,0.1130952380952381,0.005952380952380952,0.07142857142857142,0.05357142857142857,0.16071428571428573,0.041666666666666664,168,249,13,0.05220883534136546
2017,14,Moratalaz,2,Horcajo,142,37,0,10,0,10,5,1,0,0.37755102040816324,0,0.10204081632653061,0,0.10204081632653061,0.05102040816326531,0.01020408163265306,0,98,129,6,0.046511627906976744
2017,14,Moratalaz,3,Marroquina,143,308,0,119,13,53,31,8,15,0.3684210526315789,0,0.1423444976076555,0.01555023923444976,0.06339712918660287,0.03708133971291866,0.009569377990430622,0.017942583732057416,836,1109,71,0.06402164111812443
2017,14,Moratalaz,4,Media Legua,144,122,0,52,6,23,12,7,15,0.305,0,0.13,0.015,0.0575,0.03,0.0175,0.0375,400,554,11,0.019855595667870037
2017,14,Moratalaz,5,Fontarrón,145,179,0,40,1,19,10,5,6,0.504225352112676,0,0.11267605633802817,0.0028169014084507044,0.05352112676056338,0.028169014084507043,0.014084507042253521,0.016901408450704224,355,415,8,0.01927710843373494
2017,14,Moratalaz,6,Vinateros,146,165,0,32,7,11,10,4,1,0.5030487804878049,0,0.0975609756097561,0.021341463414634148,0.03353658536585366,0.03048780487804878,0.012195121951219513,0.003048780487804878,328,402,14,0.03482587064676617
2017,15,Ciudad Lineal,1,Ventas,151,490,0,175,15,40,41,13,27,0.32215647600262987,0,0.11505588428665352,0.009861932938856016,0.026298487836949377,0.02695595003287311,0.008547008547008548,0.01775147928994083,1521,2811,157,0.05585200996086802
2017,15,Ciudad Lineal,2,Pueblo Nuevo,152,751,1,259,20,56,59,10,29,0.3610576923076923,4.807692307692308e-4,0.12451923076923077,0.009615384615384616,0.026923076923076925,0.028365384615384615,0.004807692307692308,0.013942307692307693,2080,3519,136,0.03864734299516908
2017,15,Ciudad Lineal,3,Quintana,153,459,1,140,10,47,26,13,15,0.3936535162950257,8.576329331046312e-4,0.12006861063464837,0.008576329331046312,0.04030874785591767,0.022298456260720412,0.011149228130360206,0.012864493996569469,1166,1803,72,0.03993344425956739
2017,15,Ciudad Lineal,4,La Concepción,154,310,3,134,7,36,19,2,23,0.3311965811965812,0.003205128205128205,0.14316239316239315,0.007478632478632479,0.038461538461538464,0.0202991452991453,0.002136752136752137,0.024572649572649572,936,1495,108,0.07224080267558529
2017,15,Ciudad Lineal,5,San Pascual,155,187,2,69,2,32,18,10,7,0.34124087591240876,0.0036496350364963502,0.1259124087591241,0.0036496350364963502,0.058394160583941604,0.032846715328467155,0.01824817518248175,0.012773722627737226,548,859,19,0.02211874272409779
2017,15,Ciudad Lineal,6,San Juan Bautista,156,113,1,57,5,20,21,8,8,0.29736842105263156,0.002631578947368421,0.15,0.013157894736842105,0.05263157894736842,0.05526315789473684,0.021052631578947368,0.021052631578947368,380,465,5,0.010752688172043012
2017,15,Ciudad Lineal,7,Colina,157,53,1,27,4,9,16,6,6,0.20306513409961685,0.0038314176245210726,0.10344827586206896,0.01532567049808429,0.034482758620689655,0.06130268199233716,0.022988505747126436,0.022988505747126436,261,367,8,0.021798365122615803
2017,15,Ciudad Lineal,8,Atalaya,158,3,0,5,0,2,2,1,2,0.08823529411764706,0,0.14705882352941177,0,0.058823529411764705,0.058823529411764705,0.029411764705882353,0.058823529411764705,34,41,1,0.024390243902439025
2017,15,Ciudad Lineal,9,Costillares,159,110,5,53,4,24,21,8,10,0.28350515463917525,0.01288659793814433,0.13659793814432988,0.010309278350515464,0.061855670103092786,0.05412371134020619,0.020618556701030927,0.02577319587628866,388,462,5,0.010822510822510822
2017,16,Hortaleza,1,Palomas,161,33,2,20,1,12,2,4,9,0.24812030075187969,0.015037593984962405,0.15037593984962405,0.007518796992481203,0.09022556390977443,0.015037593984962405,0.03007518796992481,0.06766917293233082,133,159,1,0.006289308176100629
2017,16,Hortaleza,2,Piovera,162,57,2,36,7,32,14,8,19,0.2007042253521127,0.007042253521126761,0.1267605633802817,0.02464788732394366,0.11267605633802817,0.04929577464788732,0.028169014084507043,0.06690140845070422,284,329,2,0.0060790273556231
2017,16,Hortaleza,3,Canillas,163,419,1,159,24,90,48,21,33,0.31598793363499245,7.541478129713424e-4,0.11990950226244344,0.01809954751131222,0.06787330316742081,0.03619909502262444,0.01583710407239819,0.024886877828054297,1326,2100,194,0.09238095238095238
2017,16,Hortaleza,4,Pinar del Rey,164,572,3,174,16,64,42,13,28,0.3810792804796802,0.001998667554963358,0.11592271818787475,0.010659560293137908,0.04263824117255163,0.02798134576948701,0.008660892738174551,0.018654230512991338,1501,2784,345,0.12392241379310345
2017,16,Hortaleza,5,Apóstol Santiago,165,83,0,41,2,12,6,2,5,0.3656387665198238,0,0.18061674008810572,0.00881057268722467,0.05286343612334802,0.02643171806167401,0.00881057268722467,0.022026431718061675,227,395,22,0.05569620253164557
2017,16,Hortaleza,6,Valdefuentes,166,155,3,128,7,57,26,9,17,0.2259475218658892,0.004373177842565598,0.18658892128279883,0.01020408163265306,0.08309037900874636,0.037900874635568516,0.013119533527696793,0.02478134110787172,686,1016,10,0.00984251968503937
2017,17,Villaverde,1,"Villaverde Alto, Casco Histórico de Villaverde",171,599,4,193,10,62,37,17,25,0.23874053407732165,0.0015942606616181746,0.07692307692307693,0.0039856516540454365,0.024711040255081706,0.014746911119968115,0.006775607811877242,0.00996412913511359,2509,4298,129,0.03001395998138669
2017,17,Villaverde,2,San Cristóbal,172,121,0,46,1,14,6,6,7,0.4306049822064057,0,0.16370106761565836,0.0035587188612099642,0.0498220640569395,0.021352313167259787,0.021352313167259787,0.02491103202846975,281,424,15,0.03537735849056604
2017,17,Villaverde,3,Butarque,173,116,0,44,4,20,7,3,4,0.3493975903614458,0,0.13253012048192772,0.012048192771084338,0.060240963855421686,0.02108433734939759,0.009036144578313253,0.012048192771084338,332,433,8,0.018475750577367205
2017,17,Villaverde,4,Los Rosales,174,428,0,129,5,40,30,10,16,0.4310171198388721,0,0.1299093655589124,0.005035246727089627,0.04028197381671702,0.030211480362537766,0.010070493454179255,0.016112789526686808,993,1558,78,0.05006418485237484
2017,17,Villaverde,5,Ángeles,175,390,0,91,3,32,26,9,6,0.49872122762148335,0,0.11636828644501279,0.0038363171355498722,0.04092071611253197,0.03324808184143223,0.011508951406649617,0.0076726342710997444,782,995,24,0.024120603015075376
2017,18,Villa de Vallecas,1,Casco Histórico de Vallecas,181,809,9,287,18,104,62,18,35,0.25504413619167715,0.0028373266078184113,0.09047919293820933,0.005674653215636823,0.03278688524590164,0.019546027742749054,0.005674653215636823,0.011034047919293822,3172,4687,140,0.02986985278429699
2017,18,Villa de Vallecas,2,Santa Eugenia,182,179,0,61,5,34,17,5,19,0.37684210526315787,0,0.12842105263157894,0.010526315789473684,0.07157894736842105,0.035789473684210524,0.010526315789473684,0.04,475,619,25,0.04038772213247173
2017,19,Vicalvaro,1,Casco Histórico de Vicálvaro,191,453,1,124,13,41,30,10,25,0.39186851211072665,8.650519031141869e-4,0.10726643598615918,0.01124567474048443,0.03546712802768166,0.025951557093425604,0.00865051903114187,0.02162629757785467,1156,1541,60,0.03893575600259572
2017,19,Vicalvaro,2,Valdebernardo,192,146,0,67,3,25,9,8,4,0.34844868735083534,0,0.15990453460620524,0.007159904534606206,0.059665871121718374,0.021479713603818614,0.01909307875894988,0.00954653937947494,419,688,74,0.10755813953488372
2017,20,San Blas-Canillejas,1,Simancas,201,294,8,188,13,26,24,11,11,0.26558265582655827,0.007226738934056007,0.16982836495031617,0.011743450767841012,0.023486901535682024,0.02168021680216802,0.00993676603432701,0.00993676603432701,1107,1398,36,0.02575107296137339
2017,20,San Blas-Canillejas,2,Hellín,202,44,0,9,0,4,5,5,3,0.4583333333333333,0,0.09375,0,0.041666666666666664,0.052083333333333336,0.052083333333333336,0.03125,96,128,8,0.0625
2017,20,San Blas-Canillejas,3,Amposta,203,131,0,29,1,4,9,13,2,0.5198412698412699,0,0.11507936507936507,0.003968253968253968,0.015873015873015872,0.03571428571428571,0.051587301587301584,0.007936507936507936,252,469,30,0.06396588486140725
2017,20,San Blas-Canillejas,4,Arcos,204,170,0,51,3,24,8,6,5,0.4885057471264368,0,0.14655172413793102,0.008620689655172414,0.06896551724137931,0.022988505747126436,0.017241379310344827,0.014367816091954023,348,424,12,0.02830188679245283
2017,20,San Blas-Canillejas,5,Rosas,205,251,0,103,5,55,36,9,12,0.33873144399460187,0,0.13900134952766532,0.006747638326585695,0.07422402159244265,0.048582995951417005,0.012145748987854251,0.016194331983805668,741,1023,28,0.02737047898338221
2017,20,San Blas-Canillejas,6,Rejas,206,210,16,75,8,7,4,4,17,0.31296572280178836,0.02384500745156483,0.11177347242921014,0.011922503725782414,0.010432190760059613,0.005961251862891207,0.005961251862891207,0.02533532041728763,671,895,12,0.013407821229050279
2017,20,San Blas-Canillejas,7,Canillejas,207,405,1,123,9,26,27,19,16,0.4149590163934426,0.0010245901639344263,0.1260245901639344,0.009221311475409836,0.02663934426229508,0.027663934426229508,0.0194672131147541,0.01639344262295082,976,1560,63,0.04038461538461539
2017,20,San Blas-Canillejas,8,El Salvador,208,43,2,34,4,12,4,2,7,0.2097560975609756,0.00975609756097561,0.16585365853658537,0.01951219512195122,0.05853658536585366,0.01951219512195122,0.00975609756097561,0.03414634146341464,205,332,9,0.02710843373493976
2017,21,Barajas,1,Alameda de Osuna,211,126,6,55,2,19,17,3,14,0.34710743801652894,0.01652892561983471,0.15151515151515152,0.005509641873278237,0.05234159779614325,0.046831955922865015,0.008264462809917356,0.03856749311294766,363,492,4,0.008130081300813009
2017,21,Barajas,2,Aeropuerto,212,167,2,101,1,3,1,3,2,0.3830275229357798,0.0045871559633027525,0.231651376146789,0.0022935779816513763,0.006880733944954129,0.0022935779816513763,0.006880733944954129,0.0045871559633027525,436,534,9,0.016853932584269662
2017,21,Barajas,3,Casco Histórico de Barajas,213,138,14,71,12,10,16,4,4,0.372972972972973,0.03783783783783784,0.1918918918918919,0.032432432432432434,0.02702702702702703,0.043243243243243246,0.010810810810810811,0.010810810810810811,370,532,37,0.06954887218045112
2017,21,Barajas,4,Timón,214,52,6,40,3,19,14,2,3,0.2374429223744292,0.0273972602739726,0.182648401826484,0.0136986301369863,0.0867579908675799,0.0639269406392694,0.0091324200913242,0.0136986301369863,219,339,7,0.02064896755162242
2017,21,Barajas,5,Corralejos,215,34,5,77,1,9,6,2,7,0.14345991561181434,0.02109704641350211,0.32489451476793246,0.004219409282700422,0.0379746835443038,0.02531645569620253,0.008438818565400843,0.029535864978902954,237,296,0,0
2018,1,Centro,1,Palacio,011,553,27,571,14,44,13,3,43,0.3185483870967742,0.01555299539170507,0.3289170506912442,0.008064516129032258,0.02534562211981567,0.007488479262672811,0.0017281105990783411,0.02476958525345622,1736,2135,61,0.02857142857142857
2018,1,Centro,2,Embajadores,012,1464,22,472,9,62,22,12,43,0.4871880199667221,0.007321131447587354,0.15707154742096505,0.002995008319467554,0.020632279534109815,0.007321131447587354,0.003993344425956739,0.014309484193011647,3005,3925,124,0.03159235668789809
2018,1,Centro,3,Cortes,013,353,44,415,6,27,10,4,39,0.3017094017094017,0.037606837606837605,0.3547008547008547,0.005128205128205128,0.023076923076923078,0.008547008547008548,0.003418803418803419,0.03333333333333333,1170,1349,10,0.007412898443291327
2018,1,Centro,4,Justicia,014,842,25,502,5,33,23,3,34,0.441994750656168,0.013123359580052493,0.2635170603674541,0.0026246719160104987,0.01732283464566929,0.012073490813648294,0.0015748031496062992,0.01784776902887139,1905,2050,6,0.002926829268292683
2018,1,Centro,5,Universidad,015,890,29,623,14,72,39,9,60,0.3755274261603376,0.012236286919831224,0.26286919831223626,0.00590717299578059,0.030379746835443037,0.016455696202531647,0.0037974683544303796,0.02531645569620253,2370,2924,106,0.03625170998632011
2018,1,Centro,6,Sol,016,721,43,465,0,7,2,7,29,0.4543163201008192,0.027095148078134845,0.29300567107750475,0,0.004410838059231254,0.001260239445494644,0.004410838059231254,0.018273471959672338,1587,1727,1,5.790387955993051e-4
2018,2,Arganzuela,1,Imperial,021,231,4,105,22,30,35,3,20,0.3138586956521739,0.005434782608695652,0.14266304347826086,0.029891304347826088,0.04076086956521739,0.04755434782608696,0.004076086956521739,0.02717391304347826,736,894,17,0.01901565995525727
2018,2,Arganzuela,2,Acacias,022,380,1,160,10,85,47,11,28,0.3206751054852321,8.438818565400844e-4,0.1350210970464135,0.008438818565400843,0.07172995780590717,0.039662447257383965,0.009282700421940928,0.02362869198312236,1185,1396,19,0.013610315186246419
2018,2,Arganzuela,3,Chopera,023,279,2,97,4,14,21,8,17,0.3907563025210084,0.0028011204481792717,0.13585434173669467,0.0056022408963585435,0.0196078431372549,0.029411764705882353,0.011204481792717087,0.023809523809523808,714,935,24,0.025668449197860963
2018,2,Arganzuela,4,Legazpi,024,110,0,79,3,29,21,7,12,0.2517162471395881,0,0.18077803203661327,0.006864988558352402,0.06636155606407322,0.04805491990846682,0.016018306636155607,0.02745995423340961,437,556,14,0.025179856115107913
2018,2,Arganzuela,5,Delicias,025,293,1,129,10,33,26,5,7,0.37088607594936707,0.0012658227848101266,0.16329113924050634,0.012658227848101266,0.04177215189873418,0.03291139240506329,0.006329113924050633,0.008860759493670886,790,949,7,0.007376185458377239
2018,2,Arganzuela,6,Palos de la Frontera,026,445,7,204,16,43,42,22,16,0.3386605783866058,0.00532724505327245,0.1552511415525114,0.0121765601217656,0.03272450532724505,0.0319634703196347,0.0167427701674277,0.0121765601217656,1314,1513,24,0.015862524785194978
2018,2,Arganzuela,7,Atocha,027,52,0,31,1,3,1,0,1,0.3132530120481928,0,0.18674698795180722,0.006024096385542169,0.018072289156626505,0.006024096385542169,0,0.006024096385542169,166,245,0,0
2018,3,Retiro,1,Pacífico,031,557,0,161,14,40,33,5,17,0.4546938775510204,0,0.13142857142857142,0.011428571428571429,0.0326530612244898,0.026938775510204082,0.004081632653061225,0.013877551020408163,1225,1502,12,0.007989347536617843
2018,3,Retiro,2,Adelfas,032,124,3,48,6,19,18,4,8,0.2980769230769231,0.007211538461538462,0.11538461538461539,0.014423076923076924,0.04567307692307692,0.04326923076923077,0.009615384615384616,0.019230769230769232,416,520,1,0.0019230769230769232
2018,3,Retiro,3,Estrella,033,164,1,46,4,19,18,2,9,0.3761467889908257,0.0022935779816513763,0.10550458715596331,0.009174311926605505,0.04357798165137615,0.04128440366972477,0.0045871559633027525,0.020642201834862386,436,511,5,0.009784735812133072
2018,3,Retiro,4,Ibiza,034,477,0,188,8,12,30,1,4,0.47843530591775324,0,0.18856569709127383,0.00802407221664995,0.012036108324974924,0.03009027081243731,0.0010030090270812437,0.004012036108324975,997,1082,1,9.242144177449168e-4
2018,3,Retiro,5,Los Jerónimos,035,92,7,89,3,10,4,3,15,0.25770308123249297,0.0196078431372549,0.24929971988795518,0.008403361344537815,0.028011204481792718,0.011204481792717087,0.008403361344537815,0.04201680672268908,357,399,2,0.005012531328320802
2018,3,Retiro,6,Niño Jesús,036,122,0,60,2,55,23,4,6,0.25523012552301255,0,0.12552301255230125,0.0041841004184100415,0.11506276150627615,0.04811715481171548,0.008368200836820083,0.012552301255230125,478,560,2,0.0035714285714285713
2018,4,Salamanca,1,Recoletos,041,958,18,253,8,15,24,3,21,0.5891758917589176,0.01107011070110701,0.15559655596555966,0.004920049200492005,0.00922509225092251,0.014760147601476014,0.0018450184501845018,0.012915129151291513,1626,1737,0,0
2018,4,Salamanca,2,Goya,042,873,4,327,11,43,52,5,27,0.480726872246696,0.0022026431718061676,0.1800660792951542,0.006057268722466961,0.0236784140969163,0.028634361233480177,0.0027533039647577094,0.01486784140969163,1816,1964,2,0.0010183299389002036
2018,4,Salamanca,3,Fuente del Berro,043,282,0,119,3,36,29,11,22,0.3219178082191781,0,0.1358447488584475,0.003424657534246575,0.0410958904109589,0.033105022831050226,0.012557077625570776,0.02511415525114155,876,1081,14,0.012950971322849213
2018,4,Salamanca,4,Guindalera,044,557,8,208,14,86,55,21,36,0.3369630973986691,0.004839685420447671,0.12583182093163944,0.008469449485783424,0.05202661826981246,0.03327283726557774,0.012704174228675136,0.021778584392014518,1653,2019,19,0.009410599306587419
2018,4,Salamanca,5,Lista,045,460,7,212,8,30,41,3,18,0.4144144144144144,0.006306306306306306,0.19099099099099098,0.007207207207207207,0.02702702702702703,0.036936936936936934,0.002702702702702703,0.016216216216216217,1110,1180,1,8.47457627118644e-4
2018,4,Salamanca,6,Castellana,046,515,12,216,8,11,26,2,20,0.4482158398607485,0.010443864229765013,0.18798955613577023,0.006962576153176675,0.009573542210617928,0.022628372497824196,0.0017406440382941688,0.017406440382941687,1149,1241,2,0.0016116035455278
2018,5,Chamartin,1,El Viso,051,228,2,138,4,81,33,3,20,0.26542491268917345,0.002328288707799767,0.16065192083818394,0.004656577415599534,0.09429569266589057,0.03841676367869616,0.0034924330616996507,0.023282887077997673,859,971,5,0.005149330587023687
2018,5,Chamartin,2,Prosperidad,052,562,4,204,12,46,39,16,12,0.39109255393180237,0.0027835768963117608,0.1419624217118998,0.008350730688935281,0.032011134307585246,0.027139874739039668,0.011134307585247043,0.008350730688935281,1437,1834,41,0.022355507088331516
2018,5,Chamartin,3,Ciudad Jardín,053,295,3,149,8,41,35,11,23,0.28640776699029125,0.002912621359223301,0.14466019417475728,0.007766990291262136,0.039805825242718446,0.03398058252427184,0.010679611650485437,0.02233009708737864,1030,1361,15,0.011021307861866276
2018,5,Chamartin,4,Hispanoamérica,054,512,6,235,10,53,62,12,32,0.35286009648518263,0.004135079255685734,0.16195727084769124,0.006891798759476223,0.03652653342522398,0.042729152308752585,0.008270158511371467,0.022053756030323914,1451,1641,22,0.01340645947592931
2018,5,Chamartin,5,Nueva España,055,217,3,133,7,51,38,10,20,0.2595693779904306,0.0035885167464114833,0.1590909090909091,0.008373205741626795,0.061004784688995214,0.045454545454545456,0.011961722488038277,0.023923444976076555,836,994,18,0.018108651911468814
2018,5,Chamartin,6,Castilla,056,157,6,94,6,20,13,7,13,0.2951127819548872,0.011278195488721804,0.17669172932330826,0.011278195488721804,0.03759398496240601,0.02443609022556391,0.013157894736842105,0.02443609022556391,532,732,130,0.17759562841530055
2018,6,Tetuan,1,Bellas Vistas,061,353,6,131,6,39,18,8,11,0.315742397137746,0.005366726296958855,0.11717352415026834,0.005366726296958855,0.03488372093023256,0.016100178890876567,0.007155635062611807,0.009838998211091235,1118,1657,147,0.08871454435727218
2018,6,Tetuan,2,Cuatro Caminos,062,863,15,362,14,38,42,7,47,0.4185257032007759,0.0072744907856450046,0.1755577109602328,0.006789524733268671,0.01842870999030068,0.020368574199806012,0.0033947623666343357,0.02279340446168768,2062,2606,77,0.029547198772064468
2018,6,Tetuan,3,Castillejos,063,296,11,228,8,21,38,1,21,0.28434197886647455,0.010566762728146013,0.21902017291066284,0.007684918347742555,0.020172910662824207,0.03650336215177714,9.606147934678194e-4,0.020172910662824207,1041,1244,28,0.022508038585209004
2018,6,Tetuan,4,Almenara,064,234,2,103,1,37,26,19,12,0.2965779467680608,0.0025348542458808617,0.13054499366286437,0.0012674271229404308,0.046894803548795945,0.032953105196451206,0.024081115335868188,0.015209125475285171,789,1475,110,0.07457627118644068
2018,6,Tetuan,5,Valdeacederas,065,350,1,88,6,24,17,11,8,0.36382536382536385,0.0010395010395010396,0.09147609147609148,0.006237006237006237,0.02494802494802495,0.017671517671517672,0.011434511434511435,0.008316008316008316,962,1882,190,0.10095642933049948
2018,6,Tetuan,6,Berruguete,066,316,1,107,9,26,13,6,14,0.3468715697036224,0.0010976948408342481,0.11745334796926454,0.009879253567508232,0.02854006586169045,0.014270032930845226,0.006586169045005488,0.015367727771679473,911,1525,162,0.1062295081967213
2018,7,Chamberi,1,Gaztambide,071,594,3,239,15,48,43,3,18,0.42127659574468085,0.002127659574468085,0.16950354609929077,0.010638297872340425,0.03404255319148936,0.03049645390070922,0.002127659574468085,0.01276595744680851,1410,1622,11,0.006781750924784217
2018,7,Chamberi,2,Arapiles,072,451,3,188,19,52,45,10,15,0.37334437086092714,0.0024834437086092716,0.15562913907284767,0.015728476821192054,0.04304635761589404,0.037251655629139076,0.008278145695364239,0.012417218543046357,1208,1375,8,0.005818181818181818
2018,7,Chamberi,3,Trafalgar,073,499,10,278,10,42,47,10,27,0.3450899031811895,0.006915629322268326,0.19225449515905949,0.006915629322268326,0.029045643153526972,0.03250345781466114,0.006915629322268326,0.01867219917012448,1446,1780,6,0.0033707865168539327
2018,7,Chamberi,4,Almagro,074,348,4,230,5,43,40,5,14,0.3228200371057514,0.0037105751391465678,0.21335807050092764,0.00463821892393321,0.039888682745825604,0.03710575139146568,0.00463821892393321,0.012987012987012988,1078,1240,12,0.00967741935483871
2018,7,Chamberi,5,Ríos Rosas,075,401,6,254,18,47,43,9,14,0.3174980205859066,0.004750593824228029,0.20110847189231987,0.014251781472684086,0.03721298495645289,0.034045922406967535,0.007125890736342043,0.011084718923198733,1263,1420,11,0.007746478873239437
2018,7,Chamberi,6,Vallehermoso,076,218,0,124,7,55,46,17,13,0.2838541666666667,0,0.16145833333333334,0.009114583333333334,0.07161458333333333,0.059895833333333336,0.022135416666666668,0.016927083333333332,768,831,5,0.006016847172081829
2018,8,Fuencarral-El Pardo,1,El Pardo,081,33,0,39,1,6,4,5,17,0.22916666666666666,0,0.2708333333333333,0.006944444444444444,0.041666666666666664,0.027777777777777776,0.034722222222222224,0.11805555555555555,144,216,18,0.08333333333333333
2018,8,Fuencarral-El Pardo,2,Fuentelarreina,082,6,1,1,0,0,2,0,4,0.25,0.041666666666666664,0.041666666666666664,0,0,0.08333333333333333,0,0.16666666666666666,24,26,0,0
2018,8,Fuencarral-El Pardo,3,Peñagrande,083,354,0,103,13,59,43,19,15,0.36990595611285265,0,0.10762800417972831,0.013584117032392894,0.06165099268547544,0.04493207941483804,0.019853709508881923,0.01567398119122257,957,1165,35,0.030042918454935622
2018,8,Fuencarral-El Pardo,4,Pilar,084,781,0,233,21,68,43,6,24,0.42584514721919303,0,0.12704471101417666,0.011450381679389313,0.03707742639040349,0.023446019629225736,0.003271537622682661,0.013086150490730643,1834,2548,166,0.065149136577708
2018,8,Fuencarral-El Pardo,5,La Paz,085,198,3,91,2,30,45,9,14,0.30368098159509205,0.004601226993865031,0.13957055214723926,0.003067484662576687,0.046012269938650305,0.06901840490797546,0.013803680981595092,0.02147239263803681,652,778,10,0.012853470437017995
2018,8,Fuencarral-El Pardo,6,Valverde,086,416,8,248,12,95,56,22,38,0.254278728606357,0.004889975550122249,0.15158924205378974,0.007334963325183374,0.05806845965770171,0.034229828850855744,0.013447432762836185,0.023227383863080684,1636,2746,109,0.039694100509832485
2018,8,Fuencarral-El Pardo,7,Mirasierra,087,131,1,50,5,36,27,20,19,0.3133971291866029,0.0023923444976076554,0.11961722488038277,0.011961722488038277,0.0861244019138756,0.0645933014354067,0.04784688995215311,0.045454545454545456,418,468,0,0
2018,8,Fuencarral-El Pardo,8,El Goloso,088,127,1,89,0,73,20,6,27,0.2545090180360721,0.002004008016032064,0.17835671342685372,0,0.1462925851703407,0.04008016032064128,0.012024048096192385,0.05410821643286573,499,579,1,0.0017271157167530224
2018,9,Moncloa-Aravaca,1,Casa de Campo,091,229,4,156,2,24,19,10,27,0.3523076923076923,0.006153846153846154,0.24,0.003076923076923077,0.036923076923076927,0.02923076923076923,0.015384615384615385,0.04153846153846154,650,805,14,0.017391304347826087
2018,9,Moncloa-Aravaca,2,Argüelles,092,440,12,234,14,55,33,13,18,0.3559870550161812,0.009708737864077669,0.18932038834951456,0.011326860841423949,0.04449838187702265,0.02669902912621359,0.010517799352750809,0.014563106796116505,1236,1476,18,0.012195121951219513
2018,9,Moncloa-Aravaca,3,Ciudad Universitaria,093,155,1,156,6,125,33,13,47,0.19326683291770574,0.0012468827930174563,0.19451371571072318,0.007481296758104738,0.15586034912718205,0.04114713216957606,0.016209476309226933,0.05860349127182045,802,995,31,0.031155778894472363
2018,9,Moncloa-Aravaca,4,Valdezarza,094,208,0,69,5,41,26,6,11,0.33386837881219905,0,0.11075441412520064,0.008025682182985553,0.06581059390048154,0.04173354735152488,0.009630818619582664,0.01765650080256822,623,976,60,0.06147540983606557
2018,9,Moncloa-Aravaca,5,Valdemarín,095,15,4,30,0,15,5,8,3,0.13513513513513514,0.036036036036036036,0.2702702702702703,0,0.13513513513513514,0.04504504504504504,0.07207207207207207,0.02702702702702703,111,120,0,0
2018,9,Moncloa-Aravaca,6,El Plantío,096,62,1,31,1,10,8,8,3,0.3163265306122449,0.00510204081632653,0.15816326530612246,0.00510204081632653,0.05102040816326531,0.04081632653061224,0.04081632653061224,0.015306122448979591,196,232,3,0.01293103448275862
2018,9,Moncloa-Aravaca,7,Aravaca,097,222,1,64,10,55,27,15,15,0.35071090047393366,0.001579778830963665,0.10110584518167456,0.01579778830963665,0.08688783570300158,0.04265402843601896,0.023696682464454975,0.023696682464454975,633,770,21,0.02727272727272727
2018,10,Latina,1,Los Cármenes,101,75,0,55,2,14,7,4,17,0.2329192546583851,0,0.17080745341614906,0.006211180124223602,0.043478260869565216,0.021739130434782608,0.012422360248447204,0.052795031055900624,322,738,75,0.1016260162601626
2018,10,Latina,2,Puerta del Angel,102,595,1,189,13,54,43,9,15,0.3851132686084142,6.472491909385113e-4,0.12233009708737864,0.008414239482200648,0.03495145631067961,0.027831715210355986,0.005825242718446602,0.009708737864077669,1545,2971,281,0.09458094917536183
2018,10,Latina,3,Lucero,103,307,0,119,11,43,25,11,18,0.35409457900807384,0,0.13725490196078433,0.012687427912341407,0.049596309111880045,0.02883506343713956,0.012687427912341407,0.020761245674740483,867,1451,125,0.08614748449345279
2018,10,Latina,4,Aluche,104,771,2,274,19,77,91,13,31,0.39906832298136646,0.0010351966873706005,0.14182194616977226,0.009834368530020704,0.03985507246376811,0.04710144927536232,0.006728778467908903,0.016045548654244308,1932,2691,177,0.06577480490523968
2018,10,Latina,5,Campamento,105,146,0,50,7,17,12,3,3,0.31533477321814257,0,0.1079913606911447,0.01511879049676026,0.0367170626349892,0.02591792656587473,0.0064794816414686825,0.0064794816414686825,463,807,67,0.08302354399008674
2018,10,Latina,6,Cuatro Vientos,106,22,0,8,1,9,2,4,3,0.23157894736842105,0,0.08421052631578947,0.010526315789473684,0.09473684210526316,0.021052631578947368,0.042105263157894736,0.031578947368421054,95,142,0,0
2018,10,Latina,7,Águilas,107,475,0,150,11,37,46,10,22,0.42297417631344614,0,0.13357079252003562,0.009795191451469279,0.03294746215494212,0.04096170970614425,0.0089047195013357075,0.019590382902938557,1123,1563,28,0.017914267434420986
2018,11,Carabanchel,1,Comillas,111,303,1,104,7,17,15,3,16,0.3641826923076923,0.001201923076923077,0.125,0.008413461538461538,0.020432692307692308,0.018028846153846152,0.003605769230769231,0.019230769230769232,832,1346,55,0.04086181277860327
2018,11,Carabanchel,2,Opañel,112,413,0,155,9,32,32,13,14,0.3304,0,0.124,0.0072,0.0256,0.0256,0.0104,0.0112,1250,1914,88,0.04597701149425287
2018,11,Carabanchel,3,San Isidro,113,333,1,135,11,33,29,9,17,0.2923617208077261,8.77963125548727e-4,0.11852502194907814,0.009657594381035996,0.02897278314310799,0.025460930640913083,0.007901668129938543,0.014925373134328358,1139,2061,136,0.06598738476467735
2018,11,Carabanchel,4,Vista Alegre,114,910,4,288,19,60,57,13,26,0.41495668034655725,0.001823985408116735,0.13132694938440492,0.008663930688554491,0.027359781121751026,0.025991792065663474,0.005927952576379389,0.011855905152758778,2193,3358,124,0.03692674210839786
2018,11,Carabanchel,5,Puerta Bonita,115,332,1,98,3,40,27,11,12,0.35095137420718814,0.0010570824524312897,0.10359408033826638,0.003171247357293869,0.042283298097251586,0.02854122621564482,0.011627906976744186,0.012684989429175475,946,1573,85,0.0540368722186904
2018,11,Carabanchel,6,Buenavista,116,471,1,172,11,56,35,9,26,0.3544018058690745,7.524454477050414e-4,0.1294206170052671,0.008276899924755455,0.042136945071482315,0.02633559066967645,0.006772009029345372,0.019563581640331076,1329,2034,50,0.024582104228121928
2018,11,Carabanchel,7,Abrantes,117,272,0,97,6,27,16,2,10,0.3880171184022825,0,0.1383737517831669,0.008559201141226819,0.03851640513552068,0.02282453637660485,0.0028530670470756064,0.014265335235378032,701,987,37,0.037487335359675786
2018,12,Usera,1,Orcasitas,121,157,0,53,1,25,9,6,8,0.4361111111111111,0,0.14722222222222223,0.002777777777777778,0.06944444444444445,0.025,0.016666666666666666,0.022222222222222223,360,449,20,0.044543429844097995
2018,12,Usera,2,Orcasur,122,67,0,30,0,24,5,9,4,0.2803347280334728,0,0.12552301255230125,0,0.100418410041841,0.02092050209205021,0.03765690376569038,0.016736401673640166,239,413,10,0.024213075060532687
2018,12,Usera,3,San Fermín,123,150,1,68,2,13,8,7,6,0.390625,0.0026041666666666665,0.17708333333333334,0.005208333333333333,0.033854166666666664,0.020833333333333332,0.018229166666666668,0.015625,384,621,11,0.017713365539452495
2018,12,Usera,4,Almendrales,124,263,1,104,1,20,16,8,11,0.3554054054054054,0.0013513513513513514,0.14054054054054055,0.0013513513513513514,0.02702702702702703,0.021621621621621623,0.010810810810810811,0.014864864864864866,740,1152,41,0.035590277777777776
2018,12,Usera,5,Moscardó,125,493,2,164,8,27,24,12,13,0.42245072836332476,0.001713796058269066,0.1405312767780634,0.006855184233076264,0.02313624678663239,0.02056555269922879,0.010282776349614395,0.011139674378748929,1167,1616,63,0.038985148514851485
2018,12,Usera,6,Zofío,126,103,0,47,2,17,8,4,6,0.2821917808219178,0,0.12876712328767123,0.005479452054794521,0.04657534246575343,0.021917808219178082,0.010958904109589041,0.01643835616438356,365,684,56,0.08187134502923976
2018,12,Usera,7,Pradolongo,127,276,0,115,8,24,15,8,7,0.33212996389891697,0,0.13838748495788206,0.009626955475330927,0.02888086642599278,0.018050541516245487,0.009626955475330927,0.00842358604091456,831,1323,106,0.0801209372637944
2018,13,Puente de Vallecas,1,Entrevías,131,243,0,140,5,44,19,9,17,0.31640625,0,0.18229166666666666,0.006510416666666667,0.057291666666666664,0.024739583333333332,0.01171875,0.022135416666666668,768,1497,84,0.056112224448897796
2018,13,Puente de Vallecas,2,San Diego,132,692,1,214,9,35,38,21,19,0.3956546598056032,5.717552887364208e-4,0.12235563178959405,0.005145797598627788,0.020011435105774727,0.02172670097198399,0.012006861063464836,0.010863350485991996,1749,3053,252,0.08254176220111366
2018,13,Puente de Vallecas,3,Palomeras Bajas,133,274,0,90,6,61,18,15,19,0.341645885286783,0,0.11221945137157108,0.007481296758104738,0.07605985037406483,0.022443890274314215,0.018703241895261846,0.02369077306733167,802,1374,107,0.07787481804949054
2018,13,Puente de Vallecas,4,Palomeras Sureste,134,298,0,121,8,46,19,10,11,0.3094496365524403,0,0.1256490134994808,0.008307372793354102,0.04776739356178609,0.01973001038421599,0.010384215991692628,0.01142263759086189,963,1712,163,0.09521028037383178
2018,13,Puente de Vallecas,5,Portazgo,135,349,0,118,4,35,30,6,7,0.3860619469026549,0,0.13053097345132744,0.004424778761061947,0.03871681415929203,0.033185840707964605,0.00663716814159292,0.007743362831858407,904,1494,93,0.06224899598393574
2018,13,Puente de Vallecas,6,Numancia,136,527,0,181,11,59,36,17,15,0.36344827586206896,0,0.12482758620689655,0.007586206896551724,0.04068965517241379,0.02482758620689655,0.011724137931034483,0.010344827586206896,1450,2436,245,0.10057471264367816
2018,14,Moratalaz,1,Pavones,141,39,0,17,1,15,9,27,7,0.23076923076923078,0,0.10059171597633136,0.005917159763313609,0.08875739644970414,0.05325443786982249,0.15976331360946747,0.04142011834319527,169,252,13,0.051587301587301584
2018,14,Moratalaz,2,Horcajo,142,34,0,10,0,10,7,1,0,0.3469387755102041,0,0.10204081632653061,0,0.10204081632653061,0.07142857142857142,0.01020408163265306,0,98,130,6,0.046153846153846156
2018,14,Moratalaz,3,Marroquina,143,294,0,110,13,55,33,8,16,0.35251798561151076,0,0.13189448441247004,0.015587529976019185,0.06594724220623502,0.039568345323741004,0.009592326139088728,0.019184652278177457,834,1106,71,0.06419529837251356
2018,14,Moratalaz,4,Media Legua,144,118,0,49,6,27,13,7,15,0.28992628992628994,0,0.12039312039312039,0.014742014742014743,0.06633906633906633,0.03194103194103194,0.0171990171990172,0.036855036855036855,407,553,11,0.019891500904159132
2018,14,Moratalaz,5,Fontarrón,145,174,0,36,1,20,12,6,5,0.498567335243553,0,0.10315186246418338,0.0028653295128939827,0.05730659025787966,0.034383954154727794,0.017191977077363897,0.014326647564469915,349,414,8,0.01932367149758454
2018,14,Moratalaz,6,Vinateros,146,164,0,32,6,12,12,4,1,0.49696969696969695,0,0.09696969696969697,0.01818181818181818,0.03636363636363636,0.03636363636363636,0.012121212121212121,0.0030303030303030303,330,410,14,0.03414634146341464
2018,15,Ciudad Lineal,1,Ventas,151,497,0,181,15,39,44,14,26,0.32147477360931437,0,0.11707632600258733,0.009702457956015523,0.025226390685640362,0.028460543337645538,0.009055627425614488,0.016817593790426907,1546,2821,157,0.05565402339595888
2018,15,Ciudad Lineal,2,Pueblo Nuevo,152,761,1,264,20,54,62,10,33,0.35845501648610456,4.710315591144607e-4,0.12435233160621761,0.009420631182289214,0.025435704192180875,0.02920395666509656,0.004710315591144607,0.015544041450777202,2123,3544,136,0.03837471783295711
2018,15,Ciudad Lineal,3,Quintana,153,452,1,143,13,46,25,11,12,0.3833757421543681,8.481764206955047e-4,0.12128922815945717,0.01102629346904156,0.039016115351993216,0.021204410517387615,0.009329940627650551,0.010178117048346057,1179,1811,72,0.03975704030922143
2018,15,Ciudad Lineal,4,La Concepción,154,305,3,134,8,35,20,2,22,0.3248136315228967,0.003194888178913738,0.14270500532481364,0.008519701810436636,0.03727369542066028,0.021299254526091587,0.002129925452609159,0.023429179978700747,939,1499,108,0.07204803202134756
2018,15,Ciudad Lineal,5,San Pascual,155,185,2,72,3,28,18,11,7,0.33636363636363636,0.0036363636363636364,0.13090909090909092,0.005454545454545455,0.05090909090909091,0.03272727272727273,0.02,0.012727272727272728,550,857,19,0.022170361726954493
2018,15,Ciudad Lineal,6,San Juan Bautista,156,115,1,61,5,18,22,8,8,0.29336734693877553,0.002551020408163265,0.1556122448979592,0.012755102040816327,0.04591836734693878,0.05612244897959184,0.02040816326530612,0.02040816326530612,392,481,5,0.010395010395010396
2018,15,Ciudad Lineal,7,Colina,157,53,3,26,4,8,18,6,6,0.20075757575757575,0.011363636363636364,0.09848484848484848,0.015151515151515152,0.030303030303030304,0.06818181818181818,0.022727272727272728,0.022727272727272728,264,367,8,0.021798365122615803
2018,15,Ciudad Lineal,8,Atalaya,158,2,1,4,0,3,3,1,2,0.058823529411764705,0.029411764705882353,0.11764705882352941,0,0.08823529411764706,0.08823529411764706,0.029411764705882353,0.058823529411764705,34,42,1,0.023809523809523808
2018,15,Ciudad Lineal,9,Costillares,159,109,4,56,3,23,24,7,10,0.2780612244897959,0.01020408163265306,0.14285714285714285,0.007653061224489796,0.058673469387755105,0.061224489795918366,0.017857142857142856,0.025510204081632654,392,464,5,0.010775862068965518
2018,16,Hortaleza,1,Palomas,161,33,2,24,1,12,2,4,9,0.2391304347826087,0.014492753623188406,0.17391304347826086,0.007246376811594203,0.08695652173913043,0.014492753623188406,0.028985507246376812,0.06521739130434782,138,164,1,0.006097560975609756
2018,16,Hortaleza,2,Piovera,162,64,2,39,7,35,15,8,18,0.21476510067114093,0.006711409395973154,0.13087248322147652,0.02348993288590604,0.1174496644295302,0.050335570469798654,0.026845637583892617,0.06040268456375839,298,342,2,0.005847953216374269
2018,16,Hortaleza,3,Canillas,163,431,1,164,23,87,52,22,34,0.31644640234948607,7.342143906020558e-4,0.12041116005873716,0.016886930983847283,0.06387665198237885,0.0381791483113069,0.016152716593245228,0.024963289280469897,1362,2128,194,0.09116541353383459
2018,16,Hortaleza,4,Pinar del Rey,164,570,3,173,16,65,44,14,27,0.3802535023348899,0.0020013342228152103,0.11541027351567712,0.01067378252168112,0.04336224149432955,0.02935290193462308,0.009339559706470981,0.01801200800533689,1499,2807,337,0.12005700035625223
2018,16,Hortaleza,5,Apóstol Santiago,165,82,0,41,2,12,7,2,7,0.3504273504273504,0,0.1752136752136752,0.008547008547008548,0.05128205128205128,0.029914529914529916,0.008547008547008548,0.029914529914529916,234,400,22,0.055
2018,16,Hortaleza,6,Valdefuentes,166,158,3,132,8,58,25,8,18,0.2231638418079096,0.00423728813559322,0.1864406779661017,0.011299435028248588,0.08192090395480225,0.03531073446327684,0.011299435028248588,0.025423728813559324,708,1033,10,0.00968054211035818
2018,17,Villaverde,1,"Villaverde Alto, Casco Histórico de Villaverde",171,610,1,195,11,61,37,17,34,0.23716951788491447,3.8880248833592535e-4,0.07581648522550544,0.0042768273716951785,0.023716951788491446,0.014385692068429238,0.006609642301710731,0.013219284603421462,2572,4341,129,0.029716655148583276
2018,17,Villaverde,2,San Cristóbal,172,139,0,48,2,13,6,6,8,0.4633333333333333,0,0.16,0.006666666666666667,0.043333333333333335,0.02,0.02,0.02666666666666667,300,439,15,0.03416856492027335
2018,17,Villaverde,3,Butarque,173,118,0,44,4,21,7,6,4,0.35119047619047616,0,0.13095238095238096,0.011904761904761904,0.0625,0.020833333333333332,0.017857142857142856,0.011904761904761904,336,434,8,0.018433179723502304
2018,17,Villaverde,4,Los Rosales,174,418,0,128,6,41,30,10,19,0.4184184184184184,0,0.12812812812812813,0.006006006006006006,0.04104104104104104,0.03003003003003003,0.01001001001001001,0.01901901901901902,999,1551,79,0.050934880722114766
2018,17,Villaverde,5,Ángeles,175,373,0,94,4,29,28,11,7,0.48253557567917205,0,0.12160413971539456,0.00517464424320828,0.037516170763260026,0.03622250970245795,0.014230271668822769,0.009055627425614488,773,984,24,0.024390243902439025
2018,18,Villa de Vallecas,1,Casco Histórico de Vallecas,181,506,9,198,15,61,47,11,25,0.19349904397705545,0.0034416826003824093,0.075717017208413,0.0057361376673040155,0.023326959847036328,0.01797323135755258,0.004206500956022944,0.009560229445506692,2615,3875,137,0.03535483870967742
2018,18,Villa de Vallecas,2,Santa Eugenia,182,186,0,63,5,36,16,3,18,0.3803680981595092,0,0.12883435582822086,0.010224948875255624,0.0736196319018405,0.032719836400818,0.006134969325153374,0.03680981595092025,489,635,25,0.03937007874015748
2018,18,Villa de Vallecas,3,Ensanche de Vallecas,183,321,0,99,7,48,24,4,12,0.49537037037037035,0,0.1527777777777778,0.010802469135802469,0.07407407407407407,0.037037037037037035,0.006172839506172839,0.018518518518518517,648,888,4,0.0045045045045045045
2018,19,Vicalvaro,1,Casco Histórico de Vicálvaro,191,423,1,145,12,43,23,13,21,0.36061381074168797,8.525149190110827e-4,0.12361466325660699,0.010230179028132993,0.03665814151747655,0.0196078431372549,0.011082693947144074,0.017902813299232736,1173,1744,120,0.06880733944954129
2018,19,Vicalvaro,2,Valdebernardo,192,132,0,38,2,13,14,5,10,0.411214953271028,0,0.11838006230529595,0.006230529595015576,0.040498442367601244,0.04361370716510903,0.01557632398753894,0.03115264797507788,321,398,13,0.032663316582914576
2018,19,Vicalvaro,3,Valderrivas,193,0,0,0,0,0,0,0,0,0,0,0,0,0,0,0,0,0,0,0,0
2018,19,Vicalvaro,4,El Cañaveral,194,0,0,0,0,0,0,0,0,0,0,0,0,0,0,0,0,0,0,0,0
2018,20,San Blas-Canillejas,1,Simancas,201,278,9,189,12,31,24,11,15,0.25226860254083483,0.008166969147005444,0.17150635208711434,0.010889292196007259,0.028130671506352088,0.021778584392014518,0.009981851179673321,0.013611615245009074,1102,1403,36,0.02565930149679259
2018,20,San Blas-Canillejas,2,Hellín,202,36,0,9,0,4,6,4,3,0.4,0,0.1,0,0.044444444444444446,0.06666666666666667,0.044444444444444446,0.03333333333333333,90,122,8,0.06557377049180328
2018,20,San Blas-Canillejas,3,Amposta,203,118,0,31,2,4,9,13,2,0.48360655737704916,0,0.12704918032786885,0.00819672131147541,0.01639344262295082,0.036885245901639344,0.05327868852459016,0.00819672131147541,244,470,30,0.06382978723404255
2018,20,San Blas-Canillejas,4,Arcos,204,173,0,52,4,24,9,6,5,0.48732394366197185,0,0.14647887323943662,0.011267605633802818,0.0676056338028169,0.02535211267605634,0.016901408450704224,0.014084507042253521,355,432,12,0.027777777777777776
2018,20,San Blas-Canillejas,5,Rosas,205,253,0,102,5,58,38,9,13,0.331151832460733,0,0.13350785340314136,0.006544502617801047,0.07591623036649214,0.049738219895287955,0.011780104712041885,0.017015706806282723,764,1049,27,0.025738798856053385
2018,20,San Blas-Canillejas,6,Rejas,206,213,16,78,8,6,4,4,21,0.31004366812227074,0.023289665211062592,0.11353711790393013,0.011644832605531296,0.008733624454148471,0.005822416302765648,0.005822416302765648,0.03056768558951965,687,917,12,0.013086150490730643
2018,20,San Blas-Canillejas,7,Canillejas,207,411,1,127,10,25,32,18,17,0.4155712841253792,0.0010111223458038423,0.12841253791708795,0.010111223458038422,0.025278058645096056,0.032355915065722954,0.01820020222446916,0.017189079878665317,989,1574,63,0.040025412960609914
2018,20,San Blas-Canillejas,8,El Salvador,208,51,2,33,4,14,4,2,8,0.2383177570093458,0.009345794392523364,0.1542056074766355,0.018691588785046728,0.06542056074766354,0.018691588785046728,0.009345794392523364,0.037383177570093455,214,340,9,0.026470588235294117
2018,21,Barajas,1,Alameda de Osuna,211,131,6,56,4,19,17,5,17,0.34748010610079577,0.015915119363395226,0.14854111405835543,0.010610079575596816,0.050397877984084884,0.04509283819628647,0.013262599469496022,0.04509283819628647,377,506,4,0.007905138339920948
2018,21,Barajas,2,Aeropuerto,212,155,2,103,1,3,1,3,3,0.3587962962962963,0.004629629629629629,0.23842592592592593,0.0023148148148148147,0.006944444444444444,0.0023148148148148147,0.006944444444444444,0.006944444444444444,432,548,9,0.016423357664233577
2018,21,Barajas,3,Casco Histórico de Barajas,213,138,14,70,12,10,18,4,5,0.3689839572192513,0.0374331550802139,0.18716577540106952,0.03208556149732621,0.026737967914438502,0.0481283422459893,0.0106951871657754,0.013368983957219251,374,534,37,0.06928838951310862
2018,21,Barajas,4,Timón,214,51,4,40,3,20,18,2,7,0.22466960352422907,0.01762114537444934,0.1762114537444934,0.013215859030837005,0.0881057268722467,0.07929515418502203,0.00881057268722467,0.030837004405286344,227,347,7,0.020172910662824207
2018,21,Barajas,5,Corralejos,215,29,5,79,1,9,6,2,7,0.12340425531914893,0.02127659574468085,0.33617021276595743,0.00425531914893617,0.03829787234042553,0.02553191489361702,0.00851063829787234,0.029787234042553193,235,294,0,0
2019,1,Centro,1,Palacio,011,570,29,577,16,50,12,7,45,0.32094594594594594,0.01632882882882883,0.32488738738738737,0.009009009009009009,0.028153153153153154,0.006756756756756757,0.003941441441441441,0.02533783783783784,1776,2174,61,0.028058877644894203
2019,1,Centro,2,Embajadores,012,1462,24,506,12,66,23,14,42,0.47965879265091865,0.007874015748031496,0.16601049868766404,0.003937007874015748,0.021653543307086614,0.007545931758530184,0.004593175853018373,0.013779527559055118,3048,3974,124,0.03120281831907398
2019,1,Centro,3,Cortes,013,369,44,420,5,25,10,2,40,0.3100840336134454,0.03697478991596639,0.35294117647058826,0.004201680672268907,0.02100840336134454,0.008403361344537815,0.0016806722689075631,0.03361344537815126,1190,1367,10,0.0073152889539136795
2019,1,Centro,4,Justicia,014,858,28,504,8,37,22,4,35,0.4424961320268179,0.01444043321299639,0.259927797833935,0.0041258380608561115,0.019082001031459517,0.011346054667354307,0.0020629190304280558,0.018050541516245487,1939,2086,6,0.0028763183125599234
2019,1,Centro,5,Universidad,015,909,34,625,15,73,43,10,62,0.3770219825798424,0.014102032351721278,0.2592285358772294,0.006221484861053505,0.03027789299046039,0.01783492326835338,0.00414765657403567,0.025715470759021152,2411,2958,106,0.03583502366463827
2019,1,Centro,6,Sol,016,721,42,470,0,5,2,6,33,0.45203761755485894,0.026332288401253918,0.2946708463949843,0,0.003134796238244514,0.0012539184952978057,0.003761755485893417,0.020689655172413793,1595,1741,1,5.743825387708214e-4
2019,2,Arganzuela,1,Imperial,021,227,5,107,24,32,36,3,19,0.30675675675675673,0.006756756756756757,0.1445945945945946,0.032432432432432434,0.043243243243243246,0.04864864864864865,0.004054054054054054,0.025675675675675677,740,894,17,0.01901565995525727
2019,2,Arganzuela,2,Acacias,022,357,1,158,12,80,49,11,30,0.30855661192739847,8.64304235090752e-4,0.1365600691443388,0.010371650821089023,0.06914433880726016,0.04235090751944685,0.00950734658599827,0.02592912705272256,1157,1377,23,0.01670297748729121
2019,2,Arganzuela,3,Chopera,023,283,1,104,4,18,22,8,17,0.3845108695652174,0.001358695652173913,0.14130434782608695,0.005434782608695652,0.024456521739130436,0.029891304347826088,0.010869565217391304,0.02309782608695652,736,957,24,0.025078369905956112
2019,2,Arganzuela,4,Legazpi,024,107,0,84,3,27,26,5,11,0.23883928571428573,0,0.1875,0.006696428571428571,0.060267857142857144,0.05803571428571429,0.011160714285714286,0.024553571428571428,448,564,13,0.02304964539007092
2019,2,Arganzuela,5,Delicias,025,288,1,130,12,33,30,5,9,0.3613550815558344,0.0012547051442910915,0.16311166875784192,0.015056461731493099,0.04140526976160602,0.037641154328732745,0.006273525721455458,0.011292346298619825,797,959,7,0.0072992700729927005
2019,2,Arganzuela,6,Palos de la Frontera,026,440,6,208,18,51,44,17,17,0.3313253012048193,0.004518072289156626,0.1566265060240964,0.01355421686746988,0.038403614457831324,0.03313253012048193,0.012801204819277108,0.012801204819277108,1328,1528,15,0.00981675392670157
2019,2,Arganzuela,7,Atocha,027,62,0,40,0,1,2,0,1,0.3502824858757062,0,0.22598870056497175,0,0.005649717514124294,0.011299435028248588,0,0.005649717514124294,177,259,0,0
2019,3,Retiro,1,Pacífico,031,545,0,165,15,41,35,6,19,0.4445350734094617,0,0.13458401305057097,0.012234910277324634,0.033442088091353996,0.028548123980424143,0.004893964110929853,0.015497553017944535,1226,1503,12,0.007984031936127744
2019,3,Retiro,2,Adelfas,032,106,3,53,5,21,18,4,7,0.2623762376237624,0.007425742574257425,0.1311881188118812,0.012376237623762377,0.05198019801980198,0.04455445544554455,0.009900990099009901,0.017326732673267328,404,507,1,0.0019723865877712033
2019,3,Retiro,3,Estrella,033,164,1,45,4,22,18,3,7,0.36771300448430494,0.002242152466367713,0.10089686098654709,0.008968609865470852,0.04932735426008968,0.04035874439461883,0.006726457399103139,0.01569506726457399,446,524,5,0.009541984732824428
2019,3,Retiro,4,Ibiza,034,477,0,192,9,15,30,1,5,0.47227722772277225,0,0.1900990099009901,0.00891089108910891,0.01485148514851485,0.0297029702970297,9.900990099009901e-4,0.0049504950495049506,1010,1083,1,9.233610341643582e-4
2019,3,Retiro,5,Los Jerónimos,035,97,8,87,3,11,7,3,17,0.260752688172043,0.021505376344086023,0.23387096774193547,0.008064516129032258,0.02956989247311828,0.01881720430107527,0.008064516129032258,0.0456989247311828,372,414,2,0.004830917874396135
2019,3,Retiro,6,Niño Jesús,036,124,0,59,2,55,25,4,7,0.2567287784679089,0,0.12215320910973085,0.004140786749482402,0.11387163561076605,0.051759834368530024,0.008281573498964804,0.014492753623188406,483,565,2,0.0035398230088495575
2019,4,Salamanca,1,Recoletos,041,964,17,262,7,17,22,2,20,0.5856622114216282,0.010328068043742407,0.1591737545565006,0.00425273390036452,0.010328068043742407,0.013365735115431349,0.001215066828675577,0.012150668286755772,1646,1756,0,0
2019,4,Salamanca,2,Goya,042,862,5,340,14,44,61,3,29,0.46569421934089683,0.002701242571582928,0.1836844948676391,0.007563479200432199,0.02377093462992977,0.032955159373311727,0.0016207455429497568,0.015667206915180983,1851,1993,2,0.0010035122930255895
2019,4,Salamanca,3,Fuente del Berro,043,281,0,124,3,39,32,11,24,0.31118493909191586,0,0.13732004429678848,0.0033222591362126247,0.04318936877076412,0.035437430786267994,0.012181616832779624,0.026578073089700997,903,1097,14,0.01276207839562443
2019,4,Salamanca,4,Guindalera,044,559,9,207,15,93,59,20,40,0.3294048320565704,0.005303476723629935,0.12197996464348851,0.00883912787271656,0.05480259281084266,0.0347672362993518,0.011785503830288745,0.02357100766057749,1697,2053,19,0.009254749147588894
2019,4,Salamanca,5,Lista,045,455,8,215,7,29,40,4,18,0.4019434628975265,0.007067137809187279,0.18992932862190812,0.006183745583038869,0.02561837455830389,0.0353356890459364,0.0035335689045936395,0.015901060070671377,1132,1202,1,8.319467554076539e-4
2019,4,Salamanca,6,Castellana,046,500,12,218,8,13,32,2,22,0.4336513443191674,0.010407632263660017,0.18907198612315698,0.006938421509106678,0.011274934952298352,0.027753686036426712,0.0017346053772766695,0.019080659150043366,1153,1247,2,0.0016038492381716118
2019,5,Chamartin,1,El Viso,051,229,2,140,5,83,28,1,22,0.2623138602520046,0.002290950744558992,0.16036655211912945,0.0057273768613974796,0.09507445589919816,0.032073310423825885,0.001145475372279496,0.025200458190148912,873,985,5,0.005076142131979695
2019,5,Chamartin,2,Prosperidad,052,557,4,206,13,50,42,14,14,0.3846685082872928,0.0027624309392265192,0.14226519337016574,0.008977900552486187,0.034530386740331494,0.029005524861878452,0.009668508287292817,0.009668508287292817,1448,1838,41,0.022306855277475515
2019,5,Chamartin,3,Ciudad Jardín,053,305,3,150,9,44,37,7,23,0.29158699808795413,0.0028680688336520078,0.14340344168260039,0.008604206500956023,0.04206500956022945,0.03537284894837476,0.006692160611854685,0.02198852772466539,1046,1367,16,0.011704462326261888
2019,5,Chamartin,4,Hispanoamérica,054,498,5,238,9,52,67,8,32,0.3410958904109589,0.003424657534246575,0.16301369863013698,0.0061643835616438354,0.03561643835616438,0.04589041095890411,0.005479452054794521,0.021917808219178082,1460,1652,22,0.013317191283292978
2019,5,Chamartin,5,Nueva España,055,218,3,137,7,55,46,4,18,0.2549707602339181,0.0035087719298245615,0.16023391812865498,0.008187134502923977,0.06432748538011696,0.05380116959064327,0.004678362573099415,0.021052631578947368,855,1018,18,0.01768172888015717
2019,5,Chamartin,6,Castilla,056,147,5,91,5,22,16,4,15,0.2768361581920904,0.009416195856873822,0.1713747645951036,0.009416195856873822,0.04143126177024482,0.030131826741996232,0.007532956685499058,0.02824858757062147,531,735,130,0.17687074829931973
2019,6,Tetuan,1,Bellas Vistas,061,349,6,133,7,40,17,6,12,0.3104982206405694,0.005338078291814947,0.11832740213523131,0.006227758007117438,0.03558718861209965,0.015124555160142349,0.005338078291814947,0.010676156583629894,1124,1666,146,0.08763505402160865
2019,6,Tetuan,2,Cuatro Caminos,062,853,14,368,18,44,46,6,48,0.40793878527020566,0.006695361071257772,0.1759923481587757,0.00860832137733142,0.021042563366810138,0.021999043519846963,0.0028694404591104736,0.02295552367288379,2091,2627,78,0.029691663494480394
2019,6,Tetuan,3,Castillejos,063,291,12,235,9,21,39,1,20,0.2753074739829707,0.011352885525070956,0.22232734153263956,0.008514664143803218,0.019867549668874173,0.036896877956480605,9.46073793755913e-4,0.01892147587511826,1057,1262,28,0.022187004754358162
2019,6,Tetuan,4,Almenara,064,239,2,105,1,38,29,18,13,0.2896969696969697,0.0024242424242424242,0.12727272727272726,0.0012121212121212121,0.04606060606060606,0.03515151515151515,0.02181818181818182,0.01575757575757576,825,1521,110,0.07232084155161078
2019,6,Tetuan,5,Valdeacederas,065,354,1,89,6,22,18,12,9,0.3615934627170582,0.0010214504596527069,0.09090909090909091,0.006128702757916241,0.02247191011235955,0.018386108273748723,0.012257405515832482,0.009193054136874362,979,1895,190,0.10026385224274406
2019,6,Tetuan,6,Berruguete,066,306,2,109,9,26,13,6,15,0.33260869565217394,0.002173913043478261,0.11847826086956521,0.009782608695652175,0.02826086956521739,0.014130434782608696,0.006521739130434782,0.016304347826086956,920,1529,162,0.10595160235448005
2019,7,Chamberi,1,Gaztambide,071,593,4,236,18,56,44,3,18,0.4129526462395543,0.002785515320334262,0.16434540389972144,0.012534818941504178,0.03899721448467967,0.03064066852367688,0.0020891364902506965,0.012534818941504178,1436,1636,10,0.006112469437652812
2019,7,Chamberi,2,Arapiles,072,437,3,200,17,54,45,8,17,0.3602638087386645,0.00247320692497939,0.16488046166529266,0.014014839241549877,0.04451772464962902,0.03709810387469085,0.006595218466611707,0.014014839241549877,1213,1390,8,0.0057553956834532375
2019,7,Chamberi,3,Trafalgar,073,502,10,293,13,45,49,10,30,0.33736559139784944,0.006720430107526882,0.19690860215053763,0.008736559139784945,0.03024193548387097,0.03293010752688172,0.006720430107526882,0.020161290322580645,1488,1800,6,0.0033333333333333335
2019,7,Chamberi,4,Almagro,074,351,6,233,4,42,43,5,15,0.31938125568698816,0.00545950864422202,0.21201091901728844,0.003639672429481347,0.03821656050955414,0.039126478616924476,0.004549590536851683,0.01364877161055505,1099,1257,12,0.00954653937947494
2019,7,Chamberi,5,Ríos Rosas,075,397,6,264,17,47,45,9,17,0.3075135553834237,0.004647560030983733,0.20449264136328427,0.013168086754453912,0.03640588690937258,0.034856700232378,0.006971340046475601,0.013168086754453912,1291,1438,11,0.0076495132127955496
2019,7,Chamberi,6,Vallehermoso,076,216,0,126,6,54,50,18,13,0.2744599745870394,0,0.16010165184243966,0.007623888182973317,0.06861499364675985,0.06353240152477764,0.022871664548919948,0.016518424396442185,787,851,5,0.005875440658049354
2019,8,Fuencarral-El Pardo,1,El Pardo,081,32,0,38,1,6,4,5,17,0.2191780821917808,0,0.2602739726027397,0.00684931506849315,0.0410958904109589,0.0273972602739726,0.03424657534246575,0.11643835616438356,146,218,19,0.0871559633027523
2019,8,Fuencarral-El Pardo,2,Fuentelarreina,082,8,1,2,0,0,2,0,2,0.3333333333333333,0.041666666666666664,0.08333333333333333,0,0,0.08333333333333333,0,0.08333333333333333,24,27,0,0
2019,8,Fuencarral-El Pardo,3,Peñagrande,083,341,0,105,14,58,45,18,15,0.3563218390804598,0,0.109717868338558,0.014629049111807733,0.06060606060606061,0.047021943573667714,0.018808777429467086,0.01567398119122257,957,1163,35,0.03009458297506449
2019,8,Fuencarral-El Pardo,4,Pilar,084,751,0,226,20,72,47,6,21,0.4146880176697957,0,0.1247929320817228,0.011043622308117063,0.03975704030922143,0.025952512424075095,0.0033130866924351186,0.011595803423522915,1811,2524,166,0.06576862123613313
2019,8,Fuencarral-El Pardo,5,La Paz,085,200,3,86,2,31,46,10,13,0.30303030303030304,0.004545454545454545,0.1303030303030303,0.0030303030303030303,0.04696969696969697,0.0696969696969697,0.015151515151515152,0.019696969696969695,660,780,10,0.01282051282051282
2019,8,Fuencarral-El Pardo,6,Valverde,086,377,8,246,11,95,60,20,36,0.23271604938271606,0.0049382716049382715,0.15185185185185185,0.006790123456790123,0.05864197530864197,0.037037037037037035,0.012345679012345678,0.022222222222222223,1620,2737,109,0.039824625502374866
2019,8,Fuencarral-El Pardo,7,Mirasierra,087,136,0,52,5,34,32,20,22,0.3097949886104784,0,0.11845102505694761,0.011389521640091117,0.0774487471526196,0.07289293849658314,0.04555808656036447,0.05011389521640091,439,485,0,0
2019,8,Fuencarral-El Pardo,8,El Goloso,088,113,1,87,0,75,21,6,28,0.2310838445807771,0.002044989775051125,0.17791411042944785,0,0.15337423312883436,0.04294478527607362,0.012269938650306749,0.05725971370143149,489,573,1,0.0017452006980802793
2019,9,Moncloa-Aravaca,1,Casa de Campo,091,231,4,156,3,24,19,10,25,0.34789156626506024,0.006024096385542169,0.23493975903614459,0.004518072289156626,0.03614457831325301,0.0286144578313253,0.015060240963855422,0.03765060240963856,664,815,14,0.01717791411042945
2019,9,Moncloa-Aravaca,2,Argüelles,092,412,12,234,16,58,39,10,18,0.3338735818476499,0.009724473257698542,0.18962722852512157,0.012965964343598054,0.04700162074554295,0.031604538087520256,0.008103727714748784,0.014586709886547812,1234,1476,18,0.012195121951219513
2019,9,Moncloa-Aravaca,3,Ciudad Universitaria,093,150,1,136,5,103,35,4,44,0.1893939393939394,0.0012626262626262627,0.1717171717171717,0.006313131313131313,0.13005050505050506,0.04419191919191919,0.005050505050505051,0.05555555555555555,792,988,31,0.03137651821862348
2019,9,Moncloa-Aravaca,4,Valdezarza,094,204,0,68,4,41,30,5,11,0.3222748815165877,0,0.10742496050552923,0.00631911532385466,0.06477093206951026,0.04739336492890995,0.007898894154818325,0.017377567140600316,633,978,59,0.06032719836400818
2019,9,Moncloa-Aravaca,5,Valdemarín,095,13,5,30,0,16,6,5,4,0.11206896551724138,0.04310344827586207,0.25862068965517243,0,0.13793103448275862,0.05172413793103448,0.04310344827586207,0.034482758620689655,116,128,0,0
2019,9,Moncloa-Aravaca,6,El Plantío,096,59,2,30,1,13,9,4,3,0.29797979797979796,0.010101010101010102,0.15151515151515152,0.005050505050505051,0.06565656565656566,0.045454545454545456,0.020202020202020204,0.015151515151515152,198,232,2,0.008620689655172414
2019,9,Moncloa-Aravaca,7,Aravaca,097,212,1,61,10,57,33,12,14,0.3359746434231379,0.001584786053882726,0.09667194928684628,0.01584786053882726,0.09033280507131537,0.05229793977812995,0.01901743264659271,0.022187004754358162,631,763,21,0.027522935779816515
2019,10,Latina,1,Los Cármenes,101,77,0,53,2,15,7,4,19,0.2319277108433735,0,0.15963855421686746,0.006024096385542169,0.045180722891566265,0.02108433734939759,0.012048192771084338,0.0572289156626506,332,747,75,0.10040160642570281
2019,10,Latina,2,Puerta del Angel,102,586,1,201,13,60,44,9,16,0.3737244897959184,6.377551020408163e-4,0.12818877551020408,0.008290816326530613,0.03826530612244898,0.02806122448979592,0.005739795918367347,0.01020408163265306,1568,2988,280,0.09370816599732262
2019,10,Latina,3,Lucero,103,298,0,121,11,46,27,11,17,0.33710407239819007,0,0.13687782805429866,0.012443438914027148,0.05203619909502263,0.030542986425339366,0.012443438914027148,0.019230769230769232,884,1461,125,0.08555783709787816
2019,10,Latina,4,Aluche,104,759,2,278,19,78,97,14,27,0.38823529411764707,0.0010230179028132991,0.1421994884910486,0.009718670076726343,0.03989769820971867,0.049616368286445015,0.007161125319693095,0.01381074168797954,1955,2706,173,0.0639320029563932
2019,10,Latina,5,Campamento,105,146,0,48,7,20,13,3,3,0.31263383297644537,0,0.10278372591006424,0.014989293361884369,0.042826552462526764,0.027837259100642397,0.006423982869379015,0.006423982869379015,467,812,67,0.08251231527093596
2019,10,Latina,6,Cuatro Vientos,106,22,0,9,1,11,4,4,4,0.21359223300970873,0,0.08737864077669903,0.009708737864077669,0.10679611650485436,0.038834951456310676,0.038834951456310676,0.038834951456310676,103,148,0,0
2019,10,Latina,7,Águilas,107,478,0,152,13,38,46,10,20,0.41710296684118675,0,0.13263525305410123,0.011343804537521814,0.03315881326352531,0.04013961605584642,0.008726003490401396,0.017452006980802792,1146,1587,28,0.017643352236925015
2019,11,Carabanchel,1,Comillas,111,295,1,102,11,19,15,2,18,0.34787735849056606,0.0011792452830188679,0.12028301886792453,0.012971698113207548,0.02240566037735849,0.01768867924528302,0.0023584905660377358,0.02122641509433962,848,1359,54,0.039735099337748346
2019,11,Carabanchel,2,Opañel,112,422,0,156,11,33,33,11,15,0.3302034428794992,0,0.12206572769953052,0.008607198748043818,0.025821596244131457,0.025821596244131457,0.008607198748043818,0.011737089201877934,1278,1930,88,0.04559585492227979
2019,11,Carabanchel,3,San Isidro,113,343,1,139,10,33,28,8,19,0.2944206008583691,8.583690987124463e-4,0.11931330472103004,0.008583690987124463,0.02832618025751073,0.0240343347639485,0.0068669527896995704,0.01630901287553648,1165,2076,137,0.06599229287090559
2019,11,Carabanchel,4,Vista Alegre,114,930,4,289,21,63,67,9,30,0.41150442477876104,0.0017699115044247787,0.12787610619469025,0.009292035398230088,0.027876106194690265,0.029646017699115044,0.003982300884955752,0.01327433628318584,2260,3403,124,0.03643843667352336
2019,11,Carabanchel,5,Puerta Bonita,115,329,1,101,4,41,29,10,14,0.3437826541274817,0.0010449320794148381,0.10553814002089865,0.0041797283176593526,0.042842215256008356,0.030303030303030304,0.01044932079414838,0.014629049111807733,957,1580,85,0.05379746835443038
2019,11,Carabanchel,6,Buenavista,116,475,0,177,12,61,36,4,27,0.34977908689248893,0,0.13033873343151695,0.008836524300441826,0.04491899852724595,0.026509572901325478,0.0029455081001472753,0.019882179675994108,1358,2067,50,0.024189646831156264
2019,11,Carabanchel,7,Abrantes,117,267,0,97,7,27,16,1,10,0.3781869688385269,0,0.13739376770538245,0.009915014164305949,0.03824362606232295,0.0226628895184136,0.00141643059490085,0.014164305949008499,706,993,37,0.03726082578046324
2019,12,Usera,1,Orcasitas,121,164,0,53,1,26,9,3,8,0.43967828418230565,0,0.14209115281501342,0.002680965147453083,0.06970509383378017,0.024128686327077747,0.00804289544235925,0.021447721179624665,373,459,20,0.04357298474945534
2019,12,Usera,2,Orcasur,122,70,0,30,0,24,6,7,4,0.2834008097165992,0,0.1214574898785425,0,0.09716599190283401,0.024291497975708502,0.02834008097165992,0.016194331983805668,247,415,10,0.024096385542168676
2019,12,Usera,3,San Fermín,123,154,1,70,3,12,8,5,7,0.38596491228070173,0.002506265664160401,0.17543859649122806,0.007518796992481203,0.03007518796992481,0.020050125313283207,0.012531328320802004,0.017543859649122806,399,628,11,0.01751592356687898
2019,12,Usera,4,Almendrales,124,270,1,108,2,19,16,7,11,0.35526315789473684,0.0013157894736842105,0.14210526315789473,0.002631578947368421,0.025,0.021052631578947368,0.009210526315789473,0.014473684210526316,760,1159,41,0.03537532355478861
2019,12,Usera,5,Moscardó,125,503,1,164,9,27,25,9,15,0.42162615255658004,8.382229673093043e-4,0.1374685666387259,0.0075440067057837385,0.022632020117351215,0.020955574182732608,0.0075440067057837385,0.012573344509639563,1193,1626,65,0.03997539975399754
2019,12,Usera,6,Zofío,126,107,0,48,2,15,8,3,8,0.2884097035040431,0,0.1293800539083558,0.005390835579514825,0.04043126684636118,0.0215633423180593,0.008086253369272238,0.0215633423180593,371,687,56,0.08151382823871907
2019,12,Usera,7,Pradolongo,127,278,2,113,6,25,18,7,6,0.32977461447212336,0.002372479240806643,0.13404507710557534,0.0071174377224199285,0.02965599051008304,0.021352313167259787,0.00830367734282325,0.0071174377224199285,843,1338,106,0.07922272047832586
2019,13,Puente de Vallecas,1,Entrevías,131,249,0,142,6,42,19,9,16,0.31639135959339265,0,0.18043202033036848,0.007623888182973317,0.053367217280813214,0.0241423125794155,0.011435832274459974,0.020330368487928845,787,1506,84,0.055776892430278883
2019,13,Puente de Vallecas,2,San Diego,132,681,1,216,9,34,38,15,18,0.3886986301369863,5.707762557077625e-4,0.1232876712328767,0.005136986301369863,0.019406392694063926,0.021689497716894976,0.008561643835616438,0.010273972602739725,1752,3054,252,0.0825147347740668
2019,13,Puente de Vallecas,3,Palomeras Bajas,133,269,0,90,7,52,21,14,21,0.33087330873308735,0,0.11070110701107011,0.008610086100861008,0.06396063960639606,0.025830258302583026,0.017220172201722016,0.025830258302583026,813,1380,107,0.07753623188405798
2019,13,Puente de Vallecas,4,Palomeras Sureste,134,303,0,121,9,45,19,9,11,0.3098159509202454,0,0.12372188139059305,0.009202453987730062,0.046012269938650305,0.019427402862985686,0.009202453987730062,0.011247443762781187,978,1724,163,0.09454756380510441
2019,13,Puente de Vallecas,5,Portazgo,135,354,0,119,5,34,31,5,10,0.3847826086956522,0,0.12934782608695652,0.005434782608695652,0.036956521739130437,0.03369565217391304,0.005434782608695652,0.010869565217391304,920,1501,92,0.06129247168554297
2019,13,Puente de Vallecas,6,Numancia,136,513,0,175,10,60,36,15,15,0.3520933424845573,0,0.12010981468771448,0.0068634179821551134,0.04118050789293068,0.024708304735758406,0.01029512697323267,0.01029512697323267,1457,2439,245,0.1004510045100451
2019,14,Moratalaz,1,Pavones,141,36,0,19,1,14,9,26,7,0.20689655172413793,0,0.10919540229885058,0.005747126436781609,0.08045977011494253,0.05172413793103448,0.14942528735632185,0.040229885057471264,174,259,13,0.05019305019305019
2019,14,Moratalaz,2,Horcajo,142,32,0,10,0,12,8,1,0,0.3368421052631579,0,0.10526315789473684,0,0.12631578947368421,0.08421052631578947,0.010526315789473684,0,95,130,6,0.046153846153846156
2019,14,Moratalaz,3,Marroquina,143,282,0,112,13,53,34,8,14,0.3418181818181818,0,0.13575757575757577,0.01575757575757576,0.06424242424242424,0.041212121212121214,0.009696969696969697,0.01696969696969697,825,1103,71,0.0643699002719855
2019,14,Moratalaz,4,Media Legua,144,114,0,45,6,27,15,6,14,0.28428927680798005,0,0.11221945137157108,0.014962593516209476,0.06733167082294264,0.03740648379052369,0.014962593516209476,0.034912718204488775,401,556,11,0.019784172661870502
2019,14,Moratalaz,5,Fontarrón,145,163,0,33,2,20,13,6,5,0.4822485207100592,0,0.09763313609467456,0.005917159763313609,0.05917159763313609,0.038461538461538464,0.01775147928994083,0.014792899408284023,338,415,8,0.01927710843373494
2019,14,Moratalaz,6,Vinateros,146,153,0,31,6,9,11,3,1,0.4722222222222222,0,0.09567901234567901,0.018518518518518517,0.027777777777777776,0.033950617283950615,0.009259259259259259,0.0030864197530864196,324,410,14,0.03414634146341464
2019,15,Ciudad Lineal,1,Ventas,151,512,0,180,16,47,49,11,23,0.32262129804662887,0,0.11342155009451796,0.010081915563957152,0.029615626969124134,0.03087586641461878,0.006931316950220542,0.014492753623188406,1587,2844,156,0.05485232067510549
2019,15,Ciudad Lineal,2,Pueblo Nuevo,152,742,1,261,21,59,65,8,31,0.3467289719626168,4.6728971962616824e-4,0.12196261682242991,0.009813084112149532,0.027570093457943926,0.030373831775700934,0.003738317757009346,0.014485981308411215,2140,3555,136,0.03825597749648382
2019,15,Ciudad Lineal,3,Quintana,153,449,1,144,13,49,31,9,13,0.3747913188647746,8.347245409015025e-4,0.12020033388981637,0.010851419031719533,0.040901502504173626,0.02587646076794658,0.007512520868113523,0.010851419031719533,1198,1822,72,0.03951701427003293
2019,15,Ciudad Lineal,4,La Concepción,154,305,3,135,8,37,21,2,24,0.3200419727177335,0.0031479538300104933,0.1416579223504722,0.008394543546694649,0.03882476390346275,0.022035676810073453,0.002098635886673662,0.025183630640083946,953,1506,108,0.07171314741035857
2019,15,Ciudad Lineal,5,San Pascual,155,182,2,72,3,33,20,7,9,0.3279279279279279,0.0036036036036036037,0.12972972972972974,0.005405405405405406,0.05945945945945946,0.036036036036036036,0.012612612612612612,0.016216216216216217,555,863,20,0.023174971031286212
2019,15,Ciudad Lineal,6,San Juan Bautista,156,117,1,58,5,19,26,5,7,0.29620253164556964,0.002531645569620253,0.1468354430379747,0.012658227848101266,0.04810126582278481,0.06582278481012659,0.012658227848101266,0.017721518987341773,395,482,5,0.01037344398340249
2019,15,Ciudad Lineal,7,Colina,157,52,3,26,4,8,21,6,8,0.19330855018587362,0.011152416356877323,0.09665427509293681,0.01486988847583643,0.02973977695167286,0.07806691449814127,0.022304832713754646,0.02973977695167286,269,372,8,0.021505376344086023
2019,15,Ciudad Lineal,8,Atalaya,158,2,1,4,0,3,3,1,2,0.058823529411764705,0.029411764705882353,0.11764705882352941,0,0.08823529411764706,0.08823529411764706,0.029411764705882353,0.058823529411764705,34,42,1,0.023809523809523808
2019,15,Ciudad Lineal,9,Costillares,159,106,4,59,3,21,24,4,12,0.27040816326530615,0.01020408163265306,0.15051020408163265,0.007653061224489796,0.05357142857142857,0.061224489795918366,0.01020408163265306,0.030612244897959183,392,470,5,0.010638297872340425
2019,16,Hortaleza,1,Palomas,161,35,2,22,1,12,4,4,9,0.24822695035460993,0.014184397163120567,0.15602836879432624,0.0070921985815602835,0.0851063829787234,0.028368794326241134,0.028368794326241134,0.06382978723404255,141,166,1,0.006024096385542169
2019,16,Hortaleza,2,Piovera,162,54,2,41,7,35,13,8,16,0.1875,0.006944444444444444,0.1423611111111111,0.024305555555555556,0.12152777777777778,0.04513888888888889,0.027777777777777776,0.05555555555555555,288,336,2,0.005952380952380952
2019,16,Hortaleza,3,Canillas,163,429,2,168,24,87,55,22,36,0.3108695652173913,0.0014492753623188406,0.12173913043478261,0.017391304347826087,0.06304347826086956,0.03985507246376811,0.015942028985507246,0.02608695652173913,1380,2147,194,0.0903586399627387
2019,16,Hortaleza,4,Pinar del Rey,164,548,4,169,15,66,47,14,23,0.3697705802968961,0.002699055330634278,0.11403508771929824,0.010121457489878543,0.044534412955465584,0.03171390013495277,0.009446693657219974,0.0155195681511471,1482,2798,332,0.11865618298784847
2019,16,Hortaleza,5,Apóstol Santiago,165,72,0,41,3,12,7,2,8,0.3157894736842105,0,0.17982456140350878,0.013157894736842105,0.05263157894736842,0.03070175438596491,0.008771929824561403,0.03508771929824561,228,391,22,0.056265984654731455
2019,16,Hortaleza,6,Valdefuentes,166,158,3,136,8,59,31,9,18,0.21793103448275863,0.004137931034482759,0.18758620689655173,0.011034482758620689,0.08137931034482758,0.04275862068965517,0.012413793103448275,0.02482758620689655,725,1058,10,0.00945179584120983
2019,17,Villaverde,1,"Villaverde Alto, Casco Histórico de Villaverde",171,598,1,178,11,61,39,15,36,0.23187281892206282,3.8774718883288094e-4,0.06901899961225282,0.004265219077161691,0.02365257851880574,0.015122140364482357,0.0058162078324932144,0.013958898797983715,2579,4351,129,0.029648356699609284
2019,17,Villaverde,2,San Cristóbal,172,132,0,42,2,10,6,6,8,0.45517241379310347,0,0.14482758620689656,0.006896551724137931,0.034482758620689655,0.020689655172413793,0.020689655172413793,0.027586206896551724,290,435,15,0.034482758620689655
2019,17,Villaverde,3,Butarque,173,114,0,41,4,17,7,3,3,0.3584905660377358,0,0.1289308176100629,0.012578616352201259,0.05345911949685535,0.0220125786163522,0.009433962264150943,0.009433962264150943,318,423,8,0.018912529550827423
2019,17,Villaverde,4,Los Rosales,174,414,0,114,10,39,30,6,17,0.4190283400809717,0,0.11538461538461539,0.010121457489878543,0.039473684210526314,0.030364372469635626,0.006072874493927126,0.01720647773279352,988,1561,79,0.05060858424087124
2019,17,Villaverde,5,Ángeles,175,363,0,86,4,31,29,7,8,0.4714285714285714,0,0.11168831168831168,0.005194805194805195,0.04025974025974026,0.03766233766233766,0.00909090909090909,0.01038961038961039,770,999,24,0.024024024024024024
2019,18,Villa de Vallecas,1,Casco Histórico de Vallecas,181,468,10,193,18,65,47,7,26,0.17410714285714285,0.003720238095238095,0.07180059523809523,0.006696428571428571,0.02418154761904762,0.017485119047619048,0.0026041666666666665,0.009672619047619048,2688,3944,137,0.03473630831643002
2019,18,Villa de Vallecas,2,Santa Eugenia,182,186,0,60,6,38,17,2,18,0.3803680981595092,0,0.12269938650306748,0.012269938650306749,0.077709611451942745,0.034764826175869123,0.00408997955010225,0.03680981595092025,489,636,25,0.03930817610062893
2019,18,Villa de Vallecas,3,Ensanche de Vallecas,183,334,0,104,7,52,28,1,13,0.49045521292217326,0,0.1527165932452276,0.010279001468428781,0.0763582966226138,0.041116005873715125,0.0014684287812041115,0.01908957415565345,681,905,4,0.004419889502762431
2019,19,Vicalvaro,1,Casco Histórico de Vicálvaro,191,404,1,146,16,42,26,13,20,0.3488773747841105,8.635578583765112e-4,0.12607944732297063,0.013816925734024179,0.03626943005181347,0.022452504317789293,0.011226252158894647,0.017271157167530225,1158,1735,120,0.069164265129683
2019,19,Vicalvaro,2,Valdebernardo,192,129,0,39,2,15,15,5,11,0.4043887147335423,0,0.12225705329153605,0.006269592476489028,0.047021943573667714,0.047021943573667714,0.01567398119122257,0.034482758620689655,319,396,13,0.03282828282828283
2019,19,Vicalvaro,3,Valderrivas,193,38,0,14,2,10,6,0,0,0.3958333333333333,0,0.14583333333333334,0.020833333333333332,0.10416666666666667,0.0625,0,0,96,104,0,0
2019,19,Vicalvaro,4,El Cañaveral,194,2,0,0,1,0,0,0,0,0.2857142857142857,0,0,0.14285714285714285,0,0,0,0,7,8,0,0
2019,20,San Blas-Canillejas,1,Simancas,201,258,9,192,13,31,23,11,18,0.23180592991913745,0.008086253369272238,0.1725067385444744,0.011680143755615454,0.027852650494159928,0.020664869721473494,0.009883198562443846,0.016172506738544475,1113,1408,36,0.02556818181818182
2019,20,San Blas-Canillejas,2,Hellín,202,39,0,8,1,4,6,4,3,0.43333333333333335,0,0.08888888888888889,0.011111111111111112,0.044444444444444446,0.06666666666666667,0.044444444444444446,0.03333333333333333,90,121,8,0.06611570247933884
2019,20,San Blas-Canillejas,3,Amposta,203,103,0,30,2,4,9,10,2,0.45982142857142855,0,0.13392857142857142,0.008928571428571428,0.017857142857142856,0.04017857142857143,0.044642857142857144,0.008928571428571428,224,449,30,0.066815144766147
2019,20,San Blas-Canillejas,4,Arcos,204,166,0,51,5,24,9,5,5,0.48255813953488375,0,0.14825581395348839,0.014534883720930232,0.06976744186046512,0.02616279069767442,0.014534883720930232,0.014534883720930232,344,424,12,0.02830188679245283
2019,20,San Blas-Canillejas,5,Rosas,205,235,0,113,6,57,39,9,14,0.3075916230366492,0,0.14790575916230367,0.007853403141361256,0.07460732984293193,0.051047120418848166,0.011780104712041885,0.01832460732984293,764,1039,27,0.02598652550529355
2019,20,San Blas-Canillejas,6,Rejas,206,210,16,78,7,6,5,2,22,0.3017241379310345,0.022988505747126436,0.11206896551724138,0.010057471264367816,0.008620689655172414,0.007183908045977011,0.0028735632183908046,0.031609195402298854,696,923,12,0.013001083423618635
2019,20,San Blas-Canillejas,7,Canillejas,207,386,1,126,10,27,33,12,17,0.39752832131822863,0.0010298661174047373,0.12976313079299692,0.010298661174047374,0.027806385169927908,0.03398558187435633,0.012358393408856848,0.017507723995880537,971,1553,63,0.04056664520283323
2019,20,San Blas-Canillejas,8,El Salvador,208,44,2,39,4,13,3,2,8,0.1981981981981982,0.009009009009009009,0.17567567567567569,0.018018018018018018,0.05855855855855856,0.013513513513513514,0.009009009009009009,0.036036036036036036,222,342,9,0.02631578947368421
2019,21,Barajas,1,Alameda de Osuna,211,126,5,55,4,22,17,2,16,0.3378016085790885,0.013404825737265416,0.14745308310991956,0.010723860589812333,0.058981233243967826,0.045576407506702415,0.005361930294906166,0.04289544235924933,373,502,4,0.00796812749003984
2019,21,Barajas,2,Aeropuerto,212,161,2,103,1,3,1,4,3,0.36261261261261263,0.0045045045045045045,0.23198198198198197,0.0022522522522522522,0.006756756756756757,0.0022522522522522522,0.009009009009009009,0.006756756756756757,444,561,9,0.016042780748663103
2019,21,Barajas,3,Casco Histórico de Barajas,213,128,14,72,13,11,17,3,4,0.3450134770889488,0.03773584905660377,0.1940700808625337,0.03504043126684636,0.029649595687331536,0.04582210242587601,0.008086253369272238,0.01078167115902965,371,535,37,0.0691588785046729
2019,21,Barajas,4,Timón,214,53,4,44,2,21,18,2,5,0.21991701244813278,0.016597510373443983,0.1825726141078838,0.008298755186721992,0.08713692946058091,0.07468879668049792,0.008298755186721992,0.02074688796680498,241,359,7,0.019498607242339833
2019,21,Barajas,5,Corralejos,215,28,5,78,1,9,6,2,7,0.11965811965811966,0.021367521367521368,0.3333333333333333,0.004273504273504274,0.038461538461538464,0.02564102564102564,0.008547008547008548,0.029914529914529916,234,294,0,0
2020,1,Centro,1,Palacio,011,503,32,570,17,55,13,7,47,0.2941520467836257,0.01871345029239766,0.3333333333333333,0.009941520467836258,0.03216374269005848,0.00760233918128655,0.004093567251461989,0.027485380116959064,1710,2186,58,0.026532479414455627
2020,1,Centro,2,Embajadores,012,1462,31,507,11,72,22,16,44,0.4769983686786297,0.010114192495921697,0.16541598694942905,0.0035889070146818925,0.023491027732463296,0.007177814029363785,0.0052202283849918435,0.01435562805872757,3065,3982,116,0.029131089904570567
2020,1,Centro,3,Cortes,013,361,44,426,5,26,11,3,41,0.3036164844407065,0.03700588730025231,0.3582842724978974,0.004205214465937763,0.021867115222876366,0.009251471825063078,0.002523128679562658,0.034482758620689655,1189,1368,10,0.007309941520467836
2020,1,Centro,4,Justicia,014,852,27,510,8,36,23,4,37,0.4405377456049638,0.013960703205791106,0.26370217166494314,0.004136504653567736,0.01861427094105481,0.011892450879007239,0.002068252326783868,0.019131334022750777,1934,2089,5,0.0023934897079942556
2020,1,Centro,5,Universidad,015,909,33,619,13,77,45,10,65,0.3778054862842893,0.01371571072319202,0.2572734829592685,0.005403158769742311,0.03200332502078138,0.018703241895261846,0.004156275976724855,0.027015793848711556,2406,2967,103,0.03471520053926525
2020,1,Centro,6,Sol,016,734,44,467,0,3,2,6,31,0.45590062111801244,0.02732919254658385,0.29006211180124225,0,0.0018633540372670807,0.0012422360248447205,0.0037267080745341614,0.019254658385093167,1610,1826,1,5.47645125958379e-4
2020,2,Arganzuela,1,Imperial,021,226,4,108,23,35,35,3,18,0.3066485753052917,0.005427408412483039,0.14654002713704206,0.031207598371777476,0.04748982360922659,0.04748982360922659,0.004070556309362279,0.024423337856173677,737,892,17,0.01905829596412556
2020,2,Arganzuela,2,Acacias,022,358,1,159,14,89,54,11,34,0.30390492359932086,8.488964346349745e-4,0.13497453310696095,0.011884550084889643,0.07555178268251274,0.04584040747028863,0.00933786078098472,0.028862478777589132,1178,1391,23,0.01653486700215672
2020,2,Arganzuela,3,Chopera,023,298,3,103,5,19,22,8,16,0.3983957219251337,0.004010695187165776,0.13770053475935828,0.0066844919786096255,0.02540106951871658,0.029411764705882353,0.0106951871657754,0.0213903743315508,748,971,24,0.024716786817713696
2020,2,Arganzuela,4,Legazpi,024,119,0,76,4,28,26,6,11,0.25813449023861174,0,0.1648590021691974,0.008676789587852495,0.06073752711496746,0.05639913232104121,0.013015184381778741,0.02386117136659436,461,583,11,0.018867924528301886
2020,2,Arganzuela,5,Delicias,025,291,2,131,11,37,30,5,11,0.3592592592592593,0.0024691358024691358,0.1617283950617284,0.013580246913580247,0.04567901234567901,0.037037037037037035,0.006172839506172839,0.013580246913580247,810,966,7,0.007246376811594203
2020,2,Arganzuela,6,Palos de la Frontera,026,438,6,212,18,55,46,16,20,0.32808988764044944,0.0044943820224719105,0.15880149812734082,0.01348314606741573,0.04119850187265917,0.03445692883895131,0.01198501872659176,0.0149812734082397,1335,1536,15,0.009765625
2020,2,Arganzuela,7,Atocha,027,61,0,39,0,1,3,0,1,0.3465909090909091,0,0.2215909090909091,0,0.005681818181818182,0.017045454545454544,0,0.005681818181818182,176,261,0,0
2020,3,Retiro,1,Pacífico,031,538,0,160,12,42,35,6,23,0.4359805510534846,0,0.12965964343598055,0.009724473257698542,0.03403565640194489,0.028363047001620744,0.004862236628849271,0.018638573743922204,1234,1524,12,0.007874015748031496
2020,3,Retiro,2,Adelfas,032,111,3,49,5,21,20,4,7,0.27007299270072993,0.0072992700729927005,0.1192214111922141,0.012165450121654502,0.051094890510948905,0.04866180048661801,0.009732360097323601,0.0170316301703163,411,518,1,0.0019305019305019305
2020,3,Retiro,3,Estrella,033,161,1,43,6,23,19,3,11,0.35777777777777775,0.0022222222222222222,0.09555555555555556,0.013333333333333334,0.051111111111111114,0.042222222222222223,0.006666666666666667,0.024444444444444446,450,530,5,0.009433962264150943
2020,3,Retiro,4,Ibiza,034,451,0,199,8,16,34,1,6,0.449203187250996,0,0.19820717131474103,0.00796812749003984,0.01593625498007968,0.03386454183266932,9.9601593625498e-4,0.00597609561752988,1004,1069,1,9.354536950420954e-4
2020,3,Retiro,5,Los Jerónimos,035,91,8,83,3,11,7,3,17,0.2513812154696133,0.022099447513812154,0.2292817679558011,0.008287292817679558,0.03038674033149171,0.019337016574585635,0.008287292817679558,0.04696132596685083,362,408,2,0.004901960784313725
2020,3,Retiro,6,Niño Jesús,036,117,0,60,2,57,24,4,9,0.2422360248447205,0,0.12422360248447205,0.004140786749482402,0.11801242236024845,0.049689440993788817,0.008281573498964804,0.018633540372670808,483,566,2,0.0035335689045936395
2020,4,Salamanca,1,Recoletos,041,967,16,276,7,14,25,2,22,0.5804321728691476,0.009603841536614645,0.16566626650660263,0.004201680672268907,0.008403361344537815,0.015006002400960384,0.0012004801920768306,0.013205282112845138,1666,1780,0,0
2020,4,Salamanca,2,Goya,042,868,5,347,16,47,64,3,30,0.46170212765957447,0.0026595744680851063,0.18457446808510639,0.00851063829787234,0.025,0.03404255319148936,0.0015957446808510637,0.015957446808510637,1880,2029,2,9.857072449482504e-4
2020,4,Salamanca,3,Fuente del Berro,043,256,0,116,3,44,37,10,27,0.2879640044994376,0,0.13048368953880765,0.003374578177727784,0.049493813273340834,0.04161979752530934,0.01124859392575928,0.030371203599550055,889,1106,13,0.011754068716094032
2020,4,Salamanca,4,Guindalera,044,546,9,207,14,93,61,20,43,0.32193396226415094,0.005306603773584905,0.12205188679245282,0.008254716981132075,0.05483490566037736,0.03596698113207547,0.01179245283018868,0.02535377358490566,1696,2054,18,0.008763388510223954
2020,4,Salamanca,5,Lista,045,456,8,218,6,29,45,4,20,0.4014084507042254,0.007042253521126761,0.19190140845070422,0.00528169014084507,0.025528169014084508,0.03961267605633803,0.0035211267605633804,0.017605633802816902,1136,1211,1,8.257638315441783e-4
2020,4,Salamanca,6,Castellana,046,507,12,226,7,13,34,1,25,0.43112244897959184,0.01020408163265306,0.1921768707482993,0.005952380952380952,0.011054421768707483,0.02891156462585034,8.503401360544217e-4,0.021258503401360544,1176,1265,2,0.0015810276679841897
2020,5,Chamartin,1,El Viso,051,227,2,140,5,83,34,1,27,0.25563063063063063,0.0022522522522522522,0.15765765765765766,0.00563063063063063,0.09346846846846847,0.038288288288288286,0.0011261261261261261,0.030405405405405407,888,1004,5,0.0049800796812749
2020,5,Chamartin,2,Prosperidad,052,552,4,209,12,53,44,16,17,0.37679180887372016,0.0027303754266211604,0.14266211604095563,0.008191126279863481,0.03617747440273038,0.030034129692832763,0.010921501706484642,0.011604095563139932,1465,1848,41,0.022186147186147188
2020,5,Chamartin,3,Ciudad Jardín,053,308,4,158,10,45,40,7,19,0.2892018779342723,0.003755868544600939,0.14835680751173708,0.009389671361502348,0.04225352112676056,0.03755868544600939,0.006572769953051643,0.01784037558685446,1065,1383,17,0.012292118582791034
2020,5,Chamartin,4,Hispanoamérica,054,506,4,241,11,59,71,9,31,0.3416610398379473,0.0027008777852802163,0.16272788656313303,0.007427413909520594,0.039837947332883185,0.04794058068872384,0.006076975016880486,0.020931802835921675,1481,1673,22,0.01315002988643156
2020,5,Chamartin,5,Nueva España,055,212,3,136,8,60,55,4,16,0.24508670520231213,0.003468208092485549,0.15722543352601157,0.009248554913294798,0.06936416184971098,0.06358381502890173,0.004624277456647399,0.018497109826589597,865,1020,16,0.01568627450980392
2020,5,Chamartin,6,Castilla,056,149,6,94,5,21,16,4,14,0.27850467289719627,0.011214953271028037,0.17570093457943925,0.009345794392523364,0.03925233644859813,0.029906542056074768,0.007476635514018692,0.026168224299065422,535,736,130,0.1766304347826087
2020,6,Tetuan,1,Bellas Vistas,061,346,7,131,9,40,20,9,13,0.30646589902568644,0.006200177147918512,0.11603188662533215,0.007971656333038087,0.0354295837023915,0.01771479185119575,0.007971656333038087,0.011514614703277236,1129,1679,147,0.08755211435378202
2020,6,Tetuan,2,Cuatro Caminos,062,836,16,365,19,49,47,6,47,0.3990453460620525,0.0076372315035799524,0.17422434367541767,0.009069212410501194,0.023389021479713605,0.02243436754176611,0.002863961813842482,0.02243436754176611,2095,2648,78,0.02945619335347432
2020,6,Tetuan,3,Castillejos,063,296,11,229,8,22,41,1,23,0.2774133083411434,0.010309278350515464,0.21462043111527648,0.007497656982193065,0.020618556701030927,0.038425492033739454,9.372071227741331e-4,0.02155576382380506,1067,1267,27,0.021310181531176007
2020,6,Tetuan,4,Almenara,064,243,3,101,1,41,31,19,14,0.2858823529411765,0.0035294117647058825,0.1188235294117647,0.001176470588235294,0.04823529411764706,0.036470588235294116,0.02235294117647059,0.01647058823529412,850,1528,109,0.07133507853403141
2020,6,Tetuan,5,Valdeacederas,065,364,1,87,6,24,18,13,8,0.36693548387096775,0.0010080645161290322,0.08770161290322581,0.006048387096774193,0.024193548387096774,0.018145161290322582,0.01310483870967742,0.008064516129032258,992,1910,190,0.09947643979057591
2020,6,Tetuan,6,Berruguete,066,316,2,100,8,27,15,6,15,0.3401506996770721,0.002152852529601722,0.10764262648008611,0.008611410118406888,0.02906350914962325,0.016146393972012917,0.006458557588805167,0.016146393972012917,929,1537,162,0.10540013012361743
2020,7,Chamberi,1,Gaztambide,071,582,6,233,20,58,51,3,23,0.40082644628099173,0.004132231404958678,0.16046831955922866,0.013774104683195593,0.03994490358126722,0.03512396694214876,0.002066115702479339,0.01584022038567493,1452,1650,10,0.006060606060606061
2020,7,Chamberi,2,Arapiles,072,445,3,202,17,58,45,8,16,0.3606158833063209,0.0024311183144246355,0.16369529983792544,0.013776337115072933,0.04700162074554295,0.03646677471636953,0.006482982171799027,0.012965964343598054,1234,1407,7,0.004975124378109453
2020,7,Chamberi,3,Trafalgar,073,493,11,297,13,46,53,10,32,0.32888592394929955,0.00733822548365577,0.1981320880587058,0.00867244829886591,0.030687124749833223,0.035356904603068715,0.0066711140760507,0.02134756504336224,1499,1799,6,0.0033351862145636463
2020,7,Chamberi,4,Almagro,074,354,7,238,3,42,47,5,13,0.31891891891891894,0.006306306306306306,0.21441441441441442,0.002702702702702703,0.03783783783783784,0.04234234234234234,0.0045045045045045045,0.011711711711711712,1110,1264,11,0.00870253164556962
2020,7,Chamberi,5,Ríos Rosas,075,394,9,268,17,45,47,7,19,0.30331023864511164,0.006928406466512702,0.2063125481139338,0.01308698999230177,0.03464203233256351,0.036181678214010776,0.005388760585065435,0.014626635873749037,1299,1444,11,0.007617728531855956
2020,7,Chamberi,6,Vallehermoso,076,218,0,124,6,55,51,18,12,0.2759493670886076,0,0.1569620253164557,0.007594936708860759,0.06962025316455696,0.06455696202531645,0.02278481012658228,0.015189873417721518,790,852,5,0.005868544600938967
2020,8,Fuencarral-El Pardo,1,El Pardo,081,35,0,37,1,6,4,5,16,0.23648648648648649,0,0.25,0.006756756756756757,0.04054054054054054,0.02702702702702703,0.033783783783783786,0.10810810810810811,148,218,19,0.0871559633027523
2020,8,Fuencarral-El Pardo,2,Fuentelarreina,082,8,1,2,0,0,2,0,1,0.34782608695652173,0.043478260869565216,0.08695652173913043,0,0,0.08695652173913043,0,0.043478260869565216,23,26,0,0
2020,8,Fuencarral-El Pardo,3,Peñagrande,083,343,0,105,14,58,44,20,16,0.35991605456453307,0,0.11017838405036726,0.014690451206715634,0.060860440713536204,0.046169989506820566,0.02098635886673662,0.016789087093389297,953,1163,35,0.03009458297506449
2020,8,Fuencarral-El Pardo,4,Pilar,084,761,0,227,19,73,50,6,23,0.41997792494481234,0,0.12527593818984548,0.010485651214128035,0.04028697571743929,0.02759381898454746,0.0033112582781456954,0.012693156732891833,1812,2536,166,0.06545741324921135
2020,8,Fuencarral-El Pardo,5,La Paz,085,182,3,88,3,30,50,10,12,0.2826086956521739,0.004658385093167702,0.13664596273291926,0.004658385093167702,0.046583850931677016,0.07763975155279502,0.015527950310559006,0.018633540372670808,644,773,10,0.0129366106080207
2020,8,Fuencarral-El Pardo,6,Valverde,086,366,9,247,11,94,64,20,35,0.22481572481572482,0.005528255528255528,0.1517199017199017,0.006756756756756757,0.05773955773955774,0.03931203931203931,0.012285012285012284,0.0214987714987715,1628,2734,108,0.03950256035113387
2020,8,Fuencarral-El Pardo,7,Mirasierra,087,127,0,51,5,37,35,23,21,0.29195402298850576,0,0.11724137931034483,0.011494252873563218,0.08505747126436781,0.08045977011494253,0.052873563218390804,0.04827586206896552,435,481,0,0
2020,8,Fuencarral-El Pardo,8,El Goloso,088,114,1,89,2,68,26,6,29,0.23170731707317074,0.0020325203252032522,0.18089430894308944,0.0040650406504065045,0.13821138211382114,0.052845528455284556,0.012195121951219513,0.05894308943089431,492,577,1,0.0017331022530329288
2020,9,Moncloa-Aravaca,1,Casa de Campo,091,238,4,152,3,25,21,10,25,0.35469448584202684,0.005961251862891207,0.22652757078986588,0.004470938897168405,0.037257824143070044,0.03129657228017884,0.014903129657228018,0.037257824143070044,671,822,14,0.0170316301703163
2020,9,Moncloa-Aravaca,2,Argüelles,092,417,12,232,17,57,41,10,16,0.3333333333333333,0.009592326139088728,0.18545163868904876,0.013589128697042365,0.045563549160671464,0.032773780975219824,0.007993605115907274,0.012789768185451638,1251,1486,18,0.012113055181695828
2020,9,Moncloa-Aravaca,3,Ciudad Universitaria,093,147,1,138,5,102,32,5,47,0.18397997496871088,0.0012515644555694619,0.17271589486858574,0.006257822277847309,0.1276595744680851,0.04005006257822278,0.006257822277847309,0.058823529411764705,799,994,32,0.03219315895372234
2020,9,Moncloa-Aravaca,4,Valdezarza,094,200,1,68,6,42,32,5,11,0.31446540880503143,0.0015723270440251573,0.1069182389937107,0.009433962264150943,0.0660377358490566,0.050314465408805034,0.007861635220125786,0.01729559748427673,636,982,59,0.06008146639511202
2020,9,Moncloa-Aravaca,5,Valdemarín,095,13,5,31,0,16,6,6,5,0.11304347826086956,0.043478260869565216,0.26956521739130435,0,0.1391304347826087,0.05217391304347826,0.05217391304347826,0.043478260869565216,115,126,0,0
2020,9,Moncloa-Aravaca,6,El Plantío,096,59,2,31,1,13,9,4,2,0.2964824120603015,0.010050251256281407,0.15577889447236182,0.005025125628140704,0.06532663316582915,0.04522613065326633,0.020100502512562814,0.010050251256281407,199,231,1,0.004329004329004329
2020,9,Moncloa-Aravaca,7,Aravaca,097,220,2,62,9,52,36,12,14,0.3453689167974882,0.0031397174254317113,0.09733124018838304,0.0141287284144427,0.08163265306122448,0.0565149136577708,0.018838304552590265,0.02197802197802198,637,765,20,0.026143790849673203
2020,10,Latina,1,Los Cármenes,101,79,0,51,2,14,7,4,21,0.23511904761904762,0,0.15178571428571427,0.005952380952380952,0.041666666666666664,0.020833333333333332,0.011904761904761904,0.0625,336,746,75,0.10053619302949061
2020,10,Latina,2,Puerta del Angel,102,585,2,199,14,61,45,9,16,0.36815607300188796,0.0012586532410320957,0.1252359974826935,0.00881057268722467,0.03838892385147892,0.028319697923222153,0.005663939584644431,0.010069225928256766,1589,2992,275,0.09191176470588236
2020,10,Latina,3,Lucero,103,301,1,121,11,46,31,11,18,0.3359375,0.0011160714285714285,0.13504464285714285,0.012276785714285714,0.05133928571428571,0.03459821428571429,0.012276785714285714,0.020089285714285716,896,1463,123,0.08407382091592618
2020,10,Latina,4,Aluche,104,749,2,277,19,79,99,14,32,0.3827286663260092,0.001021972406745018,0.14154317833418498,0.009708737864077669,0.0403679100664282,0.05058763413387839,0.007153806847215125,0.016351558507920288,1957,2719,176,0.06472968002942259
2020,10,Latina,5,Campamento,105,148,0,49,8,19,13,3,4,0.31223628691983124,0,0.10337552742616034,0.016877637130801686,0.04008438818565401,0.027426160337552744,0.006329113924050633,0.008438818565400843,474,814,67,0.08230958230958231
2020,10,Latina,6,Cuatro Vientos,106,21,0,12,1,11,4,4,4,0.2,0,0.11428571428571428,0.009523809523809525,0.10476190476190476,0.0380952380952381,0.0380952380952381,0.0380952380952381,105,151,0,0
2020,10,Latina,7,Águilas,107,477,0,151,13,39,45,10,22,0.412987012987013,0,0.13073593073593073,0.011255411255411256,0.033766233766233764,0.03896103896103896,0.008658008658008658,0.01904761904761905,1155,1596,28,0.017543859649122806
2020,11,Carabanchel,1,Comillas,111,305,1,102,10,19,16,2,17,0.35630841121495327,0.0011682242990654205,0.1191588785046729,0.011682242990654205,0.02219626168224299,0.018691588785046728,0.002336448598130841,0.01985981308411215,856,1369,53,0.03871439006574142
2020,11,Carabanchel,2,Opañel,112,417,0,155,10,34,33,10,16,0.3222565687789799,0,0.11978361669242658,0.0077279752704791345,0.02627511591962906,0.025502318392581144,0.0077279752704791345,0.012364760432766615,1294,1937,88,0.04543107898812597
2020,11,Carabanchel,3,San Isidro,113,343,1,140,10,33,28,10,20,0.29141886151231944,8.496176720475786e-4,0.11894647408666101,0.008496176720475786,0.028037383177570093,0.0237892948173322,0.008496176720475786,0.016992353440951572,1177,2082,134,0.0643611911623439
2020,11,Carabanchel,4,Vista Alegre,114,883,6,291,21,65,69,8,28,0.39244444444444443,0.0026666666666666666,0.12933333333333333,0.009333333333333334,0.028888888888888888,0.030666666666666665,0.0035555555555555557,0.012444444444444444,2250,3396,122,0.035924617196702
2020,11,Carabanchel,5,Puerta Bonita,115,324,1,99,5,46,30,9,15,0.33540372670807456,0.0010351966873706005,0.10248447204968944,0.005175983436853002,0.047619047619047616,0.031055900621118012,0.009316770186335404,0.015527950310559006,966,1585,84,0.05299684542586751
2020,11,Carabanchel,6,Buenavista,116,456,1,187,11,68,38,5,27,0.3343108504398827,7.331378299120235e-4,0.13709677419354838,0.008064516129032258,0.04985337243401759,0.02785923753665689,0.0036656891495601175,0.019794721407624633,1364,2083,49,0.023523763802208355
2020,11,Carabanchel,7,Abrantes,117,270,1,102,7,27,17,1,10,0.375,0.001388888888888889,0.14166666666666666,0.009722222222222222,0.0375,0.02361111111111111,0.001388888888888889,0.013888888888888888,720,1002,37,0.036926147704590816
2020,12,Usera,1,Orcasitas,121,156,0,53,1,26,9,3,7,0.43333333333333335,0,0.14722222222222223,0.002777777777777778,0.07222222222222222,0.025,0.008333333333333333,0.019444444444444445,360,447,20,0.0447427293064877
2020,12,Usera,2,Orcasur,122,69,0,32,0,24,6,7,4,0.2782258064516129,0,0.12903225806451613,0,0.0967741935483871,0.024193548387096774,0.028225806451612902,0.016129032258064516,248,416,10,0.02403846153846154
2020,12,Usera,3,San Fermín,123,154,1,74,3,13,8,6,7,0.3728813559322034,0.002421307506053269,0.1791767554479419,0.007263922518159807,0.031476997578692496,0.01937046004842615,0.014527845036319613,0.01694915254237288,413,640,12,0.01875
2020,12,Usera,4,Almendrales,124,270,1,110,2,19,17,7,12,0.3511053315994798,0.0013003901170351106,0.14304291287386217,0.002600780234070221,0.0247074122236671,0.022106631989596878,0.0091027308192457735,0.015604681404421327,769,1162,40,0.03442340791738382
2020,12,Usera,5,Moscardó,125,510,1,170,10,32,27,9,17,0.4214876033057851,8.264462809917355e-4,0.14049586776859505,0.008264462809917356,0.026446280991735537,0.02231404958677686,0.00743801652892562,0.014049586776859505,1210,1629,65,0.03990178023327195
2020,12,Usera,6,Zofío,126,105,1,47,2,15,8,3,10,0.27631578947368424,0.002631578947368421,0.12368421052631579,0.005263157894736842,0.039473684210526314,0.021052631578947368,0.007894736842105263,0.02631578947368421,380,689,54,0.0783744557329463
2020,12,Usera,7,Pradolongo,127,275,2,116,5,24,19,7,7,0.3235294117647059,0.002352941176470588,0.13647058823529412,0.0058823529411764705,0.02823529411764706,0.02235294117647059,0.00823529411764706,0.00823529411764706,850,1335,106,0.07940074906367041
2020,13,Puente de Vallecas,1,Entrevías,131,246,1,138,4,46,19,9,17,0.3106060606060606,0.0012626262626262627,0.17424242424242425,0.005050505050505051,0.05808080808080808,0.023989898989898988,0.011363636363636364,0.021464646464646464,792,1510,84,0.05562913907284768
2020,13,Puente de Vallecas,2,San Diego,132,665,2,201,9,41,39,13,21,0.38,0.001142857142857143,0.11485714285714285,0.005142857142857143,0.023428571428571427,0.022285714285714287,0.0074285714285714285,0.012,1750,3060,253,0.0826797385620915
2020,13,Puente de Vallecas,3,Palomeras Bajas,133,269,0,89,8,55,21,13,23,0.3252720677146312,0,0.10761789600967352,0.009673518742442563,0.06650544135429262,0.02539298669891173,0.015719467956469165,0.02781136638452237,827,1392,106,0.07614942528735633
2020,13,Puente de Vallecas,4,Palomeras Sureste,134,308,1,121,10,46,20,10,11,0.3092369477911647,0.001004016064257028,0.1214859437751004,0.010040160642570281,0.04618473895582329,0.020080321285140562,0.010040160642570281,0.01104417670682731,996,1732,162,0.09353348729792148
2020,13,Puente de Vallecas,5,Portazgo,135,351,0,109,7,34,31,5,11,0.37987012987012986,0,0.11796536796536797,0.007575757575757576,0.0367965367965368,0.03354978354978355,0.005411255411255411,0.011904761904761904,924,1512,92,0.06084656084656084
2020,13,Puente de Vallecas,6,Numancia,136,516,0,156,8,66,35,15,15,0.354639175257732,0,0.10721649484536082,0.005498281786941581,0.04536082474226804,0.024054982817869417,0.010309278350515464,0.010309278350515464,1455,2444,242,0.09901800327332243
2020,14,Moratalaz,1,Pavones,141,35,0,19,2,13,9,26,7,0.2023121387283237,0,0.10982658959537572,0.011560693641618497,0.07514450867052024,0.05202312138728324,0.15028901734104047,0.04046242774566474,173,259,13,0.05019305019305019
2020,14,Moratalaz,2,Horcajo,142,32,0,10,0,12,9,1,0,0.32653061224489793,0,0.10204081632653061,0,0.12244897959183673,0.09183673469387756,0.01020408163265306,0,98,130,6,0.046153846153846156
2020,14,Moratalaz,3,Marroquina,143,270,0,108,11,52,37,9,15,0.33007334963325186,0,0.13202933985330073,0.013447432762836185,0.06356968215158924,0.04523227383863081,0.011002444987775062,0.018337408312958436,818,1102,70,0.06352087114337568
2020,14,Moratalaz,4,Media Legua,144,115,0,45,6,27,16,6,13,0.2839506172839506,0,0.1111111111111111,0.014814814814814815,0.06666666666666667,0.03950617283950617,0.014814814814814815,0.03209876543209877,405,559,11,0.01967799642218247
2020,14,Moratalaz,5,Fontarrón,145,155,0,33,3,20,14,6,6,0.4696969696969697,0,0.1,0.00909090909090909,0.06060606060606061,0.04242424242424243,0.01818181818181818,0.01818181818181818,330,417,8,0.019184652278177457
2020,14,Moratalaz,6,Vinateros,146,153,0,29,7,11,12,3,1,0.4766355140186916,0,0.09034267912772585,0.021806853582554516,0.03426791277258567,0.037383177570093455,0.009345794392523364,0.003115264797507788,321,410,14,0.03414634146341464
2020,15,Ciudad Lineal,1,Ventas,151,510,0,179,16,45,55,11,25,0.31716417910447764,0,0.11131840796019901,0.009950248756218905,0.027985074626865673,0.034203980099502485,0.006840796019900498,0.01554726368159204,1608,2854,156,0.05466012613875263
2020,15,Ciudad Lineal,2,Pueblo Nuevo,152,759,3,265,22,66,69,8,32,0.34705075445816186,0.0013717421124828531,0.1211705532693187,0.010059442158207591,0.03017832647462277,0.03155006858710562,0.003657978966620942,0.014631915866483767,2187,3589,134,0.03733630537754249
2020,15,Ciudad Lineal,3,Quintana,153,439,1,143,13,51,35,10,15,0.3625103220478943,8.257638315441783e-4,0.1180842279108175,0.010734929810074319,0.042113955408753095,0.028901734104046242,0.008257638315441783,0.012386457473162676,1211,1837,73,0.03973870440936309
2020,15,Ciudad Lineal,4,La Concepción,154,307,4,140,8,38,23,2,25,0.31747673216132366,0.004136504653567736,0.14477766287487073,0.008273009307135471,0.03929679420889348,0.023784901758014478,0.002068252326783868,0.025853154084798345,967,1511,107,0.07081403044341496
2020,15,Ciudad Lineal,5,San Pascual,155,181,2,71,3,32,20,7,8,0.3261261261261261,0.0036036036036036037,0.12792792792792793,0.005405405405405406,0.05765765765765766,0.036036036036036036,0.012612612612612612,0.014414414414414415,555,870,20,0.022988505747126436
2020,15,Ciudad Lineal,6,San Juan Bautista,156,117,1,61,5,21,27,6,7,0.291044776119403,0.0024875621890547263,0.1517412935323383,0.012437810945273632,0.05223880597014925,0.06716417910447761,0.014925373134328358,0.017412935323383085,402,485,4,0.008247422680412371
2020,15,Ciudad Lineal,7,Colina,157,53,3,27,5,10,21,6,10,0.19272727272727272,0.01090909090909091,0.09818181818181818,0.01818181818181818,0.03636363636363636,0.07636363636363637,0.02181818181818182,0.03636363636363636,275,378,8,0.021164021164021163
2020,15,Ciudad Lineal,8,Atalaya,158,1,1,4,0,3,3,1,2,0.029411764705882353,0.029411764705882353,0.11764705882352941,0,0.08823529411764706,0.08823529411764706,0.029411764705882353,0.058823529411764705,34,42,1,0.023809523809523808
2020,15,Ciudad Lineal,9,Costillares,159,106,4,53,3,25,27,4,13,0.27249357326478146,0.010282776349614395,0.13624678663239073,0.007712082262210797,0.06426735218508997,0.06940874035989718,0.010282776349614395,0.033419023136246784,389,467,5,0.010706638115631691
2020,16,Hortaleza,1,Palomas,161,38,2,22,1,13,4,4,8,0.2638888888888889,0.013888888888888888,0.1527777777777778,0.006944444444444444,0.09027777777777778,0.027777777777777776,0.027777777777777776,0.05555555555555555,144,168,1,0.005952380952380952
2020,16,Hortaleza,2,Piovera,162,58,2,41,7,38,18,11,16,0.19333333333333333,0.006666666666666667,0.13666666666666666,0.023333333333333334,0.12666666666666668,0.06,0.03666666666666667,0.05333333333333334,300,347,2,0.005763688760806916
2020,16,Hortaleza,3,Canillas,163,432,2,166,24,93,60,22,38,0.30813124108416545,0.0014265335235378032,0.11840228245363767,0.017118402282453638,0.06633380884450785,0.042796005706134094,0.015691868758915834,0.02710413694721826,1402,2160,193,0.08935185185185185
2020,16,Hortaleza,4,Pinar del Rey,164,556,4,170,16,64,50,14,23,0.3696808510638298,0.0026595744680851063,0.11303191489361702,0.010638297872340425,0.0425531914893617,0.03324468085106383,0.009308510638297872,0.015292553191489361,1504,2812,331,0.11770981507823614
2020,16,Hortaleza,5,Apóstol Santiago,165,76,0,40,3,13,7,2,8,0.3261802575107296,0,0.17167381974248927,0.012875536480686695,0.055793991416309016,0.030042918454935622,0.008583690987124463,0.034334763948497854,233,396,22,0.05555555555555555
2020,16,Hortaleza,6,Valdefuentes,166,176,3,143,9,58,36,9,20,0.23036649214659685,0.003926701570680628,0.18717277486910994,0.011780104712041885,0.07591623036649214,0.04712041884816754,0.011780104712041885,0.02617801047120419,764,1100,10,0.00909090909090909
2020,17,Villaverde,1,"Villaverde Alto, Casco Histórico de Villaverde",171,593,1,170,11,63,41,16,39,0.22755180353031465,3.837298541826554e-4,0.06523407521105141,0.00422102839600921,0.02417498081350729,0.015732924021488872,0.0061396776669224865,0.014965464313123561,2606,4377,127,0.02901530728809687
2020,17,Villaverde,2,San Cristóbal,172,118,0,44,2,10,7,6,8,0.4154929577464789,0,0.15492957746478872,0.007042253521126761,0.035211267605633804,0.02464788732394366,0.02112676056338028,0.028169014084507043,284,436,15,0.034403669724770644
2020,17,Villaverde,3,Butarque,173,97,0,39,5,21,7,3,6,0.3089171974522293,0,0.12420382165605096,0.01592356687898089,0.06687898089171974,0.022292993630573247,0.009554140127388535,0.01910828025477707,314,423,8,0.018912529550827423
2020,17,Villaverde,4,Los Rosales,174,378,0,113,10,39,30,6,17,0.3945720250521921,0,0.11795407098121086,0.010438413361169102,0.0407098121085595,0.031315240083507306,0.006263048016701462,0.017745302713987474,958,1559,79,0.05067350865939705
2020,17,Villaverde,5,Ángeles,175,353,0,83,4,31,30,7,9,0.4578469520103761,0,0.10765239948119326,0.005188067444876783,0.040207522697795074,0.038910505836575876,0.009079118028534372,0.011673151750972763,771,1009,24,0.023785926660059464
2020,18,Villa de Vallecas,1,Casco Histórico de Vallecas,181,473,10,192,18,63,51,7,25,0.1751203258052573,0.0037023324694557573,0.07108478341355054,0.006664198445020363,0.02332469455757127,0.01888189559422436,0.00259163272861903,0.009255831173639394,2701,3960,134,0.03383838383838384
2020,18,Villa de Vallecas,2,Santa Eugenia,182,178,0,58,8,38,19,2,19,0.3625254582484725,0,0.11812627291242363,0.016293279022403257,0.07739307535641547,0.038696537678207736,0.004073319755600814,0.038696537678207736,491,640,25,0.0390625
2020,18,Villa de Vallecas,3,Ensanche de Vallecas,183,302,0,107,5,54,32,1,13,0.45007451564828616,0,0.15946348733233978,0.007451564828614009,0.08047690014903129,0.04769001490312966,0.0014903129657228018,0.019374068554396422,671,894,4,0.0044742729306487695
2020,19,Vicalvaro,1,Casco Histórico de Vicálvaro,191,398,1,143,14,45,30,13,20,0.34578627280625546,8.688097306689834e-4,0.12423979148566464,0.01216333622936577,0.03909643788010426,0.026064291920069503,0.011294526498696786,0.01737619461337967,1151,1743,120,0.06884681583476764
2020,19,Vicalvaro,2,Valdebernardo,192,122,0,39,1,15,16,5,11,0.3873015873015873,0,0.12380952380952381,0.0031746031746031746,0.047619047619047616,0.050793650793650794,0.015873015873015872,0.03492063492063492,315,385,13,0.033766233766233764
2020,19,Vicalvaro,3,Valderrivas,193,35,0,14,2,11,6,0,0,0.3763440860215054,0,0.15053763440860216,0.021505376344086023,0.11827956989247312,0.06451612903225806,0,0,93,101,0,0
2020,19,Vicalvaro,4,El Cañaveral,194,9,0,5,1,1,0,0,0,0.42857142857142855,0,0.23809523809523808,0.047619047619047616,0.047619047619047616,0,0,0,21,27,0,0
2020,20,San Blas-Canillejas,1,Simancas,201,262,9,193,13,32,23,12,18,0.23268206039076378,0.007992895204262877,0.1714031971580817,0.011545293072824156,0.028419182948490232,0.020426287744227355,0.010657193605683837,0.015985790408525755,1126,1411,36,0.025513819985825654
2020,20,San Blas-Canillejas,2,Hellín,202,38,0,9,1,4,7,4,3,0.4175824175824176,0,0.0989010989010989,0.01098901098901099,0.04395604395604396,0.07692307692307693,0.04395604395604396,0.03296703296703297,91,121,8,0.06611570247933884
2020,20,San Blas-Canillejas,3,Amposta,203,106,0,30,2,4,9,10,2,0.4608695652173913,0,0.13043478260869565,0.008695652173913044,0.017391304347826087,0.0391304347826087,0.043478260869565216,0.008695652173913044,230,452,30,0.06637168141592921
2020,20,San Blas-Canillejas,4,Arcos,204,158,0,51,6,25,9,5,5,0.45272206303724927,0,0.14613180515759314,0.017191977077363897,0.07163323782234957,0.025787965616045846,0.014326647564469915,0.014326647564469915,349,429,12,0.027972027972027972
2020,20,San Blas-Canillejas,5,Rosas,205,228,0,206,7,60,38,9,17,0.26146788990825687,0,0.23623853211009174,0.008027522935779817,0.06880733944954129,0.04357798165137615,0.010321100917431193,0.0194954128440367,872,1138,27,0.023725834797891036
2020,20,San Blas-Canillejas,6,Rejas,206,212,16,83,7,8,4,2,26,0.29526462395543174,0.022284122562674095,0.11559888579387187,0.009749303621169917,0.011142061281337047,0.005571030640668524,0.002785515320334262,0.036211699164345405,718,944,12,0.012711864406779662
2020,20,San Blas-Canillejas,7,Canillejas,207,375,1,129,10,29,32,12,16,0.38739669421487605,0.0010330578512396695,0.13326446280991736,0.010330578512396695,0.029958677685950414,0.03305785123966942,0.012396694214876033,0.01652892561983471,968,1546,63,0.0407503234152652
2020,20,San Blas-Canillejas,8,El Salvador,208,44,2,41,4,13,3,2,9,0.19383259911894274,0.00881057268722467,0.18061674008810572,0.01762114537444934,0.05726872246696035,0.013215859030837005,0.00881057268722467,0.039647577092511016,227,343,8,0.023323615160349854
2020,21,Barajas,1,Alameda de Osuna,211,127,6,54,4,23,17,2,17,0.34048257372654156,0.0160857908847185,0.1447721179624665,0.010723860589812333,0.06166219839142091,0.045576407506702415,0.005361930294906166,0.045576407506702415,373,502,3,0.00597609561752988
2020,21,Barajas,2,Aeropuerto,212,166,3,105,1,3,1,4,2,0.36323851203501095,0.006564551422319475,0.22975929978118162,0.002188183807439825,0.006564551422319475,0.002188183807439825,0.0087527352297593,0.00437636761487965,457,569,9,0.015817223198594025
2020,21,Barajas,3,Casco Histórico de Barajas,213,129,15,72,11,11,18,3,5,0.344,0.04,0.192,0.029333333333333333,0.029333333333333333,0.048,0.008,0.013333333333333334,375,535,36,0.06728971962616823
2020,21,Barajas,4,Timón,214,59,4,45,2,19,20,2,7,0.2277992277992278,0.015444015444015444,0.17374517374517376,0.007722007722007722,0.07335907335907337,0.07722007722007722,0.007722007722007722,0.02702702702702703,259,368,7,0.019021739130434784
2020,21,Barajas,5,Corralejos,215,21,5,85,1,9,6,2,9,0.08936170212765958,0.02127659574468085,0.3617021276595745,0.00425531914893617,0.03829787234042553,0.02553191489361702,0.00851063829787234,0.03829787234042553,235,298,0,0
2021,1,Centro,1,Palacio,011,505,38,576,18,54,13,7,42,0.29601406799531066,0.022274325908558032,0.3376318874560375,0.010550996483001172,0.031652989449003514,0.0076201641266119575,0.004103165298944901,0.0246189917936694,1706,2194,57,0.025979945305378303
2021,1,Centro,2,Embajadores,012,1469,37,507,11,74,22,16,45,0.4799085266252859,0.012087553087226397,0.16563214635739953,0.0035935968637700096,0.024175106174452794,0.007187193727540019,0.005227049983665469,0.01470107807905913,3061,3994,111,0.027791687531296946
2021,1,Centro,3,Cortes,013,366,48,431,6,25,12,3,36,0.3065326633165829,0.04020100502512563,0.3609715242881072,0.005025125628140704,0.020938023450586266,0.010050251256281407,0.002512562814070352,0.03015075376884422,1194,1375,9,0.006545454545454545
2021,1,Centro,4,Justicia,014,873,29,504,9,38,26,4,38,0.44723360655737704,0.01485655737704918,0.2581967213114754,0.004610655737704918,0.0194672131147541,0.01331967213114754,0.0020491803278688526,0.0194672131147541,1952,2116,5,0.0023629489603024575
2021,1,Centro,5,Universidad,015,919,34,627,15,84,46,10,61,0.37787828947368424,0.013980263157894737,0.2578125,0.006167763157894737,0.03453947368421053,0.018914473684210526,0.004111842105263158,0.025082236842105265,2432,2991,96,0.0320962888665998
2021,1,Centro,6,Sol,016,761,44,469,0,4,2,6,30,0.46801968019680196,0.02706027060270603,0.28843788437884377,0,0.0024600246002460025,0.0012300123001230013,0.0036900369003690036,0.01845018450184502,1626,1852,1,5.399568034557236e-4
2021,2,Arganzuela,1,Imperial,021,224,4,103,24,39,36,3,17,0.30434782608695654,0.005434782608695652,0.13994565217391305,0.03260869565217391,0.05298913043478261,0.04891304347826087,0.004076086956521739,0.02309782608695652,736,893,17,0.019036954087346025
2021,2,Arganzuela,2,Acacias,022,369,2,155,13,90,58,11,35,0.3111298482293423,0.0016863406408094434,0.13069139966273188,0.010961214165261383,0.07588532883642496,0.048903878583473864,0.00927487352445194,0.02951096121416526,1186,1401,20,0.014275517487508922
2021,2,Arganzuela,3,Chopera,023,290,3,104,5,20,22,8,15,0.38926174496644295,0.004026845637583893,0.1395973154362416,0.006711409395973154,0.026845637583892617,0.02953020134228188,0.010738255033557046,0.020134228187919462,745,975,24,0.024615384615384615
2021,2,Arganzuela,4,Legazpi,024,119,0,78,4,29,28,6,11,0.25646551724137934,0,0.16810344827586207,0.008620689655172414,0.0625,0.0603448275862069,0.01293103448275862,0.023706896551724137,464,588,14,0.023809523809523808
2021,2,Arganzuela,5,Delicias,025,296,2,134,12,39,33,4,11,0.35705669481302776,0.0024125452352231603,0.16164053075995174,0.014475271411338963,0.047044632086851626,0.039806996381182146,0.0048250904704463205,0.013268998793727383,829,988,7,0.00708502024291498
2021,2,Arganzuela,6,Palos de la Frontera,026,447,6,206,19,59,48,17,21,0.3313565604151223,0.004447739065974796,0.15270570793180133,0.014084507042253521,0.04373610081541883,0.03558191252779837,0.012601927353595256,0.015567086730911787,1349,1548,15,0.009689922480620155
2021,2,Arganzuela,7,Atocha,027,59,0,31,0,1,3,0,1,0.3532934131736527,0,0.18562874251497005,0,0.005988023952095809,0.017964071856287425,0,0.005988023952095809,167,263,0,0
2021,3,Retiro,1,Pacífico,031,545,2,160,12,43,38,6,22,0.43775100401606426,0.001606425702811245,0.1285140562248996,0.00963855421686747,0.03453815261044177,0.030522088353413655,0.004819277108433735,0.017670682730923693,1245,1541,11,0.007138221933809215
2021,3,Retiro,2,Adelfas,032,109,4,50,5,24,21,4,6,0.26715686274509803,0.00980392156862745,0.12254901960784313,0.012254901960784314,0.058823529411764705,0.051470588235294115,0.00980392156862745,0.014705882352941176,408,517,1,0.0019342359767891683
2021,3,Retiro,3,Estrella,033,151,1,42,6,23,21,3,8,0.3471264367816092,0.0022988505747126436,0.09655172413793103,0.013793103448275862,0.052873563218390804,0.04827586206896552,0.006896551724137931,0.01839080459770115,435,524,4,0.007633587786259542
2021,3,Retiro,4,Ibiza,034,476,1,206,8,15,34,1,6,0.4666666666666667,9.80392156862745e-4,0.2019607843137255,0.00784313725490196,0.014705882352941176,0.03333333333333333,9.80392156862745e-4,0.0058823529411764705,1020,1099,1,9.099181073703367e-4
2021,3,Retiro,5,Los Jerónimos,035,92,8,80,3,11,7,3,17,0.2569832402234637,0.0223463687150838,0.22346368715083798,0.008379888268156424,0.030726256983240222,0.019553072625698324,0.008379888268156424,0.04748603351955307,358,404,1,0.0024752475247524753
2021,3,Retiro,6,Niño Jesús,036,123,0,61,2,58,25,4,9,0.2536082474226804,0,0.12577319587628866,0.004123711340206186,0.11958762886597939,0.05154639175257732,0.008247422680412371,0.018556701030927835,485,579,4,0.0069084628670120895
2021,4,Salamanca,1,Recoletos,041,998,19,282,8,14,27,2,21,0.5874043555032372,0.011183048852266038,0.16597998822836962,0.004708652148322542,0.00824014125956445,0.015891701000588582,0.0011771630370806356,0.012360211889346674,1699,1817,0,0
2021,4,Salamanca,2,Goya,042,863,5,350,17,47,73,3,33,0.4554089709762533,0.002638522427440633,0.18469656992084432,0.008970976253298154,0.024802110817941952,0.03852242744063324,0.0015831134564643799,0.017414248021108178,1895,2042,2,9.794319294809011e-4
2021,4,Salamanca,3,Fuente del Berro,043,264,0,115,2,41,39,10,26,0.296962879640045,0,0.12935883014623173,0.0022497187851518562,0.04611923509561305,0.043869516310461196,0.01124859392575928,0.02924634420697413,889,1114,12,0.010771992818671455
2021,4,Salamanca,4,Guindalera,044,554,16,206,12,94,62,20,41,0.3260741612713361,0.009417304296645085,0.12124779281930548,0.007062978222483814,0.05532666274278988,0.03649205414949971,0.011771630370806356,0.02413184226015303,1699,2062,18,0.008729388942774006
2021,4,Salamanca,5,Lista,045,452,7,218,6,31,49,4,20,0.3989408649602824,0.00617828773168579,0.19240953221535745,0.00529567519858782,0.02736098852603707,0.04324801412180053,0.00353045013239188,0.0176522506619594,1133,1218,1,8.210180623973727e-4
2021,4,Salamanca,6,Castellana,046,505,10,225,7,16,42,1,24,0.4334763948497854,0.008583690987124463,0.19313304721030042,0.006008583690987125,0.013733905579399141,0.036051502145922745,8.583690987124463e-4,0.020600858369098713,1165,1281,2,0.00156128024980484
2021,5,Chamartin,1,El Viso,051,223,1,140,5,86,40,2,28,0.252262443438914,0.0011312217194570137,0.1583710407239819,0.005656108597285068,0.09728506787330317,0.04524886877828054,0.0022624434389140274,0.03167420814479638,884,1004,6,0.00597609561752988
2021,5,Chamartin,2,Prosperidad,052,543,5,210,12,56,43,17,17,0.3703956343792633,0.0034106412005457027,0.1432469304229195,0.008185538881309686,0.03819918144611187,0.029331514324693043,0.011596180081855388,0.011596180081855388,1466,1861,41,0.02203116603976357
2021,5,Chamartin,3,Ciudad Jardín,053,310,4,156,10,46,41,7,21,0.292177191328935,0.003770028275212064,0.1470311027332705,0.00942507068803016,0.043355325164938736,0.03864278982092366,0.006597549481621112,0.019792648444863337,1061,1389,16,0.011519078473722102
2021,5,Chamartin,4,Hispanoamérica,054,512,4,243,12,55,74,9,29,0.3473541383989145,0.0027137042062415195,0.16485753052917232,0.008141112618724558,0.03731343283582089,0.050203527815468114,0.006105834464043419,0.01967435549525102,1474,1676,22,0.013126491646778043
2021,5,Chamartin,5,Nueva España,055,206,3,137,9,61,52,5,17,0.24121779859484777,0.00351288056206089,0.16042154566744732,0.01053864168618267,0.07142857142857142,0.06088992974238876,0.00585480093676815,0.01990632318501171,854,1023,19,0.01857282502443793
2021,5,Chamartin,6,Castilla,056,154,6,90,5,23,20,4,14,0.28677839851024206,0.0111731843575419,0.16759776536312848,0.00931098696461825,0.04283054003724395,0.037243947858473,0.0074487895716946,0.0260707635009311,537,750,130,0.17333333333333334
2021,6,Tetuan,1,Bellas Vistas,061,345,8,120,10,42,22,8,13,0.3094170403587444,0.007174887892376682,0.10762331838565023,0.008968609865470852,0.03766816143497758,0.019730941704035873,0.007174887892376682,0.011659192825112108,1115,1691,145,0.08574807806031934
2021,6,Tetuan,2,Cuatro Caminos,062,833,18,358,18,53,49,5,42,0.40358527131782945,0.00872093023255814,0.17344961240310078,0.00872093023255814,0.02567829457364341,0.02374031007751938,0.0024224806201550387,0.020348837209302327,2064,2654,82,0.03089675960813866
2021,6,Tetuan,3,Castillejos,063,278,11,222,7,23,46,1,22,0.2693798449612403,0.01065891472868217,0.21511627906976744,0.0067829457364341084,0.022286821705426358,0.044573643410852716,9.689922480620155e-4,0.02131782945736434,1032,1269,27,0.02127659574468085
2021,6,Tetuan,4,Almenara,064,244,6,86,1,40,31,21,13,0.28773584905660377,0.007075471698113208,0.10141509433962265,0.0011792452830188679,0.04716981132075472,0.036556603773584904,0.024764150943396228,0.015330188679245283,848,1532,104,0.06788511749347259
2021,6,Tetuan,5,Valdeacederas,065,346,2,82,6,24,19,13,9,0.35633367662203913,0.0020597322348094747,0.08444902162718847,0.006179196704428424,0.024716786817713696,0.01956745623069001,0.013388259526261586,0.009268795056642637,971,1916,186,0.09707724425887265
2021,6,Tetuan,6,Berruguete,066,320,3,98,9,27,15,7,14,0.34594594594594597,0.003243243243243243,0.10594594594594595,0.00972972972972973,0.02918918918918919,0.016216216216216217,0.0075675675675675675,0.015135135135135135,925,1541,158,0.10253082414016872
2021,7,Chamberi,1,Gaztambide,071,580,9,234,18,60,55,4,23,0.39590443686006827,0.0061433447098976105,0.1597269624573379,0.012286689419795221,0.040955631399317405,0.03754266211604096,0.0027303754266211604,0.015699658703071672,1465,1671,10,0.005984440454817474
2021,7,Chamberi,2,Arapiles,072,454,3,205,21,63,47,8,17,0.36378205128205127,0.002403846153846154,0.1642628205128205,0.016826923076923076,0.05048076923076923,0.03766025641025641,0.00641025641025641,0.013621794871794872,1248,1422,7,0.004922644163150493
2021,7,Chamberi,3,Trafalgar,073,500,13,302,13,45,59,10,31,0.32894736842105265,0.008552631578947369,0.1986842105263158,0.008552631578947369,0.029605263157894735,0.03881578947368421,0.006578947368421052,0.020394736842105264,1520,1819,6,0.003298515667949423
2021,7,Chamberi,4,Almagro,074,358,7,246,4,46,48,5,14,0.3173758865248227,0.0062056737588652485,0.21808510638297873,0.0035460992907801418,0.040780141843971635,0.0425531914893617,0.004432624113475178,0.012411347517730497,1128,1284,11,0.008566978193146417
2021,7,Chamberi,5,Ríos Rosas,075,400,9,282,15,47,49,7,19,0.30441400304414,0.00684931506849315,0.2146118721461187,0.01141552511415525,0.03576864535768645,0.03729071537290715,0.00532724505327245,0.01445966514459665,1314,1461,11,0.007529089664613279
2021,7,Chamberi,6,Vallehermoso,076,218,1,125,7,51,57,18,15,0.27629911280101394,0.0012674271229404308,0.15842839036755388,0.008871989860583017,0.06463878326996197,0.07224334600760456,0.022813688212927757,0.019011406844106463,789,861,5,0.005807200929152149
2021,8,Fuencarral-El Pardo,1,El Pardo,081,36,0,37,1,6,4,5,15,0.24161073825503357,0,0.24832214765100671,0.006711409395973154,0.040268456375838924,0.026845637583892617,0.03355704697986577,0.10067114093959731,149,219,19,0.0867579908675799
2021,8,Fuencarral-El Pardo,2,Fuentelarreina,082,7,1,3,0,0,2,1,1,0.28,0.04,0.12,0,0,0.08,0.04,0.04,25,27,0,0
2021,8,Fuencarral-El Pardo,3,Peñagrande,083,338,0,106,14,57,45,20,13,0.3576719576719577,0,0.11216931216931217,0.014814814814814815,0.06031746031746032,0.047619047619047616,0.021164021164021163,0.013756613756613757,945,1163,36,0.030954428202923472
2021,8,Fuencarral-El Pardo,4,Pilar,084,751,2,229,19,74,56,6,22,0.41400220507166485,0.0011025358324145535,0.12624035281146637,0.010474090407938258,0.040793825799338476,0.030871003307607496,0.0033076074972436605,0.012127894156560088,1814,2536,166,0.06545741324921135
2021,8,Fuencarral-El Pardo,5,La Paz,085,188,2,83,3,30,50,10,13,0.2919254658385093,0.003105590062111801,0.12888198757763975,0.004658385093167702,0.046583850931677016,0.07763975155279502,0.015527950310559006,0.020186335403726708,644,777,10,0.01287001287001287
2021,8,Fuencarral-El Pardo,6,Valverde,086,391,10,251,11,97,64,20,35,0.23568414707655214,0.006027727546714889,0.1512959614225437,0.006630500301386378,0.05846895720313442,0.038577456298975285,0.012055455093429777,0.02109704641350211,1659,2755,108,0.039201451905626135
2021,8,Fuencarral-El Pardo,7,Mirasierra,087,128,0,51,4,42,35,24,21,0.2857142857142857,0,0.11383928571428571,0.008928571428571428,0.09375,0.078125,0.05357142857142857,0.046875,448,490,0,0
2021,8,Fuencarral-El Pardo,8,El Goloso,088,112,1,87,3,71,25,6,27,0.22903885480572597,0.002044989775051125,0.17791411042944785,0.006134969325153374,0.14519427402862986,0.05112474437627812,0.012269938650306749,0.05521472392638037,489,577,1,0.0017331022530329288
2021,9,Moncloa-Aravaca,1,Casa de Campo,091,237,4,154,3,26,24,10,25,0.3500738552437223,0.005908419497784343,0.2274741506646972,0.004431314623338257,0.03840472673559823,0.03545051698670606,0.014771048744460856,0.03692762186115214,677,829,14,0.016887816646562123
2021,9,Moncloa-Aravaca,2,Argüelles,092,426,15,244,16,59,46,11,16,0.3370253164556962,0.011867088607594937,0.1930379746835443,0.012658227848101266,0.04667721518987342,0.03639240506329114,0.00870253164556962,0.012658227848101266,1264,1499,17,0.01134089392928619
2021,9,Moncloa-Aravaca,3,Ciudad Universitaria,093,147,1,144,5,105,32,6,44,0.1826086956521739,0.0012422360248447205,0.17888198757763976,0.006211180124223602,0.13043478260869565,0.03975155279503106,0.007453416149068323,0.0546583850931677,805,1001,32,0.03196803196803197
2021,9,Moncloa-Aravaca,4,Valdezarza,094,200,1,65,6,43,35,5,11,0.3125,0.0015625,0.1015625,0.009375,0.0671875,0.0546875,0.0078125,0.0171875,640,983,57,0.05798575788402848
2021,9,Moncloa-Aravaca,5,Valdemarín,095,14,5,33,1,15,6,6,5,0.11965811965811966,0.042735042735042736,0.28205128205128205,0.008547008547008548,0.1282051282051282,0.05128205128205128,0.05128205128205128,0.042735042735042736,117,126,0,0
2021,9,Moncloa-Aravaca,6,El Plantío,096,64,2,31,1,15,8,4,2,0.31840796019900497,0.009950248756218905,0.15422885572139303,0.004975124378109453,0.07462686567164178,0.03980099502487562,0.01990049751243781,0.009950248756218905,201,236,1,0.00423728813559322
2021,9,Moncloa-Aravaca,7,Aravaca,097,218,1,65,10,53,34,12,13,0.34276729559748426,0.0015723270440251573,0.10220125786163523,0.015723270440251572,0.08333333333333333,0.05345911949685535,0.018867924528301886,0.020440251572327043,636,765,20,0.026143790849673203
2021,10,Latina,1,Los Cármenes,101,80,2,53,2,14,7,5,19,0.23668639053254437,0.005917159763313609,0.15680473372781065,0.005917159763313609,0.04142011834319527,0.020710059171597635,0.014792899408284023,0.05621301775147929,338,749,76,0.10146862483311081
2021,10,Latina,2,Puerta del Angel,102,577,6,199,14,63,46,9,18,0.3640378548895899,0.0037854889589905363,0.12555205047318613,0.008832807570977918,0.03974763406940063,0.029022082018927444,0.0056782334384858045,0.011356466876971609,1585,2990,276,0.09230769230769231
2021,10,Latina,3,Lucero,103,304,1,121,11,45,31,11,17,0.33591160220994476,0.0011049723756906078,0.13370165745856355,0.012154696132596685,0.049723756906077346,0.03425414364640884,0.012154696132596685,0.01878453038674033,905,1471,122,0.08293677770224338
2021,10,Latina,4,Aluche,104,749,2,285,18,78,101,14,31,0.38331627430910953,0.0010235414534288639,0.1458546571136131,0.009211873080859774,0.03991811668372569,0.05168884339815762,0.007164790174002047,0.01586489252814739,1954,2725,176,0.06458715596330275
2021,10,Latina,5,Campamento,105,151,0,50,8,19,13,3,5,0.31524008350730687,0,0.10438413361169102,0.016701461377870562,0.03966597077244259,0.027139874739039668,0.006263048016701462,0.010438413361169102,479,816,67,0.0821078431372549
2021,10,Latina,6,Cuatro Vientos,106,23,0,12,0,11,4,4,5,0.2072072072072072,0,0.10810810810810811,0,0.0990990990990991,0.036036036036036036,0.036036036036036036,0.04504504504504504,111,157,0,0
2021,10,Latina,7,Águilas,107,480,0,151,14,40,46,10,23,0.41131105398457585,0,0.1293916023993145,0.011996572407883462,0.03427592116538132,0.03941730934018852,0.00856898029134533,0.01970865467009426,1167,1607,28,0.017423771001866834
2021,11,Carabanchel,1,Comillas,111,295,2,102,10,20,16,2,15,0.3486997635933806,0.002364066193853428,0.12056737588652482,0.01182033096926714,0.02364066193853428,0.018912529550827423,0.002364066193853428,0.01773049645390071,846,1380,51,0.036956521739130437
2021,11,Carabanchel,2,Opañel,112,404,0,154,10,37,34,11,16,0.3153786104605777,0,0.12021857923497267,0.0078064012490242,0.02888368462138954,0.02654176424668228,0.00858704137392662,0.01249024199843872,1281,1959,78,0.039816232771822356
2021,11,Carabanchel,3,San Isidro,113,341,2,140,10,34,27,10,16,0.2894736842105263,0.001697792869269949,0.11884550084889643,0.008488964346349746,0.028862478777589132,0.022920203735144314,0.008488964346349746,0.013582342954159592,1178,2098,130,0.06196377502383222
2021,11,Carabanchel,4,Vista Alegre,114,854,5,284,25,68,68,11,26,0.3860759493670886,0.0022603978300180833,0.12839059674502712,0.011301989150090416,0.03074141048824593,0.03074141048824593,0.004972875226039783,0.011754068716094032,2212,3411,121,0.035473468191146294
2021,11,Carabanchel,5,Puerta Bonita,115,318,1,100,5,50,32,10,15,0.32987551867219916,0.001037344398340249,0.1037344398340249,0.005186721991701245,0.05186721991701245,0.03319502074688797,0.01037344398340249,0.015560165975103735,964,1595,80,0.050156739811912224
2021,11,Carabanchel,6,Buenavista,116,459,1,194,11,69,43,7,29,0.3318872017353579,7.230657989877079e-4,0.14027476500361533,0.007953723788864787,0.049891540130151846,0.03109182935647144,0.005061460592913955,0.02096890817064353,1383,2111,48,0.022738038844149693
2021,11,Carabanchel,7,Abrantes,117,249,1,101,7,28,17,1,11,0.3536931818181818,0.0014204545454545455,0.1434659090909091,0.009943181818181818,0.03977272727272727,0.024147727272727272,0.0014204545454545455,0.015625,704,1005,35,0.03482587064676617
2021,12,Usera,1,Orcasitas,121,157,3,54,1,27,10,3,5,0.4325068870523416,0.008264462809917356,0.1487603305785124,0.0027548209366391185,0.0743801652892562,0.027548209366391185,0.008264462809917356,0.013774104683195593,363,452,21,0.046460176991150445
2021,12,Usera,2,Orcasur,122,71,0,33,0,26,6,7,4,0.27734375,0,0.12890625,0,0.1015625,0.0234375,0.02734375,0.015625,256,423,10,0.02364066193853428
2021,12,Usera,3,San Fermín,123,160,2,75,3,13,7,6,7,0.3791469194312796,0.004739336492890996,0.17772511848341233,0.0071090047393364926,0.030805687203791468,0.016587677725118485,0.014218009478672985,0.016587677725118485,422,645,12,0.018604651162790697
2021,12,Usera,4,Almendrales,124,278,3,115,3,21,19,7,11,0.35686777920410784,0.0038510911424903724,0.14762516046213095,0.0038510911424903724,0.026957637997432605,0.024390243902439025,0.008985879332477536,0.014120667522464698,779,1164,43,0.036941580756013746
2021,12,Usera,5,Moscardó,125,521,3,175,9,33,28,9,18,0.42254663422546634,0.0024330900243309003,0.14193025141930252,0.0072992700729927005,0.0267639902676399,0.0227088402270884,0.0072992700729927005,0.014598540145985401,1233,1647,65,0.03946569520340012
2021,12,Usera,6,Zofío,126,96,1,47,2,17,9,3,10,0.2546419098143236,0.002652519893899204,0.1246684350132626,0.005305039787798408,0.04509283819628647,0.023872679045092837,0.007957559681697613,0.026525198938992044,377,698,54,0.07736389684813753
2021,12,Usera,7,Pradolongo,127,288,0,113,5,24,20,7,5,0.33962264150943394,0,0.1332547169811321,0.00589622641509434,0.02830188679245283,0.02358490566037736,0.008254716981132075,0.00589622641509434,848,1338,107,0.07997010463378176
2021,13,Puente de Vallecas,1,Entrevías,131,240,1,137,4,42,20,8,17,0.3065134099616858,0.001277139208173691,0.17496807151979565,0.005108556832694764,0.05363984674329502,0.02554278416347382,0.010217113665389528,0.021711366538952746,783,1507,84,0.055739880557398806
2021,13,Puente de Vallecas,2,San Diego,132,652,3,202,8,43,42,14,23,0.37257142857142855,0.0017142857142857142,0.11542857142857142,0.004571428571428572,0.02457142857142857,0.024,0.008,0.013142857142857144,1750,3066,252,0.0821917808219178
2021,13,Puente de Vallecas,3,Palomeras Bajas,133,259,0,93,8,55,21,13,20,0.31662591687041564,0,0.1136919315403423,0.009779951100244499,0.06723716381418093,0.02567237163814181,0.01589242053789731,0.02444987775061125,818,1391,106,0.07620416966211359
2021,13,Puente de Vallecas,4,Palomeras Sureste,134,295,3,124,11,47,20,11,11,0.2988855116514691,0.00303951367781155,0.12563323201621074,0.011144883485309016,0.047619047619047616,0.020263424518743668,0.011144883485309016,0.011144883485309016,987,1731,162,0.09358752166377816
2021,13,Puente de Vallecas,5,Portazgo,135,348,1,116,7,32,32,5,8,0.3729903536977492,0.0010718113612004287,0.12433011789924973,0.007502679528403001,0.03429796355841372,0.03429796355841372,0.0053590568060021436,0.00857449088960343,933,1524,92,0.06036745406824147
2021,13,Puente de Vallecas,6,Numancia,136,495,2,158,11,62,35,16,14,0.342797783933518,0.0013850415512465374,0.10941828254847645,0.007617728531855956,0.04293628808864266,0.024238227146814405,0.0110803324099723,0.009695290858725761,1444,2456,242,0.0985342019543974
2021,14,Moratalaz,1,Pavones,141,36,0,20,2,14,9,26,7,0.2057142857142857,0,0.11428571428571428,0.011428571428571429,0.08,0.05142857142857143,0.14857142857142858,0.04,175,261,13,0.04980842911877394
2021,14,Moratalaz,2,Horcajo,142,32,0,10,0,12,9,1,0,0.31683168316831684,0,0.09900990099009901,0,0.1188118811881188,0.0891089108910891,0.009900990099009901,0,101,131,6,0.04580152671755725
2021,14,Moratalaz,3,Marroquina,143,275,1,116,11,51,37,9,15,0.3321256038647343,0.0012077294685990338,0.14009661835748793,0.013285024154589372,0.06159420289855073,0.04468599033816425,0.010869565217391304,0.018115942028985508,828,1108,64,0.05776173285198556
2021,14,Moratalaz,4,Media Legua,144,111,0,46,5,29,17,6,13,0.2733990147783251,0,0.11330049261083744,0.012315270935960592,0.07142857142857142,0.04187192118226601,0.014778325123152709,0.03201970443349754,406,559,11,0.01967799642218247
2021,14,Moratalaz,5,Fontarrón,145,148,0,35,3,19,15,5,6,0.4582043343653251,0,0.10835913312693499,0.009287925696594427,0.058823529411764705,0.04643962848297214,0.015479876160990712,0.018575851393188854,323,417,8,0.019184652278177457
2021,14,Moratalaz,6,Vinateros,146,149,0,29,7,9,12,3,1,0.47003154574132494,0,0.0914826498422713,0.022082018927444796,0.028391167192429023,0.03785488958990536,0.00946372239747634,0.0031545741324921135,317,410,12,0.02926829268292683
2021,15,Ciudad Lineal,1,Ventas,151,514,2,181,17,48,58,14,25,0.31650246305418717,0.0012315270935960591,0.11145320197044335,0.010467980295566502,0.029556650246305417,0.03571428571428571,0.008620689655172414,0.01539408866995074,1624,2862,153,0.05345911949685535
2021,15,Ciudad Lineal,2,Pueblo Nuevo,152,765,5,259,24,66,70,8,32,0.3470961887477314,0.002268602540834846,0.11751361161524501,0.010889292196007259,0.029945553539019964,0.03176043557168784,0.003629764065335753,0.014519056261343012,2204,3594,134,0.03728436282693378
2021,15,Ciudad Lineal,3,Quintana,153,431,1,147,15,54,33,12,16,0.35502471169686983,8.237232289950577e-4,0.12108731466227347,0.012355848434925865,0.044481054365733116,0.027182866556836903,0.009884678747940691,0.013179571663920923,1214,1835,73,0.03978201634877384
2021,15,Ciudad Lineal,4,La Concepción,154,304,5,141,7,40,25,2,22,0.31666666666666665,0.005208333333333333,0.146875,0.007291666666666667,0.041666666666666664,0.026041666666666668,0.0020833333333333333,0.022916666666666665,960,1507,66,0.043795620437956206
2021,15,Ciudad Lineal,5,San Pascual,155,185,3,71,2,32,19,8,8,0.32976827094474154,0.0053475935828877,0.1265597147950089,0.0035650623885918,0.0570409982174688,0.0338680926916221,0.0142602495543672,0.0142602495543672,561,868,18,0.020737327188940093
2021,15,Ciudad Lineal,6,San Juan Bautista,156,115,1,57,5,20,27,7,7,0.2911392405063291,0.002531645569620253,0.14430379746835442,0.012658227848101266,0.05063291139240506,0.06835443037974684,0.017721518987341773,0.017721518987341773,395,482,4,0.008298755186721992
2021,15,Ciudad Lineal,7,Colina,157,56,2,28,4,11,22,7,8,0.20216606498194944,0.007220216606498195,0.10108303249097472,0.01444043321299639,0.039711191335740074,0.07942238267148015,0.02527075812274368,0.02888086642599278,277,381,7,0.01837270341207349
2021,15,Ciudad Lineal,8,Atalaya,158,4,0,4,0,4,3,0,2,0.11428571428571428,0,0.11428571428571428,0,0.11428571428571428,0.08571428571428572,0,0.05714285714285714,35,43,1,0.023255813953488372
2021,15,Ciudad Lineal,9,Costillares,159,104,4,54,3,26,29,4,12,0.26804123711340205,0.010309278350515464,0.13917525773195877,0.007731958762886598,0.06701030927835051,0.07474226804123711,0.010309278350515464,0.030927835051546393,388,468,4,0.008547008547008548
2021,16,Hortaleza,1,Palomas,161,40,2,22,1,10,4,4,7,0.28368794326241137,0.014184397163120567,0.15602836879432624,0.0070921985815602835,0.07092198581560284,0.028368794326241134,0.028368794326241134,0.04964539007092199,141,169,1,0.005917159763313609
2021,16,Hortaleza,2,Piovera,162,57,2,43,7,38,16,11,16,0.1893687707641196,0.006644518272425249,0.14285714285714285,0.023255813953488372,0.12624584717607973,0.053156146179401995,0.036544850498338874,0.053156146179401995,301,353,2,0.0056657223796034
2021,16,Hortaleza,3,Canillas,163,436,2,162,21,96,64,23,35,0.30987917555081734,0.0014214641080312722,0.11513859275053305,0.014925373134328358,0.06823027718550106,0.04548685145700071,0.016346837242359632,0.024875621890547265,1407,2160,192,0.08888888888888889
2021,16,Hortaleza,4,Pinar del Rey,164,560,5,165,16,59,52,13,23,0.37383177570093457,0.0033377837116154874,0.11014686248331108,0.010680907877169559,0.03938584779706275,0.03471295060080107,0.008678237650200267,0.015353805073431242,1498,2811,332,0.11810743507648523
2021,16,Hortaleza,5,Apóstol Santiago,165,82,0,42,2,14,7,2,8,0.3445378151260504,0,0.17647058823529413,0.008403361344537815,0.058823529411764705,0.029411764705882353,0.008403361344537815,0.03361344537815126,238,400,22,0.055
2021,16,Hortaleza,6,Valdefuentes,166,186,2,140,7,59,41,8,17,0.23969072164948454,0.002577319587628866,0.18041237113402062,0.00902061855670103,0.07603092783505154,0.05283505154639175,0.010309278350515464,0.02190721649484536,776,1118,10,0.008944543828264758
2021,17,Villaverde,1,"Villaverde Alto, Casco Histórico de Villaverde",171,616,3,170,11,66,42,16,40,0.23184042152803913,0.0011290929619872036,0.06398193451260821,0.0041400075272864136,0.024840045163718478,0.01580730146782085,0.0060218291305984195,0.015054572826496047,2657,4409,128,0.02903152642322522
2021,17,Villaverde,2,San Cristóbal,172,115,0,46,2,11,6,6,8,0.40636042402826855,0,0.1625441696113074,0.007067137809187279,0.038869257950530034,0.02120141342756184,0.02120141342756184,0.028268551236749116,283,440,14,0.031818181818181815
2021,17,Villaverde,3,Butarque,173,98,1,40,5,21,7,3,5,0.3072100313479624,0.003134796238244514,0.12539184952978055,0.01567398119122257,0.06583072100313479,0.0219435736677116,0.009404388714733543,0.01567398119122257,319,430,8,0.018604651162790697
2021,17,Villaverde,4,Los Rosales,174,394,0,115,10,39,29,7,17,0.40493319630010277,0,0.11819116135662898,0.010277492291880781,0.040082219938335044,0.029804727646454265,0.007194244604316547,0.017471736896197326,973,1573,79,0.050222504767959315
2021,17,Villaverde,5,Ángeles,175,358,0,86,7,33,30,8,8,0.45721583652618136,0,0.10983397190293742,0.008939974457215836,0.0421455938697318,0.038314176245210725,0.010217113665389528,0.010217113665389528,783,1023,24,0.02346041055718475
2021,18,Villa de Vallecas,1,Casco Histórico de Vallecas,181,483,10,199,18,65,51,9,24,0.17803169922594914,0.003685956505713233,0.07335053446369333,0.006634721710283818,0.02395871728713601,0.018798378179137487,0.003317360855141909,0.008846295613711759,2713,3985,132,0.03312421580928482
2021,18,Villa de Vallecas,2,Santa Eugenia,182,174,0,56,9,38,20,3,21,0.35294117647058826,0,0.11359026369168357,0.018255578093306288,0.07707910750507099,0.04056795131845842,0.006085192697768763,0.04259634888438134,493,646,25,0.03869969040247678
2021,18,Villa de Vallecas,3,Ensanche de Vallecas,183,317,0,108,4,54,33,1,14,0.4522111269614836,0,0.15406562054208273,0.005706134094151213,0.07703281027104136,0.047075606276747506,0.0014265335235378032,0.019971469329529243,701,919,4,0.004352557127312296
2021,19,Vicalvaro,1,Casco Histórico de Vicálvaro,191,391,1,126,13,43,30,14,19,0.34755555555555556,8.888888888888889e-4,0.112,0.011555555555555555,0.03822222222222222,0.02666666666666667,0.012444444444444444,0.016888888888888887,1125,1750,102,0.05828571428571429
2021,19,Vicalvaro,2,Valdebernardo,192,132,0,38,0,15,16,5,9,0.41379310344827586,0,0.11912225705329153,0,0.047021943573667714,0.050156739811912224,0.01567398119122257,0.02821316614420063,319,396,13,0.03282828282828283
2021,19,Vicalvaro,3,Valderrivas,193,33,0,12,2,12,6,0,0,0.3548387096774194,0,0.12903225806451613,0.021505376344086023,0.12903225806451613,0.06451612903225806,0,0,93,105,0,0
2021,19,Vicalvaro,4,El Cañaveral,194,12,0,6,3,2,1,0,0,0.35294117647058826,0,0.17647058823529413,0.08823529411764706,0.058823529411764705,0.029411764705882353,0,0,34,44,0,0
2021,20,San Blas-Canillejas,1,Simancas,201,259,8,196,14,36,25,12,20,0.23022222222222222,0.0071111111111111115,0.17422222222222222,0.012444444444444444,0.032,0.022222222222222223,0.010666666666666666,0.017777777777777778,1125,1414,37,0.02616690240452617
2021,20,San Blas-Canillejas,2,Hellín,202,30,0,9,1,5,7,4,3,0.35294117647058826,0,0.10588235294117647,0.011764705882352941,0.058823529411764705,0.08235294117647059,0.047058823529411764,0.03529411764705882,85,115,8,0.06956521739130435
2021,20,San Blas-Canillejas,3,Amposta,203,114,2,31,2,4,9,10,2,0.4789915966386555,0.008403361344537815,0.13025210084033614,0.008403361344537815,0.01680672268907563,0.037815126050420166,0.04201680672268908,0.008403361344537815,238,459,29,0.06318082788671024
2021,20,San Blas-Canillejas,4,Arcos,204,167,0,52,6,27,9,5,6,0.4677871148459384,0,0.14565826330532214,0.01680672268907563,0.07563025210084033,0.025210084033613446,0.014005602240896359,0.01680672268907563,357,436,12,0.027522935779816515
2021,20,San Blas-Canillejas,5,Rosas,205,230,0,208,7,61,41,10,18,0.26285714285714284,0,0.2377142857142857,0.008,0.06971428571428571,0.046857142857142854,0.011428571428571429,0.02057142857142857,875,1141,26,0.022787028921998246
2021,20,San Blas-Canillejas,6,Rejas,206,206,17,87,7,8,5,3,26,0.2881118881118881,0.023776223776223775,0.12167832167832168,0.009790209790209791,0.011188811188811189,0.006993006993006993,0.004195804195804196,0.03636363636363636,715,945,12,0.012698412698412698
2021,20,San Blas-Canillejas,7,Canillejas,207,381,2,130,11,32,32,13,15,0.3860182370820669,0.002026342451874367,0.13171225937183384,0.011144883485309016,0.03242147922998987,0.03242147922998987,0.013171225937183385,0.015197568389057751,987,1562,64,0.040973111395646605
2021,20,San Blas-Canillejas,8,El Salvador,208,43,1,40,5,13,3,2,9,0.1894273127753304,0.004405286343612335,0.1762114537444934,0.022026431718061675,0.05726872246696035,0.013215859030837005,0.00881057268722467,0.039647577092511016,227,345,8,0.02318840579710145
2021,21,Barajas,1,Alameda de Osuna,211,138,5,56,3,25,16,2,15,0.3641160949868074,0.013192612137203167,0.14775725593667546,0.0079155672823219,0.06596306068601583,0.04221635883905013,0.005277044854881266,0.0395778364116095,379,508,4,0.007874015748031496
2021,21,Barajas,2,Aeropuerto,212,166,3,107,0,3,1,4,2,0.3624454148471616,0.006550218340611353,0.2336244541484716,0,0.006550218340611353,0.002183406113537118,0.008733624454148471,0.004366812227074236,458,570,9,0.015789473684210527
2021,21,Barajas,3,Casco Histórico de Barajas,213,127,16,71,11,11,19,3,5,0.33687002652519893,0.042440318302387266,0.1883289124668435,0.029177718832891247,0.029177718832891247,0.050397877984084884,0.007957559681697613,0.013262599469496022,377,536,36,0.06716417910447761
2021,21,Barajas,4,Timón,214,51,4,48,2,21,20,2,8,0.19540229885057472,0.01532567049808429,0.1839080459770115,0.007662835249042145,0.08045977011494253,0.07662835249042145,0.007662835249042145,0.03065134099616858,261,372,7,0.01881720430107527
2021,21,Barajas,5,Corralejos,215,23,4,87,1,9,6,2,8,0.09583333333333334,0.016666666666666666,0.3625,0.004166666666666667,0.0375,0.025,0.008333333333333333,0.03333333333333333,240,302,0,0
2022,1,Centro,1,Palacio,011,507,45,556,21,55,15,8,52,0.30160618679357526,0.02676977989292088,0.330755502676978,0.012492563950029744,0.03271861986912552,0.00892325996430696,0.004759071980963712,0.030933967876264127,1681,2240,70,0.03125
2022,1,Centro,2,Embajadores,012,1342,53,499,15,89,24,20,44,0.4653259361997226,0.018377253814147017,0.1730235783633842,0.005201109570041609,0.03085991678224688,0.008321775312066574,0.006934812760055479,0.015256588072122053,2884,4031,165,0.04093277102455966
2022,1,Centro,3,Cortes,013,364,53,416,5,26,11,5,38,0.3116438356164384,0.045376712328767124,0.3561643835616438,0.004280821917808219,0.02226027397260274,0.009417808219178082,0.004280821917808219,0.032534246575342464,1168,1384,8,0.005780346820809248
2022,1,Centro,4,Justicia,014,866,35,488,12,43,26,5,48,0.4452442159383033,0.017994858611825194,0.25089974293059125,0.006169665809768638,0.02210796915167095,0.013367609254498715,0.002570694087403599,0.024678663239074552,1945,2151,4,0.0018596001859600185
2022,1,Centro,5,Universidad,015,885,46,606,20,87,50,13,59,0.3702928870292887,0.019246861924686193,0.2535564853556485,0.008368200836820083,0.036401673640167366,0.02092050209205021,0.005439330543933054,0.024686192468619247,2390,3018,109,0.036116633532140494
2022,1,Centro,6,Sol,016,745,51,466,3,3,4,8,28,0.465625,0.031875,0.29125,0.001875,0.001875,0.0025,0.005,0.0175,1600,1860,8,0.004301075268817204
2022,2,Arganzuela,1,Imperial,021,222,4,97,32,42,39,3,13,0.3148936170212766,0.005673758865248227,0.1375886524822695,0.04539007092198582,0.059574468085106386,0.05531914893617021,0.00425531914893617,0.018439716312056736,705,915,31,0.033879781420765025
2022,2,Arganzuela,2,Acacias,022,353,3,158,13,96,67,12,39,0.29125412541254125,0.0024752475247524753,0.13036303630363036,0.010726072607260726,0.07920792079207921,0.05528052805280528,0.009900990099009901,0.03217821782178218,1212,1438,24,0.016689847009735744
2022,2,Arganzuela,3,Chopera,023,262,5,95,5,26,23,10,21,0.3659217877094972,0.006983240223463687,0.13268156424581007,0.006983240223463687,0.036312849162011177,0.03212290502793296,0.013966480446927373,0.029329608938547486,716,991,44,0.044399596367305755
2022,2,Arganzuela,4,Legazpi,024,126,2,76,4,28,26,7,12,0.2630480167014614,0.0041753653444676405,0.15866388308977036,0.008350730688935281,0.05845511482254697,0.054279749478079335,0.014613778705636743,0.025052192066805846,479,613,14,0.022838499184339316
2022,2,Arganzuela,5,Delicias,025,272,2,135,15,44,36,4,13,0.3321123321123321,0.002442002442002442,0.16483516483516483,0.018315018315018316,0.05372405372405373,0.04395604395604396,0.004884004884004884,0.015873015873015872,819,1005,17,0.01691542288557214
2022,2,Arganzuela,6,Palos de la Frontera,026,399,9,191,26,61,55,17,24,0.30978260869565216,0.006987577639751553,0.1482919254658385,0.020186335403726708,0.04736024844720497,0.042701863354037264,0.013198757763975156,0.018633540372670808,1288,1554,36,0.023166023166023165
2022,2,Arganzuela,7,Atocha,027,58,0,30,0,1,3,0,1,0.3411764705882353,0,0.17647058823529413,0,0.0058823529411764705,0.01764705882352941,0,0.0058823529411764705,170,263,1,0.0038022813688212928
2022,3,Retiro,1,Pacífico,031,503,1,152,19,54,39,5,21,0.4033680834001604,8.019246190858059e-4,0.1218925421010425,0.015236567762630313,0.04330392943063352,0.03127506014434643,0.00400962309542903,0.016840417000801924,1247,1557,5,0.0032113037893384713
2022,3,Retiro,2,Adelfas,032,99,4,55,6,19,22,4,8,0.24688279301745636,0.00997506234413965,0.1371571072319202,0.014962593516209476,0.04738154613466334,0.05486284289276808,0.00997506234413965,0.0199501246882793,401,514,5,0.009727626459143969
2022,3,Retiro,3,Estrella,033,146,1,41,8,26,19,3,9,0.34032634032634035,0.002331002331002331,0.09557109557109557,0.018648018648018648,0.06060606060606061,0.04428904428904429,0.006993006993006993,0.02097902097902098,429,539,6,0.011131725417439703
2022,3,Retiro,4,Ibiza,034,438,2,217,12,16,42,1,7,0.4311023622047244,0.001968503937007874,0.21358267716535434,0.011811023622047244,0.015748031496062992,0.04133858267716536,9.84251968503937e-4,0.006889763779527559,1016,1093,1,9.149130832570906e-4
2022,3,Retiro,5,Los Jerónimos,035,87,8,79,2,11,9,2,27,0.25217391304347825,0.02318840579710145,0.2289855072463768,0.005797101449275362,0.03188405797101449,0.02608695652173913,0.005797101449275362,0.0782608695652174,345,417,3,0.007194244604316547
2022,3,Retiro,6,Niño Jesús,036,122,1,61,4,56,33,6,10,0.24596774193548387,0.0020161290322580645,0.12298387096774194,0.008064516129032258,0.11290322580645161,0.06653225806451613,0.012096774193548387,0.020161290322580645,496,586,4,0.006825938566552901
2022,4,Salamanca,1,Recoletos,041,988,19,296,11,14,29,2,27,0.5787932044522555,0.011130638547158758,0.17340363210310486,0.006444053895723492,0.008201523140011716,0.01698886936145284,0.0011716461628588166,0.015817223198594025,1707,1846,2,0.0010834236186348862
2022,4,Salamanca,2,Goya,042,783,4,331,22,49,82,4,32,0.4309301045679692,0.002201430930104568,0.182168409466153,0.012107870115575124,0.026967528893780957,0.045129334067143645,0.002201430930104568,0.017611447440836543,1817,2064,3,0.0014534883720930232
2022,4,Salamanca,3,Fuente del Berro,043,264,2,109,5,38,41,8,26,0.31391200951248516,0.0023781212841854932,0.12960760998810938,0.005945303210463734,0.04518430439952437,0.04875148632580262,0.009512485136741973,0.030915576694411414,841,1155,32,0.027705627705627706
2022,4,Salamanca,4,Guindalera,044,529,24,192,19,102,69,18,43,0.3188667872212176,0.014466546112115732,0.11573236889692586,0.011452682338758288,0.06148282097649186,0.04159132007233273,0.0108499095840868,0.02591922845087402,1659,2130,52,0.024413145539906103
2022,4,Salamanca,5,Lista,045,424,7,199,8,31,55,4,21,0.3872146118721461,0.006392694063926941,0.1817351598173516,0.0073059360730593605,0.028310502283105023,0.0502283105022831,0.0036529680365296802,0.019178082191780823,1095,1232,2,0.0016233766233766235
2022,4,Salamanca,6,Castellana,046,495,10,218,9,16,50,1,23,0.4259896729776248,0.008605851979345954,0.18760757314974183,0.00774526678141136,0.013769363166953529,0.043029259896729774,8.605851979345956e-4,0.019793459552495698,1162,1314,5,0.00380517503805175
2022,5,Chamartin,1,El Viso,051,219,1,139,8,77,37,3,32,0.24662162162162163,0.0011261261261261261,0.15653153153153154,0.009009009009009009,0.08671171171171171,0.041666666666666664,0.0033783783783783786,0.036036036036036036,888,1040,20,0.019230769230769232
2022,5,Chamartin,2,Prosperidad,052,546,5,195,11,55,52,14,14,0.3737166324435318,0.0034223134839151265,0.13347022587268995,0.007529089664613279,0.03764544832306639,0.03559206023271732,0.009582477754962354,0.009582477754962354,1461,1900,49,0.025789473684210525
2022,5,Chamartin,3,Ciudad Jardín,053,286,6,144,14,48,43,8,22,0.27766990291262134,0.005825242718446602,0.13980582524271845,0.013592233009708738,0.04660194174757282,0.04174757281553398,0.007766990291262136,0.021359223300970873,1030,1427,35,0.02452697967764541
2022,5,Chamartin,4,Hispanoamérica,054,514,5,237,17,59,91,8,29,0.3503749147920927,0.0034083162917518746,0.16155419222903886,0.011588275391956374,0.04021813224267212,0.06203135650988412,0.0054533060668029995,0.019768234492160874,1467,1707,28,0.016403046280023433
2022,5,Chamartin,5,Nueva España,055,194,3,139,8,67,64,7,18,0.22531939605110338,0.003484320557491289,0.16144018583042974,0.009291521486643438,0.07781649245063879,0.0743321718931475,0.008130081300813009,0.020905923344947737,861,1039,33,0.03176130895091434
2022,5,Chamartin,6,Castilla,056,138,8,90,6,24,23,5,15,0.2638623326959847,0.015296367112810707,0.17208413001912046,0.011472275334608031,0.045889101338432124,0.04397705544933078,0.009560229445506692,0.028680688336520075,523,760,127,0.16710526315789473
2022,6,Tetuan,1,Bellas Vistas,061,343,8,123,11,38,22,10,14,0.3172987974098057,0.0074005550416281225,0.11378353376503238,0.010175763182238668,0.03515263644773358,0.020351526364477335,0.009250693802035153,0.012950971322849213,1081,1733,172,0.09924985574148874
2022,6,Tetuan,2,Cuatro Caminos,062,807,22,344,25,59,55,5,48,0.3864942528735632,0.01053639846743295,0.16475095785440613,0.011973180076628353,0.02825670498084291,0.026340996168582376,0.0023946360153256703,0.022988505747126436,2088,2718,103,0.03789551140544518
2022,6,Tetuan,3,Castillejos,063,267,8,212,13,23,53,1,22,0.26227897838899805,0.007858546168958742,0.2082514734774067,0.012770137524557957,0.022593320235756387,0.05206286836935167,9.823182711198428e-4,0.021611001964636542,1018,1292,39,0.03018575851393189
2022,6,Tetuan,4,Almenara,064,241,10,85,8,47,29,22,12,0.28088578088578087,0.011655011655011656,0.09906759906759907,0.009324009324009324,0.054778554778554776,0.0337995337995338,0.02564102564102564,0.013986013986013986,858,1581,106,0.06704617330803289
2022,6,Tetuan,5,Valdeacederas,065,314,4,75,9,21,17,10,13,0.35241301907968575,0.004489337822671156,0.08417508417508418,0.010101010101010102,0.02356902356902357,0.019079685746352413,0.01122334455667789,0.014590347923681257,891,1926,207,0.10747663551401869
2022,6,Tetuan,6,Berruguete,066,313,4,97,10,28,24,7,14,0.34623893805309736,0.004424778761061947,0.10730088495575221,0.011061946902654867,0.030973451327433628,0.02654867256637168,0.007743362831858407,0.015486725663716814,904,1597,173,0.10832811521603006
2022,7,Chamberi,1,Gaztambide,071,535,13,221,17,63,59,5,21,0.37543859649122807,0.009122807017543859,0.1550877192982456,0.011929824561403509,0.04421052631578947,0.041403508771929824,0.0035087719298245615,0.014736842105263158,1425,1702,7,0.004112808460634548
2022,7,Chamberi,2,Arapiles,072,430,3,203,29,63,45,9,19,0.3536184210526316,0.0024671052631578946,0.1669407894736842,0.023848684210526317,0.05180921052631579,0.03700657894736842,0.007401315789473684,0.015625,1216,1450,7,0.004827586206896552
2022,7,Chamberi,3,Trafalgar,073,489,15,306,19,49,67,10,28,0.3227722772277228,0.009900990099009901,0.201980198019802,0.012541254125412541,0.03234323432343234,0.04422442244224423,0.006600660066006601,0.018481848184818482,1515,1856,20,0.010775862068965518
2022,7,Chamberi,4,Almagro,074,355,7,241,8,47,52,5,19,0.31810035842293904,0.0062724014336917565,0.21594982078853048,0.007168458781362007,0.042114695340501794,0.04659498207885305,0.004480286738351254,0.017025089605734768,1116,1301,3,0.0023059185242121443
2022,7,Chamberi,5,Ríos Rosas,075,378,9,282,14,54,54,8,24,0.2903225806451613,0.0069124423963133645,0.21658986175115208,0.010752688172043012,0.041474654377880185,0.041474654377880185,0.006144393241167435,0.018433179723502304,1302,1495,7,0.0046822742474916385
2022,7,Chamberi,6,Vallehermoso,076,202,2,121,9,53,57,17,14,0.26098191214470284,0.002583979328165375,0.15633074935400518,0.011627906976744186,0.06847545219638243,0.07364341085271318,0.021963824289405683,0.01808785529715762,774,886,5,0.0056433408577878106
2022,8,Fuencarral-El Pardo,1,El Pardo,081,31,0,37,1,5,4,5,15,0.21379310344827587,0,0.25517241379310346,0.006896551724137931,0.034482758620689655,0.027586206896551724,0.034482758620689655,0.10344827586206896,145,221,18,0.08144796380090498
2022,8,Fuencarral-El Pardo,2,Fuentelarreina,082,6,1,3,0,0,2,0,1,0.2727272727272727,0.045454545454545456,0.13636363636363635,0,0,0.09090909090909091,0,0.045454545454545456,22,25,0,0
2022,8,Fuencarral-El Pardo,3,Peñagrande,083,307,0,104,11,58,46,20,19,0.3418708240534521,0,0.11581291759465479,0.012249443207126948,0.0645879732739421,0.051224944320712694,0.022271714922048998,0.021158129175946547,898,1173,47,0.040068201193520885
2022,8,Fuencarral-El Pardo,4,Pilar,084,731,4,201,19,79,58,5,26,0.4179531160663236,0.002287021154945683,0.11492281303602059,0.010863350485991996,0.04516866781017725,0.03316180674671241,0.002858776443682104,0.014865637507146942,1749,2572,209,0.0812597200622084
2022,8,Fuencarral-El Pardo,5,La Paz,085,190,3,89,10,33,52,10,14,0.2865761689291101,0.004524886877828055,0.13423831070889894,0.015082956259426848,0.049773755656108594,0.0784313725490196,0.015082956259426848,0.021116138763197588,663,891,14,0.015712682379349047
2022,8,Fuencarral-El Pardo,6,Valverde,086,361,16,252,14,101,67,20,34,0.22160834868017187,0.009821976672805401,0.15469613259668508,0.008594229588704727,0.0620012277470841,0.04112952731737262,0.012277470841006752,0.020871700429711478,1629,2776,145,0.05223342939481268
2022,8,Fuencarral-El Pardo,7,Mirasierra,087,139,0,54,6,39,37,22,24,0.29018789144050106,0,0.1127348643006263,0.012526096033402923,0.081419624217119,0.07724425887265135,0.04592901878914405,0.05010438413361169,479,535,3,0.005607476635514018
2022,8,Fuencarral-El Pardo,8,El Goloso,088,112,1,87,3,72,27,7,32,0.22090729783037474,0.0019723865877712033,0.17159763313609466,0.005917159763313609,0.14201183431952663,0.05325443786982249,0.013806706114398421,0.0631163708086785,507,595,1,0.0016806722689075631
2022,9,Moncloa-Aravaca,1,Casa de Campo,091,235,4,144,5,29,24,8,27,0.3549848942598187,0.006042296072507553,0.2175226586102719,0.0075528700906344415,0.04380664652567976,0.03625377643504532,0.012084592145015106,0.04078549848942598,662,838,12,0.014319809069212411
2022,9,Moncloa-Aravaca,2,Argüelles,092,417,18,240,17,56,48,8,17,0.33095238095238094,0.014285714285714285,0.19047619047619047,0.013492063492063493,0.044444444444444446,0.0380952380952381,0.006349206349206349,0.013492063492063493,1260,1532,16,0.010443864229765013
2022,9,Moncloa-Aravaca,3,Ciudad Universitaria,093,141,1,167,3,111,33,7,44,0.16607773851590105,0.001177856301531213,0.1967020023557126,0.0035335689045936395,0.13074204946996468,0.038869257950530034,0.008244994110718492,0.05182567726737338,849,1058,27,0.02551984877126654
2022,9,Moncloa-Aravaca,4,Valdezarza,094,192,1,57,7,39,37,6,10,0.31683168316831684,0.0016501650165016502,0.09405940594059406,0.01155115511551155,0.06435643564356436,0.06105610561056106,0.009900990099009901,0.0165016501650165,606,1015,97,0.09556650246305419
2022,9,Moncloa-Aravaca,5,Valdemarín,095,12,5,34,1,16,6,9,2,0.10344827586206896,0.04310344827586207,0.29310344827586204,0.008620689655172414,0.13793103448275862,0.05172413793103448,0.07758620689655173,0.017241379310344827,116,128,0,0
2022,9,Moncloa-Aravaca,6,El Plantío,096,65,2,30,1,16,8,7,3,0.33163265306122447,0.01020408163265306,0.15306122448979592,0.00510204081632653,0.08163265306122448,0.04081632653061224,0.03571428571428571,0.015306122448979591,196,241,4,0.016597510373443983
2022,9,Moncloa-Aravaca,7,Aravaca,097,204,2,68,10,54,33,12,12,0.3253588516746411,0.003189792663476874,0.10845295055821372,0.01594896331738437,0.0861244019138756,0.05263157894736842,0.019138755980861243,0.019138755980861243,627,770,28,0.03636363636363636
2022,10,Latina,1,Los Cármenes,101,70,2,49,3,13,7,5,17,0.23102310231023102,0.006600660066006601,0.1617161716171617,0.009900990099009901,0.0429042904290429,0.0231023102310231,0.0165016501650165,0.056105610561056105,303,754,94,0.1246684350132626
2022,10,Latina,2,Puerta del Angel,102,500,12,195,15,56,50,8,24,0.3342245989304813,0.008021390374331552,0.1303475935828877,0.010026737967914439,0.0374331550802139,0.03342245989304813,0.0053475935828877,0.016042780748663103,1496,3022,353,0.11681005956320317
2022,10,Latina,3,Lucero,103,276,2,107,14,43,31,12,16,0.33053892215568864,0.0023952095808383233,0.1281437125748503,0.016766467065868262,0.05149700598802395,0.037125748502994015,0.01437125748502994,0.019161676646706587,835,1490,148,0.09932885906040269
2022,10,Latina,4,Aluche,104,696,5,266,18,88,95,13,33,0.3682539682539683,0.0026455026455026454,0.14074074074074075,0.009523809523809525,0.04656084656084656,0.05026455026455026,0.0068783068783068784,0.01746031746031746,1890,2772,224,0.08080808080808081
2022,10,Latina,5,Campamento,105,134,0,44,10,20,14,3,7,0.3101851851851852,0,0.10185185185185185,0.023148148148148147,0.046296296296296294,0.032407407407407406,0.006944444444444444,0.016203703703703703,432,832,94,0.11298076923076923
2022,10,Latina,6,Cuatro Vientos,106,25,0,13,0,13,4,4,5,0.22522522522522523,0,0.11711711711711711,0,0.11711711711711711,0.036036036036036036,0.036036036036036036,0.04504504504504504,111,162,1,0.006172839506172839
2022,10,Latina,7,Águilas,107,457,0,144,16,42,51,11,21,0.40840035746201964,0,0.128686327077748,0.014298480786416443,0.03753351206434316,0.045576407506702415,0.009830205540661306,0.01876675603217158,1119,1624,36,0.022167487684729065
2022,11,Carabanchel,1,Comillas,111,291,2,90,14,20,15,2,14,0.3711734693877551,0.002551020408163265,0.11479591836734694,0.017857142857142856,0.025510204081632654,0.01913265306122449,0.002551020408163265,0.017857142857142856,784,1415,76,0.05371024734982332
2022,11,Carabanchel,2,Opañel,112,389,0,146,12,35,32,11,17,0.3139628732849072,0,0.11783696529459241,0.009685230024213076,0.02824858757062147,0.0258272800645682,0.00887812752219532,0.013720742534301856,1239,2024,107,0.052865612648221344
2022,11,Carabanchel,3,San Isidro,113,305,2,127,13,31,23,12,16,0.29582929194956353,0.0019398642095053346,0.12318137730358875,0.012609117361784675,0.030067895247332686,0.02230843840931135,0.011639185257032008,0.015518913676042677,1031,2122,144,0.06786050895381715
2022,11,Carabanchel,4,Vista Alegre,114,791,5,276,31,73,70,11,29,0.3717105263157895,0.002349624060150376,0.12969924812030076,0.01456766917293233,0.03430451127819549,0.03289473684210526,0.005169172932330827,0.01362781954887218,2128,3459,165,0.047701647875108416
2022,11,Carabanchel,5,Puerta Bonita,115,294,0,94,9,46,32,12,16,0.32201533406352684,0,0.10295728368017525,0.009857612267250822,0.050383351588170866,0.03504928806133625,0.013143483023001095,0.017524644030668127,913,1619,98,0.06053119209388511
2022,11,Carabanchel,6,Buenavista,116,453,2,200,14,72,43,11,30,0.33235509904622157,0.001467351430667645,0.1467351430667645,0.010271460014673514,0.05282465150403522,0.03154805575935436,0.008070432868672046,0.022010271460014674,1363,2176,85,0.0390625
2022,11,Carabanchel,7,Abrantes,117,233,1,90,15,31,19,2,12,0.3451851851851852,0.0014814814814814814,0.13333333333333333,0.022222222222222223,0.045925925925925926,0.028148148148148148,0.002962962962962963,0.017777777777777778,675,1039,51,0.04908565928777671
2022,12,Usera,1,Orcasitas,121,144,3,54,1,25,9,4,4,0.4161849710982659,0.008670520231213872,0.15606936416184972,0.002890173410404624,0.07225433526011561,0.02601156069364162,0.011560693641618497,0.011560693641618497,346,444,25,0.05630630630630631
2022,12,Usera,2,Orcasur,122,58,0,35,1,23,6,8,5,0.23673469387755103,0,0.14285714285714285,0.004081632653061225,0.09387755102040816,0.024489795918367346,0.0326530612244898,0.02040816326530612,245,425,13,0.03058823529411765
2022,12,Usera,3,San Fermín,123,136,2,77,4,10,7,6,7,0.337468982630273,0.004962779156327543,0.19106699751861042,0.009925558312655087,0.02481389578163772,0.017369727047146403,0.01488833746898263,0.017369727047146403,403,642,19,0.029595015576323987
2022,12,Usera,4,Almendrales,124,267,3,107,4,22,19,7,10,0.356951871657754,0.004010695187165776,0.14304812834224598,0.0053475935828877,0.029411764705882353,0.02540106951871658,0.009358288770053475,0.013368983957219251,748,1155,67,0.05800865800865801
2022,12,Usera,5,Moscardó,125,500,3,176,10,34,28,6,22,0.4291845493562232,0.002575107296137339,0.15107296137339055,0.008583690987124463,0.029184549356223177,0.0240343347639485,0.005150214592274678,0.01888412017167382,1165,1648,86,0.05218446601941747
2022,12,Usera,6,Zofío,126,96,1,38,1,14,9,3,13,0.2601626016260163,0.0027100271002710027,0.10298102981029811,0.0027100271002710027,0.037940379403794036,0.024390243902439025,0.008130081300813009,0.03523035230352303,369,713,67,0.09396914446002805
2022,12,Usera,7,Pradolongo,127,281,2,107,5,20,19,8,6,0.3530150753768844,0.002512562814070352,0.13442211055276382,0.00628140703517588,0.02512562814070352,0.02386934673366834,0.010050251256281407,0.007537688442211055,796,1349,113,0.083765752409192
2022,13,Puente de Vallecas,1,Entrevías,131,193,1,112,7,42,18,9,16,0.2761087267525036,0.001430615164520744,0.16022889842632332,0.010014306151645207,0.060085836909871244,0.02575107296137339,0.012875536480686695,0.022889842632331903,699,1524,118,0.07742782152230972
2022,13,Puente de Vallecas,2,San Diego,132,594,4,168,16,42,41,15,22,0.36963285625388925,0.002489110143123833,0.104542626011201,0.009956440572495333,0.02613565650280025,0.02551337896701929,0.009334163036714374,0.013690105787181083,1607,3068,309,0.10071707953063885
2022,13,Puente de Vallecas,3,Palomeras Bajas,133,239,0,87,12,59,22,12,21,0.30138713745271123,0,0.10970996216897856,0.015132408575031526,0.07440100882723834,0.027742749054224466,0.015132408575031526,0.02648171500630517,793,1401,118,0.08422555317630265
2022,13,Puente de Vallecas,4,Palomeras Sureste,134,250,3,113,10,42,22,9,14,0.2720348204570185,0.003264417845484222,0.12295973884657237,0.01088139281828074,0.04570184983677911,0.023939064200217627,0.009793253536452665,0.015233949945593036,919,1724,194,0.11252900232018562
2022,13,Puente de Vallecas,5,Portazgo,135,309,1,114,13,30,35,6,8,0.35354691075514877,0.0011441647597254005,0.13043478260869565,0.014874141876430207,0.034324942791762014,0.04004576659038902,0.006864988558352402,0.009153318077803204,874,1530,105,0.06862745098039216
2022,13,Puente de Vallecas,6,Numancia,136,462,3,153,13,57,33,19,15,0.3333333333333333,0.0021645021645021645,0.11038961038961038,0.00937950937950938,0.04112554112554113,0.023809523809523808,0.013708513708513708,0.010822510822510822,1386,2470,232,0.09392712550607288
2022,14,Moratalaz,1,Pavones,141,36,0,20,2,14,9,20,7,0.2155688622754491,0,0.11976047904191617,0.011976047904191617,0.08383233532934131,0.05389221556886228,0.11976047904191617,0.041916167664670656,167,264,15,0.056818181818181816
2022,14,Moratalaz,2,Horcajo,142,34,0,11,0,11,10,2,0,0.3300970873786408,0,0.10679611650485436,0,0.10679611650485436,0.0970873786407767,0.019417475728155338,0,103,133,8,0.06015037593984962
2022,14,Moratalaz,3,Marroquina,143,267,0,110,11,49,40,7,13,0.325609756097561,0,0.13414634146341464,0.013414634146341463,0.05975609756097561,0.04878048780487805,0.00853658536585366,0.015853658536585366,820,1116,68,0.06093189964157706
2022,14,Moratalaz,4,Media Legua,144,101,0,46,5,27,18,7,14,0.25,0,0.11386138613861387,0.012376237623762377,0.06683168316831684,0.04455445544554455,0.017326732673267328,0.034653465346534656,404,557,24,0.04308797127468582
2022,14,Moratalaz,5,Fontarrón,145,144,0,33,4,17,15,5,7,0.4430769230769231,0,0.10153846153846154,0.012307692307692308,0.052307692307692305,0.046153846153846156,0.015384615384615385,0.021538461538461538,325,425,10,0.023529411764705882
2022,14,Moratalaz,6,Vinateros,146,145,0,29,12,9,12,3,1,0.44891640866873067,0,0.08978328173374613,0.03715170278637771,0.02786377708978328,0.03715170278637771,0.009287925696594427,0.0030959752321981426,323,415,15,0.03614457831325301
2022,15,Ciudad Lineal,1,Ventas,151,467,2,173,22,48,58,12,22,0.29575680810639643,0.001266624445851805,0.10956301456618113,0.013932868904369854,0.030398986700443317,0.03673210892970234,0.007599746675110829,0.013932868904369854,1579,2906,270,0.0929112181693049
2022,15,Ciudad Lineal,2,Pueblo Nuevo,152,717,7,239,28,74,67,9,34,0.33379888268156427,0.0032588454376163874,0.11126629422718808,0.01303538175046555,0.03445065176908752,0.031191806331471134,0.004189944134078212,0.015828677839851025,2148,3695,260,0.07036535859269283
2022,15,Ciudad Lineal,3,Quintana,153,398,1,142,21,54,29,10,13,0.3390119250425894,8.517887563884157e-4,0.12095400340715502,0.01788756388415673,0.04599659284497445,0.024701873935264053,0.008517887563884156,0.011073253833049404,1174,1858,97,0.052206673842841764
2022,15,Ciudad Lineal,4,La Concepción,154,292,5,133,9,40,28,3,21,0.3205268935236004,0.005488474204171241,0.145993413830955,0.009879253567508232,0.043907793633369926,0.030735455543358946,0.003293084522502744,0.02305159165751921,911,1521,74,0.04865220249835635
2022,15,Ciudad Lineal,5,San Pascual,155,177,4,69,5,36,20,8,10,0.3155080213903743,0.0071301247771836,0.12299465240641712,0.008912655971479501,0.06417112299465241,0.035650623885918005,0.0142602495543672,0.017825311942959002,561,890,25,0.028089887640449437
2022,15,Ciudad Lineal,6,San Juan Bautista,156,107,1,57,5,24,32,7,7,0.26884422110552764,0.002512562814070352,0.14321608040201006,0.01256281407035176,0.06030150753768844,0.08040201005025126,0.017587939698492462,0.017587939698492462,398,495,1,0.00202020202020202
2022,15,Ciudad Lineal,7,Colina,157,54,2,25,5,14,24,4,9,0.19148936170212766,0.0070921985815602835,0.08865248226950355,0.01773049645390071,0.04964539007092199,0.0851063829787234,0.014184397163120567,0.031914893617021274,282,388,5,0.01288659793814433
2022,15,Ciudad Lineal,8,Atalaya,158,4,0,4,0,3,0,0,1,0.12903225806451613,0,0.12903225806451613,0,0.0967741935483871,0,0,0.03225806451612903,31,46,1,0.021739130434782608
2022,15,Ciudad Lineal,9,Costillares,159,100,3,52,5,30,33,5,11,0.25906735751295334,0.007772020725388601,0.13471502590673576,0.012953367875647668,0.07772020725388601,0.08549222797927461,0.012953367875647668,0.02849740932642487,386,480,5,0.010416666666666666
2022,16,Hortaleza,1,Palomas,161,37,2,21,1,10,4,4,6,0.25874125874125875,0.013986013986013986,0.14685314685314685,0.006993006993006993,0.06993006993006994,0.027972027972027972,0.027972027972027972,0.04195804195804196,143,168,2,0.011904761904761904
2022,16,Hortaleza,2,Piovera,162,57,2,44,8,35,17,15,16,0.17981072555205047,0.006309148264984227,0.138801261829653,0.025236593059936908,0.11041009463722397,0.05362776025236593,0.0473186119873817,0.050473186119873815,317,365,1,0.0027397260273972603
2022,16,Hortaleza,3,Canillas,163,423,3,155,26,91,67,20,35,0.30718954248366015,0.002178649237472767,0.11256354393609296,0.01888162672476398,0.06608569353667393,0.048656499636891795,0.014524328249818447,0.025417574437182282,1377,2175,225,0.10344827586206896
2022,16,Hortaleza,4,Pinar del Rey,164,538,7,150,25,58,47,12,27,0.37206085753803597,0.004840940525587829,0.1037344398340249,0.017289073305670817,0.040110650069156296,0.03250345781466114,0.008298755186721992,0.01867219917012448,1446,2852,397,0.13920056100981767
2022,16,Hortaleza,5,Apóstol Santiago,165,90,0,38,3,13,6,2,7,0.375,0,0.15833333333333333,0.0125,0.05416666666666667,0.025,0.008333333333333333,0.029166666666666667,240,410,29,0.07073170731707316
2022,16,Hortaleza,6,Valdefuentes,166,199,2,146,7,60,52,8,23,0.23550295857988165,0.002366863905325444,0.1727810650887574,0.008284023668639054,0.07100591715976332,0.06153846153846154,0.009467455621301775,0.027218934911242602,845,1192,36,0.030201342281879196
2022,17,Villaverde,1,"Villaverde Alto, Casco Histórico de Villaverde",171,593,4,157,14,65,38,17,37,0.2259047619047619,0.0015238095238095239,0.05980952380952381,0.005333333333333333,0.024761904761904763,0.014476190476190476,0.0064761904761904765,0.014095238095238095,2625,4440,170,0.038288288288288286
2022,17,Villaverde,2,San Cristóbal,172,115,0,47,4,13,6,5,9,0.4136690647482014,0,0.16906474820143885,0.014388489208633094,0.046762589928057555,0.02158273381294964,0.017985611510791366,0.03237410071942446,278,449,16,0.035634743875278395
2022,17,Villaverde,3,Butarque,173,108,1,39,5,18,7,3,5,0.3333333333333333,0.0030864197530864196,0.12037037037037036,0.015432098765432098,0.05555555555555555,0.021604938271604937,0.009259259259259259,0.015432098765432098,324,443,10,0.022573363431151242
2022,17,Villaverde,4,Los Rosales,174,373,0,110,11,35,34,6,15,0.4015069967707212,0,0.11840688912809473,0.011840688912809472,0.03767491926803014,0.03659849300322928,0.006458557588805167,0.016146393972012917,929,1572,101,0.06424936386768448
2022,17,Villaverde,5,Ángeles,175,353,0,89,13,35,29,6,10,0.4440251572327044,0,0.1119496855345912,0.016352201257861635,0.0440251572327044,0.03647798742138365,0.007547169811320755,0.012578616352201259,795,1052,52,0.049429657794676805
2022,18,Villa de Vallecas,1,Casco Histórico de Vallecas,181,466,10,196,25,68,53,11,22,0.1734276144398958,0.003721622627465575,0.07294380349832527,0.009304056568663937,0.02530703386676591,0.01972459992556755,0.004093784890212133,0.008187569780424266,2687,4070,159,0.039066339066339065
2022,18,Villa de Vallecas,2,Santa Eugenia,182,171,0,52,10,39,23,3,21,0.3569937369519833,0,0.10855949895615867,0.020876826722338204,0.081419624217119,0.04801670146137787,0.006263048016701462,0.04384133611691023,479,654,31,0.047400611620795105
2022,18,Villa de Vallecas,3,Ensanche de Vallecas,183,316,0,116,8,56,42,1,12,0.4346629986244842,0,0.15955983493810177,0.011004126547455296,0.07702888583218707,0.0577716643741403,0.001375515818431912,0.016506189821182942,727,955,4,0.004188481675392671
2022,19,Vicalvaro,1,Casco Histórico de Vicálvaro,191,374,1,126,14,47,33,12,27,0.3303886925795053,8.833922261484099e-4,0.11130742049469965,0.012367491166077738,0.04151943462897526,0.029151943462897525,0.01060070671378092,0.023851590106007067,1132,1786,126,0.07054871220604703
2022,19,Vicalvaro,2,Valdebernardo,192,125,0,38,1,17,20,5,8,0.38580246913580246,0,0.11728395061728394,0.0030864197530864196,0.05246913580246913,0.06172839506172839,0.015432098765432098,0.024691358024691357,324,400,16,0.04
2022,19,Vicalvaro,3,Valderrivas,193,34,0,14,2,13,8,0,0,0.3469387755102041,0,0.14285714285714285,0.02040816326530612,0.1326530612244898,0.08163265306122448,0,0,98,106,0,0
2022,19,Vicalvaro,4,El Cañaveral,194,25,0,14,3,5,5,0,1,0.32051282051282054,0,0.1794871794871795,0.038461538461538464,0.0641025641025641,0.0641025641025641,0,0.01282051282051282,78,89,0,0
2022,20,San Blas-Canillejas,1,Simancas,201,258,9,183,17,39,23,13,21,0.23243243243243245,0.008108108108108109,0.16486486486486487,0.015315315315315315,0.03513513513513514,0.02072072072072072,0.011711711711711712,0.01891891891891892,1110,1432,46,0.03212290502793296
2022,20,San Blas-Canillejas,2,Hellín,202,27,0,10,1,8,8,5,3,0.3,0,0.1111111111111111,0.011111111111111112,0.08888888888888889,0.08888888888888889,0.05555555555555555,0.03333333333333333,90,126,8,0.06349206349206349
2022,20,San Blas-Canillejas,3,Amposta,203,102,2,29,2,3,8,10,1,0.46788990825688076,0.009174311926605505,0.13302752293577982,0.009174311926605505,0.013761467889908258,0.03669724770642202,0.045871559633027525,0.0045871559633027525,218,448,31,0.06919642857142858
2022,20,San Blas-Canillejas,4,Arcos,204,145,0,55,7,31,10,3,4,0.4096045197740113,0,0.1553672316384181,0.01977401129943503,0.08757062146892655,0.02824858757062147,0.00847457627118644,0.011299435028248588,354,438,14,0.0319634703196347
2022,20,San Blas-Canillejas,5,Rosas,205,220,1,211,8,54,46,11,19,0.2502844141069397,0.0011376564277588168,0.24004550625711035,0.009101251422070534,0.06143344709897611,0.05233219567690557,0.012514220705346985,0.02161547212741752,879,1150,38,0.03304347826086956
2022,20,San Blas-Canillejas,6,Rejas,206,198,18,90,5,11,4,3,28,0.27808988764044945,0.025280898876404494,0.12640449438202248,0.007022471910112359,0.01544943820224719,0.0056179775280898875,0.004213483146067416,0.03932584269662921,712,969,24,0.02476780185758514
2022,20,San Blas-Canillejas,7,Canillejas,207,364,1,119,15,32,28,13,13,0.37142857142857144,0.0010204081632653062,0.12142857142857143,0.015306122448979591,0.0326530612244898,0.02857142857142857,0.013265306122448979,0.013265306122448979,980,1612,89,0.05521091811414392
2022,20,San Blas-Canillejas,8,El Salvador,208,36,1,40,5,12,4,3,9,0.1643835616438356,0.0045662100456621,0.182648401826484,0.0228310502283105,0.0547945205479452,0.0182648401826484,0.0136986301369863,0.0410958904109589,219,340,12,0.03529411764705882
2022,21,Barajas,1,Alameda de Osuna,211,133,5,55,4,28,16,4,15,0.35092348284960423,0.013192612137203167,0.14511873350923482,0.010554089709762533,0.07387862796833773,0.04221635883905013,0.010554089709762533,0.0395778364116095,379,519,14,0.02697495183044316
2022,21,Barajas,2,Aeropuerto,212,161,3,110,0,1,1,6,2,0.3561946902654867,0.00663716814159292,0.24336283185840707,0,0.0022123893805309734,0.0022123893805309734,0.01327433628318584,0.004424778761061947,452,578,9,0.015570934256055362
2022,21,Barajas,3,Casco Histórico de Barajas,213,110,17,68,9,11,17,2,5,0.30985915492957744,0.04788732394366197,0.19154929577464788,0.02535211267605634,0.030985915492957747,0.04788732394366197,0.005633802816901409,0.014084507042253521,355,538,45,0.08364312267657993
2022,21,Barajas,4,Timón,214,50,5,35,2,25,20,2,8,0.1968503937007874,0.01968503937007874,0.13779527559055119,0.007874015748031496,0.0984251968503937,0.07874015748031496,0.007874015748031496,0.031496062992125984,254,368,14,0.03804347826086957
2022,21,Barajas,5,Corralejos,215,23,4,91,1,9,6,2,11,0.0942622950819672,0.01639344262295082,0.3729508196721312,0.004098360655737705,0.036885245901639344,0.02459016393442623,0.00819672131147541,0.045081967213114756,244,312,1,0.003205128205128205
2023,1,Centro,1,Palacio,011,507,47,555,19,56,18,8,59,0.2978848413631022,0.027614571092831962,0.32608695652173914,0.011163337250293772,0.03290246768507638,0.010575793184488837,0.004700352526439483,0.03466509988249119,1702,2262,68,0.030061892130857647
2023,1,Centro,2,Embajadores,012,1315,63,484,14,86,25,20,44,0.46043417366946776,0.022058823529411766,0.16946778711484595,0.004901960784313725,0.03011204481792717,0.008753501400560224,0.0070028011204481795,0.015406162464985995,2856,4030,158,0.039205955334987594
2023,1,Centro,3,Cortes,013,358,52,415,5,25,11,4,38,0.30390492359932086,0.044142614601018676,0.3522920203735144,0.004244482173174873,0.021222410865874362,0.00933786078098472,0.003395585738539898,0.03225806451612903,1178,1391,8,0.005751258087706686
2023,1,Centro,4,Justicia,014,861,35,495,11,41,27,5,49,0.4401840490797546,0.01789366053169734,0.25306748466257667,0.005623721881390593,0.020961145194274028,0.013803680981595092,0.002556237218813906,0.025051124744376277,1956,2165,4,0.0018475750577367205
2023,1,Centro,5,Universidad,015,887,52,617,19,89,50,12,60,0.37035490605427973,0.021711899791231733,0.25762004175365344,0.007933194154488519,0.037160751565762005,0.020876826722338204,0.005010438413361169,0.025052192066805846,2395,3034,107,0.035266974291364536
2023,1,Centro,6,Sol,016,764,51,475,3,3,4,8,29,0.47015384615384614,0.031384615384615386,0.2923076923076923,0.0018461538461538461,0.0018461538461538461,0.0024615384615384616,0.004923076923076923,0.017846153846153845,1625,1882,8,0.004250797024442083
2023,2,Arganzuela,1,Imperial,021,237,5,96,32,43,40,3,13,0.32689655172413795,0.006896551724137931,0.13241379310344828,0.044137931034482755,0.05931034482758621,0.05517241379310345,0.004137931034482759,0.01793103448275862,725,945,31,0.0328042328042328
2023,2,Arganzuela,2,Acacias,022,365,6,161,13,95,71,11,35,0.2974735126324368,0.004889975550122249,0.13121434392828035,0.010594947025264874,0.07742461287693561,0.05786471067644662,0.008964955175224124,0.02852485737571312,1227,1459,26,0.01782042494859493
2023,2,Arganzuela,3,Chopera,023,257,5,98,5,31,23,10,20,0.3564493758668516,0.006934812760055479,0.13592233009708737,0.006934812760055479,0.04299583911234397,0.0319001386962552,0.013869625520110958,0.027739251040221916,721,995,43,0.04321608040201005
2023,2,Arganzuela,4,Legazpi,024,126,5,76,4,26,26,6,10,0.2647058823529412,0.01050420168067227,0.15966386554621848,0.008403361344537815,0.0546218487394958,0.0546218487394958,0.012605042016806723,0.02100840336134454,476,616,14,0.022727272727272728
2023,2,Arganzuela,5,Delicias,025,280,2,138,15,48,36,4,10,0.33816425120772947,0.0024154589371980675,0.16666666666666666,0.018115942028985508,0.057971014492753624,0.043478260869565216,0.004830917874396135,0.012077294685990338,828,1018,17,0.01669941060903733
2023,2,Arganzuela,6,Palos de la Frontera,026,409,15,191,26,67,55,16,23,0.3124522536287242,0.01145912910618793,0.14591291061879297,0.019862490450725745,0.05118411000763942,0.04201680672268908,0.012223071046600458,0.01757066462948816,1309,1573,36,0.02288620470438652
2023,2,Arganzuela,7,Atocha,027,71,0,32,0,1,3,0,0,0.3858695652173913,0,0.17391304347826086,0,0.005434782608695652,0.016304347826086956,0,0,184,280,1,0.0035714285714285713
2023,3,Retiro,1,Pacífico,031,499,1,148,19,54,43,5,22,0.40016038492381717,8.019246190858059e-4,0.11868484362469928,0.015236567762630313,0.04330392943063352,0.034482758620689655,0.00400962309542903,0.01764234161988773,1247,1567,5,0.003190810465858328
2023,3,Retiro,2,Adelfas,032,105,4,52,5,16,23,4,8,0.25925925925925924,0.009876543209876543,0.12839506172839507,0.012345679012345678,0.03950617283950617,0.056790123456790124,0.009876543209876543,0.019753086419753086,405,522,6,0.011494252873563218
2023,3,Retiro,3,Estrella,033,147,4,41,7,26,20,3,10,0.33715596330275227,0.009174311926605505,0.09403669724770643,0.016055045871559634,0.05963302752293578,0.045871559633027525,0.006880733944954129,0.022935779816513763,436,537,7,0.01303538175046555
2023,3,Retiro,4,Ibiza,034,437,3,220,12,16,42,1,8,0.42344961240310075,0.0029069767441860465,0.2131782945736434,0.011627906976744186,0.015503875968992248,0.040697674418604654,9.689922480620155e-4,0.007751937984496124,1032,1107,1,9.033423667570009e-4
2023,3,Retiro,5,Los Jerónimos,035,87,8,81,2,11,9,2,30,0.2457627118644068,0.022598870056497175,0.2288135593220339,0.005649717514124294,0.031073446327683617,0.025423728813559324,0.005649717514124294,0.0847457627118644,354,425,3,0.007058823529411765
2023,3,Retiro,6,Niño Jesús,036,126,1,62,4,56,34,6,10,0.252,0.002,0.124,0.008,0.112,0.068,0.012,0.02,500,586,4,0.006825938566552901
2023,4,Salamanca,1,Recoletos,041,993,17,298,10,14,29,2,28,0.5786713286713286,0.009906759906759906,0.17365967365967366,0.005827505827505828,0.008158508158508158,0.0168997668997669,0.0011655011655011655,0.016317016317016316,1716,1862,2,0.0010741138560687433
2023,4,Salamanca,2,Goya,042,794,6,330,21,46,80,4,32,0.4355458036204059,0.0032912781130005485,0.18102029621503016,0.01151947339550192,0.025233132199670872,0.04388370817334065,0.0021941854086670325,0.01755348326933626,1823,2066,2,9.68054211035818e-4
2023,4,Salamanca,3,Fuente del Berro,043,273,2,109,5,39,42,8,28,0.3159722222222222,0.0023148148148148147,0.1261574074074074,0.005787037037037037,0.04513888888888889,0.04861111111111111,0.009259259259259259,0.032407407407407406,864,1181,29,0.024555461473327687
2023,4,Salamanca,4,Guindalera,044,557,23,193,16,102,68,18,42,0.3284198113207547,0.013561320754716982,0.11379716981132075,0.009433962264150943,0.060141509433962265,0.04009433962264151,0.01061320754716981,0.024764150943396228,1696,2159,52,0.024085224641037517
2023,4,Salamanca,5,Lista,045,422,7,195,9,32,55,3,22,0.38398544131028206,0.006369426751592357,0.17743403093721566,0.00818926296633303,0.029117379435850774,0.05004549590536852,0.00272975432211101,0.020018198362147407,1099,1233,2,0.0016220600162206002
2023,4,Salamanca,6,Castellana,046,491,10,218,9,18,56,1,23,0.4185848252344416,0.008525149190110827,0.18584825234441602,0.0076726342710997444,0.015345268542199489,0.04774083546462063,8.525149190110827e-4,0.0196078431372549,1173,1326,4,0.0030165912518853697
2023,5,Chamartin,1,El Viso,051,218,1,137,8,75,38,2,32,0.24604966139954854,0.001128668171557562,0.154627539503386,0.009029345372460496,0.08465011286681716,0.04288939051918736,0.002257336343115124,0.03611738148984198,886,1039,19,0.01828681424446583
2023,5,Chamartin,2,Prosperidad,052,532,8,202,11,56,57,13,16,0.36488340192043894,0.0054869684499314125,0.13854595336076816,0.0075445816186556925,0.038408779149519894,0.03909465020576132,0.008916323731138546,0.010973936899862825,1458,1900,47,0.024736842105263158
2023,5,Chamartin,3,Ciudad Jardín,053,291,8,141,13,49,42,7,22,0.282798833819242,0.007774538386783284,0.13702623906705538,0.012633624878522837,0.047619047619047616,0.04081632653061224,0.006802721088435374,0.021379980563654033,1029,1428,36,0.025210084033613446
2023,5,Chamartin,4,Hispanoamérica,054,491,5,233,17,58,92,7,25,0.3421602787456446,0.003484320557491289,0.16236933797909409,0.011846689895470384,0.04041811846689895,0.06411149825783972,0.004878048780487805,0.017421602787456445,1435,1718,28,0.01629802095459837
2023,5,Chamartin,5,Nueva España,055,188,3,139,10,63,67,8,21,0.21709006928406466,0.003464203233256351,0.1605080831408776,0.011547344110854504,0.07274826789838337,0.07736720554272518,0.009237875288683603,0.02424942263279446,866,1044,32,0.03065134099616858
2023,5,Chamartin,6,Castilla,056,140,7,91,6,23,25,6,13,0.2676864244741874,0.01338432122370937,0.1739961759082218,0.011472275334608031,0.04397705544933078,0.04780114722753346,0.011472275334608031,0.0248565965583174,523,760,127,0.16710526315789473
2023,6,Tetuan,1,Bellas Vistas,061,351,11,119,10,37,23,10,16,0.32231404958677684,0.010101010101010102,0.10927456382001836,0.009182736455463728,0.03397612488521579,0.021120293847566574,0.009182736455463728,0.014692378328741965,1089,1740,172,0.09885057471264368
2023,6,Tetuan,2,Cuatro Caminos,062,799,25,342,26,57,56,6,49,0.38506024096385544,0.012048192771084338,0.16481927710843375,0.01253012048192771,0.02746987951807229,0.026987951807228915,0.002891566265060241,0.023614457831325302,2075,2715,104,0.038305709023941065
2023,6,Tetuan,3,Castillejos,063,259,9,214,11,23,57,1,22,0.25367286973555336,0.00881488736532811,0.20959843290891284,0.010773751224289911,0.022526934378060724,0.05582761998041136,9.794319294809011e-4,0.021547502448579822,1021,1298,40,0.030816640986132512
2023,6,Tetuan,4,Almenara,064,223,12,85,7,47,28,22,11,0.26674641148325356,0.014354066985645933,0.10167464114832536,0.008373205741626795,0.056220095693779906,0.03349282296650718,0.02631578947368421,0.013157894736842105,836,1581,107,0.06767868437697659
2023,6,Tetuan,5,Valdeacederas,065,312,7,75,9,21,17,10,13,0.34782608695652173,0.007803790412486065,0.08361204013377926,0.010033444816053512,0.023411371237458192,0.0189520624303233,0.011148272017837236,0.014492753623188406,897,1923,208,0.10816432657306292
2023,6,Tetuan,6,Berruguete,066,307,7,94,11,28,25,7,15,0.33885209713024284,0.00772626931567329,0.10375275938189846,0.012141280353200883,0.03090507726269316,0.02759381898454746,0.00772626931567329,0.016556291390728478,906,1594,176,0.11041405269761606
2023,7,Chamberi,1,Gaztambide,071,542,15,220,17,60,61,5,21,0.37612768910478833,0.010409437890353921,0.15267175572519084,0.01179736294240111,0.041637751561415685,0.04233171408743928,0.0034698126301179735,0.01457321304649549,1441,1714,6,0.003500583430571762
2023,7,Chamberi,2,Arapiles,072,425,3,201,26,65,47,10,17,0.34893267651888343,0.0024630541871921183,0.16502463054187191,0.021346469622331693,0.053366174055829226,0.03858784893267652,0.008210180623973728,0.013957307060755337,1218,1449,7,0.004830917874396135
2023,7,Chamberi,3,Trafalgar,073,496,17,310,19,50,66,9,29,0.32524590163934425,0.011147540983606558,0.20327868852459016,0.012459016393442624,0.03278688524590164,0.043278688524590166,0.005901639344262295,0.01901639344262295,1525,1873,20,0.010678056593699947
2023,7,Chamberi,4,Almagro,074,345,7,256,8,45,53,5,17,0.30831099195710454,0.006255585344057194,0.2287756925826631,0.0071492403932082215,0.040214477211796246,0.04736371760500447,0.004468275245755138,0.01519213583556747,1119,1299,3,0.0023094688221709007
2023,7,Chamberi,5,Ríos Rosas,075,388,10,287,14,55,54,8,25,0.29393939393939394,0.007575757575757576,0.21742424242424244,0.010606060606060607,0.041666666666666664,0.04090909090909091,0.006060606060606061,0.01893939393939394,1320,1509,7,0.004638833664678595
2023,7,Chamberi,6,Vallehermoso,076,203,2,123,8,52,57,17,16,0.25925925925925924,0.002554278416347382,0.15708812260536398,0.010217113665389528,0.06641123882503193,0.07279693486590039,0.021711366538952746,0.020434227330779056,783,891,5,0.005611672278338945
2023,8,Fuencarral-El Pardo,1,El Pardo,081,28,0,38,1,5,4,5,15,0.19310344827586207,0,0.2620689655172414,0.006896551724137931,0.034482758620689655,0.027586206896551724,0.034482758620689655,0.10344827586206896,145,226,18,0.07964601769911504
2023,8,Fuencarral-El Pardo,2,Fuentelarreina,082,6,2,3,0,0,2,0,2,0.25,0.08333333333333333,0.125,0,0,0.08333333333333333,0,0.08333333333333333,24,28,0,0
2023,8,Fuencarral-El Pardo,3,Peñagrande,083,302,0,100,10,57,45,20,17,0.3439635535307517,0,0.11389521640091116,0.011389521640091117,0.06492027334851937,0.05125284738041002,0.022779043280182234,0.0193621867881549,878,1164,47,0.040378006872852236
2023,8,Fuencarral-El Pardo,4,Pilar,084,714,6,200,17,76,61,5,26,0.40893470790378006,0.003436426116838488,0.1145475372279496,0.009736540664375716,0.043528064146620846,0.03493699885452463,0.0028636884306987398,0.014891179839633447,1746,2580,211,0.0817829457364341
2023,8,Fuencarral-El Pardo,5,La Paz,085,204,3,100,9,32,55,10,14,0.2922636103151863,0.004297994269340974,0.14326647564469913,0.012893982808022923,0.045845272206303724,0.07879656160458452,0.014326647564469915,0.02005730659025788,698,912,14,0.015350877192982455
2023,8,Fuencarral-El Pardo,6,Valverde,086,340,19,249,16,99,70,20,33,0.21026592455163884,0.011750154607297465,0.15398886827458255,0.009894867037724181,0.061224489795918366,0.04329004329004329,0.012368583797155226,0.02040816326530612,1617,2780,147,0.05287769784172662
2023,8,Fuencarral-El Pardo,7,Mirasierra,087,154,0,56,5,38,42,22,24,0.3092369477911647,0,0.11244979919678715,0.010040160642570281,0.07630522088353414,0.08433734939759036,0.04417670682730924,0.04819277108433735,498,555,3,0.005405405405405406
2023,8,Fuencarral-El Pardo,8,El Goloso,088,118,1,91,3,71,27,7,29,0.23137254901960785,0.00196078431372549,0.1784313725490196,0.0058823529411764705,0.1392156862745098,0.052941176470588235,0.013725490196078431,0.056862745098039215,510,592,0,0
2023,9,Moncloa-Aravaca,1,Casa de Campo,091,235,5,146,5,30,24,9,28,0.35179640718562877,0.0074850299401197605,0.218562874251497,0.0074850299401197605,0.04491017964071856,0.03592814371257485,0.01347305389221557,0.041916167664670656,668,843,11,0.013048635824436536
2023,9,Moncloa-Aravaca,2,Argüelles,092,413,21,239,17,56,52,9,18,0.32674050632911394,0.01661392405063291,0.18908227848101267,0.013449367088607595,0.04430379746835443,0.04113924050632911,0.007120253164556962,0.014240506329113924,1264,1537,17,0.011060507482108002
2023,9,Moncloa-Aravaca,3,Ciudad Universitaria,093,142,1,167,3,110,34,8,49,0.16492450638792103,0.0011614401858304297,0.19396051103368175,0.003484320557491289,0.12775842044134728,0.03948896631823461,0.009291521486643438,0.056910569105691054,861,1070,30,0.028037383177570093
2023,9,Moncloa-Aravaca,4,Valdezarza,094,196,1,57,7,41,38,6,9,0.31921824104234525,0.0016286644951140066,0.09283387622149837,0.011400651465798045,0.06677524429967427,0.06188925081433225,0.009771986970684038,0.014657980456026058,614,1021,104,0.10186092066601371
2023,9,Moncloa-Aravaca,5,Valdemarín,095,12,5,35,1,15,6,8,2,0.10344827586206896,0.04310344827586207,0.3017241379310345,0.008620689655172414,0.12931034482758622,0.05172413793103448,0.06896551724137931,0.017241379310344827,116,127,0,0
2023,9,Moncloa-Aravaca,6,El Plantío,096,61,2,20,1,16,8,7,3,0.3193717277486911,0.010471204188481676,0.10471204188481675,0.005235602094240838,0.08376963350785341,0.041884816753926704,0.03664921465968586,0.015706806282722512,191,240,5,0.020833333333333332
2023,9,Moncloa-Aravaca,7,Aravaca,097,205,2,65,11,55,32,12,12,0.3274760383386581,0.003194888178913738,0.10383386581469649,0.01757188498402556,0.0878594249201278,0.051118210862619806,0.019169329073482427,0.019169329073482427,626,769,27,0.035110533159947985
2023,10,Latina,1,Los Cármenes,101,68,2,51,3,13,7,5,19,0.22006472491909385,0.006472491909385114,0.1650485436893204,0.009708737864077669,0.042071197411003236,0.022653721682847898,0.016181229773462782,0.061488673139158574,309,759,90,0.11857707509881422
2023,10,Latina,2,Puerta del Angel,102,499,14,196,14,53,51,8,23,0.33266666666666667,0.009333333333333334,0.13066666666666665,0.009333333333333334,0.035333333333333335,0.034,0.005333333333333333,0.015333333333333332,1500,3033,355,0.11704582921200132
2023,10,Latina,3,Lucero,103,274,1,107,14,41,32,12,15,0.3281437125748503,0.0011976047904191617,0.1281437125748503,0.016766467065868262,0.04910179640718563,0.03832335329341317,0.01437125748502994,0.017964071856287425,835,1492,150,0.10053619302949061
2023,10,Latina,4,Aluche,104,704,5,268,18,87,100,13,32,0.3697478991596639,0.0026260504201680674,0.1407563025210084,0.009453781512605041,0.04569327731092437,0.052521008403361345,0.006827731092436975,0.01680672268907563,1904,2798,224,0.08005718370264475
2023,10,Latina,5,Campamento,105,130,0,46,10,20,15,3,8,0.3037383177570093,0,0.10747663551401869,0.02336448598130841,0.04672897196261682,0.035046728971962614,0.007009345794392523,0.018691588785046728,428,833,91,0.1092436974789916
2023,10,Latina,6,Cuatro Vientos,106,25,0,12,0,13,4,4,5,0.22727272727272727,0,0.10909090909090909,0,0.11818181818181818,0.03636363636363636,0.03636363636363636,0.045454545454545456,110,161,1,0.006211180124223602
2023,10,Latina,7,Águilas,107,454,0,143,16,43,52,13,19,0.40319715808170514,0,0.1269982238010657,0.014209591474245116,0.03818827708703375,0.046181172291296625,0.011545293072824156,0.016873889875666074,1126,1636,36,0.022004889975550123
2023,11,Carabanchel,1,Comillas,111,289,2,91,14,18,16,2,14,0.36768447837150126,0.002544529262086514,0.11577608142493638,0.017811704834605598,0.022900763358778626,0.020356234096692113,0.002544529262086514,0.017811704834605598,786,1417,80,0.056457304163726185
2023,11,Carabanchel,2,Opañel,112,398,0,150,12,36,32,11,18,0.31763766959297685,0,0.11971268954509177,0.009577015163607342,0.028731045490822026,0.025538707102952914,0.008778930566640064,0.014365522745411013,1253,2029,109,0.05372104484967965
2023,11,Carabanchel,3,San Isidro,113,308,2,129,12,31,23,12,14,0.2970106075216972,0.0019286403085824494,0.12439729990356799,0.011571841851494697,0.029893924783027964,0.022179363548698167,0.011571841851494697,0.013500482160077145,1037,2122,149,0.07021677662582469
2023,11,Carabanchel,4,Vista Alegre,114,797,9,273,33,75,72,11,29,0.3688107357704766,0.0041647385469689956,0.1263304025913929,0.015270708005552984,0.034706154558074964,0.033317908375751965,0.005090236001850995,0.013419713095788986,2161,3475,166,0.047769784172661874
2023,11,Carabanchel,5,Puerta Bonita,115,293,0,98,9,45,31,13,15,0.3184782608695652,0,0.10652173913043478,0.009782608695652175,0.04891304347826087,0.03369565217391304,0.014130434782608696,0.016304347826086956,920,1621,99,0.06107341147439852
2023,11,Carabanchel,6,Buenavista,116,467,2,198,14,69,46,11,28,0.33889695210449927,0.001451378809869376,0.14368650217706821,0.010159651669085631,0.050072568940493466,0.033381712626995644,0.007982583454281567,0.020319303338171262,1378,2190,86,0.039269406392694065
2023,11,Carabanchel,7,Abrantes,117,234,1,89,16,31,19,2,11,0.34260614934114203,0.0014641288433382138,0.13030746705710103,0.02342606149341142,0.04538799414348463,0.027818448023426062,0.0029282576866764276,0.016105417276720352,683,1042,52,0.04990403071017274
2023,12,Usera,1,Orcasitas,121,145,3,53,1,24,9,4,4,0.41786743515850144,0.008645533141210375,0.15273775216138327,0.002881844380403458,0.069164265129683,0.025936599423631124,0.011527377521613832,0.011527377521613832,347,445,25,0.056179775280898875
2023,12,Usera,2,Orcasur,122,58,0,35,1,23,6,8,5,0.24267782426778242,0,0.14644351464435146,0.0041841004184100415,0.09623430962343096,0.02510460251046025,0.03347280334728033,0.02092050209205021,239,430,13,0.030232558139534883
2023,12,Usera,3,San Fermín,123,142,3,73,4,10,7,6,6,0.3523573200992556,0.007444168734491315,0.18114143920595532,0.009925558312655087,0.02481389578163772,0.017369727047146403,0.01488833746898263,0.01488833746898263,403,646,21,0.032507739938080496
2023,12,Usera,4,Almendrales,124,252,3,108,4,21,18,7,10,0.34332425068119893,0.004087193460490463,0.14713896457765668,0.005449591280653951,0.02861035422343324,0.02452316076294278,0.009536784741144414,0.013623978201634877,734,1158,67,0.05785837651122625
2023,12,Usera,5,Moscardó,125,485,4,183,9,33,29,6,19,0.4221061792863359,0.0034812880765883376,0.15926892950391644,0.007832898172323759,0.028720626631853787,0.025239338555265448,0.005221932114882507,0.016536118363794605,1149,1647,87,0.052823315118397086
2023,12,Usera,6,Zofío,126,93,1,38,1,12,9,3,13,0.2547945205479452,0.0027397260273972603,0.10410958904109589,0.0027397260273972603,0.03287671232876712,0.024657534246575342,0.00821917808219178,0.03561643835616438,365,711,67,0.09423347398030943
2023,12,Usera,7,Pradolongo,127,259,2,109,5,20,18,7,5,0.33419354838709675,0.0025806451612903226,0.1406451612903226,0.0064516129032258064,0.025806451612903226,0.023225806451612905,0.00903225806451613,0.0064516129032258064,775,1352,115,0.08505917159763314
2023,13,Puente de Vallecas,1,Entrevías,131,195,1,99,7,39,18,9,14,0.28761061946902655,0.0014749262536873156,0.14601769911504425,0.01032448377581121,0.05752212389380531,0.02654867256637168,0.01327433628318584,0.02064896755162242,678,1511,117,0.07743216412971542
2023,13,Puente de Vallecas,2,San Diego,132,600,5,172,15,40,41,14,18,0.37336652146857496,0.0031113876789047915,0.10703173615432483,0.009334163036714374,0.024891101431238332,0.02551337896701929,0.008711885500933417,0.01120099564405725,1607,3062,302,0.09862834748530372
2023,13,Puente de Vallecas,3,Palomeras Bajas,133,240,0,92,12,50,26,12,21,0.3026481715006305,0,0.11601513240857503,0.015132408575031526,0.06305170239596469,0.03278688524590164,0.015132408575031526,0.02648171500630517,793,1398,119,0.08512160228898426
2023,13,Puente de Vallecas,4,Palomeras Sureste,134,253,4,93,9,42,24,10,13,0.2795580110497238,0.004419889502762431,0.10276243093922652,0.009944751381215469,0.04640883977900553,0.026519337016574586,0.011049723756906077,0.014364640883977901,905,1727,195,0.1129125651418645
2023,13,Puente de Vallecas,5,Portazgo,135,299,1,110,14,30,35,6,6,0.34486735870818913,0.0011534025374855825,0.12687427912341406,0.016147635524798153,0.03460207612456748,0.040369088811995385,0.006920415224913495,0.006920415224913495,867,1526,105,0.06880733944954129
2023,13,Puente de Vallecas,6,Numancia,136,466,4,158,11,57,37,19,14,0.33428981348637016,0.0028694404591104736,0.1133428981348637,0.007890961262553802,0.040889526542324243,0.02654232424677188,0.013629842180774749,0.010043041606886656,1394,2477,236,0.09527654420670166
2023,14,Moratalaz,1,Pavones,141,36,0,21,2,14,9,19,7,0.21176470588235294,0,0.12352941176470589,0.011764705882352941,0.08235294117647059,0.052941176470588235,0.11176470588235295,0.041176470588235294,170,266,16,0.06015037593984962
2023,14,Moratalaz,2,Horcajo,142,37,0,12,0,11,10,2,1,0.3557692307692308,0,0.11538461538461539,0,0.10576923076923077,0.09615384615384616,0.019230769230769232,0.009615384615384616,104,138,8,0.057971014492753624
2023,14,Moratalaz,3,Marroquina,143,270,0,108,11,48,42,7,11,0.33007334963325186,0,0.13202933985330073,0.013447432762836185,0.05867970660146699,0.05134474327628362,0.008557457212713936,0.013447432762836185,818,1129,70,0.06200177147918512
2023,14,Moratalaz,4,Media Legua,144,104,0,45,5,27,18,7,14,0.2549019607843137,0,0.11029411764705882,0.012254901960784314,0.0661764705882353,0.04411764705882353,0.01715686274509804,0.03431372549019608,408,561,24,0.0427807486631016
2023,14,Moratalaz,5,Fontarrón,145,146,0,31,4,17,15,5,7,0.44785276073619634,0,0.0950920245398773,0.012269938650306749,0.05214723926380368,0.046012269938650305,0.015337423312883436,0.02147239263803681,326,430,10,0.023255813953488372
2023,14,Moratalaz,6,Vinateros,146,144,0,27,12,9,12,3,1,0.4485981308411215,0,0.08411214953271028,0.037383177570093455,0.028037383177570093,0.037383177570093455,0.009345794392523364,0.003115264797507788,321,418,14,0.03349282296650718
2023,15,Ciudad Lineal,1,Ventas,151,447,6,173,22,47,58,12,22,0.28489483747609945,0.0038240917782026767,0.11026131293817719,0.014021669853409816,0.02995538559592097,0.036966220522625874,0.0076481835564053535,0.014021669853409816,1569,2933,277,0.09444255028980567
2023,15,Ciudad Lineal,2,Pueblo Nuevo,152,726,9,244,27,74,67,9,33,0.33595557612216564,0.0041647385469689956,0.11291068949560389,0.012494215640906987,0.03424340583063397,0.031004164738546967,0.0041647385469689956,0.015270708005552984,2161,3708,267,0.07200647249190939
2023,15,Ciudad Lineal,3,Quintana,153,393,1,143,21,51,31,9,13,0.33248730964467005,8.460236886632825e-4,0.12098138747884941,0.017766497461928935,0.04314720812182741,0.02622673434856176,0.007614213197969543,0.010998307952622674,1182,1869,98,0.052434456928838954
2023,15,Ciudad Lineal,4,La Concepción,154,282,4,130,10,40,28,4,19,0.31508379888268156,0.004469273743016759,0.1452513966480447,0.0111731843575419,0.0446927374301676,0.03128491620111732,0.004469273743016759,0.021229050279329607,895,1523,74,0.048588312541037425
2023,15,Ciudad Lineal,5,San Pascual,155,173,5,66,5,37,21,8,9,0.3117117117117117,0.009009009009009009,0.11891891891891893,0.009009009009009009,0.06666666666666667,0.03783783783783784,0.014414414414414415,0.016216216216216217,555,890,26,0.029213483146067417
2023,15,Ciudad Lineal,6,San Juan Bautista,156,106,1,59,5,25,30,6,8,0.2676767676767677,0.0025252525252525255,0.14898989898989898,0.012626262626262626,0.06313131313131314,0.07575757575757576,0.015151515151515152,0.020202020202020204,396,497,3,0.006036217303822937
2023,15,Ciudad Lineal,7,Colina,157,54,2,25,5,14,25,4,8,0.19014084507042253,0.007042253521126761,0.0880281690140845,0.017605633802816902,0.04929577464788732,0.0880281690140845,0.014084507042253521,0.028169014084507043,284,390,5,0.01282051282051282
2023,15,Ciudad Lineal,8,Atalaya,158,4,0,4,0,3,1,1,1,0.125,0,0.125,0,0.09375,0.03125,0.03125,0.03125,32,46,1,0.021739130434782608
2023,15,Ciudad Lineal,9,Costillares,159,105,3,46,5,28,34,5,11,0.27486910994764396,0.007853403141361256,0.12041884816753927,0.013089005235602094,0.07329842931937172,0.08900523560209424,0.013089005235602094,0.028795811518324606,382,482,5,0.01037344398340249
2023,16,Hortaleza,1,Palomas,161,38,2,21,1,10,4,4,6,0.26573426573426573,0.013986013986013986,0.14685314685314685,0.006993006993006993,0.06993006993006994,0.027972027972027972,0.027972027972027972,0.04195804195804196,143,169,2,0.011834319526627219
2023,16,Hortaleza,2,Piovera,162,78,2,44,7,36,19,15,15,0.23283582089552238,0.005970149253731343,0.13134328358208955,0.020895522388059702,0.10746268656716418,0.056716417910447764,0.04477611940298507,0.04477611940298507,335,385,1,0.0025974025974025974
2023,16,Hortaleza,3,Canillas,163,418,7,154,25,90,70,20,35,0.3013698630136986,0.005046863734679163,0.1110310021629416,0.01802451333813987,0.06488824801730353,0.050468637346791634,0.014419610670511895,0.025234318673395817,1387,2191,226,0.10314924691921497
2023,16,Hortaleza,4,Pinar del Rey,164,563,9,150,25,59,45,13,27,0.38247282608695654,0.006114130434782609,0.10190217391304347,0.016983695652173912,0.04008152173913043,0.030570652173913044,0.008831521739130434,0.018342391304347828,1472,2882,386,0.1339347675225538
2023,16,Hortaleza,5,Apóstol Santiago,165,100,0,38,3,14,6,2,7,0.3968253968253968,0,0.15079365079365079,0.011904761904761904,0.05555555555555555,0.023809523809523808,0.007936507936507936,0.027777777777777776,252,422,29,0.06872037914691943
2023,16,Hortaleza,6,Valdefuentes,166,231,4,154,6,60,54,8,26,0.25609756097560976,0.004434589800443459,0.17073170731707318,0.0066518847006651885,0.06651884700665188,0.0598669623059867,0.008869179600886918,0.028824833702882482,902,1266,35,0.02764612954186414
2023,17,Villaverde,1,"Villaverde Alto, Casco Histórico de Villaverde",171,589,5,163,12,64,38,17,33,0.22101313320825516,0.001876172607879925,0.061163227016885556,0.00450281425891182,0.02401500938086304,0.01425891181988743,0.006378986866791745,0.012382739212007506,2665,4465,175,0.03919372900335946
2023,17,Villaverde,2,San Cristóbal,172,115,0,47,4,13,6,5,9,0.4197080291970803,0,0.17153284671532848,0.014598540145985401,0.04744525547445255,0.021897810218978103,0.01824817518248175,0.032846715328467155,274,448,16,0.03571428571428571
2023,17,Villaverde,3,Butarque,173,110,1,41,5,19,8,3,5,0.3384615384615385,0.003076923076923077,0.12615384615384614,0.015384615384615385,0.05846153846153846,0.024615384615384615,0.009230769230769232,0.015384615384615385,325,446,10,0.02242152466367713
2023,17,Villaverde,4,Los Rosales,174,372,1,112,11,35,36,6,14,0.3961661341853035,0.0010649627263045794,0.11927582534611289,0.011714589989350373,0.03727369542066028,0.038338658146964855,0.006389776357827476,0.014909478168264111,939,1575,100,0.06349206349206349
2023,17,Villaverde,5,Ángeles,175,355,0,92,13,35,30,6,9,0.4431960049937578,0,0.11485642946317104,0.016229712858926344,0.04369538077403246,0.03745318352059925,0.00749063670411985,0.011235955056179775,801,1059,52,0.049102927289896126
2023,18,Villa de Vallecas,1,Casco Histórico de Vallecas,181,462,10,200,24,69,55,10,22,0.17219530376444278,0.003727171077152441,0.07454342154304883,0.008945210585165859,0.025717480432351846,0.020499440924338426,0.003727171077152441,0.008199776369735371,2683,4081,159,0.03896103896103896
2023,18,Villa de Vallecas,2,Santa Eugenia,182,167,0,54,10,39,22,3,23,0.348643006263048,0,0.1127348643006263,0.020876826722338204,0.081419624217119,0.04592901878914405,0.006263048016701462,0.04801670146137787,479,648,30,0.046296296296296294
2023,18,Villa de Vallecas,3,Ensanche de Vallecas,183,316,0,121,8,52,44,1,19,0.42302543507362783,0,0.16198125836680052,0.0107095046854083,0.06961178045515395,0.058902275769745646,0.0013386880856760374,0.025435073627844713,747,977,4,0.0040941658137154556
2023,19,Vicalvaro,1,Casco Histórico de Vicálvaro,191,378,1,126,15,50,33,11,26,0.3295553618134263,8.718395815170009e-4,0.10985178727114212,0.013077593722755012,0.043591979075850044,0.02877070619006103,0.00959023539668701,0.022667829119442023,1147,1806,128,0.07087486157253599
2023,19,Vicalvaro,2,Valdebernardo,192,125,0,39,1,16,20,5,8,0.382262996941896,0,0.11926605504587157,0.0030581039755351682,0.04892966360856269,0.06116207951070336,0.01529051987767584,0.024464831804281346,327,403,16,0.03970223325062035
2023,19,Vicalvaro,3,Valderrivas,193,40,0,13,2,13,8,2,0,0.37383177570093457,0,0.12149532710280374,0.018691588785046728,0.12149532710280374,0.07476635514018691,0.018691588785046728,0,107,114,0,0
2023,19,Vicalvaro,4,El Cañaveral,194,37,0,18,3,6,7,0,1,0.3592233009708738,0,0.17475728155339806,0.02912621359223301,0.05825242718446602,0.06796116504854369,0,0.009708737864077669,103,119,0,0
2023,20,San Blas-Canillejas,1,Simancas,201,282,11,192,17,38,26,13,20,0.24394463667820068,0.009515570934256055,0.16608996539792387,0.014705882352941176,0.0328719723183391,0.02249134948096886,0.01124567474048443,0.01730103806228374,1156,1468,44,0.02997275204359673
2023,20,San Blas-Canillejas,2,Hellín,202,27,0,10,1,8,8,5,4,0.2967032967032967,0,0.10989010989010989,0.01098901098901099,0.08791208791208792,0.08791208791208792,0.054945054945054944,0.04395604395604396,91,127,8,0.06299212598425197
2023,20,San Blas-Canillejas,3,Amposta,203,105,2,29,2,3,8,10,1,0.47297297297297297,0.009009009009009009,0.13063063063063063,0.009009009009009009,0.013513513513513514,0.036036036036036036,0.04504504504504504,0.0045045045045045045,222,455,31,0.06813186813186813
2023,20,San Blas-Canillejas,4,Arcos,204,153,0,57,6,30,10,3,5,0.41689373297002724,0,0.1553133514986376,0.01634877384196185,0.08174386920980926,0.027247956403269755,0.008174386920980926,0.013623978201634877,367,450,14,0.03111111111111111
2023,20,San Blas-Canillejas,5,Rosas,205,242,1,217,7,51,47,11,17,0.2682926829268293,0.0011086474501108647,0.24057649667405764,0.007760532150776054,0.0565410199556541,0.052106430155210645,0.012195121951219513,0.018847006651884702,902,1171,38,0.032450896669513236
2023,20,San Blas-Canillejas,6,Rejas,206,204,16,99,5,12,4,3,29,0.276797829036635,0.021709633649932156,0.13432835820895522,0.0067842605156037995,0.016282225237449117,0.005427408412483039,0.004070556309362279,0.03934871099050204,737,1004,24,0.02390438247011952
2023,20,San Blas-Canillejas,7,Canillejas,207,366,1,120,15,31,28,13,14,0.3693239152371342,0.0010090817356205853,0.12108980827447023,0.015136226034308779,0.03128153380423814,0.028254288597376387,0.013118062563067608,0.014127144298688193,991,1614,89,0.05514250309789343
2023,20,San Blas-Canillejas,8,El Salvador,208,34,2,41,4,11,4,2,9,0.1552511415525114,0.0091324200913242,0.1872146118721461,0.0182648401826484,0.0502283105022831,0.0182648401826484,0.0091324200913242,0.0410958904109589,219,341,12,0.03519061583577713
2023,21,Barajas,1,Alameda de Osuna,211,132,5,58,4,29,16,4,16,0.34285714285714286,0.012987012987012988,0.15064935064935064,0.01038961038961039,0.07532467532467532,0.04155844155844156,0.01038961038961039,0.04155844155844156,385,528,14,0.026515151515151516
2023,21,Barajas,2,Aeropuerto,212,162,3,109,0,1,1,5,2,0.3537117903930131,0.006550218340611353,0.23799126637554585,0,0.002183406113537118,0.002183406113537118,0.010917030567685589,0.004366812227074236,458,582,10,0.01718213058419244
2023,21,Barajas,3,Casco Histórico de Barajas,213,114,17,65,10,11,16,3,4,0.3157894736842105,0.04709141274238227,0.18005540166204986,0.027700831024930747,0.030470914127423823,0.0443213296398892,0.008310249307479225,0.0110803324099723,361,545,47,0.08623853211009175
2023,21,Barajas,4,Timón,214,56,5,37,2,25,19,2,9,0.21292775665399238,0.019011406844106463,0.14068441064638784,0.0076045627376425855,0.09505703422053231,0.07224334600760456,0.0076045627376425855,0.034220532319391636,263,374,14,0.0374331550802139
2023,21,Barajas,5,Corralejos,215,25,3,94,1,9,6,2,11,0.10204081632653061,0.012244897959183673,0.3836734693877551,0.004081632653061225,0.036734693877551024,0.024489795918367346,0.00816326530612245,0.044897959183673466,245,314,1,0.0031847133757961785
