anio,distrito_num,distrito_nombre,barrio_num,barrio_nombre,codigo_barrio,n_altas_internas,n_altas_internas_esp,n_altas_internas_ext,n_bajas_internas,n_bajas_internas_esp,n_bajas_internas_ext,n_altas_externas,n_altas_externas_esp,n_altas_externas_ext,n_bajas_externas,n_bajas_externas_esp,n_bajas_externas_ext,n_entradas_totales,n_salidas_totales,poblacion_total_barrio,tasa_altas_internas,tasa_bajas_internas,tasa_altas_externas,tasa_bajas_externas,tasa_entradas_totales,tasa_salidas_totales
2017,1,Centro,1,Palacio,011,1370,977,393,1705,1181,523,1814,967,847,811,632,179,3184,2516,22449,0.06102721724798432,0.07594993095460822,0.08080538108601719,0.03612633079424473,0.14183259833400153,0.11207626174885296
2017,1,Centro,2,Embajadores,012,3429,1861,1568,4332,2379,1953,4126,1806,2320,1807,1227,580,7555,6139,44793,0.07655213984327909,0.09671153974951444,0.09211260688053936,0.04034112472931038,0.16866474672381845,0.1370526644788248
2017,1,Centro,3,Cortes,013,665,416,249,857,586,271,957,466,491,418,321,97,1622,1275,10557,0.06299138012693,0.08117836506583309,0.09065075305484513,0.039594581794070285,0.15364213318177514,0.12077294685990338
2017,1,Centro,4,Justicia,014,1006,650,356,1366,922,444,1610,795,815,596,451,145,2616,1962,16443,0.061181049686796815,0.08307486468406008,0.09791400595998297,0.03624642705102475,0.15909505564677978,0.11932129173508484
2017,1,Centro,5,Universidad,015,1988,1216,772,2689,1697,992,2886,1480,1406,1161,866,295,4874,3850,30810,0.06452450503083415,0.08727685816293411,0.09367088607594937,0.037682570593963,0.15819539110678352,0.12495942875689711
2017,1,Centro,6,Sol,016,388,223,165,667,387,280,774,347,427,314,218,96,1162,981,7366,0.05267445017648656,0.09055118110236221,0.10507738256855824,0.04262829215313603,0.1577518327450448,0.13317947325549823
2017,2,Arganzuela,1,Imperial,021,941,779,162,1018,823,195,950,651,299,515,427,88,1891,1533,22708,0.041439140391051614,0.04483001585344372,0.041835476484058484,0.02267923198872644,0.08327461687511009,0.06750924784217016
2017,2,Arganzuela,2,Acacias,022,1596,1311,285,1730,1395,335,1332,893,439,803,677,126,2928,2533,36756,0.04342148220698661,0.04706714550005441,0.03623898139079334,0.02184677331592121,0.07966046359777995,0.06891391881597562
2017,2,Arganzuela,3,Chopera,023,1254,871,383,1420,940,480,1134,655,479,629,474,155,2388,2049,19831,0.06323433008925419,0.07160506278049518,0.057183198023296855,0.031718017245726385,0.12041752811255106,0.10332308002622158
2017,2,Arganzuela,4,Legazpi,024,1071,940,131,1008,851,157,750,520,230,477,403,74,1821,1485,18944,0.05653505067567568,0.05320945945945946,0.03959037162162162,0.02517947635135135,0.0961254222972973,0.07838893581081081
2017,2,Arganzuela,5,Delicias,025,1551,1152,399,1709,1260,449,1512,929,583,824,677,147,3063,2533,27318,0.056775752251262905,0.06255948458891573,0.055348122117285306,0.030163262317885645,0.1121238743685482,0.09272274690680138
2017,2,Arganzuela,6,Palos de la Frontera,026,1561,1043,518,1885,1279,606,1817,1037,780,835,630,205,3378,2720,25663,0.06082687137123485,0.07345205159178583,0.07080232240969489,0.03253711569185208,0.13162919378092974,0.10598916728363793
2017,2,Arganzuela,7,Atocha,027,48,34,14,38,34,4,47,32,15,19,17,2,95,57,1111,0.043204320432043204,0.034203420342034205,0.0423042304230423,0.017101710171017102,0.0855085508550855,0.05130513051305131
2017,3,Retiro,1,Pacífico,031,1561,1172,389,1838,1370,468,1568,939,629,868,743,125,3129,2706,33732,0.046276532669275464,0.05448831969643069,0.04648405075299419,0.025732242381121782,0.09276058342226966,0.08022056207755247
2017,3,Retiro,2,Adelfas,032,1061,907,154,1059,867,192,763,544,219,410,342,68,1824,1469,18160,0.05842511013215859,0.05831497797356828,0.042015418502202646,0.022577092511013214,0.10044052863436123,0.0808920704845815
2017,3,Retiro,3,Estrella,033,948,860,88,940,812,128,654,459,195,413,378,35,1602,1353,23230,0.04080929832113646,0.04046491605682307,0.028153250107619456,0.017778734395178648,0.06896254842875592,0.05824365045200172
2017,3,Retiro,4,Ibiza,034,1160,919,241,1271,1005,266,1158,648,510,544,444,100,2318,1815,21386,0.05424109230337604,0.05943140372206116,0.05414757317871505,0.025437201907790145,0.10838866548209108,0.08486860562985131
2017,3,Retiro,5,Los Jerónimos,035,317,269,48,375,307,68,387,255,132,208,182,26,704,583,7073,0.04481832320090485,0.053018521136717095,0.05471511381309204,0.02940760639049908,0.09953343701399689,0.08242612752721618
2017,3,Retiro,6,Niño Jesús,036,749,652,97,718,623,95,463,333,130,299,269,30,1212,1017,15220,0.04921156373193167,0.04717477003942181,0.030420499342969778,0.019645203679369252,0.07963206307490145,0.06681997371879106
2017,4,Salamanca,1,Recoletos,041,923,676,247,1143,875,268,1344,685,659,480,391,89,2267,1623,15559,0.059322578571887656,0.07346230477537116,0.08638087280673565,0.030850311716691305,0.1457034513786233,0.10431261649206247
2017,4,Salamanca,2,Goya,042,1450,1038,412,1877,1397,480,2231,1200,1031,849,677,172,3681,2726,29380,0.04935330156569095,0.06388699795779441,0.0759360108917631,0.02889720898570456,0.12528931245745406,0.09278420694349898
2017,4,Salamanca,3,Fuente del Berro,043,1123,819,304,1218,890,328,1209,725,484,578,464,114,2332,1796,20643,0.0544010076054837,0.059003051881993895,0.05856706874000872,0.027999806229714673,0.11296807634549241,0.08700285811170858
2017,4,Salamanca,4,Guindalera,044,2234,1688,546,2314,1766,548,2366,1347,1019,1030,819,211,4600,3344,40775,0.054788473329245864,0.056750459840588595,0.058025751072961373,0.025260576333537708,0.11281422440220723,0.0820110361741263
2017,4,Salamanca,5,Lista,045,1111,843,268,1295,951,344,1567,800,767,598,436,162,2678,1893,20831,0.053333973405021363,0.06216696269982238,0.07522442513561518,0.028707215208103307,0.12855839854063655,0.0908741779079257
2017,4,Salamanca,6,Castellana,046,900,675,225,1282,979,303,1520,741,779,491,387,104,2420,1773,17060,0.05275498241500586,0.07514654161781946,0.08909730363423213,0.028780773739742086,0.141852286049238,0.10392731535756154
2017,5,Chamartin,1,El Viso,051,1030,849,181,1222,988,234,961,573,388,376,305,71,1991,1598,17096,0.060248011230697236,0.0714787084698175,0.05621197941038839,0.021993448759943846,0.11645999064108563,0.09347215722976135
2017,5,Chamartin,2,Prosperidad,052,2074,1659,415,2253,1740,513,1968,1147,821,889,723,166,4042,3142,36186,0.0573149836953518,0.0622616481512187,0.05438567401757586,0.024567512297573646,0.11170065771292766,0.08682916044879235
2017,5,Chamartin,3,Ciudad Jardín,053,1114,882,232,1205,864,341,1056,557,499,495,389,106,2170,1700,18370,0.06064235166031573,0.06559608056614044,0.05748502994011976,0.02694610778443114,0.1181273816004355,0.09254218835057158
2017,5,Chamartin,4,Hispanoamérica,054,1903,1682,221,1949,1677,272,1316,931,385,739,647,92,3219,2688,31342,0.06071724842064961,0.06218492757322443,0.04198838619105354,0.02357858464679982,0.10270563461170315,0.08576351222002425
2017,5,Chamartin,5,Nueva España,055,1806,1552,254,1738,1491,247,1229,786,443,606,510,96,3035,2344,24156,0.07476403378042722,0.07194899817850638,0.050877628746481204,0.025086934923000497,0.12564166252690842,0.09703593310150688
2017,5,Chamartin,6,Castilla,056,944,792,152,987,803,184,978,645,333,470,400,70,1922,1457,16648,0.05670350792888035,0.059286400768861124,0.058745795290725614,0.028231619413743393,0.11544930321960596,0.08751802018260452
2017,6,Tetuan,1,Bellas Vistas,061,2389,1332,1057,2559,1441,1118,2056,886,1170,933,646,287,4445,3492,28437,0.08401026831240989,0.08998839540035869,0.07230017231072194,0.03280936807680135,0.15631044062313185,0.12279776347716004
2017,6,Tetuan,2,Cuatro Caminos,062,2236,1485,751,2512,1699,813,2235,1247,988,1053,790,263,4471,3565,34040,0.06568742655699178,0.07379553466509989,0.06565804935370152,0.030934195064629848,0.13134547591069332,0.10472972972972973
2017,6,Tetuan,3,Castillejos,063,1368,983,385,1495,1028,467,1471,869,602,630,503,127,2839,2125,20040,0.06826347305389222,0.07460079840319361,0.07340319361277445,0.03143712574850299,0.14166666666666666,0.1060379241516966
2017,6,Tetuan,4,Almenara,064,1476,1017,459,1403,959,444,1363,761,602,650,516,134,2839,2053,22039,0.06697218567085621,0.06365987567493987,0.06184491129361586,0.029493171196515268,0.12881709696447208,0.09315304687145515
2017,6,Tetuan,5,Valdeacederas,065,2041,1189,852,2131,1317,814,1761,748,1013,956,672,284,3802,3087,25277,0.08074534161490683,0.0843058907307038,0.06966807769909404,0.03782094394113225,0.15041341931400087,0.12212683467183606
2017,6,Tetuan,6,Berruguete,066,2087,1142,945,2281,1343,938,1835,810,1025,901,625,276,3922,3182,24373,0.08562753866983958,0.0935871661264514,0.07528822877774587,0.036967135764985844,0.16091576744758546,0.13055430189143724
2017,7,Chamberi,1,Gaztambide,071,1203,900,303,1358,1021,337,1548,1014,534,664,556,108,2751,2022,22488,0.053495197438633936,0.060387762362148704,0.0688367129135539,0.029526858769121308,0.12233191035218784,0.08991462113127001
2017,7,Chamberi,2,Arapiles,072,1356,1010,346,1546,1156,390,1599,1035,564,758,609,149,2955,2304,24271,0.05586914424621977,0.06369741667010012,0.06588109266202463,0.031230686827901612,0.12175023690824441,0.09492810349800174
2017,7,Chamberi,3,Trafalgar,073,1338,1004,334,1680,1264,416,1662,1032,630,734,624,110,3000,2414,24616,0.05435489112772181,0.06824829379265518,0.06751706207344817,0.029818004549886253,0.12187195320116997,0.09806629834254144
2017,7,Chamberi,4,Almagro,074,1064,802,262,1366,1009,357,1257,753,504,541,436,105,2321,1907,19766,0.053829808762521504,0.06910857027218456,0.06359405038955783,0.027370231711018923,0.11742385915207933,0.09647880198320348
2017,7,Chamberi,5,Ríos Rosas,075,1452,1133,319,1777,1385,392,1783,1166,617,826,686,140,3235,2603,26919,0.053939596567480215,0.06601285337493963,0.06623574426984657,0.03068464653218916,0.1201753408373268,0.0966974999071288
2017,7,Chamberi,6,Vallehermoso,076,979,819,160,984,837,147,1165,807,358,555,490,65,2144,1539,19874,0.049260340142900275,0.04951192512830834,0.058619301600080505,0.027925933380295864,0.10787964174298077,0.07743785850860421
2017,8,Fuencarral-El Pardo,1,El Pardo,081,167,153,14,139,126,13,182,150,32,123,114,9,349,262,3414,0.048916227299355595,0.040714704159343876,0.053309900410076154,0.03602811950790861,0.10222612770943175,0.07674282366725249
2017,8,Fuencarral-El Pardo,2,Fuentelarreina,082,128,113,15,114,93,21,100,59,41,64,55,9,228,178,3199,0.04001250390747108,0.035636136292591436,0.03125976867771178,0.02000625195373554,0.07127227258518287,0.05564238824632698
2017,8,Fuencarral-El Pardo,3,Peñagrande,083,1970,1481,489,2072,1599,473,1550,877,673,991,789,202,3520,3063,44341,0.044428407117566134,0.04672876119167362,0.034956360930064725,0.0223495185043188,0.07938476804763087,0.06907827969599242
2017,8,Fuencarral-El Pardo,4,Pilar,084,2578,1857,721,2599,1884,715,1986,1107,879,1178,964,214,4564,3777,45947,0.0561081245783185,0.056565172916621324,0.043223714279495944,0.02563823535813002,0.09933183885781444,0.08220340827475134
2017,8,Fuencarral-El Pardo,5,La Paz,085,1248,1030,218,1297,1102,195,948,627,321,702,620,82,2196,1999,33890,0.03682502213042195,0.038270876364709355,0.02797285334907052,0.02071407494836235,0.06479787547949248,0.0589849513130717
2017,8,Fuencarral-El Pardo,6,Valverde,086,4139,3124,1015,3783,2885,898,3440,1852,1588,1823,1439,384,7579,5606,60065,0.06890868226088404,0.0629817697494381,0.05727128943644385,0.030350453675185216,0.1261799716973279,0.09333222342462333
2017,8,Fuencarral-El Pardo,7,Mirasierra,087,2332,2147,185,1575,1427,148,959,706,253,591,515,76,3291,2166,30900,0.07546925566343042,0.050970873786407765,0.031035598705501617,0.01912621359223301,0.10650485436893203,0.07009708737864077
2017,8,Fuencarral-El Pardo,8,El Goloso,088,1404,1278,126,1191,1055,136,810,589,221,526,474,52,2214,1717,17422,0.08058776259901275,0.06836184135001722,0.04649293996096889,0.030191711628974858,0.12708070255998163,0.09855355297899208
2017,9,Moncloa-Aravaca,1,Casa de Campo,091,571,472,99,583,455,128,589,403,186,325,284,41,1160,908,12893,0.04428759792135267,0.045218335530908246,0.04568370433568603,0.02520747692546343,0.0899713022570387,0.07042581245637168
2017,9,Moncloa-Aravaca,2,Argüelles,092,1166,852,314,1443,1043,400,1680,1064,616,745,627,118,2846,2188,24064,0.04845412234042553,0.059965093085106384,0.06981382978723404,0.030959109042553192,0.11826795212765957,0.09092420212765957
2017,9,Moncloa-Aravaca,3,Ciudad Universitaria,093,715,583,132,809,592,217,840,491,349,383,328,55,1555,1192,16090,0.044437538844002485,0.05027967681789931,0.05220633934120572,0.023803604723430703,0.0966438781852082,0.07408328154133002
2017,9,Moncloa-Aravaca,4,Valdezarza,094,1558,1122,436,1562,1085,477,1191,628,563,671,515,156,2749,2233,29306,0.05316317477649628,0.05329966559748857,0.04064014195045383,0.022896335221456357,0.09380331672695011,0.07619600081894493
2017,9,Moncloa-Aravaca,5,Valdemarín,095,481,410,71,444,346,98,366,236,130,219,185,34,847,663,6438,0.07471264367816093,0.06896551724137931,0.05684995340167754,0.03401677539608574,0.13156259707983847,0.10298229263746506
2017,9,Moncloa-Aravaca,6,El Plantío,096,74,63,11,97,84,13,137,89,48,107,88,19,211,204,2720,0.027205882352941177,0.03566176470588235,0.05036764705882353,0.039338235294117646,0.07757352941176471,0.075
2017,9,Moncloa-Aravaca,7,Aravaca,097,1582,1299,283,1239,970,269,1297,843,454,1032,852,180,2879,2271,25724,0.06149898927071995,0.0481651376146789,0.05041984139325144,0.040118177577359665,0.11191883066397139,0.08828331519203857
2017,10,Latina,1,Los Cármenes,101,943,616,327,926,634,292,834,387,447,490,367,123,1777,1416,17097,0.05515587529976019,0.0541615488097327,0.04878048780487805,0.02865999883020413,0.10393636310463825,0.082821547639936835
2017,10,Latina,2,Puerta del Angel,102,2651,1549,1102,2793,1687,1106,2534,1060,1474,1361,965,396,5185,4154,41131,0.06445260265979431,0.06790498650652792,0.06160803287058423,0.03308939729158056,0.12606063553037855,0.10099438379810849
2017,10,Latina,3,Lucero,103,2015,1201,814,2073,1233,840,1755,665,1090,917,656,261,3770,2990,35385,0.0569450332061608,0.05858414582450191,0.04959728698601102,0.025914935707220574,0.10654232019217183,0.08449908153172248
2017,10,Latina,4,Aluche,104,3553,2066,1487,3548,2205,1343,3060,1281,1779,1585,1161,424,6613,5133,65487,0.05425504298563073,0.0541786919541283,0.04672683127949059,0.024203276986272084,0.10098187426512133,0.07838196894040038
2017,10,Latina,5,Campamento,105,1157,647,510,1180,642,538,1189,470,719,661,450,211,2346,1841,18840,0.06141188959660297,0.06263269639065817,0.0631104033970276,0.03508492569002123,0.12452229299363057,0.09771762208067941
2017,10,Latina,6,Cuatro Vientos,106,391,339,52,248,224,24,219,170,49,186,170,16,610,434,5490,0.07122040072859745,0.04517304189435337,0.03989071038251366,0.033879781420765025,0.1111111111111111,0.0790528233151184
2017,10,Latina,7,Águilas,107,2445,1642,803,2314,1570,744,1899,950,949,1331,1006,325,4344,3645,51051,0.04789328318740083,0.045327221797810034,0.03719809602162543,0.026071967248437838,0.08509137920902626,0.07139918904624787
2017,11,Carabanchel,1,Comillas,111,1362,887,475,1434,900,534,1239,541,698,722,522,200,2601,2156,22166,0.06144545700622575,0.0646936749977443,0.05589641793738157,0.0325724081927276,0.11734187494360733,0.09726608319047189
2017,11,Carabanchel,2,Opañel,112,2298,1301,997,2352,1303,1049,1882,665,1217,950,639,311,4180,3302,32095,0.07159993768499766,0.0732824427480916,0.05863841719894065,0.02959962610998598,0.1302383548839383,0.10288206885807759
2017,11,Carabanchel,3,San Isidro,113,2847,1708,1139,2791,1629,1162,2236,864,1371,1127,758,369,5083,3918,38090,0.07474402730375426,0.07327382515095826,0.05870307167235495,0.02958781832501969,0.1334470989761092,0.10286164347597794
2017,11,Carabanchel,4,Vista Alegre,114,3357,1884,1473,3346,1985,1361,2645,915,1730,1240,815,425,6002,4586,44500,0.07543820224719101,0.07519101123595506,0.05943820224719101,0.027865168539325844,0.134876404494382,0.10305617977528089
2017,11,Carabanchel,5,Puerta Bonita,115,2679,1553,1126,2290,1355,935,2221,822,1399,1160,776,384,4900,3450,33075,0.08099773242630386,0.0692365835222978,0.0671504157218443,0.03507180650037793,0.14814814814814814,0.10430839002267574
2017,11,Carabanchel,6,Buenavista,116,2800,2001,799,2281,1573,708,1942,926,1016,1381,1069,312,4742,3662,45332,0.06176652254478073,0.050317656401658875,0.04283949527927292,0.03046413129797935,0.10460601782405365,0.08078178769963823
2017,11,Carabanchel,7,Abrantes,117,2095,1260,835,2009,1258,751,1692,609,1083,956,652,304,3787,2965,29447,0.07114476856725643,0.06822426732774137,0.0574591639216219,0.03246510680205114,0.12860393248887833,0.10068937412979251
2017,12,Usera,1,Orcasitas,121,1119,856,263,902,679,223,612,351,261,499,425,74,1731,1401,22448,0.049848538845331435,0.04018175338560228,0.027263007840342125,0.022229151817533856,0.07711154668567356,0.062410905203136136
2017,12,Usera,2,Orcasur,122,866,557,309,687,498,189,602,265,337,453,334,119,1468,1140,13383,0.06470895912725098,0.05133378166330419,0.04498244040947471,0.03384891279982067,0.1096913995367257,0.08518269446312486
2017,12,Usera,3,San Fermín,123,1533,934,599,1353,854,499,1034,358,676,676,471,205,2567,2029,22969,0.06674213069789717,0.0589054813008838,0.04501719709173233,0.02943097217989464,0.1117593277896295,0.08833645348077844
2017,12,Usera,4,Almendrales,124,1792,954,838,1696,889,807,1500,463,1037,795,460,335,3292,2491,20590,0.08703254006799417,0.08237008256435163,0.07285089849441477,0.03861097620203983,0.15988343856240894,0.12098105876639145
2017,12,Usera,5,Moscardó,125,2048,992,1056,2272,1118,1154,1870,559,1311,922,542,380,3918,3194,25422,0.0805601447565101,0.08937141058925341,0.07355833530013374,0.0362677995437023,0.15411848005664386,0.1256392101329557
2017,12,Usera,6,Zofío,126,1113,590,523,1037,600,437,838,266,572,423,280,143,1951,1460,13489,0.08251167618059159,0.07687745570464823,0.06212469419527022,0.0313588850174216,0.1446363703758618,0.10823634072206983
2017,12,Usera,7,Pradolongo,127,1758,774,984,1693,805,888,1393,369,1024,775,435,340,3151,2468,16881,0.10414074995557135,0.10029026716426752,0.0825188081274806,0.045909602511699545,0.18665955808305196,0.14619986967596707
2017,13,Puente de Vallecas,1,Entrevías,131,2343,1456,887,2148,1468,680,1491,626,865,882,663,219,3834,3030,33646,0.06963680675266005,0.06384116982702252,0.04431433156987458,0.026214111632883553,0.11395113832253463,0.09005528145990609
2017,13,Puente de Vallecas,2,San Diego,132,4249,2285,1964,4313,2358,1955,3204,1085,2118,1492,902,590,7453,5805,39323,0.10805381074689113,0.10968135696666073,0.08147903262721562,0.037942171248378814,0.18953284337410675,0.14762352821503955
2017,13,Puente de Vallecas,3,Palomeras Bajas,133,2415,1594,821,2350,1586,764,1572,636,936,980,723,257,3987,3330,39393,0.06130530804965349,0.05965526870256137,0.039905566978904884,0.024877516310004316,0.10121087502855837,0.08453278501256568
2017,13,Puente de Vallecas,4,Palomeras Sureste,134,2382,1689,693,2405,1704,701,1622,738,884,1094,845,249,4004,3499,42080,0.056606463878327,0.057153041825095056,0.038545627376425855,0.025998098859315588,0.09515209125475285,0.08315114068441065
2017,13,Puente de Vallecas,5,Portazgo,135,1894,1223,671,1738,1184,554,1252,568,684,775,579,196,3146,2513,27762,0.06822275052229666,0.06260355882141055,0.045097615445573086,0.027915856206325192,0.11332036596786975,0.09051941502773575
2017,13,Puente de Vallecas,6,Numancia,136,3678,2083,1595,3815,2246,1569,2927,1117,1810,1484,1043,441,6605,5299,46019,0.07992350985462526,0.08290054108085791,0.06360416349768575,0.03224754992503097,0.143527673352311,0.11514809100588887
2017,14,Moratalaz,1,Pavones,141,397,279,118,355,269,86,320,141,179,226,165,61,717,581,9152,0.043378496503496504,0.038789335664335664,0.03496503496503497,0.024694055944055944,0.07834353146853147,0.063483391608391615
2017,14,Moratalaz,2,Horcajo,142,251,224,27,308,283,25,92,75,17,124,100,24,343,432,6453,0.038896637222997056,0.047729738106307144,0.014256934759026809,0.019215868588253526,0.05315357198202386,0.06694560669456066
2017,14,Moratalaz,3,Marroquina,143,1018,816,202,1013,808,205,678,392,286,480,422,58,1696,1493,27427,0.037116709811499615,0.03693440770044117,0.024720166259525285,0.01750100266161082,0.0618368760710249,0.05443541036205199
2017,14,Moratalaz,4,Media Legua,144,748,562,186,876,660,216,603,319,284,379,311,68,1351,1255,17862,0.04187660956219908,0.04904266039637219,0.03375881760161236,0.021218228641809427,0.07563542716381144,0.07026088903818162
2017,14,Moratalaz,5,Fontarrón,145,1080,739,341,1027,711,316,736,326,410,403,303,100,1816,1430,16770,0.06440071556350627,0.06124031007751938,0.04388789505068575,0.024031007751937984,0.10828861061419201,0.08527131782945736
2017,14,Moratalaz,6,Vinateros,146,821,572,249,786,541,245,589,286,303,382,289,93,1410,1168,16831,0.04877903867862872,0.04669954251084309,0.034994949795021095,0.02269621531697463,0.08377398847364981,0.06939575782781772
2017,15,Ciudad Lineal,1,Ventas,151,2894,1821,1071,2989,1938,1049,2567,1111,1456,1314,978,336,5461,4303,47437,0.061007230642747226,0.0630098867972258,0.05411387735312098,0.027699896705103613,0.11512110799586821,0.0907097835023294
2017,15,Ciudad Lineal,2,Pueblo Nuevo,152,3684,2264,1420,3947,2503,1444,3291,1421,1870,1583,1151,432,6975,5530,60581,0.06081114540862647,0.06515244053416087,0.054323962958683414,0.026130304881068322,0.11513510836730988,0.0912827454152292
2017,15,Ciudad Lineal,3,Quintana,153,1816,1119,697,1949,1183,766,1628,656,972,786,553,233,3444,2735,24250,0.07488659793814433,0.08037113402061856,0.0671340206185567,0.032412371134020616,0.14202061855670103,0.11278350515463917
2017,15,Ciudad Lineal,4,La Concepción,154,1104,766,338,1191,802,389,1173,590,583,541,438,103,2277,1732,20590,0.05361826129188927,0.05784361340456532,0.056969402622632344,0.02627489072365226,0.11058766391452161,0.08411850412821759
2017,15,Ciudad Lineal,5,San Pascual,155,759,621,138,832,674,158,617,359,258,400,314,86,1376,1232,18146,0.04182739997795657,0.04585032514052684,0.03400198390829935,0.02204342554833021,0.07582938388625593,0.06789375068885704
2017,15,Ciudad Lineal,6,San Juan Bautista,156,566,470,96,706,554,152,577,317,260,313,262,51,1143,1019,12404,0.04563044179297001,0.05691712350854563,0.046517252499193806,0.02523379554982264,0.09214769429216382,0.08215091905836827
2017,15,Ciudad Lineal,7,Colina,157,374,309,65,363,271,92,360,216,144,167,135,32,734,530,6147,0.06084268748983244,0.05905319668130796,0.05856515373352855,0.02716772409305352,0.11940784122336098,0.08622092077436147
2017,15,Ciudad Lineal,8,Atalaya,158,85,75,10,107,89,18,90,68,22,52,49,3,175,159,1562,0.05441741357234315,0.06850192061459667,0.05761843790012804,0.03329065300896287,0.11203585147247119,0.10179257362355953
2017,15,Ciudad Lineal,9,Costillares,159,981,858,123,1056,939,117,853,662,191,591,533,58,1834,1647,22008,0.044574700109051256,0.04798255179934569,0.03875863322428208,0.026853871319520176,0.08333333333333333,0.07483642311886586
2017,16,Hortaleza,1,Palomas,161,313,265,48,299,255,44,242,142,100,150,114,36,555,449,6680,0.046856287425149704,0.04476047904191617,0.03622754491017964,0.02245508982035928,0.08308383233532934,0.06721556886227545
2017,16,Hortaleza,2,Piovera,162,926,748,178,818,631,187,695,377,318,377,287,90,1621,1195,14499,0.0638664735499,0.056417683978205395,0.04793434029933099,0.02600179322711911,0.11180081384923098,0.0824194772053245
2017,16,Hortaleza,3,Canillas,163,1749,1359,390,1790,1417,373,1426,778,648,904,737,166,3175,2694,40606,0.043072452346943804,0.04408215534650052,0.035117962862631136,0.02226271979510417,0.07819041520957494,0.06634487514160468
2017,16,Hortaleza,4,Pinar del Rey,164,2646,1921,725,2646,1842,804,2045,1079,966,1209,962,246,4691,3855,52106,0.050781100065251605,0.050781100065251605,0.03924691974052892,0.023202702184009518,0.09002801980578053,0.07398380224926113
2017,16,Hortaleza,5,Apóstol Santiago,165,675,500,175,666,517,149,640,430,210,457,405,52,1315,1123,15225,0.04433497536945813,0.04374384236453202,0.042036124794745486,0.030016420361247947,0.08637110016420362,0.07376026272577997
2017,16,Hortaleza,6,Valdefuentes,166,3915,3372,543,2850,2346,504,3006,1883,1123,1827,1521,306,6921,4677,51735,0.07567410843722819,0.05508843142939983,0.0581037982023775,0.035314583937373155,0.13377790663960568,0.09040301536677298
2017,17,Villaverde,1,"Villaverde Alto, Casco Histórico de Villaverde",171,3242,2019,1223,2811,1788,1023,2314,894,1420,1591,1135,456,5556,4402,43593,0.07436973826072993,0.0644828298121258,0.05308191682150804,0.0364966852476315,0.12745165508223796,0.1009795150597573
2017,17,Villaverde,2,San Cristóbal,172,1548,780,767,1523,831,692,1288,383,905,637,377,260,2836,2160,15257,0.10146162417251098,0.0998230320508619,0.08442026610736056,0.04175132725961853,0.18588189027987154,0.14157435931048043
2017,17,Villaverde,3,Butarque,173,1634,1167,467,801,549,252,748,365,383,556,436,120,2382,1357,17290,0.0945054945054945,0.04632735685367265,0.043262001156738,0.032157316367842685,0.1377674956622325,0.07848467322151532
2017,17,Villaverde,4,Los Rosales,174,2364,1399,965,2224,1402,822,1813,620,1193,1164,783,381,4177,3388,36572,0.06463961500601553,0.06081154981953407,0.04957344416493492,0.03182762769331729,0.11421305917095045,0.09263917751285136
2017,17,Villaverde,5,Ángeles,175,1719,1122,597,1697,1091,606,1392,523,869,833,614,219,3111,2530,30332,0.056672820783331135,0.05594751417644732,0.0458921271264671,0.027462745615191877,0.10256494790979823,0.0834102597916392
2017,18,Villa de Vallecas,1,Casco Histórico de Vallecas,181,2681,1838,843,2807,2019,788,1742,839,903,1068,740,328,4423,3875,79849,0.03357587446304901,0.03515385289734373,0.02181617803604303,0.01337524577640296,0.055392052499092036,0.0485290986737467
2017,18,Villa de Vallecas,2,Santa Eugenia,182,1009,719,290,837,596,241,661,386,275,497,424,73,1670,1334,24186,0.04171834945836434,0.03460679732076408,0.02732986024973125,0.020549077978996112,0.0690482097080956,0.05515587529976019
2017,18,Villa de Vallecas,3,Ensanche de Vallecas,183,4199,3496,703,2535,2171,364,1999,1341,658,1402,1188,214,6198,3937,NA,NA,NA,NA,NA,NA,NA
2017,19,Vicalvaro,1,Casco Histórico de Vicálvaro,191,2083,1297,786,1856,1189,667,1550,676,874,1052,754,298,3633,2908,51449,0.040486695562595966,0.036074559272289065,0.030126921806060372,0.020447433380629362,0.07061361736865635,0.05652199265291842
2017,19,Vicalvaro,2,Valdebernardo,192,530,432,98,582,472,110,423,247,176,342,270,72,953,924,18543,0.028582214312678638,0.03138650703769617,0.022811842743892575,0.018443617537615274,0.05139405705657121,0.04983012457531144
2017,19,Vicalvaro,3,Valderrivas,193,596,539,57,583,500,83,336,247,89,354,313,41,932,937,NA,NA,NA,NA,NA,NA,NA
2017,19,Vicalvaro,4,El Cañaveral,194,327,291,36,0,0,0,212,189,23,5,5,0,539,5,NA,NA,NA,NA,NA,NA,NA
2017,20,San Blas-Canillejas,1,Simancas,201,1997,1343,654,1744,1191,553,1619,749,870,813,603,210,3616,2557,26560,0.07518825301204819,0.06566265060240964,0.06095632530120482,0.030609939759036146,0.13614457831325302,0.09627259036144578
2017,20,San Blas-Canillejas,2,Hellín,202,540,393,147,453,337,116,394,193,201,251,197,54,934,704,8869,0.06088623294621716,0.051076784304882175,0.04442439959409178,0.028300823091667607,0.10531063254030894,0.07937760739654978
2017,20,San Blas-Canillejas,3,Amposta,203,621,413,208,517,387,130,464,203,261,258,205,53,1085,775,8229,0.07546481954064893,0.0628265888929396,0.056385952120549275,0.03135253372220197,0.1318507716611982,0.09417912261514157
2017,20,San Blas-Canillejas,4,Arcos,204,1340,1021,319,1223,933,290,875,495,380,556,458,98,2215,1779,23826,0.05624108117182909,0.05133047930831865,0.03672458658608243,0.023335851590699237,0.09296566775791153,0.07466633089901788
2017,20,San Blas-Canillejas,5,Rosas,205,1135,970,165,1078,937,141,702,449,253,585,479,106,1837,1663,31566,0.03595640879427232,0.034150668440727366,0.022239118038395744,0.018532598365329785,0.058195526832668064,0.05268326680605715
2017,20,San Blas-Canillejas,6,Rejas,206,1228,855,373,1246,808,438,1418,600,818,781,550,231,2646,2027,15818,0.07763307624225566,0.07877102035655582,0.0896447085598685,0.04937413073713491,0.16727778480212416,0.12814515109369073
2017,20,San Blas-Canillejas,7,Canillejas,207,1607,1037,570,1594,1092,502,1256,531,725,839,624,215,2863,2433,28510,0.05636618730270081,0.0559102069449316,0.044054717642932305,0.02942827078218169,0.1004209049456331,0.0853384777271133
2017,20,San Blas-Canillejas,8,El Salvador,208,430,322,108,559,427,132,338,174,164,182,133,49,768,741,11397,0.037729226989558655,0.04904799508642625,0.02965692726156006,0.01596911467930157,0.06738615425111871,0.06501710976572782
2017,21,Barajas,1,Alameda de Osuna,211,772,694,78,768,662,106,516,356,160,443,376,67,1288,1211,19436,0.03972010701790492,0.03951430335459971,0.02654867256637168,0.022792755711051656,0.0662687795842766,0.06230705906565137
2017,21,Barajas,2,Aeropuerto,212,82,48,34,75,47,28,103,40,63,70,51,19,185,145,1784,0.04596412556053812,0.04204035874439462,0.05773542600896861,0.03923766816143498,0.10369955156950672,0.0812780269058296
2017,21,Barajas,3,Casco Histórico de Barajas,213,508,324,184,510,317,193,481,243,238,329,226,103,989,839,7330,0.06930422919508868,0.06957708049113233,0.06562073669849931,0.04488403819918144,0.134924965893588,0.11446111869031378
2017,21,Barajas,4,Timón,214,984,777,207,525,398,127,506,311,195,311,253,58,1490,836,11049,0.08905783328808037,0.047515612272603855,0.04579599963797629,0.02814734365100914,0.13485383292605665,0.075662955923613
2017,21,Barajas,5,Corralejos,215,458,396,62,334,292,42,269,202,67,196,174,22,727,530,7388,0.06199242014076881,0.045208446128857604,0.036410395235517055,0.026529507309149974,0.09840281537628587,0.07173795343800758
2018,1,Centro,1,Palacio,011,1441,1022,419,1589,1080,509,1777,970,807,825,622,203,3218,2414,22580,0.06381753764393268,0.07037201062887512,0.07869796279893711,0.03653675819309123,0.14251550044286979,0.10690876882196634
2018,1,Centro,2,Embajadores,012,3346,1759,1586,4134,2206,1928,4382,1947,2435,1849,1260,589,7728,5983,44796,0.07469416912224305,0.09228502544870078,0.09782123403875347,0.04127600678632021,0.1725154031609965,0.13356103223502097
2018,1,Centro,3,Cortes,013,638,399,239,987,638,349,1044,482,562,465,335,130,1682,1452,10555,0.06044528659403126,0.09351018474656561,0.09891046897205116,0.04405495026054003,0.15935575556608242,0.13756513500710563
2018,1,Centro,4,Justicia,014,1219,832,387,1475,904,571,1775,887,888,654,505,149,2994,2129,16623,0.07333213018107441,0.08873247909522951,0.10677976297900499,0.03934307886663057,0.18011189316007942,0.12807555796186007
2018,1,Centro,5,Universidad,015,2200,1473,727,2504,1644,860,3183,1678,1505,1283,918,365,5383,3787,30991,0.07098835145687457,0.08079765093091543,0.10270723758510536,0.04139911587235004,0.17369558904197993,0.12219676680326547
2018,1,Centro,6,Sol,016,463,264,199,651,371,280,845,305,540,316,233,83,1308,967,7233,0.06401216645928384,0.09000414765657404,0.11682566016867137,0.04368864924650905,0.1808378266279552,0.13369279690308308
2018,2,Arganzuela,1,Imperial,021,883,708,175,972,757,215,857,539,318,600,493,107,1740,1572,22776,0.03876887952230418,0.04267650158061117,0.03762732701088865,0.026343519494204427,0.07639620653319283,0.0690200210748156
2018,2,Arganzuela,2,Acacias,022,1524,1232,292,1667,1349,318,1400,897,502,901,765,136,2924,2568,36837,0.04137144718625295,0.045253413687325245,0.03800526644406439,0.0244591036186443,0.07937671363031734,0.06971251730596954
2018,2,Arganzuela,3,Chopera,023,1183,838,345,1242,807,435,1168,623,545,670,500,170,2351,1912,19859,0.05956996827634826,0.06254091343975024,0.058814643234805376,0.033737851855581855,0.11838461151115363,0.0962787652953321
2018,2,Arganzuela,4,Legazpi,024,1082,928,154,947,815,132,750,545,205,531,440,91,1832,1478,19280,0.05612033195020747,0.04911825726141079,0.03890041493775934,0.02754149377593361,0.0950207468879668,0.0766597510373444
2018,2,Arganzuela,5,Delicias,025,1438,1079,359,1736,1281,455,1571,925,646,871,681,190,3009,2607,27573,0.052152467994052154,0.06296014216806296,0.05697602727305698,0.031588873173031586,0.10912849526710913,0.09454901534109456
2018,2,Arganzuela,6,Palos de la Frontera,026,1369,918,451,1759,1162,597,1760,928,832,896,680,216,3129,2655,25849,0.0529614298425471,0.06804905412201633,0.06808774033811753,0.03466284962667802,0.12104917018066463,0.10271190374869434
2018,2,Arganzuela,7,Atocha,027,36,32,4,25,18,7,34,17,17,35,25,10,70,60,1167,0.030848329048843187,0.021422450728363324,0.02913453299057412,0.029991431019708654,0.05998286203941731,0.05141388174807198
2018,3,Retiro,1,Pacífico,031,1526,1134,392,1823,1377,446,1535,909,626,866,701,165,3061,2689,33691,0.04529399542904633,0.05410940607283844,0.04556112908491882,0.0257041939983972,0.09085512451396516,0.07981360007123564
2018,3,Retiro,2,Adelfas,032,818,665,153,837,682,155,723,444,279,484,402,82,1541,1321,18360,0.04455337690631808,0.045588235294117645,0.03937908496732026,0.026361655773420478,0.08393246187363834,0.07194989106753813
2018,3,Retiro,3,Estrella,033,812,722,90,831,737,94,643,439,204,422,374,48,1455,1253,23295,0.03485726550761966,0.03567289117836445,0.027602489804679116,0.01811547542391071,0.062459755312298776,0.053788366602275164
2018,3,Retiro,4,Ibiza,034,1091,826,265,1280,979,301,1266,648,618,621,517,104,2357,1901,21535,0.050661713489667984,0.05943812398421175,0.058788019503134434,0.02883677733921523,0.10944973299280242,0.08827490132342698
2018,3,Retiro,5,Los Jerónimos,035,294,233,61,393,319,74,417,249,168,246,225,21,711,639,7103,0.04139096156553569,0.05532873433760383,0.058707588342953684,0.034633253554835985,0.10009854990848938,0.08996198789243981
2018,3,Retiro,6,Niño Jesús,036,654,580,74,726,649,77,499,320,179,307,279,28,1153,1033,15316,0.04270044398015148,0.04740141028989292,0.03258030817445808,0.02004439801514756,0.07528075215460955,0.06744580830504047
2018,4,Salamanca,1,Recoletos,041,712,513,199,1125,835,290,1193,560,633,487,365,122,1905,1612,15816,0.04501770359129995,0.07113050075872535,0.07542994436014162,0.030791603439554883,0.12044764795144158,0.10192210419828023
2018,4,Salamanca,2,Goya,042,1515,1031,484,2049,1479,570,2143,1070,1073,928,699,229,3658,2977,29678,0.051047914279938,0.06904104050138149,0.07220836983624233,0.03126895343351978,0.12325628411618034,0.10030999393490127
2018,4,Salamanca,3,Fuente del Berro,043,1184,884,300,1241,881,360,1239,681,558,609,477,132,2423,1850,20807,0.056903926563175854,0.05964338924400442,0.05954726774643149,0.02926899601095785,0.11645119430960735,0.08891238525496227
2018,4,Salamanca,4,Guindalera,044,2183,1704,479,2316,1722,594,2233,1213,1020,1100,861,239,4416,3416,41390,0.05274220826286543,0.05595554481758879,0.053950229524039627,0.026576467745832326,0.10669243778690506,0.08253201256342112
2018,4,Salamanca,5,Lista,045,1023,767,256,1405,991,414,1540,794,746,637,514,123,2563,2042,21016,0.04867719832508565,0.06685382565664255,0.07327750285496765,0.03031023981728207,0.12195470118005329,0.09716406547392463
2018,4,Salamanca,6,Castellana,046,867,655,212,1130,862,268,1457,617,840,481,366,115,2324,1611,16984,0.05104804521902968,0.06653320772491757,0.08578662270372114,0.02832077249175695,0.1368346679227508,0.09485398021667452
2018,5,Chamartin,1,El Viso,051,981,796,185,1052,865,187,866,466,400,428,333,95,1847,1480,17180,0.05710128055878929,0.061233993015133874,0.05040745052386496,0.024912689173457507,0.10750873108265425,0.08614668218859138
2018,5,Chamartin,2,Prosperidad,052,1911,1416,495,2143,1636,507,1833,997,836,1044,830,214,3744,3187,36628,0.05217320082996615,0.058507152997706674,0.05004368242874304,0.02850278475483237,0.10221688325870919,0.08700993775253904
2018,5,Chamartin,3,Ciudad Jardín,053,1113,857,256,1242,896,346,1010,536,474,570,452,118,2123,1812,18553,0.059990298065002966,0.06694335147954508,0.05443863526114375,0.030722794157279146,0.11442893332614672,0.09766614563682423
2018,5,Chamartin,4,Hispanoamérica,054,1782,1558,224,1768,1534,234,1372,923,449,736,637,99,3154,2504,31474,0.05661816102179577,0.05617334943127661,0.04359153587087755,0.023384380758721485,0.10020969689267331,0.0795577301899981
2018,5,Chamartin,5,Nueva España,055,1575,1355,220,1627,1379,248,1115,692,423,652,521,131,2690,2279,24551,0.06415217302757525,0.06627021302594599,0.04541566534968026,0.026556963056494645,0.1095678383772555,0.092827176082440635
2018,5,Chamartin,6,Castilla,056,956,801,155,1092,921,171,884,583,301,533,424,109,1840,1625,16941,0.05643114337996576,0.0644590047812998,0.05218109910867127,0.03146213328611062,0.10861224248863703,0.09592113806741043
2018,6,Tetuan,1,Bellas Vistas,061,2205,1221,984,2521,1409,1112,2196,929,1267,1014,726,288,4401,3535,28862,0.07639803201441342,0.08734668422146767,0.07608620331231376,0.03513270043656018,0.1524842353267272,0.12247938465802785
2018,6,Tetuan,2,Cuatro Caminos,062,2107,1390,717,2394,1618,776,2279,1282,997,1169,917,252,4386,3563,34348,0.06134272737859555,0.06969838127401887,0.06635029696052172,0.034034004891114474,0.12769302433911728,0.10373238616513335
2018,6,Tetuan,3,Castillejos,063,1294,909,385,1476,987,489,1392,797,595,751,574,177,2686,2227,20440,0.06330724070450097,0.07221135029354207,0.06810176125244619,0.03674168297455969,0.13140900195694716,0.10895303326810177
2018,6,Tetuan,4,Almenara,064,1372,928,444,1410,948,462,1390,699,691,768,574,194,2762,2178,22498,0.060983198506533914,0.06267223753222509,0.061783269623966575,0.034136367677126855,0.12276646813050049,0.09680860520935194
2018,6,Tetuan,5,Valdeacederas,065,2097,1173,924,2101,1227,874,1821,732,1089,1095,757,338,3918,3196,25631,0.08181498966095743,0.0819710506808162,0.07104677929070266,0.042721704186336855,0.1528617689516601,0.12469275486715306
2018,6,Tetuan,6,Berruguete,066,1904,1023,881,2129,1210,919,1873,747,1126,943,642,301,3777,3072,24672,0.07717250324254216,0.08629215304798962,0.07591601815823605,0.03822146562905318,0.15308852140077822,0.1245136186770428
2018,7,Chamberi,1,Gaztambide,071,1114,819,295,1415,1054,361,1648,1023,625,733,611,122,2762,2148,22742,0.04898425820068596,0.062219681646293205,0.07246504265236127,0.03223111423797379,0.12144930085304723,0.094450795884267
2018,7,Chamberi,2,Arapiles,072,1310,1002,308,1609,1203,406,1611,973,638,817,664,153,2921,2426,24417,0.05365114469427038,0.06589671130769546,0.06597862145226686,0.03346029405741901,0.11962976614653725,0.09935700536511446
2018,7,Chamberi,3,Trafalgar,073,1408,1029,379,1812,1385,427,1762,1045,717,784,643,141,3170,2596,24592,0.057254391672088484,0.07368249837345478,0.07164931685100846,0.03188028627195836,0.12890370852309693,0.10556278464541315
2018,7,Chamberi,4,Almagro,074,1023,773,250,1403,1120,283,1251,704,547,564,448,116,2274,1967,19852,0.05153133185573242,0.07067298005238767,0.06301632077372557,0.02841023574450937,0.11454765262945799,0.09908321579689704
2018,7,Chamberi,5,Ríos Rosas,075,1401,1117,284,1749,1388,361,1815,1170,645,808,673,135,3216,2557,27114,0.05167072361141845,0.06450542155344102,0.06693958840451428,0.02980010326768459,0.11861031201593272,0.09430552482112561
2018,7,Chamberi,6,Vallehermoso,076,957,778,179,1017,819,198,1047,699,348,543,480,63,2004,1560,20121,0.04756224839719696,0.050544207544356644,0.052035187117936484,0.02698673028179514,0.09959743551513345,0.07753093782615178
2018,8,Fuencarral-El Pardo,1,El Pardo,081,126,109,17,119,111,8,157,119,38,135,128,7,283,254,3481,0.03619649525998277,0.03418557885665039,0.04510198218902614,0.03878195920712439,0.08129847744900891,0.07296753806377478
2018,8,Fuencarral-El Pardo,2,Fuentelarreina,082,136,119,17,165,133,32,118,82,36,67,51,16,254,232,3242,0.041949413942011106,0.050894509561998764,0.03639728562615669,0.02066625539790253,0.0783466995681678,0.0715607649599013
2018,8,Fuencarral-El Pardo,3,Peñagrande,083,2065,1673,392,2034,1607,427,1532,820,712,1157,899,258,3597,3191,44536,0.046366984012933356,0.04567091790910724,0.03439913777618107,0.025978983294413508,0.08076612178911442,0.07164990120352074
2018,8,Fuencarral-El Pardo,4,Pilar,084,2511,1842,669,2386,1767,619,2004,1052,952,1347,1052,295,4515,3733,46255,0.05428602313263431,0.05158361258242352,0.043325045940979356,0.02912117608907145,0.09761106907361367,0.08070478867149497
2018,8,Fuencarral-El Pardo,5,La Paz,085,1240,1047,193,1338,1172,166,1000,602,398,762,646,116,2240,2100,33857,0.03662462710813126,0.03951915408925776,0.02953598960333166,0.022506424077738726,0.06616061671146292,0.062025578166996484
2018,8,Fuencarral-El Pardo,6,Valverde,086,3910,2901,1009,3634,2633,1001,3380,1724,1656,2328,1807,521,7290,5962,62065,0.06299846934665271,0.05855151856924192,0.054459034882784176,0.03750906307903005,0.11745750422943688,0.09606058164827197
2018,8,Fuencarral-El Pardo,7,Mirasierra,087,1866,1723,143,1457,1274,183,978,694,284,664,572,92,2844,2121,32092,0.058145332170011214,0.0454007229216004,0.0304748847064689,0.020690514770036146,0.08862021687648013,0.06609123769163655
2018,8,Fuencarral-El Pardo,8,El Goloso,088,1189,1061,128,992,849,143,839,636,203,631,570,61,2028,1623,18002,0.0660482168647928,0.055104988334629484,0.04660593267414732,0.03505166092656371,0.11265414953894012,0.0901566492611932
2018,9,Moncloa-Aravaca,1,Casa de Campo,091,601,499,102,566,480,86,541,345,196,334,290,44,1142,900,12951,0.046405682958844875,0.04370318894293877,0.041772836074434404,0.025789514323218285,0.08817851903327928,0.06949270326615706
2018,9,Moncloa-Aravaca,2,Argüelles,092,1186,840,346,1468,1065,403,1762,1013,749,871,691,180,2948,2339,24059,0.049295481940230264,0.061016667359408125,0.07323662662621057,0.03620266844008479,0.12253210856644084,0.0972193357994929
2018,9,Moncloa-Aravaca,3,Ciudad Universitaria,093,759,628,131,743,602,141,792,452,340,440,376,64,1551,1183,16143,0.047017283032893514,0.04602614136158087,0.04906151272997584,0.02725639596109769,0.09607879576286936,0.07328253732267856
2018,9,Moncloa-Aravaca,4,Valdezarza,094,1548,1126,422,1556,1143,413,1376,675,701,763,573,190,2924,2319,29497,0.05247991321151303,0.05275112723327796,0.046648811743567144,0.025867037325829744,0.09912872495508018,0.07861816455910771
2018,9,Moncloa-Aravaca,5,Valdemarín,095,551,470,81,484,392,92,366,237,129,221,175,46,917,705,6579,0.08375132998936008,0.07356741146070832,0.05563155494756042,0.03359173126614987,0.1393828849369205,0.10715914272685818
2018,9,Moncloa-Aravaca,6,El Plantío,096,119,108,11,91,81,10,159,103,56,86,76,10,278,177,2737,0.043478260869565216,0.03324808184143223,0.058092802338326636,0.031421264157837046,0.10157106320789185,0.06466934599926927
2018,9,Moncloa-Aravaca,7,Aravaca,097,1467,1229,238,1177,952,225,1436,916,520,1014,819,195,2903,2191,26193,0.05600733020272592,0.04493566983545222,0.054823807887603555,0.03871263314626045,0.11083113809032948,0.08364830298171268
2018,10,Latina,1,Los Cármenes,101,1012,640,372,914,587,327,772,335,437,526,369,157,1784,1440,17237,0.058710912571793235,0.05302546846899112,0.04478737599350235,0.030515751000754193,0.10349828856529558,0.08354121946974531
2018,10,Latina,2,Puerta del Angel,102,2411,1321,1090,2710,1569,1141,2654,1036,1618,1382,916,466,5065,4092,41537,0.05804463490382069,0.06524303632905602,0.06389484074439657,0.03327154103570311,0.12193947564821725,0.09851457736475913
2018,10,Latina,3,Lucero,103,1977,1174,803,1836,1105,731,1880,669,1211,1012,696,316,3857,2848,35573,0.05557585809462232,0.051612177775279,0.05284907092457763,0.028448542433868382,0.10842492901919995,0.08006072020914738
2018,10,Latina,4,Aluche,104,3376,1985,1391,3297,1946,1351,2989,1111,1876,1937,1361,576,6365,5234,66110,0.051066404477386175,0.04987142641052791,0.04521252458024504,0.029299652094993193,0.09627892905763122,0.0791710785055211
2018,10,Latina,5,Campamento,105,1017,558,459,1082,619,463,1285,500,785,729,496,233,2302,1811,19045,0.05339984247834077,0.056812811761617225,0.0674717773693883,0.03827776319243896,0.12087161984772907,0.09509057495405618
2018,10,Latina,6,Cuatro Vientos,106,273,219,54,227,192,35,232,189,43,220,199,21,505,447,5677,0.04808877928483354,0.03998590805002642,0.040866654923375025,0.038752862427338386,0.08895543420820856,0.0787387704773648
2018,10,Latina,7,Águilas,107,2267,1484,783,2036,1368,668,2008,898,1110,1395,1053,342,4275,3431,51265,0.044221203550180437,0.03971520530576417,0.039169023700380376,0.027211547839656687,0.0833902272505608,0.06692675314542085
2018,11,Carabanchel,1,Comillas,111,1443,861,582,1608,968,640,1392,521,871,834,556,278,2835,2442,22357,0.06454354340922307,0.07192378226058953,0.06226237867334616,0.03730375273963412,0.12680592208256922,0.10922753500022364
2018,11,Carabanchel,2,Opañel,112,2071,1152,919,2144,1167,977,2068,649,1418,1048,658,390,4139,3192,32558,0.06360955832667854,0.06585171079304626,0.06351741507463604,0.032188709380183055,0.12712697340131457,0.09804042017322931
2018,11,Carabanchel,3,San Isidro,113,2454,1410,1044,2659,1512,1147,2421,882,1539,1315,875,440,4875,3974,38669,0.06346168765677933,0.06876309188238641,0.06260829087899868,0.03400656856913807,0.126069978535778,0.10276966045152448
2018,11,Carabanchel,4,Vista Alegre,114,3207,1732,1475,3093,1740,1353,2985,917,2068,1482,938,544,6192,4575,45106,0.07109918857801623,0.06857180862856382,0.06617744867645102,0.03285593934288121,0.13727663725446726,0.10142774797144503
2018,11,Carabanchel,5,Puerta Bonita,115,2508,1342,1166,2290,1220,1070,2443,725,1718,1230,778,452,4951,3520,34059,0.07363692416101471,0.06723626647875745,0.07172847118236002,0.03611380251915793,0.14536539534337473,0.10335006899791538
2018,11,Carabanchel,6,Buenavista,116,2650,1754,896,2156,1406,750,2085,877,1208,1543,1099,444,4735,3699,46328,0.05720082887238819,0.04653773096183733,0.04500518045242618,0.033305992056639616,0.10220600932481437,0.07984372301847695
2018,11,Carabanchel,7,Abrantes,117,2086,1137,949,1726,942,784,1829,588,1241,983,645,337,3915,2709,29861,0.06985700411908509,0.057801145306587184,0.061250460466829644,0.03291919225745956,0.13110746458591474,0.09072033756404675
2018,12,Usera,1,Orcasitas,121,1088,799,289,865,663,202,720,342,378,542,427,115,1808,1407,22610,0.0481203007518797,0.03825740822644847,0.03184431667403804,0.023971693940734187,0.07996461742591773,0.062229102167182665
2018,12,Usera,2,Orcasur,122,764,483,281,688,450,238,693,290,403,469,343,126,1457,1157,13611,0.05613107045771802,0.05054735140695026,0.050914701344500775,0.034457424142237895,0.10704577180221879,0.08500477554918816
2018,12,Usera,3,San Fermín,123,1324,789,535,1209,748,461,1164,360,804,652,434,218,2488,1861,23274,0.05688751396408009,0.05194637793245682,0.050012889920082494,0.028014092979290195,0.10690040388416258,0.07996047091174702
2018,12,Usera,4,Almendrales,124,1733,891,842,1713,880,833,1578,422,1156,843,433,410,3311,2556,21063,0.08227697858804539,0.08132744623273037,0.07491810283435409,0.04002278877652756,0.15719508142239946,0.12135023500925794
2018,12,Usera,5,Moscardó,125,2218,1105,1113,2146,1075,1071,1949,542,1407,1008,529,479,4167,3154,25817,0.08591238331332068,0.08312352325986753,0.07549289228028043,0.03904404074834411,0.16140527559360113,0.12216756400821165
2018,12,Usera,6,Zofío,126,1018,534,484,1034,539,495,930,250,680,467,275,192,1948,1501,13736,0.07411182294700058,0.07527664531158998,0.06770529994175888,0.033998252766453116,0.14181712288875947,0.1092748980780431
2018,12,Usera,7,Pradolongo,127,1504,638,866,1644,772,872,1466,348,1118,795,403,392,2970,2439,17286,0.08700682633344903,0.09510586601874349,0.08480851556172625,0.04599097535577924,0.17181534189517528,0.14109684137452275
2018,13,Puente de Vallecas,1,Entrevías,131,2375,1527,848,1915,1258,657,1498,522,976,946,680,266,3873,2861,34069,0.06971146790337257,0.056209457277877246,0.043969591123895625,0.02776717837330124,0.11368105902726819,0.0839766356511785
2018,13,Puente de Vallecas,2,San Diego,132,4127,2094,2033,4123,2204,1919,3752,1058,2694,1881,1099,781,7879,6004,40389,0.10218128698407983,0.10208225011760629,0.092896580752185,0.04657208645918443,0.19507786773626482,0.1486543365767907
2018,13,Puente de Vallecas,3,Palomeras Bajas,133,2191,1404,787,2114,1362,752,1768,625,1143,1080,752,328,3959,3194,39756,0.055111178186940335,0.05317436361807023,0.04447127477613442,0.027165710836100213,0.09958245296307476,0.08034007445417043
2018,13,Puente de Vallecas,4,Palomeras Sureste,134,2505,1746,759,2298,1623,675,1869,730,1139,1279,942,337,4374,3577,42242,0.05930116945220397,0.05440083329387813,0.044245064154159366,0.03027792244685384,0.10354623360636334,0.08467875574073197
2018,13,Puente de Vallecas,5,Portazgo,135,1793,1163,630,1598,1065,533,1374,533,841,855,569,286,3167,2453,28020,0.06399000713775875,0.05703069236259815,0.04903640256959315,0.030513918629550323,0.1130264097073519,0.08754461099214847
2018,13,Puente de Vallecas,6,Numancia,136,3401,1917,1484,3497,1969,1528,3013,1040,1973,1536,1016,520,6414,5033,46673,0.07286868210742828,0.07492554581878173,0.06455552460737471,0.032909819381655346,0.137424206714803,0.10783536520043709
2018,14,Moratalaz,1,Pavones,141,386,296,90,350,272,78,485,135,350,234,164,70,871,584,9117,0.042338488537896235,0.03838982121311835,0.05319732368103543,0.02566633761105627,0.09553581221893166,0.06405615882417462
2018,14,Moratalaz,2,Horcajo,142,247,213,34,240,220,20,131,92,39,123,114,9,378,363,6329,0.03902670248064465,0.0379206825722863,0.020698372570706274,0.01943434981829673,0.059725075051350926,0.05735503239058303
2018,14,Moratalaz,3,Marroquina,143,832,657,175,920,721,199,716,369,347,511,408,103,1548,1431,27438,0.030322909833078213,0.03353014068080764,0.026095196442889424,0.018623806399883373,0.05641810627596763,0.052153947080691015
2018,14,Moratalaz,4,Media Legua,144,831,591,240,816,611,205,665,318,347,450,340,110,1496,1266,17817,0.0466408486277151,0.045798956053207614,0.03732390413649885,0.025256777235224785,0.08396475276421396,0.0710557332884324
2018,14,Moratalaz,5,Fontarrón,145,1057,686,371,1019,654,365,917,362,555,494,345,149,1974,1513,16956,0.0623378155225289,0.060096720924746404,0.054081151214909175,0.029134229771172446,0.11641896673743808,0.08923095069591885
2018,14,Moratalaz,6,Vinateros,146,799,532,267,833,575,258,666,288,378,404,303,101,1465,1237,16864,0.047379032258064516,0.04939516129032258,0.03949240986717267,0.023956356736242884,0.08687144212523719,0.07335151802656546
2018,15,Ciudad Lineal,1,Ventas,151,2778,1712,1066,3035,1893,1140,2610,1074,1536,1406,975,431,5388,4441,47900,0.05799582463465553,0.06336116910229644,0.054488517745302716,0.029352818371607515,0.11248434237995825,0.09271398747390397
2018,15,Ciudad Lineal,2,Pueblo Nuevo,152,3749,2201,1547,3796,2365,1431,3479,1234,2245,1823,1251,572,7228,5619,61316,0.06114227933981343,0.06190880031313197,0.05673886098245156,0.029731228390632136,0.11788114032226499,0.0916400287037641
2018,15,Ciudad Lineal,3,Quintana,153,1675,1027,648,1870,1116,754,1674,684,990,822,562,260,3349,2692,24488,0.06840084939562234,0.07636393335511271,0.06836001306762496,0.033567461613851685,0.1367608624632473,0.1099313949689644
2018,15,Ciudad Lineal,4,La Concepción,154,1073,730,342,1218,790,428,1141,553,588,641,467,174,2214,1859,20872,0.05140858566500575,0.058355691835952475,0.05466653890379456,0.030711000383288615,0.1060751245688003,0.08906669221924109
2018,15,Ciudad Lineal,5,San Pascual,155,903,695,208,900,691,209,678,413,265,543,437,106,1581,1443,18117,0.049842689186951485,0.04967709885742673,0.0374234144725948,0.02997184964398079,0.08726610365954628,0.07964894850140752
2018,15,Ciudad Lineal,6,San Juan Bautista,156,614,494,120,671,526,145,579,293,286,388,315,73,1193,1059,12449,0.04932123062093341,0.053899911639489116,0.04650975982006587,0.031167162021045868,0.09583099044099928,0.08506707366053498
2018,15,Ciudad Lineal,7,Colina,157,345,285,60,401,297,104,354,209,145,195,163,32,699,596,6297,0.0547879942829919,0.06368111799269494,0.0562172463077656,0.030967127203430204,0.1110052405907575,0.09464824519612514
2018,15,Ciudad Lineal,8,Atalaya,158,81,73,8,101,92,9,87,57,30,71,57,14,168,172,1575,0.05142857142857143,0.06412698412698413,0.05523809523809524,0.04507936507936508,0.10666666666666667,0.10920634920634921
2018,15,Ciudad Lineal,9,Costillares,159,1033,911,122,1163,1011,152,804,591,213,582,519,63,1837,1745,22078,0.046788658392970375,0.05267687290515445,0.0364163420599692,0.026361083431470242,0.08320500045293958,0.07903795633662469
2018,16,Hortaleza,1,Palomas,161,318,255,63,335,278,57,271,148,123,170,150,20,589,505,6754,0.04708320994965946,0.04960023689665383,0.04012437074326325,0.02517026946994374,0.08720758069292271,0.07477050636659757
2018,16,Hortaleza,2,Piovera,162,876,684,192,931,751,180,701,332,369,392,299,93,1577,1323,14746,0.0594059405940594,0.06313576563135766,0.047538315475383154,0.0265834802658348,0.10694425606944256,0.08971924589719246
2018,16,Hortaleza,3,Canillas,163,1629,1234,395,1768,1346,422,1431,741,690,1029,817,212,3060,2797,40745,0.0399803656890416,0.04339182721806357,0.03512087372683765,0.025254632470241747,0.07510123941587925,0.06864645968830531
2018,16,Hortaleza,4,Pinar del Rey,164,2779,2027,752,2743,2009,734,2156,1040,1115,1405,1111,294,4935,4148,52417,0.05301715092431845,0.05233035084037621,0.041131693916095925,0.026804281053856575,0.09414884484041437,0.07913463189423278
2018,16,Hortaleza,5,Apóstol Santiago,165,744,513,231,748,566,182,810,481,329,540,436,104,1554,1288,15303,0.04861791805528328,0.04887930471149448,0.05293079788276808,0.03528719858851206,0.10154871593805136,0.08416650330000654
2018,16,Hortaleza,6,Valdefuentes,166,4893,4135,758,3076,2545,531,3269,2070,1199,1964,1600,364,8162,5040,54342,0.09004085237937506,0.05660446799896949,0.060156048728423686,0.03614147436605204,0.15019690110779876,0.09274594236502152
2018,17,Villaverde,1,"Villaverde Alto, Casco Histórico de Villaverde",171,3142,1891,1250,2686,1622,1063,2530,913,1617,1704,1147,557,5672,4390,44475,0.07064643057897696,0.06039347948285554,0.056885890949971894,0.03831365935919056,0.12753232152894886,0.0987071388420461
2018,17,Villaverde,2,San Cristóbal,172,1504,781,723,1299,695,604,1340,371,969,733,422,311,2844,2032,15549,0.09672647758698309,0.08354234999035308,0.08617917550967907,0.04714129526014535,0.18290565309666215,0.13068364525049841
2018,17,Villaverde,3,Butarque,173,1180,857,323,793,508,285,787,380,407,586,438,148,1967,1379,18318,0.06441751282891145,0.04329075226553117,0.04296320559012993,0.03199039196418823,0.10738071841904138,0.0752811442297194
2018,17,Villaverde,4,Los Rosales,174,2111,1177,934,2022,1194,828,1971,679,1292,1115,700,415,4082,3137,37076,0.056937102168518716,0.05453662746790377,0.05316107454957385,0.03007336282231093,0.11009817671809256,0.0846099902902147
2018,17,Villaverde,5,Ángeles,175,1973,1246,727,1524,924,600,1491,523,968,897,634,263,3464,2421,30570,0.06454039908406935,0.04985279685966634,0.04877330716388616,0.029342492639842982,0.11331370624795552,0.07919528949950932
2018,18,Villa de Vallecas,1,Casco Histórico de Vallecas,181,2556,1691,865,2634,1713,920,1991,714,1277,1081,792,289,4547,3715,39386,0.06489615599451581,0.06687655512110903,0.05055095719291119,0.027446300715990454,0.11544711318742701,0.09432285583709947
2018,18,Villa de Vallecas,2,Santa Eugenia,182,947,656,291,921,658,263,663,356,307,525,396,129,1610,1446,24348,0.038894365040249713,0.03782651552488911,0.027230162641695418,0.021562345983242977,0.06612452768194513,0.059388861508132086
2018,18,Villa de Vallecas,3,Ensanche de Vallecas,183,3684,2987,697,2410,2006,404,2172,1270,902,1683,1359,324,5856,4093,43657,0.08438509288315733,0.05520306021943789,0.04975147169984195,0.03855051881714273,0.1341365645829993,0.09375357903658062
2018,19,Vicalvaro,1,Casco Histórico de Vicálvaro,191,2330,1496,834,1903,1221,682,1634,633,1001,1045,701,344,3964,2948,34200,0.06812865497076023,0.05564327485380117,0.04777777777777778,0.030555555555555555,0.11590643274853801,0.08619883040935672
2018,19,Vicalvaro,2,Valdebernardo,192,603,477,126,588,459,129,480,229,251,408,307,101,1083,996,17637,0.034189488008164653,0.03333900323184215,0.027215512842320124,0.023133185915972104,0.061405000850484774,0.05647218914781425
2018,19,Vicalvaro,3,Valderrivas,193,618,537,81,672,614,58,347,234,113,375,332,43,965,1047,18180,0.03399339933993399,0.036963696369636964,0.019086908690869087,0.020627062706270627,0.05308030803080308,0.05759075907590759
2018,19,Vicalvaro,4,El Cañaveral,194,344,318,26,5,4,1,228,200,28,32,26,6,572,37,946,0.36363636363636365,0.005285412262156448,0.24101479915433405,0.03382663847780127,0.6046511627906976,0.039112050739957716
2018,20,San Blas-Canillejas,1,Simancas,201,2049,1311,738,1875,1216,659,1729,677,1052,953,655,298,3778,2828,27339,0.07494787665971689,0.068583342477779,0.06324298621017593,0.03485862687003914,0.13819086286989282,0.10344196934781813
2018,20,San Blas-Canillejas,2,Hellín,202,684,415,269,519,354,165,432,172,260,253,186,67,1116,772,8966,0.07628819986616105,0.05788534463528887,0.048182020968101716,0.028217711354004017,0.12447022083426278,0.08610305598929288
2018,20,San Blas-Canillejas,3,Amposta,203,625,388,237,540,350,190,491,182,309,257,171,86,1116,797,8387,0.0745200906164302,0.06438535829259569,0.058542983188267554,0.030642661261476092,0.13306307380469776,0.09502801955407178
2018,20,San Blas-Canillejas,4,Arcos,204,1236,895,341,1052,764,288,882,421,461,568,426,142,2118,1620,24018,0.05146140394703972,0.043800482971105004,0.03672245815638271,0.023648929969189773,0.08818386210342244,0.06744941294029477
2018,20,San Blas-Canillejas,5,Rosas,205,1097,853,244,986,813,173,774,422,351,666,565,101,1871,1652,31626,0.03468665022449883,0.03117687978245747,0.024473534433693798,0.02105862265224815,0.05916018465819262,0.05223550243470562
2018,20,San Blas-Canillejas,6,Rejas,206,1171,753,418,1200,758,442,1416,594,822,890,614,276,2587,2090,16383,0.07147653054996032,0.07324665812122322,0.0864310565830434,0.054324604773240553,0.15790758713300374,0.12757126289446377
2018,20,San Blas-Canillejas,7,Canillejas,207,1611,1020,591,1628,1073,555,1187,510,677,840,616,224,2798,2468,28596,0.0563365505665128,0.05693103930619667,0.04150930200027976,0.029374737725556023,0.09784585256679255,0.0863057770317527
2018,20,San Blas-Canillejas,8,El Salvador,208,513,395,118,503,415,88,327,183,144,225,186,39,840,728,11312,0.04535007072135785,0.04446605374823197,0.028907355021216406,0.01989038189533239,0.07425742574257425,0.06435643564356436
2018,21,Barajas,1,Alameda de Osuna,211,970,840,130,905,787,118,524,370,154,407,368,39,1494,1312,19475,0.04980744544287548,0.046469833119383824,0.026906290115532736,0.020898587933247753,0.07671373555840821,0.06736842105263158
2018,21,Barajas,2,Aeropuerto,212,102,57,45,96,53,43,131,51,80,82,49,33,233,178,1790,0.05698324022346369,0.053631284916201116,0.07318435754189945,0.04581005586592179,0.13016759776536313,0.09944134078212291
2018,21,Barajas,3,Casco Histórico de Barajas,213,592,408,184,527,351,176,527,254,273,281,192,89,1119,808,7364,0.08039109179793591,0.07156436719174361,0.07156436719174361,0.03815860945138512,0.15195545898967952,0.10972297664312873
2018,21,Barajas,4,Timón,214,1044,876,168,612,490,122,540,316,224,384,320,64,1584,996,11752,0.08883594281824371,0.05207624234172907,0.04594962559564329,0.03267528931245745,0.134785568413887,0.08475153165418652
2018,21,Barajas,5,Corralejos,215,504,445,59,440,373,67,235,155,80,190,168,22,739,630,7528,0.0669500531349628,0.05844845908607864,0.031216790648246548,0.02523910733262487,0.09816684378320935,0.08368756641870351
2019,1,Centro,1,Palacio,011,1642,1107,535,1792,1216,576,2022,1067,955,864,635,229,3664,2656,22984,0.07144100243647755,0.07796728158719109,0.08797424295161851,0.03759136790810999,0.15941524538809607,0.11555864949530108
2019,1,Centro,2,Embajadores,012,4171,2201,1970,4547,2490,2057,5129,2061,3068,2048,1366,682,9300,6595,45433,0.09180551581449607,0.1000814386018973,0.11289151057601303,0.045077366671802434,0.2046970263905091,0.14515880527369973
2019,1,Centro,3,Cortes,013,757,472,285,951,608,343,1210,539,671,440,299,141,1967,1391,10525,0.07192399049881235,0.09035629453681711,0.11496437054631829,0.04180522565320665,0.18688836104513065,0.13216152019002375
2019,1,Centro,4,Justicia,014,1372,941,431,1552,997,555,2005,979,1026,672,484,188,3377,2224,17205,0.07974426038942167,0.09020633536762569,0.11653589072943912,0.03905841325196164,0.1962801511188608,0.12926474861958734
2019,1,Centro,5,Universidad,015,2683,1714,969,2957,1859,1098,3715,1865,1850,1249,905,344,6398,4206,31809,0.08434719733408784,0.09296111163507184,0.11679084535823195,0.039265616649375966,0.20113804269231977,0.1322267282844478
2019,1,Centro,6,Sol,016,511,291,220,677,387,290,934,367,567,283,195,88,1445,960,7358,0.06944821962489807,0.09200869801576515,0.12693666757270997,0.038461538461538464,0.19638488719760805,0.1304702364773036
2019,2,Arganzuela,1,Imperial,021,1072,839,233,1145,908,237,911,557,354,614,521,93,1983,1759,22822,0.04697221978792393,0.0501708877399001,0.03991762334589431,0.026903864691963895,0.08688984313381824,0.07707475243186399
2019,2,Arganzuela,2,Acacias,022,1668,1300,368,1835,1424,411,1468,902,566,917,754,163,3136,2752,36907,0.045194678516270625,0.04971956539409868,0.039775652315278943,0.02484623513154686,0.08497033083154958,0.07456580052564554
2019,2,Arganzuela,3,Chopera,023,1222,847,375,1394,939,455,1322,668,654,729,535,194,2544,2123,20048,0.0609537110933759,0.06953312051077414,0.06594173982442139,0.036362729449321625,0.12689545091779728,0.10589584996009577
2019,2,Arganzuela,4,Legazpi,024,1056,898,158,1100,927,173,717,498,219,616,542,74,1773,1716,19673,0.053677629238041986,0.055914197122960405,0.036445890306511464,0.031311950388857826,0.09012351954455344,0.08722614751181823
2019,2,Arganzuela,5,Delicias,025,1765,1270,495,1802,1252,550,1732,986,746,968,750,218,3497,2770,27740,0.06362653208363374,0.0649603460706561,0.06243691420331651,0.03489545782263879,0.12606344628695026,0.09985580389329488
2019,2,Arganzuela,6,Palos de la Frontera,026,1673,1103,570,1857,1241,616,1947,1042,905,968,732,236,3620,2825,25894,0.06460956206070904,0.07171545531783424,0.0751911639762107,0.037383177570093455,0.13980072603691976,0.1090986328879277
2019,2,Arganzuela,7,Atocha,027,47,44,3,34,29,5,31,18,13,8,3,5,78,42,1176,0.039965986394557826,0.02891156462585034,0.026360544217687076,0.006802721088435374,0.0663265306122449,0.03571428571428571
2019,3,Retiro,1,Pacífico,031,1661,1259,402,1976,1467,509,1766,1010,756,996,827,169,3427,2972,33669,0.04933321452968606,0.058689001752353795,0.05245181027057531,0.02958210817072084,0.10178502480026137,0.08827110992307464
2019,3,Retiro,2,Adelfas,032,1083,897,186,1000,827,173,825,510,315,505,406,99,1908,1505,18516,0.0584899546338302,0.054007344998919855,0.04455605962410888,0.027273709224454525,0.10304601425793908,0.08128105422337438
2019,3,Retiro,3,Estrella,033,873,717,156,906,783,123,687,457,230,453,404,49,1560,1359,23365,0.037363578001283974,0.03877594692916756,0.02940295313503103,0.01938797346458378,0.066766531136315,0.05816392039375134
2019,3,Retiro,4,Ibiza,034,1326,973,353,1523,1104,419,1397,705,692,668,538,130,2723,2191,21709,0.06108065779169929,0.07015523515592612,0.06435119075038002,0.030770648118291954,0.1254318485420793,0.10092588327421807
2019,3,Retiro,5,Los Jerónimos,035,325,265,60,408,334,74,426,245,181,284,257,27,751,692,7069,0.04597538548592446,0.0577167916254067,0.06026312066770406,0.04017541377846937,0.10623850615362852,0.09789220540387608
2019,3,Retiro,6,Niño Jesús,036,746,632,114,817,692,125,548,365,183,318,283,35,1294,1135,15359,0.04857087049938147,0.05319356728953708,0.035679406211341885,0.020704472947457517,0.08425027671072335,0.0738980402369946
2019,4,Salamanca,1,Recoletos,041,800,563,237,1232,894,338,1395,639,756,542,424,118,2195,1774,15786,0.05067781578613962,0.07804383631065501,0.08836944127708096,0.034334220195109594,0.13904725706322058,0.1123780565057646
2019,4,Salamanca,2,Goya,042,1621,1089,532,2197,1527,670,2306,1089,1217,1016,810,206,3927,3213,29739,0.05450754900971788,0.07387605501193718,0.07754127576582938,0.03416389253169239,0.13204882477554727,0.10803994754362958
2019,4,Salamanca,3,Fuente del Berro,043,1038,727,311,1290,933,357,1290,662,628,648,504,144,2328,1938,21104,0.0491849886277483,0.06112585291887794,0.06112585291887794,0.03070507960576194,0.11031084154662624,0.09183093252463988
2019,4,Salamanca,4,Guindalera,044,2470,1851,619,2522,1849,673,2485,1301,1184,1254,967,287,4955,3776,41751,0.05916025963449977,0.06040573878469977,0.05951953246628823,0.03003520873751527,0.11867979210078801,0.09044094752221504
2019,4,Salamanca,5,Lista,045,1176,814,362,1570,1120,450,1777,813,964,709,539,170,2953,2279,21037,0.05590150686885012,0.07463041308171317,0.08447021913770975,0.03370252412416219,0.14037172600655987,0.10833293720587536
2019,4,Salamanca,6,Castellana,046,934,638,296,1302,940,362,1611,645,966,556,441,115,2545,1858,17161,0.05442573276615582,0.07586970456267117,0.0938756482722452,0.03239904434473515,0.14830138103840101,0.10826874890740633
2019,5,Chamartin,1,El Viso,051,1011,836,175,1227,1010,217,991,515,476,469,384,85,2002,1696,17325,0.058354978354978354,0.07082251082251083,0.0572005772005772,0.02707070707070707,0.11555555555555555,0.0978932178932179
2019,5,Chamartin,2,Prosperidad,052,2056,1502,554,2370,1723,647,1976,1090,886,1111,867,244,4032,3481,36730,0.05597604138306561,0.06452491151647155,0.05379798529812143,0.0302477538796624,0.10977402668118703,0.09477266539613395
2019,5,Chamartin,3,Ciudad Jardín,053,1190,876,314,1369,987,382,1141,577,564,564,453,111,2331,1933,18689,0.06367381882390712,0.07325164535288137,0.06105195569586388,0.030178179677885386,0.12472577451977099,0.10342982503076677
2019,5,Chamartin,4,Hispanoamérica,054,1890,1571,319,2077,1727,350,1464,905,559,873,733,140,3354,2950,31815,0.0594059405940594,0.06528367122426529,0.04601603017444601,0.02743988684582744,0.10542197076850542,0.09272355807009272
2019,5,Chamartin,5,Nueva España,055,1796,1473,323,1857,1511,346,1176,696,480,654,554,100,2972,2511,24699,0.0727154945544354,0.075185230171262,0.047613263694886436,0.026478804809911334,0.12032875824932183,0.10166403498117332
2019,5,Chamartin,6,Castilla,056,1078,867,211,1058,860,198,956,568,388,525,432,93,2034,1583,16953,0.06358756562260368,0.06240783342181325,0.056391199197782106,0.03096797027074854,0.11997876482038577,0.09337580369256179
2019,6,Tetuan,1,Bellas Vistas,061,2391,1240,1151,2632,1412,1220,2386,917,1469,1076,719,357,4777,3708,29245,0.08175756539579415,0.08999829030603522,0.08158659599931613,0.03679261412207215,0.16334416139511027,0.12679090442810736
2019,6,Tetuan,2,Cuatro Caminos,062,2380,1637,743,2771,1910,861,2525,1342,1183,1235,903,332,4905,4006,34740,0.06850892343120323,0.07976396085204375,0.07268278641335636,0.03554979850316638,0.1411917098445596,0.11531375935521013
2019,6,Tetuan,3,Castillejos,063,1383,918,465,1614,1090,524,1539,838,701,748,592,156,2922,2362,20570,0.06723383568303354,0.07846378220709771,0.07481769567331065,0.03636363636363636,0.14205153135634419,0.11482741857073409
2019,6,Tetuan,4,Almenara,064,1456,898,558,1509,986,523,1583,768,815,888,661,227,3039,2397,22742,0.06402251341130948,0.06635300325389148,0.06960689473221353,0.03904669773986457,0.133629408143523,0.10539970099375605
2019,6,Tetuan,5,Valdeacederas,065,2344,1307,1037,2508,1441,1067,1971,819,1152,1132,765,367,4315,3640,26107,0.08978434902516566,0.09606618914467384,0.07549699314360134,0.04336001838587352,0.165281342168767,0.13942620753054735
2019,6,Tetuan,6,Berruguete,066,2364,1300,1064,2465,1317,1148,2121,830,1291,989,640,349,4485,3454,25089,0.09422456056439077,0.09825022918410459,0.0845390410139902,0.03941966598907888,0.17876360157838098,0.13766989517318345
2019,7,Chamberi,1,Gaztambide,071,1250,934,316,1520,1135,385,1852,1080,772,829,675,154,3102,2349,22997,0.05435491585859025,0.06609557768404574,0.08053224333608731,0.036048180197417054,0.13488715919467756,0.1021437578814628
2019,7,Chamberi,2,Arapiles,072,1448,1057,391,1789,1337,451,1817,1068,749,927,761,166,3265,2716,24518,0.059058650787176765,0.07296679990211273,0.07410881801125703,0.03780895668488458,0.1331674687984338,0.11077575658699731
2019,7,Chamberi,3,Trafalgar,073,1427,989,438,1857,1364,493,1904,1049,855,904,705,199,3331,2761,24777,0.05759373612624612,0.07494854098559148,0.07684546151672922,0.03648545021592606,0.13443919764297535,0.11143399120151753
2019,7,Chamberi,4,Almagro,074,1093,815,278,1543,1146,397,1317,715,602,599,480,119,2410,2142,19858,0.05504078960620405,0.07770168194178668,0.06632087823547185,0.030164165575586665,0.1213616678416759,0.10786584751737335
2019,7,Chamberi,5,Ríos Rosas,075,1449,1027,422,1956,1501,455,1895,1171,724,940,756,184,3344,2896,27465,0.05275805570726379,0.07121791370835609,0.06899690515201165,0.03422537775350446,0.12175496085927544,0.10544329146186054
2019,7,Chamberi,6,Vallehermoso,076,975,784,191,1135,917,218,1143,799,344,665,565,100,2118,1800,20297,0.048036655663398535,0.05591959402867419,0.056313740946937973,0.032763462580676944,0.1043503966103365,0.08868305660935114
2019,8,Fuencarral-El Pardo,1,El Pardo,081,184,165,19,167,153,14,185,156,29,170,160,10,369,337,3465,0.0531024531024531,0.048196248196248195,0.05339105339105339,0.049062049062049064,0.10649350649350649,0.09725829725829725
2019,8,Fuencarral-El Pardo,2,Fuentelarreina,082,144,122,22,161,124,37,128,73,55,78,68,10,272,239,3272,0.044009779951100246,0.04920537897310513,0.039119804400977995,0.023838630806845965,0.08312958435207823,0.0730440097799511
2019,8,Fuencarral-El Pardo,3,Peñagrande,083,2452,1906,546,2330,1793,537,1688,843,845,1171,940,231,4140,3501,44621,0.05495170435445194,0.0522175657201766,0.037829721431612916,0.026243248694560857,0.09278142578606485,0.07846081441473746
2019,8,Fuencarral-El Pardo,4,Pilar,084,2602,1785,817,2659,1899,760,2255,1122,1133,1337,1015,322,4857,3996,46577,0.05586448246988857,0.057088262447130556,0.04841445348562595,0.02870515490478133,0.10427893595551452,0.08579341735191189
2019,8,Fuencarral-El Pardo,5,La Paz,085,1221,1015,206,1329,1107,222,974,622,352,838,720,118,2195,2167,33844,0.03607729582791632,0.03926840798959934,0.02877910412480794,0.024760666587873775,0.06485639995272427,0.06402907457747312
2019,8,Fuencarral-El Pardo,6,Valverde,086,4215,3018,1197,4053,2815,1238,3782,1777,2005,2560,1934,626,7997,6613,63361,0.06652357128201891,0.06396679345338616,0.05968971449314247,0.04040340272407317,0.1262132857751614,0.10437019617745932
2019,8,Fuencarral-El Pardo,7,Mirasierra,087,2236,2026,210,1658,1485,173,958,634,324,678,586,92,3194,2336,32909,0.06794493907441733,0.05038135464462609,0.02911057765352943,0.020602266857090764,0.09705551672794677,0.07098362150171686
2019,8,Fuencarral-El Pardo,8,El Goloso,088,1366,1190,176,1188,1035,153,836,599,237,650,607,43,2202,1838,18576,0.07353574504737295,0.06395348837209303,0.04500430663221361,0.03499138673557278,0.11854005167958656,0.09894487510766581
2019,9,Moncloa-Aravaca,1,Casa de Campo,091,776,579,197,727,526,201,688,367,321,418,348,70,1464,1145,13040,0.05950920245398773,0.055751533742331286,0.05276073619631902,0.03205521472392638,0.11226993865030675,0.08780674846625768
2019,9,Moncloa-Aravaca,2,Argüelles,092,1295,906,389,1657,1222,435,1911,1076,835,859,714,145,3206,2516,24191,0.05353230540283577,0.06849654830308792,0.07899632094580629,0.03550907362242156,0.13252862634864207,0.10400562192550948
2019,9,Moncloa-Aravaca,3,Ciudad Universitaria,093,775,631,144,888,695,193,957,538,419,472,382,90,1732,1360,16317,0.047496476067904636,0.05442176870748299,0.05865048722191579,0.028926886069743214,0.10614696328982043,0.08334865477722621
2019,9,Moncloa-Aravaca,4,Valdezarza,094,2001,1385,616,1828,1184,644,1418,612,806,827,602,225,3419,2655,29789,0.06717244620497499,0.06136493336466481,0.04760146362751351,0.027761925542985667,0.1147739098324885,0.08912685890765047
2019,9,Moncloa-Aravaca,5,Valdemarín,095,508,429,79,445,364,81,407,274,133,263,213,50,915,708,6743,0.07533738691976864,0.0659943645261753,0.06035889070146819,0.039003410944683375,0.13569627762123684,0.10499777547085867
2019,9,Moncloa-Aravaca,6,El Plantío,096,98,76,22,92,74,18,133,95,38,128,111,17,231,220,2812,0.03485064011379801,0.032716927453769556,0.0472972972972973,0.04551920341394026,0.0821479374110953,0.07823613086770982
2019,9,Moncloa-Aravaca,7,Aravaca,097,1418,1125,293,1083,811,272,1329,788,541,1033,843,189,2747,2116,26857,0.05279815318166586,0.04032468257809882,0.04948430576758387,0.03846297054771568,0.10228245894924973,0.0787876531258145
2019,10,Latina,1,Los Cármenes,101,1094,665,429,1037,659,378,890,311,579,587,418,169,1984,1624,17448,0.06270059605685466,0.059433745988078865,0.0510087116001834,0.033642824392480515,0.11370930765703806,0.09307657038055937
2019,10,Latina,2,Puerta del Angel,102,2760,1555,1205,3017,1682,1335,3037,1016,2021,1647,1045,602,5797,4664,41878,0.06590572615693203,0.07204259993313912,0.07252017765891398,0.039328525717560535,0.13842590381584602,0.11137112565069965
2019,10,Latina,3,Lucero,103,2328,1270,1058,2291,1229,1062,2178,656,1522,1185,748,437,4506,3476,36204,0.06430228704010607,0.06328030051927963,0.06015909844216109,0.03273118992376533,0.12446138548226715,0.09601149044304497
2019,10,Latina,4,Aluche,104,3583,2030,1553,3661,2037,1624,3708,1178,2530,1914,1257,657,7291,5575,66542,0.05384569144299841,0.055017883442036605,0.05572420426196988,0.02876378828409125,0.10956989570496829,0.08378167172612785
2019,10,Latina,5,Campamento,105,1218,590,628,1132,620,512,1432,478,954,811,517,294,2650,1943,19358,0.06291972311189173,0.058477115404483936,0.0739745841512553,0.04189482384543858,0.13689430726314702,0.1003719392499225
2019,10,Latina,6,Cuatro Vientos,106,302,238,64,246,205,41,272,172,100,213,187,26,574,459,5761,0.0524214546085749,0.04270091997917028,0.04721402534282243,0.036972747786842564,0.09963547995139732,0.07967366776601284
2019,10,Latina,7,Águilas,107,2318,1528,790,2017,1252,765,2167,864,1303,1475,1055,420,4485,3492,51703,0.04483298841459877,0.039011275941434734,0.04191246155929056,0.028528325242249,0.08674544997388933,0.06753960118368373
2019,11,Carabanchel,1,Comillas,111,1609,935,674,1626,930,696,1608,551,1057,797,507,290,3217,2423,22483,0.07156518258239558,0.07232130943379442,0.07152070453231331,0.03544900591558066,0.1430858871147089,0.10777031534937509
2019,11,Carabanchel,2,Opañel,112,2266,1156,1110,2470,1248,1222,2405,662,1743,1217,700,517,4671,3687,33145,0.06836626942223563,0.07452104389802383,0.07255996379544426,0.03671745361291296,0.14092623321767989,0.1112384975109368
2019,11,Carabanchel,3,San Isidro,113,3048,1669,1379,3026,1682,1344,2727,829,1898,1421,843,578,5775,4447,39070,0.07801382134630151,0.07745072945994369,0.06979779882262606,0.03637061684156642,0.14781162016892757,0.11382134630151011
2019,11,Carabanchel,4,Vista Alegre,114,3491,1715,1776,3406,1673,1733,3613,899,2714,1644,962,682,7104,5050,46122,0.07569055981960886,0.07384762152551927,0.07833571831230215,0.03564459477039157,0.15402627813191103,0.10949221629591084
2019,11,Carabanchel,5,Puerta Bonita,115,2725,1411,1314,2749,1391,1358,2836,765,2071,1425,788,637,5561,4174,34968,0.07792839167238619,0.07861473347060169,0.08110272248913292,0.04075154426904599,0.1590311141615191,0.11936627773964768
2019,11,Carabanchel,6,Buenavista,116,2806,1781,1025,2407,1514,893,2394,865,1529,1720,1106,614,5200,4127,47166,0.059492006954161895,0.051032523427892974,0.05075690115761353,0.036466946529279565,0.11024890811177543,0.08749946995717255
2019,11,Carabanchel,7,Abrantes,117,2315,1213,1102,2059,1069,990,2272,568,1704,1202,725,477,4587,3261,30840,0.07506485084306096,0.0667639429312581,0.07367055771725033,0.038975356679636836,0.14873540856031128,0.10573929961089494
2019,12,Usera,1,Orcasitas,121,1124,788,335,910,620,290,820,339,481,611,473,138,1944,1521,22896,0.04909154437456324,0.03974493361285814,0.03581411600279525,0.026685883997204753,0.08490566037735849,0.06643081761006289
2019,12,Usera,2,Orcasur,122,874,502,372,766,478,288,820,298,522,532,348,184,1694,1298,13837,0.0631639806316398,0.055358820553588206,0.059261400592614005,0.03844764038447641,0.12242538122425381,0.0938064609380646
2019,12,Usera,3,San Fermín,123,1410,771,639,1502,848,654,1328,367,961,762,467,295,2738,2264,23724,0.05943348507840162,0.06331141460124769,0.05597706963412578,0.032119372787051084,0.1154105547125274,0.09543078738829877
2019,12,Usera,4,Almendrales,124,1896,899,997,1860,928,932,1716,418,1298,852,432,420,3612,2712,21487,0.08823940056778518,0.08656396891143482,0.07986224228603342,0.039651882533624984,0.1681016428538186,0.1262158514450598
2019,12,Usera,5,Moscardó,125,2368,1183,1185,2445,1217,1228,2202,522,1680,1051,522,529,4570,3496,26416,0.08964264082374318,0.09255754088431253,0.08335857056329497,0.03978649303452453,0.17300121138703817,0.13234403391883706
2019,12,Usera,6,Zofío,126,1099,566,533,1080,571,509,1075,254,821,537,301,236,2174,1617,14018,0.07839920102725068,0.07704380082750749,0.07668711656441718,0.03830788985589956,0.15508631759166785,0.11535169068340705
2019,12,Usera,7,Pradolongo,127,1792,698,1094,1840,830,1010,1531,297,1234,840,400,440,3323,2680,17525,0.10225392296718973,0.1049928673323823,0.08736091298145507,0.047931526390870186,0.18961483594864478,0.1529243937232525
2019,13,Puente de Vallecas,1,Entrevías,131,2468,1499,969,2205,1306,899,1915,630,1285,1132,748,384,4383,3337,34758,0.07100523620461477,0.06343863283272916,0.05509522987513666,0.03256804188963692,0.12610046607975142,0.09600667472236607
2019,13,Puente de Vallecas,2,San Diego,132,4736,2257,2479,4671,2332,2339,4495,1056,3439,1966,1019,947,9231,6637,41836,0.11320393919112726,0.11165025337030308,0.10744335022468687,0.046993020365235685,0.22064728941581413,0.15864327373553877
2019,13,Puente de Vallecas,3,Palomeras Bajas,133,2441,1445,996,2390,1478,912,2104,684,1420,1178,766,412,4545,3568,40275,0.060608317815021726,0.059342023587833644,0.05224084419615146,0.029248913718187462,0.11284916201117319,0.0885909373060211
2019,13,Puente de Vallecas,4,Palomeras Sureste,134,2572,1769,803,2504,1643,861,2039,708,1329,1361,934,427,4611,3865,42673,0.06027230332997446,0.0586787898671291,0.047781969863848334,0.03189370327841961,0.1080542731938228,0.0905724931455487
2019,13,Puente de Vallecas,5,Portazgo,135,1947,1183,764,1762,1092,670,1592,542,1050,973,636,337,3539,2735,28426,0.0684936325898825,0.061985506226693875,0.05600506578484486,0.03422922676422993,0.12449869837472737,0.0962147329909238
2019,13,Puente de Vallecas,6,Numancia,136,3627,1952,1675,3964,2099,1865,3623,1047,2576,1796,1103,693,7250,5760,47444,0.07644802293229913,0.08355113396846808,0.07636371300902116,0.03785515555180845,0.1528117359413203,0.12140628952027653
2019,14,Moratalaz,1,Pavones,141,484,348,136,435,313,122,480,152,328,241,187,54,964,676,9148,0.052907739396589416,0.04755137735024049,0.052470485351989504,0.026344556187144732,0.10537822474857893,0.07389593353738522
2019,14,Moratalaz,2,Horcajo,142,305,230,75,247,217,30,175,109,66,137,114,23,480,384,6342,0.04809208451592557,0.038946704509618416,0.02759381898454746,0.021602018290760014,0.07568590350047304,0.06054872280037843
2019,14,Moratalaz,3,Marroquina,143,994,772,222,1093,844,249,782,356,426,565,442,123,1776,1658,27313,0.03639292644528247,0.04001757404898766,0.02863105480906528,0.020686120162559954,0.06502398125434775,0.060703694211547615
2019,14,Moratalaz,4,Media Legua,144,827,588,239,861,660,201,705,317,388,462,342,120,1532,1323,17923,0.046141828934888135,0.048038832784690066,0.039334932767951795,0.025776934664955644,0.08547676170283992,0.0738157674496457
2019,14,Moratalaz,5,Fontarrón,145,1166,733,433,1111,667,444,1016,343,673,545,380,165,2182,1656,17186,0.0678459210985686,0.06464564180146631,0.05911788665192599,0.03171185848946817,0.1269638077504946,0.09635750029093448
2019,14,Moratalaz,6,Vinateros,146,982,664,318,905,594,311,736,295,441,435,299,136,1718,1340,16906,0.058085886667455344,0.05353129066603573,0.04353483970188099,0.02573050987814977,0.10162072636933633,0.0792618005441855
2019,15,Ciudad Lineal,1,Ventas,151,3116,1851,1265,3286,1996,1290,3010,1100,1910,1551,1009,542,6126,4837,48222,0.06461780929866036,0.0681431711666874,0.06241964248683174,0.03216374269005848,0.1270374517854921,0.10030691385674588
2019,15,Ciudad Lineal,2,Pueblo Nuevo,152,4342,2478,1864,4338,2470,1867,3992,1259,2733,2082,1326,756,8334,6420,62278,0.06971964417611355,0.06965541603776615,0.06409968207071517,0.03343074600982691,0.13381932624682874,0.10308616204759305
2019,15,Ciudad Lineal,3,Quintana,153,1799,1064,735,1976,1153,823,1774,628,1146,839,561,278,3573,2815,24679,0.07289598444021232,0.08006807407107257,0.07188297743020382,0.03399651525588557,0.14477896187041614,0.11406458932695815
2019,15,Ciudad Lineal,4,La Concepción,154,1368,914,454,1432,918,514,1244,545,699,690,510,180,2612,2122,20931,0.06535760355453633,0.06841526921790646,0.05943337633175672,0.03296545793320912,0.12479097988629306,0.10138072715111557
2019,15,Ciudad Lineal,5,San Pascual,155,839,636,203,939,751,188,680,356,324,510,396,114,1519,1449,18198,0.04610396746895263,0.05159907682162875,0.0373667435981976,0.028025057698648204,0.08347071106715023,0.07962413452027696
2019,15,Ciudad Lineal,6,San Juan Bautista,156,696,539,157,648,512,136,565,274,291,355,296,59,1261,1003,12508,0.05564438759194116,0.05180684362008315,0.04517109050207867,0.028381835625199872,0.10081547809401983,0.08018867924528301
2019,15,Ciudad Lineal,7,Colina,157,409,328,81,390,325,65,355,212,143,211,168,43,764,601,6399,0.0639162369120175,0.06094702297233943,0.05547741834661666,0.03297390217221441,0.11939365525863416,0.09392092514455384
2019,15,Ciudad Lineal,8,Atalaya,158,125,109,16,135,114,21,78,55,23,74,64,10,203,209,1570,0.07961783439490445,0.08598726114649681,0.049681528662420385,0.04713375796178344,0.12929936305732484,0.13312101910828025
2019,15,Ciudad Lineal,9,Costillares,159,1024,862,162,1052,913,139,881,664,217,606,549,57,1905,1658,22073,0.046391519050423595,0.047660037149458614,0.03991301590178046,0.02745435600054365,0.08630453495220405,0.07511439315000226
2019,16,Hortaleza,1,Palomas,161,330,271,59,413,323,90,275,134,141,145,128,17,605,558,6798,0.04854368932038835,0.06075316269491027,0.040453074433656956,0.02132980288320094,0.0889967637540453,0.0820829655781112
2019,16,Hortaleza,2,Piovera,162,747,576,171,877,686,191,667,318,349,413,311,102,1414,1290,14929,0.05003684104762543,0.05874472503181727,0.04467814321119968,0.027664277580547927,0.0947149842588251,0.0864090026123652
2019,16,Hortaleza,3,Canillas,163,2016,1533,483,1997,1532,465,1515,782,733,1066,849,217,3531,3063,40698,0.04953560371517028,0.0490687503071404,0.03722541648238243,0.026192933313676347,0.0867610201975527,0.07526168362081674
2019,16,Hortaleza,4,Pinar del Rey,164,2998,2074,924,2912,2046,866,2345,1000,1345,1563,1188,375,5343,4475,52830,0.05674805981449934,0.05512019685784592,0.04438765852735188,0.029585462805224304,0.10113571834185123,0.08470565966307023
2019,16,Hortaleza,5,Apóstol Santiago,165,784,522,262,766,547,219,791,443,348,570,473,97,1575,1336,15467,0.050688562746492534,0.049524794724251635,0.05114113919958622,0.036852654037628496,0.10182970194607875,0.08637744876188014
2019,16,Hortaleza,6,Valdefuentes,166,5257,4460,797,3304,2671,633,3633,2176,1457,2156,1728,428,8890,5460,57958,0.09070361296110976,0.05700679802615687,0.06268332240588012,0.037199351254356604,0.15338693536698988,0.09420614928051348
2019,17,Villaverde,1,"Villaverde Alto, Casco Histórico de Villaverde",171,3486,1964,1522,2930,1731,1199,3016,916,2100,1739,1090,648,6502,4669,45324,0.07691289383108287,0.06464566234224693,0.06654311181713882,0.03836819345159297,0.1434560056482217,0.10301385579383991
2019,17,Villaverde,2,San Cristóbal,172,1725,736,989,1532,739,793,1659,332,1327,856,422,434,3384,2388,16091,0.10720278416506121,0.09520850164688335,0.10310111242309365,0.05319743956248835,0.21030389658815488,0.1484059412093717
2019,17,Villaverde,3,Butarque,173,1792,1360,432,1069,751,318,933,414,519,592,427,165,2725,1661,18912,0.09475465313028765,0.05652495769881557,0.049333756345177664,0.031302876480541454,0.1440884094754653,0.08782783417935702
2019,17,Villaverde,4,Los Rosales,174,2294,1232,1062,2338,1333,1005,2130,647,1483,1296,776,520,4424,3634,37695,0.06085687756996949,0.06202414113277623,0.05650616792678074,0.03438121766812575,0.11736304549675024,0.09640535880090198
2019,17,Villaverde,5,Ángeles,175,2471,1579,892,1889,1136,753,1889,634,1255,944,617,327,4360,2833,31254,0.07906188007934985,0.06044026364625328,0.06044026364625328,0.03020413387086453,0.13950214372560313,0.09064439751711781
2019,18,Villa de Vallecas,1,Casco Histórico de Vallecas,181,2789,1734,1055,2826,1836,990,2252,702,1550,1400,884,516,5041,4226,40352,0.06911677240285488,0.07003370340999207,0.05580888183980968,0.03469468675654243,0.12492565424266455,0.1047283901665345
2019,18,Villa de Vallecas,2,Santa Eugenia,182,1320,979,341,1016,718,298,741,356,385,573,415,158,2061,1589,24388,0.054124979498113825,0.041659832704608823,0.030383795309168442,0.02349516155486305,0.08450877480728226,0.06515499425947187
2019,18,Villa de Vallecas,3,Ensanche de Vallecas,183,4517,3495,1022,2949,2319,630,2705,1484,1221,1832,1421,411,7222,4781,45895,0.09842030722300904,0.06425536550822529,0.058938882231179865,0.03991720230961979,0.15735918945418892,0.10417256781784508
2019,19,Vicalvaro,1,Casco Histórico de Vicálvaro,191,2313,1460,853,2003,1220,783,2025,676,1349,1171,717,454,4338,3174,34928,0.06622194228126431,0.05734654145671095,0.05797640861200183,0.03352611085661933,0.12419835089326614,0.09087265231333028
2019,19,Vicalvaro,2,Valdebernardo,192,660,501,159,689,512,177,693,325,368,449,335,114,1353,1138,17680,0.03733031674208145,0.03897058823529412,0.03919683257918552,0.025395927601809955,0.07652714932126697,0.06436651583710407
2019,19,Vicalvaro,3,Valderrivas,193,649,563,86,710,635,75,416,283,133,400,354,46,1065,1110,18158,0.03574182178654037,0.03910122260160811,0.022910012115871792,0.022028857803722875,0.05865183390241216,0.06113008040533098
2019,19,Vicalvaro,4,El Cañaveral,194,490,457,33,28,24,4,405,362,43,70,51,19,895,98,1528,0.3206806282722513,0.01832460732984293,0.2650523560209424,0.04581151832460733,0.5857329842931938,0.06413612565445026
2019,20,San Blas-Canillejas,1,Simancas,201,2063,1278,785,2112,1317,795,1953,697,1256,1010,682,328,4016,3122,28006,0.0736627865457402,0.07541241162608013,0.06973505677354852,0.03606370063557809,0.14339784331928873,0.11147611226165821
2019,20,San Blas-Canillejas,2,Hellín,202,690,446,244,630,423,207,523,187,336,298,216,82,1213,928,9205,0.07495926127104835,0.06844106463878327,0.05681694731124389,0.032373709940249865,0.13177620858229222,0.10081477457903314
2019,20,San Blas-Canillejas,3,Amposta,203,741,431,310,703,429,274,657,181,476,335,200,135,1398,1038,8598,0.08618283321702722,0.08176320074435915,0.07641311933007676,0.038962549430100024,0.162595952547104,0.12072575017445918
2019,20,San Blas-Canillejas,4,Arcos,204,1371,913,457,1171,818,353,1063,394,669,635,457,178,2434,1806,24298,0.05642439706971767,0.048193266935550254,0.043748456663099844,0.026133838175981562,0.10017285373281752,0.07432710511153182
2019,20,San Blas-Canillejas,5,Rosas,205,1148,918,230,1127,869,258,890,424,466,692,500,192,2038,1819,31713,0.03619966575221518,0.03553747674455271,0.028064200800933373,0.02182070444297291,0.06426386655314856,0.05735818118752562
2019,20,San Blas-Canillejas,6,Rejas,206,1395,836,559,1365,819,546,1480,545,935,857,539,318,2875,2222,16740,0.08333333333333333,0.08154121863799284,0.0884109916367981,0.051194743130227004,0.17174432497013142,0.13273596176821983
2019,20,San Blas-Canillejas,7,Canillejas,207,1785,1085,700,1679,1060,619,1580,589,991,1001,657,344,3365,2680,28667,0.06226671782886246,0.058569086405972026,0.0551156381902536,0.03491819862559738,0.11738235601911606,0.0934872850315694
2019,20,San Blas-Canillejas,8,El Salvador,208,546,440,106,558,423,135,403,200,203,251,184,67,949,809,11372,0.048012662680267326,0.04906788603587759,0.035437917692578265,0.0220717551881815,0.08345058037284558,0.0711396412240591
2019,21,Barajas,1,Alameda de Osuna,211,1111,966,145,879,764,115,609,388,221,512,447,65,1720,1391,19573,0.05676186583558984,0.04490880294282941,0.031114290093496144,0.02615848362540234,0.08787615592908599,0.07106728656823175
2019,21,Barajas,2,Aeropuerto,212,127,46,81,119,45,74,150,42,108,92,64,28,277,211,1864,0.06813304721030043,0.0638412017167382,0.08047210300429185,0.04935622317596566,0.14860515021459228,0.11319742489270386
2019,21,Barajas,3,Casco Histórico de Barajas,213,493,311,182,547,360,187,581,283,298,349,239,110,1074,896,7585,0.06499670402109427,0.07211601845748188,0.07659854976928147,0.04601186552406065,0.14159525379037574,0.11812788398154252
2019,21,Barajas,4,Timón,214,730,563,167,608,443,165,606,316,290,391,310,81,1336,999,12402,0.05886147395581358,0.04902435091114336,0.04886308659893566,0.031527173036607,0.10772456055474923,0.08055152394775036
2019,21,Barajas,5,Corralejos,215,465,428,37,415,365,50,245,178,67,195,169,26,710,610,7646,0.060816113000261574,0.054276746010986136,0.032042898247449644,0.025503531258174207,0.09285901124771122,0.07978027726916034
2020,1,Centro,1,Palacio,011,1612,998,613,1652,1052,600,1446,681,765,1007,760,247,3058,2659,23695,0.06803123021734543,0.06971935007385524,0.061025532812829714,0.042498417387634525,0.12905676303017513,0.11221776746148976
2020,1,Centro,2,Embajadores,012,4103,1972,2131,4416,2252,2164,3351,1298,2053,2057,1443,614,7454,6473,47224,0.08688378790445536,0.09351177367440285,0.07095968151787227,0.04355836015585295,0.15784346942232763,0.1370701338302558
2020,1,Centro,3,Cortes,013,814,437,377,914,514,400,862,325,537,509,352,157,1676,1423,10793,0.07541925321967942,0.08468451774298157,0.07986658019086446,0.04716019642360789,0.15528583341054386,0.13184471416658947
2020,1,Centro,4,Justicia,014,1336,801,535,1479,916,563,1417,622,795,755,543,212,2753,2234,18092,0.07384479327879725,0.08174883926597391,0.07832191023656865,0.04173115189033827,0.1521667035153659,0.12347999115631218
2020,1,Centro,5,Universidad,015,2419,1332,1087,2859,1730,1129,2431,1044,1387,1441,1044,397,4850,4300,33540,0.07212283840190817,0.08524150268336315,0.07248062015503876,0.04296362552176506,0.14460345855694692,0.1282051282051282
2020,1,Centro,6,Sol,016,689,325,364,649,331,318,846,278,568,364,216,148,1535,1013,7647,0.09010069308225448,0.08486988361448934,0.11063162024323264,0.04760036615666274,0.20073231332548713,0.1324702497711521
2020,2,Arganzuela,1,Imperial,021,1051,817,234,1000,749,251,608,381,227,716,617,99,1659,1716,22991,0.04571354008090122,0.04349528076203732,0.02644513070331869,0.03114262102561872,0.0721586707842199,0.07463790178765604
2020,2,Arganzuela,2,Acacias,022,1603,1184,419,1648,1284,364,992,662,330,1073,925,148,2595,2721,37024,0.04329624027657736,0.044511668107173726,0.02679343128781331,0.028981201382886776,0.07008967156439067,0.0734928694900605
2020,2,Arganzuela,3,Chopera,023,1240,831,408,1318,819,499,869,470,399,753,573,180,2109,2071,20352,0.06092767295597484,0.06476022012578617,0.04269850628930818,0.03699882075471698,0.10362617924528301,0.10175904088050315
2020,2,Arganzuela,4,Legazpi,024,1069,889,180,1186,1027,159,563,402,161,692,615,77,1632,1878,19846,0.053864758641539855,0.05976015317948201,0.02836843696462763,0.034868487352615135,0.08223319560616749,0.09462864053209714
2020,2,Arganzuela,5,Delicias,025,2221,1671,550,1917,1437,480,1087,642,445,1071,851,220,3308,2988,28346,0.07835320680166513,0.06762858957172088,0.03834756226628096,0.037783108727862835,0.11670076906794609,0.10541169829958372
2020,2,Arganzuela,6,Palos de la Frontera,026,1569,972,597,1978,1238,740,1230,703,527,974,732,242,2799,2952,26401,0.05942956706185372,0.07492140449225408,0.04658914435059278,0.03689254194916859,0.1060187114124465,0.11181394644142267
2020,2,Arganzuela,7,Atocha,027,229,204,25,27,27,0,51,43,8,29,23,6,280,56,1211,0.18909991742361684,0.022295623451692816,0.042113955408753095,0.023947151114781174,0.23121387283236994,0.046242774566473986
2020,3,Retiro,1,Pacífico,031,1533,1072,461,1726,1227,499,1067,620,447,1126,916,210,2600,2852,33921,0.04519324312372866,0.05088293387577017,0.03145544058253,0.03319477609740279,0.07664868370625866,0.08407770997317296
2020,3,Retiro,2,Adelfas,032,850,649,201,851,684,167,547,346,201,534,432,102,1397,1385,18864,0.045059372349448686,0.04511238337574215,0.028997031382527565,0.028307888040712468,0.07405640373197625,0.07342027141645462
2020,3,Retiro,3,Estrella,033,738,615,123,787,659,128,477,339,138,495,434,61,1215,1282,23430,0.03149807938540333,0.033589415279556126,0.020358514724711906,0.02112676056338028,0.051856594110115235,0.05471617584293641
2020,3,Retiro,4,Ibiza,034,1096,770,326,1315,885,430,924,497,427,795,621,174,2020,2110,22080,0.04963768115942029,0.059556159420289856,0.04184782608695652,0.036005434782608696,0.09148550724637682,0.09556159420289854
2020,3,Retiro,5,Los Jerónimos,035,312,250,62,383,306,77,313,182,131,249,212,37,625,632,7078,0.04408024865781294,0.05411133088443063,0.04422153150607516,0.03517942921729302,0.08830178016388811,0.08929076010172365
2020,3,Retiro,6,Niño Jesús,036,662,566,96,654,563,91,356,231,125,384,333,51,1018,1038,15500,0.04270967741935484,0.042193548387096776,0.02296774193548387,0.024774193548387096,0.06567741935483871,0.06696774193548387
2020,4,Salamanca,1,Recoletos,041,687,441,246,1010,675,335,929,444,485,541,427,114,1616,1551,15908,0.0431858184561227,0.06349006789036962,0.058398290168468696,0.03400804626602967,0.1015841086245914,0.0974981141563993
2020,4,Salamanca,2,Goya,042,1725,1102,623,2027,1411,616,1487,782,705,1108,897,211,3212,3135,30054,0.057396685965262526,0.06744526518932588,0.04947760697411326,0.03686697278232515,0.1068742929393758,0.10431223797165103
2020,4,Salamanca,3,Fuente del Berro,043,1171,799,372,1267,849,418,837,469,368,752,582,170,2008,2019,21315,0.054937837203847054,0.059441707717569785,0.039268121041520054,0.035280319024161386,0.09420595824536711,0.09472202674173118
2020,4,Salamanca,4,Guindalera,044,2379,1729,650,2350,1628,722,1548,866,682,1347,1090,257,3927,3697,42465,0.056022606852702224,0.055339691510655833,0.03645354998233839,0.03172024019780996,0.09247615683504062,0.0870599317084658
2020,4,Salamanca,5,Lista,045,1139,725,414,1453,971,482,1131,554,577,761,610,151,2270,2214,21297,0.05348171103911349,0.06822557167676198,0.05310607127764474,0.035732732309714986,0.10658778231675822,0.10395830398647697
2020,4,Salamanca,6,Castellana,046,819,510,309,1141,763,378,1121,482,639,574,460,114,1940,1715,17366,0.04716111942876886,0.06570309800760106,0.06455142231947483,0.03305309224922262,0.11171254174824369,0.09875619025682368
2020,5,Chamartin,1,El Viso,051,992,768,224,1031,817,214,659,401,258,507,415,92,1651,1538,17477,0.05676031355495795,0.05899181781770327,0.037706700234594034,0.02900955541568919,0.09446701378955198,0.08800137323339245
2020,5,Chamartin,2,Prosperidad,052,1882,1380,502,1957,1424,533,1203,684,519,1302,1052,250,3085,3259,37070,0.05076881575397896,0.052792015106555165,0.032452117615322365,0.035122740760722956,0.08322093336930132,0.08791475586727812
2020,5,Chamartin,3,Ciudad Jardín,053,992,683,309,1225,855,370,675,356,319,542,458,84,1667,1767,18953,0.05233999894475808,0.06463356724529098,0.035614414604548096,0.028597055875059358,0.08795441354930618,0.09323062312035034
2020,5,Chamartin,4,Hispanoamérica,054,1627,1344,283,1728,1454,274,926,618,308,909,775,134,2553,2637,32157,0.050595515750847406,0.05373635600335852,0.02879621855272569,0.028267562272600057,0.07939173430357309,0.08200391827595858
2020,5,Chamartin,5,Nueva España,055,1493,1240,253,1649,1384,265,765,471,294,735,600,135,2258,2384,25077,0.05953662718826016,0.06575746700163497,0.030506041392511066,0.029309726043785143,0.09004266858077123,0.0950671930454201
2020,5,Chamartin,6,Castilla,056,1016,785,231,1089,851,238,713,439,274,625,529,96,1729,1714,17287,0.05877248799676057,0.06299531439810262,0.04124486608434083,0.036154335627928504,0.1000173540811014,0.09914965002603113
2020,6,Tetuan,1,Bellas Vistas,061,2165,1143,1022,2570,1353,1217,1540,629,911,1246,872,374,3705,3816,30019,0.07212099003964156,0.08561244545121423,0.05130084279956028,0.04150704553782605,0.12342183283920184,0.12711949098904027
2020,6,Tetuan,2,Cuatro Caminos,062,2211,1455,756,2346,1585,761,1617,868,749,1377,1070,307,3828,3723,35348,0.06254950775149938,0.06636867715287993,0.04574516238542492,0.0389555278940817,0.1082946701369243,0.10532420504696163
2020,6,Tetuan,3,Castillejos,063,1371,905,466,1542,1016,526,944,601,343,804,647,157,2315,2346,20925,0.06551971326164875,0.07369175627240143,0.04511350059737156,0.03842293906810036,0.11063321385902031,0.1121146953405018
2020,6,Tetuan,4,Almenara,064,1404,822,582,1382,823,559,962,481,481,862,645,217,2366,2244,23096,0.060789747142362315,0.059837201246969174,0.041652234153100105,0.03732248008313128,0.10244198129546242,0.09715968133010044
2020,6,Tetuan,5,Valdeacederas,065,2167,1173,994,2132,1106,1026,1245,516,729,996,693,303,3412,3128,26646,0.08132552728364482,0.08001200930721308,0.046723710875928845,0.03737896870074307,0.12804923815957367,0.11739097800795617
2020,6,Tetuan,6,Berruguete,066,2047,1032,1015,2235,1159,1076,1324,520,804,1032,686,346,3371,3267,25953,0.07887334797518591,0.08611721188301931,0.05101529688282665,0.039764189111085424,0.12988864485801255,0.12588140099410472
2020,7,Chamberi,1,Gaztambide,071,1153,802,351,1376,995,381,1079,623,456,865,711,154,2232,2241,23458,0.049151675334640633,0.058658027112285786,0.04599710120214852,0.03687441384602268,0.09514877653678916,0.09553244095830847
2020,7,Chamberi,2,Arapiles,072,1332,931,401,1636,1171,465,1096,635,461,947,781,166,2428,2583,24792,0.0537270087124879,0.06598902871894159,0.04420780897063569,0.03819780574378832,0.09793481768312359,0.10418683446272992
2020,7,Chamberi,3,Trafalgar,073,1414,1005,409,1770,1239,531,1250,687,563,954,775,179,2664,2724,25094,0.05634813102733721,0.07053478919263569,0.04981270423208735,0.03801705586992907,0.10616083525942456,0.10855184506256475
2020,7,Chamberi,4,Almagro,074,1093,781,312,1329,971,358,875,451,424,706,562,144,1968,2035,19903,0.05491634426970808,0.06677385318796161,0.04396322162488067,0.035472039391046574,0.09887956589458875,0.1022458925790082
2020,7,Chamberi,5,Ríos Rosas,075,1429,1000,429,1711,1263,448,1269,799,470,1050,860,190,2698,2761,27676,0.05163318398612516,0.06182251770487065,0.04585200173435468,0.03793900852724382,0.09748518572047984,0.09976152623211447
2020,7,Chamberi,6,Vallehermoso,076,899,735,164,991,766,225,729,501,228,726,626,100,1628,1717,20474,0.043909348441926344,0.048402852398163526,0.03560613460974895,0.03545960730682817,0.0795154830516753,0.08386245970499169
2020,8,Fuencarral-El Pardo,1,El Pardo,081,162,126,36,145,124,21,130,102,28,129,119,10,292,274,3486,0.04647160068846816,0.04159495123350545,0.037292025243832475,0.03700516351118761,0.08376362593230063,0.07860011474469306
2020,8,Fuencarral-El Pardo,2,Fuentelarreina,082,244,209,35,135,104,31,60,33,27,91,77,14,304,226,3315,0.07360482654600302,0.04072398190045249,0.01809954751131222,0.027450980392156862,0.09170437405731523,0.06817496229260935
2020,8,Fuencarral-El Pardo,3,Peñagrande,083,1822,1389,433,1795,1341,454,1002,580,422,1211,971,240,2824,3006,45071,0.04042510705331588,0.03982605222870582,0.022231590157751103,0.026868718244547493,0.06265669721106698,0.06669477047325331
2020,8,Fuencarral-El Pardo,4,Pilar,084,2311,1550,761,2409,1598,811,1378,793,585,1524,1182,342,3689,3933,46980,0.04919114516815666,0.05127713920817369,0.02933163048105577,0.03243933588761175,0.07852277564921244,0.08371647509578545
2020,8,Fuencarral-El Pardo,5,La Paz,085,1013,814,199,1163,973,190,598,400,198,818,740,78,1611,1981,33717,0.030044191357475457,0.034492985734199365,0.017735860248539313,0.02426075866773438,0.04778005160601477,0.05875374440193374
2020,8,Fuencarral-El Pardo,6,Valverde,086,3371,2276,1095,3250,2172,1078,2193,1188,1005,2748,2137,611,5564,5998,64845,0.05198550389390084,0.05011951576837073,0.03381910710154985,0.04237797825584085,0.08580461099545068,0.09249749402421158
2020,8,Fuencarral-El Pardo,7,Mirasierra,087,1930,1743,187,1406,1222,184,679,476,203,789,675,114,2609,2195,34077,0.05663644100126185,0.04125950054288816,0.019925462922205595,0.023153446606215336,0.07656190392346744,0.0644129471491035
2020,8,Fuencarral-El Pardo,8,El Goloso,088,1183,1025,158,1110,940,170,588,444,144,723,630,93,1771,1833,19125,0.061856209150326795,0.05803921568627451,0.030745098039215685,0.03780392156862745,0.09260130718954249,0.09584313725490196
2020,9,Moncloa-Aravaca,1,Casa de Campo,091,559,408,151,541,362,179,435,256,179,379,307,72,994,920,13258,0.04216322220546086,0.04080555136521346,0.03281037863931211,0.028586513802986876,0.07497360084477296,0.06939206516820033
2020,9,Moncloa-Aravaca,2,Argüelles,092,1217,761,456,1456,986,470,1332,740,592,989,814,175,2549,2445,24537,0.04959856543179688,0.05933895749276603,0.054285364959041446,0.040306475934303296,0.10388393039083832,0.09964543342706933
2020,9,Moncloa-Aravaca,3,Ciudad Universitaria,093,769,623,146,807,630,177,582,357,225,489,422,67,1351,1296,16458,0.046724996961963784,0.04903390448414145,0.035362741523878964,0.02971199416697047,0.08208773848584275,0.07874589865111192
2020,9,Moncloa-Aravaca,4,Valdezarza,094,1543,1037,506,1440,929,511,794,428,366,900,676,224,2337,2340,30506,0.050580213728446864,0.04720382875499902,0.02602766668852029,0.029502392971874385,0.07660788041696716,0.0767062217268734
2020,9,Moncloa-Aravaca,5,Valdemarín,095,309,241,68,356,277,79,274,185,89,292,236,56,583,648,6976,0.0442947247706422,0.05103211009174312,0.03927752293577982,0.041857798165137614,0.08357224770642202,0.09288990825688073
2020,9,Moncloa-Aravaca,6,El Plantío,096,131,103,28,70,50,20,153,87,66,86,73,13,284,156,2809,0.046635813456746174,0.02491990032039872,0.05446778212887148,0.030615877536489856,0.10110359558561766,0.055535777856888575
2020,9,Moncloa-Aravaca,7,Aravaca,097,1165,871,294,884,629,255,998,647,351,1160,976,184,2163,2044,27580,0.04224075416968818,0.03205221174764322,0.03618564176939811,0.04205946337926034,0.07842639593908629,0.07411167512690356
2020,10,Latina,1,Los Cármenes,101,870,454,416,915,521,394,595,219,376,560,395,165,1465,1475,17803,0.04886816828624389,0.05139583216311858,0.033421333483120826,0.03145537268999607,0.08228950176936471,0.08285120485311465
2020,10,Latina,2,Puerta del Angel,102,2530,1244,1286,2716,1443,1273,1892,719,1173,1651,1103,548,4422,4367,42532,0.05948462334242453,0.06385780118499013,0.04448415310824791,0.03881783127997743,0.10396877645067243,0.10267563246496755
2020,10,Latina,3,Lucero,103,2021,1126,895,1940,966,974,1367,479,888,1245,799,446,3388,3185,36913,0.054750358952130686,0.05255601007775038,0.03703302359602308,0.033727954921030534,0.09178338254815377,0.08628396499878092
2020,10,Latina,4,Aluche,104,3376,1880,1496,3140,1690,1450,2210,781,1429,2078,1340,738,5586,5218,67600,0.04994082840236686,0.046449704142011834,0.032692307692307694,0.0307396449704142,0.08263313609467456,0.07718934911242603
2020,10,Latina,5,Campamento,105,1060,480,580,1152,535,617,881,318,563,763,509,254,1941,1915,19908,0.053244926662648184,0.05786618444846293,0.04425356640546514,0.038326300984528834,0.09749849306811333,0.09619248543299176
2020,10,Latina,6,Cuatro Vientos,106,315,248,67,236,185,51,175,103,72,272,240,32,490,508,5901,0.05338078291814947,0.03999322148788341,0.02965599051008304,0.046093882392814776,0.0830367734282325,0.0860871038806982
2020,10,Latina,7,Águilas,107,2088,1230,858,1869,1098,771,1398,621,777,1586,1121,465,3486,3455,52037,0.04012529546284375,0.035916751542171915,0.026865499548398255,0.030478313507696447,0.066990795011242,0.06639506504986836
2020,11,Carabanchel,1,Comillas,111,1390,759,631,1434,787,647,892,382,510,836,567,269,2282,2270,23079,0.060227912821179425,0.0621344079032887,0.03864985484639716,0.03622340656007626,0.09887776766757658,0.09835781446336496
2020,11,Carabanchel,2,Opañel,112,2260,1126,1134,2232,1101,1130,1447,456,991,1171,728,443,3707,3403,33810,0.0668441289559302,0.06601597160603372,0.04279798876072168,0.03463472345459923,0.10964211771665187,0.10065069506063296
2020,11,Carabanchel,3,San Isidro,113,2470,1265,1205,2639,1331,1308,1632,527,1105,1398,903,495,4102,4037,40167,0.06149326561605298,0.0657006995792566,0.040630368212711925,0.03480469041750691,0.10212363382876491,0.1005053899967635
2020,11,Carabanchel,4,Vista Alegre,114,2931,1401,1530,3064,1461,1603,1831,528,1303,1643,954,689,4762,4707,47755,0.061375772170453355,0.06416082085645482,0.03834153491780965,0.034404774369176,0.09971730708826301,0.09856559522563083
2020,11,Carabanchel,5,Puerta Bonita,115,2566,1218,1348,2446,1170,1276,1711,495,1216,1409,798,611,4277,3855,36061,0.07115720584565043,0.0678295111061812,0.047447380826932145,0.03907268239926791,0.11860458667258257,0.1069021935054491
2020,11,Carabanchel,6,Buenavista,116,2590,1583,1007,2167,1267,900,1576,629,947,1715,1184,531,4166,3882,48180,0.05375674553756746,0.04497716894977169,0.03271066832710668,0.03559568285595683,0.08646741386467414,0.08057285180572851
2020,11,Carabanchel,7,Abrantes,117,1901,938,963,1998,995,1003,1248,379,869,1267,752,515,3149,3265,32063,0.05928952375011696,0.062314817702647914,0.03892336961606836,0.039515952967595046,0.09821289336618533,0.10183077067024296
2020,12,Usera,1,Orcasitas,121,945,631,314,781,537,244,556,272,284,621,470,151,1501,1402,23229,0.04068190623789229,0.033621765896078175,0.023935597744199063,0.02673382409918636,0.06461750398209135,0.06035558999526454
2020,12,Usera,2,Orcasur,122,779,394,385,687,414,273,504,182,322,508,316,192,1283,1195,14181,0.0549326563712009,0.048445102602073194,0.03554051195261265,0.035822579507792114,0.09047316832381355,0.08426768210986531
2020,12,Usera,3,San Fermín,123,1288,689,599,1277,714,563,750,243,507,761,475,286,2038,2038,24051,0.05355286682466426,0.0530955053843915,0.03118373456405139,0.031641096004324146,0.08473660138871565,0.08473660138871565
2020,12,Usera,4,Almendrales,124,2120,1262,858,1804,862,942,1087,314,773,861,461,400,3207,2665,22253,0.0952680537455624,0.08106772120612951,0.048847346425201096,0.038691412393834536,0.1441154001707635,0.11975913359996405
2020,12,Usera,5,Moscardó,125,1924,868,1056,2144,1004,1140,1217,334,883,1099,575,523,3141,3243,27239,0.07063401740151988,0.07871067219795147,0.04467858585116928,0.04034656191490143,0.11531260325268916,0.11905723411285289
2020,12,Usera,6,Zofío,126,966,429,537,1015,460,555,693,160,533,542,298,244,1659,1557,14470,0.06675881133379406,0.07014512785072564,0.04789219073946095,0.03745680718728404,0.11465100207325502,0.10760193503800967
2020,12,Usera,7,Pradolongo,127,1404,505,899,1347,555,792,889,200,689,709,340,369,2293,2056,17937,0.07827395885599599,0.07509616992808162,0.049562357138874955,0.039527234208619054,0.12783631599487094,0.11462340413670068
2020,13,Puente de Vallecas,1,Entrevías,131,1929,1078,851,1910,1066,844,1210,350,860,1121,731,390,3139,3031,35601,0.05418387123957192,0.05365017836577624,0.03398780933119856,0.031487879553945115,0.08817168057077049,0.08513805791972136
2020,13,Puente de Vallecas,2,San Diego,132,3894,1680,2214,4239,1859,2380,2530,642,1888,2089,1125,964,6424,6328,44066,0.08836744882675986,0.09619661416965461,0.05741387918122816,0.04740616348204965,0.14578132800798801,0.14360277765170426
2020,13,Puente de Vallecas,3,Palomeras Bajas,133,1904,1032,872,2086,1149,937,1219,442,777,1176,781,395,3123,3262,41046,0.046386980460946255,0.050821030063830826,0.029698387175364226,0.02865078204940798,0.07608536763631048,0.07947181211323881
2020,13,Puente de Vallecas,4,Palomeras Sureste,134,2163,1247,916,1934,1151,783,1266,504,762,1402,986,416,3429,3336,43291,0.049964195791273015,0.04467441269547943,0.02924395370862304,0.03238548428079739,0.07920814949989605,0.07705989697627683
2020,13,Puente de Vallecas,5,Portazgo,135,1598,923,675,1536,937,599,902,342,560,930,615,315,2500,2466,29071,0.054968869319940834,0.05283615974682673,0.03102748443465997,0.0319906435967115,0.08599635375460081,0.08482680334353823
2020,13,Puente de Vallecas,6,Numancia,136,3246,1584,1662,3316,1682,1634,2141,656,1485,1865,1182,683,5387,5181,48586,0.06680936895401968,0.06825011320133371,0.04406619190713374,0.03838554316058124,0.11087556086115342,0.10663565636191495
2020,14,Moratalaz,1,Pavones,141,328,231,97,323,216,107,215,107,108,516,232,284,543,839,9379,0.034971745388634186,0.03443863951380744,0.022923552617549844,0.05501652628211963,0.05789529800618403,0.08945516579592708
2020,14,Moratalaz,2,Horcajo,142,190,136,54,198,174,24,100,61,39,135,118,17,290,333,6451,0.029452798015811504,0.030692915827003564,0.01550147263990079,0.020926988063866066,0.044954270655712295,0.05161990389086963
2020,14,Moratalaz,3,Marroquina,143,830,591,239,957,727,230,444,269,175,602,498,104,1274,1559,27308,0.03039402372931009,0.035044675552951515,0.016258971729896002,0.02204482203017431,0.04665299545920609,0.05708949758312582
2020,14,Moratalaz,4,Media Legua,144,753,494,259,803,501,302,400,200,200,458,358,100,1153,1261,17993,0.041849608180959265,0.04462846662591008,0.022230867559606515,0.02545434335574946,0.06408047574056577,0.07008280998165953
2020,14,Moratalaz,5,Fontarrón,145,939,568,371,857,482,375,476,165,311,546,384,162,1415,1403,17593,0.05337350082419144,0.04871255613027909,0.0270562155402717,0.031035070766782243,0.08042971636446314,0.07974762689706133
2020,14,Moratalaz,6,Vinateros,146,724,444,280,684,440,244,419,182,237,505,382,123,1143,1189,17183,0.04213466798579992,0.0398067857766397,0.024384566140953266,0.029389512890647732,0.06651923412675319,0.06919629866728744
2020,15,Ciudad Lineal,1,Ventas,151,2781,1520,1261,2887,1673,1214,1784,676,1108,1562,1032,530,4565,4449,49044,0.05670418399804258,0.05886550852295898,0.03637549955142321,0.03184895196150395,0.09307968354946579,0.09071446048446292
2020,15,Ciudad Lineal,2,Pueblo Nuevo,152,3543,1866,1677,3951,2066,1885,2333,838,1495,2071,1344,727,5876,6022,63732,0.05559216720015063,0.06199397476934664,0.03660641436013306,0.03249544969560032,0.09219858156028368,0.09448942446494697
2020,15,Ciudad Lineal,3,Quintana,153,1431,770,661,1547,885,662,975,412,563,982,648,334,2406,2529,25236,0.056704707560627676,0.06130131558091615,0.038635282929148834,0.03891266444761452,0.09533999048977651,0.10021398002853067
2020,15,Ciudad Lineal,4,La Concepción,154,1098,669,429,1137,662,475,689,311,378,747,532,215,1787,1884,21210,0.05176803394625177,0.05360678925035361,0.032484677039132485,0.03521923620933522,0.08425271098538425,0.08882602545968883
2020,15,Ciudad Lineal,5,San Pascual,155,702,506,196,739,566,173,446,250,196,500,406,94,1148,1239,18166,0.03864361994935594,0.04068039194098866,0.024551359682924143,0.0275239458328746,0.06319497963228009,0.06820433777386326
2020,15,Ciudad Lineal,6,San Juan Bautista,156,525,410,115,618,461,157,364,209,155,412,321,90,889,1030,12768,0.04111842105263158,0.048402255639097745,0.02850877192982456,0.03226817042606516,0.06962719298245613,0.0806704260651629
2020,15,Ciudad Lineal,7,Colina,157,317,238,79,395,313,82,207,116,91,224,176,48,524,619,6547,0.04841912326256301,0.060332976936001224,0.03161753474873988,0.034214143882694364,0.08003665801130289,0.09454712081869558
2020,15,Ciudad Lineal,8,Atalaya,158,78,65,13,87,78,9,83,49,34,64,56,8,161,151,1568,0.04974489795918367,0.05548469387755102,0.05293367346938776,0.04081632653061224,0.10267857142857142,0.09630102040816327
2020,15,Ciudad Lineal,9,Costillares,159,896,775,121,958,822,136,659,507,152,663,598,65,1555,1621,22322,0.040139772421826,0.042917301317086286,0.029522444225427828,0.029701639638025266,0.06966221664725383,0.07261894095511155
2020,16,Hortaleza,1,Palomas,161,338,263,75,258,187,71,176,86,90,184,144,40,514,442,6857,0.04929269359778329,0.0376257838704973,0.025667201400029167,0.026833892372757767,0.07495989499781246,0.06445967624325506
2020,16,Hortaleza,2,Piovera,162,602,434,168,791,575,216,519,252,267,391,313,78,1121,1182,14987,0.04016814572629612,0.052779075198505374,0.03463001267765397,0.026089277373723893,0.07479815840395009,0.07886835257222927
2020,16,Hortaleza,3,Canillas,163,1690,1152,538,1720,1214,506,987,517,470,1122,884,238,2677,2842,40940,0.04127992183683439,0.04201270151441133,0.024108451392281387,0.027405959941377626,0.06538837322911578,0.06941866145578895
2020,16,Hortaleza,4,Pinar del Rey,164,2475,1592,883,2351,1520,831,1368,653,715,1578,1140,438,3843,3929,53344,0.04639697060587882,0.04407243551289742,0.02564487102579484,0.029581583683263347,0.07204184163167367,0.07365401919616077
2020,16,Hortaleza,5,Apóstol Santiago,165,661,452,209,629,438,191,498,309,189,525,411,114,1159,1154,15613,0.0423365144430923,0.04028694037020432,0.03189649650931916,0.03362582463331839,0.07423301095241146,0.0739127650035227
2020,16,Hortaleza,6,Valdefuentes,166,3598,2838,760,2508,1892,616,2259,1350,909,2410,1944,466,5857,4918,62078,0.05795934147362995,0.04040078610779987,0.036389703276523085,0.038822127001514224,0.09434904475015303,0.07922291310931409
2020,17,Villaverde,1,"Villaverde Alto, Casco Histórico de Villaverde",171,2757,1450,1307,2392,1284,1108,1779,610,1169,1822,1103,719,4536,4214,46940,0.058734554750745634,0.05095867064337452,0.037899446101406054,0.03881550916063059,0.09663400085215168,0.08977417980400511
2020,17,Villaverde,2,San Cristóbal,172,1307,553,754,1313,595,717,1037,204,833,816,415,401,2344,2129,16992,0.07691854990583805,0.0772716572504708,0.061028719397363464,0.0480225988700565,0.1379472693032015,0.1252942561205273
2020,17,Villaverde,3,Butarque,173,1546,1189,357,955,660,295,623,312,311,575,417,158,2169,1530,20082,0.07698436410716064,0.047555024399960164,0.031022806493377155,0.02863260631411214,0.1080071706005378,0.07618763071407231
2020,17,Villaverde,4,Los Rosales,174,2002,1115,887,2049,1176,873,1249,382,867,1311,790,521,3251,3360,38252,0.05233713269894385,0.05356582662344453,0.03265188748300742,0.0342727177663913,0.08498902018195127,0.08783854438983582
2020,17,Villaverde,5,Ángeles,175,2057,1153,904,1753,931,822,1217,441,776,1008,644,364,3274,2761,32648,0.06300539083557952,0.05369394756187209,0.037276402842440576,0.030874785591766724,0.10028179367802009,0.08456873315363882
2020,18,Villa de Vallecas,1,Casco Histórico de Vallecas,181,2239,1286,953,2475,1457,1018,1279,433,846,1383,909,474,3518,3858,41118,0.05445303759910501,0.06019261637239166,0.031105598521328857,0.03363490442142127,0.08555863612043388,0.09382752079381293
2020,18,Villa de Vallecas,2,Santa Eugenia,182,903,658,245,749,543,206,385,203,182,701,541,160,1288,1450,24743,0.03649517035121044,0.030271187810693934,0.015559956351291274,0.028331245200662814,0.05205512670250172,0.058602433011356744
2020,18,Villa de Vallecas,3,Ensanche de Vallecas,183,3663,2580,1083,2486,1785,701,1799,990,809,2028,1625,403,5462,4514,48959,0.07481770460997977,0.05077718090647276,0.0367450315570171,0.04142241467350232,0.11156273616699687,0.09219959557997508
2020,19,Vicalvaro,1,Casco Histórico de Vicálvaro,191,1724,974,750,1626,907,719,1235,503,732,1139,742,397,2959,2765,35772,0.048194118304819414,0.045454545454545456,0.03452420887845242,0.031840545678184055,0.08271832718327184,0.0772950911327295
2020,19,Vicalvaro,2,Valdebernardo,192,562,365,197,615,432,183,356,165,191,478,378,100,918,1093,17882,0.03142825187339224,0.03439212616038474,0.01990828766357231,0.026730790739290907,0.05133653953696454,0.06112291689967565
2020,19,Vicalvaro,3,Valderrivas,193,523,437,86,502,441,61,229,155,74,462,396,66,752,964,18191,0.02875048100709142,0.027596063987686218,0.012588642735418614,0.025397174426914408,0.04133912374251003,0.05299323841460063
2020,19,Vicalvaro,4,El Cañaveral,194,1269,1087,182,37,25,12,753,671,82,58,39,19,2022,95,2390,0.5309623430962344,0.015481171548117154,0.31506276150627616,0.024267782426778243,0.8460251046025105,0.0397489539748954
2020,20,San Blas-Canillejas,1,Simancas,201,1780,1037,743,1857,1082,775,1207,446,761,1132,720,412,2987,2989,28761,0.06188936406939954,0.06456660060498592,0.041966551927958,0.039358854003685544,0.10385591599735754,0.10392545460867146
2020,20,San Blas-Canillejas,2,Hellín,202,653,372,281,481,299,182,370,125,245,320,224,96,1023,801,9383,0.06959394649898754,0.05126292230629863,0.03943301715869125,0.034104231056165404,0.10902696365767878,0.08536715336246403
2020,20,San Blas-Canillejas,3,Amposta,203,655,334,321,629,314,315,395,110,285,326,187,139,1050,955,8902,0.07357897101774882,0.07065827903841833,0.044372051224443945,0.03662098404852842,0.11795102224219277,0.10727926308694676
2020,20,San Blas-Canillejas,4,Arcos,204,1357,945,412,1103,722,381,640,294,346,615,454,160,1997,1718,24771,0.05478180129990715,0.04452787533809697,0.025836663840781558,0.02482741915950103,0.08061846514068871,0.069355294497598
2020,20,San Blas-Canillejas,5,Rosas,205,979,734,245,1035,787,248,547,275,272,687,541,146,1526,1722,31859,0.030729150318591292,0.03248689538278038,0.017169402680561222,0.021563765341033932,0.047898552999152515,0.05405066072381431
2020,20,San Blas-Canillejas,6,Rejas,206,1247,706,541,1218,674,544,778,356,422,943,591,352,2025,2161,17340,0.07191464821222607,0.07024221453287197,0.044867358708189156,0.05438292964244521,0.11678200692041522,0.12462514417531718
2020,20,San Blas-Canillejas,7,Canillejas,207,1618,898,720,1491,858,633,981,391,590,1021,671,350,2599,2512,29144,0.05551743068899259,0.05115975844084546,0.03366044468844359,0.0350329398847104,0.08917787537743618,0.08619269832555586
2020,20,San Blas-Canillejas,8,El Salvador,208,475,329,146,429,327,102,251,130,121,308,263,45,726,737,11509,0.041272047962464156,0.037275175949257104,0.021809019028586323,0.026761664784082023,0.06308106699105048,0.06403684073333912
2020,21,Barajas,1,Alameda de Osuna,211,794,624,170,696,575,121,384,267,117,569,497,72,1178,1265,19885,0.03992959517224038,0.035001257229067134,0.019311038471209456,0.028614533568016094,0.059240633643449836,0.06361579079708322
2020,21,Barajas,2,Aeropuerto,212,90,53,37,71,30,41,100,47,53,101,64,37,190,172,1912,0.04707112970711297,0.03713389121338912,0.05230125523012552,0.05282426778242678,0.09937238493723849,0.0899581589958159
2020,21,Barajas,3,Casco Histórico de Barajas,213,422,239,183,491,294,197,318,136,182,374,247,127,740,865,7707,0.05475541715323732,0.06370831711431167,0.041261191124951344,0.04852731283248994,0.09601660827818866,0.11223562994680161
2020,21,Barajas,4,Timón,214,947,755,192,549,395,154,425,248,177,412,304,108,1372,961,12887,0.07348490727089314,0.04260107084658959,0.03297897105610305,0.03197020252968107,0.10646387832699619,0.07457127337627066
2020,21,Barajas,5,Corralejos,215,405,334,71,386,325,61,188,124,64,251,211,40,593,637,7767,0.05214368482039398,0.049697437878202654,0.02420496974378782,0.032316209604737994,0.0763486545641818,0.08201364748294064
2021,1,Centro,1,Palacio,011,1990,1173,817,2193,1364,829,1932,826,1106,996,749,247,3922,3189,23729,0.08386362678578954,0.09241855956846054,0.08141936027645497,0.04197395591891778,0.1652829870622445,0.13439251548737832
2021,1,Centro,2,Embajadores,012,5212,2569,2643,5703,2884,2819,4348,1658,2690,2335,1573,762,9560,8038,47528,0.10966167311900353,0.11999242551758964,0.09148291533411884,0.04912893452280761,0.20114458845312236,0.16912136004039724
2021,1,Centro,3,Cortes,013,1068,578,490,1212,673,539,1299,450,849,558,403,155,2367,1770,10846,0.0984694818366218,0.11174626590448092,0.11976765627881246,0.05144753826295408,0.21823713811543427,0.163193804167435
2021,1,Centro,4,Justicia,014,1550,896,654,2037,1226,811,1873,782,1091,809,609,200,3423,2846,18304,0.08468094405594405,0.11128715034965035,0.10232736013986014,0.04419798951048951,0.1870083041958042,0.15548513986013987
2021,1,Centro,5,Universidad,015,3092,1620,1472,3826,2253,1573,3083,1229,1854,1456,1015,441,6175,5282,33580,0.09207861822513401,0.11393686718284693,0.0918106015485408,0.043359142346634905,0.1838892197736748,0.15729600952948183
2021,1,Centro,6,Sol,016,724,319,405,859,393,466,1116,307,809,395,251,144,1840,1254,8046,0.08998260004971415,0.10676112353964703,0.13870246085011187,0.049092716877951775,0.228685060899826,0.1558538404175988
2021,2,Arganzuela,1,Imperial,021,1411,1067,344,1292,1005,287,796,493,303,726,619,107,2207,2018,22702,0.06215311426306052,0.05691128534930843,0.035062990044929965,0.03197956127213462,0.09721610430799049,0.08889084662144305
2021,2,Arganzuela,2,Acacias,022,2069,1602,467,2068,1586,482,1230,798,432,1077,911,166,3299,3145,36544,0.05661668126094571,0.056589316987740806,0.03365805604203152,0.02947132224168126,0.09027473730297723,0.08606063922942207
2021,2,Arganzuela,3,Chopera,023,1461,986,475,1552,1035,517,967,521,446,772,604,168,2428,2324,20187,0.07237330955565463,0.07688116114331005,0.04790211522266805,0.03824243324912072,0.12027542477832268,0.11512359439243078
2021,2,Arganzuela,4,Legazpi,024,1363,1119,244,1279,1078,201,667,435,232,728,637,91,2030,2007,19660,0.06932858596134282,0.0650559511698881,0.03392675483214649,0.037029501525941,0.10325534079348932,0.1020854526958291
2021,2,Arganzuela,5,Delicias,025,2166,1563,603,2162,1497,665,1348,755,593,1054,831,223,3514,3216,28518,0.07595203029665475,0.07581176800617154,0.04726839189283961,0.036959113542324146,0.12322042218949436,0.11277088154849568
2021,2,Arganzuela,6,Palos de la Frontera,026,1831,1180,651,2265,1517,748,1542,800,742,1145,906,239,3373,3410,25931,0.07061046623732213,0.08734719062126413,0.05946550460838379,0.044155643823994443,0.1300759708457059,0.13150283444525857
2021,2,Arganzuela,7,Atocha,027,157,121,36,36,29,7,102,66,36,39,36,3,259,75,1450,0.10827586206896551,0.02482758620689655,0.0703448275862069,0.02689655172413793,0.17862068965517242,0.05172413793103448
2021,3,Retiro,1,Pacífico,031,2194,1576,618,2263,1674,589,1485,897,588,1056,863,193,3679,3319,33226,0.0660326250526696,0.06810931198459039,0.04469391440438211,0.03178233913200506,0.1107265394570517,0.09989165111659544
2021,3,Retiro,2,Adelfas,032,1206,976,230,1216,958,258,789,470,319,543,467,76,1995,1759,18719,0.0644265185106042,0.06496073508200224,0.042149687483305734,0.029007959826913832,0.10657620599390993,0.09396869490891607
2021,3,Retiro,3,Estrella,033,1027,884,143,1016,871,145,565,405,160,590,518,72,1592,1606,23134,0.04439353332756981,0.04391804270770295,0.02442292729316158,0.025503587792858995,0.06881646062073139,0.06942163050056194
2021,3,Retiro,4,Ibiza,034,1515,1061,454,1655,1201,454,1271,650,621,813,630,183,2786,2468,21685,0.06986396126354623,0.07632003689186073,0.05861194373991238,0.037491353470140654,0.12847590500345862,0.11381139036200139
2021,3,Retiro,5,Los Jerónimos,035,417,303,114,411,307,104,471,242,229,271,241,30,888,682,6967,0.05985359552174537,0.058992392708482846,0.06760442084110808,0.03889766039902397,0.12745801636285345,0.09789005310750681
2021,3,Retiro,6,Niño Jesús,036,848,740,108,879,735,144,461,282,179,417,366,51,1309,1296,15361,0.0552047392747868,0.05722283705487924,0.030011066987826313,0.027146670138662846,0.08521580626261312,0.08436950719354208
2021,4,Salamanca,1,Recoletos,041,1000,663,337,1369,1007,362,1600,653,947,583,472,111,2600,1952,15702,0.06368615462998344,0.08718634568844733,0.1018978474079735,0.037129028149280346,0.16558400203795695,0.12431537383772767
2021,4,Salamanca,2,Goya,042,2126,1333,793,2567,1711,856,2409,1119,1290,1085,838,247,4535,3652,29603,0.07181704556970578,0.08671418437320542,0.08137688747762051,0.036651690707022934,0.15319393304732629,0.12336587508022835
2021,4,Salamanca,3,Fuente del Berro,043,1583,1072,511,1680,1183,497,1178,637,541,755,591,164,2761,2435,21055,0.07518404179529803,0.07979102350985515,0.05594870577060081,0.03585846592258371,0.13113274756589885,0.11564948943243886
2021,4,Salamanca,4,Guindalera,044,3138,2230,908,3206,2342,864,2304,1192,1112,1494,1215,279,5442,4700,42126,0.07449081327446233,0.07610501827849785,0.054693063666144424,0.035465033471015525,0.12918387694060676,0.11157005174951337
2021,4,Salamanca,5,Lista,045,1583,1045,538,1807,1251,556,1618,713,905,787,644,143,3201,2594,20984,0.075438429279451,0.08611322912695386,0.07710636675562334,0.0375047655356462,0.15254479603507434,0.12361799466260008
2021,4,Salamanca,6,Castellana,046,1088,743,345,1548,1083,465,1682,608,1074,574,449,125,2770,2122,17197,0.06326684886898877,0.0900157004128627,0.09780775716694773,0.033377914752573123,0.1610746060359365,0.12339361516543583
2021,5,Chamartin,1,El Viso,051,1150,966,184,1434,1149,285,972,553,419,520,412,108,2122,1954,17405,0.06607296753806377,0.08239011778224647,0.05584602125825912,0.02987647227808101,0.1219189887963229,0.11226659006032749
2021,5,Chamartin,2,Prosperidad,052,2719,2007,712,2787,2075,712,1735,972,763,1294,1070,224,4454,4081,36499,0.07449519164908627,0.07635825639058605,0.04753554891914847,0.03545302611030439,0.12203074056823475,0.11181128250089044
2021,5,Chamartin,3,Ciudad Jardín,053,1462,1051,411,1574,1142,432,930,468,462,615,500,115,2392,2189,18690,0.07822364901016586,0.08421615837346175,0.04975922953451043,0.03290529695024077,0.1279828785446763,0.11712145532370251
2021,5,Chamartin,4,Hispanoamérica,054,2170,1795,375,2297,1906,391,1293,857,436,926,785,141,3463,3223,31771,0.06830128104246011,0.07229863712190363,0.040697491422995814,0.02914607661074565,0.10899877246545592,0.10144471373264927
2021,5,Chamartin,5,Nueva España,055,1735,1426,309,1996,1638,358,1056,650,406,769,635,134,2791,2765,24791,0.06998507522891372,0.08051308942761486,0.042596103424629904,0.03101932152797386,0.11258117865354363,0.11153241095558872
2021,5,Chamartin,6,Castilla,056,1135,905,230,1214,968,246,842,485,357,628,547,81,1977,1842,17180,0.06606519208381839,0.07066356228172294,0.0490104772991851,0.03655413271245635,0.1150756693830035,0.10721769499417928
2021,6,Tetuan,1,Bellas Vistas,061,2899,1416,1483,3091,1641,1450,1797,752,1045,1233,858,375,4696,4324,29568,0.09804518398268398,0.10453869047619048,0.060775162337662336,0.041700487012987016,0.15882034632034633,0.1462391774891775
2021,6,Tetuan,2,Cuatro Caminos,062,2837,1738,1099,3051,2011,1040,1980,1042,938,1309,1066,243,4817,4360,34986,0.08108957868861831,0.08720631109586692,0.05659406619790774,0.03741496598639456,0.13768364488652604,0.12462127708226148
2021,6,Tetuan,3,Castillejos,063,1710,1137,573,1840,1239,601,1244,666,578,860,682,178,2954,2700,20653,0.0827966881324747,0.08909117319517745,0.06023338013847867,0.04164043964557207,0.14303006827095338,0.13073161284074952
2021,6,Tetuan,4,Almenara,064,1797,1081,716,1774,1076,698,1245,596,649,918,705,213,3042,2692,22869,0.07857798766889676,0.07757225939044121,0.05444050898596353,0.04014167650531287,0.1330184966548603,0.11771393589575407
2021,6,Tetuan,5,Valdeacederas,065,2562,1334,1228,2737,1412,1325,1528,687,841,1244,887,357,4090,3981,26743,0.09580077029503048,0.10234453875780578,0.057136446920689525,0.046516845529671315,0.15293721721572,0.14886138428747708
2021,6,Tetuan,6,Berruguete,066,2583,1305,1278,2946,1550,1396,1552,634,918,1126,783,343,4135,4072,25796,0.10013180338036905,0.11420375251977051,0.06016436656846023,0.0436501783222205,0.16029616994882928,0.157853930841991
2021,7,Chamberi,1,Gaztambide,071,1546,1073,473,1829,1292,537,1599,897,702,891,743,148,3145,2720,23067,0.06702215285906273,0.07929076169419517,0.0693198075172324,0.03862660944206009,0.13634196037629515,0.11791737113625525
2021,7,Chamberi,2,Arapiles,072,1718,1203,515,2017,1463,554,1545,878,667,942,783,159,3263,2959,24377,0.07047626861385732,0.08274192886737498,0.06337941502235714,0.03864298313984493,0.13385568363621447,0.12138491200721992
2021,7,Chamberi,3,Trafalgar,073,2027,1327,700,2251,1561,690,1745,923,822,1082,879,203,3772,3333,24752,0.0818923723335488,0.09094214608920491,0.07049935358758888,0.04371363930187459,0.1523917259211377,0.1346557853910795
2021,7,Chamberi,4,Almagro,074,1331,929,402,1652,1202,450,1290,693,597,711,576,135,2621,2363,19655,0.06771813787840245,0.08404986008649198,0.0656321546680234,0.03617400152632918,0.13335029254642586,0.12022386161282117
2021,7,Chamberi,5,Ríos Rosas,075,2146,1599,547,2380,1855,525,1711,1010,701,1163,948,215,3857,3543,27352,0.07845861362971629,0.0870137467095642,0.06255484059666569,0.04251974261479965,0.14101345422638198,0.12953348932436384
2021,7,Chamberi,6,Vallehermoso,076,1097,882,215,1204,965,239,1016,672,344,672,575,97,2113,1876,20188,0.054339211412720426,0.059639389736477116,0.05032692688725976,0.033287101248266296,0.10466613829998019,0.09292649098474341
2021,8,Fuencarral-El Pardo,1,El Pardo,081,134,124,10,115,101,14,150,137,13,177,174,3,284,292,3463,0.038694773317932425,0.033208200981807684,0.04331504475887958,0.05111175281547791,0.08200981807681201,0.08431995379728559
2021,8,Fuencarral-El Pardo,2,Fuentelarreina,082,189,164,25,171,137,34,75,45,30,81,63,18,264,252,3373,0.05603320486214053,0.05069670916098429,0.02223539875481767,0.024014230655203084,0.0782686036169582,0.07471093981618737
2021,8,Fuencarral-El Pardo,3,Peñagrande,083,2405,1840,565,2289,1670,619,1226,748,478,1270,1034,236,3631,3559,44532,0.05400610796730441,0.0514012395580706,0.027530764394143536,0.0285188179286805,0.08153687236144795,0.0799200574867511
2021,8,Fuencarral-El Pardo,4,Pilar,084,3233,2198,1035,3233,2240,993,1753,957,796,1532,1230,302,4986,4765,46182,0.07000562989909488,0.07000562989909488,0.037958511974362306,0.03317309774370967,0.1079641418734572,0.10317872764280456
2021,8,Fuencarral-El Pardo,5,La Paz,085,1320,1077,243,1464,1190,274,774,522,252,907,775,132,2094,2371,33145,0.039825011313923665,0.04416955800271534,0.023351938452255243,0.02736461004676422,0.06317694976617891,0.07153416804947955
2021,8,Fuencarral-El Pardo,6,Valverde,086,4802,3340,1462,4302,2995,1307,2824,1413,1411,2955,2340,615,7626,7257,64336,0.07463939318577469,0.0668676946033325,0.04389455359363342,0.04593073862223328,0.11853394677940811,0.11279843322556578
2021,8,Fuencarral-El Pardo,7,Mirasierra,087,2422,2191,231,1745,1537,208,911,638,273,963,849,114,3333,2708,34633,0.06993330060924552,0.050385470505009675,0.026304391765079548,0.027805849911933706,0.09623769237432507,0.07819132041694338
2021,8,Fuencarral-El Pardo,8,El Goloso,088,1364,1185,179,1187,1040,147,765,558,207,802,735,67,2129,1989,19020,0.07171398527865405,0.06240799158780232,0.04022082018927445,0.04216614090431125,0.1119348054679285,0.10457413249211356
2021,9,Moncloa-Aravaca,1,Casa de Campo,091,789,607,182,783,556,227,460,313,147,465,365,100,1249,1248,13150,0.06,0.059543726235741445,0.0349809885931559,0.035361216730038024,0.09498098859315589,0.09490494296577946
2021,9,Moncloa-Aravaca,2,Argüelles,092,1728,1136,592,1835,1244,591,1900,1030,870,1056,857,199,3628,2891,24315,0.07106724244293645,0.07546781821920626,0.07814106518609912,0.04342998149290561,0.14920830762903559,0.11889779971211187
2021,9,Moncloa-Aravaca,3,Ciudad Universitaria,093,947,763,184,961,735,226,915,531,384,510,438,72,1862,1471,16234,0.05833435998521621,0.05919674756683504,0.05636318837008747,0.03141554761611433,0.11469754835530369,0.09061229518294936
2021,9,Moncloa-Aravaca,4,Valdezarza,094,1937,1338,599,1883,1272,611,1109,533,576,882,687,195,3046,2765,30223,0.06409026238295339,0.0623035436588029,0.036693908612646,0.029183072494457864,0.10078417099559937,0.09148661615326076
2021,9,Moncloa-Aravaca,5,Valdemarín,095,559,465,94,403,300,103,349,255,94,296,244,52,908,699,6888,0.08115563298490128,0.058507549361207896,0.0506678281068525,0.0429732868757259,0.13182346109175377,0.1014808362369338
2021,9,Moncloa-Aravaca,6,El Plantío,096,130,99,31,98,76,22,190,130,60,109,87,22,320,207,2911,0.04465819306080385,0.03366540707660598,0.06526966678117485,0.037444177258673994,0.1099278598419787,0.07110958433527997
2021,9,Moncloa-Aravaca,7,Aravaca,097,1385,1063,322,1173,866,307,1101,667,434,1323,1114,209,2486,2496,27647,0.05009585126776866,0.04242774984627627,0.03982348898614678,0.04785329330487937,0.08991934025391543,0.09028104315115563
2021,10,Latina,1,Los Cármenes,101,1206,656,550,1123,677,446,707,276,431,523,361,162,1913,1646,17655,0.06830926083262531,0.06360804304729538,0.0400453129425092,0.02962333616539224,0.10835457377513452,0.09323137921268762
2021,10,Latina,2,Puerta del Angel,102,3487,1824,1663,3596,1891,1705,2486,938,1548,1708,1132,576,5973,5304,42222,0.08258727677514092,0.08516886930983847,0.05887925725924873,0.0404528444886552,0.14146653403438966,0.12562171379849368
2021,10,Latina,3,Lucero,103,2487,1285,1202,2497,1276,1221,1588,600,988,1154,761,393,4075,3651,36736,0.06769925958188153,0.06797147212543554,0.043227351916376305,0.031413327526132406,0.11092661149825785,0.09938479965156795
2021,10,Latina,4,Aluche,104,3879,2059,1820,3929,2000,1929,2510,997,1513,2079,1432,647,6389,6008,67328,0.05761347433460076,0.05835610741444867,0.03728018060836502,0.030878683460076047,0.09489365494296578,0.08923479087452471
2021,10,Latina,5,Campamento,105,1355,624,731,1405,654,751,961,338,623,774,535,239,2316,2179,19669,0.06889013167929228,0.07143220295897097,0.048858609995424275,0.039351263409426,0.11774874167471656,0.11078346636839698
2021,10,Latina,6,Cuatro Vientos,106,434,294,140,340,283,57,276,160,116,268,218,50,710,608,5909,0.07344728380436621,0.05753934675918091,0.04670841089862921,0.045354543916060246,0.12015569470299543,0.10289389067524116
2021,10,Latina,7,Águilas,107,2398,1519,879,2312,1420,892,1578,759,819,1550,1157,393,3976,3862,51625,0.04645036319612591,0.04478450363196126,0.030566585956416464,0.03002421307506053,0.07701694915254237,0.07480871670702179
2021,11,Carabanchel,1,Comillas,111,1674,917,757,1929,1044,885,1182,474,708,883,604,279,2856,2812,22820,0.0733567046450482,0.08453111305872042,0.05179666958808063,0.03869412795793164,0.12515337423312883,0.12322524101665205
2021,11,Carabanchel,2,Opañel,112,3009,1496,1513,2993,1530,1463,1809,593,1216,1290,807,483,4818,4283,33834,0.08893420819294201,0.0884613111071703,0.05346692676006384,0.038127327540344036,0.14240113495300585,0.12658863864751432
2021,11,Carabanchel,3,San Isidro,113,3158,1630,1528,3272,1684,1588,2017,784,1233,1410,905,505,5175,4682,39889,0.07916969590613954,0.08202762666399258,0.050565318759557776,0.03534809095239289,0.1297350146656973,0.11737571761638547
2021,11,Carabanchel,4,Vista Alegre,114,4067,1916,2151,4128,1990,2138,2381,769,1612,1578,960,618,6448,5706,47261,0.08605404032923553,0.08734474513869787,0.05037980575950572,0.03338905228412433,0.13643384608874123,0.1207337974228222
2021,11,Carabanchel,5,Puerta Bonita,115,3103,1448,1655,3011,1363,1648,1897,597,1300,1428,849,579,5000,4439,36095,0.08596758553816318,0.08341875606039617,0.05255575564482615,0.03956226624186175,0.13852334118298934,0.12298102230225794
2021,11,Carabanchel,6,Buenavista,116,3380,2142,1238,2920,1718,1202,1853,763,1090,1850,1350,500,5233,4770,48194,0.07013321160310412,0.06058845499439764,0.038448769556376314,0.038386521143710835,0.10858198115948044,0.09897497613810848
2021,11,Carabanchel,7,Abrantes,117,2500,1248,1252,2578,1351,1227,1492,477,1015,1191,773,418,3992,3769,31664,0.07895401718039413,0.08141738251642243,0.04711975745325922,0.03761369378473977,0.12607377463365335,0.1190310763011622
2021,12,Usera,1,Orcasitas,121,1128,786,342,971,641,330,716,323,393,677,500,177,1844,1648,23194,0.04863326722428214,0.04186427524359748,0.030870052599810297,0.029188583254289902,0.07950331982409244,0.07105285849788738
2021,12,Usera,2,Orcasur,122,1019,596,423,897,498,399,686,247,439,486,333,153,1705,1383,14212,0.07169997185477062,0.06311567689276668,0.0482690683929074,0.03419645370109766,0.11996904024767802,0.09731213059386434
2021,12,Usera,3,San Fermín,123,1487,759,728,1499,819,680,893,331,562,800,516,284,2380,2299,23915,0.06217854902780682,0.06268032615513276,0.03734058122517248,0.033451808488396406,0.0995191302529793,0.09613213464352917
2021,12,Usera,4,Almendrales,124,2280,1158,1122,2080,945,1135,1293,407,886,876,506,370,3573,2956,22623,0.10078238960350086,0.0919418291119657,0.05715422357777483,0.03872165495292402,0.1579366131812757,0.1306634840648897
2021,12,Usera,5,Moscardó,125,2477,1143,1334,2621,1192,1429,1496,503,993,989,575,414,3973,3610,26758,0.09257044622169071,0.09795201435084834,0.05590851334180432,0.036960908887061814,0.14847895956349502,0.13491292323791015
2021,12,Usera,6,Zofío,126,1369,650,719,1462,711,751,659,203,456,501,292,209,2028,1963,14398,0.09508265036810667,0.1015418808167801,0.045770245867481595,0.03479649951382136,0.14085289623558828,0.13633838033060147
2021,12,Usera,7,Pradolongo,127,1798,757,1041,1919,826,1093,1051,273,778,758,342,416,2849,2677,17987,0.09996108300439206,0.10668816367376438,0.05843108911991994,0.042141546672596876,0.158392172124312,0.14882971034636125
2021,13,Puente de Vallecas,1,Entrevías,131,2439,1354,1085,2369,1334,1035,1255,444,811,1186,828,358,3694,3555,35386,0.06892556378228679,0.06694738031990052,0.035466003504210704,0.03351607980557283,0.10439156728649748,0.10046346012547334
2021,13,Puente de Vallecas,2,San Diego,132,5312,2529,2783,5629,2478,3151,3028,879,2149,2067,1179,888,8340,7696,43815,0.12123701928563277,0.12847198448020083,0.06910875271025904,0.04717562478603218,0.1903457719958918,0.17564760926623302
2021,13,Puente de Vallecas,3,Palomeras Bajas,133,2469,1421,1048,2611,1516,1095,1424,564,860,1199,819,380,3893,3810,40616,0.06078885168406539,0.06428501083316919,0.0350600748473508,0.029520386054756747,0.09584892653141619,0.09380539688792594
2021,13,Puente de Vallecas,4,Palomeras Sureste,134,2719,1750,969,2561,1553,1008,1577,606,971,1412,1045,367,4296,3973,43064,0.0631385844324726,0.059469626602266394,0.03661991454579231,0.032788407950956715,0.09975849897826491,0.09225803455322311
2021,13,Puente de Vallecas,5,Portazgo,135,1994,1121,873,2028,1141,887,1111,463,648,941,679,262,3105,2969,28849,0.06911851363998753,0.0702970640230164,0.038510866927796455,0.032618115012652084,0.10762938056778398,0.10291517903566848
2021,13,Puente de Vallecas,6,Numancia,136,4357,2101,2256,4563,2218,2345,2478,863,1615,1822,1171,651,6835,6385,48337,0.09013798953182862,0.09439973519250264,0.05126507644247678,0.037693692202660486,0.1414030659743054,0.13209342739516314
2021,14,Moratalaz,1,Pavones,141,456,297,159,485,325,160,302,141,161,291,204,87,758,776,8997,0.050683561187062354,0.053906857841502724,0.033566744470379016,0.03234411470490164,0.08425030565744136,0.08625097254640436
2021,14,Moratalaz,2,Horcajo,142,345,234,111,283,242,41,148,67,81,194,159,35,493,477,6396,0.053939962476547844,0.044246404002501565,0.023139462163852407,0.030331457160725453,0.07707942464040025,0.07457786116322701
2021,14,Moratalaz,3,Marroquina,143,1142,870,272,1146,875,271,559,338,221,586,501,85,1701,1732,26786,0.042634211901739716,0.04278354364220115,0.02086911072948555,0.021877099977600237,0.06350332263122527,0.0646606436198014
2021,14,Moratalaz,4,Media Legua,144,921,575,346,993,659,334,590,290,300,495,396,99,1511,1488,17724,0.051963439404197696,0.05602572782667569,0.0332881967953058,0.02792823290453622,0.0852516361995035,0.08395396073121192
2021,14,Moratalaz,5,Fontarrón,145,1231,698,533,1227,679,548,662,262,400,538,384,154,1893,1765,17372,0.07086115588303016,0.07063090029933226,0.03810729910200322,0.03096937600736818,0.10896845498503338,0.10160027630670043
2021,14,Moratalaz,6,Vinateros,146,1043,684,359,1123,723,400,593,259,334,492,368,124,1636,1615,16928,0.06161389413988658,0.0663397920604915,0.03503071833648393,0.029064272211720227,0.09664461247637052,0.09540406427221172
2021,15,Ciudad Lineal,1,Ventas,151,3685,2045,1640,3788,2217,1571,2288,943,1345,1761,1226,535,5973,5549,48631,0.07577471160370956,0.07789270218584854,0.04704817914498982,0.03621147004996813,0.12282289074869938,0.11410417223581666
2021,15,Ciudad Lineal,2,Pueblo Nuevo,152,4862,2625,2237,5114,2841,2273,2933,1108,1825,2157,1449,708,7795,7271,63038,0.07712808147466607,0.08112567023065452,0.04652749135442114,0.03421745613756782,0.12365557282908722,0.11534312636822235
2021,15,Ciudad Lineal,3,Quintana,153,2042,1139,903,2193,1281,912,1265,526,739,952,649,303,3307,3145,24757,0.08248172234115604,0.08858100739184877,0.0510966595306378,0.03845377065072505,0.13357838187179383,0.12703477804257382
2021,15,Ciudad Lineal,4,La Concepción,154,1470,935,535,1557,990,567,976,452,524,748,531,217,2446,2305,20831,0.07056790360520378,0.07474437136959339,0.046853247563727135,0.03590802169843022,0.11742115116893093,0.11065239306802362
2021,15,Ciudad Lineal,5,San Pascual,155,983,729,254,1020,756,264,554,296,258,574,478,96,1537,1594,17899,0.05491926923291804,0.05698642382255992,0.030951449801664897,0.032068830660930775,0.08587071903458293,0.08905525448349069
2021,15,Ciudad Lineal,6,San Juan Bautista,156,689,527,162,804,630,174,506,292,214,402,329,73,1195,1206,12544,0.05492665816326531,0.06409438775510204,0.040338010204081634,0.03204719387755102,0.09526466836734694,0.09614158163265306
2021,15,Ciudad Lineal,7,Colina,157,419,327,92,448,341,107,299,174,125,239,187,52,718,687,6389,0.06558146814838003,0.07012051964313665,0.046799186101111286,0.037408045077476915,0.11238065424949131,0.10752856472061355
2021,15,Ciudad Lineal,8,Atalaya,158,105,83,22,106,85,21,101,65,36,46,36,10,206,152,1581,0.06641366223908918,0.06704617330803289,0.06388361796331436,0.0290955091714105,0.13029728020240355,0.0961416824794434
2021,15,Ciudad Lineal,9,Costillares,159,1169,1031,138,1308,1124,184,747,556,191,750,648,102,1916,2058,22146,0.05278605617267226,0.05906258466540233,0.03373069628826876,0.03386616093199675,0.08651675246094102,0.09292874559739908
2021,16,Hortaleza,1,Palomas,161,468,393,75,398,344,54,254,140,114,209,171,38,722,607,6909,0.06773773339122884,0.057606021131857,0.03676364162686351,0.030250398031553046,0.10450137501809234,0.08785641916341004
2021,16,Hortaleza,2,Piovera,162,979,758,221,979,759,220,756,311,445,435,347,88,1735,1414,14870,0.06583725622057834,0.06583725622057834,0.05084061869535979,0.02925353059852051,0.11667787491593813,0.09509078681909885
2021,16,Hortaleza,3,Canillas,163,1969,1401,568,1945,1386,559,1217,620,597,1190,980,210,3186,3135,40431,0.048700254755014716,0.048106650837228856,0.03010066533105785,0.029432860923548763,0.07880092008607256,0.07753951176077763
2021,16,Hortaleza,4,Pinar del Rey,164,3452,2377,1074,3402,2400,1001,1796,881,915,1646,1265,381,5248,5048,52729,0.06546682091448729,0.06451857611561,0.03406095317567183,0.031216218779039996,0.09952777409015912,0.09573479489465
2021,16,Hortaleza,5,Apóstol Santiago,165,808,512,296,746,505,241,667,403,264,565,429,136,1475,1311,15538,0.05200154460033466,0.04801132706912087,0.04292701763418715,0.03636246621186768,0.09492856223452181,0.08437379328098854
2021,16,Hortaleza,6,Valdefuentes,166,5107,4010,1097,3639,2861,778,3211,1826,1385,2853,2348,505,8318,6492,63433,0.08051014456197877,0.0573676162249933,0.05062033957088582,0.04497658947235666,0.1311304841328646,0.10234420569734996
2021,17,Villaverde,1,"Villaverde Alto, Casco Histórico de Villaverde",171,3592,1950,1642,3364,1787,1577,2154,720,1434,1977,1276,701,5746,5341,46836,0.07669314202750022,0.07182509180971902,0.04599026389956444,0.04221111965155009,0.12268340592706466,0.1140362114612691
2021,17,Villaverde,2,San Cristóbal,172,1653,700,953,1715,741,974,1152,253,899,842,457,385,2805,2557,17059,0.09689899759657658,0.10053344275748871,0.06753033589307697,0.04935811008851632,0.16442933348965355,0.14989155284600506
2021,17,Villaverde,3,Butarque,173,1356,902,454,1068,677,391,700,353,347,746,573,173,2056,1814,20766,0.0652990465183473,0.051430222479052295,0.03370894731773091,0.03592410671289608,0.09900799383607821,0.08735432919194838
2021,17,Villaverde,4,Los Rosales,174,2527,1298,1229,2593,1386,1207,1661,565,1096,1317,834,483,4188,3910,37961,0.06656832011801586,0.06830694660309265,0.04375543320776586,0.03469350122494139,0.11032375332578172,0.10300044782803404
2021,17,Villaverde,5,Ángeles,175,2623,1447,1176,2079,1108,971,1454,610,844,1083,714,369,4077,3162,32828,0.07990130376507859,0.06333008407457048,0.04429145851102717,0.03299013037650786,0.12419276227610576,0.09632021445107834
2021,18,Villa de Vallecas,1,Casco Histórico de Vallecas,181,2719,1617,1102,2898,1745,1153,1537,591,946,1400,942,458,4256,4298,40384,0.06732864500792393,0.07176109350237718,0.03805962757527734,0.03466719492868463,0.10538827258320127,0.10642828843106181
2021,18,Villa de Vallecas,2,Santa Eugenia,182,1056,735,321,954,664,290,626,328,298,665,548,117,1682,1619,24395,0.043287558926009426,0.039106374257019884,0.025660996105759375,0.027259684361549498,0.0689485550317688,0.06636605861856938
2021,18,Villa de Vallecas,3,Ensanche de Vallecas,183,4817,3373,1444,3589,2595,994,2242,1165,1077,2535,1979,556,7059,6124,50396,0.09558298277641082,0.07121596952139059,0.044487657750615126,0.05030161123898722,0.14007064052702595,0.1215175807603778
2021,19,Vicalvaro,1,Casco Histórico de Vicálvaro,191,2475,1349,1126,2441,1348,1093,1423,543,880,1232,806,426,3898,3673,35675,0.06937631394533987,0.06842326559215137,0.03988787666433077,0.03453398738612474,0.10926419060967064,0.1029572529782761
2021,19,Vicalvaro,2,Valdebernardo,192,728,453,275,800,547,253,528,242,286,444,347,97,1256,1244,17628,0.04129793510324484,0.04538234626730202,0.029952348536419333,0.02518720217835262,0.07125028363966417,0.07056954844565463
2021,19,Vicalvaro,3,Valderrivas,193,813,703,110,704,625,79,364,267,97,558,508,50,1177,1262,18008,0.0451466015104398,0.03909373611728121,0.020213238560639717,0.030986228342958683,0.06535984007107952,0.0700799644602399
2021,19,Vicalvaro,4,El Cañaveral,194,2917,2497,420,167,112,55,1617,1356,261,128,102,26,4534,295,4421,0.659805473874689,0.03777425921737163,0.3657543542185026,0.028952725627686044,1.0255598280931917,0.06672698484505768
2021,20,San Blas-Canillejas,1,Simancas,201,2572,1469,1103,2493,1467,1026,1364,555,809,1150,780,370,3936,3643,28616,0.08987978753145094,0.08711909421302767,0.0476656415991054,0.04018730779983226,0.13754542913055634,0.12730640201285995
2021,20,San Blas-Canillejas,2,Hellín,202,757,417,340,743,425,318,421,146,275,327,223,104,1178,1070,9419,0.08036946597303322,0.07888310861025587,0.04469688926637647,0.03471706125915702,0.1250663552394097,0.11360016986941289
2021,20,San Blas-Canillejas,3,Amposta,203,805,416,389,824,459,365,449,140,309,383,240,143,1254,1207,8926,0.0901859735603854,0.09231458660094106,0.05030248711628949,0.04290835760699081,0.1404884606766749,0.13522294420793188
2021,20,San Blas-Canillejas,4,Arcos,204,2045,1512,533,1429,933,496,820,375,445,799,592,207,2865,2228,24705,0.08277676583687513,0.05784254199554746,0.03319166160696215,0.03234163124873508,0.11596842744383729,0.09018417324428253
2021,20,San Blas-Canillejas,5,Rosas,205,1230,949,281,1446,1185,261,591,339,252,757,620,137,1821,2203,31611,0.038910505836575876,0.04574357027616969,0.018696023536110846,0.023947360096169056,0.057606529372686725,0.06969093037233874
2021,20,San Blas-Canillejas,6,Rejas,206,1617,1019,598,1629,1002,627,1067,451,616,909,619,290,2684,2538,17200,0.09401162790697674,0.09470930232558139,0.06203488372093023,0.05284883720930233,0.15604651162790698,0.14755813953488373
2021,20,San Blas-Canillejas,7,Canillejas,207,2079,1149,930,1983,1140,843,1205,498,707,1135,780,355,3284,3118,29065,0.07152933081025288,0.06822638912781696,0.04145879924307586,0.039050404266299674,0.11298813005332875,0.10727679339411664
2021,20,San Blas-Canillejas,8,El Salvador,208,570,418,152,513,400,113,288,152,136,323,266,56,858,836,11409,0.04996055745464107,0.044964501709176964,0.025243229029713384,0.02831098255762994,0.07520378648435445,0.07327548426680691
2021,21,Barajas,1,Alameda de Osuna,211,1032,848,184,895,733,162,518,317,201,533,450,83,1550,1428,19751,0.052250518961065265,0.045314161308288185,0.02622652017619361,0.026985975393650954,0.07847703913725887,0.07230013670193915
2021,21,Barajas,2,Aeropuerto,212,87,45,42,90,43,47,119,55,64,105,82,23,206,195,1924,0.04521829521829522,0.04677754677754678,0.061850311850311854,0.05457380457380458,0.10706860706860707,0.10135135135135136
2021,21,Barajas,3,Casco Histórico de Barajas,213,588,352,236,601,386,215,418,199,219,421,283,138,1006,1022,7540,0.0779840848806366,0.07970822281167109,0.055437665782493366,0.05583554376657825,0.13342175066312997,0.13554376657824935
2021,21,Barajas,4,Timón,214,867,698,169,858,656,202,392,220,172,430,327,103,1259,1288,13366,0.06486607810863385,0.06419272781684872,0.029328146042196617,0.0321711806075116,0.09419422415083047,0.09636390842436032
2021,21,Barajas,5,Corralejos,215,421,360,61,423,385,38,226,163,63,227,194,33,647,650,7690,0.054746423927178156,0.05500650195058517,0.029388816644993498,0.02951885565669701,0.08413524057217166,0.08452535760728218
2022,1,Centro,1,Palacio,011,1457,911,546,1878,1146,732,2236,911,1325,862,650,212,3693,2740,23487,0.06203431685613318,0.07995912632520118,0.09520160088559629,0.03670115382977818,0.15723591774172946,0.11666028015497935
2022,1,Centro,2,Embajadores,012,3639,1770,1869,4704,2428,2276,5071,1726,3345,2212,1373,839,8710,6916,46656,0.07799639917695474,0.10082304526748971,0.10868912894375857,0.04741083676268861,0.18668552812071332,0.14823388203017832
2022,1,Centro,3,Cortes,013,648,322,326,983,508,475,1251,424,827,444,278,166,1899,1427,10865,0.05964104924068109,0.09047399907961344,0.11514035895075932,0.040865163368614815,0.17478140819144042,0.13133916244822827
2022,1,Centro,4,Justicia,014,1171,645,526,1567,940,627,2077,742,1335,766,536,230,3248,2333,18070,0.06480354178195905,0.08671831765356945,0.11494189263973437,0.0423907028223575,0.1797454344216934,0.12910902047592696
2022,1,Centro,5,Universidad,015,2203,1160,1043,2858,1607,1251,3208,1270,1938,1348,936,412,5411,4206,32956,0.066846704697172,0.08672168952542784,0.09734191042602258,0.040903022211433424,0.16418861512319458,0.12762471173686127
2022,1,Centro,6,Sol,016,561,242,319,869,392,477,1200,314,886,349,171,178,1761,1218,8147,0.0688597029581441,0.1066650300724193,0.14729348226340985,0.042837854424941695,0.21615318522155394,0.149502884497361
2022,2,Arganzuela,1,Imperial,021,1066,816,250,1172,888,284,1037,611,426,657,540,117,2103,1829,22503,0.04737146158290006,0.05208194462960494,0.046082744522952496,0.029196107185708572,0.09345420610585255,0.08127805181531352
2022,2,Arganzuela,2,Acacias,022,1885,1445,440,1851,1464,387,1564,925,639,941,755,186,3449,2792,36133,0.052168377937065843,0.05122740984695431,0.04328453214513049,0.026042675670439764,0.095452910082196335,0.07727008551739407
2022,2,Arganzuela,3,Chopera,023,1242,820,422,1336,886,450,1221,585,636,722,535,187,2463,2058,19803,0.0627177700348432,0.06746452557693279,0.06165732464778064,0.03645912235519871,0.12437509468262384,0.10392364793213149
2022,2,Arganzuela,4,Legazpi,024,1008,833,175,1018,843,175,755,432,323,627,524,103,1763,1645,19493,0.05171087056892218,0.05222387523726466,0.038731852459857385,0.03216539270507362,0.09044272302877956,0.08438926794233828
2022,2,Arganzuela,5,Delicias,025,1761,1198,563,1715,1175,540,1725,898,827,1048,805,243,3486,2763,28310,0.06220416813846697,0.060579300600494525,0.0609325326739668,0.03701872129989403,0.12313670081243377,0.09759802190038855
2022,2,Arganzuela,6,Palos de la Frontera,026,1515,995,520,1871,1191,680,1908,991,917,874,639,235,3423,2745,25162,0.06020984023527542,0.07435815912884508,0.07582863047452508,0.03473491773308958,0.1360384707098005,0.10909307686193466
2022,2,Arganzuela,7,Atocha,027,290,247,43,54,40,14,127,67,60,46,42,4,417,100,1620,0.17901234567901234,0.03333333333333333,0.07839506172839507,0.028395061728395062,0.2574074074074074,0.06172839506172839
2022,3,Retiro,1,Pacífico,031,1977,1427,550,2078,1525,553,1949,1028,921,1005,801,204,3926,3083,32819,0.06023949541424175,0.06331698101709375,0.05938633108869862,0.030622505256101648,0.11962582650294037,0.0939394862731954
2022,3,Retiro,2,Adelfas,032,1034,780,254,976,735,241,851,462,389,562,445,117,1885,1538,18744,0.05516431924882629,0.052069995731967564,0.045401195049082375,0.029982927870251815,0.10056551429790866,0.08205292360221937
2022,3,Retiro,3,Estrella,033,983,840,143,1012,862,150,666,394,272,461,412,49,1649,1473,22831,0.04305549472208839,0.044325697516534535,0.029170864175901187,0.02019184442205773,0.07222635889798958,0.06451754193859227
2022,3,Retiro,4,Ibiza,034,1200,829,371,1381,990,391,1431,617,814,688,547,141,2631,2069,21452,0.055938840201379826,0.06437628193175461,0.06670706694014544,0.03207160171545777,0.12264590714152526,0.09644788364721238
2022,3,Retiro,5,Los Jerónimos,035,286,182,104,456,335,121,498,267,231,288,237,51,784,744,6968,0.041044776119402986,0.06544202066590127,0.07146957520091848,0.04133180252583238,0.11251435132032148,0.10677382319173363
2022,3,Retiro,6,Niño Jesús,036,732,623,109,785,683,102,538,290,248,327,280,47,1270,1112,15158,0.048291331310199234,0.05178783480670273,0.03549280907771474,0.021572766855785724,0.08378414038791397,0.07336060166248845
2022,4,Salamanca,1,Recoletos,041,784,508,276,1234,875,359,1380,555,825,529,417,112,2164,1763,15709,0.049907696225093896,0.07855369533388504,0.08784773060029283,0.03367496339677892,0.13775542682538672,0.11222865873066395
2022,4,Salamanca,2,Goya,042,1571,972,599,2253,1526,727,2581,1075,1506,1026,750,276,4152,3279,29564,0.0531389527804086,0.07620754972263563,0.08730212420511432,0.03470437017994859,0.14044107698552294,0.11091191990258423
2022,4,Salamanca,3,Fuente del Berro,043,1230,833,397,1417,1000,417,1415,673,742,700,543,157,2645,2117,20909,0.05882634272322923,0.06776985986895595,0.06767420727916208,0.03347840642785403,0.12650055000239133,0.10124826629680998
2022,4,Salamanca,4,Guindalera,044,2481,1779,702,2613,1842,771,2539,1204,1335,1267,961,306,5020,3880,41864,0.0592633288744506,0.06241639594878655,0.060648767437416394,0.030264666539270017,0.119912096311867,0.09268106248805656
2022,4,Salamanca,5,Lista,045,1229,777,452,1544,1039,505,1901,765,1136,676,517,159,3130,2220,20845,0.05895898296953706,0.07407052050851523,0.09119692971935715,0.032429839289997604,0.15015591268889422,0.10650035979851283
2022,4,Salamanca,6,Castellana,046,873,555,318,1373,952,421,1732,584,1148,509,396,113,2605,1882,17050,0.05120234604105572,0.08052785923753665,0.10158357771260997,0.029853372434017596,0.15278592375366568,0.11038123167155425
2022,5,Chamartin,1,El Viso,051,942,785,157,1072,882,190,964,491,473,403,323,80,1906,1475,17192,0.054792926942764074,0.062354583527221966,0.056072591903210796,0.023441135411819452,0.11086551884597487,0.08579571893904142
2022,5,Chamartin,2,Prosperidad,052,2058,1468,590,2344,1702,642,2110,1045,1065,1070,861,209,4168,3414,36085,0.05703200775945684,0.06495773867257863,0.0584730497436608,0.029652210059581543,0.11550505750311764,0.09460994873216018
2022,5,Chamartin,3,Ciudad Jardín,053,1103,787,316,1217,897,320,1124,559,565,562,452,110,2227,1779,18435,0.05983184160564144,0.06601573094656903,0.06097097911581231,0.030485489557906156,0.12080282072145376,0.09650122050447518
2022,5,Chamartin,4,Hispanoamérica,054,1715,1455,260,1999,1658,341,1495,836,659,778,658,120,3210,2777,31513,0.05442198457779329,0.0634341382921334,0.047440738742741094,0.02468822390759369,0.10186272332053438,0.08812236219972709
2022,5,Chamartin,5,Nueva España,055,1495,1235,260,1695,1421,274,1250,646,604,628,527,101,2745,2323,24386,0.06130566718609038,0.06950709423439679,0.051258919051915035,0.02575248093168211,0.11256458623800542,0.0952595751660789
2022,5,Chamartin,6,Castilla,056,955,721,234,1132,901,231,1088,561,527,564,443,121,2043,1696,17042,0.05603802370613778,0.06642412862340101,0.06384227203379884,0.03309470719399132,0.11988029573993662,0.09951883581739232
2022,6,Tetuan,1,Bellas Vistas,061,2242,1128,1114,2627,1411,1216,2577,979,1598,1124,734,390,4819,3751,29055,0.07716399931165031,0.09041473068318706,0.08869385647909138,0.0386852521080709,0.1658578557907417,0.12909998279125795
2022,6,Tetuan,2,Cuatro Caminos,062,2103,1372,731,2491,1635,856,2617,1272,1345,1227,919,307,4720,3718,34553,0.060863022024136834,0.07209214829392527,0.07573872022689782,0.03551066477585159,0.13660174225103464,0.10760281306977687
2022,6,Tetuan,3,Castillejos,063,1493,1020,473,1548,1084,464,1580,793,787,778,580,198,3073,2326,20340,0.07340216322517207,0.07610619469026549,0.0776794493608653,0.03824975417895772,0.15108161258603736,0.1143559488692232
2022,6,Tetuan,4,Almenara,064,1332,768,564,1493,890,603,1908,718,1190,881,609,272,3240,2374,22650,0.05880794701986755,0.06591611479028697,0.08423841059602649,0.038896247240618104,0.14304635761589404,0.10481236203090508
2022,6,Tetuan,5,Valdeacederas,065,2215,1177,1038,2346,1241,1104,2199,778,1421,1143,753,390,4414,3489,26209,0.08451295356556908,0.08951123659811515,0.08390247624861688,0.043610973329772214,0.16841542981418597,0.13312220992788737
2022,6,Tetuan,6,Berruguete,066,2227,1177,1050,2305,1265,1040,2374,818,1556,982,679,303,4601,3287,25043,0.08892704548177136,0.09204168829613066,0.09479694924729465,0.039212554406420956,0.183723994729066,0.13125424270255162
2022,7,Chamberi,1,Gaztambide,071,1220,847,373,1495,1068,427,1991,1076,915,843,668,175,3211,2338,22754,0.05361694647095016,0.06570273358530368,0.08750109870791949,0.03704843104509097,0.14111804517886964,0.10275116463039466
2022,7,Chamberi,2,Arapiles,072,1316,927,389,1691,1201,490,2016,1141,875,853,661,192,3332,2544,24050,0.05471933471933472,0.07031185031185032,0.08382536382536382,0.03546777546777547,0.13854469854469856,0.10577962577962578
2022,7,Chamberi,3,Trafalgar,073,1463,934,529,1898,1303,595,2095,995,1100,874,699,175,3558,2772,24580,0.05951993490642799,0.0772172497965826,0.08523189585028479,0.035557363710333606,0.14475183075671277,0.11277461350691619
2022,7,Chamberi,4,Almagro,074,966,668,298,1284,930,354,1501,669,832,634,489,145,2467,1918,19418,0.04974765681326604,0.06612421464620455,0.07729941291585127,0.032650118446801935,0.1270470697291173,0.09877433309300648
2022,7,Chamberi,5,Ríos Rosas,075,1537,1097,440,1973,1442,531,2209,1215,994,872,702,170,3746,2845,26971,0.05698713432946498,0.07315264543398466,0.08190278447221089,0.032331022209039335,0.13888991880167587,0.10548366764302398
2022,7,Chamberi,6,Vallehermoso,076,969,774,195,1159,951,208,1197,722,475,672,585,87,2166,1831,19954,0.0485616918913501,0.05808359226220307,0.05998797233637366,0.033677458153753635,0.10854966422772376,0.0917610504159567
2022,8,Fuencarral-El Pardo,1,El Pardo,081,157,130,27,158,134,24,236,188,48,160,147,13,393,318,3412,0.046014067995310666,0.04630715123094959,0.06916764361078546,0.04689331770222743,0.11518171160609614,0.09320046893317702
2022,8,Fuencarral-El Pardo,2,Fuentelarreina,082,188,170,18,118,96,22,99,42,57,74,60,14,287,192,3351,0.056102655923604895,0.035213369143539244,0.02954341987466428,0.02208296031035512,0.08564607579826918,0.05729632945389436
2022,8,Fuencarral-El Pardo,3,Peñagrande,083,2513,1949,564,2127,1607,520,1759,870,889,1194,947,247,4272,3321,44021,0.05708639058631108,0.048317848299675156,0.03995820176733832,0.02712341836850594,0.0970445923536494,0.0754412666681811
2022,8,Fuencarral-El Pardo,4,Pilar,084,2750,1809,941,2640,1791,849,2515,1039,1476,1523,1139,384,5265,4163,45495,0.0604462028794373,0.058028354764259805,0.05528080008792175,0.03347620617650291,0.11572700296735905,0.09150456094076272
2022,8,Fuencarral-El Pardo,5,La Paz,085,1331,1110,221,1402,1175,227,968,583,385,779,654,125,2299,2181,32423,0.04105110569657342,0.04324090923110138,0.029855349597507942,0.024026154273201122,0.07090645529408136,0.0672670635043025
2022,8,Fuencarral-El Pardo,6,Valverde,086,4095,2708,1387,3723,2556,1167,3991,1566,2425,2592,1997,595,8086,6315,63776,0.0642091068740592,0.05837619167084797,0.06257839939789263,0.040642247867536375,0.12678750627195184,0.09901843953838435
2022,8,Fuencarral-El Pardo,7,Mirasierra,087,1902,1658,244,1622,1414,208,909,592,317,789,701,88,2811,2411,35251,0.053955916144222855,0.0460128790672605,0.025786502510567078,0.022382343763297494,0.07974241865478994,0.068395222830558
2022,8,Fuencarral-El Pardo,8,El Goloso,088,1044,902,142,1031,897,134,743,523,220,737,659,78,1787,1768,19107,0.054639660857277436,0.05395928193855655,0.03888627204689381,0.03857225100748417,0.09352593290417124,0.09253153294604072
2022,9,Moncloa-Aravaca,1,Casa de Campo,091,612,479,133,618,484,134,568,331,237,346,277,69,1180,964,12853,0.04761534272154361,0.04808215980704894,0.044192017427837856,0.026919785264140666,0.09180736014938147,0.07500194507118961
2022,9,Moncloa-Aravaca,2,Argüelles,092,1320,837,483,1557,1031,526,2072,1019,1053,886,666,220,3392,2443,24265,0.05439934061405316,0.06416649495157635,0.08539048011539255,0.03651349680609932,0.1397898207294457,0.10067999175767567
2022,9,Moncloa-Aravaca,3,Ciudad Universitaria,093,825,657,168,912,637,275,1012,524,488,498,404,94,1837,1410,16253,0.05075985971820587,0.05611271765212576,0.0622654279209992,0.030640497138989725,0.11302528763920507,0.08675321479111549
2022,9,Moncloa-Aravaca,4,Valdezarza,094,1980,1345,635,1680,1132,548,1651,662,989,860,658,202,3631,2540,29875,0.06627615062761506,0.05623430962343096,0.05526359832635983,0.02878661087866109,0.1215397489539749,0.08502092050209205
2022,9,Moncloa-Aravaca,5,Valdemarín,095,369,308,61,303,248,55,318,192,126,257,206,51,687,560,7057,0.05228850786453167,0.04293609182372113,0.04506164092390534,0.036417741249822874,0.09735014878843701,0.079353833073544
2022,9,Moncloa-Aravaca,6,El Plantío,096,141,115,26,111,93,18,159,105,54,121,89,32,300,232,3010,0.046843853820598004,0.036877076411960134,0.052823920265780734,0.04019933554817276,0.09966777408637874,0.07707641196013289
2022,9,Moncloa-Aravaca,7,Aravaca,097,1249,969,280,1089,808,281,1393,741,652,1182,952,230,2642,2271,27394,0.04559392567715558,0.0397532306344455,0.050850551215594654,0.04314813462802074,0.09644447689275024,0.08290136526246623
2022,10,Latina,1,Los Cármenes,101,1125,646,479,1068,589,479,1183,346,837,577,389,188,2308,1645,17591,0.06395315786481724,0.06071286453299983,0.06725029844807004,0.03280086407822182,0.13120345631288727,0.09351372861122165
2022,10,Latina,2,Puerta del Angel,102,3416,2003,1413,3199,1665,1534,4218,1571,2647,1615,996,619,7634,4814,41558,0.08219837335771693,0.0769767553780259,0.10149670340247365,0.03886135040184802,0.1836950767601906,0.11583810577987391
2022,10,Latina,3,Lucero,103,2140,1111,1029,2295,1196,1099,2658,646,2012,1158,750,408,4798,3453,36172,0.059161782594271815,0.06344686497843637,0.07348225146522172,0.032013712263629326,0.13264403405949354,0.09546057724206569
2022,10,Latina,4,Aluche,104,3867,2009,1857,3840,1969,1871,4264,1119,3145,2177,1348,829,8131,6017,66022,0.05857138529581049,0.05816243070491654,0.06458453242858442,0.03297385719911545,0.1231559177243949,0.09113628790403198
2022,10,Latina,5,Campamento,105,1241,515,726,1228,516,712,1645,412,1233,867,589,278,2886,2095,19392,0.06399546204620463,0.06332508250825082,0.08482879537953796,0.04470915841584158,0.14882425742574257,0.1080342409240924
2022,10,Latina,6,Cuatro Vientos,106,338,251,87,278,175,102,394,219,175,259,193,66,732,537,5975,0.05656903765690376,0.04652719665271966,0.06594142259414226,0.04334728033472803,0.12251046025104602,0.0898744769874477
2022,10,Latina,7,Águilas,107,2532,1555,977,2415,1502,913,2540,824,1716,1536,1100,436,5072,3951,50853,0.049790572827561795,0.04748982360922659,0.04994788901343087,0.03020470768686213,0.09973846184099266,0.07769453129608872
2022,11,Carabanchel,1,Comillas,111,1468,827,641,1551,868,683,1777,545,1232,777,467,310,3245,2328,22285,0.06587390621494278,0.06959838456360781,0.07973973524792462,0.03486650213147857,0.1456136414628674,0.10446488669508638
2022,11,Carabanchel,2,Opañel,112,2404,1235,1169,2700,1297,1403,2895,665,2230,1298,732,566,5299,3998,33402,0.0719717382192683,0.08083348302496857,0.08667145679899407,0.038859948506077484,0.15864319501826238,0.11969343153104604
2022,11,Carabanchel,3,San Isidro,113,2857,1351,1506,2972,1500,1472,3237,846,2391,1446,865,581,6094,4418,39528,0.07227787897186805,0.07518720906699049,0.08189131754705525,0.03658166363084396,0.1541691965189233,0.11176887269783445
2022,11,Carabanchel,4,Vista Alegre,114,3756,1754,2002,3886,1836,2050,4200,873,3327,1745,938,807,7956,5631,46626,0.08055591300990864,0.0833440569639257,0.09007849697593617,0.03742547076738301,0.1706344099858448,0.12076952773130871
2022,11,Carabanchel,5,Puerta Bonita,115,2798,1330,1468,2614,1197,1417,3400,678,2722,1388,777,611,6198,4002,35482,0.07885688518121865,0.07367115720647088,0.09582323431599121,0.03911842624429288,0.17468011949720985,0.11278958345076377
2022,11,Carabanchel,6,Buenavista,116,3167,1969,1198,2396,1468,928,2880,806,2074,1667,1100,567,6047,4063,47938,0.06606449997913973,0.049981225749926986,0.06007760023363511,0.0347740831907881,0.12614210021277483,0.08475530894071509
2022,11,Carabanchel,7,Abrantes,117,2272,1099,1173,2269,1101,1168,2580,460,2120,1142,570,572,4852,3411,31018,0.07324779160487459,0.07315107357018505,0.0831775098330002,0.036817331871816364,0.15642530143787478,0.10996840544200141
2022,12,Usera,1,Orcasitas,121,1116,756,360,970,617,352,955,338,617,762,552,210,2071,1732,23073,0.04836822259784163,0.04204048021496988,0.041390369696181685,0.03302561435444026,0.08975859229402332,0.07506609456941013
2022,12,Usera,2,Orcasur,122,759,400,359,873,520,353,982,254,728,528,316,212,1741,1401,14293,0.053102917512068845,0.06107884978660883,0.06870496047016021,0.036941160008395715,0.12180787798222906,0.09802000979500455
2022,12,Usera,3,San Fermín,123,1355,649,706,1525,780,745,1454,334,1120,774,412,362,2809,2299,23530,0.057586060348491286,0.0648108797280068,0.06179345516362091,0.03289417764555886,0.11937951551211219,0.09770505737356566
2022,12,Usera,4,Almendrales,124,1666,759,907,1727,819,908,1796,354,1442,953,500,453,3462,2680,22555,0.07386388827311018,0.07656838838395034,0.0796275770339171,0.04225227222345378,0.15349146530702726,0.11882066060740412
2022,12,Usera,5,Moscardó,125,2034,938,1096,2166,992,1174,2295,512,1783,1099,562,537,4329,3265,26215,0.07758916650772459,0.08262445164981881,0.08754529849322906,0.041922563417890524,0.16513446500095366,0.12454701506770932
2022,12,Usera,6,Zofío,126,1062,468,594,1110,523,587,1300,231,1069,587,329,258,2362,1697,14047,0.07560333167224319,0.07902043140884174,0.09254645119954438,0.04178828219548658,0.16814978287178756,0.12080871360432832
2022,12,Usera,7,Pradolongo,127,1570,646,924,1582,666,916,1693,274,1419,784,353,431,3263,2366,17501,0.08970915947660134,0.09039483458088109,0.09673732929546883,0.04479744014627735,0.18644648877207018,0.13519227472715845
2022,13,Puente de Vallecas,1,Entrevías,131,2317,1277,1040,2193,1178,1015,2275,505,1770,1233,739,494,4592,3426,34797,0.06658619995976664,0.06302267436848004,0.06537919935626635,0.035434089145616,0.131965399316033,0.09845676351409605
2022,13,Puente de Vallecas,2,San Diego,132,5072,2328,2744,4952,2177,2775,5328,974,4354,2087,1032,1055,10400,7039,43053,0.11780828281420574,0.11502102060251318,0.12375444219914988,0.04847513529835319,0.24156272501335563,0.16349615590086639
2022,13,Puente de Vallecas,3,Palomeras Bajas,133,2375,1397,978,2507,1489,1018,2414,590,1824,1234,810,424,4789,3741,40019,0.05934681026512407,0.06264524350933307,0.060321347360003996,0.03083535320722657,0.11966815762512806,0.09348059671655963
2022,13,Puente de Vallecas,4,Palomeras Sureste,134,2712,1727,984,2468,1521,947,2383,715,1668,1439,973,465,5095,3907,42637,0.06360672655205572,0.05788399746698877,0.0558904238103056,0.03375002931725966,0.11949715036236133,0.09163402678424842
2022,13,Puente de Vallecas,5,Portazgo,135,1850,1074,776,1757,996,761,1800,489,1311,885,593,292,3650,2642,28361,0.06523042205846057,0.06195127111173795,0.06346743767850217,0.031204823525263565,0.12869785973696274,0.09315609463700152
2022,13,Puente de Vallecas,6,Numancia,136,4027,1908,2119,4210,2109,2101,4511,969,3542,1929,1132,797,8538,6139,47459,0.0848521882045555,0.08870814808571609,0.09505046461155946,0.04064560989485661,0.17990265281611495,0.1293537579805727
2022,14,Moratalaz,1,Pavones,141,403,297,106,389,276,113,444,155,289,220,180,40,847,609,8763,0.04598881661531439,0.044391190231655824,0.05066757959602876,0.025105557457491726,0.09665639621134314,0.06949674768914756
2022,14,Moratalaz,2,Horcajo,142,274,168,106,317,249,68,178,67,111,139,94,45,452,456,6364,0.04305468258956631,0.049811439346323066,0.02796983029541169,0.021841609050911377,0.071024512884978,0.07165304839723445
2022,14,Moratalaz,3,Marroquina,143,1132,829,303,1153,892,261,832,353,479,622,499,123,1964,1775,26377,0.04291617697236229,0.043712325131743564,0.031542631838344014,0.02358115024453122,0.0744588088107063,0.06729347537627478
2022,14,Moratalaz,4,Media Legua,144,865,572,293,957,645,312,816,270,546,473,313,160,1681,1430,17409,0.04968694353495318,0.0549715664311563,0.04687230742719283,0.027169854672870353,0.09655925096214601,0.08214142110402665
2022,14,Moratalaz,5,Fontarrón,145,1184,724,460,1215,728,487,1158,331,827,553,369,184,2342,1768,17097,0.06925191554073815,0.07106509914020004,0.06773118090893139,0.03234485582265895,0.13698309644966952,0.10340995496285899
2022,14,Moratalaz,6,Vinateros,146,1056,666,390,975,635,340,889,301,588,463,331,132,1945,1438,16649,0.06342723286683885,0.05856207580034837,0.053396600396420205,0.027809478046729532,0.11682383326325906,0.0863715538470779
2022,15,Ciudad Lineal,1,Ventas,151,4307,2673,1634,3478,2017,1461,4149,1645,2504,1648,1035,613,8456,5126,47975,0.08977592496091714,0.07249609171443461,0.08648254299114122,0.03435122459614382,0.17625846795205835,0.10684731631057842
2022,15,Ciudad Lineal,2,Pueblo Nuevo,152,4495,2506,1989,4785,2672,2113,4694,1241,3453,2225,1392,833,9189,7010,62154,0.07232036554364965,0.07698619557872381,0.0755220902918557,0.03579817871737941,0.14784245583550537,0.11278437429610323
2022,15,Ciudad Lineal,3,Quintana,153,2272,1349,923,2063,1155,908,2407,771,1636,875,575,300,4679,2938,24277,0.09358652222267991,0.08497755076821684,0.09914734110474935,0.03604234460600569,0.19273386332742926,0.12101989537422252
2022,15,Ciudad Lineal,4,La Concepción,154,1499,987,512,1436,947,489,1552,556,996,769,553,216,3051,2205,20512,0.07307917316692668,0.07000780031201248,0.07566302652106084,0.0374902496099844,0.14874219968798752,0.10749804992199688
2022,15,Ciudad Lineal,5,San Pascual,155,1412,1043,369,930,703,227,1005,530,475,492,384,108,2417,1422,17594,0.08025463226099806,0.05285892918040241,0.0571217460497897,0.02796407866318063,0.13737637831078778,0.08082300784358304
2022,15,Ciudad Lineal,6,San Juan Bautista,156,708,569,139,720,579,141,651,300,351,321,252,69,1359,1041,12310,0.05751421608448416,0.05848903330625508,0.0528838342810723,0.026076360682372055,0.11039805036555646,0.08456539398862713
2022,15,Ciudad Lineal,7,Colina,157,456,351,105,361,280,81,424,226,198,225,187,38,880,586,6363,0.07166430928807166,0.05673424485305673,0.06663523495206664,0.03536067892503536,0.1382995442401383,0.0920949237780921
2022,15,Ciudad Lineal,8,Atalaya,158,83,68,15,93,67,26,91,55,36,47,35,12,174,140,1606,0.051681195516811954,0.05790784557907846,0.05666251556662515,0.029265255292652552,0.10834371108343711,0.08717310087173101
2022,15,Ciudad Lineal,9,Costillares,159,1271,1095,176,1170,1028,142,863,533,330,630,541,89,2134,1800,21817,0.058257322271623044,0.05362790484484576,0.039556309300087085,0.028876564147224643,0.09781363157171014,0.08250446899207041
2022,16,Hortaleza,1,Palomas,161,446,375,71,389,302,87,226,108,118,198,148,50,672,587,6942,0.06424661480841257,0.05603572457505042,0.03255545952175166,0.028522039757994815,0.09680207433016422,0.08455776433304524
2022,16,Hortaleza,2,Piovera,162,868,626,242,834,663,171,740,313,427,350,268,82,1608,1184,14963,0.05800975740159059,0.055737485798302476,0.04945532313038829,0.023391031210318786,0.10746508053197888,0.07912851700862127
2022,16,Hortaleza,3,Canillas,163,1825,1280,545,1904,1403,501,1860,710,1150,1136,871,265,3685,3040,39812,0.04584045011554305,0.04782477644931177,0.04671958203556716,0.028534110318496935,0.09256003215111022,0.0763588867678087
2022,16,Hortaleza,4,Pinar del Rey,164,2841,1810,1031,2861,1888,973,2673,958,1715,1639,1167,472,5514,4500,52031,0.054602064154062,0.0549864503853472,0.05137321981126636,0.03150045165382176,0.10597528396532836,0.08648690203916895
2022,16,Hortaleza,5,Apóstol Santiago,165,727,442,285,777,499,278,855,403,452,571,446,125,1582,1348,15435,0.047100745059928735,0.050340136054421766,0.05539358600583091,0.03699384515711046,0.10249433106575964,0.08733398121153223
2022,16,Hortaleza,6,Valdefuentes,166,5216,4158,1058,3506,2754,752,4006,1956,2050,2478,1978,500,9222,5984,64589,0.08075678521110406,0.05428168883246373,0.06202294508352815,0.03836566598027528,0.1427797302946322,0.09264735481273902
2022,17,Villaverde,1,"Villaverde Alto, Casco Histórico de Villaverde",171,3592,1895,1697,2961,1519,1442,3958,905,3053,2103,1203,900,7550,5064,46332,0.07752741086074419,0.0639083139083139,0.08542691876025209,0.04538979538979539,0.1629543296209963,0.10929810929810929
2022,17,Villaverde,2,San Cristóbal,172,1478,569,909,1596,589,1007,1943,303,1640,849,412,437,3421,2445,16675,0.08863568215892054,0.09571214392803598,0.11652173913043479,0.05091454272863568,0.20515742128935532,0.14662668665667167
2022,17,Villaverde,3,Butarque,173,1211,788,423,1031,669,361,1157,373,784,720,483,237,2368,1751,20841,0.05810661676503047,0.049469795115397536,0.05551557027014059,0.03454728659853174,0.11362218703517106,0.08401708171392927
2022,17,Villaverde,4,Los Rosales,174,2312,1163,1148,2405,1260,1145,2533,553,1980,1348,799,549,4845,3753,37441,0.06175048743356214,0.064234395448839507,0.06765310755588794,0.0360033118773537,0.12940359498945006,0.1002377073261932
2022,17,Villaverde,5,Ángeles,175,2971,1695,1275,2172,1180,992,2860,627,2233,1197,728,469,5831,3369,33015,0.08998939875814024,0.06578827805542935,0.08662729062547327,0.036256247160381644,0.1766166893836135,0.10204452521581099
2022,18,Villa de Vallecas,1,Casco Histórico de Vallecas,181,2864,1692,1172,2702,1571,1131,2707,591,2116,1427,870,557,5571,4129,39659,0.07221563831664944,0.0681308151995764,0.06825688998714037,0.03598174437076074,0.1404725283037898,0.10411255957033712
2022,18,Villa de Vallecas,2,Santa Eugenia,182,937,653,284,863,617,246,766,281,485,720,541,179,1703,1583,24190,0.038735014468788756,0.035675899131872676,0.03166597767672592,0.029764365440264572,0.07040099214551468,0.06544026457213725
2022,18,Villa de Vallecas,3,Ensanche de Vallecas,183,4348,3007,1341,3171,2243,928,3224,1343,1881,2147,1590,557,7572,5318,51250,0.0848390243902439,0.06187317073170732,0.06290731707317074,0.04189268292682927,0.14774634146341464,0.10376585365853659
2022,19,Vicalvaro,1,Casco Histórico de Vicálvaro,191,2310,1228,1082,2164,1193,971,2378,582,1796,1292,780,512,4688,3456,35180,0.0656623081296191,0.06151222285389426,0.06759522455940875,0.03672541216600341,0.13325753268902785,0.09823763501989767
2022,19,Vicalvaro,2,Valdebernardo,192,658,403,255,746,516,230,741,242,499,474,361,113,1399,1220,17449,0.03770989741532466,0.04275316637056565,0.042466616998108775,0.027164880508911686,0.08017651441343343,0.06991804687947734
2022,19,Vicalvaro,3,Valderrivas,193,717,602,115,697,627,70,392,217,175,483,414,69,1109,1180,17904,0.04004691689008043,0.038929848078641645,0.021894548704200177,0.02697721179624665,0.061941465594280605,0.06590705987488829
2022,19,Vicalvaro,4,El Cañaveral,194,2630,2220,410,300,187,113,1656,1212,444,315,216,99,4286,615,8900,0.2955056179775281,0.033707865168539325,0.18606741573033708,0.03539325842696629,0.4815730337078652,0.06910112359550562
2022,20,San Blas-Canillejas,1,Simancas,201,2220,1198,1022,2302,1370,932,2375,642,1733,1141,682,459,4595,3443,28228,0.07864531670681593,0.08155023381040102,0.08413631854895848,0.040420858721836476,0.1627816352557744,0.1219710925322375
2022,20,San Blas-Canillejas,2,Hellín,202,725,406,319,629,333,296,719,156,563,347,232,115,1444,976,9332,0.07768966995285041,0.0674024860694385,0.07704672096013716,0.03718388341191599,0.15473639091298758,0.10458636948135448
2022,20,San Blas-Canillejas,3,Amposta,203,872,458,414,796,402,394,924,185,739,385,194,191,1796,1181,8764,0.09949794614331356,0.0908261068005477,0.10543130990415335,0.0439297124600639,0.20492925604746692,0.1347558192606116
2022,20,San Blas-Canillejas,4,Arcos,204,1635,1110,525,1493,980,513,1405,399,1006,739,514,225,3040,2232,25022,0.06534249860123091,0.05966749260650627,0.05615058748301495,0.029534010071137397,0.12149308608424586,0.08920150267764368
2022,20,San Blas-Canillejas,5,Rosas,205,1107,861,246,1210,941,269,888,372,516,694,544,150,1995,1904,30963,0.03575234957852921,0.039078900623324614,0.028679391531828313,0.022413848787262217,0.06443174111035753,0.06149274941058683
2022,20,San Blas-Canillejas,6,Rejas,206,1463,936,527,1329,848,481,1462,506,956,926,555,371,2925,2255,17008,0.08601834430856067,0.07813969896519285,0.08595954844778927,0.054444967074317965,0.17197789275634995,0.13258466603951083
2022,20,San Blas-Canillejas,7,Canillejas,207,1868,1025,843,1816,973,843,2007,523,1484,1050,694,356,3875,2866,28651,0.06519842239363373,0.06338347701650902,0.07004991099787093,0.03664793549963352,0.13524833339150466,0.10003141251614255
2022,20,San Blas-Canillejas,8,El Salvador,208,474,361,113,487,376,111,421,175,246,304,239,65,895,791,11315,0.04189129474149359,0.043040212107821475,0.03720724701723376,0.02686699072028281,0.07909854175872735,0.06990720282810428
2022,21,Barajas,1,Alameda de Osuna,211,886,689,197,895,715,180,629,331,298,421,338,83,1515,1316,19694,0.04498832131613689,0.04544531329338885,0.031938661521275516,0.021377069158119225,0.07692698283741241,0.06682238245150807
2022,21,Barajas,2,Aeropuerto,212,117,51,66,126,46,80,159,36,123,86,60,26,276,212,1902,0.061514195583596214,0.06624605678233439,0.083596214511041,0.0452155625657203,0.14511041009463724,0.11146161934805468
2022,21,Barajas,3,Casco Histórico de Barajas,213,505,300,205,458,289,169,555,231,324,372,241,131,1060,830,7393,0.06830785878533747,0.061950493710266466,0.0750710131205194,0.05031786825375355,0.14337887190585688,0.11226836196402001
2022,21,Barajas,4,Timón,214,697,530,167,623,446,177,559,252,307,414,333,81,1256,1037,13605,0.05123116501286292,0.04579198823961779,0.04108783535464903,0.030429988974641674,0.09231900036751195,0.07622197721425947
2022,21,Barajas,5,Corralejos,215,416,342,74,408,352,56,288,171,117,220,180,40,704,628,7622,0.05457885069535555,0.05352925741275256,0.037785358173707685,0.02886381527158226,0.09236420886906324,0.08239307268433482
2023,1,Centro,1,Palacio,011,1242,735,507,1629,951,678,1874,686,1188,890,590,300,3116,2519,23642,0.05253362659673463,0.06890280010151426,0.07926571356061247,0.0376448693003976,0.1317993401573471,0.10654766940191185
2023,1,Centro,2,Embajadores,012,3278,1503,1775,4155,1942,2213,4858,1294,3564,2165,1190,975,8136,6320,46478,0.0705279917380266,0.08939713412797452,0.1045225698179784,0.046581178191832696,0.17505056155600499,0.13597831231980723
2023,1,Centro,3,Cortes,013,575,275,300,888,440,448,1102,350,752,507,318,189,1677,1395,10863,0.0529319709104299,0.08174537420602043,0.1014452729448587,0.04667219000276167,0.1543772438552886,0.12841756420878211
2023,1,Centro,4,Justicia,014,999,499,500,1486,839,647,1650,517,1133,834,520,314,2649,2320,18322,0.0545246152166794,0.08110468289488047,0.09005567077829932,0.04551904813884947,0.1445802859949787,0.12662373103372995
2023,1,Centro,5,Universidad,015,1879,958,921,2568,1370,1198,3089,1095,1994,1376,911,465,4968,3944,32943,0.05703791397261937,0.07795282761132866,0.09376802355583887,0.04176911635248763,0.15080593752845825,0.11972194396381629
2023,1,Centro,6,Sol,016,421,169,252,745,313,432,1001,226,775,427,231,196,1422,1172,7424,0.056707974137931036,0.10035021551724138,0.13483297413793102,0.057516163793103446,0.19154094827586207,0.15786637931034483
2023,2,Arganzuela,1,Imperial,021,907,647,260,987,753,234,940,438,502,612,481,131,1847,1599,22458,0.040386499243031435,0.04394870424792947,0.04185590880755188,0.027250868287469945,0.0822424080505833,0.07119957253539941
2023,2,Arganzuela,2,Acacias,022,1630,1214,416,1651,1262,389,1361,695,666,1022,796,226,2991,2673,36207,0.04501891899356478,0.04559891733642666,0.03758941641119121,0.02822658601927804,0.08260833540475598,0.0738255033557047
2023,2,Arganzuela,3,Chopera,023,1167,717,450,1253,793,460,1158,470,688,662,465,197,2325,1915,19864,0.05874949657672171,0.06307893677003625,0.058296415626258556,0.0333266210229561,0.11704591220298026,0.09640555779299234
2023,2,Arganzuela,4,Legazpi,024,1009,808,201,916,726,190,766,438,328,620,485,135,1775,1536,19515,0.051703817576223415,0.046938252626184986,0.03925185754547784,0.03177043300025621,0.09095567512170126,0.0787086856264412
2023,2,Arganzuela,5,Delicias,025,1601,1072,529,1519,1012,507,1582,719,863,990,708,282,3183,2509,28700,0.05578397212543554,0.05292682926829268,0.055121951219512196,0.03449477351916376,0.11090592334494774,0.08742160278745645
2023,2,Arganzuela,6,Palos de la Frontera,026,1415,848,567,1588,1031,557,1700,763,937,952,683,269,3115,2540,25205,0.056139654830390795,0.0630033723467566,0.06744693513191827,0.03777028367387423,0.12358658996230906,0.10077365602063083
2023,2,Arganzuela,7,Atocha,027,123,96,27,90,66,24,104,45,59,59,46,13,227,149,1950,0.06307692307692307,0.046153846153846156,0.05333333333333334,0.030256410256410255,0.11641025641025642,0.07641025641025641
2023,3,Retiro,1,Pacífico,031,1666,1144,522,1734,1223,511,1797,868,929,1099,796,303,3463,2833,33141,0.05027005823602185,0.052321897347696204,0.054222865936453334,0.03316134093720769,0.10449292417247519,0.0854832382849039
2023,3,Retiro,2,Adelfas,032,779,589,190,814,626,188,706,358,348,549,420,129,1485,1363,18899,0.04121911212233451,0.04307106196095031,0.03735647388750728,0.029049156040002116,0.0785755860098418,0.07212021800095243
2023,3,Retiro,3,Estrella,033,794,656,138,825,709,116,618,328,290,466,401,65,1412,1291,22719,0.03494872133456578,0.03631321801135613,0.02720190149214314,0.020511466173687223,0.06215062282670892,0.056824684185043356
2023,3,Retiro,4,Ibiza,034,1044,673,371,1300,920,380,1373,541,832,680,497,183,2417,1980,21571,0.048398312549255945,0.06026609800194706,0.063650271197441,0.03152380510871077,0.11204858374669695,0.09178990311065782
2023,3,Retiro,5,Los Jerónimos,035,260,169,91,384,274,110,464,220,244,242,191,51,724,626,6164,0.04218040233614536,0.06229720960415315,0.07527579493835172,0.03926022063595068,0.11745619727449708,0.10155743024010383
2023,3,Retiro,6,Niño Jesús,036,569,489,80,609,504,105,510,268,242,345,278,67,1079,954,14495,0.03925491548809935,0.04201448775439807,0.03518454639530873,0.023801310796826493,0.07443946188340807,0.06581579855122456
2023,4,Salamanca,1,Recoletos,041,604,346,258,1049,716,333,1254,420,834,522,381,141,1858,1571,15509,0.038945128634986136,0.06763814559288155,0.08085627700045135,0.03365787607195822,0.1198014056354375,0.10129602166483977
2023,4,Salamanca,2,Goya,042,1487,864,623,2036,1271,765,2336,889,1447,1053,739,314,3823,3089,29622,0.05019917628789413,0.0687326986699075,0.0788603065289312,0.03554790358517318,0.12905948281682533,0.10428060225508068
2023,4,Salamanca,3,Fuente del Berro,043,1065,717,348,1203,797,406,1244,537,707,664,505,159,2309,1867,21001,0.05071187086329222,0.05728298652445122,0.05923527451073758,0.031617542021808484,0.1099471453740298,0.0889005285462597
2023,4,Salamanca,4,Guindalera,044,2233,1535,698,2472,1705,767,2344,1028,1316,1316,971,345,4577,3788,42147,0.052981232353429664,0.0586518613424443,0.055614871758369516,0.03122404916126889,0.10859610411179918,0.0898759105037132
2023,4,Salamanca,5,Lista,045,910,544,366,1480,948,532,1686,631,1055,689,500,189,2596,2169,21048,0.04323451159255036,0.07031546940326872,0.08010262257696693,0.032734701634359556,0.12333713416951729,0.10305017103762827
2023,4,Salamanca,6,Castellana,046,799,474,325,1210,786,424,1631,534,1097,575,418,157,2430,1785,16997,0.04700829558157322,0.07118903335882802,0.09595811025475084,0.03382949932341001,0.14296640583632406,0.10501853268223804
2023,5,Chamartin,1,El Viso,051,835,615,220,1060,825,235,869,402,467,489,381,108,1704,1549,17331,0.04817956263343142,0.06116207951070336,0.05014136518377474,0.028215336679937683,0.09832092781720617,0.08937741619064105
2023,5,Chamartin,2,Prosperidad,052,1889,1332,557,2029,1461,568,1971,912,1059,1079,833,246,3860,3108,36160,0.05224004424778761,0.05611172566371681,0.05450774336283186,0.029839601769911503,0.10674778761061947,0.08595132743362832
2023,5,Chamartin,3,Ciudad Jardín,053,1003,745,258,1103,780,323,1051,439,612,596,456,140,2054,1699,18573,0.05400312281268508,0.059387282614548,0.05658751951757928,0.032089592419103,0.11059064233026436,0.091476875033651
2023,5,Chamartin,4,Hispanoamérica,054,1554,1223,331,1673,1340,333,1350,733,617,817,674,143,2904,2490,31573,0.04921926962911348,0.05298831279891046,0.042758052766604375,0.02587654008171539,0.09197732239571786,0.07886485288062585
2023,5,Chamartin,5,Nueva España,055,1498,1196,302,1516,1189,327,1120,557,563,706,560,146,2618,2222,24541,0.06104070738763701,0.06177417383154721,0.045637912065523,0.028768183855588606,0.10667861945316001,0.09054235768713581
2023,5,Chamartin,6,Castilla,056,907,696,211,1011,751,260,1153,486,667,590,466,124,2060,1601,17111,0.053006837706738356,0.059084799251943196,0.06738355443866519,0.03448074338145053,0.12039039214540354,0.09356554263339373
2023,6,Tetuan,1,Bellas Vistas,061,1996,928,1068,2535,1199,1336,2487,792,1695,1166,716,450,4483,3701,29527,0.06759914654384123,0.08585362549530938,0.08422799471669996,0.039489280997053545,0.1518271412605412,0.12534290649236293
2023,6,Tetuan,2,Cuatro Caminos,062,1913,1126,787,2367,1414,953,2403,1054,1349,1261,902,359,4316,3628,34882,0.05484203887391778,0.0678573476291497,0.06888939854366148,0.03615045008887105,0.12373143741757926,0.10400779771802075
2023,6,Tetuan,3,Castillejos,063,1175,748,427,1429,929,500,1518,673,845,721,541,180,2693,2150,20663,0.05686492764845376,0.06915743115714078,0.07346464695349175,0.03489328751875333,0.1303295746019455,0.1040507186758941
2023,6,Tetuan,4,Almenara,064,1413,732,681,1400,749,651,1860,592,1268,1005,636,369,3273,2405,23184,0.060947204968944096,0.06038647342995169,0.08022774327122154,0.043348861283643896,0.14117494824016563,0.10373533471359558
2023,6,Tetuan,5,Valdeacederas,065,2139,1003,1136,2224,1078,1146,2213,668,1545,1194,740,454,4352,3418,26691,0.08013937282229965,0.0833239668802218,0.08291184294331423,0.044734180060694614,0.16305121576561388,0.1280581469409164
2023,6,Tetuan,6,Berruguete,066,1909,951,958,2156,1045,1111,2114,644,1470,1064,623,441,4023,3220,25798,0.07399798433987131,0.083572369951159,0.08194433677029227,0.041243507248623926,0.15594232111016357,0.12481587719978293
2023,7,Chamberi,1,Gaztambide,071,1066,681,385,1426,953,473,1800,872,928,886,658,228,2866,2312,23050,0.0462472885032538,0.061865509761388285,0.07809110629067245,0.038438177874186553,0.12433839479392625,0.10030368763557483
2023,7,Chamberi,2,Arapiles,072,1202,776,426,1483,1033,450,1756,903,853,851,649,202,2958,2334,24280,0.049505766062602964,0.061079077429983523,0.07232289950576606,0.035049423393739704,0.12182866556836902,0.09612850082372323
2023,7,Chamberi,3,Trafalgar,073,1260,768,492,1726,1136,590,1894,820,1074,884,667,217,3154,2610,24731,0.05094820266062836,0.06979095062876552,0.0765840443168493,0.03574461202539323,0.12753224697747767,0.10553556265415875
2023,7,Chamberi,4,Almagro,074,911,592,319,1098,747,351,1288,516,772,650,490,160,2199,1748,19485,0.04675391326661534,0.05635103926096998,0.06610212984346933,0.03335899409802412,0.11285604311008468,0.08971003335899409
2023,7,Chamberi,5,Ríos Rosas,075,1441,993,448,1746,1223,523,1887,911,975,964,743,221,3328,2710,27278,0.05282645355231322,0.0640076251924628,0.06917662585233522,0.03533983429870225,0.12200307940464844,0.09934745949116504
2023,7,Chamberi,6,Vallehermoso,076,917,712,205,1049,799,250,1108,611,497,638,528,110,2025,1687,19955,0.045953395139062894,0.05256827862691055,0.05552493109496367,0.031971936857930344,0.10147832623402656,0.08454021548484089
2023,8,Fuencarral-El Pardo,1,El Pardo,081,148,117,31,121,106,15,193,156,37,166,147,19,341,287,3442,0.04299825682742592,0.03515398024404416,0.05607205113306217,0.04822777454968042,0.09907030796048809,0.08338175479372457
2023,8,Fuencarral-El Pardo,2,Fuentelarreina,082,186,157,29,136,98,38,77,39,38,52,40,12,263,188,3414,0.054481546572934976,0.03983596953719976,0.02255418863503222,0.015231400117164616,0.0770357352079672,0.05506736965436438
2023,8,Fuencarral-El Pardo,3,Peñagrande,083,1952,1431,521,1821,1351,470,1455,663,792,1243,934,309,3407,3064,44453,0.04391154702719727,0.04096461431174499,0.032731199244145505,0.02796211729242121,0.07664274627134277,0.0689267316041662
2023,8,Fuencarral-El Pardo,4,Pilar,084,2419,1473,946,2366,1490,876,2361,924,1437,1499,1048,451,4780,3865,45022,0.05372928790369153,0.052552085647017015,0.05244102883034961,0.033294833636888635,0.10617031673404113,0.08584691928390564
2023,8,Fuencarral-El Pardo,5,La Paz,085,1071,829,242,1053,856,197,870,499,371,745,628,117,1941,1798,32308,0.03314968428872106,0.032592546737650115,0.026928314968428874,0.023059304197102885,0.06007799925714993,0.055651850934753
2023,8,Fuencarral-El Pardo,6,Valverde,086,3622,2355,1267,3401,2205,1196,3819,1251,2568,2658,1853,805,7441,6059,64976,0.05574365919724206,0.05234240334892883,0.05877554789460724,0.04090741196749569,0.1145192070918493,0.09324981531642453
2023,8,Fuencarral-El Pardo,7,Mirasierra,087,1921,1722,199,1502,1331,171,911,605,306,749,653,96,2832,2251,35753,0.053729756943473275,0.042010460660643865,0.025480379268872543,0.020949290968590047,0.07921013621234582,0.06295975162923391
2023,8,Fuencarral-El Pardo,8,El Goloso,088,1127,985,142,893,798,95,749,510,239,644,560,84,1876,1537,19060,0.05912906610703043,0.04685204616998951,0.03929695697796432,0.03378803777544596,0.09842602308499475,0.08064008394543547
2023,9,Moncloa-Aravaca,1,Casa de Campo,091,618,442,176,621,434,187,516,265,251,338,272,66,1134,959,12808,0.04825109306683323,0.04848532167395378,0.04028732042473454,0.026389756402248596,0.08853841349156777,0.07487507807620238
2023,9,Moncloa-Aravaca,2,Argüelles,092,1097,677,420,1487,947,540,1840,785,1055,995,747,248,2937,2482,24614,0.0445681319574226,0.06041277321849354,0.07475420492402697,0.04042414885837328,0.11932233688144958,0.10083692207686683
2023,9,Moncloa-Aravaca,3,Ciudad Universitaria,093,739,598,141,793,619,174,964,429,535,469,378,91,1703,1262,16415,0.04501979896436186,0.048309473042948525,0.058726774291806276,0.02857142857142857,0.10374657325616814,0.07688090161437709
2023,9,Moncloa-Aravaca,4,Valdezarza,094,1786,1157,629,1475,896,579,1603,652,951,1004,690,314,3389,2479,30587,0.058390819629254256,0.04822310131755321,0.05240788570307647,0.03282440252394808,0.11079870533233073,0.08104750384150129
2023,9,Moncloa-Aravaca,5,Valdemarín,095,419,358,61,296,245,51,346,191,155,282,248,34,765,578,7189,0.058283488663235496,0.04117401585756016,0.04812908610376965,0.0392265961886215,0.10641257476700515,0.08040061204618167
2023,9,Moncloa-Aravaca,6,El Plantío,096,120,97,23,91,73,18,148,79,69,115,93,22,268,206,3058,0.03924133420536298,0.029758011772400263,0.04839764551994768,0.037606278613472856,0.08763897972531066,0.06736429038587312
2023,9,Moncloa-Aravaca,7,Aravaca,097,1119,891,228,1008,772,236,1420,816,604,1006,791,215,2539,2014,27569,0.04058906743080997,0.03656280605027386,0.0515071275708223,0.03649026080017411,0.09209619500163227,0.07305306685044796
2023,10,Latina,1,Los Cármenes,101,999,496,503,977,514,463,1008,266,742,667,386,281,2007,1644,17160,0.05821678321678322,0.05693473193473193,0.05874125874125874,0.03886946386946387,0.11695804195804196,0.0958041958041958
2023,10,Latina,2,Puerta del Angel,102,3014,1479,1535,3115,1472,1643,3741,1188,2553,1668,995,673,6755,4783,43451,0.06936549216358658,0.0716899495983982,0.08609698280822076,0.03838806931946331,0.15546247497180732,0.1100780189178615
2023,10,Latina,3,Lucero,103,2198,1078,1120,2288,1106,1182,2567,636,1931,1337,762,575,4765,3625,36918,0.05953735305271141,0.06197518825505174,0.06953247738230674,0.03621539628365567,0.12906983043501816,0.09819058453870741
2023,10,Latina,4,Aluche,104,3731,1840,1891,3555,1774,1781,4094,987,3107,2219,1231,988,7825,5774,66833,0.05582571484147053,0.05319228524830548,0.061257163377373455,0.03320216060927985,0.11708287821884399,0.08639444585758532
2023,10,Latina,5,Campamento,105,1280,571,709,1259,510,749,1602,419,1182,864,488,376,2882,2123,19830,0.06454866364094806,0.06348966212808875,0.08078668683812405,0.04357034795763994,0.14533535047907212,0.1070600100857287
2023,10,Latina,6,Cuatro Vientos,106,399,228,171,322,220,102,419,207,212,262,183,79,818,584,6122,0.06517477948382881,0.05259719046063378,0.06844168572361974,0.04279647174126103,0.13361646520744855,0.09539366220189481
2023,10,Latina,7,Águilas,107,2423,1371,1052,2222,1283,939,2456,775,1681,1636,1043,592,4879,3858,51516,0.047033931205838965,0.04313223076325802,0.04767450889044181,0.03175712400031058,0.09470844009628077,0.0748893547635686
2023,11,Carabanchel,1,Comillas,111,1378,752,626,1480,740,740,1604,459,1145,904,513,391,2982,2384,22808,0.0604173974044195,0.06488951245177131,0.07032620133286566,0.03963521571378464,0.13074359873728517,0.10452472816555594
2023,11,Carabanchel,2,Opañel,112,2295,1042,1253,2445,1073,1372,2740,583,2157,1350,690,659,5035,3795,34058,0.06738504903400082,0.07178930060485054,0.08045099536085501,0.039638264137647546,0.14783604439485584,0.1114275647424981
2023,11,Carabanchel,3,San Isidro,113,2742,1297,1445,2806,1316,1490,3144,712,2432,1651,857,794,5886,4457,40539,0.06763857026567009,0.06921729692394978,0.07755494708798934,0.040726214262808653,0.14519351735365943,0.10994351118675844
2023,11,Carabanchel,4,Vista Alegre,114,3488,1457,2031,3548,1530,2018,3958,781,3177,1947,905,1042,7446,5495,47983,0.07269241189587979,0.0739428547610612,0.08248754767313424,0.04057687097513703,0.15517995956901404,0.11451972573619823
2023,11,Carabanchel,5,Puerta Bonita,115,2844,1208,1636,2913,1215,1698,3282,619,2663,1628,807,821,6126,4541,36932,0.0770063901223871,0.07887468861691758,0.08886602404418932,0.0440810137550092,0.16587241416657642,0.12295570237192678
2023,11,Carabanchel,6,Buenavista,116,3019,1811,1208,2464,1322,1142,2820,795,2025,1866,1124,741,5839,4330,49286,0.06125471736395731,0.04999391307876476,0.05721705961124863,0.037860650083187924,0.11847177697520594,0.08785456316195268
2023,11,Carabanchel,7,Abrantes,117,2246,957,1289,2157,947,1210,2507,431,2076,1316,633,683,4753,3473,31803,0.07062226833946483,0.0678237902084709,0.07882904128541332,0.04137974404930352,0.14945130962487815,0.10920353425777442
2023,12,Usera,1,Orcasitas,121,1067,665,402,998,643,355,938,315,623,663,443,220,2005,1661,23172,0.04604695321940273,0.04306922147419299,0.0404798895218367,0.028612118073537026,0.08652684274123942,0.07168133954773002
2023,12,Usera,2,Orcasur,122,892,434,458,902,459,443,955,259,696,609,366,243,1847,1511,14447,0.061742922406035856,0.062435107634803075,0.06610368934726933,0.042154080431923584,0.1278466117533052,0.10458918806672665
2023,12,Usera,3,San Fermín,123,1360,669,691,1321,661,660,1412,333,1079,785,397,388,2772,2106,23689,0.05741061252057917,0.05576427877918021,0.05960572417577779,0.03313774325636371,0.11701633669635696,0.08890202203554393
2023,12,Usera,4,Almendrales,124,1665,681,984,1779,769,1010,1842,390,1452,963,462,501,3507,2742,22960,0.07251742160278746,0.07748257839721254,0.08022648083623693,0.04194250871080139,0.1527439024390244,0.11942508710801393
2023,12,Usera,5,Moscardó,125,1968,797,1171,2143,864,1279,2349,438,1911,1245,584,661,4317,3388,26704,0.07369682444577591,0.08025014979029359,0.08796434991012582,0.04662222887956861,0.16166117435590174,0.1268723786698622
2023,12,Usera,6,Zofío,126,1228,468,760,1084,481,603,1204,209,995,595,251,344,2432,1679,14442,0.08502977426949176,0.07505885611411162,0.0833679545769284,0.041199279878133224,0.16839772884642015,0.11625813599224484
2023,12,Usera,7,Pradolongo,127,1579,525,1054,1535,575,960,1895,301,1594,929,367,561,3474,2464,17943,0.088000891712645593,0.08554868193724573,0.10561221646324472,0.05177506548514741,0.1936131081758903,0.13732374742239314
2023,13,Puente de Vallecas,1,Entrevías,131,2380,1230,1150,2294,1141,1153,2390,501,1889,1367,716,651,4770,3661,35558,0.06693289836323753,0.06451431464086844,0.06721412902862928,0.03844423195905281,0.13414702739186682,0.10295854659992125
2023,13,Puente de Vallecas,2,San Diego,132,5174,2226,2948,4537,1804,2733,5188,850,4338,2366,997,1369,10362,6903,45289,0.1142440769281724,0.10017885137671399,0.11455320276446819,0.05224226633398839,0.2287972796926406,0.15242111771070238
2023,13,Puente de Vallecas,3,Palomeras Bajas,133,2232,1109,1123,2280,1228,1052,2364,580,1784,1352,764,588,4596,3632,40643,0.0549172059149177,0.05609822109588367,0.058164997662574124,0.033265260930541544,0.11308220357749182,0.08936348202642522
2023,13,Puente de Vallecas,4,Palomeras Sureste,134,2456,1402,1054,2392,1409,983,2361,667,1694,1442,869,573,4817,3834,43303,0.056716624714223035,0.05523866706694686,0.05452278133154747,0.03330023324019121,0.1112394060457705,0.08853890030713807
2023,13,Puente de Vallecas,5,Portazgo,135,1860,916,944,1730,917,813,1774,419,1355,1031,590,441,3634,2761,28830,0.06451612903225806,0.06000693721817551,0.06153312521678807,0.0357613596947624,0.12604925424904614,0.09576829691293791
2023,13,Puente de Vallecas,6,Numancia,136,3644,1549,2095,3827,1698,2129,4215,853,3362,2198,1036,1162,7859,6025,48901,0.07451790351935543,0.0782601582789718,0.08619455634854092,0.0449479560745179,0.16071245986789637,0.1232081143534897
2023,14,Moratalaz,1,Pavones,141,363,220,143,356,233,123,550,131,419,208,139,69,913,564,8324,0.04360884190293128,0.04276790004805382,0.06607400288322922,0.024987986544930323,0.1096828447861605,0.06775588659298415
2023,14,Moratalaz,2,Horcajo,142,238,162,76,244,169,75,209,60,149,159,109,50,447,403,6358,0.0374331550802139,0.03837684806542938,0.0328719723183391,0.02500786410821013,0.070305127398553,0.06338471217363952
2023,14,Moratalaz,3,Marroquina,143,1009,681,328,930,672,258,778,302,476,574,438,136,1787,1504,26213,0.038492351123488346,0.035478579330866365,0.02967992980582154,0.02189753175905085,0.06817228092930988,0.05737611108991722
2023,14,Moratalaz,4,Media Legua,144,838,497,341,790,469,321,832,280,552,475,323,152,1670,1265,17401,0.04815815183035458,0.045399689673007296,0.047813344060686165,0.02729728176541578,0.09597149589104075,0.07269697143842307
2023,14,Moratalaz,5,Fontarrón,145,1149,587,562,1054,538,516,1146,304,842,622,369,253,2295,1676,17368,0.06615614923998157,0.060686319668355596,0.06598341777982497,0.035812989405803776,0.13213956701980653,0.09649930907415938
2023,14,Moratalaz,6,Vinateros,146,975,555,420,918,568,350,894,252,642,522,304,218,1869,1440,16936,0.057569674067076054,0.05420406235238545,0.05278696268304204,0.030821917808219176,0.11035663675011809,0.08502598016060463
2023,15,Ciudad Lineal,1,Ventas,151,3277,1677,1600,3281,1754,1527,3578,1084,2494,1781,1005,776,6855,5062,50412,0.06500436404030786,0.06508371022772355,0.07097516464333889,0.035328889946838055,0.13597952868364674,0.1004126001745616
2023,15,Ciudad Lineal,2,Pueblo Nuevo,152,4453,2280,2173,4297,2160,2137,4658,1229,3429,2280,1275,1005,9111,6577,63109,0.07056045888858958,0.06808854521542095,0.07380880698474068,0.03612796906938789,0.14436926587333027,0.10421651428480883
2023,15,Ciudad Lineal,3,Quintana,153,1860,1000,860,1909,977,932,2158,622,1536,997,527,470,4018,2906,25583,0.072704530352187,0.07461986475393816,0.08435289059140835,0.03897119180705937,0.15705742094359534,0.11359105656099754
2023,15,Ciudad Lineal,4,La Concepción,154,1676,1093,583,1315,808,507,1565,661,904,759,465,294,3241,2074,21017,0.07974496835894752,0.06256839701194271,0.07446352952371889,0.036113622305752484,0.1542084978826664,0.0986820193176952
2023,15,Ciudad Lineal,5,San Pascual,155,1102,807,295,893,651,242,941,413,528,525,411,114,2043,1418,18391,0.059920613343483226,0.048556359088684685,0.05116633135772932,0.028546571692675764,0.11108694470121255,0.07710293078136045
2023,15,Ciudad Lineal,6,San Juan Bautista,156,780,617,163,601,474,127,715,384,331,323,245,78,1495,924,12481,0.06249499238843041,0.04815319285313677,0.057287076356061215,0.02587933659161926,0.11978206874449163,0.07403252944475602
2023,15,Ciudad Lineal,7,Colina,157,503,351,152,418,279,139,335,126,209,243,169,74,838,661,6595,0.07626990144048522,0.06338134950720242,0.05079605761940864,0.03684609552691433,0.12706595905989385,0.10022744503411675
2023,15,Ciudad Lineal,8,Atalaya,158,114,84,30,92,71,21,80,37,43,73,60,13,194,165,1625,0.07015384615384615,0.056615384615384616,0.04923076923076923,0.04492307692307692,0.11938461538461538,0.10153846153846154
2023,15,Ciudad Lineal,9,Costillares,159,996,829,167,1006,839,167,894,511,383,616,517,99,1890,1622,21986,0.04530155553534067,0.04575639043027381,0.04066223960702265,0.02801782952788138,0.08596379514236333,0.0737742199581552
2023,16,Hortaleza,1,Palomas,161,248,195,53,285,224,61,211,92,119,136,107,29,459,421,6942,0.03572457505041775,0.04105445116681072,0.030394698934024775,0.01959089599539038,0.06611927398444252,0.060645347162201095
2023,16,Hortaleza,2,Piovera,162,842,599,243,829,584,245,656,231,425,420,312,108,1498,1249,15090,0.055798542080848244,0.054937044400265075,0.04347249834327369,0.027833001988071572,0.09927104042412194,0.08277004638833664
2023,16,Hortaleza,3,Canillas,163,1721,1154,567,1694,1131,563,1752,662,1090,1168,829,339,3473,2862,39918,0.043113382433989676,0.04243699584147503,0.043889974447617615,0.02925998296507841,0.08700335688160729,0.07169697880655343
2023,16,Hortaleza,4,Pinar del Rey,164,2623,1580,1043,2634,1641,993,2644,813,1831,1570,1023,547,5267,4204,52250,0.050200956937799045,0.05041148325358852,0.05060287081339713,0.030047846889952153,0.10080382775119617,0.08045933014354067
2023,16,Hortaleza,5,Apóstol Santiago,165,698,458,240,696,422,274,910,414,496,578,432,146,1608,1274,15499,0.04503516355893929,0.04490612297567585,0.058713465384863536,0.03729272856313311,0.10374862894380282,0.08219885153880896
2023,16,Hortaleza,6,Valdefuentes,166,4454,3375,1079,3149,2336,813,3797,1757,2040,2502,1891,611,8251,5651,69188,0.06437532520090189,0.04551367289125282,0.054879458865699254,0.036162340290223735,0.11925478406660114,0.08167601318147656
2023,17,Villaverde,1,"Villaverde Alto, Casco Histórico de Villaverde",171,3183,1416,1767,2795,1291,1504,3762,777,2985,2283,1187,1096,6945,5078,48092,0.06618564418198453,0.058117774265990185,0.07822506861848125,0.04747151293354404,0.14441071280046577,0.10558928719953423
2023,17,Villaverde,2,San Cristóbal,172,1750,577,1173,1734,640,1094,2217,264,1953,1002,417,585,3967,2736,17367,0.1007658202337767,0.09984453273449646,0.12765589911901884,0.05769562964242529,0.22842171935279554,0.15754016237692176
2023,17,Villaverde,3,Butarque,173,1299,778,521,1016,579,437,1283,347,936,757,490,267,2582,1773,21362,0.060808913023125175,0.0475610897856006,0.06005991948319446,0.0354367568579721,0.12086883250631963,0.0829978466435727
2023,17,Villaverde,4,Los Rosales,174,2334,1047,1287,2119,1039,1080,2676,538,2138,1355,681,674,5010,3474,37942,0.06151494386168362,0.05584840018976332,0.0705287017025987,0.03571240314163723,0.13204364556428233,0.09156080333140056
2023,17,Villaverde,5,Ángeles,175,2560,1376,1184,2199,1023,1176,2709,603,2106,1366,670,696,5269,3565,34900,0.07335243553008595,0.06300859598853868,0.077621776504298,0.039140401146131806,0.15097421203438396,0.10214899713467049
2023,18,Villa de Vallecas,1,Casco Histórico de Vallecas,181,2791,1452,1339,2751,1415,1336,2723,622,2101,1581,899,682,5514,4332,40604,0.06873707023938529,0.06775194562112107,0.06706235838833613,0.03893705053689292,0.1357994286277214,0.10668899615801399
2023,18,Villa de Vallecas,2,Santa Eugenia,182,930,638,292,864,579,285,755,293,462,594,416,178,1685,1458,23954,0.03882441345913,0.036069132503965935,0.031518744259831345,0.02479752859647658,0.07034315771896134,0.06086666110044252
2023,18,Villa de Vallecas,3,Ensanche de Vallecas,183,4470,3110,1360,3203,2168,1035,3159,1302,1857,2260,1542,718,7629,5463,53299,0.08386648905232744,0.06009493611512411,0.059269404679262276,0.04240229647835794,0.14313589373158972,0.10249723259348205
2023,19,Vicalvaro,1,Casco Histórico de Vicálvaro,191,2331,1228,1103,2198,1177,1021,2415,584,1831,1356,738,617,4746,3554,38485,0.06056905287774458,0.0571131609718072,0.06275172144991555,0.03523450695076004,0.12332077432766013,0.09234766792256724
2023,19,Vicalvaro,2,Valdebernardo,192,619,350,269,699,458,241,771,272,499,493,329,164,1390,1192,17544,0.03528271773825809,0.03984268125854993,0.04394664842681258,0.02810077519379845,0.07922936616507067,0.06794345645234838
2023,19,Vicalvaro,3,Valderrivas,193,609,478,131,620,543,77,381,211,170,367,316,51,990,987,17808,0.03419811320754717,0.03481581311769991,0.021394878706199463,0.02060871518418688,0.05559299191374663,0.055424528301886794
2023,19,Vicalvaro,4,El Cañaveral,194,2612,2016,596,451,264,187,1922,1166,756,504,343,161,4534,955,10000,0.2612,0.0451,0.1922,0.0504,0.4534,0.0955
2023,20,San Blas-Canillejas,1,Simancas,201,1878,969,909,1987,1003,984,2388,595,1793,1145,652,493,4266,3132,28084,0.0668708161230594,0.07075202962540948,0.0850306224184589,0.04077054550633813,0.1519014385415183,0.11152257513174761
2023,20,San Blas-Canillejas,2,Hellín,202,719,366,353,602,289,313,650,159,491,391,203,188,1369,993,9605,0.07485684539302447,0.06267568974492452,0.0676730869338886,0.04070796460176991,0.14252993232691308,0.10338365434669443
2023,20,San Blas-Canillejas,3,Amposta,203,770,322,448,733,319,414,909,141,768,451,204,247,1679,1184,9176,0.08391455972101133,0.07988230165649521,0.09906277244986922,0.049149956408020924,0.18297733217088055,0.12903225806451613
2023,20,San Blas-Canillejas,4,Arcos,204,1423,844,579,1201,714,487,1310,348,962,729,457,272,2733,1930,25423,0.055972937890886205,0.0472406875663769,0.05152814380678913,0.028674822011564332,0.10750108169767533,0.07591550957794123
2023,20,San Blas-Canillejas,5,Rosas,205,963,699,264,1096,825,271,864,397,467,719,523,196,1827,1815,30836,0.031229731482682578,0.035542871967829806,0.028019198339603063,0.023316902321961343,0.05924892982228564,0.05885977428979115
2023,20,San Blas-Canillejas,6,Rejas,206,1163,684,479,1066,598,468,1306,447,859,822,501,321,2469,1888,17459,0.06661320808751933,0.06105733432613552,0.07480382610687897,0.04708173434904634,0.1414170341943983,0.10813906867518186
2023,20,San Blas-Canillejas,7,Canillejas,207,1736,869,867,1600,881,719,1767,474,1293,1165,675,490,3503,2765,29188,0.05947649719062628,0.05481704810195971,0.060538577497601755,0.039913663149239414,0.12001507468822804,0.09473071125119913
2023,20,San Blas-Canillejas,8,El Salvador,208,447,313,134,453,325,128,463,185,278,244,185,59,910,697,11244,0.03975453575240128,0.040288153681963715,0.041177516897901105,0.02170046246887229,0.08093205265030239,0.061988616150836
2023,21,Barajas,1,Alameda de Osuna,211,756,612,144,718,581,137,540,265,275,433,368,65,1296,1151,19749,0.03828041926173477,0.036356271203605246,0.027343156615524836,0.021925160767633803,0.0656235758772596,0.05828143197123905
2023,21,Barajas,2,Aeropuerto,212,93,53,40,106,63,43,143,41,102,101,62,39,236,207,1909,0.04871660555264536,0.05552645364064956,0.0749083289680461,0.05290728129910948,0.12362493452069147,0.10843373493975904
2023,21,Barajas,3,Casco Histórico de Barajas,213,529,323,206,490,298,192,520,194,326,374,266,108,1049,864,7411,0.07138038051545001,0.06611793280259075,0.07016596950479018,0.050465524220752934,0.14154635002024019,0.11658345702334368
2023,21,Barajas,4,Timón,214,645,506,139,489,357,132,480,231,249,400,310,90,1125,889,12087,0.053363117398858274,0.04045668900471581,0.03971208736659221,0.03309340613882684,0.09307520476545049,0.07355009514354265
2023,21,Barajas,5,Corralejos,215,424,364,60,363,323,40,221,117,104,215,176,39,645,578,7645,0.05546108567691301,0.04748201438848921,0.0289077828646174,0.028122956180510136,0.08436886854153042,0.07560497056899934
