anio,distrito_num,distrito_nombre,barrio_num,barrio_nombre,codigo_barrio,pct_hog_monoparental,pct_hog_dos_adultos_sin_menores,renta_colectiva_barrio,poblacion_total_barrio,tasa_transacciones_vivienda,densidad,tamano_hogar,envejecimiento,sobreenvejecimiento,pct_uso_vivienda,n_locales_activos_total,pct_comercio_menor,pct_turismo_alojamiento,pct_bares_restaurantes,pct_inmobiliarias,pct_arte_recreo_ocio,tasa_entradas_totales,tasa_salidas_totales,intensidad_inversion_real_distrito,share_gasto_real_urbanismo,share_gasto_real_mantenimiento_urbano,share_gasto_real_medio_ambiente,share_gasto_real_cultura,pct_poblacion_idh_alto_distrito,zonas_verdes_significativas_m2_per_capita_distrito,paradas_red_centro,n_estaciones_metro,distancia_centro_lineal_m,tasa_paro,sin_estacion_propia,pct_pob_25_39,pct_extranjeros_ue_ocde,nivel_estudios_superiores_pct,renta_neta_media_persona,pct_hog_unipersonal_bajo65,precio_vivienda_declarado_barrio
2017,1,Centro,1,Palacio,011,0.01986044015029522,0.17507604222580067,12.942529756394194,22449,0.01046817230166154,152.07,1.999731615673647,0.1878495056591956,0.3534174803524649,0.02914903620122238,1702,0.31433607520564044,0.01586368977673325,0.3354876615746181,0.00705052878965922,0.02408930669800235,0.14183259833400153,0.11207626174885296,89.79469158271534,0.08756190282102473,0.01113371521181388,0.0926196267594944,0.12794571231052015,0.16230822873082287,0.8911175217870683,1,4,834.2994999607662,8.2,0,0.2725288431555971,0.0895629222028363,0.39896890946393815,18254,0.3455895509035606,4178.57
2017,1,Centro,2,Embajadores,012,0.01852956015227262,0.18593771499334957,12.506834733938586,44793,0.02190074341973076,431.74,2.0469660138513244,0.14535066099036523,0.3809156775088639,0.03185204212689442,2957,0.4883327696990193,0.00676361176868447,0.15623943185661143,0.00304362529590801,0.01487994589110585,0.16866474672381843,0.1370526644788248,89.79469158271534,0.08756190282102473,0.01113371521181388,0.0926196267594944,0.12794571231052015,0.16230822873082287,0.8911175217870683,1,7,913.3760035725892,9.05,0,0.32873440046435826,0.08554783777727984,0.32875368007850836,13454,0.36953630234371415,3538.13
2017,1,Centro,3,Cortes,013,0.01775804661487236,0.1831298557158713,13.125567817798904,10557,0.02728047740835464,177.76,1.9461709211986704,0.16852010265183917,0.3547659334461365,0.00746825989544436,1153,0.29314830875975717,0.0372940156114484,0.3599306157849089,0.00520381613183,0.03382480485689505,0.15364213318177514,0.12077294685990338,89.79469158271534,0.08756190282102473,0.01113371521181388,0.0926196267594944,0.12794571231052015,0.16230822873082287,0.8911175217870683,1,1,710.3835020983723,7.59,0,0.3010324902908023,0.12147134302822923,0.4383124036131306,19431,0.390677025527192,4201.77
2017,1,Centro,4,Justicia,014,0.01979604079184163,0.17888422315536892,13.834643069426468,16443,0.02463054187192118,221.45,1.964487102579484,0.1656284353242946,0.36172566371681414,0.00296003946719289,1872,0.45085470085470086,0.01014957264957265,0.26175213675213677,0.00213675213675213,0.01655982905982906,0.15909505564677978,0.11932129173508484,89.79469158271534,0.08756190282102473,0.01113371521181388,0.0926196267594944,0.12794571231052015,0.16230822873082287,0.8911175217870683,2,3,971.4253672516414,6.62,0,0.3014656692817612,0.10327348235006718,0.4670278078728783,21570,0.39028194361127777,5245.82
2017,1,Centro,5,Universidad,015,0.01801744445151843,0.1808111033297256,13.881622117212531,30810,0.02187601428107757,323.93,1.955115553574838,0.16741020547722166,0.37191207936199183,0.0368711233631978,2323,0.37236332328885063,0.01162290142057684,0.26259147653895826,0.00516573396470081,0.02410675850193715,0.15819539110678352,0.12495942875689713,89.79469158271534,0.08756190282102473,0.01113371521181388,0.0926196267594944,0.12794571231052015,0.16230822873082287,0.8911175217870683,2,6,952.231102999974,7.21,0,0.3180785459266472,0.09329512520759384,0.39982428664196495,16869,0.3801489781626027,4191.85
2017,1,Centro,6,Sol,016,0.01379310344827586,0.1816976127320955,12.966084864507158,7366,0.01724137931034482,164.85,1.9472148541114065,0.16836943195749896,0.3252427184466019,5.88235294117647e-4,1564,0.460997442455243,0.02493606138107416,0.2928388746803069,6.393861892583121e-4,0.01854219948849105,0.1577518327450448,0.13317947325549823,89.79469158271534,0.08756190282102473,0.01113371521181388,0.0926196267594944,0.12794571231052015,0.16230822873082287,0.8911175217870683,0,7,0,7.93,0,0.30654357860439857,0.1373109930527176,0.3912492073557387,16600,0.3944297082228117,4184.44
2017,2,Arganzuela,1,Imperial,021,0.02070479974903273,0.1442016103733138,11.88470604972909,22708,0.00858728201514884,234.02,2.3680853288716865,0.20617327563366597,0.36388948382951386,0.01901565995525727,727,0.3218707015130674,0.00550206327372764,0.14442916093535077,0.03026134800550206,0.02751031636863823,0.08327461687511009,0.06750924784217016,32.22325632996567,0.0742465338687163,0.05689759831073329,0.01058236378991303,0.19004065243960372,0.07874181554963314,2.9435899455790353,6,0,1701.7017735258637,7.11,1,0.20477364805354945,0.02949748299920515,0.3522075055187638,18632,0.2099759489699885,2879.02
2017,2,Arganzuela,2,Acacias,022,0.01848706558662137,0.131695845309642,12.139119226776794,36756,0.00179562520404831,341.57,2.3951528612490405,0.21344606573026045,0.31753130590339895,0.01379811183732752,1160,0.3310344827586207,8.620689655172414e-4,0.1353448275862069,0.00775862068965517,0.02672413793103448,0.07966046359777995,0.06891391881597562,32.22325632996567,0.0742465338687163,0.05689759831073329,0.01058236378991303,0.19004065243960372,0.07874181554963314,2.9435899455790353,4,2,1817.5812482709264,6.75,0,0.21770595276961585,0.02596481658257193,0.3630786958584694,19323,0.19898092500653253,3373.74
2017,2,Arganzuela,3,Chopera,023,0.01839325976029429,0.1375341165302005,10.770476470777384,19831,0.01321163834400685,348.09,2.3453186187255137,0.23401133373810967,0.3982702702702703,0.02564102564102564,723,0.4149377593360996,0.00276625172890733,0.1355463347164592,0.00414937759336099,0.02351313969571231,0.12041752811255106,0.10332308002622158,32.22325632996567,0.0742465338687163,0.05689759831073329,0.01058236378991303,0.19004065243960372,0.07874181554963314,2.9435899455790353,5,1,2545.0185470969996,8.09,0,0.23972568201300992,0.02954867435741753,0.23695638876995537,14244,0.18986590720303784,2872.11
2017,2,Arganzuela,4,Legazpi,024,0.03504261940197537,0.17927208767419836,12.887200384289237,18944,0.00496199324324324,133.89,2.562305506697339,0.07793853627626994,0.27235772357723576,0.02554744525547445,431,0.2529002320185615,0,0.18561484918793503,0.00696055684454756,0.03016241299303944,0.0961254222972973,0.07838893581081081,32.22325632996567,0.0742465338687163,0.05689759831073329,0.01058236378991303,0.19004065243960372,0.07874181554963314,2.9435899455790353,5,1,3482.1731601336073,5.08,0,0.23675042229729729,0.02898933361495406,0.4492859758330282,20054,0.2344743607089704,3629.01
2017,2,Arganzuela,5,Delicias,025,0.02533976326172731,0.15203857957036387,11.932510709920802,27318,0.01661907899553408,258.5,2.390442788250778,0.16681949895462714,0.3577396657871592,0.00744680851063829,777,0.3770913770913771,0.00128700128700128,0.16344916344916344,0.01158301158301158,0.009009009009009,0.1121238743685482,0.09272274690680138,32.22325632996567,0.0742465338687163,0.05689759831073329,0.01058236378991303,0.19004065243960372,0.07874181554963314,2.9435899455790353,4,2,2594.8560961675425,6.85,0,0.2329965590453181,0.03363532993434325,0.34758276899924756,17282,0.2244629548443665,3225.75
2017,2,Arganzuela,6,Palos de la Frontera,026,0.01476901940580456,0.16125708397733127,11.797288359664238,25663,0.01211861434750418,394.48,2.196462304653954,0.20347928068803753,0.3921229586935639,0.01597869507323568,1294,0.34234930448222567,0.00463678516228748,0.1530139103554869,0.01081916537867078,0.01313755795981453,0.13162919378092974,0.10598916728363791,32.22325632996567,0.0742465338687163,0.05689759831073329,0.01058236378991303,0.19004065243960372,0.07874181554963314,2.9435899455790353,3,1,1750.053657056307,7.59,0,0.2596734598449129,0.04155590304925723,0.3260675109458123,16276,0.2616348961016658,2869.62
2017,2,Arganzuela,7,Atocha,027,0.04523809523809524,0.14047619047619048,9.653465346534654,1111,0.0036003600360036,15.07,2.6404761904761895,0.09377817853922452,0.2596153846153846,0,148,0.2635135135135135,0,0.16891891891891891,0.00675675675675675,0.00675675675675675,0.0855085508550855,0.05130513051305131,32.22325632996567,0.0742465338687163,0.05689759831073329,0.01058236378991303,0.19004065243960372,0.07874181554963314,2.9435899455790353,4,2,2733.93717430477,8.41,0,0.171017101710171,0.02073940486925157,0.24607329842931935,14061,0.21428571428571427,3057.871111111111
2017,3,Retiro,1,Pacífico,031,0.02131304824561403,0.12952302631578946,11.799564857167857,33732,0.01105774931815486,443.51,2.3046189692982373,0.24270718724910048,0.3620436167605979,0.0081081081081081,1202,0.454242928452579,0,0.129783693843594,0.0108153078202995,0.01414309484193011,0.09276058342226966,0.08022056207755247,37.19068265418641,0.1958573573037004,0.03245903518937865,0.02943375864060756,0.08360125201280062,0.06040534611360491,1.1717073088610368,5,2,2621.775098928446,6.16,0,0.20828886517253647,0.03024175562758333,0.367389399912396,18839,0.19558662280701755,3257.04
2017,3,Retiro,2,Adelfas,032,0.02090032154340836,0.13866559485530547,11.59357248516625,18160,0.0138215859030837,283.23,2.4315380493033185,0.2012232078902419,0.3231106243154436,0.00196463654223968,401,0.3167082294264339,0.00748129675810473,0.114713216957606,0.01246882793017456,0.0199501246882793,0.10044052863436125,0.0808920704845815,37.19068265418641,0.1958573573037004,0.03245903518937865,0.02943375864060756,0.08360125201280062,0.06040534611360491,1.1717073088610368,6,1,3369.1505563810074,6.76,0,0.21723568281938327,0.02578654471320733,0.3628281705792471,18991,0.2020364415862808,3176.69
2017,3,Retiro,3,Estrella,033,0.01558320734969182,0.07896267007791603,10.60434872114438,23230,0.00770555316401205,225.86,2.693685312245618,0.2999611449294133,0.2989349453080023,0.01024590163934426,410,0.35365853658536583,0.0048780487804878,0.1024390243902439,0.00975609756097561,0.01463414634146341,0.06896254842875592,0.05824365045200172,37.19068265418641,0.1958573573037004,0.03245903518937865,0.02943375864060756,0.08360125201280062,0.06040534611360491,1.1717073088610368,7,0,3330.247447548994,5.61,1,0.17382694791218253,0.01666450805163407,0.432364028002154,22436,0.0993138737062449,3243.35
2017,3,Retiro,4,Ibiza,034,0.02168491813943402,0.11633958581806354,12.885171841053891,21386,0.01627232769101281,433.91,2.3145397376124808,0.24893427647913055,0.4034625517500941,9.319664492078284e-4,996,0.49096385542168675,0,0.178714859437751,0.00702811244979919,0.00602409638554216,0.10838866548209108,0.08486860562985131,37.19068265418641,0.1958573573037004,0.03245903518937865,0.02943375864060756,0.08360125201280062,0.06040534611360491,1.1717073088610368,5,1,2569.6136361740228,6,0,0.2041054895726176,0.04351899564341594,0.4255639969842835,20682,0.20069391738046188,4400.61
2017,3,Retiro,5,Los Jerónimos,035,0.01889483065953654,0.10231729055258466,11.993186158171603,7073,0.01484518591828078,37,2.5144385026737974,0.26797107613781374,0.3978835978835979,0.00514138817480719,345,0.263768115942029,0.01739130434782608,0.24347826086956523,0.00579710144927536,0.03768115942028986,0.09953343701399688,0.08242612752721618,37.19068265418641,0.1958573573037004,0.03245903518937865,0.02943375864060756,0.08360125201280062,0.06040534611360491,1.1717073088610368,3,1,1693.9136733919286,4.16,0,0.19779442952071255,0.05926556075428894,0.47632215693052193,25792,0.1803921568627451,5147.76
2017,3,Retiro,6,Niño Jesús,036,0.01921005385996409,0.08348294434470377,12.556702853868016,15220,0.01064388961892247,235.9,2.7244165170556567,0.2617462932454695,0.3240181268882175,0.00363636363636363,469,0.2537313432835821,0,0.12153518123667376,0.00426439232409381,0.02132196162046908,0.07963206307490145,0.06681997371879106,37.19068265418641,0.1958573573037004,0.03245903518937865,0.02943375864060756,0.08360125201280062,0.06040534611360491,1.1717073088610368,6,3,2715.894836350448,4.35,0,0.16708278580814717,0.02543657331136738,0.5176824034334764,25063,0.11418312387791742,4320.89
2017,4,Salamanca,1,Recoletos,041,0.02083647893703759,0.12094217122150085,15.230334635782944,15559,0.01889581592647342,177.68,2.342443001660878,0.22631171844785355,0.3389347764169752,0,1598,0.5957446808510638,0.01439299123904881,0.1539424280350438,0.00438047559449311,0.01251564455569461,0.1457034513786233,0.10431261649206248,20.39141118074427,0.03893647595303858,0.07164843508864364,0.16945605610633785,0.03141965486142633,0.10506954102920724,0.8769618989518052,5,2,1781.686697174278,3.9,0,0.22109390063628767,0.08083021786773238,0.5621263532073033,29417,0.27313906084855805,7017.47
2017,4,Salamanca,2,Goya,042,0.01835704451583295,0.12987608994951813,13.419883730783535,29380,0.01790333560245064,380.02,2.239024017133244,0.23601954019061935,0.3685048487480098,0.00102827763496143,1801,0.501388117712382,0.00277623542476402,0.17545807884508607,0.00499722376457523,0.0138811771238201,0.12528931245745406,0.09278420694349898,20.39141118074427,0.03893647595303858,0.07164843508864364,0.16945605610633785,0.03141965486142633,0.10506954102920724,0.8769618989518052,4,6,2696.9525069184683,5.81,0,0.23339006126616743,0.05619512861681412,0.4765861027190332,22743,0.2425424506654429,4936.58
2017,4,Salamanca,3,Fuente del Berro,043,0.02012094557449148,0.131500824628917,12.131900049555847,20643,0.01608293368211984,241.44,2.263331500824633,0.2476560602380374,0.38485680659081994,0.0131578947368421,862,0.3329466357308585,0,0.1357308584686775,0.00348027842227378,0.02552204176334106,0.1129680763454924,0.08700285811170858,20.39141118074427,0.03893647595303858,0.07164843508864364,0.16945605610633785,0.03141965486142633,0.10506954102920724,0.8769618989518052,7,1,3556.0177734228823,6.36,0,0.2253548418350046,0.04605295117804227,0.3752218672346468,18817,0.21968114348543155,3878.9
2017,4,Salamanca,4,Guindalera,044,0.01770628399490799,0.12296030552019442,12.374130973584208,40775,0.0141017780502759,253.65,2.3524476333757596,0.24919444102816385,0.4247359589379133,0.01021450459652706,1585,0.32933753943217664,0.00378548895899053,0.12933753943217666,0.00630914826498422,0.02334384858044164,0.11281422440220724,0.0820110361741263,20.39141118074427,0.03893647595303858,0.07164843508864364,0.16945605610633785,0.03141965486142633,0.10506954102920724,0.8769618989518052,7,3,3851.510247708037,6.16,0,0.2219006744328633,0.03856844176608044,0.42602079481039135,20321,0.20981367897234116,3485.92
2017,4,Salamanca,5,Lista,045,0.0208105147864184,0.12694414019715225,13.464252463071343,20831,0.01363352695501896,399.01,2.273493975903612,0.2390037095919449,0.37895585567425927,8.453085376162299e-4,1110,0.43243243243243246,0.0063063063063063,0.1873873873873874,0.0045045045045045,0.01711711711711711,0.12855839854063655,0.0908741779079257,20.39141118074427,0.03893647595303858,0.07164843508864364,0.16945605610633785,0.03141965486142633,0.10506954102920724,0.8769618989518052,5,5,2933.199100215949,5.32,0,0.2432912486198454,0.05906441200558848,0.4827812985770656,22465,0.23132530120481928,4984.37
2017,4,Salamanca,6,Castellana,046,0.01276102088167053,0.12021461716937357,14.763828706224244,17060,0.01600234466588511,220.02,2.4675174013921164,0.22725669957686884,0.3638479441427463,0.00247729149463253,1116,0.45340501792114696,0.01075268817204301,0.18906810035842295,0.007168458781362,0.01523297491039426,0.141852286049238,0.10392731535756154,20.39141118074427,0.03893647595303858,0.07164843508864364,0.16945605610633785,0.03141965486142633,0.10506954102920724,0.8769618989518052,5,1,2491.06903091583,3.79,0,0.24495896834701056,0.06846497414198402,0.5382008399027481,27540,0.24579466357308585,5807.48
2017,5,Chamartin,1,El Viso,051,0.01721569276609833,0.10196987253765932,13.310265191513215,17096,0.01093823116518484,99.82,2.8242012911769585,0.21300041029247993,0.37176664832140893,0.00517063081695966,852,0.2676056338028169,0.00234741784037558,0.1596244131455399,0.00469483568075117,0.02699530516431925,0.11645999064108564,0.09347215722976136,28.31180155495904,0.056139142778943,0.05397246897757251,0.01013494503820125,0.08290648006748627,0.07545459616242749,0.8477169362578061,6,2,3488.8511843402644,3.24,0,0.20811885821244736,0.04864896547681847,0.5443950314368962,28945,0.17315014070518123,5392.22
2017,5,Chamartin,2,Prosperidad,052,0.01734472643795434,0.12976661140160697,12.032969543208832,36186,0.01472945337976012,346.99,2.301300854482857,0.24400786943389952,0.33352259822848057,0.02241662110442865,1417,0.39096683133380383,0.00211714890613973,0.1432604093154552,0.00846859562455892,0.0091743119266055,0.11170065771292766,0.08682916044879235,28.31180155495904,0.056139142778943,0.05397246897757251,0.01013494503820125,0.08290648006748627,0.07545459616242749,0.8477169362578061,5,6,4228.473772625666,6.85,0,0.22939810976620792,0.03330654770151569,0.39978985187946986,19662,0.20960336691748505,3361.84
2017,5,Chamartin,3,Ciudad Jardín,053,0.02434648898001025,0.1233982573039467,12.31558674457073,18370,0.01458900381056069,240.31,2.3473859559200263,0.23172662263223975,0.3750294464075382,0.01186063750926612,1021,0.29285014691478944,0.0029382957884427,0.14691478942213515,0.0078354554358472,0.01860920666013712,0.1181273816004355,0.09254218835057158,28.31180155495904,0.056139142778943,0.05397246897757251,0.01013494503820125,0.08290648006748627,0.07545459616242749,0.8477169362578061,6,3,4358.076987032577,6.61,0,0.22634730538922157,0.03711993012719034,0.39729638391348426,19345,0.21155817529472065,3654.68
2017,5,Chamartin,4,Hispanoamérica,054,0.02279970581024761,0.10549971398218518,13.05186114831722,31342,0.01110331184991385,182.46,2.5534853313720705,0.2465196658879253,0.3925743216928469,0.01348039215686274,1441,0.3615544760582928,0.00346981263011797,0.16308119361554477,0.00624566273421235,0.02220680083275503,0.10270563461170316,0.08576351222002425,28.31180155495904,0.056139142778943,0.05397246897757251,0.01013494503820125,0.08290648006748627,0.07545459616242749,0.8477169362578061,6,3,4821.909268153232,4.85,0,0.18853295896879588,0.03110698627068198,0.5024666995559941,25701,0.17438914766691185,4290.1
2017,5,Chamartin,5,Nueva España,055,0.02159154145798553,0.10372843628269338,13.897670136993446,24156,0.00906607054148037,134.69,2.683361157484685,0.21157196184155955,0.35679278572828854,0.01814516129032258,833,0.26770708283313327,0.00360144057623049,0.1572629051620648,0.00720288115246098,0.02160864345738295,0.12564166252690842,0.09703593310150688,28.31180155495904,0.056139142778943,0.05397246897757251,0.01013494503820125,0.08290648006748627,0.07545459616242749,0.8477169362578061,7,2,5520.4265188656,4.15,0,0.1934923000496771,0.04048112816258813,0.5618736504069543,27478,0.19376739009460212,5052.32
2017,5,Chamartin,6,Castilla,056,0.01706904505612794,0.11902198985083808,11.796500333782678,16648,0.00840941854877462,76.8,2.5523604490235337,0.22466562236414023,0.3971574148565299,0.1780821917808219,527,0.3036053130929791,0.00569259962049335,0.174573055028463,0.00948766603415559,0.02466793168880455,0.11544930321960596,0.08751802018260452,28.31180155495904,0.056139142778943,0.05397246897757251,0.01013494503820125,0.08290648006748627,0.07545459616242749,0.8477169362578061,8,5,6669.055768164209,5.26,0,0.21305862566074,0.03452223159416797,0.482427620374671,22650,0.18037828694448715,3390.08
2017,6,Tetuan,1,Bellas Vistas,061,0.01866506107001548,0.13340787889213832,11.352219228008336,28437,0.01276505960544361,396.54,2.439274040942707,0.18650163969110337,0.3762525997352998,0.08904933814681107,1117,0.32408236347359,0.00537153088630259,0.11727842435094002,0.00537153088630259,0.00984780662488809,0.15631044062313185,0.12279776347716004,183.81166835272296,0.944769959267394,0.00444380005880099,0.00609320268371331,0.00264590103335245,0.12669956888984257,2.441539239718299,6,1,3909.922967262864,7.81,0,0.2595210465238949,0.03716633167601113,0.24673071790765944,13115,0.2288835369000516,2594.3
2017,6,Tetuan,2,Cuatro Caminos,062,0.01789694063618558,0.1285878300803674,12.562559060745356,34040,0.01689189189189189,286.39,2.29202404268251,0.23056750545111676,0.3800638977635783,0.03012746234067207,2057,0.4316966456003889,0.00631988332523091,0.17258142926592124,0.0053475935828877,0.02236266407389402,0.13134547591069332,0.10472972972972971,183.81166835272296,0.944769959267394,0.00444380005880099,0.00609320268371331,0.00264590103335245,0.12669956888984257,2.441539239718299,5,6,3851.772541242594,6.25,0,0.25123384253819037,0.0359479050032412,0.4037638084271887,19263,0.23623961639764976,3326.22
2017,6,Tetuan,3,Castillejos,063,0.01635206321334504,0.14003511852502196,12.89546804699284,20040,0.01941117764471058,283.56,2.1929323968393333,0.24246822139925933,0.3801857585139319,0.02350081037277147,1011,0.29080118694362017,0.00989119683481701,0.22551928783382788,0.0069238377843719,0.02077151335311572,0.14166666666666666,0.1060379241516966,183.81166835272296,0.944769959267394,0.00444380005880099,0.00609320268371331,0.00264590103335245,0.12669956888984257,2.441539239718299,9,2,4865.913979796185,6.43,0,0.2522455089820359,0.0404864377940146,0.4082061756578157,21041,0.25208516242317824,3621.63
2017,6,Tetuan,4,Almenara,064,0.02520547945205479,0.1372054794520548,10.46661794178332,22039,0.01406597395526112,219.96,2.4089863013698625,0.2083522882358293,0.4735807860262009,0.07440273037542662,771,0.29701686121919585,0.00259403372243839,0.13618677042801555,0.00259403372243839,0.01297016861219196,0.12881709696447208,0.09315304687145516,183.81166835272296,0.944769959267394,0.00444380005880099,0.00609320268371331,0.00264590103335245,0.12669956888984257,2.441539239718299,8,2,5985.2780487589325,11.4,0,0.23313217478106993,0.02629424074242563,0.20627338129496403,12877,0.22147945205479452,2556.33
2017,6,Tetuan,5,Valdeacederas,065,0.02266180142116381,0.15997695410024967,11.269395479118431,25277,0.01412351149266131,216.73,2.4211638179373907,0.15090822558895853,0.4031537450722733,0.101159114857745,962,0.3814968814968815,0.00103950103950103,0.09355509355509356,0.00727650727650727,0.00727650727650727,0.15041341931400087,0.12212683467183606,183.81166835272296,0.944769959267394,0.00444380005880099,0.00609320268371331,0.00264590103335245,0.12669956888984257,2.441539239718299,9,0,5518.012250818581,8.58,1,0.2686236499584603,0.04152454985325612,0.1962474645030426,11859,0.24803149606299213,2321.17
2017,6,Tetuan,6,Berruguete,066,0.0247170935080405,0.1480047647409172,11.149054433179373,24373,0.01321134041767529,400.52,2.413539805439749,0.17010775684790655,0.3989361702127659,0.10657894736842104,899,0.3526140155728587,0.00111234705228031,0.1167964404894327,0.00667408231368186,0.01334816462736373,0.16091576744758546,0.13055430189143724,183.81166835272296,0.944769959267394,0.00444380005880099,0.00609320268371331,0.00264590103335245,0.12669956888984257,2.441539239718299,8,1,4696.8582372321225,8.33,0,0.2542977885364953,0.03763263963148802,0.21266659670479587,12390,0.24032162001191185,2479.19
2017,7,Chamberi,1,Gaztambide,071,0.01405975395430579,0.12468267916422572,13.93644635902104,22488,0.01725364638918534,442.39,2.18765866041788,0.25667231991430867,0.3987132672578682,0.00749531542785758,1392,0.4260057471264368,0.0021551724137931,0.16666666666666666,0.00862068965517241,0.01436781609195402,0.12233191035218784,0.08991462113127001,28.740410196180783,0.03792244489789714,0.02222998521290023,0.08153823423167407,0.0128133767875826,0.0898392296999294,0.35161744022503516,3,1,2139.273308016623,6.42,0,0.2327463536108147,0.04400606980273141,0.4617730341973426,20504,0.24038273774653388,4121.88
2017,7,Chamberi,2,Arapiles,072,0.01988430947216196,0.13214027476500362,13.850141748118435,24271,0.01380248032631535,418.16,2.185375994215474,0.2419041316845196,0.37886818259531546,0.00589101620029455,1173,0.3887468030690537,0.00255754475703324,0.1577152600170503,0.01619778346121057,0.01364023870417732,0.1217502369082444,0.09492810349800174,28.740410196180783,0.03792244489789714,0.02222998521290023,0.08153823423167407,0.0128133767875826,0.0898392296999294,0.35161744022503516,6,1,1920.4473643335684,6.24,0,0.24531333690412427,0.04627982960420199,0.44024871094934787,20198,0.2465654374548084,4191.23
2017,7,Chamberi,3,Trafalgar,073,0.01994818652849741,0.1501727115716753,13.890750501551516,24616,0.01893077673058173,400.67,2.117098445595861,0.21071953010279004,0.3832752613240418,0.00339558573853989,1444,0.3559556786703601,0.00554016620498615,0.1904432132963989,0.00692520775623268,0.02008310249307479,0.12187195320116996,0.09806629834254144,28.740410196180783,0.03792244489789714,0.02222998521290023,0.08153823423167407,0.0128133767875826,0.0898392296999294,0.35161744022503516,3,8,1749.3435959707165,6.31,0,0.2669402014949626,0.05832925436449664,0.46295748248988855,20613,0.2954231433506045,4649.63
2017,7,Chamberi,4,Almagro,074,0.02077596996245306,0.12015018773466832,14.273419963056158,19766,0.01472225032884751,210.01,2.465331664580733,0.2382475378210986,0.3786490517792457,0.01001669449081803,1036,0.33204633204633205,0.00482625482625482,0.21621621621621623,0.00193050193050193,0.01158301158301158,0.11742385915207933,0.09647880198320348,28.740410196180783,0.03792244489789714,0.02222998521290023,0.08153823423167407,0.0128133767875826,0.0898392296999294,0.35161744022503516,3,5,1961.8302018492532,4.58,0,0.2205807953050693,0.05959995938673977,0.5035177790454459,26752,0.23817271589486855,5255.21
2017,7,Chamberi,5,Ríos Rosas,075,0.02068269715823104,0.13241970741550363,13.5201481035805,26919,0.01497083844124967,274.99,2.255170674289542,0.23420199082876636,0.3855460044571792,0.00783475783475783,1241,0.32151490733279614,0.0048348106365834,0.1925866236905721,0.0136986301369863,0.0112812248186946,0.1201753408373268,0.0966974999071288,28.740410196180783,0.03792244489789714,0.02222998521290023,0.08153823423167407,0.0128133767875826,0.0898392296999294,0.35161744022503516,4,2,2846.104919773461,5.37,0,0.24833760540881905,0.04470044364910711,0.47468557054653554,22204,0.23919623339498908,4300.47
2017,7,Chamberi,6,Vallehermoso,076,0.01416361416361416,0.09963369963369964,12.964921197400356,19874,0.01147227533460803,184.98,2.4150183150183224,0.28130845846604985,0.3855140186915888,0.00623441396508728,735,0.2748299319727891,0,0.17006802721088435,0.00952380952380952,0.01496598639455782,0.10787964174298076,0.07743785850860421,28.740410196180783,0.03792244489789714,0.02222998521290023,0.08153823423167407,0.0128133767875826,0.0898392296999294,0.35161744022503516,6,4,2895.965028339834,4.81,0,0.1953808996679078,0.02891956115071541,0.5054307116104869,24859,0.19572649572649573,3915.56
2017,8,Fuencarral-El Pardo,1,El Pardo,081,0.01778808971384377,0.0951276102088167,9.223280203849832,3414,0.00937316930287053,0.18,2.6249033255993837,0.2657631113730112,0.4656319290465632,0.08411214953271028,144,0.22916666666666663,0,0.2708333333333333,0.00694444444444444,0.11805555555555557,0.10222612770943176,0.07674282366725249,17.65641242087483,0.19750807987679145,0.11209421778023353,0.00889901820410784,0.05814692931246179,0.0624570691417179,1.6698860263067674,15,0,15968.221312001371,7.01,1,0.20943175161101343,0.01208014142604596,0.15088224702916816,15289,0.12993039443155452,2076.97
2017,8,Fuencarral-El Pardo,2,Fuentelarreina,082,0.02561756633119853,0.06129917657822507,10.505645823462036,3199,0.00937793060331353,23.12,2.9240622140896586,0.26220275344180227,0.301909307875895,0,24,0.25,0.04166666666666666,0.04166666666666666,0,0.125,0.07127227258518287,0.05564238824632698,17.65641242087483,0.19750807987679145,0.11209421778023353,0.00889901820410784,0.05814692931246179,0.0624570691417179,1.6698860263067674,13,0,7753.5321488741565,3.78,1,0.14254454517036574,0.0334793491864831,0.553091684434968,28731,0.0969807868252516,3010.15
2017,8,Fuencarral-El Pardo,3,Peñagrande,083,0.02590271560728141,0.09716502536556253,10.581630043614304,44341,0.0092690737691978,153.3,2.6417188898836073,0.2452668202973205,0.2670412675018423,0.02913453299057412,962,0.37525987525987525,0,0.10602910602910603,0.01247401247401247,0.01663201663201663,0.07938476804763087,0.06907827969599242,17.65641242087483,0.19750807987679145,0.11209421778023353,0.00889901820410784,0.05814692931246179,0.0624570691417179,1.6698860263067674,12,2,7057.610223581704,6.97,0,0.1912676755147606,0.02403867877637703,0.2826975084872547,17862,0.12509698597433602,2836.61
2017,8,Fuencarral-El Pardo,4,Pilar,084,0.01759028642590286,0.11529680365296804,10.3720454059814,45947,0.00831392691579428,336.03,2.3769198837692027,0.29658574921411107,0.31164433976151923,0.06592972759573629,1825,0.4367123287671233,0,0.1293150684931507,0.01205479452054794,0.0136986301369863,0.09933183885781444,0.08220340827475134,17.65641242087483,0.19750807987679145,0.11209421778023353,0.00889901820410784,0.05814692931246179,0.0624570691417179,1.6698860263067674,11,1,6654.963594575406,7.57,0,0.2078264086882713,0.02757160321341249,0.2114887329146657,14477,0.1453403902034039,2663.66
2017,8,Fuencarral-El Pardo,5,La Paz,085,0.01276493256262042,0.08542068079640334,9.878565365276977,33890,0.00554735910298023,156.88,2.7137925497752104,0.295713398219093,0.1985794317727091,0.01324503311258278,622,0.30064308681672025,0.00482315112540193,0.1414790996784566,0.00321543408360128,0.022508038585209,0.06479787547949248,0.0589849513130717,17.65641242087483,0.19750807987679145,0.11209421778023353,0.00889901820410784,0.05814692931246179,0.0624570691417179,1.6698860263067674,10,3,7117.797309101631,5.51,0,0.1996164060194748,0.0195248942401562,0.39305941344107354,22078,0.08028259473346179,2922.4
2017,8,Fuencarral-El Pardo,6,Valverde,086,0.05547755989312078,0.1189710610932476,10.810903801635767,60065,0.01286939149254973,66.82,2.717766405507004,0.11961140457582778,0.4123711340206186,0.03972048547260022,1600,0.24625,0.005,0.1525,0.006875,0.023125,0.1261799716973279,0.09333222342462331,17.65641242087483,0.19750807987679145,0.11209421778023353,0.00889901820410784,0.05814692931246179,0.0624570691417179,1.6698860263067674,11,4,9459.745172148325,7.07,0,0.21851327728294348,0.03212744330206128,0.3488917924893535,16091,0.17444862098636835,3350.75
2017,8,Fuencarral-El Pardo,7,Mirasierra,087,0.04246091780131114,0.08562783661119516,11.518255330306625,30900,0.01815533980582524,44.14,3.113262733232487,0.14419463522094078,0.2165805436980454,0,427,0.3395784543325527,0.00234192037470726,0.117096018735363,0.00936768149882904,0.03981264637002342,0.10650485436893203,0.07009708737864077,17.65641242087483,0.19750807987679145,0.11209421778023353,0.00889901820410784,0.05814692931246179,0.0624570691417179,1.6698860263067674,12,3,8861.590582904815,4.22,0,0.16297734627831714,0.02727743941946352,0.5111960148957779,23742,0.12455874936964197,3107.57
2017,8,Fuencarral-El Pardo,8,El Goloso,088,0.08764340793680647,0.10814369005078052,11.101575077556236,17422,0.01922856158879577,6.57,3.2751551626857336,0.08361088779143218,0.5364010989010989,0.00186567164179104,445,0.2651685393258427,0.00224719101123595,0.18202247191011237,0,0.051685393258426957,0.12708070255998163,0.09855355297899208,17.65641242087483,0.19750807987679145,0.11209421778023353,0.00889901820410784,0.05814692931246179,0.0624570691417179,1.6698860263067674,13,1,13001.86708747171,3.87,0,0.2143267133509356,0.02802342942460089,0.5130992196209587,20342,0.18882828662779763,3856.25
2017,9,Moncloa-Aravaca,1,Casa de Campo,091,0.0170166545981173,0.12961622013034033,11.538090250015143,12893,0.01039323664003723,7.35,2.324583635047068,0.25029203333073746,0.44741754822650903,0.0173053152039555,648,0.3796296296296297,0.00617283950617283,0.23765432098765432,0.00308641975308641,0.04012345679012345,0.0899713022570387,0.07042581245637168,82.68042026698512,0.22608053410023035,0.01134617009234854,0.0843045957102492,0.02192575604670496,0.08370187249257932,1.1310615430545483,2,8,4173.709669904124,7.82,0,0.18746606685798495,0.03683513745035433,0.3557527189467659,18938,0.19062273714699493,2826.96
2017,9,Moncloa-Aravaca,2,Argüelles,092,0.01657192407746411,0.13402061855670103,13.414225488262176,24064,0.01587433510638298,315.91,2.305713459870902,0.24971793907484016,0.3872155287817938,0.01227830832196453,1219,0.3601312551271534,0.00984413453650533,0.18949958982772763,0.01148482362592288,0.01558654634946677,0.11826795212765956,0.09092420212765956,82.68042026698512,0.22608053410023035,0.01134617009234854,0.0843045957102492,0.02192575604670496,0.08370187249257932,1.1310615430545483,2,2,1653.6887926611475,5.55,0,0.2251911569148936,0.04897413396849275,0.4680309509264915,23167,0.2374987956450525,3994
2017,9,Moncloa-Aravaca,3,Ciudad Universitaria,093,0.01995711693880917,0.1007751937984496,12.504906153541713,16090,0.00988191423244251,11.26,2.647699158832252,0.2530368155484956,0.33850320039389464,0.03134479271991911,790,0.1949367088607595,0.00126582278481012,0.1962025316455696,0.0050632911392405,0.05949367088607595,0.0966438781852082,0.07408328154133002,82.68042026698512,0.22608053410023035,0.01134617009234854,0.0843045957102492,0.02192575604670496,0.08370187249257932,1.1310615430545483,5,3,5161.047179825196,4.9,0,0.19844623990055937,0.02915342926555783,0.5140703920468211,23760,0.1723569190169883,3407.75
2017,9,Moncloa-Aravaca,4,Valdezarza,094,0.02637490639820284,0.10683085115234212,10.273226451671617,29306,0.01112400191087149,209.28,2.4333139196272477,0.2499829036449429,0.341403364792778,0.0625,614,0.33713355048859933,0,0.11400651465798044,0.00814332247557003,0.01628664495114006,0.09380331672695012,0.07619600081894493,82.68042026698512,0.22608053410023035,0.01134617009234854,0.0843045957102492,0.02192575604670496,0.08370187249257932,1.1310615430545483,9,2,5430.4959712467935,7.68,0,0.19852589913328328,0.0272173972509061,0.24240457024149573,14739,0.1483484482902072,2454.55
2017,9,Moncloa-Aravaca,5,Valdemarín,095,0.0727075420510038,0.08247422680412371,13.78942199766075,6438,0.01584342963653308,19.42,3.479652740097665,0.10353968501481368,0.3509036144578313,0,106,0.14150943396226415,0.04716981132075472,0.3018867924528302,0,0.00943396226415094,0.13156259707983847,0.10298229263746506,82.68042026698512,0.22608053410023035,0.01134617009234854,0.0843045957102492,0.02192575604670496,0.08370187249257932,1.1310615430545483,5,0,8461.673852404916,3.4,1,0.1481826654240447,0.03913924840168408,0.6044813695871097,30009,0.160607704829083,3906.57
2017,9,Moncloa-Aravaca,6,El Plantío,096,0.04939759036144578,0.0783132530120482,10.588235294117649,2720,0.00919117647058823,7.71,3.2771084337349374,0.19191176470588237,0.2796934865900383,0.00436681222707423,196,0.336734693877551,0.00510204081632653,0.16326530612244897,0.00510204081632653,0.01020408163265306,0.07757352941176471,0.075,82.68042026698512,0.22608053410023035,0.01134617009234854,0.0843045957102492,0.02192575604670496,0.08370187249257932,1.1310615430545483,5,0,11456.239375587473,3.2,1,0.1650735294117647,0.03198529411764706,0.5231409256370255,30210,0.09036144578313252,3144.23
2017,9,Moncloa-Aravaca,7,Aravaca,097,0.04359441408621736,0.08731026108075289,11.158134460715516,25724,0.02332452184730213,44.05,3.1207043108682413,0.14016109576248104,0.2656857301499167,0.02752293577981651,622,0.3520900321543408,0.00160771704180064,0.10128617363344052,0.01446945337620578,0.02411575562700964,0.1119188306639714,0.08828331519203857,82.68042026698512,0.22608053410023035,0.01134617009234854,0.0843045957102492,0.02192575604670496,0.08370187249257932,1.1310615430545483,5,0,7562.302874208347,4.01,1,0.15506919608148034,0.0486789369236157,0.5008131970260223,24362,0.12264723740133576,3597.78
2017,10,Latina,1,Los Cármenes,101,0.0325969411401205,0.1259076162521242,8.742163051847541,17097,0.00894893841024741,131.87,2.632009887223854,0.1750895110641545,0.4153536708012069,0.1039671682626539,310,0.23870967741935484,0,0.16774193548387098,0.0064516129032258,0.04838709677419355,0.10393636310463825,0.082821547639936835,39.28709413555895,0.0321662960633139,0.01761852380150287,0.12743902756211403,0.00229476042423752,0.11452131663587216,3.370848810777846,6,1,3189.554438507505,11.52,0,0.18149382932678249,0.03445442272700592,0.1458595717884131,11469,0.15078016375714506,1767.85
2017,10,Latina,2,Puerta del Angel,102,0.02190034762456547,0.12902665121668597,9.355046578331454,41131,0.0126668449587902,298.16,2.3757821552723124,0.21265180705262643,0.44002293577981655,0.0951252538930264,1516,0.3970976253298153,6.596306068601583e-4,0.11609498680738786,0.00923482849604221,0.00923482849604221,0.12606063553037855,0.10099438379810848,39.28709413555895,0.0321662960633139,0.01761852380150287,0.12743902756211403,0.00229476042423752,0.11452131663587216,3.370848810777846,3,2,2462.0227528519436,10.08,0,0.22457513797379103,0.04082329415207531,0.1739316762581119,12003,0.19860950173812283,1932.71
2017,10,Latina,3,Lucero,103,0.02397480855936449,0.09962069705861304,8.620340663498244,35385,0.01093683764306909,210.06,2.5240821584484427,0.2315631290935382,0.4143504346761357,0.08638562543192813,857,0.3733955659276546,0,0.13302217036172695,0.0116686114352392,0.02100350058343057,0.10654232019217184,0.08449908153172248,39.28709413555895,0.0321662960633139,0.01761852380150287,0.12743902756211403,0.00229476042423752,0.11452131663587216,3.370848810777846,5,1,4227.863152996435,9.86,0,0.1913240073477462,0.03371232527148486,0.14921618665694494,12173,0.1440635511343305,1707.95
2017,10,Latina,4,Aluche,104,0.01912931263521463,0.09143355979807948,8.16312889909944,65487,0.0099561745079176,229.16,2.478726230690398,0.30374998085963223,0.291324292987851,0.06681681681681682,1907,0.4011536444677504,0.0010487676979549,0.140534871525957,0.00943890928159412,0.0173046670162559,0.10098187426512133,0.07838196894040038,39.28709413555895,0.0321662960633139,0.01761852380150287,0.12743902756211403,0.00229476042423752,0.11452131663587216,3.370848810777846,6,3,5246.163985037182,8.88,0,0.18548719593201704,0.04509470653988087,0.13793363073390175,12726,0.10851330322237826,1702.67
2017,10,Latina,5,Campamento,105,0.02087052038994919,0.10448990800494302,8.978280251056072,18840,0.01066878980891719,20.42,2.577509268158727,0.2404645216279565,0.34182543198936644,0.08333333333333333,459,0.31808278867102396,0,0.1111111111111111,0.0130718954248366,0.0065359477124183,0.12452229299363056,0.0977176220806794,39.28709413555895,0.0321662960633139,0.01761852380150287,0.12743902756211403,0.00229476042423752,0.11452131663587216,3.370848810777846,6,1,9136.38284445581,8.26,0,0.2117303609341826,0.05039420413381634,0.16041638862938742,12669,0.13964025813538378,1818.73
2017,10,Latina,6,Cuatro Vientos,106,0.05775656324582338,0.1379474940334129,11.840905737470106,5490,0.00619307832422586,10.07,2.610023866348445,0.06510607168983175,0.2443820224719101,0,90,0.2,0,0.08888888888888889,0,0.03333333333333333,0.1111111111111111,0.0790528233151184,39.28709413555895,0.0321662960633139,0.01761852380150287,0.12743902756211403,0.00229476042423752,0.11452131663587216,3.370848810777846,8,1,8640.708002320105,8.17,0,0.25191256830601094,0.02103145574250183,0.23969344608879492,14827,0.29260143198090693,2253.75
2017,10,Latina,7,Águilas,107,0.02173596623162389,0.09878220367764784,8.137244198206316,51051,0.00922606804959746,141.15,2.4719324632477937,0.283459930518754,0.30715967317546045,0.01811125485122897,1100,0.4354545454545454,0,0.13818181818181818,0.01090909090909091,0.01909090909090909,0.08509137920902626,0.07139918904624787,39.28709413555895,0.0321662960633139,0.01761852380150287,0.12743902756211403,0.00229476042423752,0.11452131663587216,3.370848810777846,7,1,6885.9755107490355,9.06,0,0.16904663963487493,0.03330781762154311,0.11931248624728,12402,0.11780117413031876,1771.51
2017,11,Carabanchel,1,Comillas,111,0.0230924763222305,0.11195062253910824,8.9972625750413,22166,0.00875214292159162,331.62,2.3506438224965347,0.24491828511929015,0.3902033271719038,0.04157386785449146,825,0.36848484848484847,0.00121212121212121,0.12727272727272726,0.00606060606060606,0.0206060606060606,0.11734187494360732,0.09726608319047188,59.20308559285671,0.6624560520150136,0.01867916430195611,0.03654414464425069,0.02305369779738518,0.13802572152230755,1.0649557630616455,9,1,2716.71359451771,9.59,0,0.2185780023459352,0.04359636017927475,0.15507392473118278,12090,0.1745237841864425,1905.85
2017,11,Carabanchel,2,Opañel,112,0.02184353214562354,0.11804802478698684,8.738457544962252,32095,0.00729085527340707,289.18,2.4803253292021687,0.21311014646638143,0.4006447831184056,0.04656084656084656,1217,0.33442892358258014,0,0.12325390304026294,0.00657354149548069,0.01068200493015612,0.1302383548839383,0.1028820688580776,59.20308559285671,0.6624560520150136,0.01867916430195611,0.03654414464425069,0.02305369779738518,0.13802572152230755,1.0649557630616455,6,5,3342.7575110293496,9.12,0,0.21794672067300205,0.03913057056306798,0.1382747300557687,11468,0.17025561580170412,1714.06
2017,11,Carabanchel,3,San Isidro,113,0.02461828210129817,0.11912288962130894,8.85424077608547,38090,0.01118403780519821,199.84,2.553036927423142,0.19728106228264303,0.3880876068376068,0.06705824767498776,1109,0.2885482416591524,0,0.1163210099188458,0.00991884580703336,0.01532912533814247,0.1334470989761092,0.10286164347597794,59.20308559285671,0.6624560520150136,0.01867916430195611,0.03654414464425069,0.02305369779738518,0.13802572152230755,1.0649557630616455,8,0,3059.153910492342,12.15,1,0.2144657390391179,0.04718621561808409,0.1235544942862016,10565,0.16916661061411178,1881.82
2017,11,Carabanchel,4,Vista Alegre,114,0.02077570478488611,0.10423165205108588,8.167928101314818,44500,0.01013483146067415,278.88,2.6084397622270714,0.2344539711191336,0.3558849003945722,0.0373719107896323,2144,0.41744402985074625,0.00186567164179104,0.13152985074626866,0.0083955223880597,0.01026119402985074,0.134876404494382,0.10305617977528088,59.20308559285671,0.6624560520150136,0.01867916430195611,0.03654414464425069,0.02305369779738518,0.13802572152230755,1.0649557630616455,7,3,5063.086310850565,10.11,0,0.2053033707865169,0.03984657039711192,0.11161659513590844,10775,0.13112824436466364,1709.3
2017,11,Carabanchel,5,Puerta Bonita,115,0.026900680718445,0.11145739358648404,8.043074971132336,33075,0.00671201814058956,205.09,2.705732797506757,0.19693249674153557,0.394335847314145,0.05417463352453792,941,0.34006376195536664,0.00106269925611052,0.1073326248671626,0.00318809776833156,0.01381509032943677,0.14814814814814814,0.10430839002267574,59.20308559285671,0.6624560520150136,0.01867916430195611,0.03654414464425069,0.02305369779738518,0.13802572152230755,1.0649557630616455,10,0,5104.261852587482,11.28,1,0.20269085411942556,0.04470916310508927,0.09942011597680464,9712,0.1435249733453621,1509.58
2017,11,Carabanchel,6,Buenavista,116,0.0415617128463476,0.11694854264123786,9.588340682193836,45332,0.00992676255183976,80.61,2.713685978169613,0.1390337694483734,0.3252265140677158,0.02475247524752475,1302,0.35560675883256526,0,0.1313364055299539,0.00768049155145929,0.0184331797235023,0.10460601782405364,0.08078178769963823,59.20308559285671,0.6624560520150136,0.01867916430195611,0.03654414464425069,0.02305369779738518,0.13802572152230755,1.0649557630616455,10,3,6594.790504863614,8.68,0,0.18779228800847084,0.04055427864214991,0.15040904265284458,11927,0.1733237375554756,1791.67
2017,11,Carabanchel,7,Abrantes,117,0.02858464384828862,0.10582793709528214,8.185109385503097,29447,0.00519577546099772,187.74,2.717206290471788,0.1873489258843155,0.3850626930765037,0.03783231083844581,695,0.3985611510791367,0,0.1381294964028777,0.01007194244604316,0.01438848920863309,0.12860393248887833,0.10068937412979252,59.20308559285671,0.6624560520150136,0.01867916430195611,0.03654414464425069,0.02305369779738518,0.13802572152230755,1.0649557630616455,7,4,4633.638175169047,10.26,0,0.188779841749584,0.03666632621795526,0.11346998535871156,10544,0.12932469935245144,1640.68
2017,12,Usera,1,Orcasitas,121,0.03185397279885469,0.10450966356478168,7.29403453264745,22448,0.00539023521026372,165.13,2.672154617036504,0.19760692919010625,0.4439674649796656,0.0447427293064877,354,0.4491525423728814,0,0.1497175141242938,0.00282485875706214,0.01977401129943503,0.07711154668567356,0.06241090520313613,38.61068211744168,0.0718401610349181,0.06858190636368595,0.08849937410206746,0.00603248886285703,0.1696329873656253,4.733618381145419,8,0,5444.820243803643,11.04,1,0.1641126158232359,0.02035896062148406,0.07867607162235486,10529,0.11083273681698878,1419.55
2017,12,Usera,2,Orcasur,122,0.03328322954691862,0.1245436976594374,8.434931547358733,13383,0.01053575431517597,96.09,2.862572471548211,0.14837596579401396,0.3857431749241658,0.02475247524752475,234,0.3076923076923077,0,0.12393162393162394,0,0.01709401709401709,0.1096913995367257,0.08518269446312486,38.61068211744168,0.0718401610349181,0.06858190636368595,0.08849937410206746,0.00603248886285703,0.1696329873656253,4.733618381145419,7,1,5034.764224800982,13.1,0,0.20540984831502657,0.0264046208086415,0.08837835040877574,8966,0.15310285591582565,1419.16
2017,12,Usera,3,San Fermín,123,0.03851851851851852,0.11234567901234568,7.74384362665703,22969,0.00949105315860507,155.39,2.830370370370374,0.14472651138445433,0.33212778782399033,0.01788617886178862,379,0.3905013192612138,0.00263852242744063,0.17150395778364116,0.00263852242744063,0.0158311345646438,0.1117593277896295,0.08833645348077844,38.61068211744168,0.0718401610349181,0.06858190636368595,0.08849937410206746,0.00603248886285703,0.1696329873656253,4.733618381145419,8,1,5347.446205816762,11.27,0,0.1901693587008577,0.03424060019192182,0.09667896678966788,9254,0.1406172839506173,1417.14
2017,12,Usera,4,Almendrales,124,0.02235231506120276,0.11575306013837149,8.653418086311392,20590,0.01010199125789218,263.09,2.730840872804686,0.17364190012180267,0.44809203142536475,0.03615520282186948,718,0.36768802228412256,0.00139275766016713,0.13370473537604458,0.00139275766016713,0.0139275766016713,0.15988343856240894,0.12098105876639144,38.61068211744168,0.0718401610349181,0.06858190636368595,0.08849937410206746,0.00603248886285703,0.1696329873656253,4.733618381145419,6,1,3761.580223395432,9.95,0,0.2182127246236037,0.02942752740560292,0.09556777741831124,9589,0.15300691857370943,1888.3
2017,12,Usera,5,Moscardó,125,0.02228210177220437,0.11814695823401387,8.413133123516582,25422,0.00983400204547242,278.92,2.6270079801015664,0.1972936720845826,0.4201159768046391,0.04461756373937677,1004,0.37350597609561753,9.9601593625498e-4,0.14243027888446216,0.00796812749003984,0.01294820717131474,0.15411848005664386,0.1256392101329557,38.61068211744168,0.0718401610349181,0.06858190636368595,0.08849937410206746,0.00603248886285703,0.1696329873656253,4.733618381145419,6,1,3148.644346237265,9.21,0,0.22531665486586425,0.03353321761085684,0.10879676440849342,10132,0.14623277023525755,1668.8
2017,12,Usera,6,Zofío,126,0.02540134119081487,0.11745580166632798,8.374617634421075,13489,0.00437393431685076,173.72,2.7323714692135717,0.18697010263275324,0.4152744630071599,0.08199121522693997,360,0.28055555555555556,0,0.13055555555555556,0.00555555555555555,0.01388888888888888,0.1446363703758618,0.10823634072206983,38.61068211744168,0.0718401610349181,0.06858190636368595,0.08849937410206746,0.00603248886285703,0.1696329873656253,4.733618381145419,7,0,4309.52274503438,10.37,1,0.20223886129438803,0.04417670682730923,0.08665220820189275,9601,0.1294452347083926,1503.62
2017,12,Usera,7,Pradolongo,127,0.02392669268623791,0.11097912777872052,8.208967344608528,16881,0.01356554706474734,153.49,2.8537247581876857,0.1820776595112089,0.40202482037883736,0.08048595292331055,814,0.3464373464373464,0,0.13513513513513514,0.00491400491400491,0.00737100737100737,0.18665955808305196,0.14619986967596707,38.61068211744168,0.0718401610349181,0.06858190636368595,0.08849937410206746,0.00603248886285703,0.1696329873656253,4.733618381145419,6,0,4353.234146131321,9.71,1,0.23008115632960133,0.02705595528334425,0.06360093530787217,8225,0.12981503478703546,1480.9
2017,13,Puente de Vallecas,1,Entrevías,131,0.02645586716453483,0.10908079764836737,7.530084393668536,33646,0.01075907983118349,56.16,2.664733455152148,0.20336304820965384,0.4169476616331916,0.05783456624075319,750,0.308,0,0.18666666666666668,0.00666666666666666,0.02266666666666667,0.11395113832253465,0.09005528145990609,35.65916853253178,0.06305022430137931,0.02113273126115602,0.00968334388839697,0.04298275622023066,0.1147125376216525,3.168392318039812,7,0,5421.836821736098,14.22,1,0.19627890388159067,0.03568766584180556,0.04660515732197776,8611,0.12640025423055534,1207.88
2017,13,Puente de Vallecas,2,San Diego,132,0.03019284462047919,0.13693915979481852,9.015008641462474,39323,0.0153853978587595,366.38,2.545159405233417,0.15482932802694013,0.4127533366287692,0.0831689677843524,1724,0.4066125290023202,5.80046403712297e-4,0.12006960556844548,0.00464037122969837,0.01044083526682134,0.18953284337410675,0.14762352821503957,35.65916853253178,0.06305022430137931,0.02113273126115602,0.00968334388839697,0.04298275622023066,0.1147125376216525,3.168392318039812,7,2,4343.126303552097,12.17,0,0.24072425806779743,0.04413490484208374,0.08297031709046702,8413,0.20394779559768847,1468.96
2017,13,Puente de Vallecas,3,Palomeras Bajas,133,0.02824021028509806,0.12239671092538924,8.147366767330647,39393,0.0100271621861752,228.14,2.65073801981532,0.1633146024562028,0.3901603612019306,0.07873436350257543,784,0.3354591836734694,0,0.11607142857142858,0.00765306122448979,0.02295918367346939,0.10121087502855836,0.08453278501256568,35.65916853253178,0.06305022430137931,0.02113273126115602,0.00968334388839697,0.04298275622023066,0.1147125376216525,3.168392318039812,9,2,5299.099733980374,10.06,0,0.17906734699058208,0.02934221566782781,0.11198192956637804,11148,0.1483453528341309,1512.37
2017,13,Puente de Vallecas,4,Palomeras Sureste,134,0.02535567499209611,0.1226051217198862,8.33432688713021,42080,0.01052756653992395,135.08,2.65520075877331,0.1846065917317584,0.3739680082559339,0.09579439252336448,956,0.3169456066945607,0,0.12343096234309624,0.00836820083682008,0.01150627615062761,0.09515209125475284,0.08315114068441065,35.65916853253178,0.06305022430137931,0.02113273126115602,0.00968334388839697,0.04298275622023066,0.1147125376216525,3.168392318039812,12,2,6728.434764756167,11.18,0,0.2014020912547529,0.0301247856734616,0.08437881300253418,10595,0.13164717040784066,1310.56
2017,13,Puente de Vallecas,5,Portazgo,135,0.0251530852567122,0.11681582666038624,8.246992644225465,27762,0.0107340969670773,222.08,2.605275553462087,0.22249141204122225,0.39834227206240863,0.06266846361185983,897,0.40245261984392416,0,0.1426978818283166,0.00334448160535117,0.00780379041248606,0.11332036596786976,0.09051941502773576,35.65916853253178,0.06305022430137931,0.02113273126115602,0.00968334388839697,0.04298275622023066,0.1147125376216525,3.168392318039812,11,1,5623.053121168555,12.79,0,0.20809019523089117,0.03160368830229616,0.0672401767030923,9484,0.1283089967027791,1339.35
2017,13,Puente de Vallecas,6,Numancia,136,0.02538612749227745,0.1290087054198259,8.844096023977011,46019,0.01397248962385101,248.12,2.576804268463923,0.19019180470793373,0.3796699518679807,0.10098522167487683,1437,0.372303409881698,0,0.1315240083507307,0.00487125956854558,0.00765483646485734,0.143527673352311,0.11514809100588888,35.65916853253178,0.06305022430137931,0.02113273126115602,0.00968334388839697,0.04298275622023066,0.1147125376216525,3.168392318039812,9,0,4377.421642034768,12.12,1,0.2216910406571199,0.03914559721011335,0.09718698912001804,9818,0.1702330805953384,1509.27
2017,14,Moratalaz,1,Pavones,141,0.02363413136893799,0.11356660527931246,7.746706688722253,9152,0.00808566433566433,90.28,2.7977286678944155,0.2342292923752057,0.3573770491803279,0.05220883534136546,168,0.2261904761904762,0,0.1130952380952381,0.00595238095238095,0.04166666666666666,0.07834353146853147,0.063483391608391615,60.94657018889889,0.02008607473870063,0.0381803316451693,0.22039027781922152,0.03250095849712026,0.0696837478900602,0.6794010265093391,10,1,6486.612196477242,9.47,0,0.16859702797202797,0.05002742731760833,0.15868220399942454,13087,0.1025168815224064,1744.58
2017,14,Moratalaz,2,Horcajo,142,0.03990825688073395,0.13577981651376148,9.04692836600032,6453,0.00635363396869673,86.27,2.9518348623853212,0.07521367521367521,0.29545454545454547,0.04651162790697674,98,0.3775510204081632,0,0.1020408163265306,0,0,0.05315357198202386,0.06694560669456066,60.94657018889889,0.02008607473870063,0.0381803316451693,0.22039027781922152,0.03250095849712026,0.0696837478900602,0.6794010265093391,10,0,6656.046602301756,8.58,1,0.12552301255230125,0.01507381507381507,0.2939229132182549,15736,0.14724770642201834,2871.67
2017,14,Moratalaz,3,Marroquina,143,0.02089110741356997,0.0956738768718802,9.02418323399597,27427,0.00594304882050534,152.88,2.5296727676095285,0.2620039465029599,0.33472803347280333,0.06402164111812443,836,0.3684210526315789,0,0.1423444976076555,0.01555023923444976,0.01794258373205741,0.0618368760710249,0.05443541036205199,60.94657018889889,0.02008607473870063,0.0381803316451693,0.22039027781922152,0.03250095849712026,0.0696837478900602,0.6794010265093391,8,0,5474.216644103787,7.89,1,0.15430050679986873,0.01925747277643792,0.2293928521504124,16247,0.11055647994083934,2331.06
2017,14,Moratalaz,4,Media Legua,144,0.0163957399103139,0.1062219730941704,8.839687146751602,17862,0.00778188332773485,178.29,2.4959360986547,0.26837347706473524,0.348326359832636,0.01985559566787003,400,0.305,0,0.13,0.015,0.0375,0.07563542716381144,0.07026088903818162,60.94657018889889,0.02008607473870063,0.0381803316451693,0.22039027781922152,0.03250095849712026,0.0696837478900602,0.6794010265093391,7,2,4094.469166572383,10.1,0,0.17931922517075355,0.02706192802200887,0.20105671010919335,14613,0.12710201793721973,2055.62
2017,14,Moratalaz,5,Fontarrón,145,0.02208155454143971,0.09583394670984838,8.26474645701648,16770,0.0133571854502087,173.16,2.458854703371106,0.27587858468538584,0.43294270833333337,0.01927710843373494,355,0.504225352112676,0,0.11267605633802816,0.0028169014084507,0.01690140845070422,0.108288610614192,0.08527131782945736,60.94657018889889,0.02008607473870063,0.0381803316451693,0.22039027781922152,0.03250095849712026,0.0696837478900602,0.6794010265093391,10,0,5210.585238894585,10.58,1,0.18443649373881932,0.03843620906423996,0.12569288389513109,11607,0.12350949506845282,1831.42
2017,14,Moratalaz,6,Vinateros,146,0.02027777777777777,0.0948611111111111,8.825223373073394,16831,0.00938743984314657,282.28,2.3287500000000056,0.3110872547265462,0.4050996932515337,0.03482587064676617,328,0.5030487804878049,0,0.0975609756097561,0.02134146341463414,0.00304878048780487,0.08377398847364981,0.06939575782781772,60.94657018889889,0.02008607473870063,0.0381803316451693,0.22039027781922152,0.03250095849712026,0.0696837478900602,0.6794010265093391,9,1,5433.702198295059,8.76,0,0.1690333313528608,0.03655990934573865,0.1538856681588024,12856,0.13291666666666666,1891.11
2017,15,Ciudad Lineal,1,Ventas,151,0.0206879109762266,0.1116337885685382,9.350861181570064,47437,0.01127811623837932,147.92,2.39281740010116,0.24764300511563017,0.4275714895433205,0.05585200996086802,1521,0.32215647600262987,0,0.11505588428665352,0.00986193293885601,0.01775147928994083,0.1151211079958682,0.0907097835023294,19.99136347214076,0.2406954037306348,0.05633750573449977,0.0314352707672705,0.01528795071421973,0.10671014308635528,1.5530791788856304,8,1,4882.186837215816,9.07,0,0.2022261104201362,0.03824039233923815,0.15269382391590014,12072,0.16095093576125444,2040.86
2017,15,Ciudad Lineal,2,Pueblo Nuevo,152,0.01989226788819612,0.11180387665945624,8.995051882151095,60581,0.0118849144121094,260.5,2.5624549348941605,0.22196474385500287,0.37598806860551826,0.03864734299516908,2080,0.3610576923076923,4.807692307692308e-4,0.12451923076923076,0.00961538461538461,0.01394230769230769,0.11513510836730988,0.0912827454152292,19.99136347214076,0.2406954037306348,0.05633750573449977,0.0314352707672705,0.01528795071421973,0.10671014308635528,1.5530791788856304,9,3,5945.604635738793,8.77,0,0.20534491012033476,0.03509062318960523,0.1418187929332185,12033,0.1434024685074437,1909.86
2017,15,Ciudad Lineal,3,Quintana,153,0.02069845006866784,0.12124779281930548,9.873085943158324,24250,0.01476288659793814,334.41,2.372179713556978,0.23008849557522124,0.4583033788641265,0.03993344425956739,1166,0.3936535162950257,8.576329331046312e-4,0.12006861063464835,0.00857632933104631,0.01286449399656946,0.14202061855670103,0.11278350515463915,19.99136347214076,0.2406954037306348,0.05633750573449977,0.0314352707672705,0.01528795071421973,0.10671014308635528,1.5530791788856304,9,4,5499.8856260243065,8.97,0,0.21781443298969072,0.03812753287569268,0.1943845601067652,13096,0.1820678830684717,2362.88
2017,15,Ciudad Lineal,4,La Concepción,154,0.02467619472979008,0.11489504242965608,10.36606514914989,20590,0.01340456532297231,231.76,2.2925413130861987,0.24522696278979153,0.4468718967229394,0.07224080267558529,936,0.3311965811965812,0.0032051282051282,0.14316239316239315,0.00747863247863247,0.02457264957264957,0.1105876639145216,0.08411850412821759,19.99136347214076,0.2406954037306348,0.05633750573449977,0.0314352707672705,0.01528795071421973,0.10671014308635528,1.5530791788856304,8,1,5286.9078554012285,8,0,0.2010199125789218,0.04519774011299436,0.25883209906519367,15202,0.1874720857525681,3050.2
2017,15,Ciudad Lineal,5,San Pascual,155,0.02568561872909699,0.11357859531772577,11.117576331744688,18146,0.00975421580513611,171.95,2.4216722408026676,0.25610429786763894,0.3259275237273511,0.02211874272409779,548,0.34124087591240876,0.00364963503649635,0.1259124087591241,0.00364963503649635,0.01277372262773722,0.07582938388625593,0.06789375068885704,19.99136347214076,0.2406954037306348,0.05633750573449977,0.0314352707672705,0.01528795071421973,0.10671014308635528,1.5530791788856304,8,1,5179.583389520239,7.6,0,0.1863220544472611,0.02955474533200751,0.2984162267296471,17620,0.15264214046822744,3351.96
2017,15,Ciudad Lineal,6,San Juan Bautista,156,0.03408615641990799,0.0987034713508992,11.930057271114146,12404,0.01056110931957433,122.34,2.5861564199079905,0.212015848629417,0.3169336384439359,0.01075268817204301,380,0.29736842105263156,0.00263157894736842,0.15,0.0131578947368421,0.02105263157894736,0.09214769429216382,0.08215091905836827,19.99136347214076,0.2406954037306348,0.05633750573449977,0.0314352707672705,0.01528795071421973,0.10671014308635528,1.5530791788856304,8,2,5517.381509267848,5.73,0,0.1717994195420832,0.0386512492924719,0.4696558462707632,22460,0.16227519866164786,3672.22
2017,15,Ciudad Lineal,7,Colina,157,0.03746978243352135,0.10515713134568896,12.109609939482942,6147,0.01252643565967138,109.38,2.4665592264303,0.229500163345312,0.30676156583629893,0.0217983651226158,261,0.20306513409961685,0.00383141762452107,0.10344827586206896,0.01532567049808429,0.02298850574712643,0.11940784122336098,0.08622092077436147,19.99136347214076,0.2406954037306348,0.05633750573449977,0.0314352707672705,0.01528795071421973,0.10671014308635528,1.5530791788856304,8,0,5876.295736381089,6.64,1,0.1807385716609728,0.04688010454099968,0.4442799746246563,21959,0.19016921837228043,3239.28
2017,15,Ciudad Lineal,8,Atalaya,158,0.03886925795053003,0.1166077738515901,13.182720953326712,1562,0.01216389244558258,62.76,2.759717314487633,0.22471190781049935,0.2849002849002849,0.02439024390243902,34,0.08823529411764706,0,0.14705882352941177,0,0.0588235294117647,0.1120358514724712,0.10179257362355952,19.99136347214076,0.2406954037306348,0.05633750573449977,0.0314352707672705,0.01528795071421973,0.10671014308635528,1.5530791788856304,7,0,6201.670718009656,4.93,1,0.1523687580025608,0.05313700384122918,0.4807692307692308,25974,0.17491166077738515,3768.78
2017,15,Ciudad Lineal,9,Costillares,159,0.03423698612702049,0.09112892961690212,11.768746187090963,22008,0.00672482733551435,153.73,2.7925416825760427,0.2070552846269541,0.2661237068016729,0.01082251082251082,388,0.28350515463917525,0.01288659793814433,0.13659793814432988,0.01030927835051546,0.02577319587628866,0.08333333333333333,0.07483642311886586,19.99136347214076,0.2406954037306348,0.05633750573449977,0.0314352707672705,0.01528795071421973,0.10671014308635528,1.5530791788856304,11,2,7261.6630548985795,5.45,0,0.15839694656488548,0.0243379973565471,0.5039622641509434,23569,0.13071146748122697,3363.67
2017,16,Hortaleza,1,Palomas,161,0.04105166051660516,0.08671586715867159,12.53293804999587,6680,0.00943113772455089,59.14,3.082103321033212,0.13888057467824003,0.17780172413793102,0.00628930817610062,133,0.24812030075187969,0.0150375939849624,0.15037593984962405,0.0075187969924812,0.06766917293233082,0.08308383233532934,0.06721556886227545,38.168658895997254,0.07027672680578219,0.02209499816418318,0.04518685267595788,0.07027119864646206,0.07918010439870998,2.3389420019795306,13,0,8501.46490391082,4.12,1,0.14161676646706586,0.05746782400478899,0.5160142348754448,27209,0.113929889298893,3411.13
2017,16,Hortaleza,2,Piovera,162,0.03533123028391167,0.1028391167192429,12.807000905525708,14499,0.0143458169528933,46.1,3.043953732912721,0.1307862373911842,0.25303750660327523,0.0060790273556231,284,0.2007042253521127,0.00704225352112676,0.1267605633802817,0.02464788732394366,0.06690140845070422,0.11180081384923098,0.0824194772053245,38.168658895997254,0.07027672680578219,0.02209499816418318,0.04518685267595788,0.07027119864646206,0.07918010439870998,2.3389420019795306,9,0,7272.732325749381,3.84,1,0.15732119456514243,0.097346966975266,0.5295475067723487,27758,0.1455310199789695,3842.37
2017,16,Hortaleza,3,Canillas,163,0.02189229994967287,0.10530951182687467,10.353976517266451,40606,0.00773284736245875,160.55,2.547810770005022,0.25928395061728393,0.2937815446147986,0.09238095238095238,1326,0.31598793363499245,7.541478129713424e-4,0.11990950226244344,0.01809954751131222,0.02488687782805429,0.07819041520957494,0.06634487514160468,38.168658895997254,0.07027672680578219,0.02209499816418318,0.04518685267595788,0.07027119864646206,0.07918010439870998,2.3389420019795306,9,2,7296.312864197992,7.6,0,0.1864256513815692,0.03459259259259258,0.22903474903474905,16175,0.12801962757926522,2663.67
2017,16,Hortaleza,4,Pinar del Rey,164,0.02470784641068447,0.10240877653231575,9.492103863491849,52106,0.01059378958277357,195.01,2.4787025995707266,0.26296039718277336,0.323673618733992,0.12392241379310344,1501,0.3810792804796802,0.00199866755496335,0.11592271818787477,0.0106595602931379,0.01865423051299133,0.09002801980578053,0.07398380224926113,38.168658895997254,0.07027672680578219,0.02209499816418318,0.04518685267595788,0.07027119864646206,0.07918010439870998,2.3389420019795306,7,6,7830.265113595043,9.12,0,0.18761754884274365,0.03277142747180849,0.17668211217298968,14113,0.12926305747674696,2329.34
2017,16,Hortaleza,5,Apóstol Santiago,165,0.02456018115310921,0.11304650757707715,9.050950340266125,15225,0.00669950738916256,125.92,2.6430935377111986,0.20976670620798735,0.3773169965441407,0.05569620253164557,227,0.3656387665198238,0,0.18061674008810572,0.00881057268722467,0.02202643171806167,0.08637110016420362,0.07376026272577997,38.168658895997254,0.07027672680578219,0.02209499816418318,0.04518685267595788,0.07027119864646206,0.07918010439870998,2.3389420019795306,12,1,7594.745484802367,9.06,0,0.17563218390804597,0.02695400026360881,0.21990780262933243,14396,0.13081344713464554,2454.31
2017,16,Hortaleza,6,Valdefuentes,166,0.06256890848952591,0.13489525909592062,11.399488636971236,51735,0.01886537160529622,30.83,2.8481808158765176,0.06917508613014361,0.23978735310576385,0.00984251968503937,686,0.2259475218658892,0.00437317784256559,0.18658892128279883,0.01020408163265306,0.02478134110787172,0.13377790663960568,0.09040301536677298,38.168658895997254,0.07027672680578219,0.02209499816418318,0.04518685267595788,0.07027119864646206,0.07918010439870998,2.3389420019795306,9,0,10287.171310638792,5.49,1,0.23256982700299603,0.03756822668679596,0.46965403235328845,19838,0.20760749724366043,2874.51
2017,17,Villaverde,1,"Villaverde Alto, Casco Histórico de Villaverde",171,0.0309065934065934,0.11856893106893109,7.5086779303806095,43593,0.0108274264216732,46.95,2.7128496503496473,0.17802481069759948,0.3813833225597931,0.03001395998138669,2509,0.23874053407732165,0.00159426066161817,0.07692307692307693,0.00398565165404543,0.00996412913511359,0.12745165508223796,0.1009795150597573,28.76777383182797,0.22249528064910803,0.03457988912057568,0.04614359890927792,0.02657308715476885,0.12275608661505666,1.14300494952602,11,2,8429.32700119977,12.6,0,0.19994035739682975,0.04241754700913716,0.0733709117938553,9354,0.1358016983016983,1295.69
2017,17,Villaverde,2,San Cristóbal,172,0.0277389742566354,0.09459189782478548,6.781749403798902,15257,0.0136986301369863,140.3,3.030732388744769,0.14347797458352538,0.5245525470399266,0.03537735849056604,281,0.4306049822064057,0,0.16370106761565836,0.00355871886120996,0.02491103202846975,0.1858818902798715,0.14157435931048043,28.76777383182797,0.22249528064910803,0.03457988912057568,0.04614359890927792,0.02657308715476885,0.12275608661505666,1.14300494952602,11,0,8593.62312004166,15.04,1,0.22271744117454284,0.0347665766774215,0.04357689762737499,6624,0.11394931151466774,984.34
2017,17,Villaverde,3,Butarque,173,0.05084191597188164,0.13601438613699526,8.139510765630908,17290,0.00682475419317524,27.05,2.8191924145823206,0.08564801391707741,0.24170616113744076,0.0184757505773672,332,0.3493975903614458,0,0.13253012048192772,0.01204819277108433,0.01204819277108433,0.1377674956622325,0.07848467322151532,28.76777383182797,0.22249528064910803,0.03457988912057568,0.04614359890927792,0.02657308715476885,0.12275608661505666,1.14300494952602,10,0,9220.485082086132,9.28,1,0.22330827067669173,0.03989562191939692,0.12808341103670426,10698,0.16445970246853034,1464.26
2017,17,Villaverde,4,Los Rosales,174,0.02813220599538816,0.11583397386625673,7.797368803374178,36572,0.00683583069014546,236.74,2.8036894696387287,0.16764447856124576,0.31103843008994275,0.05006418485237484,993,0.4310171198388721,0,0.1299093655589124,0.00503524672708962,0.0161127895266868,0.11421305917095044,0.09263917751285136,28.76777383182797,0.22249528064910803,0.03457988912057568,0.04614359890927792,0.02657308715476885,0.12275608661505666,1.14300494952602,10,1,6973.898781754612,10.37,0,0.1851689817346604,0.04019081039587674,0.09555042110755012,10311,0.1212913143735588,1363.3
2017,17,Villaverde,5,Ángeles,175,0.02099204333841205,0.08820044015574742,7.397271864579129,30332,0.00853883687195041,156.31,2.56060606060606,0.27367690324286803,0.3830172726174659,0.02412060301507537,782,0.49872122762148335,0,0.1163682864450128,0.00383631713554987,0.00767263427109974,0.10256494790979824,0.0834102597916392,28.76777383182797,0.22249528064910803,0.03457988912057568,0.04614359890927792,0.02657308715476885,0.12275608661505666,1.14300494952602,9,1,6844.387373280107,10.88,0,0.1810629038639061,0.03272619086972331,0.09298362291129768,11245,0.10233621127475875,1311
2017,18,Villa de Vallecas,1,Casco Histórico de Vallecas,181,0.04731100963977676,0.15119228817858954,8.550472019382868,79849,0.00656238650452729,16.26,2.5460426179604188,0.09978578189607933,0.3245132301547679,0.02986985278429699,3172,0.25504413619167715,0.00283732660781841,0.09047919293820932,0.00567465321563682,0.01103404791929382,0.05539205249909203,0.0485290986737467,156.52594559523237,0.6410365270691378,0.04158601570079372,0.2051674248745795,0.0069779032581429,0.08386244146292413,0.5921084250492623,14,4,10796.279013944326,12.4,0,0.2790642337411865,0.03860907686942659,0.16491843536221715,9380,0.23947234906139017,1675.39
2017,18,Villa de Vallecas,2,Santa Eugenia,182,0.02095604893520616,0.11633439057544176,7.618466438335548,24186,0.00682212850409327,115.99,2.7332351608518257,0.1964026689875254,0.24562143912217768,0.04038772213247173,475,0.37684210526315787,0,0.12842105263157894,0.01052631578947368,0.04,0.0690482097080956,0.05515587529976019,156.52594559523237,0.6410365270691378,0.04158601570079372,0.2051674248745795,0.0069779032581429,0.08386244146292413,0.5921084250492623,13,0,8760.143905748453,9.18,1,0.1958157611841561,0.06523270753035766,0.14913257997771764,13616,0.09696420480289988,1669.44
2017,18,Villa de Vallecas,3,Ensanche de Vallecas,183,NA,NA,10.439604845757485,NA,NA,NA,NA,NA,NA,NA,NA,NA,NA,NA,NA,NA,NA,NA,NA,NA,NA,NA,NA,NA,NA,18,NA,10345.169422666564,8.08,NA,NA,NA,NA,13831,NA,2230.9
2017,19,Vicalvaro,1,Casco Histórico de Vicálvaro,191,0.04216405651078742,0.1199759062534224,8.401810684833452,51449,0.00666679624482497,15.71,2.824444201073263,0.10990694067468013,0.280119950608573,0.03893575600259572,1156,0.39186851211072665,8.650519031141869e-4,0.10726643598615918,0.01124567474048443,0.02162629757785467,0.07061361736865635,0.05652199265291842,63.642535575494335,0.1900971279771244,0.05552037427766212,0.05477773795384583,0.01045393441845871,0.09201867211031962,10.365470339467368,11,4,11070.107694737308,12.27,0,0.15955606522964488,0.04201240791004265,0.1857098600276002,9571,0.1508049501697514,1565.07
2017,19,Vicalvaro,2,Valdebernardo,192,0.02586445366528354,0.10567081604426004,7.806445264067602,18543,0.00258857790001617,75.95,2.55477178423236,0.24508689296735425,0.35873647006847803,0.10755813953488372,419,0.34844868735083534,0,0.15990453460620524,0.0071599045346062,0.00954653937947494,0.05139405705657121,0.04983012457531144,63.642535575494335,0.1900971279771244,0.05552037427766212,0.05477773795384583,0.01045393441845871,0.09201867211031962,10.365470339467368,11,0,7725.943998639332,9.25,1,0.1967858491074799,0.08510638297872339,0.06494325346784363,13876,0.116597510373444,2032.44
2017,19,Vicalvaro,3,Valderrivas,193,NA,NA,8.901801174502733,NA,NA,NA,NA,NA,NA,NA,NA,NA,NA,NA,NA,NA,NA,NA,NA,NA,NA,NA,NA,NA,NA,14,NA,8888.946651932158,5.63,NA,NA,NA,NA,14373,NA,2238.22
2017,19,Vicalvaro,4,El Cañaveral,194,NA,NA,NA,NA,NA,NA,NA,NA,NA,NA,NA,NA,NA,NA,NA,NA,NA,NA,NA,NA,NA,NA,NA,NA,NA,22,NA,13555.04820544874,6.53,NA,NA,NA,NA,13434,NA,NA
2017,20,San Blas-Canillejas,1,Simancas,201,0.03367924528301887,0.1310377358490566,10.728695871260838,26560,0.01577560240963855,116.37,2.4990566037735844,0.16998867497168743,0.47390628469908946,0.02575107296137339,1107,0.26558265582655827,0.007226738934056,0.16982836495031617,0.01174345076784101,0.00993676603432701,0.13614457831325302,0.09627259036144578,126.97713907284768,0.6983907458236148,0.01400670314758391,0.00789780058112277,0.01013887746068367,0.08839897121607701,1.9001776772734615,11,2,7030.432045184826,9.94,0,0.20677710843373495,0.04835787089467724,0.1777435081086459,13028,0.18283018867924528,1887.16
2017,20,San Blas-Canillejas,2,Hellín,202,0.02340136054421768,0.10258503401360544,8.706823732514161,8869,0.02018265869883865,160.38,2.4027210884353685,0.26081540203850506,0.603126356925749,0.0625,96,0.4583333333333333,0,0.09375,0,0.03125,0.10531063254030894,0.07937760739654978,126.97713907284768,0.6983907458236148,0.01400670314758391,0.00789780058112277,0.01013887746068367,0.08839897121607701,1.9001776772734615,13,0,7594.896410828338,12.89,1,0.18694328560153345,0.0260475651189128,0.06387197280838408,10355,0.12272108843537416,1161.14
2017,20,San Blas-Canillejas,3,Amposta,203,0.02984624660838106,0.11214953271028036,8.98553167322526,8229,0.01834973872888564,221.61,2.4736207416340075,0.2185252894576478,0.5276073619631901,0.06396588486140725,252,0.5198412698412699,0,0.11507936507936509,0.00396825396825396,0.0079365079365079309,0.1318507716611982,0.09417912261514157,126.97713907284768,0.6983907458236148,0.01400670314758391,0.00789780058112277,0.01013887746068367,0.08839897121607701,1.9001776772734615,13,1,7068.52015726901,13.34,0,0.20366994774577712,0.03059110298598415,0.05514063244875258,8987,0.14923123304190533,1183.21
2017,20,San Blas-Canillejas,4,Arcos,204,0.0285136955545577,0.1176470588235294,8.863300784570546,23826,0.01036682615629984,181.96,2.6660305343511452,0.18497620952461155,0.44707489187343497,0.02830188679245283,348,0.4885057471264368,0,0.14655172413793102,0.00862068965517241,0.01436781609195402,0.09296566775791151,0.07466633089901788,126.97713907284768,0.6983907458236148,0.01400670314758391,0.00789780058112277,0.01013887746068367,0.08839897121607701,1.9001776772734615,10,2,7390.381770409414,10.35,0,0.16922689498866783,0.02661164680618132,0.10728034420289854,11189,0.1341490794791199,1676.72
2017,20,San Blas-Canillejas,5,Rosas,205,0.03677277716794731,0.10940358580314671,9.17770213824932,31566,0.0048153076094532,33.89,2.8821807537504625,0.12425415767424149,0.27305236270753513,0.02737047898338221,741,0.33873144399460187,0,0.13900134952766532,0.00674763832658569,0.01619433198380566,0.05819552683266806,0.05268326680605715,126.97713907284768,0.6983907458236148,0.01400670314758391,0.00789780058112277,0.01013887746068367,0.08839897121607701,1.9001776772734615,12,3,9425.773230671271,6.23,0,0.1287144395868973,0.02478735559223054,0.236745886654479,15723,0.12248444932308818,2894.59
2017,20,San Blas-Canillejas,6,Rejas,206,0.04443753884400248,0.15304536979490366,10.223030790573342,15818,0.01207485143507396,31.45,2.451056556867619,0.11562599049128368,0.4402412280701754,0.01340782122905027,671,0.31296572280178836,0.02384500745156483,0.11177347242921014,0.01192250372578241,0.02533532041728763,0.16727778480212416,0.1281451510936907,126.97713907284768,0.6983907458236148,0.01400670314758391,0.00789780058112277,0.01013887746068367,0.08839897121607701,1.9001776772734615,13,0,11809.638279292903,6.67,1,0.24389935516500189,0.05648177496038034,0.3163817166782973,15608,0.23632691112492232,2175.62
2017,20,San Blas-Canillejas,7,Canillejas,207,0.02308615753993905,0.10684273709483794,8.794421526268335,28510,0.00954051210101718,177.9,2.6247114230307464,0.22946205537768707,0.3314934069303894,0.04038461538461539,976,0.4149590163934426,0.00102459016393442,0.1260245901639344,0.00922131147540983,0.01639344262295082,0.1004209049456331,0.0853384777271133,126.97713907284768,0.6983907458236148,0.01400670314758391,0.00789780058112277,0.01013887746068367,0.08839897121607701,1.9001776772734615,13,1,8480.247381347568,9.22,0,0.20017537706068048,0.0550610421137811,0.13355077967919218,12337,0.1242035275648721,1805.21
2017,20,San Blas-Canillejas,8,El Salvador,208,0.02602579132473622,0.10035169988276672,9.962597020805502,11397,0.00666842151443362,60.51,2.6675263774912117,0.19504262986727608,0.33663812528165843,0.02710843373493976,205,0.2097560975609756,0.00975609756097561,0.16585365853658535,0.01951219512195122,0.03414634146341464,0.06738615425111871,0.06501710976572782,126.97713907284768,0.6983907458236148,0.01400670314758391,0.00789780058112277,0.01013887746068367,0.08839897121607701,1.9001776772734615,12,1,6971.53446021352,6.45,0,0.15293498289023427,0.03612551639272216,0.3526321932998716,20471,0.13833528722157093,2692.27
2017,21,Barajas,1,Alameda de Osuna,211,0.03463325355483598,0.0844713501337463,9.396560341525191,19436,0.00812924470055567,98.39,2.729269322821339,0.23903848137831424,0.160336642209754,0.008130081300813,363,0.34710743801652894,0.01652892561983471,0.15151515151515152,0.00550964187327823,0.03856749311294766,0.0662687795842766,0.06230705906565137,95.79887671057952,0.07098485566559942,0.05346331564142925,0.23838947551399697,0.12398135302111334,0.07455840942059903,1.5791601932449402,14,2,10536.67663481015,5.71,0,0.16968512039514302,0.03120808831115237,0.35281222168938825,19871,0.10038012107560186,2626.62
2017,21,Barajas,2,Aeropuerto,212,0.02967359050445104,0.1172106824925816,8.49056603773585,1784,0.0100896860986547,0.6,2.646884272997031,0.1507847533632287,0.4498141263940521,0.01685393258426966,436,0.3830275229357798,0.00458715596330275,0.231651376146789,0.00229357798165137,0.00458715596330275,0.10369955156950672,0.0812780269058296,95.79887671057952,0.07098485566559942,0.05346331564142925,0.23838947551399697,0.12398135302111334,0.07455840942059903,1.5791601932449402,10,2,13762.923551699036,9.11,0,0.2158071748878924,0.05325112107623317,0.06451612903225806,9814,0.16913946587537093,2588.5016666666666
2017,21,Barajas,3,Casco Histórico de Barajas,213,0.0180564674983585,0.16513460275771505,10.189856485845423,7330,0.00941336971350614,133.11,2.4008535784635647,0.18282510597565976,0.362752430815258,0.06954887218045112,370,0.372972972972973,0.03783783783783784,0.1918918918918919,0.03243243243243243,0.01081081081081081,0.134924965893588,0.11446111869031378,95.79887671057952,0.07098485566559942,0.05346331564142925,0.23838947551399697,0.12398135302111334,0.07455840942059903,1.5791601932449402,11,0,12378.237526796634,8.97,1,0.25607094133697134,0.07151647750581155,0.11846101923725952,12560,0.21109652002626397,2269.95
2017,21,Barajas,4,Timón,214,0.04350961538461538,0.1485576923076923,10.081921250797787,11049,0.00805502760430808,21.64,2.6497596153846064,0.1026943663249569,0.308303886925795,0.02064896755162242,219,0.2374429223744292,0.0273972602739726,0.182648401826484,0.0136986301369863,0.0136986301369863,0.13485383292605663,0.075662955923613,95.79887671057952,0.07098485566559942,0.05346331564142925,0.23838947551399697,0.12398135302111334,0.07455840942059903,1.5791601932449402,11,1,10920.45258282059,6.22,0,0.2410172866322744,0.04336387553297651,0.27294594252437016,15337,0.19663461538461535,2775.45
2017,21,Barajas,5,Corralejos,215,0.06157536985205918,0.10715713714514194,11.659090983007932,7388,0.00974553329723876,15.74,2.9468212714914044,0.10054274084124833,0.31713900134952766,0,237,0.14345991561181434,0.02109704641350211,0.32489451476793246,0.00421940928270042,0.02953586497890295,0.09840281537628588,0.07173795343800758,95.79887671057952,0.07098485566559942,0.05346331564142925,0.23838947551399697,0.12398135302111334,0.07455840942059903,1.5791601932449402,9,1,9762.83872924395,4.33,0,0.13684353004872768,0.04301221166892809,0.4813658130335207,23340,0.16113554578168732,2808.86
2018,1,Centro,1,Palacio,011,0.01893533404787424,0.17827795641300465,13.59174525476164,22580,0.01005314437555358,153.17,2.0109860664523045,0.18916278036864312,0.340455505987321,0.02857142857142857,1736,0.3185483870967742,0.01555299539170507,0.3289170506912442,0.00806451612903225,0.02476958525345622,0.1425155004428698,0.10690876882196634,169.90138306044676,0.5204868767434887,0.00389037035422582,0.02113920494145363,0.06680943660282077,0.17849371373307543,0.8887014415038635,1,4,834.2994999607662,7.69,0,0.26682905225863596,0.09393737508327782,0.4113412280244144,19443,0.34262236513040373,4255.3
2018,1,Centro,2,Embajadores,012,0.01745248538011696,0.1873629385964912,13.339595279150121,44796,0.02290383069916957,431.74,2.0390168128654973,0.14382702218238852,0.3707742639040349,0.03159235668789809,3005,0.4871880199667221,0.00732113144758735,0.15707154742096505,0.00299500831946755,0.01430948419301164,0.1725154031609965,0.13356103223502097,169.90138306044676,0.5204868767434887,0.00389037035422582,0.02113920494145363,0.06680943660282077,0.17849371373307543,0.8887014415038635,1,7,913.3760035725892,7.93,0,0.33148048932940444,0.08899843154828588,0.34328397603399585,14311,0.3748629385964912,4182.95
2018,1,Centro,3,Cortes,013,0.01640552995391705,0.18599078341013825,13.836074106071075,10555,0.02160113690194221,177.93,1.9411981566820276,0.16873991073972083,0.3410241980866629,0.00741289844329132,1170,0.3017094017094017,0.0376068376068376,0.3547008547008547,0.00512820512820512,0.03333333333333333,0.15935575556608242,0.13756513500710563,169.90138306044676,0.5204868767434887,0.00389037035422582,0.02113920494145363,0.06680943660282077,0.17849371373307543,0.8887014415038635,1,1,710.3835020983723,6.45,0,0.30004737091425865,0.12695850346595766,0.4542972589275964,20947,0.3891244239631336,5303.59
2018,1,Centro,4,Justicia,014,0.01803846613307848,0.18623820332098912,14.74787818836092,16623,0.02677013776093364,224.2,1.980408553338908,0.16395222584147665,0.3583517292126564,0.00292682926829268,1905,0.441994750656168,0.01312335958005249,0.2635170603674541,0.00262467191601049,0.01784776902887139,0.18011189316007942,0.12807555796186007,169.90138306044676,0.5204868767434887,0.00389037035422582,0.02113920494145363,0.06680943660282077,0.17849371373307543,0.8887014415038635,2,3,971.4253672516414,6.05,0,0.30217168982734766,0.10875859572927976,0.4814366998577525,23760,0.3862143113128658,5882.35
2018,1,Centro,5,Universidad,015,0.01695880529013478,0.1855976713282288,14.599039512644708,30991,0.0196508663805621,325.91,1.9551351009302032,0.165194031783021,0.35991379310344823,0.03625170998632011,2370,0.3755274261603376,0.01223628691983122,0.26286919831223626,0.00590717299578059,0.02531645569620253,0.17369558904197993,0.12219676680326548,169.90138306044676,0.5204868767434887,0.00389037035422582,0.02113920494145363,0.06680943660282077,0.17849371373307543,0.8887014415038635,2,6,952.231102999974,6.56,0,0.31999612790810233,0.09725863352429036,0.4176194442341183,17882,0.3823324685186357,5017.09
2018,1,Centro,6,Sol,016,0.01582618025751073,0.1821351931330472,13.708952346792362,7233,0.01576109498133554,161.71,1.931598712446352,0.1716428273850854,0.3187702265372168,5.790387955993051e-4,1587,0.4543163201008192,0.02709514807813484,0.29300567107750475,0,0.01827347195967233,0.1808378266279552,0.13369279690308308,169.90138306044676,0.5204868767434887,0.00389037035422582,0.02113920494145363,0.06680943660282077,0.17849371373307543,0.8887014415038635,0,7,0,6.69,0,0.3103829669570026,0.1327593389806971,0.4000965250965251,17550,0.3964592274678111,5035.6
2018,2,Arganzuela,1,Imperial,021,0.01924076963078523,0.1456058242329693,12.489748285120662,22776,0.00702493853178784,234.78,2.362870514820593,0.21000044016021832,0.3554810312303501,0.01901565995525727,736,0.3138586956521739,0.00543478260869565,0.14266304347826086,0.02989130434782608,0.02717391304347826,0.07639620653319283,0.0690200210748156,78.61027331242134,0.03450465911158543,0.01267622653440974,0.00184872748252914,0.02404593012677217,0.0841034092618389,2.924201616006157,6,0,1701.7017735258637,6.53,1,0.20530382859149984,0.03006294291121968,0.3667670407883931,19841,0.20717628705148208,3380.81
2018,2,Arganzuela,2,Acacias,022,0.01775494276795005,0.1294875130072841,12.687392712256388,36837,0.00165594375220566,342.37,2.3901534859521334,0.22072868765475767,0.30954142011834324,0.01361031518624641,1185,0.3206751054852321,8.438818565400844e-4,0.1350210970464135,0.00843881856540084,0.02362869198312236,0.07937671363031734,0.06971251730596954,78.61027331242134,0.03450465911158543,0.01267622653440974,0.00184872748252914,0.02404593012677217,0.0841034092618389,2.924201616006157,4,2,1817.5812482709264,6.23,0,0.21605993973450607,0.02748224538107806,0.37816258464440927,20065,0.1984261186264308,3940.92
2018,2,Arganzuela,3,Chopera,023,0.01753560080028245,0.13993174061433447,11.523503754382576,19859,0.01153129563422126,348.7,2.33011651171002,0.232031920804081,0.3942098389203309,0.02566844919786096,714,0.3907563025210084,0.00280112044817927,0.13585434173669467,0.00560224089635854,0.0238095238095238,0.11838461151115363,0.0962787652953321,78.61027331242134,0.03450465911158543,0.01267622653440974,0.00184872748252914,0.02404593012677217,0.0841034092618389,2.924201616006157,5,1,2545.0185470969996,7.25,0,0.2388337781358578,0.0293954240113137,0.2558893715964021,15019,0.1966576438743086,3429.29
2018,2,Arganzuela,4,Legazpi,024,0.03365384615384615,0.17307692307692307,13.3252940770118,19280,0.0091804979253112,136.11,2.5710470085470085,0.08326407645958861,0.26762320648783533,0.02517985611510791,437,0.2517162471395881,0,0.18077803203661327,0.0068649885583524,0.02745995423340961,0.0950207468879668,0.0766597510373444,78.61027331242134,0.03450465911158543,0.01267622653440974,0.00184872748252914,0.02404593012677217,0.0841034092618389,2.924201616006157,5,1,3482.1731601336073,4.48,0,0.22505186721991705,0.02872428838562227,0.4581355200690549,20366,0.2307692307692308,4166.91
2018,2,Arganzuela,5,Delicias,025,0.02493243832272687,0.14924592450527416,12.630921631827178,27573,0.01033619845501033,260.49,2.3949960770639,0.16809230881228843,0.34062364660025984,0.00737618545837723,790,0.37088607594936707,0.00126582278481012,0.16329113924050634,0.01265822784810126,0.00886075949367088,0.10912849526710912,0.09454901534109456,78.61027331242134,0.03450465911158543,0.01267622653440974,0.00184872748252914,0.02404593012677217,0.0841034092618389,2.924201616006157,4,2,2594.8560961675425,5.98,0,0.22812171327022812,0.03392421650347614,0.3622551540367444,17879,0.22168947781361695,3645.75
2018,2,Arganzuela,6,Palos de la Frontera,026,0.01588657328322514,0.1586094977792962,12.501492873945276,25849,0.01299856861000425,397.07,2.199180047830543,0.20514214696287092,0.383756152972359,0.01586252478519497,1314,0.3386605783866058,0.00532724505327245,0.1552511415525114,0.0121765601217656,0.0121765601217656,0.12104917018066463,0.10271190374869434,78.61027331242134,0.03450465911158543,0.01267622653440974,0.00184872748252914,0.02404593012677217,0.0841034092618389,2.924201616006157,3,1,1750.053657056307,6.58,0,0.2603195481449959,0.04528507068510176,0.3429794361217084,16980,0.2634950461223095,3811.33
2018,2,Arganzuela,7,Atocha,027,0.04275534441805225,0.13064133016627075,9.917491749174918,1167,0.00342759211653813,15.84,2.7672209026128267,0.09785407725321887,0.2631578947368421,0,166,0.3132530120481928,0,0.1867469879518072,0.00602409638554216,0.00602409638554216,0.05998286203941731,0.05141388174807198,78.61027331242134,0.03450465911158543,0.01267622653440974,0.00184872748252914,0.02404593012677217,0.0841034092618389,2.924201616006157,4,2,2733.93717430477,8.25,0,0.17309340188517566,0.02575107296137339,0.27033792240300375,15310,0.1995249406175772,3621.7544444444443
2018,3,Retiro,1,Pacífico,031,0.01989335520918786,0.1319387476073284,12.39928254539386,33691,0.01104152444272951,443.14,2.29703308722997,0.2452307967024791,0.35800970873786403,0.00798934753661784,1225,0.4546938775510204,0,0.13142857142857142,0.01142857142857142,0.01387755102040816,0.09085512451396516,0.07981360007123564,67.48190947191952,0.03185446938199002,0.01913204691361944,0.06129127053740323,0.07615577403887253,0.06435539571972339,1.1668063704945515,5,2,2621.775098928446,5.75,0,0.20910628951351992,0.03258831582393381,0.3813457549401361,19527,0.19585726004922063,3938.3
2018,3,Retiro,2,Adelfas,032,0.02270027715454665,0.13870925168272402,12.220916614898243,18360,0.00866013071895424,286.29,2.4211429325590603,0.20697737803216135,0.31208849091387936,0.00192307692307692,416,0.2980769230769231,0.00721153846153846,0.1153846153846154,0.01442307692307692,0.01923076923076923,0.08393246187363834,0.07194989106753813,67.48190947191952,0.03185446938199002,0.01913204691361944,0.06129127053740323,0.07615577403887253,0.06435539571972339,1.1668063704945515,6,1,3369.1505563810074,6.24,0,0.2133442265795207,0.02594712455710002,0.3791091894859653,20494,0.19994720865778012,3807.3
2018,3,Retiro,3,Estrella,033,0.01588958478311296,0.0806077476223614,11.158308562436488,23295,0.00815625670744795,226.6,2.6951983298538624,0.30467337980893366,0.3015536723163842,0.00978473581213307,436,0.3761467889908257,0.00229357798165137,0.10550458715596332,0.0091743119266055,0.02064220183486238,0.06245975531229877,0.05378836660227516,67.48190947191952,0.03185446938199002,0.01913204691361944,0.06129127053740323,0.07615577403887253,0.06435539571972339,1.1668063704945515,7,0,3330.247447548994,5.14,1,0.16969306718179866,0.01712711937344005,0.44678331090174966,23697,0.09464161447459986,3721.52
2018,3,Retiro,4,Ibiza,034,0.02186620480623511,0.11874864689326696,13.91141232790341,21535,0.01546319944276758,436.45,2.324312621779606,0.2489754098360656,0.3909465020576132,9.242144177449168e-4,997,0.4784353059177533,0,0.18856569709127383,0.00802407221664995,0.00401203610832497,0.10944973299280242,0.08827490132342698,67.48190947191952,0.03185446938199002,0.01913204691361944,0.06129127053740323,0.07615577403887253,0.06435539571972339,1.1668063704945515,5,1,2569.6136361740228,5.79,0,0.2025539818899466,0.04689828614008942,0.44231656668204894,21400,0.20188352457241823,5001.62
2018,3,Retiro,5,Los Jerónimos,035,0.01708185053380783,0.09715302491103205,12.802693510681824,7103,0.01633112769252428,37.11,2.51779359430605,0.26558303886925794,0.3906333155934007,0.0050125313283208,357,0.25770308123249297,0.0196078431372549,0.2492997198879552,0.00840336134453781,0.04201680672268908,0.10009854990848938,0.08996198789243981,67.48190947191952,0.03185446938199002,0.01913204691361944,0.06129127053740323,0.07615577403887253,0.06435539571972339,1.1668063704945515,3,1,1693.9136733919286,3.71,0,0.188230325214698,0.05696113074204947,0.4848746758859118,27289,0.18434163701067616,6004.08
2018,3,Retiro,6,Niño Jesús,036,0.0193640078166637,0.08065375732812223,12.929718079104836,15316,0.00835727343954035,237.53,2.7145141232901047,0.26407068062827227,0.32366790582403965,0.00357142857142857,478,0.25523012552301255,0,0.12552301255230125,0.00418410041841004,0.01255230125523012,0.07528075215460955,0.06744580830504047,67.48190947191952,0.03185446938199002,0.01913204691361944,0.06129127053740323,0.07615577403887253,0.06435539571972339,1.1668063704945515,6,3,2715.894836350448,4.37,0,0.1649908592321755,0.02611256544502617,0.5276639344262295,26377,0.11600639545212292,4922.28
2018,4,Salamanca,1,Recoletos,041,0.01992807911297572,0.1213664968534612,16.58018522875021,15816,0.01568032372281234,180.45,2.360803116571771,0.22715156130997716,0.33500977926795195,0,1626,0.5891758917589176,0.01107011070110701,0.15559655596555966,0.004920049200492,0.01291512915129151,0.12044764795144158,0.10192210419828024,61.38911504485521,0.00659447504792336,0.03977172422092862,0.21253507983654396,0.0198089633868693,0.11510449651678276,0.8682760088131731,5,2,1781.686697174278,3.72,0,0.2199671219018715,0.08676059913683677,0.5761120394684491,30933,0.26895415043452203,7555.48
2018,4,Salamanca,2,Goya,042,0.01655151469136739,0.13263989066889378,14.184700734854932,29678,0.01415189702810162,384.32,2.2476653253359653,0.2352047020672882,0.36334913112164297,0.0010183299389002,1816,0.480726872246696,0.00220264317180616,0.1800660792951542,0.00605726872246696,0.01486784140969163,0.12325628411618034,0.10030999393490128,61.38911504485521,0.00659447504792336,0.03977172422092862,0.21253507983654396,0.0198089633868693,0.11510449651678276,0.8682760088131731,4,6,2696.9525069184683,4.78,0,0.23542691556034773,0.06076881502499662,0.4922221761314141,24045,0.2390099460936907,5569.25
2018,4,Salamanca,3,Fuente del Berro,043,0.01974042970880139,0.1345839240920493,12.77045367740828,20807,0.01446628538472629,243.34,2.262733122477915,0.24625247023666075,0.3807007242121746,0.01295097132284921,876,0.3219178082191781,0,0.1358447488584475,0.00342465753424657,0.02511415525114155,0.11645119430960736,0.08891238525496227,61.38911504485521,0.00659447504792336,0.03977172422092862,0.21253507983654396,0.0198089633868693,0.11510449651678276,0.8682760088131731,7,1,3556.0177734228823,5.86,0,0.2271831595136252,0.04926013399527643,0.394229077473462,19451,0.2176900425346275,4724.5
2018,4,Salamanca,4,Guindalera,044,0.01810083937646319,0.1251070633243876,12.952025544414862,41390,0.01432713215752597,257.42,2.3559070404842117,0.24670980876899584,0.420375282444248,0.00941059930658741,1653,0.3369630973986691,0.00483968542044767,0.12583182093163944,0.00846944948578342,0.02177858439201451,0.10669243778690506,0.08253201256342112,61.38911504485521,0.00659447504792336,0.03977172422092862,0.21253507983654396,0.0198089633868693,0.11510449651678276,0.8682760088131731,7,3,3851.510247708037,5.54,0,0.22275912056052183,0.04057296589834945,0.44328076842514735,21251,0.210186718437732,4075.49
2018,4,Salamanca,5,Lista,045,0.02038603339839514,0.1286055085664715,14.397193136748111,21016,0.01598781880472021,402.83,2.2723921058338754,0.23964497041420116,0.3769414575866189,8.47457627118644e-4,1110,0.4144144144144144,0.0063063063063063,0.19099099099099096,0.0072072072072072,0.01621621621621621,0.12195470118005328,0.09716406547392464,61.38911504485521,0.00659447504792336,0.03977172422092862,0.21253507983654396,0.0198089633868693,0.11510449651678276,0.8682760088131731,5,5,2933.199100215949,4.65,0,0.23957936810049485,0.06093720175606032,0.5009193902366689,23870,0.23498156582086316,5511.5
2018,4,Salamanca,6,Castellana,046,0.01282051282051282,0.118006993006993,15.809345220162491,16984,0.01277673104097974,219.11,2.468822843822844,0.23031983949014517,0.34537535229310784,0.0016116035455278,1149,0.4482158398607485,0.01044386422976501,0.18798955613577023,0.00696257615317667,0.01740644038294168,0.1368346679227508,0.09485398021667452,61.38911504485521,0.00659447504792336,0.03977172422092862,0.21253507983654396,0.0198089633868693,0.11510449651678276,0.8682760088131731,5,1,2491.06903091583,3.42,0,0.23728214790390956,0.07512097250088515,0.549814126394052,30670,0.24737762237762237,6908.64
2018,5,Chamartin,1,El Viso,051,0.01699669966996699,0.10544554455445544,14.1460624808566,17180,0.01105937136204889,100.31,2.8292079207920793,0.2146981627296588,0.3681064928008693,0.00514933058702368,859,0.26542491268917345,0.00232828870779976,0.16065192083818394,0.00465657741559953,0.02328288707799767,0.10750873108265424,0.08614668218859138,21.236193343287898,0.5104941792884472,0.02557321874181221,0.01676739343268461,0.03314635999655329,0.08152166411307576,0.8387980210146773,6,2,3488.8511843402644,3.15,0,0.2080325960419092,0.04806065908428113,0.55895129944364,29874,0.16716171617161715,5506.71
2018,5,Chamartin,2,Prosperidad,052,0.01836889281656356,0.1293397298320919,12.539305322819612,36628,0.0114393360270831,351.15,2.3053907334932457,0.2466184765346914,0.3295214832907738,0.02235550708833151,1437,0.3910925539318024,0.00278357689631176,0.1419624217118998,0.00835073068893528,0.00835073068893528,0.1022168832587092,0.08700993775253904,21.236193343287898,0.5104941792884472,0.02557321874181221,0.01676739343268461,0.03314635999655329,0.08152166411307576,0.8387980210146773,5,6,4228.473772625666,5.98,0,0.2289778311674129,0.03543069930452878,0.41636808090278943,20239,0.2064764549930564,4054.69
2018,5,Chamartin,3,Ciudad Jardín,053,0.02380048107355361,0.1290036713508039,12.906006164505468,18553,0.01514579852314989,242.51,2.3404228383339665,0.23010764320874127,0.3662435354960038,0.01102130786186627,1030,0.28640776699029125,0.0029126213592233,0.14466019417475728,0.00776699029126213,0.02233009708737864,0.11442893332614672,0.09766614563682424,21.236193343287898,0.5104941792884472,0.02557321874181221,0.01676739343268461,0.03314635999655329,0.08152166411307576,0.8387980210146773,6,3,4358.076987032577,5.64,0,0.22691747965288633,0.04110996916752313,0.41644295302013423,20938,0.21344473984048615,4215.44
2018,5,Chamartin,4,Hispanoamérica,054,0.02222946014168227,0.10504030616399317,13.760963356816902,31474,0.00943636017029929,183.2,2.554596531227099,0.24607146272272337,0.3902849740932643,0.01340645947592931,1451,0.35286009648518263,0.00413507925568573,0.16195727084769124,0.00689179875947622,0.02205375603032391,0.10020969689267333,0.0795577301899981,21.236193343287898,0.5104941792884472,0.02557321874181221,0.01676739343268461,0.03314635999655329,0.08152166411307576,0.8387980210146773,6,3,4821.909268153232,4.54,0,0.18558175001588612,0.03177891817805119,0.5172711216987719,27033,0.17425291100073284,5035.74
2018,5,Chamartin,5,Nueva España,055,0.02400698384984723,0.1063945875163684,14.55175104506949,24551,0.00822777076290171,136.84,2.673068529026626,0.20934030045721752,0.35725429017160687,0.01810865191146881,836,0.2595693779904306,0.00358851674641148,0.1590909090909091,0.00837320574162679,0.02392344497607655,0.1095678383772555,0.092827176082440635,21.236193343287898,0.5104941792884472,0.02557321874181221,0.01676739343268461,0.03314635999655329,0.08152166411307576,0.8387980210146773,7,2,5520.4265188656,3.93,0,0.1933526129281903,0.04139451338994121,0.5777704882182494,29308,0.19445656918376256,5719.41
2018,5,Chamartin,6,Castilla,056,0.01822877107701655,0.11681604131854778,12.33877264520619,16941,0.00838203175727525,78.06,2.562813307002886,0.22328255586509396,0.3955402176798513,0.17759562841530055,532,0.2951127819548872,0.0112781954887218,0.17669172932330826,0.0112781954887218,0.02443609022556391,0.10861224248863705,0.09592113806741044,21.236193343287898,0.5104941792884472,0.02557321874181221,0.01676739343268461,0.03314635999655329,0.08152166411307576,0.8387980210146773,8,5,6669.055768164209,4.92,0,0.21952659229089191,0.03597889870191453,0.5025026543303504,24158,0.18016102081118032,4500.53
2018,6,Tetuan,1,Bellas Vistas,061,0.01801648678507691,0.13818305430441064,11.982761935572018,28862,0.01604185434134848,402,2.4432735616554773,0.18549565217391303,0.36564785299081193,0.08871454435727218,1118,0.315742397137746,0.00536672629695885,0.11717352415026834,0.00536672629695885,0.00983899821109123,0.1524842353267272,0.12247938465802784,82.37388051210922,0.6707025614180815,0.01308542186706756,0.05305300673778636,0.07244990651769191,0.15857200561657273,2.4065042729033372,6,1,3909.922967262864,6.73,0,0.2600651375511053,0.03766956521739131,0.26167404744157496,13609,0.23259964306960143,3097.95
2018,6,Tetuan,2,Cuatro Caminos,062,0.01681689761872729,0.1295573792546751,13.337037895571822,34348,0.01409106789332712,289.05,2.304184044127539,0.2296082209377007,0.37520661157024793,0.02954719877206446,2062,0.4185257032007759,0.007274490785645,0.1755577109602328,0.00678952473326867,0.02279340446168768,0.12769302433911728,0.10373238616513336,82.37388051210922,0.6707025614180815,0.01308542186706756,0.05305300673778636,0.07244990651769191,0.15857200561657273,2.4065042729033372,5,6,3851.772541242594,5.79,0,0.25331897053685803,0.03678402522333157,0.4185681128369934,19996,0.23375487690030944,4067.98
2018,6,Tetuan,3,Castillejos,063,0.01618821497949493,0.13997409885603282,13.704518798622786,20440,0.01379647749510763,288.97,2.197604144183035,0.23960123753867307,0.3783562205369953,0.022508038585209,1041,0.28434197886647455,0.01056676272814601,0.21902017291066284,0.00768491834774255,0.0201729106628242,0.13140900195694716,0.10895303326810175,82.37388051210922,0.6707025614180815,0.01308542186706756,0.05305300673778636,0.07244990651769191,0.15857200561657273,2.4065042729033372,9,2,4865.913979796185,5.55,0,0.2608610567514677,0.04164415852281097,0.4250559284116331,21945,0.25361536801208723,4048.17
2018,6,Tetuan,4,Almenara,064,0.02412233469739392,0.14721085505061382,11.045108873027006,22498,0.02533558538536759,224.35,2.414494938617273,0.20248873823647473,0.468942731277533,0.07457627118644068,789,0.2965779467680608,0.00253485424588086,0.13054499366286437,0.00126742712294043,0.01520912547528517,0.12276646813050048,0.09680860520935194,82.37388051210922,0.6707025614180815,0.01308542186706756,0.05305300673778636,0.07244990651769191,0.15857200561657273,2.4065042729033372,8,2,5985.2780487589325,10.17,0,0.2349986665481376,0.02939208777485393,0.22155823655429024,13130,0.22550075382295928,3066.02
2018,6,Tetuan,5,Valdeacederas,065,0.02248904135696588,0.16266437964551173,11.786977265904264,25631,0.01455269010182981,219.79,2.4367257480465025,0.1477454929412225,0.3967707781895183,0.10095642933049948,962,0.36382536382536385,0.00103950103950103,0.09147609147609148,0.00623700623700623,0.00831600831600831,0.1528617689516601,0.12469275486715306,82.37388051210922,0.6707025614180815,0.01308542186706756,0.05305300673778636,0.07244990651769191,0.15857200561657273,2.4065042729033372,9,0,5518.012250818581,7.32,1,0.2679957863524638,0.04297837393922801,0.20730429576410717,12284,0.24709357728225653,2658.04
2018,6,Tetuan,6,Berruguete,066,0.0222813763186434,0.14788524105294293,11.80593019457669,24672,0.01228112840466926,405.36,2.4261066745538797,0.167953511053316,0.3951125090733123,0.1062295081967213,911,0.3468715697036224,0.00109769484083424,0.11745334796926454,0.00987925356750823,0.01536772777167947,0.15308852140077822,0.1245136186770428,82.37388051210922,0.6707025614180815,0.01308542186706756,0.05305300673778636,0.07244990651769191,0.15857200561657273,2.4065042729033372,8,1,4696.8582372321225,7.1,0,0.25648508430609596,0.04010890767230168,0.2271645805317058,12831,0.2411515330769989,2817.63
2018,7,Chamberi,1,Gaztambide,071,0.01515590307944782,0.12462592914373974,14.77611137325318,22742,0.01376308152317298,447.52,2.1880490394825753,0.25725756639901176,0.387926599211113,0.00678175092478421,1410,0.4212765957446809,0.00212765957446808,0.16950354609929075,0.01063829787234042,0.01276595744680851,0.12144930085304724,0.094450795884267,58.41717454875466,0.0317500238159714,2.9300204200871036e-4,0.01258257099373884,0.01238507079976863,0.0983253623083703,0.34932799377691987,3,1,2139.273308016623,5.91,0,0.2377099639433647,0.04389834995146916,0.4790538003540203,21315,0.24413553431798435,4831.87
2018,7,Chamberi,2,Arapiles,072,0.01750920355571518,0.13423722726048307,14.513902206139376,24417,0.01498955645656714,420.85,2.1850588129657895,0.24035340045202383,0.3720294067361942,0.00581818181818181,1208,0.37334437086092714,0.00248344370860927,0.15562913907284767,0.01572847682119205,0.01241721854304635,0.11962976614653724,0.09935700536511446,58.41717454875466,0.0317500238159714,2.9300204200871036e-4,0.01258257099373884,0.01238507079976863,0.0983253623083703,0.34932799377691987,6,1,1920.4473643335684,5.46,0,0.24908874964164313,0.04873638791863571,0.45902215969046783,21397,0.24916943521594684,5091.47
2018,7,Chamberi,3,Trafalgar,073,0.01841335398382378,0.1509206676991912,14.56237833377059,24592,0.016102797657774882,400.78,2.110049905351919,0.21176038820698936,0.37069131523204313,0.00337078651685393,1446,0.3450899031811895,0.00691562932226832,0.19225449515905949,0.00691562932226832,0.01867219917012448,0.12890370852309693,0.10556278464541316,58.41717454875466,0.0317500238159714,2.9300204200871036e-4,0.01258257099373884,0.01238507079976863,0.0983253623083703,0.34932799377691987,3,8,1749.3435959707165,5.6,0,0.2662654521795706,0.06186029441748561,0.4812056037884767,21756,0.2957322319738427,5201.14
2018,7,Chamberi,4,Almagro,074,0.0196688659280468,0.12834557450516618,14.818552530255491,19852,0.01274430787829941,211.09,2.4647080791734095,0.23960806101318247,0.3718381112984823,0.00967741935483871,1078,0.3228200371057514,0.00371057513914656,0.21335807050092764,0.00463821892393321,0.01298701298701298,0.114547652629458,0.09908321579689704,58.41717454875466,0.0317500238159714,2.9300204200871036e-4,0.01258257099373884,0.01238507079976863,0.0983253623083703,0.34932799377691987,3,5,1961.8302018492532,4.31,0,0.2195748539190006,0.05949795444214353,0.5130665320035349,26957,0.23353666127225195,6257.77
2018,7,Chamberi,5,Ríos Rosas,075,0.0204761112035958,0.13151323455968036,14.10214564117369,27114,0.01453123847458877,277.31,2.251456633927085,0.2337609523457429,0.3805155780483947,0.00774647887323943,1263,0.3174980205859066,0.00475059382422802,0.20110847189231987,0.01425178147268408,0.01108471892319873,0.11861031201593272,0.0943055248211256,58.41717454875466,0.0317500238159714,2.9300204200871036e-4,0.01258257099373884,0.01238507079976863,0.0983253623083703,0.34932799377691987,4,2,2846.104919773461,4.85,0,0.24802684959799365,0.0472475877111908,0.4889915737972275,23756,0.24488097219910104,5277.92
2018,7,Chamberi,6,Vallehermoso,076,0.01537352870526062,0.10233005044439106,13.773073592732215,20121,0.01038715769593956,187.48,2.4076387220754265,0.2799561009677741,0.3822166785459729,0.00601684717208182,768,0.2838541666666667,0,0.16145833333333334,0.00911458333333333,0.01692708333333333,0.09959743551513343,0.07753093782615178,58.41717454875466,0.0317500238159714,2.9300204200871036e-4,0.01258257099373884,0.01238507079976863,0.0983253623083703,0.34932799377691987,6,4,2895.965028339834,4.58,0,0.19586501664927192,0.0322258804749077,0.5224083575446622,25400,0.19601249099207305,4564.21
2018,8,Fuencarral-El Pardo,1,El Pardo,081,0.02201974183750949,0.1017463933181473,9.267004613573285,3481,0.01292731973570813,0.18,2.624145785876993,0.2624421296296296,0.4652701212789415,0.08333333333333333,144,0.22916666666666663,0,0.2708333333333333,0.00694444444444444,0.11805555555555557,0.08129847744900891,0.07296753806377478,119.5539297827783,0.5773410944426465,0.01975484086836306,0.04175458507416583,0.03450242301687366,0.06837416847790292,1.6400443477189668,15,0,15968.221312001371,6.22,1,0.20798621085894856,0.01331018518518518,0.16153028692879914,16112,0.13515565679574792,2430.23
2018,8,Fuencarral-El Pardo,2,Fuentelarreina,082,0.02529358626919602,0.05781391147244805,10.316371662525508,3242,0.01141270820481184,23.39,2.921409214092141,0.2597402597402597,0.3226190476190476,0,24,0.25,0.04166666666666666,0.04166666666666666,0,0.16666666666666666,0.0783466995681678,0.0715607649599013,119.5539297827783,0.5773410944426465,0.01975484086836306,0.04175458507416583,0.03450242301687366,0.06837416847790292,1.6400443477189668,13,0,7753.5321488741565,3.27,1,0.13849475632325725,0.03153988868274583,0.5570698466780238,31239,0.0930442637759711,3580.61
2018,8,Fuencarral-El Pardo,3,Peñagrande,083,0.02615658362989324,0.09875444839857651,10.913197156546602,44536,0.01124932638764146,153.82,2.6341637010676155,0.2504052958659822,0.2711087132452118,0.03004291845493562,957,0.36990595611285265,0,0.10762800417972831,0.01358411703239289,0.01567398119122257,0.08076612178911442,0.07164990120352074,119.5539297827783,0.5773410944426465,0.01975484086836306,0.04175458507416583,0.03450242301687366,0.06837416847790292,1.6400443477189668,12,2,7057.610223581704,6.41,0,0.18686006825938567,0.02458794920291813,0.2937185066422355,18777,0.12313167259786476,3296.22
2018,8,Fuencarral-El Pardo,4,Pilar,084,0.01730798949157781,0.11492298974913716,10.928568654919108,46255,0.00451843043995243,338.13,2.3743882965023437,0.2949190784049985,0.32139179049580696,0.065149136577708,1834,0.42584514721919303,0,0.12704471101417666,0.01145038167938931,0.01308615049073064,0.09761106907361368,0.08070478867149497,119.5539297827783,0.5773410944426465,0.01975484086836306,0.04175458507416583,0.03450242301687366,0.06837416847790292,1.6400443477189668,11,1,6654.963594575406,6.74,0,0.2060317803480705,0.02889747038660128,0.2221930882584299,14940,0.14593313758821408,3162.58
2018,8,Fuencarral-El Pardo,5,La Paz,085,0.01379475320947292,0.08053584243680727,10.325834384738442,33857,0.00584812594145966,156.78,2.693804321824416,0.30740313175265666,0.2039480019258546,0.01285347043701799,652,0.30368098159509205,0.00460122699386503,0.13957055214723926,0.00306748466257668,0.02147239263803681,0.06616061671146292,0.06202557816699648,119.5539297827783,0.5773410944426465,0.01975484086836306,0.04175458507416583,0.03450242301687366,0.06837416847790292,1.6400443477189668,10,3,7117.797309101631,4.78,0,0.1939037717458723,0.01983246011307462,0.40160801845976346,22976,0.0806155808946655,3371.77
2018,8,Fuencarral-El Pardo,6,Valverde,086,0.05427390318709161,0.11837133840067564,11.31280089594642,62065,0.0108595826955611,68.97,2.7533004400586747,0.1176764986035098,0.4021127726711483,0.03969410050983248,1636,0.254278728606357,0.00488997555012224,0.15158924205378974,0.00733496332518337,0.02322738386308068,0.11745750422943688,0.09606058164827196,119.5539297827783,0.5773410944426465,0.01975484086836306,0.04175458507416583,0.03450242301687366,0.06837416847790292,1.6400443477189668,11,4,9459.745172148325,6.26,0,0.20812051881092403,0.03532393729516799,0.3611346516007533,16637,0.1703338222874161,2802.72
2018,8,Fuencarral-El Pardo,7,Mirasierra,087,0.04064647246685377,0.08729313848833833,11.90611740179508,32092,0.01121774897170634,45.84,3.1024871770057096,0.14423856759623185,0.222318339100346,0,418,0.3133971291866029,0.00239234449760765,0.11961722488038276,0.01196172248803827,0.04545454545454545,0.08862021687648013,0.06609123769163655,119.5539297827783,0.5773410944426465,0.01975484086836306,0.04175458507416583,0.03450242301687366,0.06837416847790292,1.6400443477189668,12,3,8861.590582904815,4.11,0,0.16312476629689643,0.02782456797055337,0.5256021991333923,24684,0.1253266234394658,3897.4
2018,8,Fuencarral-El Pardo,8,El Goloso,088,0.08935083880379285,0.10193289569657184,11.803372702342466,18002,0.01366514831685368,6.78,3.2731582786287383,0.0818941504178273,0.5061224489795919,0.00172711571675302,499,0.2545090180360721,0.00200400801603206,0.17835671342685372,0,0.05410821643286573,0.11265414953894012,0.0901566492611932,119.5539297827783,0.5773410944426465,0.01975484086836306,0.04175458507416583,0.03450242301687366,0.06837416847790292,1.6400443477189668,13,1,13001.86708747171,3.51,0,0.19153427396955897,0.02891364902506964,0.5240170707345864,21933,0.17961342086068563,4000.59
2018,9,Moncloa-Aravaca,1,Casa de Campo,091,0.01847533632286995,0.13112107623318386,11.933714489426087,12951,0.00918847965408076,7.39,2.31390134529148,0.24914728682170545,0.4517734909769757,0.01739130434782608,650,0.3523076923076923,0.00615384615384615,0.24,0.00307692307692307,0.04153846153846154,0.08817851903327928,0.06949270326615706,232.56592244348715,0.33277924242825263,0.01410714375670114,0.14105612629615108,0.02394163980671585,0.08873424704035304,1.122216674142469,2,8,4173.709669904124,7.12,0,0.19156821867037296,0.0375968992248062,0.3725061751852556,19883,0.19013452914798207,3179.25
2018,9,Moncloa-Aravaca,2,Argüelles,092,0.01687072206690446,0.13130241974356502,14.0862332981887,24059,0.01500477991603973,316.71,2.312927793309554,0.252000666888963,0.3858749586503473,0.01219512195121951,1236,0.3559870550161812,0.00970873786407766,0.18932038834951456,0.01132686084142394,0.0145631067961165,0.12253210856644084,0.0972193357994929,232.56592244348715,0.33277924242825263,0.01410714375670114,0.14105612629615108,0.02394163980671585,0.08873424704035304,1.122216674142469,2,2,1653.6887926611475,5.22,0,0.2226609584770772,0.05097532510836945,0.4834205047478799,23729,0.2352260676756965,4496.86
2018,9,Moncloa-Aravaca,3,Ciudad Universitaria,093,0.02097329182369326,0.10044240537440605,12.993319459786932,16143,0.00904416775072787,11.3,2.6375553006718007,0.25483009256383177,0.3322769380789859,0.03115577889447236,802,0.19326683291770577,0.00124688279301745,0.1945137157107232,0.00748129675810473,0.05860349127182045,0.09607879576286936,0.07328253732267856,232.56592244348715,0.33277924242825263,0.01410714375670114,0.14105612629615108,0.02394163980671585,0.08873424704035304,1.122216674142469,5,3,5161.047179825196,4.39,0,0.1982902806169857,0.03000559110393241,0.5267700175803101,25705,0.1705718499098804,4134.58
2018,9,Moncloa-Aravaca,4,Valdezarza,094,0.02596543454891259,0.10741751426445052,10.764023591760289,29497,0.0110519713869207,210.51,2.4326469858595883,0.24994901080970833,0.34720522235822115,0.06147540983606557,623,0.33386837881219905,0,0.11075441412520064,0.00802568218298555,0.01765650080256822,0.09912872495508018,0.07861816455910771,232.56592244348715,0.33277924242825263,0.01410714375670114,0.14105612629615108,0.02394163980671585,0.08873424704035304,1.122216674142469,9,2,5430.4959712467935,7.02,0,0.1963928535105265,0.02678632129988442,0.2526148151336461,15289,0.15016951955676838,2872.01
2018,9,Moncloa-Aravaca,5,Valdemarín,095,0.07494646680942184,0.08779443254817987,14.322630068004017,6579,0.01656786745706034,19.86,3.5117773019271947,0.10625,0.33715925394548063,0,111,0.13513513513513514,0.03603603603603603,0.2702702702702703,0,0.02702702702702703,0.1393828849369205,0.10715914272685818,232.56592244348715,0.33277924242825263,0.01410714375670114,0.14105612629615108,0.02394163980671585,0.08873424704035304,1.122216674142469,5,0,8461.673852404916,3.05,1,0.14622283021735827,0.03673780487804878,0.6173356316178281,31715,0.15149892933618844,4022.4
2018,9,Moncloa-Aravaca,6,El Plantío,096,0.03199052132701421,0.07938388625592417,10.78772378516624,2737,0.00876872488125685,7.71,3.2227488151658767,0.19669117647058823,0.2560747663551402,0.01293103448275862,196,0.3163265306122449,0.00510204081632653,0.15816326530612246,0.00510204081632653,0.01530612244897959,0.10157106320789185,0.06466934599926927,232.56592244348715,0.33277924242825263,0.01410714375670114,0.14105612629615108,0.02394163980671585,0.08873424704035304,1.122216674142469,5,0,11456.239375587473,3.59,1,0.16149068322981366,0.03419117647058824,0.5376623376623376,32242,0.1018957345971564,3359.38
2018,9,Moncloa-Aravaca,7,Aravaca,097,0.04089441587946909,0.0845390410139902,11.794899501022806,26193,0.01989081052189516,44.82,3.1266292000478297,0.14425577482025395,0.26139978791092255,0.02727272727272727,633,0.35071090047393366,0.00157977883096366,0.10110584518167456,0.01579778830963665,0.02369668246445497,0.11083113809032948,0.08364830298171268,232.56592244348715,0.33277924242825263,0.01410714375670114,0.14105612629615108,0.02394163980671585,0.08873424704035304,1.122216674142469,5,0,7562.302874208347,3.86,1,0.1514145000572672,0.04730763347101117,0.5128395767800972,25814,0.12148750448403683,3782.06
2018,10,Latina,1,Los Cármenes,101,0.02700214789812826,0.12779993863148206,9.1617447176412,17237,0.00957243139757498,133.07,2.6376189015035285,0.17362726849697535,0.409715242881072,0.1016260162601626,322,0.2329192546583851,0,0.17080745341614906,0.0062111801242236,0.05279503105590062,0.10349828856529558,0.08354121946974531,58.32744480722708,0.0919722263594092,0.03656889521045835,0.00147826352331028,0.08431446152784337,0.12269228322412368,3.342863426435013,6,1,3189.554438507505,10.85,0,0.18390671230492545,0.03420195439739414,0.15425862604911408,11935,0.15188708192697145,2021.75
2018,10,Latina,2,Puerta del Angel,102,0.02254817371297095,0.13258556226632154,9.752224496762166,41537,0.0132652815562029,301,2.381190681622088,0.2095079353576346,0.43514354894500173,0.09458094917536183,1545,0.3851132686084142,6.472491909385113e-4,0.12233009708737864,0.00841423948220064,0.00970873786407766,0.12193947564821724,0.09851457736475912,58.32744480722708,0.0919722263594092,0.03656889521045835,0.00147826352331028,0.08431446152784337,0.12269228322412368,3.342863426435013,3,2,2462.0227528519436,8.99,0,0.22591906011507812,0.04186293692779669,0.18347984237647771,12384,0.2018406672418752,2323.04
2018,10,Latina,3,Lucero,103,0.02283628033502756,0.10358651299305605,8.773307837331256,35573,0.01197537458184578,211.36,2.540482496957549,0.229880522993688,0.421181662172101,0.08614748449345279,867,0.35409457900807384,0,0.13725490196078433,0.0126874279123414,0.02076124567474048,0.10842492901919996,0.08006072020914738,58.32744480722708,0.0919722263594092,0.03656889521045835,0.00147826352331028,0.08431446152784337,0.12269228322412368,3.342863426435013,5,1,4227.863152996435,8.84,0,0.19230877350799763,0.03556131650135255,0.15787378781299757,12516,0.14167084257999857,2099.75
2018,10,Latina,4,Aluche,104,0.01901528013582342,0.09401999622712696,8.475203408015599,66110,0.01046740281349266,231.46,2.4886247877758914,0.30154182016646197,0.3075917546505782,0.06577480490523968,1932,0.39906832298136646,0.0010351966873706,0.14182194616977226,0.0098343685300207,0.0160455486542443,0.09627892905763122,0.0791710785055211,58.32744480722708,0.0919722263594092,0.03656889521045835,0.00147826352331028,0.08431446152784337,0.12269228322412368,3.342863426435013,6,3,5246.163985037182,8.09,0,0.1834366964150658,0.04575430936462456,0.14264342882788542,13116,0.10820599886813809,2055.34
2018,10,Latina,5,Campamento,105,0.02275204359673024,0.10544959128065395,9.397860958060884,19045,0.01086899448674192,20.65,2.586239782016349,0.24005689300953484,0.3622997586131227,0.08302354399008674,463,0.31533477321814257,0,0.1079913606911447,0.01511879049676026,0.00647948164146868,0.12087161984772908,0.09509057495405618,58.32744480722708,0.0919722263594092,0.03656889521045835,0.00147826352331028,0.08431446152784337,0.12269228322412368,3.342863426435013,6,1,9136.38284445581,7.28,0,0.2082961407193489,0.0505188853184428,0.16716417910447762,13061,0.13732970027247957,1951.44
2018,10,Latina,6,Cuatro Vientos,106,0.0536697247706422,0.13394495412844035,12.469279092349176,5677,0.00546063061476131,10.43,2.5972477064220185,0.06234546096785588,0.1926345609065156,0,95,0.23157894736842105,0,0.08421052631578947,0.01052631578947368,0.03157894736842105,0.08895543420820856,0.0787387704773648,58.32744480722708,0.0919722263594092,0.03656889521045835,0.00147826352331028,0.08431446152784337,0.12269228322412368,3.342863426435013,8,1,8640.708002320105,7.33,0,0.2395631495508191,0.02207700459201696,0.24664131812420784,14909,0.29128440366972475,2834.24
2018,10,Latina,7,Águilas,107,0.02197749118485243,0.09829493310148288,8.411582367933994,51265,0.0082707500243831,141.57,2.468337922040284,0.2823764236233416,0.32182952182952185,0.01791426743442098,1123,0.42297417631344614,0,0.13357079252003562,0.00979519145146927,0.01959038290293855,0.0833902272505608,0.06692675314542085,58.32744480722708,0.0919722263594092,0.03656889521045835,0.00147826352331028,0.08431446152784337,0.12269228322412368,3.342863426435013,7,1,6885.9755107490355,8.11,0,0.16676094801521507,0.034421353371688,0.12545135161510687,12778,0.12051393517847656,1948.7
2018,11,Carabanchel,1,Comillas,111,0.02228088701161562,0.11678986272439282,9.494144582080713,22357,0.00648566444514022,334.01,2.349313621964097,0.2429881337648328,0.3895671476137625,0.04086181277860327,832,0.3641826923076923,0.00120192307692307,0.125,0.00841346153846153,0.01923076923076923,0.12680592208256922,0.10922753500022364,47.07809398324081,0.10632944117838151,0.0389421089378887,0.09946903520648703,0.03848820322994344,0.14718394972202078,1.0468470060818356,9,1,2716.71359451771,9.16,0,0.21993111777072055,0.04503775620280476,0.16815385468048552,12482,0.17729672650475184,2307.17
2018,11,Carabanchel,2,Opañel,112,0.02082532851763621,0.12018750480288942,9.108111248362436,32558,0.00878432336138583,293.44,2.4968877276569583,0.2109134556198449,0.39953305121844446,0.04597701149425287,1250,0.3304,0,0.124,0.0072,0.0112,0.12712697340131457,0.09804042017322932,47.07809398324081,0.10632944117838151,0.0389421089378887,0.09946903520648703,0.03848820322994344,0.14718394972202078,1.0468470060818356,6,5,3342.7575110293496,8.34,0,0.21745807482032065,0.03951741967253477,0.1484545738370278,11870,0.17006070852224697,2052.6
2018,11,Carabanchel,3,San Isidro,113,0.02273333333333333,0.1208,9.216079230834362,38669,0.01166308929633556,202.99,2.5702666666666665,0.19484359599522744,0.38698083067092653,0.06598738476467735,1139,0.2923617208077261,8.77963125548727e-4,0.11852502194907814,0.00965759438103599,0.01492537313432835,0.126069978535778,0.10276966045152448,47.07809398324081,0.10632944117838151,0.0389421089378887,0.09946903520648703,0.03848820322994344,0.14718394972202078,1.0468470060818356,8,0,3059.153910492342,11.21,1,0.2127285422431405,0.04645432380557141,0.13401646228792205,10970,0.17033333333333334,2116.27
2018,11,Carabanchel,4,Vista Alegre,114,0.02037956204379562,0.10394160583941606,8.614586824596563,45106,0.0113288697734226,283.21,2.628204379562044,0.23346960540348383,0.3595355919299581,0.03692674210839786,2193,0.4149566803465573,0.00182398540811673,0.13132694938440492,0.00866393068855449,0.01185590515275877,0.13727663725446726,0.10142774797144503,47.07809398324081,0.10632944117838151,0.0389421089378887,0.09946903520648703,0.03848820322994344,0.14718394972202078,1.0468470060818356,7,3,5063.086310850565,8.79,0,0.2043852259122955,0.04041503732669749,0.11682374851853942,11031,0.13115328467153284,1865.71
2018,11,Carabanchel,5,Puerta Bonita,115,0.02613848526666125,0.11291500933517332,8.454831489435014,34059,0.00801550251034968,210.94,2.754525529669616,0.19125924616155365,0.401386748844376,0.0540368722186904,946,0.35095137420718814,0.00105708245243128,0.10359408033826638,0.00317124735729386,0.01268498942917547,0.14536539534337473,0.10335006899791538,47.07809398324081,0.10632944117838151,0.0389421089378887,0.09946903520648703,0.03848820322994344,0.14718394972202078,1.0468470060818356,10,0,5104.261852587482,10.21,1,0.203353005079421,0.04458786432086759,0.10518286720125172,9996,0.14027112590307655,1743.88
2018,11,Carabanchel,6,Buenavista,116,0.04154127574201923,0.11506461320587714,9.921337971715792,46328,0.00923847349335175,82.33,2.7270903404732403,0.1380690669897871,0.33537063156245106,0.02458210422812192,1329,0.3544018058690745,7.524454477050414e-4,0.1294206170052671,0.00827689992475545,0.01956358164033107,0.10220600932481436,0.07984372301847695,47.07809398324081,0.10632944117838151,0.0389421089378887,0.09946903520648703,0.03848820322994344,0.14718394972202078,1.0468470060818356,10,3,6594.790504863614,7.84,0,0.17948109134864446,0.04078674052276268,0.1574379660188241,12346,0.1712397474479259,2058.58
2018,11,Carabanchel,7,Abrantes,117,0.02668256005868329,0.10828901522097928,8.500381825203759,29861,0.00609490639965171,190.27,2.729598386209426,0.18445362625550069,0.3826261154616646,0.03748733535967578,701,0.3880171184022825,0,0.1383737517831669,0.00855920114122681,0.01426533523537803,0.13110746458591474,0.09072033756404677,47.07809398324081,0.10632944117838151,0.0389421089378887,0.09946903520648703,0.03848820322994344,0.14718394972202078,1.0468470060818356,7,4,4633.638175169047,9.43,0,0.18669836911021065,0.03802613456951861,0.11829994585814836,10777,0.13121217678342198,1774.53
2018,12,Usera,1,Orcasitas,121,0.03167635543955392,0.1036896428995136,7.687892091594896,22610,0.00844758956214064,166.29,2.6758808874125046,0.19658612281090668,0.44564727108705454,0.04454342984409799,360,0.4361111111111111,0,0.14722222222222223,0.00277777777777777,0.02222222222222222,0.07996461742591773,0.06222910216718266,69.47837318136494,0.06356599827546272,0.01264652335128189,0.0611653203137387,0.09048815397045856,0.18206573318343092,4.657306928098866,8,0,5444.820243803643,10.12,1,0.15687748783724015,0.02207936156062957,0.08271760677599567,10855,0.11329932376319848,1613.76
2018,12,Usera,2,Orcasur,122,0.03388746803069054,0.12446717817561807,9.131987695183623,13611,0.00969803835133348,97.83,2.8925831202046037,0.14633068081343942,0.3851963746223565,0.02421307506053268,239,0.2803347280334728,0,0.12552301255230125,0,0.01673640167364016,0.1070457718022188,0.08500477554918816,69.47837318136494,0.06356599827546272,0.01264652335128189,0.0611653203137387,0.09048815397045856,0.18206573318343092,4.657306928098866,7,1,5034.764224800982,12.5,0,0.20351186540298288,0.02586206896551723,0.09625178244041556,9400,0.15409207161125318,1589.99
2018,12,Usera,3,San Fermín,123,0.03861144945188794,0.11242387332521316,8.003196128327213,23274,0.00953854086104666,157.31,2.8269183922046284,0.14528846568141668,0.33570581257414,0.01771336553945249,384,0.390625,0.00260416666666666,0.17708333333333334,0.00520833333333333,0.015625,0.10690040388416258,0.07996047091174702,69.47837318136494,0.06356599827546272,0.01264652335128189,0.0611653203137387,0.09048815397045856,0.18206573318343092,4.657306928098866,8,1,5347.446205816762,9.94,0,0.1868179083956346,0.03528803481408074,0.10028514226779106,9592,0.14470158343483558,1652.42
2018,12,Usera,4,Almendrales,124,0.02257514109463184,0.11418821367633548,8.997990527687639,21063,0.01001756634857332,269,2.75442971518572,0.16830267797579335,0.45158550396376,0.03559027777777777,740,0.3554054054054054,0.00135135135135135,0.14054054054054055,0.00135135135135135,0.01486486486486486,0.15719508142239946,0.12135023500925794,69.47837318136494,0.06356599827546272,0.01264652335128189,0.0611653203137387,0.09048815397045856,0.18206573318343092,4.657306928098866,6,1,3761.580223395432,9.32,0,0.2200066467264872,0.02854283808253122,0.10452961672473868,9922,0.15671347945924663,1879.19
2018,12,Usera,5,Moscardó,125,0.02198369284755908,0.1185880895861286,8.819644826837921,25817,0.00933493434558624,283.08,2.655175972752606,0.19443364689419265,0.42203118752499,0.03898514851485148,1167,0.4224507283633248,0.00171379605826906,0.1405312767780634,0.00685518423307626,0.01113967437874892,0.16140527559360113,0.12216756400821165,69.47837318136494,0.06356599827546272,0.01264652335128189,0.0611653203137387,0.09048815397045856,0.18206573318343092,4.657306928098866,6,1,3148.644346237265,8.34,0,0.22326374094588836,0.03498406281582836,0.11664338455398124,10423,0.1484157291774177,1850.22
2018,12,Usera,6,Zofío,126,0.02398709937512598,0.1187260632936908,8.65715167303252,13736,0.0069889341875364,176.96,2.760935295303366,0.18237570270862233,0.41072858286629305,0.08187134502923976,365,0.2821917808219178,0,0.12876712328767123,0.00547945205479452,0.01643835616438356,0.14181712288875947,0.1092748980780431,69.47837318136494,0.06356599827546272,0.01264652335128189,0.0611653203137387,0.09048815397045856,0.18206573318343092,4.657306928098866,7,0,4309.52274503438,9.17,1,0.20617355853232383,0.04322114331605459,0.08861247709960467,9838,0.1296109655311429,1667.48
2018,12,Usera,7,Pradolongo,127,0.02203903095558546,0.11372812920592194,8.72817557165891,17286,0.01376836746500057,157.29,2.899226110363392,0.17512911274879592,0.41285619615639496,0.0801209372637944,831,0.33212996389891697,0,0.13838748495788206,0.00962695547533092,0.00842358604091456,0.17181534189517528,0.14109684137452275,69.47837318136494,0.06356599827546272,0.01264652335128189,0.0611653203137387,0.09048815397045856,0.18206573318343092,4.657306928098866,6,0,4353.234146131321,8.57,1,0.23180608584982065,0.02738931120524579,0.06846377699494563,8418,0.13307537012113055,1644.78
2018,13,Puente de Vallecas,1,Entrevías,131,0.024720703589256,0.1140955550273354,7.8370413375650125,34069,0.01200504857788605,56.91,2.6928135646937643,0.19975872418054497,0.4181764619237001,0.05611222444889779,768,0.31640625,0,0.18229166666666663,0.00651041666666666,0.02213541666666666,0.1136810590272682,0.0839766356511785,62.70572474897144,0.08305353443627819,0.0331822195098671,0.0465299310095985,0.05520736496782039,0.1234250806983444,3.1282852186252157,7,0,5421.836821736098,13.04,1,0.1975402858903989,0.0363384923203672,0.04879377431906615,8882,0.12693130496791064,1386.87
2018,13,Puente de Vallecas,2,San Diego,132,0.0297004297902367,0.13727628455962537,9.40768187681747,40389,0.01681150808388422,376.37,2.5830393225992685,0.14947723942682592,0.4130254195049012,0.08254176220111366,1749,0.3956546598056032,5.717552887364208e-4,0.12235563178959404,0.00514579759862778,0.01086335048599199,0.1950778677362648,0.1486543365767907,62.70572474897144,0.08305353443627819,0.0331822195098671,0.0465299310095985,0.05520736496782039,0.1234250806983444,3.1282852186252157,7,2,4343.126303552097,10.83,0,0.24108049221322636,0.04323639704969326,0.09084616145301118,8758,0.20655590480466995,1652.3
2018,13,Puente de Vallecas,3,Palomeras Bajas,133,0.02533002747436842,0.12249547678080816,8.444565317083518,39756,0.00789817889123654,230.12,2.6582456610601084,0.16388111623686,0.3930164590063068,0.07787481804949054,802,0.341645885286783,0,0.11221945137157108,0.00748129675810473,0.02369077306733167,0.09958245296307476,0.08034007445417043,62.70572474897144,0.08305353443627819,0.0331822195098671,0.0465299310095985,0.05520736496782039,0.1234250806983444,3.1282852186252157,9,2,5299.099733980374,9.31,0,0.18075259080390385,0.02934281176737503,0.11927380912133607,11524,0.14849561080211754,1761.74
2018,13,Puente de Vallecas,4,Palomeras Sureste,134,0.02640181040985667,0.12239124968569272,8.664197646396998,42242,0.00970597983050045,135.5,2.647724415388484,0.1846153846153846,0.3820730452674897,0.09521028037383178,963,0.3094496365524403,0,0.1256490134994808,0.0083073727933541,0.01142263759086189,0.10354623360636334,0.08467875574073197,62.70572474897144,0.08305353443627819,0.0331822195098671,0.0465299310095985,0.05520736496782039,0.1234250806983444,3.1282852186252157,12,2,6728.434764756167,10.2,0,0.2020264192036362,0.03105413105413106,0.0908129954919944,10975,0.13320341966306262,1592.74
2018,13,Puente de Vallecas,5,Portazgo,135,0.02653709586993085,0.11885628854419734,8.625539805283411,28020,0.00974304068522484,224.11,2.6077368716127824,0.2203310878601118,0.398276142462189,0.06224899598393574,904,0.3860619469026549,0,0.13053097345132744,0.00442477876106194,0.0077433628318584,0.1130264097073519,0.08754461099214847,62.70572474897144,0.08305353443627819,0.0331822195098671,0.0465299310095985,0.05520736496782039,0.1234250806983444,3.1282852186252157,11,1,5623.053121168555,11.64,0,0.20674518201284797,0.03267880177726816,0.0725955325826103,9788,0.13390020556905252,1560.24
2018,13,Puente de Vallecas,6,Numancia,136,0.02547558126599176,0.13010345978418067,9.241843274195205,46673,0.01302680350523857,251.68,2.5886082990321504,0.1876531006919077,0.3813122638268636,0.10057471264367816,1450,0.36344827586206896,0,0.12482758620689656,0.00758620689655172,0.01034482758620689,0.137424206714803,0.10783536520043709,62.70572474897144,0.08305353443627819,0.0331822195098671,0.0465299310095985,0.05520736496782039,0.1234250806983444,3.1282852186252157,9,0,4377.421642034768,11.11,1,0.2226126454266921,0.04024668013236493,0.10647557797859956,10201,0.1719323617755034,1756.26
2018,14,Moratalaz,1,Pavones,141,0.0226438188494492,0.11689106487148104,8.232367127814884,9117,0.00789733464955577,89.94,2.778763769889841,0.24017178724810043,0.3562585969738652,0.05158730158730158,169,0.2307692307692308,0,0.10059171597633136,0.0059171597633136,0.04142011834319527,0.09553581221893166,0.06405615882417462,130.07595476137578,0.00147282745473717,0.02001137573253773,0.0661899676377605,0.0303597440440496,0.0735510974846437,0.6792141428888818,10,1,6486.612196477242,9.31,0,0.16562465723373918,0.04283669199427376,0.16740655878562222,13438,0.09761321909424724,2148.76
2018,14,Moratalaz,2,Horcajo,142,0.03885291396854764,0.1322849213691027,9.10820720707301,6329,0.00363406541317743,84.81,2.925994449583719,0.08046158710085362,0.29273084479371314,0.04615384615384615,98,0.3469387755102041,0,0.1020408163265306,0,0,0.05972507505135092,0.05735503239058303,130.07595476137578,0.00147282745473717,0.02001137573253773,0.0661899676377605,0.0303597440440496,0.0735510974846437,0.6792141428888818,10,0,6656.046602301756,7.81,1,0.12245220413967452,0.01454315523237433,0.3021256269405302,16214,0.1484736355226642,3199.22
2018,14,Moratalaz,3,Marroquina,143,0.01958972463500277,0.09628534466826834,9.42667809657633,27438,0.00535753334791165,152.95,2.5298466087599336,0.2662721893491124,0.3493827160493827,0.06419529837251356,834,0.35251798561151076,0,0.13189448441247004,0.01558752997601918,0.01918465227817745,0.05641810627596763,0.05215394708069101,130.07595476137578,0.00147282745473717,0.02001137573253773,0.0661899676377605,0.0303597440440496,0.0735510974846437,0.6792141428888818,8,0,5474.216644103787,7.23,1,0.15456665937750566,0.02078311052670026,0.2385024266235267,16952,0.1097763814452042,2641.81
2018,14,Moratalaz,4,Media Legua,144,0.01931961360772784,0.10555788884222315,9.440634945024318,17817,0.00808216871527193,177.75,2.485930281394372,0.2742580390831785,0.35770020533880903,0.01989150090415913,407,0.28992628992628994,0,0.1203931203931204,0.01474201474201474,0.03685503685503685,0.08396475276421396,0.0710557332884324,130.07595476137578,0.00147282745473717,0.02001137573253773,0.0661899676377605,0.0303597440440496,0.0735510974846437,0.6792141428888818,7,2,4094.469166572383,9,0,0.178312847280687,0.02601790843047812,0.21112051933389783,15127,0.126697466050679,2228.93
2018,14,Moratalaz,5,Fontarrón,145,0.0238095238095238,0.0974291557113643,8.735041449621088,16956,0.01114649681528662,175.23,2.4688869412795795,0.26695065672701457,0.454122340425532,0.01932367149758454,349,0.498567335243553,0,0.10315186246418338,0.00286532951289398,0.01432664756446991,0.11641896673743808,0.08923095069591885,130.07595476137578,0.00147282745473717,0.02001137573253773,0.0661899676377605,0.0303597440440496,0.0735510974846437,0.6792141428888818,10,0,5210.585238894585,9.43,1,0.18512620901155932,0.03916696248964618,0.13283803863298663,11936,0.1270815074496056,2072.53
2018,14,Moratalaz,6,Vinateros,146,0.02288805659592176,0.09585240671382994,9.199069650136074,16864,0.00907258064516129,283.13,2.33277847135525,0.3060593447107094,0.43209636681562075,0.03414634146341464,330,0.49696969696969695,0,0.09696969696969696,0.01818181818181818,0.00303030303030303,0.08687144212523719,0.07335151802656546,130.07595476137578,0.00147282745473717,0.02001137573253773,0.0661899676377605,0.0303597440440496,0.0735510974846437,0.6792141428888818,9,1,5433.702198295059,7.97,0,0.16834677419354838,0.03674852827495986,0.16380757719541572,13342,0.13330559023442917,2177.14
2018,15,Ciudad Lineal,1,Ventas,151,0.02075949367088607,0.11068354430379748,9.763375030715018,47900,0.01215031315240083,149.29,2.417417721518987,0.24214560991957104,0.4385433786004671,0.05565402339595888,1546,0.32147477360931437,0,0.11707632600258731,0.00970245795601552,0.0168175937904269,0.11248434237995825,0.09271398747390396,29.294431545571197,0.163486479642311,0.02777686544433001,0.09282377998962885,0.04020098803810578,0.11494756671313933,1.538876387778253,8,1,4882.186837215816,8.21,0,0.2028601252609603,0.03958612600536192,0.16256748650269945,12544,0.16253164556962024,2411.23
2018,15,Ciudad Lineal,2,Pueblo Nuevo,152,0.02029473684210526,0.11309473684210526,9.432543655877751,61316,0.0113184160741079,263.71,2.5751578947368423,0.2208796599084369,0.38011695906432746,0.03837471783295711,2123,0.35845501648610456,4.710315591144607e-4,0.1243523316062176,0.00942063118228921,0.0155440414507772,0.117881140322265,0.0916400287037641,29.294431545571197,0.163486479642311,0.02777686544433001,0.09282377998962885,0.04020098803810578,0.11494756671313933,1.538876387778253,9,3,5945.604635738793,7.57,0,0.20529714919433753,0.03696860693263572,0.1519638339347186,12366,0.14294736842105263,2261.21
2018,15,Ciudad Lineal,3,Quintana,153,0.02190633823386233,0.1201440950248272,10.440173058458631,24488,0.01302678863116628,337.05,2.372991918995229,0.2259467443482542,0.4574178318503722,0.03975704030922143,1179,0.3833757421543681,8.481764206955047e-4,0.12128922815945715,0.01102629346904156,0.01017811704834605,0.1367608624632473,0.1099313949689644,29.294431545571197,0.163486479642311,0.02777686544433001,0.09282377998962885,0.04020098803810578,0.11494756671313933,1.538876387778253,9,4,5499.8856260243065,7.68,0,0.22031198954590003,0.04029048537315882,0.2067910676047721,13522,0.18732353227533832,2683.15
2018,15,Ciudad Lineal,4,La Concepción,154,0.02490315439955727,0.1127836192584394,10.877106908513904,20872,0.0125047911077041,234.82,2.3024903154399556,0.2422246791328174,0.4417543163326057,0.07204803202134756,939,0.3248136315228967,0.00319488817891373,0.14270500532481364,0.00851970181043663,0.02342917997870074,0.1060751245688003,0.08906669221924109,29.294431545571197,0.163486479642311,0.02777686544433001,0.09282377998962885,0.04020098803810578,0.11494756671313933,1.538876387778253,8,1,5286.9078554012285,7.25,0,0.1994538137217325,0.04585877036965821,0.2719760479041916,16166,0.19103486441615936,3546.02
2018,15,Ciudad Lineal,5,San Pascual,155,0.02503995737879595,0.11467767714437932,11.636269299576334,18117,0.0101010101010101,171.63,2.4064997336174745,0.2596856320566748,0.33226768968456943,0.02217036172695449,550,0.33636363636363636,0.00363636363636363,0.13090909090909092,0.00545454545454545,0.01272727272727272,0.08726610365954628,0.07964894850140752,29.294431545571197,0.163486479642311,0.02777686544433001,0.09282377998962885,0.04020098803810578,0.11494756671313933,1.538876387778253,8,1,5179.583389520239,7,0,0.18154219793564055,0.02977640026566305,0.30675656888641734,18245,0.15729888119339372,3787.03
2018,15,Ciudad Lineal,6,San Juan Bautista,156,0.03588467123003526,0.10080896079651525,12.346254872499845,12449,0.00939834524861434,123,2.5789255341215513,0.21241856350036195,0.33623627413858387,0.01039501039501039,392,0.29336734693877553,0.00255102040816326,0.1556122448979592,0.01275510204081632,0.02040816326530612,0.09583099044099928,0.08506707366053498,29.294431545571197,0.163486479642311,0.02777686544433001,0.09282377998962885,0.04020098803810578,0.11494756671313933,1.538876387778253,8,2,5517.381509267848,4.86,0,0.1732669290706081,0.03941124426928335,0.48240500863557856,23972,0.1611698817672682,3777.39
2018,15,Ciudad Lineal,7,Colina,157,0.04112297350731514,0.1099248714907078,12.900229922888318,6297,0.01333968556455455,112.35,2.486358244365362,0.22757633587786255,0.3032844164919637,0.0217983651226158,264,0.20075757575757577,0.01136363636363636,0.09848484848484848,0.01515151515151515,0.02272727272727272,0.1110052405907575,0.09464824519612514,29.294431545571197,0.163486479642311,0.02777686544433001,0.09282377998962885,0.04020098803810578,0.11494756671313933,1.538876387778253,8,0,5876.295736381089,5.92,1,0.1867555979037637,0.04675572519083969,0.4591246903385632,22635,0.17833135626729932,4002.1
2018,15,Ciudad Lineal,8,Atalaya,158,0.05178571428571429,0.10178571428571428,13.490566037735851,1575,0.0146031746031746,63.28,2.8125,0.2253968253968254,0.29014084507042254,0.0238095238095238,34,0.0588235294117647,0.02941176470588235,0.1176470588235294,0,0.0588235294117647,0.10666666666666667,0.1092063492063492,29.294431545571197,0.163486479642311,0.02777686544433001,0.09282377998962885,0.04020098803810578,0.11494756671313933,1.538876387778253,7,0,6201.670718009656,3.61,1,0.1492063492063492,0.05269841269841269,0.48853615520282184,26927,0.17142857142857143,4566.83
2018,15,Ciudad Lineal,9,Costillares,159,0.03265254664649521,0.09329299041855774,12.290647013444238,22078,0.0073829151191231,154.28,2.7759707513867875,0.21390617194241335,0.27685774946921443,0.01077586206896551,392,0.2780612244897959,0.01020408163265306,0.14285714285714285,0.00765306122448979,0.02551020408163265,0.08320500045293958,0.07903795633662469,29.294431545571197,0.163486479642311,0.02777686544433001,0.09282377998962885,0.04020098803810578,0.11494756671313933,1.538876387778253,11,2,7261.6630548985795,5.14,0,0.1568982697708126,0.02456968981334302,0.5128093520706379,25643,0.12708018154311648,3798.47
2018,16,Hortaleza,1,Palomas,161,0.04268846503178928,0.08764759309718438,12.873695370599355,6754,0.00917974533609712,59.64,3.0599455040871937,0.14559216384683882,0.1906218144750255,0.00609756097560975,138,0.2391304347826087,0.0144927536231884,0.17391304347826086,0.0072463768115942,0.06521739130434782,0.08720758069292271,0.07477050636659757,46.17562995436961,0.00691906662696367,0.05168963425231324,0.03182854591847954,0.0341045436383434,0.08477138041646279,2.29508374614095,13,0,8501.46490391082,3.82,1,0.1391767841279242,0.05995844464232709,0.5257731958762887,29571,0.11035422343324253,3943.41
2018,16,Hortaleza,2,Piovera,162,0.03858056529812255,0.1008871466886734,13.321652117757598,14746,0.0099009900990099,46.89,3.0375489993810603,0.13319296339061334,0.24528301886792453,0.00584795321637426,298,0.2147651006711409,0.00671140939597315,0.13087248322147652,0.02348993288590604,0.06040268456375839,0.10694425606944256,0.08971924589719246,46.17562995436961,0.00691906662696367,0.05168963425231324,0.03182854591847954,0.0341045436383434,0.08477138041646279,2.29508374614095,9,0,7272.732325749381,3.52,1,0.15597450155974502,0.09807783739726957,0.5480486369876446,30066,0.14029296472044564,4611.77
2018,16,Hortaleza,3,Canillas,163,0.02274008644991543,0.10555659963665978,10.760829846713992,40745,0.00883543993127991,161.06,2.545072981269185,0.2614517439141458,0.30192054227075876,0.0911654135338346,1362,0.31644640234948607,7.342143906020558e-4,0.12041116005873716,0.01688693098384728,0.02496328928046989,0.07510123941587925,0.06864645968830531,46.17562995436961,0.00691906662696367,0.05168963425231324,0.03182854591847954,0.0341045436383434,0.08477138041646279,2.29508374614095,9,2,7296.312864197992,6.71,0,0.18512700944901217,0.03694587343392325,0.24124477758663063,16852,0.1276702374240431,3137.68
2018,16,Hortaleza,4,Pinar del Rey,164,0.02465221917289675,0.10414497965363868,9.897147379928043,52417,0.01196176812866054,196.17,2.4734550960537525,0.26382140260932774,0.3328982669857153,0.12005700035625223,1499,0.3802535023348899,0.00200133422281521,0.11541027351567712,0.01067378252168112,0.01801200800533689,0.09414884484041436,0.07913463189423278,46.17562995436961,0.00691906662696367,0.05168963425231324,0.03182854591847954,0.0341045436383434,0.08477138041646279,2.29508374614095,7,6,7830.265113595043,8.15,0,0.18711486731403937,0.0333435359834717,0.1861825855495072,14640,0.13173086022522948,2720.43
2018,16,Hortaleza,5,Apóstol Santiago,165,0.02411938226618081,0.11816762103071315,9.348335731028104,15303,0.00856041299091681,126.72,2.6498351553010586,0.20954750834915853,0.3734375,0.055,234,0.3504273504273504,0,0.1752136752136752,0.00854700854700854,0.02991452991452991,0.10154871593805136,0.08416650330000654,46.17562995436961,0.00691906662696367,0.05168963425231324,0.03182854591847954,0.0341045436383434,0.08477138041646279,2.29508374614095,12,1,7594.745484802367,7.71,0,0.1763706462785075,0.02678279091087682,0.23100998139062764,14833,0.1299670310602117,2521.96
2018,16,Hortaleza,6,Valdefuentes,166,0.06111847336337132,0.12806785051683012,11.872045380045291,54342,0.02624121305803982,32.4,2.878187119003446,0.07110890104425659,0.22999222999223,0.00968054211035818,708,0.2231638418079096,0.00423728813559322,0.1864406779661017,0.01129943502824858,0.02542372881355932,0.15019690110779876,0.09274594236502152,46.17562995436961,0.00691906662696367,0.05168963425231324,0.03182854591847954,0.0341045436383434,0.08477138041646279,2.29508374614095,9,0,10287.171310638792,4.77,1,0.21885466121968275,0.03930235556292244,0.4816140212460199,20786,0.20090113967664988,3465.62
2018,17,Villaverde,1,"Villaverde Alto, Casco Histórico de Villaverde",171,0.03090875439570609,0.1179591584921957,7.797063433411242,44475,0.01432265317594154,47.87,2.7329878462582515,0.1740671346983002,0.3917779795097912,0.02971665514858327,2572,0.23716951788491447,3.8880248833592535e-4,0.07581648522550544,0.00427682737169517,0.01321928460342146,0.12753232152894886,0.0987071388420461,138.4213810724169,0.5819773688284225,0.01907444969120031,0.02769855709287558,0.03527802644806252,0.13171801021144425,1.1199550647998466,11,2,8429.32700119977,11.91,0,0.19856098931984265,0.04444795593579992,0.07753212741336257,9660,0.13628231229563822,1524.24
2018,17,Villaverde,2,San Cristóbal,172,0.02784910132332609,0.09934821252222002,7.084952651789822,15549,0.01594957875104508,143.17,3.0610310092830337,0.13743708865660087,0.524413145539906,0.03416856492027335,300,0.4633333333333333,0,0.16,0.00666666666666666,0.02666666666666667,0.18290565309666215,0.1306836452504984,138.4213810724169,0.5819773688284225,0.01907444969120031,0.02769855709287558,0.03527802644806252,0.13171801021144425,1.1199550647998466,11,0,8593.62312004166,13.88,1,0.22773168692520415,0.0331655697509356,0.04817275747508306,6712,0.11396405293304364,1102.64
2018,17,Villaverde,3,Butarque,173,0.05509469400532164,0.1297542651432149,8.236289693582721,18318,0.01184627142701168,28.65,2.859289403662545,0.08583315086490037,0.24744897959183676,0.0184331797235023,336,0.35119047619047616,0,0.13095238095238096,0.0119047619047619,0.0119047619047619,0.10738071841904138,0.0752811442297194,138.4213810724169,0.5819773688284225,0.01907444969120031,0.02769855709287558,0.03527802644806252,0.13171801021144425,1.1199550647998466,10,0,9220.485082086132,8.25,1,0.2062452232776504,0.04143858112546531,0.1308866515102306,11044,0.15996243543590546,1777.41
2018,17,Villaverde,4,Los Rosales,174,0.02641221374045801,0.11916030534351144,8.10953603541911,37076,0.00803754450318265,239.98,2.822519083969466,0.16746450304259636,0.32041343669250644,0.05093488072211476,999,0.4184184184184184,0,0.12812812812812813,0.006006006006006,0.01901901901901902,0.11009817671809256,0.0846099902902147,138.4213810724169,0.5819773688284225,0.01907444969120031,0.02769855709287558,0.03527802644806252,0.13171801021144425,1.1199550647998466,10,1,6973.898781754612,9.1,0,0.1825979070018341,0.04183908045977011,0.09874049865971432,10645,0.11885496183206108,1545.55
2018,17,Villaverde,5,Ángeles,175,0.02087029995775242,0.08998732572877059,7.71452552682553,30570,0.01259404645076872,157.51,2.5756653992395435,0.27192205491585475,0.4022198093859332,0.02439024390243902,773,0.4825355756791721,0,0.12160413971539456,0.00517464424320828,0.00905562742561448,0.11331370624795552,0.07919528949950932,138.4213810724169,0.5819773688284225,0.01907444969120031,0.02769855709287558,0.03527802644806252,0.13171801021144425,1.1199550647998466,9,1,6844.387373280107,9.91,0,0.18181223421655215,0.03273955975461731,0.09755493143895588,11538,0.10173215040135192,1485.56
2018,18,Villa de Vallecas,1,Casco Histórico de Vallecas,181,0.03109934134582739,0.11964419094180756,8.858369551886405,39386,0.00827705275986391,9.23,2.6984450329327085,0.16567689984901862,0.3368772782503038,0.03535483870967742,2615,0.19349904397705545,0.0034416826003824,0.075717017208413,0.00573613766730401,0.00956022944550669,0.115447113187427,0.09432285583709948,112.64889888351912,0.00633862864919968,0.01676763964164795,0.0562100948330726,0.02323859917942069,0.08876069447927988,0.5736048644672272,14,4,10796.279013944326,11.64,0,0.20420961763063017,0.04886763965777555,0.0715376075492645,9758,0.14728050519454064,1751.25
2018,18,Villa de Vallecas,2,Santa Eugenia,182,0.02053017484489566,0.1116751269035533,7.812210296925984,24348,0.00689995071463775,116.79,2.7405527354765935,0.2041572339987652,0.2461693548387097,0.03937007874015748,489,0.3803680981595092,0,0.12883435582822086,0.01022494887525562,0.03680981595092025,0.06612452768194513,0.05938886150813208,112.64889888351912,0.00633862864919968,0.01676763964164795,0.0562100948330726,0.02323859917942069,0.08876069447927988,0.5736048644672272,13,0,8760.143905748453,8.75,1,0.19475932314769184,0.06589833299032723,0.1565974407384099,14174,0.09565707839819516,1952.06
2018,18,Villa de Vallecas,3,Ensanche de Vallecas,183,0.05846446771574173,0.17438539508316067,10.795235484002273,43657,0.0239136908170511,68.78,2.4424035392283137,0.04046865685330398,0.28158640226628895,0.0045045045045045,648,0.4953703703703703,0,0.1527777777777778,0.01080246913580246,0.01851851851851851,0.1341365645829993,0.09375357903658062,112.64889888351912,0.00633862864919968,0.01676763964164795,0.0562100948330726,0.02323859917942069,0.08876069447927988,0.5736048644672272,16,1,10345.169422666564,7.19,0,0.31458872574844815,0.03033429632686752,0.26603294055517046,14190,0.30934647477179816,2308.51
2018,19,Vicalvaro,1,Casco Histórico de Vicálvaro,191,0.02747168656259565,0.11294765840220386,8.611336505903298,34200,0.00909356725146198,15.91,2.6170798898071626,0.2203508771929825,0.35589171974522293,0.06880733944954129,1173,0.360613810741688,8.525149190110827e-4,0.123614663256607,0.01023017902813299,0.01790281329923273,0.115906432748538,0.08619883040935672,80.56924340853683,0.13588656628452364,0.00981503730968376,0.03664413883818346,0.08448055315264247,0.09462811081987545,10.223637670335243,11,4,11070.107694737308,11.04,0,0.21313722895075365,0.0893859649122807,0.07594500402129371,9896,0.125650443832262,1836.28
2018,19,Vicalvaro,2,Valdebernardo,192,0.02859020703253368,0.12454814327965824,7.884785806053287,17637,0.00362873504564268,69.03,2.897962536970095,0.10166128026308328,0.2693809258226436,0.03266331658291457,321,0.411214953271028,0,0.11838006230529596,0.00623052959501557,0.03115264797507788,0.06140500085048477,0.05647218914781425,80.56924340853683,0.13588656628452364,0.00981503730968376,0.03664413883818346,0.08448055315264247,0.09462811081987545,10.223637670335243,11,0,7725.943998639332,8.37,1,0.17121565093118543,0.05709587798378409,0.22192118226600985,14439,0.14130791981597107,2149.39
2018,19,Vicalvaro,3,Valderrivas,193,0.06388712745719721,0.11001902346227012,9.161664522644632,18180,0.0055005500550055,282.66,2.8820545339251744,0.05297029702970297,0.2201453790238837,0,0,0,0,0,0,0,0.05308030803080308,0.05759075907590759,80.56924340853683,0.13588656628452364,0.00981503730968376,0.03664413883818346,0.08448055315264247,0.09462811081987545,10.223637670335243,14,0,8888.946651932158,5.32,1,0.22955917977986798,0.01501650165016501,0.2735146371037589,14850,0.1664552948636652,2539.71
2018,19,Vicalvaro,4,El Cañaveral,194,0.04207920792079208,0.2524752475247525,7.649553897908438,946,0.3107822410147992,0.89,2.339108910891089,0.03809523809523809,0.1388888888888889,0,0,0,0,0,0,0,0.6046511627906976,0.03911205073995771,80.56924340853683,0.13588656628452364,0.00981503730968376,0.03664413883818346,0.08448055315264247,0.09462811081987545,10.223637670335243,22,0,13555.04820544874,5.29,1,0.3668076109936575,0.04021164021164021,0.18376068376068375,13839,0.29455445544554454,1422.61
2018,20,San Blas-Canillejas,1,Simancas,201,0.03247480403135498,0.13288540500186638,11.31318913714154,27339,0.0182157357620981,119.67,2.542179917879806,0.1641215769767271,0.4670096175352271,0.02565930149679259,1102,0.25226860254083483,0.00816696914700544,0.17150635208711434,0.01088929219600725,0.01361161524500907,0.13819086286989282,0.10344196934781812,67.3767702248016,0.04294686642343667,0.00178750798495254,0.04007832964318477,0.02402377960118964,0.09661285054659333,1.877709462608618,11,2,7030.432045184826,8.53,0,0.20776180547935183,0.05051024153880038,0.1853109537207723,13527,0.18309070548712209,2400.68
2018,20,San Blas-Canillejas,2,Hellín,202,0.02063535161553081,0.1083355959815368,9.07299519578673,8966,0.0160606736560339,162.4,2.427640510453435,0.2518733922380047,0.6101243339253997,0.06557377049180328,90,0.4,0,0.1,0,0.03333333333333333,0.12447022083426278,0.08610305598929288,67.3767702248016,0.04294686642343667,0.00178750798495254,0.04007832964318477,0.02402377960118964,0.09661285054659333,1.877709462608618,13,0,7594.896410828338,11.45,1,0.1903859022975686,0.02941505424449166,0.07244556113902847,10498,0.1276133586749932,1471.98
2018,20,San Blas-Canillejas,3,Amposta,203,0.03121248499399759,0.11104441776710684,9.54670469456686,8387,0.01800405389292953,225.42,2.504801920768307,0.20357057272945123,0.5344320188346086,0.06382978723404255,244,0.4836065573770491,0,0.12704918032786883,0.00819672131147541,0.00819672131147541,0.13306307380469776,0.09502801955407178,67.3767702248016,0.04294686642343667,0.00178750798495254,0.04007832964318477,0.02402377960118964,0.09661285054659333,1.877709462608618,13,1,7068.52015726901,13.11,0,0.2019792536067724,0.03450754852624012,0.06383652779977823,9231,0.15066026410564226,1445.71
2018,20,San Blas-Canillejas,4,Arcos,204,0.02643614054656999,0.1184606804238706,9.343614602771256,24018,0.00999250562078441,183.41,2.6702732849972115,0.18212957934750823,0.4527522935779817,0.02777777777777777,355,0.48732394366197185,0,0.14647887323943662,0.01126760563380281,0.01408450704225352,0.08818386210342244,0.06744941294029477,67.3767702248016,0.04294686642343667,0.00178750798495254,0.04007832964318477,0.02402377960118964,0.09661285054659333,1.877709462608618,10,2,7390.381770409414,9.39,0,0.169872595553335,0.0274447554200259,0.1179009923193362,11657,0.1343000557724484,1868.45
2018,20,San Blas-Canillejas,5,Rosas,205,0.03405375953505267,0.1096077006901562,9.595174051196334,31626,0.0053753241004237,33.95,2.865964402470033,0.13108365019011406,0.27483683828861494,0.02573879885605338,764,0.331151832460733,0,0.13350785340314136,0.00654450261780104,0.01701570680628272,0.05916018465819262,0.05223550243470562,67.3767702248016,0.04294686642343667,0.00178750798495254,0.04007832964318477,0.02402377960118964,0.09661285054659333,1.877709462608618,12,3,9425.773230671271,5.35,0,0.1271106051982546,0.0238276299112801,0.24322852865115013,16398,0.1223211042499092,3134.44
2018,20,San Blas-Canillejas,6,Rejas,206,0.04491654021244309,0.15371775417298938,10.70117468445702,16383,0.0104376487822743,32.53,2.475720789074355,0.11228930432117684,0.43613537117903933,0.01308615049073064,687,0.31004366812227074,0.02328966521106259,0.11353711790393012,0.01164483260553129,0.03056768558951965,0.15790758713300374,0.12757126289446377,67.3767702248016,0.04294686642343667,0.00178750798495254,0.04007832964318477,0.02402377960118964,0.09661285054659333,1.877709462608618,13,0,11809.638279292903,5.76,1,0.23994384422877377,0.1565430585350904,0.32062742452352844,16109,0.23004552352048557,2688.39
2018,20,San Blas-Canillejas,7,Canillejas,207,0.0225563909774436,0.10828901522097928,9.22535039818568,28596,0.0093020002797594,178.5,2.6149825783972127,0.23156492163119324,0.3403997577225924,0.04002541296060991,989,0.4155712841253792,0.00101112234580384,0.12841253791708795,0.01011122345803842,0.01718907987866531,0.09784585256679255,0.0863057770317527,67.3767702248016,0.04294686642343667,0.00178750798495254,0.04007832964318477,0.02402377960118964,0.09661285054659333,1.877709462608618,13,1,8480.247381347568,8.33,0,0.20160162260456008,0.0555068550790701,0.1426539863123278,12851,0.12598569594718503,2034.3
2018,20,San Blas-Canillejas,8,El Salvador,208,0.0263034288398309,0.09816815406294034,10.46479557680975,11312,0.0091053748231966,60.03,2.6507750117426023,0.2026224860458935,0.33537385220813293,0.02647058823529411,214,0.2383177570093458,0.00934579439252336,0.1542056074766355,0.01869158878504672,0.03738317757009345,0.07425742574257425,0.06435643564356436,67.3767702248016,0.04294686642343667,0.00178750798495254,0.04007832964318477,0.02402377960118964,0.09661285054659333,1.877709462608618,12,1,6971.53446021352,6.05,0,0.15735502121640735,0.03464162310622841,0.3574086996976041,21719,0.13433536871770785,3131.89
2018,21,Barajas,1,Alameda de Osuna,211,0.03361227336122734,0.08270571827057183,9.79046108536073,19475,0.01109114249037227,98.69,2.712133891213389,0.24961431656896024,0.1751133086114545,0.00790513833992094,377,0.34748010610079577,0.01591511936339522,0.14854111405835543,0.01061007957559681,0.04509283819628647,0.07671373555840821,0.06736842105263158,134.31264083992568,0.0970649535260025,0.00402406961174429,0.02505936519883135,0.2032900182787945,0.07680408060874655,1.548769542257196,14,2,10536.67663481015,4.88,0,0.16123234916559692,0.02956906304638486,0.3612661674608577,20614,0.100836820083682,3219.36
2018,21,Barajas,2,Aeropuerto,212,0.02666666666666667,0.11851851851851852,8.500602167804095,1790,0.0106145251396648,0.61,2.6577777777777776,0.15440356744704573,0.44404332129963897,0.01642335766423357,432,0.3587962962962963,0.00462962962962962,0.23842592592592593,0.00231481481481481,0.00694444444444444,0.13016759776536313,0.09944134078212293,134.31264083992568,0.0970649535260025,0.00402406961174429,0.02505936519883135,0.2032900182787945,0.07680408060874655,1.548769542257196,10,2,13762.923551699036,7.95,0,0.2273743016759777,0.0551839464882943,0.075,10330,0.15555555555555556,3221.48
2018,21,Barajas,3,Casco Histórico de Barajas,213,0.01795039164490861,0.15763707571801566,10.591400943889452,7364,0.01344378055404671,133.53,2.3942558746736293,0.18538713195201745,0.35661764705882354,0.06928838951310862,374,0.3689839572192513,0.0374331550802139,0.18716577540106952,0.03208556149732621,0.01336898395721925,0.15195545898967952,0.10972297664312872,134.31264083992568,0.0970649535260025,0.00402406961174429,0.02505936519883135,0.2032900182787945,0.07680408060874655,1.548769542257196,11,0,12378.237526796634,7.62,1,0.2513579576317219,0.07115594329334787,0.12855460205283528,12949,0.21214099216710183,2795.69
2018,21,Barajas,4,Timón,214,0.04848622809014341,0.13817436831322558,10.555152734058668,11752,0.01318924438393464,23.06,2.6747097655360803,0.1011063829787234,0.30976430976430974,0.0201729106628242,227,0.22466960352422907,0.01762114537444934,0.1762114537444934,0.013215859030837,0.03083700440528634,0.134785568413887,0.08475153165418652,134.31264083992568,0.0970649535260025,0.00402406961174429,0.02505936519883135,0.2032900182787945,0.07680408060874655,1.548769542257196,11,1,10920.45258282059,5.87,0,0.2340878148400272,0.04093617021276596,0.279705953241745,16036,0.1980423400865013,3594.92
2018,21,Barajas,5,Corralejos,215,0.0594254230617867,0.11609602518693428,12.080701236163376,7528,0.0140807651434644,16.04,2.955529319165682,0.10013315579227695,0.29654255319148937,0,235,0.12340425531914892,0.02127659574468085,0.33617021276595743,0.00425531914893617,0.02978723404255319,0.09816684378320936,0.08368756641870351,134.31264083992568,0.0970649535260025,0.00402406961174429,0.02505936519883135,0.2032900182787945,0.07680408060874655,1.548769542257196,9,1,9762.83872924395,3.68,0,0.13071200850159406,0.04047936085219707,0.4868017188459177,24642,0.15308933490751672,3564.9
2019,1,Centro,1,Palacio,011,0.01645289694825298,0.1826625386996904,14.9210948408733,22984,0.00926731639401322,155.95,2.03,0.1885,0.3386,0.0280588776448942,1776,0.32094594594594594,0.01632882882882883,0.32488738738738737,0.009009009009009,0.02533783783783784,0.15941524538809607,0.11555864949530108,169.11807950396854,0.363203367333529,0.04101823732699802,0.05218449544648027,0.1385574982431394,0.18599357952565596,0.8720457602317573,1,4,834.2994999607662,7.24,0,0.2666202575704838,0.09621871046547135,0.4296311454443137,20683,0.33578062804069,5075.34
2019,1,Centro,2,Embajadores,012,0.01788220381185205,0.1921318303227851,14.668348022438892,45433,0.0193691809917901,437.82,2.05,0.147,0.3583,0.03120281831907398,3048,0.47965879265091865,0.00787401574803149,0.16601049868766404,0.00393700787401574,0.01377952755905511,0.2046970263905091,0.14515880527369973,169.11807950396854,0.363203367333529,0.04101823732699802,0.05218449544648027,0.1385574982431394,0.18599357952565596,0.8720457602317573,1,7,913.3760035725892,7.56,0,0.3340523408095437,0.09294618307960845,0.3622690606297164,15210,0.3735796097605143,4481.49
2019,1,Centro,3,Cortes,013,0.01683314835368109,0.18238993710691823,15.44100357218784,10525,0.01881235154394299,177.13,1.9411981566820276,0.16873991073972083,0.3286,0.00731528895391367,1190,0.3100840336134454,0.03697478991596639,0.35294117647058826,0.0042016806722689,0.03361344537815126,0.18688836104513065,0.13216152019002375,169.11807950396854,0.363203367333529,0.04101823732699802,0.05218449544648027,0.1385574982431394,0.18599357952565596,0.8720457602317573,1,1,710.3835020983723,6.73,0,0.30394299287410925,0.13182792827165205,0.4745594713656387,21218,0.3819829818719941,5494.3
2019,1,Centro,4,Justicia,014,0.01712887438825448,0.18713586576555585,16.173220755665053,17205,0.02086602731764022,231.98,2,0.1608,0.3474,0.00287631831255992,1939,0.4424961320268179,0.01444043321299639,0.259927797833935,0.00412583806085611,0.01805054151624548,0.1962801511188608,0.12926474861958734,169.11807950396854,0.363203367333529,0.04101823732699802,0.05218449544648027,0.1385574982431394,0.18599357952565596,0.8720457602317573,2,3,971.4253672516414,5.93,0,0.2961929671607091,0.11448184574126974,0.4976999656711294,23790,0.38405965975297135,5950.71
2019,1,Centro,5,Universidad,015,0.01494842176786707,0.192105750818457,15.759562569703192,31809,0.01923983778175988,334.64,1.9551351009302032,0.1629,0.3508,0.03583502366463827,2411,0.3770219825798424,0.01410203235172127,0.2592285358772294,0.0062214848610535,0.02571547075902115,0.20113804269231975,0.1322267282844478,169.11807950396854,0.363203367333529,0.04101823732699802,0.05218449544648027,0.1385574982431394,0.18599357952565596,0.8720457602317573,2,6,952.231102999974,6.37,0,0.3265428023515357,0.0997604412923562,0.4418596117858584,18953,0.3799493483229353,5998.24
2019,1,Centro,6,Sol,016,0.01476510067114094,0.18442953020134228,15.090243035150626,7358,0.01141614569176406,164.77,1.97,0.1705,0.3157,5.743825387708214e-4,1595,0.45203761755485894,0.02633228840125391,0.2946708463949843,0,0.02068965517241379,0.19638488719760805,0.1304702364773036,169.11807950396854,0.363203367333529,0.04101823732699802,0.05218449544648027,0.1385574982431394,0.18599357952565596,0.8720457602317573,0,7,0,6.38,0,0.31000271812992664,0.136681341147608,0.4186303969634667,18197,0.38093959731543625,5293.1
2019,2,Arganzuela,1,Imperial,021,0.01712862036748676,0.14107754593584554,13.543704609779354,22822,0.00543335378143896,235.26,2.36,0.21560000000000001,0.347,0.01901565995525727,740,0.30675675675675673,0.00675675675675675,0.1445945945945946,0.03243243243243243,0.02567567567567567,0.08688984313381824,0.07707475243186399,78.58817976144172,0.00131425583001187,1.2613201430960154e-4,0.0904245574318511,0.08884829906978049,0.08742117922381851,2.906780759756256,6,0,1701.7017735258637,6.22,1,0.2032687757427044,0.03214379337608714,0.38001633542063706,19921,0.20523201494861415,3791.71
2019,2,Arganzuela,2,Acacias,022,0.01877995078357725,0.13184820619090792,13.642271247091976,36907,8.67044192158669e-4,342.68,2.38,0.2268,0.2993,0.01670297748729121,1157,0.30855661192739847,8.64304235090752e-4,0.1365600691443388,0.01037165082108902,0.02592912705272256,0.08497033083154958,0.07456580052564554,78.58817976144172,0.00131425583001187,1.2613201430960154e-4,0.0904245574318511,0.08884829906978049,0.08742117922381851,2.906780759756256,4,2,1817.5812482709264,6.14,0,0.2161378600265532,0.02935572923746092,0.3905450165612767,20653,0.19550576350213705,4646.78
2019,2,Arganzuela,3,Chopera,023,0.017472335468841,0.14676761793826443,12.582484369649944,20048,0.00468874700718276,352.12,2.33,0.2283,0.3926,0.02507836990595611,736,0.3845108695652174,0.00135869565217391,0.14130434782608697,0.00543478260869565,0.02309782608695652,0.12689545091779728,0.10589584996009575,78.58817976144172,0.00131425583001187,1.2613201430960154e-4,0.0904245574318511,0.08884829906978049,0.08742117922381851,2.906780759756256,5,1,2545.0185470969996,7.18,0,0.24406424581005587,0.03299665382884009,0.2745869394177813,15542,0.19988351776354105,3643.17
2019,2,Arganzuela,4,Legazpi,024,0.03198741478762454,0.17960146827477713,14.454756835932264,19673,0.00487978447618563,138.94,2.58,0.0866,0.2474,0.02304964539007092,448,0.23883928571428573,0,0.1875,0.00669642857142857,0.02455357142857142,0.09012351954455344,0.08722614751181823,78.58817976144172,0.00131425583001187,1.2613201430960154e-4,0.0904245574318511,0.08884829906978049,0.08742117922381851,2.906780759756256,5,1,3482.1731601336073,4.72,0,0.2189803283688304,0.02958159983716669,0.47285131523421015,21482,0.22430519140010488,4608.48
2019,2,Arganzuela,5,Delicias,025,0.02438177874186551,0.1523644251626898,13.82918692653109,27740,0.01041816870944484,262.24,2.4,0.1694,0.3282,0.0072992700729927,797,0.3613550815558344,0.00125470514429109,0.16311166875784192,0.01505646173149309,0.01129234629861982,0.12606344628695026,0.09985580389329488,78.58817976144172,0.00131425583001187,1.2613201430960154e-4,0.0904245574318511,0.08884829906978049,0.08742117922381851,2.906780759756256,4,2,2594.8560961675425,5.83,0,0.2254506128334535,0.0355910984163714,0.3736533037406945,18684,0.21908893709327548,3845.47
2019,2,Arganzuela,6,Palos de la Frontera,026,0.01640040788579197,0.15975526852481306,13.748035923378044,25894,0.01274426508071367,397.89,2.19,0.2065,0.371,0.00981675392670157,1328,0.3313253012048193,0.00451807228915662,0.1566265060240964,0.01355421686746988,0.0128012048192771,0.13980072603691976,0.1090986328879277,78.58817976144172,0.00131425583001187,1.2613201430960154e-4,0.0904245574318511,0.08884829906978049,0.08742117922381851,2.906780759756256,3,1,1750.053657056307,6.92,0,0.262647717617981,0.04797019882950272,0.36249884141254984,17634,0.26674031271244053,3862.74
2019,2,Arganzuela,7,Atocha,027,0.03773584905660377,0.13443396226415094,10.4730198019802,1176,0.00510204081632653,15.97,2.77,0.0962,0.292,0,177,0.3502824858757062,0,0.22598870056497175,0,0.00564971751412429,0.0663265306122449,0.03571428571428571,78.58817976144172,0.00131425583001187,1.2613201430960154e-4,0.0904245574318511,0.08884829906978049,0.08742117922381851,2.906780759756256,4,2,2733.93717430477,7.55,0,0.16581632653061223,0.02551914893617021,0.27921279212792127,15889,0.1957547169811321,3990.4455555555555
2019,3,Retiro,1,Pacífico,031,0.01800204568700988,0.13099215819979543,13.581241764137504,33669,0.00810834892631203,442.7429688149781,2.29,0.2496,0.3541,0.00798403193612774,1226,0.4445350734094617,0,0.13458401305057097,0.01223491027732463,0.01549755301794453,0.10178502480026136,0.08827110992307464,94.2269239767059,0.1163386386963481,0.01863030270738205,0.02304372857895433,0.06520960140955928,0.07009608055018052,1.1630335792525506,5,2,2621.775098928446,6,0,0.20956963378775728,0.034211763128891,0.3948189536318119,20132,0.19543129901125128,4269.03
2019,3,Retiro,2,Adelfas,032,0.02351241297780112,0.14173124917903587,13.60345260196006,18516,0.01674227694966515,288.3007460094144,2.43,0.2128,0.3044,0.0019723865877712,404,0.2623762376237624,0.00742574257425742,0.1311881188118812,0.01237623762376237,0.01732673267326732,0.10304601425793908,0.08128105422337438,94.2269239767059,0.1163386386963481,0.01863030270738205,0.02304372857895433,0.06520960140955928,0.07009608055018052,1.1630335792525506,6,1,3369.1505563810074,5.84,0,0.21008857204579823,0.02723155786510771,0.3927208287895311,21311,0.1920399316957835,4540.71
2019,3,Retiro,3,Estrella,033,0.0163387412265562,0.07847198251064319,12.06610086845381,23365,0.0058206719452172,227.25937123102315,2.68,0.3068,0.3077,0.00954198473282442,446,0.36771300448430494,0.00224215246636771,0.10089686098654709,0.00896860986547085,0.01569506726457399,0.066766531136315,0.05816392039375134,94.2269239767059,0.1163386386963481,0.01863030270738205,0.02304372857895433,0.06520960140955928,0.07009608055018052,1.1630335792525506,7,0,3330.247447548994,5.11,1,0.16725872030815322,0.0176340169913327,0.4595596133190118,23860,0.0965366471062018,4076.81
2019,3,Retiro,4,Ibiza,034,0.0199611566681053,0.11728528269313768,15.212539407550604,21709,0.01243723801188447,439.98737176381337,2.34,0.2486,0.3799,9.233610341643582e-4,1010,0.47227722772277225,0,0.1900990099009901,0.00891089108910891,0.00495049504950495,0.1254318485420793,0.10092588327421809,94.2269239767059,0.1163386386963481,0.01863030270738205,0.02304372857895433,0.06520960140955928,0.07009608055018052,1.1630335792525506,5,1,2569.6136361740228,5.62,0,0.2056750656409784,0.05428488404324124,0.4605723461604634,22590,0.199719464825205,5469.24
2019,3,Retiro,5,Los Jerónimos,035,0.01783166904422254,0.10413694721825964,13.991723483982076,7069,0.01131701796576602,36.92303261563017,2.51,0.2635,0.3887,0.00483091787439613,372,0.260752688172043,0.02150537634408602,0.23387096774193547,0.00806451612903225,0.0456989247311828,0.10623850615362852,0.09789220540387608,94.2269239767059,0.1163386386963481,0.01863030270738205,0.02304372857895433,0.06520960140955928,0.07009608055018052,1.1630335792525506,3,1,1693.9136733919286,3.83,0,0.18390154194369784,0.06065551924989344,0.497907949790795,27452,0.1825962910128388,6715.19
2019,3,Retiro,6,Niño Jesús,036,0.01846590909090909,0.07865767045454546,14.1604567705017,15359,0.00670616576600039,238.5117769423705,2.72,0.2639,0.3201,0.00353982300884955,483,0.2567287784679089,0,0.12215320910973083,0.0041407867494824,0.0144927536231884,0.08425027671072335,0.0738980402369946,94.2269239767059,0.1163386386963481,0.01863030270738205,0.02304372857895433,0.06520960140955928,0.07009608055018052,1.1630335792525506,6,3,2715.894836350448,3.99,0,0.16420339865876685,0.02943820634817181,0.5378072637577613,27415,0.11736505681818182,5524.82
2019,4,Salamanca,1,Recoletos,041,0.01860744297719087,0.12064825930372149,18.04178690789996,15786,0.01019891042696059,180.2,2.36,0.2298,0.335,0,1646,0.5856622114216282,0.0103280680437424,0.1591737545565006,0.00425273390036452,0.01215066828675577,0.13904725706322058,0.1123780565057646,31.27323145356056,0.13555154790662446,0.02666267684799491,0.12612106265006595,0.03431951305276644,0.12119221610969702,0.8630217358675927,5,2,1781.686697174278,3.22,0,0.21436716077537055,0.08824372696072201,0.5867432400095717,29359,0.26410564225690275,8553.75
2019,4,Salamanca,2,Goya,042,0.01714890080834025,0.13598247337009897,15.66779930388358,29739,0.01089478462624836,384.91,2.24,0.2379,0.355,0.00100351229302558,1851,0.4656942193408968,0.00270124257158292,0.1836844948676391,0.00756347920043219,0.01566720691518098,0.13204882477554727,0.10803994754362958,31.27323145356056,0.13555154790662446,0.02666267684799491,0.12612106265006595,0.03431951305276644,0.12119221610969702,0.8630217358675927,4,6,2696.9525069184683,4.67,0,0.2356501563603349,0.06619406725353301,0.5054863152664486,24817,0.2329833043741029,5895.89
2019,4,Salamanca,3,Fuente del Berro,043,0.01999569984949473,0.1333046656632982,14.020254642035608,21104,0.01132486732373009,247.15,2.27,0.2436,0.3772,0.01276207839562443,903,0.31118493909191586,0,0.13732004429678848,0.00332225913621262,0.02657807308970099,0.11031084154662624,0.09183093252463988,31.27323145356056,0.13555154790662446,0.02666267684799491,0.12612106265006595,0.03431951305276644,0.12119221610969702,0.8630217358675927,7,1,3556.0177734228823,6.07,0,0.2291508718726308,0.05197189502159366,0.4147005970668367,20347,0.21866265319286177,4797.72
2019,4,Salamanca,4,Guindalera,044,0.01742832812943514,0.12512063582174282,14.206665852552558,41751,0.01063447582093842,259.6,2.36,0.2436,0.4129,0.00925474914758889,1697,0.3294048320565704,0.00530347672362993,0.12197996464348852,0.00883912787271656,0.02357100766057749,0.118679792100788,0.09044094752221504,31.27323145356056,0.13555154790662446,0.02666267684799491,0.12612106265006595,0.03431951305276644,0.12119221610969702,0.8630217358675927,7,3,3851.510247708037,5.5,0,0.2208809369835453,0.04289911797928333,0.461037028217645,21727,0.21118365029804145,4573.78
2019,4,Salamanca,5,Lista,045,0.01960359579768222,0.1282356763782086,15.954981141623083,21037,0.00865142368208394,402.93,2.27,0.2391,0.3659,8.319467554076539e-4,1132,0.4019434628975265,0.00706713780918727,0.18992932862190812,0.00618374558303886,0.01590106007067137,0.1403717260065599,0.10833293720587536,31.27323145356056,0.13555154790662446,0.02666267684799491,0.12612106265006595,0.03431951305276644,0.12119221610969702,0.8630217358675927,5,5,2933.199100215949,4.73,0,0.24057612777487283,0.06310260960832022,0.5163232776433083,24451,0.23524314957218673,6030.55
2019,4,Salamanca,6,Castellana,046,0.01376811594202898,0.11637681159420288,17.211546188175728,17161,0.01013926927335236,221.42,2.48,0.2315,0.3417,0.00160384923817161,1153,0.4336513443191674,0.01040763226366001,0.18907198612315695,0.00693842150910667,0.01908065915004336,0.148301381038401,0.10826874890740631,31.27323145356056,0.13555154790662446,0.02666267684799491,0.12612106265006595,0.03431951305276644,0.12119221610969702,0.8630217358675927,5,1,2491.06903091583,3.39,0,0.235126158149292,0.08124755898154637,0.5594198608850082,30297,0.24420289855072463,7975.95
2019,5,Chamartin,1,El Viso,051,0.01693521867806642,0.10555738243998684,15.37052305574558,17325,0.00998556998556998,101.23,2.84,0.2164,0.3607,0.00507614213197969,873,0.2623138602520046,0.00229095074455899,0.16036655211912945,0.00572737686139747,0.02520045819014891,0.11555555555555556,0.0978932178932179,78.36616307938527,0.012899750918834803,0.00429024621669696,0.03292008573014685,0.08560735573784813,0.084749597230315707,0.8337266005977663,6,2,3488.8511843402644,3.05,0,0.2075036075036075,0.04821847185296497,0.567622641509434,31057,0.16376192042091417,6413.03
2019,5,Chamartin,2,Prosperidad,052,0.01791551420668846,0.1284888106613025,13.658295509905477,36730,0.01034576640348488,352.39,2.3,0.2494,0.324,0.02230685527747551,1448,0.3846685082872928,0.00276243093922651,0.14226519337016574,0.00897790055248618,0.00966850828729281,0.10977402668118703,0.09477266539613396,78.36616307938527,0.012899750918834803,0.00429024621669696,0.03292008573014685,0.08560735573784813,0.084749597230315707,0.8337266005977663,5,6,4228.473772625666,5.83,0,0.22899537163081948,0.03875325093449018,0.4299653656587185,21042,0.2059341211968821,4406.3
2019,5,Chamartin,3,Ciudad Jardín,053,0.02386903274181454,0.13284178955261186,14.29047325403819,18689,0.01193215260313553,244.55,2.33,0.2311,0.3625,0.01170446232626188,1046,0.29158699808795413,0.002868068833652,0.1434034416826004,0.00860420650095602,0.02198852772466539,0.124725774519771,0.10342982503076675,78.36616307938527,0.012899750918834803,0.00429024621669696,0.03292008573014685,0.08560735573784813,0.084749597230315707,0.8337266005977663,6,3,4358.076987032577,5.88,0,0.22756701803199744,0.04296276150627615,0.43546673748506176,21138,0.21469632591852036,4400.14
2019,5,Chamartin,4,Hispanoamérica,054,0.02237299087311202,0.10491882723527989,15.067144403932378,31815,0.0099009900990099,185.3,2.56,0.2457,0.3855,0.01331719128329297,1460,0.3410958904109589,0.00342465753424657,0.16301369863013698,0.00616438356164383,0.02191780821917808,0.10542197076850542,0.09272355807009272,78.36616307938527,0.012899750918834803,0.00429024621669696,0.03292008573014685,0.08560735573784813,0.084749597230315707,0.8337266005977663,6,3,4821.909268153232,4.43,0,0.18538425271098535,0.03382890366495446,0.5303454715219421,27891,0.172199337694855,5469.64
2019,5,Chamartin,5,Nueva España,055,0.02243416061558469,0.10631841335211878,15.757220339210908,24699,0.00878578080084213,137.74,2.67,0.2089,0.3538,0.01768172888015717,855,0.2549707602339181,0.00350877192982456,0.16023391812865498,0.00818713450292397,0.02105263157894736,0.12032875824932183,0.10166403498117332,78.36616307938527,0.012899750918834803,0.00429024621669696,0.03292008573014685,0.08560735573784813,0.084749597230315707,0.8337266005977663,7,2,5520.4265188656,3.65,0,0.19425887687760637,0.04253308999472766,0.5891392886234048,28834,0.19356237130161483,6325.86
2019,5,Chamartin,6,Castilla,056,0.01987951807228915,0.11671686746987953,13.586715974369897,16953,0.00737332625494012,78.1,2.54,0.2259,0.3776,0.17687074829931973,531,0.2768361581920904,0.00941619585687382,0.1713747645951036,0.00941619585687382,0.02824858757062147,0.11997876482038576,0.0933758036925618,78.36616307938527,0.012899750918834803,0.00429024621669696,0.03292008573014685,0.08560735573784813,0.084749597230315707,0.8337266005977663,8,5,6669.055768164209,5,0,0.21925322951689968,0.03669336492890995,0.5146779943867101,24249,0.18418674698795184,4042.11
2019,6,Tetuan,1,Bellas Vistas,061,0.01661045531197302,0.13979763912310286,12.966744341864588,29245,0.01152333732261925,407.54,2.46,0.1838,0.3519,0.08763505402160865,1124,0.3104982206405694,0.00533807829181494,0.11832740213523132,0.00622775800711743,0.01067615658362989,0.1633441613951103,0.12679090442810736,40.19280321528395,0.3317280585351412,0.07559893508948234,0.08636267419640194,0.06634403909119219,0.167528824784566,2.37549923340463,6,1,3909.922967262864,6.85,0,0.26353222773123613,0.03976166883963492,0.2778041517414009,14045,0.23322091062394604,3427
2019,6,Tetuan,2,Cuatro Caminos,062,0.01756370168318807,0.13545339631428382,14.564482745260555,34740,0.01470926885434657,292.04,2.3,0.2265,0.3672,0.02969166349448039,2091,0.40793878527020566,0.00669536107125777,0.1759923481587757,0.00860832137733142,0.02295552367288379,0.1411917098445596,0.11531375935521011,40.19280321528395,0.3317280585351412,0.07559893508948234,0.08636267419640194,0.06634403909119219,0.167528824784566,2.37549923340463,5,6,3851.772541242594,5.49,0,0.2563903281519862,0.038940684234859,0.43636492120698184,21081,0.2339165724170049,4440.52
2019,6,Tetuan,3,Castillejos,063,0.01454389904823013,0.14137525398353118,14.898077645180688,20570,0.01322314049586776,291.1,2.19,0.2379,0.3702,0.02218700475435816,1057,0.2753074739829707,0.01135288552507095,0.22232734153263956,0.00851466414380321,0.01892147587511826,0.1420515313563442,0.11482741857073409,40.19280321528395,0.3317280585351412,0.07559893508948234,0.08636267419640194,0.06634403909119219,0.167528824784566,2.37549923340463,9,2,4865.913979796185,5.36,0,0.2605736509479825,0.04298243065373178,0.4399719577028685,22729,0.2533418885680676,4448.78
2019,6,Tetuan,4,Almenara,064,0.02091377091377091,0.1438223938223938,11.983224632999196,22742,0.01275173687450532,226.56,2.43,0.1987,0.4547,0.07232084155161078,825,0.2896969696969697,0.00242424242424242,0.12727272727272726,0.00121212121212121,0.01575757575757576,0.133629408143523,0.10539970099375603,40.19280321528395,0.3317280585351412,0.07559893508948234,0.08636267419640194,0.06634403909119219,0.167528824784566,2.37549923340463,8,2,5985.2780487589325,10.34,0,0.23832556503385807,0.03292437947177812,0.23562193490860456,13510,0.22661947661947665,3203.9
2019,6,Tetuan,5,Valdeacederas,065,0.02196662581314226,0.16432544546054492,13.00236291243694,26107,0.01516834565442218,223.66,2.45,0.1455,0.3883,0.10026385224274406,979,0.3615934627170582,0.0010214504596527,0.09090909090909093,0.00612870275791624,0.00919305413687436,0.165281342168767,0.13942620753054735,40.19280321528395,0.3317280585351412,0.07559893508948234,0.08636267419640194,0.06634403909119219,0.167528824784566,2.37549923340463,9,0,5518.012250818581,7.84,1,0.2718044968782319,0.04687837131547595,0.2209933936873012,12753,0.24823229942490807,3049.99
2019,6,Tetuan,6,Berruguete,066,0.02174549000487567,0.15416869819600196,12.912479567858789,25089,0.01363147195982303,411.93,2.44,0.1664,0.3936,0.10595160235448003,920,0.33260869565217394,0.00217391304347826,0.1184782608695652,0.00978260869565217,0.01630434782608695,0.17876360157838098,0.13766989517318343,40.19280321528395,0.3317280585351412,0.07559893508948234,0.08636267419640194,0.06634403909119219,0.167528824784566,2.37549923340463,8,1,4696.8582372321225,7.08,0,0.25931683207780304,0.04383265085775981,0.2395785616124599,13229,0.24076060458313017,2989.74
2019,7,Chamberi,1,Gaztambide,071,0.0144789483711183,0.1277386168794056,15.990460851276252,22997,0.01187111362351611,451.96,2.18,0.256,0.3712,0.00611246943765281,1436,0.4129526462395543,0.00278551532033426,0.16434540389972144,0.01253481894150417,0.01253481894150417,0.13488715919467756,0.1021437578814628,154.68190469723825,0.01427408255881618,3.3841970193622015e-4,0.03297734558992614,0.01318894127218436,0.10368022488669612,0.34664646349133743,3,1,2139.273308016623,5.57,0,0.246684350132626,0.04733910707264864,0.49412263051996186,22158,0.24680891598399696,5493.24
2019,7,Chamberi,2,Arapiles,072,0.01715051362215274,0.13657882983474764,16.0625644896064,24518,0.0119504037849743,422.93,2.18,0.2409,0.3603,0.00575539568345323,1213,0.3602638087386645,0.00247320692497939,0.16488046166529266,0.01401483924154987,0.01401483924154987,0.1331674687984338,0.11077575658699731,154.68190469723825,0.01427408255881618,3.3841970193622015e-4,0.03297734558992614,0.01318894127218436,0.10368022488669612,0.34664646349133743,6,1,1920.4473643335684,5.27,0,0.2519781385104821,0.05068787569004293,0.4743948789757952,21908,0.24912907548012503,5661.02
2019,7,Chamberi,3,Trafalgar,073,0.01698242020822666,0.15173237753882915,16.024310812165385,24777,0.0141260039552811,403.61,2.11,0.2123,0.3525,0.00333333333333333,1488,0.33736559139784944,0.00672043010752688,0.19690860215053765,0.00873655913978494,0.02016129032258064,0.13443919764297535,0.11143399120151752,154.68190469723825,0.01427408255881618,3.3841970193622015e-4,0.03297734558992614,0.01318894127218436,0.10368022488669612,0.34664646349133743,3,8,1749.3435959707165,5.37,0,0.2691205553537555,0.0640770003239391,0.4950146627565982,22396,0.2952722307561017,5516.8
2019,7,Chamberi,4,Almagro,074,0.0198019801980198,0.12698019801980198,16.156259701582126,19858,0.01233759693826165,211.18,2.45,0.2389,0.3664,0.00954653937947494,1099,0.31938125568698816,0.00545950864422202,0.21201091901728844,0.00363967242948134,0.01364877161055505,0.1213616678416759,0.10786584751737335,154.68190469723825,0.01427408255881618,3.3841970193622015e-4,0.03297734558992614,0.01318894127218436,0.10368022488669612,0.34664646349133743,3,5,1961.8302018492532,4.15,0,0.2189545775002518,0.06270472560205988,0.5260531800669488,29222,0.23304455445544556,6345.97
2019,7,Chamberi,5,Ríos Rosas,075,0.02059477716451108,0.13683169948101162,15.57848796355515,27465,0.01197888221372656,280.72,2.26,0.2332,0.371,0.00764951321279554,1291,0.3075135553834237,0.00464756003098373,0.20449264136328427,0.01316808675445391,0.01316808675445391,0.12175496085927544,0.10544329146186054,154.68190469723825,0.01427408255881618,3.3841970193622015e-4,0.03297734558992614,0.01318894127218436,0.10368022488669612,0.34664646349133743,4,2,2846.104919773461,5.07,0,0.25006371745858363,0.04917575779709298,0.5081710320125363,24645,0.24120603015075376,5421.65
2019,7,Chamberi,6,Vallehermoso,076,0.01562686389120839,0.1024692830728856,14.84738884916074,20297,0.00995220968616051,189.08,2.41,0.2776,0.3741,0.00587544065804935,787,0.2744599745870394,0,0.16010165184243966,0.00762388818297331,0.01651842439644218,0.1043503966103365,0.08868305660935114,154.68190469723825,0.01427408255881618,3.3841970193622015e-4,0.03297734558992614,0.01318894127218436,0.10368022488669612,0.34664646349133743,6,4,2895.965028339834,4.45,0,0.20140907523279303,0.03424766780432309,0.537828543355441,26362,0.19801980198019803,4739.14
2019,8,Fuencarral-El Pardo,1,El Pardo,081,0.02357414448669201,0.10418250950570342,9.913371825140848,3465,0.00519480519480519,0.1841314541848564,2.63,0.2571,0.4718,0.0871559633027523,146,0.2191780821917808,0,0.2602739726027397,0.00684931506849315,0.11643835616438356,0.10649350649350647,0.09725829725829724,78.19349550937658,0.2587163155256773,0.06437153090396726,0.00970433887710674,0.04858716779214833,0.0725913641518407,1.6194627470856564,15,0,15968.221312001371,6.29,1,0.2106782106782107,0.01762223508975101,0.173036093418259,16139,0.13536121673003804,4069.71
2019,8,Fuencarral-El Pardo,2,Fuentelarreina,082,0.02423698384201077,0.0466786355475763,11.401931587411276,3272,0.00855745721271393,23.61418176937694,2.93,0.264,0.3237,0,24,0.3333333333333333,0.04166666666666666,0.08333333333333333,0,0.08333333333333333,0.08312958435207823,0.0730440097799511,78.19349550937658,0.2587163155256773,0.06437153090396726,0.00970433887710674,0.04858716779214833,0.0725913641518407,1.6194627470856564,13,0,7753.5321488741565,4.1,1,0.1408924205378973,0.02852572741194486,0.5693215339233039,31633,0.08707360861759425,3762.46
2019,8,Fuencarral-El Pardo,3,Peñagrande,083,0.0271320110646813,0.09852274733682538,11.757780737960964,44621,0.00777660742699625,154.15245867939942,2.62,0.2566,0.2733,0.03009458297506449,957,0.3563218390804598,0,0.109717868338558,0.01462904911180773,0.01567398119122257,0.09278142578606484,0.07846081441473746,78.19349550937658,0.2587163155256773,0.06437153090396726,0.00970433887710674,0.04858716779214833,0.0725913641518407,1.6194627470856564,12,2,7057.610223581704,6.36,0,0.18247013737926088,0.02488505437224768,0.304660521133594,19135,0.1227120240127126,3449.96
2019,8,Fuencarral-El Pardo,4,Pilar,084,0.01765428308259134,0.1130897553986286,11.894962643811944,46577,0.00665564549026343,340.5119920844108,2.38,0.2927,0.3337,0.06576862123613313,1811,0.4146880176697957,0,0.1247929320817228,0.01104362230811706,0.01159580342352291,0.10427893595551452,0.08579341735191189,78.19349550937658,0.2587163155256773,0.06437153090396726,0.00970433887710674,0.04858716779214833,0.0725913641518407,1.6194627470856564,11,1,6654.963594575406,6.88,0,0.20516563969341092,0.03092818457959024,0.2342504298890105,15441,0.14788660321359123,3435.9
2019,8,Fuencarral-El Pardo,5,La Paz,085,0.01354581673306772,0.07649402390438247,11.13016464350624,33844,0.00449119489422054,156.69995643345356,2.69,0.3185,0.2062,0.01282051282051282,660,0.30303030303030304,0.00454545454545454,0.1303030303030303,0.00303030303030303,0.01969696969696969,0.06485639995272427,0.06402907457747312,78.19349550937658,0.2587163155256773,0.06437153090396726,0.00970433887710674,0.04858716779214833,0.0725913641518407,1.6194627470856564,10,3,7117.797309101631,4.93,0,0.18635504077532208,0.02061383088997482,0.410123109137514,23478,0.07593625498007968,3643.28
2019,8,Fuencarral-El Pardo,6,Valverde,086,0.05294814944900557,0.12174562058216622,12.05396479702554,63361,0.00956424298858919,70.37010637476874,2.77,0.1176,0.3915,0.03982462550237486,1620,0.2327160493827161,0.00493827160493827,0.15185185185185185,0.00679012345679012,0.02222222222222222,0.1262132857751614,0.10437019617745932,78.19349550937658,0.2587163155256773,0.06437153090396726,0.00970433887710674,0.04858716779214833,0.0725913641518407,1.6194627470856564,11,4,9459.745172148325,6.17,0,0.1990656713120058,0.03686017468078036,0.36838338835153167,17348,0.16665934934363613,3482.97
2019,8,Fuencarral-El Pardo,7,Mirasierra,087,0.03993186979560938,0.08573050719152157,12.736731229781594,32909,0.0139779391655778,47.04556166169665,3.11,0.1449,0.2277,0,439,0.3097949886104784,0,0.1184510250569476,0.01138952164009111,0.05011389521640091,0.09705551672794677,0.07098362150171686,78.19349550937658,0.2587163155256773,0.06437153090396726,0.00970433887710674,0.04858716779214833,0.0725913641518407,1.6194627470856564,12,4,8861.590582904815,3.93,0,0.16138442371387765,0.02674311508298377,0.536952762355511,25531,0.12159348978046934,3097.57
2019,8,Fuencarral-El Pardo,8,El Goloso,088,0.0899255054984037,0.09737495565803476,12.715931884662565,18576,0.00920542635658914,6.987105581041096,3.28,0.0791,0.5,0.00174520069808027,489,0.2310838445807771,0.00204498977505112,0.17791411042944785,0,0.05725971370143149,0.11854005167958656,0.0989448751076658,78.19349550937658,0.2587163155256773,0.06437153090396726,0.00970433887710674,0.04858716779214833,0.0725913641518407,1.6194627470856564,13,1,13001.86708747171,3.69,0,0.174041774332472,0.02979780130733077,0.5386664299032229,22545,0.1734657680028379,5244.35
2019,9,Moncloa-Aravaca,1,Casa de Campo,091,0.01962183374955405,0.13075276489475562,13.250455899089271,13040,0.00828220858895705,7.440172089235748,2.32,0.2501,0.4398,0.01717791411042945,664,0.34789156626506024,0.00602409638554216,0.2349397590361446,0.00451807228915662,0.03765060240963856,0.11226993865030677,0.08780674846625768,325.37535787355216,0.03932239801966451,0.00989825246326276,0.1017220623004814,0.01411040542356032,0.09330698441673714,1.1073161362516597,2,8,4173.709669904124,6.78,0,0.19256134969325153,0.0401746978677546,0.3858526949487348,20308,0.18551551908669284,3339.15
2019,9,Moncloa-Aravaca,2,Argüelles,092,0.0168253052591097,0.1326795500432651,15.38005549583144,24191,0.00971435657889297,318.04632052687845,2.32,0.2503,0.381,0.01219512195121951,1234,0.3338735818476499,0.00972447325769854,0.18962722852512157,0.01296596434359805,0.01458670988654781,0.13252862634864207,0.10400562192550948,325.37535787355216,0.03932239801966451,0.00989825246326276,0.1017220623004814,0.01411040542356032,0.09330698441673714,1.1073161362516597,2,2,1653.6887926611475,4.8,0,0.22231408375015504,0.05282695388702112,0.4991889699918897,24826,0.23488126141717144,4784.89
2019,9,Moncloa-Aravaca,3,Ciudad Universitaria,093,0.02003257328990228,0.1017915309446254,14.064464408532157,16317,0.00618986333272047,11.41,2.65,0.2563,0.3294,0.03137651821862348,792,0.1893939393939394,0.00126262626262626,0.1717171717171717,0.00631313131313131,0.05555555555555555,0.10614696328982044,0.08334865477722621,325.37535787355216,0.03932239801966451,0.00989825246326276,0.1017220623004814,0.01411040542356032,0.09330698441673714,1.1073161362516597,5,3,5161.047179825196,4.1,0,0.19323405037690752,0.03016346863468635,0.5342443985380582,24609,0.16644951140065148,4360.67
2019,9,Moncloa-Aravaca,4,Valdezarza,094,0.02637830752846727,0.1097730810190874,11.536701618489213,29789,0.00986941488468897,212.68654048053952,2.43,0.2492,0.3478,0.06032719836400818,633,0.3222748815165877,0,0.10742496050552924,0.00631911532385466,0.01737756714060031,0.1147739098324885,0.08912685890765047,325.37535787355216,0.03932239801966451,0.00989825246326276,0.1017220623004814,0.01411040542356032,0.09330698441673714,1.1073161362516597,9,2,5430.4959712467935,7.22,0,0.1974218671321629,0.02760457573514568,0.26331701085799447,15807,0.1493405423117883,3187.92
2019,9,Moncloa-Aravaca,5,Valdemarín,095,0.06481965499215891,0.09357030841610035,15.471479574298602,6743,0.0091947204508379,20.37,3.52,0.1109,0.3231,0,116,0.11206896551724138,0.04310344827586207,0.25862068965517243,0,0.03448275862068965,0.13569627762123684,0.10499777547085869,325.37535787355216,0.03932239801966451,0.00989825246326276,0.1017220623004814,0.01411040542356032,0.09330698441673714,1.1073161362516597,5,0,8461.673852404916,3.24,1,0.14592911167136288,0.03422033898305085,0.6294258373205741,32102,0.138003136434919,4806.85
2019,9,Moncloa-Aravaca,6,El Plantío,096,0.03387850467289719,0.07476635514018691,13.19938673143676,2812,0.00640113798008534,7.958790001389681,3.28,0.193,0.2528,0.00862068965517241,198,0.29797979797979796,0.0101010101010101,0.15151515151515152,0.00505050505050505,0.01515151515151515,0.0821479374110953,0.07823613086770982,325.37535787355216,0.03932239801966451,0.00989825246326276,0.1017220623004814,0.01411040542356032,0.09330698441673714,1.1073161362516597,5,0,11456.239375587473,3.1,1,0.15362731152204837,0.03774871794871795,0.5475708502024291,32183,0.09462616822429906,3146.36
2019,9,Moncloa-Aravaca,7,Aravaca,097,0.03905242171924475,0.08467221766154567,12.53431093878104,26857,0.00763301932457087,45.98,3.15,0.1496,0.2666,0.02752293577981651,631,0.3359746434231379,0.00158478605388272,0.09667194928684628,0.01584786053882726,0.02218700475435816,0.10228245894924971,0.0787876531258145,325.37535787355216,0.03932239801966451,0.00989825246326276,0.1017220623004814,0.01411040542356032,0.09330698441673714,1.1073161362516597,5,0,7562.302874208347,3.97,1,0.1504635662955654,0.04981115087797785,0.5207047968428659,25269,0.11504632344318048,4059.23
2019,10,Latina,1,Los Cármenes,101,0.02611600364409353,0.12921348314606745,9.787600308604436,17448,0.00836772122879413,134.65182246243293,2.64,0.1717,0.4041,0.1004016064257028,332,0.2319277108433735,0,0.15963855421686746,0.00602409638554216,0.0572289156626506,0.11370930765703806,0.09307657038055936,71.93362085276316,0.01203517266103179,0.00859097678035566,7.761751527396728e-4,0.0971403443683326,0.13078092326813742,3.3085803745594284,6,1,3189.554438507505,10.57,0,0.187585969738652,0.03446590791515777,0.16075124568800306,12393,0.1548739750986942,2468.47
2019,10,Latina,2,Puerta del Angel,102,0.02218791101961457,0.13661577171613198,10.731680987283868,41878,0.01033955776302593,303.4252385757392,2.39,0.2075,0.4273,0.09370816599732262,1568,0.3737244897959184,6.377551020408163e-4,0.12818877551020408,0.00829081632653061,0.01020408163265306,0.13842590381584602,0.11137112565069963,71.93362085276316,0.01203517266103179,0.00859097678035566,7.761751527396728e-4,0.0971403443683326,0.13078092326813742,3.3085803745594284,3,2,2462.0227528519436,8.86,0,0.2289985195090501,0.04364318236280853,0.19614668987455736,12930,0.20266483673586091,2574.74
2019,10,Latina,3,Lucero,103,0.02115615934338074,0.10457793815891885,9.615551263712517,36204,0.01041321400950171,214.9499829936093,2.55,0.2255,0.4223,0.08555783709787816,884,0.33710407239819007,0,0.13687782805429866,0.01244343891402714,0.01923076923076923,0.12446138548226716,0.09601149044304497,71.93362085276316,0.01203517266103179,0.00859097678035566,7.761751527396728e-4,0.0971403443683326,0.13078092326813742,3.3085803745594284,5,1,4227.863152996435,8.32,0,0.1953927742790852,0.03722543640897755,0.16972199480297584,12997,0.14441378334394678,2230.17
2019,10,Latina,4,Aluche,104,0.01890764199526369,0.09472615870390558,9.1157623193222,66542,0.00813020348050855,232.82605153199577,2.49,0.2991,0.3216,0.0639320029563932,1955,0.38823529411764707,0.00102301790281329,0.1421994884910486,0.00971867007672634,0.01381074168797954,0.10956989570496828,0.08378167172612785,71.93362085276316,0.01203517266103179,0.00859097678035566,7.761751527396728e-4,0.0971403443683326,0.13078092326813742,3.3085803745594284,6,3,5246.163985037182,7.84,0,0.18284692374740769,0.04601408720290577,0.1494075410628918,13462,0.11077698003984512,2178.89
2019,10,Latina,5,Campamento,105,0.02107823267126064,0.10795838400216189,10.019584474074868,19358,0.00955677239384233,20.97726365073494,2.61,0.2395,0.3725,0.08251231527093596,467,0.31263383297644537,0,0.10278372591006424,0.01498929336188436,0.00642398286937901,0.13689430726314702,0.1003719392499225,71.93362085276316,0.01203517266103179,0.00859097678035566,7.761751527396728e-4,0.0971403443683326,0.13078092326813742,3.3085803745594284,6,1,9136.38284445581,6.83,0,0.20647794193615043,0.0514492557439967,0.1766944426218752,13310,0.13727874611538982,2078.73
2019,10,Latina,6,Cuatro Vientos,106,0.06064751481988144,0.12859097127222982,13.084127373524389,5761,0.0048602673147023,10.58540407750991,2.62,0.0616,0.1836,0,103,0.21359223300970873,0,0.08737864077669903,0.00970873786407766,0.03883495145631067,0.09963547995139732,0.07967366776601284,71.93362085276316,0.01203517266103179,0.00859097678035566,7.761751527396728e-4,0.0971403443683326,0.13078092326813742,3.3085803745594284,8,1,8640.708002320105,7.55,0,0.216802638430828,0.02066061238691718,0.25502008032128515,15449,0.28226174190606473,3199.68
2019,10,Latina,7,Águilas,107,0.02123570673585087,0.10002882675122514,9.107351282535824,51703,0.00777517745585362,142.8328909979958,2.48,0.2798,0.339,0.01764335223692501,1146,0.4171029668411867,0,0.13263525305410123,0.01134380453752181,0.01745200698080279,0.08674544997388933,0.06753960118368373,71.93362085276316,0.01203517266103179,0.00859097678035566,7.761751527396728e-4,0.0971403443683326,0.13078092326813742,3.3085803745594284,7,1,6885.9755107490355,7.92,0,0.16542560393013944,0.03573168531916132,0.13339312551510157,13246,0.12015950802344576,2243.51
2019,11,Carabanchel,1,Comillas,111,0.02277497900923593,0.123215785054576,10.495655498346352,22483,0.00636036116176666,336.3328030152531,2.35,0.2396,0.3867,0.03973509933774834,848,0.34787735849056606,0.00117924528301886,0.12028301886792452,0.01297169811320754,0.02122641509433962,0.1430858871147089,0.10777031534937508,49.606812966421586,0.565048948568899,0.04043699833826234,0.00818640782994098,0.00723505721802338,0.15746917483401834,1.0268170248311623,9,1,2716.71359451771,8.71,0,0.22319085531290309,0.04890427621300719,0.180525824688512,12908,0.17800167926112512,2503.79
2019,11,Carabanchel,2,Opañel,112,0.01893129770992366,0.12229007633587786,9.97810416216442,33145,0.00745210438980238,298.486494488423,2.52,0.2086,0.3983,0.04559585492227979,1278,0.3302034428794992,0,0.12206572769953052,0.00860719874804381,0.01173708920187793,0.14092623321767989,0.1112384975109368,49.606812966421586,0.565048948568899,0.04043699833826234,0.00818640782994098,0.00723505721802338,0.15746917483401834,1.0268170248311623,6,5,3342.7575110293496,8.12,0,0.21662392517725143,0.04080621161235667,0.1590559655596556,12324,0.1683969465648855,2278.29
2019,11,Carabanchel,3,San Isidro,113,0.0235114908272071,0.12285581826611032,10.165122674914665,39070,0.00967494241105707,205.10897320679467,2.58,0.1929,0.3805,0.06599229287090559,1165,0.2944206008583691,8.583690987124463e-4,0.11931330472103004,0.00858369098712446,0.01630901287553648,0.14781162016892757,0.11382134630151013,49.606812966421586,0.565048948568899,0.04043699833826234,0.00818640782994098,0.00723505721802338,0.15746917483401834,1.0268170248311623,8,0,3059.153910492342,10.9,1,0.2161249040184285,0.04747256462253252,0.14284294563885117,11347,0.170408636333532,2211.32
2019,11,Carabanchel,4,Vista Alegre,114,0.022515483012097,0.10719453608844128,9.352485187792084,46122,0.00897619357356576,289.2918880035438,2.66,0.2277,0.3665,0.03643843667352336,2260,0.41150442477876104,0.00176991150442477,0.12787610619469025,0.00929203539823008,0.01327433628318584,0.15402627813191103,0.10949221629591084,49.606812966421586,0.565048948568899,0.04043699833826234,0.00818640782994098,0.00723505721802338,0.15746917483401834,1.0268170248311623,7,3,5063.086310850565,8.54,0,0.20699449286674473,0.04025519303969549,0.12299420779868636,11279,0.13017306245297217,2128.06
2019,11,Carabanchel,5,Puerta Bonita,115,0.02648635672561414,0.1139473473633672,9.279286404862214,34968,0.00829329672843742,216.70673636485645,2.79,0.1848,0.4038,0.05379746835443038,957,0.3437826541274817,0.00104493207941483,0.10553814002089865,0.00417972831765935,0.01462904911180773,0.1590311141615191,0.11936627773964768,49.606812966421586,0.565048948568899,0.04043699833826234,0.00818640782994098,0.00723505721802338,0.15746917483401834,1.0268170248311623,10,0,5104.261852587482,9.83,1,0.20587394188972777,0.04622667814113598,0.11214632097445491,10255,0.1410738577258542,1987.58
2019,11,Carabanchel,6,Buenavista,116,0.04030799743335472,0.11462404479962666,10.623021367019952,47166,0.0076326167154306,83.82948281952326,2.74,0.138,0.3427,0.02418964683115626,1358,0.34977908689248893,0,0.13033873343151697,0.00883652430044182,0.0198821796759941,0.11024890811177544,0.08749946995717255,49.606812966421586,0.565048948568899,0.04043699833826234,0.00818640782994098,0.00723505721802338,0.15746917483401834,1.0268170248311623,10,3,6594.790504863614,7.56,0,0.1754865793156087,0.04115939857613431,0.16290824261275272,12846,0.17079857667852769,2306.07
2019,11,Carabanchel,7,Abrantes,117,0.02818050018122508,0.1055636100036245,9.231080606306485,30840,0.00522049286640726,196.46926633618483,2.79,0.1795,0.3814,0.03726082578046324,706,0.3781869688385269,0,0.13739376770538245,0.00991501416430594,0.01416430594900849,0.14873540856031128,0.10573929961089494,49.606812966421586,0.565048948568899,0.04043699833826234,0.00818640782994098,0.00723505721802338,0.15746917483401834,1.0268170248311623,7,4,4633.638175169047,8.96,0,0.18861867704280155,0.03906773479944045,0.12393106170240756,11000,0.12685755708590069,1901.37
2019,12,Usera,1,Orcasitas,121,0.02963489805595069,0.10289236605026078,8.080579891348716,22896,0.00576519916142557,168.36944527242588,2.71,0.1944,0.4379,0.04357298474945534,373,0.4396782841823057,0,0.14209115281501342,0.00268096514745308,0.02144772117962466,0.08490566037735849,0.06643081761006289,70.08199709798933,0.06194263233619893,0.01671460288230225,0.09757154746331977,0.15129283891771522,0.19286600096056655,4.573883333452463,8,0,5444.820243803643,9.85,1,0.1563591893780573,0.02199179839733765,0.08889942511705091,11278,0.111782835467046,1750.82
2019,12,Usera,2,Orcasur,122,0.03048264182895851,0.12637595258255716,9.633869605531004,13837,0.0088169400881694,99.52791031345062,2.92,0.1461,0.3743,0.02409638554216867,247,0.2834008097165992,0,0.1214574898785425,0,0.01619433198380566,0.1224253812242538,0.0938064609380646,70.08199709798933,0.06194263233619893,0.01671460288230225,0.09757154746331977,0.15129283891771522,0.19286600096056655,4.573883333452463,7,1,5034.764224800982,11.86,0,0.2024282720242827,0.02545434530706834,0.10234328059282996,9710,0.15283657917019475,1678.25
2019,12,Usera,3,San Fermín,123,0.03703255476219291,0.11254992133607648,8.566186850175422,23724,0.00796661608497723,160.4040612853954,2.86,0.1425,0.332,0.01751592356687898,399,0.38596491228070173,0.0025062656641604,0.17543859649122806,0.0075187969924812,0.0175438596491228,0.1154105547125274,0.09543078738829876,70.08199709798933,0.06194263233619893,0.01671460288230225,0.09757154746331977,0.15129283891771522,0.19286600096056655,4.573883333452463,8,1,5347.446205816762,9.68,0,0.18584555724161184,0.03739129552945156,0.10775631500742942,10002,0.13953769817257655,1851.29
2019,12,Usera,4,Almendrales,124,0.0239340831807481,0.11430813497253466,9.6437908899554,21487,0.00805137990412807,274.8093491914865,2.8,0.1629,0.4412,0.03537532355478861,760,0.35526315789473684,0.00131578947368421,0.1421052631578947,0.00263157894736842,0.01447368421052631,0.1681016428538186,0.1262158514450598,70.08199709798933,0.06194263233619893,0.01671460288230225,0.09757154746331977,0.15129283891771522,0.19286600096056655,4.573883333452463,6,1,3761.580223395432,9.03,0,0.2223670126122772,0.02965343999253697,0.11489733508082133,10297,0.15132095213183364,2023.67
2019,12,Usera,5,Moscardó,125,0.01905152104885793,0.11625524941104168,9.699936971013209,26416,0.00658691701998788,289.9798575576213,2.7,0.1893,0.4154,0.03997539975399754,1193,0.42162615255658,8.382229673093043e-4,0.1374685666387259,0.00754400670578373,0.01257334450963956,0.17300121138703817,0.13234403391883706,70.08199709798933,0.06194263233619893,0.01671460288230225,0.09757154746331977,0.15129283891771522,0.19286600096056655,4.573883333452463,6,1,3148.644346237265,8.16,0,0.2254694124772865,0.03508912457784693,0.1268266458139876,10789,0.14821263955751307,2059.12
2019,12,Usera,6,Zofío,126,0.02344689378757515,0.11442885771543086,9.345427749142788,14018,0.00520759024111856,180.45919173471535,2.8,0.1803,0.399,0.08151382823871907,371,0.2884097035040431,0,0.1293800539083558,0.00539083557951482,0.0215633423180593,0.15508631759166783,0.11535169068340705,70.08199709798933,0.06194263233619893,0.01671460288230225,0.09757154746331977,0.15129283891771522,0.19286600096056655,4.573883333452463,7,0,4309.52274503438,9.03,1,0.20908831502354117,0.0419009163802978,0.09438244751276716,10100,0.1284569138276553,1990.79
2019,12,Usera,7,Pradolongo,127,0.02299429338704263,0.112621685129238,9.357074569945937,17525,0.01101283880171184,159.08334032364218,2.93,0.172,0.4103,0.07922272047832586,843,0.32977461447212336,0.00237247924080664,0.13404507710557534,0.00711743772241992,0.00711743772241992,0.1896148359486448,0.1529243937232525,70.08199709798933,0.06194263233619893,0.01671460288230225,0.09757154746331977,0.15129283891771522,0.19286600096056655,4.573883333452463,6,0,4353.234146131321,8.73,1,0.23035663338088444,0.02738370625358577,0.07140691328077622,8668,0.1299093655589124,1862.41
2019,13,Puente de Vallecas,1,Entrevías,131,0.02293867255241999,0.11201324294497872,8.457904259027448,34758,0.0084872547327234,58.10170781145734,2.74,0.1941,0.4198,0.05577689243027888,787,0.31639135959339265,0,0.18043202033036848,0.00762388818297331,0.02033036848792884,0.12610046607975142,0.09600667472236608,149.83753857067612,0.48859607575081526,0.01623865459572482,0.11107067067938424,0.0045150280903232,0.13418239127656856,3.0716361103087353,7,0,5421.836821736098,12.07,1,0.1996087231716439,0.03689278344573174,0.05465169569202566,9316,0.12817278890115089,1660.4
2019,13,Puente de Vallecas,2,San Diego,132,0.02827211914678783,0.1388994067903572,10.444235574227882,41836,0.01238168084902954,389.43107639618705,2.63,0.1422,0.4062,0.0825147347740668,1752,0.3886986301369863,5.707762557077625e-4,0.1232876712328767,0.00513698630136986,0.01027397260273972,0.22064728941581413,0.15864327373553877,149.83753857067612,0.48859607575081526,0.01623865459572482,0.11107067067938424,0.0045150280903232,0.13418239127656856,3.0716361103087353,7,2,4343.126303552097,10.11,0,0.24636676546514963,0.04525848694316434,0.10208379870440693,8960,0.204909756405402,1930.5
2019,13,Puente de Vallecas,3,Palomeras Bajas,133,0.02357956437753946,0.1240924532072204,9.0747505074393,40275,0.00821849782743637,232.99918559953673,2.68,0.1632,0.385,0.07753623188405798,813,0.33087330873308735,0,0.11070110701107012,0.008610086100861,0.02583025830258302,0.1128491620111732,0.0885909373060211,149.83753857067612,0.48859607575081526,0.01623865459572482,0.11107067067938424,0.0045150280903232,0.13418239127656856,3.0716361103087353,9,2,5299.099733980374,9.14,0,0.1849782743637492,0.03049402479709208,0.1260043827611395,11982,0.14913741424099114,1870.45
2019,13,Puente de Vallecas,4,Palomeras Sureste,134,0.02717561067033173,0.12300868370088086,9.331839578399162,42673,0.00916270241136081,137.01998703546803,2.66,0.183,0.3825,0.0945475638051044,978,0.3098159509202454,0,0.12372188139059304,0.00920245398773006,0.01124744376278118,0.1080542731938228,0.0905724931455487,149.83753857067612,0.48859607575081526,0.01623865459572482,0.11107067067938424,0.0045150280903232,0.13418239127656856,3.0716361103087353,12,2,6728.434764756167,9.66,0,0.20455557378201672,0.03295088510118796,0.0994973025993134,11438,0.13325420128693696,1648.98
2019,13,Puente de Vallecas,5,Portazgo,135,0.02361767157543762,0.11827359451699546,9.135517781055787,28426,0.00999085344403011,227.6632145889491,2.63,0.2166,0.3973,0.06129247168554297,920,0.3847826086956522,0,0.12934782608695652,0.00543478260869565,0.0108695652173913,0.12449869837472737,0.0962147329909238,149.83753857067612,0.48859607575081526,0.01623865459572482,0.11107067067938424,0.0045150280903232,0.13418239127656856,3.0716361103087353,11,1,5623.053121168555,10.83,0,0.2081193273763456,0.03378589065255731,0.07838231280138296,10100,0.13596369361859775,1773.79
2019,13,Puente de Vallecas,6,Numancia,136,0.02412232280856701,0.1287811879001987,10.027187374910326,47444,0.01138183964252592,255.79355367451248,2.61,0.1859,0.3766,0.1004510045100451,1457,0.3520933424845573,0,0.12010981468771448,0.00686341798215511,0.01029512697323267,0.1528117359413203,0.12140628952027652,149.83753857067612,0.48859607575081526,0.01623865459572482,0.11107067067938424,0.0045150280903232,0.13418239127656856,3.0716361103087353,9,0,4377.421642034768,9.84,1,0.22527611499873537,0.04169804220051587,0.1155921303613276,10552,0.17272024729520866,2003.37
2019,14,Moratalaz,1,Pavones,141,0.02101736216874809,0.10539141029546148,9.431952236910544,9148,0.00623087013554875,90.496511917237,2.78,0.2487,0.3543,0.05019305019305019,174,0.20689655172413793,0,0.10919540229885058,0.0057471264367816,0.04022988505747126,0.10537822474857891,0.07389593353738522,130.7624414140775,0.07004948201111859,0.06240551836569901,0.13915743101221212,0.02225648313135793,0.0812079189083491,0.677086629121053,10,1,6486.612196477242,9.28,0,0.16495408832531702,0.04755951625259932,0.17416050085372797,14042,0.10265001522997258,1997.15
2019,14,Moratalaz,2,Horcajo,142,0.04110854503464203,0.12147806004618936,9.878902384247253,6342,0.00236518448438978,84.9123218776134,2.93,0.0849,0.2881,0.04615384615384615,95,0.3368421052631579,0,0.10526315789473684,0,0,0.07568590350047304,0.06054872280037843,130.7624414140775,0.07004948201111859,0.06240551836569901,0.13915743101221212,0.02225648313135793,0.0812079189083491,0.677086629121053,10,0,6656.046602301756,7.68,1,0.1251970987070325,0.01472226081465109,0.30863614912694665,16787,0.1468822170900693,2389.69
2019,14,Moratalaz,3,Marroquina,143,0.0191047531149054,0.0925703737886479,10.141772106876012,27313,0.00574817852304763,152.28617917874993,2.52,0.2728,0.3596,0.0643699002719855,825,0.3418181818181818,0,0.13575757575757577,0.01575757575757576,0.01696969696969697,0.06502398125434775,0.06070369421154761,130.7624414140775,0.07004948201111859,0.06240551836569901,0.13915743101221212,0.02225648313135793,0.0812079189083491,0.677086629121053,8,0,5474.216644103787,7.05,1,0.15615274777578442,0.02112223037417461,0.2503341167795751,17441,0.11315182279649284,2902.56
2019,14,Moratalaz,4,Media Legua,144,0.02034276159955413,0.1026891458826808,10.267536642149652,17923,0.00742063270657814,178.89465424487787,2.49,0.2751,0.3569,0.0197841726618705,401,0.28428927680798005,0,0.11221945137157108,0.01496259351620947,0.03491271820448877,0.08547676170283992,0.0738157674496457,130.7624414140775,0.07004948201111859,0.06240551836569901,0.13915743101221212,0.02225648313135793,0.0812079189083491,0.677086629121053,7,2,4094.469166572383,8.74,0,0.1822239580427384,0.02837961501874546,0.2211484593837535,15484,0.12818726487390275,2606.9
2019,14,Moratalaz,5,Fontarrón,145,0.02052700538651914,0.10074246615227836,9.52411455558279,17186,0.01000814616548353,177.6847021206941,2.5,0.2587,0.4641,0.01927710843373494,338,0.4822485207100592,0,0.09763313609467456,0.0059171597633136,0.01479289940828402,0.1269638077504946,0.09635750029093448,130.7624414140775,0.07004948201111859,0.06240551836569901,0.13915743101221212,0.02225648313135793,0.0812079189083491,0.677086629121053,10,0,5210.585238894585,8.97,1,0.18672175026184104,0.04118142832137231,0.14244784014105202,12425,0.13073227544038435,2285.44
2019,14,Moratalaz,6,Vinateros,146,0.02188972014408423,0.0971183153228041,9.814942502790636,16906,0.00768957766473441,283.98391432916554,2.34,0.2993,0.4536,0.03414634146341464,324,0.4722222222222222,0,0.095679012345679,0.01851851851851851,0.00308641975308641,0.10162072636933632,0.0792618005441855,130.7624414140775,0.07004948201111859,0.06240551836569901,0.13915743101221212,0.02225648313135793,0.0812079189083491,0.677086629121053,9,1,5433.702198295059,7.62,0,0.17130013013131432,0.03765072326298316,0.17543859649122806,13824,0.13604876697146023,2367.34
2019,15,Ciudad Lineal,1,Ventas,151,0.02016595423686195,0.11370379683178276,10.59112825046534,48222,0.01076272240885902,150.40171978259912,2.42,0.2368,0.4377,0.05485232067510549,1587,0.32262129804662887,0,0.11342155009451796,0.01008191556395715,0.0144927536231884,0.1270374517854921,0.10030691385674588,26.722324608730137,0.29818968908526555,0.08575008259734954,0.26490815355405306,0.1094707502620726,0.12294816664354742,1.5263444281511405,8,1,4882.186837215816,8.05,0,0.2053004852556924,0.04124354976194933,0.17546221969029985,13050,0.16781493588131757,2717.39
2019,15,Ciudad Lineal,2,Pueblo Nuevo,152,0.02027676742338726,0.11304820435636942,10.126356115729564,62278,0.00928096599120074,267.8102253354986,2.6,0.2178,0.3784,0.03825597749648382,2140,0.3467289719626168,4.6728971962616824e-4,0.12196261682242993,0.00981308411214953,0.01448598130841121,0.13381932624682874,0.10308616204759304,26.722324608730137,0.29818968908526555,0.08575008259734954,0.26490815355405306,0.1094707502620726,0.12294816664354742,1.5263444281511405,9,3,5945.604635738793,7.66,0,0.20952824432383824,0.03899082771167747,0.16398392394475386,12829,0.1438605292863414,2433.13
2019,15,Ciudad Lineal,3,Quintana,153,0.02050686786612497,0.1252660088992068,11.383023357794452,24679,0.01069735402568985,340.4979117685189,2.38,0.2219,0.4505,0.03951701427003293,1198,0.3747913188647746,8.347245409015025e-4,0.12020033388981637,0.01085141903171953,0.01085141903171953,0.14477896187041614,0.11406458932695816,26.722324608730137,0.29818968908526555,0.08575008259734954,0.26490815355405306,0.1094707502620726,0.12294816664354742,1.5263444281511405,9,4,5499.8856260243065,7.34,0,0.22658940799870336,0.04318487531475917,0.22149952100035297,14106,0.1881408396208164,3144.46
2019,15,Ciudad Lineal,4,La Concepción,154,0.02428524119660006,0.11734186996357214,11.82844766196838,20931,0.00979408532798241,235.41875146035625,2.3,0.2381,0.4379,0.07171314741035857,953,0.3200419727177335,0.00314795383001049,0.1416579223504722,0.00839454354669464,0.02518363064008394,0.12479097988629306,0.10138072715111555,26.722324608730137,0.29818968908526555,0.08575008259734954,0.26490815355405306,0.1094707502620726,0.12294816664354742,1.5263444281511405,8,1,5286.9078554012285,7.08,0,0.20257035019827052,0.04599386267740699,0.28620916203786656,16591,0.1898664311734187,4002.51
2019,15,Ciudad Lineal,5,San Pascual,155,0.02603267366184088,0.11143578164430867,12.471362122244953,18198,0.00780305528080008,172.2197774331921,2.41,0.2616,0.3342,0.02317497103128621,555,0.3279279279279279,0.0036036036036036,0.12972972972972974,0.0054054054054054,0.01621621621621621,0.08347071106715023,0.07962413452027696,26.722324608730137,0.29818968908526555,0.08575008259734954,0.26490815355405306,0.1094707502620726,0.12294816664354742,1.5263444281511405,8,1,5179.583389520239,6.78,0,0.17545884163094846,0.02991560948703806,0.316369687304999,19136,0.15287554788152477,4139.15
2019,15,Ciudad Lineal,6,San Juan Bautista,156,0.03534004520238339,0.09821245120197249,13.324928304797991,12508,0.00999360409338023,123.53040934352794,2.57,0.2153,0.3347,0.01037344398340249,395,0.29620253164556964,0.00253164556962025,0.1468354430379747,0.01265822784810126,0.01772151898734177,0.10081547809401983,0.08018867924528301,26.722324608730137,0.29818968908526555,0.08575008259734954,0.26490815355405306,0.1094707502620726,0.12294816664354742,1.5263444281511405,8,2,5517.381509267848,5.06,0,0.1683722417652702,0.04365927764875471,0.494150477621552,24260,0.1614957879597288,4106.55
2019,15,Ciudad Lineal,7,Colina,157,0.04017160686427457,0.10803432137285492,13.75670235350262,6399,0.01203313017659009,114.114845499522,2.49,0.2253,0.3058,0.02150537634408602,269,0.1933085501858736,0.01115241635687732,0.0966542750929368,0.01486988847583643,0.02973977695167286,0.11939365525863416,0.09392092514455384,26.722324608730137,0.29818968908526555,0.08575008259734954,0.26490815355405306,0.1094707502620726,0.12294816664354742,1.5263444281511405,8,0,5876.295736381089,5.79,1,0.19034224097515237,0.04854294661030218,0.4745866503368034,23266,0.18486739469578783,4259.03
2019,15,Ciudad Lineal,8,Atalaya,158,0.03893805309734513,0.09734513274336284,14.638755044899606,1570,0.01464968152866242,63.001525360691,2.78,0.229,0.2869,0.0238095238095238,34,0.0588235294117647,0.02941176470588235,0.1176470588235294,0,0.0588235294117647,0.12929936305732484,0.13312101910828025,26.722324608730137,0.29818968908526555,0.08575008259734954,0.26490815355405306,0.1094707502620726,0.12294816664354742,1.5263444281511405,7,0,6201.670718009656,4.45,1,0.1375796178343949,0.04844081632653061,0.5127304653204565,30889,0.18230088495575225,4973.31
2019,15,Ciudad Lineal,9,Costillares,159,0.03000504286434695,0.09190620272314674,13.133850369664938,22073,0.007203370633806,154.21301455509527,2.77,0.2185,0.2775,0.01063829787234042,392,0.27040816326530615,0.01020408163265306,0.15051020408163265,0.00765306122448979,0.03061224489795918,0.08630453495220405,0.07511439315000226,26.722324608730137,0.29818968908526555,0.08575008259734954,0.26490815355405306,0.1094707502620726,0.12294816664354742,1.5263444281511405,11,2,7261.6630548985795,5.18,0,0.15516694604267658,0.02413094048159927,0.5208307501549907,26068,0.1243066061522945,4158.38
2019,16,Hortaleza,1,Palomas,161,0.04149566803465572,0.084359325125399,14.053588735662304,6798,0.00779641070903206,60.10074842812032,3.1,0.1473,0.192,0.00602409638554216,141,0.24822695035460993,0.01418439716312056,0.15602836879432624,0.00709219858156028,0.06382978723404255,0.0889967637540453,0.0820829655781112,103.89473123807504,0.02183090406518271,0.08452301645492365,0.04488386259479229,0.03452732268927344,0.0915826990391306,2.2418910324358707,13,0,8501.46490391082,4.13,1,0.13636363636363635,0.06421634756995581,0.5422657952069717,29960,0.09758321933424532,4219.48
2019,16,Hortaleza,2,Piovera,162,0.0352531256405001,0.09530641524902644,14.235846258081043,14929,0.00696630718735347,47.49256769668543,3.06,0.1386,0.243,0.00595238095238095,288,0.1875,0.00694444444444444,0.1423611111111111,0.02430555555555555,0.05555555555555555,0.0947149842588251,0.0864090026123652,103.89473123807504,0.02183090406518271,0.08452301645492365,0.04488386259479229,0.03452732268927344,0.0915826990391306,2.2418910324358707,9,0,7272.732325749381,3.47,1,0.1529908232299551,0.102170243444437,0.5551142967841922,30142,0.13609346177495388,4733.19
2019,16,Hortaleza,3,Canillas,163,0.0218586060454659,0.1067324506620035,11.552433185416533,40698,0.00734679836847019,160.86363652518668,2.53,0.2627,0.3051,0.0903586399627387,1380,0.3108695652173913,0.00144927536231884,0.1217391304347826,0.01739130434782608,0.02608695652173913,0.0867610201975527,0.07526168362081674,103.89473123807504,0.02183090406518271,0.08452301645492365,0.04488386259479229,0.03452732268927344,0.0915826990391306,2.2418910324358707,9,2,7296.312864197992,6.78,0,0.18322767703572657,0.03814452166198432,0.2524346410248533,17465,0.1313389957531851,3298.16
2019,16,Hortaleza,4,Pinar del Rey,164,0.02547830583368589,0.10534480327175293,10.818628229281542,52830,0.01188718531137611,197.7321441972012,2.48,0.2633,0.3416,0.11865618298784848,1482,0.3697705802968961,0.00269905533063427,0.11403508771929824,0.01012145748987854,0.0155195681511471,0.10113571834185124,0.08470565966307023,103.89473123807504,0.02183090406518271,0.08452301645492365,0.04488386259479229,0.03452732268927344,0.0915826990391306,2.2418910324358707,7,6,7830.265113595043,8.11,0,0.1881506719666856,0.03419608851606536,0.1963619070265129,15169,0.13275043482348517,2748.42
2019,16,Hortaleza,5,Apóstol Santiago,165,0.02311540451957909,0.1145420044850785,10.08698467948926,15467,0.007758453481606,127.94277333548968,2.66,0.2077,0.3659,0.05626598465473145,228,0.3157894736842105,0,0.17982456140350878,0.0131578947368421,0.03508771929824561,0.10182970194607877,0.08637744876188014,103.89473123807504,0.02183090406518271,0.08452301645492365,0.04488386259479229,0.03452732268927344,0.0915826990391306,2.2418910324358707,12,1,7594.745484802367,7.94,0,0.17889700653003168,0.0298975353482942,0.2391340828998154,15651,0.1317923063653614,3151.26
2019,16,Hortaleza,6,Valdefuentes,166,0.06141890198044623,0.1256455251942843,12.940638925121586,57958,0.01815107491631871,34.538136649573346,2.9,0.0731,0.2255,0.00945179584120983,725,0.21793103448275863,0.00413793103448275,0.18758620689655173,0.01103448275862068,0.02482758620689655,0.15338693536698988,0.09420614928051348,103.89473123807504,0.02183090406518271,0.08452301645492365,0.04488386259479229,0.03452732268927344,0.0915826990391306,2.2418910324358707,9,0,10287.171310638792,4.73,1,0.20754684426653783,0.04238865564367041,0.49627409902145375,21532,0.190975181749812,3487.54
2019,17,Villaverde,1,"Villaverde Alto, Casco Histórico de Villaverde",171,0.02930760776651606,0.1186347539382098,8.396143029964984,45324,0.00966375430235636,48.85042195889644,2.76,0.1697,0.3953,0.02964835669960928,2579,0.2318728189220628,3.8774718883288094e-4,0.06901899961225282,0.00426521907716169,0.01395889879798371,0.1434560056482217,0.10301385579383993,138.0656040488759,0.5615173628723568,0.01065500857709702,0.11251255733226304,0.02767551918207062,0.14104363829315636,1.0952865832417804,11,2,8429.32700119977,10.96,0,0.20119583443650163,0.04642225466772851,0.08387750842353221,10034,0.13701306630846258,1631.78
2019,17,Villaverde,2,San Cristóbal,172,0.02873338545738858,0.09890539483971852,7.604226931890387,16091,0.01820893667267416,148.28742768145716,3.14,0.1281,0.5109,0.03448275862068965,290,0.4551724137931034,0,0.14482758620689656,0.00689655172413793,0.02758620689655172,0.21030389658815488,0.1484059412093717,138.0656040488759,0.5615173628723568,0.01065500857709702,0.11251255733226304,0.02767551918207062,0.14104363829315636,1.0952865832417804,11,0,8593.62312004166,12.7,1,0.23118513454726244,0.03106675803638176,0.0509645580978017,6950,0.12021110242376858,1320.19
2019,17,Villaverde,3,Butarque,173,0.05961567559388713,0.1289151157512483,8.95084756026401,18912,0.02834179357021996,29.597577313405424,2.86,0.0876,0.2474,0.01891252955082742,318,0.3584905660377358,0,0.1289308176100629,0.01257861635220125,0.00943396226415094,0.1440884094754653,0.08782783417935702,138.0656040488759,0.5615173628723568,0.01065500857709702,0.11251255733226304,0.02767551918207062,0.14104363829315636,1.0952865832417804,10,0,9220.485082086132,7.91,1,0.19754653130287647,0.04246868044515103,0.13617422753361114,11518,0.16220305643819036,1925.18
2019,17,Villaverde,4,Los Rosales,174,0.02627593518097834,0.11403907314856884,8.654833193884263,37695,0.00771985674492638,243.95311439170257,2.85,0.1665,0.3203,0.05060858424087124,988,0.4190283400809717,0,0.1153846153846154,0.01012145748987854,0.01720647773279352,0.11736304549675024,0.09640535880090198,138.0656040488759,0.5615173628723568,0.01065500857709702,0.11251255733226304,0.02767551918207062,0.14104363829315636,1.0952865832417804,10,1,6973.898781754612,8.9,0,0.1836317814033691,0.0412748503471945,0.10408626970101344,11020,0.122822959260942,1783.33
2019,17,Villaverde,5,Ángeles,175,0.02129075182967398,0.09481037924151696,8.291871251714165,31254,0.02217316183528508,161.0626586236935,2.59,0.2654,0.4098,0.02402402402402402,770,0.4714285714285714,0,0.11168831168831168,0.00519480519480519,0.01038961038961039,0.13950214372560313,0.0906443975171178,138.0656040488759,0.5615173628723568,0.01065500857709702,0.11251255733226304,0.02767551918207062,0.14104363829315636,1.0952865832417804,9,1,6844.387373280107,9.74,0,0.18640813975811096,0.03413317292268206,0.1048227351740308,11945,0.1060379241516966,1868.58
2019,18,Villa de Vallecas,1,Casco Histórico de Vallecas,181,0.02897769391468428,0.12116719455488914,9.554910832152112,40352,0.00795499603489294,9.357455981381904,2.71,0.1652,0.341,0.03473630831643002,2688,0.17410714285714285,0.00372023809523809,0.07180059523809523,0.00669642857142857,0.00967261904761904,0.12492565424266457,0.1047283901665345,88.80938120847833,0.00241932617131571,0.1027831069417389,0.4571691996142062,0.03843702799533303,0.09686153066029192,0.5567858272698513,14,4,10796.279013944326,11.71,0,0.20274088025376685,0.04780893743793446,0.07675259138025095,10146,0.14846013882337084,2073.53
2019,18,Villa de Vallecas,2,Santa Eugenia,182,0.0196934094215061,0.11144679422625042,8.396716334088932,24388,0.00828276201410529,116.94842390994258,2.72,0.2126,0.245,0.03930817610062893,489,0.3803680981595092,0,0.12269938650306748,0.01226993865030674,0.03680981595092025,0.08450877480728226,0.06515499425947187,88.80938120847833,0.00241932617131571,0.1027831069417389,0.4571691996142062,0.03843702799533303,0.09686153066029192,0.5567858272698513,13,0,8760.143905748453,8.7,1,0.1920206659012629,0.06607329825715225,0.16199864392635477,14592,0.0949983215844243,2091.94
2019,18,Villa de Vallecas,3,Ensanche de Vallecas,183,0.05920589350522724,0.16949244352960294,11.786733783053425,45895,0.02364091949014054,72.27116921283573,2.48,0.0427,0.2655,0.00441988950276243,681,0.49045521292217326,0,0.1527165932452276,0.01027900146842878,0.01908957415565345,0.15735918945418892,0.10417256781784508,88.80938120847833,0.00241932617131571,0.1027831069417389,0.4571691996142062,0.03843702799533303,0.09686153066029192,0.5567858272698513,16,1,10345.169422666564,6.8,0,0.28924719468351673,0.03377316051322335,0.2724356958681844,14590,0.2987378798548291,2331.86
2019,19,Vicalvaro,1,Casco Histórico de Vicálvaro,191,0.02687358062074186,0.11438304314912943,9.291700142539268,34928,0.00781607879065506,16.197820930765175,2.64,0.2135,0.3708,0.069164265129683,1158,0.3488773747841105,8.635578583765112e-4,0.12607944732297063,0.01381692573402417,0.01727115716753022,0.12419835089326614,0.09087265231333028,184.62416715080087,0.09502784652630356,0.00417757944513438,0.0956316501856236,0.00384131390409421,0.100144192108255,10.03541096079896,11,4,11070.107694737308,10.48,0,0.19746335318369215,0.08889646139705883,0.0862576409327598,10477,0.1266464799394398,2140.71
2019,19,Vicalvaro,2,Valdebernardo,192,0.02506963788300835,0.12076028182860889,8.392164762073376,17680,0.00254524886877828,69.03131122377167,2.89,0.1094,0.2587,0.03282828282828283,319,0.4043887147335423,0,0.12225705329153604,0.00626959247648902,0.03448275862068965,0.07652714932126697,0.06436651583710407,184.62416715080087,0.09502784652630356,0.00417757944513438,0.0956316501856236,0.00384131390409421,0.100144192108255,10.03541096079896,11,0,7725.943998639332,9.04,1,0.13925339366515838,0.02133143213516272,0.22735375141792255,14863,0.13960347370145829,2517.6
2019,19,Vicalvaro,3,Valderrivas,193,0.06234137055837564,0.11278553299492386,9.782971508409062,18158,0.00374490582663288,282.0723889929952,2.88,0.0558,0.2517,0,96,0.3958333333333333,0,0.14583333333333334,0.02083333333333333,0,0.05865183390241216,0.06113008040533098,184.62416715080087,0.09502784652630356,0.00417757944513438,0.0956316501856236,0.00384131390409421,0.100144192108255,10.03541096079896,14,0,8888.946651932158,5.42,1,0.11075008260821675,0.017773343622533352,0.275025888850535,15435,0.16386421319796954,2658.79
2019,19,Vicalvaro,4,El Cañaveral,194,0.02926829268292683,0.22926829268292684,8.126993132816112,1528,0.3717277486910995,1.4469109233597195,2.49,0.032,0.102,0,7,0.2857142857142857,0,0,0.14285714285714285,0,0.5857329842931938,0.06413612565445026,184.62416715080087,0.09502784652630356,0.00417757944513438,0.0956316501856236,0.00384131390409421,0.100144192108255,10.03541096079896,22,0,13555.04820544874,4.49,1,0.3239528795811518,0.04051372549019608,0.21009174311926607,15208,0.26504065040650404,1672.79
2019,20,San Blas-Canillejas,1,Simancas,201,0.03374092120989244,0.1339523765744231,12.306105474483273,28006,0.01356852103120759,122.6441124613646,2.57,0.1592,0.458,0.02556818181818182,1113,0.23180592991913743,0.00808625336927223,0.1725067385444744,0.01168014375561545,0.01617250673854447,0.14339784331928873,0.1114761122616582,502.24798889022,0.11103700378182008,0.0066682018683146,0.05977379179361923,0.01932001260139647,0.10628074301683042,1.8543622595350535,11,2,7030.432045184826,7.99,0,0.209776476469328,0.05182926427394513,0.19666635187458684,13896,0.1791854371609819,2504.9
2019,20,San Blas-Canillejas,2,Hellín,202,0.01894964807796426,0.10503519220357337,10.088985891779506,9205,0.01412275936990765,166.32292351468897,2.48,0.2368,0.6084,0.06611570247933884,90,0.43333333333333335,0,0.08888888888888889,0.01111111111111111,0.03333333333333333,0.13177620858229222,0.10081477457903314,502.24798889022,0.11103700378182008,0.0066682018683146,0.05977379179361923,0.01932001260139647,0.10628074301683042,1.8543622595350535,13,0,7594.896410828338,11.38,1,0.19239543726235744,0.03155936442066179,0.0807899461400359,10877,0.13183540877097996,1593.7
2019,20,San Blas-Canillejas,3,Amposta,203,0.02856292770008926,0.11127640583159774,10.60432854434299,8598,0.01581763200744359,231.60009420997267,2.55,0.1937,0.5316,0.066815144766147,224,0.45982142857142855,0,0.13392857142857142,0.00892857142857142,0.00892857142857142,0.162595952547104,0.12072575017445918,502.24798889022,0.11103700378182008,0.0066682018683146,0.05977379179361923,0.01932001260139647,0.10628074301683042,1.8543622595350535,13,1,7068.52015726901,12.35,0,0.2069085833914864,0.03579970845481049,0.0716823729337247,9574,0.1576911633442428,1690.79
2019,20,San Blas-Canillejas,4,Arcos,204,0.02528966131907308,0.1216577540106952,10.148446152207065,24298,0.00847806403819244,185.49728415423812,2.7,0.1805,0.4516,0.02830188679245283,344,0.48255813953488375,0,0.1482558139534884,0.01453488372093023,0.01453488372093023,0.10017285373281752,0.07432710511153182,502.24798889022,0.11103700378182008,0.0066682018683146,0.05977379179361923,0.01932001260139647,0.10628074301683042,1.8543622595350535,10,2,7390.381770409414,9,0,0.17310066672154087,0.0291111395646607,0.12655073105892778,12126,0.1319073083778966,2041.64
2019,20,San Blas-Canillejas,5,Rosas,205,0.03182352409366242,0.10704276286050086,10.298450275985171,31713,0.00431999495475041,34.07411062539783,2.86,0.135,0.2786,0.02598652550529355,764,0.3075916230366492,0,0.14790575916230367,0.00785340314136125,0.01832460732984293,0.06426386655314856,0.05735818118752562,502.24798889022,0.11103700378182008,0.0066682018683146,0.05977379179361923,0.01932001260139647,0.10628074301683042,1.8543622595350535,12,3,9425.773230671271,5.45,0,0.12786554409863465,0.02478218896991508,0.2523961661341853,16989,0.12268330169062472,3448.63
2019,20,San Blas-Canillejas,6,Rejas,206,0.04141127223800269,0.15219016295410376,11.561495143342492,16740,0.02216248506571087,33.28128254253835,2.5,0.1123,0.4123,0.01300108342361863,696,0.3017241379310345,0.02298850574712643,0.11206896551724138,0.01005747126436781,0.03160919540229885,0.17174432497013142,0.13273596176821983,502.24798889022,0.11103700378182008,0.0066682018683146,0.05977379179361923,0.01932001260139647,0.10628074301683042,1.8543622595350535,13,0,11809.638279292903,5.49,1,0.23010752688172045,0.06718589229018151,0.3317442051619267,16331,0.22843474360891017,1816.06
2019,20,San Blas-Canillejas,7,Canillejas,207,0.0219298245614035,0.10992324561403508,9.975847623037442,28667,0.01088359437680957,178.90648097544914,2.61,0.2324,0.3371,0.04056664520283323,971,0.39752832131822863,0.00102986611740473,0.12976313079299692,0.01029866117404737,0.01750772399588053,0.11738235601911606,0.0934872850315694,502.24798889022,0.11103700378182008,0.0066682018683146,0.05977379179361923,0.01932001260139647,0.10628074301683042,1.8543622595350535,13,1,8480.247381347568,8.06,0,0.19963721352077304,0.05640347047299188,0.14897108390988115,13416,0.1269188596491228,2367.47
2019,20,San Blas-Canillejas,8,El Salvador,208,0.02515137401024685,0.09781089892873776,11.08469840430034,11372,0.00747449876890608,60.3741188191792,2.64,0.2072,0.3367,0.02631578947368421,222,0.1981981981981982,0.009009009009009,0.17567567567567569,0.01801801801801801,0.03603603603603603,0.08345058037284558,0.0711396412240591,502.24798889022,0.11103700378182008,0.0066682018683146,0.05977379179361923,0.01932001260139647,0.10628074301683042,1.8543622595350535,12,1,6971.53446021352,5.73,0,0.16127330284910307,0.03690007047837195,0.36731410182737617,22295,0.136003726129483,3396.79
2019,21,Barajas,1,Alameda de Osuna,211,0.03324596496068423,0.08056283625327632,10.591379690916812,19573,0.01471414703928881,99.0999096332657,2.69,0.2563,0.1874,0.00796812749003984,373,0.3378016085790885,0.01340482573726541,0.14745308310991956,0.01072386058981233,0.04289544235924933,0.08787615592908599,0.07106728656823175,170.26136824943958,0.371483857780536,2.35378174622315e-4,0.16305029843147423,0.17032545919696265,0.0821898227558605,1.5121255349500713,14,2,10536.67663481015,4.95,0,0.15143309661268073,0.03063999795144935,0.37033525228581105,21086,0.10001379500620776,2961.24
2019,21,Barajas,2,Aeropuerto,212,0.02765647743813682,0.10771470160116448,9.615384615384617,1864,0.0075107296137339,0.6247873669873243,2.69,0.1507,0.4337,0.0160427807486631,444,0.36261261261261263,0.0045045045045045,0.23198198198198197,0.00225225225225225,0.00675675675675675,0.14860515021459228,0.11319742489270386,170.26136824943958,0.371483857780536,2.35378174622315e-4,0.16305029843147423,0.17032545919696265,0.0821898227558605,1.5121255349500713,10,2,13762.923551699036,7.28,0,0.22156652360515025,0.0523736898973528,0.08934953538241601,10768,0.1703056768558952,2993.9166666666665
2019,21,Barajas,3,Casco Histórico de Barajas,213,0.02019878166078871,0.15966655979480604,11.398222678664624,7585,0.00949241924851681,137.69717388954996,2.43,0.1831,0.3401,0.0691588785046729,371,0.3450134770889488,0.03773584905660377,0.1940700808625337,0.03504043126684636,0.01078167115902965,0.14159525379037574,0.11812788398154252,170.26136824943958,0.371483857780536,2.35378174622315e-4,0.16305029843147423,0.17032545919696265,0.0821898227558605,1.5121255349500713,11,0,12378.237526796634,7.33,1,0.24917600527356623,0.06897653668208857,0.14081498521196187,13446,0.2045527412632254,2978.6
2019,21,Barajas,4,Timón,214,0.05351747949935261,0.13530427276650842,11.254079220260794,12402,0.01007901951298177,24.31658217548186,2.67,0.102,0.3072,0.01949860724233983,241,0.2199170124481328,0.01659751037344398,0.1825726141078838,0.00829875518672199,0.02074688796680498,0.10772456055474924,0.08055152394775036,170.26136824943958,0.371483857780536,2.35378174622315e-4,0.16305029843147423,0.17032545919696265,0.0821898227558605,1.5121255349500713,11,1,10920.45258282059,6.03,0,0.223996129656507,0.04178963513077171,0.2937464142283419,16611,0.20112214069917997,3106.26
2019,21,Barajas,5,Corralejos,215,0.05813953488372093,0.11589147286821704,13.199291325982376,7646,0.00837038974627256,16.320210088269988,2.96,0.1005,0.3138,0,234,0.11965811965811966,0.02136752136752136,0.3333333333333333,0.00427350427350427,0.02991452991452991,0.09285901124771122,0.07978027726916034,170.26136824943958,0.371483857780536,2.35378174622315e-4,0.16305029843147423,0.17032545919696265,0.0821898227558605,1.5121255349500713,9,1,9762.83872924395,4.15,0,0.12294009939837824,0.04107474483119602,0.4915730337078651,25279,0.1573643410852713,3613.8
2020,1,Centro,1,Palacio,011,0.01502201502201502,0.18561685228351896,14.934788131886345,23695,0.00611943447984806,161.20144227498469,2.04,0.1876,0.3188,0.02653247941445562,1710,0.2941520467836257,0.01871345029239766,0.3333333333333333,0.00994152046783625,0.02748538011695906,0.12905676303017513,0.11221776746148976,139.68623635551205,0.08111810736987836,0.0372265977792183,0.02507712082480846,0.1494012226148098,0.1704669224690866,0.8369328538701052,1,4,834.2994999607662,10.04,0,0.2728423718083984,0.09723985194624316,0.4451529981709427,19643,0.33549166882500214,5034.49
2020,1,Centro,2,Embajadores,012,0.01555575252614784,0.1993440879276724,14.77664421043336,47224,0.01367948500762324,456.8443455548031,2.09,0.1368,0.34409999999999996,0.02913108990457056,3065,0.4769983686786297,0.01011419249592169,0.16541598694942905,0.00358890701468189,0.01435562805872757,0.15784346942232763,0.1370701338302558,139.68623635551205,0.08111810736987836,0.0372265977792183,0.02507712082480846,0.1494012226148098,0.1704669224690866,0.8369328538701052,1,7,913.3760035725892,10.36,0,0.33970015246484836,0.09776817764308048,0.3798546417243187,14966,0.3673550788867222,4585.04
2020,1,Centro,3,Cortes,013,0.01413103321710405,0.19544870618462104,15.285751267394522,10793,0.01046974891133142,182.34499070788985,1.98,0.1679,0.31420000000000003,0.00730994152046783,1189,0.3036164844407065,0.03700588730025231,0.3582842724978974,0.00420521446593776,0.03448275862068965,0.15528583341054386,0.13184471416658947,139.68623635551205,0.08111810736987836,0.0372265977792183,0.02507712082480846,0.1494012226148098,0.1704669224690866,0.8369328538701052,1,1,710.3835020983723,8.06,0,0.30807004539979616,0.1343098457056901,0.4965004845482933,20256,0.36667278399706366,4989.95
2020,1,Centro,4,Justicia,014,0.01479223125564589,0.1954607046070461,16.447008247291215,18092,0.01204952465177979,244.68487963213417,2.03,0.15689999999999998,0.3293,0.00239348970799425,1934,0.4405377456049638,0.0139607032057911,0.26370217166494314,0.00413650465356773,0.01913133402275077,0.1521667035153659,0.12347999115631218,139.68623635551205,0.08111810736987836,0.0372265977792183,0.02507712082480846,0.1494012226148098,0.1704669224690866,0.8369328538701052,2,3,971.4253672516414,7.81,0,0.3077603360601371,0.12208743298882774,0.5159003706834884,23257,0.37172538392050586,6229.04
2020,1,Centro,5,Universidad,015,0.01206172766510967,0.20014190267841303,15.969587929444057,33540,0.01389385807990459,353.7974683544304,1.98,0.1561,0.3354,0.03471520053926525,2406,0.3778054862842893,0.01371571072319202,0.2572734829592685,0.00540315876974231,0.02701579384871155,0.14460345855694692,0.1282051282051282,139.68623635551205,0.08111810736987836,0.0372265977792183,0.02507712082480846,0.1494012226148098,0.1704669224690866,0.8369328538701052,2,6,952.231102999974,8.89,0,0.3361061419200954,0.1050424355054084,0.4659221375639286,18874,0.3778750073907645,5132.6
2020,1,Centro,6,Sol,016,0.01308215593929879,0.19204604918890633,14.472369185222384,7647,0.00993853798875376,171.72692566808894,1.99,0.1696,0.29,5.47645125958379e-4,1610,0.4559006211180125,0.02732919254658385,0.29006211180124225,0,0.01925465838509316,0.20073231332548713,0.1324702497711521,139.68623635551205,0.08111810736987836,0.0372265977792183,0.02507712082480846,0.1494012226148098,0.1704669224690866,0.8369328538701052,0,7,0,8.74,0,0.31214855498888455,0.1379829821632623,0.4300944258300335,16914,0.37545787545787546,9215.34
2020,2,Arganzuela,1,Imperial,021,0.01754567034781711,0.14335844772422335,13.870105713193498,22991,0.00739419772954634,237.58396197168543,2.36,0.2195,0.3393,0.01905829596412556,737,0.3066485753052917,0.00542740841248303,0.14654002713704206,0.03120759837177747,0.02442333785617367,0.0721586707842199,0.07463790178765604,77.08527191347946,0.01402174642587887,0.05698144218159031,0.05050646161094702,0.09981548175002766,0.0782024926121033,2.8763129632481808,6,0,1701.7017735258637,7.81,1,0.20260101778956985,0.03586705951099958,0.3940772021005901,19941,0.20208483847662295,3325.56
2020,2,Arganzuela,2,Acacias,022,0.01908127208480565,0.13446835849662706,13.919528715320766,37024,0.00180963699222126,344.92267561021055,2.37,0.234,0.2884,0.01653486700215672,1178,0.30390492359932086,8.488964346349745e-4,0.13497453310696095,0.01188455008488964,0.02886247877758913,0.07008967156439067,0.0734928694900605,77.08527191347946,0.01402174642587887,0.05698144218159031,0.05050646161094702,0.09981548175002766,0.0782024926121033,2.8763129632481808,4,2,1817.5812482709264,7.83,0,0.21615708729472777,0.03086029557416399,0.4067627715405567,20922,0.1939608095085127,4276.75
2020,2,Arganzuela,3,Chopera,023,0.0162949266150468,0.15035247890904888,12.918351708977363,20352,0.00368514150943396,358.4360690383938,2.34,0.2245,0.38,0.02471678681771369,748,0.3983957219251337,0.00401069518716577,0.13770053475935828,0.00668449197860962,0.0213903743315508,0.103626179245283,0.10175904088050317,77.08527191347946,0.01402174642587887,0.05698144218159031,0.05050646161094702,0.09981548175002766,0.0782024926121033,2.8763129632481808,5,1,2545.0185470969996,9.95,0,0.2457743710691824,0.03567732626045801,0.29706338784767816,15686,0.19808159019993063,3830.66
2020,2,Arganzuela,4,Legazpi,024,0.03226645849596669,0.17681498829039813,14.760207727902364,19846,0.00478685881285901,140.30399434429128,2.58,0.0929,0.2352,0.01886792452830188,461,0.25813449023861174,0,0.1648590021691974,0.00867678958785249,0.02386117136659436,0.08223319560616749,0.09462864053209714,77.08527191347946,0.01402174642587887,0.05698144218159031,0.05050646161094702,0.09981548175002766,0.0782024926121033,2.8763129632481808,5,1,3482.1731601336073,6.12,0,0.20840471631563037,0.02995514731478828,0.4767700653776603,21551,0.2202706219099662,5493.48
2020,2,Arganzuela,5,Delicias,025,0.02192832764505119,0.1537542662116041,14.144067052038032,28346,0.00878430819163197,268.75888878354033,2.41,0.1704,0.3182,0.0072463768115942,810,0.3592592592592593,0.00246913580246913,0.1617283950617284,0.01358024691358024,0.01358024691358024,0.11670076906794608,0.10541169829958372,77.08527191347946,0.01402174642587887,0.05698144218159031,0.05050646161094702,0.09981548175002766,0.0782024926121033,2.8763129632481808,4,2,2594.8560961675425,7.27,0,0.22736894094404855,0.03855480521251039,0.3908996430346573,19002,0.2175767918088737,4516.38
2020,2,Arganzuela,6,Palos de la Frontera,026,0.01719365931393105,0.16807850373228214,14.010682699177918,26401,0.00685580091663194,407.1714990746453,2.2,0.2059,0.3586,0.009765625,1335,0.32808988764044944,0.00449438202247191,0.15880149812734082,0.01348314606741573,0.0149812734082397,0.1060187114124465,0.11181394644142267,77.08527191347946,0.01402174642587887,0.05698144218159031,0.05050646161094702,0.09981548175002766,0.0782024926121033,2.8763129632481808,3,1,1750.053657056307,8.66,0,0.26866406575508506,0.0512994393741107,0.3827093260721579,17840,0.2596661913947832,4074.57
2020,2,Arganzuela,7,Atocha,027,0.02534562211981567,0.14746543778801843,10.956831683168318,1211,0.07762180016515277,16.460513796384397,2.79,0.1032,0.24,0,176,0.3465909090909091,0,0.2215909090909091,0,0.00568181818181818,0.2312138728323699,0.04624277456647398,77.08527191347946,0.01402174642587887,0.05698144218159031,0.05050646161094702,0.09981548175002766,0.0782024926121033,2.8763129632481808,4,2,2733.93717430477,7.71,0,0.1717588769611891,0.02394715111478117,0.293491124260355,17236,0.18433179723502305,4168.55
2020,3,Retiro,1,Pacífico,031,0.01779190907860912,0.13171424705723178,13.830415011833592,33921,0.00601397364464491,447.3295529473823,2.28,0.2518,0.34259999999999996,0.00787401574803149,1234,0.4359805510534846,0,0.12965964343598055,0.00972447325769854,0.0186385737439222,0.07664868370625866,0.08407770997317296,103.5988920602616,0.5206660690516364,0.04042830478399762,0.18418650922145272,0.07357202164781611,0.06551168546417953,1.1507946356920074,5,2,2621.775098928446,7.46,0,0.2124347749181923,0.03569957610835642,0.4087475721171139,20388,0.1959139493979164,4113.3
2020,3,Retiro,2,Adelfas,032,0.02354606278950077,0.14629439011837364,13.8998655218909,18864,0.00699745547073791,294.38202247191015,2.42,0.2176,0.2939,0.00193050193050193,411,0.27007299270072993,0.0072992700729927,0.1192214111922141,0.0121654501216545,0.0170316301703163,0.07405640373197625,0.07342027141645462,103.5988920602616,0.5206660690516364,0.04042830478399762,0.18418650922145272,0.07357202164781611,0.06551168546417953,1.1507946356920074,6,1,3369.1505563810074,7.22,0,0.20695504664970313,0.02784932361486152,0.40920048212133386,21266,0.19055584148224392,4258.4
2020,3,Retiro,3,Estrella,033,0.01568402976531196,0.0792215226101889,12.386667171726051,23430,0.00495091762697396,228.47391516333496,2.67,0.3098,0.3074,0.00943396226415094,450,0.35777777777777775,0.00222222222222222,0.09555555555555556,0.01333333333333333,0.02444444444444444,0.05185659411011523,0.05471617584293641,103.5988920602616,0.5206660690516364,0.04042830478399762,0.18418650922145272,0.07357202164781611,0.06551168546417953,1.1507946356920074,7,0,3330.247447548994,5.81,1,0.16568501920614598,0.01950234968398759,0.47057246998284735,23885,0.09433314253005153,4010.22
2020,3,Retiro,4,Ibiza,034,0.01962457337883959,0.11774744027303756,15.583094013299084,22080,0.0082427536231884,448.780487804878,2.35,0.2468,0.3648,9.354536950420954e-4,1004,0.449203187250996,0,0.19820717131474103,0.00796812749003984,0.00597609561752988,0.09148550724637682,0.09556159420289854,103.5988920602616,0.5206660690516364,0.04042830478399762,0.18418650922145272,0.07357202164781611,0.06551168546417953,1.1507946356920074,5,1,2569.6136361740228,6.99,0,0.2073369565217391,0.05929476819699547,0.477818017202354,22756,0.1985921501706485,5508.11
2020,3,Retiro,5,Los Jerónimos,035,0.01974865350089766,0.10053859964093358,14.00304694423283,7078,0.00918338513704436,37.12757028955099,2.53,0.261,0.3877,0.00490196078431372,362,0.2513812154696133,0.02209944751381215,0.2292817679558011,0.00828729281767955,0.04696132596685083,0.08830178016388811,0.08929076010172365,103.5988920602616,0.5206660690516364,0.04042830478399762,0.18418650922145272,0.07357202164781611,0.06551168546417953,1.1507946356920074,3,1,1693.9136733919286,5.11,0,0.1839502684374117,0.062785648614196915,0.5102290610246547,27048,0.1820466786355476,6653.21
2020,3,Retiro,6,Niño Jesús,036,0.01964223079621185,0.08172571027709576,14.547309082227718,15500,0.00496774193548387,240.9451266905021,2.71,0.2676,0.3144,0.00353356890459363,483,0.2422360248447205,0,0.12422360248447203,0.0041407867494824,0.0186335403726708,0.06567741935483871,0.06696774193548387,103.5988920602616,0.5206660690516364,0.04042830478399762,0.18418650922145272,0.07357202164781611,0.06551168546417953,1.1507946356920074,6,3,2715.894836350448,5.24,0,0.1625806451612903,0.02979415428205412,0.5472938796155792,27208,0.11697649947386882,5080.49
2020,4,Salamanca,1,Recoletos,041,0.01538921261018975,0.11878081577767816,17.94057508750426,15908,0.00565753080211214,182.2013515061276,2.37,0.23440000000000005,0.3292,0,1666,0.5804321728691476,0.00960384153661464,0.16566626650660263,0.0042016806722689,0.01320528211284513,0.1015841086245914,0.0974981141563993,12.457713823658231,0.21282658615809624,0.31870752749010534,0.27190422940117787,0.01094810261054299,0.11149512356784395,0.8523971564300394,5,2,1781.686697174278,4.23,0,0.21152879054563745,0.0980540052163502,0.5999682514485276,30437,0.2607201553862244,8254.5
2020,4,Salamanca,2,Goya,042,0.01720123187861488,0.13753474047923084,16.046097235088048,30054,0.00978239169494909,390.159678047514,2.25,0.2376,0.34119999999999995,9.857072449482504e-4,1880,0.46170212765957447,0.0026595744680851,0.1845744680851064,0.00851063829787234,0.01595744680851063,0.1068742929393758,0.10431223797165104,12.457713823658231,0.21282658615809624,0.31870752749010534,0.27190422940117787,0.01094810261054299,0.11149512356784395,0.8523971564300394,4,6,2696.9525069184683,6.16,0,0.2404671591135955,0.07114885419746989,0.5221329617181736,24441,0.23030120934424997,5587.62
2020,4,Salamanca,3,Fuente del Berro,043,0.01797752808988764,0.1337613697164259,14.332994002579692,21315,0.00910157166314801,249.99999999999997,2.27,0.2429,0.3669,0.01175406871609403,889,0.2879640044994376,0,0.13048368953880765,0.00337457817772778,0.03037120359955005,0.09420595824536712,0.09472202674173118,12.457713823658231,0.21282658615809624,0.31870752749010534,0.27190422940117787,0.01094810261054299,0.11149512356784395,0.8523971564300394,7,1,3556.0177734228823,7.78,0,0.23279380717804363,0.05630650864093317,0.4282682269259451,20405,0.2158373461744248,4734.29
2020,4,Salamanca,4,Guindalera,044,0.01742199316564898,0.12856422609377627,14.53252727645833,42465,0.01205698810785352,264.9426004492139,2.37,0.2392,0.4007,0.00876338851022395,1696,0.32193396226415094,0.0053066037735849,0.12205188679245282,0.00825471698113207,0.02535377358490566,0.09247615683504062,0.0870599317084658,12.457713823658231,0.21282658615809624,0.31870752749010534,0.27190422940117787,0.01094810261054299,0.11149512356784395,0.8523971564300394,7,3,3851.510247708037,7.42,0,0.22460850111856823,0.04544785086095329,0.4760467637493041,22227,0.21113663100106436,4669.41
2020,4,Salamanca,5,Lista,045,0.0180354267310789,0.13548040794417607,16.162927728348137,21297,0.00793538996102737,409.4002306805075,2.28,0.2369,0.35359999999999997,8.257638315441783e-4,1136,0.4014084507042254,0.00704225352112676,0.19190140845070425,0.00528169014084507,0.0176056338028169,0.10658778231675822,0.10395830398647696,12.457713823658231,0.21282658615809624,0.31870752749010534,0.27190422940117787,0.01094810261054299,0.11149512356784395,0.8523971564300394,5,5,2933.199100215949,6.05,0,0.2461379537023994,0.06973126754752738,0.5287423402392764,24671,0.22877079978529255,6095.97
2020,4,Salamanca,6,Castellana,046,0.01336206896551724,0.11752873563218393,17.373978155580453,17366,0.00691005412875734,224.54098784587535,2.49,0.2321,0.33149999999999996,0.00158102766798418,1176,0.43112244897959184,0.01020408163265306,0.1921768707482993,0.00595238095238095,0.02125850340136054,0.11171254174824367,0.09875619025682368,12.457713823658231,0.21282658615809624,0.31870752749010534,0.27190422940117787,0.01094810261054299,0.11149512356784395,0.8523971564300394,5,1,2491.06903091583,4.34,0,0.23453875388690543,0.08664133370769508,0.5758938444526355,29832,0.2432471264367816,7487.38
2020,5,Chamartin,1,El Viso,051,0.01644147810516034,0.10141624613381084,15.817695668891034,17477,0.00944097957315328,102.25251579686405,2.84,0.2174,0.3557,0.0049800796812749,888,0.25563063063063063,0.00225225225225225,0.15765765765765766,0.00563063063063063,0.0304054054054054,0.09446701378955198,0.08800137323339245,93.2517546158991,0.00558593656693519,0.7774315433779968,0.02420193615184937,0.01802854236895021,0.0739744224031013,0.8215050567149256,6,2,3488.8511843402644,4.17,0,0.20907478400183097,0.05087705127911375,0.5783755432339278,31011,0.1665310109067231,6861.72
2020,5,Chamartin,2,Prosperidad,052,0.01705464957052159,0.1299638989169675,13.981293776107416,37070,0.0084434852980847,356.40803768868375,2.3,0.2521,0.3184,0.02218614718614718,1465,0.37679180887372016,0.00273037542662116,0.14266211604095563,0.00819112627986348,0.01160409556313993,0.08322093336930132,0.08791475586727812,93.2517546158991,0.00558593656693519,0.7774315433779968,0.02420193615184937,0.01802854236895021,0.0739744224031013,0.8215050567149256,5,6,4228.473772625666,7.99,0,0.22948475856487727,0.04028060288930832,0.4439130578185296,21153,0.2049670110792979,4334.71
2020,5,Chamartin,3,Ciudad Jardín,053,0.02124243546992713,0.13807583055452638,14.732149614058423,18953,0.00648973777238431,248.6291486291486,2.33,0.2308,0.35409999999999997,0.01229211858279103,1065,0.2892018779342723,0.00375586854460093,0.14835680751173708,0.00938967136150234,0.01784037558685446,0.08795441354930618,0.09323062312035034,93.2517546158991,0.00558593656693519,0.7774315433779968,0.02420193615184937,0.01802854236895021,0.0739744224031013,0.8215050567149256,6,3,4358.076987032577,8.07,0,0.2325225557959162,0.04671681010395054,0.45166143380429097,21188,0.20921328887242188,4464.58
2020,5,Chamartin,4,Hispanoamérica,054,0.0203835968220849,0.1077762619372442,15.330750244438484,32157,0.00674814192866249,187.778102189781,2.57,0.246,0.3781000000000001,0.01315002988643156,1481,0.3416610398379473,0.00270087778528021,0.16272788656313303,0.00742741390952059,0.02093180283592167,0.07939173430357309,0.08200391827595858,93.2517546158991,0.00558593656693519,0.7774315433779968,0.02420193615184937,0.01802854236895021,0.0739744224031013,0.8215050567149256,6,3,4821.909268153232,5.71,0,0.1871443231644743,0.03523563295466891,0.5423728813559322,27568,0.16772329668565925,5158.11
2020,5,Chamartin,5,Nueva España,055,0.02168545356951154,0.10466988727858294,16.204037254325534,25077,0.0062208398133748,140.08714596949892,2.69,0.208,0.3527,0.01568627450980392,865,0.24508670520231213,0.00346820809248554,0.15722543352601157,0.00924855491329479,0.01849710982658959,0.09004266858077123,0.0950671930454201,93.2517546158991,0.00558593656693519,0.7774315433779968,0.02420193615184937,0.01802854236895021,0.0739744224031013,0.8215050567149256,7,2,5520.4265188656,4.6,0,0.1944809985245444,0.04385673257687529,0.6003642792092998,29515,0.18915727321524425,6351.07
2020,5,Chamartin,6,Castilla,056,0.01667907669396872,0.11556217423678332,13.979534601457576,17287,0.00653670388152947,79.98426872715496,2.57,0.2263,0.3615,0.1766304347826087,535,0.27850467289719627,0.01121495327102803,0.17570093457943925,0.00934579439252336,0.02616822429906542,0.1000173540811014,0.09914965002603111,93.2517546158991,0.00558593656693519,0.7774315433779968,0.02420193615184937,0.01802854236895021,0.0739744224031013,0.8215050567149256,8,5,6669.055768164209,6.36,0,0.21952912593278187,0.03955541855428618,0.5283439964291028,24733,0.18242740134028296,4187.83
2020,6,Tetuan,1,Bellas Vistas,061,0.01594816845252928,0.13946341058227427,13.321479844578947,30019,0.007428628535261,419.7287472035794,2.48,0.1808,0.33799999999999997,0.08755211435378202,1129,0.30646589902568644,0.00620017714791851,0.11603188662533216,0.00797165633303808,0.01151461470327723,0.12342183283920184,0.12711949098904027,56.1459625155105,0.06979886762077121,0.0749410173498875,0.03464819454743223,0.0194352899374707,0.12912164549664318,2.184038337005793,6,1,3909.922967262864,9.29,0,0.2672973783270595,0.03958076927596296,0.291266228292025,14176,0.23614918182573305,3446.77
2020,6,Tetuan,2,Cuatro Caminos,062,0.01661522295921718,0.13797859066132528,14.918526266328078,35348,0.00981667986873373,298.295358649789,2.31,0.2247,0.35369999999999996,0.02945619335347432,2095,0.3990453460620525,0.00763723150357995,0.17422434367541767,0.00906921241050119,0.02243436754176611,0.1082946701369243,0.10532420504696163,56.1459625155105,0.06979886762077121,0.0749410173498875,0.03464819454743223,0.0194352899374707,0.12912164549664318,2.184038337005793,5,6,3851.772541242594,6.99,0,0.2611746067670024,0.04108915394090386,0.45353752338715264,21084,0.23438628751559729,4412.33
2020,6,Tetuan,3,Castillejos,063,0.01197033898305084,0.14375,15.199871738542043,20925,0.00855436081242532,296.93486590038316,2.21,0.2361,0.3618,0.021310181531176,1067,0.2774133083411434,0.01030927835051546,0.21462043111527648,0.00749765698219306,0.02155576382380506,0.11063321385902032,0.1121146953405018,56.1459625155105,0.06979886762077121,0.0749410173498875,0.03464819454743223,0.0194352899374707,0.12912164549664318,2.184038337005793,9,2,4865.913979796185,7.62,0,0.2663799283154122,0.04404788262100324,0.4565803822533433,22169,0.25148305084745765,4480.5
2020,6,Tetuan,4,Almenara,064,0.02159574468085106,0.149468085106383,12.282375401168554,23096,0.01359542777970211,231.0986591955173,2.45,0.1935,0.4364,0.07133507853403141,850,0.2858823529411765,0.00352941176470588,0.1188235294117647,0.00117647058823529,0.01647058823529412,0.10244198129546242,0.09715968133010044,56.1459625155105,0.06979886762077121,0.0749410173498875,0.03464819454743223,0.0194352899374707,0.12912164549664318,2.184038337005793,8,2,5985.2780487589325,12.59,0,0.24363526151714585,0.03496424450954508,0.24968300347317937,13812,0.2229787234042553,2802.31
2020,6,Tetuan,5,Valdeacederas,065,0.01941837777571309,0.16761126080089195,13.34981994915541,26646,0.01283494708399009,229.03558535327488,2.47,0.1433,0.37200000000000005,0.09947643979057592,992,0.36693548387096775,0.00100806451612903,0.08770161290322581,0.00604838709677419,0.00806451612903225,0.12804923815957367,0.11739097800795616,56.1459625155105,0.06979886762077121,0.0749410173498875,0.03464819454743223,0.0194352899374707,0.12912164549664318,2.184038337005793,9,0,5518.012250818581,10.14,1,0.2747129024994371,0.04611062460202664,0.23436000767606985,12727,0.24946576233392176,3139.79
2020,6,Tetuan,6,Berruguete,066,0.02098304110376545,0.15569608124940118,13.196055580847585,25953,0.00863098678380148,427.4913523307528,2.48,0.16390000000000002,0.3787,0.10540013012361744,929,0.3401506996770721,0.00215285252960172,0.10764262648008611,0.00861141011840688,0.01614639397201291,0.12988864485801255,0.12588140099410472,56.1459625155105,0.06979886762077121,0.0749410173498875,0.03464819454743223,0.0194352899374707,0.12912164549664318,2.184038337005793,8,1,4696.8582372321225,9.35,0,0.2677147150618426,0.04244195406088744,0.2528611424922639,13290,0.23799942512216157,3273.71
2020,7,Chamberi,1,Gaztambide,071,0.01410172040989,0.13086396540377926,16.01745594686133,23458,0.0100179043396709,463.1391905231984,2.19,0.2522,0.3558,0.00606060606060606,1452,0.40082644628099173,0.00413223140495867,0.16046831955922866,0.01377410468319559,0.01584022038567493,0.09514877653678916,0.09553244095830848,52.03424464451155,0.02707592478778305,0.23027535754403308,0.0720459085502668,0.02083383211669789,0.09450115712805077,0.34229863434160557,3,1,2139.273308016623,6.94,0,0.25364481200443345,0.05208193037586681,0.5127605384895265,22622,0.24621603835667952,5086.21
2020,7,Chamberi,2,Arapiles,072,0.01602253719517563,0.1442908706752355,16.20836097989881,24792,0.0090351726363343,428.7789692148046,2.17,0.2383,0.354,0.00497512437810945,1234,0.3606158833063209,0.00243111831442463,0.16369529983792544,0.01377633711507293,0.01296596434359805,0.0979348176831236,0.10418683446272992,52.03424464451155,0.02707592478778305,0.23027535754403308,0.0720459085502668,0.02083383211669789,0.09450115712805077,0.34229863434160557,6,1,1920.4473643335684,7.16,0,0.2607696030977735,0.05461889814447916,0.4930702836004932,22192,0.24878950611849637,5304.27
2020,7,Chamberi,3,Trafalgar,073,0.01526266970233578,0.15954127666750992,16.162665794290962,25094,0.0075316808798916,410.09968949174703,2.11,0.2116,0.3386,0.00333518621456364,1499,0.32888592394929955,0.00733822548365577,0.1981320880587058,0.00867244829886591,0.02134756504336224,0.10616083525942456,0.10855184506256477,52.03424464451155,0.02707592478778305,0.23027535754403308,0.0720459085502668,0.02083383211669789,0.09450115712805077,0.34229863434160557,3,8,1749.3435959707165,7.39,0,0.2756834303020642,0.06977019414235819,0.5136488373212652,22464,0.29454422801248,5626.61
2020,7,Chamberi,4,Almagro,074,0.01978239366963402,0.12363996043521266,16.29164528680154,19903,0.00788825805155001,212.20812453353236,2.45,0.2386,0.35200000000000004,0.00870253164556962,1110,0.31891891891891894,0.0063063063063063,0.2144144144144144,0.0027027027027027,0.01171171171171171,0.09887956589458877,0.1022458925790082,52.03424464451155,0.02707592478778305,0.23027535754403308,0.0720459085502668,0.02083383211669789,0.09450115712805077,0.34229863434160557,3,5,1961.8302018492532,5.2,0,0.22298146008139477,0.06451963714710975,0.5341451167461713,28408,0.23392680514342232,6778.41
2020,7,Chamberi,5,Ríos Rosas,075,0.01914736928238278,0.13820472956386548,15.892196617663547,27676,0.00737100737100737,283.74000410088166,2.26,0.2327,0.3608,0.00761772853185595,1299,0.30331023864511164,0.0069284064665127,0.2063125481139338,0.01308698999230177,0.01462663587374903,0.09748518572047984,0.09976152623211448,52.03424464451155,0.02707592478778305,0.23027535754403308,0.0720459085502668,0.02083383211669789,0.09450115712805077,0.34229863434160557,4,2,2846.104919773461,6.49,0,0.2519872813990461,0.0513823018245078,0.5227839088643645,24543,0.24016037967433107,5240.96
2020,7,Chamberi,6,Vallehermoso,076,0.01403467390022408,0.10331407005543108,15.060001661578886,20474,0.00703331054019732,191.48896371118593,2.41,0.27649999999999997,0.3677,0.00586854460093896,790,0.2759493670886076,0,0.1569620253164557,0.00759493670886075,0.01518987341772151,0.0795154830516753,0.08386245970499169,52.03424464451155,0.02707592478778305,0.23027535754403308,0.0720459085502668,0.02083383211669789,0.09450115712805077,0.34229863434160557,6,4,2895.965028339834,5.74,0,0.2049428543518609,0.03379507208349011,0.5488072054527751,26523,0.19648543460313717,4882.43
2020,8,Fuencarral-El Pardo,1,El Pardo,081,0.02575757575757575,0.10606060606060606,10.079412154227631,3486,0.00545037292025243,0.18583733955136755,2.63,0.2532,0.4608,0.0871559633027523,148,0.23648648648648649,0,0.25,0.00675675675675675,0.10810810810810811,0.08376362593230063,0.07860011474469306,33.47820821495834,0.23195894791524735,0.1610606762782004,0.14555224221834817,0.07090803663046046,0.06476699483544222,1.5912790883263641,15,0,15968.221312001371,7.67,1,0.20051635111876076,0.01452121851461144,0.18172157279489903,16127,0.12954545454545455,4288.863333333334
2020,8,Fuencarral-El Pardo,2,Fuentelarreina,082,0.02214348981399468,0.05757307351638618,11.330153567606812,3315,0.00935143288084464,23.976565890351512,2.93,0.2627,0.3257,0,23,0.34782608695652173,0.04347826086956521,0.08695652173913043,0,0.04347826086956521,0.09170437405731524,0.06817496229260935,33.47820821495834,0.23195894791524735,0.1610606762782004,0.14555224221834817,0.07090803663046046,0.06476699483544222,1.5912790883263641,13,0,7753.5321488741565,4.53,1,0.14027149321266968,0.0288603340136166,0.582089552238806,30466,0.08680248007085917,4204.21
2020,8,Fuencarral-El Pardo,3,Peñagrande,083,0.02607174103237095,0.09769612131816856,12.175846294209574,45071,0.00723303232677331,156.10085547050878,2.62,0.261,0.2688,0.03009458297506449,953,0.35991605456453307,0,0.11017838405036726,0.01469045120671563,0.01678908709338929,0.06265669721106698,0.06669477047325331,33.47820821495834,0.23195894791524735,0.1610606762782004,0.14555224221834817,0.07090803663046046,0.06476699483544222,1.5912790883263641,12,2,7057.610223581704,7.82,0,0.17956113687293382,0.02525608022951713,0.315369205157868,19358,0.12190142898804315,3371.99
2020,8,Fuencarral-El Pardo,4,Pilar,084,0.01713443156396176,0.11780557250355908,12.270099198455274,46980,0.00615155385270327,344.63028169014086,2.38,0.2893,0.3331,0.06545741324921135,1812,0.41997792494481234,0,0.12527593818984548,0.01048565121412803,0.01269315673289183,0.07852277564921244,0.08371647509578545,33.47820821495834,0.23195894791524735,0.1610606762782004,0.14555224221834817,0.07090803663046046,0.06476699483544222,1.5912790883263641,11,1,6654.963594575406,8.79,0,0.20583226905065985,0.03200585676879011,0.24568019216364903,15639,0.14902379499694937,3347.02
2020,8,Fuencarral-El Pardo,5,La Paz,085,0.01573301549463647,0.07286452125546285,11.38745753457423,33717,0.00329210783877569,156.47391869315018,2.67,0.33039999999999997,0.2093,0.0129366106080207,644,0.2826086956521739,0.0046583850931677,0.13664596273291926,0.0046583850931677,0.0186335403726708,0.04778005160601477,0.05875374440193374,33.47820821495834,0.23195894791524735,0.1610606762782004,0.14555224221834817,0.07090803663046046,0.06476699483544222,1.5912790883263641,10,3,7117.797309101631,6.47,0,0.1810362725034849,0.02047910273122546,0.4175895765472313,23395,0.07524831148192293,3377.56
2020,8,Fuencarral-El Pardo,6,Valverde,086,0.0508327925589444,0.12191217823923858,12.297927931708198,64845,0.00582928521859819,72.2008194896005,2.8,0.1165,0.3718999999999999,0.03950256035113387,1628,0.2248157248157248,0.00552825552825552,0.1517199017199017,0.00675675675675675,0.0214987714987715,0.08580461099545068,0.09249749402421158,33.47820821495834,0.23195894791524735,0.1610606762782004,0.14555224221834817,0.07090803663046046,0.06476699483544222,1.5912790883263641,11,4,9459.745172148325,8.05,0,0.19397023671832833,0.03755600895413547,0.3800121849403163,17378,0.16491455764654986,3454.15
2020,8,Fuencarral-El Pardo,7,Mirasierra,087,0.04147550009175996,0.0837768397871169,13.125538715065838,34077,0.00718960002347624,48.73155245395264,3.12,0.1474,0.2304,0,435,0.29195402298850576,0,0.11724137931034484,0.01149425287356321,0.04827586206896552,0.07656190392346744,0.0644129471491035,33.47820821495834,0.23195894791524735,0.1610606762782004,0.14555224221834817,0.07090803663046046,0.06476699483544222,1.5912790883263641,12,4,8861.590582904815,4.97,0,0.16001995480822842,0.027973164485444,0.549200898164047,25294,0.11919618278583226,4012.29
2020,8,Fuencarral-El Pardo,8,El Goloso,088,0.08272884283246977,0.10138169257340242,13.090276155467366,19125,0.00888888888888888,7.218860759971465,3.29,0.0767,0.4918,0.00173310225303292,492,0.23170731707317072,0.00203252032520325,0.18089430894308944,0.0040650406504065,0.05894308943089431,0.09260130718954249,0.09584313725490196,33.47820821495834,0.23195894791524735,0.1610606762782004,0.14555224221834817,0.07090803663046046,0.06476699483544222,1.5912790883263641,13,1,13001.86708747171,4.53,0,0.1632941176470588,0.03140337732964558,0.5490668272125225,22841,0.17184801381692574,5197.95
2020,9,Moncloa-Aravaca,1,Casa de Campo,091,0.01938122332859175,0.13211237553342817,13.439475432313252,13258,0.00663750188565394,7.59309531173041,2.35,0.2492,0.4264,0.0170316301703163,671,0.35469448584202684,0.0059612518628912,0.22652757078986588,0.0044709388971684,0.03725782414307004,0.07497360084477296,0.06939206516820033,214.3241317840883,0.01080264005373579,0.0025087853697709,0.15181692255592283,0.00851840626160613,0.08418595859733899,1.085781664537683,2,8,4173.709669904124,8.43,0,0.19392065168200331,0.04003461158454136,0.3979043026706232,20409,0.18029871977240397,3420.86
2020,9,Moncloa-Aravaca,2,Argüelles,092,0.01744518589132507,0.13832221163012393,15.47709750706702,24537,0.0077026531360802,323.9207920792079,2.33,0.247,0.36870000000000003,0.01211305518169582,1251,0.3333333333333333,0.00959232613908872,0.18545163868904876,0.01358912869704236,0.01278976818545163,0.10388393039083832,0.09964543342706932,214.3241317840883,0.01080264005373579,0.0025087853697709,0.15181692255592283,0.00851840626160613,0.08418595859733899,1.085781664537683,2,2,1653.6887926611475,6.69,0,0.22834902392305495,0.05820013151363272,0.5110421152786819,24479,0.23250714966634892,5166.85
2020,9,Moncloa-Aravaca,3,Ciudad Universitaria,093,0.01815261044176706,0.10570281124497992,14.128928281138297,16458,0.00443553287155182,11.548744289834326,2.63,0.2529,0.32780000000000004,0.03219315895372234,799,0.18397997496871088,0.00125156445556946,0.17271589486858574,0.0062578222778473,0.0588235294117647,0.08208773848584275,0.07874589865111192,214.3241317840883,0.01080264005373579,0.0025087853697709,0.15181692255592283,0.00851840626160613,0.08418595859733899,1.085781664537683,5,3,5161.047179825196,5.64,0,0.19528496779681617,0.03127028160177499,0.5471327572663001,25727,0.16979919678714858,3755.05
2020,9,Moncloa-Aravaca,4,Valdezarza,094,0.02664526484751203,0.1124398073836276,11.751471095198468,30506,0.00865403527174982,218.28980322003576,2.44,0.2476,0.34369999999999995,0.06008146639511202,636,0.31446540880503143,0.00157232704402515,0.1069182389937107,0.00943396226415094,0.01729559748427673,0.07660788041696716,0.0767062217268734,214.3241317840883,0.01080264005373579,0.0025087853697709,0.15181692255592283,0.00851840626160613,0.08418595859733899,1.085781664537683,9,2,5430.4959712467935,9.2,0,0.19799383727791253,0.02936586549899528,0.2740074157396992,16073,0.14919743178170145,3224.64
2020,9,Moncloa-Aravaca,5,Valdemarín,095,0.05897177419354839,0.08669354838709678,15.437170006488186,6976,0.00960435779816513,21.12339137017411,3.51,0.1118,0.3329,0,115,0.11304347826086956,0.04347826086956521,0.26956521739130435,0,0.04347826086956521,0.08357224770642202,0.09288990825688072,214.3241317840883,0.01080264005373579,0.0025087853697709,0.15181692255592283,0.00851840626160613,0.08418595859733899,1.085781664537683,5,0,8461.673852404916,3.62,1,0.143348623853211,0.03610473181918284,0.6314331871682437,31670,0.15272177419354838,3987.21
2020,9,Moncloa-Aravaca,6,El Plantío,096,0.03325688073394495,0.08142201834862385,16.555559092323797,2809,0.02207191171235315,7.9615668046029135,3.21,0.1972,0.2446,0.00432900432900432,199,0.2964824120603015,0.0100502512562814,0.15577889447236182,0.0050251256281407,0.0100502512562814,0.10110359558561766,0.05553577785688857,214.3241317840883,0.01080264005373579,0.0025087853697709,0.15181692255592283,0.00851840626160613,0.08418595859733899,1.085781664537683,5,0,11456.239375587473,3.78,1,0.14595941616233535,0.039675971342559777,0.5534718702483528,31670,0.09403669724770644,4576.47
2020,9,Moncloa-Aravaca,7,Aravaca,097,0.03560762692396049,0.09062715368711234,12.821860469038226,27580,0.007070340826686,47.2745971888927,3.16,0.1533,0.2704,0.0261437908496732,637,0.3453689167974882,0.00313971742543171,0.09733124018838304,0.0141287284144427,0.02197802197802198,0.07842639593908629,0.07411167512690356,214.3241317840883,0.01080264005373579,0.0025087853697709,0.15181692255592283,0.00851840626160613,0.08418595859733899,1.085781664537683,5,0,7562.302874208347,4.98,1,0.15184916606236404,0.04799866779646189,0.5252007978006576,25590,0.11153227659085688,3891.01
2020,10,Latina,1,Los Cármenes,101,0.02754364840457555,0.13034316676700783,9.990247981932844,17803,0.00640341515474919,137.79411764705884,2.67,0.16899999999999998,0.3867,0.1005361930294906,336,0.2351190476190476,0,0.15178571428571427,0.00595238095238095,0.0625,0.08228950176936471,0.08285120485311465,78.08507272532489,0.01021654960347318,3.384420303692598e-4,0.03758322407379457,0.00156159546592645,0.12200430331338612,3.257577565880329,6,1,3189.554438507505,13.77,0,0.1952479919114756,0.03468582099518433,0.1714907018596281,12379,0.15276941601444913,2319.7
2020,10,Latina,2,Puerta del Angel,102,0.01944618183885824,0.13908000227440723,11.09853980135685,42532,0.0075237468259193,309.2561622918636,2.41,0.2048,0.4141,0.09191176470588236,1589,0.368156073001888,0.00125865324103209,0.1252359974826935,0.00881057268722467,0.01006922592825676,0.10396877645067244,0.10267563246496755,78.08507272532489,0.01021654960347318,3.384420303692598e-4,0.03758322407379457,0.00156159546592645,0.12200430331338612,3.257577565880329,3,2,2462.0227528519436,11.87,0,0.23372989748894948,0.04555937781995367,0.21025731927087948,12991,0.2016262011713197,2575.67
2020,10,Latina,3,Lucero,103,0.02022045917292705,0.10559573123639684,10.041972393658789,36913,0.00845230677539078,219.8511018463371,2.58,0.2205,0.419,0.08407382091592618,896,0.3359375,0.00111607142857142,0.13504464285714285,0.01227678571428571,0.02008928571428571,0.09178338254815376,0.08628396499878092,78.08507272532489,0.01021654960347318,3.384420303692598e-4,0.03758322407379457,0.00156159546592645,0.12200430331338612,3.257577565880329,5,1,4227.863152996435,11.17,0,0.1975726708747596,0.03621235273230513,0.17921560402684564,13195,0.1458260197991996,2334.97
2020,10,Latina,4,Aluche,104,0.01758831420479952,0.09222685944253987,9.38308206259996,67600,0.00775147928994082,237.2096287458769,2.51,0.29359999999999997,0.33140000000000003,0.06472968002942259,1957,0.3827286663260092,0.00102197240674501,0.14154317833418498,0.00970873786407766,0.01635155850792028,0.08263313609467456,0.07718934911242603,78.08507272532489,0.01021654960347318,3.384420303692598e-4,0.03758322407379457,0.00156159546592645,0.12200430331338612,3.257577565880329,6,3,5246.163985037182,10.29,0,0.1854733727810651,0.04481233612570939,0.15886032986588877,13532,0.1149575197495901,2530.65
2020,10,Latina,5,Campamento,105,0.01964977944125117,0.1042641358107205,10.285574949379503,19908,0.0075848904962829,21.65937724394543,2.65,0.2337,0.3846,0.08230958230958231,474,0.31223628691983124,0,0.10337552742616034,0.01687763713080168,0.00843881856540084,0.09749849306811333,0.09619248543299176,78.08507272532489,0.01021654960347318,3.384420303692598e-4,0.03758322407379457,0.00156159546592645,0.12200430331338612,3.257577565880329,6,1,9136.38284445581,9.43,0,0.2098653807514567,0.05121233004347203,0.18326616772212628,13387,0.13955353562357972,2156.49
2020,10,Latina,6,Cuatro Vientos,106,0.06027890238416554,0.1273054430949168,13.402162399010937,5901,0.0049144212845280404,10.867203182261838,2.65,0.0639,0.1915,0,105,0.2,0,0.11428571428571428,0.00952380952380952,0.0380952380952381,0.0830367734282325,0.0860871038806982,78.08507272532489,0.01021654960347318,3.384420303692598e-4,0.03758322407379457,0.00156159546592645,0.12200430331338612,3.257577565880329,8,1,8640.708002320105,9.3,0,0.1958990001694628,0.02253858160296712,0.25799311362518446,15308,0.2726045883940621,3125.68
2020,10,Latina,7,Águilas,107,0.01940026825062272,0.09939643609886951,9.377638684129588,52037,0.00532313546130637,144.16278812056737,2.5,0.2759,0.3488,0.0175438596491228,1155,0.412987012987013,0,0.13073593073593073,0.01125541125541125,0.01904761904761905,0.066990795011242,0.06639506504986836,78.08507272532489,0.01021654960347318,3.384420303692598e-4,0.03758322407379457,0.00156159546592645,0.12200430331338612,3.257577565880329,7,1,6885.9755107490355,10,0,0.16730403366835137,0.03554331939258207,0.14080253128146125,13323,0.11884460624640736,2212.08
2020,11,Carabanchel,1,Comillas,111,0.02065815426139312,0.12467559431122184,10.823911488319116,23079,0.00571948524632783,346.47950758144424,2.39,0.23309999999999995,0.3783,0.03871439006574142,856,0.35630841121495327,0.00116822429906542,0.1191588785046729,0.0116822429906542,0.01985981308411215,0.09887776766757658,0.09835781446336496,83.94939773662945,0.31245524797576224,0.09491902382050832,0.04060049735327045,0.03452984559782465,0.1452712570523759,0.9620282251115408,9,1,2716.71359451771,11.56,0,0.2284327743836388,0.04998008637550519,0.1968706462329868,13131,0.1739852590055019,2756.18
2020,11,Carabanchel,2,Opañel,112,0.01975626371962758,0.1229278631443494,10.25790781899377,33810,0.00505767524401064,305.3373069628827,2.55,0.2058,0.3885,0.04543107898812597,1294,0.3222565687789799,0,0.11978361669242658,0.00772797527047913,0.01236476043276661,0.10964211771665187,0.10065069506063296,83.94939773662945,0.31245524797576224,0.09491902382050832,0.04060049735327045,0.03452984559782465,0.1452712570523759,0.9620282251115408,6,5,3342.7575110293496,10.72,0,0.2201419698314108,0.04071356426824915,0.1695266830096172,12219,0.16902581182348042,2532.89
2020,11,Carabanchel,3,San Isidro,113,0.0207680250783699,0.12428160919540228,10.307604162058109,40167,0.00861403639803819,211.48317801295212,2.61,0.1882,0.3729,0.0643611911623439,1177,0.29141886151231944,8.496176720475786e-4,0.118946474086661,0.00849617672047578,0.01699235344095157,0.10212363382876492,0.1005053899967635,83.94939773662945,0.31245524797576224,0.09491902382050832,0.04060049735327045,0.03452984559782465,0.1452712570523759,0.9620282251115408,8,0,3059.153910492342,14.23,1,0.2214753404536062,0.04652943535732695,0.15231041700209305,11370,0.1703239289446186,2554.98
2020,11,Carabanchel,4,Vista Alegre,114,0.0194901691815272,0.1071673525377229,9.629522240684862,47755,0.0075803580776882,300.49710546186765,2.72,0.2214,0.35950000000000004,0.035924617196702,2250,0.3924444444444444,0.00266666666666666,0.12933333333333333,0.00933333333333333,0.01244444444444444,0.099717307088263,0.09856559522563084,83.94939773662945,0.31245524797576224,0.09491902382050832,0.04060049735327045,0.03452984559782465,0.1452712570523759,0.9620282251115408,7,3,5063.086310850565,11.5,0,0.21444874882211287,0.03928026734041942,0.13218221304662572,11310,0.12831504343850025,2122.1
2020,11,Carabanchel,5,Puerta Bonita,115,0.02511613258798519,0.11361310133060389,9.602034459764315,36061,0.00399323368736307,224.17630237473577,2.83,0.179,0.4007,0.05299684542586751,966,0.33540372670807456,0.0010351966873706,0.10248447204968944,0.005175983436853,0.015527950310559,0.11860458667258256,0.1069021935054491,83.94939773662945,0.31245524797576224,0.09491902382050832,0.04060049735327045,0.03452984559782465,0.1452712570523759,0.9620282251115408,10,0,5104.261852587482,12.87,1,0.21397077174787169,0.04454631130289169,0.12156659509883765,10273,0.14085505078340288,2054.07
2020,11,Carabanchel,6,Buenavista,116,0.03880425409600459,0.11819488358723772,10.90498020961711,48180,0.0064549605645496,85.83339271716667,2.76,0.1366,0.33799999999999997,0.02352376380220835,1364,0.3343108504398827,7.331378299120235e-4,0.13709677419354838,0.00806451612903225,0.01979472140762463,0.08646741386467414,0.08057285180572851,83.94939773662945,0.31245524797576224,0.09491902382050832,0.04060049735327045,0.03452984559782465,0.1452712570523759,0.9620282251115408,10,3,6594.790504863614,9.53,0,0.17206309672063097,0.03977785778509371,0.16908495202433887,12884,0.16780684104627766,2355.22
2020,11,Carabanchel,7,Abrantes,117,0.02612975391498881,0.09986577181208052,9.423330982357587,32063,0.00286935096528709,204.9277770676211,2.86,0.17420000000000002,0.3658,0.03692614770459081,720,0.375,0.00138888888888888,0.14166666666666666,0.00972222222222222,0.01388888888888888,0.09821289336618531,0.10183077067024296,83.94939773662945,0.31245524797576224,0.09491902382050832,0.04060049735327045,0.03452984559782465,0.1452712570523759,0.9620282251115408,7,4,4633.638175169047,11.98,0,0.1948975454573808,0.03857944667366883,0.12923219631487962,11034,0.1312751677852349,1951.76
2020,12,Usera,1,Orcasitas,121,0.02666824700723006,0.09742799573308047,8.237970192018315,23229,0.00430496362305738,171.25479209672665,2.75,0.191,0.4187,0.0447427293064877,360,0.43333333333333335,0,0.14722222222222223,0.00277777777777777,0.01944444444444444,0.06461750398209135,0.06035558999526454,67.75422321428572,0.07081675782301658,0.07089818168951777,0.01673865969971824,0.10137469047626578,0.17293238344507117,4.4677734375,8,0,5444.820243803643,12.67,1,0.15618408024452193,0.02302939296258402,0.09242813741528394,11301,0.11070285646556834,1747.23
2020,12,Usera,2,Orcasur,122,0.02936241610738255,0.1304530201342282,9.820693778155352,14181,0.00521824977082011,102.22013983997694,2.97,0.1436,0.3601,0.02403846153846154,248,0.2782258064516129,0,0.12903225806451613,0,0.01612903225806451,0.09047316832381357,0.08426768210986531,67.75422321428572,0.07081675782301658,0.07089818168951777,0.01673865969971824,0.10137469047626578,0.17293238344507117,4.4677734375,7,1,5034.764224800982,15.53,0,0.2042874268387279,0.02504558712095564,0.1132903981264637,9692,0.14639261744966442,1761.21
2020,12,Usera,3,San Fermín,123,0.03607503607503607,0.11351611351611351,8.80112868887561,24051,0.00644463847657062,163.01342008946727,2.89,0.14300000000000002,0.32380000000000003,0.01875,413,0.3728813559322034,0.00242130750605326,0.1791767554479419,0.0072639225181598,0.01694915254237288,0.08473660138871565,0.08473660138871565,67.75422321428572,0.07081675782301658,0.07089818168951777,0.01673865969971824,0.10137469047626578,0.17293238344507117,4.4677734375,8,1,5347.446205816762,12.82,0,0.1854392748742256,0.03757485531986662,0.11244815701851744,10067,0.136002886002886,1941.35
2020,12,Usera,4,Almendrales,124,0.02153047989623865,0.1138780804150454,9.818469567866655,22253,0.02390688895879207,285.25830021792075,2.88,0.15789999999999998,0.42590000000000006,0.03442340791738382,769,0.3511053315994798,0.00130039011703511,0.14304291287386217,0.00260078023407022,0.01560468140442132,0.1441154001707635,0.11975913359996404,67.75422321428572,0.07081675782301658,0.07089818168951777,0.01673865969971824,0.10137469047626578,0.17293238344507117,4.4677734375,6,1,3761.580223395432,12.08,0,0.22603693883970705,0.02824570183200364,0.12562571618117122,10646,0.1509727626459144,2738.97
2020,12,Usera,5,Moscardó,125,0.01973484465135108,0.11982592854974192,10.05041808381257,27239,0.00466243254157641,299.724911971831,2.75,0.1843,0.3992,0.03990178023327195,1210,0.4214876033057851,8.264462809917355e-4,0.14049586776859505,0.00826446280991735,0.0140495867768595,0.11531260325268916,0.11905723411285288,67.75422321428572,0.07081675782301658,0.07089818168951777,0.01673865969971824,0.10137469047626578,0.17293238344507117,4.4677734375,6,1,3148.644346237265,11.59,0,0.22827563420096184,0.03427211137984337,0.13493153929975835,10771,0.14593664608845258,2033.62
2020,12,Usera,6,Zofío,126,0.0213903743315508,0.11507229154287978,9.59009091279686,14470,0.00352453351762266,186.95090439276484,2.85,0.17350000000000002,0.3874,0.0783744557329463,380,0.27631578947368424,0.00263157894736842,0.1236842105263158,0.00526315789473684,0.02631578947368421,0.11465100207325502,0.10760193503800967,67.75422321428572,0.07081675782301658,0.07089818168951777,0.01673865969971824,0.10137469047626578,0.17293238344507117,4.4677734375,7,0,4309.52274503438,12.11,1,0.2133379405666897,0.03962010656480885,0.10182119205298014,10022,0.13131313131313133,1920.8
2020,12,Usera,7,Pradolongo,127,0.02140013271400132,0.10899137358991372,9.619361115466829,17937,0.006244076489937,163.70356849502602,2.96,0.1659,0.4053,0.07940074906367041,850,0.3235294117647059,0.00235294117647058,0.13647058823529412,0.00588235294117647,0.00823529411764706,0.12783631599487094,0.11462340413670068,67.75422321428572,0.07081675782301658,0.07089818168951777,0.01673865969971824,0.10137469047626578,0.17293238344507117,4.4677734375,6,0,4353.234146131321,11.91,1,0.2367731504710933,0.02546091237524872,0.07797285334907052,8417,0.13404114134041142,1940.2
2020,13,Puente de Vallecas,1,Entrevías,131,0.02382626357315834,0.10928833684868368,8.709083952906054,35601,0.0064604926827898,59.61419313786232,2.77,0.1896,0.4088000000000001,0.05562913907284768,792,0.3106060606060606,0.00126262626262626,0.17424242424242423,0.00505050505050505,0.02146464646464646,0.08817168057077049,0.08513805791972136,89.30564609101178,0.10408274879752312,0.02139503731045321,0.1709079966684762,2.0324171306136915e-4,0.1250773248307157,2.991380487542466,7,0,5421.836821736098,15.66,1,0.20330889581753325,0.03639387125035961,0.05946955547254389,9312,0.12506835403484104,1712.29
2020,13,Puente de Vallecas,2,San Diego,132,0.0258444375581035,0.14099783080260303,10.719024973914392,44066,0.01009848863069032,411.87026824936913,2.72,0.135,0.3919,0.0826797385620915,1750,0.38,0.00114285714285714,0.11485714285714284,0.00514285714285714,0.012,0.145781328007988,0.14360277765170426,89.30564609101178,0.10408274879752312,0.02139503731045321,0.1709079966684762,2.0324171306136915e-4,0.1250773248307157,2.991380487542466,7,2,4343.126303552097,13.45,0,0.252053737575455,0.04437484765915783,0.10971463266545234,8941,0.20192128912302448,1953.47
2020,13,Puente de Vallecas,3,Palomeras Bajas,133,0.02334476391453442,0.12226325507781588,9.291366600613834,41046,0.00550601763874677,238.0996577527699,2.7,0.1647,0.3668,0.07614942528735633,827,0.3252720677146312,0,0.10761789600967352,0.00967351874244256,0.02781136638452237,0.07608536763631048,0.07947181211323881,89.30564609101178,0.10408274879752312,0.02139503731045321,0.1709079966684762,2.0324171306136915e-4,0.1250773248307157,2.991380487542466,9,2,5299.099733980374,11.81,0,0.18986015689713975,0.03109134533322474,0.13384215654433257,12097,0.14923503033500396,1963.09
2020,13,Puente de Vallecas,4,Palomeras Sureste,134,0.02606752730883813,0.12611717974180736,9.596961617557213,43291,0.00683744889237947,139.26204722383065,2.68,0.1823,0.3712,0.09353348729792148,996,0.3092369477911647,0.00100401606425702,0.1214859437751004,0.01004016064257028,0.01104417670682731,0.07920814949989605,0.07705989697627683,89.30564609101178,0.10408274879752312,0.02139503731045321,0.1709079966684762,2.0324171306136915e-4,0.1250773248307157,2.991380487542466,12,2,6728.434764756167,12.23,0,0.2054468596244023,0.03223801712697746,0.1049155609167672,11530,0.1326961271102284,1748.82
2020,13,Puente de Vallecas,5,Portazgo,135,0.02242440952118371,0.12057715283521736,9.50087546762438,29071,0.00601974476282205,233.44575604272063,2.66,0.2125,0.388,0.06084656084656084,924,0.37987012987012986,0,0.11796536796536795,0.00757575757575757,0.0119047619047619,0.08599635375460081,0.08482680334353823,89.30564609101178,0.10408274879752312,0.02139503731045321,0.1709079966684762,2.0324171306136915e-4,0.1250773248307157,2.991380487542466,11,1,5623.053121168555,14.38,0,0.20972790753672044,0.03299225649976875,0.08687698005443756,10123,0.13518978035107068,1792.21
2020,13,Puente de Vallecas,6,Numancia,136,0.02266768625737382,0.13054402447017696,10.287996253731162,48586,0.00852097311982875,262.754853712617,2.64,0.1828,0.3677,0.09901800327332244,1455,0.354639175257732,0,0.10721649484536082,0.00549828178694158,0.01030927835051546,0.11087556086115342,0.10663565636191497,89.30564609101178,0.10408274879752312,0.02139503731045321,0.1709079966684762,2.0324171306136915e-4,0.1250773248307157,2.991380487542466,9,0,4377.421642034768,13.29,1,0.23230971884905116,0.04158802506883938,0.12340391572675036,10566,0.1722744155560411,2106.4
2020,14,Moratalaz,1,Pavones,141,0.0188221007893139,0.10564663023679416,9.899212299296083,9379,0.00447808934854462,92.88897692383875,2.84,0.2491,0.3575,0.05019305019305019,173,0.2023121387283237,0,0.10982658959537572,0.01156069364161849,0.04046242774566474,0.05789529800618403,0.08945516579592708,206.8501140688375,1.4567524616807188e-4,0.0424223514823573,0.27050858249551823,0.0194513084660892,0.07681929424561257,0.6693984797772843,10,1,6486.612196477242,11.72,0,0.16579592707111632,0.06156871945575445,0.18060996082820369,13960,0.0965391621129326,2225.09
2020,14,Moratalaz,2,Horcajo,142,0.03826879271070615,0.11708428246013668,10.191359538706662,6451,0.00139513253759107,86.48612414532779,2.93,0.0931,0.2755,0.04615384615384615,98,0.32653061224489793,0,0.1020408163265306,0,0,0.04495427065571229,0.05161990389086963,206.8501140688375,1.4567524616807188e-4,0.0424223514823573,0.27050858249551823,0.0194513084660892,0.07681929424561257,0.6693984797772843,10,0,6656.046602301756,10.02,1,0.13300263525034878,0.02023678108006119,0.31611428571428574,17103,0.13621867881548974,2539.9700000000003
2020,14,Moratalaz,3,Marroquina,143,0.01871387946059994,0.096413173103385,10.329959591883432,27308,0.00505346418631902,152.55013686386235,2.5,0.2763,0.363,0.06352087114337568,818,0.33007334963325186,0,0.13202933985330073,0.01344743276283618,0.01833740831295843,0.04665299545920609,0.05708949758312582,206.8501140688375,1.4567524616807188e-4,0.0424223514823573,0.27050858249551823,0.0194513084660892,0.07681929424561257,0.6693984797772843,8,0,5474.216644103787,8.73,1,0.16119818368243738,0.02250512906949784,0.26027522516344354,17738,0.11338409320245849,2783.03
2020,14,Moratalaz,4,Media Legua,144,0.02163661581137309,0.10651872399445216,10.499819778986453,17993,0.00583560273439671,180.1101101101101,2.49,0.2766,0.3478,0.01967799642218247,405,0.2839506172839506,0,0.1111111111111111,0.01481481481481481,0.03209876543209877,0.06408047574056577,0.07008280998165953,206.8501140688375,1.4567524616807188e-4,0.0424223514823573,0.27050858249551823,0.0194513084660892,0.07681929424561257,0.6693984797772843,7,2,4094.469166572383,11.26,0,0.18468293225143112,0.02939215806735085,0.2303948832035595,15706,0.1262135922330097,2619.85
2020,14,Moratalaz,5,Fontarrón,145,0.02306140098010954,0.10521764197174978,9.718422100903291,17593,0.00721878019666913,182.3864814430852,2.53,0.25129999999999997,0.4572,0.01918465227817745,330,0.4696969696969697,0,0.1,0.00909090909090909,0.01818181818181818,0.08042971636446314,0.07974762689706133,206.8501140688375,1.4567524616807188e-4,0.0424223514823573,0.27050858249551823,0.0194513084660892,0.07681929424561257,0.6693984797772843,10,0,5210.585238894585,11.48,1,0.19234922980730973,0.04049841808927432,0.15118121578795737,12452,0.13072931680599598,2175.53
2020,14,Moratalaz,6,Vinateros,146,0.02209414024975984,0.097296555509812,10.186381488586427,17183,0.00657626724087761,289.2760942760943,2.35,0.2921,0.4597,0.03414634146341464,321,0.4766355140186916,0,0.09034267912772584,0.02180685358255451,0.00311526479750778,0.06651923412675319,0.06919629866728744,206.8501140688375,1.4567524616807188e-4,0.0424223514823573,0.27050858249551823,0.0194513084660892,0.07681929424561257,0.6693984797772843,9,1,5433.702198295059,10.2,0,0.17488215096316126,0.03711405541274659,0.18616144975288304,14123,0.14038699053108275,2405.58
2020,15,Ciudad Lineal,1,Ventas,151,0.01883501918381583,0.1168468782699686,10.8771847410585,49044,0.00709566919500856,153.35834896810505,2.44,0.2324,0.4279,0.05466012613875263,1608,0.31716417910447764,0,0.111318407960199,0.0099502487562189,0.01554726368159204,0.0930796835494658,0.09071446048446292,26.33542691744525,0.19763128716445072,0.1768505361498078,0.14452781780626797,0.02404554335848201,0.11054410166145898,1.4859945691839722,8,1,4882.186837215816,10.39,0,0.21180980344180736,0.04135448620352938,0.19010787706085897,13089,0.16896706363047487,2762.8
2020,15,Ciudad Lineal,2,Pueblo Nuevo,152,0.0201777961546413,0.11627041554682654,10.487520330033693,63732,0.00778258959392455,274.8016557433598,2.63,0.2152,0.3695000000000001,0.03733630537754249,2187,0.34705075445816186,0.00137174211248285,0.1211705532693187,0.01005944215820759,0.01463191586648376,0.09219858156028368,0.09448942446494696,26.33542691744525,0.19763128716445072,0.1768505361498078,0.14452781780626797,0.02404554335848201,0.11054410166145898,1.4859945691839722,9,3,5945.604635738793,10.21,0,0.2124050712357999,0.03975719538236189,0.17428081235287077,12987,0.14236096754186478,2505.02
2020,15,Ciudad Lineal,3,Quintana,153,0.02017208413001912,0.13565965583173997,11.696542691285046,25236,0.00721191948010778,348.9973724242843,2.4,0.2167,0.4364,0.03973870440936309,1211,0.3625103220478943,8.257638315441783e-4,0.1180842279108175,0.01073492981007431,0.01238645747316267,0.09533999048977652,0.10021398002853069,26.33542691744525,0.19763128716445072,0.1768505361498078,0.14452781780626797,0.02404554335848201,0.11054410166145898,1.4859945691839722,9,4,5499.8856260243065,9.86,0,0.2328023458551276,0.04628665305681123,0.2373364807711223,14357,0.18604206500956025,3221.55
2020,15,Ciudad Lineal,4,La Concepción,154,0.02411208862821766,0.12284131638970348,12.097269654194312,21210,0.00702498821310702,239.4175414832374,2.3,0.2375,0.4248,0.07081403044341496,967,0.31747673216132366,0.00413650465356773,0.14477766287487073,0.00827300930713547,0.02585315408479834,0.08425271098538425,0.08882602545968883,26.33542691744525,0.19763128716445072,0.1768505361498078,0.14452781780626797,0.02404554335848201,0.11054410166145898,1.4859945691839722,8,1,5286.9078554012285,9.4,0,0.2033003300330033,0.04655252019518868,0.3015667334197196,16816,0.19094167481264257,3753.9
2020,15,Ciudad Lineal,5,San Pascual,155,0.024519549370444,0.1117296222664016,12.786006903027872,18166,0.00495431024991742,172.56578322409044,2.4,0.2656,0.3333,0.02298850574712643,555,0.3261261261261261,0.0036036036036036,0.12792792792792793,0.0054054054054054,0.01441441441441441,0.06319497963228009,0.06820433777386326,26.33542691744525,0.19763128716445072,0.1768505361498078,0.14452781780626797,0.02404554335848201,0.11054410166145898,1.4859945691839722,8,1,5179.583389520239,9.02,0,0.1767037322470549,0.03241023893581915,0.3275528533922896,19076,0.15520212060967528,4252.92
2020,15,Ciudad Lineal,6,San Juan Bautista,156,0.03259769184045353,0.10062765742053048,13.670547701497288,12768,0.00446428571428571,126.31578947368422,2.58,0.2158,0.3328,0.00824742268041237,402,0.291044776119403,0.00248756218905472,0.1517412935323383,0.01243781094527363,0.01741293532338308,0.06962719298245613,0.0806704260651629,26.33542691744525,0.19763128716445072,0.1768505361498078,0.14452781780626797,0.02404554335848201,0.11054410166145898,1.4859945691839722,8,2,5517.381509267848,6.98,0,0.17034774436090225,0.05221267806057383,0.5083798882681564,24621,0.16096375784571776,3909.33
2020,15,Ciudad Lineal,7,Colina,157,0.03825757575757575,0.10416666666666669,14.212566105757729,6547,0.00717886054681533,116.97337859567624,2.47,0.226,0.30210000000000004,0.02116402116402116,275,0.19272727272727272,0.01090909090909091,0.09818181818181818,0.01818181818181818,0.03636363636363636,0.08003665801130289,0.09454712081869558,26.33542691744525,0.19763128716445072,0.1768505361498078,0.14452781780626797,0.02404554335848201,0.11054410166145898,1.4859945691839722,8,0,5876.295736381089,7.73,1,0.1871085993584848,0.0452572362353392,0.4909272183449651,22739,0.1928030303030303,4544.25
2020,15,Ciudad Lineal,8,Atalaya,158,0.04363001745200698,0.10471204188481675,15.094339622641506,1568,0.00892857142857142,62.99718762555243,2.71,0.2315,0.2722,0.0238095238095238,34,0.02941176470588235,0.02941176470588235,0.1176470588235294,0,0.0588235294117647,0.10267857142857142,0.09630102040816328,26.33542691744525,0.19763128716445072,0.1768505361498078,0.14452781780626797,0.02404554335848201,0.11054410166145898,1.4859945691839722,7,0,6201.670718009656,6.35,1,0.14604591836734693,0.04866461053874926,0.5198237885462555,28605,0.17801047120418848,4483.48
2020,15,Ciudad Lineal,9,Costillares,159,0.02858569466982898,0.08962676320059917,13.571040366662483,22322,0.00533106352477376,156.4041479820628,2.78,0.2208,0.2822,0.01070663811563169,389,0.27249357326478146,0.01028277634961439,0.13624678663239073,0.00771208226221079,0.03341902313624678,0.06966221664725383,0.07261894095511155,26.33542691744525,0.19763128716445072,0.1768505361498078,0.14452781780626797,0.02404554335848201,0.11054410166145898,1.4859945691839722,11,2,7261.6630548985795,6.02,0,0.1562583997849655,0.02484828957495343,0.5288432128219245,25900,0.1228311072275621,4400.22
2020,16,Hortaleza,1,Palomas,161,0.03785488958990536,0.07886435331230283,14.442930198491636,6857,0.00772932769432696,60.692157904053815,3.08,0.1509,0.1967,0.00595238095238095,144,0.2638888888888889,0.01388888888888888,0.1527777777777778,0.00694444444444444,0.05555555555555555,0.07495989499781246,0.06445967624325506,89.44511699059431,0.2865039456974699,8.372192792119856e-4,0.06034153359977065,0.02072226174304579,0.08253477109032205,2.172129667370072,13,0,8501.46490391082,5.91,1,0.1354819892081085,0.0675644406870213,0.5461206896551725,29357,0.103199639477242,3931.51
2020,16,Hortaleza,2,Piovera,162,0.03357753357753357,0.09991859991859992,14.381316014610952,14987,0.00513778608127043,47.735380303223344,3.04,0.1436,0.241,0.00576368876080691,300,0.19333333333333333,0.00666666666666666,0.13666666666666666,0.02333333333333333,0.05333333333333334,0.07479815840395009,0.07886835257222927,89.44511699059431,0.2865039456974699,8.372192792119856e-4,0.06034153359977065,0.02072226174304579,0.08253477109032205,2.172129667370072,9,0,7272.732325749381,4.87,1,0.15186494962300662,0.10146318522352102,0.5602768698327245,29758,0.1339031339031339,4904.19
2020,16,Hortaleza,3,Canillas,163,0.02055091303002166,0.10683998761993192,11.83541967703684,40940,0.00559355153883732,162.29930624380574,2.53,0.26489999999999997,0.30219999999999997,0.08935185185185185,1402,0.30813124108416545,0.0014265335235378,0.11840228245363768,0.01711840228245363,0.02710413694721826,0.06538837322911578,0.06941866145578895,89.44511699059431,0.2865039456974699,8.372192792119856e-4,0.06034153359977065,0.02072226174304579,0.08253477109032205,2.172129667370072,9,2,7296.312864197992,8.54,0,0.17982413287738153,0.03871740361363964,0.26233361826840884,17487,0.1306716186939028,3354.6
2020,16,Hortaleza,4,Pinar del Rey,164,0.0247598619789238,0.10747925020982932,11.101765333421843,53344,0.00671115776844631,200.18012608826177,2.48,0.2619,0.3393,0.11770981507823614,1504,0.3696808510638298,0.0026595744680851,0.11303191489361702,0.01063829787234042,0.01529255319148936,0.07204184163167367,0.07365401919616077,89.44511699059431,0.2865039456974699,8.372192792119856e-4,0.06034153359977065,0.02072226174304579,0.08253477109032205,2.172129667370072,7,6,7830.265113595043,10.61,0,0.18841856628674264,0.03593787727349755,0.2059764705882353,15283,0.13349808822157977,2955.26
2020,16,Hortaleza,5,Apóstol Santiago,165,0.0209083119108826,0.11482433590402742,10.375555722183408,15613,0.00563632870044193,129.55771305285867,2.67,0.2091,0.3652,0.05555555555555555,233,0.3261802575107296,0,0.17167381974248927,0.01287553648068669,0.03433476394849785,0.07423301095241146,0.0739127650035227,89.44511699059431,0.2865039456974699,8.372192792119856e-4,0.06034153359977065,0.02072226174304579,0.08253477109032205,2.172129667370072,12,1,7594.745484802367,9.87,0,0.18177160058925257,0.03073471708818176,0.2478102792926789,15685,0.13453299057412169,3787.62
2020,16,Hortaleza,6,Valdefuentes,166,0.05816259087904825,0.1277499763950524,13.142390129530906,62078,0.00631463642514256,37.043799976130806,2.92,0.0746,0.2219,0.00909090909090909,764,0.23036649214659685,0.00392670157068062,0.1871727748691099,0.01178010471204188,0.02617801047120419,0.09434904475015304,0.07922291310931409,89.44511699059431,0.2865039456974699,8.372192792119856e-4,0.06034153359977065,0.02072226174304579,0.08253477109032205,2.172129667370072,9,0,10287.171310638792,5.92,1,0.2012629272850285,0.04488868514687604,0.5120646088292127,21249,0.18350486261920496,3364.21
2020,17,Villaverde,1,"Villaverde Alto, Casco Histórico de Villaverde",171,0.02502110213433015,0.1175690341251658,8.658484201633282,46940,0.00511291009799744,50.72620385579666,2.82,0.1641,0.3896,0.02901530728809687,2606,0.22755180353031465,3.837298541826554e-4,0.06523407521105141,0.00422102839600921,0.01496546431312356,0.09663400085215168,0.08977417980400511,125.09066436861742,0.3688249386032936,0.02623336703657334,0.08528133020213391,0.01798815100926747,0.13607615443434984,1.053487741585654,11,2,8429.32700119977,14.98,0,0.205986365573072,0.04519977519484319,0.08981414781731739,10056,0.13752562402025806,1714.38
2020,17,Villaverde,2,San Cristóbal,172,0.02404771065794536,0.09599846094651789,8.006281502022338,16992,0.00782721280602636,156.96997690531177,3.25,0.1188,0.4885,0.03440366972477064,284,0.4154929577464789,0,0.15492957746478872,0.00704225352112676,0.02816901408450704,0.1379472693032015,0.1252942561205273,125.09066436861742,0.3688249386032936,0.02623336703657334,0.08528133020213391,0.01798815100926747,0.13607615443434984,1.053487741585654,11,0,8593.62312004166,17.34,1,0.2344044256120527,0.03054934375277923,0.05631762801397291,6916,0.11850711812235476,1375.61
2020,17,Villaverde,3,Butarque,173,0.05569111525764318,0.14008899095737046,9.32145125351096,20082,0.01294691763768549,31.49870598384441,2.87,0.0872,0.2411,0.01891252955082742,314,0.3089171974522293,0,0.12420382165605096,0.01592356687898089,0.01910828025477707,0.1080071706005378,0.07618763071407231,125.09066436861742,0.3688249386032936,0.02623336703657334,0.08528133020213391,0.01798815100926747,0.13607615443434984,1.053487741585654,10,0,9220.485082086132,10.38,1,0.19749028981177175,0.04113493211737797,0.14539949785851425,11666,0.1598966556624085,1874.74
2020,17,Villaverde,4,Los Rosales,174,0.02372523913534684,0.1142577389470513,8.871549980171478,38252,0.00473177873052389,248.27675731810217,2.87,0.1671,0.3186,0.05067350865939705,958,0.3945720250521921,0,0.11795407098121086,0.0104384133611691,0.01774530271398747,0.08498902018195127,0.08783854438983582,125.09066436861742,0.3688249386032936,0.02623336703657334,0.08528133020213391,0.01798815100926747,0.13607615443434984,1.053487741585654,10,1,6973.898781754612,12.01,0,0.18503607654501725,0.039192801939906013,0.1095458889321488,11064,0.12337124350380356,1818.14
2020,17,Villaverde,5,Ángeles,175,0.02212532299741602,0.09722222222222222,8.465664911239703,32648,0.00649350649350649,168.69735958249368,2.63,0.2541,0.4094,0.02378592666005946,771,0.4578469520103761,0,0.10765239948119326,0.00518806744487678,0.01167315175097276,0.10028179367802008,0.08456873315363882,125.09066436861742,0.3688249386032936,0.02623336703657334,0.08528133020213391,0.01798815100926747,0.13607615443434984,1.053487741585654,9,1,6844.387373280107,12.48,0,0.19247733398676797,0.03330031367843761,0.115417575568713,11982,0.11030361757105944,1761.69
2020,18,Villa de Vallecas,1,Casco Histórico de Vallecas,181,0.02767934746272648,0.12114728889483184,9.82360789449911,41118,0.00659078748966389,9.552129238789291,2.74,0.1647,0.3361,0.03383838383838384,2701,0.1751203258052573,0.00370233246945575,0.07108478341355054,0.00666419844502036,0.00925583117363939,0.08555863612043388,0.09382752079381292,244.59903152760845,0.08080151531318966,0.01118962248871107,0.5364791735054638,0.00154775878397802,0.09033114433421824,0.53649190036579,14,4,10796.279013944326,14.52,0,0.20249039350162945,0.04605217299821868,0.08285981683267599,10236,0.14809119475830715,1975.6
2020,18,Villa de Vallecas,2,Santa Eugenia,182,0.01809555334878075,0.10967670749200044,8.532033509118806,24743,0.00472861011195085,118.94529372175752,2.72,0.2191,0.2414,0.0390625,491,0.3625254582484725,0,0.11812627291242364,0.01629327902240325,0.03869653767820773,0.05205512670250172,0.05860243301135674,244.59903152760845,0.08080151531318966,0.01118962248871107,0.5364791735054638,0.00154775878397802,0.09033114433421824,0.53649190036579,13,0,8760.143905748453,10.69,1,0.19201390292203857,0.06326954395348827,0.17176374161159777,14894,0.09113979918349333,2110.49
2020,18,Villa de Vallecas,3,Ensanche de Vallecas,183,0.05657752357396815,0.1728242386767661,12.00450461557464,48959,0.01203047447864539,77.20900159278358,2.52,0.046,0.2511,0.00447427293064876,671,0.45007451564828616,0,0.15946348733233978,0.007451564828614,0.01937406855439642,0.11156273616699688,0.09219959557997508,244.59903152760845,0.08080151531318966,0.01118962248871107,0.5364791735054638,0.00154775878397802,0.09033114433421824,0.53649190036579,16,1,10345.169422666564,8.61,0,0.2713290712637105,0.03728664098028567,0.2808196962995725,14540,0.2878858143968671,2841.85
2020,19,Vicalvaro,1,Casco Histórico de Vicálvaro,191,0.02534579439252336,0.11334579439252336,9.61472661568947,35772,0.00550710052555071,16.642629174381927,2.67,0.2079,0.3751,0.06884681583476764,1151,0.34578627280625546,8.688097306689834e-4,0.12423979148566464,0.01216333622936577,0.01737619461337967,0.08271832718327184,0.0772950911327295,213.90490765811276,0.17041995047969205,0.00230592403467562,0.16086179985385465,0.00890451758040507,0.09474935177182368,9.736647134101164,11,4,11070.107694737308,13.35,0,0.19682992284468295,0.08526172873816645,0.0933234968646256,10586,0.12807476635514017,2211.77
2020,19,Vicalvaro,2,Valdebernardo,192,0.02346805736636245,0.12141460234680572,8.5633192246569,17882,0.00167766469075047,69.98551915776291,2.91,0.1161,0.2531,0.03376623376623376,315,0.3873015873015873,0,0.1238095238095238,0.00317460317460317,0.03492063492063492,0.05133653953696454,0.06112291689967565,213.90490765811276,0.17041995047969205,0.00230592403467562,0.16086179985385465,0.00890451758040507,0.09474935177182368,9.736647134101164,11,0,7725.943998639332,10.87,1,0.14729895984789174,0.02139622341002434,0.2346987189625178,15054,0.13298565840938725,2620.36
2020,19,Vicalvaro,3,Valderrivas,193,0.05887924230465666,0.11775848460931332,9.976014151596011,18191,0.00197900060469462,282.82027363184085,2.87,0.0594,0.2623,0,93,0.3763440860215054,0,0.15053763440860216,0.02150537634408602,0,0.04133912374251003,0.05299323841460063,213.90490765811276,0.17041995047969205,0.00230592403467562,0.16086179985385465,0.00890451758040507,0.09474935177182368,9.736647134101164,14,0,8888.946651932158,6.68,1,0.10620636578527844,0.01809551328094464,0.28089406525648714,15515,0.16085240726124703,3018.37
2020,19,Vicalvaro,4,El Cañaveral,194,0.03384615384615384,0.21846153846153848,9.356156389807431,2390,0.28661087866108786,2.2601968924656948,2.46,0.0317,0.0789,0,21,0.42857142857142855,0,0.23809523809523808,0.04761904761904761,0,0.8460251046025105,0.0397489539748954,213.90490765811276,0.17041995047969205,0.00230592403467562,0.16086179985385465,0.00890451758040507,0.09474935177182368,9.736647134101164,22,0,13555.04820544874,5.06,1,0.3087866108786611,0.03778392733135353,0.2396259497369959,15673,0.27897435897435896,2147.81
2020,20,San Blas-Canillejas,1,Simancas,201,0.03010033444816053,0.13649100605622344,12.576861613667129,28761,0.00893571155384027,126.34977814875016,2.59,0.1553,0.4383,0.02551381998582565,1126,0.23268206039076375,0.00799289520426287,0.1714031971580817,0.01154529307282415,0.01598579040852575,0.10385591599735754,0.10392545460867146,81.17375736845035,0.08570264176132221,0.11629377861838808,0.05570529318684408,0.01014060876356295,0.09828063167557778,1.77523211005202,11,2,7030.432045184826,10.5,0,0.21101491603212685,0.05252101709298468,0.206163753449862,14010,0.1822290517942692,2553.12
2020,20,San Blas-Canillejas,2,Hellín,202,0.01988712711636656,0.10239183015318462,10.551518289104294,9383,0.0107641479271022,170.41409371594622,2.51,0.2256,0.584,0.06611570247933884,91,0.4175824175824176,0,0.0989010989010989,0.01098901098901099,0.03296703296703297,0.10902696365767878,0.08536715336246403,81.17375736845035,0.08570264176132221,0.11629377861838808,0.05570529318684408,0.01014060876356295,0.09828063167557778,1.77523211005202,13,0,7594.896410828338,13.91,1,0.19982947884471916,0.03169521132304642,0.09340958605664489,10711,0.13679118516527816,1699.42
2020,20,San Blas-Canillejas,3,Amposta,203,0.02963615023474178,0.11003521126760564,10.83782342952048,8902,0.00954841608627274,240.3996759384283,2.6,0.1845,0.518,0.06637168141592921,230,0.4608695652173913,0,0.13043478260869565,0.00869565217391304,0.00869565217391304,0.11795102224219275,0.10727926308694676,81.17375736845035,0.08570264176132221,0.11629377861838808,0.05570529318684408,0.01014060876356295,0.09828063167557778,1.77523211005202,13,1,7068.52015726901,16.03,0,0.2156818692428668,0.03659359037711465,0.07744908577374758,9354,0.16050469483568075,1799.06
2020,20,San Blas-Canillejas,4,Arcos,204,0.02524078379275988,0.12000442820768294,10.546163559273666,24771,0.0104961446853175,189.78700582286237,2.73,0.1752,0.4384,0.02797202797202797,349,0.45272206303724927,0,0.14613180515759314,0.01719197707736389,0.01432664756446991,0.08061846514068871,0.069355294497598,81.17375736845035,0.08570264176132221,0.11629377861838808,0.05570529318684408,0.01014060876356295,0.09828063167557778,1.77523211005202,10,2,7390.381770409414,12.27,0,0.17560857454281217,0.02956604120178549,0.13454110222512378,12206,0.13184988375954831,2806.11
2020,20,San Blas-Canillejas,5,Rosas,205,0.0299874304183875,0.1107021009157838,10.50029857641362,31859,0.00307605386233089,34.269886516430915,2.85,0.1415,0.2713,0.02372583479789103,872,0.26146788990825687,0,0.23623853211009177,0.00802752293577981,0.0194954128440367,0.04789855299915251,0.05405066072381431,81.17375736845035,0.08570264176132221,0.11629377861838808,0.05570529318684408,0.01014060876356295,0.09828063167557778,1.77523211005202,12,3,9425.773230671271,6.78,0,0.12866066103769735,0.02482085135448412,0.2610611590848393,17154,0.11932124259292512,3499.95
2020,20,San Blas-Canillejas,6,Rejas,206,0.04281122150789012,0.15561075394506138,11.865796267256576,17340,0.00715109573241061,34.571445660625635,2.53,0.1111,0.3954,0.01271186440677966,718,0.29526462395543174,0.02228412256267409,0.11559888579387188,0.00974930362116991,0.0362116991643454,0.11678200692041522,0.12462514417531718,81.17375736845035,0.08570264176132221,0.11629377861838808,0.05570529318684408,0.01014060876356295,0.09828063167557778,1.77523211005202,13,0,11809.638279292903,7.72,1,0.22006920415224915,0.06960820317966791,0.34043742017879947,16454,0.2260374050263004,2657.17
2020,20,San Blas-Canillejas,7,Canillejas,207,0.02116065752429389,0.11379529561347744,10.17178481919066,29144,0.00593604172385396,182.41221756274643,2.64,0.2292,0.33490000000000003,0.0407503234152652,968,0.3873966942148761,0.00103305785123966,0.13326446280991736,0.01033057851239669,0.01652892561983471,0.08917787537743618,0.08619269832555586,81.17375736845035,0.08570264176132221,0.11629377861838808,0.05570529318684408,0.01014060876356295,0.09828063167557778,1.77523211005202,13,1,8480.247381347568,10.69,0,0.20113917101290144,0.05642444721311276,0.1568361680731057,13124,0.12523839796567068,2417.52
2020,20,San Blas-Canillejas,8,El Salvador,208,0.0227743271221532,0.1016793190706234,11.2978855786171,11509,0.00530019984360066,61.214828998457534,2.64,0.2111,0.3306,0.02332361516034985,227,0.1938325991189427,0.00881057268722467,0.18061674008810572,0.01762114537444934,0.03964757709251101,0.06308106699105048,0.06403684073333912,81.17375736845035,0.08570264176132221,0.11629377861838808,0.05570529318684408,0.01014060876356295,0.09828063167557778,1.77523211005202,12,1,6971.53446021352,7.34,0,0.16204709357893823,0.03792949739941654,0.3811354897082108,22115,0.13365539452495975,3192.05
2020,21,Barajas,1,Alameda de Osuna,211,0.03203909856095574,0.07724680966603313,10.79772173838616,19885,0.0077948202162434,100.92371720042632,2.69,0.2581,0.1965,0.00597609561752988,373,0.34048257372654156,0.0160857908847185,0.1447721179624665,0.01072386058981233,0.04557640750670241,0.05924063364344983,0.06361579079708322,152.4460781929104,0.24271211975092472,0,0.22853695938483207,0.14314163470275026,0.07590481903619276,1.293911240480083,14,2,10536.67663481015,6.65,0,0.14297208951470958,0.03213639882401507,0.38302152484409574,21309,0.09571001900624491,4015.02
2020,21,Barajas,2,Aeropuerto,212,0.03120567375886524,0.11914893617021276,10,1912,0.00627615062761506,0.645376880520892,2.7,0.15109999999999998,0.4181,0.01581722319859402,457,0.36323851203501095,0.00656455142231947,0.2297592997811816,0.00218818380743982,0.00437636761487965,0.09937238493723848,0.0899581589958159,152.4460781929104,0.24271211975092472,0,0.22853695938483207,0.14314163470275026,0.07590481903619276,1.293911240480083,10,2,13762.923551699036,10.3,0,0.2228033472803347,0.0448689715921603,0.10027662517289074,10556,0.16595744680851063,3172.338333333333
2020,21,Barajas,3,Casco Histórico de Barajas,213,0.02204724409448819,0.1631496062992126,11.348464088337929,7707,0.00531983910730504,140.28030578813252,2.42,0.1856,0.33240000000000003,0.06728971962616823,375,0.344,0.04,0.192,0.02933333333333333,0.01333333333333333,0.09601660827818866,0.1122356299468016,152.4460781929104,0.24271211975092472,0,0.22853695938483207,0.14314163470275026,0.07590481903619276,1.293911240480083,11,0,12378.237526796634,10.65,1,0.24691838588296353,0.06656261160472837,0.1460619754680439,13245,0.2022047244094488,2697.8
2020,21,Barajas,4,Timón,214,0.04963196635120925,0.1366982124079916,11.453480760697484,12887,0.025452005897416,25.295907351064873,2.7,0.1055,0.2957,0.01902173913043478,259,0.2277992277992278,0.01544401544401544,0.17374517374517376,0.00772200772200772,0.02702702702702703,0.1064638783269962,0.07457127337627066,152.4460781929104,0.24271211975092472,0,0.22853695938483207,0.14314163470275026,0.07590481903619276,1.293911240480083,11,1,10920.45258282059,7.44,0,0.21510048886474745,0.04483950713046163,0.3029366306027821,16789,0.19327024185068348,2639.48
2020,21,Barajas,5,Corralejos,215,0.05374280230326295,0.11861804222648752,13.553640122386124,7767,0.00798249002188747,16.587293112653498,2.98,0.0994,0.29960000000000003,0,235,0.08936170212765958,0.02127659574468085,0.3617021276595745,0.00425531914893617,0.03829787234042553,0.0763486545641818,0.08201364748294064,152.4460781929104,0.24271211975092472,0,0.22853695938483207,0.14314163470275026,0.07590481903619276,1.293911240480083,9,1,9762.83872924395,5.34,0,0.11909360113299858,0.03793630446251857,0.4954581358609795,25412,0.145489443378119,3660.35
2021,1,Centro,1,Palacio,011,0.0157582020149832,0.18625678119349007,14.87628159429804,23729,0.00741708458004972,160.51,2.03,0.1879,0.3132,0.0259799453053783,1706,0.29601406799531066,0.02227432590855803,0.3376318874560375,0.01055099648300117,0.0246189917936694,0.1652829870622445,0.13439251548737832,310.704741503735,0.37110798741642215,0.13769005319087085,0.01910907137848949,0.0255013197947886,0.18335268628395027,0.8307928439165546,1,4,834.2995407682666,8.12,0,0.2708921572759071,0.10318417126722576,0.45595367712560625,20536,0.3338499956944803,4851.23
2021,1,Centro,2,Embajadores,012,0.01587512160608472,0.2005837092066861,14.811679049259071,47528,0.01542248779666722,455.13,2.09,0.13449999999999998,0.3342,0.02779168753129694,3061,0.4799085266252859,0.01208755308722639,0.1656321463573995,0.00359359686377,0.01470107807905913,0.20114458845312236,0.16912136004039724,310.704741503735,0.37110798741642215,0.13769005319087085,0.01910907137848949,0.0255013197947886,0.18335268628395027,0.8307928439165546,1,7,913.3758849186464,8.27,0,0.3377167143578522,0.10715303820905572,0.3875381826309385,15808,0.3660122048288671,4300.67
2021,1,Centro,3,Cortes,013,0.01293731778425656,0.19424198250728864,15.37740670655669,10846,0.01816337820394615,181.98,1.97,0.1698,0.3024,0.00654545454545454,1194,0.3065326633165829,0.04020100502512563,0.3609715242881072,0.0050251256281407,0.03015075376884422,0.21823713811543427,0.163193804167435,310.704741503735,0.37110798741642215,0.13769005319087085,0.01910907137848949,0.0255013197947886,0.18335268628395027,0.8307928439165546,1,1,710.3836290668983,6.01,0,0.31052922736492716,0.14262848976581227,0.4996236963767337,20795,0.364067055393586,5049.77
2021,1,Centro,4,Justicia,014,0.01445054329562003,0.20096336955304137,16.36231960774425,18304,0.0166083916083916,243.72,2.04,0.1547,0.33630000000000004,0.00236294896030245,1952,0.44723360655737704,0.01485655737704918,0.2581967213114754,0.00461065573770491,0.0194672131147541,0.1870083041958042,0.15548513986013987,310.704741503735,0.37110798741642215,0.13769005319087085,0.01910907137848949,0.0255013197947886,0.18335268628395027,0.8307928439165546,2,3,971.425331535661,6.39,0,0.3093312937062937,0.12879737762237764,0.5239014347294602,24522,0.3675366864568164,6166.2
2021,1,Centro,5,Universidad,015,0.01349678788235987,0.19926916956444865,15.840281633463752,33580,0.01563430613460393,352.5,1.97,0.1566,0.32770000000000005,0.0320962888665998,2432,0.37787828947368424,0.01398026315789473,0.2578125,0.00616776315789473,0.02508223684210526,0.1838892197736748,0.15729600952948183,310.704741503735,0.37110798741642215,0.13769005319087085,0.01910907137848949,0.0255013197947886,0.18335268628395027,0.8307928439165546,2,6,952.2311828537734,6.85,0,0.33737343656938656,0.11487826086956524,0.47419175801304286,19918,0.3772617433842164,4977.11
2021,1,Centro,6,Sol,016,0.01309370988446726,0.1969191270860077,14.57416127027456,8046,0.01391996022868506,171.17,2.05,0.16190000000000002,0.2852,5.399568034557236e-4,1626,0.4680196801968019,0.02706027060270603,0.28843788437884377,0,0.01845018450184502,0.228685060899826,0.1558538404175988,310.704741503735,0.37110798741642215,0.13769005319087085,0.01910907137848949,0.0255013197947886,0.18335268628395027,0.8307928439165546,0,7,0,6.74,0,0.31593338304747703,0.1467705195128014,0.4420150686955237,17636,0.36713735558408217,5113.98
2021,2,Arganzuela,1,Imperial,021,0.01661819692563356,0.14281262982966347,13.930109009894618,22702,0.00863360056382697,236.73,2.35,0.22329999999999997,0.33409999999999995,0.01903695408734602,736,0.30434782608695654,0.00543478260869565,0.13994565217391303,0.03260869565217391,0.02309782608695652,0.09721610430799048,0.08889084662144305,116.61169124858056,0.00966643948337764,0.10042003074685808,0.04343080470674274,0.00184399151609912,0.0802953780722626,2.898192627899709,6,0,1701.7018392735265,6.8,1,0.1999823804070126,0.0376036296361554,0.4072291791983376,20720,0.20294972995429997,3561.44
2021,2,Arganzuela,2,Acacias,022,0.01906423678428331,0.13396665374176037,14.060489048344824,36544,0.00210704903677758,343.96,2.35,0.2415,0.2815,0.01427551748750892,1186,0.3111298482293423,0.00168634064080944,0.13069139966273188,0.01096121416526138,0.02951096121416526,0.09027473730297723,0.08606063922942207,116.61169124858056,0.00966643948337764,0.10042003074685808,0.04343080470674274,0.00184399151609912,0.0802953780722626,2.898192627899709,4,2,1817.5811850440869,6.39,0,0.2150831873905429,0.03259864273204904,0.4140355576388656,21644,0.1918702339408039,4195.41
2021,2,Arganzuela,3,Chopera,023,0.01472293067470438,0.1479248782749826,13.322223080333552,20187,0.00485460940209045,357.3,2.33,0.2255,0.377,0.02461538461538461,745,0.38926174496644295,0.00402684563758389,0.1395973154362416,0.00671140939597315,0.02013422818791946,0.12027542477832268,0.11512359439243078,116.61169124858056,0.00966643948337764,0.10042003074685808,0.04343080470674274,0.00184399151609912,0.0802953780722626,2.898192627899709,5,1,2545.018386497575,7.67,0,0.24327537524149204,0.03612487244266113,0.3091095189355169,16466,0.20032460004637145,3553.34
2021,2,Arganzuela,4,Legazpi,024,0.03104037879784295,0.1716427725897672,14.84840688550718,19660,0.00681586978636826,140.05,2.57,0.0975,0.2237,0.0238095238095238,464,0.25646551724137934,0,0.16810344827586207,0.00862068965517241,0.02370689655172413,0.10325534079348932,0.1020854526958291,116.61169124858056,0.00966643948337764,0.10042003074685808,0.04343080470674274,0.00184399151609912,0.0802953780722626,2.898192627899709,5,1,3482.173002857998,4.77,0,0.20707019328585963,0.03222197355035605,0.48462828395751817,22633,0.22030777324740233,4375.25
2021,2,Arganzuela,5,Delicias,025,0.02164721799424995,0.1516150854050397,14.26691699741014,28518,0.01016901606003226,267.69,2.4,0.1702,0.3128,0.00708502024291498,829,0.35705669481302776,0.00241254523522316,0.16164053075995174,0.01447527141133896,0.01326899879372738,0.12322042218949436,0.11277088154849568,116.61169124858056,0.00966643948337764,0.10042003074685808,0.04343080470674274,0.00184399151609912,0.0802953780722626,2.898192627899709,4,2,2594.8558234431603,5.94,0,0.22754050073637705,0.04324252051335998,0.40396368865719934,19671,0.21867072552004055,3898.72
2021,2,Arganzuela,6,Palos de la Frontera,026,0.01762413150313506,0.17285205897305542,14.207057972361351,25931,0.01149203655855925,405.42,2.18,0.2073,0.3496,0.00968992248062015,1349,0.3313565604151223,0.00444773906597479,0.15270570793180133,0.01408450704225352,0.01556708673091178,0.1300759708457059,0.13150283444525857,116.61169124858056,0.00966643948337764,0.10042003074685808,0.04343080470674274,0.00184399151609912,0.0802953780722626,2.898192627899709,3,1,1750.0535321095113,7.19,0,0.26589795997069143,0.05281111025413597,0.3960423505478755,18709,0.26080325368581597,3945.48
2021,2,Arganzuela,7,Atocha,027,0.02307692307692307,0.15,13.138043478260869,1450,0.1406896551724138,16.46,2.78,0.1025,0.223,0,167,0.3532934131736527,0,0.18562874251497005,0,0.0059880239520958,0.17862068965517242,0.05172413793103448,116.61169124858056,0.00966643948337764,0.10042003074685808,0.04343080470674274,0.00184399151609912,0.0802953780722626,2.898192627899709,4,2,2733.936865934582,5.97,0,0.1813793103448276,0.03158965517241379,0.35948361469712015,19316,0.19423076923076923,5742.49
2021,3,Retiro,1,Pacífico,031,0.01709401709401709,0.1314188034188034,13.92008388089254,33226,0.01062420995605851,445.33,2.26,0.2572,0.34020000000000006,0.00713822193380921,1245,0.43775100401606426,0.00160642570281124,0.1285140562248996,0.00963855421686747,0.01767068273092369,0.1107265394570517,0.09989165111659544,107.84223407113828,0.05637174135230313,0.1499790650225461,0.20179183897768785,0.02193879526106877,0.06769739450222256,1.168004567897088,5,2,2621.7747784918915,5.98,0,0.2112201288147836,0.03830137843857219,0.4178450071248493,21092,0.19323076923076923,4172.72
2021,3,Retiro,2,Adelfas,032,0.02263956779006946,0.1429122716748135,14.018177185683609,18719,0.01169934291361718,293.15,2.4,0.2218,0.28300000000000003,0.00193423597678916,408,0.26715686274509803,0.00980392156862745,0.12254901960784312,0.01225490196078431,0.01470588235294117,0.10657620599390992,0.09396869490891609,107.84223407113828,0.05637174135230313,0.1499790650225461,0.20179183897768785,0.02193879526106877,0.06769739450222256,1.168004567897088,6,1,3369.150445677532,6.37,0,0.20599390993108607,0.02910930605267375,0.41608297413793105,21853,0.1911499871366092,4465.68
2021,3,Retiro,3,Estrella,033,0.01582205916074295,0.0793396010089429,12.601393430329791,23134,0.007521397077894,227.73,2.64,0.3105,0.3225,0.00763358778625954,435,0.3471264367816092,0.00229885057471264,0.09655172413793103,0.01379310344827586,0.01839080459770115,0.06881646062073139,0.06942163050056194,107.84223407113828,0.05637174135230313,0.1499790650225461,0.20179183897768785,0.02193879526106877,0.06769739450222256,1.168004567897088,7,0,3330.247389352872,5.17,1,0.1629203769343823,0.02117615630673467,0.4802173913043478,24309,0.09676679660628296,4008.15
2021,3,Retiro,4,Ibiza,034,0.02020636285468615,0.12360275150472914,15.70836700130852,21685,0.01480285911920682,447.04,2.32,0.2491,0.35719999999999996,9.099181073703368e-4,1020,0.4666666666666667,9.80392156862745e-4,0.2019607843137255,0.00784313725490196,0.00588235294117647,0.12847590500345862,0.1138113903620014,107.84223407113828,0.05637174135230313,0.1499790650225461,0.20179183897768785,0.02193879526106877,0.06769739450222256,1.168004567897088,5,1,2569.6134139034625,5.8,0,0.20668664975789716,0.06247742679271385,0.490226514890192,23577,0.20088134135855543,5556.97
2021,3,Retiro,5,Los Jerónimos,035,0.01837175792507204,0.10446685878962536,14.335533401214247,6967,0.01349217740777953,36.96,2.5,0.2591,0.3944,0.00247524752475247,358,0.2569832402234637,0.0223463687150838,0.223463687150838,0.00837988826815642,0.04748603351955307,0.12745801636285345,0.0978900531075068,107.84223407113828,0.05637174135230313,0.1499790650225461,0.20179183897768785,0.02193879526106877,0.06769739450222256,1.168004567897088,3,1,1693.9135147130908,4.43,0,0.18200086120281325,0.06628004880149274,0.5205137352836247,27523,0.1819164265129683,6623.76
2021,3,Retiro,6,Niño Jesús,036,0.01743264659270998,0.0794153900334566,14.600578891185425,15361,0.00722609205129874,240.35,2.69,0.2688,0.3204,0.00690846286701208,485,0.2536082474226804,0,0.12577319587628866,0.00412371134020618,0.01855670103092783,0.08521580626261312,0.08436950719354208,107.84223407113828,0.05637174135230313,0.1499790650225461,0.20179183897768785,0.02193879526106877,0.06769739450222256,1.168004567897088,6,3,2715.894782460416,4.96,0,0.16294512076036716,0.03155433240023436,0.5563762947868908,27824,0.1218524388096496,5415.86
2021,4,Salamanca,1,Recoletos,041,0.01767638616105151,0.1157274512766279,18.27633760287909,15702,0.01254617246210673,181.48,2.36,0.2319,0.3275,0,1699,0.5874043555032372,0.01118304885226603,0.16597998822836962,0.00470865214832254,0.01236021188934667,0.16558400203795695,0.12431537383772769,54.227338256049414,0.04690937693659479,0.3806136427590458,0.02330937568831749,0.12292650962800128,0.1162954744685514,0.8624980397771823,5,2,1781.6869772844016,3.66,0,0.21175646414469496,0.1009825499936314,0.6083500602167804,30785,0.2660522737573652,8348.93
2021,4,Salamanca,2,Goya,042,0.01627995435526816,0.1379231647014074,15.95721564317954,29603,0.01466067628280917,388.75,2.24,0.2382,0.3411,9.794319294809011e-4,1895,0.4554089709762533,0.00263852242744063,0.18469656992084432,0.00897097625329815,0.01741424802110817,0.15319393304732629,0.12336587508022837,54.227338256049414,0.04690937693659479,0.3806136427590458,0.02330937568831749,0.12292650962800128,0.1162954744685514,0.8624980397771823,4,6,2696.9525342198763,5.02,0,0.23957031381954533,0.0761392764246867,0.5344734548171516,25252,0.23332065424115633,5994.11
2021,4,Salamanca,3,Fuente del Berro,043,0.01715950787826462,0.1330671271314483,14.500258605283486,21055,0.01363096651626692,249.23,2.26,0.2431,0.3681,0.01077199281867145,889,0.296962879640045,0,0.12935883014623173,0.00224971878515185,0.02924634420697413,0.13113274756589885,0.11564948943243886,54.227338256049414,0.04690937693659479,0.3806136427590458,0.02330937568831749,0.12292650962800128,0.1162954744685514,0.8624980397771823,7,1,3556.017728248135,6.54,0,0.23058655901211111,0.05799527428164332,0.43564989822622857,21011,0.21864882365637817,5028.14
2021,4,Salamanca,4,Guindalera,044,0.01768371414135743,0.12996126424521418,14.59910673295452,42126,0.0132934529744101,263.95,2.35,0.23989999999999995,0.3955,0.008729388942774,1699,0.3260741612713361,0.00941730429664508,0.12124779281930548,0.00706297822248381,0.02413184226015303,0.12918387694060676,0.11157005174951336,54.227338256049414,0.04690937693659479,0.3806136427590458,0.02330937568831749,0.12292650962800128,0.1162954744685514,0.8624980397771823,7,3,3851.5103356300488,5.93,0,0.2257987940939087,0.04796724588140341,0.4871582435791218,22566,0.21203615337113343,4568.96
2021,4,Salamanca,5,Lista,045,0.01791336445554228,0.13114754098360656,16.165567231686076,20984,0.0132958444529165,407.74,2.27,0.2381,0.3547,8.210180623973727e-4,1133,0.3989408649602824,0.00617828773168579,0.19240953221535745,0.00529567519858782,0.0176522506619594,0.15254479603507434,0.12361799466260008,54.227338256049414,0.04690937693659479,0.3806136427590458,0.02330937568831749,0.12292650962800128,0.1162954744685514,0.8624980397771823,5,5,2933.1991116906975,4.79,0,0.24456728936332445,0.07457826915745332,0.5376700177409817,24732,0.23167951362501357,5691.87
2021,4,Salamanca,6,Castellana,046,0.01439470274938822,0.1151576219951058,17.487949093074523,17197,0.01058324126301099,223.65,2.47,0.232,0.3296,0.00156128024980484,1165,0.4334763948497854,0.00858369098712446,0.1931330472103004,0.00600858369098712,0.02060085836909871,0.1610746060359365,0.12339361516543584,54.227338256049414,0.04690937693659479,0.3806136427590458,0.02330937568831749,0.12292650962800128,0.1162954744685514,0.8624980397771823,5,1,2491.069128422304,3.37,0,0.22934232715008432,0.09539129499331278,0.5829646847117043,29751,0.2465812580970203,6933.03
2021,5,Chamartin,1,El Viso,051,0.01659616010413277,0.10039049788480311,16.06906238874335,17405,0.01212295317437518,101.99,2.82,0.2167,0.35359999999999997,0.00597609561752988,884,0.252262443438914,0.00113122171945701,0.1583710407239819,0.00565610859728506,0.03167420814479638,0.1219189887963229,0.11226659006032748,171.01909024436912,0.25459306146079236,0.11727962431785208,0.00131905461428749,0.00421230794573882,0.07672614962251201,0.8309643560026241,6,2,3488.851318650299,3.44,0,0.21022694627980465,0.05420988221775352,0.5862379807692307,31011,0.16937845753335504,6888.17
2021,5,Chamartin,2,Prosperidad,052,0.01867219917012448,0.12963661511379354,14.187542425684104,36499,0.01542508013918189,355.17,2.28,0.25379999999999997,0.3243,0.02203116603976357,1466,0.3703956343792633,0.0034106412005457,0.1432469304229195,0.00818553888130968,0.01159618008185538,0.12203074056823476,0.11181128250089044,171.01909024436912,0.25459306146079236,0.11727962431785208,0.00131905461428749,0.00421230794573882,0.07672614962251201,0.8309643560026241,5,6,4228.4739666609175,6.56,0,0.22680073426669223,0.04097010329050112,0.45153283692225127,21918,0.2029422859298378,4393.45
2021,5,Chamartin,3,Ciudad Jardín,053,0.01886792452830188,0.1320754716981132,14.788504936866715,18690,0.01134296415195291,247.84,2.31,0.2337,0.34869999999999995,0.0115190784737221,1061,0.292177191328935,0.00377002827521206,0.1470311027332705,0.00942507068803016,0.01979264844486333,0.1279828785446763,0.11712145532370252,171.01909024436912,0.25459306146079236,0.11727962431785208,0.00131905461428749,0.00421230794573882,0.07672614962251201,0.8309643560026241,6,3,4358.077010859165,6.52,0,0.22846441947565543,0.04740577849117175,0.45951135535986226,21728,0.21449851042701093,4861.42
2021,5,Chamartin,4,Hispanoamérica,054,0.0190230533612768,0.10728679671126874,15.259587285836975,31771,0.009096345724088,187.1,2.55,0.2448,0.3798,0.01312649164677804,1474,0.3473541383989145,0.00271370420624151,0.16485753052917232,0.00814111261872455,0.01967435549525102,0.10899877246545592,0.10144471373264928,171.01909024436912,0.25459306146079236,0.11727962431785208,0.00131905461428749,0.00421230794573882,0.07672614962251201,0.8309643560026241,6,3,4821.909255036253,5.1,0,0.18485411224072268,0.03681367599383085,0.5518572705844103,28240,0.1696759632435918,5456.99
2021,5,Chamartin,5,Nueva España,055,0.02135964436734251,0.09985904803209368,16.291558389144612,24791,0.00778508329635754,139.74,2.68,0.2101,0.35719999999999996,0.01857282502443793,854,0.24121779859484777,0.00351288056206089,0.16042154566744732,0.01053864168618267,0.01990632318501171,0.11258117865354364,0.11153241095558872,171.01909024436912,0.25459306146079236,0.11727962431785208,0.00131905461428749,0.00421230794573882,0.07672614962251201,0.8309643560026241,7,2,5520.42661009162,4.23,0,0.1942237102174176,0.04591269815658909,0.6081966325591468,29895,0.18768296649680147,6172.91
2021,5,Chamartin,6,Castilla,056,0.01722588376273217,0.11773517076093468,13.95932732398324,17180,0.00884749708963911,79.71,2.56,0.2261,0.35479999999999995,0.17333333333333334,537,0.28677839851024206,0.0111731843575419,0.16759776536312848,0.00931098696461825,0.0260707635009311,0.1150756693830035,0.10721769499417928,171.01909024436912,0.25459306146079236,0.11727962431785208,0.00131905461428749,0.00421230794573882,0.07672614962251201,0.8309643560026241,8,5,6669.055830452032,5.11,0,0.2259022118742724,0.04228509895227007,0.5366108786610879,25457,0.18184541641701615,4105.89
2021,6,Tetuan,1,Bellas Vistas,061,0.01721400518091418,0.14506559705857774,13.573981183650632,29568,0.01187094155844155,418.01,2.46,0.1813,0.3335,0.08574807806031934,1115,0.3094170403587444,0.00717488789237668,0.10762331838565024,0.00896860986547085,0.0116591928251121,0.1588203463203463,0.1462391774891775,53.62389814151854,0.07473284073021343,0.36014144478689075,0.00946250897385037,0.02163497098226705,0.13015408291575173,2.2026947551384204,6,1,3909.923027227928,7.45,0,0.2654897186147186,0.04163446969696971,0.29935571958868457,14750,0.23272332247012617,3523.47
2021,6,Tetuan,2,Cuatro Caminos,062,0.0163079360887363,0.13779215634490954,14.899145594841396,34986,0.01320528211284513,296.97,2.3,0.2245,0.3489,0.03089675960813866,2064,0.40358527131782945,0.00872093023255814,0.17344961240310078,0.00872093023255814,0.02034883720930232,0.13768364488652604,0.12462127708226148,53.62389814151854,0.07473284073021343,0.36014144478689075,0.00946250897385037,0.02163497098226705,0.13015408291575173,2.2026947551384204,5,6,3851.772624393627,5.88,0,0.2609615274681301,0.04439196821585775,0.4624540521617364,21843,0.23590386900831903,4397.06
2021,6,Tetuan,3,Castillejos,063,0.01387850966157788,0.1446567737802925,15.241370163456809,20653,0.01447731564421633,295.67,2.19,0.2369,0.3553,0.02127659574468085,1032,0.2693798449612403,0.01065891472868217,0.21511627906976744,0.0067829457364341,0.02131782945736434,0.14303006827095338,0.13073161284074952,53.62389814151854,0.07473284073021343,0.36014144478689075,0.00946250897385037,0.02163497098226705,0.13015408291575173,2.2026947551384204,9,2,4865.914189784135,6.11,0,0.2682419019028712,0.04529157507383916,0.4672897196261682,23306,0.2519483292409523,4288.21
2021,6,Tetuan,4,Almenara,064,0.02208,0.15626666666666666,12.565126386402229,22869,0.01040710131619222,230.18,2.43,0.1896,0.4197,0.06788511749347259,848,0.28773584905660377,0.0070754716981132,0.10141509433962265,0.00117924528301886,0.01533018867924528,0.1330184966548603,0.11771393589575407,53.62389814151854,0.07473284073021343,0.36014144478689075,0.00946250897385037,0.02163497098226705,0.13015408291575173,2.2026947551384204,8,2,5985.278187096309,10.94,0,0.24439197166469895,0.03454625475534567,0.2572701949860724,14333,0.2224,3291.43
2021,6,Tetuan,5,Valdeacederas,065,0.01963872163038443,0.1664659564613247,13.555030880637892,26743,0.01450846950603896,228.17,2.47,0.1417,0.3648,0.09707724425887264,971,0.35633367662203913,0.00205973223480947,0.08444902162718847,0.00617919670442842,0.00926879505664263,0.15293721721572,0.14886138428747708,53.62389814151854,0.07473284073021343,0.36014144478689075,0.00946250897385037,0.02163497098226705,0.13015408291575173,2.2026947551384204,9,0,5518.012353126944,8.31,1,0.2756983135773847,0.04512200201921998,0.2393667747472821,13401,0.24955998147290412,3331.4
2021,6,Tetuan,6,Berruguete,066,0.02110716684255972,0.1539863762832198,13.319571726629448,25796,0.01345169793766475,425.71,2.46,0.1632,0.3744,0.10253082414016872,925,0.34594594594594597,0.00324324324324324,0.10594594594594596,0.00972972972972973,0.01513513513513513,0.16029616994882928,0.157853930841991,53.62389814151854,0.07473284073021343,0.36014144478689075,0.00946250897385037,0.02163497098226705,0.13015408291575173,2.2026947551384204,8,1,4696.858225349871,8.06,0,0.26643665684602263,0.04311629710032563,0.257337345237508,14019,0.2433080686942339,3302.37
2021,7,Chamberi,1,Gaztambide,071,0.01291793313069908,0.13069908814589665,16.30363652817813,23067,0.01274548055663935,460.61,2.18,0.255,0.35609999999999997,0.00598444045481747,1465,0.39590443686006827,0.00614334470989761,0.1597269624573379,0.01228668941979522,0.01569965870307167,0.13634196037629517,0.11791737113625524,75.44427194008222,0,0.31239023282068373,0.04068835638865808,0.0423846650293109,0.09809832187903396,0.3487348900450579,3,1,2139.2733803959786,5.7,0,0.2523084926518403,0.05648251614861058,0.5237241670181358,22991,0.248290273556231,5174.6
2021,7,Chamberi,2,Arapiles,072,0.01669195751138088,0.14433633848076408,16.152963791258923,24377,0.01333223940599745,427.24,2.17,0.2401,0.3492,0.00492264416315049,1248,0.36378205128205127,0.00240384615384615,0.1642628205128205,0.01682692307692307,0.01362179487179487,0.13385568363621447,0.12138491200721992,75.44427194008222,0,0.31239023282068373,0.04068835638865808,0.0423846650293109,0.09809832187903396,0.3487348900450579,6,1,1920.4473957863156,5.82,0,0.258686466751446,0.05691269639414204,0.4994233565662137,22755,0.24484513076854417,5357.23
2021,7,Chamberi,3,Trafalgar,073,0.01794258373205741,0.15789473684210523,16.44228313166853,24752,0.01717032967032967,408.95,2.1,0.214,0.32880000000000004,0.00329851566794942,1520,0.32894736842105265,0.00855263157894736,0.1986842105263158,0.00855263157894736,0.02039473684210526,0.1523917259211377,0.1346557853910795,75.44427194008222,0,0.31239023282068373,0.04068835638865808,0.0423846650293109,0.09809832187903396,0.3487348900450579,3,8,1749.3437824392968,5.64,0,0.2717760180995475,0.07345281189398838,0.5220706848511512,22940,0.29237867395762135,5476.8
2021,7,Chamberi,4,Almagro,074,0.02209461989764074,0.12133316689551868,16.426106391625286,19655,0.0142457389977105,211.51,2.44,0.2419,0.35590000000000005,0.00856697819314641,1128,0.3173758865248227,0.00620567375886524,0.21808510638297873,0.00354609929078014,0.01241134751773049,0.13335029254642586,0.12022386161282116,75.44427194008222,0,0.31239023282068373,0.04068835638865808,0.0423846650293109,0.09809832187903396,0.3487348900450579,3,5,1961.8300992174231,4.31,0,0.2211650979394556,0.06990653777664718,0.5380746211638864,28846,0.23218075146673323,7373.38
2021,7,Chamberi,5,Ríos Rosas,075,0.01895381559344479,0.13474590299619268,15.962872702523208,27352,0.01392951155308569,282.64,2.25,0.2351,0.3565,0.00752908966461327,1314,0.30441400304414,0.00684931506849315,0.2146118721461187,0.01141552511415525,0.01445966514459665,0.14101345422638198,0.12953348932436384,75.44427194008222,0,0.31239023282068373,0.04068835638865808,0.0423846650293109,0.09809832187903396,0.3487348900450579,4,2,2846.104985761997,4.98,0,0.25230330505995907,0.05212778590231061,0.5328381724060319,25379,0.23878496937593113,5782.02
2021,7,Chamberi,6,Vallehermoso,076,0.01522359657469077,0.105732635585157,15.201103260220153,20188,0.00985734099465028,190.82,2.39,0.275,0.3675,0.00580720092915214,789,0.27629911280101394,0.00126742712294043,0.15842839036755388,0.00887198986058301,0.01901140684410646,0.1046661382999802,0.0929264909847434,75.44427194008222,0,0.31239023282068373,0.04068835638865808,0.0423846650293109,0.09809832187903396,0.3487348900450579,6,4,2895.9649447630973,4.91,0,0.20502278581335448,0.0328240935209035,0.558029898889647,26217,0.19529019980970505,5044.46
2021,8,Fuencarral-El Pardo,1,El Pardo,081,0.03269961977186312,0.09733840304182508,10.08189130250078,3463,0.0095293098469535,0.19,2.62,0.2475,0.4448,0.0867579908675799,149,0.24161073825503357,0,0.24832214765100671,0.00671140939597315,0.10067114093959732,0.08200981807681201,0.08431995379728559,142.34809392642873,0.13744385174179047,0.1260250932359841,0.06802489087886418,0.02264882130946614,0.06576716244368006,1.603641569220376,15,0,15968.22141060446,7,1,0.19867167196072769,0.01536791799018191,0.18438954529180093,16836,0.1376425855513308,3021.76
2021,8,Fuencarral-El Pardo,2,Fuentelarreina,082,0.0211453744493392,0.04933920704845815,11.50344218062511,3373,0.01096946338571005,23.93,2.96,0.2563,0.3372,0,25,0.28,0.04,0.12,0,0.04,0.0782686036169582,0.07471093981618737,142.34809392642873,0.13744385174179047,0.1260250932359841,0.06802489087886418,0.02264882130946614,0.06576716244368006,1.603641569220376,13,0,7753.532187499974,3.37,1,0.13489475244589386,0.02761446783278981,0.5896907216494846,30970,0.0907488986784141,3740.43
2021,8,Fuencarral-El Pardo,3,Peñagrande,083,0.02576235541535226,0.09627292908050006,12.35547849133098,44532,0.00931914129165543,155.64,2.59,0.2642,0.2758,0.03095442820292347,945,0.3576719576719577,0,0.11216931216931215,0.01481481481481481,0.01375661375661375,0.08153687236144795,0.0799200574867511,142.34809392642873,0.13744385174179047,0.1260250932359841,0.06802489087886418,0.02264882130946614,0.06576716244368006,1.603641569220376,12,2,7057.610320340321,6.68,0,0.1755142369532022,0.02563963891134465,0.3246534709942388,19886,0.12261946489075828,3554.93
2021,8,Fuencarral-El Pardo,4,Pilar,084,0.01769593762823143,0.11812679524004924,12.45209059657148,46182,0.01004720453856481,343.71,2.36,0.28859999999999997,0.3522,0.06545741324921135,1814,0.41400220507166485,0.00110253583241455,0.12624035281146637,0.01047409040793825,0.01212789415656008,0.1079641418734572,0.10317872764280456,142.34809392642873,0.13744385174179047,0.1260250932359841,0.06802489087886418,0.02264882130946614,0.06576716244368006,1.603641569220376,11,1,6654.963695802388,7.46,0,0.20430037677017016,0.03218337447490364,0.2527486979851649,16036,0.15100533442757488,3436.49
2021,8,Fuencarral-El Pardo,5,La Paz,085,0.01573231113240696,0.07195336208273438,11.383070642638664,33145,0.00609443354955498,156.14,2.64,0.34259999999999996,0.2183,0.01287001287001287,644,0.2919254658385093,0.0031055900621118,0.12888198757763977,0.0046583850931677,0.0201863354037267,0.06317694976617891,0.07153416804947955,142.34809392642873,0.13744385174179047,0.1260250932359841,0.06802489087886418,0.02264882130946614,0.06576716244368006,1.603641569220376,10,3,7117.7974365875125,5.34,0,0.1740534017197164,0.02183336853220697,0.42370261317629737,23810,0.07538731831975723,3672.89
2021,8,Fuencarral-El Pardo,6,Valverde,086,0.04952264702035834,0.118400976502899,12.487474536326138,64336,0.01102026858990301,72,2.79,0.1181,0.3613,0.03920145190562613,1659,0.23568414707655216,0.00602772754671488,0.1512959614225437,0.00663050030138637,0.02109704641350211,0.11853394677940812,0.11279843322556578,142.34809392642873,0.13744385174179047,0.1260250932359841,0.06802489087886418,0.02264882130946614,0.06576716244368006,1.603641569220376,11,4,9459.74522470962,6.78,0,0.18445349415568263,0.03772531708530215,0.3854465219962695,17952,0.1647848642050656,4408.98
2021,8,Fuencarral-El Pardo,7,Mirasierra,087,0.03895633266896177,0.08189889472730567,13.227915123936564,34633,0.01169404902838333,48.69,3.13,0.1514,0.2354,0,448,0.2857142857142857,0,0.11383928571428573,0.00892857142857142,0.046875,0.09623769237432508,0.07819132041694338,142.34809392642873,0.13744385174179047,0.1260250932359841,0.06802489087886418,0.02264882130946614,0.06576716244368006,1.603641569220376,12,4,8861.590716918443,4.42,0,0.15863482805416798,0.02876017382265469,0.5588311913858979,25602,0.11134263453524187,4464.42
2021,8,Fuencarral-El Pardo,8,El Goloso,088,0.07938408896492728,0.1031650983746792,13.264936617128322,19020,0.00825446898002103,7.19,3.24,0.0711,0.4391,0.00173310225303292,489,0.22903885480572597,0.00204498977505112,0.17791411042944785,0.00613496932515337,0.05521472392638037,0.1119348054679285,0.10457413249211356,142.34809392642873,0.13744385174179047,0.1260250932359841,0.06802489087886418,0.02264882130946614,0.06576716244368006,1.603641569220376,13,1,13001.86709835402,3.94,0,0.14858044164037854,0.03163175604626708,0.5626249456757931,23667,0.1724550898203593,5364.9
2021,9,Moncloa-Aravaca,1,Casa de Campo,091,0.02040085898353615,0.1324266284896206,13.652638096810051,13150,0.00958174904942965,7.56,2.34,0.24850000000000003,0.4172999999999999,0.01688781664656212,677,0.3500738552437223,0.00590841949778434,0.2274741506646972,0.00443131462333825,0.03692762186115214,0.09498098859315587,0.09490494296577946,414.9892554050491,0.6213411609646209,0.09198111703241016,0.02028865168834789,0.01743141503003848,0.08605193902378469,1.0925449871465296,2,8,4173.70973569349,7.36,0,0.192319391634981,0.03903954372623574,0.4091249765786022,21044,0.18360773085182533,3758.61
2021,9,Moncloa-Aravaca,2,Argüelles,092,0.01728940543655749,0.13504946690999903,15.659437213555158,24315,0.01558708616080608,322.4,2.32,0.2464,0.3623,0.01134089392928619,1264,0.3370253164556962,0.01186708860759493,0.1930379746835443,0.01265822784810126,0.01265822784810126,0.1492083076290356,0.11889779971211188,414.9892554050491,0.6213411609646209,0.09198111703241016,0.02028865168834789,0.01743141503003848,0.08605193902378469,1.0925449871465296,2,2,1653.689031051321,4.98,0,0.23158544108574955,0.06337618753855645,0.5219655224710581,25034,0.23167803284987032,6065.12
2021,9,Moncloa-Aravaca,3,Ciudad Universitaria,093,0.02179880510253512,0.1026965929274988,14.36719238410531,16234,0.00880867315510656,11.5,2.61,0.2532,0.3275,0.03196803196803197,805,0.1826086956521739,0.00124223602484472,0.17888198757763976,0.0062111801242236,0.0546583850931677,0.11469754835530369,0.09061229518294936,414.9892554050491,0.6213411609646209,0.09198111703241016,0.02028865168834789,0.01743141503003848,0.08605193902378469,1.0925449871465296,5,3,5161.047274917275,4.78,0,0.19403720586423556,0.03268177898238265,0.554474397830595,26883,0.164702082996932,4319.97
2021,9,Moncloa-Aravaca,4,Valdezarza,094,0.02582347297729453,0.11672529581068115,11.95550890482264,30223,0.01029017635575555,217.57,2.41,0.2497,0.348,0.05798575788402848,640,0.3125,0.0015625,0.1015625,0.009375,0.0171875,0.10078417099559936,0.09148661615326076,414.9892554050491,0.6213411609646209,0.09198111703241016,0.02028865168834789,0.01743141503003848,0.08605193902378469,1.0925449871465296,9,2,5430.495863456287,7.44,0,0.1966714091916752,0.03021089236674057,0.28345795177686295,16556,0.15062360089542692,3004.08
2021,9,Moncloa-Aravaca,5,Valdemarín,095,0.05488418932527694,0.08157099697885196,15.718327190430823,6888,0.01074332171893147,21.07,3.45,0.1114,0.3063,0,117,0.11965811965811966,0.04273504273504273,0.28205128205128205,0.00854700854700854,0.04273504273504273,0.13182346109175375,0.1014808362369338,414.9892554050491,0.6213411609646209,0.09198111703241016,0.02028865168834789,0.01743141503003848,0.08605193902378469,1.0925449871465296,5,0,8461.673922559497,2.92,1,0.14126016260162602,0.04042543554006968,0.6450783259293897,32039,0.15256797583081572,4563.39
2021,9,Moncloa-Aravaca,6,El Plantío,096,0.02762430939226519,0.08397790055248619,16.682304299619293,2911,0.0144280316042597,7.93,3.22,0.191,0.26030000000000003,0.00423728813559322,201,0.31840796019900497,0.0099502487562189,0.15422885572139303,0.00497512437810945,0.0099502487562189,0.1099278598419787,0.07110958433527997,414.9892554050491,0.6213411609646209,0.09198111703241016,0.02028865168834789,0.01743141503003848,0.08605193902378469,1.0925449871465296,5,0,11456.239403199888,3.25,1,0.15046375815870836,0.04369728615596016,0.564327485380117,32039,0.10607734806629834,4267.15
2021,9,Moncloa-Aravaca,7,Aravaca,097,0.03420752565564424,0.08882554161915622,13.033911296440918,27647,0.00727022823452815,47.14,3.14,0.1563,0.2651,0.0261437908496732,636,0.34276729559748426,0.00157232704402515,0.10220125786163524,0.01572327044025157,0.02044025157232704,0.08991934025391543,0.09028104315115563,414.9892554050491,0.6213411609646209,0.09198111703241016,0.02028865168834789,0.01743141503003848,0.08605193902378469,1.0925449871465296,5,0,7562.302886124522,4.17,1,0.15357905016819184,0.04860660831193257,0.5343213311219304,25993,0.11071835803876852,3993.14
2021,10,Latina,1,Los Cármenes,101,0.02383466586212098,0.12988384371700107,10.363249086744029,17655,0.0076465590484282,137.28,2.65,0.1684,0.37200000000000005,0.1014686248331108,338,0.23668639053254437,0.0059171597633136,0.15680473372781065,0.0059171597633136,0.05621301775147929,0.10835457377513452,0.09323137921268762,67.02378558040009,0.1709274060517218,0.27414298525117003,0.00460028304921296,0.0258270380444345,0.12466115633653266,3.278516279790335,6,1,3189.554446727571,11.54,0,0.1966015293118097,0.03546338147833475,0.1743292131444076,12905,0.15960174988686077,2465.68
2021,10,Latina,2,Puerta del Angel,102,0.0194694295798702,0.14288967323238075,11.432172388141469,42222,0.01151058689782577,308.02,2.39,0.2025,0.4114,0.09230769230769233,1585,0.3640378548895899,0.00378548895899053,0.12555205047318613,0.00883280757097791,0.0113564668769716,0.14146653403438966,0.12562171379849368,67.02378558040009,0.1709274060517218,0.27414298525117003,0.00460028304921296,0.0258270380444345,0.12466115633653266,3.278516279790335,3,2,2462.022580849945,9.57,0,0.2349249206574771,0.04886955615555871,0.21737837516355416,13472,0.20488443584196744,2611.52
2021,10,Latina,3,Lucero,103,0.01938610662358643,0.10809861628151998,10.228336281374634,36736,0.01058906794425087,219.08,2.57,0.2187,0.4251,0.08293677770224338,905,0.33591160220994476,0.0011049723756906,0.13370165745856355,0.01215469613259668,0.01878453038674033,0.11092661149825785,0.09938479965156796,67.02378558040009,0.1709274060517218,0.27414298525117003,0.00460028304921296,0.0258270380444345,0.12466115633653266,3.278516279790335,5,1,4227.863163252316,9.27,0,0.19980400696864112,0.03630718641114983,0.1855338209049235,13520,0.1487672964810002,2294.92
2021,10,Latina,4,Aluche,104,0.01740005216289727,0.09512276910466112,9.653323492326424,67328,0.00879277566539924,236.57,2.5,0.2905,0.3589,0.06458715596330275,1954,0.38331627430910953,0.00102354145342886,0.1458546571136131,0.00921187308085977,0.01586489252814739,0.09489365494296578,0.08923479087452471,67.02378558040009,0.1709274060517218,0.27414298525117003,0.00460028304921296,0.0258270380444345,0.12466115633653266,3.278516279790335,6,3,5246.164022823681,8.75,0,0.18625237642585551,0.0442479325095057,0.16404465404170657,14046,0.11658407541264576,2247.29
2021,10,Latina,5,Campamento,105,0.01925148088314485,0.10756596661281637,10.558453865275975,19669,0.00833799379734607,21.59,2.64,0.2323,0.4032,0.0821078431372549,479,0.31524008350730687,0,0.10438413361169102,0.01670146137787056,0.0104384133611691,0.11774874167471656,0.11078346636839698,67.02378558040009,0.1709274060517218,0.27414298525117003,0.00460028304921296,0.0258270380444345,0.12466115633653266,3.278516279790335,6,1,9136.382852802442,7.77,0,0.20921246631755555,0.04818279017743659,0.18347021923300785,13782,0.13745288099084546,2159.81
2021,10,Latina,6,Cuatro Vientos,106,0.05693628558517849,0.13465883416177135,13.440759219383423,5909,0.00592316804873921,10.83,2.65,0.0674,0.1894,0,111,0.2072072072072072,0,0.10810810810810811,0,0.04504504504504504,0.12015569470299543,0.10289389067524116,67.02378558040009,0.1709274060517218,0.27414298525117003,0.00460028304921296,0.0258270380444345,0.12466115633653266,3.278516279790335,8,1,8640.707907451917,8.54,0,0.17871044169910305,0.02333201895413775,0.25896805896805897,15873,0.2593764121102576,3086.26
2021,10,Latina,7,Águilas,107,0.02005373248896565,0.10098829399347534,9.65650343761305,51625,0.00747699757869249,144.37,2.48,0.2746,0.3751,0.01742377100186683,1167,0.41131105398457585,0,0.1293916023993145,0.01199657240788346,0.01970865467009426,0.07701694915254237,0.07480871670702179,67.02378558040009,0.1709274060517218,0.27414298525117003,0.00460028304921296,0.0258270380444345,0.12466115633653266,3.278516279790335,7,1,6885.975485017603,8.75,0,0.16707021791767554,0.03533026634382566,0.14425007863347125,13760,0.1211859527921704,2153.24
2021,11,Carabanchel,1,Comillas,111,0.02079650618696059,0.127170635333264,11.11249537059423,22820,0.00687992988606485,345.31,2.36,0.2312,0.3776,0.03695652173913043,846,0.3486997635933806,0.00236406619385342,0.12056737588652482,0.01182033096926714,0.01773049645390071,0.12515337423312883,0.12322524101665204,49.46934558067733,0.10634454584964952,0.2976936436027966,0.12176716797267872,0.05264532737129332,0.14859666013231104,0.958588218989286,9,1,2716.7136162936577,9.72,0,0.2297984224364593,0.05127081507449607,0.20621621621621625,13696,0.1828012893833836,2658.56
2021,11,Carabanchel,2,Opañel,112,0.0191536073889015,0.12514194867136044,10.68158540249142,33834,0.00564520896139977,304.18,2.55,0.2013,0.3862,0.03981623277182235,1281,0.3153786104605777,0,0.12021857923497269,0.0078064012490242,0.01249024199843872,0.14240113495300585,0.12658863864751432,49.46934558067733,0.10634454584964952,0.2976936436027966,0.12176716797267872,0.05264532737129332,0.14859666013231104,0.958588218989286,6,5,3342.757631033908,8.53,0,0.2242123307915115,0.0406604598924159,0.1754438647197928,12917,0.17124687712923006,2433.51
2021,11,Carabanchel,3,San Isidro,113,0.02181438181699431,0.12631441447325453,10.62414709643767,39889,0.00945122715535611,210.72,2.59,0.1869,0.373,0.06196377502383222,1178,0.2894736842105263,0.00169779286926994,0.11884550084889645,0.00848896434634974,0.01358234295415959,0.1297350146656973,0.11737571761638547,49.46934558067733,0.10634454584964952,0.2976936436027966,0.12176716797267872,0.05264532737129332,0.14859666013231104,0.958588218989286,8,0,3059.153889680385,11.71,1,0.22184060768632957,0.04790774649652787,0.15801711609882124,11974,0.17569067990333748,2473.89
2021,11,Carabanchel,4,Vista Alegre,114,0.01934856030682924,0.1077336996966054,9.983750408010744,47261,0.00892913819005099,299.53,2.7,0.2208,0.3709,0.03547346819114629,2212,0.3860759493670886,0.00226039783001808,0.12839059674502712,0.01130198915009041,0.01175406871609403,0.13643384608874123,0.1207337974228222,49.46934558067733,0.10634454584964952,0.2976936436027966,0.12176716797267872,0.05264532737129332,0.14859666013231104,0.958588218989286,7,3,5063.086324920521,9.32,0,0.21296629356128732,0.0402538689405641,0.1344705660071797,11792,0.13315015169729236,2193.55
2021,11,Carabanchel,5,Puerta Bonita,115,0.02455146364494806,0.11591123701605288,9.894007223094862,36095,0.0038509488848871,223.37,2.83,0.1746,0.3988,0.05015673981191222,964,0.32987551867219916,0.00103734439834024,0.1037344398340249,0.00518672199170124,0.01556016597510373,0.13852334118298934,0.12298102230225794,49.46934558067733,0.10634454584964952,0.2976936436027966,0.12176716797267872,0.05264532737129332,0.14859666013231104,0.958588218989286,10,0,5104.261850367837,10.42,1,0.21590247956780717,0.04412410306136588,0.1227636578258143,10857,0.14298079949638023,2054.57
2021,11,Carabanchel,6,Buenavista,116,0.0375638011125767,0.11986006767219132,11.07416616609415,48194,0.00923351454537909,85.53,2.75,0.1343,0.3502,0.02273803884414969,1383,0.3318872017353579,7.230657989877079e-4,0.14027476500361533,0.00795372378886478,0.02096890817064353,0.10858198115948044,0.09897497613810848,49.46934558067733,0.10634454584964952,0.2976936436027966,0.12176716797267872,0.05264532737129332,0.14859666013231104,0.958588218989286,10,3,6594.790383780321,8.3,0,0.1682782089056729,0.04040222849317342,0.17346046186144157,13405,0.16711590296495957,2365.26
2021,11,Carabanchel,7,Abrantes,117,0.02526978417266187,0.102068345323741,9.728592397568567,31664,0.00331606872157655,204.19,2.83,0.1729,0.3688,0.03482587064676617,704,0.3536931818181818,0.00142045454545454,0.1434659090909091,0.00994318181818181,0.015625,0.12607377463365335,0.1190310763011622,49.46934558067733,0.10634454584964952,0.2976936436027966,0.12176716797267872,0.05264532737129332,0.14859666013231104,0.958588218989286,7,4,4633.638141225011,9.8,0,0.1941953006568974,0.03862945932289033,0.1318873311458644,11560,0.13255395683453236,2013.23
2021,12,Usera,1,Orcasitas,121,0.02714234917624748,0.09647979139504564,8.50090025692173,23194,0.00409588686729326,170.85,2.74,0.1899,0.4141,0.04646017699115044,363,0.4325068870523416,0.00826446280991735,0.1487603305785124,0.00275482093663911,0.01377410468319559,0.07950331982409244,0.07105285849788738,124.36154772970292,0.1055031322962101,0.14868765518955435,0.02977132155171194,0.0609450804215476,0.17729933873390707,4.476297637101903,8,0,5444.820287906102,10.83,1,0.15499698197809778,0.0241797964990946,0.09620786516853932,11796,0.11449567381770771,1865.41
2021,12,Usera,2,Orcasur,122,0.02556580050293378,0.13243922883487008,9.900354099373368,14212,0.00527723050942865,102.02,2.96,0.1406,0.3461,0.02364066193853428,256,0.27734375,0,0.12890625,0,0.015625,0.11996904024767802,0.09731213059386434,124.36154772970292,0.1055031322962101,0.14868765518955435,0.02977132155171194,0.0609450804215476,0.17729933873390707,4.476297637101903,7,1,5034.764058844293,13.41,0,0.20468618069237263,0.02566656346749224,0.11769275587492715,10152,0.1496227996647108,1909.23
2021,12,Usera,3,San Fermín,123,0.03326904532304725,0.1168032786885246,9.054435418069104,23915,0.00689943550073175,162.67,2.87,0.1421,0.3271,0.01860465116279069,422,0.3791469194312796,0.00473933649289099,0.17772511848341233,0.00710900473933649,0.01658767772511848,0.0995191302529793,0.09613213464352915,124.36154772970292,0.1055031322962101,0.14868765518955435,0.02977132155171194,0.0609450804215476,0.17729933873390707,4.476297637101903,8,1,5347.446157717271,10.75,0,0.1868283504076939,0.03718839640393059,0.11541608228143992,10635,0.1368129218900675,1876.29
2021,12,Usera,4,Almendrales,124,0.0230175793600607,0.11976729480207413,10.352207237045244,22623,0.00623259514653229,284.29,2.85,0.15460000000000002,0.4113,0.03694158075601374,779,0.35686777920410784,0.00385109114249037,0.14762516046213095,0.00385109114249037,0.01412066752246469,0.1579366131812757,0.1306634840648897,124.36154772970292,0.1055031322962101,0.14868765518955435,0.02977132155171194,0.0609450804215476,0.17729933873390707,4.476297637101903,6,1,3761.5800879559033,9.48,0,0.225522698139062,0.02795661494938778,0.14104539528268342,11271,0.14822309346148982,2561.77
2021,12,Usera,5,Moscardó,125,0.01988172920065253,0.12173735725938008,10.432564799632177,26758,0.00597952014350848,298.51,2.71,0.1832,0.3952000000000001,0.03946569520340012,1233,0.42254663422546634,0.0024330900243309,0.14193025141930252,0.0072992700729927,0.0145985401459854,0.14847895956349502,0.13491292323791015,124.36154772970292,0.1055031322962101,0.14868765518955435,0.02977132155171194,0.0609450804215476,0.17729933873390707,4.476297637101903,6,1,3148.6442045488893,9.22,0,0.22449360938784663,0.03550041109200985,0.138263046408627,11344,0.15130505709624795,2131.12
2021,12,Usera,6,Zofío,126,0.02356902356902357,0.12022182610417904,9.840852406588368,14398,0.00319488817891373,186.2,2.84,0.17059999999999995,0.3854999999999999,0.07736389684813753,377,0.2546419098143236,0.0026525198938992,0.1246684350132626,0.0053050397877984,0.02652519893899204,0.14085289623558828,0.13633838033060147,124.36154772970292,0.1055031322962101,0.14868765518955435,0.02977132155171194,0.0609450804215476,0.17729933873390707,4.476297637101903,7,0,4309.52279835841,9.75,1,0.21405750798722045,0.04062623975552162,0.10325435604314558,10511,0.13269954446425034,1755.15
2021,12,Usera,7,Pradolongo,127,0.02227393617021276,0.1077127659574468,9.969919839608512,17987,0.00539278367710012,162.89,2.98,0.16190000000000002,0.4055,0.07997010463378176,848,0.33962264150943394,0,0.1332547169811321,0.00589622641509434,0.00589622641509434,0.158392172124312,0.14882971034636125,124.36154772970292,0.1055031322962101,0.14868765518955435,0.02977132155171194,0.0609450804215476,0.17729933873390707,4.476297637101903,6,0,4353.234073261076,9.49,1,0.23811641741257575,0.02597139044865742,0.07934997437962082,9046,0.13397606382978725,1871.77
2021,13,Puente de Vallecas,1,Entrevías,131,0.02392344497607655,0.11161659738018669,9.109027426453643,35386,0.01079522975187927,59.47,2.76,0.1857,0.3988,0.0557398805573988,783,0.3065134099616858,0.00127713920817369,0.17496807151979565,0.00510855683269476,0.02171136653895274,0.10439156728649748,0.10046346012547334,91.09188376578206,0.30614830013786903,0.1118949834088566,0.01304276499818485,0.00575473827141649,0.12824556486528318,2.997913082597775,7,0,5421.836615386178,13.37,1,0.2036398575707907,0.03566695303227266,0.06144977771079798,9850,0.12691191465997334,1735.19
2021,13,Puente de Vallecas,2,San Diego,132,0.02573643410852713,0.141953488372093,11.026159990151156,43815,0.0140362889421431,410.32,2.7,0.1329,0.3887,0.0821917808219178,1750,0.37257142857142855,0.00171428571428571,0.11542857142857142,0.00457142857142857,0.01314285714285714,0.1903457719958918,0.17564760926623302,91.09188376578206,0.30614830013786903,0.1118949834088566,0.01304276499818485,0.00575473827141649,0.12824556486528318,2.997913082597775,7,2,4343.126330531005,10.82,0,0.2518315645326943,0.04418543877667463,0.11210653015205534,9377,0.20192248062015505,2014.65
2021,13,Puente de Vallecas,3,Palomeras Bajas,133,0.0239920687376074,0.12359550561797752,9.636600742104507,40616,0.0064260389994091,237.32,2.67,0.1672,0.35950000000000004,0.07620416966211359,818,0.31662591687041564,0,0.1136919315403423,0.00977995110024449,0.02444987775061125,0.0958489265314162,0.09380539688792594,91.09188376578206,0.30614830013786903,0.1118949834088566,0.01304276499818485,0.00575473827141649,0.12824556486528318,2.997913082597775,9,2,5299.0997356729995,10.19,0,0.19162399054559776,0.03131993303131772,0.13629392762750026,12605,0.1495703899537343,1995.5
2021,13,Puente de Vallecas,4,Palomeras Sureste,134,0.02382729874331218,0.1260420554933433,9.842057733687664,43064,0.01028701467583132,138.85,2.67,0.18170000000000003,0.377,0.09358752166377816,987,0.2988855116514691,0.00303951367781155,0.12563323201621074,0.01114488348530901,0.01114488348530901,0.09975849897826491,0.09225803455322312,91.09188376578206,0.30614830013786903,0.1118949834088566,0.01304276499818485,0.00575473827141649,0.12824556486528318,2.997913082597775,12,2,6728.434776921601,10.33,0,0.2046721159204904,0.0325802898012261,0.10911013748300348,12068,0.13711583924349882,1832.09
2021,13,Puente de Vallecas,5,Portazgo,135,0.02324294410625346,0.11981184283342557,9.723503641897056,28849,0.0062393843807411,232.63,2.65,0.2111,0.3835,0.06036745406824147,933,0.3729903536977492,0.00107181136120042,0.12433011789924972,0.007502679528403,0.00857449088960343,0.10762938056778398,0.10291517903566848,91.09188376578206,0.30614830013786903,0.1118949834088566,0.01304276499818485,0.00575473827141649,0.12824556486528318,2.997913082597775,11,1,5623.0531374149605,12.29,0,0.207944816111477,0.03243171687060212,0.0903481511507454,10605,0.13973436635307138,1827.73
2021,13,Puente de Vallecas,6,Numancia,136,0.02307985411790321,0.1326002939415383,10.587672583520389,48337,0.01288867741067919,261.81,2.62,0.1816,0.3722,0.0985342019543974,1444,0.342797783933518,0.00138504155124653,0.10941828254847644,0.00761772853185595,0.00969529085872576,0.1414030659743054,0.13209342739516314,91.09188376578206,0.30614830013786903,0.1118949834088566,0.01304276499818485,0.00575473827141649,0.12824556486528318,2.997913082597775,9,0,4377.421684034425,11.05,1,0.22866541158946563,0.04127523222376234,0.12702912309790604,11047,0.17625605574002504,1933.99
2021,14,Moratalaz,1,Pavones,141,0.01939393939393939,0.10484848484848484,9.897185392259868,8997,0.00766922307435812,92.66,2.72,0.2564,0.3613,0.04980842911877394,175,0.2057142857142857,0,0.11428571428571428,0.01142857142857142,0.04,0.08425030565744136,0.08625097254640436,120.56015424137236,0.2431412421292019,0.14648821596775827,0.09997742730422164,0.03064639524748307,0.07557829655687028,0.6815069583771217,10,1,6486.612033542536,9.87,0,0.16594420362343004,0.04035830832499722,0.18487874465049928,14731,0.10393939393939394,2117.7
2021,14,Moratalaz,2,Horcajo,142,0.03622191655204035,0.1205868867491976,10.279792785022016,6396,0.00375234521575985,86.27,2.92,0.0984,0.2568,0.04580152671755725,101,0.31683168316831684,0,0.099009900990099,0,0,0.07707942464040025,0.07457786116322701,120.56015424137236,0.2431412421292019,0.14648821596775827,0.09997742730422164,0.03064639524748307,0.07557829655687028,0.6815069583771217,10,0,6656.046390097287,8.43,1,0.13430268918073796,0.02395978736710444,0.3235226488848011,17503,0.13296652911508483,3376.86
2021,14,Moratalaz,3,Marroquina,143,0.01821544151641239,0.09597780859916782,10.650632840121247,26786,0.00761591876353318,152.13,2.46,0.2809,0.3792,0.05776173285198556,828,0.3321256038647343,0.00120772946859903,0.1400966183574879,0.01328502415458937,0.0181159420289855,0.06350332263122527,0.0646606436198014,120.56015424137236,0.2431412421292019,0.14648821596775827,0.09997742730422164,0.03064639524748307,0.07557829655687028,0.6815069583771217,8,0,5474.216389082998,8.04,1,0.16075561860673487,0.02309925334129769,0.26686802973977697,18141,0.11280628756356911,2927.88
2021,14,Moratalaz,4,Media Legua,144,0.0223370096328354,0.1010749685885802,10.70461712761908,17724,0.00902730760550665,179.7,2.47,0.2802,0.34979999999999994,0.01967799642218247,406,0.2733990147783251,0,0.11330049261083744,0.01231527093596059,0.03201970443349754,0.0852516361995035,0.08395396073121192,120.56015424137236,0.2431412421292019,0.14648821596775827,0.09997742730422164,0.03064639524748307,0.07557829655687028,0.6815069583771217,7,2,4094.469073486074,10.07,0,0.1810539381629429,0.02848603024148048,0.23457660579567088,15977,0.12885662431941924,2633.99
2021,14,Moratalaz,5,Fontarrón,145,0.023336715466009562,0.1097260472532251,9.997930483052285,17372,0.01076444853787704,181.62,2.51,0.2451,0.4724,0.01918465227817745,323,0.4582043343653251,0,0.108359133126935,0.00928792569659442,0.01857585139318885,0.10896845498503338,0.10160027630670045,120.56015424137236,0.2431412421292019,0.14648821596775827,0.09997742730422164,0.03064639524748307,0.07557829655687028,0.6815069583771217,10,0,5210.58502616521,9.41,1,0.19387520147363577,0.04119403638038223,0.1570260005842828,12738,0.13755616756051603,2232.85
2021,14,Moratalaz,6,Vinateros,146,0.01954261954261954,0.10395010395010396,10.418805525299556,16928,0.01075141776937618,288.26,2.34,0.2871,0.4726,0.02926829268292683,317,0.47003154574132494,0,0.0914826498422713,0.02208201892744479,0.00315457413249211,0.09664461247637052,0.09540406427221172,120.56015424137236,0.2431412421292019,0.14648821596775827,0.09997742730422164,0.03064639524748307,0.07557829655687028,0.6815069583771217,9,1,5433.702059193246,8.85,0,0.17485822306238186,0.03753553875236296,0.18981649379850585,14435,0.14386694386694387,2474.83
2021,15,Ciudad Lineal,1,Ventas,151,0.01945680988345921,0.11664082428850098,11.144464435864862,48631,0.01106290226398799,152.88,2.42,0.23,0.4342,0.05345911949685535,1624,0.31650246305418717,0.00123152709359605,0.11145320197044337,0.0104679802955665,0.01539408866995074,0.12282289074869938,0.11410417223581666,78.8612600543578,0.2583824950705626,0.3521408447437211,0.07920955320736542,0.0094725310949791,0.11280428746690772,1.5049399493150182,8,1,4882.186885724673,8.42,0,0.2143283091032469,0.04177166827743622,0.196220520830666,13544,0.17221027359575852,2734.37
2021,15,Ciudad Lineal,2,Pueblo Nuevo,152,0.01931507982463396,0.11766895524857308,10.743034351090198,63038,0.0103112408388591,273.89,2.59,0.2153,0.3702,0.03728436282693378,2204,0.3470961887477314,0.00226860254083484,0.117513611615245,0.01088929219600725,0.01451905626134301,0.12365557282908722,0.11534312636822236,78.8612600543578,0.2583824950705626,0.3521408447437211,0.07920955320736542,0.0094725310949791,0.11280428746690772,1.5049399493150182,9,3,5945.604598047828,8.31,0,0.2112218027221676,0.04000273485833941,0.18016133250186075,13331,0.14703449416825212,2598.24
2021,15,Ciudad Lineal,3,Quintana,153,0.01832738497154432,0.13552618886852513,11.936457575534424,24757,0.01421820091287312,347.81,2.37,0.2157,0.425,0.03978201634877384,1214,0.35502471169686983,8.237232289950577e-4,0.12108731466227347,0.01235584843492586,0.01317957166392092,0.13357838187179383,0.12703477804257382,78.8612600543578,0.2583824950705626,0.3521408447437211,0.07920955320736542,0.0094725310949791,0.11280428746690772,1.5049399493150182,9,4,5499.8856458525215,7.75,0,0.23052066082320152,0.04824933958072466,0.2457431891025641,14856,0.1924375422012154,3153.58
2021,15,Ciudad Lineal,4,La Concepción,154,0.02310739436619718,0.12367957746478872,12.14230172728168,20831,0.01468964524026691,238.77,2.28,0.24,0.417,0.0437956204379562,960,0.31666666666666665,0.00520833333333333,0.146875,0.00729166666666666,0.02291666666666666,0.11742115116893093,0.11065239306802362,78.8612600543578,0.2583824950705626,0.3521408447437211,0.07920955320736542,0.0094725310949791,0.11280428746690772,1.5049399493150182,8,1,5286.907708726859,8.03,0,0.20090250108012095,0.04566041476645384,0.3081200669696245,17126,0.19047095070422537,3710.07
2021,15,Ciudad Lineal,5,San Pascual,155,0.02437075509388733,0.11359701691303768,12.81525815252453,17899,0.00916252304598022,172,2.37,0.2707,0.33840000000000003,0.02073732718894009,561,0.32976827094474154,0.0053475935828877,0.1265597147950089,0.0035650623885918,0.0142602495543672,0.08587071903458293,0.08905525448349069,78.8612600543578,0.2583824950705626,0.3521408447437211,0.07920955320736542,0.0094725310949791,0.11280428746690772,1.5049399493150182,8,1,5179.583350579988,7.82,0,0.17554053299066988,0.03461067098720599,0.33117109576619935,20004,0.15501398322013585,3834
2021,15,Ciudad Lineal,6,San Juan Bautista,156,0.03140934121966143,0.10095859677748316,13.723231183655852,12544,0.00749362244897959,125.88,2.55,0.2182,0.3418,0.00829875518672199,395,0.2911392405063291,0.00253164556962025,0.14430379746835442,0.01265822784810126,0.01772151898734177,0.09526466836734694,0.09614158163265306,78.8612600543578,0.2583824950705626,0.3521408447437211,0.07920955320736542,0.0094725310949791,0.11280428746690772,1.5049399493150182,8,2,5517.381608968283,5.66,0,0.16629464285714285,0.05328482142857142,0.515773714041279,25105,0.1629614521721395,4145.15
2021,15,Ciudad Lineal,7,Colina,157,0.03766333589546503,0.11106840891621828,14.123209881007734,6389,0.01189544529660353,116.47,2.45,0.2299,0.30870000000000003,0.01837270341207349,277,0.20216606498194944,0.00722021660649819,0.10108303249097472,0.01444043321299639,0.02888086642599278,0.11238065424949133,0.10752856472061356,78.8612600543578,0.2583824950705626,0.3521408447437211,0.07920955320736542,0.0094725310949791,0.11280428746690772,1.5049399493150182,8,0,5876.295848019207,6.56,1,0.1809359837220222,0.05001983095946157,0.5006117455138662,23941,0.18793235972328975,4219.16
2021,15,Ciudad Lineal,8,Atalaya,158,0.03281519861830743,0.1001727115716753,15.161949685534593,1581,0.00885515496521189,62.48,2.73,0.2177,0.2733,0.02325581395348837,35,0.11428571428571428,0,0.11428571428571428,0,0.05714285714285714,0.13029728020240355,0.0961416824794434,78.8612600543578,0.2583824950705626,0.3521408447437211,0.07920955320736542,0.0094725310949791,0.11280428746690772,1.5049399493150182,7,0,6201.670850629291,3.94,1,0.15306767868437698,0.06261208096141682,0.542343883661249,27857,0.18134715025906736,4280.424285714285
2021,15,Ciudad Lineal,9,Costillares,159,0.02797901573819635,0.08905820634524107,13.486935256654885,22146,0.00654745778018603,155.86,2.76,0.2245,0.299,0.00854700854700854,388,0.26804123711340205,0.01030927835051546,0.13917525773195877,0.00773195876288659,0.03092783505154639,0.08651675246094102,0.09292874559739908,78.8612600543578,0.2583824950705626,0.3521408447437211,0.07920955320736542,0.0094725310949791,0.11280428746690772,1.5049399493150182,11,2,7261.663100362989,5.31,0,0.15628104398085432,0.02532422107829856,0.536036866359447,26389,0.1215338496127904,4225.62
2021,16,Hortaleza,1,Palomas,161,0.03205699020480854,0.0819234194122885,14.351905026946916,6909,0.01100014473874656,60.53,3.07,0.15439999999999998,0.2086,0.0059171597633136,141,0.28368794326241137,0.01418439716312056,0.15602836879432624,0.00709219858156028,0.04964539007092199,0.10450137501809234,0.08785641916341004,77.78668010932907,0.27518111748905305,0.1757981502039305,0.04079607801502153,0.01556199013441548,0.0844598091373921,2.1711103089061936,13,0,8460.640556816981,4.8,1,0.1366333767549573,0.0657146186134028,0.5548222269533745,29872,0.09839715048975956,4163.92
2021,16,Hortaleza,2,Piovera,162,0.02908643998361327,0.09750102417042196,14.625860543187766,14870,0.00692669804976462,47.58,3.04,0.14880000000000002,0.2405,0.0056657223796034,301,0.1893687707641196,0.00664451827242524,0.14285714285714285,0.02325581395348837,0.05315614617940199,0.11667787491593812,0.09509078681909884,77.78668010932907,0.27518111748905305,0.1757981502039305,0.04079607801502153,0.01556199013441548,0.0844598091373921,2.1711103089061936,9,0,7272.732429305579,4.33,1,0.15131136516476126,0.10601533288500337,0.5668300182569425,29106,0.13252765260139288,5016.52
2021,16,Hortaleza,3,Canillas,163,0.02077004154008308,0.10763221526443052,11.89978415873002,40431,0.00734584848259998,161.89,2.5,0.2692,0.3136,0.08888888888888889,1407,0.30987917555081734,0.00142146410803127,0.11513859275053304,0.01492537313432835,0.02487562189054726,0.07880092008607256,0.07753951176077763,77.78668010932907,0.27518111748905305,0.1757981502039305,0.04079607801502153,0.01556199013441548,0.0844598091373921,2.1711103089061936,9,2,7296.31289498252,7.43,0,0.17659716554129257,0.04004592762978902,0.2711209958916381,18182,0.13230826461652925,3483.42
2021,16,Hortaleza,4,Pinar del Rey,164,0.02446083465596116,0.11096069461301464,11.274031609766578,52729,0.00940658840486259,199.5,2.45,0.2614,0.35109999999999997,0.11810743507648525,1498,0.37383177570093457,0.00333778371161548,0.11014686248331108,0.01068090787716955,0.01535380507343124,0.09952777409015912,0.09573479489465,77.78668010932907,0.27518111748905305,0.1757981502039305,0.04079607801502153,0.01556199013441548,0.0844598091373921,2.1711103089061936,7,6,7830.265125778066,8.8,0,0.18695594454664416,0.03626331809820024,0.21360608943862988,15641,0.13607506301932593,3040.79
2021,16,Hortaleza,5,Apóstol Santiago,165,0.01990732795606658,0.11326583147417196,10.57425568612632,15538,0.00707941820054061,129.08,2.66,0.21170000000000003,0.3670000000000001,0.055,238,0.3445378151260504,0,0.17647058823529413,0.00840336134453781,0.03361344537815126,0.0949285622345218,0.08437379328098854,77.78668010932907,0.27518111748905305,0.1757981502039305,0.04079607801502153,0.01556199013441548,0.0844598091373921,2.1711103089061936,12,1,7594.745424567081,8.43,0,0.1770498133607929,0.03047640622988802,0.25419644341033737,16302,0.13471769349579543,2741.61
2021,16,Hortaleza,6,Valdefuentes,166,0.05810723215112511,0.1257986850634318,13.265265249297563,63433,0.01894912742578784,36.96,2.93,0.0753,0.2084,0.00894454382826475,776,0.23969072164948457,0.00257731958762886,0.18041237113402064,0.00902061855670103,0.02190721649484536,0.1311304841328646,0.10234420569734996,77.78668010932907,0.27518111748905305,0.1757981502039305,0.04079607801502153,0.01556199013441548,0.0844598091373921,2.1711103089061936,9,0,10324.991527205424,5.1,1,0.1881512777261047,0.04706938029101572,0.5213741758108075,22021,0.17983146587647003,4210.5
2021,17,Villaverde,1,"Villaverde Alto, Casco Histórico de Villaverde",171,0.02513259402121504,0.1177073288331726,8.926103574602903,46836,0.0061064138696729,50.52,2.81,0.1625,0.393,0.02903152642322522,2657,0.23184042152803913,0.0011290929619872,0.06398193451260821,0.00414000752728641,0.01505457282649604,0.12268340592706466,0.1140362114612691,130.8978160823416,0.56733705591456,0.13116921157386227,0.04670324358514412,0.01703010882433511,0.1380548808847088,1.0498552589256995,11,2,8429.326864195527,12.34,0,0.2055683662140234,0.04487434452130839,0.09236797372439425,10442,0.14181533269045324,1939.98
2021,17,Villaverde,2,San Cristóbal,172,0.02414525787135406,0.09986478655592042,8.482468655668658,17059,0.00697578990562166,156.1,3.28,0.1145,0.4704,0.03181818181818181,283,0.40636042402826855,0,0.1625441696113074,0.00706713780918727,0.02826855123674911,0.16442933348965355,0.14989155284600506,130.8978160823416,0.56733705591456,0.13116921157386227,0.04670324358514412,0.01703010882433511,0.1380548808847088,1.0498552589256995,11,0,8593.622960340828,14,1,0.2380561580397444,0.02980315376047831,0.05846672283066554,7270,0.1193741549159745,1294
2021,17,Villaverde,3,Butarque,173,0.05114419630548662,0.14254204576785223,9.375629810695749,20766,0.00341905037079842,31.41,2.86,0.0866,0.2423,0.01860465116279069,319,0.3072100313479624,0.00313479623824451,0.12539184952978055,0.01567398119122257,0.01567398119122257,0.0990079938360782,0.08735432919194838,130.8978160823416,0.56733705591456,0.13116921157386227,0.04670324358514412,0.01703010882433511,0.1380548808847088,1.0498552589256995,10,0,9220.484973883558,8.48,1,0.1952711162477126,0.04073781180776266,0.15743440233236153,12252,0.1590846429556107,2059.11
2021,17,Villaverde,4,Los Rosales,174,0.02217529039070749,0.11932418162618796,9.233367395546246,37961,0.00453096599141223,247.33,2.85,0.1681,0.3232,0.05022250476795931,973,0.4049331963001028,0,0.11819116135662898,0.01027749229188078,0.01747173689619732,0.11032375332578172,0.10300044782803404,130.8978160823416,0.56733705591456,0.13116921157386227,0.04670324358514412,0.01703010882433511,0.1380548808847088,1.0498552589256995,10,1,6973.898784029635,10.08,0,0.1845051500223914,0.03961855061773925,0.11182018010352408,11597,0.1242268818826369,1825.08
2021,17,Villaverde,5,Ángeles,175,0.02296650717703349,0.10295055821371613,8.702243908741142,32828,0.00788960643353235,168.13,2.61,0.2475,0.42340000000000005,0.02346041055718475,783,0.45721583652618136,0,0.10983397190293742,0.00893997445721583,0.01021711366538952,0.12419276227610576,0.09632021445107834,130.8978160823416,0.56733705591456,0.13116921157386227,0.04670324358514412,0.01703010882433511,0.1380548808847088,1.0498552589256995,9,1,6844.387300119114,9.84,0,0.19827586206896552,0.03415144388936272,0.12330303616321794,12435,0.11682615629984051,1868.11
2021,18,Villa de Vallecas,1,Casco Histórico de Vallecas,181,0.02908773344081687,0.12407631331452372,10.08011498853841,40384,0.00948395404120443,9.51,2.7,0.1647,0.3372,0.03312421580928482,2713,0.17803169922594914,0.00368595650571323,0.07335053446369333,0.00663472171028381,0.00884629561371175,0.10538827258320128,0.1064282884310618,364.1351538962448,0.04579505883511955,0.10548286069386618,0.39455785949865574,0.00442098601469694,0.09401828593342804,0.5348382895593662,14,4,10796.278894705025,12.42,0,0.20005447702060225,0.04621422345483358,0.08661523886858845,10766,0.15061131264275157,1919.04
2021,18,Villa de Vallecas,2,Santa Eugenia,182,0.0174585635359116,0.10475138121546962,8.753903415893818,24395,0.00729657716745234,118.66,2.68,0.2282,0.2354,0.03869969040247678,493,0.35294117647058826,0,0.11359026369168355,0.01825557809330628,0.04259634888438134,0.0689485550317688,0.06636605861856938,364.1351538962448,0.04579505883511955,0.10548286069386618,0.39455785949865574,0.00442098601469694,0.09401828593342804,0.5348382895593662,13,0,8760.143846746487,9.17,1,0.19204755072760812,0.06367608116417299,0.17761557177615572,15319,0.09226519337016574,2097.05
2021,18,Villa de Vallecas,3,Ensanche de Vallecas,183,0.05677627923422741,0.17371318886700005,12.181577668231194,50396,0.00950472259703151,77.07,2.54,0.0469,0.2307,0.00435255712731229,701,0.4522111269614836,0,0.15406562054208273,0.00570613409415121,0.01997146932952924,0.14007064052702595,0.1215175807603778,364.1351538962448,0.04579505883511955,0.10548286069386618,0.39455785949865574,0.00442098601469694,0.09401828593342804,0.5348382895593662,16,1,10345.169175936604,7.23,0,0.2547821255655211,0.03990166679895231,0.28742532169117646,15026,0.27908268929635804,2709.91
2021,19,Vicalvaro,1,Casco Histórico de Vicálvaro,191,0.02468027821404532,0.1139032233939122,9.817423767208208,35675,0.00955851436580238,16.59,2.66,0.20440000000000005,0.4066,0.05828571428571429,1125,0.34755555555555556,8.888888888888889e-4,0.112,0.01155555555555555,0.01688888888888888,0.10926419060967064,0.1029572529782761,325.14916508213173,0.1906452373645911,0.08059711367062077,0.5088196491764767,0.07176024139414186,0.09570113267536597,9.54550256166482,11,4,11070.104037586229,11.34,0,0.1943377715487036,0.0858116327960757,0.09776412230695194,11013,0.13297434746840175,2283.62
2021,19,Vicalvaro,2,Valdebernardo,192,0.02160746439679162,0.123915534457358,8.760701005726164,17628,0.00323349217154526,69.8,2.87,0.1214,0.2526,0.03282828282828283,319,0.41379310344827586,0,0.11912225705329152,0,0.02821316614420063,0.07125028363966417,0.07056954844565463,325.14916508213173,0.1906452373645911,0.08059711367062077,0.5088196491764767,0.07176024139414186,0.09570113267536597,9.54550256166482,11,0,7725.9439756577085,9.38,1,0.1508963013387792,0.02211068754254595,0.2393135229620213,15682,0.1317727942380095,2700.81
2021,19,Vicalvaro,3,Valderrivas,193,0.05628666560964008,0.12240367845251308,10.14739983442665,18008,0.00544202576632607,282.2,2.85,0.0622,0.28800000000000003,0,93,0.3548387096774194,0,0.12903225806451613,0.02150537634408602,0,0.06535984007107952,0.0700799644602399,325.14916508213173,0.1906452373645911,0.08059711367062077,0.5088196491764767,0.07176024139414186,0.09570113267536597,9.54550256166482,14,0,8888.946624552194,5.51,1,0.1031763660595291,0.01819395824078187,0.28395804676753783,16034,0.15839543364515618,2782.31
2021,19,Vicalvaro,4,El Cañaveral,194,0.03159645232815964,0.24223946784922396,9.901258680555555,4421,0.3804569102013119,2.27,2.46,0.0262,0.1293,0,34,0.35294117647058826,0,0.17647058823529413,0.08823529411764706,0,1.0255598280931917,0.06672698484505768,325.14916508213173,0.1906452373645911,0.08059711367062077,0.5088196491764767,0.07176024139414186,0.09570113267536597,9.54550256166482,22,0,13555.048065442255,3.93,1,0.36326622935987335,0.04353919927618186,0.2834744433991847,16818,0.2688470066518847,2412.27
2021,20,San Blas-Canillejas,1,Simancas,201,0.02852227453821079,0.13971387178558492,12.776570015675786,28616,0.01132233715403969,126.07,2.58,0.155,0.4211,0.02616690240452617,1125,0.23022222222222224,0.00711111111111111,0.17422222222222222,0.01244444444444444,0.01777777777777777,0.13754542913055634,0.12730640201285995,89.98713391032052,0.10205747447212792,0.19799745989772807,0.09342946090990747,0.0572174434354445,0.10116187647418536,1.902442358233251,11,2,7030.432034855219,8.76,0,0.2089041095890411,0.05203994967850156,0.2067703991849588,14551,0.186526620789569,2555.44
2021,20,San Blas-Canillejas,2,Hellín,202,0.01836348906292195,0.11018093437753174,10.834155508800452,9419,0.01709310967193969,169.68,2.53,0.2123,0.5697,0.06956521739130435,85,0.35294117647058826,0,0.10588235294117648,0.01176470588235294,0.03529411764705882,0.1250663552394097,0.11360016986941288,89.98713391032052,0.10205747447212792,0.19799745989772807,0.09342946090990747,0.0572174434354445,0.10116187647418536,1.902442358233251,13,0,7594.896097053899,11.44,1,0.2102133984499416,0.03249444739356619,0.09811115640712054,11100,0.1431271941668917,1749.24
2021,20,San Blas-Canillejas,3,Amposta,203,0.03065134099616858,0.11258473327438843,11.21646573633201,8926,0.01377996863096571,239.68,2.62,0.1782,0.5003,0.06318082788671024,238,0.4789915966386555,0.00840336134453781,0.13025210084033614,0.00840336134453781,0.00840336134453781,0.1404884606766749,0.13522294420793188,89.98713391032052,0.10205747447212792,0.19799745989772807,0.09342946090990747,0.0572174434354445,0.10116187647418536,1.902442358233251,13,1,7068.520027681723,12.72,0,0.21476585256553887,0.03382491597580103,0.07700374531835207,9830,0.15885646920129678,1740.28
2021,20,San Blas-Canillejas,4,Arcos,204,0.0250110180696342,0.124173644777435,10.80021767958818,24705,0.01772920461445051,189.18,2.72,0.17,0.4272,0.02752293577981651,357,0.4677871148459384,0,0.14565826330532214,0.01680672268907563,0.01680672268907563,0.11596842744383729,0.09018417324428252,89.98713391032052,0.10205747447212792,0.19799745989772807,0.09342946090990747,0.0572174434354445,0.10116187647418536,1.902442358233251,10,2,7390.381611996103,9.81,0,0.17713013560008095,0.02973517506577616,0.14401091405184174,12958,0.13431026884089908,3224.91
2021,20,San Blas-Canillejas,5,Rosas,205,0.02798776097912167,0.10952123830093592,10.674338867941028,31611,0.00474518363860681,34.2,2.84,0.14550000000000002,0.2788,0.02278702892199824,875,0.26285714285714284,0,0.2377142857142857,0.008,0.02057142857142857,0.05760652937268672,0.06969093037233874,89.98713391032052,0.10205747447212792,0.19799745989772807,0.09342946090990747,0.0572174434354445,0.10116187647418536,1.902442358233251,12,3,9425.773254341557,6.17,0,0.13068235740723166,0.02652517478093069,0.2702968087480473,17829,0.1183405327573794,3350.6
2021,20,San Blas-Canillejas,6,Rejas,206,0.04249084249084249,0.15164835164835164,12.020330976233888,17200,0.01482558139534883,34.49,2.51,0.1124,0.379,0.01269841269841269,715,0.2881118881118881,0.02377622377622377,0.12167832167832168,0.00979020979020979,0.03636363636363636,0.15604651162790698,0.14755813953488373,89.98713391032052,0.10205747447212792,0.19799745989772807,0.09342946090990747,0.0572174434354445,0.10116187647418536,1.902442358233251,13,0,11809.63820196371,6.15,1,0.2111046511627907,0.07066279069767441,0.344160554525671,17046,0.23194139194139193,2971.39
2021,20,San Blas-Canillejas,7,Canillejas,207,0.02155992390615092,0.11522782860766374,10.360657579489466,29065,0.00994323068983313,181.8,2.62,0.23010000000000003,0.3372,0.0409731113956466,987,0.3860182370820669,0.00202634245187436,0.13171225937183384,0.01114488348530901,0.01519756838905775,0.11298813005332876,0.10727679339411664,89.98713391032052,0.10205747447212792,0.19799745989772807,0.09342946090990747,0.0572174434354445,0.10116187647418536,1.902442358233251,13,1,8480.24735908624,8.84,0,0.20037846206777912,0.05407226905212455,0.1611405545092199,13664,0.12754778512546427,2369.55
2021,20,San Blas-Canillejas,8,El Salvador,208,0.02294104152328515,0.10598761183757742,11.516451144192366,11409,0.00622315715663073,61.04,2.61,0.21560000000000001,0.33020000000000005,0.02318840579710145,227,0.1894273127753304,0.00440528634361233,0.1762114537444934,0.02202643171806167,0.03964757709251101,0.07520378648435445,0.07327548426680691,89.98713391032052,0.10205747447212792,0.19799745989772807,0.09342946090990747,0.0572174434354445,0.10116187647418536,1.902442358233251,12,1,6971.5342346356165,6.62,0,0.16732404242264878,0.04115250241037777,0.3900781515460415,22670,0.13397568249598532,3860.72
2021,21,Barajas,1,Alameda de Osuna,211,0.02948770213344204,0.08289169724147302,11.003370361014165,19751,0.0092147233051491,100.59,2.67,0.2591,0.2195,0.00787401574803149,379,0.3641160949868074,0.01319261213720316,0.14775725593667546,0.0079155672823219,0.0395778364116095,0.07847703913725887,0.07230013670193915,200.53519782777343,0.3325546052023883,0.1413668551111887,0.07395189963566821,0.13589977185169524,0.07658206362202209,1.2910027650136262,14,2,10497.654905582836,5.49,0,0.1362462660118475,0.03164612930990835,0.391850800729779,21613,0.096480500067944,3400.47
2021,21,Barajas,2,Aeropuerto,212,0.03125,0.12357954545454546,10.561342592592592,1924,0.00519750519750519,0.64,2.72,0.147,0.4362,0.01578947368421052,458,0.3624454148471616,0.00655021834061135,0.2336244541484716,0,0.00436681222707423,0.10706860706860707,0.10135135135135136,200.53519782777343,0.3325546052023883,0.1413668551111887,0.07395189963566821,0.13589977185169524,0.07658206362202209,1.2910027650136262,10,2,13760.414182366178,7.78,0,0.22141372141372145,0.04723097713097715,0.10790378006872851,10980,0.15482954545454544,4210.5
2021,21,Barajas,3,Casco Histórico de Barajas,213,0.01867088607594936,0.16455696202531644,11.66383764429536,7540,0.00994694960212201,139.84,2.37,0.1895,0.3312,0.06716417910447761,377,0.33687002652519893,0.04244031830238726,0.1883289124668435,0.02917771883289124,0.01326259946949602,0.13342175066312997,0.13554376657824935,200.53519782777343,0.3325546052023883,0.1413668551111887,0.07395189963566821,0.13589977185169524,0.07658206362202209,1.2910027650136262,11,0,12378.237480023698,7.91,1,0.2407161803713528,0.06919071618037137,0.15259793476479266,13780,0.21518987341772153,3077.1
2021,21,Barajas,4,Timón,214,0.04763835394283397,0.13642813703628623,11.566101720888955,13366,0.00897800389046835,25.23,2.7,0.1053,0.3056,0.01881720430107527,261,0.19540229885057472,0.01532567049808429,0.1839080459770115,0.00766283524904214,0.03065134099616858,0.09419422415083048,0.09636390842436032,200.53519782777343,0.3325546052023883,0.1413668551111887,0.07395189963566821,0.13589977185169524,0.07658206362202209,1.2910027650136262,11,1,10789.995183450248,6.43,0,0.2103845578333084,0.04418274726919048,0.3162202380952381,16941,0.19237786336914656,3267.12
2021,21,Barajas,5,Corralejos,215,0.05461538461538461,0.11307692307692307,13.609478175038722,7690,0.01157347204161248,16.56,2.95,0.0985,0.27949999999999997,0,240,0.09583333333333334,0.01666666666666666,0.3625,0.00416666666666666,0.03333333333333333,0.08413524057217166,0.08452535760728218,200.53519782777343,0.3325546052023883,0.1413668551111887,0.07395189963566821,0.13589977185169524,0.07658206362202209,1.2910027650136262,9,1,9764.470276030066,4.28,0,0.11612483745123538,0.04083966189856956,0.5042769047145415,25479,0.15153846153846154,3581.79
2022,1,Centro,1,Palacio,011,0.0159205683471711,0.1867670974920825,15.584867175534656,23487,0.01034614893345254,159.31015715354786,2.00436531712745,0.1911,0.3099,0.03125,1681,0.30160618679357526,0.02676977989292088,0.330755502676978,0.01249256395002974,0.03093396787626412,0.15723591774172946,0.11666028015497935,296.1162238106448,0.25873030972466077,0.23075443662265704,0.04318525113164555,0.04240403810271104,0.2318122592746381,0.8403421291045149,1,4,834.2995407682666,6.11,0,0.2695107932047516,0.1225290814365632,0.46424653435723545,22102,0.33844046905760505,5410.14
2022,1,Centro,2,Embajadores,012,0.01607646229739253,0.19965644820295983,15.453411334415138,46656,0.02059756515775034,449.2986359678823,2.045630725863284,0.1356,0.3176,0.04093277102455966,2884,0.4653259361997226,0.01837725381414701,0.1730235783633842,0.0052011095700416,0.01525658807212205,0.18668552812071332,0.14823388203017832,296.1162238106448,0.25873030972466077,0.23075443662265704,0.04318525113164555,0.04240403810271104,0.2318122592746381,0.8403421291045149,1,7,913.3758849186464,6.25,0,0.3297968106995885,0.12806887434329517,0.3979341249145548,17036,0.37658562367864695,4624.29
2022,1,Centro,3,Cortes,013,0.01179624664879356,0.1994638069705094,16.09596871324486,10865,0.02126092959042798,182.93630680858257,1.9352993744414655,0.17079999999999998,0.2964,0.00578034682080924,1168,0.3116438356164384,0.04537671232876712,0.3561643835616438,0.00428082191780821,0.03253424657534246,0.17478140819144042,0.13133916244822827,296.1162238106448,0.25873030972466077,0.23075443662265704,0.04318525113164555,0.04240403810271104,0.2318122592746381,0.8403421291045149,1,1,710.3836290668983,4.72,0,0.3092498849516797,0.1729971185814555,0.509943029130388,22120,0.3728328865058088,5729.37
2022,1,Centro,4,Justicia,014,0.01356912468023579,0.19675230786341896,17.19334852235098,18070,0.02263420033204205,243.64349472545308,2.0036703370036704,0.1549,0.32799999999999996,0.00185960018596001,1945,0.4452442159383033,0.01799485861182519,0.25089974293059125,0.00616966580976863,0.02467866323907455,0.1797454344216934,0.12910902047592696,296.1162238106448,0.25873030972466077,0.23075443662265704,0.04318525113164555,0.04240403810271104,0.2318122592746381,0.8403421291045149,2,3,971.425331535661,4.84,0,0.30697288323187605,0.15745878434637803,0.5367474589523065,26307,0.37871204537871206,6919.11
2022,1,Centro,5,Universidad,015,0.01383736677854325,0.2009067891420833,16.50852949258307,32956,0.01887364971477121,346.63502109704643,1.934934934934935,0.15869999999999998,0.32270000000000004,0.03611663353214049,2390,0.3702928870292887,0.01924686192468619,0.2535564853556485,0.00836820083682008,0.02468619246861924,0.16418861512319458,0.12762471173686127,296.1162238106448,0.25873030972466077,0.23075443662265704,0.04318525113164555,0.04240403810271104,0.2318122592746381,0.8403421291045149,2,6,952.2311828537734,4.86,0,0.3272241776914674,0.13745723806335777,0.479885159323716,21299,0.38597420950362127,5753.05
2022,1,Centro,6,Sol,016,0.01158398388315285,0.20473432384789725,15.66716597092674,8147,0.015588560206210871,182.2816079047833,2.044069503903299,0.1584,0.27449999999999997,0.0043010752688172,1600,0.465625,0.031875,0.29125,0.001875,0.0175,0.2161531852215539,0.149502884497361,296.1162238106448,0.25873030972466077,0.23075443662265704,0.04318525113164555,0.04240403810271104,0.2318122592746381,0.8403421291045149,0,7,0,5.06,0,0.31447158463238,0.17985435505728717,0.45354307556601,18939,0.3671619239486276,5054.5
2022,2,Arganzuela,1,Imperial,021,0.01576272944104531,0.1448719278232915,14.388433258236088,22503,0.00906545793894147,232.05538906685956,2.328735870579695,0.2293,0.32270000000000004,0.03387978142076502,705,0.3148936170212766,0.00567375886524822,0.1375886524822695,0.04539007092198582,0.01843971631205673,0.09345420610585256,0.08127805181531352,468.39049939878714,0,0.06957003962533498,0.04473035963174042,0.02407926730727096,0.09763623737208296,2.92284452112087,6,0,1701.7018392735265,5.28,1,0.19526285384171,0.04236768792304953,0.41650197628458496,22200,0.20190811987970547,3953.99
2022,2,Arganzuela,2,Acacias,022,0.01884843790343403,0.13168086754453912,14.57502740321295,36133,0.00813660642625854,335.73691075088504,2.326232894397108,0.2506,0.2742,0.01668984700973574,1212,0.29125412541254125,0.00247524752475247,0.13036303630363036,0.01072607260726072,0.03217821782178218,0.09545291008219632,0.07727008551739407,468.39049939878714,0,0.06957003962533498,0.04473035963174042,0.02407926730727096,0.09763623737208296,2.92284452112087,4,2,1817.5811850440869,5.09,0,0.2096698309024991,0.03809053221599423,0.4248106379397408,23075,0.19552026852569068,5292.83
2022,2,Arganzuela,3,Chopera,023,0.01662433618102055,0.14961902562918494,13.813583555482866,19803,0.00934201888602737,347.551954913702,2.2782267374740246,0.2298,0.3733,0.04439959636730575,716,0.3659217877094972,0.00698324022346368,0.13268156424581007,0.00698324022346368,0.02932960893854748,0.12437509468262384,0.10392364793213148,468.39049939878714,0,0.06957003962533498,0.04473035963174042,0.02407926730727096,0.09763623737208296,2.92284452112087,5,1,2545.018386497575,6.04,0,0.2384487198909256,0.04818924698489917,0.32166382044401076,17535,0.21011313784345417,4207.17
2022,2,Arganzuela,4,Legazpi,024,0.03147762747138397,0.17195629552549427,15.19375871391932,19493,0.00800287282614271,137.63874160480736,2.5323881373569197,0.105,0.2152,0.02283849918433931,479,0.2630480167014614,0.00417536534446764,0.15866388308977036,0.00835073068893528,0.02505219206680584,0.09044272302877956,0.08438926794233828,468.39049939878714,0,0.06957003962533498,0.04473035963174042,0.02407926730727096,0.09763623737208296,2.92284452112087,5,1,3482.173002857998,3.73,0,0.20335505053095984,0.03959419590117623,0.49522481700941096,23859,0.2238553590010406,4768.29
2022,2,Arganzuela,5,Delicias,025,0.02236930294906166,0.15164209115281502,14.812677333236222,28310,0.02055810667608619,267.7823077652413,2.366203083109919,0.17379999999999998,0.3043,0.01691542288557214,819,0.3321123321123321,0.00244200244200244,0.16483516483516483,0.01831501831501831,0.01587301587301587,0.12313670081243376,0.09759802190038856,468.39049939878714,0,0.06957003962533498,0.04473035963174042,0.02407926730727096,0.09763623737208296,2.92284452112087,4,2,2594.8558234431603,4.58,0,0.2233486400565171,0.05130823212831498,0.4198060004511618,21071,0.2246146112600536,4376.4
2022,2,Arganzuela,6,Palos de la Frontera,026,0.01583904109589041,0.16404109589041097,14.655721985921904,25162,0.01518162308242588,386.7674275138803,2.1470890410958905,0.2144,0.3396,0.02316602316602316,1288,0.30978260869565216,0.00698757763975155,0.1482919254658385,0.0201863354037267,0.0186335403726708,0.1360384707098005,0.10909307686193466,468.39049939878714,0,0.06957003962533498,0.04473035963174042,0.02407926730727096,0.09763623737208296,2.92284452112087,3,1,1750.0535321095113,5.17,0,0.25832604721405295,0.06509952149294201,0.40396659707724425,19754,0.27200342465753424,4359.85
2022,2,Arganzuela,7,Atocha,027,0.02564102564102564,0.17307692307692307,14.16717233009709,1620,0.00493827160493827,22.01984504553487,2.5961538461538463,0.1012,0.2439,0.00380228136882129,170,0.3411764705882353,0,0.17647058823529413,0,0.00588235294117647,0.2574074074074074,0.06172839506172839,468.39049939878714,0,0.06957003962533498,0.04473035963174042,0.02407926730727096,0.09763623737208296,2.92284452112087,4,2,2733.936865934582,4.54,0,0.20987654320987653,0.05186790123456791,0.41659538066723695,20120,0.23237179487179488,4308.348888888889
2022,3,Retiro,1,Pacífico,031,0.01785349233390119,0.13178875638841567,14.427433021733494,32819,0.01340686797282062,431.821178952921,2.231345826235094,0.2622,0.3331,0.00321130378933847,1247,0.4033680834001604,8.019246190858059e-4,0.1218925421010425,0.01523656776263031,0.01684041700080192,0.11962582650294036,0.0939394862731954,235.33464593293328,0.1975775314255413,0.19015300270058075,0.01854562964702801,0.03572399717185873,0.08250900809028486,1.1782861187400402,5,2,2621.7747784918915,4.5,0,0.2100917151649959,0.04533322644678576,0.4292812189466711,22224,0.1964565587734242,4390.07
2022,3,Retiro,2,Adelfas,032,0.02411167512690355,0.14352791878172588,14.301619565644437,18744,0.01285744771660264,292.05680399500625,2.375,0.2255,0.2838,0.00972762645914396,401,0.24688279301745636,0.00997506234413965,0.1371571072319202,0.01496259351620947,0.0199501246882793,0.10056551429790866,0.08205292360221937,235.33464593293328,0.1975775314255413,0.19015300270058075,0.01854562964702801,0.03572399717185873,0.08250900809028486,1.1782861187400402,6,1,3369.150445677532,5.01,0,0.20385189927443448,0.03559917178733636,0.4246327228818676,23176,0.19416243654822335,4381.49
2022,3,Retiro,3,Estrella,033,0.01547810135290071,0.07624398073836276,13.031789593499116,22831,0.00906661994656388,222.13554363725012,2.611786287548727,0.3157,0.3286,0.0111317254174397,429,0.34032634032634035,0.00233100233100233,0.09557109557109555,0.01864801864801864,0.02097902097902098,0.07222635889798958,0.06451754193859227,235.33464593293328,0.1975775314255413,0.19015300270058075,0.01854562964702801,0.03572399717185873,0.08250900809028486,1.1782861187400402,7,0,3330.247389352872,4.01,1,0.15689194516227936,0.02510526777875329,0.48931129476584023,25812,0.10077963769777576,4760.98
2022,3,Retiro,4,Ibiza,034,0.02114029468289558,0.12171684817424729,16.42199744865495,21452,0.01678165206041394,434.49186991869914,2.282404441597267,0.25079999999999997,0.35119999999999996,9.149130832570906e-4,1016,0.4311023622047244,0.00196850393700787,0.2135826771653543,0.01181102362204724,0.00688976377952755,0.12264590714152526,0.09644788364721238,235.33464593293328,0.1975775314255413,0.19015300270058075,0.01854562964702801,0.03572399717185873,0.08250900809028486,1.1782861187400402,5,1,2569.6134139034625,4.15,0,0.2037106097333582,0.07485444168966647,0.503419893345699,25160,0.20606448857569937,6060.71
2022,3,Retiro,5,Los Jerónimos,035,0.01810938065918145,0.1017747193045998,15.030801628183331,6968,0.01865671641791044,36.33025597985733,2.5085114089098153,0.2593,0.3898,0.00719424460431654,345,0.25217391304347825,0.02318840579710145,0.2289855072463768,0.00579710144927536,0.0782608695652174,0.11251435132032148,0.10677382319173365,235.33464593293328,0.1975775314255413,0.19015300270058075,0.01854562964702801,0.03572399717185873,0.08250900809028486,1.1782861187400402,3,1,1693.9135147130908,3.18,0,0.18125717566016072,0.08183444989893157,0.5312051649928264,29762,0.1789206809127128,7904.28
2022,3,Retiro,6,Niño Jesús,036,0.01869818310107602,0.07884988534133004,15.277467795003002,15158,0.01055548225359546,235.1779884968133,2.668724642794144,0.27190000000000003,0.3234,0.0068259385665529,496,0.24596774193548387,0.00201612903225806,0.12298387096774194,0.00806451612903225,0.02016129032258064,0.08378414038791397,0.07336060166248845,235.33464593293328,0.1975775314255413,0.19015300270058075,0.01854562964702801,0.03572399717185873,0.08250900809028486,1.1782861187400402,6,3,2715.894782460416,3.69,0,0.15971764084971632,0.03421036420120299,0.5659680467273664,29659,0.12224378197212912,5894.47
2022,4,Salamanca,1,Recoletos,041,0.01661676646706586,0.12155688622754492,19.094391027642892,15709,0.01833343942962632,179.2120032069637,2.342365269461078,0.2363,0.3226,0.00108342361863488,1707,0.5787932044522555,0.01113063854715875,0.17340363210310486,0.00644405389572349,0.01581722319859402,0.13775542682538672,0.11222865873066395,183.4092573026086,0.043964298540587,0.36676257329322853,4.4958535817047935e-4,0.1962097494031592,0.1467787731082038,0.8667976099930794,5,2,1781.6869772844016,2.33,0,0.2088611623909861,0.1262661660382182,0.6186923385479343,34145,0.26751497005988023,10436.44
2022,4,Salamanca,2,Goya,042,0.01621457796635854,0.1451735111380512,16.736830271975627,29564,0.01809633337843323,382.20173958198103,2.2307167752689803,0.2389,0.3353,0.00145348837209302,1817,0.4309301045679692,0.00220143093010456,0.182168409466153,0.01210787011557512,0.01761144744083654,0.14044107698552294,0.11091191990258424,183.4092573026086,0.043964298540587,0.36676257329322853,4.4958535817047935e-4,0.1962097494031592,0.1467787731082038,0.8667976099930794,4,6,2696.9525342198763,3.46,0,0.23931132458395343,0.0914590367175028,0.5461152882205513,26716,0.23298984694650704,6682.47
2022,4,Salamanca,3,Fuente del Berro,043,0.01747949935261113,0.13444108761329304,15.094000936435163,20909,0.01578267731598833,244.52263664086323,2.249460509279241,0.2471,0.3643,0.0277056277056277,841,0.31391200951248516,0.00237812128418549,0.12960760998810938,0.00594530321046373,0.03091557669441141,0.12650055000239133,0.10124826629680998,183.4092573026086,0.043964298540587,0.36676257329322853,4.4958535817047935e-4,0.1962097494031592,0.1467787731082038,0.8667976099930794,7,1,3556.017728248135,4.98,0,0.22492706490028216,0.06548273215656178,0.4454923554566224,22214,0.21806214933103152,5330.23
2022,4,Salamanca,4,Guindalera,044,0.0173484806088757,0.13285578375958362,15.164965876382292,41864,0.01466653927001719,260.30072373346644,2.334825675751301,0.2397,0.3971,0.0244131455399061,1659,0.3188667872212176,0.01446654611211573,0.11573236889692586,0.01145268233875828,0.02591922845087402,0.119912096311867,0.09268106248805656,183.4092573026086,0.043964298540587,0.36676257329322853,4.4958535817047935e-4,0.1962097494031592,0.1467787731082038,0.8667976099930794,7,3,3851.5103356300488,4.3,0,0.22362889356009935,0.05775787972483881,0.499851234751562,24134,0.21310649728580225,4823.96
2022,4,Salamanca,5,Lista,045,0.01744123063590076,0.13443830570902393,16.88451805884909,20845,0.01463180618853442,399.5578623606305,2.2516520420322825,0.2412,0.3521,0.00162337662337662,1095,0.3872146118721461,0.00639269406392694,0.1817351598173516,0.00730593607305936,0.01917808219178082,0.15015591268889422,0.10650035979851284,183.4092573026086,0.043964298540587,0.36676257329322853,4.4958535817047935e-4,0.1962097494031592,0.1467787731082038,0.8667976099930794,5,5,2933.1991116906975,3.39,0,0.23967378268169823,0.09333976425306711,0.5455798621516332,26720,0.23356082764597552,6229.51
2022,4,Salamanca,6,Castellana,046,0.01244279176201373,0.12299771167048056,18.255781165609545,17050,0.01319648093841642,220.0025859839669,2.433495423340961,0.2349,0.3297,0.00380517503805175,1162,0.4259896729776248,0.00860585197934595,0.18760757314974183,0.00774526678141136,0.01979345955249569,0.15278592375366568,0.11038123167155424,183.4092573026086,0.043964298540587,0.36676257329322853,4.4958535817047935e-4,0.1962097494031592,0.1467787731082038,0.8667976099930794,5,1,2491.069128422304,2.28,0,0.22510263929618768,0.11820176315016162,0.5878953771289538,32452,0.24871281464530892,7757.61
2022,5,Chamartin,1,El Viso,051,0.0172133809678467,0.10522897044494968,16.900100912415763,17192,0.01279664960446719,100.5207114439504,2.790029230269568,0.2214,0.35729999999999995,0.01923076923076923,888,0.24662162162162163,0.00112612612612612,0.15653153153153154,0.009009009009009,0.03603603603603603,0.11086551884597488,0.08579571893904142,212.8777562857321,0.22440475185004288,0.18702666294978437,0.02587216035570171,0.02647506930158991,0.09419481751875376,0.839941100426538,6,2,3488.851318650299,2.6,0,0.20701489064681247,0.05871542983528316,0.5990915972747918,33498,0.17327054238389086,7061.58
2022,5,Chamartin,2,Prosperidad,052,0.01872191712431353,0.13149026460309535,14.767876850872801,36085,0.01391159761673825,345.76483030477834,2.2443210184722915,0.2589,0.3272,0.02578947368421052,1461,0.3737166324435318,0.00342231348391512,0.13347022587268997,0.00752908966461327,0.00958247775496235,0.11550505750311764,0.09460994873216018,212.8777562857321,0.22440475185004288,0.18702666294978437,0.02587216035570171,0.02647506930158991,0.09419481751875376,0.839941100426538,5,6,4228.4739666609175,4.84,0,0.22483026188166827,0.04880143202736145,0.4654351423457499,23256,0.2083749375936096,5053.89
2022,5,Chamartin,3,Ciudad Jardín,053,0.01983389116152225,0.1382174290318582,15.29645089953253,18435,0.01529698942229454,241.50596877869603,2.282137101772654,0.2365,0.3452,0.02452697967764541,1030,0.27766990291262134,0.0058252427184466,0.13980582524271845,0.01359223300970873,0.02135922330097087,0.12080282072145376,0.09650122050447518,212.8777562857321,0.22440475185004288,0.18702666294978437,0.02587216035570171,0.02647506930158991,0.09419481751875376,0.839941100426538,6,3,4358.077010859165,4.68,0,0.223542175210198,0.05725665399239545,0.475756153175508,23300,0.21817280277674475,5191.32
2022,5,Chamartin,4,Hispanoamérica,054,0.01940190812154253,0.1040647799246372,16.006809473830458,31513,0.01075746517310316,183.72554744525547,2.522488575322697,0.2472,0.3813,0.01640304628002343,1467,0.3503749147920927,0.00340831629175187,0.16155419222903886,0.01158827539195637,0.01976823449216087,0.10186272332053438,0.08812236219972709,212.8777562857321,0.22440475185004288,0.18702666294978437,0.02587216035570171,0.02647506930158991,0.09419481751875376,0.839941100426538,6,3,4821.909255036253,3.47,0,0.18106813061276297,0.0423390458633951,0.5619344007206912,30023,0.17493786579010662,6229.68
2022,5,Chamartin,5,Nueva España,055,0.02105034722222222,0.10101996527777778,16.772370586892134,24386,0.01968342491593537,136.11530082118318,2.6438802083333335,0.213,0.3624,0.03176130895091434,861,0.22531939605110335,0.00348432055749128,0.16144018583042974,0.00929152148664343,0.02090592334494773,0.11256458623800542,0.0952595751660789,212.8777562857321,0.22440475185004288,0.18702666294978437,0.02587216035570171,0.02647506930158991,0.09419481751875376,0.839941100426538,7,2,5520.42661009162,2.94,0,0.18793570081194128,0.0501817040137897,0.6165099268547545,32318,0.1962890625,5660.08
2022,5,Chamartin,6,Castilla,056,0.01655234118699672,0.12376975842529078,14.485894706577048,17042,0.0117357117709189,78.60084208578171,2.533253802564867,0.2265,0.34850000000000003,0.16710526315789473,523,0.2638623326959847,0.0152963671128107,0.17208413001912046,0.01147227533460803,0.02868068833652007,0.11988029573993662,0.09951883581739232,212.8777562857321,0.22440475185004288,0.18702666294978437,0.02587216035570171,0.02647506930158991,0.09419481751875376,0.839941100426538,8,5,6669.055830452032,3.64,0,0.22491491608966083,0.04972524134683306,0.5435519084544154,27111,0.1831195943930808,5098.72
2022,6,Tetuan,1,Bellas Vistas,061,0.0185231331505939,0.14469640335576045,14.108859376265734,29055,0.01455859576664945,405.41107382550337,2.408422626463992,0.1862,0.3234,0.09924985574148874,1081,0.3172987974098057,0.00740055504162812,0.11378353376503238,0.01017576318223866,0.01295097132284921,0.1658578557907417,0.12909998279125795,152.88450858409882,0.46227331111438535,0.21768758684894796,0.01221243824418283,0.01675005139722653,0.18762267123157153,2.241368387709851,6,1,3909.923027227928,5.48,0,0.2627430734813285,0.05290031039834453,0.30923348700934983,15615,0.24088379433507767,3771.22
2022,6,Tetuan,2,Cuatro Caminos,062,0.01617250673854447,0.13457366379593716,15.516768777776884,34553,0.01331288166005846,290.8945147679325,2.2661889422128723,0.2272,0.3461,0.03789551140544518,2088,0.3864942528735632,0.01053639846743295,0.16475095785440613,0.01197318007662835,0.02298850574712643,0.13660174225103464,0.10760281306977688,152.88450858409882,0.46227331111438535,0.21768758684894796,0.01221243824418283,0.01675005139722653,0.18762267123157153,2.241368387709851,5,6,3851.772624393627,4.31,0,0.256504500332822,0.05516153578370225,0.4715392507163831,23206,0.24469134179212412,4802.46
2022,6,Tetuan,3,Castillejos,063,0.01644069606063841,0.1388918543824063,15.752611235805595,20340,0.01799410029498525,287.81041577976447,2.165261022739404,0.2397,0.35090000000000005,0.03018575851393189,1018,0.26227897838899805,0.00785854616895874,0.2082514734774067,0.01277013752455795,0.02161100196463654,0.15108161258603736,0.1143559488692232,152.88450858409882,0.46227331111438535,0.21768758684894796,0.01221243824418283,0.01675005139722653,0.18762267123157153,2.241368387709851,9,2,4865.914189784135,4.69,0,0.26204523107177974,0.05510798737797061,0.4773237274123066,24708,0.26433223016974483,4847.93
2022,6,Tetuan,4,Almenara,064,0.02202596297084486,0.15758672057884657,13.004434040741517,22650,0.01403973509933775,226.07564538723236,2.404128537986806,0.1897,0.401,0.06704617330803289,858,0.28088578088578087,0.01165501165501165,0.09906759906759909,0.00932400932400932,0.01398601398601398,0.14304635761589404,0.10481236203090508,152.88450858409882,0.46227331111438535,0.21768758684894796,0.01221243824418283,0.01675005139722653,0.18762267123157153,2.241368387709851,8,2,5985.278187096309,8.09,0,0.24392935982339956,0.04822567938390723,0.26877204770703844,15208,0.21930197914449884,3194.29
2022,6,Tetuan,5,Valdeacederas,065,0.02262693156732892,0.17154157468727005,14.02045889835284,26209,0.01541455225304284,224.68626439745572,2.4043414275202353,0.1468,0.35409999999999997,0.10747663551401868,891,0.35241301907968575,0.00448933782267115,0.08417508417508418,0.0101010101010101,0.01459034792368125,0.16841542981418595,0.13312220992788737,152.88450858409882,0.46227331111438535,0.21768758684894796,0.01221243824418283,0.01675005139722653,0.18762267123157153,2.241368387709851,9,0,5518.012353126944,6.37,1,0.2698691289251784,0.05756220351951033,0.24652710785259505,14317,0.2515636497424577,3404.75
2022,6,Tetuan,6,Berruguete,066,0.02110716684255972,0.16108605967571715,13.849558049290415,25043,0.01517390089046839,410.9866578817328,2.393840544948671,0.1662,0.3615,0.10832811521603006,904,0.34623893805309736,0.00442477876106194,0.1073008849557522,0.01106194690265486,0.01548672566371681,0.183723994729066,0.13125424270255162,152.88450858409882,0.46227331111438535,0.21768758684894796,0.01221243824418283,0.01675005139722653,0.18762267123157153,2.241368387709851,8,1,4696.858225349871,5.75,0,0.2627880046320329,0.05768075027053021,0.2630942788074134,14699,0.24906456874220473,3310.06
2022,7,Chamberi,1,Gaztambide,071,0.01357942048388639,0.12833508654489814,16.983424882496042,22754,0.01590929067416718,447.3642645607107,2.166873864397054,0.2564,0.3477,0.00411280846063454,1425,0.37543859649122807,0.00912280701754385,0.1550877192982456,0.0119298245614035,0.01473684210526315,0.14111804517886964,0.10275116463039466,75.76640215789206,0.056469101282344746,0.4306725855854472,0.06960857998350405,0.03081795276098559,0.12041926766554736,0.3724759851009606,3,1,2139.2733803959786,4.15,0,0.24373736485892591,0.06591787810582993,0.5345409721850045,24308,0.24940231423926557,5605.32
2022,7,Chamberi,2,Arapiles,072,0.01705966416577349,0.14165773490532332,16.83046948632238,24050,0.01388773388773388,414.5970252507783,2.141121829224723,0.2429,0.34729999999999994,0.00482758620689655,1216,0.3536184210526316,0.00246710526315789,0.1669407894736842,0.02384868421052631,0.015625,0.13854469854469856,0.10577962577962578,75.76640215789206,0.056469101282344746,0.4306725855854472,0.06960857998350405,0.03081795276098559,0.12041926766554736,0.3724759851009606,6,1,1920.4473957863156,4.19,0,0.2518087318087318,0.06646607708993825,0.5073031706448166,24260,0.25044658806716685,5964.52
2022,7,Chamberi,3,Trafalgar,073,0.01856425104317466,0.15490079196116835,17.25014316788311,24580,0.01794141578519121,400.3105082529825,2.0859235289108407,0.2154,0.31989999999999996,0.01077586206896551,1515,0.3227722772277228,0.0099009900990099,0.201980198019802,0.01254125412541254,0.01848184818481848,0.14475183075671277,0.1127746135069162,75.76640215789206,0.056469101282344746,0.4306725855854472,0.06960857998350405,0.03081795276098559,0.12041926766554736,0.3724759851009606,3,8,1749.3437824392968,4.23,0,0.271033360455655,0.0885906103286385,0.5338127370339358,24709,0.2979647449544409,6215.88
2022,7,Chamberi,4,Almagro,074,0.01888198757763975,0.12236024844720496,17.29662204449981,19418,0.01529508703265011,206.39727049792089,2.40472049689441,0.24420000000000003,0.3505,0.00230591852421214,1116,0.31810035842293904,0.00627240143369175,0.21594982078853048,0.007168458781362,0.01702508960573476,0.1270470697291173,0.09877433309300648,75.76640215789206,0.056469101282344746,0.4306725855854472,0.06960857998350405,0.03081795276098559,0.12041926766554736,0.3724759851009606,3,5,1961.8300992174231,3.12,0,0.22247399320218353,0.08517238351069326,0.5555269922879177,30898,0.23577639751552795,7595.59
2022,7,Chamberi,5,Ríos Rosas,075,0.01803739864305808,0.13221909647526064,16.808431111858887,26971,0.01483074413258685,275.79454582735286,2.2257984444812178,0.2366,0.35590000000000005,0.00468227424749163,1302,0.2903225806451613,0.00691244239631336,0.21658986175115208,0.01075268817204301,0.0184331797235023,0.1388899188016759,0.10548366764302398,75.76640215789206,0.056469101282344746,0.4306725855854472,0.06960857998350405,0.03081795276098559,0.12041926766554736,0.3724759851009606,4,2,2846.104985761997,3.46,0,0.24685773608690817,0.06439505966320955,0.54337899543379,27391,0.24491146781399967,6238.76
2022,7,Chamberi,6,Vallehermoso,076,0.01431980906921241,0.10095465393794747,15.836925200363398,19954,0.01172697203568206,186.1391694725028,2.3749403341288784,0.2775,0.3705,0.00564334085778781,774,0.26098191214470284,0.00258397932816537,0.15633074935400518,0.01162790697674418,0.01808785529715762,0.10854966422772376,0.0917610504159567,75.76640215789206,0.056469101282344746,0.4306725855854472,0.06960857998350405,0.03081795276098559,0.12041926766554736,0.3724759851009606,6,4,2895.9649447630973,3.37,0,0.20116267415054623,0.04007374133252939,0.5702723051825825,28440,0.20250596658711215,5577.05
2022,8,Fuencarral-El Pardo,1,El Pardo,081,0.02911877394636015,0.09195402298850576,10.733780769421886,3412,0.00908558030480656,0.18029313894513055,2.591570881226054,0.2475,0.4456,0.08144796380090498,145,0.21379310344827587,0,0.25517241379310346,0.00689655172413793,0.10344827586206896,0.11518171160609614,0.09320046893317702,200.87749505744705,0.21159012654298448,0.14401141378333282,0.01697373102991123,0.02256843846891511,0.08141513149613652,1.5994425448475909,15,0,15968.22141060446,5.45,1,0.1925556858147714,0.01829633353045535,0.19524680073126144,17121,0.1471264367816092,3326.83
2022,8,Fuencarral-El Pardo,2,Fuentelarreina,082,0.01933216168717047,0.05008787346221441,12.06255906529769,3351,0.02805132796180244,24.200781136988283,2.940246045694201,0.2609,0.34020000000000006,0,22,0.2727272727272727,0.04545454545454545,0.13636363636363635,0,0.04545454545454545,0.08564607579826918,0.05729632945389436,200.87749505744705,0.21159012654298448,0.14401141378333282,0.01697373102991123,0.02256843846891511,0.08141513149613652,1.5994425448475909,13,0,7753.532187499974,1.82,1,0.13637720083557148,0.03193424985056784,0.5972794723825227,33653,0.09753954305799648,4274.97
2022,8,Fuencarral-El Pardo,3,Peñagrande,083,0.0248788179641418,0.09694562868656194,12.686017956596004,44021,0.01276663410644919,152.00013853773422,2.5630438591368336,0.27149999999999996,0.2783,0.04006820119352088,898,0.3418708240534521,0,0.1158129175946548,0.01224944320712694,0.02115812917594654,0.0970445923536494,0.0754412666681811,200.87749505744705,0.21159012654298448,0.14401141378333282,0.01697373102991123,0.02256843846891511,0.08141513149613652,1.5994425448475909,12,2,7057.610320340321,5.3,0,0.17053224597351263,0.02974262082165561,0.33577041535937363,21274,0.12310926823570637,3992.9
2022,8,Fuencarral-El Pardo,4,Pilar,084,0.01834720937403638,0.12108130331997122,12.920762461670192,45495,0.01055060995713814,332.7024647887324,2.3308664816527904,0.29,0.3649,0.0812597200622084,1749,0.4179531160663236,0.00228702115494568,0.1149228130360206,0.01086335048599199,0.01486563750714694,0.11572700296735904,0.09150456094076272,200.87749505744705,0.21159012654298448,0.14401141378333282,0.01697373102991123,0.02256843846891511,0.08141513149613652,1.5994425448475909,11,1,6654.963695802388,5.93,0,0.19984613693812503,0.04223526921550472,0.2596325152232297,16926,0.1536643026004728,3788.2
2022,8,Fuencarral-El Pardo,5,La Paz,085,0.01584633853541416,0.06850740296118447,11.78103302182199,32423,0.00706288745643524,150.11137924633377,2.5887154861944777,0.3553,0.2265,0.01571268237934904,663,0.2865761689291101,0.00452488687782805,0.13423831070889894,0.01508295625942684,0.02111613876319758,0.07090645529408136,0.0672670635043025,200.87749505744705,0.21159012654298448,0.14401141378333282,0.01697373102991123,0.02256843846891511,0.08141513149613652,1.5994425448475909,10,3,7117.7974365875125,4.31,0,0.16519137649199642,0.02459680331416558,0.43118267462372856,25130,0.07851140456182473,3969.93
2022,8,Fuencarral-El Pardo,6,Valverde,086,0.04760046820132657,0.1225126804525946,12.77875824055139,63776,0.01036440040140491,70.87137576270432,2.7593965405124203,0.1208,0.3469,0.05223342939481268,1629,0.22160834868017187,0.0098219766728054,0.15469613259668508,0.00859422958870472,0.02087170042971147,0.12678750627195184,0.09901843953838436,200.87749505744705,0.21159012654298448,0.14401141378333282,0.01697373102991123,0.02256843846891511,0.08141513149613652,1.5994425448475909,11,4,9459.74522470962,5.1,0,0.17813911189162068,0.04656817017800191,0.3912169722989792,18992,0.16764208609702172,4003.8
2022,8,Fuencarral-El Pardo,7,Mirasierra,087,0.03780768549672392,0.07862581901894812,13.71842660352678,35251,0.00885081274290091,50.39469168287381,3.12024083584204,0.1541,0.2454,0.00560747663551401,479,0.29018789144050106,0,0.1127348643006263,0.01252609603340292,0.05010438413361169,0.07974241865478994,0.068395222830558,200.87749505744705,0.21159012654298448,0.14401141378333282,0.01697373102991123,0.02256843846891511,0.08141513149613652,1.5994425448475909,12,4,8861.590716918443,3.27,0,0.15809480582111146,0.0295094211123723,0.5704420478281257,27403,0.11218346024437754,4281.56
2022,8,Fuencarral-El Pardo,8,El Goloso,088,0.07774030354131535,0.10101180438448566,13.526689913720292,19107,0.00874025226356832,7.199987921383304,3.2166947723440136,0.0806,0.4463,0.00168067226890756,507,0.22090729783037472,0.0019723865877712,0.17159763313609466,0.0059171597633136,0.0631163708086785,0.09352593290417124,0.09253153294604072,200.87749505744705,0.21159012654298448,0.14401141378333282,0.01697373102991123,0.02256843846891511,0.08141513149613652,1.5994425448475909,13,1,13001.86709835402,3.05,0,0.13932066781807714,0.03724259501965923,0.5689728897631061,25480,0.17301854974704892,5565.28
2022,9,Moncloa-Aravaca,1,Casa de Campo,091,0.02240544900519806,0.12923462986198245,13.80609984220038,12853,0.0101143701859488,7.333081337411086,2.295034952500448,0.2553,0.4096,0.01431980906921241,662,0.3549848942598187,0.00604229607250755,0.2175226586102719,0.00755287009063444,0.04078549848942598,0.09180736014938148,0.07500194507118961,307.0289771927063,0.31353752599454027,0.2259928682784476,0.0563961507124824,0.02772878249563331,0.10469425058158856,1.098527840141831,2,8,4173.70973569349,5.38,0,0.18548198864078425,0.04373177132146204,0.4231977906866013,22364,0.19143215630041227,4134.56
2022,9,Moncloa-Aravaca,2,Argüelles,092,0.01756217960888551,0.14097209037402697,16.344612288813305,24265,0.01479497218215536,319.009900990099,2.2940003797228026,0.2461,0.3564,0.01044386422976501,1260,0.33095238095238094,0.01428571428571428,0.1904761904761905,0.01349206349206349,0.01349206349206349,0.1397898207294457,0.10067999175767568,307.0289771927063,0.31353752599454027,0.2259928682784476,0.0563961507124824,0.02772878249563331,0.10469425058158856,1.098527840141831,2,2,1653.689031051321,3.59,0,0.22893055841747373,0.07905530726256983,0.536487651503626,26973,0.23742168217201445,5856.06
2022,9,Moncloa-Aravaca,3,Ciudad Universitaria,093,0.01981633639439342,0.0985983566940551,14.89696510605476,16253,0.00978280932750876,11.381737293784957,2.6131786692444017,0.25670000000000004,0.3336,0.02551984877126654,849,0.16607773851590105,0.00117785630153121,0.1967020023557126,0.00353356890459363,0.05182567726737338,0.11302528763920508,0.08675321479111549,307.0289771927063,0.31353752599454027,0.2259928682784476,0.0563961507124824,0.02772878249563331,0.10469425058158856,1.098527840141831,5,3,5161.047274917275,3.51,0,0.18618101273611024,0.04249938347718866,0.5660347172226222,28638,0.16223618495247302,4486.39
2022,9,Moncloa-Aravaca,4,Valdezarza,094,0.02560614547491398,0.11610786588781308,12.483157225130574,29875,0.01174895397489539,213.25223613595708,2.3847323357605825,0.2518,0.3497,0.0955665024630542,606,0.31683168316831684,0.00165016501650165,0.09405940594059406,0.01155115511551155,0.0165016501650165,0.1215397489539749,0.08502092050209205,307.0289771927063,0.31353752599454027,0.2259928682784476,0.0563961507124824,0.02772878249563331,0.10469425058158856,1.098527840141831,9,2,5430.495863456287,6.02,0,0.19347280334728031,0.03777002214616469,0.29159962740282835,17368,0.15595742978314794,3238.76
2022,9,Moncloa-Aravaca,5,Valdemarín,095,0.04862475442043222,0.07612966601178782,16.14344633240692,7057,0.00637664730055264,21.341408024224073,3.461689587426326,0.1146,0.3156,0,116,0.10344827586206896,0.04310344827586207,0.29310344827586204,0.00862068965517241,0.01724137931034482,0.097350148788437,0.079353833073544,307.0289771927063,0.31353752599454027,0.2259928682784476,0.0563961507124824,0.02772878249563331,0.10469425058158856,1.098527840141831,5,0,8461.673922559497,2.38,1,0.1400028340654669,0.04244256526674234,0.6618148737775756,34765,0.14390962671905697,5168.96
2022,9,Moncloa-Aravaca,6,El Plantío,096,0.03205128205128205,0.07799145299145299,17.263157894736842,3010,0.00697674418604651,8.497250722748143,3.202991452991453,0.1915,0.25780000000000003,0.01659751037344398,196,0.33163265306122447,0.01020408163265306,0.15306122448979592,0.00510204081632653,0.01530612244897959,0.09966777408637874,0.07707641196013289,307.0289771927063,0.31353752599454027,0.2259928682784476,0.0563961507124824,0.02772878249563331,0.10469425058158856,1.098527840141831,5,0,11456.239403199888,2.95,1,0.1451827242524917,0.05067204803202135,0.5730067243035543,34765,0.09829059829059827,4544.1
2022,9,Moncloa-Aravaca,7,Aravaca,097,0.0334274421230943,0.08605307735742518,13.619279851015945,27394,0.0044170256260495,46.83407610558793,3.0856013551665726,0.1617,0.2644,0.03636363636363636,627,0.3253588516746411,0.00318979266347687,0.10845295055821372,0.01594896331738437,0.01913875598086124,0.09644447689275024,0.08290136526246623,307.0289771927063,0.31353752599454027,0.2259928682784476,0.0563961507124824,0.02772878249563331,0.10469425058158856,1.098527840141831,5,0,7562.302886124522,2.94,1,0.1551799664160035,0.05483711891080774,0.5454253783220149,28196,0.11846414455110107,4361.71
2022,10,Latina,1,Los Cármenes,101,0.02744862756862157,0.13229338533073343,10.877288772437918,17591,0.00926610198396907,135.78173374613004,2.631318434078296,0.1699,0.3507,0.1246684350132626,303,0.23102310231023104,0.0066006600660066,0.1617161716171617,0.0099009900990099,0.0561056105610561,0.13120345631288727,0.09351372861122163,83.57979773786322,0.1718647678136336,0.2105227707232392,0.05239030964765262,0.01302889645536117,0.15285089939590293,3.3283802612359663,6,1,3189.554446727571,8.96,0,0.1993064635324882,0.0498005358262555,0.18337592063730648,13409,0.16334183290835458,2672.55
2022,10,Latina,2,Puerta del Angel,102,0.01992846193152785,0.14404133310622835,11.885215500633224,41558,0.01544828913807209,301.03250199956375,2.3505933117583604,0.2035,0.3945,0.11681005956320316,1496,0.3342245989304813,0.00802139037433155,0.1303475935828877,0.01002673796791443,0.0160427807486631,0.1836950767601906,0.11583810577987393,83.57979773786322,0.1718647678136336,0.2105227707232392,0.05239030964765262,0.01302889645536117,0.15285089939590293,3.3283802612359663,3,2,2462.022580849945,7.09,0,0.23073776408874344,0.06401942706697905,0.22697467364494975,14438,0.21518196786464544,2796.26
2022,10,Latina,3,Lucero,103,0.02024660221381533,0.11181168558217738,10.682009670951317,36172,0.01119650558442994,214.78260869565216,2.5264116575591986,0.2201,0.4162,0.09932885906040267,835,0.33053892215568864,0.00239520958083832,0.1281437125748503,0.01676646706586826,0.01916167664670658,0.13264403405949354,0.09546057724206568,83.57979773786322,0.1718647678136336,0.2105227707232392,0.05239030964765262,0.01302889645536117,0.15285089939590293,3.3283802612359663,5,1,4227.863163252316,6.98,0,0.19692026982196173,0.04762819588486494,0.1908315942131513,14083,0.15559759002381954,2408.06
2022,10,Latina,4,Aluche,104,0.01757390721572715,0.0976617767518058,10.063961636589152,66022,0.01052679409893671,231.00919362762295,2.451150495196962,0.2923,0.3773,0.08080808080808081,1890,0.3682539682539683,0.00264550264550264,0.14074074074074075,0.00952380952380952,0.01746031746031746,0.1231559177243949,0.09113628790403198,83.57979773786322,0.1718647678136336,0.2105227707232392,0.05239030964765262,0.01302889645536117,0.15285089939590293,3.3283802612359663,6,3,5246.164022823681,6.55,0,0.17992487352700617,0.05716924490756915,0.16990200478755235,14561,0.12294288480154889,2362.33
2022,10,Latina,5,Campamento,105,0.0193158953722334,0.10744466800804828,11.044299088738036,19392,0.0123246699669967,21.03814435232935,2.5938296445338698,0.2341,0.4158,0.11298076923076925,432,0.3101851851851852,0,0.10185185185185185,0.02314814814814814,0.0162037037037037,0.14882425742574257,0.1080342409240924,83.57979773786322,0.1718647678136336,0.2105227707232392,0.05239030964765262,0.01302889645536117,0.15285089939590293,3.3283802612359663,6,1,9136.382852802442,5.88,0,0.20766295379537955,0.06342418679216011,0.18919624217118997,14103,0.144466800804829,2379.49
2022,10,Latina,6,Cuatro Vientos,106,0.0578806767586821,0.13535173642030277,13.745489383199969,5975,0.00686192468619246,10.986906318484008,2.6562778272484415,0.0699,0.1847,0.00617283950617283,111,0.22522522522522523,0,0.11711711711711711,0,0.04504504504504504,0.12251046025104602,0.0898744769874477,83.57979773786322,0.1718647678136336,0.2105227707232392,0.05239030964765262,0.01302889645536117,0.15285089939590293,3.3283802612359663,8,1,8640.707907451917,6.12,0,0.17271966527196653,0.04659658062353336,0.2589910692734733,16523,0.25467497773820125,3092.2
2022,10,Latina,7,Águilas,107,0.01999232908236647,0.10192731805542238,9.987740155532954,50853,0.00910467425717263,141.02947695035462,2.4405983315754147,0.2772,0.3897,0.02216748768472906,1119,0.4084003574620197,0,0.128686327077748,0.01429848078641644,0.01876675603217158,0.09973846184099266,0.07769453129608872,83.57979773786322,0.1718647678136336,0.2105227707232392,0.05239030964765262,0.01302889645536117,0.15285089939590293,3.3283802612359663,7,1,6885.975485017603,6.71,0,0.16305822665329478,0.04600412132165167,0.14996208136604935,14474,0.12604276536580689,2350.98
2022,11,Carabanchel,1,Comillas,111,0.02161428422261668,0.12947687167171348,11.596485282879376,22285,0.00910926632263854,333.4934694490317,2.319515505899551,0.2363,0.3725,0.05371024734982332,784,0.3711734693877551,0.00255102040816326,0.11479591836734694,0.01785714285714285,0.01785714285714285,0.1456136414628674,0.10446488669508638,76.79483199950054,0.18956554927339395,0.2583712162288897,0.1982840538145538,0.0216189849319793,0.18317195926641985,0.9715973606889368,9,1,2716.7136162936577,7.11,0,0.22135965896342832,0.07295302061762853,0.215698154778298,14448,0.18607079461209147,2838.59
2022,11,Carabanchel,2,Opañel,112,0.01912938695586684,0.13217352010845007,11.17519092709188,33402,0.01065804442847733,300.73150907613115,2.507907817442386,0.2023,0.371,0.05286561264822134,1239,0.3139628732849072,0,0.1178369652945924,0.00968523002421307,0.01372074253430185,0.15864319501826238,0.11969343153104604,76.79483199950054,0.18956554927339395,0.2583712162288897,0.1982840538145538,0.0216189849319793,0.18317195926641985,0.9715973606889368,6,5,3342.757631033908,6.56,0,0.226124184180588,0.06076336336336335,0.1820611261668172,13507,0.17186323241452026,2500.72
2022,11,Carabanchel,3,San Isidro,113,0.02202585926840361,0.1285816386199727,11.111605087517209,39528,0.01426836672738312,207.39746222292425,2.559352868559548,0.1888,0.3682,0.06786050895381715,1031,0.29582929194956353,0.00193986420950533,0.12318137730358876,0.01260911736178467,0.01551891367604267,0.1541691965189233,0.11176887269783443,76.79483199950054,0.18956554927339395,0.2583712162288897,0.1982840538145538,0.0216189849319793,0.18317195926641985,0.9715973606889368,8,0,3059.153889680385,8.88,1,0.21880692167577415,0.06426922139575028,0.16663965511652784,12528,0.1803651484633877,2630.78
2022,11,Carabanchel,4,Vista Alegre,114,0.01998747223962189,0.11098456807698878,10.389892926540302,46626,0.01177454639042594,292.4364460105714,2.646432435510506,0.2222,0.3683,0.04770164787510841,2128,0.3717105263157895,0.00234962406015037,0.12969924812030076,0.01456766917293233,0.01362781954887218,0.1706344099858448,0.12076952773130872,76.79483199950054,0.18956554927339395,0.2583712162288897,0.1982840538145538,0.0216189849319793,0.18317195926641985,0.9715973606889368,7,3,5063.086324920521,7.11,0,0.2090679020289109,0.06416038645264016,0.13871934604904632,12211,0.13695119867889072,2236.79
2022,11,Carabanchel,5,Puerta Bonita,115,0.02535122831802841,0.12071265991680402,10.258693174608313,35482,0.01093512203370723,220.0360561979361,2.778039400361039,0.17550000000000002,0.3967,0.06053119209388511,913,0.32201533406352684,0,0.10295728368017525,0.00985761226725082,0.01752464403066812,0.17468011949720985,0.11278958345076376,76.79483199950054,0.18956554927339395,0.2583712162288897,0.1982840538145538,0.0216189849319793,0.18317195926641985,0.9715973606889368,10,0,5104.261850367837,8.05,1,0.21281213009413225,0.06748735697132363,0.1250465757508011,11119,0.14684875598461658,2125.93
2022,11,Carabanchel,6,Buenavista,116,0.03736827114782113,0.12138991740244943,11.460590712341284,47938,0.0117443364345613,85.18313974203662,2.723725434349188,0.13570000000000002,0.35350000000000004,0.0390625,1363,0.33235509904622157,0.00146735143066764,0.1467351430667645,0.01027146001467351,0.02201027146001467,0.12614210021277483,0.08475530894071509,76.79483199950054,0.18956554927339395,0.2583712162288897,0.1982840538145538,0.0216189849319793,0.18317195926641985,0.9715973606889368,10,3,6594.790383780321,6.32,0,0.16458759230672954,0.0607341315486772,0.1783383826613843,13939,0.17009399031614925,2637.71
2022,11,Carabanchel,7,Abrantes,117,0.02463936923214765,0.1080548337962548,10.159147814185888,31018,0.00783416080985234,197.65435255017255,2.7708090672878773,0.1753,0.3611,0.04908565928777671,675,0.3451851851851852,0.00148148148148148,0.13333333333333333,0.02222222222222222,0.01777777777777777,0.15642530143787478,0.1099684054420014,76.79483199950054,0.18956554927339395,0.2583712162288897,0.1982840538145538,0.0216189849319793,0.18317195926641985,0.9715973606889368,7,4,4633.638141225011,7.36,0,0.19101811851183184,0.06611746160064672,0.13574699732135145,11953,0.13421736403548068,2210.36
2022,12,Usera,1,Orcasitas,121,0.02773843248347497,0.10304532577903684,8.810940554250783,23073,0.00385732241147661,169.5370097316426,2.714353163361662,0.1899,0.3933,0.05630630630630631,346,0.4161849710982659,0.00867052023121387,0.15606936416184972,0.00289017341040462,0.01156069364161849,0.08975859229402332,0.07506609456941013,154.79354030053676,0.09022191622083613,0.2090705770593963,0.10330133997346176,0.00845842550544935,0.21451195954775296,4.535669267919611,8,0,5444.820287906102,7.99,1,0.1538161487452867,0.03616122803965907,0.10357793314141354,12638,0.11520302171860246,1654.28
2022,12,Usera,2,Orcasur,122,0.02456797834686654,0.12783676868623778,10.05313229941646,14293,0.0013992863639543801,102.71750883010164,2.966895690193629,0.1422,0.3286,0.03058823529411765,245,0.23673469387755103,0,0.14285714285714285,0.00408163265306122,0.02040816326530612,0.12180787798222906,0.09802000979500455,154.79354030053676,0.09022191622083613,0.2090705770593963,0.10330133997346176,0.00845842550544935,0.21451195954775296,4.535669267919611,7,1,5034.764058844293,10.15,0,0.20604491709228293,0.03966491228070173,0.12265150785239426,10792,0.15053091817613992,2850.8
2022,12,Usera,3,San Fermín,123,0.03345367027677497,0.12226233453670277,9.40101647058924,23530,0.00888227794305142,159.00772671817813,2.8231046931407944,0.1454,0.3196,0.02959501557632398,403,0.337468982630273,0.00496277915632754,0.1910669975186104,0.00992555831265508,0.0173697270471464,0.1193795155121122,0.09770505737356566,154.79354030053676,0.09022191622083613,0.2090705770593963,0.10330133997346176,0.00845842550544935,0.21451195954775296,4.535669267919611,8,1,5347.446157717271,8.7,0,0.18410539736506587,0.05017732310315431,0.11905882352941176,11302,0.13983152827918172,2044.48
2022,12,Usera,4,Almendrales,124,0.02325869108004454,0.12161326240257332,10.763103034279244,22555,0.00372422966082908,288.41174208434813,2.7834962266485217,0.1557,0.3998,0.05800865800865801,748,0.356951871657754,0.00401069518716577,0.14304812834224598,0.0053475935828877,0.01336898395721925,0.15349146530702726,0.11882066060740412,154.79354030053676,0.09022191622083613,0.2090705770593963,0.10330133997346176,0.00845842550544935,0.21451195954775296,4.535669267919611,6,1,3761.5800879559033,6.97,0,0.21884282864109952,0.05342367660784924,0.15248017047472476,12033,0.157367314116046,2409.57
2022,12,Usera,5,Moscardó,125,0.02124847498983326,0.12057747051647012,10.845988896297234,26215,0.00770551211138661,287.62103873239437,2.657482716551444,0.18600000000000003,0.3822,0.05218446601941747,1165,0.4291845493562232,0.00257510729613733,0.15107296137339055,0.00858369098712446,0.01888412017167382,0.16513446500095366,0.12454701506770932,154.79354030053676,0.09022191622083613,0.2090705770593963,0.10330133997346176,0.00845842550544935,0.21451195954775296,4.535669267919611,6,1,3148.6442045488893,6.95,0,0.21918748807934388,0.05582492061670299,0.14710622710622712,11892,0.15748271655144366,2379.49
2022,12,Usera,6,Zofío,126,0.0208540218470705,0.12671300893743792,10.353304646980758,14047,0.00840037018580479,181.1627906976744,2.7849056603773583,0.177,0.3666,0.09396914446002803,369,0.2601626016260163,0.002710027100271,0.10298102981029812,0.002710027100271,0.03523035230352303,0.16814978287178756,0.12080871360432832,154.79354030053676,0.09022191622083613,0.2090705770593963,0.10330133997346176,0.00845842550544935,0.21451195954775296,4.535669267919611,7,0,4309.52279835841,7.43,1,0.2085142735103581,0.0630136927685066,0.108740408010481,11010,0.13386295928500497,2107.67
2022,12,Usera,7,Pradolongo,127,0.02481678880746169,0.11175882744836776,10.207602950299584,17501,8.570938803496943e-4,159.18590855161085,2.9050632911392404,0.1635,0.3983,0.083765752409192,796,0.3530150753768844,0.00251256281407035,0.13442211055276382,0.00628140703517588,0.00753768844221105,0.18644648877207015,0.13519227472715845,154.79354030053676,0.09022191622083613,0.2090705770593963,0.10330133997346176,0.00845842550544935,0.21451195954775296,4.535669267919611,6,0,4353.234073261076,7.13,1,0.2333580938232101,0.05538507051943586,0.0831213526859195,9489,0.1395736175882745,2280.362
2022,13,Puente de Vallecas,1,Entrevías,131,0.02467971390395347,0.11428122298200112,9.34492599341264,34797,0.01287467310400321,58.088715484184256,2.726558201681993,0.1866,0.3839,0.07742782152230972,699,0.2761087267525036,0.00143061516452074,0.16022889842632332,0.0100143061516452,0.0228898426323319,0.131965399316033,0.09845676351409605,138.7406266767093,0.08967315984712115,0.1858727798879467,0.0819321211814389,0.01973613235865148,0.16827930978874375,3.054678706532502,7,0,5421.836615386178,10.53,1,0.20036210018105008,0.04853222830786971,0.0644791626876504,10225,0.1332232963923603,1826.99
2022,13,Puente de Vallecas,2,San Diego,132,0.02807642685998648,0.14541991767524728,11.510870277033057,43053,0.01974310733282233,401.0655201420694,2.6362351784726914,0.1335,0.3721,0.10071707953063884,1607,0.36963285625388925,0.00248911014312383,0.104542626011201,0.00995644057249533,0.01369010578718108,0.24156272501335563,0.1634961559008664,138.7406266767093,0.08967315984712115,0.1858727798879467,0.0819321211814389,0.01973613235865148,0.16827930978874375,3.054678706532502,7,2,4343.126330531005,8.62,0,0.2464868882540125,0.06623689116755999,0.11544996756155582,9769,0.20710204583154143,2143.48
2022,13,Puente de Vallecas,3,Palomeras Bajas,133,0.02410673007066904,0.12515685886004888,9.99474253008224,40019,0.01022014543092031,231.65496838563723,2.6375404530744335,0.17420000000000002,0.34130000000000005,0.08422555317630265,793,0.30138713745271123,0,0.10970996216897856,0.01513240857503152,0.02648171500630517,0.11966815762512806,0.09348059671655964,138.7406266767093,0.08967315984712115,0.1858727798879467,0.0819321211814389,0.01973613235865148,0.16827930978874375,3.054678706532502,9,2,5299.0997356729995,7.94,0,0.1930333091781404,0.04345358707900339,0.1430303824850054,13270,0.15269797239284064,2128.24
2022,13,Puente de Vallecas,4,Palomeras Sureste,134,0.02562356873181902,0.13127437024200037,10.111998699484625,42637,0.01454136078992424,136.84616869330245,2.632914526211549,0.1848,0.3647,0.11252900232018562,919,0.2720348204570185,0.00326441784548422,0.12295973884657237,0.01088139281828074,0.01523394994559303,0.11949715036236132,0.09163402678424842,138.7406266767093,0.08967315984712115,0.1858727798879467,0.0819321211814389,0.01973613235865148,0.16827930978874375,3.054678706532502,12,2,6728.434776921601,8.28,0,0.20273471398081477,0.04598180535966148,0.114281378054333,12654,0.14018691588785046,2148.95
2022,13,Puente de Vallecas,5,Portazgo,135,0.02505988575640317,0.117191818684356,10.254705393892271,28361,0.01050738690455202,226.8449369629808,2.6026349732817393,0.2141,0.3733,0.06862745098039216,874,0.35354691075514877,0.0011441647597254,0.13043478260869565,0.0148741418764302,0.0091533180778032,0.12869785973696274,0.09315609463700152,138.7406266767093,0.08967315984712115,0.1858727798879467,0.0819321211814389,0.01973613235865148,0.16827930978874375,3.054678706532502,11,1,5623.0531374149605,9.66,0,0.2009449596276577,0.04461641120039646,0.09594365939543605,11169,0.14777962041643633,2061.83
2022,13,Puente de Vallecas,6,Numancia,136,0.02326716563618613,0.13558954333441806,11.124163041740736,47459,0.01498135232516488,255.8758314855876,2.5661134613298624,0.1859,0.3618,0.09392712550607288,1386,0.3333333333333333,0.00216450216450216,0.11038961038961038,0.00937950937950938,0.01082251082251082,0.17990265281611495,0.1293537579805727,138.7406266767093,0.08967315984712115,0.1858727798879467,0.0819321211814389,0.01973613235865148,0.16827930978874375,3.054678706532502,9,0,4377.421684034425,8.47,1,0.22476242651551867,0.05532242887940145,0.129983512176663,11478,0.18147304479878512,2194.78
2022,14,Moratalaz,1,Pavones,141,0.0185805665549802,0.11940298507462686,10.294006831268147,8763,0.00844459659933812,86.35238189561255,2.655802619555285,0.2686,0.3676,0.05681818181818181,167,0.2155688622754491,0,0.11976047904191615,0.01197604790419161,0.04191616766467065,0.09665639621134314,0.06949674768914756,130.9673270810175,0.02586002238579722,0.2122423161274947,0.01960880896312888,0.0405360383973845,0.09756467150124472,0.692863078600028,10,1,6486.612033542536,7.29,0,0.16067556772794706,0.04142000229384103,0.1928705984639907,15476,0.10569600974718243,2357.79
2022,14,Moratalaz,2,Horcajo,142,0.03333333333333333,0.1228310502283105,10.567835588808675,6364,0.00361407919547454,85.18568172677303,2.9013698630136986,0.1064,0.25,0.06015037593984962,103,0.3300970873786408,0,0.10679611650485436,0,0,0.071024512884978,0.07165304839723445,130.9673270810175,0.02586002238579722,0.2122423161274947,0.01960880896312888,0.0405360383973845,0.09756467150124472,0.692863078600028,10,0,6656.046390097287,7.14,1,0.14456316781898176,0.03206248032735285,0.3382386235001132,18165,0.13378995433789953,3648.54
2022,14,Moratalaz,3,Marroquina,143,0.01712487272054059,0.09645468851245025,11.109538598538736,26377,0.00803730522803958,146.90240768672143,2.434231232065167,0.2853,0.3819,0.06093189964157706,820,0.325609756097561,0,0.13414634146341464,0.01341463414634146,0.01585365853658536,0.0744588088107063,0.06729347537627478,130.9673270810175,0.02586002238579722,0.2122423161274947,0.01960880896312888,0.0405360383973845,0.09756467150124472,0.692863078600028,8,0,5474.216389082998,6.56,1,0.16051863365811125,0.02726717116020839,0.27515236755743083,19035,0.11422752938998426,3143.33
2022,14,Moratalaz,4,Media Legua,144,0.01944327878024898,0.10071338648762064,11.092089000924998,17409,0.01137342753748061,173.94394394394394,2.4306896069380333,0.2862,0.35509999999999997,0.04308797127468582,404,0.25,0,0.11386138613861388,0.01237623762376237,0.03465346534653465,0.096559250962146,0.08214142110402665,130.9673270810175,0.02586002238579722,0.2122423161274947,0.01960880896312888,0.0405360383973845,0.09756467150124472,0.692863078600028,7,2,4094.469073486074,8.01,0,0.17559882819231432,0.03600218679864188,0.24096471766979177,16896,0.1331654776891873,2904.81
2022,14,Moratalaz,5,Fontarrón,145,0.02322543184787342,0.11380461605457975,10.408289501510506,17097,0.01503187693747441,176.69500311009747,2.4740891275947163,0.2419,0.4708,0.02352941176470588,325,0.4430769230769231,0,0.10153846153846154,0.0123076923076923,0.02153846153846153,0.13698309644966952,0.103409954962859,130.9673270810175,0.02586002238579722,0.2122423161274947,0.01960880896312888,0.0405360383973845,0.09756467150124472,0.692863078600028,10,0,5210.58502616521,7.68,1,0.19196350236883664,0.05645780333255106,0.16262082195823802,13385,0.14109449847583105,2509.27
2022,14,Moratalaz,6,Vinateros,146,0.01940133037694013,0.10559866962305987,10.848535234500858,16649,0.01141209682263199,279.44444444444446,2.3003048780487805,0.2864,0.4819,0.03614457831325301,323,0.4489164086687306,0,0.08978328173374613,0.03715170278637771,0.00309597523219814,0.11682383326325906,0.0863715538470779,130.9673270810175,0.02586002238579722,0.2122423161274947,0.01960880896312888,0.0405360383973845,0.09756467150124472,0.692863078600028,9,1,5433.702059193246,6.3,0,0.1732236170340561,0.05016073859871076,0.19878057738926028,14899,0.15119179600886917,2544.08
2022,15,Ciudad Lineal,1,Ventas,151,0.0197,0.12445,11.627226564644886,47975,0.01521625846795205,149.47154471544715,2.39005,0.2302,0.4285,0.0929112181693049,1579,0.29575680810639643,0.0012666244458518,0.10956301456618112,0.01393286890436985,0.01393286890436985,0.17625846795205835,0.10684731631057842,116.42206306381868,0.21211726164648256,0.1736006007300483,0.02797386238516959,0.01693402093780421,0.14200696570907645,1.5260381719227616,8,1,4882.186885724673,6.42,0,0.2152579468473163,0.05915428965921215,0.20352381936550584,14440,0.17345,2995.68
2022,15,Ciudad Lineal,2,Pueblo Nuevo,152,0.02025211820624095,0.11808224839842944,11.125762638254455,62154,0.01393313382887666,267.0532942393929,2.559826410415375,0.2183,0.3636,0.07036535859269283,2148,0.33379888268156427,0.00325884543761638,0.11126629422718808,0.01303538175046555,0.01582867783985102,0.14784245583550537,0.11278437429610325,116.42206306381868,0.21211726164648256,0.1736006007300483,0.02797386238516959,0.01693402093780421,0.14200696570907645,1.5260381719227616,9,3,5945.604598047828,6.36,0,0.2070984972809473,0.05652492128844758,0.1850948344209307,13996,0.15085761520975408,2946.9
2022,15,Ciudad Lineal,3,Quintana,153,0.01994603969936403,0.1374060512622856,12.390925919856366,24277,0.01664126539523005,334.43507122113124,2.330217768356138,0.2176,0.4053,0.05220667384284176,1174,0.3390119250425894,8.517887563884157e-4,0.12095400340715502,0.01788756388415673,0.0110732538330494,0.19273386332742928,0.12101989537422252,116.42206306381868,0.21211726164648256,0.1736006007300483,0.02797386238516959,0.01693402093780421,0.14200696570907645,1.5260381719227616,9,4,5499.8856458525215,6.32,0,0.2277052354079993,0.06791275689533971,0.25758806212567253,15406,0.20177298130661017,3401.96
2022,15,Ciudad Lineal,4,La Concepción,154,0.0241097102410971,0.12618889626188895,12.581730625336624,20512,0.01477184087363494,230.725815554803,2.2605618226056183,0.2424,0.4039,0.04865220249835635,911,0.3205268935236004,0.00548847420417124,0.145993413830955,0.00987925356750823,0.02305159165751921,0.14874219968798752,0.10749804992199688,116.42206306381868,0.21211726164648256,0.1736006007300483,0.02797386238516959,0.01693402093780421,0.14200696570907645,1.5260381719227616,8,1,5286.907708726859,5.6,0,0.19798166926677063,0.05972857142857143,0.3173728813559322,17968,0.19166113691661135,4069.36
2022,15,Ciudad Lineal,5,San Pascual,155,0.0242472688515854,0.11097788435917932,13.309621721662044,17594,0.01250426281686938,166.6761660492068,2.3375965893951505,0.27690000000000003,0.33590000000000003,0.02808988764044943,561,0.3155080213903743,0.0071301247771836,0.12299465240641712,0.0089126559714795,0.017825311942959,0.13737637831078778,0.08082300784358304,116.42206306381868,0.21211726164648256,0.1736006007300483,0.02797386238516959,0.01693402093780421,0.14200696570907645,1.5260381719227616,8,1,5179.583350579988,5.71,0,0.17045583721723315,0.04106090276986207,0.33717885200651143,21045,0.1618705035971223,4257.74
2022,15,Ciudad Lineal,6,San Juan Bautista,156,0.02925531914893617,0.1018821603927987,14.123469761296857,12310,0.01112916328188464,121.5571824297586,2.513707037643208,0.2248,0.3429,0.00202020202020202,398,0.26884422110552764,0.00251256281407035,0.14321608040201006,0.01256281407035176,0.01758793969849246,0.11039805036555646,0.08456539398862713,116.42206306381868,0.21211726164648256,0.1736006007300483,0.02797386238516959,0.01693402093780421,0.14200696570907645,1.5260381719227616,8,2,5517.381608968283,4.06,0,0.16645004061738425,0.06105653129323675,0.527114267269206,26934,0.161620294599018,4836.38
2022,15,Ciudad Lineal,7,Colina,157,0.04033485540334855,0.11453576864535768,14.630938627287945,6363,0.01194405154801194,113.23923530462748,2.4117199391171993,0.2381,0.3148,0.01288659793814433,282,0.1914893617021277,0.00709219858156028,0.08865248226950355,0.01773049645390071,0.03191489361702127,0.1382995442401383,0.0920949237780921,116.42206306381868,0.21211726164648256,0.1736006007300483,0.02797386238516959,0.01693402093780421,0.14200696570907645,1.5260381719227616,8,0,5876.295848019207,5.27,1,0.17067421027817067,0.05854048595771537,0.508682328907048,26589,0.18531202435312025,4920.05
2022,15,Ciudad Lineal,8,Atalaya,158,0.04682274247491638,0.09866220735785954,15.451411469598654,1606,0.0136986301369863,64.56408196062675,2.6872909698996654,0.2284,0.2861,0.0217391304347826,31,0.12903225806451613,0,0.12903225806451613,0,0.03225806451612903,0.10834371108343711,0.08717310087173101,116.42206306381868,0.21211726164648256,0.1736006007300483,0.02797386238516959,0.01693402093780421,0.14200696570907645,1.5260381719227616,7,0,6201.670850629291,3.74,1,0.14383561643835616,0.07338817672682016,0.553781512605042,30030,0.1956521739130435,5625.3
2022,15,Ciudad Lineal,9,Costillares,159,0.02698313554028732,0.09269206745783884,13.91036434505316,21817,0.00980886464683503,152.52242152466368,2.719300437226733,0.2291,0.308,0.01041666666666666,386,0.25906735751295334,0.0077720207253886,0.13471502590673576,0.01295336787564766,0.02849740932642487,0.09781363157171014,0.08250446899207041,116.42206306381868,0.21211726164648256,0.1736006007300483,0.02797386238516959,0.01693402093780421,0.14200696570907645,1.5260381719227616,11,2,7261.663100362989,4.28,0,0.15423752119906495,0.0273973539140022,0.5447881724437819,27877,0.1235477826358526,4692.53
2022,16,Hortaleza,1,Palomas,161,0.03244191144234985,0.08461201227531784,14.639461428845673,6942,0.01195620858542206,64.86714071856288,3.039456378781236,0.16149999999999998,0.2188,0.0119047619047619,143,0.25874125874125875,0.01398601398601398,0.14685314685314685,0.00699300699300699,0.04195804195804196,0.09680207433016422,0.08455776433304524,98.90385561381416,0.2376049406513152,0.3774121498158808,0.05753943637592993,0.02371460070355628,0.10560617792295032,2.172656524162418,13,0,8460.640556816981,3.93,1,0.13180639585133966,0.07267083513630462,0.5667580679181607,32620,0.09732573432704954,3990.82
2022,16,Hortaleza,2,Piovera,162,0.02726171243941841,0.09612277867528272,15.100382316371478,14963,0.00701730936309563,47.61116065740859,3.018578352180937,0.1558,0.2495,0.00273972602739726,317,0.1798107255520505,0.00630914826498422,0.138801261829653,0.0252365930599369,0.05047318611987381,0.10746508053197888,0.07912851700862127,98.90385561381416,0.2376049406513152,0.3774121498158808,0.05753943637592993,0.02371460070355628,0.10560617792295032,2.172656524162418,9,0,7272.732429305579,3.17,1,0.14870012697988372,0.12083601819641424,0.5799733739064283,32720,0.13025040387722134,5397.85
2022,16,Hortaleza,3,Canillas,163,0.02066089986931358,0.10566930113883875,12.350315144309947,39812,0.00811313171907967,157.41526263627352,2.471093409670795,0.275,0.3233,0.10344827586206896,1377,0.30718954248366015,0.00217864923747276,0.11256354393609296,0.01888162672476398,0.02541757443718228,0.09256003215111022,0.0763588867678087,98.90385561381416,0.2376049406513152,0.3774121498158808,0.05753943637592993,0.02371460070355628,0.10560617792295032,2.172656524162418,9,2,7296.31289498252,5.57,0,0.17130513413041293,0.04660430140022162,0.2785296783671428,19059,0.13591387142946046,3629.84
2022,16,Hortaleza,4,Pinar del Rey,164,0.02365400765139498,0.1139777922926192,11.689922453450114,52031,0.01074359516442121,194.55118583008104,2.418773910609312,0.2646,0.3546,0.13920056100981767,1446,0.372060857538036,0.00484094052558782,0.1037344398340249,0.01728907330567081,0.01867219917012448,0.10597528396532836,0.08648690203916895,98.90385561381416,0.2376049406513152,0.3774121498158808,0.05753943637592993,0.02371460070355628,0.10560617792295032,2.172656524162418,7,6,7830.265125778066,6.66,0,0.1829294074686245,0.04676764910114961,0.22087927962633025,15917,0.1408976392647196,3223.52
2022,16,Hortaleza,5,Apóstol Santiago,165,0.02396029436933082,0.11586513777169262,10.947013388000144,15435,0.00945902170391966,127.57447514729068,2.6311826116720862,0.2153,0.35979999999999995,0.07073170731707316,240,0.375,0,0.15833333333333333,0.0125,0.02916666666666666,0.10249433106575964,0.08733398121153223,98.90385561381416,0.2376049406513152,0.3774121498158808,0.05753943637592993,0.02371460070355628,0.10560617792295032,2.172656524162418,12,1,7594.745424567081,6.75,0,0.1752510528020732,0.03676784181084948,0.26416199481214964,17164,0.1316104740715386,3461.16
2022,16,Hortaleza,6,Valdefuentes,166,0.0555702333773668,0.12531924262439453,13.6422542838286,64589,0.02110266454040161,38.889182569470144,2.9154557463672393,0.07690000000000001,0.2112,0.03020134228187919,845,0.23550295857988163,0.00236686390532544,0.1727810650887574,0.00828402366863905,0.0272189349112426,0.1427797302946322,0.09264735481273902,98.90385561381416,0.2376049406513152,0.3774121498158808,0.05753943637592993,0.02371460070355628,0.10560617792295032,2.172656524162418,9,0,10324.991527205424,3.69,1,0.176160027249222,0.05696331369883703,0.5336536229865849,23444,0.17895200352267723,4162.66
2022,17,Villaverde,1,"Villaverde Alto, Casco Histórico de Villaverde",171,0.02740055281817089,0.11951688498978488,9.361930869446526,46332,6.475006475006475e-4,49.878966024033886,2.7734647277971396,0.1637,0.3788,0.03828828828828828,2625,0.2259047619047619,0.00152380952380952,0.05980952380952381,0.00533333333333333,0.01409523809523809,0.1629543296209963,0.10929810929810928,171.77290037847368,0.3777232429208479,0.1927731692531284,0.092699778573114,0.04459729809513835,0.1803821126055555,1.0576524263790958,11,2,8429.326864195527,9.25,0,0.2039195372528706,0.06433452638876849,0.09628250625399964,10904,0.14853983896166326,1938.69
2022,17,Villaverde,2,San Cristóbal,172,0.02664092664092664,0.10965250965250964,8.881597718658542,16675,0.00953523238380809,153.71824480369514,3.212355212355212,0.1126,0.4554,0.03563474387527839,278,0.4136690647482014,0,0.16906474820143885,0.01438848920863309,0.03237410071942446,0.20515742128935532,0.14662668665667167,171.77290037847368,0.3777232429208479,0.1927731692531284,0.092699778573114,0.04459729809513835,0.1803821126055555,1.0576524263790958,11,0,8593.622960340828,10.09,1,0.23646176911544228,0.04871201923076929,0.05892964521948286,7700,0.12722007722007722,1421.79
2022,17,Villaverde,3,Butarque,173,0.04762552728262349,0.14260443597768405,9.73417120847053,20841,0.00570989875725732,32.645282722923696,2.832085998094979,0.0886,0.2423,0.02257336343115124,324,0.3333333333333333,0.00308641975308641,0.12037037037037036,0.01543209876543209,0.01543209876543209,0.11362218703517106,0.08401708171392927,171.77290037847368,0.3777232429208479,0.1927731692531284,0.092699778573114,0.04459729809513835,0.1803821126055555,1.0576524263790958,10,0,9220.484973883558,6.5,1,0.18693920637205508,0.05412115024263679,0.1605601923893054,12901,0.16002177166961493,2093.01
2022,17,Villaverde,4,Los Rosales,174,0.02295995182174044,0.12323095453176754,9.639346211952116,37441,0.00595603749899842,242.22106834555723,2.8093194820837097,0.1705,0.3245,0.06424936386768448,929,0.4015069967707212,0,0.11840688912809472,0.01184068891280947,0.01614639397201291,0.12940359498945006,0.1002377073261932,171.77290037847368,0.3777232429208479,0.1927731692531284,0.092699778573114,0.04459729809513835,0.1803821126055555,1.0576524263790958,10,1,6973.898784029635,7.61,0,0.18378248444218903,0.05788474771564081,0.11502590673575128,12095,0.12458596808190305,1931.08
2022,17,Villaverde,5,Ángeles,175,0.0229043315674665,0.10906824555936429,9.205125281941006,33015,5.754959866727245e-4,170.00465044179197,2.563181676534746,0.2439,0.4222,0.0494296577946768,795,0.4440251572327044,0,0.1119496855345912,0.01635220125786163,0.01257861635220125,0.1766166893836135,0.102044525215811,171.77290037847368,0.3777232429208479,0.1927731692531284,0.092699778573114,0.04459729809513835,0.1803821126055555,1.0576524263790958,9,1,6844.387300119114,7.44,0,0.20093896713615025,0.05489308227713443,0.13181922811325095,12965,0.12270177625428484,1903.27
2022,18,Villa de Vallecas,1,Casco Histórico de Vallecas,181,0.02944735780556676,0.1255882748420062,10.4578821231657,39659,0.01301091807660304,9.194371589396434,2.6608847653623773,0.1686,0.32439999999999997,0.03906633906633906,2687,0.1734276144398958,0.00372162262746557,0.07294380349832527,0.00930405656866393,0.00818756978042426,0.1404725283037898,0.10411255957033712,293.26161825906394,0.25940396311336106,0.1294281894899997,0.12043412272143734,0.00555260174321243,0.13113040751805047,0.535191443887436,14,4,10796.278894705025,9.83,0,0.19632365919463424,0.06109078275809791,0.0900866943083302,11290,0.15167406212182333,2249.42
2022,18,Villa de Vallecas,2,Santa Eugenia,182,0.01733848702374378,0.10590833793484264,9.064049970185506,24190,0.00793716411740388,115.90231708489569,2.662617338487024,0.237,0.2317,0.0474006116207951,479,0.3569937369519833,0,0.10855949895615868,0.0208768267223382,0.04384133611691023,0.07040099214551468,0.06544026457213725,293.26161825906394,0.25940396311336106,0.1294281894899997,0.12043412272143734,0.00555260174321243,0.13113040751805047,0.535191443887436,13,0,8760.143846746487,7.14,1,0.18726746589499793,0.06902028204064703,0.1831755280407866,16090,0.09409166206515736,2329.55
2022,18,Villa de Vallecas,3,Ensanche de Vallecas,183,0.05696640316205533,0.17099802371541503,12.396626768869382,51250,0.01213658536585365,80.63112078346028,2.526136363636364,0.0509,0.2211,0.00418848167539267,727,0.4346629986244842,0,0.15955983493810175,0.01100412654745529,0.01650618982118294,0.14774634146341464,0.1037658536585366,293.26161825906394,0.25940396311336106,0.1294281894899997,0.12043412272143734,0.00555260174321243,0.13113040751805047,0.535191443887436,16,1,10345.169175936604,5.82,0,0.2393560975609756,0.05147484402198361,0.29257568070353457,15742,0.27865612648221344,2980.25
2022,19,Vicalvaro,1,Casco Histórico de Vicálvaro,191,0.02538829151732377,0.119026284348865,10.220793869641572,35180,0.01176805002842524,16.32347330907873,2.6199223416965354,0.2032,0.4127,0.07054871220604703,1132,0.3303886925795053,8.833922261484099e-4,0.11130742049469965,0.01236749116607773,0.02385159010600706,0.13325753268902785,0.09823763501989768,415.5125170898745,0.06511387785916622,0.09136900333887336,0.4985225970151737,0.08254305549172468,0.12191155707946752,9.169992320572057,11,4,11070.104037586229,9.19,0,0.19144400227401936,0.09573638488285928,0.10248830682881198,11597,0.14015830346475508,2441.88
2022,19,Vicalvaro,2,Valdebernardo,192,0.02034454470877768,0.12649712879409353,8.99754855730282,17449,0.00389707146541349,68.22042190129545,2.859885151763741,0.13119999999999998,0.2453,0.04,324,0.38580246913580246,0,0.11728395061728394,0.00308641975308641,0.02469135802469135,0.08017651441343343,0.06991804687947734,415.5125170898745,0.06511387785916622,0.09136900333887336,0.4985225970151737,0.08254305549172468,0.12191155707946752,9.169992320572057,11,0,7725.9439756577085,7.81,1,0.15783139434924637,0.02804773679077506,0.24574669187145556,16397,0.12502050861361771,2583.79
2022,19,Vicalvaro,3,Valderrivas,193,0.05091197462331483,0.12513877874702617,10.350542242898854,17904,0.00536193029490616,277.782960199005,2.8337827121332277,0.0663,0.2878,0,98,0.3469387755102041,0,0.14285714285714285,0.02040816326530612,0,0.0619414655942806,0.06590705987488829,415.5125170898745,0.06511387785916622,0.09136900333887336,0.4985225970151737,0.08254305549172468,0.12191155707946752,9.169992320572057,14,0,8888.946624552194,4.59,1,0.10131814119749775,0.02208209548329322,0.2877277414919216,16960,0.15511498810467883,3345.94
2022,19,Vicalvaro,4,El Cañaveral,194,0.03485477178423236,0.2492392807745505,10.349497126436782,8900,0.13348314606741574,8.458243098833965,2.474135546334717,0.0229,0.1659,0,78,0.32051282051282054,0,0.1794871794871795,0.03846153846153846,0.01282051282051282,0.4815730337078652,0.06910112359550562,415.5125170898745,0.06511387785916622,0.09136900333887336,0.4985225970151737,0.08254305549172468,0.12191155707946752,9.169992320572057,22,0,13555.048065442255,3.62,1,0.3813483146067416,0.0598484794275492,0.3376845376845377,18492,0.26500691562932227,2608.58
2022,20,San Blas-Canillejas,1,Simancas,201,0.02857656362329259,0.14656721782890006,13.202186912406315,28228,0.01356808842284256,126.51671572288365,2.5315420560747666,0.1563,0.3999,0.03212290502793296,1110,0.23243243243243245,0.0081081081081081,0.16486486486486487,0.01531531531531531,0.01891891891891892,0.1627816352557744,0.1219710925322375,155.86836109314868,0.12468940008690862,0.19673279198534643,0.0460736685611581,0.08010673170222808,0.12809305782105138,1.92299240973613,11,2,7030.432034855219,7.11,0,0.20993339946152756,0.06880638599978703,0.21771457781495424,14931,0.18943206326383896,2849.47
2022,20,San Blas-Canillejas,2,Hellín,202,0.02082206598161168,0.1157382368848026,11.131390632151575,9332,0.020145735105015,170.26879767526333,2.507842076798269,0.2066,0.5292,0.06349206349206349,90,0.3,0,0.1111111111111111,0.01111111111111111,0.03333333333333333,0.15473639091298758,0.10458636948135448,155.86836109314868,0.12468940008690862,0.19673279198534643,0.0460736685611581,0.08010673170222808,0.12809305782105138,1.92299240973613,13,0,7594.896097053899,9.37,1,0.2098156879554222,0.05286700452879016,0.10560965573995336,11453,0.14494321254732287,1876.12
2022,20,San Blas-Canillejas,3,Amposta,203,0.02856301531213192,0.11395759717314488,11.85081464872219,8764,0.01939753537197626,241.42587091547392,2.5647820965842167,0.17859999999999998,0.4647,0.06919642857142858,218,0.4678899082568808,0.0091743119266055,0.13302752293577982,0.0091743119266055,0.00458715596330275,0.20492925604746692,0.1347558192606116,155.86836109314868,0.12468940008690862,0.19673279198534643,0.0460736685611581,0.08010673170222808,0.12809305782105138,1.92299240973613,13,1,7068.520027681723,10.07,0,0.2159972615244181,0.05634052812858783,0.08130572767115007,10374,0.16666666666666666,1833.19
2022,20,San Blas-Canillejas,4,Arcos,204,0.02577989601386482,0.12250866551126516,11.183610179348438,25022,0.01310846455119495,190.43058535090407,2.703639514731369,0.16940000000000002,0.415,0.0319634703196347,354,0.4096045197740113,0,0.1553672316384181,0.01977401129943503,0.01129943502824858,0.12149308608424586,0.08920150267764368,155.86836109314868,0.12468940008690862,0.19673279198534643,0.0460736685611581,0.08010673170222808,0.12809305782105138,1.92299240973613,10,2,7390.381611996103,7.66,0,0.17156901926304852,0.03768685897435897,0.15855826733473413,13771,0.13897313691507798,2465.83
2022,20,San Blas-Canillejas,5,Rosas,205,0.0263633080534489,0.1117732033224991,11.05484495196764,30963,0.00477989858863805,34.31721615661808,2.7886421090646443,0.155,0.284,0.03304347826086956,879,0.2502844141069397,0.00113765642775881,0.24004550625711035,0.00910125142207053,0.02161547212741752,0.06443174111035753,0.06149274941058683,155.86836109314868,0.12468940008690862,0.19673279198534643,0.0460736685611581,0.08010673170222808,0.12809305782105138,1.92299240973613,12,3,9425.773254341557,5.09,0,0.1303491263766431,0.03153386861786513,0.2786036036036036,18732,0.11836403033586132,4245.07
2022,20,San Blas-Canillejas,6,Rejas,206,0.04361873990306947,0.15303275077103834,12.252457457575678,17008,0.0139934148635936,34.54752078473593,2.492436481127919,0.1156,0.3651,0.02476780185758514,712,0.27808988764044945,0.02528089887640449,0.12640449438202248,0.00702247191011235,0.03932584269662921,0.17197789275634995,0.13258466603951083,155.86836109314868,0.12468940008690862,0.19673279198534643,0.0460736685611581,0.08010673170222808,0.12809305782105138,1.92299240973613,13,0,11809.63820196371,4.64,1,0.19931796801505175,0.08642150727711981,0.3453394986614748,17843,0.23263327948303716,3040.61
2022,20,San Blas-Canillejas,7,Canillejas,207,0.02365844815083393,0.11693255982596085,10.761769197760712,28651,0.01099438064989005,182.58121049007948,2.58711022480058,0.23260000000000003,0.33399999999999996,0.05521091811414392,980,0.37142857142857144,0.0010204081632653,0.12142857142857144,0.01530612244897959,0.01326530612244897,0.13524833339150466,0.10003141251614256,155.86836109314868,0.12468940008690862,0.19673279198534643,0.0460736685611581,0.08010673170222808,0.12809305782105138,1.92299240973613,13,1,8480.24735908624,7,0,0.1942689609437716,0.0708456781472268,0.16964166481192966,14371,0.12962291515591007,2485.67
2022,20,San Blas-Canillejas,8,El Salvador,208,0.02083810396152965,0.10831234256926953,11.952511665210617,11315,0.00804242156429518,61.25206106058189,2.580490038928326,0.225,0.3191,0.03529411764705882,219,0.1643835616438356,0.0045662100456621,0.182648401826484,0.0228310502283105,0.0410958904109589,0.07909854175872735,0.06990720282810428,155.86836109314868,0.12468940008690862,0.19673279198534643,0.0460736685611581,0.08010673170222808,0.12809305782105138,1.92299240973613,12,1,6971.5342346356165,5.63,0,0.16668139637649138,0.04851110125122016,0.4010458110719563,24590,0.13258529883215023,3921.23
2022,21,Barajas,1,Alameda de Osuna,211,0.02988691437802908,0.08198707592891762,11.306704182144877,19694,0.01635015740834772,97.83389947324372,2.647011308562197,0.2626,0.2341,0.02697495183044316,379,0.35092348284960423,0.01319261213720316,0.14511873350923482,0.01055408970976253,0.0395778364116095,0.07692698283741241,0.06682238245150807,299.1842548191811,0.3691170897150882,0.2868174669317855,0.02148060577874205,0.07867472778028509,0.09445500371870091,1.2944081567627848,14,2,10497.654905582836,4.15,0,0.13176602010764699,0.03732082188993999,0.4027243913952391,22882,0.0971997845988153,3486.01
2022,21,Barajas,2,Aeropuerto,212,0.03047895500725689,0.12481857764876632,11.111111111111112,1902,0.00946372239747634,0.6441956655845799,2.7503628447024675,0.1472,0.4194,0.01557093425605536,452,0.3561946902654867,0.00663716814159292,0.24336283185840707,0,0.00442477876106194,0.14511041009463724,0.11146161934805468,299.1842548191811,0.3691170897150882,0.2868174669317855,0.02148060577874205,0.07867472778028509,0.09445500371870091,1.2944081567627848,10,2,13760.414182366178,6.68,0,0.2092534174553102,0.07122981530343006,0.10799438990182328,11509,0.15239477503628446,4162.66
2022,21,Barajas,3,Casco Histórico de Barajas,213,0.02091917591125198,0.1641838351822504,11.956552685524944,7393,0.01623157040443663,140.78995267564616,2.3299524564183836,0.199,0.31920000000000004,0.08364312267657993,355,0.30985915492957744,0.04788732394366197,0.19154929577464788,0.02535211267605634,0.01408450704225352,0.14337887190585688,0.11226836196402,299.1842548191811,0.3691170897150882,0.2868174669317855,0.02148060577874205,0.07867472778028509,0.09445500371870091,1.2944081567627848,11,0,12378.237480023698,5.58,1,0.2349519816042202,0.08922685348932119,0.1607889018886846,15211,0.21362916006339144,3202.44
2022,21,Barajas,4,Timón,214,0.04392649036306589,0.13715822501120573,11.987094663424502,13605,0.00867328188166115,26.97149049683228,2.6658449125952486,0.1179,0.3079,0.03804347826086957,254,0.1968503937007874,0.01968503937007874,0.13779527559055119,0.00787401574803149,0.03149606299212598,0.09231900036751196,0.07622197721425947,299.1842548191811,0.3691170897150882,0.2868174669317855,0.02148060577874205,0.07867472778028509,0.09445500371870091,1.2944081567627848,11,1,10789.995183450248,5.1,0,0.199191473722896,0.04855527532576714,0.29278908363721917,18114,0.1898251904975347,3505.72
2022,21,Barajas,5,Corralejos,215,0.04940635771734968,0.11068556108770586,13.728613997543414,7622,0.01233272107058514,16.710540395933656,2.9111451551129837,0.1024,0.2738,0.0032051282051282,244,0.0942622950819672,0.01639344262295082,0.3729508196721312,0.0040983606557377,0.04508196721311475,0.09236420886906324,0.08239307268433482,299.1842548191811,0.3691170897150882,0.2868174669317855,0.02148060577874205,0.07867472778028509,0.09445500371870091,1.2944081567627848,9,1,9764.470276030066,3.44,0,0.11296247704014696,0.04487018813314038,0.5141773162939297,27228,0.15894293374186136,3673.5
2023,1,Centro,1,Palacio,011,0.01606050305914344,0.18720258327668252,16.40126493699277,23642,0.01091278233651975,159.88162460031293,1.997025832766825,0.1929,0.3002,0.03006189213085764,1702,0.2978848413631022,0.02761457109283196,0.32608695652173914,0.01116333725029377,0.03466509988249119,0.1317993401573471,0.10654766940191183,267.74039571281287,0.4165673007253531,0.12933874185520797,0.03086122537884502,0.0321666768542981,0.242399077938534,0.8395409960478836,1,4,834.2995407682666,5.9,0,0.27180441587006177,0.12285459342155652,0.4737682026730501,23770,0.3392250169952413,5659.44
2023,1,Centro,2,Embajadores,012,0.0153987891550408,0.1978590857243134,16.1840636078838,46478,0.0161366668101037,446.9768791719067,2.0270246556111258,0.1375,0.3103,0.03920595533498759,2856,0.46043417366946776,0.02205882352941176,0.16946778711484595,0.00490196078431372,0.01540616246498599,0.175050561556005,0.13597831231980723,267.74039571281287,0.4165673007253531,0.12933874185520797,0.03086122537884502,0.0321666768542981,0.242399077938534,0.8395409960478836,1,7,913.3758849186464,5.9,0,0.32938164292783684,0.11736697255648865,0.4065491953554696,18177,0.3846187593226288,4825.25
2023,1,Centro,3,Cortes,013,0.01129032258064516,0.20197132616487457,16.808030426310683,10863,0.01657000828500414,182.7335698597736,1.9383512544802868,0.17370000000000002,0.2954,0.00575125808770668,1178,0.30390492359932086,0.04414261460101867,0.3522920203735144,0.00424448217317487,0.03225806451612903,0.1543772438552886,0.12841756420878211,267.74039571281287,0.4165673007253531,0.12933874185520797,0.03086122537884502,0.0321666768542981,0.242399077938534,0.8395409960478836,1,1,710.3836290668983,4.84,0,0.31123998895332783,0.17062366863905326,0.5208916648718501,24671,0.3695340501792115,6099.39
2023,1,Centro,4,Justicia,014,0.01412614980289093,0.1964520367936925,18.04320470388533,18322,0.01762907979478223,246.4024885041926,1.995072273324573,0.1575,0.32020000000000004,0.00184757505773672,1956,0.4401840490797546,0.01789366053169734,0.25306748466257667,0.00562372188139059,0.02505112474437627,0.1445802859949787,0.12662373103372995,267.74039571281287,0.4165673007253531,0.12933874185520797,0.03086122537884502,0.0321666768542981,0.242399077938534,0.8395409960478836,2,3,971.425331535661,4.67,0,0.307007968562384,0.1628988748010319,0.5439154125583809,28051,0.3832676303109943,7568.22
2023,1,Centro,5,Universidad,015,0.0125542649301889,0.19764167546638509,17.22921347785106,32943,0.01860789849133351,345.81223628691987,1.9232077906840317,0.16010000000000002,0.3104,0.03526697429136453,2395,0.3703549060542798,0.02171189979123173,0.25762004175365344,0.00793319415448851,0.02505219206680584,0.15080593752845825,0.11972194396381627,267.74039571281287,0.4165673007253531,0.12933874185520797,0.03086122537884502,0.0321666768542981,0.242399077938534,0.8395409960478836,2,6,952.2311828537734,4.74,0,0.3286282366511854,0.13149554647225695,0.48592350348357743,22689,0.3954593453009504,5710.69
2023,1,Centro,6,Sol,016,0.01050525262631315,0.20935467733866933,16.59480619992622,7424,0.01656788793103448,183.3370761284527,2.0420210105052528,0.1575,0.2597,0.00425079702444208,1625,0.47015384615384614,0.03138461538461538,0.2923076923076923,0.00184615384615384,0.01784615384615384,0.19154094827586207,0.15786637931034483,267.74039571281287,0.4165673007253531,0.12933874185520797,0.03086122537884502,0.0321666768542981,0.242399077938534,0.8395409960478836,0,7,0,4.77,0,0.31115301724137934,0.17755864772170507,0.4625790324952213,21020,0.3676838419209605,5687.75
2023,2,Arganzuela,1,Imperial,021,0.0169753086419753,0.148559670781893,15.060070532340031,22458,0.00681271707186748,231.32169060659297,2.30298353909465,0.2347,0.3091,0.0328042328042328,725,0.32689655172413795,0.00689655172413793,0.13241379310344828,0.04413793103448275,0.01793103448275862,0.0822424080505833,0.07119957253539941,278.39098070812673,3.243595289751111e-4,0.10122940040616858,0.02908832063015797,0.03164695312631884,0.10297187288002922,2.9058919811044905,6,0,1701.7018392735265,5.13,1,0.1966782438329326,0.03707621174893901,0.42817133443163097,23591,0.20257201646090536,4351.64
2023,2,Arganzuela,2,Acacias,022,0.01830517153097798,0.13261648745519714,15.18465134998721,36207,0.00599331620957273,336.02571268865285,2.308563748079877,0.2576,0.26890000000000003,0.01782042494859493,1227,0.2974735126324368,0.00488997555012224,0.13121434392828035,0.01059494702526487,0.02852485737571312,0.08260833540475598,0.0738255033557047,278.39098070812673,3.243595289751111e-4,0.10122940040616858,0.02908832063015797,0.03164695312631884,0.10297187288002922,2.9058919811044905,4,2,1817.5811850440869,4.9,0,0.21131272958267736,0.0750040024566916,0.43779960443833593,24444,0.19873271889400923,4699.92
2023,2,Arganzuela,3,Chopera,023,0.0191425951398441,0.16001834021091244,14.502780940332835,19864,0.00961538461538461,348.027474462839,2.265130674002751,0.23,0.3627,0.04321608040201005,721,0.3564493758668516,0.00693481276005547,0.13592233009708737,0.00693481276005547,0.02773925104022191,0.11704591220298026,0.09640555779299234,278.39098070812673,3.243595289751111e-4,0.10122940040616858,0.02908832063015797,0.03164695312631884,0.10297187288002922,2.9058919811044905,5,1,2545.018386497575,5.89,0,0.2450664518727346,0.09991984211325336,0.34318016046681254,18830,0.2072443833104081,4173.01
2023,2,Arganzuela,4,Legazpi,024,0.03008872315803009,0.17024559598817024,15.70560886507595,19515,0.00886497565974891,137.6316719688936,2.503278899318503,0.1134,0.20739999999999997,0.02272727272727272,476,0.2647058823529412,0.01050420168067227,0.15966386554621848,0.00840336134453781,0.02100840336134454,0.09095567512170126,0.0787086856264412,278.39098070812673,3.243595289751111e-4,0.10122940040616858,0.02908832063015797,0.03164695312631884,0.10297187288002922,2.9058919811044905,5,1,3482.173002857998,3.81,0,0.19959005892902895,0.04876952509836522,0.5040616538221204,25356,0.22412241224122412,5137.8
2023,2,Arganzuela,5,Delicias,025,0.02174271125020589,0.15812880909240654,15.43159605083659,28700,0.00857142857142857,270.9301223096615,2.3534014165705814,0.1771,0.2916,0.01669941060903733,828,0.33816425120772947,0.00241545893719806,0.16666666666666666,0.0181159420289855,0.01207729468599033,0.11090592334494774,0.08742160278745645,278.39098070812673,3.243595289751111e-4,0.10122940040616858,0.02908832063015797,0.03164695312631884,0.10297187288002922,2.9058919811044905,4,2,2594.8558234431603,4.49,0,0.22689895470383276,0.03025371828521433,0.4337931952268997,22273,0.22467468291879428,4338.14
2023,2,Arganzuela,6,Palos de la Frontera,026,0.01623873490902907,0.1693589525590886,15.48894265856539,25205,0.01317198968458639,387.0604565083282,2.1337357592246216,0.2166,0.3262,0.02288620470438652,1309,0.3124522536287242,0.01145912910618793,0.14591291061879297,0.01986249045072574,0.01757066462948816,0.12358658996230906,0.10077365602063083,278.39098070812673,3.243595289751111e-4,0.10122940040616858,0.02908832063015797,0.03164695312631884,0.10297187288002922,2.9058919811044905,3,1,1750.0535321095113,5.03,0,0.26070224161872646,0.1040713392038889,0.4160829231351761,21157,0.2699370855296718,4640.72
2023,2,Arganzuela,7,Atocha,027,0.03364737550471063,0.19650067294751009,13.878509963768115,1950,0.00256410256410256,26.49177653935028,2.623149394347241,0.098,0.2251,0.00357142857142857,184,0.3858695652173913,0,0.17391304347826086,0,0,0.11641025641025642,0.07641025641025641,278.39098070812673,3.243595289751111e-4,0.10122940040616858,0.02908832063015797,0.03164695312631884,0.10297187288002922,2.9058919811044905,4,2,2733.936865934582,4.46,0,0.2251282051282051,0.07607373011800925,0.42981186685962375,21254,0.20323014804845221,4459.767777777778
2023,3,Retiro,1,Pacífico,031,0.01656900383915942,0.1322152623425608,15.060624647619438,33141,0.00992728040795389,435.54002373730714,2.2244897959183674,0.2645,0.3236,0.00319081046585832,1247,0.4001603849238172,8.019246190858059e-4,0.11868484362469928,0.01523656776263031,0.01764234161988773,0.1044929241724752,0.0854832382849039,200.9213569651847,0.21881416547193272,0.08872837318943584,0.09563696512287684,0.02591418405164185,0.08989297647517766,1.2145275196813377,5,2,2621.7747784918915,4.67,0,0.21067559820162335,0.04158503042964848,0.4435268754339168,23449,0.19916481444062772,4756.3
2023,3,Retiro,2,Adelfas,032,0.02173639904510617,0.14838547556225656,14.969715111742602,18899,0.00619080374622995,293.88264669163544,2.366126397788667,0.2283,0.2738,0.01149425287356321,405,0.25925925925925924,0.00987654320987654,0.12839506172839507,0.01234567901234567,0.01975308641975308,0.0785755860098418,0.07212021800095243,200.9213569651847,0.21881416547193272,0.08872837318943584,0.09563696512287684,0.02591418405164185,0.08989297647517766,1.2145275196813377,6,1,3369.150445677532,4.57,0,0.2015450552939309,0.03372999150382327,0.43577430972388953,24543,0.19273778112828244,4412.55
2023,3,Retiro,3,Estrella,033,0.01639908256880734,0.07832568807339449,13.607462357099417,22719,0.00647035520929618,220.8581179912238,2.5973623853211008,0.31920000000000004,0.3382,0.01303538175046555,436,0.33715596330275227,0.0091743119266055,0.09403669724770644,0.01605504587155963,0.02293577981651376,0.06215062282670892,0.05682468418504335,200.9213569651847,0.21881416547193272,0.08872837318943584,0.09563696512287684,0.02591418405164185,0.08989297647517766,1.2145275196813377,7,0,3330.247389352872,3.84,1,0.15682908578722654,0.02270878625987902,0.4986974114516934,27595,0.1006880733944954,4446.83
2023,3,Retiro,4,Ibiza,034,0.02100661121774365,0.12038814246107912,17.211391126904818,21571,0.01191414398961568,436.8292682926829,2.291746641074856,0.253,0.34850000000000003,9.033423667570008e-4,1032,0.4234496124031007,0.00290697674418604,0.2131782945736434,0.01162790697674418,0.00775193798449612,0.11204858374669696,0.09178990311065782,200.9213569651847,0.21881416547193272,0.08872837318943584,0.09563696512287684,0.02591418405164185,0.08989297647517766,1.2145275196813377,5,1,2569.6134139034625,4,0,0.20244773074961755,0.0725813698120231,0.5116844053678853,26761,0.2054809127745788,6694.29
2023,3,Retiro,5,Los Jerónimos,035,0.01749271137026239,0.108600583090379,15.619394595637392,6164,0.01330304996755353,35.800461603021404,2.4872448979591835,0.2632,0.3959,0.00705882352941176,354,0.2457627118644068,0.02259887005649717,0.2288135593220339,0.00564971751412429,0.0847457627118644,0.11745619727449708,0.10155743024010384,200.9213569651847,0.21881416547193272,0.08872837318943584,0.09563696512287684,0.02591418405164185,0.08989297647517766,1.2145275196813377,3,1,1693.9135147130908,3.14,0,0.1825113562621674,0.08591501831501833,0.5404718693284937,31815,0.16763848396501457,7785.27
2023,3,Retiro,6,Niño Jesús,036,0.01878841088674275,0.08094820017559262,15.795682527532694,14495,0.00855467402552604,234.618374009016,2.650219490781387,0.2734,0.33390000000000003,0.0068259385665529,500,0.252,0.002,0.124,0.008,0.02,0.07443946188340807,0.06581579855122456,200.9213569651847,0.21881416547193272,0.08872837318943584,0.09563696512287684,0.02591418405164185,0.08989297647517766,1.2145275196813377,6,3,2715.894782460416,3.03,0,0.15605381165919285,0.03465095077188099,0.57338148052618,31955,0.12677787532923618,5875.44
2023,4,Salamanca,1,Recoletos,041,0.01667659321024419,0.11986301369863012,20.08029522874944,15509,0.01566832161970469,176.8869545298362,2.299583085169744,0.2435,0.3215,0.00107411385606874,1716,0.5786713286713286,0.0099067599067599,0.17365967365967366,0.00582750582750582,0.01631701631701631,0.1198014056354375,0.10129602166483977,86.14766442962193,0.01215632496583814,0.28153712560447514,0.00702188685002591,0.33311505218386983,0.15711520775281054,0.8440450643776825,5,2,1781.6869772844016,2.52,0,0.20942678444774,0.12782545972545972,0.6280710289467283,36397,0.27620607504466943,11905.33
2023,4,Salamanca,2,Goya,042,0.01664281948941938,0.13916710595677384,17.735418389396155,29622,0.01613665518871109,382.66908996494874,2.219820769636268,0.2408,0.3343,9.68054211035818e-4,1823,0.4355458036204059,0.00329127811300054,0.18102029621503016,0.01151947339550192,0.01755348326933626,0.12905948281682533,0.10428060225508068,86.14766442962193,0.01215632496583814,0.28153712560447514,0.00702188685002591,0.33311505218386983,0.15711520775281054,0.8440450643776825,4,6,2696.9525342198763,3.53,0,0.2429950712308419,0.0918994266716423,0.5601052939455982,28823,0.2406054672791626,7497.63
2023,4,Salamanca,3,Fuente del Berro,043,0.01680042803638309,0.13868378812199036,15.727109044852144,21001,0.01214227893909813,245.4726718273516,2.239593365436062,0.2473,0.3594,0.02455546147332768,864,0.3159722222222222,0.00231481481481481,0.1261574074074074,0.00578703703703703,0.0324074074074074,0.1099471453740298,0.0889005285462597,86.14766442962193,0.01215632496583814,0.28153712560447514,0.00702188685002591,0.33311505218386983,0.15711520775281054,0.8440450643776825,7,1,3556.017728248135,4.54,0,0.2294176467787248,0.06502506569831334,0.46470828233374134,23926,0.22354200107009095,5701.33
2023,4,Salamanca,4,Guindalera,044,0.01592900843300446,0.13691230777710411,15.897309171934689,42147,0.01316819702469926,261.81682056401297,2.312958165683735,0.2395,0.391,0.02408522464103751,1696,0.3284198113207547,0.01356132075471698,0.11379716981132076,0.00943396226415094,0.02476415094339622,0.10859610411179918,0.0898759105037132,86.14766442962193,0.01215632496583814,0.28153712560447514,0.00702188685002591,0.33311505218386983,0.15711520775281054,0.8440450643776825,7,3,3851.5103356300488,4.26,0,0.2268251595605856,0.05551916881136211,0.5137326861607672,25573,0.216667585294604,5305.78
2023,4,Salamanca,5,Lista,045,0.01691648822269807,0.13843683083511776,17.75191006256578,21048,0.01173508171797795,403.0949634755862,2.2450749464668096,0.2416,0.3508,0.0016220600162206,1099,0.38398544131028206,0.00636942675159235,0.17743403093721566,0.00818926296633303,0.0200181983621474,0.12333713416951728,0.10305017103762829,86.14766442962193,0.01215632496583814,0.28153712560447514,0.00702188685002591,0.33311505218386983,0.15711520775281054,0.8440450643776825,5,5,2933.1991116906975,3.48,0,0.2435860889395667,0.09105834326863468,0.55901249256395,28960,0.2380085653104925,7426.62
2023,4,Salamanca,6,Castellana,046,0.01247519138077686,0.12248369719308194,19.542237461485023,16997,0.0111196093428252,218.76131367985516,2.39849730649277,0.2358,0.3312,0.00301659125188536,1173,0.4185848252344416,0.00852514919011082,0.185848252344416,0.00767263427109974,0.0196078431372549,0.14296640583632406,0.10501853268223804,86.14766442962193,0.01215632496583814,0.28153712560447514,0.00702188685002591,0.33311505218386983,0.15711520775281054,0.8440450643776825,5,1,2491.069128422304,2.3,0,0.22898158498558568,0.1100973698209114,0.5998614638651582,34843,0.26197901899631415,8983.97
2023,5,Chamartin,1,El Viso,051,0.01727199354317998,0.1036319612590799,17.669612530810248,17331,0.01061681380185794,101.06482564942664,2.788377723970944,0.2226,0.3557,0.01828681424446583,886,0.24604966139954856,0.00112866817155756,0.154627539503386,0.00902934537246049,0.03611738148984198,0.09832092781720617,0.08937741619064105,126.1184562492687,0,0.48269365883896515,0.02724229821434361,0.2595323064248863,0.10100417138594989,0.8362554632491104,6,2,3488.851318650299,2.58,0,0.20483526628584617,0.05353883292810003,0.6066193138884691,35797,0.17707828894269573,7235.62
2023,5,Chamartin,2,Prosperidad,052,0.01832089322065264,0.13731416939115415,15.432354489644268,36160,0.01059181415929203,346.38015575425436,2.22237986552341,0.2613,0.3276,0.02473684210526315,1458,0.36488340192043894,0.00548696844993141,0.13854595336076816,0.00754458161865569,0.01097393689986282,0.10674778761061948,0.08595132743362832,126.1184562492687,0,0.48269365883896515,0.02724229821434361,0.2595323064248863,0.10100417138594989,0.8362554632491104,5,6,4228.4739666609175,4.7,0,0.228125,0.04595110056346629,0.4784919113442976,24830,0.2108444883104065,5010.83
2023,5,Chamartin,3,Ciudad Jardín,053,0.0198821796759941,0.14347079037800686,15.940503026561604,18573,0.01437570667097399,242.85714285714283,2.2720913107511045,0.2382,0.34020000000000006,0.02521008403361344,1029,0.282798833819242,0.00777453838678328,0.13702623906705538,0.01263362487852283,0.02137998056365403,0.11059064233026436,0.091476875033651,126.1184562492687,0,0.48269365883896515,0.02724229821434361,0.2595323064248863,0.10100417138594989,0.8362554632491104,6,3,4358.077010859165,4.73,0,0.224627146933721,0.05546875708961268,0.4911835426128774,24765,0.2177221404025528,5627.01
2023,5,Chamartin,4,Hispanoamérica,054,0.01976568103929226,0.10345102414919902,16.798646010721974,31573,0.00985018845215849,183.76642335766425,2.5081692834940625,0.2491,0.3772,0.01629802095459837,1435,0.3421602787456446,0.00348432055749128,0.16236933797909409,0.01184668989547038,0.01742160278745644,0.09197732239571786,0.07886485288062585,126.1184562492687,0,0.48269365883896515,0.02724229821434361,0.2595323064248863,0.10100417138594989,0.8362554632491104,6,3,4821.909255036253,3.73,0,0.1845564247933361,0.03986421989196059,0.5712416697330226,31917,0.17534071889694747,6322.94
2023,5,Chamartin,5,Nueva España,055,0.02080862533692722,0.0987601078167116,17.481701416990965,24541,0.00757915325373864,136.6739288307916,2.637843665768194,0.2136,0.3654,0.03065134099616858,866,0.21709006928406463,0.00346420323325635,0.1605080831408776,0.0115473441108545,0.02424942263279446,0.10667861945316,0.0905423576871358,126.1184562492687,0,0.48269365883896515,0.02724229821434361,0.2595323064248863,0.10100417138594989,0.8362554632491104,7,2,5520.42661009162,3.04,0,0.19330915610610813,0.04767587672688628,0.6235835112497947,34371,0.20043126684636117,7026.52
2023,5,Chamartin,6,Castilla,056,0.01849933402397513,0.1219476098860441,15.087925782632004,17111,0.00870784875226462,78.86919909313839,2.5227171821814416,0.2281,0.34259999999999996,0.16710526315789473,523,0.2676864244741874,0.01338432122370937,0.1739961759082218,0.01147227533460803,0.0248565965583174,0.12039039214540354,0.09356554263339371,126.1184562492687,0,0.48269365883896515,0.02724229821434361,0.2595323064248863,0.10100417138594989,0.8362554632491104,8,5,6669.055830452032,3.37,0,0.2263456256209456,0.04100173647776606,0.5583006929798132,28189,0.184549356223176,4596.6
2023,6,Tetuan,1,Bellas Vistas,061,0.0173984407057858,0.14854329093147312,14.928966813861727,29527,0.00778948081417008,410.4446308724832,2.4091095609355766,0.1841,0.3286,0.09885057471264368,1089,0.32231404958677684,0.0101010101010101,0.10927456382001836,0.00918273645546372,0.01469237832874196,0.1518271412605412,0.12534290649236293,110.79819726896636,0.3976137806511579,0.226631283129289,0.02436404982836344,0.00279247582885138,0.19911001112486093,2.2420498926871755,6,1,3909.923027227928,5.28,0,0.2703288515595895,0.0461447623914154,0.32352067868504775,16653,0.24177267131719327,4005.91
2023,6,Tetuan,2,Cuatro Caminos,062,0.0161837640302793,0.1374314800313234,16.355918870391456,34882,0.01192592167880282,293.2742616033755,2.2678804489689375,0.2259,0.33840000000000003,0.03830570902394106,2075,0.38506024096385544,0.01204819277108433,0.16481927710843375,0.01253012048192771,0.0236144578313253,0.12373143741757926,0.10400779771802077,110.79819726896636,0.3976137806511579,0.226631283129289,0.02436404982836344,0.00279247582885138,0.19911001112486093,2.2420498926871755,5,6,3851.772624393627,4.56,0,0.26039217934751446,0.04797520214082236,0.4830008429334083,24540,0.24660663012268336,5096.26
2023,6,Tetuan,3,Castillejos,063,0.01511811023622047,0.14393700787401575,16.468744878239608,20663,0.01398635241736437,291.8972612459203,2.1595800524934385,0.2376,0.3515,0.03081664098613251,1021,0.25367286973555336,0.00881488736532811,0.20959843290891284,0.01077375122428991,0.02154750244857982,0.1303295746019455,0.1040507186758941,110.79819726896636,0.3976137806511579,0.226631283129289,0.02436404982836344,0.00279247582885138,0.19911001112486093,2.2420498926871755,9,2,4865.914189784135,4.41,0,0.2662730484440788,0.04638522119591638,0.4906079934460764,26447,0.2700262467191601,4949.86
2023,6,Tetuan,4,Almenara,064,0.02364016736401673,0.15554393305439332,13.668591842052257,23184,0.01306935817805383,230.70842505503305,2.4118200836820085,0.1873,0.3837,0.06767868437697659,836,0.26674641148325356,0.01435406698564593,0.10167464114832536,0.00837320574162679,0.0131578947368421,0.14117494824016563,0.10373533471359558,110.79819726896636,0.3976137806511579,0.226631283129289,0.02436404982836344,0.00279247582885138,0.19911001112486093,2.2420498926871755,8,2,5985.278187096309,7.73,0,0.24715320910973085,0.033195688944789,0.27899427816901406,16415,0.22656903765690375,4046.93
2023,6,Tetuan,5,Valdeacederas,065,0.02314438115902721,0.17258837356477713,14.59639127166002,26691,0.02596380802517702,228.40811414818631,2.402404845854805,0.1468,0.3378,0.10816432657306292,897,0.34782608695652173,0.00780379041248606,0.08361204013377926,0.01003344481605351,0.0144927536231884,0.16305121576561388,0.1280581469409164,110.79819726896636,0.3976137806511579,0.226631283129289,0.02436404982836344,0.00279247582885138,0.19911001112486093,2.2420498926871755,9,0,5518.012353126944,5.99,1,0.27361282829418154,0.04691447710081661,0.25824514781948466,15348,0.2582045023053973,5060.01
2023,6,Tetuan,6,Berruguete,066,0.02224099099099099,0.16122372372372373,14.407291643797722,25798,0.0104271648965036,423.2251688354472,2.4112237237237237,0.16210000000000002,0.3439,0.11041405269761606,906,0.33885209713024284,0.00772626931567329,0.10375275938189846,0.01214128035320088,0.01655629139072847,0.15594232111016357,0.12481587719978292,110.79819726896636,0.3976137806511579,0.226631283129289,0.02436404982836344,0.00279247582885138,0.19911001112486093,2.2420498926871755,8,1,4696.858225349871,5.17,0,0.27254050701604776,0.04790129213045846,0.2755747267290819,15679,0.2553490990990991,3674.61
2023,7,Chamberi,1,Gaztambide,071,0.0122525918944392,0.130631479736098,17.721111063778707,23050,0.01127982646420824,453.2872655478776,2.1639019792648444,0.2541,0.34259999999999996,0.00350058343057176,1441,0.37612768910478833,0.01040943789035392,0.15267175572519084,0.01179736294240111,0.01457321304649549,0.12433839479392624,0.10030368763557485,62.56892944898003,0.22906892550848101,0.5516759486599162,0.05532023016635518,3.149280408083354e-4,0.13038696419785245,0.37032670649017496,3,1,2139.2733803959786,4.04,0,0.24845986984815616,0.06360692103314604,0.5445897108843537,26058,0.2536286522148916,6618.75
2023,7,Chamberi,2,Arapiles,072,0.01648012690579007,0.14373843306600864,17.42474282757254,24280,0.01285008237232289,418.3673469387755,2.1318410152463207,0.242,0.345,0.00483091787439613,1218,0.34893267651888343,0.00246305418719211,0.16502463054187191,0.02134646962233169,0.01395730706075533,0.12182866556836902,0.09612850082372323,62.56892944898003,0.22906892550848101,0.5516759486599162,0.05532023016635518,3.149280408083354e-4,0.13038696419785245,0.37032670649017496,6,1,1920.4473957863156,4.05,0,0.25704283360790775,0.06352116577097976,0.5248194717972025,25893,0.25354719309068474,6431.52
2023,7,Chamberi,3,Trafalgar,073,0.01847963040739185,0.15749685006299874,18.062293085099014,24731,0.01520359063523513,402.3696682464455,2.068122637547249,0.2153,0.3155,0.01067805659369994,1525,0.32524590163934425,0.01114754098360655,0.20327868852459016,0.01245901639344262,0.01901639344262295,0.12753224697747767,0.10553556265415875,62.56892944898003,0.22906892550848101,0.5516759486599162,0.05532023016635518,3.149280408083354e-4,0.13038696419785245,0.37032670649017496,3,8,1749.3437824392968,4.16,0,0.27334115078241883,0.09097406685349906,0.5483125061497589,26431,0.30356992860142795,6628.31
2023,7,Chamberi,4,Almagro,074,0.01763472684671353,0.12566284375385375,18.136284100261346,19485,0.01590967410828842,207.03699754771296,2.394623258108275,0.2457,0.3467,0.0023094688221709,1119,0.30831099195710454,0.00625558534405719,0.2287756925826631,0.00714924039320822,0.01519213583556747,0.11285604311008468,0.08971003335899409,62.56892944898003,0.22906892550848101,0.5516759486599162,0.05532023016635518,3.149280408083354e-4,0.13038696419785245,0.37032670649017496,3,5,1961.8300992174231,3.09,0,0.22550680010264307,0.08665767844268205,0.5687079192048734,33425,0.23837711185102972,8249.9
2023,7,Chamberi,5,Ríos Rosas,075,0.01787317391659185,0.13555863870072635,17.837946871722007,27278,0.01393064007625192,278.4806233340168,2.2168448543213906,0.235,0.3582,0.00463883366467859,1320,0.29393939393939394,0.00757575757575757,0.21742424242424244,0.0106060606060606,0.01893939393939394,0.12200307940464844,0.09934745949116504,62.56892944898003,0.22906892550848101,0.5516759486599162,0.05532023016635518,3.149280408083354e-4,0.13038696419785245,0.37032670649017496,4,2,2846.104985761997,3.65,0,0.25126475548060706,0.06456011486212863,0.5594263222187034,29358,0.2483473435077124,6592.8
2023,7,Chamberi,6,Vallehermoso,076,0.01373919223024991,0.10600497453511784,16.54187324066841,19955,0.01042345276872964,185.68088290310513,2.3514153736823404,0.2748,0.3701,0.00561167227833894,783,0.25925925925925924,0.00255427841634738,0.15708812260536398,0.01021711366538952,0.02043422733077905,0.10147832623402656,0.08454021548484089,62.56892944898003,0.22906892550848101,0.5516759486599162,0.05532023016635518,3.149280408083354e-4,0.13038696419785245,0.37032670649017496,6,4,2895.9649447630973,3.43,0,0.2022550739163117,0.0395301163552108,0.5793390514631686,30728,0.20253464408385644,6090.19
2023,8,Fuencarral-El Pardo,1,El Pardo,081,0.02811550151975684,0.0980243161094225,10.930799234160087,3442,0.00697269029633933,0.1823722141724694,2.599544072948328,0.2447,0.4253,0.07964601769911504,145,0.19310344827586207,0,0.2620689655172414,0.00689655172413793,0.10344827586206896,0.09907030796048807,0.08338175479372457,188.23705222438693,0.5413687824453054,0.17536113936784634,0.02004632627037415,0.00764884693394688,0.08876885241282709,1.6049035535446892,15,0,15968.22141060446,5.29,1,0.189424753050552,0.02000850628471207,0.20807566387777376,18296,0.15045592705167174,3282.62
2023,8,Fuencarral-El Pardo,2,Fuentelarreina,082,0.02417962003454231,0.05008635578583765,12.411697250012754,3414,0.00878734622144112,24.66367713004485,2.9447322970639034,0.2589,0.3477,0,24,0.25,0.08333333333333333,0.125,0,0.08333333333333333,0.0770357352079672,0.05506736965436438,188.23705222438693,0.5413687824453054,0.17536113936784634,0.02004632627037415,0.00764884693394688,0.08876885241282709,1.6049035535446892,13,0,7753.532187499974,2.15,1,0.13181019332161686,0.03625307917888563,0.609508329947176,36195,0.08894645941278066,4462.11
2023,8,Fuencarral-El Pardo,3,Peñagrande,083,0.02440990213010938,0.09884858952216465,13.259692832008504,44453,0.00755854498009133,153.57254182107852,2.5527345998848587,0.2742,0.2797,0.04037800687285223,878,0.3439635535307517,0,0.11389521640091116,0.01138952164009111,0.0193621867881549,0.07664274627134277,0.0689267316041662,188.23705222438693,0.5413687824453054,0.17536113936784634,0.02004632627037415,0.00764884693394688,0.08876885241282709,1.6049035535446892,12,2,7057.610320340321,5.15,0,0.17076462780914675,0.027349288468911392,0.34640075323119063,22816,0.122279792746114,4013.27
2023,8,Fuencarral-El Pardo,4,Pilar,084,0.01892840787666005,0.12512084669007276,13.453537839602632,45022,0.00879569988005863,334.5803990610329,2.320765277565766,0.28600000000000003,0.37549999999999994,0.0817829457364341,1746,0.40893470790378006,0.00343642611683848,0.1145475372279496,0.00973654066437571,0.01489117983963344,0.10617031673404112,0.08584691928390564,188.23705222438693,0.5413687824453054,0.17536113936784634,0.02004632627037415,0.00764884693394688,0.08876885241282709,1.6049035535446892,11,1,6654.963695802388,5.55,0,0.20314512904802096,0.03440890155667618,0.2703618412345483,17793,0.15493817737749965,3957.97
2023,8,Fuencarral-El Pardo,5,La Paz,085,0.01597826955340736,0.06607014460333946,12.279900025725455,32308,0.00482852544261483,149.39669574902544,2.5718622673164497,0.3616,0.2376,0.01535087719298245,698,0.2922636103151863,0.00429799426934097,0.14326647564469913,0.01289398280802292,0.02005730659025788,0.06007799925714993,0.055651850934753,188.23705222438693,0.5413687824453054,0.17536113936784634,0.02004632627037415,0.00764884693394688,0.08876885241282709,1.6049035535446892,10,3,7117.7974365875125,4.12,0,0.15961990838182494,0.01971366799204772,0.4379129384226224,26477,0.07757449868179277,3800.94
2023,8,Fuencarral-El Pardo,6,Valverde,086,0.04590554869480049,0.12719839884171527,13.25333786165789,64976,0.00863395715341049,72.10283703736694,2.757611889451944,0.1215,0.33649999999999997,0.05287769784172662,1617,0.21026592455163884,0.01175015460729746,0.15398886827458255,0.00989486703772418,0.02040816326530612,0.1145192070918493,0.09324981531642453,188.23705222438693,0.5413687824453054,0.17536113936784634,0.02004632627037415,0.00764884693394688,0.08876885241282709,1.6049035535446892,11,4,9459.74522470962,4.99,0,0.18128231962570795,0.04100781382707662,0.39699254830217307,20138,0.16688668398415876,3852.75
2023,8,Fuencarral-El Pardo,7,Mirasierra,087,0.03606126914660831,0.0800875273522976,13.997218661939682,35753,0.00987329734567728,51.018190138428096,3.1226258205689277,0.1585,0.2557,0.0054054054054054,498,0.3092369477911647,0,0.11244979919678716,0.01004016064257028,0.04819277108433735,0.07921013621234582,0.06295975162923391,188.23705222438693,0.5413687824453054,0.17536113936784634,0.02004632627037415,0.00764884693394688,0.08876885241282709,1.6049035535446892,12,4,8861.590716918443,3.46,0,0.15567924369982938,0.02678361923982509,0.5785200454335114,29407,0.1074835886214442,6127.26
2023,8,Fuencarral-El Pardo,8,El Goloso,088,0.0732606873428332,0.10008382229673092,13.887320974246784,19060,0.00928646379853095,7.185267107284538,3.191282481139983,0.0851,0.4401,0,510,0.23137254901960785,0.00196078431372549,0.1784313725490196,0.00588235294117647,0.05686274509803921,0.09842602308499476,0.08064008394543547,188.23705222438693,0.5413687824453054,0.17536113936784634,0.02004632627037415,0.00764884693394688,0.08876885241282709,1.6049035535446892,13,1,13001.86709835402,2.88,0,0.1292759706190976,0.03406060096658962,0.5747823117637015,27155,0.16965632858340318,5731.1
2023,9,Moncloa-Aravaca,1,Casa de Campo,091,0.02048085485307212,0.13357079252003562,14.338484149395873,12808,0.00741723922548407,7.311890771222066,2.2737310774710595,0.2552,0.399,0.01304863582443653,668,0.35179640718562877,0.00748502994011976,0.218562874251497,0.00748502994011976,0.04191616766467065,0.08853841349156777,0.07487507807620238,166.89492302028796,0.03516078591748457,0.3978876016488137,0.07297152851487196,0.01618210288195689,0.11090122128501852,1.084664185209424,2,8,4173.70973569349,5.4,0,0.18550905683947533,0.03812426568496906,0.4360809005914902,23494,0.19465716829919855,4250.27
2023,9,Moncloa-Aravaca,2,Argüelles,092,0.01624498179441695,0.14153673793296612,17.2831997086231,24614,0.01352888599983749,323.3927392739274,2.287088040332369,0.2444,0.36090000000000005,0.011060507482108,1264,0.32674050632911394,0.01661392405063291,0.18908227848101267,0.01344936708860759,0.01424050632911392,0.11932233688144958,0.10083692207686684,166.89492302028796,0.03516078591748457,0.3978876016488137,0.07297152851487196,0.01618210288195689,0.11090122128501852,1.084664185209424,2,2,1653.689031051321,3.35,0,0.22816283415942143,0.07701162591337715,0.5505850312689127,28664,0.2452618803099617,5730.29
2023,9,Moncloa-Aravaca,3,Ciudad Universitaria,093,0.02086984228134459,0.09893261111996177,15.40488339482527,16415,0.00664026804751751,11.4827835434955,2.6069778556635335,0.2555,0.3427,0.02803738317757009,861,0.16492450638792103,0.00116144018583042,0.19396051103368175,0.00348432055749128,0.05691056910569105,0.10374657325616814,0.07688090161437709,166.89492302028796,0.03516078591748457,0.3978876016488137,0.07297152851487196,0.01618210288195689,0.11090122128501852,1.084664185209424,5,3,5161.047274917275,3.59,0,0.18659762412427655,0.03520889758005377,0.5790731008122313,30310,0.16504699697307632,4531.6
2023,9,Moncloa-Aravaca,4,Valdezarza,094,0.02666142351553283,0.11686983877310264,13.031851102501989,30587,0.00787916435086801,218.1323792486583,2.397483287455761,0.2486,0.34850000000000003,0.10186092066601372,614,0.31921824104234525,0.001628664495114,0.09283387622149836,0.01140065146579804,0.01465798045602605,0.11079870533233072,0.08104750384150129,166.89492302028796,0.03516078591748457,0.3978876016488137,0.07297152851487196,0.01618210288195689,0.11090122128501852,1.084664185209424,9,2,5430.495863456287,5.51,0,0.19809069212410504,0.03291532607269386,0.3051746281642292,18383,0.15957530475815965,3303.39
2023,9,Moncloa-Aravaca,5,Valdemarín,095,0.05004812319538017,0.07314725697786333,16.692271961077275,7189,0.00848518570037557,21.668433005299015,3.4436958614051973,0.1192,0.3212,0,116,0.10344827586206896,0.04310344827586207,0.3017241379310345,0.00862068965517241,0.01724137931034482,0.10641257476700516,0.08040061204618167,166.89492302028796,0.03516078591748457,0.3978876016488137,0.07297152851487196,0.01618210288195689,0.11090122128501852,1.084664185209424,5,0,8461.673922559497,2.52,1,0.14077062178328,0.03785852431525992,0.6680062513954007,36918,0.1482194417709336,4994.74
2023,9,Moncloa-Aravaca,6,El Plantío,096,0.02728226652675761,0.07450157397691501,17.950819672131146,3058,0.01144538914323087,8.627628819227935,3.194123819517314,0.1991,0.25739999999999996,0.02083333333333333,191,0.3193717277486911,0.01047120418848167,0.10471204188481675,0.00523560209424083,0.01570680628272251,0.08763897972531066,0.06736429038587312,166.89492302028796,0.03516078591748457,0.3978876016488137,0.07297152851487196,0.01618210288195689,0.11090122128501852,1.084664185209424,5,0,11456.239403199888,2.7,1,0.14028776978417265,0.05509592641261497,0.5751196172248804,25350,0.10703043022035676,4280.526666666667
2023,9,Moncloa-Aravaca,7,Aravaca,097,0.03337066069428891,0.08286674132138858,14.062457108186054,27569,0.00725452500997497,47.04319506342132,3.0733482642777155,0.1681,0.25579999999999997,0.03511053315994798,626,0.3274760383386581,0.00319488817891373,0.10383386581469647,0.01757188498402556,0.01916932907348242,0.09209619500163228,0.07305306685044796,166.89492302028796,0.03516078591748457,0.3978876016488137,0.07297152851487196,0.01618210288195689,0.11090122128501852,1.084664185209424,5,0,7562.302886124522,3.22,1,0.15564583408901303,0.05263344871561305,0.5506208213944603,30206,0.11522956326987682,4564.22
2023,10,Latina,1,Los Cármenes,101,0.02411242603550295,0.1374260355029586,11.27064972935862,17160,0.00827505827505827,138.56811145510838,2.6483727810650888,0.16949999999999998,0.3357,0.11857707509881422,309,0.22006472491909385,0.00647249190938511,0.1650485436893204,0.00970873786407766,0.06148867313915857,0.11695804195804196,0.0958041958041958,71.90518248356284,0.19676764997444093,0.2282903965406924,0.02256292077629042,0.0220190871861221,0.1665852891522394,3.265230699251541,6,1,3189.554446727571,8.7,0,0.2078088578088578,0.0384573255878903,0.195323951920258,14416,0.161094674556213,2722.75
2023,10,Latina,2,Puerta del Angel,102,0.01858654531498437,0.15494270519217063,12.4658854748803,43451,0.01224367678534441,314.78222933178216,2.373595043587916,0.196,0.3735,0.11704582921200132,1500,0.33266666666666667,0.00933333333333333,0.13066666666666665,0.00933333333333333,0.01533333333333333,0.15546247497180732,0.1100780189178615,71.90518248356284,0.19676764997444093,0.2282903965406924,0.02256292077629042,0.0220190871861221,0.1665852891522394,3.265230699251541,3,2,2462.022580849945,6.38,0,0.2447124346965547,0.05252614801810959,0.24890253349783376,15310,0.2201875102801689,2883.88
2023,10,Latina,3,Lucero,103,0.01958877465962767,0.11280911364267852,11.177208951039889,36918,0.01072647489029741,218.87432995830852,2.552722978605168,0.21600000000000005,0.4107,0.1005361930294906,835,0.3281437125748503,0.00119760479041916,0.1281437125748503,0.01676646706586826,0.01796407185628742,0.12906983043501816,0.0981905845387074,71.90518248356284,0.19676764997444093,0.2282903965406924,0.02256292077629042,0.0220190871861221,0.1665852891522394,3.265230699251541,5,1,4227.863163252316,6.52,0,0.2033696299907904,0.03360555117146044,0.19896982563602825,14814,0.15879410947485412,2608.14
2023,10,Latina,4,Aluche,104,0.01845209481196613,0.0975113707798691,10.452133515007327,66833,0.00776562476620831,233.65850235104216,2.4623007802388788,0.2866,0.3928,0.08005718370264475,1904,0.3697478991596639,0.00262605042016806,0.1407563025210084,0.00945378151260504,0.01680672268907563,0.117082878218844,0.08639444585758532,71.90518248356284,0.19676764997444093,0.2282903965406924,0.02256292077629042,0.0220190871861221,0.1665852891522394,3.265230699251541,6,3,5246.164022823681,6.29,0,0.18273906603025453,0.04309466570553252,0.175990200081666,15162,0.12635432459416485,2484.34
2023,10,Latina,5,Campamento,105,0.01918720852764823,0.11099267155229849,11.461802112584628,19830,0.00741301059001512,21.48747742454903,2.6315789473684212,0.2293,0.4261,0.1092436974789916,428,0.3037383177570093,0,0.10747663551401868,0.02336448598130841,0.01869158878504672,0.14533535047907212,0.1070600100857287,71.90518248356284,0.19676764997444093,0.2282903965406924,0.02256292077629042,0.0220190871861221,0.1665852891522394,3.265230699251541,6,1,9136.382852802442,6.14,0,0.21094301563287948,0.05561518987341773,0.1940759819703799,14656,0.14070619586942038,2502.57
2023,10,Latina,6,Cuatro Vientos,106,0.05123825789923143,0.13962425277540563,14.453751209478808,6122,0.00490035935968637,11.274193845417212,2.6140051238257898,0.0742,0.1938,0.0062111801242236,110,0.2272727272727273,0,0.10909090909090909,0,0.04545454545454545,0.13361646520744855,0.0953936622018948,71.90518248356284,0.19676764997444093,0.2282903965406924,0.02256292077629042,0.0220190871861221,0.1665852891522394,3.265230699251541,8,1,8640.707907451917,6.29,0,0.1836001306762496,0.03613103560927801,0.2714649386716038,17516,0.26387702818104186,3375.62
2023,10,Latina,7,Águilas,107,0.02036727879799666,0.10612926305747676,10.408701625560832,51516,0.00735693765043869,142.03235815602838,2.445409015025042,0.2753,0.4021,0.02200488997555012,1126,0.40319715808170514,0,0.1269982238010657,0.01420959147424511,0.01687388987566607,0.09470844009628077,0.0748893547635686,71.90518248356284,0.19676764997444093,0.2282903965406924,0.02256292077629042,0.0220190871861221,0.1665852891522394,3.265230699251541,7,1,6885.975485017603,6.63,0,0.16519139684758133,0.03670688928766483,0.15670298667185523,15144,0.12525637968041975,2491.21
2023,11,Carabanchel,1,Comillas,111,0.02221303853703895,0.13420807934704,12.1275542302308,22808,0.01289021396001403,341.10493919831856,2.347453249302614,0.2307,0.3661,0.05645730416372618,786,0.36768447837150126,0.00254452926208651,0.11577608142493638,0.01781170483460559,0.01781170483460559,0.13074359873728517,0.10452472816555594,65.66550744279807,0.1809726284453988,0.3211050279447272,0.16945551120065364,0.06428475521545696,0.19936799332161825,0.9452080984324758,9,1,2716.7136162936577,6.74,0,0.23184847421957208,0.06586699969191495,0.228115567054765,15403,0.1890691187106106,2781.64
2023,11,Carabanchel,2,Opañel,112,0.01975785486147218,0.13221421674218228,11.561960878571265,34058,0.01030594867578836,305.99656822902557,2.5167496100423383,0.1987,0.3554,0.05372104484967965,1253,0.31763766959297685,0,0.11971268954509176,0.00957701516360734,0.01436552274541101,0.14783604439485584,0.1114275647424981,65.66550744279807,0.1809726284453988,0.3211050279447272,0.16945551120065364,0.06428475521545696,0.19936799332161825,0.9452080984324758,6,5,3342.757631033908,6.34,0,0.23081214398966468,0.04861883835551753,0.1921251668396856,14134,0.18242590804426947,2468.48
2023,11,Carabanchel,3,San Isidro,113,0.02167639325338292,0.1318540370679151,11.618689711696977,40539,0.01053306692320974,212.54146264413205,2.5888539729365743,0.1854,0.3564,0.07021677662582469,1037,0.2970106075216972,0.00192864030858244,0.124397299903568,0.01157184185149469,0.01350048216007714,0.14519351735365943,0.10994351118675844,65.66550744279807,0.1809726284453988,0.3211050279447272,0.16945551120065364,0.06428475521545696,0.19936799332161825,0.9452080984324758,8,0,3059.153889680385,8.34,1,0.2268186191075261,0.05286258422512882,0.1771530000950902,13288,0.17982428012569743,2600.56
2023,11,Carabanchel,4,Vista Alegre,114,0.01822989928543296,0.1134867495639453,10.817429097624276,47983,0.0105245607819436,300.3209161842437,2.6853654419625275,0.2182,0.3644,0.04776978417266187,2161,0.3688107357704766,0.00416473854696899,0.1263304025913929,0.01527070800555298,0.01341971309578898,0.15517995956901404,0.11451972573619824,65.66550744279807,0.1809726284453988,0.3211050279447272,0.16945551120065364,0.06428475521545696,0.19936799332161825,0.9452080984324758,7,3,5063.086324920521,6.81,0,0.21493028781026613,0.05190247868083053,0.14532669205977147,12736,0.13874978900579532,2443.73
2023,11,Carabanchel,5,Puerta Bonita,115,0.02386856788592684,0.11608803471791691,10.81848280393588,36932,0.01083071591032167,228.75792614696007,2.851673899566026,0.1686,0.394,0.06107341147439852,920,0.3184782608695652,0,0.10652173913043478,0.00978260869565217,0.01630434782608695,0.16587241416657642,0.12295570237192678,65.66550744279807,0.1809726284453988,0.3211050279447272,0.16945551120065364,0.06428475521545696,0.19936799332161825,0.9452080984324758,10,0,5104.261850367837,7.59,1,0.21734539153038016,0.05293783901298984,0.13172528345489998,11651,0.14786112833230006,2196.36
2023,11,Carabanchel,6,Buenavista,116,0.03695240218481775,0.1221157061643072,11.909440872403794,49286,0.01053037373696384,87.56324378251264,2.739438189722439,0.13449999999999998,0.35840000000000005,0.03926940639269406,1378,0.33889695210449927,0.00145137880986937,0.1436865021770682,0.01015965166908563,0.02031930333817126,0.11847177697520594,0.08785456316195268,65.66550744279807,0.1809726284453988,0.3211050279447272,0.16945551120065364,0.06428475521545696,0.19936799332161825,0.9452080984324758,10,3,6594.790383780321,5.99,0,0.1693990179767074,0.0565389656365079,0.18356762271851265,14879,0.17188719206331513,2678.66
2023,11,Carabanchel,7,Abrantes,117,0.02384978197027676,0.11052772092195426,10.55988447608831,31803,0.00996761311825928,202.55017256806852,2.8202367179852272,0.17190000000000005,0.3547,0.04990403071017274,683,0.34260614934114203,0.00146412884333821,0.13030746705710103,0.02342606149341142,0.01610541727672035,0.14945130962487815,0.10920353425777442,65.66550744279807,0.1809726284453988,0.3211050279447272,0.16945551120065364,0.06428475521545696,0.19936799332161825,0.9452080984324758,7,4,4633.638141225011,7.04,0,0.19548470270100304,0.05416539396043041,0.13997291119952596,12515,0.13063985049390406,2130.72
2023,12,Usera,1,Orcasitas,121,0.02608082706766917,0.10455827067669173,9.101685387261425,23172,0.00526497496979112,170.1931583603657,2.7120535714285716,0.19,0.3828,0.05617977528089887,347,0.41786743515850144,0.00864553314121037,0.15273775216138327,0.00288184438040345,0.01152737752161383,0.08652684274123942,0.07168133954773002,167.33183402275438,0.06053423648654792,0.20934907621309695,0.1135265357933285,0.00531265974775162,0.2272778221456293,4.469550841605224,8,0,5444.820287906102,8.14,1,0.1566114275850164,0.02726133853151396,0.1086677554829678,13337,0.11771616541353384,1758.15
2023,12,Usera,2,Orcasur,122,0.02357807652533609,0.1265770423991727,10.543940780244682,14447,8.306222745206618e-4,103.72666330281844,2.9762150982419855,0.1438,0.3166,0.03023255813953488,239,0.2426778242677824,0,0.14644351464435146,0.00418410041841004,0.02092050209205021,0.1278466117533052,0.10458918806672664,167.33183402275438,0.06053423648654792,0.20934907621309695,0.1135265357933285,0.00531265974775162,0.2272778221456293,4.469550841605224,7,1,5034.764058844293,9.34,0,0.20952446874783692,0.02600000000000002,0.12815405046480743,11656,0.15284384694932782,2607.0516666666667
2023,12,Usera,3,San Fermín,123,0.03176315474050101,0.12956969914898717,9.840657699784536,23689,0.00789395922157963,159.9430662871086,2.8284789644012944,0.1474,0.3185,0.03250773993808049,403,0.3523573200992556,0.00744416873449131,0.18114143920595532,0.00992555831265508,0.01488833746898263,0.11701633669635696,0.08890202203554393,167.33183402275438,0.06053423648654792,0.20934907621309695,0.1135265357933285,0.00531265974775162,0.2272778221456293,4.469550841605224,8,1,5347.446157717271,8.18,0,0.1889906707754654,0.03728930417832021,0.1235732587933846,12044,0.14143593431619322,2036.52
2023,12,Usera,4,Almendrales,124,0.02546438676343953,0.12449255751014884,11.220097121536394,22960,0.00587979094076655,292.7060633252147,2.8089555910936155,0.15130000000000002,0.3836,0.05785837651122625,734,0.34332425068119893,0.00408719346049046,0.14713896457765668,0.00544959128065395,0.01362397820163487,0.1527439024390244,0.11942508710801392,167.33183402275438,0.06053423648654792,0.20934907621309695,0.1135265357933285,0.00531265974775162,0.2272778221456293,4.469550841605224,6,1,3761.5800879559033,6.6,0,0.22469512195121952,0.04353733905579399,0.16090278182772497,12826,0.16324271128060033,2687.09
2023,12,Usera,5,Moscardó,125,0.0241521585991748,0.12468551876823993,11.323646520350556,26704,0.00659077291791491,292.462588028169,2.674750930864446,0.1826,0.3614,0.05282331511839708,1149,0.4221061792863359,0.00348128807658833,0.15926892950391644,0.00783289817232375,0.0165361183637946,0.16166117435590174,0.1268723786698622,167.33183402275438,0.06053423648654792,0.20934907621309695,0.1135265357933285,0.00531265974775162,0.2272778221456293,4.469550841605224,6,1,3148.6442045488893,6.55,0,0.22910425404433793,0.04476376086383987,0.1611476906810208,12693,0.1575928348596156,2700.19
2023,12,Usera,6,Zofío,126,0.02349716075974153,0.12727628744859995,10.796442936439036,14442,0.0092092507962886,185.81395348837208,2.8161347170550224,0.1747,0.3503,0.09423347398030944,365,0.2547945205479452,0.00273972602739726,0.10410958904109588,0.00273972602739726,0.03561643835616438,0.16839772884642015,0.11625813599224484,167.33183402275438,0.06053423648654792,0.20934907621309695,0.1135265357933285,0.00531265974775162,0.2272778221456293,4.469550841605224,7,0,4309.52279835841,7.35,1,0.21368231546877164,0.04765435961618691,0.11651903935713634,11493,0.1355002937145095,2103.87
2023,12,Usera,7,Pradolongo,127,0.02477440525020508,0.11534044298605414,10.727623824895955,17943,3.901242824499805e-4,163.1650999361139,2.9332239540607055,0.16010000000000002,0.3793,0.08505917159763314,775,0.33419354838709675,0.00258064516129032,0.1406451612903226,0.0064516129032258,0.0064516129032258,0.1936131081758903,0.13732374742239314,167.33183402275438,0.06053423648654792,0.20934907621309695,0.1135265357933285,0.00531265974775162,0.2272778221456293,4.469550841605224,6,0,4353.234073261076,6.61,1,0.2379758122944881,0.03700677928179891,0.08774240761068423,9910,0.13814602132895815,2312.325
2023,13,Puente de Vallecas,1,Entrevías,131,0.02627052384675527,0.11157154026583269,9.508002718238474,35558,0.01133359581528769,59.27594232991175,2.7677091477716966,0.184,0.3663,0.07743216412971542,678,0.28761061946902655,0.00147492625368731,0.14601769911504425,0.01032448377581121,0.02064896755162242,0.13414702739186682,0.10295854659992124,84.78653737362076,0.05772679405702194,0.2590842771073152,0.04396867696550374,0.020542169955555,0.1872451914918275,2.9765365901931355,7,0,5421.836615386178,10.2,1,0.20431407840710952,0.03231850617249074,0.07036063110443276,10790,0.13682564503518374,1963.83
2023,13,Puente de Vallecas,2,San Diego,132,0.03087857612136415,0.14656871528399928,12.09334519961613,45289,0.01543421139791119,421.57210954294794,2.693901929164427,0.12710000000000002,0.3574,0.09862834748530372,1607,0.37336652146857496,0.00311138767890479,0.10703173615432485,0.00933416303671437,0.01120099564405725,0.2287972796926406,0.15242111771070238,84.78653737362076,0.05772679405702194,0.2590842771073152,0.04396867696550374,0.020542169955555,0.1872451914918275,2.9765365901931355,7,2,4343.126330531005,7.91,0,0.2545430457727042,0.05319088329194749,0.12317210348706412,10252,0.209341217225109,2278.05
2023,13,Puente de Vallecas,3,Palomeras Bajas,133,0.0236426747003733,0.1263998952125221,10.384980589873868,40643,0.00775041212508919,234.79900226231223,2.650926714257646,0.1782,0.3262,0.08512160228898426,793,0.3026481715006305,0,0.11601513240857504,0.01513240857503152,0.02648171500630517,0.11308220357749182,0.08936348202642522,84.78653737362076,0.05772679405702194,0.2590842771073152,0.04396867696550374,0.020542169955555,0.1872451914918275,2.9765365901931355,9,2,5299.0997356729995,7.74,0,0.20114164800826712,0.03244946018726682,0.15081049787726747,13967,0.1513524133866003,2200.42
2023,13,Puente de Vallecas,4,Palomeras Sureste,134,0.02608165752589884,0.13363802559414992,10.510999698544166,43303,0.00979146941320462,138.8470694203178,2.630225472273004,0.1865,0.34600000000000003,0.1129125651418645,905,0.2795580110497238,0.00441988950276243,0.10276243093922652,0.00994475138121546,0.0143646408839779,0.1112394060457705,0.08853890030713807,84.78653737362076,0.05772679405702194,0.2590842771073152,0.04396867696550374,0.020542169955555,0.1872451914918275,2.9765365901931355,12,2,6728.434776921601,7.93,0,0.20691407061866385,0.03546118344840368,0.1214746653919694,13353,0.1437538086532602,1994.56
2023,13,Puente de Vallecas,5,Portazgo,135,0.02467781738415135,0.12064710721140665,10.6744294852716,28830,0.01068331599028789,230.7957921785915,2.6269079608810895,0.2118,0.35369999999999996,0.06880733944954129,867,0.34486735870818913,0.00115340253748558,0.12687427912341406,0.01614763552479815,0.00692041522491349,0.12604925424904614,0.09576829691293792,84.78653737362076,0.05772679405702194,0.2590842771073152,0.04396867696550374,0.020542169955555,0.1872451914918275,2.9765365901931355,11,1,5623.0531374149605,9.05,0,0.20228928199791885,0.03036537698757871,0.10161464910698176,11817,0.14843250159948818,2039.79
2023,13,Puente de Vallecas,6,Numancia,136,0.02335025380710659,0.13454448303499866,11.604189106265828,48901,0,263.47953058244553,2.6032594175794816,0.1827,0.349,0.09527654420670166,1394,0.33428981348637016,0.00286944045911047,0.1133428981348637,0.0078909612625538,0.01004304160688665,0.16071245986789637,0.1232081143534897,84.78653737362076,0.05772679405702194,0.2590842771073152,0.04396867696550374,0.020542169955555,0.1872451914918275,2.9765365901931355,9,0,4377.421684034425,7.83,1,0.23304226907425207,0.04291740558292284,0.1379891061232008,12136,0.18290141597648943,2232.74
2023,14,Moratalaz,1,Pavones,141,0.0197089144936325,0.1176470588235294,10.766856752079391,8324,0.00696780394041326,87.2932554224027,2.672528805336567,0.2742,0.3657,0.06015037593984962,170,0.21176470588235297,0,0.12352941176470587,0.01176470588235294,0.04117647058823529,0.1096828447861605,0.06775588659298415,107.95619967602592,0.01626645521141874,0.2328038178278504,0.1474377694107802,0.00811147102196151,0.10906759756071284,0.6933841252699784,10,1,6486.612033542536,7.23,0,0.1568957232099952,0.04385557068300431,0.19997114413504544,16403,0.1091570648878108,2525.56
2023,14,Moratalaz,2,Horcajo,142,0.03,0.12227272727272728,11.0341877245015,6358,0.00314564328405158,84.98458238369754,2.8813636363636363,0.1131,0.2329,0.05797101449275362,104,0.3557692307692308,0,0.1153846153846154,0,0.00961538461538461,0.070305127398553,0.06338471217363952,107.95619967602592,0.01626645521141874,0.2328038178278504,0.1474377694107802,0.00811147102196151,0.10906759756071284,0.6933841252699784,10,0,6656.046390097287,6.81,1,0.15177728845548916,0.02391635904716832,0.3427041499330656,19542,0.14045454545454544,3687.51
2023,14,Moratalaz,3,Marroquina,143,0.01624065700839715,0.09919719479560764,11.52971917080312,26213,0.0069812688360737,145.91363610971456,2.4102611423825784,0.2915,0.3845,0.06200177147918512,818,0.33007334963325186,0,0.13202933985330073,0.01344743276283618,0.01344743276283618,0.06817228092930988,0.05737611108991722,107.95619967602592,0.01626645521141874,0.2328038178278504,0.1474377694107802,0.00811147102196151,0.10906759756071284,0.6933841252699784,8,0,5474.216389082998,6.45,1,0.1631251669019189,0.01999310872894334,0.28428062277246297,20036,0.11608378702592968,3152.65
2023,14,Moratalaz,4,Media Legua,144,0.02044245309437132,0.104172500700084,11.594891044082951,17401,0.007011091316591,173.4034034034034,2.4255110613273594,0.287,0.358,0.0427807486631016,408,0.2549019607843137,0,0.11029411764705882,0.01225490196078431,0.03431372549019608,0.09597149589104076,0.07269697143842307,107.95619967602592,0.01626645521141874,0.2328038178278504,0.1474377694107802,0.00811147102196151,0.10906759756071284,0.6933841252699784,7,2,4094.469073486074,7.78,0,0.18280558588586865,0.02837707094614096,0.25329701834862384,17680,0.13749649957994958,2831.98
2023,14,Moratalaz,5,Fontarrón,145,0.02199223803363519,0.1151358344113842,10.959884207459604,17368,0.00909719023491478,179.6910636533278,2.491447462986919,0.2356,0.4638000000000001,0.02325581395348837,326,0.44785276073619634,0,0.0950920245398773,0.01226993865030674,0.02147239263803681,0.13213956701980653,0.09649930907415938,107.95619967602592,0.01626645521141874,0.2328038178278504,0.1474377694107802,0.00811147102196151,0.10906759756071284,0.6933841252699784,10,0,5210.58502616521,7.2,1,0.1944956241363427,0.04195341833496796,0.17277830429394184,13983,0.1461836998706339,2617.66
2023,14,Moratalaz,6,Vinateros,146,0.01974047487575925,0.11154058531198233,11.254009539903157,16936,0.00944733112895607,284.25925925925924,2.3308945334069575,0.2789,0.4887,0.03349282296650718,321,0.4485981308411215,0,0.08411214953271028,0.03738317757009345,0.00311526479750778,0.11035663675011809,0.08502598016060463,107.95619967602592,0.01626645521141874,0.2328038178278504,0.1474377694107802,0.00811147102196151,0.10906759756071284,0.6933841252699784,9,1,5433.702059193246,5.98,0,0.17725555030703827,0.03877299378146286,0.20703210307927497,15632,0.15129762562120375,2655
2023,15,Ciudad Lineal,1,Ventas,151,0.0169857492442781,0.1382851110791229,12.134211717223202,50412,0.01188209156550027,157.02939337085678,2.409577275562593,0.2222,0.4164,0.09444255028980568,1569,0.28489483747609945,0.00382409177820267,0.1102613129381772,0.01402166985340981,0.01402166985340981,0.13597952868364674,0.1004126001745616,103.33334865889992,0.4126199911895811,0.20184309672483944,0.03916844373613844,0.00725224121273235,0.15616873539222584,1.4893022572434778,8,1,4882.186885724673,6.08,0,0.23355550265809727,0.05022831255725038,0.22141702981932135,15254,0.17633510868000576,3020.43
2023,15,Ciudad Lineal,2,Pueblo Nuevo,152,0.018844786003352,0.12345174344929076,11.645408473230262,63109,0.01226449476302904,270.9555018972059,2.568777337203123,0.2155,0.35869999999999996,0.07200647249190939,2161,0.33595557612216564,0.00416473854696899,0.11291068949560389,0.01249421564090698,0.01527070800555298,0.1443692658733303,0.10421651428480884,103.33334865889992,0.4126199911895811,0.20184309672483944,0.03916844373613844,0.00725224121273235,0.15616873539222584,1.4893022572434778,9,3,5945.604598047828,5.98,0,0.21291733350235303,0.04479287078294081,0.19632147943117317,14782,0.15488697216204064,2861.24
2023,15,Ciudad Lineal,3,Quintana,153,0.01816479400749063,0.14634831460674158,12.891008146787968,25583,0.01352460618379392,352.2196100124464,2.3847378277153557,0.2089,0.3905,0.05243445692883895,1182,0.33248730964467005,8.460236886632825e-4,0.1209813874788494,0.01776649746192893,0.01099830795262267,0.15705742094359534,0.11359105656099754,103.33334865889992,0.4126199911895811,0.20184309672483944,0.03916844373613844,0.00725224121273235,0.15616873539222584,1.4893022572434778,9,4,5499.8856458525215,6.06,0,0.24254387679318296,0.06424012328713335,0.26978538702676635,16290,0.199438202247191,3549.06
2023,15,Ciudad Lineal,4,La Concepción,154,0.02359052050643869,0.12963964938859432,13.206664492391791,21017,0.0120854546319646,236.38108138616096,2.266096742776756,0.2397,0.388,0.04858831254103742,895,0.31508379888268156,0.00446927374301675,0.1452513966480447,0.0111731843575419,0.0212290502793296,0.1542084978826664,0.0986820193176952,103.33334865889992,0.4126199911895811,0.20184309672483944,0.03916844373613844,0.00725224121273235,0.15616873539222584,1.4893022572434778,8,1,5286.907708726859,5.43,0,0.21063900651853265,0.05287104722792607,0.3309001000765291,19248,0.1962991018288064,4474.03
2023,15,Ciudad Lineal,5,San Pascual,155,0.01964786935442715,0.11967338606787446,13.869171508941372,18391,0.00929802620847153,174.09518381305216,2.338224036744067,0.2699,0.331,0.02921348314606741,555,0.3117117117117117,0.009009009009009,0.11891891891891893,0.009009009009009,0.01621621621621621,0.11108694470121255,0.07710293078136045,103.33334865889992,0.4126199911895811,0.20184309672483944,0.03916844373613844,0.00725224121273235,0.15616873539222584,1.4893022572434778,8,1,5179.583350579988,5.37,0,0.18606927301397425,0.03291844273476292,0.3590730982299689,22329,0.1686654758867058,4374.19
2023,15,Ciudad Lineal,6,San Juan Bautista,156,0.02778337024360781,0.10690557680692572,14.66483558294132,12481,0.01049595384985177,123.1203007518797,2.5055365411717334,0.2271,0.3425,0.00603621730382293,396,0.2676767676767677,0.00252525252525252,0.14898989898989898,0.01262626262626262,0.0202020202020202,0.11978206874449164,0.07403252944475602,103.33334865889992,0.4126199911895811,0.20184309672483944,0.03916844373613844,0.00725224121273235,0.15616873539222584,1.4893022572434778,8,2,5517.381608968283,4.19,0,0.1687364794487621,0.05364507834471675,0.5384697130712008,28260,0.16529092007247836,4663.75
2023,15,Ciudad Lineal,7,Colina,157,0.03558327219369039,0.12325752017608216,15.34029931229131,6595,0.01592115238817286,117.3664463105235,2.40975788701394,0.2293,0.33,0.01282051282051282,284,0.19014084507042253,0.00704225352112676,0.0880281690140845,0.0176056338028169,0.02816901408450704,0.12706595905989385,0.10022744503411676,103.33334865889992,0.4126199911895811,0.20184309672483944,0.03916844373613844,0.00725224121273235,0.15616873539222584,1.4893022572434778,8,0,5876.295848019207,4.42,1,0.18074298711144807,0.05257521692799512,0.5210515912235619,27706,0.19772560528246516,5025.68
2023,15,Ciudad Lineal,8,Atalaya,158,0.0380794701986755,0.09602649006622516,16.19618905533228,1625,0,65.16673362796304,2.685430463576159,0.23,0.2735,0.0217391304347826,32,0.125,0,0.125,0,0.03125,0.11938461538461538,0.10153846153846154,103.33334865889992,0.4126199911895811,0.20184309672483944,0.03916844373613844,0.00725224121273235,0.15616873539222584,1.4893022572434778,7,0,6201.670850629291,3.84,1,0.15323076923076925,0.05184019728729963,0.5659751037344398,33140,0.19536423841059605,5327.85
2023,15,Ciudad Lineal,9,Costillares,159,0.02590354015048723,0.08992228937954853,14.38402384694336,21986,0.04339124897662148,153.54540358744396,2.7030960897989393,0.2352,0.3164,0.01037344398340249,382,0.27486910994764396,0.00785340314136125,0.12041884816753928,0.01308900523560209,0.0287958115183246,0.08596379514236333,0.0737742199581552,103.33334865889992,0.4126199911895811,0.20184309672483944,0.03916844373613844,0.00725224121273235,0.15616873539222584,1.4893022572434778,11,2,7261.663100362989,4.05,0,0.1593286636950787,0.02375970612393903,0.5577880184331797,29377,0.12409029233995313,4574.53
2023,16,Hortaleza,1,Palomas,161,0.03391304347826087,0.07782608695652174,15.095811076794089,6942,0.00720253529242293,64.76422155688623,3.0095652173913043,0.1656,0.2408,0.01183431952662721,143,0.26573426573426573,0.01398601398601398,0.14685314685314685,0.00699300699300699,0.04195804195804196,0.06611927398444252,0.06064534716220109,121.39917153961798,0.05390773096999927,0.19007489855017776,0.00434959539469906,0.02548764432548,0.11544374492794532,2.116425809630594,13,0,8460.640556816981,3.63,1,0.13022183808700663,0.06114937879225658,0.5803514715223375,34774,0.09652173913043478,5139.42
2023,16,Hortaleza,2,Piovera,162,0.02527363184079602,0.1018905472636816,15.67919303630668,15090,0.01232604373757455,47.907376735889926,2.9932338308457713,0.162,0.2388,0.00259740259740259,335,0.2328358208955224,0.00597014925373134,0.13134328358208955,0.0208955223880597,0.04477611940298507,0.09927104042412194,0.08277004638833664,121.39917153961798,0.05390773096999927,0.19007489855017776,0.00434959539469906,0.02548764432548,0.11544374492794532,2.116425809630594,9,0,7272.732429305579,2.92,1,0.15467196819085488,0.12236302772422047,0.5872851910977557,34949,0.12935323383084577,5811.22
2023,16,Hortaleza,3,Canillas,163,0.02121100012331977,0.10747317795042544,12.949283774575107,39918,0.00804148504434089,157.7244796828543,2.453200147983722,0.2775,0.3357,0.10314924691921495,1387,0.3013698630136986,0.00504686373467916,0.1110310021629416,0.01802451333813987,0.02523431867339581,0.08700335688160729,0.07169697880655343,121.39917153961798,0.05390773096999927,0.19007489855017776,0.00434959539469906,0.02548764432548,0.11544374492794532,2.116425809630594,9,2,7296.31289498252,5.67,0,0.17130116739315596,0.03952110290051776,0.2860535608262242,19994,0.14126279442594647,3718.95
2023,16,Hortaleza,4,Pinar del Rey,164,0.02415951773707396,0.1150011592858799,12.215217564924018,52250,0.00857416267942583,195.25292704893425,2.412752144678878,0.2636,0.3603,0.1339347675225538,1472,0.38247282608695654,0.0061141304347826,0.10190217391304349,0.01698369565217391,0.01834239130434782,0.10080382775119616,0.08045933014354067,121.39917153961798,0.05390773096999927,0.19007489855017776,0.00434959539469906,0.02548764432548,0.11544374492794532,2.116425809630594,7,6,7830.265125778066,6.31,0,0.1881913875598086,0.03996941823143894,0.23218478938036133,16824,0.14440064920009274,3268.81
2023,16,Hortaleza,5,Apóstol Santiago,165,0.02142492773337867,0.11103553817377997,11.56317043051191,15499,0.0089038002451771,128.0806572068708,2.624553647338888,0.2178,0.3477,0.06872037914691943,252,0.3968253968253968,0,0.1507936507936508,0.0119047619047619,0.02777777777777777,0.10374862894380282,0.08219885153880896,121.39917153961798,0.05390773096999927,0.19007489855017776,0.00434959539469906,0.02548764432548,0.11544374492794532,2.116425809630594,12,1,7594.745424567081,6.65,0,0.1800116136524937,0.03085892452218981,0.27556700174462073,18213,0.13620132630505016,2960.4
2023,16,Hortaleza,6,Valdefuentes,166,0.05321881183950149,0.12837354216664562,14.074318584474998,69188,0.00974157368329768,40.6312957774606,2.912551050482085,0.0788,0.2127,0.02764612954186414,902,0.25609756097560976,0.00443458980044345,0.17073170731707318,0.00665188470066518,0.02882483370288248,0.11925478406660114,0.08167601318147656,121.39917153961798,0.05390773096999927,0.19007489855017776,0.00434959539469906,0.02548764432548,0.11544374492794532,2.116425809630594,9,0,10324.991527205424,3.5,1,0.1741342429323004,0.05536642766277321,0.5460211142654364,25293,0.1737190013052082,4533.78
2023,17,Villaverde,1,"Villaverde Alto, Casco Histórico de Villaverde",171,0.0254829915846865,0.11994784876140809,9.789710491805836,48092,2.2872827081427263e-4,51.673943114031296,2.833767926988266,0.1607,0.3689,0.03919372900335946,2665,0.22101313320825516,0.00187617260787992,0.06116322701688555,0.00450281425891182,0.0123827392120075,0.14441071280046577,0.10558928719953424,205.657709738637,0.573944176196243,0.15726247211335384,0.00767473538026583,0.08172595819680487,0.1982293539908701,1.0225149220545775,11,2,8429.326864195527,8.87,0,0.20897446560758545,0.04820037643515904,0.10087348548887012,11511,0.14412705938129666,1892.9275000000002
2023,17,Villaverde,2,San Cristóbal,172,0.02567049808429119,0.10670498084291188,9.388727958661145,17367,0.01819542811078482,159.5381062355658,3.3084291187739465,0.1068,0.4306,0.03571428571428571,274,0.4197080291970803,0,0.17153284671532848,0.0145985401459854,0.03284671532846715,0.2284217193527955,0.15754016237692176,205.657709738637,0.573944176196243,0.15726247211335384,0.00767473538026583,0.08172595819680487,0.1982293539908701,1.0225149220545775,11,0,8593.622960340828,9.13,1,0.2422410318419992,0.0240224667052693,0.06438481349173382,8042,0.12567049808429118,1503.63
2023,17,Villaverde,3,Butarque,173,0.04501607717041801,0.1429528403001072,10.087771697491974,21362,0.00772399588053553,33.43424045172928,2.8558413719185425,0.0909,0.241,0.02242152466367713,325,0.3384615384615385,0.00307692307692307,0.12615384615384614,0.01538461538461538,0.01538461538461538,0.12086883250631963,0.0829978466435727,205.657709738637,0.573944176196243,0.15726247211335384,0.00767473538026583,0.08172595819680487,0.1982293539908701,1.0225149220545775,10,0,9220.484973883558,6.49,1,0.18593764628780077,0.0428392006004879,0.16729906864436012,13620,0.15809217577706325,2251.01
2023,17,Villaverde,4,Los Rosales,174,0.02147399925177703,0.1168724279835391,10.095975993249477,37942,0.00885562173844288,245.39495034724476,2.8288814066591845,0.17170000000000002,0.32439999999999997,0.06349206349206349,939,0.3961661341853035,0.00106496272630457,0.11927582534611288,0.01171458998935037,0.01490947816826411,0.13204364556428233,0.09156080333140056,205.657709738637,0.573944176196243,0.15726247211335384,0.00767473538026583,0.08172595819680487,0.1982293539908701,1.0225149220545775,10,1,6973.898784029635,7.27,0,0.1869168731221338,0.04364549301735082,0.120900412160496,12703,0.12532734754956978,2058.92
2023,17,Villaverde,5,Ángeles,175,0.02339268419876331,0.11115249944125756,9.641600748038975,34900,2.5787965616045846e-4,179.95659587660828,2.594576473217612,0.231,0.4182,0.04910292728989612,801,0.4431960049937578,0,0.11485642946317104,0.01622971285892634,0.01123595505617977,0.15097421203438396,0.10214899713467047,205.657709738637,0.573944176196243,0.15726247211335384,0.00767473538026583,0.08172595819680487,0.1982293539908701,1.0225149220545775,9,1,6844.387300119114,7.09,0,0.2169054441260745,0.04735219513595776,0.14566857392762128,13515,0.12955375102436115,1839.305
2023,18,Villa de Vallecas,1,Casco Histórico de Vallecas,181,0.02973062853342201,0.1275024941802461,10.931462590173336,40604,0.0103191803763176,9.389279815266958,2.688194213501829,0.16690000000000002,0.3197,0.03896103896103896,2683,0.17219530376444278,0.00372717107715244,0.07454342154304883,0.00894521058516585,0.00819977636973537,0.1357994286277214,0.106688996158014,422.35676896578053,0.05039586367628706,0.05868734772915908,0.6122001542260036,0.00491131353100968,0.14416047522999803,0.5225222939664169,14,4,10796.278894705025,9.7,0,0.2022460841296424,0.04939113491847491,0.09716680637049456,11951,0.15377452610575323,2091.64
2023,18,Villa de Vallecas,2,Santa Eugenia,182,0.01829201101928374,0.10347107438016528,9.414271412380442,23954,0.00580278867830007,114.77742524757234,2.6309641873278236,0.2479,0.2328,0.04629629629629629,479,0.348643006263048,0,0.1127348643006263,0.0208768267223382,0.04801670146137787,0.07034315771896134,0.06086666110044252,422.35676896578053,0.05039586367628706,0.05868734772915908,0.6122001542260036,0.00491131353100968,0.14416047522999803,0.5225222939664169,13,0,8760.143846746487,7.27,1,0.1837271436920765,0.05785017590886246,0.1879903755622973,17041,0.09663911845730028,2222.32
2023,18,Villa de Vallecas,3,Ensanche de Vallecas,183,0.05505376344086021,0.17586618876941457,12.812383183378346,53299,0.01369631700407137,83.90973175001183,2.5427956989247313,0.0546,0.2214,0.00409416581371545,747,0.42302543507362783,0,0.16198125836680052,0.0107095046854083,0.02543507362784471,0.14313589373158972,0.10249723259348203,422.35676896578053,0.05039586367628706,0.05868734772915908,0.6122001542260036,0.00491131353100968,0.14416047522999803,0.5225222939664169,16,1,10345.169175936604,5.64,0,0.2339818758325672,0.04693637047060593,0.2989370885939355,16757,0.2721146953405018,3197.51
2023,19,Vicalvaro,1,Casco Histórico de Vicálvaro,191,0.02479828262639721,0.12177067140424902,10.614069195463244,38485,0.01143302585422892,16.52492300248439,2.629284180916426,0.2004,0.4239,0.07087486157253599,1147,0.3295553618134263,8.718395815170009e-4,0.10985178727114212,0.01307759372275501,0.02266782911944202,0.12332077432766012,0.09234766792256724,322.6542851008505,0.24779809551791188,0.08172324410545065,0.3069380954394656,0.20065252977174916,0.1320700682544986,8.758479788160358,11,4,11070.104037586229,8.77,0,0.2100038976224503,0.07536171626453445,0.11152319845714498,12291,0.1418313716781405,2740.64
2023,19,Vicalvaro,2,Valdebernardo,192,0.01841290532833632,0.12840149910379664,9.313977971301243,17544,0.00210898312813497,68.37697154710187,2.8468306990386183,0.1446,0.2316,0.03970223325062035,327,0.382262996941896,0,0.11926605504587157,0.00305810397553516,0.02446483180428134,0.07922936616507067,0.06794345645234838,322.6542851008505,0.24779809551791188,0.08172324410545065,0.3069380954394656,0.20065252977174916,0.1320700682544986,8.758479788160358,11,0,7725.9439756577085,7.95,1,0.166609667122663,0.02130277602884782,0.24746025591314463,17593,0.12025419586116996,2504.12
2023,19,Vicalvaro,3,Valderrivas,193,0.04788242730720607,0.12926675094816686,10.675497578476223,17808,0.00477313566936208,276.11940298507466,2.8065739570164348,0.0705,0.2955,0,107,0.37383177570093457,0,0.12149532710280374,0.01869158878504672,0,0.05559299191374663,0.05542452830188679,322.6542851008505,0.24779809551791188,0.08172324410545065,0.3069380954394656,0.20065252977174916,0.1320700682544986,8.758479788160358,14,0,8888.946624552194,4.12,1,0.10512129380053908,0.01972567567567567,0.29328198545143347,18168,0.15739570164348926,3500.64
2023,19,Vicalvaro,4,El Cañaveral,194,0.0371445153801509,0.24550203134068485,10.679611650485434,10000,0.1085,12.345025202613884,2.5254401238150512,0.0272,0.1408,0,103,0.3592233009708738,0,0.17475728155339806,0.02912621359223301,0.00970873786407766,0.4534,0.0955,322.6542851008505,0.24779809551791188,0.08172324410545065,0.3069380954394656,0.20065252977174916,0.1320700682544986,8.758479788160358,22,0,13555.048065442255,3.36,1,0.3756,0.04934668300903937,0.3719272108119613,19187,0.2507254788160186,2819.96
2023,20,San Blas-Canillejas,1,Simancas,201,0.02838137472283813,0.14749445676274944,13.654706953261895,28084,0.01274747187010397,126.36735052497474,2.551219512195122,0.1557,0.3792,0.02997275204359673,1156,0.24394463667820068,0.00951557093425605,0.16608996539792387,0.01470588235294117,0.01730103806228374,0.1519014385415183,0.1115225751317476,77.44240281961308,0.07840411025641242,0.37504485995848535,0.11202911122067384,0.06802935770910447,0.14404629727265397,1.8953267707977517,11,2,7030.432034855219,6.45,0,0.21635094715852443,0.05413888406049017,0.22922544825703103,15675,0.1922838137472284,2829
2023,20,San Blas-Canillejas,2,Hellín,202,0.02489177489177489,0.11093073593073594,11.4968770199893,9605,0.01821967725143154,173.5379585906284,2.585227272727273,0.2006,0.4982,0.06299212598425197,91,0.2967032967032967,0,0.10989010989010987,0.01098901098901099,0.04395604395604396,0.14252993232691308,0.10338365434669444,77.44240281961308,0.07840411025641242,0.37504485995848535,0.11202911122067384,0.06802935770910447,0.14404629727265397,1.8953267707977517,13,0,7594.896097053899,8.49,1,0.22051015096304008,0.03770905285190998,0.11871470825490724,11986,0.13933982683982685,1965.71
2023,20,San Blas-Canillejas,3,Amposta,203,0.02794583693460097,0.1163929703255546,12.319758706273513,9176,0.01591107236268526,246.44882527680255,2.6292134831460676,0.17079999999999998,0.4355,0.06813186813186813,222,0.47297297297297297,0.009009009009009,0.13063063063063063,0.009009009009009,0.0045045045045045,0.18297733217088055,0.12903225806451613,77.44240281961308,0.07840411025641242,0.37504485995848535,0.11202911122067384,0.06802935770910447,0.14404629727265397,1.8953267707977517,13,1,7068.520027681723,9.79,0,0.2304925893635571,0.03257258382642997,0.09135446685878965,10787,0.16681071737251513,1863.48
2023,20,San Blas-Canillejas,4,Arcos,204,0.02694000214661371,0.12428893420628956,11.6973230650382,25423,0.00932226723832749,194.25375421391357,2.7212622088655145,0.16829999999999998,0.3948,0.03111111111111111,367,0.4168937329700272,0,0.1553133514986376,0.01634877384196185,0.01362397820163487,0.10750108169767532,0.07591550957794123,77.44240281961308,0.07840411025641242,0.37504485995848535,0.11202911122067384,0.06802935770910447,0.14404629727265397,1.8953267707977517,10,2,7390.381611996103,7.25,0,0.17606104708334971,0.02650549025794746,0.16643631724431215,14493,0.14124718256949662,2239.88
2023,20,San Blas-Canillejas,5,Rosas,205,0.0243661212012228,0.11643589282503149,11.455893685607409,30836,0.00402127383577636,33.078040122626795,2.7648804171911525,0.1637,0.27899999999999997,0.03245089666951323,902,0.2682926829268293,0.00110864745011086,0.24057649667405764,0.00776053215077605,0.0188470066518847,0.05924892982228564,0.05885977428979115,77.44240281961308,0.07840411025641242,0.37504485995848535,0.11202911122067384,0.06802935770910447,0.14404629727265397,1.8953267707977517,12,3,9425.773254341557,4.92,0,0.13211830328187832,0.02873930603882801,0.2853297442799462,19981,0.11688545225678834,3700.37
2023,20,San Blas-Canillejas,6,Rejas,206,0.04322849346546029,0.14864282636794485,12.725529388767582,17459,0.03975027206598316,34.689076300416694,2.498779261812438,0.1183,0.3395,0.02390438247011952,737,0.276797829036635,0.02170963364993215,0.13432835820895522,0.00678426051560379,0.03934871099050204,0.1414170341943983,0.10813906867518186,77.44240281961308,0.07840411025641242,0.37504485995848535,0.11202911122067384,0.06802935770910447,0.14404629727265397,1.8953267707977517,13,0,11809.63820196371,4.69,1,0.2029898619623117,0.08018493591585724,0.3526768114799338,19155,0.2323711044090191,2959.07
2023,20,San Blas-Canillejas,7,Canillejas,207,0.02196127644316959,0.1167981355324489,11.22746015703698,29188,0.01096340962039194,181.93027476998185,2.6055037647902473,0.2325,0.3276,0.05514250309789343,991,0.3693239152371342,0.00100908173562058,0.12108980827447025,0.01513622603430877,0.01412714429868819,0.12001507468822804,0.09473071125119913,77.44240281961308,0.07840411025641242,0.37504485995848535,0.11202911122067384,0.06802935770910447,0.14404629727265397,1.8953267707977517,13,1,8480.24735908624,6.67,0,0.2000479649170892,0.06031932776000276,0.18028562693802683,15070,0.1312298314808175,2557.01
2023,20,San Blas-Canillejas,8,El Salvador,208,0.0205761316872428,0.1083676268861454,12.428305962374464,11244,0.00675916044112415,59.58193713100367,2.561042524005487,0.2312,0.3185,0.03519061583577713,219,0.1552511415525114,0.0091324200913242,0.1872146118721461,0.0182648401826484,0.0410958904109589,0.08093205265030239,0.061988616150836,77.44240281961308,0.07840411025641242,0.37504485995848535,0.11202911122067384,0.06802935770910447,0.14404629727265397,1.8953267707977517,12,1,6971.5342346356165,5.54,0,0.17013518320882248,0.03678989466166756,0.4084941203333714,26077,0.13740283493369912,3745.67
2023,21,Barajas,1,Alameda de Osuna,211,0.02561008313220702,0.08125502815768303,11.753913487522222,19749,0.00713960200516481,96.9083837936297,2.6394475730758917,0.2658,0.257,0.02651515151515151,385,0.34285714285714286,0.01298701298701298,0.15064935064935064,0.01038961038961039,0.04155844155844156,0.0656235758772596,0.05828143197123905,1055.5171689104732,0.6968782786602247,0.0401110790722936,0.09859416417037468,0.04666050983639748,0.09978209924762572,1.3261830700190569,14,2,10497.654905582836,3.92,0,0.1289179198946782,0.03557414274828549,0.40830752659216374,24417,0.09828372217752748,3486.44
2023,21,Barajas,2,Aeropuerto,212,0.03133903133903134,0.12108262108262108,11.330640605581287,1909,0.00680984808800419,0.6411617770496446,2.7094017094017095,0.14880000000000002,0.3958,0.01718213058419244,458,0.3537117903930131,0.00655021834061135,0.23799126637554585,0,0.00436681222707423,0.12362493452069148,0.10843373493975904,1055.5171689104732,0.6968782786602247,0.0401110790722936,0.09859416417037468,0.04666050983639748,0.09978209924762572,1.3261830700190569,10,2,13760.414182366178,6.48,0,0.21372446306967,0.06529610935856991,0.1159217877094972,12420,0.1623931623931624,4533.78
2023,21,Barajas,3,Casco Histórico de Barajas,213,0.02133668026357075,0.16065265139629745,12.455798366159494,7411,0.01268384833355822,134.40116490717148,2.316912456855978,0.1993,0.3111,0.08623853211009175,361,0.3157894736842105,0.04709141274238227,0.18005540166204986,0.02770083102493074,0.0110803324099723,0.1415463500202402,0.11658345702334368,1055.5171689104732,0.6968782786602247,0.0401110790722936,0.09859416417037468,0.04666050983639748,0.09978209924762572,1.3261830700190569,11,0,12378.237480023698,5.36,1,0.2365402779651869,0.08026652221018417,0.1697171381031614,15952,0.2215249450894258,3285.62
2023,21,Barajas,4,Timón,214,0.0420353982300885,0.13915929203539823,12.554258508338208,12087,0.00860428559609497,25.110453484494833,2.66570796460177,0.1228,0.2959,0.0374331550802139,263,0.2129277566539924,0.01901140684410646,0.14068441064638784,0.00760456273764258,0.03422053231939163,0.09307520476545048,0.07355009514354265,1055.5171689104732,0.6968782786602247,0.0401110790722936,0.09859416417037468,0.04666050983639748,0.09978209924762572,1.3261830700190569,11,1,10789.995183450248,4.79,0,0.18085546454868867,0.04614378786621296,0.2999767819828187,19498,0.18738938053097343,3745.13
2023,21,Barajas,5,Corralejos,215,0.04639758581667296,0.11769143719351188,14.134838913199667,7645,0.00784826684107259,16.32102728731942,2.8766503206337233,0.1065,0.2808,0.00318471337579617,245,0.1020408163265306,0.01224489795918367,0.3836734693877551,0.00408163265306122,0.04489795918367346,0.08436886854153042,0.07560497056899934,1055.5171689104732,0.6968782786602247,0.0401110790722936,0.09859416417037468,0.04666050983639748,0.09978209924762572,1.3261830700190569,9,1,9764.470276030066,3.44,0,0.1156311314584696,0.04465281930238657,0.5243637798382323,29312,0.16107129385137683,4119.66
