anio,distrito_num,distrito_nombre,barrio_num,barrio_nombre,codigo_barrio,pct_pob_25_39,nivel_estudios_superiores_pct,renta_neta_media_persona,pct_hog_unipersonal_bajo65,precio_vivienda_declarado_barrio,pct_extranjeros_ue_ocde,pct_hog_monoparental,pct_hog_dos_adultos_sin_menores,renta_colectiva_barrio,poblacion_total_barrio,tasa_transacciones_vivienda,densidad,tamano_hogar,envejecimiento,sobreenvejecimiento,pct_uso_vivienda,n_locales_activos_total,pct_comercio_menor,pct_turismo_alojamiento,pct_bares_restaurantes,pct_inmobiliarias,pct_arte_recreo_ocio,tasa_entradas_totales,tasa_salidas_totales,intensidad_inversion_real_distrito,share_gasto_real_urbanismo,share_gasto_real_mantenimiento_urbano,share_gasto_real_medio_ambiente,share_gasto_real_cultura,pct_poblacion_idh_alto_distrito,zonas_verdes_significativas_m2_per_capita_distrito,paradas_red_centro,n_estaciones_metro,distancia_centro_lineal_m,tasa_paro
2017,1,Centro,1,Palacio,011,0.2725288431555971,0.39896890946393815,18254,0.3455895509035606,4178.57,0.0895629222028363,0.019860440150295224,0.17507604222580067,12.942529756394194,22449,0.010468172301661544,152.07,1.9997316156736473,0.18784950565919561,0.3534174803524649,0.02914903620122238,1702,0.31433607520564044,0.015863689776733254,0.3354876615746181,0.007050528789659225,0.02408930669800235,0.14183259833400153,0.11207626174885296,89.79469158271534,0.08756190282102473,0.011133715211813888,0.09261962675949441,0.12794571231052015,0.16230822873082287,0.8911175217870683,1,4,834.2994999607662,8.2
2017,1,Centro,2,Embajadores,012,0.32873440046435826,0.32875368007850836,13454,0.36953630234371415,3538.13,0.08554783777727984,0.018529560152272622,0.18593771499334955,12.506834733938586,44793,0.02190074341973076,431.74,2.0469660138513244,0.14535066099036523,0.3809156775088639,0.03185204212689442,2957,0.4883327696990193,0.006763611768684477,0.15623943185661143,0.003043625295908015,0.014879945891105851,0.16866474672381845,0.1370526644788248,89.79469158271534,0.08756190282102473,0.011133715211813888,0.09261962675949441,0.12794571231052015,0.16230822873082287,0.8911175217870683,1,7,913.3760035725893,9.05
2017,1,Centro,3,Cortes,013,0.3010324902908023,0.4383124036131306,19431,0.390677025527192,4201.77,0.12147134302822925,0.017758046614872364,0.18312985571587126,13.125567817798903,10557,0.027280477408354646,177.76,1.9461709211986704,0.16852010265183917,0.3547659334461365,0.0074682598954443615,1153,0.29314830875975717,0.0372940156114484,0.3599306157849089,0.005203816131830009,0.033824804856895055,0.15364213318177514,0.12077294685990338,89.79469158271534,0.08756190282102473,0.011133715211813888,0.09261962675949441,0.12794571231052015,0.16230822873082287,0.8911175217870683,1,1,710.3835020983723,7.59
2017,1,Centro,4,Justicia,014,0.3014656692817612,0.4670278078728783,21570,0.39028194361127777,5245.82,0.10327348235006718,0.01979604079184163,0.17888422315536892,13.834643069426468,16443,0.024630541871921183,221.45,1.964487102579484,0.1656284353242946,0.36172566371681414,0.0029600394671928957,1872,0.45085470085470086,0.01014957264957265,0.26175213675213677,0.002136752136752137,0.01655982905982906,0.15909505564677978,0.11932129173508484,89.79469158271534,0.08756190282102473,0.011133715211813888,0.09261962675949441,0.12794571231052015,0.16230822873082287,0.8911175217870683,2,3,971.4253672516414,6.62
2017,1,Centro,5,Universidad,015,0.3180785459266472,0.39982428664196495,16869,0.3801489781626027,4191.85,0.09329512520759385,0.01801744445151843,0.1808111033297256,13.881622117212533,30810,0.021876014281077574,323.93,1.9551155535748381,0.16741020547722166,0.37191207936199183,0.0368711233631978,2323,0.37236332328885063,0.01162290142057684,0.26259147653895826,0.005165733964700818,0.02410675850193715,0.15819539110678352,0.12495942875689711,89.79469158271534,0.08756190282102473,0.011133715211813888,0.09261962675949441,0.12794571231052015,0.16230822873082287,0.8911175217870683,2,6,952.2311029999739,7.21
2017,1,Centro,6,Sol,016,0.30654357860439857,0.39124920735573876,16600,0.39442970822281165,4184.44,0.1373109930527176,0.013793103448275862,0.1816976127320955,12.966084864507158,7366,0.017241379310344827,164.85,1.9472148541114063,0.16836943195749896,0.3252427184466019,5.88235294117647e-4,1564,0.460997442455243,0.024936061381074168,0.2928388746803069,6.393861892583121e-4,0.01854219948849105,0.1577518327450448,0.13317947325549823,89.79469158271534,0.08756190282102473,0.011133715211813888,0.09261962675949441,0.12794571231052015,0.16230822873082287,0.8911175217870683,0,7,0,7.93
2017,2,Arganzuela,1,Imperial,021,0.20477364805354942,0.3522075055187638,18632,0.2099759489699885,2879.02,0.029497482999205155,0.02070479974903273,0.1442016103733138,11.88470604972909,22708,0.008587282015148846,234.02,2.3680853288716865,0.20617327563366597,0.36388948382951386,0.01901565995525727,727,0.3218707015130674,0.005502063273727648,0.14442916093535077,0.030261348005502064,0.027510316368638238,0.08327461687511009,0.06750924784217016,32.22325632996567,0.0742465338687163,0.05689759831073329,0.010582363789913037,0.19004065243960372,0.07874181554963314,2.9435899455790353,NA,0,1701.7017735258637,7.11
2017,2,Arganzuela,2,Acacias,022,0.21770595276961585,0.36307869585846947,19323,0.19898092500653253,3373.74,0.025964816582571937,0.018487065586621373,0.131695845309642,12.139119226776794,36756,0.0017956252040483187,341.57,2.3951528612490405,0.21344606573026045,0.31753130590339895,0.013798111837327523,1160,0.3310344827586207,8.620689655172414e-4,0.1353448275862069,0.007758620689655172,0.026724137931034484,0.07966046359777995,0.06891391881597562,32.22325632996567,0.0742465338687163,0.05689759831073329,0.010582363789913037,0.19004065243960372,0.07874181554963314,2.9435899455790353,4,2,1817.5812482709266,6.75
2017,2,Arganzuela,3,Chopera,023,0.23972568201300992,0.23695638876995534,14244,0.18986590720303786,2872.11,0.029548674357417537,0.01839325976029429,0.13753411653020053,10.770476470777384,19831,0.013211638344006857,348.09,2.3453186187255137,0.23401133373810967,0.3982702702702703,0.02564102564102564,723,0.4149377593360996,0.0027662517289073307,0.1355463347164592,0.004149377593360996,0.02351313969571231,0.12041752811255106,0.10332308002622158,32.22325632996567,0.0742465338687163,0.05689759831073329,0.010582363789913037,0.19004065243960372,0.07874181554963314,2.9435899455790353,5,1,2545.0185470969996,8.09
2017,2,Arganzuela,4,Legazpi,024,0.23675042229729729,0.4492859758330282,20054,0.23447436070897038,3629.01,0.028989333614954066,0.035042619401975374,0.17927208767419836,12.887200384289237,18944,0.004961993243243243,133.89,2.562305506697339,0.07793853627626994,0.27235772357723576,0.025547445255474453,431,0.2529002320185615,0,0.18561484918793503,0.0069605568445475635,0.030162412993039442,0.0961254222972973,0.07838893581081081,32.22325632996567,0.0742465338687163,0.05689759831073329,0.010582363789913037,0.19004065243960372,0.07874181554963314,2.9435899455790353,5,1,3482.1731601336073,5.08
2017,2,Arganzuela,5,Delicias,025,0.2329965590453181,0.34758276899924756,17282,0.2244629548443665,3225.75,0.03363532993434325,0.02533976326172731,0.15203857957036387,11.932510709920802,27318,0.01661907899553408,258.5,2.390442788250778,0.16681949895462714,0.3577396657871592,0.007446808510638298,777,0.3770913770913771,0.001287001287001287,0.16344916344916344,0.011583011583011582,0.009009009009009009,0.1121238743685482,0.09272274690680138,32.22325632996567,0.0742465338687163,0.05689759831073329,0.010582363789913037,0.19004065243960372,0.07874181554963314,2.9435899455790353,4,2,2594.8560961675425,6.85
2017,2,Arganzuela,6,Palos de la Frontera,026,0.2596734598449129,0.3260675109458123,16276,0.2616348961016658,2869.62,0.04155590304925723,0.014769019405804568,0.16125708397733127,11.797288359664238,25663,0.012118614347504188,394.48,2.196462304653954,0.20347928068803753,0.3921229586935639,0.015978695073235686,1294,0.34234930448222567,0.00463678516228748,0.15301391035548687,0.010819165378670788,0.01313755795981453,0.13162919378092974,0.10598916728363793,32.22325632996567,0.0742465338687163,0.05689759831073329,0.010582363789913037,0.19004065243960372,0.07874181554963314,2.9435899455790353,3,1,1750.053657056307,7.59
2017,2,Arganzuela,7,Atocha,027,0.171017101710171,0.24607329842931938,14061,0.21428571428571427,NA,0.020739404869251576,0.04523809523809524,0.14047619047619048,9.653465346534654,1111,0.0036003600360036,15.07,2.6404761904761895,0.09377817853922453,0.2596153846153846,0,148,0.2635135135135135,0,0.16891891891891891,0.006756756756756757,0.006756756756756757,0.0855085508550855,0.05130513051305131,32.22325632996567,0.0742465338687163,0.05689759831073329,0.010582363789913037,0.19004065243960372,0.07874181554963314,2.9435899455790353,4,2,2733.93717430477,8.41
2017,3,Retiro,1,Pacífico,031,0.20828886517253647,0.367389399912396,18839,0.19558662280701755,3257.04,0.030241755627583335,0.021313048245614034,0.12952302631578946,11.799564857167857,33732,0.011057749318154867,443.51,2.3046189692982373,0.24270718724910048,0.3620436167605979,0.008108108108108109,1202,0.454242928452579,0,0.129783693843594,0.010815307820299502,0.014143094841930116,0.09276058342226966,0.08022056207755247,37.19068265418641,0.19585735730370038,0.03245903518937865,0.029433758640607564,0.08360125201280062,0.060405346113604916,1.1717073088610368,5,2,2621.775098928446,6.16
2017,3,Retiro,2,Adelfas,032,0.21723568281938327,0.3628281705792471,18991,0.2020364415862808,3176.69,0.025786544713207335,0.02090032154340836,0.13866559485530547,11.59357248516625,18160,0.0138215859030837,283.23,2.4315380493033185,0.2012232078902419,0.3231106243154436,0.0019646365422396855,401,0.3167082294264339,0.007481296758104738,0.11471321695760599,0.012468827930174564,0.0199501246882793,0.10044052863436123,0.0808920704845815,37.19068265418641,0.19585735730370038,0.03245903518937865,0.029433758640607564,0.08360125201280062,0.060405346113604916,1.1717073088610368,6,1,3369.1505563810074,6.76
2017,3,Retiro,3,Estrella,033,0.17382694791218253,0.432364028002154,22436,0.0993138737062449,3243.35,0.01666450805163407,0.015583207349691824,0.07896267007791603,10.604348721144381,23230,0.0077055531640120535,225.86,2.693685312245618,0.2999611449294133,0.2989349453080023,0.010245901639344262,410,0.35365853658536583,0.004878048780487805,0.1024390243902439,0.00975609756097561,0.014634146341463415,0.06896254842875592,0.05824365045200172,37.19068265418641,0.19585735730370038,0.03245903518937865,0.029433758640607564,0.08360125201280062,0.060405346113604916,1.1717073088610368,NA,0,3330.247447548994,5.61
2017,3,Retiro,4,Ibiza,034,0.2041054895726176,0.4255639969842835,20682,0.20069391738046188,4400.61,0.04351899564341594,0.021684918139434024,0.11633958581806354,12.885171841053893,21386,0.016272327691012813,433.91,2.3145397376124808,0.24893427647913058,0.4034625517500941,9.319664492078285e-4,996,0.49096385542168675,0,0.178714859437751,0.007028112449799197,0.006024096385542169,0.10838866548209108,0.08486860562985131,37.19068265418641,0.19585735730370038,0.03245903518937865,0.029433758640607564,0.08360125201280062,0.060405346113604916,1.1717073088610368,5,1,2569.6136361740228,6
2017,3,Retiro,5,Los Jerónimos,035,0.19779442952071258,0.47632215693052193,25792,0.1803921568627451,5147.76,0.059265560754288946,0.01889483065953654,0.10231729055258466,11.993186158171603,7073,0.014845185918280787,37,2.5144385026737974,0.26797107613781374,0.3978835978835979,0.005141388174807198,345,0.263768115942029,0.017391304347826087,0.24347826086956523,0.005797101449275362,0.03768115942028986,0.09953343701399689,0.08242612752721618,37.19068265418641,0.19585735730370038,0.03245903518937865,0.029433758640607564,0.08360125201280062,0.060405346113604916,1.1717073088610368,3,1,1693.9136733919286,4.16
2017,3,Retiro,6,Niño Jesús,036,0.16708278580814717,0.5176824034334764,25063,0.11418312387791742,4320.89,0.025436573311367384,0.019210053859964094,0.08348294434470377,12.556702853868016,15220,0.01064388961892247,235.9,2.7244165170556567,0.2617462932454695,0.3240181268882175,0.0036363636363636364,469,0.2537313432835821,0,0.12153518123667377,0.0042643923240938165,0.021321961620469083,0.07963206307490145,0.06681997371879106,37.19068265418641,0.19585735730370038,0.03245903518937865,0.029433758640607564,0.08360125201280062,0.060405346113604916,1.1717073088610368,6,3,2715.894836350448,4.35
2017,4,Salamanca,1,Recoletos,041,0.22109390063628767,0.5621263532073033,29417,0.27313906084855805,7017.47,0.08083021786773238,0.020836478937037595,0.12094217122150083,15.230334635782945,15559,0.018895815926473422,177.68,2.342443001660878,0.22631171844785355,0.3389347764169752,0,1598,0.5957446808510638,0.014392991239048811,0.1539424280350438,0.004380475594493116,0.012515644555694618,0.1457034513786233,0.10431261649206247,20.39141118074427,0.03893647595303858,0.07164843508864364,0.16945605610633785,0.03141965486142633,0.10506954102920724,0.8769618989518052,5,2,1781.686697174278,3.9
2017,4,Salamanca,2,Goya,042,0.23339006126616746,0.47658610271903323,22743,0.24254245066544286,4936.58,0.056195128616814125,0.018357044515832952,0.12987608994951813,13.419883730783537,29380,0.017903335602450648,380.02,2.239024017133244,0.23601954019061935,0.3685048487480098,0.0010282776349614395,1801,0.501388117712382,0.00277623542476402,0.17545807884508607,0.004997223764575236,0.0138811771238201,0.12528931245745406,0.09278420694349898,20.39141118074427,0.03893647595303858,0.07164843508864364,0.16945605610633785,0.03141965486142633,0.10506954102920724,0.8769618989518052,4,6,2696.9525069184683,5.81
2017,4,Salamanca,3,Fuente del Berro,043,0.2253548418350046,0.3752218672346468,18817,0.21968114348543155,3878.9,0.04605295117804227,0.02012094557449148,0.131500824628917,12.131900049555847,20643,0.016082933682119847,241.44,2.263331500824633,0.2476560602380374,0.38485680659081994,0.013157894736842105,862,0.3329466357308585,0,0.1357308584686775,0.0034802784222737818,0.025522041763341066,0.11296807634549241,0.08700285811170858,20.39141118074427,0.03893647595303858,0.07164843508864364,0.16945605610633785,0.03141965486142633,0.10506954102920724,0.8769618989518052,7,1,3556.0177734228823,6.36
2017,4,Salamanca,4,Guindalera,044,0.22190067443286327,0.42602079481039135,20321,0.20981367897234116,3485.92,0.038568441766080444,0.017706283994907996,0.12296030552019442,12.374130973584208,40775,0.014101778050275904,253.65,2.3524476333757596,0.24919444102816382,0.4247359589379133,0.010214504596527068,1585,0.32933753943217664,0.0037854889589905363,0.12933753943217666,0.006309148264984227,0.02334384858044164,0.11281422440220723,0.0820110361741263,20.39141118074427,0.03893647595303858,0.07164843508864364,0.16945605610633785,0.03141965486142633,0.10506954102920724,0.8769618989518052,7,3,3851.510247708037,6.16
2017,4,Salamanca,5,Lista,045,0.2432912486198454,0.48278129857706564,22465,0.23132530120481928,4984.37,0.059064412005588485,0.0208105147864184,0.12694414019715225,13.464252463071343,20831,0.013633526955018961,399.01,2.273493975903612,0.2390037095919449,0.37895585567425927,8.453085376162299e-4,1110,0.43243243243243246,0.006306306306306306,0.1873873873873874,0.0045045045045045045,0.017117117117117116,0.12855839854063655,0.0908741779079257,20.39141118074427,0.03893647595303858,0.07164843508864364,0.16945605610633785,0.03141965486142633,0.10506954102920724,0.8769618989518052,5,5,2933.199100215949,5.32
2017,4,Salamanca,6,Castellana,046,0.24495896834701056,0.5382008399027481,27540,0.24579466357308585,5807.48,0.06846497414198402,0.012761020881670533,0.12021461716937355,14.763828706224244,17060,0.016002344665885113,220.02,2.4675174013921164,0.22725669957686884,0.3638479441427463,0.002477291494632535,1116,0.45340501792114696,0.010752688172043012,0.18906810035842295,0.007168458781362007,0.015232974910394265,0.141852286049238,0.10392731535756154,20.39141118074427,0.03893647595303858,0.07164843508864364,0.16945605610633785,0.03141965486142633,0.10506954102920724,0.8769618989518052,5,1,2491.06903091583,3.79
2017,5,Chamartin,1,El Viso,051,0.20811885821244736,0.5443950314368962,28945,0.17315014070518125,5392.22,0.048648965476818476,0.01721569276609833,0.10196987253765932,13.310265191513217,17096,0.01093823116518484,99.82,2.8242012911769585,0.21300041029247993,0.37176664832140893,0.005170630816959669,852,0.2676056338028169,0.002347417840375587,0.1596244131455399,0.004694835680751174,0.02699530516431925,0.11645999064108563,0.09347215722976135,28.31180155495904,0.056139142778943,0.05397246897757251,0.010134945038201256,0.08290648006748627,0.07545459616242749,0.8477169362578061,6,2,3488.8511843402644,3.24
2017,5,Chamartin,2,Prosperidad,052,0.22939810976620792,0.39978985187946986,19662,0.20960336691748502,3361.84,0.03330654770151569,0.017344726437954344,0.12976661140160695,12.032969543208832,36186,0.014729453379760128,346.99,2.301300854482857,0.24400786943389952,0.33352259822848057,0.02241662110442865,1417,0.39096683133380383,0.002117148906139732,0.1432604093154552,0.008468595624558928,0.009174311926605505,0.11170065771292766,0.08682916044879235,28.31180155495904,0.056139142778943,0.05397246897757251,0.010134945038201256,0.08290648006748627,0.07545459616242749,0.8477169362578061,5,6,4228.473772625666,6.85
2017,5,Chamartin,3,Ciudad Jardín,053,0.22634730538922157,0.39729638391348426,19345,0.21155817529472065,3654.68,0.03711993012719034,0.02434648898001025,0.1233982573039467,12.31558674457073,18370,0.014589003810560696,240.31,2.3473859559200263,0.23172662263223975,0.37502944640753827,0.011860637509266123,1021,0.29285014691478944,0.002938295788442703,0.14691478942213515,0.007835455435847209,0.01860920666013712,0.1181273816004355,0.09254218835057158,28.31180155495904,0.056139142778943,0.05397246897757251,0.010134945038201256,0.08290648006748627,0.07545459616242749,0.8477169362578061,6,3,4358.076987032577,6.61
2017,5,Chamartin,4,Hispanoamérica,054,0.18853295896879588,0.5024666995559941,25701,0.17438914766691183,4290.1,0.03110698627068198,0.02279970581024761,0.10549971398218518,13.051861148317219,31342,0.011103311849913854,182.46,2.5534853313720705,0.24651966588792526,0.3925743216928469,0.013480392156862746,1441,0.36155447605829283,0.0034698126301179735,0.16308119361554477,0.006245662734212352,0.02220680083275503,0.10270563461170315,0.08576351222002425,28.31180155495904,0.056139142778943,0.05397246897757251,0.010134945038201256,0.08290648006748627,0.07545459616242749,0.8477169362578061,6,3,4821.909268153232,4.85
2017,5,Chamartin,5,Nueva España,055,0.1934923000496771,0.5618736504069543,27478,0.19376739009460212,5052.32,0.04048112816258813,0.02159154145798553,0.10372843628269338,13.897670136993446,24156,0.009066070541480377,134.69,2.683361157484685,0.21157196184155955,0.35679278572828854,0.018145161290322582,833,0.26770708283313327,0.003601440576230492,0.15726290516206481,0.007202881152460984,0.021608643457382955,0.12564166252690842,0.09703593310150688,28.31180155495904,0.056139142778943,0.05397246897757251,0.010134945038201256,0.08290648006748627,0.07545459616242749,0.8477169362578061,7,2,5520.4265188656,4.15
2017,5,Chamartin,6,Castilla,056,0.21305862566074002,0.482427620374671,22650,0.18037828694448715,3390.08,0.03452223159416797,0.01706904505612794,0.11902198985083808,11.796500333782678,16648,0.008409418548774628,76.8,2.5523604490235337,0.22466562236414023,0.3971574148565299,0.1780821917808219,527,0.3036053130929791,0.0056925996204933585,0.174573055028463,0.009487666034155597,0.024667931688804556,0.11544930321960596,0.08751802018260452,28.31180155495904,0.056139142778943,0.05397246897757251,0.010134945038201256,0.08290648006748627,0.07545459616242749,0.8477169362578061,8,5,6669.055768164209,5.26
2017,6,Tetuan,1,Bellas Vistas,061,0.2595210465238949,0.24673071790765946,13115,0.22888353690005162,2594.3,0.03716633167601113,0.018665061070015483,0.13340787889213832,11.352219228008337,28437,0.012765059605443612,396.54,2.439274040942707,0.18650163969110334,0.37625259973529973,0.08904933814681107,1117,0.32408236347359,0.005371530886302597,0.11727842435094002,0.005371530886302597,0.009847806624888093,0.15631044062313185,0.12279776347716004,183.81166835272296,0.944769959267394,0.004443800058800991,0.006093202683713318,0.0026459010333524597,0.12669956888984257,2.441539239718299,6,1,3909.9229672628644,7.81
2017,6,Tetuan,2,Cuatro Caminos,062,0.25123384253819037,0.4037638084271887,19263,0.23623961639764976,3326.22,0.0359479050032412,0.017896940636185587,0.1285878300803674,12.562559060745357,34040,0.016891891891891893,286.39,2.29202404268251,0.23056750545111676,0.3800638977635783,0.030127462340672075,2057,0.4316966456003889,0.006319883325230919,0.17258142926592124,0.0053475935828877,0.02236266407389402,0.13134547591069332,0.10472972972972973,183.81166835272296,0.944769959267394,0.004443800058800991,0.006093202683713318,0.0026459010333524597,0.12669956888984257,2.441539239718299,5,6,3851.772541242594,6.25
2017,6,Tetuan,3,Castillejos,063,0.2522455089820359,0.4082061756578157,21041,0.25208516242317824,3621.63,0.040486437794014604,0.01635206321334504,0.14003511852502196,12.895468046992839,20040,0.01941117764471058,283.56,2.1929323968393333,0.24246822139925933,0.3801857585139319,0.023500810372771474,1011,0.29080118694362017,0.009891196834817012,0.22551928783382788,0.006923837784371909,0.020771513353115726,0.14166666666666666,0.1060379241516966,183.81166835272296,0.944769959267394,0.004443800058800991,0.006093202683713318,0.0026459010333524597,0.12669956888984257,2.441539239718299,9,2,4865.913979796185,6.43
2017,6,Tetuan,4,Almenara,064,0.23313217478106993,0.20627338129496403,12877,0.22147945205479452,2556.33,0.02629424074242563,0.025205479452054796,0.1372054794520548,10.466617941783321,22039,0.014065973955261128,219.96,2.4089863013698625,0.2083522882358293,0.4735807860262009,0.07440273037542662,771,0.29701686121919585,0.0025940337224383916,0.13618677042801555,0.0025940337224383916,0.01297016861219196,0.12881709696447208,0.09315304687145515,183.81166835272296,0.944769959267394,0.004443800058800991,0.006093202683713318,0.0026459010333524597,0.12669956888984257,2.441539239718299,8,2,5985.2780487589325,11.4
2017,6,Tetuan,5,Valdeacederas,065,0.2686236499584603,0.1962474645030426,11859,0.24803149606299213,2321.17,0.041524549853256126,0.022661801421163818,0.15997695410024967,11.269395479118431,25277,0.014123511492661313,216.73,2.4211638179373907,0.15090822558895853,0.4031537450722733,0.101159114857745,962,0.3814968814968815,0.0010395010395010396,0.09355509355509356,0.007276507276507277,0.007276507276507277,0.15041341931400087,0.12212683467183606,183.81166835272296,0.944769959267394,0.004443800058800991,0.006093202683713318,0.0026459010333524597,0.12669956888984257,2.441539239718299,NA,0,5518.012250818581,8.58
2017,6,Tetuan,6,Berruguete,066,0.2542977885364953,0.21266659670479587,12390,0.24032162001191185,2479.19,0.037632639631488024,0.0247170935080405,0.1480047647409172,11.149054433179373,24373,0.013211340417675296,400.52,2.413539805439749,0.17010775684790655,0.39893617021276595,0.10657894736842105,899,0.3526140155728587,0.0011123470522803114,0.1167964404894327,0.006674082313681869,0.013348164627363738,0.16091576744758546,0.13055430189143724,183.81166835272296,0.944769959267394,0.004443800058800991,0.006093202683713318,0.0026459010333524597,0.12669956888984257,2.441539239718299,8,1,4696.8582372321225,8.33
2017,7,Chamberi,1,Gaztambide,071,0.23274635361081467,0.4617730341973426,20504,0.24038273774653388,4121.88,0.04400606980273141,0.014059753954305799,0.12468267916422573,13.936446359021039,22488,0.017253646389185345,442.39,2.18765866041788,0.25667231991430867,0.3987132672578682,0.007495315427857589,1392,0.4260057471264368,0.0021551724137931034,0.16666666666666666,0.008620689655172414,0.014367816091954023,0.12233191035218784,0.08991462113127001,28.740410196180783,0.03792244489789714,0.022229985212900236,0.08153823423167407,0.012813376787582603,0.0898392296999294,0.35161744022503516,3,1,2139.273308016623,6.42
2017,7,Chamberi,2,Arapiles,072,0.24531333690412427,0.44024871094934787,20198,0.24656543745480838,4191.23,0.046279829604201995,0.019884309472161965,0.13214027476500362,13.850141748118437,24271,0.013802480326315356,418.16,2.185375994215474,0.2419041316845196,0.37886818259531546,0.005891016200294551,1173,0.3887468030690537,0.0025575447570332483,0.1577152600170503,0.01619778346121057,0.013640238704177323,0.12175023690824441,0.09492810349800174,28.740410196180783,0.03792244489789714,0.022229985212900236,0.08153823423167407,0.012813376787582603,0.0898392296999294,0.35161744022503516,6,1,1920.4473643335684,6.24
2017,7,Chamberi,3,Trafalgar,073,0.2669402014949626,0.46295748248988855,20613,0.2954231433506045,4649.63,0.058329254364496645,0.01994818652849741,0.1501727115716753,13.890750501551516,24616,0.018930776730581734,400.67,2.117098445595861,0.21071953010279004,0.3832752613240418,0.003395585738539898,1444,0.3559556786703601,0.00554016620498615,0.1904432132963989,0.006925207756232687,0.02008310249307479,0.12187195320116997,0.09806629834254144,28.740410196180783,0.03792244489789714,0.022229985212900236,0.08153823423167407,0.012813376787582603,0.0898392296999294,0.35161744022503516,3,8,1749.3435959707163,6.31
2017,7,Chamberi,4,Almagro,074,0.2205807953050693,0.5035177790454459,26752,0.23817271589486858,5255.21,0.05959995938673977,0.020775969962453067,0.12015018773466833,14.273419963056158,19766,0.014722250328847516,210.01,2.465331664580733,0.2382475378210986,0.3786490517792457,0.01001669449081803,1036,0.33204633204633205,0.004826254826254826,0.21621621621621623,0.0019305019305019305,0.011583011583011582,0.11742385915207933,0.09647880198320348,28.740410196180783,0.03792244489789714,0.022229985212900236,0.08153823423167407,0.012813376787582603,0.0898392296999294,0.35161744022503516,3,5,1961.8302018492532,4.58
2017,7,Chamberi,5,Ríos Rosas,075,0.24833760540881905,0.47468557054653554,22204,0.23919623339498908,4300.47,0.044700443649107115,0.02068269715823104,0.13241970741550363,13.520148103580501,26919,0.014970838441249674,274.99,2.255170674289542,0.23420199082876636,0.38554600445717924,0.007834757834757835,1241,0.32151490733279614,0.004834810636583401,0.1925866236905721,0.0136986301369863,0.011281224818694601,0.1201753408373268,0.0966974999071288,28.740410196180783,0.03792244489789714,0.022229985212900236,0.08153823423167407,0.012813376787582603,0.0898392296999294,0.35161744022503516,4,2,2846.104919773461,5.37
2017,7,Chamberi,6,Vallehermoso,076,0.1953808996679078,0.5054307116104869,24859,0.19572649572649573,3915.56,0.02891956115071541,0.014163614163614164,0.09963369963369964,12.964921197400356,19874,0.011472275334608031,184.98,2.4150183150183224,0.28130845846604985,0.3855140186915888,0.006234413965087282,735,0.2748299319727891,0,0.17006802721088435,0.009523809523809525,0.014965986394557823,0.10787964174298077,0.07743785850860421,28.740410196180783,0.03792244489789714,0.022229985212900236,0.08153823423167407,0.012813376787582603,0.0898392296999294,0.35161744022503516,6,4,2895.965028339834,4.81
2017,8,Fuencarral-El Pardo,1,El Pardo,081,0.20943175161101346,0.15088224702916816,15289,0.12993039443155452,2076.97,0.012080141426045962,0.017788089713843776,0.0951276102088167,9.223280203849832,3414,0.009373169302870533,0.18,2.6249033255993837,0.2657631113730112,0.4656319290465632,0.08411214953271028,144,0.22916666666666666,0,0.2708333333333333,0.006944444444444444,0.11805555555555555,0.10222612770943175,0.07674282366725249,17.65641242087483,0.19750807987679145,0.11209421778023353,0.008899018204107845,0.05814692931246179,0.062457069141717905,1.6698860263067674,NA,0,15968.221312001373,7.01
2017,8,Fuencarral-El Pardo,2,Fuentelarreina,082,0.14254454517036574,0.553091684434968,28731,0.0969807868252516,3010.15,0.033479349186483105,0.025617566331198535,0.06129917657822507,10.505645823462036,3199,0.009377930603313536,23.12,2.9240622140896586,0.26220275344180227,0.301909307875895,0,24,0.25,0.041666666666666664,0.041666666666666664,0,0.125,0.07127227258518287,0.05564238824632698,17.65641242087483,0.19750807987679145,0.11209421778023353,0.008899018204107845,0.05814692931246179,0.062457069141717905,1.6698860263067674,NA,0,7753.5321488741565,3.78
2017,8,Fuencarral-El Pardo,3,Peñagrande,083,0.1912676755147606,0.2826975084872547,17862,0.12509698597433602,2836.61,0.024038678776377033,0.02590271560728141,0.09716502536556251,10.581630043614304,44341,0.009269073769197807,153.3,2.6417188898836073,0.2452668202973205,0.2670412675018423,0.02913453299057412,962,0.37525987525987525,0,0.10602910602910603,0.012474012474012475,0.016632016632016633,0.07938476804763087,0.06907827969599242,17.65641242087483,0.19750807987679145,0.11209421778023353,0.008899018204107845,0.05814692931246179,0.062457069141717905,1.6698860263067674,12,2,7057.610223581704,6.97
2017,8,Fuencarral-El Pardo,4,Pilar,084,0.20782640868827126,0.2114887329146657,14477,0.1453403902034039,2663.66,0.027571603213412496,0.017590286425902865,0.11529680365296803,10.372045405981401,45947,0.008313926915794285,336.03,2.3769198837692027,0.29658574921411107,0.31164433976151923,0.06592972759573629,1825,0.4367123287671233,0,0.1293150684931507,0.012054794520547946,0.0136986301369863,0.09933183885781444,0.08220340827475134,17.65641242087483,0.19750807987679145,0.11209421778023353,0.008899018204107845,0.05814692931246179,0.062457069141717905,1.6698860263067674,11,1,6654.963594575406,7.57
2017,8,Fuencarral-El Pardo,5,La Paz,085,0.19961640601947478,0.39305941344107354,22078,0.08028259473346179,2922.4,0.0195248942401562,0.012764932562620424,0.08542068079640334,9.878565365276977,33890,0.00554735910298023,156.88,2.7137925497752104,0.295713398219093,0.1985794317727091,0.013245033112582781,622,0.30064308681672025,0.00482315112540193,0.1414790996784566,0.003215434083601286,0.022508038585209004,0.06479787547949248,0.0589849513130717,17.65641242087483,0.19750807987679145,0.11209421778023353,0.008899018204107845,0.05814692931246179,0.062457069141717905,1.6698860263067674,10,3,7117.797309101631,5.51
2017,8,Fuencarral-El Pardo,6,Valverde,086,0.21851327728294348,0.3488917924893535,16091,0.17444862098636837,3350.75,0.032127443302061284,0.05547755989312078,0.1189710610932476,10.810903801635767,60065,0.012869391492549738,66.82,2.717766405507004,0.11961140457582778,0.4123711340206186,0.03972048547260022,1600,0.24625,0.005,0.1525,0.006875,0.023125,0.1261799716973279,0.09333222342462333,17.65641242087483,0.19750807987679145,0.11209421778023353,0.008899018204107845,0.05814692931246179,0.062457069141717905,1.6698860263067674,11,4,9459.745172148323,7.07
2017,8,Fuencarral-El Pardo,7,Mirasierra,087,0.16297734627831714,0.5111960148957779,23742,0.12455874936964195,3107.57,0.02727743941946352,0.04246091780131114,0.08562783661119516,11.518255330306625,30900,0.018155339805825243,44.14,3.113262733232487,0.14419463522094078,0.21658054369804539,0,427,0.3395784543325527,0.00234192037470726,0.117096018735363,0.00936768149882904,0.03981264637002342,0.10650485436893203,0.07009708737864077,17.65641242087483,0.19750807987679145,0.11209421778023353,0.008899018204107845,0.05814692931246179,0.062457069141717905,1.6698860263067674,12,3,8861.590582904815,4.22
2017,8,Fuencarral-El Pardo,8,El Goloso,088,0.2143267133509356,0.5130992196209587,20342,0.18882828662779763,3856.25,0.02802342942460089,0.08764340793680647,0.10814369005078052,11.101575077556237,17422,0.019228561588795774,6.57,3.2751551626857336,0.08361088779143218,0.5364010989010989,0.0018656716417910447,445,0.2651685393258427,0.0022471910112359553,0.18202247191011237,0,0.051685393258426963,0.12708070255998163,0.09855355297899208,17.65641242087483,0.19750807987679145,0.11209421778023353,0.008899018204107845,0.05814692931246179,0.062457069141717905,1.6698860263067674,13,1,13001.86708747171,3.87
2017,9,Moncloa-Aravaca,1,Casa de Campo,091,0.18746606685798495,0.3557527189467659,18938,0.19062273714699493,2826.96,0.03683513745035433,0.017016654598117305,0.12961622013034033,11.538090250015145,12893,0.01039323664003723,7.35,2.324583635047068,0.25029203333073746,0.44741754822650903,0.0173053152039555,648,0.37962962962962965,0.006172839506172839,0.23765432098765432,0.0030864197530864196,0.040123456790123455,0.0899713022570387,0.07042581245637168,82.68042026698512,0.22608053410023035,0.011346170092348548,0.0843045957102492,0.021925756046704967,0.08370187249257932,1.1310615430545485,2,8,4173.709669904124,7.82
2017,9,Moncloa-Aravaca,2,Argüelles,092,0.2251911569148936,0.46803095092649155,23167,0.2374987956450525,3994,0.04897413396849275,0.01657192407746411,0.13402061855670103,13.414225488262177,24064,0.01587433510638298,315.91,2.305713459870902,0.24971793907484016,0.3872155287817938,0.01227830832196453,1219,0.3601312551271534,0.009844134536505332,0.18949958982772763,0.011484823625922888,0.015586546349466776,0.11826795212765957,0.09092420212765957,82.68042026698512,0.22608053410023035,0.011346170092348548,0.0843045957102492,0.021925756046704967,0.08370187249257932,1.1310615430545485,2,2,1653.6887926611475,5.55
2017,9,Moncloa-Aravaca,3,Ciudad Universitaria,093,0.19844623990055935,0.5140703920468211,23760,0.1723569190169883,3407.75,0.029153429265557834,0.01995711693880917,0.10077519379844961,12.504906153541713,16090,0.009881914232442512,11.26,2.647699158832252,0.2530368155484956,0.33850320039389464,0.03134479271991911,790,0.1949367088607595,0.0012658227848101266,0.1962025316455696,0.005063291139240506,0.05949367088607595,0.0966438781852082,0.07408328154133002,82.68042026698512,0.22608053410023035,0.011346170092348548,0.0843045957102492,0.021925756046704967,0.08370187249257932,1.1310615430545485,5,3,5161.047179825196,4.9
2017,9,Moncloa-Aravaca,4,Valdezarza,094,0.19852589913328328,0.24240457024149573,14739,0.14834844829020719,2454.55,0.027217397250906106,0.026374906398202846,0.10683085115234213,10.273226451671615,29306,0.011124001910871494,209.28,2.4333139196272477,0.2499829036449429,0.341403364792778,0.0625,614,0.33713355048859933,0,0.11400651465798045,0.008143322475570033,0.016286644951140065,0.09380331672695011,0.07619600081894493,82.68042026698512,0.22608053410023035,0.011346170092348548,0.0843045957102492,0.021925756046704967,0.08370187249257932,1.1310615430545485,9,2,5430.4959712467935,7.68
2017,9,Moncloa-Aravaca,5,Valdemarín,095,0.14818266542404473,0.6044813695871097,30009,0.16060770482908301,3906.57,0.03913924840168408,0.0727075420510038,0.08247422680412371,13.78942199766075,6438,0.015843429636533086,19.42,3.479652740097665,0.10353968501481367,0.3509036144578313,0,106,0.14150943396226415,0.04716981132075472,0.3018867924528302,0,0.009433962264150943,0.13156259707983847,0.10298229263746506,82.68042026698512,0.22608053410023035,0.011346170092348548,0.0843045957102492,0.021925756046704967,0.08370187249257932,1.1310615430545485,NA,0,8461.673852404916,3.4
2017,9,Moncloa-Aravaca,6,El Plantío,096,0.1650735294117647,0.5231409256370255,30210,0.09036144578313253,3144.23,0.03198529411764706,0.04939759036144578,0.0783132530120482,10.588235294117647,2720,0.009191176470588236,7.71,3.2771084337349374,0.19191176470588237,0.2796934865900383,0.004366812227074236,196,0.336734693877551,0.00510204081632653,0.16326530612244897,0.00510204081632653,0.01020408163265306,0.07757352941176471,0.075,82.68042026698512,0.22608053410023035,0.011346170092348548,0.0843045957102492,0.021925756046704967,0.08370187249257932,1.1310615430545485,NA,0,11456.239375587471,3.2
2017,9,Moncloa-Aravaca,7,Aravaca,097,0.15506919608148034,0.5008131970260223,24362,0.12264723740133576,3597.78,0.0486789369236157,0.043594414086217365,0.08731026108075289,11.158134460715516,25724,0.02332452184730213,44.05,3.1207043108682413,0.14016109576248104,0.2656857301499167,0.027522935779816515,622,0.3520900321543408,0.001607717041800643,0.10128617363344052,0.014469453376205787,0.024115755627009645,0.11191883066397139,0.08828331519203857,82.68042026698512,0.22608053410023035,0.011346170092348548,0.0843045957102492,0.021925756046704967,0.08370187249257932,1.1310615430545485,NA,0,7562.302874208347,4.01
2017,10,Latina,1,Los Cármenes,101,0.18149382932678249,0.1458595717884131,11469,0.15078016375714506,1767.85,0.034454422727005926,0.0325969411401205,0.1259076162521242,8.742163051847541,17097,0.008948938410247412,131.87,2.632009887223854,0.1750895110641545,0.4153536708012069,0.1039671682626539,310,0.23870967741935484,0,0.16774193548387098,0.0064516129032258064,0.04838709677419355,0.10393636310463825,0.082821547639936835,39.28709413555895,0.0321662960633139,0.01761852380150287,0.12743902756211403,0.002294760424237525,0.11452131663587217,3.370848810777846,6,1,3189.554438507505,11.52
2017,10,Latina,2,Puerta del Angel,102,0.22457513797379106,0.1739316762581119,12003,0.19860950173812283,1932.71,0.04082329415207531,0.02190034762456547,0.12902665121668597,9.355046578331454,41131,0.012666844958790207,298.16,2.3757821552723124,0.21265180705262643,0.44002293577981655,0.09512525389302641,1516,0.3970976253298153,6.596306068601583e-4,0.11609498680738786,0.009234828496042216,0.009234828496042216,0.12606063553037855,0.10099438379810849,39.28709413555895,0.0321662960633139,0.01761852380150287,0.12743902756211403,0.002294760424237525,0.11452131663587217,3.370848810777846,3,2,2462.0227528519436,10.08
2017,10,Latina,3,Lucero,103,0.1913240073477462,0.14921618665694494,12173,0.1440635511343305,1707.95,0.033712325271484864,0.02397480855936449,0.09962069705861304,8.620340663498244,35385,0.010936837643069098,210.06,2.5240821584484427,0.2315631290935382,0.4143504346761357,0.08638562543192813,857,0.3733955659276546,0,0.13302217036172695,0.011668611435239206,0.021003500583430573,0.10654232019217183,0.08449908153172248,39.28709413555895,0.0321662960633139,0.01761852380150287,0.12743902756211403,0.002294760424237525,0.11452131663587217,3.370848810777846,5,1,4227.863152996435,9.86
2017,10,Latina,4,Aluche,104,0.18548719593201704,0.13793363073390177,12726,0.10851330322237826,1702.67,0.045094706539880874,0.019129312635214637,0.09143355979807948,8.16312889909944,65487,0.009956174507917602,229.16,2.478726230690398,0.30374998085963223,0.291324292987851,0.06681681681681682,1907,0.40115364446775037,0.001048767697954903,0.140534871525957,0.009438909281594127,0.0173046670162559,0.10098187426512133,0.07838196894040038,39.28709413555895,0.0321662960633139,0.01761852380150287,0.12743902756211403,0.002294760424237525,0.11452131663587217,3.370848810777846,6,3,5246.163985037182,8.88
2017,10,Latina,5,Campamento,105,0.2117303609341826,0.16041638862938742,12669,0.13964025813538378,1818.73,0.050394204133816345,0.020870520389949198,0.10448990800494302,8.978280251056072,18840,0.010668789808917197,20.42,2.577509268158727,0.24046452162795653,0.34182543198936644,0.08333333333333333,459,0.31808278867102396,0,0.1111111111111111,0.013071895424836602,0.006535947712418301,0.12452229299363057,0.09771762208067941,39.28709413555895,0.0321662960633139,0.01761852380150287,0.12743902756211403,0.002294760424237525,0.11452131663587217,3.370848810777846,6,1,9136.38284445581,8.26
2017,10,Latina,6,Cuatro Vientos,106,0.25191256830601094,0.23969344608879492,14827,0.29260143198090693,2253.75,0.02103145574250183,0.057756563245823386,0.1379474940334129,11.840905737470106,5490,0.006193078324225865,10.07,2.610023866348445,0.06510607168983175,0.2443820224719101,0,90,0.2,0,0.08888888888888889,0,0.03333333333333333,0.1111111111111111,0.0790528233151184,39.28709413555895,0.0321662960633139,0.01761852380150287,0.12743902756211403,0.002294760424237525,0.11452131663587217,3.370848810777846,8,1,8640.708002320105,8.17
2017,10,Latina,7,Águilas,107,0.16904663963487493,0.11931248624728001,12402,0.11780117413031876,1771.51,0.03330781762154311,0.02173596623162389,0.09878220367764785,8.137244198206316,51051,0.009226068049597462,141.15,2.4719324632477937,0.283459930518754,0.30715967317546045,0.018111254851228976,1100,0.4354545454545454,0,0.13818181818181818,0.01090909090909091,0.019090909090909092,0.08509137920902626,0.07139918904624787,39.28709413555895,0.0321662960633139,0.01761852380150287,0.12743902756211403,0.002294760424237525,0.11452131663587217,3.370848810777846,7,1,6885.9755107490355,9.06
2017,11,Carabanchel,1,Comillas,111,0.21857800234593522,0.15507392473118278,12090,0.1745237841864425,1905.85,0.04359636017927475,0.0230924763222305,0.11195062253910823,8.9972625750413,22166,0.008752142921591627,331.62,2.3506438224965347,0.24491828511929015,0.39020332717190387,0.041573867854491464,825,0.36848484848484847,0.0012121212121212121,0.12727272727272726,0.006060606060606061,0.020606060606060607,0.11734187494360733,0.09726608319047189,59.20308559285671,0.6624560520150136,0.018679164301956114,0.036544144644250695,0.02305369779738518,0.13802572152230755,1.0649557630616457,9,1,2716.71359451771,9.59
2017,11,Carabanchel,2,Opañel,112,0.21794672067300203,0.1382747300557687,11468,0.17025561580170412,1714.06,0.039130570563067985,0.021843532145623547,0.11804802478698684,8.738457544962252,32095,0.007290855273407073,289.18,2.4803253292021687,0.21311014646638143,0.4006447831184056,0.04656084656084656,1217,0.33442892358258014,0,0.12325390304026294,0.00657354149548069,0.010682004930156122,0.1302383548839383,0.10288206885807759,59.20308559285671,0.6624560520150136,0.018679164301956114,0.036544144644250695,0.02305369779738518,0.13802572152230755,1.0649557630616457,6,5,3342.7575110293496,9.12
2017,11,Carabanchel,3,San Isidro,113,0.2144657390391179,0.1235544942862016,10565,0.16916661061411178,1881.82,0.04718621561808409,0.024618282101298176,0.11912288962130894,8.85424077608547,38090,0.011184037805198214,199.84,2.553036927423142,0.19728106228264305,0.3880876068376068,0.06705824767498776,1109,0.2885482416591524,0,0.11632100991884581,0.009918845807033363,0.015329125338142471,0.1334470989761092,0.10286164347597794,59.20308559285671,0.6624560520150136,0.018679164301956114,0.036544144644250695,0.02305369779738518,0.13802572152230755,1.0649557630616457,NA,0,3059.153910492342,12.15
2017,11,Carabanchel,4,Vista Alegre,114,0.20530337078651686,0.11161659513590844,10775,0.13112824436466364,1709.3,0.039846570397111924,0.020775704784886117,0.10423165205108587,8.167928101314818,44500,0.010134831460674157,278.88,2.6084397622270714,0.23445397111913358,0.3558849003945722,0.037371910789632305,2144,0.41744402985074625,0.0018656716417910447,0.13152985074626866,0.008395522388059701,0.010261194029850746,0.134876404494382,0.10305617977528089,59.20308559285671,0.6624560520150136,0.018679164301956114,0.036544144644250695,0.02305369779738518,0.13802572152230755,1.0649557630616457,7,3,5063.086310850565,10.11
2017,11,Carabanchel,5,Puerta Bonita,115,0.20269085411942556,0.09942011597680464,9712,0.1435249733453621,1509.58,0.04470916310508927,0.026900680718445008,0.11145739358648404,8.043074971132336,33075,0.006712018140589569,205.09,2.705732797506757,0.19693249674153557,0.394335847314145,0.05417463352453792,941,0.34006376195536664,0.0010626992561105207,0.1073326248671626,0.003188097768331562,0.01381509032943677,0.14814814814814814,0.10430839002267574,59.20308559285671,0.6624560520150136,0.018679164301956114,0.036544144644250695,0.02305369779738518,0.13802572152230755,1.0649557630616457,NA,0,5104.261852587482,11.28
2017,11,Carabanchel,6,Buenavista,116,0.18779228800847084,0.15040904265284458,11927,0.1733237375554756,1791.67,0.040554278642149916,0.041561712846347604,0.11694854264123786,9.588340682193836,45332,0.00992676255183976,80.61,2.713685978169613,0.1390337694483734,0.3252265140677158,0.024752475247524754,1302,0.35560675883256526,0,0.1313364055299539,0.007680491551459293,0.018433179723502304,0.10460601782405365,0.08078178769963823,59.20308559285671,0.6624560520150136,0.018679164301956114,0.036544144644250695,0.02305369779738518,0.13802572152230755,1.0649557630616457,10,3,6594.790504863614,8.68
2017,11,Carabanchel,7,Abrantes,117,0.188779841749584,0.11346998535871157,10544,0.12932469935245144,1640.68,0.036666326217955264,0.028584643848288623,0.10582793709528214,8.185109385503097,29447,0.005195775460997725,187.74,2.717206290471788,0.18734892588431554,0.3850626930765037,0.03783231083844581,695,0.3985611510791367,0,0.1381294964028777,0.010071942446043165,0.014388489208633094,0.12860393248887833,0.10068937412979251,59.20308559285671,0.6624560520150136,0.018679164301956114,0.036544144644250695,0.02305369779738518,0.13802572152230755,1.0649557630616457,7,4,4633.638175169047,10.26
2017,12,Usera,1,Orcasitas,121,0.1641126158232359,0.07867607162235486,10529,0.11083273681698878,1419.55,0.02035896062148406,0.03185397279885469,0.10450966356478167,7.29403453264745,22448,0.005390235210263721,165.13,2.672154617036504,0.19760692919010625,0.4439674649796656,0.0447427293064877,354,0.4491525423728814,0,0.1497175141242938,0.002824858757062147,0.01977401129943503,0.07711154668567356,0.062410905203136136,38.61068211744168,0.0718401610349181,0.06858190636368595,0.08849937410206746,0.0060324888628570375,0.1696329873656253,4.733618381145419,NA,0,5444.820243803643,11.04
2017,12,Usera,2,Orcasur,122,0.20540984831502654,0.08837835040877574,8966,0.15310285591582565,1419.16,0.026404620808641505,0.03328322954691862,0.1245436976594374,8.434931547358733,13383,0.01053575431517597,96.09,2.862572471548211,0.14837596579401396,0.3857431749241658,0.024752475247524754,234,0.3076923076923077,0,0.12393162393162394,0,0.017094017094017096,0.1096913995367257,0.08518269446312486,38.61068211744168,0.0718401610349181,0.06858190636368595,0.08849937410206746,0.0060324888628570375,0.1696329873656253,4.733618381145419,7,1,5034.764224800982,13.1
2017,12,Usera,3,San Fermín,123,0.1901693587008577,0.09667896678966789,9254,0.1406172839506173,1417.14,0.03424060019192182,0.03851851851851852,0.11234567901234568,7.74384362665703,22969,0.009491053158605076,155.39,2.830370370370374,0.14472651138445433,0.33212778782399033,0.01788617886178862,379,0.39050131926121373,0.002638522427440633,0.17150395778364116,0.002638522427440633,0.0158311345646438,0.1117593277896295,0.08833645348077844,38.61068211744168,0.0718401610349181,0.06858190636368595,0.08849937410206746,0.0060324888628570375,0.1696329873656253,4.733618381145419,8,1,5347.446205816762,11.27
2017,12,Usera,4,Almendrales,124,0.2182127246236037,0.09556777741831123,9589,0.15300691857370943,1888.3,0.02942752740560292,0.022352315061202766,0.11575306013837147,8.653418086311392,20590,0.010101991257892181,263.09,2.730840872804686,0.17364190012180267,0.44809203142536475,0.036155202821869487,718,0.36768802228412256,0.001392757660167131,0.13370473537604458,0.001392757660167131,0.013927576601671309,0.15988343856240894,0.12098105876639145,38.61068211744168,0.0718401610349181,0.06858190636368595,0.08849937410206746,0.0060324888628570375,0.1696329873656253,4.733618381145419,6,1,3761.5802233954323,9.95
2017,12,Usera,5,Moscardó,125,0.22531665486586422,0.10879676440849342,10132,0.14623277023525755,1668.8,0.03353321761085684,0.022282101772204372,0.11814695823401389,8.413133123516582,25422,0.009834002045472426,278.92,2.6270079801015664,0.1972936720845826,0.4201159768046391,0.04461756373937677,1004,0.37350597609561753,9.9601593625498e-4,0.14243027888446216,0.00796812749003984,0.012948207171314742,0.15411848005664386,0.1256392101329557,38.61068211744168,0.0718401610349181,0.06858190636368595,0.08849937410206746,0.0060324888628570375,0.1696329873656253,4.733618381145419,6,1,3148.644346237265,9.21
2017,12,Usera,6,Zofío,126,0.20223886129438803,0.08665220820189275,9601,0.12944523470839261,1503.62,0.04417670682730923,0.025401341190814875,0.11745580166632798,8.374617634421075,13489,0.004373934316850767,173.72,2.7323714692135717,0.18697010263275324,0.4152744630071599,0.08199121522693997,360,0.28055555555555556,0,0.13055555555555556,0.005555555555555556,0.013888888888888888,0.1446363703758618,0.10823634072206983,38.61068211744168,0.0718401610349181,0.06858190636368595,0.08849937410206746,0.0060324888628570375,0.1696329873656253,4.733618381145419,NA,0,4309.52274503438,10.37
2017,12,Usera,7,Pradolongo,127,0.23008115632960133,0.06360093530787217,8225,0.12981503478703546,1480.9,0.027055955283344257,0.02392669268623791,0.11097912777872052,8.208967344608528,16881,0.013565547064747349,153.49,2.8537247581876857,0.1820776595112089,0.40202482037883736,0.08048595292331055,814,0.3464373464373464,0,0.13513513513513514,0.004914004914004914,0.007371007371007371,0.18665955808305196,0.14619986967596707,38.61068211744168,0.0718401610349181,0.06858190636368595,0.08849937410206746,0.0060324888628570375,0.1696329873656253,4.733618381145419,NA,0,4353.234146131321,9.71
2017,13,Puente de Vallecas,1,Entrevías,131,0.19627890388159067,0.046605157321977765,8611,0.12640025423055534,1207.88,0.03568766584180556,0.026455867164534838,0.10908079764836737,7.530084393668536,33646,0.010759079831183498,56.16,2.664733455152148,0.20336304820965384,0.4169476616331916,0.05783456624075319,750,0.308,0,0.18666666666666668,0.006666666666666667,0.02266666666666667,0.11395113832253463,0.09005528145990609,35.65916853253178,0.06305022430137931,0.02113273126115602,0.009683343888396973,0.042982756220230664,0.1147125376216525,3.168392318039812,NA,0,5421.836821736098,14.22
2017,13,Puente de Vallecas,2,San Diego,132,0.24072425806779746,0.08297031709046702,8413,0.20394779559768847,1468.96,0.04413490484208374,0.03019284462047919,0.13693915979481852,9.015008641462474,39323,0.015385397858759505,366.38,2.545159405233417,0.15482932802694013,0.4127533366287692,0.0831689677843524,1724,0.4066125290023202,5.80046403712297e-4,0.12006960556844548,0.004640371229698376,0.010440835266821345,0.18953284337410675,0.14762352821503955,35.65916853253178,0.06305022430137931,0.02113273126115602,0.009683343888396973,0.042982756220230664,0.1147125376216525,3.168392318039812,7,2,4343.126303552097,12.17
2017,13,Puente de Vallecas,3,Palomeras Bajas,133,0.17906734699058208,0.11198192956637804,11148,0.1483453528341309,1512.37,0.029342215667827812,0.028240210285098065,0.12239671092538923,8.147366767330647,39393,0.010027162186175208,228.14,2.65073801981532,0.1633146024562028,0.3901603612019306,0.07873436350257543,784,0.3354591836734694,0,0.11607142857142858,0.007653061224489796,0.02295918367346939,0.10121087502855837,0.08453278501256568,35.65916853253178,0.06305022430137931,0.02113273126115602,0.009683343888396973,0.042982756220230664,0.1147125376216525,3.168392318039812,9,2,5299.099733980374,10.06
2017,13,Puente de Vallecas,4,Palomeras Sureste,134,0.20140209125475286,0.08437881300253418,10595,0.13164717040784066,1310.56,0.030124785673461607,0.025355674992096112,0.12260512171988619,8.33432688713021,42080,0.010527566539923955,135.08,2.65520075877331,0.18460659173175842,0.37396800825593396,0.09579439252336448,956,0.3169456066945607,0,0.12343096234309624,0.008368200836820083,0.011506276150627616,0.09515209125475285,0.08315114068441065,35.65916853253178,0.06305022430137931,0.02113273126115602,0.009683343888396973,0.042982756220230664,0.1147125376216525,3.168392318039812,12,2,6728.434764756167,11.18
2017,13,Puente de Vallecas,5,Portazgo,135,0.20809019523089115,0.0672401767030923,9484,0.1283089967027791,1339.35,0.031603688302296165,0.0251530852567122,0.11681582666038624,8.246992644225465,27762,0.0107340969670773,222.08,2.605275553462087,0.22249141204122222,0.39834227206240863,0.06266846361185983,897,0.40245261984392416,0,0.1426978818283166,0.0033444816053511705,0.007803790412486065,0.11332036596786975,0.09051941502773575,35.65916853253178,0.06305022430137931,0.02113273126115602,0.009683343888396973,0.042982756220230664,0.1147125376216525,3.168392318039812,11,1,5623.053121168555,12.79
2017,13,Puente de Vallecas,6,Numancia,136,0.2216910406571199,0.09718698912001804,9818,0.1702330805953384,1509.27,0.03914559721011335,0.02538612749227745,0.1290087054198259,8.844096023977011,46019,0.013972489623851019,248.12,2.576804268463923,0.19019180470793373,0.37966995186798075,0.10098522167487685,1437,0.37230340988169797,0,0.1315240083507307,0.0048712595685455815,0.007654836464857342,0.143527673352311,0.11514809100588887,35.65916853253178,0.06305022430137931,0.02113273126115602,0.009683343888396973,0.042982756220230664,0.1147125376216525,3.168392318039812,NA,0,4377.421642034768,12.12
2017,14,Moratalaz,1,Pavones,141,0.16859702797202797,0.15868220399942454,13087,0.10251688152240639,1744.58,0.050027427317608335,0.023634131368937997,0.11356660527931246,7.746706688722253,9152,0.008085664335664336,90.28,2.7977286678944155,0.2342292923752057,0.3573770491803279,0.05220883534136546,168,0.2261904761904762,0,0.1130952380952381,0.005952380952380952,0.041666666666666664,0.07834353146853147,0.063483391608391615,60.94657018889889,0.02008607473870063,0.038180331645169305,0.22039027781922152,0.032500958497120265,0.0696837478900602,0.6794010265093391,10,1,6486.612196477242,9.47
2017,14,Moratalaz,2,Horcajo,142,0.12552301255230125,0.2939229132182549,15736,0.14724770642201834,2871.67,0.01507381507381507,0.03990825688073395,0.13577981651376148,9.04692836600032,6453,0.0063536339686967305,86.27,2.9518348623853212,0.07521367521367521,0.29545454545454547,0.046511627906976744,98,0.37755102040816324,0,0.10204081632653061,0,0,0.05315357198202386,0.06694560669456066,60.94657018889889,0.02008607473870063,0.038180331645169305,0.22039027781922152,0.032500958497120265,0.0696837478900602,0.6794010265093391,NA,0,6656.046602301756,8.58
2017,14,Moratalaz,3,Marroquina,143,0.15430050679986873,0.22939285215041239,16247,0.11055647994083934,2331.06,0.01925747277643792,0.020891107413569976,0.0956738768718802,9.02418323399597,27427,0.005943048820505342,152.88,2.5296727676095285,0.2620039465029599,0.33472803347280333,0.06402164111812443,836,0.3684210526315789,0,0.1423444976076555,0.01555023923444976,0.017942583732057416,0.0618368760710249,0.05443541036205199,60.94657018889889,0.02008607473870063,0.038180331645169305,0.22039027781922152,0.032500958497120265,0.0696837478900602,0.6794010265093391,NA,0,5474.216644103787,7.89
2017,14,Moratalaz,4,Media Legua,144,0.17931922517075355,0.20105671010919338,14613,0.12710201793721973,2055.62,0.027061928022008873,0.0163957399103139,0.1062219730941704,8.839687146751602,17862,0.0077818833277348565,178.29,2.4959360986547,0.26837347706473524,0.348326359832636,0.019855595667870037,400,0.305,0,0.13,0.015,0.0375,0.07563542716381144,0.07026088903818162,60.94657018889889,0.02008607473870063,0.038180331645169305,0.22039027781922152,0.032500958497120265,0.0696837478900602,0.6794010265093391,7,2,4094.4691665723835,10.1
2017,14,Moratalaz,5,Fontarrón,145,0.18443649373881932,0.12569288389513109,11607,0.12350949506845282,1831.42,0.03843620906423996,0.022081554541439716,0.09583394670984838,8.26474645701648,16770,0.013357185450208706,173.16,2.458854703371106,0.27587858468538584,0.43294270833333337,0.01927710843373494,355,0.504225352112676,0,0.11267605633802817,0.0028169014084507044,0.016901408450704224,0.10828861061419201,0.08527131782945736,60.94657018889889,0.02008607473870063,0.038180331645169305,0.22039027781922152,0.032500958497120265,0.0696837478900602,0.6794010265093391,NA,0,5210.585238894585,10.58
2017,14,Moratalaz,6,Vinateros,146,0.1690333313528608,0.1538856681588024,12856,0.13291666666666666,1891.11,0.036559909345738655,0.020277777777777777,0.0948611111111111,8.825223373073394,16831,0.009387439843146574,282.28,2.3287500000000056,0.3110872547265462,0.4050996932515337,0.03482587064676617,328,0.5030487804878049,0,0.0975609756097561,0.021341463414634148,0.003048780487804878,0.08377398847364981,0.06939575782781772,60.94657018889889,0.02008607473870063,0.038180331645169305,0.22039027781922152,0.032500958497120265,0.0696837478900602,0.6794010265093391,9,1,5433.702198295059,8.76
2017,15,Ciudad Lineal,1,Ventas,151,0.2022261104201362,0.15269382391590014,12072,0.16095093576125444,2040.86,0.03824039233923815,0.020687910976226607,0.11163378856853819,9.350861181570064,47437,0.011278116238379324,147.92,2.39281740010116,0.24764300511563014,0.4275714895433205,0.05585200996086802,1521,0.32215647600262987,0,0.11505588428665352,0.009861932938856016,0.01775147928994083,0.11512110799586821,0.0907097835023294,19.991363472140762,0.2406954037306348,0.056337505734499776,0.0314352707672705,0.015287950714219739,0.10671014308635528,1.5530791788856304,8,1,4882.186837215816,9.07
2017,15,Ciudad Lineal,2,Pueblo Nuevo,152,0.20534491012033476,0.1418187929332185,12033,0.1434024685074437,1909.86,0.035090623189605236,0.019892267888196122,0.11180387665945625,8.995051882151095,60581,0.011884914412109407,260.5,2.5624549348941605,0.22196474385500287,0.37598806860551826,0.03864734299516908,2080,0.3610576923076923,4.807692307692308e-4,0.12451923076923077,0.009615384615384616,0.013942307692307693,0.11513510836730988,0.0912827454152292,19.991363472140762,0.2406954037306348,0.056337505734499776,0.0314352707672705,0.015287950714219739,0.10671014308635528,1.5530791788856304,9,3,5945.604635738793,8.77
2017,15,Ciudad Lineal,3,Quintana,153,0.21781443298969072,0.19438456010676522,13096,0.18206788306847166,2362.88,0.03812753287569268,0.020698450068667842,0.12124779281930548,9.873085943158324,24250,0.014762886597938145,334.41,2.372179713556978,0.23008849557522124,0.4583033788641265,0.03993344425956739,1166,0.3936535162950257,8.576329331046312e-4,0.12006861063464837,0.008576329331046312,0.012864493996569469,0.14202061855670103,0.11278350515463917,19.991363472140762,0.2406954037306348,0.056337505734499776,0.0314352707672705,0.015287950714219739,0.10671014308635528,1.5530791788856304,9,4,5499.8856260243065,8.97
2017,15,Ciudad Lineal,4,La Concepción,154,0.2010199125789218,0.25883209906519367,15202,0.1874720857525681,3050.2,0.045197740112994364,0.024676194729790085,0.11489504242965609,10.36606514914989,20590,0.013404565322972318,231.76,2.2925413130861987,0.24522696278979153,0.4468718967229394,0.07224080267558529,936,0.3311965811965812,0.003205128205128205,0.14316239316239315,0.007478632478632479,0.024572649572649572,0.11058766391452161,0.08411850412821759,19.991363472140762,0.2406954037306348,0.056337505734499776,0.0314352707672705,0.015287950714219739,0.10671014308635528,1.5530791788856304,8,1,5286.9078554012285,8
2017,15,Ciudad Lineal,5,San Pascual,155,0.1863220544472611,0.2984162267296471,17620,0.15264214046822744,3351.96,0.029554745332007512,0.02568561872909699,0.11357859531772575,11.117576331744687,18146,0.009754215805136118,171.95,2.4216722408026676,0.25610429786763894,0.3259275237273511,0.02211874272409779,548,0.34124087591240876,0.0036496350364963502,0.1259124087591241,0.0036496350364963502,0.012773722627737226,0.07582938388625593,0.06789375068885704,19.991363472140762,0.2406954037306348,0.056337505734499776,0.0314352707672705,0.015287950714219739,0.10671014308635528,1.5530791788856304,8,1,5179.583389520239,7.6
2017,15,Ciudad Lineal,6,San Juan Bautista,156,0.1717994195420832,0.46965584627076323,22460,0.16227519866164786,3672.22,0.038651249292471906,0.03408615641990799,0.0987034713508992,11.930057271114146,12404,0.010561109319574331,122.34,2.5861564199079905,0.212015848629417,0.3169336384439359,0.010752688172043012,380,0.29736842105263156,0.002631578947368421,0.15,0.013157894736842105,0.021052631578947368,0.09214769429216382,0.08215091905836827,19.991363472140762,0.2406954037306348,0.056337505734499776,0.0314352707672705,0.015287950714219739,0.10671014308635528,1.5530791788856304,8,2,5517.381509267848,5.73
2017,15,Ciudad Lineal,7,Colina,157,0.18073857166097282,0.44427997462465635,21959,0.19016921837228043,3239.28,0.04688010454099968,0.03746978243352135,0.10515713134568896,12.109609939482942,6147,0.012526435659671384,109.38,2.4665592264303,0.22950016334531198,0.30676156583629893,0.021798365122615803,261,0.20306513409961685,0.0038314176245210726,0.10344827586206896,0.01532567049808429,0.022988505747126436,0.11940784122336098,0.08622092077436147,19.991363472140762,0.2406954037306348,0.056337505734499776,0.0314352707672705,0.015287950714219739,0.10671014308635528,1.5530791788856304,NA,0,5876.295736381089,6.64
2017,15,Ciudad Lineal,8,Atalaya,158,0.1523687580025608,0.4807692307692308,25974,0.17491166077738515,3768.78,0.053137003841229186,0.038869257950530034,0.1166077738515901,13.182720953326713,1562,0.012163892445582587,62.76,2.7597173144876326,0.22471190781049938,0.2849002849002849,0.024390243902439025,34,0.08823529411764706,0,0.14705882352941177,0,0.058823529411764705,0.11203585147247119,0.10179257362355953,19.991363472140762,0.2406954037306348,0.056337505734499776,0.0314352707672705,0.015287950714219739,0.10671014308635528,1.5530791788856304,NA,0,6201.670718009656,4.93
2017,15,Ciudad Lineal,9,Costillares,159,0.15839694656488548,0.5039622641509434,23569,0.13071146748122695,3363.67,0.024337997356547108,0.03423698612702049,0.09112892961690212,11.768746187090963,22008,0.0067248273355143585,153.73,2.7925416825760427,0.2070552846269541,0.2661237068016729,0.010822510822510822,388,0.28350515463917525,0.01288659793814433,0.13659793814432988,0.010309278350515464,0.02577319587628866,0.08333333333333333,0.07483642311886586,19.991363472140762,0.2406954037306348,0.056337505734499776,0.0314352707672705,0.015287950714219739,0.10671014308635528,1.5530791788856304,11,2,7261.6630548985795,5.45
2017,16,Hortaleza,1,Palomas,161,0.14161676646706586,0.5160142348754448,27209,0.11392988929889299,3411.13,0.05746782400478899,0.041051660516605165,0.08671586715867159,12.53293804999587,6680,0.009431137724550898,59.14,3.082103321033212,0.13888057467824005,0.17780172413793102,0.006289308176100629,133,0.24812030075187969,0.015037593984962405,0.15037593984962405,0.007518796992481203,0.06766917293233082,0.08308383233532934,0.06721556886227545,38.168658895997254,0.07027672680578219,0.022094998164183182,0.045186852675957886,0.07027119864646206,0.07918010439870998,2.3389420019795306,NA,0,8501.46490391082,4.12
2017,16,Hortaleza,2,Piovera,162,0.15732119456514243,0.5295475067723487,27758,0.1455310199789695,3842.37,0.097346966975266,0.03533123028391167,0.1028391167192429,12.807000905525708,14499,0.014345816952893303,46.1,3.043953732912721,0.1307862373911842,0.25303750660327523,0.0060790273556231,284,0.2007042253521127,0.007042253521126761,0.1267605633802817,0.02464788732394366,0.06690140845070422,0.11180081384923098,0.0824194772053245,38.168658895997254,0.07027672680578219,0.022094998164183182,0.045186852675957886,0.07027119864646206,0.07918010439870998,2.3389420019795306,NA,0,7272.732325749381,3.84
2017,16,Hortaleza,3,Canillas,163,0.18642565138156922,0.22903474903474905,16175,0.12801962757926522,2663.67,0.034592592592592585,0.021892299949672872,0.10530951182687469,10.353976517266451,40606,0.00773284736245875,160.55,2.547810770005022,0.25928395061728393,0.2937815446147986,0.09238095238095238,1326,0.31598793363499245,7.541478129713424e-4,0.11990950226244344,0.01809954751131222,0.024886877828054297,0.07819041520957494,0.06634487514160468,38.168658895997254,0.07027672680578219,0.022094998164183182,0.045186852675957886,0.07027119864646206,0.07918010439870998,2.3389420019795306,9,2,7296.312864197992,7.6
2017,16,Hortaleza,4,Pinar del Rey,164,0.18761754884274365,0.17668211217298968,14113,0.12926305747674696,2329.34,0.03277142747180849,0.024707846410684475,0.10240877653231577,9.492103863491849,52106,0.010593789582773577,195.01,2.4787025995707266,0.26296039718277336,0.323673618733992,0.12392241379310345,1501,0.3810792804796802,0.001998667554963358,0.11592271818787475,0.010659560293137908,0.018654230512991338,0.09002801980578053,0.07398380224926113,38.168658895997254,0.07027672680578219,0.022094998164183182,0.045186852675957886,0.07027119864646206,0.07918010439870998,2.3389420019795306,7,6,7830.265113595043,9.12
2017,16,Hortaleza,5,Apóstol Santiago,165,0.17563218390804597,0.21990780262933243,14396,0.13081344713464554,2454.31,0.026954000263608814,0.024560181153109213,0.11304650757707717,9.050950340266125,15225,0.006699507389162562,125.92,2.6430935377111986,0.20976670620798735,0.37731699654414075,0.05569620253164557,227,0.3656387665198238,0,0.18061674008810572,0.00881057268722467,0.022026431718061675,0.08637110016420362,0.07376026272577997,38.168658895997254,0.07027672680578219,0.022094998164183182,0.045186852675957886,0.07027119864646206,0.07918010439870998,2.3389420019795306,12,1,7594.745484802367,9.06
2017,16,Hortaleza,6,Valdefuentes,166,0.23256982700299603,0.46965403235328845,19838,0.20760749724366043,2874.51,0.03756822668679596,0.06256890848952591,0.13489525909592062,11.399488636971236,51735,0.01886537160529622,30.83,2.8481808158765176,0.06917508613014361,0.23978735310576385,0.00984251968503937,686,0.2259475218658892,0.004373177842565598,0.18658892128279883,0.01020408163265306,0.02478134110787172,0.13377790663960568,0.09040301536677298,38.168658895997254,0.07027672680578219,0.022094998164183182,0.045186852675957886,0.07027119864646206,0.07918010439870998,2.3389420019795306,NA,0,10287.171310638792,5.49
2017,17,Villaverde,1,"Villaverde Alto, Casco Histórico de Villaverde",171,0.19994035739682978,0.0733709117938553,9354,0.1358016983016983,1295.69,0.04241754700913716,0.030906593406593408,0.11856893106893107,7.5086779303806095,43593,0.010827426421673204,46.95,2.7128496503496473,0.17802481069759948,0.3813833225597931,0.03001395998138669,2509,0.23874053407732165,0.0015942606616181746,0.07692307692307693,0.0039856516540454365,0.00996412913511359,0.12745165508223796,0.1009795150597573,28.76777383182797,0.22249528064910803,0.034579889120575684,0.046143598909277925,0.026573087154768853,0.12275608661505666,1.14300494952602,11,2,8429.32700119977,12.6
2017,17,Villaverde,2,San Cristóbal,172,0.22271744117454284,0.04357689762737499,6624,0.11394931151466774,984.34,0.0347665766774215,0.027738974256635403,0.09459189782478547,6.781749403798902,15257,0.0136986301369863,140.3,3.030732388744769,0.14347797458352538,0.5245525470399266,0.03537735849056604,281,0.4306049822064057,0,0.16370106761565836,0.0035587188612099642,0.02491103202846975,0.18588189027987154,0.14157435931048043,28.76777383182797,0.22249528064910803,0.034579889120575684,0.046143598909277925,0.026573087154768853,0.12275608661505666,1.14300494952602,NA,0,8593.62312004166,15.04
2017,17,Villaverde,3,Butarque,173,0.22330827067669173,0.12808341103670426,10698,0.16445970246853034,1464.26,0.039895621919396926,0.05084191597188164,0.13601438613699526,8.139510765630908,17290,0.0068247541931752455,27.05,2.8191924145823206,0.08564801391707741,0.24170616113744076,0.018475750577367205,332,0.3493975903614458,0,0.13253012048192772,0.012048192771084338,0.012048192771084338,0.1377674956622325,0.07848467322151532,28.76777383182797,0.22249528064910803,0.034579889120575684,0.046143598909277925,0.026573087154768853,0.12275608661505666,1.14300494952602,NA,0,9220.485082086132,9.28
2017,17,Villaverde,4,Los Rosales,174,0.1851689817346604,0.09555042110755012,10311,0.1212913143735588,1363.3,0.04019081039587674,0.028132205995388165,0.11583397386625673,7.797368803374178,36572,0.006835830690145466,236.74,2.8036894696387287,0.16764447856124576,0.31103843008994275,0.05006418485237484,993,0.4310171198388721,0,0.1299093655589124,0.005035246727089627,0.016112789526686808,0.11421305917095045,0.09263917751285136,28.76777383182797,0.22249528064910803,0.034579889120575684,0.046143598909277925,0.026573087154768853,0.12275608661505666,1.14300494952602,10,1,6973.898781754612,10.37
2017,17,Villaverde,5,Ángeles,175,0.1810629038639061,0.09298362291129769,11245,0.10233621127475877,1311,0.03272619086972331,0.020992043338412054,0.08820044015574742,7.397271864579129,30332,0.008538836871950416,156.31,2.56060606060606,0.27367690324286803,0.3830172726174659,0.024120603015075376,782,0.49872122762148335,0,0.11636828644501279,0.0038363171355498722,0.0076726342710997444,0.10256494790979823,0.0834102597916392,28.76777383182797,0.22249528064910803,0.034579889120575684,0.046143598909277925,0.026573087154768853,0.12275608661505666,1.14300494952602,9,1,6844.387373280107,10.88
2017,18,Villa de Vallecas,1,Casco Histórico de Vallecas,181,0.2790642337411865,0.16491843536221715,9380,0.23947234906139014,1675.39,0.03860907686942659,0.04731100963977676,0.15119228817858954,8.550472019382868,79849,0.006562386504527295,16.26,2.5460426179604188,0.09978578189607931,0.3245132301547679,0.02986985278429699,3172,0.25504413619167715,0.0028373266078184113,0.09047919293820933,0.005674653215636823,0.011034047919293822,0.055392052499092036,0.0485290986737467,156.52594559523237,0.6410365270691378,0.04158601570079372,0.20516742487457953,0.006977903258142909,0.08386244146292413,0.5921084250492623,14,4,10796.279013944326,12.4
2017,18,Villa de Vallecas,2,Santa Eugenia,182,0.1958157611841561,0.14913257997771764,13616,0.09696420480289987,1669.44,0.06523270753035766,0.020956048935206164,0.11633439057544177,7.618466438335548,24186,0.006822128504093277,115.99,2.7332351608518257,0.1964026689875254,0.24562143912217768,0.04038772213247173,475,0.37684210526315787,0,0.12842105263157894,0.010526315789473684,0.04,0.0690482097080956,0.05515587529976019,156.52594559523237,0.6410365270691378,0.04158601570079372,0.20516742487457953,0.006977903258142909,0.08386244146292413,0.5921084250492623,NA,0,8760.143905748453,9.18
2017,18,Villa de Vallecas,3,Ensanche de Vallecas,183,NA,NA,13831,NA,2230.9,NA,NA,NA,10.439604845757483,NA,NA,NA,NA,NA,NA,NA,NA,NA,NA,NA,NA,NA,NA,NA,NA,NA,NA,NA,NA,NA,NA,NA,NA,10345.169422666564,8.08
2017,19,Vicalvaro,1,Casco Histórico de Vicálvaro,191,0.15955606522964488,0.1857098600276002,9571,0.1508049501697514,1565.07,0.042012407910042654,0.042164056510787425,0.1199759062534224,8.401810684833452,51449,0.006666796244824972,15.71,2.824444201073263,0.10990694067468011,0.280119950608573,0.03893575600259572,1156,0.39186851211072665,8.650519031141869e-4,0.10726643598615918,0.01124567474048443,0.02162629757785467,0.07061361736865635,0.05652199265291842,63.642535575494335,0.19009712797712439,0.05552037427766212,0.054777737953845836,0.010453934418458715,0.09201867211031962,10.365470339467368,11,4,11070.107694737308,12.27
2017,19,Vicalvaro,2,Valdebernardo,192,0.1967858491074799,0.06494325346784363,13876,0.11659751037344399,2032.44,0.08510638297872339,0.02586445366528354,0.10567081604426003,7.806445264067602,18543,0.0025885779000161787,75.95,2.55477178423236,0.24508689296735423,0.35873647006847803,0.10755813953488372,419,0.34844868735083534,0,0.15990453460620524,0.007159904534606206,0.00954653937947494,0.05139405705657121,0.04983012457531144,63.642535575494335,0.19009712797712439,0.05552037427766212,0.054777737953845836,0.010453934418458715,0.09201867211031962,10.365470339467368,NA,0,7725.943998639332,9.25
2017,19,Vicalvaro,3,Valderrivas,193,NA,NA,14373,NA,2238.22,NA,NA,NA,8.901801174502733,NA,NA,NA,NA,NA,NA,NA,NA,NA,NA,NA,NA,NA,NA,NA,NA,NA,NA,NA,NA,NA,NA,NA,NA,8888.946651932158,5.63
2017,19,Vicalvaro,4,El Cañaveral,194,NA,NA,13434,NA,NA,NA,NA,NA,NA,NA,NA,NA,NA,NA,NA,NA,NA,NA,NA,NA,NA,NA,NA,NA,NA,NA,NA,NA,NA,NA,NA,NA,NA,13555.04820544874,6.53
2017,20,San Blas-Canillejas,1,Simancas,201,0.20677710843373495,0.1777435081086459,13028,0.18283018867924528,1887.16,0.048357870894677246,0.03367924528301887,0.1310377358490566,10.728695871260838,26560,0.015775602409638555,116.37,2.4990566037735844,0.16998867497168743,0.47390628469908946,0.02575107296137339,1107,0.26558265582655827,0.007226738934056007,0.16982836495031617,0.011743450767841012,0.00993676603432701,0.13614457831325302,0.09627259036144578,126.97713907284768,0.6983907458236148,0.014006703147583914,0.007897800581122771,0.010138877460683676,0.08839897121607701,1.9001776772734615,11,2,7030.432045184826,9.94
2017,20,San Blas-Canillejas,2,Hellín,202,0.18694328560153342,0.06387197280838408,10355,0.12272108843537415,1161.14,0.026047565118912805,0.023401360544217688,0.10258503401360544,8.706823732514161,8869,0.020182658698838653,160.38,2.4027210884353685,0.26081540203850506,0.603126356925749,0.0625,96,0.4583333333333333,0,0.09375,0,0.03125,0.10531063254030894,0.07937760739654978,126.97713907284768,0.6983907458236148,0.014006703147583914,0.007897800581122771,0.010138877460683676,0.08839897121607701,1.9001776772734615,NA,0,7594.896410828338,12.89
2017,20,San Blas-Canillejas,3,Amposta,203,0.20366994774577712,0.055140632448752586,8987,0.14923123304190533,1183.21,0.03059110298598415,0.029846246608381068,0.11214953271028037,8.98553167322526,8229,0.018349738728885647,221.61,2.4736207416340075,0.2185252894576478,0.5276073619631901,0.06396588486140725,252,0.5198412698412699,0,0.11507936507936507,0.003968253968253968,0.007936507936507936,0.1318507716611982,0.09417912261514157,126.97713907284768,0.6983907458236148,0.014006703147583914,0.007897800581122771,0.010138877460683676,0.08839897121607701,1.9001776772734615,13,1,7068.52015726901,13.34
2017,20,San Blas-Canillejas,4,Arcos,204,0.16922689498866783,0.10728034420289854,11189,0.1341490794791199,1676.72,0.02661164680618132,0.0285136955545577,0.11764705882352941,8.863300784570546,23826,0.01036682615629984,181.96,2.6660305343511452,0.18497620952461155,0.44707489187343497,0.02830188679245283,348,0.4885057471264368,0,0.14655172413793102,0.008620689655172414,0.014367816091954023,0.09296566775791153,0.07466633089901788,126.97713907284768,0.6983907458236148,0.014006703147583914,0.007897800581122771,0.010138877460683676,0.08839897121607701,1.9001776772734615,10,2,7390.381770409414,10.35
2017,20,San Blas-Canillejas,5,Rosas,205,0.1287144395868973,0.236745886654479,15723,0.12248444932308818,2894.59,0.024787355592230546,0.03677277716794731,0.10940358580314673,9.17770213824932,31566,0.004815307609453209,33.89,2.8821807537504625,0.12425415767424147,0.27305236270753513,0.02737047898338221,741,0.33873144399460187,0,0.13900134952766532,0.006747638326585695,0.016194331983805668,0.058195526832668064,0.05268326680605715,126.97713907284768,0.6983907458236148,0.014006703147583914,0.007897800581122771,0.010138877460683676,0.08839897121607701,1.9001776772734615,12,3,9425.773230671271,6.23
2017,20,San Blas-Canillejas,6,Rejas,206,0.24389935516500189,0.3163817166782973,15608,0.23632691112492232,2175.62,0.05648177496038034,0.044437538844002485,0.15304536979490366,10.223030790573342,15818,0.012074851435073966,31.45,2.451056556867619,0.11562599049128368,0.4402412280701754,0.013407821229050279,671,0.31296572280178836,0.02384500745156483,0.11177347242921014,0.011922503725782414,0.02533532041728763,0.16727778480212416,0.12814515109369073,126.97713907284768,0.6983907458236148,0.014006703147583914,0.007897800581122771,0.010138877460683676,0.08839897121607701,1.9001776772734615,NA,0,11809.638279292905,6.67
2017,20,San Blas-Canillejas,7,Canillejas,207,0.20017537706068048,0.13355077967919218,12337,0.1242035275648721,1805.21,0.0550610421137811,0.02308615753993905,0.10684273709483794,8.794421526268335,28510,0.009540512101017187,177.9,2.6247114230307464,0.22946205537768707,0.3314934069303894,0.04038461538461539,976,0.4149590163934426,0.0010245901639344263,0.1260245901639344,0.009221311475409836,0.01639344262295082,0.1004209049456331,0.0853384777271133,126.97713907284768,0.6983907458236148,0.014006703147583914,0.007897800581122771,0.010138877460683676,0.08839897121607701,1.9001776772734615,13,1,8480.247381347568,9.22
2017,20,San Blas-Canillejas,8,El Salvador,208,0.15293498289023427,0.3526321932998716,20471,0.13833528722157093,2692.27,0.036125516392722164,0.026025791324736224,0.10035169988276671,9.962597020805502,11397,0.006668421514433623,60.51,2.6675263774912117,0.19504262986727608,0.33663812528165843,0.02710843373493976,205,0.2097560975609756,0.00975609756097561,0.16585365853658537,0.01951219512195122,0.03414634146341464,0.06738615425111871,0.06501710976572782,126.97713907284768,0.6983907458236148,0.014006703147583914,0.007897800581122771,0.010138877460683676,0.08839897121607701,1.9001776772734615,12,1,6971.53446021352,6.45
2017,21,Barajas,1,Alameda de Osuna,211,0.16968512039514302,0.35281222168938825,19871,0.10038012107560186,2626.62,0.031208088311152373,0.034633253554835985,0.0844713501337463,9.396560341525193,19436,0.00812924470055567,98.39,2.729269322821339,0.23903848137831424,0.160336642209754,0.008130081300813009,363,0.34710743801652894,0.01652892561983471,0.15151515151515152,0.005509641873278237,0.03856749311294766,0.0662687795842766,0.06230705906565137,95.79887671057953,0.07098485566559942,0.053463315641429254,0.23838947551399695,0.12398135302111334,0.07455840942059903,1.5791601932449402,14,2,10536.67663481015,5.71
2017,21,Barajas,2,Aeropuerto,212,0.2158071748878924,0.06451612903225806,9814,0.16913946587537093,NA,0.05325112107623317,0.02967359050445104,0.1172106824925816,8.49056603773585,1784,0.010089686098654708,0.6,2.646884272997031,0.1507847533632287,0.44981412639405205,0.016853932584269662,436,0.3830275229357798,0.0045871559633027525,0.231651376146789,0.0022935779816513763,0.0045871559633027525,0.10369955156950672,0.0812780269058296,95.79887671057953,0.07098485566559942,0.053463315641429254,0.23838947551399695,0.12398135302111334,0.07455840942059903,1.5791601932449402,10,2,13762.923551699036,9.11
2017,21,Barajas,3,Casco Histórico de Barajas,213,0.25607094133697134,0.11846101923725953,12560,0.21109652002626395,2269.95,0.07151647750581155,0.018056467498358503,0.16513460275771505,10.189856485845423,7330,0.00941336971350614,133.11,2.4008535784635647,0.18282510597565976,0.362752430815258,0.06954887218045112,370,0.372972972972973,0.03783783783783784,0.1918918918918919,0.032432432432432434,0.010810810810810811,0.134924965893588,0.11446111869031378,95.79887671057953,0.07098485566559942,0.053463315641429254,0.23838947551399695,0.12398135302111334,0.07455840942059903,1.5791601932449402,NA,0,12378.237526796634,8.97
2017,21,Barajas,4,Timón,214,0.24101728663227442,0.27294594252437016,15337,0.19663461538461538,2775.45,0.04336387553297651,0.04350961538461538,0.1485576923076923,10.081921250797787,11049,0.008055027604308082,21.64,2.6497596153846064,0.1026943663249569,0.308303886925795,0.02064896755162242,219,0.2374429223744292,0.0273972602739726,0.182648401826484,0.0136986301369863,0.0136986301369863,0.13485383292605665,0.075662955923613,95.79887671057953,0.07098485566559942,0.053463315641429254,0.23838947551399695,0.12398135302111334,0.07455840942059903,1.5791601932449402,11,1,10920.45258282059,6.22
2017,21,Barajas,5,Corralejos,215,0.13684353004872768,0.4813658130335207,23340,0.16113554578168732,2808.86,0.04301221166892809,0.06157536985205918,0.10715713714514194,11.659090983007932,7388,0.009745533297238766,15.74,2.9468212714914044,0.10054274084124831,0.31713900134952766,0,237,0.14345991561181434,0.02109704641350211,0.32489451476793246,0.004219409282700422,0.029535864978902954,0.09840281537628587,0.07173795343800758,95.79887671057953,0.07098485566559942,0.053463315641429254,0.23838947551399695,0.12398135302111334,0.07455840942059903,1.5791601932449402,9,1,9762.83872924395,4.33
2018,1,Centro,1,Palacio,011,0.26682905225863596,0.4113412280244144,19443,0.34262236513040373,4255.3,0.09393737508327782,0.01893533404787424,0.17827795641300465,13.591745254761639,22580,0.010053144375553586,153.17,2.0109860664523045,0.18916278036864312,0.340455505987321,0.02857142857142857,1736,0.3185483870967742,0.01555299539170507,0.3289170506912442,0.008064516129032258,0.02476958525345622,0.14251550044286979,0.10690876882196634,169.90138306044676,0.5204868767434887,0.0038903703542258277,0.021139204941453636,0.06680943660282077,0.17849371373307543,0.8887014415038635,1,4,834.2994999607662,7.69
2018,1,Centro,2,Embajadores,012,0.33148048932940444,0.34328397603399585,14311,0.3748629385964912,4182.95,0.08899843154828588,0.01745248538011696,0.18736293859649122,13.339595279150119,44796,0.02290383069916957,431.74,2.0390168128654973,0.14382702218238852,0.3707742639040349,0.03159235668789809,3005,0.4871880199667221,0.007321131447587354,0.15707154742096505,0.002995008319467554,0.014309484193011647,0.1725154031609965,0.13356103223502097,169.90138306044676,0.5204868767434887,0.0038903703542258277,0.021139204941453636,0.06680943660282077,0.17849371373307543,0.8887014415038635,1,7,913.3760035725893,7.93
2018,1,Centro,3,Cortes,013,0.30004737091425865,0.45429725892759637,20947,0.3891244239631336,5303.59,0.12695850346595766,0.01640552995391705,0.18599078341013825,13.836074106071075,10555,0.02160113690194221,177.93,1.9411981566820276,0.16873991073972083,0.3410241980866629,0.007412898443291327,1170,0.3017094017094017,0.037606837606837605,0.3547008547008547,0.005128205128205128,0.03333333333333333,0.15935575556608242,0.13756513500710563,169.90138306044676,0.5204868767434887,0.0038903703542258277,0.021139204941453636,0.06680943660282077,0.17849371373307543,0.8887014415038635,1,1,710.3835020983723,6.45
2018,1,Centro,4,Justicia,014,0.30217168982734766,0.4814366998577525,23760,0.3862143113128658,5882.35,0.10875859572927975,0.018038466133078485,0.18623820332098914,14.74787818836092,16623,0.026770137760933645,224.2,1.9804085533389082,0.16395222584147665,0.3583517292126564,0.002926829268292683,1905,0.441994750656168,0.013123359580052493,0.2635170603674541,0.0026246719160104987,0.01784776902887139,0.18011189316007942,0.12807555796186007,169.90138306044676,0.5204868767434887,0.0038903703542258277,0.021139204941453636,0.06680943660282077,0.17849371373307543,0.8887014415038635,2,3,971.4253672516414,6.05
2018,1,Centro,5,Universidad,015,0.31999612790810233,0.4176194442341183,17882,0.3823324685186357,5017.09,0.09725863352429037,0.016958805290134785,0.18559767132822882,14.599039512644708,30991,0.0196508663805621,325.91,1.9551351009302032,0.165194031783021,0.35991379310344823,0.03625170998632011,2370,0.3755274261603376,0.012236286919831224,0.26286919831223626,0.00590717299578059,0.02531645569620253,0.17369558904197993,0.12219676680326547,169.90138306044676,0.5204868767434887,0.0038903703542258277,0.021139204941453636,0.06680943660282077,0.17849371373307543,0.8887014415038635,2,6,952.2311029999739,6.56
2018,1,Centro,6,Sol,016,0.3103829669570026,0.4000965250965251,17550,0.39645922746781115,5035.6,0.1327593389806971,0.01582618025751073,0.1821351931330472,13.708952346792362,7233,0.015761094981335544,161.71,1.9315987124463518,0.1716428273850854,0.3187702265372168,5.790387955993051e-4,1587,0.4543163201008192,0.027095148078134845,0.29300567107750475,0,0.018273471959672338,0.1808378266279552,0.13369279690308308,169.90138306044676,0.5204868767434887,0.0038903703542258277,0.021139204941453636,0.06680943660282077,0.17849371373307543,0.8887014415038635,0,7,0,6.69
2018,2,Arganzuela,1,Imperial,021,0.20530382859149982,0.3667670407883931,19841,0.20717628705148206,3380.81,0.03006294291121968,0.01924076963078523,0.1456058242329693,12.489748285120662,22776,0.007024938531787847,234.78,2.362870514820593,0.21000044016021832,0.3554810312303501,0.01901565995525727,736,0.3138586956521739,0.005434782608695652,0.14266304347826086,0.029891304347826088,0.02717391304347826,0.07639620653319283,0.0690200210748156,78.61027331242134,0.034504659111585435,0.01267622653440974,0.0018487274825291446,0.024045930126772176,0.0841034092618389,2.924201616006157,NA,0,1701.7017735258637,6.53
2018,2,Arganzuela,2,Acacias,022,0.21605993973450607,0.37816258464440927,20065,0.1984261186264308,3940.92,0.02748224538107806,0.017754942767950053,0.1294875130072841,12.687392712256388,36837,0.0016559437522056628,342.37,2.3901534859521334,0.22072868765475767,0.30954142011834324,0.013610315186246419,1185,0.3206751054852321,8.438818565400844e-4,0.1350210970464135,0.008438818565400843,0.02362869198312236,0.07937671363031734,0.06971251730596954,78.61027331242134,0.034504659111585435,0.01267622653440974,0.0018487274825291446,0.024045930126772176,0.0841034092618389,2.924201616006157,4,2,1817.5812482709266,6.23
2018,2,Arganzuela,3,Chopera,023,0.2388337781358578,0.2558893715964021,15019,0.1966576438743086,3429.29,0.029395424011313703,0.017535600800282453,0.13993174061433447,11.523503754382576,19859,0.01153129563422126,348.7,2.33011651171002,0.232031920804081,0.39420983892033085,0.025668449197860963,714,0.3907563025210084,0.0028011204481792717,0.13585434173669467,0.0056022408963585435,0.023809523809523808,0.11838461151115363,0.0962787652953321,78.61027331242134,0.034504659111585435,0.01267622653440974,0.0018487274825291446,0.024045930126772176,0.0841034092618389,2.924201616006157,5,1,2545.0185470969996,7.25
2018,2,Arganzuela,4,Legazpi,024,0.22505186721991702,0.45813552006905484,20366,0.23076923076923078,4166.91,0.028724288385622278,0.03365384615384615,0.17307692307692307,13.3252940770118,19280,0.009180497925311204,136.11,2.5710470085470085,0.08326407645958861,0.26762320648783533,0.025179856115107913,437,0.2517162471395881,0,0.18077803203661327,0.006864988558352402,0.02745995423340961,0.0950207468879668,0.0766597510373444,78.61027331242134,0.034504659111585435,0.01267622653440974,0.0018487274825291446,0.024045930126772176,0.0841034092618389,2.924201616006157,5,1,3482.1731601336073,4.48
2018,2,Arganzuela,5,Delicias,025,0.22812171327022812,0.3622551540367444,17879,0.22168947781361695,3645.75,0.03392421650347614,0.024932438322726878,0.14924592450527416,12.630921631827178,27573,0.010336198455010336,260.49,2.3949960770639,0.16809230881228843,0.34062364660025984,0.007376185458377239,790,0.37088607594936707,0.0012658227848101266,0.16329113924050634,0.012658227848101266,0.008860759493670886,0.10912849526710913,0.09454901534109456,78.61027331242134,0.034504659111585435,0.01267622653440974,0.0018487274825291446,0.024045930126772176,0.0841034092618389,2.924201616006157,4,2,2594.8560961675425,5.98
2018,2,Arganzuela,6,Palos de la Frontera,026,0.2603195481449959,0.3429794361217084,16980,0.2634950461223095,3811.33,0.045285070685101764,0.015886573283225146,0.1586094977792962,12.501492873945276,25849,0.012998568610004256,397.07,2.199180047830543,0.20514214696287092,0.383756152972359,0.015862524785194978,1314,0.3386605783866058,0.00532724505327245,0.1552511415525114,0.0121765601217656,0.0121765601217656,0.12104917018066463,0.10271190374869434,78.61027331242134,0.034504659111585435,0.01267622653440974,0.0018487274825291446,0.024045930126772176,0.0841034092618389,2.924201616006157,3,1,1750.053657056307,6.58
2018,2,Arganzuela,7,Atocha,027,0.17309340188517566,0.27033792240300375,15310,0.1995249406175772,NA,0.02575107296137339,0.04275534441805225,0.13064133016627077,9.917491749174918,1167,0.003427592116538132,15.84,2.7672209026128267,0.09785407725321889,0.2631578947368421,0,166,0.3132530120481928,0,0.18674698795180722,0.006024096385542169,0.006024096385542169,0.05998286203941731,0.05141388174807198,78.61027331242134,0.034504659111585435,0.01267622653440974,0.0018487274825291446,0.024045930126772176,0.0841034092618389,2.924201616006157,4,2,2733.93717430477,8.25
2018,3,Retiro,1,Pacífico,031,0.20910628951351992,0.3813457549401361,19527,0.19585726004922066,3938.3,0.03258831582393381,0.01989335520918786,0.1319387476073284,12.399282545393861,33691,0.011041524442729512,443.14,2.29703308722997,0.2452307967024791,0.35800970873786403,0.007989347536617843,1225,0.4546938775510204,0,0.13142857142857142,0.011428571428571429,0.013877551020408163,0.09085512451396516,0.07981360007123564,67.48190947191952,0.031854469381990026,0.019132046913619444,0.06129127053740323,0.07615577403887253,0.06435539571972339,1.1668063704945517,5,2,2621.775098928446,5.75
2018,3,Retiro,2,Adelfas,032,0.2133442265795207,0.3791091894859653,20494,0.19994720865778012,3807.3,0.02594712455710002,0.022700277154546655,0.13870925168272402,12.220916614898243,18360,0.008660130718954249,286.29,2.4211429325590603,0.20697737803216135,0.31208849091387936,0.0019230769230769232,416,0.2980769230769231,0.007211538461538462,0.11538461538461539,0.014423076923076924,0.019230769230769232,0.08393246187363834,0.07194989106753813,67.48190947191952,0.031854469381990026,0.019132046913619444,0.06129127053740323,0.07615577403887253,0.06435539571972339,1.1668063704945517,6,1,3369.1505563810074,6.24
2018,3,Retiro,3,Estrella,033,0.16969306718179866,0.44678331090174966,23697,0.09464161447459986,3721.52,0.017127119373440053,0.015889584783112965,0.0806077476223614,11.158308562436487,23295,0.00815625670744795,226.6,2.6951983298538624,0.30467337980893366,0.3015536723163842,0.009784735812133072,436,0.3761467889908257,0.0022935779816513763,0.10550458715596331,0.009174311926605505,0.020642201834862386,0.062459755312298776,0.053788366602275164,67.48190947191952,0.031854469381990026,0.019132046913619444,0.06129127053740323,0.07615577403887253,0.06435539571972339,1.1668063704945517,NA,0,3330.247447548994,5.14
2018,3,Retiro,4,Ibiza,034,0.2025539818899466,0.44231656668204894,21400,0.20188352457241826,5001.62,0.046898286140089424,0.021866204806235117,0.11874864689326695,13.91141232790341,21535,0.015463199442767587,436.45,2.324312621779606,0.2489754098360656,0.39094650205761317,9.242144177449168e-4,997,0.47843530591775324,0,0.18856569709127383,0.00802407221664995,0.004012036108324975,0.10944973299280242,0.08827490132342698,67.48190947191952,0.031854469381990026,0.019132046913619444,0.06129127053740323,0.07615577403887253,0.06435539571972339,1.1668063704945517,5,1,2569.6136361740228,5.79
2018,3,Retiro,5,Los Jerónimos,035,0.188230325214698,0.4848746758859118,27289,0.18434163701067616,6004.08,0.056961130742049476,0.01708185053380783,0.09715302491103203,12.802693510681824,7103,0.016331127692524285,37.11,2.51779359430605,0.26558303886925794,0.39063331559340075,0.005012531328320802,357,0.25770308123249297,0.0196078431372549,0.24929971988795518,0.008403361344537815,0.04201680672268908,0.10009854990848938,0.08996198789243981,67.48190947191952,0.031854469381990026,0.019132046913619444,0.06129127053740323,0.07615577403887253,0.06435539571972339,1.1668063704945517,3,1,1693.9136733919286,3.71
2018,3,Retiro,6,Niño Jesús,036,0.1649908592321755,0.5276639344262295,26377,0.11600639545212293,4922.28,0.026112565445026176,0.019364007816663704,0.08065375732812223,12.929718079104836,15316,0.00835727343954035,237.53,2.7145141232901047,0.26407068062827227,0.32366790582403965,0.0035714285714285713,478,0.25523012552301255,0,0.12552301255230125,0.0041841004184100415,0.012552301255230125,0.07528075215460955,0.06744580830504047,67.48190947191952,0.031854469381990026,0.019132046913619444,0.06129127053740323,0.07615577403887253,0.06435539571972339,1.1668063704945517,6,3,2715.894836350448,4.37
2018,4,Salamanca,1,Recoletos,041,0.2199671219018715,0.5761120394684491,30933,0.26895415043452203,7555.48,0.08676059913683677,0.019928079112975727,0.1213664968534612,16.58018522875021,15816,0.01568032372281234,180.45,2.360803116571771,0.22715156130997716,0.33500977926795195,0,1626,0.5891758917589176,0.01107011070110701,0.15559655596555966,0.004920049200492005,0.012915129151291513,0.12044764795144158,0.10192210419828023,61.38911504485521,0.0065944750479233665,0.03977172422092862,0.21253507983654396,0.0198089633868693,0.11510449651678277,0.8682760088131731,5,2,1781.686697174278,3.72
2018,4,Salamanca,2,Goya,042,0.23542691556034773,0.4922221761314141,24045,0.2390099460936907,5569.25,0.06076881502499662,0.016551514691367397,0.13263989066889378,14.184700734854932,29678,0.014151897028101624,384.32,2.2476653253359653,0.2352047020672882,0.36334913112164297,0.0010183299389002036,1816,0.480726872246696,0.0022026431718061676,0.1800660792951542,0.006057268722466961,0.01486784140969163,0.12325628411618034,0.10030999393490127,61.38911504485521,0.0065944750479233665,0.03977172422092862,0.21253507983654396,0.0198089633868693,0.11510449651678277,0.8682760088131731,4,6,2696.9525069184683,4.78
2018,4,Salamanca,3,Fuente del Berro,043,0.22718315951362522,0.394229077473462,19451,0.21769004253462754,4724.5,0.04926013399527643,0.019740429708801396,0.1345839240920493,12.770453677408279,20807,0.014466285384726295,243.34,2.262733122477915,0.24625247023666075,0.3807007242121746,0.012950971322849213,876,0.3219178082191781,0,0.1358447488584475,0.003424657534246575,0.02511415525114155,0.11645119430960735,0.08891238525496227,61.38911504485521,0.0065944750479233665,0.03977172422092862,0.21253507983654396,0.0198089633868693,0.11510449651678277,0.8682760088131731,7,1,3556.0177734228823,5.86
2018,4,Salamanca,4,Guindalera,044,0.22275912056052186,0.44328076842514735,21251,0.21018671843773198,4075.49,0.04057296589834945,0.018100839376463198,0.1251070633243876,12.952025544414862,41390,0.014327132157525973,257.42,2.3559070404842117,0.24670980876899584,0.420375282444248,0.009410599306587419,1653,0.3369630973986691,0.004839685420447671,0.12583182093163944,0.008469449485783424,0.021778584392014518,0.10669243778690506,0.08253201256342112,61.38911504485521,0.0065944750479233665,0.03977172422092862,0.21253507983654396,0.0198089633868693,0.11510449651678277,0.8682760088131731,7,3,3851.510247708037,5.54
2018,4,Salamanca,5,Lista,045,0.23957936810049485,0.5009193902366689,23870,0.23498156582086316,5511.5,0.06093720175606032,0.02038603339839514,0.1286055085664715,14.397193136748111,21016,0.01598781880472021,402.83,2.2723921058338754,0.23964497041420116,0.3769414575866189,8.47457627118644e-4,1110,0.4144144144144144,0.006306306306306306,0.19099099099099098,0.007207207207207207,0.016216216216216217,0.12195470118005329,0.09716406547392463,61.38911504485521,0.0065944750479233665,0.03977172422092862,0.21253507983654396,0.0198089633868693,0.11510449651678277,0.8682760088131731,5,5,2933.199100215949,4.65
2018,4,Salamanca,6,Castellana,046,0.23728214790390956,0.549814126394052,30670,0.24737762237762237,6908.64,0.07512097250088515,0.01282051282051282,0.11800699300699301,15.809345220162493,16984,0.012776731040979745,219.11,2.468822843822844,0.23031983949014517,0.34537535229310784,0.0016116035455278,1149,0.4482158398607485,0.010443864229765013,0.18798955613577023,0.006962576153176675,0.017406440382941687,0.1368346679227508,0.09485398021667452,61.38911504485521,0.0065944750479233665,0.03977172422092862,0.21253507983654396,0.0198089633868693,0.11510449651678277,0.8682760088131731,5,1,2491.06903091583,3.42
2018,5,Chamartin,1,El Viso,051,0.20803259604190918,0.55895129944364,29874,0.16716171617161715,5506.71,0.04806065908428113,0.016996699669966996,0.10544554455445544,14.146062480856601,17180,0.011059371362048894,100.31,2.8292079207920793,0.2146981627296588,0.3681064928008693,0.005149330587023687,859,0.26542491268917345,0.002328288707799767,0.16065192083818394,0.004656577415599534,0.023282887077997673,0.10750873108265425,0.08614668218859138,21.236193343287894,0.5104941792884472,0.025573218741812218,0.01676739343268461,0.03314635999655329,0.08152166411307576,0.8387980210146773,6,2,3488.8511843402644,3.15
2018,5,Chamartin,2,Prosperidad,052,0.2289778311674129,0.41636808090278943,20239,0.20647645499305642,4054.69,0.03543069930452878,0.018368892816563565,0.1293397298320919,12.539305322819612,36628,0.011439336027083106,351.15,2.3053907334932457,0.2466184765346914,0.3295214832907738,0.022355507088331516,1437,0.39109255393180237,0.0027835768963117608,0.1419624217118998,0.008350730688935281,0.008350730688935281,0.10221688325870919,0.08700993775253904,21.236193343287894,0.5104941792884472,0.025573218741812218,0.01676739343268461,0.03314635999655329,0.08152166411307576,0.8387980210146773,5,6,4228.473772625666,5.98
2018,5,Chamartin,3,Ciudad Jardín,053,0.22691747965288633,0.41644295302013423,20938,0.21344473984048615,4215.44,0.04110996916752313,0.023800481073553613,0.1290036713508039,12.906006164505468,18553,0.015145798523149895,242.51,2.3404228383339665,0.23010764320874127,0.3662435354960038,0.011021307861866276,1030,0.28640776699029125,0.002912621359223301,0.14466019417475728,0.007766990291262136,0.02233009708737864,0.11442893332614672,0.09766614563682423,21.236193343287894,0.5104941792884472,0.025573218741812218,0.01676739343268461,0.03314635999655329,0.08152166411307576,0.8387980210146773,6,3,4358.076987032577,5.64
2018,5,Chamartin,4,Hispanoamérica,054,0.18558175001588612,0.5172711216987719,27033,0.17425291100073284,5035.74,0.031778918178051195,0.022229460141682273,0.10504030616399317,13.760963356816902,31474,0.009436360170299295,183.2,2.554596531227099,0.24607146272272334,0.3902849740932643,0.01340645947592931,1451,0.35286009648518263,0.004135079255685734,0.16195727084769124,0.006891798759476223,0.022053756030323914,0.10020969689267331,0.0795577301899981,21.236193343287894,0.5104941792884472,0.025573218741812218,0.01676739343268461,0.03314635999655329,0.08152166411307576,0.8387980210146773,6,3,4821.909268153232,4.54
2018,5,Chamartin,5,Nueva España,055,0.1933526129281903,0.5777704882182494,29308,0.19445656918376256,5719.41,0.04139451338994121,0.02400698384984723,0.10639458751636839,14.55175104506949,24551,0.008227770762901715,136.84,2.673068529026626,0.20934030045721752,0.35725429017160687,0.018108651911468814,836,0.2595693779904306,0.0035885167464114833,0.1590909090909091,0.008373205741626795,0.023923444976076555,0.1095678383772555,0.092827176082440635,21.236193343287894,0.5104941792884472,0.025573218741812218,0.01676739343268461,0.03314635999655329,0.08152166411307576,0.8387980210146773,7,2,5520.4265188656,3.93
2018,5,Chamartin,6,Castilla,056,0.21952659229089191,0.5025026543303504,24158,0.18016102081118032,4500.53,0.03597889870191453,0.018228771077016558,0.11681604131854778,12.33877264520619,16941,0.00838203175727525,78.06,2.562813307002886,0.22328255586509396,0.3955402176798513,0.17759562841530055,532,0.2951127819548872,0.011278195488721804,0.17669172932330826,0.011278195488721804,0.02443609022556391,0.10861224248863703,0.09592113806741043,21.236193343287894,0.5104941792884472,0.025573218741812218,0.01676739343268461,0.03314635999655329,0.08152166411307576,0.8387980210146773,8,5,6669.055768164209,4.92
2018,6,Tetuan,1,Bellas Vistas,061,0.2600651375511053,0.26167404744157496,13609,0.23259964306960143,3097.95,0.037669565217391315,0.01801648678507691,0.13818305430441064,11.982761935572018,28862,0.016041854341348485,402,2.4432735616554773,0.18549565217391303,0.36564785299081193,0.08871454435727218,1118,0.315742397137746,0.005366726296958855,0.11717352415026834,0.005366726296958855,0.009838998211091235,0.1524842353267272,0.12247938465802785,82.37388051210922,0.6707025614180815,0.013085421867067565,0.053053006737786366,0.07244990651769191,0.15857200561657273,2.4065042729033372,6,1,3909.9229672628644,6.73
2018,6,Tetuan,2,Cuatro Caminos,062,0.25331897053685803,0.4185681128369934,19996,0.23375487690030944,4067.98,0.03678402522333157,0.016816897618727296,0.1295573792546751,13.337037895571822,34348,0.014091067893327123,289.05,2.304184044127539,0.2296082209377007,0.37520661157024793,0.029547198772064468,2062,0.4185257032007759,0.0072744907856450046,0.1755577109602328,0.006789524733268671,0.02279340446168768,0.12769302433911728,0.10373238616513335,82.37388051210922,0.6707025614180815,0.013085421867067565,0.053053006737786366,0.07244990651769191,0.15857200561657273,2.4065042729033372,5,6,3851.772541242594,5.79
2018,6,Tetuan,3,Castillejos,063,0.2608610567514677,0.4250559284116331,21945,0.25361536801208723,4048.17,0.041644158522810976,0.01618821497949493,0.13997409885603282,13.704518798622786,20440,0.013796477495107632,288.97,2.197604144183035,0.23960123753867307,0.3783562205369953,0.022508038585209004,1041,0.28434197886647455,0.010566762728146013,0.21902017291066284,0.007684918347742555,0.020172910662824207,0.13140900195694716,0.10895303326810177,82.37388051210922,0.6707025614180815,0.013085421867067565,0.053053006737786366,0.07244990651769191,0.15857200561657273,2.4065042729033372,9,2,4865.913979796185,5.55
2018,6,Tetuan,4,Almenara,064,0.2349986665481376,0.22155823655429022,13130,0.22550075382295928,3066.02,0.02939208777485393,0.024122334697393926,0.14721085505061382,11.045108873027006,22498,0.02533558538536759,224.35,2.414494938617273,0.20248873823647473,0.468942731277533,0.07457627118644068,789,0.2965779467680608,0.0025348542458808617,0.13054499366286437,0.0012674271229404308,0.015209125475285171,0.12276646813050049,0.09680860520935194,82.37388051210922,0.6707025614180815,0.013085421867067565,0.053053006737786366,0.07244990651769191,0.15857200561657273,2.4065042729033372,8,2,5985.2780487589325,10.17
2018,6,Tetuan,5,Valdeacederas,065,0.2679957863524638,0.20730429576410717,12284,0.24709357728225653,2658.04,0.042978373939228015,0.022489041356965885,0.16266437964551173,11.786977265904264,25631,0.014552690101829815,219.79,2.4367257480465025,0.1477454929412225,0.3967707781895183,0.10095642933049948,962,0.36382536382536385,0.0010395010395010396,0.09147609147609148,0.006237006237006237,0.008316008316008316,0.1528617689516601,0.12469275486715306,82.37388051210922,0.6707025614180815,0.013085421867067565,0.053053006737786366,0.07244990651769191,0.15857200561657273,2.4065042729033372,NA,0,5518.012250818581,7.32
2018,6,Tetuan,6,Berruguete,066,0.25648508430609596,0.2271645805317058,12831,0.2411515330769989,2817.63,0.040108907672301686,0.0222813763186434,0.14788524105294293,11.80593019457669,24672,0.01228112840466926,405.36,2.4261066745538797,0.167953511053316,0.39511250907331236,0.1062295081967213,911,0.3468715697036224,0.0010976948408342481,0.11745334796926454,0.009879253567508232,0.015367727771679473,0.15308852140077822,0.1245136186770428,82.37388051210922,0.6707025614180815,0.013085421867067565,0.053053006737786366,0.07244990651769191,0.15857200561657273,2.4065042729033372,8,1,4696.8582372321225,7.1
2018,7,Chamberi,1,Gaztambide,071,0.2377099639433647,0.4790538003540203,21315,0.24413553431798435,4831.87,0.043898349951469164,0.015155903079447823,0.12462592914373974,14.77611137325318,22742,0.013763081523172984,447.52,2.1880490394825753,0.25725756639901176,0.387926599211113,0.006781750924784217,1410,0.42127659574468085,0.002127659574468085,0.16950354609929077,0.010638297872340425,0.01276595744680851,0.12144930085304723,0.094450795884267,58.41717454875466,0.031750023815971404,2.9300204200871036e-4,0.012582570993738842,0.01238507079976863,0.0983253623083703,0.34932799377691987,3,1,2139.273308016623,5.91
2018,7,Chamberi,2,Arapiles,072,0.24908874964164313,0.45902215969046783,21397,0.24916943521594684,5091.47,0.04873638791863571,0.017509203555715183,0.13423722726048307,14.513902206139376,24417,0.014989556456567146,420.85,2.1850588129657895,0.24035340045202383,0.3720294067361942,0.005818181818181818,1208,0.37334437086092714,0.0024834437086092716,0.15562913907284767,0.015728476821192054,0.012417218543046357,0.11962976614653725,0.09935700536511446,58.41717454875466,0.031750023815971404,2.9300204200871036e-4,0.012582570993738842,0.01238507079976863,0.0983253623083703,0.34932799377691987,6,1,1920.4473643335684,5.46
2018,7,Chamberi,3,Trafalgar,073,0.2662654521795706,0.4812056037884767,21756,0.2957322319738427,5201.14,0.06186029441748561,0.018413353983823783,0.15092066769919119,14.56237833377059,24592,0.016102797657774885,400.78,2.110049905351919,0.21176038820698934,0.37069131523204313,0.0033707865168539327,1446,0.3450899031811895,0.006915629322268326,0.19225449515905949,0.006915629322268326,0.01867219917012448,0.12890370852309693,0.10556278464541315,58.41717454875466,0.031750023815971404,2.9300204200871036e-4,0.012582570993738842,0.01238507079976863,0.0983253623083703,0.34932799377691987,3,8,1749.3435959707163,5.6
2018,7,Chamberi,4,Almagro,074,0.2195748539190006,0.5130665320035349,26957,0.23353666127225195,6257.77,0.059497954442143536,0.019668865928046807,0.12834557450516618,14.818552530255491,19852,0.012744307878299416,211.09,2.4647080791734095,0.23960806101318247,0.3718381112984823,0.00967741935483871,1078,0.3228200371057514,0.0037105751391465678,0.21335807050092764,0.00463821892393321,0.012987012987012988,0.11454765262945799,0.09908321579689704,58.41717454875466,0.031750023815971404,2.9300204200871036e-4,0.012582570993738842,0.01238507079976863,0.0983253623083703,0.34932799377691987,3,5,1961.8302018492532,4.31
2018,7,Chamberi,5,Ríos Rosas,075,0.24802684959799365,0.4889915737972275,23756,0.24488097219910104,5277.92,0.0472475877111908,0.020476111203595805,0.13151323455968036,14.10214564117369,27114,0.014531238474588773,277.31,2.251456633927085,0.2337609523457429,0.38051557804839475,0.007746478873239437,1263,0.3174980205859066,0.004750593824228029,0.20110847189231987,0.014251781472684086,0.011084718923198733,0.11861031201593272,0.09430552482112561,58.41717454875466,0.031750023815971404,2.9300204200871036e-4,0.012582570993738842,0.01238507079976863,0.0983253623083703,0.34932799377691987,4,2,2846.104919773461,4.85
2018,7,Chamberi,6,Vallehermoso,076,0.19586501664927192,0.5224083575446622,25400,0.19601249099207302,4564.21,0.0322258804749077,0.015373528705260629,0.10233005044439106,13.773073592732217,20121,0.010387157695939566,187.48,2.4076387220754265,0.2799561009677741,0.3822166785459729,0.006016847172081829,768,0.2838541666666667,0,0.16145833333333334,0.009114583333333334,0.016927083333333332,0.09959743551513345,0.07753093782615178,58.41717454875466,0.031750023815971404,2.9300204200871036e-4,0.012582570993738842,0.01238507079976863,0.0983253623083703,0.34932799377691987,6,4,2895.965028339834,4.58
2018,8,Fuencarral-El Pardo,1,El Pardo,081,0.20798621085894858,0.16153028692879914,16112,0.13515565679574792,2430.23,0.013310185185185185,0.02201974183750949,0.1017463933181473,9.267004613573283,3481,0.01292731973570813,0.18,2.624145785876993,0.2624421296296296,0.4652701212789415,0.08333333333333333,144,0.22916666666666666,0,0.2708333333333333,0.006944444444444444,0.11805555555555555,0.08129847744900891,0.07296753806377478,119.5539297827783,0.5773410944426465,0.01975484086836306,0.04175458507416583,0.03450242301687366,0.06837416847790292,1.6400443477189668,NA,0,15968.221312001373,6.22
2018,8,Fuencarral-El Pardo,2,Fuentelarreina,082,0.13849475632325725,0.5570698466780238,31239,0.0930442637759711,3580.61,0.03153988868274583,0.025293586269196026,0.057813911472448055,10.316371662525508,3242,0.011412708204811845,23.39,2.921409214092141,0.2597402597402597,0.3226190476190476,0,24,0.25,0.041666666666666664,0.041666666666666664,0,0.16666666666666666,0.0783466995681678,0.0715607649599013,119.5539297827783,0.5773410944426465,0.01975484086836306,0.04175458507416583,0.03450242301687366,0.06837416847790292,1.6400443477189668,NA,0,7753.5321488741565,3.27
2018,8,Fuencarral-El Pardo,3,Peñagrande,083,0.18686006825938567,0.2937185066422355,18777,0.12313167259786477,3296.22,0.02458794920291813,0.02615658362989324,0.09875444839857651,10.913197156546602,44536,0.01124932638764146,153.82,2.6341637010676155,0.2504052958659822,0.2711087132452118,0.030042918454935622,957,0.36990595611285265,0,0.10762800417972831,0.013584117032392894,0.01567398119122257,0.08076612178911442,0.07164990120352074,119.5539297827783,0.5773410944426465,0.01975484086836306,0.04175458507416583,0.03450242301687366,0.06837416847790292,1.6400443477189668,12,2,7057.610223581704,6.41
2018,8,Fuencarral-El Pardo,4,Pilar,084,0.2060317803480705,0.2221930882584299,14940,0.14593313758821408,3162.58,0.028897470386601287,0.01730798949157781,0.11492298974913717,10.928568654919108,46255,0.004518430439952438,338.13,2.3743882965023437,0.2949190784049985,0.32139179049580696,0.065149136577708,1834,0.42584514721919303,0,0.12704471101417666,0.011450381679389313,0.013086150490730643,0.09761106907361367,0.08070478867149497,119.5539297827783,0.5773410944426465,0.01975484086836306,0.04175458507416583,0.03450242301687366,0.06837416847790292,1.6400443477189668,11,1,6654.963594575406,6.74
2018,8,Fuencarral-El Pardo,5,La Paz,085,0.19390377174587234,0.40160801845976346,22976,0.0806155808946655,3371.77,0.019832460113074622,0.013794753209472928,0.08053584243680727,10.325834384738442,33857,0.005848125941459669,156.78,2.693804321824416,0.30740313175265666,0.2039480019258546,0.012853470437017995,652,0.30368098159509205,0.004601226993865031,0.13957055214723926,0.003067484662576687,0.02147239263803681,0.06616061671146292,0.062025578166996484,119.5539297827783,0.5773410944426465,0.01975484086836306,0.04175458507416583,0.03450242301687366,0.06837416847790292,1.6400443477189668,10,3,7117.797309101631,4.78
2018,8,Fuencarral-El Pardo,6,Valverde,086,0.20812051881092403,0.3611346516007533,16637,0.1703338222874161,2802.72,0.03532393729516799,0.05427390318709161,0.11837133840067565,11.312800895946419,62065,0.010859582695561105,68.97,2.7533004400586747,0.11767649860350979,0.4021127726711483,0.039694100509832485,1636,0.254278728606357,0.004889975550122249,0.15158924205378974,0.007334963325183374,0.023227383863080684,0.11745750422943688,0.09606058164827197,119.5539297827783,0.5773410944426465,0.01975484086836306,0.04175458507416583,0.03450242301687366,0.06837416847790292,1.6400443477189668,11,4,9459.745172148323,6.26
2018,8,Fuencarral-El Pardo,7,Mirasierra,087,0.16312476629689643,0.5256021991333923,24684,0.1253266234394658,3897.4,0.027824567970553372,0.04064647246685377,0.08729313848833833,11.906117401795079,32092,0.011217748971706343,45.84,3.1024871770057096,0.14423856759623183,0.222318339100346,0,418,0.3133971291866029,0.0023923444976076554,0.11961722488038277,0.011961722488038277,0.045454545454545456,0.08862021687648013,0.06609123769163655,119.5539297827783,0.5773410944426465,0.01975484086836306,0.04175458507416583,0.03450242301687366,0.06837416847790292,1.6400443477189668,12,3,8861.590582904815,4.11
2018,8,Fuencarral-El Pardo,8,El Goloso,088,0.19153427396955894,0.5240170707345864,21933,0.17961342086068563,4000.59,0.02891364902506964,0.08935083880379285,0.10193289569657185,11.803372702342466,18002,0.013665148316853682,6.78,3.2731582786287383,0.0818941504178273,0.5061224489795919,0.0017271157167530224,499,0.2545090180360721,0.002004008016032064,0.17835671342685372,0,0.05410821643286573,0.11265414953894012,0.0901566492611932,119.5539297827783,0.5773410944426465,0.01975484086836306,0.04175458507416583,0.03450242301687366,0.06837416847790292,1.6400443477189668,13,1,13001.86708747171,3.51
2018,9,Moncloa-Aravaca,1,Casa de Campo,091,0.19156821867037294,0.3725061751852556,19883,0.19013452914798207,3179.25,0.0375968992248062,0.018475336322869955,0.13112107623318386,11.933714489426087,12951,0.009188479654080766,7.39,2.31390134529148,0.24914728682170545,0.4517734909769757,0.017391304347826087,650,0.3523076923076923,0.006153846153846154,0.24,0.003076923076923077,0.04153846153846154,0.08817851903327928,0.06949270326615706,232.56592244348715,0.33277924242825263,0.01410714375670114,0.14105612629615108,0.023941639806715858,0.08873424704035304,1.122216674142469,2,8,4173.709669904124,7.12
2018,9,Moncloa-Aravaca,2,Argüelles,092,0.22266095847707718,0.48342050474787995,23729,0.2352260676756965,4496.86,0.050975325108369454,0.016870722066904462,0.13130241974356502,14.0862332981887,24059,0.015004779916039736,316.71,2.312927793309554,0.252000666888963,0.3858749586503473,0.012195121951219513,1236,0.3559870550161812,0.009708737864077669,0.18932038834951456,0.011326860841423949,0.014563106796116505,0.12253210856644084,0.0972193357994929,232.56592244348715,0.33277924242825263,0.01410714375670114,0.14105612629615108,0.023941639806715858,0.08873424704035304,1.122216674142469,2,2,1653.6887926611475,5.22
2018,9,Moncloa-Aravaca,3,Ciudad Universitaria,093,0.1982902806169857,0.5267700175803101,25705,0.1705718499098804,4134.58,0.030005591103932416,0.020973291823693264,0.10044240537440603,12.993319459786932,16143,0.00904416775072787,11.3,2.6375553006718007,0.25483009256383177,0.3322769380789859,0.031155778894472363,802,0.19326683291770574,0.0012468827930174563,0.19451371571072318,0.007481296758104738,0.05860349127182045,0.09607879576286936,0.07328253732267856,232.56592244348715,0.33277924242825263,0.01410714375670114,0.14105612629615108,0.023941639806715858,0.08873424704035304,1.122216674142469,5,3,5161.047179825196,4.39
2018,9,Moncloa-Aravaca,4,Valdezarza,094,0.1963928535105265,0.2526148151336461,15289,0.15016951955676838,2872.01,0.026786321299884425,0.025965434548912595,0.10741751426445051,10.764023591760289,29497,0.011051971386920705,210.51,2.4326469858595883,0.24994901080970833,0.34720522235822115,0.06147540983606557,623,0.33386837881219905,0,0.11075441412520064,0.008025682182985553,0.01765650080256822,0.09912872495508018,0.07861816455910771,232.56592244348715,0.33277924242825263,0.01410714375670114,0.14105612629615108,0.023941639806715858,0.08873424704035304,1.122216674142469,9,2,5430.4959712467935,7.02
2018,9,Moncloa-Aravaca,5,Valdemarín,095,0.14622283021735827,0.6173356316178281,31715,0.15149892933618844,4022.4,0.03673780487804878,0.07494646680942184,0.08779443254817987,14.322630068004015,6579,0.016567867457060344,19.86,3.5117773019271947,0.10625,0.33715925394548063,0,111,0.13513513513513514,0.036036036036036036,0.2702702702702703,0,0.02702702702702703,0.1393828849369205,0.10715914272685818,232.56592244348715,0.33277924242825263,0.01410714375670114,0.14105612629615108,0.023941639806715858,0.08873424704035304,1.122216674142469,NA,0,8461.673852404916,3.05
2018,9,Moncloa-Aravaca,6,El Plantío,096,0.16149068322981366,0.5376623376623376,32242,0.1018957345971564,3359.38,0.03419117647058824,0.031990521327014215,0.07938388625592417,10.787723785166241,2737,0.00876872488125685,7.71,3.2227488151658767,0.19669117647058823,0.2560747663551402,0.01293103448275862,196,0.3163265306122449,0.00510204081632653,0.15816326530612246,0.00510204081632653,0.015306122448979591,0.10157106320789185,0.06466934599926927,232.56592244348715,0.33277924242825263,0.01410714375670114,0.14105612629615108,0.023941639806715858,0.08873424704035304,1.122216674142469,NA,0,11456.239375587471,3.59
2018,9,Moncloa-Aravaca,7,Aravaca,097,0.1514145000572672,0.5128395767800972,25814,0.12148750448403683,3782.06,0.04730763347101117,0.04089441587946909,0.0845390410139902,11.794899501022806,26193,0.019890810521895164,44.82,3.1266292000478297,0.14425577482025395,0.26139978791092255,0.02727272727272727,633,0.35071090047393366,0.001579778830963665,0.10110584518167456,0.01579778830963665,0.023696682464454975,0.11083113809032948,0.08364830298171268,232.56592244348715,0.33277924242825263,0.01410714375670114,0.14105612629615108,0.023941639806715858,0.08873424704035304,1.122216674142469,NA,0,7562.302874208347,3.86
2018,10,Latina,1,Los Cármenes,101,0.18390671230492545,0.15425862604911408,11935,0.15188708192697145,2021.75,0.03420195439739414,0.02700214789812826,0.12779993863148206,9.1617447176412,17237,0.009572431397574984,133.07,2.6376189015035285,0.17362726849697535,0.40971524288107203,0.1016260162601626,322,0.2329192546583851,0,0.17080745341614906,0.006211180124223602,0.052795031055900624,0.10349828856529558,0.08354121946974531,58.32744480722708,0.09197222635940919,0.03656889521045835,0.0014782635233102806,0.08431446152784337,0.12269228322412368,3.3428634264350126,6,1,3189.554438507505,10.85
2018,10,Latina,2,Puerta del Angel,102,0.22591906011507812,0.18347984237647771,12384,0.2018406672418752,2323.04,0.04186293692779669,0.02254817371297095,0.13258556226632154,9.752224496762166,41537,0.013265281556202903,301,2.381190681622088,0.2095079353576346,0.43514354894500173,0.09458094917536183,1545,0.3851132686084142,6.472491909385113e-4,0.12233009708737864,0.008414239482200648,0.009708737864077669,0.12193947564821725,0.09851457736475913,58.32744480722708,0.09197222635940919,0.03656889521045835,0.0014782635233102806,0.08431446152784337,0.12269228322412368,3.3428634264350126,3,2,2462.0227528519436,8.99
2018,10,Latina,3,Lucero,103,0.19230877350799763,0.15787378781299755,12516,0.14167084257999857,2099.75,0.03556131650135255,0.02283628033502756,0.10358651299305605,8.773307837331256,35573,0.011975374581845782,211.36,2.540482496957549,0.229880522993688,0.421181662172101,0.08614748449345279,867,0.35409457900807384,0,0.13725490196078433,0.012687427912341407,0.020761245674740483,0.10842492901919995,0.08006072020914738,58.32744480722708,0.09197222635940919,0.03656889521045835,0.0014782635233102806,0.08431446152784337,0.12269228322412368,3.3428634264350126,5,1,4227.863152996435,8.84
2018,10,Latina,4,Aluche,104,0.1834366964150658,0.14264342882788542,13116,0.10820599886813809,2055.34,0.04575430936462456,0.019015280135823428,0.09401999622712695,8.475203408015599,66110,0.010467402813492665,231.46,2.4886247877758914,0.30154182016646197,0.3075917546505782,0.06577480490523968,1932,0.39906832298136646,0.0010351966873706005,0.14182194616977226,0.009834368530020704,0.016045548654244308,0.09627892905763122,0.0791710785055211,58.32744480722708,0.09197222635940919,0.03656889521045835,0.0014782635233102806,0.08431446152784337,0.12269228322412368,3.3428634264350126,6,3,5246.163985037182,8.09
2018,10,Latina,5,Campamento,105,0.2082961407193489,0.16716417910447762,13061,0.13732970027247957,1951.44,0.0505188853184428,0.022752043596730245,0.10544959128065395,9.397860958060885,19045,0.010868994486741926,20.65,2.586239782016349,0.24005689300953484,0.3622997586131227,0.08302354399008674,463,0.31533477321814257,0,0.1079913606911447,0.01511879049676026,0.0064794816414686825,0.12087161984772907,0.09509057495405618,58.32744480722708,0.09197222635940919,0.03656889521045835,0.0014782635233102806,0.08431446152784337,0.12269228322412368,3.3428634264350126,6,1,9136.38284445581,7.28
2018,10,Latina,6,Cuatro Vientos,106,0.2395631495508191,0.24664131812420786,14909,0.29128440366972475,2834.24,0.02207700459201696,0.053669724770642205,0.13394495412844037,12.469279092349177,5677,0.0054606306147613175,10.43,2.5972477064220185,0.062345460967855884,0.1926345609065156,0,95,0.23157894736842105,0,0.08421052631578947,0.010526315789473684,0.031578947368421054,0.08895543420820856,0.0787387704773648,58.32744480722708,0.09197222635940919,0.03656889521045835,0.0014782635233102806,0.08431446152784337,0.12269228322412368,3.3428634264350126,8,1,8640.708002320105,7.33
2018,10,Latina,7,Águilas,107,0.16676094801521507,0.12545135161510687,12778,0.12051393517847656,1948.7,0.034421353371688,0.021977491184852437,0.09829493310148288,8.411582367933994,51265,0.008270750024383107,141.57,2.468337922040284,0.2823764236233416,0.32182952182952185,0.017914267434420986,1123,0.42297417631344614,0,0.13357079252003562,0.009795191451469279,0.019590382902938557,0.0833902272505608,0.06692675314542085,58.32744480722708,0.09197222635940919,0.03656889521045835,0.0014782635233102806,0.08431446152784337,0.12269228322412368,3.3428634264350126,7,1,6885.9755107490355,8.11
2018,11,Carabanchel,1,Comillas,111,0.21993111777072058,0.16815385468048552,12482,0.17729672650475184,2307.17,0.04503775620280476,0.022280887011615628,0.11678986272439282,9.494144582080711,22357,0.0064856644451402245,334.01,2.349313621964097,0.2429881337648328,0.3895671476137625,0.04086181277860327,832,0.3641826923076923,0.001201923076923077,0.125,0.008413461538461538,0.019230769230769232,0.12680592208256922,0.10922753500022364,47.07809398324081,0.10632944117838151,0.0389421089378887,0.09946903520648703,0.038488203229943445,0.14718394972202078,1.0468470060818356,9,1,2716.71359451771,9.16
2018,11,Carabanchel,2,Opañel,112,0.21745807482032065,0.1484545738370278,11870,0.17006070852224697,2052.6,0.039517419672534776,0.02082532851763621,0.12018750480288942,9.108111248362436,32558,0.008784323361385835,293.44,2.4968877276569583,0.2109134556198449,0.39953305121844446,0.04597701149425287,1250,0.3304,0,0.124,0.0072,0.0112,0.12712697340131457,0.09804042017322931,47.07809398324081,0.10632944117838151,0.0389421089378887,0.09946903520648703,0.038488203229943445,0.14718394972202078,1.0468470060818356,6,5,3342.7575110293496,8.34
2018,11,Carabanchel,3,San Isidro,113,0.2127285422431405,0.13401646228792205,10970,0.17033333333333334,2116.27,0.04645432380557141,0.022733333333333335,0.1208,9.216079230834362,38669,0.011663089296335565,202.99,2.5702666666666665,0.19484359599522746,0.38698083067092653,0.06598738476467735,1139,0.2923617208077261,8.77963125548727e-4,0.11852502194907814,0.009657594381035996,0.014925373134328358,0.126069978535778,0.10276966045152448,47.07809398324081,0.10632944117838151,0.0389421089378887,0.09946903520648703,0.038488203229943445,0.14718394972202078,1.0468470060818356,NA,0,3059.153910492342,11.21
2018,11,Carabanchel,4,Vista Alegre,114,0.2043852259122955,0.11682374851853942,11031,0.13115328467153284,1865.71,0.04041503732669749,0.02037956204379562,0.10394160583941606,8.614586824596563,45106,0.011328869773422604,283.21,2.628204379562044,0.23346960540348383,0.3595355919299581,0.03692674210839786,2193,0.41495668034655725,0.001823985408116735,0.13132694938440492,0.008663930688554491,0.011855905152758778,0.13727663725446726,0.10142774797144503,47.07809398324081,0.10632944117838151,0.0389421089378887,0.09946903520648703,0.038488203229943445,0.14718394972202078,1.0468470060818356,7,3,5063.086310850565,8.79
2018,11,Carabanchel,5,Puerta Bonita,115,0.203353005079421,0.10518286720125171,9996,0.14027112590307655,1743.88,0.04458786432086759,0.026138485266661255,0.11291500933517332,8.454831489435014,34059,0.008015502510349687,210.94,2.754525529669616,0.19125924616155365,0.401386748844376,0.0540368722186904,946,0.35095137420718814,0.0010570824524312897,0.10359408033826638,0.003171247357293869,0.012684989429175475,0.14536539534337473,0.10335006899791538,47.07809398324081,0.10632944117838151,0.0389421089378887,0.09946903520648703,0.038488203229943445,0.14718394972202078,1.0468470060818356,NA,0,5104.261852587482,10.21
2018,11,Carabanchel,6,Buenavista,116,0.17948109134864446,0.1574379660188241,12346,0.1712397474479259,2058.58,0.04078674052276268,0.04154127574201923,0.11506461320587714,9.921337971715793,46328,0.009238473493351752,82.33,2.7270903404732403,0.1380690669897871,0.33537063156245106,0.024582104228121928,1329,0.3544018058690745,7.524454477050414e-4,0.1294206170052671,0.008276899924755455,0.019563581640331076,0.10220600932481437,0.07984372301847695,47.07809398324081,0.10632944117838151,0.0389421089378887,0.09946903520648703,0.038488203229943445,0.14718394972202078,1.0468470060818356,10,3,6594.790504863614,7.84
2018,11,Carabanchel,7,Abrantes,117,0.18669836911021065,0.11829994585814835,10777,0.13121217678342198,1774.53,0.038026134569518616,0.026682560058683295,0.10828901522097928,8.500381825203759,29861,0.0060949063996517195,190.27,2.729598386209426,0.18445362625550069,0.38262611546166453,0.037487335359675786,701,0.3880171184022825,0,0.1383737517831669,0.008559201141226819,0.014265335235378032,0.13110746458591474,0.09072033756404675,47.07809398324081,0.10632944117838151,0.0389421089378887,0.09946903520648703,0.038488203229943445,0.14718394972202078,1.0468470060818356,7,4,4633.638175169047,9.43
2018,12,Usera,1,Orcasitas,121,0.15687748783724015,0.08271760677599567,10855,0.11329932376319848,1613.76,0.02207936156062957,0.031676355439553924,0.10368964289951359,7.687892091594896,22610,0.008447589562140645,166.29,2.6758808874125046,0.19658612281090668,0.44564727108705454,0.044543429844097995,360,0.4361111111111111,0,0.14722222222222223,0.002777777777777778,0.022222222222222223,0.07996461742591773,0.062229102167182665,69.47837318136494,0.06356599827546272,0.01264652335128189,0.0611653203137387,0.09048815397045856,0.18206573318343092,4.657306928098866,NA,0,5444.820243803643,10.12
2018,12,Usera,2,Orcasur,122,0.20351186540298288,0.09625178244041556,9400,0.15409207161125318,1589.99,0.025862068965517238,0.03388746803069054,0.12446717817561807,9.131987695183623,13611,0.00969803835133348,97.83,2.8925831202046037,0.14633068081343942,0.3851963746223565,0.024213075060532687,239,0.2803347280334728,0,0.12552301255230125,0,0.016736401673640166,0.10704577180221879,0.08500477554918816,69.47837318136494,0.06356599827546272,0.01264652335128189,0.0611653203137387,0.09048815397045856,0.18206573318343092,4.657306928098866,7,1,5034.764224800982,12.5
2018,12,Usera,3,San Fermín,123,0.1868179083956346,0.10028514226779106,9592,0.14470158343483558,1652.42,0.03528803481408074,0.03861144945188794,0.11242387332521316,8.003196128327213,23274,0.009538540861046661,157.31,2.8269183922046284,0.14528846568141668,0.33570581257414,0.017713365539452495,384,0.390625,0.0026041666666666665,0.17708333333333334,0.005208333333333333,0.015625,0.10690040388416258,0.07996047091174702,69.47837318136494,0.06356599827546272,0.01264652335128189,0.0611653203137387,0.09048815397045856,0.18206573318343092,4.657306928098866,8,1,5347.446205816762,9.94
2018,12,Usera,4,Almendrales,124,0.2200066467264872,0.10452961672473868,9922,0.15671347945924663,1879.19,0.02854283808253122,0.02257514109463184,0.11418821367633547,8.997990527687639,21063,0.010017566348573327,269,2.75442971518572,0.16830267797579337,0.45158550396375996,0.035590277777777776,740,0.3554054054054054,0.0013513513513513514,0.14054054054054055,0.0013513513513513514,0.014864864864864866,0.15719508142239946,0.12135023500925794,69.47837318136494,0.06356599827546272,0.01264652335128189,0.0611653203137387,0.09048815397045856,0.18206573318343092,4.657306928098866,6,1,3761.5802233954323,9.32
2018,12,Usera,5,Moscardó,125,0.22326374094588836,0.11664338455398124,10423,0.1484157291774177,1850.22,0.03498406281582836,0.021983692847559088,0.1185880895861286,8.819644826837921,25817,0.009334934345586242,283.08,2.655175972752606,0.19443364689419265,0.42203118752499,0.038985148514851485,1167,0.42245072836332476,0.001713796058269066,0.1405312767780634,0.006855184233076264,0.011139674378748929,0.16140527559360113,0.12216756400821165,69.47837318136494,0.06356599827546272,0.01264652335128189,0.0611653203137387,0.09048815397045856,0.18206573318343092,4.657306928098866,6,1,3148.644346237265,8.34
2018,12,Usera,6,Zofío,126,0.20617355853232383,0.08861247709960467,9838,0.1296109655311429,1667.48,0.04322114331605459,0.023987099375125984,0.11872606329369079,8.65715167303252,13736,0.006988934187536401,176.96,2.760935295303366,0.18237570270862233,0.41072858286629305,0.08187134502923976,365,0.2821917808219178,0,0.12876712328767123,0.005479452054794521,0.01643835616438356,0.14181712288875947,0.1092748980780431,69.47837318136494,0.06356599827546272,0.01264652335128189,0.0611653203137387,0.09048815397045856,0.18206573318343092,4.657306928098866,NA,0,4309.52274503438,9.17
2018,12,Usera,7,Pradolongo,127,0.23180608584982065,0.06846377699494563,8418,0.13307537012113055,1644.78,0.027389311205245792,0.022039030955585466,0.11372812920592194,8.72817557165891,17286,0.013768367465000578,157.29,2.899226110363392,0.17512911274879592,0.41285619615639496,0.0801209372637944,831,0.33212996389891697,0,0.13838748495788206,0.009626955475330927,0.00842358604091456,0.17181534189517528,0.14109684137452275,69.47837318136494,0.06356599827546272,0.01264652335128189,0.0611653203137387,0.09048815397045856,0.18206573318343092,4.657306928098866,NA,0,4353.234146131321,8.57
2018,13,Puente de Vallecas,1,Entrevías,131,0.1975402858903989,0.04879377431906615,8882,0.12693130496791064,1386.87,0.036338492320367205,0.024720703589256002,0.1140955550273354,7.8370413375650125,34069,0.012005048577886054,56.91,2.6928135646937643,0.19975872418054494,0.4181764619237001,0.056112224448897796,768,0.31640625,0,0.18229166666666666,0.006510416666666667,0.022135416666666668,0.11368105902726819,0.0839766356511785,62.70572474897144,0.08305353443627819,0.0331822195098671,0.046529931009598506,0.05520736496782039,0.12342508069834439,3.1282852186252157,NA,0,5421.836821736098,13.04
2018,13,Puente de Vallecas,2,San Diego,132,0.24108049221322636,0.09084616145301118,8758,0.20655590480466995,1652.3,0.04323639704969326,0.029700429790236706,0.13727628455962537,9.40768187681747,40389,0.016811508083884225,376.37,2.5830393225992685,0.14947723942682592,0.4130254195049012,0.08254176220111366,1749,0.3956546598056032,5.717552887364208e-4,0.12235563178959405,0.005145797598627788,0.010863350485991996,0.19507786773626482,0.1486543365767907,62.70572474897144,0.08305353443627819,0.0331822195098671,0.046529931009598506,0.05520736496782039,0.12342508069834439,3.1282852186252157,7,2,4343.126303552097,10.83
2018,13,Puente de Vallecas,3,Palomeras Bajas,133,0.18075259080390382,0.11927380912133609,11524,0.14849561080211754,1761.74,0.029342811767375035,0.025330027474368425,0.12249547678080815,8.444565317083518,39756,0.007898178891236543,230.12,2.6582456610601084,0.16388111623686,0.3930164590063068,0.07787481804949054,802,0.341645885286783,0,0.11221945137157108,0.007481296758104738,0.02369077306733167,0.09958245296307476,0.08034007445417043,62.70572474897144,0.08305353443627819,0.0331822195098671,0.046529931009598506,0.05520736496782039,0.12342508069834439,3.1282852186252157,9,2,5299.099733980374,9.31
2018,13,Puente de Vallecas,4,Palomeras Sureste,134,0.2020264192036362,0.0908129954919944,10975,0.13320341966306262,1592.74,0.03105413105413106,0.026401810409856674,0.12239124968569273,8.664197646396998,42242,0.00970597983050045,135.5,2.647724415388484,0.1846153846153846,0.3820730452674897,0.09521028037383178,963,0.3094496365524403,0,0.1256490134994808,0.008307372793354102,0.01142263759086189,0.10354623360636334,0.08467875574073197,62.70572474897144,0.08305353443627819,0.0331822195098671,0.046529931009598506,0.05520736496782039,0.12342508069834439,3.1282852186252157,12,2,6728.434764756167,10.2
2018,13,Puente de Vallecas,5,Portazgo,135,0.20674518201284797,0.0725955325826103,9788,0.13390020556905252,1560.24,0.03267880177726816,0.026537095869930853,0.11885628854419734,8.625539805283411,28020,0.00974304068522484,224.11,2.6077368716127824,0.2203310878601118,0.398276142462189,0.06224899598393574,904,0.3860619469026549,0,0.13053097345132744,0.004424778761061947,0.007743362831858407,0.1130264097073519,0.08754461099214847,62.70572474897144,0.08305353443627819,0.0331822195098671,0.046529931009598506,0.05520736496782039,0.12342508069834439,3.1282852186252157,11,1,5623.053121168555,11.64
2018,13,Puente de Vallecas,6,Numancia,136,0.2226126454266921,0.10647557797859955,10201,0.1719323617755034,1756.26,0.04024668013236493,0.025475581265991767,0.13010345978418067,9.241843274195203,46673,0.013026803505238575,251.68,2.5886082990321504,0.1876531006919077,0.3813122638268636,0.10057471264367816,1450,0.36344827586206896,0,0.12482758620689655,0.007586206896551724,0.010344827586206896,0.137424206714803,0.10783536520043709,62.70572474897144,0.08305353443627819,0.0331822195098671,0.046529931009598506,0.05520736496782039,0.12342508069834439,3.1282852186252157,NA,0,4377.421642034768,11.11
2018,14,Moratalaz,1,Pavones,141,0.16562465723373918,0.16740655878562222,13438,0.09761321909424725,2148.76,0.04283669199427376,0.022643818849449205,0.11689106487148103,8.232367127814884,9117,0.007897334649555774,89.94,2.778763769889841,0.24017178724810045,0.3562585969738652,0.051587301587301584,169,0.23076923076923078,0,0.10059171597633136,0.005917159763313609,0.04142011834319527,0.09553581221893166,0.06405615882417462,130.07595476137578,0.0014728274547371773,0.02001137573253773,0.0661899676377605,0.030359744044049605,0.0735510974846437,0.6792141428888818,10,1,6486.612196477242,9.31
2018,14,Moratalaz,2,Horcajo,142,0.12245220413967452,0.3021256269405302,16214,0.1484736355226642,3199.22,0.01454315523237433,0.03885291396854764,0.1322849213691027,9.10820720707301,6329,0.0036340654131774373,84.81,2.925994449583719,0.08046158710085362,0.29273084479371314,0.046153846153846156,98,0.3469387755102041,0,0.10204081632653061,0,0,0.059725075051350926,0.05735503239058303,130.07595476137578,0.0014728274547371773,0.02001137573253773,0.0661899676377605,0.030359744044049605,0.0735510974846437,0.6792141428888818,NA,0,6656.046602301756,7.81
2018,14,Moratalaz,3,Marroquina,143,0.15456665937750566,0.2385024266235267,16952,0.10977638144520421,2641.81,0.020783110526700267,0.019589724635002772,0.09628534466826834,9.42667809657633,27438,0.0053575333479116555,152.95,2.5298466087599336,0.2662721893491124,0.3493827160493827,0.06419529837251356,834,0.35251798561151076,0,0.13189448441247004,0.015587529976019185,0.019184652278177457,0.05641810627596763,0.052153947080691015,130.07595476137578,0.0014728274547371773,0.02001137573253773,0.0661899676377605,0.030359744044049605,0.0735510974846437,0.6792141428888818,NA,0,5474.216644103787,7.23
2018,14,Moratalaz,4,Media Legua,144,0.178312847280687,0.21112051933389783,15127,0.126697466050679,2228.93,0.026017908430478125,0.019319613607727847,0.10555788884222315,9.440634945024318,17817,0.008082168715271931,177.75,2.485930281394372,0.2742580390831785,0.35770020533880903,0.019891500904159132,407,0.28992628992628994,0,0.12039312039312039,0.014742014742014743,0.036855036855036855,0.08396475276421396,0.0710557332884324,130.07595476137578,0.0014728274547371773,0.02001137573253773,0.0661899676377605,0.030359744044049605,0.0735510974846437,0.6792141428888818,7,2,4094.4691665723835,9
2018,14,Moratalaz,5,Fontarrón,145,0.18512620901155932,0.13283803863298663,11936,0.1270815074496056,2072.53,0.039166962489646184,0.023809523809523808,0.0974291557113643,8.735041449621088,16956,0.011146496815286623,175.23,2.4688869412795795,0.26695065672701457,0.45412234042553196,0.01932367149758454,349,0.498567335243553,0,0.10315186246418338,0.0028653295128939827,0.014326647564469915,0.11641896673743808,0.08923095069591885,130.07595476137578,0.0014728274547371773,0.02001137573253773,0.0661899676377605,0.030359744044049605,0.0735510974846437,0.6792141428888818,NA,0,5210.585238894585,9.43
2018,14,Moratalaz,6,Vinateros,146,0.16834677419354838,0.16380757719541572,13342,0.13330559023442917,2177.14,0.03674852827495986,0.022888056595921764,0.09585240671382994,9.199069650136074,16864,0.009072580645161291,283.13,2.33277847135525,0.3060593447107094,0.43209636681562075,0.03414634146341464,330,0.49696969696969695,0,0.09696969696969697,0.01818181818181818,0.0030303030303030303,0.08687144212523719,0.07335151802656546,130.07595476137578,0.0014728274547371773,0.02001137573253773,0.0661899676377605,0.030359744044049605,0.0735510974846437,0.6792141428888818,9,1,5433.702198295059,7.97
2018,15,Ciudad Lineal,1,Ventas,151,0.20286012526096034,0.16256748650269945,12544,0.16253164556962024,2411.23,0.03958612600536192,0.020759493670886076,0.11068354430379747,9.763375030715018,47900,0.012150313152400834,149.29,2.417417721518987,0.24214560991957104,0.4385433786004671,0.05565402339595888,1546,0.32147477360931437,0,0.11707632600258733,0.009702457956015523,0.016817593790426907,0.11248434237995825,0.09271398747390397,29.294431545571197,0.163486479642311,0.02777686544433001,0.09282377998962883,0.04020098803810578,0.11494756671313933,1.538876387778253,8,1,4882.186837215816,8.21
2018,15,Ciudad Lineal,2,Pueblo Nuevo,152,0.20529714919433753,0.1519638339347186,12366,0.14294736842105263,2261.21,0.03696860693263572,0.020294736842105265,0.11309473684210526,9.432543655877753,61316,0.0113184160741079,263.71,2.5751578947368423,0.2208796599084369,0.38011695906432746,0.03837471783295711,2123,0.35845501648610456,4.710315591144607e-4,0.12435233160621761,0.009420631182289214,0.015544041450777202,0.11788114032226499,0.0916400287037641,29.294431545571197,0.163486479642311,0.02777686544433001,0.09282377998962883,0.04020098803810578,0.11494756671313933,1.538876387778253,9,3,5945.604635738793,7.57
2018,15,Ciudad Lineal,3,Quintana,153,0.22031198954590003,0.2067910676047721,13522,0.18732353227533832,2683.15,0.040290485373158824,0.02190633823386233,0.12014409502482719,10.440173058458633,24488,0.013026788631166285,337.05,2.372991918995229,0.2259467443482542,0.45741783185037227,0.03975704030922143,1179,0.3833757421543681,8.481764206955047e-4,0.12128922815945717,0.01102629346904156,0.010178117048346057,0.1367608624632473,0.1099313949689644,29.294431545571197,0.163486479642311,0.02777686544433001,0.09282377998962883,0.04020098803810578,0.11494756671313933,1.538876387778253,9,4,5499.8856260243065,7.68
2018,15,Ciudad Lineal,4,La Concepción,154,0.19945381372173246,0.2719760479041916,16166,0.19103486441615938,3546.02,0.045858770369658214,0.024903154399557276,0.1127836192584394,10.877106908513905,20872,0.0125047911077041,234.82,2.3024903154399556,0.2422246791328174,0.44175431633260565,0.07204803202134756,939,0.3248136315228967,0.003194888178913738,0.14270500532481364,0.008519701810436636,0.023429179978700747,0.1060751245688003,0.08906669221924109,29.294431545571197,0.163486479642311,0.02777686544433001,0.09282377998962883,0.04020098803810578,0.11494756671313933,1.538876387778253,8,1,5286.9078554012285,7.25
2018,15,Ciudad Lineal,5,San Pascual,155,0.18154219793564055,0.30675656888641734,18245,0.15729888119339372,3787.03,0.029776400265663056,0.02503995737879595,0.11467767714437933,11.636269299576334,18117,0.010101010101010102,171.63,2.4064997336174745,0.2596856320566748,0.33226768968456943,0.022170361726954493,550,0.33636363636363636,0.0036363636363636364,0.13090909090909092,0.005454545454545455,0.012727272727272728,0.08726610365954628,0.07964894850140752,29.294431545571197,0.163486479642311,0.02777686544433001,0.09282377998962883,0.04020098803810578,0.11494756671313933,1.538876387778253,8,1,5179.583389520239,7
2018,15,Ciudad Lineal,6,San Juan Bautista,156,0.1732669290706081,0.48240500863557856,23972,0.1611698817672682,3777.39,0.03941124426928335,0.03588467123003526,0.10080896079651525,12.346254872499843,12449,0.009398345248614347,123,2.5789255341215513,0.21241856350036195,0.33623627413858387,0.010395010395010396,392,0.29336734693877553,0.002551020408163265,0.1556122448979592,0.012755102040816327,0.02040816326530612,0.09583099044099928,0.08506707366053498,29.294431545571197,0.163486479642311,0.02777686544433001,0.09282377998962883,0.04020098803810578,0.11494756671313933,1.538876387778253,8,2,5517.381509267848,4.86
2018,15,Ciudad Lineal,7,Colina,157,0.1867555979037637,0.4591246903385632,22635,0.17833135626729932,4002.1,0.04675572519083969,0.04112297350731514,0.10992487149070779,12.900229922888318,6297,0.01333968556455455,112.35,2.486358244365362,0.22757633587786258,0.3032844164919637,0.021798365122615803,264,0.20075757575757575,0.011363636363636364,0.09848484848484848,0.015151515151515152,0.022727272727272728,0.1110052405907575,0.09464824519612514,29.294431545571197,0.163486479642311,0.02777686544433001,0.09282377998962883,0.04020098803810578,0.11494756671313933,1.538876387778253,NA,0,5876.295736381089,5.92
2018,15,Ciudad Lineal,8,Atalaya,158,0.1492063492063492,0.48853615520282184,26927,0.17142857142857143,4566.83,0.052698412698412696,0.05178571428571429,0.10178571428571428,13.490566037735851,1575,0.014603174603174604,63.28,2.8125,0.2253968253968254,0.29014084507042254,0.023809523809523808,34,0.058823529411764705,0.029411764705882353,0.11764705882352941,0,0.058823529411764705,0.10666666666666667,0.10920634920634921,29.294431545571197,0.163486479642311,0.02777686544433001,0.09282377998962883,0.04020098803810578,0.11494756671313933,1.538876387778253,NA,0,6201.670718009656,3.61
2018,15,Ciudad Lineal,9,Costillares,159,0.1568982697708126,0.5128093520706379,25643,0.12708018154311648,3798.47,0.024569689813343024,0.03265254664649521,0.09329299041855774,12.290647013444238,22078,0.007382915119123109,154.28,2.7759707513867875,0.21390617194241338,0.27685774946921443,0.010775862068965518,392,0.2780612244897959,0.01020408163265306,0.14285714285714285,0.007653061224489796,0.025510204081632654,0.08320500045293958,0.07903795633662469,29.294431545571197,0.163486479642311,0.02777686544433001,0.09282377998962883,0.04020098803810578,0.11494756671313933,1.538876387778253,11,2,7261.6630548985795,5.14
2018,16,Hortaleza,1,Palomas,161,0.1391767841279242,0.5257731958762887,29571,0.11035422343324251,3943.41,0.059958444642327094,0.04268846503178928,0.08764759309718438,12.873695370599357,6754,0.009179745336097127,59.64,3.0599455040871937,0.14559216384683882,0.1906218144750255,0.006097560975609756,138,0.2391304347826087,0.014492753623188406,0.17391304347826086,0.007246376811594203,0.06521739130434782,0.08720758069292271,0.07477050636659757,46.17562995436961,0.0069190666269636734,0.051689634252313245,0.03182854591847954,0.0341045436383434,0.08477138041646279,2.29508374614095,NA,0,8501.46490391082,3.82
2018,16,Hortaleza,2,Piovera,162,0.15597450155974502,0.5480486369876446,30066,0.14029296472044564,4611.77,0.09807783739726957,0.03858056529812255,0.10088714668867341,13.321652117757598,14746,0.009900990099009901,46.89,3.0375489993810603,0.13319296339061334,0.24528301886792453,0.005847953216374269,298,0.21476510067114093,0.006711409395973154,0.13087248322147652,0.02348993288590604,0.06040268456375839,0.10694425606944256,0.08971924589719246,46.17562995436961,0.0069190666269636734,0.051689634252313245,0.03182854591847954,0.0341045436383434,0.08477138041646279,2.29508374614095,NA,0,7272.732325749381,3.52
2018,16,Hortaleza,3,Canillas,163,0.18512700944901214,0.24124477758663063,16852,0.1276702374240431,3137.68,0.036945873433923256,0.02274008644991543,0.10555659963665978,10.760829846713992,40745,0.008835439931279911,161.06,2.545072981269185,0.2614517439141458,0.30192054227075876,0.09116541353383459,1362,0.31644640234948607,7.342143906020558e-4,0.12041116005873716,0.016886930983847283,0.024963289280469897,0.07510123941587925,0.06864645968830531,46.17562995436961,0.0069190666269636734,0.051689634252313245,0.03182854591847954,0.0341045436383434,0.08477138041646279,2.29508374614095,9,2,7296.312864197992,6.71
2018,16,Hortaleza,4,Pinar del Rey,164,0.18711486731403934,0.1861825855495072,14640,0.13173086022522948,2720.43,0.0333435359834717,0.024652219172896755,0.10414497965363868,9.897147379928045,52417,0.011961768128660549,196.17,2.4734550960537525,0.26382140260932774,0.3328982669857153,0.12005700035625223,1499,0.3802535023348899,0.0020013342228152103,0.11541027351567712,0.01067378252168112,0.01801200800533689,0.09414884484041437,0.07913463189423278,46.17562995436961,0.0069190666269636734,0.051689634252313245,0.03182854591847954,0.0341045436383434,0.08477138041646279,2.29508374614095,7,6,7830.265113595043,8.15
2018,16,Hortaleza,5,Apóstol Santiago,165,0.1763706462785075,0.23100998139062764,14833,0.1299670310602117,2521.96,0.026782790910876826,0.02411938226618081,0.11816762103071317,9.348335731028104,15303,0.008560412990916814,126.72,2.6498351553010586,0.20954750834915853,0.3734375,0.055,234,0.3504273504273504,0,0.1752136752136752,0.008547008547008548,0.029914529914529916,0.10154871593805136,0.08416650330000654,46.17562995436961,0.0069190666269636734,0.051689634252313245,0.03182854591847954,0.0341045436383434,0.08477138041646279,2.29508374614095,12,1,7594.745484802367,7.71
2018,16,Hortaleza,6,Valdefuentes,166,0.21885466121968275,0.4816140212460199,20786,0.20090113967664988,3465.62,0.03930235556292244,0.061118473363371326,0.12806785051683012,11.872045380045291,54342,0.026241213058039822,32.4,2.8781871190034454,0.07110890104425659,0.22999222999223,0.00968054211035818,708,0.2231638418079096,0.00423728813559322,0.1864406779661017,0.011299435028248588,0.025423728813559324,0.15019690110779876,0.09274594236502152,46.17562995436961,0.0069190666269636734,0.051689634252313245,0.03182854591847954,0.0341045436383434,0.08477138041646279,2.29508374614095,NA,0,10287.171310638792,4.77
2018,17,Villaverde,1,"Villaverde Alto, Casco Histórico de Villaverde",171,0.19856098931984262,0.07753212741336257,9660,0.13628231229563822,1524.24,0.04444795593579992,0.03090875439570609,0.1179591584921957,7.797063433411242,44475,0.01432265317594154,47.87,2.7329878462582515,0.1740671346983002,0.3917779795097912,0.029716655148583276,2572,0.23716951788491447,3.8880248833592535e-4,0.07581648522550544,0.0042768273716951785,0.013219284603421462,0.12753232152894886,0.0987071388420461,138.4213810724169,0.5819773688284225,0.019074449691200316,0.027698557092875588,0.03527802644806252,0.13171801021144425,1.1199550647998466,11,2,8429.32700119977,11.91
2018,17,Villaverde,2,San Cristóbal,172,0.22773168692520418,0.04817275747508306,6712,0.11396405293304365,1102.64,0.0331655697509356,0.027849101323326093,0.09934821252222002,7.084952651789822,15549,0.015949578751045083,143.17,3.0610310092830337,0.13743708865660087,0.524413145539906,0.03416856492027335,300,0.4633333333333333,0,0.16,0.006666666666666667,0.02666666666666667,0.18290565309666215,0.13068364525049841,138.4213810724169,0.5819773688284225,0.019074449691200316,0.027698557092875588,0.03527802644806252,0.13171801021144425,1.1199550647998466,NA,0,8593.62312004166,13.88
2018,17,Villaverde,3,Butarque,173,0.2062452232776504,0.1308866515102306,11044,0.15996243543590546,1777.41,0.04143858112546531,0.055094694005321646,0.1297542651432149,8.236289693582721,18318,0.011846271427011683,28.65,2.859289403662545,0.08583315086490037,0.24744897959183676,0.018433179723502304,336,0.35119047619047616,0,0.13095238095238096,0.011904761904761904,0.011904761904761904,0.10738071841904138,0.0752811442297194,138.4213810724169,0.5819773688284225,0.019074449691200316,0.027698557092875588,0.03527802644806252,0.13171801021144425,1.1199550647998466,NA,0,9220.485082086132,8.25
2018,17,Villaverde,4,Los Rosales,174,0.18259790700183406,0.09874049865971432,10645,0.11885496183206107,1545.55,0.04183908045977011,0.026412213740458015,0.11916030534351145,8.10953603541911,37076,0.008037544503182652,239.98,2.822519083969466,0.16746450304259636,0.32041343669250644,0.050934880722114766,999,0.4184184184184184,0,0.12812812812812813,0.006006006006006006,0.01901901901901902,0.11009817671809256,0.0846099902902147,138.4213810724169,0.5819773688284225,0.019074449691200316,0.027698557092875588,0.03527802644806252,0.13171801021144425,1.1199550647998466,10,1,6973.898781754612,9.1
2018,17,Villaverde,5,Ángeles,175,0.18181223421655218,0.09755493143895588,11538,0.10173215040135192,1485.56,0.032739559754617314,0.020870299957752428,0.08998732572877059,7.71452552682553,30570,0.012594046450768727,157.51,2.5756653992395435,0.27192205491585475,0.4022198093859332,0.024390243902439025,773,0.48253557567917205,0,0.12160413971539456,0.00517464424320828,0.009055627425614488,0.11331370624795552,0.07919528949950932,138.4213810724169,0.5819773688284225,0.019074449691200316,0.027698557092875588,0.03527802644806252,0.13171801021144425,1.1199550647998466,9,1,6844.387373280107,9.91
2018,18,Villa de Vallecas,1,Casco Histórico de Vallecas,181,0.20420961763063017,0.0715376075492645,9758,0.14728050519454064,1751.25,0.04886763965777555,0.031099341345827394,0.11964419094180756,8.858369551886405,39386,0.008277052759863911,9.23,2.6984450329327085,0.16567689984901862,0.3368772782503038,0.03535483870967742,2615,0.19349904397705545,0.0034416826003824093,0.075717017208413,0.0057361376673040155,0.009560229445506692,0.11544711318742701,0.09432285583709947,112.64889888351911,0.006338628649199681,0.01676763964164795,0.0562100948330726,0.023238599179420696,0.08876069447927988,0.5736048644672272,14,4,10796.279013944326,11.64
2018,18,Villa de Vallecas,2,Santa Eugenia,182,0.19475932314769182,0.1565974407384099,14174,0.09565707839819515,1952.06,0.06589833299032723,0.02053017484489566,0.1116751269035533,7.812210296925984,24348,0.006899950714637753,116.79,2.7405527354765935,0.2041572339987652,0.2461693548387097,0.03937007874015748,489,0.3803680981595092,0,0.12883435582822086,0.010224948875255624,0.03680981595092025,0.06612452768194513,0.059388861508132086,112.64889888351911,0.006338628649199681,0.01676763964164795,0.0562100948330726,0.023238599179420696,0.08876069447927988,0.5736048644672272,NA,0,8760.143905748453,8.75
2018,18,Villa de Vallecas,3,Ensanche de Vallecas,183,0.31458872574844815,0.26603294055517046,14190,0.30934647477179816,2308.51,0.030334296326867523,0.05846446771574173,0.17438539508316067,10.795235484002273,43657,0.0239136908170511,68.78,2.4424035392283137,0.04046865685330398,0.28158640226628895,0.0045045045045045045,648,0.49537037037037035,0,0.1527777777777778,0.010802469135802469,0.018518518518518517,0.1341365645829993,0.09375357903658062,112.64889888351911,0.006338628649199681,0.01676763964164795,0.0562100948330726,0.023238599179420696,0.08876069447927988,0.5736048644672272,16,1,10345.169422666564,7.19
2018,19,Vicalvaro,1,Casco Histórico de Vicálvaro,191,NA,0.07594500402129371,9896,0.125650443832262,1836.28,0.0893859649122807,0.027471686562595653,0.11294765840220386,8.611336505903298,34200,0.009093567251461989,15.91,2.6170798898071626,0.22035087719298246,0.35589171974522293,0.06880733944954129,1173,0.36061381074168797,8.525149190110827e-4,0.12361466325660699,0.010230179028132993,0.017902813299232736,0.11590643274853801,0.08619883040935672,80.56924340853683,0.13588656628452364,0.009815037309683763,0.03664413883818346,0.08448055315264247,0.09462811081987543,10.223637670335245,11,4,11070.107694737308,11.04
2018,19,Vicalvaro,2,Valdebernardo,192,NA,0.22192118226600985,14439,0.14130791981597107,2149.39,0.05709587798378409,0.028590207032533684,0.12454814327965823,7.884785806053287,17637,0.003628735045642683,69.03,2.897962536970095,0.10166128026308328,0.2693809258226436,0.032663316582914576,321,0.411214953271028,0,0.11838006230529595,0.006230529595015576,0.03115264797507788,0.061405000850484774,0.05647218914781425,80.56924340853683,0.13588656628452364,0.009815037309683763,0.03664413883818346,0.08448055315264247,0.09462811081987543,10.223637670335245,NA,0,7725.943998639332,8.37
2018,19,Vicalvaro,3,Valderrivas,193,NA,0.2735146371037589,14850,0.1664552948636652,2539.71,0.015016501650165014,0.06388712745719721,0.11001902346227013,9.161664522644632,18180,0.005500550055005501,282.66,2.8820545339251744,0.052970297029702976,0.2201453790238837,0,0,0,0,0,0,0,0.05308030803080308,0.05759075907590759,80.56924340853683,0.13588656628452364,0.009815037309683763,0.03664413883818346,0.08448055315264247,0.09462811081987543,10.223637670335245,NA,0,8888.946651932158,5.32
2018,19,Vicalvaro,4,El Cañaveral,194,0.3668076109936575,0.18376068376068377,13839,0.29455445544554454,1422.61,0.04021164021164021,0.04207920792079208,0.2524752475247525,7.649553897908438,946,0.3107822410147992,0.89,2.339108910891089,0.03809523809523809,0.1388888888888889,0,0,0,0,0,0,0,0.6046511627906976,0.039112050739957716,80.56924340853683,0.13588656628452364,0.009815037309683763,0.03664413883818346,0.08448055315264247,0.09462811081987543,10.223637670335245,NA,0,13555.04820544874,5.29
2018,20,San Blas-Canillejas,1,Simancas,201,0.20776180547935183,0.1853109537207723,13527,0.18309070548712206,2400.68,0.05051024153880038,0.032474804031354984,0.13288540500186638,11.313189137141539,27339,0.0182157357620981,119.67,2.542179917879806,0.1641215769767271,0.4670096175352271,0.02565930149679259,1102,0.25226860254083483,0.008166969147005444,0.17150635208711434,0.010889292196007259,0.013611615245009074,0.13819086286989282,0.10344196934781813,67.3767702248016,0.04294686642343667,0.0017875079849525445,0.04007832964318477,0.024023779601189645,0.09661285054659331,1.877709462608618,11,2,7030.432045184826,8.53
2018,20,San Blas-Canillejas,2,Hellín,202,0.1903859022975686,0.07244556113902847,10498,0.1276133586749932,1471.98,0.02941505424449166,0.020635351615530817,0.10833559598153679,9.07299519578673,8966,0.016060673656033905,162.4,2.427640510453435,0.2518733922380047,0.6101243339253997,0.06557377049180328,90,0.4,0,0.1,0,0.03333333333333333,0.12447022083426278,0.08610305598929288,67.3767702248016,0.04294686642343667,0.0017875079849525445,0.04007832964318477,0.024023779601189645,0.09661285054659331,1.877709462608618,NA,0,7594.896410828338,11.45
2018,20,San Blas-Canillejas,3,Amposta,203,0.20197925360677238,0.06383652779977823,9231,0.15066026410564226,1445.71,0.03450754852624012,0.031212484993997598,0.11104441776710684,9.54670469456686,8387,0.018004053892929535,225.42,2.5048019207683074,0.20357057272945123,0.5344320188346086,0.06382978723404255,244,0.48360655737704916,0,0.12704918032786885,0.00819672131147541,0.00819672131147541,0.13306307380469776,0.09502801955407178,67.3767702248016,0.04294686642343667,0.0017875079849525445,0.04007832964318477,0.024023779601189645,0.09661285054659331,1.877709462608618,13,1,7068.52015726901,13.11
2018,20,San Blas-Canillejas,4,Arcos,204,0.169872595553335,0.1179009923193362,11657,0.1343000557724484,1868.45,0.027444755420025904,0.026436140546569994,0.1184606804238706,9.343614602771257,24018,0.009992505620784412,183.41,2.6702732849972115,0.18212957934750826,0.4527522935779817,0.027777777777777776,355,0.48732394366197185,0,0.14647887323943662,0.011267605633802818,0.014084507042253521,0.08818386210342244,0.06744941294029477,67.3767702248016,0.04294686642343667,0.0017875079849525445,0.04007832964318477,0.024023779601189645,0.09661285054659331,1.877709462608618,10,2,7390.381770409414,9.39
2018,20,San Blas-Canillejas,5,Rosas,205,0.1271106051982546,0.24322852865115013,16398,0.12232110424990919,3134.44,0.023827629911280103,0.03405375953505267,0.1096077006901562,9.595174051196334,31626,0.005375324100423702,33.95,2.865964402470033,0.13108365019011406,0.27483683828861494,0.025738798856053385,764,0.331151832460733,0,0.13350785340314136,0.006544502617801047,0.017015706806282723,0.05916018465819262,0.05223550243470562,67.3767702248016,0.04294686642343667,0.0017875079849525445,0.04007832964318477,0.024023779601189645,0.09661285054659331,1.877709462608618,12,3,9425.773230671271,5.35
2018,20,San Blas-Canillejas,6,Rejas,206,0.23994384422877374,0.32062742452352844,16109,0.23004552352048557,2688.39,0.1565430585350904,0.044916540212443096,0.15371775417298938,10.701174684457019,16383,0.010437648782274309,32.53,2.475720789074355,0.11228930432117684,0.43613537117903933,0.013086150490730643,687,0.31004366812227074,0.023289665211062592,0.11353711790393013,0.011644832605531296,0.03056768558951965,0.15790758713300374,0.12757126289446377,67.3767702248016,0.04294686642343667,0.0017875079849525445,0.04007832964318477,0.024023779601189645,0.09661285054659331,1.877709462608618,NA,0,11809.638279292905,5.76
2018,20,San Blas-Canillejas,7,Canillejas,207,0.20160162260456008,0.14265398631232779,12851,0.12598569594718503,2034.3,0.055506855079070105,0.022556390977443608,0.10828901522097928,9.225350398185679,28596,0.009302000279759406,178.5,2.6149825783972127,0.23156492163119324,0.3403997577225924,0.040025412960609914,989,0.4155712841253792,0.0010111223458038423,0.12841253791708795,0.010111223458038422,0.017189079878665317,0.09784585256679255,0.0863057770317527,67.3767702248016,0.04294686642343667,0.0017875079849525445,0.04007832964318477,0.024023779601189645,0.09661285054659331,1.877709462608618,13,1,8480.247381347568,8.33
2018,20,San Blas-Canillejas,8,El Salvador,208,0.15735502121640735,0.3574086996976041,21719,0.13433536871770785,3131.89,0.03464162310622841,0.026303428839830906,0.09816815406294034,10.46479557680975,11312,0.009105374823196606,60.03,2.6507750117426023,0.2026224860458935,0.33537385220813293,0.026470588235294117,214,0.2383177570093458,0.009345794392523364,0.1542056074766355,0.018691588785046728,0.037383177570093455,0.07425742574257425,0.06435643564356436,67.3767702248016,0.04294686642343667,0.0017875079849525445,0.04007832964318477,0.024023779601189645,0.09661285054659331,1.877709462608618,12,1,6971.53446021352,6.05
2018,21,Barajas,1,Alameda de Osuna,211,0.16123234916559692,0.3612661674608577,20614,0.10083682008368201,3219.36,0.02956906304638486,0.03361227336122734,0.08270571827057183,9.79046108536073,19475,0.011091142490372272,98.69,2.712133891213389,0.24961431656896022,0.17511330861145447,0.007905138339920948,377,0.34748010610079577,0.015915119363395226,0.14854111405835543,0.010610079575596816,0.04509283819628647,0.07671373555840821,0.06736842105263158,134.31264083992568,0.0970649535260025,0.004024069611744298,0.02505936519883135,0.2032900182787945,0.07680408060874655,1.5487695422571959,14,2,10536.67663481015,4.88
2018,21,Barajas,2,Aeropuerto,212,0.22737430167597766,0.075,10330,0.15555555555555556,NA,0.055183946488294305,0.02666666666666667,0.11851851851851852,8.500602167804095,1790,0.010614525139664804,0.61,2.6577777777777776,0.15440356744704573,0.44404332129963897,0.016423357664233577,432,0.3587962962962963,0.004629629629629629,0.23842592592592593,0.0023148148148148147,0.006944444444444444,0.13016759776536313,0.09944134078212291,134.31264083992568,0.0970649535260025,0.004024069611744298,0.02505936519883135,0.2032900182787945,0.07680408060874655,1.5487695422571959,10,2,13762.923551699036,7.95
2018,21,Barajas,3,Casco Histórico de Barajas,213,0.2513579576317219,0.12855460205283528,12949,0.21214099216710183,2795.69,0.07115594329334787,0.017950391644908616,0.15763707571801566,10.591400943889452,7364,0.013443780554046714,133.53,2.3942558746736293,0.18538713195201745,0.35661764705882354,0.06928838951310862,374,0.3689839572192513,0.0374331550802139,0.18716577540106952,0.03208556149732621,0.013368983957219251,0.15195545898967952,0.10972297664312873,134.31264083992568,0.0970649535260025,0.004024069611744298,0.02505936519883135,0.2032900182787945,0.07680408060874655,1.5487695422571959,NA,0,12378.237526796634,7.62
2018,21,Barajas,4,Timón,214,0.23408781484002722,0.279705953241745,16036,0.19804234008650126,3594.92,0.04093617021276596,0.04848622809014341,0.13817436831322558,10.555152734058668,11752,0.013189244383934649,23.06,2.6747097655360803,0.1011063829787234,0.30976430976430974,0.020172910662824207,227,0.22466960352422907,0.01762114537444934,0.1762114537444934,0.013215859030837005,0.030837004405286344,0.134785568413887,0.08475153165418652,134.31264083992568,0.0970649535260025,0.004024069611744298,0.02505936519883135,0.2032900182787945,0.07680408060874655,1.5487695422571959,11,1,10920.45258282059,5.87
2018,21,Barajas,5,Corralejos,215,0.13071200850159406,0.4868017188459177,24642,0.15308933490751672,3564.9,0.04047936085219707,0.0594254230617867,0.11609602518693428,12.080701236163376,7528,0.0140807651434644,16.04,2.9555293191656826,0.10013315579227695,0.29654255319148937,0,235,0.12340425531914893,0.02127659574468085,0.33617021276595743,0.00425531914893617,0.029787234042553193,0.09816684378320935,0.08368756641870351,134.31264083992568,0.0970649535260025,0.004024069611744298,0.02505936519883135,0.2032900182787945,0.07680408060874655,1.5487695422571959,9,1,9762.83872924395,3.68
2019,1,Centro,1,Palacio,011,0.2666202575704838,0.4296311454443137,20683,0.33578062804069,5075.34,0.09621871046547135,0.016452896948252985,0.1826625386996904,14.9210948408733,22984,0.009267316394013226,155.95,2.03,0.1885,0.3386,0.028058877644894203,1776,0.32094594594594594,0.01632882882882883,0.32488738738738737,0.009009009009009009,0.02533783783783784,0.15941524538809607,0.11555864949530108,169.11807950396854,0.363203367333529,0.041018237326998025,0.052184495446480274,0.1385574982431394,0.18599357952565596,0.8720457602317573,1,4,834.2994999607662,7.24
2019,1,Centro,2,Embajadores,012,0.3340523408095437,0.36226906062971637,15210,0.3735796097605143,4481.49,0.09294618307960845,0.017882203811852054,0.1921318303227851,14.668348022438892,45433,0.019369180991790108,437.82,2.05,0.147,0.3583,0.03120281831907398,3048,0.47965879265091865,0.007874015748031496,0.16601049868766404,0.003937007874015748,0.013779527559055118,0.2046970263905091,0.14515880527369973,169.11807950396854,0.363203367333529,0.041018237326998025,0.052184495446480274,0.1385574982431394,0.18599357952565596,0.8720457602317573,1,7,913.3760035725893,7.56
2019,1,Centro,3,Cortes,013,0.30394299287410925,0.47455947136563875,21218,0.3819829818719941,5494.3,0.13182792827165205,0.016833148353681094,0.18238993710691823,15.441003572187839,10525,0.018812351543942993,177.13,1.9411981566820276,0.16873991073972083,0.3286,0.0073152889539136795,1190,0.3100840336134454,0.03697478991596639,0.35294117647058826,0.004201680672268907,0.03361344537815126,0.18688836104513065,0.13216152019002375,169.11807950396854,0.363203367333529,0.041018237326998025,0.052184495446480274,0.1385574982431394,0.18599357952565596,0.8720457602317573,1,1,710.3835020983723,6.73
2019,1,Centro,4,Justicia,014,0.2961929671607091,0.4976999656711294,23790,0.38405965975297135,5950.71,0.11448184574126974,0.017128874388254486,0.18713586576555583,16.173220755665053,17205,0.020866027317640222,231.98,2,0.1608,0.3474,0.0028763183125599234,1939,0.4424961320268179,0.01444043321299639,0.259927797833935,0.0041258380608561115,0.018050541516245487,0.1962801511188608,0.12926474861958734,169.11807950396854,0.363203367333529,0.041018237326998025,0.052184495446480274,0.1385574982431394,0.18599357952565596,0.8720457602317573,2,3,971.4253672516414,5.93
2019,1,Centro,5,Universidad,015,0.3265428023515357,0.4418596117858584,18953,0.3799493483229353,5998.24,0.09976044129235619,0.01494842176786707,0.192105750818457,15.759562569703192,31809,0.01923983778175988,334.64,1.9551351009302032,0.1629,0.3508,0.03583502366463827,2411,0.3770219825798424,0.014102032351721278,0.2592285358772294,0.006221484861053505,0.025715470759021152,0.20113804269231977,0.1322267282844478,169.11807950396854,0.363203367333529,0.041018237326998025,0.052184495446480274,0.1385574982431394,0.18599357952565596,0.8720457602317573,2,6,952.2311029999739,6.37
2019,1,Centro,6,Sol,016,0.31000271812992664,0.4186303969634667,18197,0.38093959731543625,5293.1,0.136681341147608,0.01476510067114094,0.18442953020134228,15.090243035150626,7358,0.011416145691764067,164.77,1.97,0.1705,0.3157,5.743825387708214e-4,1595,0.45203761755485894,0.026332288401253918,0.2946708463949843,0,0.020689655172413793,0.19638488719760805,0.1304702364773036,169.11807950396854,0.363203367333529,0.041018237326998025,0.052184495446480274,0.1385574982431394,0.18599357952565596,0.8720457602317573,0,7,0,6.38
2019,2,Arganzuela,1,Imperial,021,0.2032687757427044,0.38001633542063706,19921,0.20523201494861415,3791.71,0.032143793376087144,0.017128620367486764,0.14107754593584554,13.543704609779354,22822,0.005433353781438962,235.26,2.36,0.21560000000000001,0.347,0.01901565995525727,740,0.30675675675675673,0.006756756756756757,0.1445945945945946,0.032432432432432434,0.025675675675675677,0.08688984313381824,0.07707475243186399,78.58817976144172,0.001314255830011877,1.2613201430960154e-4,0.0904245574318511,0.08884829906978049,0.08742117922381851,2.906780759756256,NA,0,1701.7017735258637,6.22
2019,2,Arganzuela,2,Acacias,022,0.21613786002655322,0.3905450165612767,20653,0.19550576350213703,4646.78,0.029355729237460923,0.018779950783577255,0.13184820619090792,13.642271247091976,36907,8.67044192158669e-4,342.68,2.38,0.2268,0.2993,0.01670297748729121,1157,0.30855661192739847,8.64304235090752e-4,0.1365600691443388,0.010371650821089023,0.02592912705272256,0.08497033083154958,0.07456580052564554,78.58817976144172,0.001314255830011877,1.2613201430960154e-4,0.0904245574318511,0.08884829906978049,0.08742117922381851,2.906780759756256,4,2,1817.5812482709266,6.14
2019,2,Arganzuela,3,Chopera,023,0.24406424581005587,0.2745869394177813,15542,0.19988351776354105,3643.17,0.032996653828840095,0.017472335468841003,0.14676761793826443,12.582484369649945,20048,0.004688747007182761,352.12,2.33,0.2283,0.3926,0.025078369905956112,736,0.3845108695652174,0.001358695652173913,0.14130434782608695,0.005434782608695652,0.02309782608695652,0.12689545091779728,0.10589584996009577,78.58817976144172,0.001314255830011877,1.2613201430960154e-4,0.0904245574318511,0.08884829906978049,0.08742117922381851,2.906780759756256,5,1,2545.0185470969996,7.18
2019,2,Arganzuela,4,Legazpi,024,0.21898032836883038,0.47285131523421015,21482,0.22430519140010488,4608.48,0.029581599837166697,0.03198741478762454,0.17960146827477713,14.454756835932265,19673,0.004879784476185635,138.94,2.58,0.0866,0.2474,0.02304964539007092,448,0.23883928571428573,0,0.1875,0.006696428571428571,0.024553571428571428,0.09012351954455344,0.08722614751181823,78.58817976144172,0.001314255830011877,1.2613201430960154e-4,0.0904245574318511,0.08884829906978049,0.08742117922381851,2.906780759756256,5,1,3482.1731601336073,4.72
2019,2,Arganzuela,5,Delicias,025,0.2254506128334535,0.3736533037406945,18684,0.21908893709327548,3845.47,0.0355910984163714,0.02438177874186551,0.1523644251626898,13.82918692653109,27740,0.010418168709444845,262.24,2.4,0.1694,0.3282,0.0072992700729927005,797,0.3613550815558344,0.0012547051442910915,0.16311166875784192,0.015056461731493099,0.011292346298619825,0.12606344628695026,0.09985580389329488,78.58817976144172,0.001314255830011877,1.2613201430960154e-4,0.0904245574318511,0.08884829906978049,0.08742117922381851,2.906780759756256,4,2,2594.8560961675425,5.83
2019,2,Arganzuela,6,Palos de la Frontera,026,0.262647717617981,0.36249884141254984,17634,0.26674031271244053,3862.74,0.04797019882950272,0.016400407885791977,0.15975526852481306,13.748035923378044,25894,0.012744265080713678,397.89,2.19,0.2065,0.371,0.00981675392670157,1328,0.3313253012048193,0.004518072289156626,0.1566265060240964,0.01355421686746988,0.012801204819277108,0.13980072603691976,0.1090986328879277,78.58817976144172,0.001314255830011877,1.2613201430960154e-4,0.0904245574318511,0.08884829906978049,0.08742117922381851,2.906780759756256,3,1,1750.053657056307,6.92
2019,2,Arganzuela,7,Atocha,027,0.16581632653061223,0.27921279212792127,15889,0.1957547169811321,NA,0.02551914893617021,0.03773584905660377,0.13443396226415094,10.473019801980199,1176,0.00510204081632653,15.97,2.77,0.0962,0.292,0,177,0.3502824858757062,0,0.22598870056497175,0,0.005649717514124294,0.0663265306122449,0.03571428571428571,78.58817976144172,0.001314255830011877,1.2613201430960154e-4,0.0904245574318511,0.08884829906978049,0.08742117922381851,2.906780759756256,4,2,2733.93717430477,7.55
2019,3,Retiro,1,Pacífico,031,0.20956963378775728,0.3948189536318119,20132,0.19543129901125128,4269.03,0.034211763128891,0.018002045687009888,0.13099215819979543,13.581241764137504,33669,0.008108348926312037,442.7429688149781,2.29,0.2496,0.3541,0.007984031936127744,1226,0.4445350734094617,0,0.13458401305057097,0.012234910277324634,0.015497553017944535,0.10178502480026137,0.08827110992307464,94.2269239767059,NA,0.01863030270738205,0.023043728578954335,0.06520960140955928,0.07009608055018052,1.1630335792525506,5,2,2621.775098928446,6
2019,3,Retiro,2,Adelfas,032,0.21008857204579823,0.3927208287895311,21311,0.19203993169578354,4540.71,0.027231557865107718,0.023512412977801128,0.14173124917903587,13.60345260196006,18516,0.016742276949665156,288.3007460094144,2.43,0.2128,0.3044,0.0019723865877712033,404,0.2623762376237624,0.007425742574257425,0.1311881188118812,0.012376237623762377,0.017326732673267328,0.10304601425793908,0.08128105422337438,94.2269239767059,NA,0.01863030270738205,0.023043728578954335,0.06520960140955928,0.07009608055018052,1.1630335792525506,6,1,3369.1505563810074,5.84
2019,3,Retiro,3,Estrella,033,0.16725872030815322,0.4595596133190118,23860,0.09653664710620181,4076.81,0.017634016991332702,0.016338741226556208,0.07847198251064319,12.06610086845381,23365,0.005820671945217205,227.25937123102315,2.68,0.3068,0.3077,0.009541984732824428,446,0.36771300448430494,0.002242152466367713,0.10089686098654709,0.008968609865470852,0.01569506726457399,0.066766531136315,0.05816392039375134,94.2269239767059,NA,0.01863030270738205,0.023043728578954335,0.06520960140955928,0.07009608055018052,1.1630335792525506,NA,0,3330.247447548994,5.11
2019,3,Retiro,4,Ibiza,034,0.2056750656409784,0.4605723461604634,22590,0.199719464825205,5469.24,0.05428488404324124,0.019961156668105308,0.11728528269313768,15.212539407550603,21709,0.012437238011884472,439.98737176381337,2.34,0.2486,0.3799,9.233610341643582e-4,1010,0.47227722772277225,0,0.1900990099009901,0.00891089108910891,0.0049504950495049506,0.1254318485420793,0.10092588327421807,94.2269239767059,NA,0.01863030270738205,0.023043728578954335,0.06520960140955928,0.07009608055018052,1.1630335792525506,5,1,2569.6136361740228,5.62
2019,3,Retiro,5,Los Jerónimos,035,0.18390154194369784,0.497907949790795,27452,0.1825962910128388,6715.19,0.060655519249893444,0.01783166904422254,0.10413694721825963,13.991723483982076,7069,0.011317017965766021,36.92303261563017,2.51,0.2635,0.3887,0.004830917874396135,372,0.260752688172043,0.021505376344086023,0.23387096774193547,0.008064516129032258,0.0456989247311828,0.10623850615362852,0.09789220540387608,94.2269239767059,NA,0.01863030270738205,0.023043728578954335,0.06520960140955928,0.07009608055018052,1.1630335792525506,3,1,1693.9136733919286,3.83
2019,3,Retiro,6,Niño Jesús,036,0.16420339865876685,0.5378072637577613,27415,0.11736505681818182,5524.82,0.02943820634817181,0.018465909090909092,0.07865767045454546,14.160456770501701,15359,0.006706165766000391,238.51177694237046,2.72,0.2639,0.3201,0.0035398230088495575,483,0.2567287784679089,0,0.12215320910973085,0.004140786749482402,0.014492753623188406,0.08425027671072335,0.0738980402369946,94.2269239767059,NA,0.01863030270738205,0.023043728578954335,0.06520960140955928,0.07009608055018052,1.1630335792525506,6,3,2715.894836350448,3.99
2019,4,Salamanca,1,Recoletos,041,0.21436716077537057,0.5867432400095717,29359,0.26410564225690275,8553.75,0.08824372696072201,0.018607442977190875,0.12064825930372149,18.041786907899958,15786,0.010198910426960597,180.2,2.36,0.2298,0.335,0,1646,0.5856622114216282,0.010328068043742407,0.1591737545565006,0.00425273390036452,0.012150668286755772,0.13904725706322058,0.1123780565057646,31.27323145356056,0.13555154790662446,0.02666267684799491,0.12612106265006595,0.03431951305276644,0.12119221610969702,0.8630217358675927,5,2,1781.686697174278,3.22
2019,4,Salamanca,2,Goya,042,0.2356501563603349,0.5054863152664486,24817,0.2329833043741029,5895.89,0.06619406725353301,0.017148900808340257,0.13598247337009897,15.66779930388358,29739,0.010894784626248362,384.91,2.24,0.2379,0.355,0.0010035122930255895,1851,0.46569421934089683,0.002701242571582928,0.1836844948676391,0.007563479200432199,0.015667206915180983,0.13204882477554727,0.10803994754362958,31.27323145356056,0.13555154790662446,0.02666267684799491,0.12612106265006595,0.03431951305276644,0.12119221610969702,0.8630217358675927,4,6,2696.9525069184683,4.67
2019,4,Salamanca,3,Fuente del Berro,043,0.22915087187263078,0.4147005970668367,20347,0.21866265319286174,4797.72,0.05197189502159366,0.019995699849494734,0.1333046656632982,14.020254642035608,21104,0.011324867323730099,247.15,2.27,0.2436,0.3772,0.01276207839562443,903,0.31118493909191586,0,0.13732004429678848,0.0033222591362126247,0.026578073089700997,0.11031084154662624,0.09183093252463988,31.27323145356056,0.13555154790662446,0.02666267684799491,0.12612106265006595,0.03431951305276644,0.12119221610969702,0.8630217358675927,7,1,3556.0177734228823,6.07
2019,4,Salamanca,4,Guindalera,044,0.2208809369835453,0.461037028217645,21727,0.21118365029804145,4573.78,0.042899117979283335,0.01742832812943514,0.12512063582174282,14.206665852552558,41751,0.01063447582093842,259.6,2.36,0.2436,0.4129,0.009254749147588894,1697,0.3294048320565704,0.005303476723629935,0.12197996464348851,0.00883912787271656,0.02357100766057749,0.11867979210078801,0.09044094752221504,31.27323145356056,0.13555154790662446,0.02666267684799491,0.12612106265006595,0.03431951305276644,0.12119221610969702,0.8630217358675927,7,3,3851.510247708037,5.5
2019,4,Salamanca,5,Lista,045,0.24057612777487283,0.5163232776433083,24451,0.23524314957218673,6030.55,0.06310260960832022,0.019603595797682227,0.1282356763782086,15.954981141623085,21037,0.008651423682083947,402.93,2.27,0.2391,0.3659,8.319467554076539e-4,1132,0.4019434628975265,0.007067137809187279,0.18992932862190812,0.006183745583038869,0.015901060070671377,0.14037172600655987,0.10833293720587536,31.27323145356056,0.13555154790662446,0.02666267684799491,0.12612106265006595,0.03431951305276644,0.12119221610969702,0.8630217358675927,5,5,2933.199100215949,4.73
2019,4,Salamanca,6,Castellana,046,0.235126158149292,0.5594198608850082,30297,0.24420289855072463,7975.95,0.08124755898154637,0.013768115942028985,0.11637681159420289,17.211546188175728,17161,0.010139269273352368,221.42,2.48,0.2315,0.3417,0.0016038492381716118,1153,0.4336513443191674,0.010407632263660017,0.18907198612315698,0.006938421509106678,0.019080659150043366,0.14830138103840101,0.10826874890740633,31.27323145356056,0.13555154790662446,0.02666267684799491,0.12612106265006595,0.03431951305276644,0.12119221610969702,0.8630217358675927,5,1,2491.06903091583,3.39
2019,5,Chamartin,1,El Viso,051,0.2075036075036075,0.567622641509434,31057,0.16376192042091417,6413.03,0.048218471852964975,0.016935218678066424,0.10555738243998684,15.370523055745581,17325,0.009985569985569986,101.23,2.84,0.2164,0.3607,0.005076142131979695,873,0.2623138602520046,0.002290950744558992,0.16036655211912945,0.0057273768613974796,0.025200458190148912,0.11555555555555555,0.0978932178932179,78.36616307938527,NA,0.004290246216696967,0.032920085730146854,0.08560735573784813,0.084749597230315707,0.8337266005977663,6,2,3488.8511843402644,3.05
2019,5,Chamartin,2,Prosperidad,052,0.22899537163081948,0.4299653656587185,21042,0.20593412119688206,4406.3,0.03875325093449018,0.01791551420668846,0.1284888106613025,13.658295509905477,36730,0.010345766403484889,352.39,2.3,0.2494,0.324,0.022306855277475515,1448,0.3846685082872928,0.0027624309392265192,0.14226519337016574,0.008977900552486187,0.009668508287292817,0.10977402668118703,0.09477266539613395,78.36616307938527,NA,0.004290246216696967,0.032920085730146854,0.08560735573784813,0.084749597230315707,0.8337266005977663,5,6,4228.473772625666,5.83
2019,5,Chamartin,3,Ciudad Jardín,053,0.22756701803199744,0.43546673748506176,21138,0.21469632591852036,4400.14,0.04296276150627615,0.023869032741814546,0.13284178955261186,14.29047325403819,18689,0.011932152603135534,244.55,2.33,0.2311,0.3625,0.011704462326261888,1046,0.29158699808795413,0.0028680688336520078,0.14340344168260039,0.008604206500956023,0.02198852772466539,0.12472577451977099,0.10342982503076677,78.36616307938527,NA,0.004290246216696967,0.032920085730146854,0.08560735573784813,0.084749597230315707,0.8337266005977663,6,3,4358.076987032577,5.88
2019,5,Chamartin,4,Hispanoamérica,054,0.18538425271098538,0.5303454715219421,27891,0.17219933769485501,5469.64,0.03382890366495446,0.022372990873112026,0.10491882723527987,15.067144403932378,31815,0.009900990099009901,185.3,2.56,0.2457,0.3855,0.013317191283292978,1460,0.3410958904109589,0.003424657534246575,0.16301369863013698,0.0061643835616438354,0.021917808219178082,0.10542197076850542,0.09272355807009272,78.36616307938527,NA,0.004290246216696967,0.032920085730146854,0.08560735573784813,0.084749597230315707,0.8337266005977663,6,3,4821.909268153232,4.43
2019,5,Chamartin,5,Nueva España,055,0.19425887687760637,0.5891392886234048,28834,0.19356237130161483,6325.86,0.042533089994727664,0.022434160615584696,0.10631841335211878,15.757220339210908,24699,0.008785780800842139,137.74,2.67,0.2089,0.3538,0.01768172888015717,855,0.2549707602339181,0.0035087719298245615,0.16023391812865498,0.008187134502923977,0.021052631578947368,0.12032875824932183,0.10166403498117332,78.36616307938527,NA,0.004290246216696967,0.032920085730146854,0.08560735573784813,0.084749597230315707,0.8337266005977663,7,2,5520.4265188656,3.65
2019,5,Chamartin,6,Castilla,056,0.21925322951689966,0.5146779943867101,24249,0.18418674698795182,4042.11,0.03669336492890995,0.019879518072289156,0.11671686746987951,13.586715974369897,16953,0.007373326254940128,78.1,2.54,0.2259,0.3776,0.17687074829931973,531,0.2768361581920904,0.009416195856873822,0.1713747645951036,0.009416195856873822,0.02824858757062147,0.11997876482038577,0.09337580369256179,78.36616307938527,NA,0.004290246216696967,0.032920085730146854,0.08560735573784813,0.084749597230315707,0.8337266005977663,8,5,6669.055768164209,5
2019,6,Tetuan,1,Bellas Vistas,061,0.26353222773123613,0.2778041517414009,14045,0.23322091062394604,3427,0.03976166883963492,0.01661045531197302,0.13979763912310286,12.966744341864587,29245,0.01152333732261925,407.54,2.46,0.1838,0.3519,0.08763505402160865,1124,0.3104982206405694,0.005338078291814947,0.11832740213523131,0.006227758007117438,0.010676156583629894,0.16334416139511027,0.12679090442810736,40.19280321528395,0.3317280585351412,0.07559893508948234,0.08636267419640194,0.06634403909119219,0.167528824784566,2.37549923340463,6,1,3909.9229672628644,6.85
2019,6,Tetuan,2,Cuatro Caminos,062,0.2563903281519862,0.43636492120698184,21081,0.23391657241700486,4440.52,0.038940684234859,0.017563701683188077,0.13545339631428382,14.564482745260555,34740,0.014709268854346574,292.04,2.3,0.2265,0.3672,0.029691663494480394,2091,0.40793878527020566,0.006695361071257772,0.1759923481587757,0.00860832137733142,0.02295552367288379,0.1411917098445596,0.11531375935521013,40.19280321528395,0.3317280585351412,0.07559893508948234,0.08636267419640194,0.06634403909119219,0.167528824784566,2.37549923340463,5,6,3851.772541242594,5.49
2019,6,Tetuan,3,Castillejos,063,0.2605736509479825,0.4399719577028685,22729,0.2533418885680676,4448.78,0.04298243065373178,0.014543899048230136,0.14137525398353118,14.898077645180688,20570,0.013223140495867768,291.1,2.19,0.2379,0.3702,0.022187004754358162,1057,0.2753074739829707,0.011352885525070956,0.22232734153263956,0.008514664143803218,0.01892147587511826,0.14205153135634419,0.11482741857073409,40.19280321528395,0.3317280585351412,0.07559893508948234,0.08636267419640194,0.06634403909119219,0.167528824784566,2.37549923340463,9,2,4865.913979796185,5.36
2019,6,Tetuan,4,Almenara,064,0.23832556503385807,0.23562193490860456,13510,0.22661947661947662,3203.9,0.03292437947177812,0.020913770913770915,0.1438223938223938,11.983224632999196,22742,0.01275173687450532,226.56,2.43,0.1987,0.4547,0.07232084155161078,825,0.2896969696969697,0.0024242424242424242,0.12727272727272726,0.0012121212121212121,0.01575757575757576,0.133629408143523,0.10539970099375605,40.19280321528395,0.3317280585351412,0.07559893508948234,0.08636267419640194,0.06634403909119219,0.167528824784566,2.37549923340463,8,2,5985.2780487589325,10.34
2019,6,Tetuan,5,Valdeacederas,065,0.2718044968782319,0.2209933936873012,12753,0.24823229942490807,3049.99,0.04687837131547595,0.021966625813142265,0.16432544546054492,13.00236291243694,26107,0.015168345654422186,223.66,2.45,0.1455,0.3883,0.10026385224274406,979,0.3615934627170582,0.0010214504596527069,0.09090909090909091,0.006128702757916241,0.009193054136874362,0.165281342168767,0.13942620753054735,40.19280321528395,0.3317280585351412,0.07559893508948234,0.08636267419640194,0.06634403909119219,0.167528824784566,2.37549923340463,NA,0,5518.012250818581,7.84
2019,6,Tetuan,6,Berruguete,066,0.25931683207780304,0.2395785616124599,13229,0.24076060458313017,2989.74,0.04383265085775981,0.021745490004875672,0.15416869819600196,12.912479567858787,25089,0.01363147195982303,411.93,2.44,0.1664,0.3936,0.10595160235448005,920,0.33260869565217394,0.002173913043478261,0.11847826086956521,0.009782608695652175,0.016304347826086956,0.17876360157838098,0.13766989517318345,40.19280321528395,0.3317280585351412,0.07559893508948234,0.08636267419640194,0.06634403909119219,0.167528824784566,2.37549923340463,8,1,4696.8582372321225,7.08
2019,7,Chamberi,1,Gaztambide,071,0.246684350132626,0.49412263051996186,22158,0.24680891598399696,5493.24,0.04733910707264864,0.014478948371118308,0.1277386168794056,15.990460851276252,22997,0.011871113623516111,451.96,2.18,0.256,0.3712,0.006112469437652812,1436,0.4129526462395543,0.002785515320334262,0.16434540389972144,0.012534818941504178,0.012534818941504178,0.13488715919467756,0.1021437578814628,154.68190469723825,0.014274082558816188,3.3841970193622015e-4,0.03297734558992614,0.013188941272184361,0.10368022488669612,0.34664646349133743,3,1,2139.273308016623,5.57
2019,7,Chamberi,2,Arapiles,072,0.2519781385104821,0.4743948789757952,21908,0.24912907548012506,5661.02,0.05068787569004293,0.017150513622152745,0.13657882983474764,16.0625644896064,24518,0.011950403784974304,422.93,2.18,0.2409,0.3603,0.0057553956834532375,1213,0.3602638087386645,0.00247320692497939,0.16488046166529266,0.014014839241549877,0.014014839241549877,0.1331674687984338,0.11077575658699731,154.68190469723825,0.014274082558816188,3.3841970193622015e-4,0.03297734558992614,0.013188941272184361,0.10368022488669612,0.34664646349133743,6,1,1920.4473643335684,5.27
2019,7,Chamberi,3,Trafalgar,073,0.2691205553537555,0.4950146627565982,22396,0.2952722307561017,5516.8,0.0640770003239391,0.01698242020822666,0.15173237753882915,16.024310812165385,24777,0.014126003955281108,403.61,2.11,0.2123,0.3525,0.0033333333333333335,1488,0.33736559139784944,0.006720430107526882,0.19690860215053763,0.008736559139784945,0.020161290322580645,0.13443919764297535,0.11143399120151753,154.68190469723825,0.014274082558816188,3.3841970193622015e-4,0.03297734558992614,0.013188941272184361,0.10368022488669612,0.34664646349133743,3,8,1749.3435959707163,5.37
2019,7,Chamberi,4,Almagro,074,0.2189545775002518,0.5260531800669488,29222,0.23304455445544556,6345.97,0.06270472560205988,0.019801980198019802,0.12698019801980198,16.156259701582126,19858,0.012337596938261659,211.18,2.45,0.2389,0.3664,0.00954653937947494,1099,0.31938125568698816,0.00545950864422202,0.21201091901728844,0.003639672429481347,0.01364877161055505,0.1213616678416759,0.10786584751737335,154.68190469723825,0.014274082558816188,3.3841970193622015e-4,0.03297734558992614,0.013188941272184361,0.10368022488669612,0.34664646349133743,3,5,1961.8302018492532,4.15
2019,7,Chamberi,5,Ríos Rosas,075,0.25006371745858363,0.5081710320125363,24645,0.24120603015075376,5421.65,0.04917575779709298,0.02059477716451108,0.13683169948101162,15.57848796355515,27465,0.01197888221372656,280.72,2.26,0.2332,0.371,0.0076495132127955496,1291,0.3075135553834237,0.004647560030983733,0.20449264136328427,0.013168086754453912,0.013168086754453912,0.12175496085927544,0.10544329146186054,154.68190469723825,0.014274082558816188,3.3841970193622015e-4,0.03297734558992614,0.013188941272184361,0.10368022488669612,0.34664646349133743,4,2,2846.104919773461,5.07
2019,7,Chamberi,6,Vallehermoso,076,0.20140907523279303,0.537828543355441,26362,0.19801980198019803,4739.14,0.03424766780432309,0.015626863891208397,0.10246928307288561,14.847388849160739,20297,0.009952209686160516,189.08,2.41,0.2776,0.3741,0.005875440658049354,787,0.2744599745870394,0,0.16010165184243966,0.007623888182973317,0.016518424396442185,0.1043503966103365,0.08868305660935114,154.68190469723825,0.014274082558816188,3.3841970193622015e-4,0.03297734558992614,0.013188941272184361,0.10368022488669612,0.34664646349133743,6,4,2895.965028339834,4.45
2019,8,Fuencarral-El Pardo,1,El Pardo,081,0.2106782106782107,0.173036093418259,16139,0.13536121673003804,NA,0.017622235089751012,0.023574144486692015,0.10418250950570342,9.913371825140848,3465,0.005194805194805195,0.1841314541848564,2.63,0.2571,0.4718,0.0871559633027523,146,0.2191780821917808,0,0.2602739726027397,0.00684931506849315,0.11643835616438356,0.10649350649350649,0.09725829725829725,78.19349550937658,0.2587163155256773,0.06437153090396726,0.009704338877106748,0.048587167792148334,0.0725913641518407,1.6194627470856564,NA,0,15968.221312001373,6.29
2019,8,Fuencarral-El Pardo,2,Fuentelarreina,082,0.1408924205378973,0.5693215339233039,31633,0.08707360861759425,3762.46,0.02852572741194486,0.02423698384201077,0.0466786355475763,11.401931587411276,3272,0.008557457212713936,23.61418176937694,2.93,0.264,0.3237,0,24,0.3333333333333333,0.041666666666666664,0.08333333333333333,0,0.08333333333333333,0.08312958435207823,0.0730440097799511,78.19349550937658,0.2587163155256773,0.06437153090396726,0.009704338877106748,0.048587167792148334,0.0725913641518407,1.6194627470856564,NA,0,7753.5321488741565,4.1
2019,8,Fuencarral-El Pardo,3,Peñagrande,083,0.18247013737926088,0.304660521133594,19135,0.12271202401271261,3449.96,0.024885054372247688,0.027132011064681303,0.09852274733682538,11.757780737960964,44621,0.007776607426996257,154.15245867939942,2.62,0.2566,0.2733,0.03009458297506449,957,0.3563218390804598,0,0.109717868338558,0.014629049111807733,0.01567398119122257,0.09278142578606485,0.07846081441473746,78.19349550937658,0.2587163155256773,0.06437153090396726,0.009704338877106748,0.048587167792148334,0.0725913641518407,1.6194627470856564,12,2,7057.610223581704,6.36
2019,8,Fuencarral-El Pardo,4,Pilar,084,0.20516563969341092,0.2342504298890105,15441,0.14788660321359123,3435.9,0.030928184579590248,0.017654283082591343,0.11308975539862859,11.894962643811944,46577,0.006655645490263435,340.5119920844108,2.38,0.2927,0.3337,0.06576862123613313,1811,0.4146880176697957,0,0.1247929320817228,0.011043622308117063,0.011595803423522915,0.10427893595551452,0.08579341735191189,78.19349550937658,0.2587163155256773,0.06437153090396726,0.009704338877106748,0.048587167792148334,0.0725913641518407,1.6194627470856564,11,1,6654.963594575406,6.88
2019,8,Fuencarral-El Pardo,5,La Paz,085,0.18635504077532206,0.410123109137514,23478,0.07593625498007968,3643.28,0.020613830889974823,0.013545816733067729,0.07649402390438247,11.13016464350624,33844,0.004491194894220541,156.69995643345356,2.69,0.3185,0.2062,0.01282051282051282,660,0.30303030303030304,0.004545454545454545,0.1303030303030303,0.0030303030303030303,0.019696969696969695,0.06485639995272427,0.06402907457747312,78.19349550937658,0.2587163155256773,0.06437153090396726,0.009704338877106748,0.048587167792148334,0.0725913641518407,1.6194627470856564,10,3,7117.797309101631,4.93
2019,8,Fuencarral-El Pardo,6,Valverde,086,0.1990656713120058,0.36838338835153167,17348,0.16665934934363613,3482.97,0.03686017468078036,0.052948149449005576,0.12174562058216622,12.053964797025541,63361,0.009564242988589195,70.37010637476874,2.77,0.1176,0.3915,0.039824625502374866,1620,0.23271604938271606,0.0049382716049382715,0.15185185185185185,0.006790123456790123,0.022222222222222223,0.1262132857751614,0.10437019617745932,78.19349550937658,0.2587163155256773,0.06437153090396726,0.009704338877106748,0.048587167792148334,0.0725913641518407,1.6194627470856564,11,4,9459.745172148323,6.17
2019,8,Fuencarral-El Pardo,7,Mirasierra,087,0.16138442371387765,0.536952762355511,25531,0.12159348978046934,3097.57,0.02674311508298377,0.039931869795609386,0.08573050719152157,12.736731229781594,32909,0.013977939165577805,47.04556166169665,3.11,0.1449,0.2277,0,439,0.3097949886104784,0,0.11845102505694761,0.011389521640091117,0.05011389521640091,0.09705551672794677,0.07098362150171686,78.19349550937658,0.2587163155256773,0.06437153090396726,0.009704338877106748,0.048587167792148334,0.0725913641518407,1.6194627470856564,12,4,8861.590582904815,3.93
2019,8,Fuencarral-El Pardo,8,El Goloso,088,0.174041774332472,0.5386664299032229,22545,0.1734657680028379,5244.35,0.029797801307330774,0.0899255054984037,0.09737495565803476,12.715931884662563,18576,0.009205426356589148,6.987105581041096,3.28,0.0791,0.5,0.0017452006980802793,489,0.2310838445807771,0.002044989775051125,0.17791411042944785,0,0.05725971370143149,0.11854005167958656,0.09894487510766581,78.19349550937658,0.2587163155256773,0.06437153090396726,0.009704338877106748,0.048587167792148334,0.0725913641518407,1.6194627470856564,13,1,13001.86708747171,3.69
2019,9,Moncloa-Aravaca,1,Casa de Campo,091,0.19256134969325153,0.3858526949487348,20308,0.18551551908669284,3339.15,0.0401746978677546,0.01962183374955405,0.13075276489475562,13.250455899089273,13040,0.008282208588957056,7.440172089235748,2.32,0.2501,0.4398,0.01717791411042945,664,0.34789156626506024,0.006024096385542169,0.23493975903614459,0.004518072289156626,0.03765060240963856,0.11226993865030675,0.08780674846625768,325.37535787355216,0.03932239801966451,0.009898252463262761,0.1017220623004814,0.014110405423560329,0.09330698441673714,1.1073161362516597,2,8,4173.709669904124,6.78
2019,9,Moncloa-Aravaca,2,Argüelles,092,0.22231408375015502,0.4991889699918897,24826,0.23488126141717142,4784.89,0.05282695388702112,0.0168253052591097,0.13267955004326507,15.380055495831439,24191,0.009714356578892977,318.04632052687845,2.32,0.2503,0.381,0.012195121951219513,1234,0.3338735818476499,0.009724473257698542,0.18962722852512157,0.012965964343598054,0.014586709886547812,0.13252862634864207,0.10400562192550948,325.37535787355216,0.03932239801966451,0.009898252463262761,0.1017220623004814,0.014110405423560329,0.09330698441673714,1.1073161362516597,2,2,1653.6887926611475,4.8
2019,9,Moncloa-Aravaca,3,Ciudad Universitaria,093,0.19323405037690752,0.5342443985380582,24609,0.16644951140065148,4360.67,0.030163468634686358,0.02003257328990228,0.10179153094462541,14.064464408532155,16317,0.006189863332720476,11.41,2.65,0.2563,0.3294,0.03137651821862348,792,0.1893939393939394,0.0012626262626262627,0.1717171717171717,0.006313131313131313,0.05555555555555555,0.10614696328982043,0.08334865477722621,325.37535787355216,0.03932239801966451,0.009898252463262761,0.1017220623004814,0.014110405423560329,0.09330698441673714,1.1073161362516597,5,3,5161.047179825196,4.1
2019,9,Moncloa-Aravaca,4,Valdezarza,094,0.1974218671321629,0.26331701085799447,15807,0.1493405423117883,3187.92,0.027604575735145687,0.026378307528467274,0.1097730810190874,11.536701618489213,29789,0.009869414884688978,212.68654048053952,2.43,0.2492,0.3478,0.06032719836400818,633,0.3222748815165877,0,0.10742496050552923,0.00631911532385466,0.017377567140600316,0.1147739098324885,0.08912685890765047,325.37535787355216,0.03932239801966451,0.009898252463262761,0.1017220623004814,0.014110405423560329,0.09330698441673714,1.1073161362516597,9,2,5430.4959712467935,7.22
2019,9,Moncloa-Aravaca,5,Valdemarín,095,0.14592911167136288,0.6294258373205741,32102,0.138003136434919,4806.85,0.03422033898305085,0.06481965499215891,0.09357030841610037,15.471479574298602,6743,0.009194720450837905,20.37,3.52,0.1109,0.3231,0,116,0.11206896551724138,0.04310344827586207,0.25862068965517243,0,0.034482758620689655,0.13569627762123684,0.10499777547085867,325.37535787355216,0.03932239801966451,0.009898252463262761,0.1017220623004814,0.014110405423560329,0.09330698441673714,1.1073161362516597,NA,0,8461.673852404916,3.24
2019,9,Moncloa-Aravaca,6,El Plantío,096,0.15362731152204837,0.5475708502024291,32183,0.09462616822429906,3146.36,0.03774871794871795,0.03387850467289719,0.07476635514018691,13.199386731436759,2812,0.006401137980085348,7.958790001389681,3.28,0.193,0.2528,0.008620689655172414,198,0.29797979797979796,0.010101010101010102,0.15151515151515152,0.005050505050505051,0.015151515151515152,0.0821479374110953,0.07823613086770982,325.37535787355216,0.03932239801966451,0.009898252463262761,0.1017220623004814,0.014110405423560329,0.09330698441673714,1.1073161362516597,NA,0,11456.239375587471,3.1
2019,9,Moncloa-Aravaca,7,Aravaca,097,0.1504635662955654,0.5207047968428659,25269,0.11504632344318048,4059.23,0.049811150877977856,0.03905242171924475,0.08467221766154567,12.53431093878104,26857,0.007633019324570875,45.98,3.15,0.1496,0.2666,0.027522935779816515,631,0.3359746434231379,0.001584786053882726,0.09667194928684628,0.01584786053882726,0.022187004754358162,0.10228245894924973,0.0787876531258145,325.37535787355216,0.03932239801966451,0.009898252463262761,0.1017220623004814,0.014110405423560329,0.09330698441673714,1.1073161362516597,NA,0,7562.302874208347,3.97
2019,10,Latina,1,Los Cármenes,101,0.187585969738652,0.16075124568800306,12393,0.1548739750986942,2468.47,0.03446590791515777,0.02611600364409353,0.12921348314606743,9.787600308604437,17448,0.008367721228794131,134.65182246243293,2.64,0.1717,0.4041,0.10040160642570281,332,0.2319277108433735,0,0.15963855421686746,0.006024096385542169,0.0572289156626506,0.11370930765703806,0.09307657038055937,71.93362085276316,0.012035172661031792,0.008590976780355666,7.761751527396728e-4,0.0971403443683326,0.13078092326813742,3.3085803745594284,6,1,3189.554438507505,10.57
2019,10,Latina,2,Puerta del Angel,102,0.2289985195090501,0.19614668987455736,12930,0.20266483673586091,2574.74,0.043643182362808536,0.02218791101961457,0.13661577171613198,10.731680987283868,41878,0.010339557763025933,303.4252385757392,2.39,0.2075,0.4273,0.09370816599732262,1568,0.3737244897959184,6.377551020408163e-4,0.12818877551020408,0.008290816326530613,0.01020408163265306,0.13842590381584602,0.11137112565069965,71.93362085276316,0.012035172661031792,0.008590976780355666,7.761751527396728e-4,0.0971403443683326,0.13078092326813742,3.3085803745594284,3,2,2462.0227528519436,8.86
2019,10,Latina,3,Lucero,103,0.1953927742790852,0.16972199480297584,12997,0.14441378334394678,2230.17,0.03722543640897755,0.02115615934338074,0.10457793815891885,9.615551263712515,36204,0.010413214009501712,214.9499829936093,2.55,0.2255,0.4223,0.08555783709787816,884,0.33710407239819007,0,0.13687782805429866,0.012443438914027148,0.019230769230769232,0.12446138548226715,0.09601149044304497,71.93362085276316,0.012035172661031792,0.008590976780355666,7.761751527396728e-4,0.0971403443683326,0.13078092326813742,3.3085803745594284,5,1,4227.863152996435,8.32
2019,10,Latina,4,Aluche,104,0.18284692374740766,0.1494075410628918,13462,0.11077698003984512,2178.89,0.04601408720290577,0.018907641995263694,0.09472615870390558,9.115762319322199,66542,0.00813020348050855,232.82605153199577,2.49,0.2991,0.3216,0.0639320029563932,1955,0.38823529411764707,0.0010230179028132991,0.1421994884910486,0.009718670076726343,0.01381074168797954,0.10956989570496829,0.08378167172612785,71.93362085276316,0.012035172661031792,0.008590976780355666,7.761751527396728e-4,0.0971403443683326,0.13078092326813742,3.3085803745594284,6,3,5246.163985037182,7.84
2019,10,Latina,5,Campamento,105,0.20647794193615043,0.1766944426218752,13310,0.13727874611538982,2078.73,0.0514492557439967,0.02107823267126064,0.10795838400216187,10.019584474074867,19358,0.009556772393842339,20.97726365073494,2.61,0.2395,0.3725,0.08251231527093596,467,0.31263383297644537,0,0.10278372591006424,0.014989293361884369,0.006423982869379015,0.13689430726314702,0.1003719392499225,71.93362085276316,0.012035172661031792,0.008590976780355666,7.761751527396728e-4,0.0971403443683326,0.13078092326813742,3.3085803745594284,6,1,9136.38284445581,6.83
2019,10,Latina,6,Cuatro Vientos,106,0.21680263843082798,0.25502008032128515,15449,0.28226174190606473,3199.68,0.020660612386917188,0.06064751481988144,0.12859097127222982,13.084127373524387,5761,0.004860267314702308,10.58540407750991,2.62,0.0616,0.1836,0,103,0.21359223300970873,0,0.08737864077669903,0.009708737864077669,0.038834951456310676,0.09963547995139732,0.07967366776601284,71.93362085276316,0.012035172661031792,0.008590976780355666,7.761751527396728e-4,0.0971403443683326,0.13078092326813742,3.3085803745594284,8,1,8640.708002320105,7.55
2019,10,Latina,7,Águilas,107,0.16542560393013944,0.13339312551510157,13246,0.12015950802344576,2243.51,0.03573168531916132,0.02123570673585087,0.10002882675122514,9.107351282535825,51703,0.007775177455853625,142.8328909979958,2.48,0.2798,0.339,0.017643352236925015,1146,0.41710296684118675,0,0.13263525305410123,0.011343804537521814,0.017452006980802792,0.08674544997388933,0.06753960118368373,71.93362085276316,0.012035172661031792,0.008590976780355666,7.761751527396728e-4,0.0971403443683326,0.13078092326813742,3.3085803745594284,7,1,6885.9755107490355,7.92
2019,11,Carabanchel,1,Comillas,111,0.22319085531290309,0.180525824688512,12908,0.17800167926112512,2503.79,0.04890427621300719,0.022774979009235936,0.12321578505457599,10.495655498346352,22483,0.006360361161766668,336.3328030152531,2.35,0.2396,0.3867,0.039735099337748346,848,0.34787735849056606,0.0011792452830188679,0.12028301886792453,0.012971698113207548,0.02122641509433962,0.1430858871147089,0.10777031534937509,49.606812966421586,0.565048948568899,0.040436998338262344,0.008186407829940987,0.00723505721802338,0.15746917483401834,1.0268170248311623,9,1,2716.71359451771,8.71
2019,11,Carabanchel,2,Opañel,112,0.21662392517725146,0.1590559655596556,12324,0.1683969465648855,2278.29,0.040806211612356674,0.018931297709923665,0.12229007633587786,9.978104162164419,33145,0.007452104389802383,298.486494488423,2.52,0.2086,0.3983,0.04559585492227979,1278,0.3302034428794992,0,0.12206572769953052,0.008607198748043818,0.011737089201877934,0.14092623321767989,0.1112384975109368,49.606812966421586,0.565048948568899,0.040436998338262344,0.008186407829940987,0.00723505721802338,0.15746917483401834,1.0268170248311623,6,5,3342.7575110293496,8.12
2019,11,Carabanchel,3,San Isidro,113,0.21612490401842846,0.14284294563885117,11347,0.170408636333532,2211.32,0.04747256462253252,0.0235114908272071,0.12285581826611033,10.165122674914663,39070,0.009674942411057078,205.10897320679467,2.58,0.1929,0.3805,0.06599229287090559,1165,0.2944206008583691,8.583690987124463e-4,0.11931330472103004,0.008583690987124463,0.01630901287553648,0.14781162016892757,0.11382134630151011,49.606812966421586,0.565048948568899,0.040436998338262344,0.008186407829940987,0.00723505721802338,0.15746917483401834,1.0268170248311623,NA,0,3059.153910492342,10.9
2019,11,Carabanchel,4,Vista Alegre,114,0.20699449286674473,0.12299420779868636,11279,0.13017306245297217,2128.06,0.04025519303969549,0.022515483012097007,0.10719453608844128,9.352485187792084,46122,0.008976193573565761,289.2918880035438,2.66,0.2277,0.3665,0.03643843667352336,2260,0.41150442477876104,0.0017699115044247787,0.12787610619469025,0.009292035398230088,0.01327433628318584,0.15402627813191103,0.10949221629591084,49.606812966421586,0.565048948568899,0.040436998338262344,0.008186407829940987,0.00723505721802338,0.15746917483401834,1.0268170248311623,7,3,5063.086310850565,8.54
2019,11,Carabanchel,5,Puerta Bonita,115,0.20587394188972774,0.11214632097445493,10255,0.1410738577258542,1987.58,0.046226678141135985,0.026486356725614148,0.1139473473633672,9.279286404862214,34968,0.008293296728437429,216.70673636485643,2.79,0.1848,0.4038,0.05379746835443038,957,0.3437826541274817,0.0010449320794148381,0.10553814002089865,0.0041797283176593526,0.014629049111807733,0.1590311141615191,0.11936627773964768,49.606812966421586,0.565048948568899,0.040436998338262344,0.008186407829940987,0.00723505721802338,0.15746917483401834,1.0268170248311623,NA,0,5104.261852587482,9.83
2019,11,Carabanchel,6,Buenavista,116,0.1754865793156087,0.16290824261275272,12846,0.17079857667852769,2306.07,0.04115939857613431,0.040307997433354725,0.11462404479962666,10.623021367019952,47166,0.007632616715430607,83.82948281952326,2.74,0.138,0.3427,0.024189646831156264,1358,0.34977908689248893,0,0.13033873343151695,0.008836524300441826,0.019882179675994108,0.11024890811177543,0.08749946995717255,49.606812966421586,0.565048948568899,0.040436998338262344,0.008186407829940987,0.00723505721802338,0.15746917483401834,1.0268170248311623,10,3,6594.790504863614,7.56
2019,11,Carabanchel,7,Abrantes,117,0.18861867704280155,0.12393106170240757,11000,0.12685755708590069,1901.37,0.03906773479944045,0.02818050018122508,0.1055636100036245,9.231080606306485,30840,0.005220492866407263,196.46926633618483,2.79,0.1795,0.3814,0.03726082578046324,706,0.3781869688385269,0,0.13739376770538245,0.009915014164305949,0.014164305949008499,0.14873540856031128,0.10573929961089494,49.606812966421586,0.565048948568899,0.040436998338262344,0.008186407829940987,0.00723505721802338,0.15746917483401834,1.0268170248311623,7,4,4633.638175169047,8.96
2019,12,Usera,1,Orcasitas,121,0.1563591893780573,0.08889942511705091,11278,0.111782835467046,1750.82,0.02199179839733765,0.02963489805595069,0.10289236605026078,8.080579891348716,22896,0.005765199161425576,168.36944527242588,2.71,0.1944,0.4379,0.04357298474945534,373,0.43967828418230565,0,0.14209115281501342,0.002680965147453083,0.021447721179624665,0.08490566037735849,0.06643081761006289,70.08199709798933,0.061942632336198934,0.016714602882302254,0.09757154746331977,0.15129283891771522,0.19286600096056658,4.573883333452463,NA,0,5444.820243803643,9.85
2019,12,Usera,2,Orcasur,122,0.2024282720242827,0.10234328059282996,9710,0.15283657917019475,1678.25,0.025454345307068346,0.03048264182895851,0.12637595258255716,9.633869605531004,13837,0.008816940088169401,99.52791031345062,2.92,0.1461,0.3743,0.024096385542168676,247,0.2834008097165992,0,0.1214574898785425,0,0.016194331983805668,0.12242538122425381,0.0938064609380646,70.08199709798933,0.061942632336198934,0.016714602882302254,0.09757154746331977,0.15129283891771522,0.19286600096056658,4.573883333452463,7,1,5034.764224800982,11.86
2019,12,Usera,3,San Fermín,123,0.18584555724161186,0.10775631500742942,10002,0.13953769817257655,1851.29,0.03739129552945156,0.03703255476219291,0.11254992133607648,8.566186850175422,23724,0.007966616084977238,160.40406128539541,2.86,0.1425,0.332,0.01751592356687898,399,0.38596491228070173,0.002506265664160401,0.17543859649122806,0.007518796992481203,0.017543859649122806,0.1154105547125274,0.09543078738829877,70.08199709798933,0.061942632336198934,0.016714602882302254,0.09757154746331977,0.15129283891771522,0.19286600096056658,4.573883333452463,8,1,5347.446205816762,9.68
2019,12,Usera,4,Almendrales,124,0.2223670126122772,0.11489733508082133,10297,0.15132095213183364,2023.67,0.029653439992536973,0.023934083180748102,0.11430813497253466,9.643790889955401,21487,0.008051379904128077,274.8093491914865,2.8,0.1629,0.4412,0.03537532355478861,760,0.35526315789473684,0.0013157894736842105,0.14210526315789473,0.002631578947368421,0.014473684210526316,0.1681016428538186,0.1262158514450598,70.08199709798933,0.061942632336198934,0.016714602882302254,0.09757154746331977,0.15129283891771522,0.19286600096056658,4.573883333452463,6,1,3761.5802233954323,9.03
2019,12,Usera,5,Moscardó,125,0.2254694124772865,0.1268266458139876,10789,0.14821263955751307,2059.12,0.035089124577846936,0.019051521048857933,0.11625524941104169,9.699936971013209,26416,0.006586917019987886,289.9798575576213,2.7,0.1893,0.4154,0.03997539975399754,1193,0.42162615255658004,8.382229673093043e-4,0.1374685666387259,0.0075440067057837385,0.012573344509639563,0.17300121138703817,0.13234403391883706,70.08199709798933,0.061942632336198934,0.016714602882302254,0.09757154746331977,0.15129283891771522,0.19286600096056658,4.573883333452463,6,1,3148.644346237265,8.16
2019,12,Usera,6,Zofío,126,0.20908831502354117,0.09438244751276717,10100,0.1284569138276553,1990.79,0.041900916380297804,0.02344689378757515,0.11442885771543086,9.345427749142788,14018,0.0052075902411185615,180.45919173471535,2.8,0.1803,0.399,0.08151382823871907,371,0.2884097035040431,0,0.1293800539083558,0.005390835579514825,0.0215633423180593,0.15508631759166785,0.11535169068340705,70.08199709798933,0.061942632336198934,0.016714602882302254,0.09757154746331977,0.15129283891771522,0.19286600096056658,4.573883333452463,NA,0,4309.52274503438,9.03
2019,12,Usera,7,Pradolongo,127,0.23035663338088444,0.07140691328077622,8668,0.1299093655589124,1862.41,0.02738370625358577,0.022994293387042633,0.112621685129238,9.357074569945935,17525,0.01101283880171184,159.08334032364218,2.93,0.172,0.4103,0.07922272047832586,843,0.32977461447212336,0.002372479240806643,0.13404507710557534,0.0071174377224199285,0.0071174377224199285,0.18961483594864478,0.1529243937232525,70.08199709798933,0.061942632336198934,0.016714602882302254,0.09757154746331977,0.15129283891771522,0.19286600096056658,4.573883333452463,NA,0,4353.234146131321,8.73
2019,13,Puente de Vallecas,1,Entrevías,131,0.19960872317164394,0.054651695692025666,9316,0.12817278890115089,1660.4,0.03689278344573174,0.022938672552419992,0.11201324294497872,8.457904259027448,34758,0.008487254732723402,58.10170781145734,2.74,0.1941,0.4198,0.055776892430278883,787,0.31639135959339265,0,0.18043202033036848,0.007623888182973317,0.020330368487928845,0.12610046607975142,0.09600667472236607,149.83753857067612,0.48859607575081526,0.01623865459572482,0.11107067067938425,0.0045150280903232,0.13418239127656856,3.0716361103087353,NA,0,5421.836821736098,12.07
2019,13,Puente de Vallecas,2,San Diego,132,0.24636676546514963,0.10208379870440693,8960,0.204909756405402,1930.5,0.04525848694316434,0.028272119146787834,0.1388994067903572,10.444235574227882,41836,0.012381680849029544,389.43107639618705,2.63,0.1422,0.4062,0.0825147347740668,1752,0.3886986301369863,5.707762557077625e-4,0.1232876712328767,0.005136986301369863,0.010273972602739725,0.22064728941581413,0.15864327373553877,149.83753857067612,0.48859607575081526,0.01623865459572482,0.11107067067938425,0.0045150280903232,0.13418239127656856,3.0716361103087353,7,2,4343.126303552097,10.11
2019,13,Puente de Vallecas,3,Palomeras Bajas,133,0.18497827436374922,0.1260043827611395,11982,0.14913741424099114,1870.45,0.03049402479709208,0.023579564377539466,0.12409245320722041,9.074750507439301,40275,0.008218497827436375,232.99918559953673,2.68,0.1632,0.385,0.07753623188405798,813,0.33087330873308735,0,0.11070110701107011,0.008610086100861008,0.025830258302583026,0.11284916201117319,0.0885909373060211,149.83753857067612,0.48859607575081526,0.01623865459572482,0.11107067067938425,0.0045150280903232,0.13418239127656856,3.0716361103087353,9,2,5299.099733980374,9.14
2019,13,Puente de Vallecas,4,Palomeras Sureste,134,0.20455557378201672,0.09949730259931339,11438,0.13325420128693696,1648.98,0.03295088510118796,0.02717561067033173,0.12300868370088086,9.331839578399162,42673,0.009162702411360813,137.01998703546803,2.66,0.183,0.3825,0.09454756380510441,978,0.3098159509202454,0,0.12372188139059305,0.009202453987730062,0.011247443762781187,0.1080542731938228,0.0905724931455487,149.83753857067612,0.48859607575081526,0.01623865459572482,0.11107067067938425,0.0045150280903232,0.13418239127656856,3.0716361103087353,12,2,6728.434764756167,9.66
2019,13,Puente de Vallecas,5,Portazgo,135,0.2081193273763456,0.07838231280138296,10100,0.13596369361859775,1773.79,0.03378589065255731,0.02361767157543762,0.11827359451699546,9.135517781055787,28426,0.009990853444030114,227.6632145889491,2.63,0.2166,0.3973,0.06129247168554297,920,0.3847826086956522,0,0.12934782608695652,0.005434782608695652,0.010869565217391304,0.12449869837472737,0.0962147329909238,149.83753857067612,0.48859607575081526,0.01623865459572482,0.11107067067938425,0.0045150280903232,0.13418239127656856,3.0716361103087353,11,1,5623.053121168555,10.83
2019,13,Puente de Vallecas,6,Numancia,136,0.22527611499873534,0.1155921303613276,10552,0.17272024729520866,2003.37,0.04169804220051587,0.024122322808567014,0.1287811879001987,10.027187374910326,47444,0.011381839642525926,255.79355367451248,2.61,0.1859,0.3766,0.1004510045100451,1457,0.3520933424845573,0,0.12010981468771448,0.0068634179821551134,0.01029512697323267,0.1528117359413203,0.12140628952027653,149.83753857067612,0.48859607575081526,0.01623865459572482,0.11107067067938425,0.0045150280903232,0.13418239127656856,3.0716361103087353,NA,0,4377.421642034768,9.84
2019,14,Moratalaz,1,Pavones,141,0.16495408832531702,0.17416050085372795,14042,0.10265001522997258,1997.15,0.04755951625259932,0.021017362168748097,0.10539141029546147,9.431952236910544,9148,0.006230870135548754,90.496511917237,2.78,0.2487,0.3543,0.05019305019305019,174,0.20689655172413793,0,0.10919540229885058,0.005747126436781609,0.040229885057471264,0.10537822474857893,0.07389593353738522,130.7624414140775,NA,0.06240551836569901,0.13915743101221212,0.022256483131357935,0.0812079189083491,0.677086629121053,10,1,6486.612196477242,9.28
2019,14,Moratalaz,2,Horcajo,142,0.1251970987070325,0.30863614912694665,16787,0.1468822170900693,NA,0.01472226081465109,0.041108545034642036,0.12147806004618937,9.878902384247253,6342,0.0023651844843897824,84.9123218776134,2.93,0.0849,0.2881,0.046153846153846156,95,0.3368421052631579,0,0.10526315789473684,0,0,0.07568590350047304,0.06054872280037843,130.7624414140775,NA,0.06240551836569901,0.13915743101221212,0.022256483131357935,0.0812079189083491,0.677086629121053,NA,0,6656.046602301756,7.68
2019,14,Moratalaz,3,Marroquina,143,0.15615274777578442,0.2503341167795751,17441,0.11315182279649284,2902.56,0.021122230374174614,0.0191047531149054,0.0925703737886479,10.141772106876012,27313,0.005748178523047633,152.28617917874993,2.52,0.2728,0.3596,0.0643699002719855,825,0.3418181818181818,0,0.13575757575757577,0.01575757575757576,0.01696969696969697,0.06502398125434775,0.060703694211547615,130.7624414140775,NA,0.06240551836569901,0.13915743101221212,0.022256483131357935,0.0812079189083491,0.677086629121053,NA,0,5474.216644103787,7.05
2019,14,Moratalaz,4,Media Legua,144,0.1822239580427384,0.2211484593837535,15484,0.12818726487390275,2606.9,0.02837961501874546,0.020342761599554133,0.10268914588268079,10.267536642149652,17923,0.00742063270657814,178.89465424487787,2.49,0.2751,0.3569,0.019784172661870502,401,0.28428927680798005,0,0.11221945137157108,0.014962593516209476,0.034912718204488775,0.08547676170283992,0.0738157674496457,130.7624414140775,NA,0.06240551836569901,0.13915743101221212,0.022256483131357935,0.0812079189083491,0.677086629121053,7,2,4094.4691665723835,8.74
2019,14,Moratalaz,5,Fontarrón,145,0.18672175026184104,0.14244784014105202,12425,0.13073227544038435,2285.44,0.04118142832137231,0.020527005386519144,0.10074246615227835,9.52411455558279,17186,0.010008146165483534,177.6847021206941,2.5,0.2587,0.4641,0.01927710843373494,338,0.4822485207100592,0,0.09763313609467456,0.005917159763313609,0.014792899408284023,0.1269638077504946,0.09635750029093448,130.7624414140775,NA,0.06240551836569901,0.13915743101221212,0.022256483131357935,0.0812079189083491,0.677086629121053,NA,0,5210.585238894585,8.97
2019,14,Moratalaz,6,Vinateros,146,0.17130013013131432,0.17543859649122806,13824,0.13604876697146023,2367.34,0.03765072326298316,0.021889720144084236,0.0971183153228041,9.814942502790636,16906,0.007689577664734414,283.98391432916554,2.34,0.2993,0.4536,0.03414634146341464,324,0.4722222222222222,0,0.09567901234567901,0.018518518518518517,0.0030864197530864196,0.10162072636933633,0.0792618005441855,130.7624414140775,NA,0.06240551836569901,0.13915743101221212,0.022256483131357935,0.0812079189083491,0.677086629121053,9,1,5433.702198295059,7.62
2019,15,Ciudad Lineal,1,Ventas,151,0.20530048525569242,0.17546221969029985,13050,0.16781493588131757,2717.39,0.04124354976194933,0.020165954236861957,0.11370379683178275,10.591128250465339,48222,0.010762722408859027,150.40171978259912,2.42,0.2368,0.4377,0.05485232067510549,1587,0.32262129804662887,0,0.11342155009451796,0.010081915563957152,0.014492753623188406,0.1270374517854921,0.10030691385674588,26.722324608730137,0.29818968908526555,0.08575008259734954,0.26490815355405306,0.10947075026207259,0.12294816664354742,1.5263444281511405,8,1,4882.186837215816,8.05
2019,15,Ciudad Lineal,2,Pueblo Nuevo,152,0.20952824432383826,0.16398392394475386,12829,0.1438605292863414,2433.13,0.03899082771167747,0.020276767423387264,0.11304820435636942,10.126356115729564,62278,0.009280965991200745,267.8102253354986,2.6,0.2178,0.3784,0.03825597749648382,2140,0.3467289719626168,4.6728971962616824e-4,0.12196261682242991,0.009813084112149532,0.014485981308411215,0.13381932624682874,0.10308616204759305,26.722324608730137,0.29818968908526555,0.08575008259734954,0.26490815355405306,0.10947075026207259,0.12294816664354742,1.5263444281511405,9,3,5945.604635738793,7.66
2019,15,Ciudad Lineal,3,Quintana,153,0.22658940799870336,0.22149952100035294,14106,0.1881408396208164,3144.46,0.043184875314759175,0.020506867866124975,0.1252660088992068,11.383023357794453,24679,0.010697354025689857,340.4979117685189,2.38,0.2219,0.4505,0.03951701427003293,1198,0.3747913188647746,8.347245409015025e-4,0.12020033388981637,0.010851419031719533,0.010851419031719533,0.14477896187041614,0.11406458932695815,26.722324608730137,0.29818968908526555,0.08575008259734954,0.26490815355405306,0.10947075026207259,0.12294816664354742,1.5263444281511405,9,4,5499.8856260243065,7.34
2019,15,Ciudad Lineal,4,La Concepción,154,0.20257035019827052,0.28620916203786656,16591,0.1898664311734187,4002.51,0.04599386267740699,0.024285241196600065,0.11734186996357214,11.82844766196838,20931,0.009794085327982418,235.41875146035625,2.3,0.2381,0.4379,0.07171314741035857,953,0.3200419727177335,0.0031479538300104933,0.1416579223504722,0.008394543546694649,0.025183630640083946,0.12479097988629306,0.10138072715111557,26.722324608730137,0.29818968908526555,0.08575008259734954,0.26490815355405306,0.10947075026207259,0.12294816664354742,1.5263444281511405,8,1,5286.9078554012285,7.08
2019,15,Ciudad Lineal,5,San Pascual,155,0.17545884163094846,0.316369687304999,19136,0.15287554788152477,4139.15,0.029915609487038065,0.026032673661840883,0.11143578164430867,12.471362122244951,18198,0.007803055280800088,172.2197774331921,2.41,0.2616,0.3342,0.023174971031286212,555,0.3279279279279279,0.0036036036036036037,0.12972972972972974,0.005405405405405406,0.016216216216216217,0.08347071106715023,0.07962413452027696,26.722324608730137,0.29818968908526555,0.08575008259734954,0.26490815355405306,0.10947075026207259,0.12294816664354742,1.5263444281511405,8,1,5179.583389520239,6.78
2019,15,Ciudad Lineal,6,San Juan Bautista,156,0.16837224176527021,0.494150477621552,24260,0.1614957879597288,4106.55,0.04365927764875471,0.035340045202383395,0.09821245120197247,13.324928304797993,12508,0.009993604093380237,123.53040934352794,2.57,0.2153,0.3347,0.01037344398340249,395,0.29620253164556964,0.002531645569620253,0.1468354430379747,0.012658227848101266,0.017721518987341773,0.10081547809401983,0.08018867924528301,26.722324608730137,0.29818968908526555,0.08575008259734954,0.26490815355405306,0.10947075026207259,0.12294816664354742,1.5263444281511405,8,2,5517.381509267848,5.06
2019,15,Ciudad Lineal,7,Colina,157,0.19034224097515237,0.4745866503368034,23266,0.18486739469578783,4259.03,0.04854294661030218,0.040171606864274574,0.10803432137285492,13.75670235350262,6399,0.012033130176590093,114.114845499522,2.49,0.2253,0.3058,0.021505376344086023,269,0.19330855018587362,0.011152416356877323,0.09665427509293681,0.01486988847583643,0.02973977695167286,0.11939365525863416,0.09392092514455384,26.722324608730137,0.29818968908526555,0.08575008259734954,0.26490815355405306,0.10947075026207259,0.12294816664354742,1.5263444281511405,NA,0,5876.295736381089,5.79
2019,15,Ciudad Lineal,8,Atalaya,158,0.1375796178343949,0.5127304653204565,30889,0.18230088495575222,4973.31,0.04844081632653061,0.03893805309734513,0.09734513274336283,14.638755044899606,1570,0.01464968152866242,63.001525360691,2.78,0.229,0.2869,0.023809523809523808,34,0.058823529411764705,0.029411764705882353,0.11764705882352941,0,0.058823529411764705,0.12929936305732484,0.13312101910828025,26.722324608730137,0.29818968908526555,0.08575008259734954,0.26490815355405306,0.10947075026207259,0.12294816664354742,1.5263444281511405,NA,0,6201.670718009656,4.45
2019,15,Ciudad Lineal,9,Costillares,159,0.15516694604267658,0.5208307501549907,26068,0.1243066061522945,4158.38,0.024130940481599278,0.03000504286434695,0.09190620272314674,13.133850369664938,22073,0.007203370633806007,154.21301455509527,2.77,0.2185,0.2775,0.010638297872340425,392,0.27040816326530615,0.01020408163265306,0.15051020408163265,0.007653061224489796,0.030612244897959183,0.08630453495220405,0.07511439315000226,26.722324608730137,0.29818968908526555,0.08575008259734954,0.26490815355405306,0.10947075026207259,0.12294816664354742,1.5263444281511405,11,2,7261.6630548985795,5.18
2019,16,Hortaleza,1,Palomas,161,0.13636363636363635,0.5422657952069717,29960,0.09758321933424532,4219.48,0.06421634756995581,0.04149566803465572,0.084359325125399,14.053588735662304,6798,0.0077964107090320684,60.10074842812032,3.1,0.1473,0.192,0.006024096385542169,141,0.24822695035460993,0.014184397163120567,0.15602836879432624,0.0070921985815602835,0.06382978723404255,0.0889967637540453,0.0820829655781112,103.89473123807505,0.02183090406518271,0.08452301645492365,0.044883862594792295,0.03452732268927344,0.09158269903913059,2.2418910324358707,NA,0,8501.46490391082,4.13
2019,16,Hortaleza,2,Piovera,162,0.1529908232299551,0.5551142967841922,30142,0.13609346177495388,4733.19,0.102170243444437,0.0352531256405001,0.09530641524902644,14.235846258081043,14929,0.006966307187353473,47.49256769668543,3.06,0.1386,0.243,0.005952380952380952,288,0.1875,0.006944444444444444,0.1423611111111111,0.024305555555555556,0.05555555555555555,0.0947149842588251,0.0864090026123652,103.89473123807505,0.02183090406518271,0.08452301645492365,0.044883862594792295,0.03452732268927344,0.09158269903913059,2.2418910324358707,NA,0,7272.732325749381,3.47
2019,16,Hortaleza,3,Canillas,163,0.18322767703572657,0.2524346410248533,17465,0.1313389957531851,3298.16,0.03814452166198432,0.0218586060454659,0.1067324506620035,11.552433185416533,40698,0.007346798368470195,160.86363652518668,2.53,0.2627,0.3051,0.0903586399627387,1380,0.3108695652173913,0.0014492753623188406,0.12173913043478261,0.017391304347826087,0.02608695652173913,0.0867610201975527,0.07526168362081674,103.89473123807505,0.02183090406518271,0.08452301645492365,0.044883862594792295,0.03452732268927344,0.09158269903913059,2.2418910324358707,9,2,7296.312864197992,6.78
2019,16,Hortaleza,4,Pinar del Rey,164,0.18815067196668558,0.1963619070265129,15169,0.13275043482348517,2748.42,0.03419608851606536,0.025478305833685894,0.10534480327175293,10.818628229281542,52830,0.011887185311376112,197.73214419720122,2.48,0.2633,0.3416,0.11865618298784847,1482,0.3697705802968961,0.002699055330634278,0.11403508771929824,0.010121457489878543,0.0155195681511471,0.10113571834185123,0.08470565966307023,103.89473123807505,0.02183090406518271,0.08452301645492365,0.044883862594792295,0.03452732268927344,0.09158269903913059,2.2418910324358707,7,6,7830.265113595043,8.11
2019,16,Hortaleza,5,Apóstol Santiago,165,0.17889700653003168,0.23913408289981541,15651,0.1317923063653614,3151.26,0.029897535348294202,0.023115404519579094,0.1145420044850785,10.086984679489259,15467,0.007758453481606,127.94277333548968,2.66,0.2077,0.3659,0.056265984654731455,228,0.3157894736842105,0,0.17982456140350878,0.013157894736842105,0.03508771929824561,0.10182970194607875,0.08637744876188014,103.89473123807505,0.02183090406518271,0.08452301645492365,0.044883862594792295,0.03452732268927344,0.09158269903913059,2.2418910324358707,12,1,7594.745484802367,7.94
2019,16,Hortaleza,6,Valdefuentes,166,0.20754684426653783,0.49627409902145375,21532,0.19097518174981198,3487.54,0.04238865564367041,0.06141890198044623,0.1256455251942843,12.940638925121586,57958,0.018151074916318715,34.538136649573346,2.9,0.0731,0.2255,0.00945179584120983,725,0.21793103448275863,0.004137931034482759,0.18758620689655173,0.011034482758620689,0.02482758620689655,0.15338693536698988,0.09420614928051348,103.89473123807505,0.02183090406518271,0.08452301645492365,0.044883862594792295,0.03452732268927344,0.09158269903913059,2.2418910324358707,NA,0,10287.171310638792,4.73
2019,17,Villaverde,1,"Villaverde Alto, Casco Histórico de Villaverde",171,0.20119583443650163,0.08387750842353221,10034,0.13701306630846258,1631.78,0.04642225466772851,0.02930760776651606,0.1186347539382098,8.396143029964984,45324,0.009663754302356367,48.85042195889644,2.76,0.1697,0.3953,0.029648356699609284,2579,0.23187281892206282,3.8774718883288094e-4,0.06901899961225282,0.004265219077161691,0.013958898797983715,0.1434560056482217,0.10301385579383991,138.0656040488759,0.5615173628723568,0.010655008577097027,0.11251255733226305,0.027675519182070625,0.14104363829315636,1.0952865832417804,11,2,8429.32700119977,10.96
2019,17,Villaverde,2,San Cristóbal,172,0.23118513454726244,0.050964558097801704,6950,0.12021110242376858,1320.19,0.03106675803638176,0.028733385457388586,0.09890539483971852,7.604226931890387,16091,0.018208936672674165,148.28742768145716,3.14,0.1281,0.5109,0.034482758620689655,290,0.45517241379310347,0,0.14482758620689656,0.006896551724137931,0.027586206896551724,0.21030389658815488,0.1484059412093717,138.0656040488759,0.5615173628723568,0.010655008577097027,0.11251255733226305,0.027675519182070625,0.14104363829315636,1.0952865832417804,NA,0,8593.62312004166,12.7
2019,17,Villaverde,3,Butarque,173,0.19754653130287647,0.13617422753361114,11518,0.16220305643819036,1925.18,0.042468680445151036,0.05961567559388713,0.1289151157512483,8.95084756026401,18912,0.028341793570219966,29.597577313405424,2.86,0.0876,0.2474,0.018912529550827423,318,0.3584905660377358,0,0.1289308176100629,0.012578616352201259,0.009433962264150943,0.1440884094754653,0.08782783417935702,138.0656040488759,0.5615173628723568,0.010655008577097027,0.11251255733226305,0.027675519182070625,0.14104363829315636,1.0952865832417804,NA,0,9220.485082086132,7.91
2019,17,Villaverde,4,Los Rosales,174,0.18363178140336914,0.10408626970101345,11020,0.122822959260942,1783.33,0.0412748503471945,0.026275935180978344,0.11403907314856883,8.654833193884263,37695,0.0077198567449263825,243.95311439170257,2.85,0.1665,0.3203,0.05060858424087124,988,0.4190283400809717,0,0.11538461538461539,0.010121457489878543,0.01720647773279352,0.11736304549675024,0.09640535880090198,138.0656040488759,0.5615173628723568,0.010655008577097027,0.11251255733226305,0.027675519182070625,0.14104363829315636,1.0952865832417804,10,1,6973.898781754612,8.9
2019,17,Villaverde,5,Ángeles,175,0.18640813975811096,0.1048227351740308,11945,0.1060379241516966,1868.58,0.03413317292268206,0.021290751829673986,0.09481037924151696,8.291871251714165,31254,0.022173161835285084,161.06265862369347,2.59,0.2654,0.4098,0.024024024024024024,770,0.4714285714285714,0,0.11168831168831168,0.005194805194805195,0.01038961038961039,0.13950214372560313,0.09064439751711781,138.0656040488759,0.5615173628723568,0.010655008577097027,0.11251255733226305,0.027675519182070625,0.14104363829315636,1.0952865832417804,9,1,6844.387373280107,9.74
2019,18,Villa de Vallecas,1,Casco Histórico de Vallecas,181,0.20274088025376685,0.07675259138025095,10146,0.14846013882337084,2073.53,0.04780893743793446,0.02897769391468428,0.12116719455488914,9.554910832152112,40352,0.007954996034892942,9.357455981381904,2.71,0.1652,0.341,0.03473630831643002,2688,0.17410714285714285,0.003720238095238095,0.07180059523809523,0.006696428571428571,0.009672619047619048,0.12492565424266455,0.1047283901665345,88.80938120847833,0.0024193261713157145,0.1027831069417389,0.4571691996142062,0.03843702799533303,0.09686153066029193,0.5567858272698513,14,4,10796.279013944326,11.71
2019,18,Villa de Vallecas,2,Santa Eugenia,182,0.1920206659012629,0.16199864392635477,14592,0.0949983215844243,2091.94,0.06607329825715225,0.0196934094215061,0.11144679422625042,8.396716334088932,24388,0.008282762014105298,116.94842390994258,2.72,0.2126,0.245,0.03930817610062893,489,0.3803680981595092,0,0.12269938650306748,0.012269938650306749,0.03680981595092025,0.08450877480728226,0.06515499425947187,88.80938120847833,0.0024193261713157145,0.1027831069417389,0.4571691996142062,0.03843702799533303,0.09686153066029193,0.5567858272698513,NA,0,8760.143905748453,8.7
2019,18,Villa de Vallecas,3,Ensanche de Vallecas,183,0.28924719468351673,0.2724356958681844,14590,0.2987378798548291,2331.86,0.03377316051322335,0.05920589350522724,0.16949244352960294,11.786733783053423,45895,0.02364091949014054,72.27116921283573,2.48,0.0427,0.2655,0.004419889502762431,681,0.49045521292217326,0,0.1527165932452276,0.010279001468428781,0.01908957415565345,0.15735918945418892,0.10417256781784508,88.80938120847833,0.0024193261713157145,0.1027831069417389,0.4571691996142062,0.03843702799533303,0.09686153066029193,0.5567858272698513,16,1,10345.169422666564,6.8
2019,19,Vicalvaro,1,Casco Histórico de Vicálvaro,191,0.19746335318369215,0.0862576409327598,10477,0.1266464799394398,2140.71,0.08889646139705883,0.026873580620741862,0.11438304314912945,9.291700142539268,34928,0.007816078790655061,16.197820930765175,2.64,0.2135,0.3708,0.069164265129683,1158,0.3488773747841105,8.635578583765112e-4,0.12607944732297063,0.013816925734024179,0.017271157167530225,0.12419835089326614,0.09087265231333028,184.62416715080087,0.09502784652630357,0.004177579445134384,0.0956316501856236,0.003841313904094216,0.100144192108255,10.03541096079896,11,4,11070.107694737308,10.48
2019,19,Vicalvaro,2,Valdebernardo,192,0.13925339366515838,0.22735375141792255,14863,0.13960347370145829,2517.6,0.02133143213516272,0.025069637883008356,0.12076028182860889,8.392164762073376,17680,0.0025452488687782806,69.03131122377167,2.89,0.1094,0.2587,0.03282828282828283,319,0.4043887147335423,0,0.12225705329153605,0.006269592476489028,0.034482758620689655,0.07652714932126697,0.06436651583710407,184.62416715080087,0.09502784652630357,0.004177579445134384,0.0956316501856236,0.003841313904094216,0.100144192108255,10.03541096079896,NA,0,7725.943998639332,9.04
2019,19,Vicalvaro,3,Valderrivas,193,0.11075008260821677,0.275025888850535,15435,0.16386421319796954,2658.79,0.017773343622533352,0.06234137055837564,0.11278553299492386,9.782971508409062,18158,0.003744905826632889,282.0723889929952,2.88,0.0558,0.2517,0,96,0.3958333333333333,0,0.14583333333333334,0.020833333333333332,0,0.05865183390241216,0.06113008040533098,184.62416715080087,0.09502784652630357,0.004177579445134384,0.0956316501856236,0.003841313904094216,0.100144192108255,10.03541096079896,NA,0,8888.946651932158,5.42
2019,19,Vicalvaro,4,El Cañaveral,194,0.3239528795811518,0.21009174311926607,15208,0.26504065040650404,1672.79,0.040513725490196086,0.02926829268292683,0.22926829268292684,8.126993132816112,1528,0.3717277486910995,1.4469109233597195,2.49,0.032,0.102,0,7,0.2857142857142857,0,0,0.14285714285714285,0,0.5857329842931938,0.06413612565445026,184.62416715080087,0.09502784652630357,0.004177579445134384,0.0956316501856236,0.003841313904094216,0.100144192108255,10.03541096079896,NA,0,13555.04820544874,4.49
2019,20,San Blas-Canillejas,1,Simancas,201,0.209776476469328,0.19666635187458684,13896,0.1791854371609819,2504.9,0.05182926427394513,0.03374092120989244,0.1339523765744231,12.306105474483273,28006,0.013568521031207599,122.64411246136461,2.57,0.1592,0.458,0.02556818181818182,1113,0.23180592991913745,0.008086253369272238,0.1725067385444744,0.011680143755615454,0.016172506738544475,0.14339784331928873,0.11147611226165821,502.24798889022003,0.11103700378182008,0.006668201868314605,0.05977379179361923,0.01932001260139647,0.10628074301683042,1.8543622595350537,11,2,7030.432045184826,7.99
2019,20,San Blas-Canillejas,2,Hellín,202,0.19239543726235742,0.0807899461400359,10877,0.13183540877097996,1593.7,0.03155936442066179,0.018949648077964266,0.10503519220357337,10.088985891779506,9205,0.014122759369907659,166.32292351468897,2.48,0.2368,0.6084,0.06611570247933884,90,0.43333333333333335,0,0.08888888888888889,0.011111111111111112,0.03333333333333333,0.13177620858229222,0.10081477457903314,502.24798889022003,0.11103700378182008,0.006668201868314605,0.05977379179361923,0.01932001260139647,0.10628074301683042,1.8543622595350537,NA,0,7594.896410828338,11.38
2019,20,San Blas-Canillejas,3,Amposta,203,0.2069085833914864,0.0716823729337247,9574,0.1576911633442428,1690.79,0.035799708454810494,0.02856292770008926,0.11127640583159774,10.60432854434299,8598,0.015817632007443592,231.60009420997267,2.55,0.1937,0.5316,0.066815144766147,224,0.45982142857142855,0,0.13392857142857142,0.008928571428571428,0.008928571428571428,0.162595952547104,0.12072575017445918,502.24798889022003,0.11103700378182008,0.006668201868314605,0.05977379179361923,0.01932001260139647,0.10628074301683042,1.8543622595350537,13,1,7068.52015726901,12.35
2019,20,San Blas-Canillejas,4,Arcos,204,0.17310066672154087,0.12655073105892778,12126,0.1319073083778966,2041.64,0.0291111395646607,0.025289661319073085,0.12165775401069519,10.148446152207065,24298,0.008478064038192444,185.49728415423812,2.7,0.1805,0.4516,0.02830188679245283,344,0.48255813953488375,0,0.14825581395348839,0.014534883720930232,0.014534883720930232,0.10017285373281752,0.07432710511153182,502.24798889022003,0.11103700378182008,0.006668201868314605,0.05977379179361923,0.01932001260139647,0.10628074301683042,1.8543622595350537,10,2,7390.381770409414,9
2019,20,San Blas-Canillejas,5,Rosas,205,0.12786554409863463,0.2523961661341853,16989,0.12268330169062472,3448.63,0.024782188969915082,0.03182352409366242,0.10704276286050086,10.298450275985173,31713,0.004319994954750418,34.07411062539783,2.86,0.135,0.2786,0.02598652550529355,764,0.3075916230366492,0,0.14790575916230367,0.007853403141361256,0.01832460732984293,0.06426386655314856,0.05735818118752562,502.24798889022003,0.11103700378182008,0.006668201868314605,0.05977379179361923,0.01932001260139647,0.10628074301683042,1.8543622595350537,12,3,9425.773230671271,5.45
2019,20,San Blas-Canillejas,6,Rejas,206,0.23010752688172043,0.3317442051619267,16331,0.22843474360891014,1816.06,0.06718589229018151,0.04141127223800269,0.15219016295410376,11.561495143342492,16740,0.022162485065710873,33.28128254253835,2.5,0.1123,0.4123,0.013001083423618635,696,0.3017241379310345,0.022988505747126436,0.11206896551724138,0.010057471264367816,0.031609195402298854,0.17174432497013142,0.13273596176821983,502.24798889022003,0.11103700378182008,0.006668201868314605,0.05977379179361923,0.01932001260139647,0.10628074301683042,1.8543622595350537,NA,0,11809.638279292905,5.49
2019,20,San Blas-Canillejas,7,Canillejas,207,0.19963721352077302,0.14897108390988115,13416,0.1269188596491228,2367.47,0.05640347047299188,0.021929824561403508,0.10992324561403509,9.975847623037442,28667,0.010883594376809571,178.90648097544914,2.61,0.2324,0.3371,0.04056664520283323,971,0.39752832131822863,0.0010298661174047373,0.12976313079299692,0.010298661174047374,0.017507723995880537,0.11738235601911606,0.0934872850315694,502.24798889022003,0.11103700378182008,0.006668201868314605,0.05977379179361923,0.01932001260139647,0.10628074301683042,1.8543622595350537,13,1,8480.247381347568,8.06
2019,20,San Blas-Canillejas,8,El Salvador,208,0.16127330284910307,0.36731410182737617,22295,0.136003726129483,3396.79,0.03690007047837195,0.025151374010246856,0.09781089892873777,11.08469840430034,11372,0.007474498768906085,60.3741188191792,2.64,0.2072,0.3367,0.02631578947368421,222,0.1981981981981982,0.009009009009009009,0.17567567567567569,0.018018018018018018,0.036036036036036036,0.08345058037284558,0.0711396412240591,502.24798889022003,0.11103700378182008,0.006668201868314605,0.05977379179361923,0.01932001260139647,0.10628074301683042,1.8543622595350537,12,1,6971.53446021352,5.73
2019,21,Barajas,1,Alameda de Osuna,211,0.15143309661268073,0.37033525228581105,21086,0.10001379500620776,2961.24,0.030639997951449352,0.03324596496068423,0.08056283625327632,10.591379690916812,19573,0.014714147039288816,99.0999096332657,2.69,0.2563,0.1874,0.00796812749003984,373,0.3378016085790885,0.013404825737265416,0.14745308310991956,0.010723860589812333,0.04289544235924933,0.08787615592908599,0.07106728656823175,170.26136824943958,0.371483857780536,2.35378174622315e-4,0.16305029843147423,0.17032545919696265,0.0821898227558605,1.5121255349500713,14,2,10536.67663481015,4.95
2019,21,Barajas,2,Aeropuerto,212,0.22156652360515022,0.08934953538241601,10768,0.1703056768558952,NA,0.052373689897352804,0.027656477438136828,0.10771470160116449,9.615384615384615,1864,0.0075107296137339056,0.6247873669873243,2.69,0.1507,0.4337,0.016042780748663103,444,0.36261261261261263,0.0045045045045045045,0.23198198198198197,0.0022522522522522522,0.006756756756756757,0.14860515021459228,0.11319742489270386,170.26136824943958,0.371483857780536,2.35378174622315e-4,0.16305029843147423,0.17032545919696265,0.0821898227558605,1.5121255349500713,10,2,13762.923551699036,7.28
2019,21,Barajas,3,Casco Histórico de Barajas,213,0.24917600527356626,0.14081498521196187,13446,0.2045527412632254,2978.6,0.06897653668208857,0.020198781660788714,0.15966655979480604,11.398222678664624,7585,0.00949241924851681,137.69717388954996,2.43,0.1831,0.3401,0.0691588785046729,371,0.3450134770889488,0.03773584905660377,0.1940700808625337,0.03504043126684636,0.01078167115902965,0.14159525379037574,0.11812788398154252,170.26136824943958,0.371483857780536,2.35378174622315e-4,0.16305029843147423,0.17032545919696265,0.0821898227558605,1.5121255349500713,NA,0,12378.237526796634,7.33
2019,21,Barajas,4,Timón,214,0.223996129656507,0.2937464142283419,16611,0.20112214069917997,3106.26,0.04178963513077171,0.053517479499352615,0.13530427276650842,11.254079220260794,12402,0.010079019512981777,24.31658217548186,2.67,0.102,0.3072,0.019498607242339833,241,0.21991701244813278,0.016597510373443983,0.1825726141078838,0.008298755186721992,0.02074688796680498,0.10772456055474923,0.08055152394775036,170.26136824943958,0.371483857780536,2.35378174622315e-4,0.16305029843147423,0.17032545919696265,0.0821898227558605,1.5121255349500713,11,1,10920.45258282059,6.03
2019,21,Barajas,5,Corralejos,215,0.12294009939837823,0.49157303370786515,25279,0.1573643410852713,3613.8,0.04107474483119602,0.05813953488372093,0.11589147286821705,13.199291325982376,7646,0.00837038974627256,16.320210088269988,2.96,0.1005,0.3138,0,234,0.11965811965811966,0.021367521367521368,0.3333333333333333,0.004273504273504274,0.029914529914529916,0.09285901124771122,0.07978027726916034,170.26136824943958,0.371483857780536,2.35378174622315e-4,0.16305029843147423,0.17032545919696265,0.0821898227558605,1.5121255349500713,9,1,9762.83872924395,4.15
2020,1,Centro,1,Palacio,011,0.2728423718083984,0.4451529981709427,19643,0.33549166882500214,5034.49,0.09723985194624316,0.015022015022015021,0.18561685228351896,14.934788131886345,23695,0.006119434479848069,161.20144227498469,2.04,0.18760000000000002,0.3188,0.026532479414455627,1710,0.2941520467836257,0.01871345029239766,0.3333333333333333,0.009941520467836258,0.027485380116959064,0.12905676303017513,0.11221776746148976,139.68623635551205,0.08111810736987836,0.0372265977792183,0.025077120824808462,0.14940122261480981,0.1704669224690866,0.8369328538701052,1,4,834.2994999607662,10.04
2020,1,Centro,2,Embajadores,012,0.33970015246484836,0.37985464172431876,14966,0.3673550788867222,4585.04,0.09776817764308049,0.015555752526147847,0.1993440879276724,14.77664421043336,47224,0.013679485007623242,456.8443455548031,2.09,0.1368,0.34409999999999996,0.029131089904570567,3065,0.4769983686786297,0.010114192495921697,0.16541598694942905,0.0035889070146818925,0.01435562805872757,0.15784346942232763,0.1370701338302558,139.68623635551205,0.08111810736987836,0.0372265977792183,0.025077120824808462,0.14940122261480981,0.1704669224690866,0.8369328538701052,1,7,913.3760035725893,10.36
2020,1,Centro,3,Cortes,013,0.30807004539979616,0.4965004845482933,20256,0.36667278399706366,4989.95,0.1343098457056901,0.014131033217104056,0.19544870618462104,15.285751267394522,10793,0.01046974891133142,182.34499070788985,1.98,0.1679,0.31420000000000003,0.007309941520467836,1189,0.3036164844407065,0.03700588730025231,0.3582842724978974,0.004205214465937763,0.034482758620689655,0.15528583341054386,0.13184471416658947,139.68623635551205,0.08111810736987836,0.0372265977792183,0.025077120824808462,0.14940122261480981,0.1704669224690866,0.8369328538701052,1,1,710.3835020983723,8.06
2020,1,Centro,4,Justicia,014,0.3077603360601371,0.5159003706834884,23257,0.37172538392050586,6229.04,0.12208743298882774,0.01479223125564589,0.19546070460704607,16.447008247291215,18092,0.012049524651779792,244.68487963213417,2.03,0.15689999999999998,0.3293,0.0023934897079942556,1934,0.4405377456049638,0.013960703205791106,0.26370217166494314,0.004136504653567736,0.019131334022750777,0.1521667035153659,0.12347999115631218,139.68623635551205,0.08111810736987836,0.0372265977792183,0.025077120824808462,0.14940122261480981,0.1704669224690866,0.8369328538701052,2,3,971.4253672516414,7.81
2020,1,Centro,5,Universidad,015,0.3361061419200954,0.4659221375639286,18874,0.3778750073907645,5132.6,0.1050424355054084,0.012061727665109679,0.20014190267841306,15.969587929444055,33540,0.013893858079904592,353.7974683544304,1.98,0.1561,0.3354,0.03471520053926525,2406,0.3778054862842893,0.01371571072319202,0.2572734829592685,0.005403158769742311,0.027015793848711556,0.14460345855694692,0.1282051282051282,139.68623635551205,0.08111810736987836,0.0372265977792183,0.025077120824808462,0.14940122261480981,0.1704669224690866,0.8369328538701052,2,6,952.2311029999739,8.89
2020,1,Centro,6,Sol,016,0.31214855498888455,0.4300944258300335,16914,0.37545787545787546,9215.34,0.1379829821632623,0.013082155939298797,0.19204604918890633,14.472369185222384,7647,0.00993853798875376,171.72692566808894,1.99,0.1696,0.29,5.47645125958379e-4,1610,0.45590062111801244,0.02732919254658385,0.29006211180124225,0,0.019254658385093167,0.20073231332548713,0.1324702497711521,139.68623635551205,0.08111810736987836,0.0372265977792183,0.025077120824808462,0.14940122261480981,0.1704669224690866,0.8369328538701052,0,7,0,8.74
2020,2,Arganzuela,1,Imperial,021,0.20260101778956982,0.3940772021005901,19941,0.20208483847662298,3325.56,0.03586705951099958,0.01754567034781711,0.14335844772422335,13.870105713193498,22991,0.007394197729546344,237.58396197168545,2.36,0.2195,0.3393,0.01905829596412556,737,0.3066485753052917,0.005427408412483039,0.14654002713704206,0.031207598371777476,0.024423337856173677,0.0721586707842199,0.07463790178765604,77.08527191347946,0.014021746425878874,0.05698144218159031,0.050506461610947025,0.09981548175002766,0.0782024926121033,2.8763129632481808,NA,0,1701.7017735258637,7.81
2020,2,Arganzuela,2,Acacias,022,0.21615708729472774,0.4067627715405567,20922,0.1939608095085127,4276.75,0.030860295574163997,0.019081272084805655,0.13446835849662706,13.919528715320766,37024,0.0018096369922212619,344.92267561021055,2.37,0.23399999999999999,0.2884,0.01653486700215672,1178,0.30390492359932086,8.488964346349745e-4,0.13497453310696095,0.011884550084889643,0.028862478777589132,0.07008967156439067,0.0734928694900605,77.08527191347946,0.014021746425878874,0.05698144218159031,0.050506461610947025,0.09981548175002766,0.0782024926121033,2.8763129632481808,4,2,1817.5812482709266,7.83
2020,2,Arganzuela,3,Chopera,023,0.2457743710691824,0.29706338784767816,15686,0.19808159019993066,3830.66,0.03567732626045801,0.016294926615046803,0.15035247890904888,12.918351708977363,20352,0.0036851415094339623,358.4360690383938,2.34,0.2245,0.38,0.024716786817713696,748,0.3983957219251337,0.004010695187165776,0.13770053475935828,0.0066844919786096255,0.0213903743315508,0.10362617924528301,0.10175904088050315,77.08527191347946,0.014021746425878874,0.05698144218159031,0.050506461610947025,0.09981548175002766,0.0782024926121033,2.8763129632481808,5,1,2545.0185470969996,9.95
2020,2,Arganzuela,4,Legazpi,024,0.20840471631563035,0.4767700653776603,21551,0.22027062190996619,5493.48,0.029955147314788287,0.032266458495966696,0.17681498829039813,14.760207727902365,19846,0.004786858812859014,140.30399434429128,2.58,0.0929,0.2352,0.018867924528301886,461,0.25813449023861174,0,0.1648590021691974,0.008676789587852495,0.02386117136659436,0.08223319560616749,0.09462864053209714,77.08527191347946,0.014021746425878874,0.05698144218159031,0.050506461610947025,0.09981548175002766,0.0782024926121033,2.8763129632481808,5,1,3482.1731601336073,6.12
2020,2,Arganzuela,5,Delicias,025,0.22736894094404855,0.39089964303465724,19002,0.2175767918088737,4516.38,0.038554805212510396,0.021928327645051194,0.1537542662116041,14.144067052038032,28346,0.008784308191631977,268.75888878354033,2.41,0.1704,0.3182,0.007246376811594203,810,0.3592592592592593,0.0024691358024691358,0.1617283950617284,0.013580246913580247,0.013580246913580247,0.11670076906794609,0.10541169829958372,77.08527191347946,0.014021746425878874,0.05698144218159031,0.050506461610947025,0.09981548175002766,0.0782024926121033,2.8763129632481808,4,2,2594.8560961675425,7.27
2020,2,Arganzuela,6,Palos de la Frontera,026,0.26866406575508506,0.3827093260721579,17840,0.2596661913947832,4074.57,0.0512994393741107,0.017193659313931058,0.16807850373228214,14.010682699177918,26401,0.006855800916631946,407.1714990746453,2.2,0.2059,0.3586,0.009765625,1335,0.32808988764044944,0.0044943820224719105,0.15880149812734082,0.01348314606741573,0.0149812734082397,0.1060187114124465,0.11181394644142267,77.08527191347946,0.014021746425878874,0.05698144218159031,0.050506461610947025,0.09981548175002766,0.0782024926121033,2.8763129632481808,3,1,1750.053657056307,8.66
2020,2,Arganzuela,7,Atocha,027,0.1717588769611891,0.293491124260355,17236,0.18433179723502305,4168.55,0.023947151114781174,0.02534562211981567,0.14746543778801843,10.956831683168318,1211,0.07762180016515277,16.460513796384397,2.79,0.1032,0.24,0,176,0.3465909090909091,0,0.2215909090909091,0,0.005681818181818182,0.23121387283236994,0.046242774566473986,77.08527191347946,0.014021746425878874,0.05698144218159031,0.050506461610947025,0.09981548175002766,0.0782024926121033,2.8763129632481808,4,2,2733.93717430477,7.71
2020,3,Retiro,1,Pacífico,031,0.21243477491819227,0.4087475721171139,20388,0.1959139493979164,4113.3,0.03569957610835642,0.01779190907860912,0.13171424705723178,13.830415011833592,33921,0.00601397364464491,447.3295529473823,2.28,0.2518,0.34259999999999996,0.007874015748031496,1234,0.4359805510534846,0,0.12965964343598055,0.009724473257698542,0.018638573743922204,0.07664868370625866,0.08407770997317296,103.5988920602616,0.5206660690516364,0.04042830478399762,0.18418650922145274,0.07357202164781611,0.06551168546417953,1.1507946356920074,5,2,2621.775098928446,7.46
2020,3,Retiro,2,Adelfas,032,0.20695504664970313,0.40920048212133386,21266,0.19055584148224394,4258.4,0.027849323614861525,0.023546062789500773,0.14629439011837364,13.899865521890899,18864,0.006997455470737914,294.38202247191015,2.42,0.21760000000000002,0.2939,0.0019305019305019305,411,0.27007299270072993,0.0072992700729927005,0.1192214111922141,0.012165450121654502,0.0170316301703163,0.07405640373197625,0.07342027141645462,103.5988920602616,0.5206660690516364,0.04042830478399762,0.18418650922145274,0.07357202164781611,0.06551168546417953,1.1507946356920074,6,1,3369.1505563810074,7.22
2020,3,Retiro,3,Estrella,033,0.16568501920614598,0.47057246998284735,23885,0.09433314253005151,4010.22,0.019502349683987594,0.015684029765311962,0.0792215226101889,12.386667171726053,23430,0.004950917626973965,228.47391516333496,2.67,0.3098,0.3074,0.009433962264150943,450,0.35777777777777775,0.0022222222222222222,0.09555555555555556,0.013333333333333334,0.024444444444444446,0.051856594110115235,0.05471617584293641,103.5988920602616,0.5206660690516364,0.04042830478399762,0.18418650922145274,0.07357202164781611,0.06551168546417953,1.1507946356920074,NA,0,3330.247447548994,5.81
2020,3,Retiro,4,Ibiza,034,0.20733695652173914,0.477818017202354,22756,0.19859215017064846,5508.11,0.05929476819699547,0.01962457337883959,0.11774744027303755,15.583094013299085,22080,0.008242753623188406,448.780487804878,2.35,0.2468,0.36479999999999996,9.354536950420954e-4,1004,0.449203187250996,0,0.19820717131474103,0.00796812749003984,0.00597609561752988,0.09148550724637682,0.09556159420289854,103.5988920602616,0.5206660690516364,0.04042830478399762,0.18418650922145274,0.07357202164781611,0.06551168546417953,1.1507946356920074,5,1,2569.6136361740228,6.99
2020,3,Retiro,5,Los Jerónimos,035,0.1839502684374117,0.5102290610246547,27048,0.18204667863554758,6653.21,0.062785648614196915,0.019748653500897665,0.10053859964093358,14.00304694423283,7078,0.009183385137044362,37.12757028955099,2.53,0.261,0.38770000000000004,0.004901960784313725,362,0.2513812154696133,0.022099447513812154,0.2292817679558011,0.008287292817679558,0.04696132596685083,0.08830178016388811,0.08929076010172365,103.5988920602616,0.5206660690516364,0.04042830478399762,0.18418650922145274,0.07357202164781611,0.06551168546417953,1.1507946356920074,3,1,1693.9136733919286,5.11
2020,3,Retiro,6,Niño Jesús,036,0.1625806451612903,0.5472938796155792,27208,0.11697649947386882,5080.49,0.02979415428205412,0.019642230796211857,0.08172571027709576,14.547309082227718,15500,0.004967741935483871,240.9451266905021,2.71,0.2676,0.3144,0.0035335689045936395,483,0.2422360248447205,0,0.12422360248447205,0.004140786749482402,0.018633540372670808,0.06567741935483871,0.06696774193548387,103.5988920602616,0.5206660690516364,0.04042830478399762,0.18418650922145274,0.07357202164781611,0.06551168546417953,1.1507946356920074,6,3,2715.894836350448,5.24
2020,4,Salamanca,1,Recoletos,041,0.21152879054563742,0.5999682514485276,30437,0.2607201553862244,8254.5,0.0980540052163502,0.01538921261018975,0.11878081577767817,17.94057508750426,15908,0.005657530802112145,182.2013515061276,2.37,0.23440000000000003,0.3292,0,1666,0.5804321728691476,0.009603841536614645,0.16566626650660263,0.004201680672268907,0.013205282112845138,0.1015841086245914,0.0974981141563993,12.457713823658233,0.21282658615809624,0.31870752749010534,0.27190422940117787,0.010948102610542992,0.11149512356784395,0.8523971564300394,5,2,1781.686697174278,4.23
2020,4,Salamanca,2,Goya,042,0.24046715911359554,0.5221329617181736,24441,0.23030120934424997,5587.62,0.07114885419746989,0.017201231878614887,0.13753474047923084,16.046097235088048,30054,0.009782391694949091,390.159678047514,2.25,0.2376,0.34119999999999995,9.857072449482504e-4,1880,0.46170212765957447,0.0026595744680851063,0.18457446808510639,0.00851063829787234,0.015957446808510637,0.1068742929393758,0.10431223797165103,12.457713823658233,0.21282658615809624,0.31870752749010534,0.27190422940117787,0.010948102610542992,0.11149512356784395,0.8523971564300394,4,6,2696.9525069184683,6.16
2020,4,Salamanca,3,Fuente del Berro,043,0.23279380717804363,0.4282682269259451,20405,0.21583734617442482,4734.29,0.05630650864093317,0.017977528089887642,0.1337613697164259,14.332994002579692,21315,0.009101571663148018,249.99999999999997,2.27,0.2429,0.3669,0.011754068716094032,889,0.2879640044994376,0,0.13048368953880765,0.003374578177727784,0.030371203599550055,0.09420595824536711,0.09472202674173118,12.457713823658233,0.21282658615809624,0.31870752749010534,0.27190422940117787,0.010948102610542992,0.11149512356784395,0.8523971564300394,7,1,3556.0177734228823,7.78
2020,4,Salamanca,4,Guindalera,044,0.22460850111856823,0.4760467637493041,22227,0.21113663100106436,4669.41,0.04544785086095329,0.017421993165648984,0.12856422609377627,14.53252727645833,42465,0.012056988107853526,264.9426004492139,2.37,0.23920000000000002,0.4007,0.008763388510223954,1696,0.32193396226415094,0.005306603773584905,0.12205188679245282,0.008254716981132075,0.02535377358490566,0.09247615683504062,0.0870599317084658,12.457713823658233,0.21282658615809624,0.31870752749010534,0.27190422940117787,0.010948102610542992,0.11149512356784395,0.8523971564300394,7,3,3851.510247708037,7.42
2020,4,Salamanca,5,Lista,045,0.2461379537023994,0.5287423402392764,24671,0.22877079978529255,6095.97,0.06973126754752738,0.018035426731078906,0.13548040794417607,16.162927728348137,21297,0.007935389961027375,409.4002306805075,2.28,0.2369,0.35359999999999997,8.257638315441783e-4,1136,0.4014084507042254,0.007042253521126761,0.19190140845070422,0.00528169014084507,0.017605633802816902,0.10658778231675822,0.10395830398647697,12.457713823658233,0.21282658615809624,0.31870752749010534,0.27190422940117787,0.010948102610542992,0.11149512356784395,0.8523971564300394,5,5,2933.199100215949,6.05
2020,4,Salamanca,6,Castellana,046,0.23453875388690545,0.5758938444526355,29832,0.24324712643678162,7487.38,0.08664133370769508,0.013362068965517242,0.11752873563218391,17.373978155580453,17366,0.006910054128757342,224.54098784587535,2.49,0.2321,0.33149999999999996,0.0015810276679841897,1176,0.43112244897959184,0.01020408163265306,0.1921768707482993,0.005952380952380952,0.021258503401360544,0.11171254174824369,0.09875619025682368,12.457713823658233,0.21282658615809624,0.31870752749010534,0.27190422940117787,0.010948102610542992,0.11149512356784395,0.8523971564300394,5,1,2491.06903091583,4.34
2020,5,Chamartin,1,El Viso,051,0.20907478400183097,0.5783755432339278,31011,0.1665310109067231,6861.72,0.05087705127911375,0.016441478105160345,0.10141624613381084,15.817695668891034,17477,0.009440979573153287,102.25251579686403,2.84,0.21739999999999998,0.3557,0.0049800796812749,888,0.25563063063063063,0.0022522522522522522,0.15765765765765766,0.00563063063063063,0.030405405405405407,0.09446701378955198,0.08800137323339245,93.2517546158991,0.005585936566935195,0.7774315433779968,0.024201936151849377,0.018028542368950216,0.0739744224031013,0.8215050567149256,6,2,3488.8511843402644,4.17
2020,5,Chamartin,2,Prosperidad,052,0.22948475856487727,0.44391305781852963,21153,0.2049670110792979,4334.71,0.04028060288930832,0.017054649570521597,0.1299638989169675,13.981293776107416,37070,0.008443485298084705,356.40803768868375,2.3,0.2521,0.3184,0.022186147186147188,1465,0.37679180887372016,0.0027303754266211604,0.14266211604095563,0.008191126279863481,0.011604095563139932,0.08322093336930132,0.08791475586727812,93.2517546158991,0.005585936566935195,0.7774315433779968,0.024201936151849377,0.018028542368950216,0.0739744224031013,0.8215050567149256,5,6,4228.473772625666,7.99
2020,5,Chamartin,3,Ciudad Jardín,053,0.2325225557959162,0.45166143380429097,21188,0.20921328887242188,4464.58,0.04671681010395054,0.021242435469927132,0.13807583055452638,14.732149614058425,18953,0.0064897377723843195,248.6291486291486,2.33,0.23079999999999998,0.35409999999999997,0.012292118582791034,1065,0.2892018779342723,0.003755868544600939,0.14835680751173708,0.009389671361502348,0.01784037558685446,0.08795441354930618,0.09323062312035034,93.2517546158991,0.005585936566935195,0.7774315433779968,0.024201936151849377,0.018028542368950216,0.0739744224031013,0.8215050567149256,6,3,4358.076987032577,8.07
2020,5,Chamartin,4,Hispanoamérica,054,0.1871443231644743,0.5423728813559322,27568,0.16772329668565925,5158.11,0.03523563295466891,0.020383596822084904,0.1077762619372442,15.330750244438484,32157,0.006748141928662499,187.778102189781,2.57,0.24600000000000002,0.37810000000000005,0.01315002988643156,1481,0.3416610398379473,0.0027008777852802163,0.16272788656313303,0.007427413909520594,0.020931802835921675,0.07939173430357309,0.08200391827595858,93.2517546158991,0.005585936566935195,0.7774315433779968,0.024201936151849377,0.018028542368950216,0.0739744224031013,0.8215050567149256,6,3,4821.909268153232,5.71
2020,5,Chamartin,5,Nueva España,055,0.1944809985245444,0.6003642792092998,29515,0.18915727321524423,6351.07,0.04385673257687529,0.02168545356951154,0.10466988727858294,16.204037254325534,25077,0.006220839813374806,140.08714596949892,2.69,0.20800000000000002,0.3527,0.01568627450980392,865,0.24508670520231213,0.003468208092485549,0.15722543352601157,0.009248554913294798,0.018497109826589597,0.09004266858077123,0.0950671930454201,93.2517546158991,0.005585936566935195,0.7774315433779968,0.024201936151849377,0.018028542368950216,0.0739744224031013,0.8215050567149256,7,2,5520.4265188656,4.6
2020,5,Chamartin,6,Castilla,056,0.21952912593278187,0.5283439964291028,24733,0.18242740134028296,4187.83,0.03955541855428618,0.016679076693968727,0.11556217423678332,13.979534601457575,17287,0.006536703881529473,79.98426872715496,2.57,0.2263,0.3615,0.1766304347826087,535,0.27850467289719627,0.011214953271028037,0.17570093457943925,0.009345794392523364,0.026168224299065422,0.1000173540811014,0.09914965002603113,93.2517546158991,0.005585936566935195,0.7774315433779968,0.024201936151849377,0.018028542368950216,0.0739744224031013,0.8215050567149256,8,5,6669.055768164209,6.36
2020,6,Tetuan,1,Bellas Vistas,061,0.2672973783270595,0.291266228292025,14176,0.23614918182573302,3446.77,0.03958076927596296,0.01594816845252928,0.13946341058227427,13.321479844578947,30019,0.007428628535261001,419.7287472035794,2.48,0.1808,0.33799999999999997,0.08755211435378202,1129,0.30646589902568644,0.006200177147918512,0.11603188662533215,0.007971656333038087,0.011514614703277236,0.12342183283920184,0.12711949098904027,56.1459625155105,0.06979886762077121,0.0749410173498875,0.03464819454743223,0.019435289937470703,0.12912164549664318,2.184038337005793,6,1,3909.9229672628644,9.29
2020,6,Tetuan,2,Cuatro Caminos,062,0.2611746067670024,0.45353752338715264,21084,0.23438628751559729,4412.33,0.04108915394090386,0.01661522295921718,0.13797859066132528,14.918526266328078,35348,0.009816679868733733,298.295358649789,2.31,0.22469999999999998,0.35369999999999996,0.02945619335347432,2095,0.3990453460620525,0.0076372315035799524,0.17422434367541767,0.009069212410501194,0.02243436754176611,0.1082946701369243,0.10532420504696163,56.1459625155105,0.06979886762077121,0.0749410173498875,0.03464819454743223,0.019435289937470703,0.12912164549664318,2.184038337005793,5,6,3851.772541242594,6.99
2020,6,Tetuan,3,Castillejos,063,0.2663799283154122,0.4565803822533433,22169,0.25148305084745765,4480.5,0.044047882621003245,0.011970338983050848,0.14375,15.199871738542043,20925,0.008554360812425329,296.93486590038316,2.21,0.2361,0.3618,0.021310181531176007,1067,0.2774133083411434,0.010309278350515464,0.21462043111527648,0.007497656982193065,0.02155576382380506,0.11063321385902031,0.1121146953405018,56.1459625155105,0.06979886762077121,0.0749410173498875,0.03464819454743223,0.019435289937470703,0.12912164549664318,2.184038337005793,9,2,4865.913979796185,7.62
2020,6,Tetuan,4,Almenara,064,0.24363526151714582,0.24968300347317934,13812,0.2229787234042553,2802.31,0.03496424450954508,0.021595744680851063,0.149468085106383,12.282375401168554,23096,0.013595427779702112,231.0986591955173,2.45,0.1935,0.4364,0.07133507853403141,850,0.2858823529411765,0.0035294117647058825,0.1188235294117647,0.001176470588235294,0.01647058823529412,0.10244198129546242,0.09715968133010044,56.1459625155105,0.06979886762077121,0.0749410173498875,0.03464819454743223,0.019435289937470703,0.12912164549664318,2.184038337005793,8,2,5985.2780487589325,12.59
2020,6,Tetuan,5,Valdeacederas,065,0.2747129024994371,0.23436000767606985,12727,0.24946576233392176,3139.79,0.04611062460202664,0.01941837777571309,0.16761126080089195,13.34981994915541,26646,0.012834947083990092,229.03558535327488,2.47,0.1433,0.37200000000000005,0.09947643979057591,992,0.36693548387096775,0.0010080645161290322,0.08770161290322581,0.006048387096774193,0.008064516129032258,0.12804923815957367,0.11739097800795617,56.1459625155105,0.06979886762077121,0.0749410173498875,0.03464819454743223,0.019435289937470703,0.12912164549664318,2.184038337005793,NA,0,5518.012250818581,10.14
2020,6,Tetuan,6,Berruguete,066,0.2677147150618426,0.2528611424922639,13290,0.23799942512216155,3273.71,0.04244195406088744,0.02098304110376545,0.15569608124940118,13.196055580847583,25953,0.008630986783801487,427.49135233075276,2.48,0.16390000000000002,0.3787,0.10540013012361743,929,0.3401506996770721,0.002152852529601722,0.10764262648008611,0.008611410118406888,0.016146393972012917,0.12988864485801255,0.12588140099410472,56.1459625155105,0.06979886762077121,0.0749410173498875,0.03464819454743223,0.019435289937470703,0.12912164549664318,2.184038337005793,8,1,4696.8582372321225,9.35
2020,7,Chamberi,1,Gaztambide,071,0.25364481200443345,0.5127605384895265,22622,0.24621603835667952,5086.21,0.05208193037586681,0.014101720409890007,0.13086396540377926,16.01745594686133,23458,0.010017904339670902,463.1391905231984,2.19,0.2522,0.3558,0.006060606060606061,1452,0.40082644628099173,0.004132231404958678,0.16046831955922866,0.013774104683195593,0.01584022038567493,0.09514877653678916,0.09553244095830847,52.03424464451155,0.027075924787783052,0.23027535754403308,0.0720459085502668,0.020833832116697894,0.09450115712805077,0.34229863434160557,3,1,2139.273308016623,6.94
2020,7,Chamberi,2,Arapiles,072,0.2607696030977735,0.4930702836004932,22192,0.24878950611849635,5304.27,0.054618898144479164,0.016022537195175632,0.1442908706752355,16.20836097989881,24792,0.0090351726363343,428.7789692148046,2.17,0.23829999999999998,0.354,0.004975124378109453,1234,0.3606158833063209,0.0024311183144246355,0.16369529983792544,0.013776337115072933,0.012965964343598054,0.09793481768312359,0.10418683446272992,52.03424464451155,0.027075924787783052,0.23027535754403308,0.0720459085502668,0.020833832116697894,0.09450115712805077,0.34229863434160557,6,1,1920.4473643335684,7.16
2020,7,Chamberi,3,Trafalgar,073,0.2756834303020642,0.5136488373212652,22464,0.29454422801248,5626.61,0.06977019414235819,0.01526266970233578,0.15954127666750992,16.162665794290962,25094,0.007531680879891607,410.09968949174703,2.11,0.2116,0.3386,0.0033351862145636463,1499,0.32888592394929955,0.00733822548365577,0.1981320880587058,0.00867244829886591,0.02134756504336224,0.10616083525942456,0.10855184506256475,52.03424464451155,0.027075924787783052,0.23027535754403308,0.0720459085502668,0.020833832116697894,0.09450115712805077,0.34229863434160557,3,8,1749.3435959707163,7.39
2020,7,Chamberi,4,Almagro,074,0.22298146008139477,0.5341451167461713,28408,0.23392680514342234,6778.41,0.06451963714710975,0.019782393669634024,0.12363996043521266,16.29164528680154,19903,0.007888258051550018,212.20812453353236,2.45,0.2386,0.35200000000000004,0.00870253164556962,1110,0.31891891891891894,0.006306306306306306,0.21441441441441442,0.002702702702702703,0.011711711711711712,0.09887956589458875,0.1022458925790082,52.03424464451155,0.027075924787783052,0.23027535754403308,0.0720459085502668,0.020833832116697894,0.09450115712805077,0.34229863434160557,3,5,1961.8302018492532,5.2
2020,7,Chamberi,5,Ríos Rosas,075,0.2519872813990461,0.5227839088643645,24543,0.24016037967433107,5240.96,0.0513823018245078,0.019147369282382785,0.13820472956386548,15.892196617663547,27676,0.007371007371007371,283.74000410088166,2.26,0.2327,0.3608,0.007617728531855956,1299,0.30331023864511164,0.006928406466512702,0.2063125481139338,0.01308698999230177,0.014626635873749037,0.09748518572047984,0.09976152623211447,52.03424464451155,0.027075924787783052,0.23027535754403308,0.0720459085502668,0.020833832116697894,0.09450115712805077,0.34229863434160557,4,2,2846.104919773461,6.49
2020,7,Chamberi,6,Vallehermoso,076,0.2049428543518609,0.5488072054527751,26523,0.19648543460313717,4882.43,0.03379507208349011,0.014034673900224084,0.10331407005543107,15.060001661578886,20474,0.007033310540197324,191.48896371118593,2.41,0.27649999999999997,0.3677,0.005868544600938967,790,0.2759493670886076,0,0.1569620253164557,0.007594936708860759,0.015189873417721518,0.0795154830516753,0.08386245970499169,52.03424464451155,0.027075924787783052,0.23027535754403308,0.0720459085502668,0.020833832116697894,0.09450115712805077,0.34229863434160557,6,4,2895.965028339834,5.74
2020,8,Fuencarral-El Pardo,1,El Pardo,081,0.20051635111876076,0.18172157279489903,16127,0.12954545454545455,NA,0.014521218514611443,0.025757575757575757,0.10606060606060606,10.079412154227633,3486,0.005450372920252439,0.18583733955136755,2.63,0.2532,0.4608,0.0871559633027523,148,0.23648648648648649,0,0.25,0.006756756756756757,0.10810810810810811,0.08376362593230063,0.07860011474469306,33.47820821495834,0.23195894791524738,0.1610606762782004,0.14555224221834817,0.07090803663046046,0.06476699483544222,1.5912790883263639,NA,0,15968.221312001373,7.67
2020,8,Fuencarral-El Pardo,2,Fuentelarreina,082,0.14027149321266968,0.582089552238806,30466,0.08680248007085917,4204.21,0.028860334013616602,0.022143489813994686,0.05757307351638618,11.330153567606812,3315,0.009351432880844645,23.976565890351512,2.93,0.2627,0.3257,0,23,0.34782608695652173,0.043478260869565216,0.08695652173913043,0,0.043478260869565216,0.09170437405731523,0.06817496229260935,33.47820821495834,0.23195894791524738,0.1610606762782004,0.14555224221834817,0.07090803663046046,0.06476699483544222,1.5912790883263639,NA,0,7753.5321488741565,4.53
2020,8,Fuencarral-El Pardo,3,Peñagrande,083,0.17956113687293382,0.315369205157868,19358,0.12190142898804317,3371.99,0.025256080229517135,0.026071741032370952,0.09769612131816856,12.175846294209574,45071,0.007233032326773314,156.10085547050878,2.62,0.261,0.2688,0.03009458297506449,953,0.35991605456453307,0,0.11017838405036726,0.014690451206715634,0.016789087093389297,0.06265669721106698,0.06669477047325331,33.47820821495834,0.23195894791524738,0.1610606762782004,0.14555224221834817,0.07090803663046046,0.06476699483544222,1.5912790883263639,12,2,7057.610223581704,7.82
2020,8,Fuencarral-El Pardo,4,Pilar,084,0.20583226905065985,0.24568019216364903,15639,0.14902379499694937,3347.02,0.032005856768790114,0.017134431563961765,0.11780557250355908,12.270099198455274,46980,0.006151553852703278,344.63028169014086,2.38,0.2893,0.3331,0.06545741324921135,1812,0.41997792494481234,0,0.12527593818984548,0.010485651214128035,0.012693156732891833,0.07852277564921244,0.08371647509578545,33.47820821495834,0.23195894791524738,0.1610606762782004,0.14555224221834817,0.07090803663046046,0.06476699483544222,1.5912790883263639,11,1,6654.963594575406,8.79
2020,8,Fuencarral-El Pardo,5,La Paz,085,0.1810362725034849,0.4175895765472313,23395,0.07524831148192293,3377.56,0.020479102731225468,0.015733015494636474,0.07286452125546285,11.38745753457423,33717,0.003292107838775692,156.47391869315018,2.67,0.33039999999999997,0.20929999999999999,0.0129366106080207,644,0.2826086956521739,0.004658385093167702,0.13664596273291926,0.004658385093167702,0.018633540372670808,0.04778005160601477,0.05875374440193374,33.47820821495834,0.23195894791524738,0.1610606762782004,0.14555224221834817,0.07090803663046046,0.06476699483544222,1.5912790883263639,10,3,7117.797309101631,6.47
2020,8,Fuencarral-El Pardo,6,Valverde,086,0.19397023671832833,0.38001218494031636,17378,0.16491455764654986,3454.15,0.03755600895413547,0.050832792558944406,0.12191217823923858,12.297927931708198,64845,0.005829285218598196,72.2008194896005,2.8,0.1165,0.37189999999999995,0.03950256035113387,1628,0.22481572481572482,0.005528255528255528,0.1517199017199017,0.006756756756756757,0.0214987714987715,0.08580461099545068,0.09249749402421158,33.47820821495834,0.23195894791524738,0.1610606762782004,0.14555224221834817,0.07090803663046046,0.06476699483544222,1.5912790883263639,11,4,9459.745172148323,8.05
2020,8,Fuencarral-El Pardo,7,Mirasierra,087,0.16001995480822842,0.549200898164047,25294,0.11919618278583226,4012.29,0.027973164485444,0.04147550009175996,0.0837768397871169,13.125538715065838,34077,0.007189600023476245,48.73155245395264,3.12,0.1474,0.2304,0,435,0.29195402298850576,0,0.11724137931034483,0.011494252873563218,0.04827586206896552,0.07656190392346744,0.0644129471491035,33.47820821495834,0.23195894791524738,0.1610606762782004,0.14555224221834817,0.07090803663046046,0.06476699483544222,1.5912790883263639,12,4,8861.590582904815,4.97
2020,8,Fuencarral-El Pardo,8,El Goloso,088,0.1632941176470588,0.5490668272125225,22841,0.17184801381692574,5197.95,0.031403377329645585,0.08272884283246977,0.10138169257340242,13.090276155467366,19125,0.008888888888888889,7.218860759971465,3.29,0.0767,0.4918,0.0017331022530329288,492,0.23170731707317074,0.0020325203252032522,0.18089430894308944,0.0040650406504065045,0.05894308943089431,0.09260130718954249,0.09584313725490196,33.47820821495834,0.23195894791524738,0.1610606762782004,0.14555224221834817,0.07090803663046046,0.06476699483544222,1.5912790883263639,13,1,13001.86708747171,4.53
2020,9,Moncloa-Aravaca,1,Casa de Campo,091,0.19392065168200331,0.39790430267062316,20409,0.18029871977240397,3420.86,0.040034611584541364,0.01938122332859175,0.13211237553342817,13.439475432313252,13258,0.006637501885653945,7.59309531173041,2.35,0.2492,0.4264,0.0170316301703163,671,0.35469448584202684,0.005961251862891207,0.22652757078986588,0.004470938897168405,0.037257824143070044,0.07497360084477296,0.06939206516820033,214.3241317840883,0.010802640053735796,0.0025087853697709018,0.15181692255592283,0.008518406261606134,0.08418595859733899,1.085781664537683,2,8,4173.709669904124,8.43
2020,9,Moncloa-Aravaca,2,Argüelles,092,0.22834902392305498,0.5110421152786819,24479,0.23250714966634892,5166.85,0.05820013151363272,0.01744518589132507,0.13832221163012393,15.47709750706702,24537,0.0077026531360802055,323.9207920792079,2.33,0.247,0.36869999999999997,0.012113055181695828,1251,0.3333333333333333,0.009592326139088728,0.18545163868904876,0.013589128697042365,0.012789768185451638,0.10388393039083832,0.09964543342706933,214.3241317840883,0.010802640053735796,0.0025087853697709018,0.15181692255592283,0.008518406261606134,0.08418595859733899,1.085781664537683,2,2,1653.6887926611475,6.69
2020,9,Moncloa-Aravaca,3,Ciudad Universitaria,093,0.19528496779681614,0.5471327572663001,25727,0.16979919678714858,3755.05,0.03127028160177499,0.018152610441767067,0.10570281124497992,14.128928281138297,16458,0.004435532871551829,11.548744289834326,2.63,0.2529,0.32780000000000004,0.03219315895372234,799,0.18397997496871088,0.0012515644555694619,0.17271589486858574,0.006257822277847309,0.058823529411764705,0.08208773848584275,0.07874589865111192,214.3241317840883,0.010802640053735796,0.0025087853697709018,0.15181692255592283,0.008518406261606134,0.08418595859733899,1.085781664537683,5,3,5161.047179825196,5.64
2020,9,Moncloa-Aravaca,4,Valdezarza,094,0.19799383727791253,0.2740074157396992,16073,0.14919743178170145,3224.64,0.02936586549899528,0.026645264847512038,0.1124398073836276,11.751471095198468,30506,0.00865403527174982,218.28980322003576,2.44,0.24760000000000001,0.34369999999999995,0.06008146639511202,636,0.31446540880503143,0.0015723270440251573,0.1069182389937107,0.009433962264150943,0.01729559748427673,0.07660788041696716,0.0767062217268734,214.3241317840883,0.010802640053735796,0.0025087853697709018,0.15181692255592283,0.008518406261606134,0.08418595859733899,1.085781664537683,9,2,5430.4959712467935,9.2
2020,9,Moncloa-Aravaca,5,Valdemarín,095,0.143348623853211,0.6314331871682437,31670,0.15272177419354838,3987.21,0.03610473181918284,0.05897177419354839,0.08669354838709678,15.437170006488186,6976,0.009604357798165137,21.12339137017411,3.51,0.1118,0.3329,0,115,0.11304347826086956,0.043478260869565216,0.26956521739130435,0,0.043478260869565216,0.08357224770642202,0.09288990825688073,214.3241317840883,0.010802640053735796,0.0025087853697709018,0.15181692255592283,0.008518406261606134,0.08418595859733899,1.085781664537683,NA,0,8461.673852404916,3.62
2020,9,Moncloa-Aravaca,6,El Plantío,096,0.14595941616233535,0.5534718702483528,31670,0.09403669724770643,4576.47,0.039675971342559783,0.033256880733944956,0.08142201834862385,16.555559092323797,2809,0.022071911712353152,7.9615668046029135,3.21,0.1972,0.2446,0.004329004329004329,199,0.2964824120603015,0.010050251256281407,0.15577889447236182,0.005025125628140704,0.010050251256281407,0.10110359558561766,0.055535777856888575,214.3241317840883,0.010802640053735796,0.0025087853697709018,0.15181692255592283,0.008518406261606134,0.08418595859733899,1.085781664537683,NA,0,11456.239375587471,3.78
2020,9,Moncloa-Aravaca,7,Aravaca,097,0.15184916606236404,0.5252007978006576,25590,0.11153227659085688,3891.01,0.04799866779646189,0.03560762692396049,0.09062715368711234,12.821860469038226,27580,0.007070340826686004,47.2745971888927,3.16,0.1533,0.2704,0.026143790849673203,637,0.3453689167974882,0.0031397174254317113,0.09733124018838304,0.0141287284144427,0.02197802197802198,0.07842639593908629,0.07411167512690356,214.3241317840883,0.010802640053735796,0.0025087853697709018,0.15181692255592283,0.008518406261606134,0.08418595859733899,1.085781664537683,NA,0,7562.302874208347,4.98
2020,10,Latina,1,Los Cármenes,101,0.1952479919114756,0.1714907018596281,12379,0.15276941601444913,2319.7,0.03468582099518433,0.027543648404575558,0.13034316676700783,9.990247981932843,17803,0.0064034151547491995,137.79411764705884,2.67,0.16899999999999998,0.38670000000000004,0.10053619302949061,336,0.23511904761904762,0,0.15178571428571427,0.005952380952380952,0.0625,0.08228950176936471,0.08285120485311465,78.08507272532489,0.01021654960347318,3.384420303692598e-4,0.03758322407379457,0.0015615954659264598,0.12200430331338612,3.257577565880329,6,1,3189.554438507505,13.77
2020,10,Latina,2,Puerta del Angel,102,0.23372989748894948,0.21025731927087948,12991,0.2016262011713197,2575.67,0.04555937781995367,0.019446181838858247,0.13908000227440723,11.09853980135685,42532,0.007523746825919308,309.2561622918636,2.41,0.2048,0.41409999999999997,0.09191176470588236,1589,0.36815607300188796,0.0012586532410320957,0.1252359974826935,0.00881057268722467,0.010069225928256766,0.10396877645067243,0.10267563246496755,78.08507272532489,0.01021654960347318,3.384420303692598e-4,0.03758322407379457,0.0015615954659264598,0.12200430331338612,3.257577565880329,3,2,2462.0227528519436,11.87
2020,10,Latina,3,Lucero,103,0.19757267087475958,0.17921560402684564,13195,0.1458260197991996,2334.97,0.036212352732305136,0.02022045917292705,0.10559573123639683,10.041972393658787,36913,0.008452306775390784,219.8511018463371,2.58,0.2205,0.419,0.08407382091592618,896,0.3359375,0.0011160714285714285,0.13504464285714285,0.012276785714285714,0.020089285714285716,0.09178338254815377,0.08628396499878092,78.08507272532489,0.01021654960347318,3.384420303692598e-4,0.03758322407379457,0.0015615954659264598,0.12200430331338612,3.257577565880329,5,1,4227.863152996435,11.17
2020,10,Latina,4,Aluche,104,0.1854733727810651,0.15886032986588877,13532,0.1149575197495901,2530.65,0.044812336125709396,0.017588314204799522,0.09222685944253987,9.383082062599959,67600,0.007751479289940829,237.2096287458769,2.51,0.29359999999999997,0.33140000000000003,0.06472968002942259,1957,0.3827286663260092,0.001021972406745018,0.14154317833418498,0.009708737864077669,0.016351558507920288,0.08263313609467456,0.07718934911242603,78.08507272532489,0.01021654960347318,3.384420303692598e-4,0.03758322407379457,0.0015615954659264598,0.12200430331338612,3.257577565880329,6,3,5246.163985037182,10.29
2020,10,Latina,5,Campamento,105,0.2098653807514567,0.18326616772212628,13387,0.13955353562357972,2156.49,0.05121233004347203,0.01964977944125117,0.1042641358107205,10.285574949379503,19908,0.0075848904962829014,21.65937724394543,2.65,0.23370000000000002,0.3846,0.08230958230958231,474,0.31223628691983124,0,0.10337552742616034,0.016877637130801686,0.008438818565400843,0.09749849306811333,0.09619248543299176,78.08507272532489,0.01021654960347318,3.384420303692598e-4,0.03758322407379457,0.0015615954659264598,0.12200430331338612,3.257577565880329,6,1,9136.38284445581,9.43
2020,10,Latina,6,Cuatro Vientos,106,0.1958990001694628,0.25799311362518446,15308,0.2726045883940621,3125.68,0.022538581602967123,0.06027890238416554,0.1273054430949168,13.402162399010937,5901,0.0049144212845280465,10.867203182261838,2.65,0.0639,0.19149999999999998,0,105,0.2,0,0.11428571428571428,0.009523809523809525,0.0380952380952381,0.0830367734282325,0.0860871038806982,78.08507272532489,0.01021654960347318,3.384420303692598e-4,0.03758322407379457,0.0015615954659264598,0.12200430331338612,3.257577565880329,8,1,8640.708002320105,9.3
2020,10,Latina,7,Águilas,107,0.16730403366835137,0.14080253128146125,13323,0.11884460624640736,2212.08,0.03554331939258207,0.019400268250622726,0.09939643609886951,9.377638684129588,52037,0.005323135461306378,144.16278812056737,2.5,0.2759,0.3488,0.017543859649122806,1155,0.412987012987013,0,0.13073593073593073,0.011255411255411256,0.01904761904761905,0.066990795011242,0.06639506504986836,78.08507272532489,0.01021654960347318,3.384420303692598e-4,0.03758322407379457,0.0015615954659264598,0.12200430331338612,3.257577565880329,7,1,6885.9755107490355,10
2020,11,Carabanchel,1,Comillas,111,0.2284327743836388,0.1968706462329868,13131,0.1739852590055019,2756.18,0.04998008637550519,0.020658154261393127,0.12467559431122184,10.823911488319116,23079,0.00571948524632783,346.47950758144424,2.39,0.23309999999999997,0.37829999999999997,0.03871439006574142,856,0.35630841121495327,0.0011682242990654205,0.1191588785046729,0.011682242990654205,0.01985981308411215,0.09887776766757658,0.09835781446336496,83.94939773662945,0.31245524797576224,0.09491902382050833,0.04060049735327045,0.03452984559782465,0.1452712570523759,0.9620282251115408,9,1,2716.71359451771,11.56
2020,11,Carabanchel,2,Opañel,112,0.22014196983141082,0.1695266830096172,12219,0.16902581182348042,2532.89,0.04071356426824915,0.019756263719627583,0.1229278631443494,10.25790781899377,33810,0.005057675244010648,305.3373069628827,2.55,0.20579999999999998,0.3885,0.04543107898812597,1294,0.3222565687789799,0,0.11978361669242658,0.0077279752704791345,0.012364760432766615,0.10964211771665187,0.10065069506063296,83.94939773662945,0.31245524797576224,0.09491902382050833,0.04060049735327045,0.03452984559782465,0.1452712570523759,0.9620282251115408,6,5,3342.7575110293496,10.72
2020,11,Carabanchel,3,San Isidro,113,0.2214753404536062,0.15231041700209305,11370,0.1703239289446186,2554.98,0.046529435357326954,0.020768025078369907,0.12428160919540229,10.307604162058107,40167,0.008614036398038191,211.48317801295212,2.61,0.1882,0.3729,0.0643611911623439,1177,0.29141886151231944,8.496176720475786e-4,0.11894647408666101,0.008496176720475786,0.016992353440951572,0.10212363382876491,0.1005053899967635,83.94939773662945,0.31245524797576224,0.09491902382050833,0.04060049735327045,0.03452984559782465,0.1452712570523759,0.9620282251115408,NA,0,3059.153910492342,14.23
2020,11,Carabanchel,4,Vista Alegre,114,0.21444874882211287,0.13218221304662572,11310,0.12831504343850023,2122.1,0.03928026734041942,0.019490169181527205,0.1071673525377229,9.629522240684862,47755,0.0075803580776882,300.49710546186765,2.72,0.2214,0.35950000000000004,0.035924617196702,2250,0.39244444444444443,0.0026666666666666666,0.12933333333333333,0.009333333333333334,0.012444444444444444,0.09971730708826301,0.09856559522563083,83.94939773662945,0.31245524797576224,0.09491902382050833,0.04060049735327045,0.03452984559782465,0.1452712570523759,0.9620282251115408,7,3,5063.086310850565,11.5
2020,11,Carabanchel,5,Puerta Bonita,115,0.21397077174787166,0.12156659509883765,10273,0.14085505078340288,2054.07,0.04454631130289169,0.025116132587985198,0.11361310133060389,9.602034459764315,36061,0.003993233687363079,224.17630237473577,2.83,0.179,0.4007,0.05299684542586751,966,0.33540372670807456,0.0010351966873706005,0.10248447204968944,0.005175983436853002,0.015527950310559006,0.11860458667258257,0.1069021935054491,83.94939773662945,0.31245524797576224,0.09491902382050833,0.04060049735327045,0.03452984559782465,0.1452712570523759,0.9620282251115408,NA,0,5104.261852587482,12.87
2020,11,Carabanchel,6,Buenavista,116,0.17206309672063097,0.16908495202433887,12884,0.16780684104627766,2355.22,0.03977785778509371,0.038804254096004596,0.11819488358723772,10.90498020961711,48180,0.006454960564549606,85.83339271716667,2.76,0.1366,0.33799999999999997,0.023523763802208355,1364,0.3343108504398827,7.331378299120235e-4,0.13709677419354838,0.008064516129032258,0.019794721407624633,0.08646741386467414,0.08057285180572851,83.94939773662945,0.31245524797576224,0.09491902382050833,0.04060049735327045,0.03452984559782465,0.1452712570523759,0.9620282251115408,10,3,6594.790504863614,9.53
2020,11,Carabanchel,7,Abrantes,117,0.19489754545738078,0.12923219631487962,11034,0.1312751677852349,1951.76,0.03857944667366883,0.026129753914988816,0.09986577181208053,9.423330982357589,32063,0.002869350965287091,204.9277770676211,2.86,0.17420000000000002,0.36579999999999996,0.036926147704590816,720,0.375,0.001388888888888889,0.14166666666666666,0.009722222222222222,0.013888888888888888,0.09821289336618533,0.10183077067024296,83.94939773662945,0.31245524797576224,0.09491902382050833,0.04060049735327045,0.03452984559782465,0.1452712570523759,0.9620282251115408,7,4,4633.638175169047,11.98
2020,12,Usera,1,Orcasitas,121,0.15618408024452193,0.09242813741528394,11301,0.11070285646556834,1747.23,0.023029392962584022,0.02666824700723006,0.09742799573308047,8.237970192018315,23229,0.004304963623057385,171.25479209672665,2.75,0.191,0.41869999999999996,0.0447427293064877,360,0.43333333333333335,0,0.14722222222222223,0.002777777777777778,0.019444444444444445,0.06461750398209135,0.06035558999526454,67.75422321428572,0.07081675782301658,0.07089818168951777,0.016738659699718245,0.10137469047626578,0.17293238344507117,4.4677734375,NA,0,5444.820243803643,12.67
2020,12,Usera,2,Orcasur,122,0.2042874268387279,0.1132903981264637,9692,0.14639261744966442,1761.21,0.025045587120955642,0.02936241610738255,0.1304530201342282,9.820693778155352,14181,0.005218249770820111,102.22013983997694,2.97,0.1436,0.3601,0.02403846153846154,248,0.2782258064516129,0,0.12903225806451613,0,0.016129032258064516,0.09047316832381355,0.08426768210986531,67.75422321428572,0.07081675782301658,0.07089818168951777,0.016738659699718245,0.10137469047626578,0.17293238344507117,4.4677734375,7,1,5034.764224800982,15.53
2020,12,Usera,3,San Fermín,123,0.1854392748742256,0.11244815701851743,10067,0.13600288600288601,1941.35,0.037574855319866624,0.03607503607503607,0.11351611351611351,8.80112868887561,24051,0.006444638476570621,163.01342008946727,2.89,0.14300000000000002,0.32380000000000003,0.01875,413,0.3728813559322034,0.002421307506053269,0.1791767554479419,0.007263922518159807,0.01694915254237288,0.08473660138871565,0.08473660138871565,67.75422321428572,0.07081675782301658,0.07089818168951777,0.016738659699718245,0.10137469047626578,0.17293238344507117,4.4677734375,8,1,5347.446205816762,12.82
2020,12,Usera,4,Almendrales,124,0.22603693883970702,0.12562571618117122,10646,0.1509727626459144,2738.97,0.028245701832003645,0.02153047989623865,0.1138780804150454,9.818469567866655,22253,0.023906888958792075,285.25830021792075,2.88,0.15789999999999998,0.42590000000000006,0.03442340791738382,769,0.3511053315994798,0.0013003901170351106,0.14304291287386217,0.002600780234070221,0.015604681404421327,0.1441154001707635,0.11975913359996405,67.75422321428572,0.07081675782301658,0.07089818168951777,0.016738659699718245,0.10137469047626578,0.17293238344507117,4.4677734375,6,1,3761.5802233954323,12.08
2020,12,Usera,5,Moscardó,125,0.22827563420096186,0.13493153929975837,10771,0.14593664608845258,2033.62,0.03427211137984337,0.01973484465135108,0.11982592854974193,10.05041808381257,27239,0.004662432541576416,299.724911971831,2.75,0.1843,0.3992,0.03990178023327195,1210,0.4214876033057851,8.264462809917355e-4,0.14049586776859505,0.008264462809917356,0.014049586776859505,0.11531260325268916,0.11905723411285289,67.75422321428572,0.07081675782301658,0.07089818168951777,0.016738659699718245,0.10137469047626578,0.17293238344507117,4.4677734375,6,1,3148.644346237265,11.59
2020,12,Usera,6,Zofío,126,0.2133379405666897,0.10182119205298014,10022,0.13131313131313133,1920.8,0.039620106564808855,0.0213903743315508,0.11507229154287978,9.59009091279686,14470,0.0035245335176226677,186.95090439276484,2.85,0.17350000000000002,0.3874,0.0783744557329463,380,0.27631578947368424,0.002631578947368421,0.12368421052631579,0.005263157894736842,0.02631578947368421,0.11465100207325502,0.10760193503800967,67.75422321428572,0.07081675782301658,0.07089818168951777,0.016738659699718245,0.10137469047626578,0.17293238344507117,4.4677734375,NA,0,4309.52274503438,12.11
2020,12,Usera,7,Pradolongo,127,0.23677315047109326,0.07797285334907052,8417,0.13404114134041142,1940.2,0.025460912375248723,0.021400132714001326,0.10899137358991373,9.619361115466827,17937,0.006244076489937002,163.70356849502602,2.96,0.1659,0.4053,0.07940074906367041,850,0.3235294117647059,0.002352941176470588,0.13647058823529412,0.0058823529411764705,0.00823529411764706,0.12783631599487094,0.11462340413670068,67.75422321428572,0.07081675782301658,0.07089818168951777,0.016738659699718245,0.10137469047626578,0.17293238344507117,4.4677734375,NA,0,4353.234146131321,11.91
2020,13,Puente de Vallecas,1,Entrevías,131,0.20330889581753323,0.05946955547254389,9312,0.12506835403484104,1712.29,0.036393871250359616,0.023826263573158347,0.10928833684868369,8.709083952906054,35601,0.006460492682789809,59.614193137862316,2.77,0.18960000000000002,0.40880000000000005,0.05562913907284768,792,0.3106060606060606,0.0012626262626262627,0.17424242424242425,0.005050505050505051,0.021464646464646464,0.08817168057077049,0.08513805791972136,89.30564609101178,0.10408274879752313,0.021395037310453217,0.1709079966684762,2.0324171306136915e-4,0.1250773248307157,2.991380487542466,NA,0,5421.836821736098,15.66
2020,13,Puente de Vallecas,2,San Diego,132,0.252053737575455,0.10971463266545234,8941,0.20192128912302448,1953.47,0.044374847659157834,0.025844437558103502,0.14099783080260303,10.719024973914392,44066,0.010098488630690327,411.87026824936913,2.72,0.135,0.39189999999999997,0.0826797385620915,1750,0.38,0.001142857142857143,0.11485714285714285,0.005142857142857143,0.012,0.14578132800798801,0.14360277765170426,89.30564609101178,0.10408274879752313,0.021395037310453217,0.1709079966684762,2.0324171306136915e-4,0.1250773248307157,2.991380487542466,7,2,4343.126303552097,13.45
2020,13,Puente de Vallecas,3,Palomeras Bajas,133,0.18986015689713978,0.13384215654433257,12097,0.14923503033500396,1963.09,0.031091345333224746,0.023344763914534425,0.12226325507781588,9.291366600613834,41046,0.005506017638746772,238.0996577527699,2.7,0.16469999999999999,0.3668,0.07614942528735633,827,0.3252720677146312,0,0.10761789600967352,0.009673518742442563,0.02781136638452237,0.07608536763631048,0.07947181211323881,89.30564609101178,0.10408274879752313,0.021395037310453217,0.1709079966684762,2.0324171306136915e-4,0.1250773248307157,2.991380487542466,9,2,5299.099733980374,11.81
2020,13,Puente de Vallecas,4,Palomeras Sureste,134,0.2054468596244023,0.1049155609167672,11530,0.1326961271102284,1748.82,0.032238017126977464,0.026067527308838132,0.12611717974180736,9.596961617557213,43291,0.006837448892379479,139.26204722383065,2.68,0.18230000000000002,0.3712,0.09353348729792148,996,0.3092369477911647,0.001004016064257028,0.1214859437751004,0.010040160642570281,0.01104417670682731,0.07920814949989605,0.07705989697627683,89.30564609101178,0.10408274879752313,0.021395037310453217,0.1709079966684762,2.0324171306136915e-4,0.1250773248307157,2.991380487542466,12,2,6728.434764756167,12.23
2020,13,Puente de Vallecas,5,Portazgo,135,0.20972790753672044,0.08687698005443756,10123,0.13518978035107068,1792.21,0.03299225649976875,0.022424409521183714,0.12057715283521735,9.500875467624379,29071,0.006019744762822056,233.44575604272063,2.66,0.2125,0.38799999999999996,0.06084656084656084,924,0.37987012987012986,0,0.11796536796536797,0.007575757575757576,0.011904761904761904,0.08599635375460081,0.08482680334353823,89.30564609101178,0.10408274879752313,0.021395037310453217,0.1709079966684762,2.0324171306136915e-4,0.1250773248307157,2.991380487542466,11,1,5623.053121168555,14.38
2020,13,Puente de Vallecas,6,Numancia,136,0.23230971884905116,0.12340391572675037,10566,0.1722744155560411,2106.4,0.04158802506883938,0.022667686257373827,0.13054402447017696,10.287996253731162,48586,0.008520973119828757,262.754853712617,2.64,0.18280000000000002,0.3677,0.09901800327332243,1455,0.354639175257732,0,0.10721649484536082,0.005498281786941581,0.010309278350515464,0.11087556086115342,0.10663565636191495,89.30564609101178,0.10408274879752313,0.021395037310453217,0.1709079966684762,2.0324171306136915e-4,0.1250773248307157,2.991380487542466,NA,0,4377.421642034768,13.29
2020,14,Moratalaz,1,Pavones,141,0.16579592707111632,0.18060996082820369,13960,0.0965391621129326,2225.09,0.061568719455754456,0.018822100789313904,0.10564663023679417,9.899212299296085,9379,0.004478089348544621,92.88897692383877,2.84,0.2491,0.3575,0.05019305019305019,173,0.2023121387283237,0,0.10982658959537572,0.011560693641618497,0.04046242774566474,0.05789529800618403,0.08945516579592708,206.8501140688375,1.4567524616807188e-4,0.042422351482357304,0.27050858249551823,0.019451308466089202,0.07681929424561257,0.6693984797772843,10,1,6486.612196477242,11.72
2020,14,Moratalaz,2,Horcajo,142,0.13300263525034878,0.31611428571428574,17103,0.13621867881548974,NA,0.02023678108006119,0.03826879271070615,0.11708428246013668,10.191359538706662,6451,0.0013951325375910712,86.48612414532779,2.93,0.0931,0.2755,0.046153846153846156,98,0.32653061224489793,0,0.10204081632653061,0,0,0.044954270655712295,0.05161990389086963,206.8501140688375,1.4567524616807188e-4,0.042422351482357304,0.27050858249551823,0.019451308466089202,0.07681929424561257,0.6693984797772843,NA,0,6656.046602301756,10.02
2020,14,Moratalaz,3,Marroquina,143,0.16119818368243738,0.26027522516344354,17738,0.11338409320245849,2783.03,0.022505129069497844,0.018713879460599946,0.09641317310338501,10.329959591883432,27308,0.005053464186319028,152.55013686386235,2.5,0.2763,0.363,0.06352087114337568,818,0.33007334963325186,0,0.13202933985330073,0.013447432762836185,0.018337408312958436,0.04665299545920609,0.05708949758312582,206.8501140688375,1.4567524616807188e-4,0.042422351482357304,0.27050858249551823,0.019451308466089202,0.07681929424561257,0.6693984797772843,NA,0,5474.216644103787,8.73
2020,14,Moratalaz,4,Media Legua,144,0.18468293225143112,0.2303948832035595,15706,0.1262135922330097,2619.85,0.02939215806735085,0.02163661581137309,0.10651872399445216,10.499819778986451,17993,0.00583560273439671,180.1101101101101,2.49,0.2766,0.3478,0.01967799642218247,405,0.2839506172839506,0,0.1111111111111111,0.014814814814814815,0.03209876543209877,0.06408047574056577,0.07008280998165953,206.8501140688375,1.4567524616807188e-4,0.042422351482357304,0.27050858249551823,0.019451308466089202,0.07681929424561257,0.6693984797772843,7,2,4094.4691665723835,11.26
2020,14,Moratalaz,5,Fontarrón,145,0.19234922980730973,0.15118121578795737,12452,0.13072931680599598,2175.53,0.04049841808927432,0.02306140098010954,0.10521764197174978,9.718422100903291,17593,0.00721878019666913,182.38648144308522,2.53,0.25129999999999997,0.4572,0.019184652278177457,330,0.4696969696969697,0,0.1,0.00909090909090909,0.01818181818181818,0.08042971636446314,0.07974762689706133,206.8501140688375,1.4567524616807188e-4,0.042422351482357304,0.27050858249551823,0.019451308466089202,0.07681929424561257,0.6693984797772843,NA,0,5210.585238894585,11.48
2020,14,Moratalaz,6,Vinateros,146,0.17488215096316126,0.18616144975288304,14123,0.14038699053108275,2405.58,0.037114055412746594,0.022094140249759846,0.09729655550981199,10.186381488586429,17183,0.0065762672408776115,289.2760942760943,2.35,0.2921,0.4597,0.03414634146341464,321,0.4766355140186916,0,0.09034267912772585,0.021806853582554516,0.003115264797507788,0.06651923412675319,0.06919629866728744,206.8501140688375,1.4567524616807188e-4,0.042422351482357304,0.27050858249551823,0.019451308466089202,0.07681929424561257,0.6693984797772843,9,1,5433.702198295059,10.2
2020,15,Ciudad Lineal,1,Ventas,151,0.21180980344180736,0.19010787706085894,13089,0.16896706363047487,2762.8,0.041354486203529384,0.018835019183815836,0.1168468782699686,10.877184741058501,49044,0.007095669195008564,153.35834896810505,2.44,0.2324,0.4279,0.05466012613875263,1608,0.31716417910447764,0,0.11131840796019901,0.009950248756218905,0.01554726368159204,0.09307968354946579,0.09071446048446292,26.33542691744525,0.19763128716445072,0.1768505361498078,0.14452781780626797,0.024045543358482017,0.11054410166145898,1.4859945691839722,8,1,4882.186837215816,10.39
2020,15,Ciudad Lineal,2,Pueblo Nuevo,152,0.2124050712357999,0.17428081235287077,12987,0.14236096754186478,2505.02,0.03975719538236189,0.020177796154641308,0.11627041554682654,10.487520330033691,63732,0.007782589593924559,274.8016557433598,2.63,0.2152,0.36950000000000005,0.03733630537754249,2187,0.34705075445816186,0.0013717421124828531,0.1211705532693187,0.010059442158207591,0.014631915866483767,0.09219858156028368,0.09448942446494697,26.33542691744525,0.19763128716445072,0.1768505361498078,0.14452781780626797,0.024045543358482017,0.11054410166145898,1.4859945691839722,9,3,5945.604635738793,10.21
2020,15,Ciudad Lineal,3,Quintana,153,0.2328023458551276,0.23733648077112227,14357,0.18604206500956022,3221.55,0.04628665305681123,0.02017208413001912,0.13565965583173997,11.696542691285046,25236,0.007211919480107782,348.9973724242843,2.4,0.2167,0.4364,0.03973870440936309,1211,0.3625103220478943,8.257638315441783e-4,0.1180842279108175,0.010734929810074319,0.012386457473162676,0.09533999048977651,0.10021398002853067,26.33542691744525,0.19763128716445072,0.1768505361498078,0.14452781780626797,0.024045543358482017,0.11054410166145898,1.4859945691839722,9,4,5499.8856260243065,9.86
2020,15,Ciudad Lineal,4,La Concepción,154,0.2033003300330033,0.3015667334197196,16816,0.19094167481264254,3753.9,0.046552520195188685,0.024112088628217662,0.12284131638970348,12.097269654194312,21210,0.007024988213107025,239.4175414832374,2.3,0.2375,0.42479999999999996,0.07081403044341496,967,0.31747673216132366,0.004136504653567736,0.14477766287487073,0.008273009307135471,0.025853154084798345,0.08425271098538425,0.08882602545968883,26.33542691744525,0.19763128716445072,0.1768505361498078,0.14452781780626797,0.024045543358482017,0.11054410166145898,1.4859945691839722,8,1,5286.9078554012285,9.4
2020,15,Ciudad Lineal,5,San Pascual,155,0.17670373224705493,0.3275528533922896,19076,0.15520212060967528,4252.92,0.03241023893581915,0.024519549370444003,0.1117296222664016,12.786006903027873,18166,0.004954310249917428,172.56578322409044,2.4,0.2656,0.3333,0.022988505747126436,555,0.3261261261261261,0.0036036036036036037,0.12792792792792793,0.005405405405405406,0.014414414414414415,0.06319497963228009,0.06820433777386326,26.33542691744525,0.19763128716445072,0.1768505361498078,0.14452781780626797,0.024045543358482017,0.11054410166145898,1.4859945691839722,8,1,5179.583389520239,9.02
2020,15,Ciudad Lineal,6,San Juan Bautista,156,0.17034774436090225,0.5083798882681564,24621,0.16096375784571776,3909.33,0.052212678060573836,0.03259769184045353,0.10062765742053047,13.670547701497288,12768,0.004464285714285714,126.31578947368422,2.58,0.2158,0.3328,0.008247422680412371,402,0.291044776119403,0.0024875621890547263,0.1517412935323383,0.012437810945273632,0.017412935323383085,0.06962719298245613,0.0806704260651629,26.33542691744525,0.19763128716445072,0.1768505361498078,0.14452781780626797,0.024045543358482017,0.11054410166145898,1.4859945691839722,8,2,5517.381509267848,6.98
2020,15,Ciudad Lineal,7,Colina,157,0.1871085993584848,0.4909272183449651,22739,0.1928030303030303,4544.25,0.045257236235339206,0.038257575757575754,0.10416666666666667,14.212566105757729,6547,0.007178860546815336,116.97337859567625,2.47,0.226,0.30210000000000004,0.021164021164021163,275,0.19272727272727272,0.01090909090909091,0.09818181818181818,0.01818181818181818,0.03636363636363636,0.08003665801130289,0.09454712081869558,26.33542691744525,0.19763128716445072,0.1768505361498078,0.14452781780626797,0.024045543358482017,0.11054410166145898,1.4859945691839722,NA,0,5876.295736381089,7.73
2020,15,Ciudad Lineal,8,Atalaya,158,0.14604591836734693,0.5198237885462555,28605,0.17801047120418848,NA,0.048664610538749264,0.04363001745200698,0.10471204188481675,15.094339622641506,1568,0.008928571428571428,62.99718762555243,2.71,0.23149999999999998,0.2722,0.023809523809523808,34,0.029411764705882353,0.029411764705882353,0.11764705882352941,0,0.058823529411764705,0.10267857142857142,0.09630102040816327,26.33542691744525,0.19763128716445072,0.1768505361498078,0.14452781780626797,0.024045543358482017,0.11054410166145898,1.4859945691839722,NA,0,6201.670718009656,6.35
2020,15,Ciudad Lineal,9,Costillares,159,0.1562583997849655,0.5288432128219245,25900,0.1228311072275621,4400.22,0.024848289574953435,0.028585694669828986,0.08962676320059917,13.571040366662485,22322,0.005331063524773766,156.4041479820628,2.78,0.2208,0.2822,0.010706638115631691,389,0.27249357326478146,0.010282776349614395,0.13624678663239073,0.007712082262210797,0.033419023136246784,0.06966221664725383,0.07261894095511155,26.33542691744525,0.19763128716445072,0.1768505361498078,0.14452781780626797,0.024045543358482017,0.11054410166145898,1.4859945691839722,11,2,7261.6630548985795,6.02
2020,16,Hortaleza,1,Palomas,161,0.1354819892081085,0.5461206896551725,29357,0.103199639477242,3931.51,0.0675644406870213,0.03785488958990536,0.07886435331230283,14.442930198491636,6857,0.007729327694326965,60.692157904053815,3.08,0.1509,0.1967,0.005952380952380952,144,0.2638888888888889,0.013888888888888888,0.1527777777777778,0.006944444444444444,0.05555555555555555,0.07495989499781246,0.06445967624325506,89.44511699059431,0.2865039456974699,8.372192792119856e-4,0.06034153359977065,0.020722261743045794,0.08253477109032205,2.172129667370072,NA,0,8501.46490391082,5.91
2020,16,Hortaleza,2,Piovera,162,0.15186494962300662,0.5602768698327245,29758,0.1339031339031339,4904.19,0.10146318522352102,0.033577533577533576,0.09991859991859992,14.381316014610952,14987,0.005137786081270434,47.735380303223344,3.04,0.1436,0.24100000000000002,0.005763688760806916,300,0.19333333333333333,0.006666666666666667,0.13666666666666666,0.023333333333333334,0.05333333333333334,0.07479815840395009,0.07886835257222927,89.44511699059431,0.2865039456974699,8.372192792119856e-4,0.06034153359977065,0.020722261743045794,0.08253477109032205,2.172129667370072,NA,0,7272.732325749381,4.87
2020,16,Hortaleza,3,Canillas,163,0.17982413287738153,0.26233361826840884,17487,0.1306716186939028,3354.6,0.03871740361363964,0.020550913030021666,0.10683998761993191,11.83541967703684,40940,0.005593551538837323,162.29930624380574,2.53,0.26489999999999997,0.30219999999999997,0.08935185185185185,1402,0.30813124108416545,0.0014265335235378032,0.11840228245363767,0.017118402282453638,0.02710413694721826,0.06538837322911578,0.06941866145578895,89.44511699059431,0.2865039456974699,8.372192792119856e-4,0.06034153359977065,0.020722261743045794,0.08253477109032205,2.172129667370072,9,2,7296.312864197992,8.54
2020,16,Hortaleza,4,Pinar del Rey,164,0.18841856628674264,0.2059764705882353,15283,0.13349808822157977,2955.26,0.03593787727349755,0.024759861978923808,0.10747925020982933,11.101765333421843,53344,0.006711157768446311,200.18012608826177,2.48,0.2619,0.3393,0.11770981507823614,1504,0.3696808510638298,0.0026595744680851063,0.11303191489361702,0.010638297872340425,0.015292553191489361,0.07204184163167367,0.07365401919616077,89.44511699059431,0.2865039456974699,8.372192792119856e-4,0.06034153359977065,0.020722261743045794,0.08253477109032205,2.172129667370072,7,6,7830.265113595043,10.61
2020,16,Hortaleza,5,Apóstol Santiago,165,0.18177160058925254,0.2478102792926789,15685,0.13453299057412169,3787.62,0.030734717088181762,0.020908311910882604,0.11482433590402742,10.375555722183408,15613,0.005636328700441939,129.55771305285867,2.67,0.2091,0.3652,0.05555555555555555,233,0.3261802575107296,0,0.17167381974248927,0.012875536480686695,0.034334763948497854,0.07423301095241146,0.0739127650035227,89.44511699059431,0.2865039456974699,8.372192792119856e-4,0.06034153359977065,0.020722261743045794,0.08253477109032205,2.172129667370072,12,1,7594.745484802367,9.87
2020,16,Hortaleza,6,Valdefuentes,166,0.2012629272850285,0.5120646088292127,21249,0.18350486261920498,3364.21,0.04488868514687604,0.05816259087904825,0.1277499763950524,13.142390129530906,62078,0.006314636425142563,37.043799976130806,2.92,0.0746,0.22190000000000001,0.00909090909090909,764,0.23036649214659685,0.003926701570680628,0.18717277486910994,0.011780104712041885,0.02617801047120419,0.09434904475015303,0.07922291310931409,89.44511699059431,0.2865039456974699,8.372192792119856e-4,0.06034153359977065,0.020722261743045794,0.08253477109032205,2.172129667370072,NA,0,10287.171310638792,5.92
2020,17,Villaverde,1,"Villaverde Alto, Casco Histórico de Villaverde",171,0.205986365573072,0.08981414781731739,10056,0.13752562402025806,1714.38,0.045199775194843195,0.025021102134330158,0.1175690341251658,8.658484201633282,46940,0.0051129100979974435,50.72620385579666,2.82,0.1641,0.3896,0.02901530728809687,2606,0.22755180353031465,3.837298541826554e-4,0.06523407521105141,0.00422102839600921,0.014965464313123561,0.09663400085215168,0.08977417980400511,125.09066436861742,0.36882493860329363,0.02623336703657334,0.08528133020213391,0.017988151009267473,0.13607615443434984,1.053487741585654,11,2,8429.32700119977,14.98
2020,17,Villaverde,2,San Cristóbal,172,0.23440442561205274,0.05631762801397291,6916,0.11850711812235475,1375.61,0.030549343752779234,0.024047710657945365,0.09599846094651789,8.006281502022338,16992,0.007827212806026366,156.96997690531177,3.25,0.1188,0.4885,0.034403669724770644,284,0.4154929577464789,0,0.15492957746478872,0.007042253521126761,0.028169014084507043,0.1379472693032015,0.1252942561205273,125.09066436861742,0.36882493860329363,0.02623336703657334,0.08528133020213391,0.017988151009267473,0.13607615443434984,1.053487741585654,NA,0,8593.62312004166,17.34
2020,17,Villaverde,3,Butarque,173,0.19749028981177175,0.14539949785851425,11666,0.1598966556624085,1874.74,0.04113493211737797,0.05569111525764318,0.14008899095737046,9.321451253510961,20082,0.01294691763768549,31.498705983844406,2.87,0.0872,0.24109999999999998,0.018912529550827423,314,0.3089171974522293,0,0.12420382165605096,0.01592356687898089,0.01910828025477707,0.1080071706005378,0.07618763071407231,125.09066436861742,0.36882493860329363,0.02623336703657334,0.08528133020213391,0.017988151009267473,0.13607615443434984,1.053487741585654,NA,0,9220.485082086132,10.38
2020,17,Villaverde,4,Los Rosales,174,0.18503607654501725,0.1095458889321488,11064,0.12337124350380357,1818.14,0.039192801939906013,0.02372523913534684,0.1142577389470513,8.871549980171478,38252,0.004731778730523894,248.27675731810217,2.87,0.1671,0.3186,0.05067350865939705,958,0.3945720250521921,0,0.11795407098121086,0.010438413361169102,0.017745302713987474,0.08498902018195127,0.08783854438983582,125.09066436861742,0.36882493860329363,0.02623336703657334,0.08528133020213391,0.017988151009267473,0.13607615443434984,1.053487741585654,10,1,6973.898781754612,12.01
2020,17,Villaverde,5,Ángeles,175,0.19247733398676795,0.11541757556871299,11982,0.11030361757105943,1761.69,0.03330031367843761,0.02212532299741602,0.09722222222222222,8.465664911239703,32648,0.006493506493506494,168.69735958249368,2.63,0.2541,0.4094,0.023785926660059464,771,0.4578469520103761,0,0.10765239948119326,0.005188067444876783,0.011673151750972763,0.10028179367802009,0.08456873315363882,125.09066436861742,0.36882493860329363,0.02623336703657334,0.08528133020213391,0.017988151009267473,0.13607615443434984,1.053487741585654,9,1,6844.387373280107,12.48
2020,18,Villa de Vallecas,1,Casco Histórico de Vallecas,181,0.20249039350162945,0.08285981683267599,10236,0.14809119475830715,1975.6,0.04605217299821868,0.027679347462726482,0.12114728889483185,9.82360789449911,41118,0.006590787489663894,9.552129238789291,2.74,0.16469999999999999,0.3361,0.03383838383838384,2701,0.1751203258052573,0.0037023324694557573,0.07108478341355054,0.006664198445020363,0.009255831173639394,0.08555863612043388,0.09382752079381293,244.59903152760845,0.08080151531318966,0.01118962248871107,0.5364791735054638,0.0015477587839780212,0.09033114433421825,0.53649190036579,14,4,10796.279013944326,14.52
2020,18,Villa de Vallecas,2,Santa Eugenia,182,0.19201390292203854,0.17176374161159777,14894,0.09113979918349333,2110.49,0.06326954395348827,0.018095553348780758,0.10967670749200044,8.532033509118806,24743,0.004728610111950855,118.94529372175752,2.72,0.2191,0.2414,0.0390625,491,0.3625254582484725,0,0.11812627291242363,0.016293279022403257,0.038696537678207736,0.05205512670250172,0.058602433011356744,244.59903152760845,0.08080151531318966,0.01118962248871107,0.5364791735054638,0.0015477587839780212,0.09033114433421825,0.53649190036579,NA,0,8760.143905748453,10.69
2020,18,Villa de Vallecas,3,Ensanche de Vallecas,183,0.2713290712637105,0.2808196962995725,14540,0.2878858143968671,2841.85,0.03728664098028567,0.056577523573968155,0.1728242386767661,12.00450461557464,48959,0.012030474478645397,77.20900159278358,2.52,0.046,0.2511,0.0044742729306487695,671,0.45007451564828616,0,0.15946348733233978,0.007451564828614009,0.019374068554396422,0.11156273616699687,0.09219959557997508,244.59903152760845,0.08080151531318966,0.01118962248871107,0.5364791735054638,0.0015477587839780212,0.09033114433421825,0.53649190036579,16,1,10345.169422666564,8.61
2020,19,Vicalvaro,1,Casco Histórico de Vicálvaro,191,0.19682992284468298,0.0933234968646256,10586,0.12807476635514017,2211.77,0.08526172873816645,0.025345794392523366,0.11334579439252336,9.61472661568947,35772,0.00550710052555071,16.642629174381927,2.67,0.2079,0.3751,0.06884681583476764,1151,0.34578627280625546,8.688097306689834e-4,0.12423979148566464,0.01216333622936577,0.01737619461337967,0.08271832718327184,0.0772950911327295,213.90490765811276,0.17041995047969205,0.0023059240346756295,0.16086179985385463,0.00890451758040507,0.09474935177182368,9.736647134101165,11,4,11070.107694737308,13.35
2020,19,Vicalvaro,2,Valdebernardo,192,0.14729895984789174,0.2346987189625178,15054,0.13298565840938723,2620.36,0.021396223410024347,0.02346805736636245,0.12141460234680573,8.5633192246569,17882,0.0016776646907504754,69.98551915776291,2.91,0.1161,0.2531,0.033766233766233764,315,0.3873015873015873,0,0.12380952380952381,0.0031746031746031746,0.03492063492063492,0.05133653953696454,0.06112291689967565,213.90490765811276,0.17041995047969205,0.0023059240346756295,0.16086179985385463,0.00890451758040507,0.09474935177182368,9.736647134101165,NA,0,7725.943998639332,10.87
2020,19,Vicalvaro,3,Valderrivas,193,0.10620636578527844,0.28089406525648714,15515,0.16085240726124703,3018.37,0.01809551328094464,0.058879242304656666,0.11775848460931333,9.976014151596013,18191,0.0019790006046946293,282.82027363184085,2.87,0.0594,0.2623,0,93,0.3763440860215054,0,0.15053763440860216,0.021505376344086023,0,0.04133912374251003,0.05299323841460063,213.90490765811276,0.17041995047969205,0.0023059240346756295,0.16086179985385463,0.00890451758040507,0.09474935177182368,9.736647134101165,NA,0,8888.946651932158,6.68
2020,19,Vicalvaro,4,El Cañaveral,194,0.3087866108786611,0.2396259497369959,15673,0.27897435897435896,2147.81,0.03778392733135353,0.033846153846153845,0.21846153846153846,9.356156389807431,2390,0.28661087866108786,2.2601968924656948,2.46,0.0317,0.0789,0,21,0.42857142857142855,0,0.23809523809523808,0.047619047619047616,0,0.8460251046025105,0.0397489539748954,213.90490765811276,0.17041995047969205,0.0023059240346756295,0.16086179985385463,0.00890451758040507,0.09474935177182368,9.736647134101165,NA,0,13555.04820544874,5.06
2020,20,San Blas-Canillejas,1,Simancas,201,0.21101491603212683,0.20616375344986201,14010,0.18222905179426918,2553.12,0.05252101709298468,0.030100334448160536,0.13649100605622344,12.576861613667129,28761,0.00893571155384027,126.34977814875016,2.59,0.1553,0.43829999999999997,0.025513819985825654,1126,0.23268206039076378,0.007992895204262877,0.1714031971580817,0.011545293072824156,0.015985790408525755,0.10385591599735754,0.10392545460867146,81.17375736845035,0.08570264176132221,0.11629377861838808,0.055705293186844085,0.010140608763562951,0.09828063167557778,1.7752321100520199,11,2,7030.432045184826,10.5
2020,20,San Blas-Canillejas,2,Hellín,202,0.19982947884471916,0.09340958605664489,10711,0.13679118516527816,1699.42,0.031695211323046424,0.019887127116366567,0.10239183015318462,10.551518289104294,9383,0.010764147927102206,170.41409371594622,2.51,0.2256,0.584,0.06611570247933884,91,0.4175824175824176,0,0.0989010989010989,0.01098901098901099,0.03296703296703297,0.10902696365767878,0.08536715336246403,81.17375736845035,0.08570264176132221,0.11629377861838808,0.055705293186844085,0.010140608763562951,0.09828063167557778,1.7752321100520199,NA,0,7594.896410828338,13.91
2020,20,San Blas-Canillejas,3,Amposta,203,0.21568186924286678,0.07744908577374758,9354,0.16050469483568075,1799.06,0.036593590377114654,0.029636150234741785,0.11003521126760564,10.83782342952048,8902,0.009548416086272748,240.3996759384283,2.6,0.1845,0.518,0.06637168141592921,230,0.4608695652173913,0,0.13043478260869565,0.008695652173913044,0.008695652173913044,0.11795102224219277,0.10727926308694676,81.17375736845035,0.08570264176132221,0.11629377861838808,0.055705293186844085,0.010140608763562951,0.09828063167557778,1.7752321100520199,13,1,7068.52015726901,16.03
2020,20,San Blas-Canillejas,4,Arcos,204,0.17560857454281215,0.13454110222512378,12206,0.13184988375954831,2806.11,0.029566041201785492,0.02524078379275988,0.12000442820768294,10.546163559273666,24771,0.010496144685317508,189.78700582286237,2.73,0.1752,0.4384,0.027972027972027972,349,0.45272206303724927,0,0.14613180515759314,0.017191977077363897,0.014326647564469915,0.08061846514068871,0.069355294497598,81.17375736845035,0.08570264176132221,0.11629377861838808,0.055705293186844085,0.010140608763562951,0.09828063167557778,1.7752321100520199,10,2,7390.381770409414,12.27
2020,20,San Blas-Canillejas,5,Rosas,205,0.12866066103769735,0.2610611590848393,17154,0.11932124259292512,3499.95,0.024820851354484127,0.0299874304183875,0.11070210091578381,10.50029857641362,31859,0.0030760538623308955,34.269886516430915,2.85,0.14150000000000001,0.2713,0.023725834797891036,872,0.26146788990825687,0,0.23623853211009174,0.008027522935779817,0.0194954128440367,0.047898552999152515,0.05405066072381431,81.17375736845035,0.08570264176132221,0.11629377861838808,0.055705293186844085,0.010140608763562951,0.09828063167557778,1.7752321100520199,12,3,9425.773230671271,6.78
2020,20,San Blas-Canillejas,6,Rejas,206,0.22006920415224915,0.34043742017879947,16454,0.2260374050263004,2657.17,0.06960820317966791,0.04281122150789012,0.15561075394506138,11.865796267256577,17340,0.007151095732410611,34.571445660625635,2.53,0.11109999999999999,0.3954,0.012711864406779662,718,0.29526462395543174,0.022284122562674095,0.11559888579387187,0.009749303621169917,0.036211699164345405,0.11678200692041522,0.12462514417531718,81.17375736845035,0.08570264176132221,0.11629377861838808,0.055705293186844085,0.010140608763562951,0.09828063167557778,1.7752321100520199,NA,0,11809.638279292905,7.72
2020,20,San Blas-Canillejas,7,Canillejas,207,0.20113917101290146,0.1568361680731057,13124,0.12523839796567068,2417.52,0.056424447213112766,0.02116065752429389,0.11379529561347743,10.17178481919066,29144,0.005936041723853967,182.41221756274643,2.64,0.22920000000000001,0.33490000000000003,0.0407503234152652,968,0.38739669421487605,0.0010330578512396695,0.13326446280991736,0.010330578512396695,0.01652892561983471,0.08917787537743618,0.08619269832555586,81.17375736845035,0.08570264176132221,0.11629377861838808,0.055705293186844085,0.010140608763562951,0.09828063167557778,1.7752321100520199,13,1,8480.247381347568,10.69
2020,20,San Blas-Canillejas,8,El Salvador,208,0.16204709357893823,0.3811354897082108,22115,0.13365539452495975,3192.05,0.03792949739941654,0.022774327122153208,0.10167931907062341,11.2978855786171,11509,0.00530019984360066,61.214828998457534,2.64,0.21109999999999998,0.3306,0.023323615160349854,227,0.19383259911894274,0.00881057268722467,0.18061674008810572,0.01762114537444934,0.039647577092511016,0.06308106699105048,0.06403684073333912,81.17375736845035,0.08570264176132221,0.11629377861838808,0.055705293186844085,0.010140608763562951,0.09828063167557778,1.7752321100520199,12,1,6971.53446021352,7.34
2020,21,Barajas,1,Alameda de Osuna,211,0.14297208951470958,0.38302152484409574,21309,0.09571001900624491,4015.02,0.032136398824015075,0.03203909856095574,0.07724680966603313,10.797721738386159,19885,0.0077948202162434,100.92371720042632,2.69,0.2581,0.19649999999999998,0.00597609561752988,373,0.34048257372654156,0.0160857908847185,0.1447721179624665,0.010723860589812333,0.045576407506702415,0.059240633643449836,0.06361579079708322,152.4460781929104,0.24271211975092474,0,0.22853695938483207,0.14314163470275026,0.07590481903619276,1.293911240480083,14,2,10536.67663481015,6.65
2020,21,Barajas,2,Aeropuerto,212,0.22280334728033474,0.10027662517289074,10556,0.16595744680851063,NA,0.0448689715921603,0.031205673758865248,0.11914893617021277,10,1912,0.006276150627615063,0.645376880520892,2.7,0.15109999999999998,0.4181,0.015817223198594025,457,0.36323851203501095,0.006564551422319475,0.22975929978118162,0.002188183807439825,0.00437636761487965,0.09937238493723849,0.0899581589958159,152.4460781929104,0.24271211975092474,0,0.22853695938483207,0.14314163470275026,0.07590481903619276,1.293911240480083,10,2,13762.923551699036,10.3
2020,21,Barajas,3,Casco Histórico de Barajas,213,0.24691838588296353,0.1460619754680439,13245,0.2022047244094488,2697.8,0.06656261160472837,0.02204724409448819,0.1631496062992126,11.348464088337927,7707,0.0053198391073050475,140.28030578813252,2.42,0.1856,0.33240000000000003,0.06728971962616823,375,0.344,0.04,0.192,0.029333333333333333,0.013333333333333334,0.09601660827818866,0.11223562994680161,152.4460781929104,0.24271211975092474,0,0.22853695938483207,0.14314163470275026,0.07590481903619276,1.293911240480083,NA,0,12378.237526796634,10.65
2020,21,Barajas,4,Timón,214,0.21510048886474742,0.3029366306027821,16789,0.19327024185068348,2639.48,0.04483950713046163,0.049631966351209256,0.1366982124079916,11.453480760697483,12887,0.025452005897416,25.295907351064873,2.7,0.10550000000000001,0.2957,0.019021739130434784,259,0.2277992277992278,0.015444015444015444,0.17374517374517376,0.007722007722007722,0.02702702702702703,0.10646387832699619,0.07457127337627066,152.4460781929104,0.24271211975092474,0,0.22853695938483207,0.14314163470275026,0.07590481903619276,1.293911240480083,11,1,10920.45258282059,7.44
2020,21,Barajas,5,Corralejos,215,0.11909360113299858,0.4954581358609795,25412,0.145489443378119,3660.35,0.037936304462518576,0.053742802303262956,0.11861804222648753,13.553640122386124,7767,0.007982490021887473,16.587293112653498,2.98,0.09939999999999999,0.29960000000000003,0,235,0.08936170212765958,0.02127659574468085,0.3617021276595745,0.00425531914893617,0.03829787234042553,0.0763486545641818,0.08201364748294064,152.4460781929104,0.24271211975092474,0,0.22853695938483207,0.14314163470275026,0.07590481903619276,1.293911240480083,9,1,9762.83872924395,5.34
2021,1,Centro,1,Palacio,011,0.2708921572759071,0.45595367712560625,20536,0.3338499956944803,4851.23,0.10318417126722576,0.015758202014983208,0.18625678119349007,14.87628159429804,23729,0.007417084580049728,160.51,2.03,0.18789999999999998,0.3132,0.025979945305378303,1706,0.29601406799531066,0.022274325908558032,0.3376318874560375,0.010550996483001172,0.0246189917936694,0.1652829870622445,0.13439251548737832,310.704741503735,0.37110798741642215,0.13769005319087085,0.019109071378489495,0.025501319794788604,0.18335268628395027,0.8307928439165546,1,4,834.2995407682666,8.12
2021,1,Centro,2,Embajadores,012,0.3377167143578522,0.3875381826309385,15808,0.3660122048288671,4300.67,0.10715303820905572,0.015875121606084727,0.2005837092066861,14.811679049259071,47528,0.015422487796667227,455.13,2.09,0.13449999999999998,0.3342,0.027791687531296946,3061,0.4799085266252859,0.012087553087226397,0.16563214635739953,0.0035935968637700096,0.01470107807905913,0.20114458845312236,0.16912136004039724,310.704741503735,0.37110798741642215,0.13769005319087085,0.019109071378489495,0.025501319794788604,0.18335268628395027,0.8307928439165546,1,7,913.3758849186464,8.27
2021,1,Centro,3,Cortes,013,0.31052922736492716,0.4996236963767337,20795,0.364067055393586,5049.77,0.14262848976581227,0.01293731778425656,0.19424198250728864,15.37740670655669,10846,0.018163378203946156,181.98,1.97,0.1698,0.3024,0.006545454545454545,1194,0.3065326633165829,0.04020100502512563,0.3609715242881072,0.005025125628140704,0.03015075376884422,0.21823713811543427,0.163193804167435,310.704741503735,0.37110798741642215,0.13769005319087085,0.019109071378489495,0.025501319794788604,0.18335268628395027,0.8307928439165546,1,1,710.3836290668983,6.01
2021,1,Centro,4,Justicia,014,0.3093312937062937,0.5239014347294602,24522,0.3675366864568164,6166.2,0.12879737762237764,0.01445054329562003,0.20096336955304134,16.36231960774425,18304,0.016608391608391608,243.72,2.04,0.1547,0.33630000000000004,0.0023629489603024575,1952,0.44723360655737704,0.01485655737704918,0.2581967213114754,0.004610655737704918,0.0194672131147541,0.1870083041958042,0.15548513986013987,310.704741503735,0.37110798741642215,0.13769005319087085,0.019109071378489495,0.025501319794788604,0.18335268628395027,0.8307928439165546,2,3,971.425331535661,6.39
2021,1,Centro,5,Universidad,015,0.33737343656938656,0.47419175801304286,19918,0.3772617433842164,4977.11,0.11487826086956524,0.013496787882359876,0.19926916956444862,15.840281633463752,33580,0.01563430613460393,352.5,1.97,0.1566,0.32770000000000005,0.0320962888665998,2432,0.37787828947368424,0.013980263157894737,0.2578125,0.006167763157894737,0.025082236842105265,0.1838892197736748,0.15729600952948183,310.704741503735,0.37110798741642215,0.13769005319087085,0.019109071378489495,0.025501319794788604,0.18335268628395027,0.8307928439165546,2,6,952.2311828537734,6.85
2021,1,Centro,6,Sol,016,0.31593338304747703,0.4420150686955237,17636,0.36713735558408217,5113.98,0.1467705195128014,0.013093709884467265,0.1969191270860077,14.57416127027456,8046,0.01391996022868506,171.17,2.05,0.16190000000000002,0.2852,5.399568034557236e-4,1626,0.46801968019680196,0.02706027060270603,0.28843788437884377,0,0.01845018450184502,0.228685060899826,0.1558538404175988,310.704741503735,0.37110798741642215,0.13769005319087085,0.019109071378489495,0.025501319794788604,0.18335268628395027,0.8307928439165546,0,7,0,6.74
2021,2,Arganzuela,1,Imperial,021,0.1999823804070126,0.4072291791983376,20720,0.20294972995429997,3561.44,0.037603629636155406,0.016618196925633568,0.14281262982966347,13.930109009894618,22702,0.008633600563826976,236.73,2.35,0.22329999999999997,0.33409999999999995,0.019036954087346025,736,0.30434782608695654,0.005434782608695652,0.13994565217391305,0.03260869565217391,0.02309782608695652,0.09721610430799049,0.08889084662144305,116.61169124858057,0.009666439483377648,0.10042003074685807,0.043430804706742744,0.0018439915160991243,0.0802953780722626,2.8981926278997086,NA,0,1701.7018392735265,6.8
2021,2,Arganzuela,2,Acacias,022,0.2150831873905429,0.4140355576388656,21644,0.19187023394080394,4195.41,0.03259864273204904,0.019064236784283314,0.13396665374176037,14.060489048344825,36544,0.0021070490367775833,343.96,2.35,0.2415,0.2815,0.014275517487508922,1186,0.3111298482293423,0.0016863406408094434,0.13069139966273188,0.010961214165261383,0.02951096121416526,0.09027473730297723,0.08606063922942207,116.61169124858057,0.009666439483377648,0.10042003074685807,0.043430804706742744,0.0018439915160991243,0.0802953780722626,2.8981926278997086,4,2,1817.5811850440869,6.39
2021,2,Arganzuela,3,Chopera,023,0.24327537524149204,0.3091095189355169,16466,0.20032460004637143,3553.34,0.03612487244266113,0.014722930674704381,0.1479248782749826,13.322223080333552,20187,0.004854609402090454,357.3,2.33,0.2255,0.377,0.024615384615384615,745,0.38926174496644295,0.004026845637583893,0.1395973154362416,0.006711409395973154,0.020134228187919462,0.12027542477832268,0.11512359439243078,116.61169124858057,0.009666439483377648,0.10042003074685807,0.043430804706742744,0.0018439915160991243,0.0802953780722626,2.8981926278997086,5,1,2545.018386497575,7.67
2021,2,Arganzuela,4,Legazpi,024,0.20707019328585963,0.48462828395751817,22633,0.22030777324740233,4375.25,0.03222197355035605,0.031040378797842955,0.1716427725897672,14.84840688550718,19660,0.00681586978636826,140.05,2.57,0.0975,0.2237,0.023809523809523808,464,0.25646551724137934,0,0.16810344827586207,0.008620689655172414,0.023706896551724137,0.10325534079348932,0.1020854526958291,116.61169124858057,0.009666439483377648,0.10042003074685807,0.043430804706742744,0.0018439915160991243,0.0802953780722626,2.8981926278997086,5,1,3482.173002857998,4.77
2021,2,Arganzuela,5,Delicias,025,0.22754050073637702,0.40396368865719934,19671,0.21867072552004058,3898.72,0.043242520513359986,0.021647217994249957,0.15161508540503973,14.26691699741014,28518,0.01016901606003226,267.69,2.4,0.1702,0.3128,0.00708502024291498,829,0.35705669481302776,0.0024125452352231603,0.16164053075995174,0.014475271411338963,0.013268998793727383,0.12322042218949436,0.11277088154849568,116.61169124858057,0.009666439483377648,0.10042003074685807,0.043430804706742744,0.0018439915160991243,0.0802953780722626,2.8981926278997086,4,2,2594.8558234431603,5.94
2021,2,Arganzuela,6,Palos de la Frontera,026,0.26589795997069143,0.3960423505478755,18709,0.26080325368581597,3945.48,0.05281111025413597,0.017624131503135063,0.17285205897305542,14.207057972361353,25931,0.011492036558559253,405.42,2.18,0.2073,0.3496,0.009689922480620155,1349,0.3313565604151223,0.004447739065974796,0.15270570793180133,0.014084507042253521,0.015567086730911787,0.1300759708457059,0.13150283444525857,116.61169124858057,0.009666439483377648,0.10042003074685807,0.043430804706742744,0.0018439915160991243,0.0802953780722626,2.8981926278997086,3,1,1750.0535321095113,7.19
2021,2,Arganzuela,7,Atocha,027,0.1813793103448276,0.35948361469712015,19316,0.19423076923076923,5742.49,0.03158965517241379,0.023076923076923078,0.15,13.138043478260867,1450,0.1406896551724138,16.46,2.78,0.1025,0.223,0,167,0.3532934131736527,0,0.18562874251497005,0,0.005988023952095809,0.17862068965517242,0.05172413793103448,116.61169124858057,0.009666439483377648,0.10042003074685807,0.043430804706742744,0.0018439915160991243,0.0802953780722626,2.8981926278997086,4,2,2733.936865934582,5.97
2021,3,Retiro,1,Pacífico,031,0.2112201288147836,0.4178450071248493,21092,0.19323076923076923,4172.72,0.038301378438572196,0.017094017094017096,0.1314188034188034,13.92008388089254,33226,0.01062420995605851,445.33,2.26,0.2572,0.34020000000000006,0.007138221933809215,1245,0.43775100401606426,0.001606425702811245,0.1285140562248996,0.00963855421686747,0.017670682730923693,0.1107265394570517,0.09989165111659544,107.84223407113828,0.056371741352303134,0.1499790650225461,0.20179183897768785,0.02193879526106877,0.06769739450222256,1.168004567897088,5,2,2621.7747784918915,5.98
2021,3,Retiro,2,Adelfas,032,0.20599390993108607,0.41608297413793105,21853,0.19114998713660922,4465.68,0.029109306052673756,0.022639567790069464,0.1429122716748135,14.018177185683607,18719,0.01169934291361718,293.15,2.4,0.2218,0.28300000000000003,0.0019342359767891683,408,0.26715686274509803,0.00980392156862745,0.12254901960784313,0.012254901960784314,0.014705882352941176,0.10657620599390993,0.09396869490891607,107.84223407113828,0.056371741352303134,0.1499790650225461,0.20179183897768785,0.02193879526106877,0.06769739450222256,1.168004567897088,6,1,3369.150445677532,6.37
2021,3,Retiro,3,Estrella,033,0.1629203769343823,0.4802173913043478,24309,0.09676679660628296,4008.15,0.021176156306734674,0.01582205916074295,0.0793396010089429,12.601393430329791,23134,0.007521397077894009,227.73,2.64,0.3105,0.3225,0.007633587786259542,435,0.3471264367816092,0.0022988505747126436,0.09655172413793103,0.013793103448275862,0.01839080459770115,0.06881646062073139,0.06942163050056194,107.84223407113828,0.056371741352303134,0.1499790650225461,0.20179183897768785,0.02193879526106877,0.06769739450222256,1.168004567897088,NA,0,3330.2473893528722,5.17
2021,3,Retiro,4,Ibiza,034,0.20668664975789716,0.49022651489019203,23577,0.20088134135855545,5556.97,0.062477426792713855,0.020206362854686157,0.12360275150472914,15.70836700130852,21685,0.014802859119206825,447.04,2.32,0.2491,0.35719999999999996,9.099181073703367e-4,1020,0.4666666666666667,9.80392156862745e-4,0.2019607843137255,0.00784313725490196,0.0058823529411764705,0.12847590500345862,0.11381139036200139,107.84223407113828,0.056371741352303134,0.1499790650225461,0.20179183897768785,0.02193879526106877,0.06769739450222256,1.168004567897088,5,1,2569.6134139034625,5.8
2021,3,Retiro,5,Los Jerónimos,035,0.18200086120281325,0.5205137352836247,27523,0.1819164265129683,6623.76,0.06628004880149274,0.018371757925072046,0.10446685878962536,14.335533401214247,6967,0.013492177407779532,36.96,2.5,0.2591,0.3944,0.0024752475247524753,358,0.2569832402234637,0.0223463687150838,0.22346368715083798,0.008379888268156424,0.04748603351955307,0.12745801636285345,0.09789005310750681,107.84223407113828,0.056371741352303134,0.1499790650225461,0.20179183897768785,0.02193879526106877,0.06769739450222256,1.168004567897088,3,1,1693.9135147130908,4.43
2021,3,Retiro,6,Niño Jesús,036,0.16294512076036716,0.5563762947868908,27824,0.12185243880964959,5415.86,0.03155433240023436,0.017432646592709985,0.0794153900334566,14.600578891185423,15361,0.007226092051298744,240.35,2.69,0.2688,0.3204,0.0069084628670120895,485,0.2536082474226804,0,0.12577319587628866,0.004123711340206186,0.018556701030927835,0.08521580626261312,0.08436950719354208,107.84223407113828,0.056371741352303134,0.1499790650225461,0.20179183897768785,0.02193879526106877,0.06769739450222256,1.168004567897088,6,3,2715.894782460416,4.96
2021,4,Salamanca,1,Recoletos,041,0.21175646414469496,0.6083500602167804,30785,0.2660522737573652,8348.93,0.1009825499936314,0.017676386161051518,0.1157274512766279,18.27633760287909,15702,0.012546172462106738,181.48,2.36,0.23190000000000002,0.3275,0,1699,0.5874043555032372,0.011183048852266038,0.16597998822836962,0.004708652148322542,0.012360211889346674,0.16558400203795695,0.12431537383772767,54.227338256049414,0.04690937693659479,0.3806136427590458,0.023309375688317494,0.12292650962800128,0.11629547446855139,0.8624980397771823,5,2,1781.6869772844016,3.66
2021,4,Salamanca,2,Goya,042,0.23957031381954533,0.5344734548171516,25252,0.23332065424115633,5994.11,0.0761392764246867,0.01627995435526816,0.1379231647014074,15.95721564317954,29603,0.014660676282809175,388.75,2.24,0.2382,0.3411,9.794319294809011e-4,1895,0.4554089709762533,0.002638522427440633,0.18469656992084432,0.008970976253298154,0.017414248021108178,0.15319393304732629,0.12336587508022835,54.227338256049414,0.04690937693659479,0.3806136427590458,0.023309375688317494,0.12292650962800128,0.11629547446855139,0.8624980397771823,4,6,2696.9525342198763,5.02
2021,4,Salamanca,3,Fuente del Berro,043,0.23058655901211114,0.43564989822622857,21011,0.21864882365637817,5028.14,0.05799527428164332,0.01715950787826462,0.1330671271314483,14.500258605283486,21055,0.01363096651626692,249.23,2.26,0.24309999999999998,0.36810000000000004,0.010771992818671455,889,0.296962879640045,0,0.12935883014623173,0.0022497187851518562,0.02924634420697413,0.13113274756589885,0.11564948943243886,54.227338256049414,0.04690937693659479,0.3806136427590458,0.023309375688317494,0.12292650962800128,0.11629547446855139,0.8624980397771823,7,1,3556.017728248135,6.54
2021,4,Salamanca,4,Guindalera,044,0.22579879409390874,0.4871582435791218,22566,0.21203615337113343,4568.96,0.047967245881403414,0.017683714141357436,0.12996126424521418,14.599106732954521,42126,0.013293452974410104,263.95,2.35,0.23989999999999997,0.39549999999999996,0.008729388942774006,1699,0.3260741612713361,0.009417304296645085,0.12124779281930548,0.007062978222483814,0.02413184226015303,0.12918387694060676,0.11157005174951337,54.227338256049414,0.04690937693659479,0.3806136427590458,0.023309375688317494,0.12292650962800128,0.11629547446855139,0.8624980397771823,7,3,3851.5103356300488,5.93
2021,4,Salamanca,5,Lista,045,0.24456728936332445,0.5376700177409817,24732,0.23167951362501357,5691.87,0.07457826915745332,0.017913364455542286,0.13114754098360656,16.165567231686076,20984,0.013295844452916507,407.74,2.27,0.23809999999999998,0.3547,8.210180623973727e-4,1133,0.3989408649602824,0.00617828773168579,0.19240953221535745,0.00529567519858782,0.0176522506619594,0.15254479603507434,0.12361799466260008,54.227338256049414,0.04690937693659479,0.3806136427590458,0.023309375688317494,0.12292650962800128,0.11629547446855139,0.8624980397771823,5,5,2933.1991116906975,4.79
2021,4,Salamanca,6,Castellana,046,0.22934232715008432,0.5829646847117043,29751,0.2465812580970203,6933.03,0.09539129499331278,0.014394702749388226,0.1151576219951058,17.487949093074523,17197,0.01058324126301099,223.65,2.47,0.23199999999999998,0.3296,0.00156128024980484,1165,0.4334763948497854,0.008583690987124463,0.19313304721030042,0.006008583690987125,0.020600858369098713,0.1610746060359365,0.12339361516543583,54.227338256049414,0.04690937693659479,0.3806136427590458,0.023309375688317494,0.12292650962800128,0.11629547446855139,0.8624980397771823,5,1,2491.069128422304,3.37
2021,5,Chamartin,1,El Viso,051,0.21022694627980465,0.5862379807692307,31011,0.16937845753335504,6888.17,0.054209882217753524,0.01659616010413277,0.10039049788480313,16.06906238874335,17405,0.01212295317437518,101.99,2.82,0.2167,0.35359999999999997,0.00597609561752988,884,0.252262443438914,0.0011312217194570137,0.1583710407239819,0.005656108597285068,0.03167420814479638,0.1219189887963229,0.11226659006032749,171.01909024436912,0.25459306146079236,0.11727962431785209,0.0013190546142874938,0.004212307945738825,0.07672614962251201,0.8309643560026241,6,2,3488.851318650299,3.44
2021,5,Chamartin,2,Prosperidad,052,0.22680073426669223,0.45153283692225127,21918,0.2029422859298378,4393.45,0.04097010329050112,0.01867219917012448,0.12963661511379354,14.187542425684104,36499,0.015425080139181896,355.17,2.28,0.25379999999999997,0.3243,0.02203116603976357,1466,0.3703956343792633,0.0034106412005457027,0.1432469304229195,0.008185538881309686,0.011596180081855388,0.12203074056823475,0.11181128250089044,171.01909024436912,0.25459306146079236,0.11727962431785209,0.0013190546142874938,0.004212307945738825,0.07672614962251201,0.8309643560026241,5,6,4228.4739666609175,6.56
2021,5,Chamartin,3,Ciudad Jardín,053,0.22846441947565543,0.45951135535986226,21728,0.21449851042701093,4861.42,0.04740577849117175,0.018867924528301886,0.1320754716981132,14.788504936866717,18690,0.011342964151952916,247.84,2.31,0.23370000000000002,0.34869999999999995,0.011519078473722102,1061,0.292177191328935,0.003770028275212064,0.1470311027332705,0.00942507068803016,0.019792648444863337,0.1279828785446763,0.11712145532370251,171.01909024436912,0.25459306146079236,0.11727962431785209,0.0013190546142874938,0.004212307945738825,0.07672614962251201,0.8309643560026241,6,3,4358.077010859165,6.52
2021,5,Chamartin,4,Hispanoamérica,054,0.18485411224072268,0.5518572705844103,28240,0.1696759632435918,5456.99,0.036813675993830855,0.0190230533612768,0.10728679671126874,15.259587285836975,31771,0.009096345724088005,187.1,2.55,0.24480000000000002,0.37979999999999997,0.013126491646778043,1474,0.3473541383989145,0.0027137042062415195,0.16485753052917232,0.008141112618724558,0.01967435549525102,0.10899877246545592,0.10144471373264927,171.01909024436912,0.25459306146079236,0.11727962431785209,0.0013190546142874938,0.004212307945738825,0.07672614962251201,0.8309643560026241,6,3,4821.909255036253,5.1
2021,5,Chamartin,5,Nueva España,055,0.1942237102174176,0.6081966325591468,29895,0.18768296649680147,6172.91,0.04591269815658909,0.021359644367342515,0.09985904803209368,16.291558389144612,24791,0.007785083296357549,139.74,2.68,0.2101,0.35719999999999996,0.01857282502443793,854,0.24121779859484777,0.00351288056206089,0.16042154566744732,0.01053864168618267,0.01990632318501171,0.11258117865354363,0.11153241095558872,171.01909024436912,0.25459306146079236,0.11727962431785209,0.0013190546142874938,0.004212307945738825,0.07672614962251201,0.8309643560026241,7,2,5520.42661009162,4.23
2021,5,Chamartin,6,Castilla,056,0.2259022118742724,0.5366108786610879,25457,0.18184541641701618,4105.89,0.042285098952270075,0.017225883762732173,0.11773517076093469,13.959327323983239,17180,0.008847497089639115,79.71,2.56,0.2261,0.35479999999999995,0.17333333333333334,537,0.28677839851024206,0.0111731843575419,0.16759776536312848,0.00931098696461825,0.0260707635009311,0.1150756693830035,0.10721769499417928,171.01909024436912,0.25459306146079236,0.11727962431785209,0.0013190546142874938,0.004212307945738825,0.07672614962251201,0.8309643560026241,8,5,6669.055830452032,5.11
2021,6,Tetuan,1,Bellas Vistas,061,0.2654897186147186,0.29935571958868457,14750,0.23272332247012617,3523.47,0.04163446969696971,0.01721400518091418,0.14506559705857774,13.573981183650632,29568,0.011870941558441558,418.01,2.46,0.1813,0.3335,0.08574807806031934,1115,0.3094170403587444,0.007174887892376682,0.10762331838565023,0.008968609865470852,0.011659192825112108,0.15882034632034633,0.1462391774891775,53.62389814151854,0.07473284073021343,0.36014144478689075,0.00946250897385037,0.02163497098226705,0.13015408291575173,2.2026947551384204,6,1,3909.9230272279283,7.45
2021,6,Tetuan,2,Cuatro Caminos,062,0.2609615274681301,0.4624540521617364,21843,0.23590386900831903,4397.06,0.04439196821585775,0.0163079360887363,0.13779215634490954,14.899145594841395,34986,0.013205282112845138,296.97,2.3,0.2245,0.3489,0.03089675960813866,2064,0.40358527131782945,0.00872093023255814,0.17344961240310078,0.00872093023255814,0.020348837209302327,0.13768364488652604,0.12462127708226148,53.62389814151854,0.07473284073021343,0.36014144478689075,0.00946250897385037,0.02163497098226705,0.13015408291575173,2.2026947551384204,5,6,3851.772624393627,5.88
2021,6,Tetuan,3,Castillejos,063,0.2682419019028712,0.4672897196261682,23306,0.2519483292409523,4288.21,0.04529157507383916,0.01387850966157788,0.1446567737802925,15.241370163456807,20653,0.014477315644216336,295.67,2.19,0.2369,0.3553,0.02127659574468085,1032,0.2693798449612403,0.01065891472868217,0.21511627906976744,0.0067829457364341084,0.02131782945736434,0.14303006827095338,0.13073161284074952,53.62389814151854,0.07473284073021343,0.36014144478689075,0.00946250897385037,0.02163497098226705,0.13015408291575173,2.2026947551384204,9,2,4865.914189784135,6.11
2021,6,Tetuan,4,Almenara,064,0.24439197166469895,0.2572701949860724,14333,0.2224,3291.43,0.03454625475534567,0.02208,0.15626666666666666,12.565126386402227,22869,0.010407101316192225,230.18,2.43,0.18960000000000002,0.41969999999999996,0.06788511749347259,848,0.28773584905660377,0.007075471698113208,0.10141509433962265,0.0011792452830188679,0.015330188679245283,0.1330184966548603,0.11771393589575407,53.62389814151854,0.07473284073021343,0.36014144478689075,0.00946250897385037,0.02163497098226705,0.13015408291575173,2.2026947551384204,8,2,5985.278187096309,10.94
2021,6,Tetuan,5,Valdeacederas,065,0.2756983135773847,0.2393667747472821,13401,0.24955998147290412,3331.4,0.04512200201921998,0.019638721630384437,0.1664659564613247,13.555030880637892,26743,0.014508469506038964,228.17,2.47,0.1417,0.36479999999999996,0.09707724425887265,971,0.35633367662203913,0.0020597322348094747,0.08444902162718847,0.006179196704428424,0.009268795056642637,0.15293721721572,0.14886138428747708,53.62389814151854,0.07473284073021343,0.36014144478689075,0.00946250897385037,0.02163497098226705,0.13015408291575173,2.2026947551384204,NA,0,5518.012353126944,8.31
2021,6,Tetuan,6,Berruguete,066,0.26643665684602263,0.257337345237508,14019,0.2433080686942339,3302.37,0.043116297100325635,0.021107166842559724,0.1539863762832198,13.319571726629448,25796,0.013451697937664753,425.71,2.46,0.1632,0.37439999999999996,0.10253082414016872,925,0.34594594594594597,0.003243243243243243,0.10594594594594595,0.00972972972972973,0.015135135135135135,0.16029616994882928,0.157853930841991,53.62389814151854,0.07473284073021343,0.36014144478689075,0.00946250897385037,0.02163497098226705,0.13015408291575173,2.2026947551384204,8,1,4696.858225349871,8.06
2021,7,Chamberi,1,Gaztambide,071,0.2523084926518403,0.5237241670181358,22991,0.248290273556231,5174.6,0.05648251614861058,0.012917933130699088,0.13069908814589665,16.30363652817813,23067,0.012745480556639354,460.61,2.18,0.255,0.35609999999999997,0.005984440454817474,1465,0.39590443686006827,0.0061433447098976105,0.1597269624573379,0.012286689419795221,0.015699658703071672,0.13634196037629515,0.11791737113625525,75.44427194008222,0,0.31239023282068373,0.04068835638865808,0.0423846650293109,0.09809832187903395,0.3487348900450579,3,1,2139.2733803959786,5.7
2021,7,Chamberi,2,Arapiles,072,0.258686466751446,0.4994233565662137,22755,0.24484513076854414,5357.23,0.05691269639414204,0.01669195751138088,0.14433633848076408,16.152963791258923,24377,0.013332239405997457,427.24,2.17,0.2401,0.3492,0.004922644163150493,1248,0.36378205128205127,0.002403846153846154,0.1642628205128205,0.016826923076923076,0.013621794871794872,0.13385568363621447,0.12138491200721992,75.44427194008222,0,0.31239023282068373,0.04068835638865808,0.0423846650293109,0.09809832187903395,0.3487348900450579,6,1,1920.4473957863156,5.82
2021,7,Chamberi,3,Trafalgar,073,0.2717760180995475,0.5220706848511512,22940,0.29237867395762135,5476.8,0.07345281189398838,0.017942583732057416,0.15789473684210525,16.44228313166853,24752,0.017170329670329672,408.95,2.1,0.214,0.32880000000000004,0.003298515667949423,1520,0.32894736842105265,0.008552631578947369,0.1986842105263158,0.008552631578947369,0.020394736842105264,0.1523917259211377,0.1346557853910795,75.44427194008222,0,0.31239023282068373,0.04068835638865808,0.0423846650293109,0.09809832187903395,0.3487348900450579,3,8,1749.3437824392968,5.64
2021,7,Chamberi,4,Almagro,074,0.2211650979394556,0.5380746211638864,28846,0.23218075146673325,7373.38,0.06990653777664718,0.022094619897640742,0.12133316689551867,16.426106391625286,19655,0.014245738997710507,211.51,2.44,0.2419,0.35590000000000005,0.008566978193146417,1128,0.3173758865248227,0.0062056737588652485,0.21808510638297873,0.0035460992907801418,0.012411347517730497,0.13335029254642586,0.12022386161282117,75.44427194008222,0,0.31239023282068373,0.04068835638865808,0.0423846650293109,0.09809832187903395,0.3487348900450579,3,5,1961.8300992174234,4.31
2021,7,Chamberi,5,Ríos Rosas,075,0.25230330505995907,0.5328381724060319,25379,0.23878496937593113,5782.02,0.05212778590231061,0.018953815593444796,0.13474590299619268,15.962872702523208,27352,0.013929511553085697,282.64,2.25,0.2351,0.3565,0.007529089664613279,1314,0.30441400304414,0.00684931506849315,0.2146118721461187,0.01141552511415525,0.01445966514459665,0.14101345422638198,0.12953348932436384,75.44427194008222,0,0.31239023282068373,0.04068835638865808,0.0423846650293109,0.09809832187903395,0.3487348900450579,4,2,2846.104985761997,4.98
2021,7,Chamberi,6,Vallehermoso,076,0.20502278581335448,0.558029898889647,26217,0.19529019980970505,5044.46,0.032824093520903506,0.015223596574690771,0.105732635585157,15.201103260220151,20188,0.009857340994650287,190.82,2.39,0.275,0.3675,0.005807200929152149,789,0.27629911280101394,0.0012674271229404308,0.15842839036755388,0.008871989860583017,0.019011406844106463,0.10466613829998019,0.09292649098474341,75.44427194008222,0,0.31239023282068373,0.04068835638865808,0.0423846650293109,0.09809832187903395,0.3487348900450579,6,4,2895.9649447630973,4.91
2021,8,Fuencarral-El Pardo,1,El Pardo,081,0.19867167196072769,0.18438954529180093,16836,0.1376425855513308,3021.76,0.015367917990181917,0.03269961977186312,0.09733840304182509,10.081891302500779,3463,0.009529309846953509,0.19,2.62,0.2475,0.4448,0.0867579908675799,149,0.24161073825503357,0,0.24832214765100671,0.006711409395973154,0.10067114093959731,0.08200981807681201,0.08431995379728559,142.34809392642873,0.13744385174179047,0.1260250932359841,0.06802489087886418,0.022648821309466147,0.06576716244368006,1.603641569220376,NA,0,15968.22141060446,7
2021,8,Fuencarral-El Pardo,2,Fuentelarreina,082,0.13489475244589386,0.5896907216494846,30970,0.0907488986784141,3740.43,0.027614467832789813,0.021145374449339206,0.04933920704845815,11.50344218062511,3373,0.010969463385710051,23.93,2.96,0.2563,0.3372,0,25,0.28,0.04,0.12,0,0.04,0.0782686036169582,0.07471093981618737,142.34809392642873,0.13744385174179047,0.1260250932359841,0.06802489087886418,0.022648821309466147,0.06576716244368006,1.603641569220376,NA,0,7753.532187499974,3.37
2021,8,Fuencarral-El Pardo,3,Peñagrande,083,0.1755142369532022,0.3246534709942388,19886,0.12261946489075827,3554.93,0.025639638911344652,0.02576235541535226,0.09627292908050006,12.35547849133098,44532,0.009319141291655439,155.64,2.59,0.2642,0.2758,0.030954428202923472,945,0.3576719576719577,0,0.11216931216931217,0.014814814814814815,0.013756613756613757,0.08153687236144795,0.0799200574867511,142.34809392642873,0.13744385174179047,0.1260250932359841,0.06802489087886418,0.022648821309466147,0.06576716244368006,1.603641569220376,12,2,7057.610320340321,6.68
2021,8,Fuencarral-El Pardo,4,Pilar,084,0.20430037677017018,0.2527486979851649,16036,0.15100533442757488,3436.49,0.032183374474903645,0.01769593762823143,0.11812679524004924,12.45209059657148,46182,0.01004720453856481,343.71,2.36,0.28859999999999997,0.3522,0.06545741324921135,1814,0.41400220507166485,0.0011025358324145535,0.12624035281146637,0.010474090407938258,0.012127894156560088,0.1079641418734572,0.10317872764280456,142.34809392642873,0.13744385174179047,0.1260250932359841,0.06802489087886418,0.022648821309466147,0.06576716244368006,1.603641569220376,11,1,6654.963695802388,7.46
2021,8,Fuencarral-El Pardo,5,La Paz,085,0.1740534017197164,0.42370261317629737,23810,0.07538731831975723,3672.89,0.021833368532206972,0.015732311132406963,0.07195336208273438,11.383070642638664,33145,0.0060944335495549855,156.14,2.64,0.34259999999999996,0.2183,0.01287001287001287,644,0.2919254658385093,0.003105590062111801,0.12888198757763975,0.004658385093167702,0.020186335403726708,0.06317694976617891,0.07153416804947955,142.34809392642873,0.13744385174179047,0.1260250932359841,0.06802489087886418,0.022648821309466147,0.06576716244368006,1.603641569220376,10,3,7117.7974365875125,5.34
2021,8,Fuencarral-El Pardo,6,Valverde,086,0.18445349415568266,0.3854465219962695,17952,0.1647848642050656,4408.98,0.03772531708530215,0.04952264702035834,0.11840097650289899,12.487474536326138,64336,0.01102026858990301,72,2.79,0.11810000000000001,0.3613,0.039201451905626135,1659,0.23568414707655214,0.006027727546714889,0.1512959614225437,0.006630500301386378,0.02109704641350211,0.11853394677940811,0.11279843322556578,142.34809392642873,0.13744385174179047,0.1260250932359841,0.06802489087886418,0.022648821309466147,0.06576716244368006,1.603641569220376,11,4,9459.745224709619,6.78
2021,8,Fuencarral-El Pardo,7,Mirasierra,087,0.15863482805416798,0.5588311913858979,25602,0.11134263453524189,4464.42,0.028760173822654694,0.03895633266896177,0.08189889472730567,13.227915123936564,34633,0.011694049028383334,48.69,3.13,0.1514,0.2354,0,448,0.2857142857142857,0,0.11383928571428571,0.008928571428571428,0.046875,0.09623769237432507,0.07819132041694338,142.34809392642873,0.13744385174179047,0.1260250932359841,0.06802489087886418,0.022648821309466147,0.06576716244368006,1.603641569220376,12,4,8861.590716918443,4.42
2021,8,Fuencarral-El Pardo,8,El Goloso,088,0.14858044164037854,0.5626249456757931,23667,0.1724550898203593,5364.9,0.031631756046267084,0.07938408896492728,0.10316509837467921,13.264936617128322,19020,0.00825446898002103,7.19,3.24,0.0711,0.4391,0.0017331022530329288,489,0.22903885480572597,0.002044989775051125,0.17791411042944785,0.006134969325153374,0.05521472392638037,0.1119348054679285,0.10457413249211356,142.34809392642873,0.13744385174179047,0.1260250932359841,0.06802489087886418,0.022648821309466147,0.06576716244368006,1.603641569220376,13,1,13001.867098354021,3.94
2021,9,Moncloa-Aravaca,1,Casa de Campo,091,0.192319391634981,0.4091249765786022,21044,0.18360773085182533,3758.61,0.03903954372623574,0.02040085898353615,0.1324266284896206,13.652638096810051,13150,0.009581749049429657,7.56,2.34,0.24850000000000003,0.41729999999999995,0.016887816646562123,677,0.3500738552437223,0.005908419497784343,0.2274741506646972,0.004431314623338257,0.03692762186115214,0.09498098859315589,0.09490494296577946,414.9892554050491,0.6213411609646209,0.09198111703241016,0.020288651688347897,0.017431415030038484,0.08605193902378469,1.0925449871465296,2,8,4173.70973569349,7.36
2021,9,Moncloa-Aravaca,2,Argüelles,092,0.23158544108574955,0.5219655224710581,25034,0.23167803284987032,6065.12,0.06337618753855645,0.01728940543655749,0.13504946690999903,15.659437213555158,24315,0.015587086160806087,322.4,2.32,0.2464,0.36229999999999996,0.01134089392928619,1264,0.3370253164556962,0.011867088607594937,0.1930379746835443,0.012658227848101266,0.012658227848101266,0.14920830762903559,0.11889779971211187,414.9892554050491,0.6213411609646209,0.09198111703241016,0.020288651688347897,0.017431415030038484,0.08605193902378469,1.0925449871465296,2,2,1653.689031051321,4.98
2021,9,Moncloa-Aravaca,3,Ciudad Universitaria,093,0.19403720586423556,0.554474397830595,26883,0.164702082996932,4319.97,0.032681778982382656,0.02179880510253512,0.10269659292749879,14.36719238410531,16234,0.008808673155106566,11.5,2.61,0.2532,0.3275,0.03196803196803197,805,0.1826086956521739,0.0012422360248447205,0.17888198757763976,0.006211180124223602,0.0546583850931677,0.11469754835530369,0.09061229518294936,414.9892554050491,0.6213411609646209,0.09198111703241016,0.020288651688347897,0.017431415030038484,0.08605193902378469,1.0925449871465296,5,3,5161.047274917275,4.78
2021,9,Moncloa-Aravaca,4,Valdezarza,094,0.19667140919167522,0.28345795177686295,16556,0.15062360089542692,3004.08,0.03021089236674057,0.02582347297729453,0.11672529581068117,11.95550890482264,30223,0.01029017635575555,217.57,2.41,0.24969999999999998,0.348,0.05798575788402848,640,0.3125,0.0015625,0.1015625,0.009375,0.0171875,0.10078417099559937,0.09148661615326076,414.9892554050491,0.6213411609646209,0.09198111703241016,0.020288651688347897,0.017431415030038484,0.08605193902378469,1.0925449871465296,9,2,5430.495863456287,7.44
2021,9,Moncloa-Aravaca,5,Valdemarín,095,0.14126016260162602,0.6450783259293897,32039,0.15256797583081572,4563.39,0.04042543554006968,0.05488418932527694,0.08157099697885196,15.718327190430823,6888,0.010743321718931475,21.07,3.45,0.1114,0.3063,0,117,0.11965811965811966,0.042735042735042736,0.28205128205128205,0.008547008547008548,0.042735042735042736,0.13182346109175377,0.1014808362369338,414.9892554050491,0.6213411609646209,0.09198111703241016,0.020288651688347897,0.017431415030038484,0.08605193902378469,1.0925449871465296,NA,0,8461.673922559497,2.92
2021,9,Moncloa-Aravaca,6,El Plantío,096,0.15046375815870836,0.564327485380117,32039,0.10607734806629834,4267.15,0.04369728615596016,0.027624309392265192,0.08397790055248619,16.682304299619293,2911,0.014428031604259704,7.93,3.22,0.191,0.26030000000000003,0.00423728813559322,201,0.31840796019900497,0.009950248756218905,0.15422885572139303,0.004975124378109453,0.009950248756218905,0.1099278598419787,0.07110958433527997,414.9892554050491,0.6213411609646209,0.09198111703241016,0.020288651688347897,0.017431415030038484,0.08605193902378469,1.0925449871465296,NA,0,11456.239403199888,3.25
2021,9,Moncloa-Aravaca,7,Aravaca,097,0.15357905016819184,0.5343213311219304,25993,0.11071835803876853,3993.14,0.04860660831193257,0.03420752565564424,0.08882554161915622,13.033911296440918,27647,0.007270228234528158,47.14,3.14,0.1563,0.2651,0.026143790849673203,636,0.34276729559748426,0.0015723270440251573,0.10220125786163523,0.015723270440251572,0.020440251572327043,0.08991934025391543,0.09028104315115563,414.9892554050491,0.6213411609646209,0.09198111703241016,0.020288651688347897,0.017431415030038484,0.08605193902378469,1.0925449871465296,NA,0,7562.302886124522,4.17
2021,10,Latina,1,Los Cármenes,101,0.1966015293118097,0.1743292131444076,12905,0.15960174988686077,2465.68,0.03546338147833475,0.023834665862120984,0.12988384371700107,10.363249086744029,17655,0.0076465590484282074,137.28,2.65,0.1684,0.37200000000000005,0.10146862483311081,338,0.23668639053254437,0.005917159763313609,0.15680473372781065,0.005917159763313609,0.05621301775147929,0.10835457377513452,0.09323137921268762,67.02378558040009,0.1709274060517218,0.27414298525117003,0.00460028304921296,0.025827038044434505,0.12466115633653266,3.278516279790335,6,1,3189.554446727571,11.54
2021,10,Latina,2,Puerta del Angel,102,0.23492492065747714,0.21737837516355418,13472,0.20488443584196744,2611.52,0.04886955615555871,0.019469429579870204,0.14288967323238075,11.432172388141467,42222,0.011510586897825779,308.02,2.39,0.2025,0.4114,0.09230769230769231,1585,0.3640378548895899,0.0037854889589905363,0.12555205047318613,0.008832807570977918,0.011356466876971609,0.14146653403438966,0.12562171379849368,67.02378558040009,0.1709274060517218,0.27414298525117003,0.00460028304921296,0.025827038044434505,0.12466115633653266,3.278516279790335,3,2,2462.022580849945,9.57
2021,10,Latina,3,Lucero,103,0.19980400696864112,0.18553382090492354,13520,0.1487672964810002,2294.92,0.03630718641114983,0.01938610662358643,0.10809861628151998,10.228336281374634,36736,0.01058906794425087,219.08,2.57,0.2187,0.4251,0.08293677770224338,905,0.33591160220994476,0.0011049723756906078,0.13370165745856355,0.012154696132596685,0.01878453038674033,0.11092661149825785,0.09938479965156795,67.02378558040009,0.1709274060517218,0.27414298525117003,0.00460028304921296,0.025827038044434505,0.12466115633653266,3.278516279790335,5,1,4227.863163252316,9.27
2021,10,Latina,4,Aluche,104,0.18625237642585551,0.16404465404170657,14046,0.11658407541264577,2247.29,0.044247932509505705,0.017400052162897275,0.09512276910466112,9.653323492326425,67328,0.00879277566539924,236.57,2.5,0.2905,0.3589,0.06458715596330275,1954,0.38331627430910953,0.0010235414534288639,0.1458546571136131,0.009211873080859774,0.01586489252814739,0.09489365494296578,0.08923479087452471,67.02378558040009,0.1709274060517218,0.27414298525117003,0.00460028304921296,0.025827038044434505,0.12466115633653266,3.278516279790335,6,3,5246.164022823681,8.75
2021,10,Latina,5,Campamento,105,0.20921246631755555,0.18347021923300783,13782,0.13745288099084546,2159.81,0.048182790177436596,0.019251480883144857,0.10756596661281637,10.558453865275977,19669,0.008337993797346078,21.59,2.64,0.2323,0.4032,0.0821078431372549,479,0.31524008350730687,0,0.10438413361169102,0.016701461377870562,0.010438413361169102,0.11774874167471656,0.11078346636839698,67.02378558040009,0.1709274060517218,0.27414298525117003,0.00460028304921296,0.025827038044434505,0.12466115633653266,3.278516279790335,6,1,9136.382852802442,7.77
2021,10,Latina,6,Cuatro Vientos,106,0.17871044169910305,0.25896805896805897,15873,0.2593764121102576,3086.26,0.023332018954137758,0.05693628558517849,0.13465883416177135,13.440759219383425,5909,0.005923168048739211,10.83,2.65,0.0674,0.1894,0,111,0.2072072072072072,0,0.10810810810810811,0,0.04504504504504504,0.12015569470299543,0.10289389067524116,67.02378558040009,0.1709274060517218,0.27414298525117003,0.00460028304921296,0.025827038044434505,0.12466115633653266,3.278516279790335,8,1,8640.707907451917,8.54
2021,10,Latina,7,Águilas,107,0.16707021791767554,0.14425007863347125,13760,0.12118595279217041,2153.24,0.03533026634382566,0.02005373248896565,0.10098829399347534,9.65650343761305,51625,0.007476997578692494,144.37,2.48,0.2746,0.3751,0.017423771001866834,1167,0.41131105398457585,0,0.1293916023993145,0.011996572407883462,0.01970865467009426,0.07701694915254237,0.07480871670702179,67.02378558040009,0.1709274060517218,0.27414298525117003,0.00460028304921296,0.025827038044434505,0.12466115633653266,3.278516279790335,7,1,6885.975485017603,8.75
2021,11,Carabanchel,1,Comillas,111,0.22979842243645926,0.20621621621621622,13696,0.18280128938338358,2658.56,0.05127081507449607,0.020796506186960592,0.127170635333264,11.11249537059423,22820,0.006879929886064855,345.31,2.36,0.23120000000000002,0.3776,0.036956521739130437,846,0.3486997635933806,0.002364066193853428,0.12056737588652482,0.01182033096926714,0.01773049645390071,0.12515337423312883,0.12322524101665205,49.46934558067733,0.10634454584964953,0.2976936436027966,0.12176716797267872,0.05264532737129332,0.14859666013231104,0.9585882189892861,9,1,2716.7136162936577,9.72
2021,11,Carabanchel,2,Opañel,112,0.2242123307915115,0.1754438647197928,12917,0.17124687712923006,2433.51,0.0406604598924159,0.019153607388901508,0.12514194867136044,10.68158540249142,33834,0.005645208961399775,304.18,2.55,0.20129999999999998,0.3862,0.039816232771822356,1281,0.3153786104605777,0,0.12021857923497267,0.0078064012490242,0.01249024199843872,0.14240113495300585,0.12658863864751432,49.46934558067733,0.10634454584964953,0.2976936436027966,0.12176716797267872,0.05264532737129332,0.14859666013231104,0.9585882189892861,6,5,3342.757631033908,8.53
2021,11,Carabanchel,3,San Isidro,113,0.22184060768632957,0.15801711609882124,11974,0.17569067990333748,2473.89,0.047907746496527875,0.021814381816994317,0.12631441447325453,10.62414709643767,39889,0.009451227155356113,210.72,2.59,0.1869,0.373,0.06196377502383222,1178,0.2894736842105263,0.001697792869269949,0.11884550084889643,0.008488964346349746,0.013582342954159592,0.1297350146656973,0.11737571761638547,49.46934558067733,0.10634454584964953,0.2976936436027966,0.12176716797267872,0.05264532737129332,0.14859666013231104,0.9585882189892861,NA,0,3059.153889680385,11.71
2021,11,Carabanchel,4,Vista Alegre,114,0.21296629356128732,0.1344705660071797,11792,0.13315015169729236,2193.55,0.0402538689405641,0.01934856030682924,0.10773369969660541,9.983750408010744,47261,0.008929138190050994,299.53,2.7,0.2208,0.3709,0.035473468191146294,2212,0.3860759493670886,0.0022603978300180833,0.12839059674502712,0.011301989150090416,0.011754068716094032,0.13643384608874123,0.1207337974228222,49.46934558067733,0.10634454584964953,0.2976936436027966,0.12176716797267872,0.05264532737129332,0.14859666013231104,0.9585882189892861,7,3,5063.086324920521,9.32
2021,11,Carabanchel,5,Puerta Bonita,115,0.21590247956780717,0.1227636578258143,10857,0.14298079949638023,2054.57,0.04412410306136588,0.024551463644948063,0.11591123701605288,9.894007223094862,36095,0.0038509488848871036,223.37,2.83,0.1746,0.39880000000000004,0.050156739811912224,964,0.32987551867219916,0.001037344398340249,0.1037344398340249,0.005186721991701245,0.015560165975103735,0.13852334118298934,0.12298102230225794,49.46934558067733,0.10634454584964953,0.2976936436027966,0.12176716797267872,0.05264532737129332,0.14859666013231104,0.9585882189892861,NA,0,5104.261850367837,10.42
2021,11,Carabanchel,6,Buenavista,116,0.1682782089056729,0.17346046186144157,13405,0.16711590296495957,2365.26,0.04040222849317342,0.037563801112576706,0.11986006767219132,11.07416616609415,48194,0.009233514545379093,85.53,2.75,0.1343,0.3502,0.022738038844149693,1383,0.3318872017353579,7.230657989877079e-4,0.14027476500361533,0.007953723788864787,0.02096890817064353,0.10858198115948044,0.09897497613810848,49.46934558067733,0.10634454584964953,0.2976936436027966,0.12176716797267872,0.05264532737129332,0.14859666013231104,0.9585882189892861,10,3,6594.790383780321,8.3
2021,11,Carabanchel,7,Abrantes,117,0.1941953006568974,0.1318873311458644,11560,0.13255395683453236,2013.23,0.03862945932289033,0.02526978417266187,0.10206834532374101,9.728592397568567,31664,0.003316068721576554,204.19,2.83,0.1729,0.3688,0.03482587064676617,704,0.3536931818181818,0.0014204545454545455,0.1434659090909091,0.009943181818181818,0.015625,0.12607377463365335,0.1190310763011622,49.46934558067733,0.10634454584964953,0.2976936436027966,0.12176716797267872,0.05264532737129332,0.14859666013231104,0.9585882189892861,7,4,4633.638141225011,9.8
2021,12,Usera,1,Orcasitas,121,0.15499698197809778,0.09620786516853932,11796,0.11449567381770771,1865.41,0.024179796499094602,0.02714234917624748,0.09647979139504563,8.50090025692173,23194,0.004095886867293266,170.85,2.74,0.18989999999999999,0.41409999999999997,0.046460176991150445,363,0.4325068870523416,0.008264462809917356,0.1487603305785124,0.0027548209366391185,0.013774104683195593,0.07950331982409244,0.07105285849788738,124.36154772970292,0.1055031322962101,0.14868765518955435,0.02977132155171194,0.0609450804215476,0.17729933873390707,4.476297637101903,NA,0,5444.820287906102,10.83
2021,12,Usera,2,Orcasur,122,0.20468618069237265,0.11769275587492717,10152,0.14962279966471081,1909.23,0.025666563467492243,0.02556580050293378,0.13243922883487008,9.900354099373368,14212,0.005277230509428652,102.02,2.96,0.1406,0.3461,0.02364066193853428,256,0.27734375,0,0.12890625,0,0.015625,0.11996904024767802,0.09731213059386434,124.36154772970292,0.1055031322962101,0.14868765518955435,0.02977132155171194,0.0609450804215476,0.17729933873390707,4.476297637101903,7,1,5034.764058844293,13.41
2021,12,Usera,3,San Fermín,123,0.1868283504076939,0.11541608228143993,10635,0.1368129218900675,1876.29,0.037188396403930596,0.03326904532304725,0.1168032786885246,9.054435418069104,23915,0.006899435500731758,162.67,2.87,0.1421,0.3271,0.018604651162790697,422,0.3791469194312796,0.004739336492890996,0.17772511848341233,0.0071090047393364926,0.016587677725118485,0.0995191302529793,0.09613213464352917,124.36154772970292,0.1055031322962101,0.14868765518955435,0.02977132155171194,0.0609450804215476,0.17729933873390707,4.476297637101903,8,1,5347.446157717271,10.75
2021,12,Usera,4,Almendrales,124,0.225522698139062,0.14104539528268342,11271,0.14822309346148982,2561.77,0.02795661494938778,0.023017579360060707,0.11976729480207411,10.352207237045244,22623,0.00623259514653229,284.29,2.85,0.15460000000000002,0.4113,0.036941580756013746,779,0.35686777920410784,0.0038510911424903724,0.14762516046213095,0.0038510911424903724,0.014120667522464698,0.1579366131812757,0.1306634840648897,124.36154772970292,0.1055031322962101,0.14868765518955435,0.02977132155171194,0.0609450804215476,0.17729933873390707,4.476297637101903,6,1,3761.5800879559033,9.48
2021,12,Usera,5,Moscardó,125,0.22449360938784663,0.138263046408627,11344,0.15130505709624797,2131.12,0.035500411092009854,0.01988172920065253,0.12173735725938009,10.432564799632177,26758,0.005979520143508483,298.51,2.71,0.1832,0.39520000000000005,0.03946569520340012,1233,0.42254663422546634,0.0024330900243309003,0.14193025141930252,0.0072992700729927005,0.014598540145985401,0.14847895956349502,0.13491292323791015,124.36154772970292,0.1055031322962101,0.14868765518955435,0.02977132155171194,0.0609450804215476,0.17729933873390707,4.476297637101903,6,1,3148.6442045488893,9.22
2021,12,Usera,6,Zofío,126,0.21405750798722045,0.10325435604314558,10511,0.13269954446425034,1755.15,0.040626239755521626,0.02356902356902357,0.12022182610417904,9.840852406588368,14398,0.003194888178913738,186.2,2.84,0.17059999999999997,0.38549999999999995,0.07736389684813753,377,0.2546419098143236,0.002652519893899204,0.1246684350132626,0.005305039787798408,0.026525198938992044,0.14085289623558828,0.13633838033060147,124.36154772970292,0.1055031322962101,0.14868765518955435,0.02977132155171194,0.0609450804215476,0.17729933873390707,4.476297637101903,NA,0,4309.52279835841,9.75
2021,12,Usera,7,Pradolongo,127,0.23811641741257575,0.07934997437962082,9046,0.13397606382978725,1871.77,0.025971390448657428,0.022273936170212765,0.1077127659574468,9.969919839608512,17987,0.005392783677100128,162.89,2.98,0.16190000000000002,0.40549999999999997,0.07997010463378176,848,0.33962264150943394,0,0.1332547169811321,0.00589622641509434,0.00589622641509434,0.158392172124312,0.14882971034636125,124.36154772970292,0.1055031322962101,0.14868765518955435,0.02977132155171194,0.0609450804215476,0.17729933873390707,4.476297637101903,NA,0,4353.234073261076,9.49
2021,13,Puente de Vallecas,1,Entrevías,131,0.2036398575707907,0.06144977771079798,9850,0.12691191465997334,1735.19,0.03566695303227266,0.023923444976076555,0.11161659738018669,9.109027426453643,35386,0.010795229751879274,59.47,2.76,0.1857,0.39880000000000004,0.055739880557398806,783,0.3065134099616858,0.001277139208173691,0.17496807151979565,0.005108556832694764,0.021711366538952746,0.10439156728649748,0.10046346012547334,91.09188376578206,0.30614830013786903,0.11189498340885659,0.013042764998184854,0.0057547382714164975,0.12824556486528318,2.997913082597775,NA,0,5421.836615386178,13.37
2021,13,Puente de Vallecas,2,San Diego,132,0.2518315645326943,0.11210653015205534,9377,0.20192248062015503,2014.65,0.044185438776674635,0.02573643410852713,0.141953488372093,11.026159990151157,43815,0.014036288942143102,410.32,2.7,0.1329,0.3887,0.0821917808219178,1750,0.37257142857142855,0.0017142857142857142,0.11542857142857142,0.004571428571428572,0.013142857142857144,0.1903457719958918,0.17564760926623302,91.09188376578206,0.30614830013786903,0.11189498340885659,0.013042764998184854,0.0057547382714164975,0.12824556486528318,2.997913082597775,7,2,4343.126330531005,10.82
2021,13,Puente de Vallecas,3,Palomeras Bajas,133,0.19162399054559778,0.13629392762750026,12605,0.1495703899537343,1995.5,0.03131993303131772,0.023992068737607404,0.12359550561797752,9.636600742104509,40616,0.0064260389994091,237.32,2.67,0.1672,0.35950000000000004,0.07620416966211359,818,0.31662591687041564,0,0.1136919315403423,0.009779951100244499,0.02444987775061125,0.09584892653141619,0.09380539688792594,91.09188376578206,0.30614830013786903,0.11189498340885659,0.013042764998184854,0.0057547382714164975,0.12824556486528318,2.997913082597775,9,2,5299.0997356729995,10.19
2021,13,Puente de Vallecas,4,Palomeras Sureste,134,0.20467211592049042,0.10911013748300348,12068,0.13711583924349882,1832.09,0.0325802898012261,0.023827298743312183,0.1260420554933433,9.842057733687664,43064,0.01028701467583132,138.85,2.67,0.18170000000000003,0.377,0.09358752166377816,987,0.2988855116514691,0.00303951367781155,0.12563323201621074,0.011144883485309016,0.011144883485309016,0.09975849897826491,0.09225803455322311,91.09188376578206,0.30614830013786903,0.11189498340885659,0.013042764998184854,0.0057547382714164975,0.12824556486528318,2.997913082597775,12,2,6728.434776921601,10.33
2021,13,Puente de Vallecas,5,Portazgo,135,0.207944816111477,0.09034815115074539,10605,0.13973436635307138,1827.73,0.03243171687060212,0.02324294410625346,0.11981184283342557,9.723503641897057,28849,0.0062393843807411,232.63,2.65,0.21109999999999998,0.3835,0.06036745406824147,933,0.3729903536977492,0.0010718113612004287,0.12433011789924973,0.007502679528403001,0.00857449088960343,0.10762938056778398,0.10291517903566848,91.09188376578206,0.30614830013786903,0.11189498340885659,0.013042764998184854,0.0057547382714164975,0.12824556486528318,2.997913082597775,11,1,5623.0531374149605,12.29
2021,13,Puente de Vallecas,6,Numancia,136,0.22866541158946563,0.12702912309790604,11047,0.17625605574002504,1933.99,0.04127523222376234,0.023079854117903215,0.1326002939415383,10.587672583520389,48337,0.01288867741067919,261.81,2.62,0.1816,0.3722,0.0985342019543974,1444,0.342797783933518,0.0013850415512465374,0.10941828254847645,0.007617728531855956,0.009695290858725761,0.1414030659743054,0.13209342739516314,91.09188376578206,0.30614830013786903,0.11189498340885659,0.013042764998184854,0.0057547382714164975,0.12824556486528318,2.997913082597775,NA,0,4377.421684034425,11.05
2021,14,Moratalaz,1,Pavones,141,0.16594420362343004,0.18487874465049928,14731,0.10393939393939394,2117.7,0.04035830832499722,0.019393939393939394,0.10484848484848484,9.897185392259868,8997,0.00766922307435812,92.66,2.72,0.2564,0.3613,0.04980842911877394,175,0.2057142857142857,0,0.11428571428571428,0.011428571428571429,0.04,0.08425030565744136,0.08625097254640436,120.56015424137236,0.2431412421292019,0.14648821596775827,0.09997742730422164,0.030646395247483076,0.07557829655687028,0.6815069583771217,10,1,6486.612033542536,9.87
2021,14,Moratalaz,2,Horcajo,142,0.13430268918073796,0.3235226488848011,17503,0.13296652911508483,3376.86,0.02395978736710444,0.03622191655204035,0.12058688674919761,10.279792785022016,6396,0.00375234521575985,86.27,2.92,0.0984,0.2568,0.04580152671755725,101,0.31683168316831684,0,0.09900990099009901,0,0,0.07707942464040025,0.07457786116322701,120.56015424137236,0.2431412421292019,0.14648821596775827,0.09997742730422164,0.030646395247483076,0.07557829655687028,0.6815069583771217,NA,0,6656.046390097287,8.43
2021,14,Moratalaz,3,Marroquina,143,0.16075561860673487,0.26686802973977697,18141,0.11280628756356911,2927.88,0.02309925334129769,0.01821544151641239,0.09597780859916782,10.650632840121247,26786,0.007615918763533189,152.13,2.46,0.2809,0.37920000000000004,0.05776173285198556,828,0.3321256038647343,0.0012077294685990338,0.14009661835748793,0.013285024154589372,0.018115942028985508,0.06350332263122527,0.0646606436198014,120.56015424137236,0.2431412421292019,0.14648821596775827,0.09997742730422164,0.030646395247483076,0.07557829655687028,0.6815069583771217,NA,0,5474.216389082998,8.04
2021,14,Moratalaz,4,Media Legua,144,0.1810539381629429,0.23457660579567088,15977,0.12885662431941924,2633.99,0.028486030241480484,0.022337009632835404,0.1010749685885802,10.70461712761908,17724,0.009027307605506657,179.7,2.47,0.2802,0.34979999999999994,0.01967799642218247,406,0.2733990147783251,0,0.11330049261083744,0.012315270935960592,0.03201970443349754,0.0852516361995035,0.08395396073121192,120.56015424137236,0.2431412421292019,0.14648821596775827,0.09997742730422164,0.030646395247483076,0.07557829655687028,0.6815069583771217,7,2,4094.469073486074,10.07
2021,14,Moratalaz,5,Fontarrón,145,0.19387520147363574,0.1570260005842828,12738,0.13755616756051603,2232.85,0.04119403638038223,0.023336715466009565,0.1097260472532251,9.997930483052285,17372,0.010764448537877044,181.62,2.51,0.2451,0.47240000000000004,0.019184652278177457,323,0.4582043343653251,0,0.10835913312693499,0.009287925696594427,0.018575851393188854,0.10896845498503338,0.10160027630670043,120.56015424137236,0.2431412421292019,0.14648821596775827,0.09997742730422164,0.030646395247483076,0.07557829655687028,0.6815069583771217,NA,0,5210.58502616521,9.41
2021,14,Moratalaz,6,Vinateros,146,0.17485822306238186,0.18981649379850585,14435,0.14386694386694387,2474.83,0.03753553875236296,0.019542619542619544,0.10395010395010396,10.418805525299556,16928,0.010751417769376182,288.26,2.34,0.2871,0.47259999999999996,0.02926829268292683,317,0.47003154574132494,0,0.0914826498422713,0.022082018927444796,0.0031545741324921135,0.09664461247637052,0.09540406427221172,120.56015424137236,0.2431412421292019,0.14648821596775827,0.09997742730422164,0.030646395247483076,0.07557829655687028,0.6815069583771217,9,1,5433.702059193246,8.85
2021,15,Ciudad Lineal,1,Ventas,151,0.2143283091032469,0.19622052083066602,13544,0.17221027359575852,2734.37,0.041771668277436225,0.01945680988345921,0.11664082428850098,11.144464435864862,48631,0.01106290226398799,152.88,2.42,0.23,0.43420000000000003,0.05345911949685535,1624,0.31650246305418717,0.0012315270935960591,0.11145320197044335,0.010467980295566502,0.01539408866995074,0.12282289074869938,0.11410417223581666,78.8612600543578,0.2583824950705626,0.3521408447437211,0.07920955320736542,0.0094725310949791,0.11280428746690772,1.5049399493150182,8,1,4882.186885724673,8.42
2021,15,Ciudad Lineal,2,Pueblo Nuevo,152,0.2112218027221676,0.18016133250186075,13331,0.14703449416825212,2598.24,0.04000273485833941,0.019315079824633964,0.11766895524857308,10.743034351090198,63038,0.010311240838859101,273.89,2.59,0.21530000000000002,0.37020000000000003,0.03728436282693378,2204,0.3470961887477314,0.002268602540834846,0.11751361161524501,0.010889292196007259,0.014519056261343012,0.12365557282908722,0.11534312636822235,78.8612600543578,0.2583824950705626,0.3521408447437211,0.07920955320736542,0.0094725310949791,0.11280428746690772,1.5049399493150182,9,3,5945.604598047828,8.31
2021,15,Ciudad Lineal,3,Quintana,153,0.23052066082320152,0.2457431891025641,14856,0.1924375422012154,3153.58,0.048249339580724665,0.018327384971544323,0.13552618886852513,11.936457575534424,24757,0.014218200912873126,347.81,2.37,0.2157,0.425,0.03978201634877384,1214,0.35502471169686983,8.237232289950577e-4,0.12108731466227347,0.012355848434925865,0.013179571663920923,0.13357838187179383,0.12703477804257382,78.8612600543578,0.2583824950705626,0.3521408447437211,0.07920955320736542,0.0094725310949791,0.11280428746690772,1.5049399493150182,9,4,5499.8856458525215,7.75
2021,15,Ciudad Lineal,4,La Concepción,154,0.20090250108012098,0.3081200669696245,17126,0.19047095070422534,3710.07,0.04566041476645384,0.023107394366197184,0.12367957746478873,12.14230172728168,20831,0.01468964524026691,238.77,2.28,0.24,0.41700000000000004,0.043795620437956206,960,0.31666666666666665,0.005208333333333333,0.146875,0.007291666666666667,0.022916666666666665,0.11742115116893093,0.11065239306802362,78.8612600543578,0.2583824950705626,0.3521408447437211,0.07920955320736542,0.0094725310949791,0.11280428746690772,1.5049399493150182,8,1,5286.907708726859,8.03
2021,15,Ciudad Lineal,5,San Pascual,155,0.17554053299066988,0.33117109576619935,20004,0.15501398322013585,3834,0.03461067098720599,0.024370755093887336,0.11359701691303768,12.81525815252453,17899,0.009162523045980222,172,2.37,0.2707,0.33840000000000003,0.020737327188940093,561,0.32976827094474154,0.0053475935828877,0.1265597147950089,0.0035650623885918,0.0142602495543672,0.08587071903458293,0.08905525448349069,78.8612600543578,0.2583824950705626,0.3521408447437211,0.07920955320736542,0.0094725310949791,0.11280428746690772,1.5049399493150182,8,1,5179.583350579988,7.82
2021,15,Ciudad Lineal,6,San Juan Bautista,156,0.16629464285714285,0.515773714041279,25105,0.1629614521721395,4145.15,0.053284821428571424,0.031409341219661435,0.10095859677748317,13.723231183655853,12544,0.0074936224489795915,125.88,2.55,0.2182,0.3418,0.008298755186721992,395,0.2911392405063291,0.002531645569620253,0.14430379746835442,0.012658227848101266,0.017721518987341773,0.09526466836734694,0.09614158163265306,78.8612600543578,0.2583824950705626,0.3521408447437211,0.07920955320736542,0.0094725310949791,0.11280428746690772,1.5049399493150182,8,2,5517.381608968283,5.66
2021,15,Ciudad Lineal,7,Colina,157,0.18093598372202221,0.5006117455138662,23941,0.18793235972328978,4219.16,0.050019830959461574,0.03766333589546503,0.11106840891621829,14.123209881007734,6389,0.011895445296603538,116.47,2.45,0.2299,0.30870000000000003,0.01837270341207349,277,0.20216606498194944,0.007220216606498195,0.10108303249097472,0.01444043321299639,0.02888086642599278,0.11238065424949131,0.10752856472061355,78.8612600543578,0.2583824950705626,0.3521408447437211,0.07920955320736542,0.0094725310949791,0.11280428746690772,1.5049399493150182,NA,0,5876.295848019207,6.56
2021,15,Ciudad Lineal,8,Atalaya,158,0.15306767868437698,0.542343883661249,27857,0.18134715025906736,NA,0.06261208096141682,0.03281519861830743,0.1001727115716753,15.161949685534593,1581,0.008855154965211892,62.48,2.73,0.2177,0.2733,0.023255813953488372,35,0.11428571428571428,0,0.11428571428571428,0,0.05714285714285714,0.13029728020240355,0.0961416824794434,78.8612600543578,0.2583824950705626,0.3521408447437211,0.07920955320736542,0.0094725310949791,0.11280428746690772,1.5049399493150182,NA,0,6201.670850629291,3.94
2021,15,Ciudad Lineal,9,Costillares,159,0.15628104398085432,0.536036866359447,26389,0.1215338496127904,4225.62,0.025324221078298563,0.027979015738196354,0.08905820634524107,13.486935256654885,22146,0.006547457780186038,155.86,2.76,0.2245,0.299,0.008547008547008548,388,0.26804123711340205,0.010309278350515464,0.13917525773195877,0.007731958762886598,0.030927835051546393,0.08651675246094102,0.09292874559739908,78.8612600543578,0.2583824950705626,0.3521408447437211,0.07920955320736542,0.0094725310949791,0.11280428746690772,1.5049399493150182,11,2,7261.663100362989,5.31
2021,16,Hortaleza,1,Palomas,161,0.1366333767549573,0.5548222269533745,29872,0.09839715048975957,4163.92,0.0657146186134028,0.032056990204808546,0.0819234194122885,14.351905026946916,6909,0.011000144738746562,60.53,3.07,0.15439999999999998,0.2086,0.005917159763313609,141,0.28368794326241137,0.014184397163120567,0.15602836879432624,0.0070921985815602835,0.04964539007092199,0.10450137501809234,0.08785641916341004,77.78668010932907,0.27518111748905305,0.1757981502039305,0.04079607801502153,0.015561990134415482,0.0844598091373921,2.1711103089061936,NA,0,8460.640556816981,4.8
2021,16,Hortaleza,2,Piovera,162,0.15131136516476126,0.5668300182569425,29106,0.13252765260139288,5016.52,0.10601533288500337,0.029086439983613273,0.09750102417042196,14.625860543187766,14870,0.006926698049764627,47.58,3.04,0.14880000000000002,0.24050000000000002,0.0056657223796034,301,0.1893687707641196,0.006644518272425249,0.14285714285714285,0.023255813953488372,0.053156146179401995,0.11667787491593813,0.09509078681909885,77.78668010932907,0.27518111748905305,0.1757981502039305,0.04079607801502153,0.015561990134415482,0.0844598091373921,2.1711103089061936,NA,0,7272.732429305579,4.33
2021,16,Hortaleza,3,Canillas,163,0.17659716554129257,0.2711209958916381,18182,0.13230826461652923,3483.42,0.04004592762978902,0.02077004154008308,0.10763221526443052,11.899784158730021,40431,0.0073458484825999855,161.89,2.5,0.2692,0.3136,0.08888888888888889,1407,0.30987917555081734,0.0014214641080312722,0.11513859275053305,0.014925373134328358,0.024875621890547265,0.07880092008607256,0.07753951176077763,77.78668010932907,0.27518111748905305,0.1757981502039305,0.04079607801502153,0.015561990134415482,0.0844598091373921,2.1711103089061936,9,2,7296.3128949825195,7.43
2021,16,Hortaleza,4,Pinar del Rey,164,0.18695594454664416,0.21360608943862988,15641,0.13607506301932593,3040.79,0.03626331809820024,0.02446083465596116,0.11096069461301465,11.274031609766578,52729,0.009406588404862599,199.5,2.45,0.2614,0.35109999999999997,0.11810743507648523,1498,0.37383177570093457,0.0033377837116154874,0.11014686248331108,0.010680907877169559,0.015353805073431242,0.09952777409015912,0.09573479489465,77.78668010932907,0.27518111748905305,0.1757981502039305,0.04079607801502153,0.015561990134415482,0.0844598091373921,2.1711103089061936,7,6,7830.265125778066,8.8
2021,16,Hortaleza,5,Apóstol Santiago,165,0.1770498133607929,0.25419644341033737,16302,0.13471769349579543,2741.61,0.030476406229888023,0.019907327956066586,0.11326583147417196,10.574255686126321,15538,0.00707941820054061,129.08,2.66,0.21170000000000003,0.36700000000000005,0.055,238,0.3445378151260504,0,0.17647058823529413,0.008403361344537815,0.03361344537815126,0.09492856223452181,0.08437379328098854,77.78668010932907,0.27518111748905305,0.1757981502039305,0.04079607801502153,0.015561990134415482,0.0844598091373921,2.1711103089061936,12,1,7594.745424567081,8.43
2021,16,Hortaleza,6,Valdefuentes,166,0.1881512777261047,0.5213741758108075,22021,0.17983146587647003,4210.5,0.04706938029101572,0.05810723215112511,0.1257986850634318,13.265265249297563,63433,0.01894912742578784,36.96,2.93,0.0753,0.2084,0.008944543828264758,776,0.23969072164948454,0.002577319587628866,0.18041237113402062,0.00902061855670103,0.02190721649484536,0.1311304841328646,0.10234420569734996,77.78668010932907,0.27518111748905305,0.1757981502039305,0.04079607801502153,0.015561990134415482,0.0844598091373921,2.1711103089061936,NA,0,10324.991527205424,5.1
2021,17,Villaverde,1,"Villaverde Alto, Casco Histórico de Villaverde",171,0.2055683662140234,0.09236797372439425,10442,0.14181533269045324,1939.98,0.044874344521308396,0.025132594021215045,0.11770732883317261,8.926103574602903,46836,0.006106413869672901,50.52,2.81,0.1625,0.39299999999999996,0.02903152642322522,2657,0.23184042152803913,0.0011290929619872036,0.06398193451260821,0.0041400075272864136,0.015054572826496047,0.12268340592706466,0.1140362114612691,130.8978160823416,0.56733705591456,0.13116921157386227,0.046703243585144126,0.017030108824335113,0.1380548808847088,1.0498552589256995,11,2,8429.326864195527,12.34
2021,17,Villaverde,2,San Cristóbal,172,0.23805615803974442,0.05846672283066554,7270,0.1193741549159745,1294,0.029803153760478318,0.024145257871354065,0.09986478655592042,8.482468655668658,17059,0.006975789905621666,156.1,3.28,0.11449999999999999,0.4704,0.031818181818181815,283,0.40636042402826855,0,0.1625441696113074,0.007067137809187279,0.028268551236749116,0.16442933348965355,0.14989155284600506,130.8978160823416,0.56733705591456,0.13116921157386227,0.046703243585144126,0.017030108824335113,0.1380548808847088,1.0498552589256995,NA,0,8593.622960340828,14
2021,17,Villaverde,3,Butarque,173,0.1952711162477126,0.15743440233236153,12252,0.1590846429556107,2059.11,0.04073781180776266,0.051144196305486625,0.14254204576785223,9.375629810695749,20766,0.0034190503707984205,31.41,2.86,0.0866,0.24230000000000002,0.018604651162790697,319,0.3072100313479624,0.003134796238244514,0.12539184952978055,0.01567398119122257,0.01567398119122257,0.09900799383607821,0.08735432919194838,130.8978160823416,0.56733705591456,0.13116921157386227,0.046703243585144126,0.017030108824335113,0.1380548808847088,1.0498552589256995,NA,0,9220.484973883558,8.48
2021,17,Villaverde,4,Los Rosales,174,0.1845051500223914,0.11182018010352407,11597,0.1242268818826369,1825.08,0.03961855061773925,0.022175290390707498,0.11932418162618796,9.233367395546246,37961,0.004530965991412239,247.33,2.85,0.1681,0.3232,0.050222504767959315,973,0.40493319630010277,0,0.11819116135662898,0.010277492291880781,0.017471736896197326,0.11032375332578172,0.10300044782803404,130.8978160823416,0.56733705591456,0.13116921157386227,0.046703243585144126,0.017030108824335113,0.1380548808847088,1.0498552589256995,10,1,6973.898784029635,10.08
2021,17,Villaverde,5,Ángeles,175,0.19827586206896552,0.12330303616321794,12435,0.11682615629984051,1868.11,0.034151443889362726,0.022966507177033493,0.10295055821371611,8.702243908741142,32828,0.007889606433532351,168.13,2.61,0.2475,0.42340000000000005,0.02346041055718475,783,0.45721583652618136,0,0.10983397190293742,0.008939974457215836,0.010217113665389528,0.12419276227610576,0.09632021445107834,130.8978160823416,0.56733705591456,0.13116921157386227,0.046703243585144126,0.017030108824335113,0.1380548808847088,1.0498552589256995,9,1,6844.387300119114,9.84
2021,18,Villa de Vallecas,1,Casco Histórico de Vallecas,181,0.20005447702060222,0.08661523886858845,10766,0.15061131264275157,1919.04,0.046214223454833586,0.029087733440816874,0.12407631331452372,10.08011498853841,40384,0.009483954041204437,9.51,2.7,0.16469999999999999,0.3372,0.03312421580928482,2713,0.17803169922594914,0.003685956505713233,0.07335053446369333,0.006634721710283818,0.008846295613711759,0.10538827258320127,0.10642828843106181,364.13515389624484,0.045795058835119556,0.10548286069386618,0.39455785949865574,0.004420986014696941,0.09401828593342805,0.5348382895593662,14,4,10796.278894705025,12.42
2021,18,Villa de Vallecas,2,Santa Eugenia,182,0.19204755072760812,0.17761557177615572,15319,0.09226519337016574,2097.05,0.06367608116417299,0.017458563535911603,0.10475138121546962,8.753903415893818,24395,0.0072965771674523465,118.66,2.68,0.22820000000000001,0.2354,0.03869969040247678,493,0.35294117647058826,0,0.11359026369168357,0.018255578093306288,0.04259634888438134,0.0689485550317688,0.06636605861856938,364.13515389624484,0.045795058835119556,0.10548286069386618,0.39455785949865574,0.004420986014696941,0.09401828593342805,0.5348382895593662,NA,0,8760.143846746487,9.17
2021,18,Villa de Vallecas,3,Ensanche de Vallecas,183,0.2547821255655211,0.28742532169117646,15026,0.27908268929635804,2709.91,0.03990166679895231,0.05677627923422741,0.17371318886700005,12.181577668231194,50396,0.009504722597031511,77.07,2.54,0.046900000000000004,0.23070000000000002,0.004352557127312296,701,0.4522111269614836,0,0.15406562054208273,0.005706134094151213,0.019971469329529243,0.14007064052702595,0.1215175807603778,364.13515389624484,0.045795058835119556,0.10548286069386618,0.39455785949865574,0.004420986014696941,0.09401828593342805,0.5348382895593662,16,1,10345.169175936604,7.23
2021,19,Vicalvaro,1,Casco Histórico de Vicálvaro,191,0.19433777154870358,0.09776412230695194,11013,0.13297434746840175,2283.62,0.0858116327960757,0.024680278214045323,0.11390322339391219,9.817423767208208,35675,0.009558514365802382,16.59,2.66,0.20440000000000003,0.40659999999999996,0.05828571428571429,1125,0.34755555555555556,8.888888888888889e-4,0.112,0.011555555555555555,0.016888888888888887,0.10926419060967064,0.1029572529782761,325.14916508213173,0.1906452373645911,0.08059711367062077,0.5088196491764767,0.07176024139414186,0.09570113267536597,9.54550256166482,11,4,11070.104037586227,11.34
2021,19,Vicalvaro,2,Valdebernardo,192,0.1508963013387792,0.2393135229620213,15682,0.1317727942380095,2700.81,0.02211068754254595,0.02160746439679162,0.12391553445735799,8.760701005726164,17628,0.003233492171545269,69.8,2.87,0.12140000000000001,0.2526,0.03282828282828283,319,0.41379310344827586,0,0.11912225705329153,0,0.02821316614420063,0.07125028363966417,0.07056954844565463,325.14916508213173,0.1906452373645911,0.08059711367062077,0.5088196491764767,0.07176024139414186,0.09570113267536597,9.54550256166482,NA,0,7725.9439756577085,9.38
2021,19,Vicalvaro,3,Valderrivas,193,0.1031763660595291,0.28395804676753783,16034,0.15839543364515618,2782.31,0.01819395824078187,0.05628666560964008,0.12240367845251308,10.14739983442665,18008,0.005442025766326077,282.2,2.85,0.0622,0.28800000000000003,0,93,0.3548387096774194,0,0.12903225806451613,0.021505376344086023,0,0.06535984007107952,0.0700799644602399,325.14916508213173,0.1906452373645911,0.08059711367062077,0.5088196491764767,0.07176024139414186,0.09570113267536597,9.54550256166482,NA,0,8888.946624552194,5.51
2021,19,Vicalvaro,4,El Cañaveral,194,0.36326622935987335,0.2834744433991847,16818,0.2688470066518847,2412.27,0.04353919927618186,0.03159645232815964,0.24223946784922396,9.901258680555555,4421,0.3804569102013119,2.27,2.46,0.0262,0.1293,0,34,0.35294117647058826,0,0.17647058823529413,0.08823529411764706,0,1.0255598280931917,0.06672698484505768,325.14916508213173,0.1906452373645911,0.08059711367062077,0.5088196491764767,0.07176024139414186,0.09570113267536597,9.54550256166482,NA,0,13555.048065442257,3.93
2021,20,San Blas-Canillejas,1,Simancas,201,0.2089041095890411,0.2067703991849588,14551,0.186526620789569,2555.44,0.05203994967850156,0.028522274538210792,0.13971387178558492,12.776570015675786,28616,0.011322337154039698,126.07,2.58,0.155,0.4211,0.02616690240452617,1125,0.23022222222222222,0.0071111111111111115,0.17422222222222222,0.012444444444444444,0.017777777777777778,0.13754542913055634,0.12730640201285995,89.98713391032052,0.10205747447212793,0.19799745989772807,0.09342946090990749,0.0572174434354445,0.10116187647418537,1.902442358233251,11,2,7030.432034855219,8.76
2021,20,San Blas-Canillejas,2,Hellín,202,0.2102133984499416,0.09811115640712054,11100,0.1431271941668917,1749.24,0.03249444739356619,0.018363489062921956,0.11018093437753174,10.834155508800453,9419,0.017093109671939697,169.68,2.53,0.21230000000000002,0.5697,0.06956521739130435,85,0.35294117647058826,0,0.10588235294117647,0.011764705882352941,0.03529411764705882,0.1250663552394097,0.11360016986941289,89.98713391032052,0.10205747447212793,0.19799745989772807,0.09342946090990749,0.0572174434354445,0.10116187647418537,1.902442358233251,NA,0,7594.896097053899,11.44
2021,20,San Blas-Canillejas,3,Amposta,203,0.21476585256553887,0.07700374531835207,9830,0.15885646920129678,1740.28,0.033824915975801034,0.03065134099616858,0.11258473327438845,11.21646573633201,8926,0.013779968630965719,239.68,2.62,0.1782,0.5003,0.06318082788671024,238,0.4789915966386555,0.008403361344537815,0.13025210084033614,0.008403361344537815,0.008403361344537815,0.1404884606766749,0.13522294420793188,89.98713391032052,0.10205747447212793,0.19799745989772807,0.09342946090990749,0.0572174434354445,0.10116187647418537,1.902442358233251,13,1,7068.520027681723,12.72
2021,20,San Blas-Canillejas,4,Arcos,204,0.17713013560008095,0.14401091405184174,12958,0.13431026884089908,3224.91,0.029735175065776165,0.0250110180696342,0.12417364477743499,10.800217679588181,24705,0.017729204614450517,189.18,2.72,0.17,0.42719999999999997,0.027522935779816515,357,0.4677871148459384,0,0.14565826330532214,0.01680672268907563,0.01680672268907563,0.11596842744383729,0.09018417324428253,89.98713391032052,0.10205747447212793,0.19799745989772807,0.09342946090990749,0.0572174434354445,0.10116187647418537,1.902442358233251,10,2,7390.381611996103,9.81
2021,20,San Blas-Canillejas,5,Rosas,205,0.13068235740723166,0.2702968087480473,17829,0.11834053275737941,3350.6,0.026525174780930694,0.02798776097912167,0.10952123830093592,10.674338867941028,31611,0.004745183638606814,34.2,2.84,0.14550000000000002,0.2788,0.022787028921998246,875,0.26285714285714284,0,0.2377142857142857,0.008,0.02057142857142857,0.057606529372686725,0.06969093037233874,89.98713391032052,0.10205747447212793,0.19799745989772807,0.09342946090990749,0.0572174434354445,0.10116187647418537,1.902442358233251,12,3,9425.773254341555,6.17
2021,20,San Blas-Canillejas,6,Rejas,206,0.2111046511627907,0.344160554525671,17046,0.23194139194139193,2971.39,0.07066279069767441,0.04249084249084249,0.15164835164835164,12.020330976233888,17200,0.014825581395348838,34.49,2.51,0.1124,0.379,0.012698412698412698,715,0.2881118881118881,0.023776223776223775,0.12167832167832168,0.009790209790209791,0.03636363636363636,0.15604651162790698,0.14755813953488373,89.98713391032052,0.10205747447212793,0.19799745989772807,0.09342946090990749,0.0572174434354445,0.10116187647418537,1.902442358233251,NA,0,11809.63820196371,6.15
2021,20,San Blas-Canillejas,7,Canillejas,207,0.20037846206777912,0.1611405545092199,13664,0.12754778512546427,2369.55,0.05407226905212455,0.02155992390615092,0.11522782860766374,10.360657579489466,29065,0.009943230689833132,181.8,2.62,0.23010000000000003,0.3372,0.040973111395646605,987,0.3860182370820669,0.002026342451874367,0.13171225937183384,0.011144883485309016,0.015197568389057751,0.11298813005332875,0.10727679339411664,89.98713391032052,0.10205747447212793,0.19799745989772807,0.09342946090990749,0.0572174434354445,0.10116187647418537,1.902442358233251,13,1,8480.24735908624,8.84
2021,20,San Blas-Canillejas,8,El Salvador,208,0.16732404242264878,0.3900781515460415,22670,0.13397568249598532,3860.72,0.04115250241037777,0.022941041523285157,0.10598761183757742,11.516451144192366,11409,0.00622315715663073,61.04,2.61,0.21559999999999999,0.33020000000000005,0.02318840579710145,227,0.1894273127753304,0.004405286343612335,0.1762114537444934,0.022026431718061675,0.039647577092511016,0.07520378648435445,0.07327548426680691,89.98713391032052,0.10205747447212793,0.19799745989772807,0.09342946090990749,0.0572174434354445,0.10116187647418537,1.902442358233251,12,1,6971.5342346356165,6.62
2021,21,Barajas,1,Alameda de Osuna,211,0.1362462660118475,0.391850800729779,21613,0.09648050006794401,3400.47,0.03164612930990835,0.029487702133442043,0.08289169724147302,11.003370361014163,19751,0.009214723305149107,100.59,2.67,0.2591,0.2195,0.007874015748031496,379,0.3641160949868074,0.013192612137203167,0.14775725593667546,0.0079155672823219,0.0395778364116095,0.07847703913725887,0.07230013670193915,200.53519782777346,0.3325546052023883,0.1413668551111887,0.07395189963566821,0.13589977185169524,0.07658206362202209,1.2910027650136262,14,2,10497.654905582835,5.49
2021,21,Barajas,2,Aeropuerto,212,0.22141372141372143,0.10790378006872853,10980,0.15482954545454544,NA,0.04723097713097715,0.03125,0.12357954545454546,10.561342592592593,1924,0.005197505197505198,0.64,2.72,0.147,0.4362,0.015789473684210527,458,0.3624454148471616,0.006550218340611353,0.2336244541484716,0,0.004366812227074236,0.10706860706860707,0.10135135135135136,200.53519782777346,0.3325546052023883,0.1413668551111887,0.07395189963566821,0.13589977185169524,0.07658206362202209,1.2910027650136262,10,2,13760.414182366178,7.78
2021,21,Barajas,3,Casco Histórico de Barajas,213,0.24071618037135278,0.15259793476479266,13780,0.21518987341772153,3077.1,0.06919071618037137,0.018670886075949366,0.16455696202531644,11.663837644295361,7540,0.009946949602122016,139.84,2.37,0.1895,0.3312,0.06716417910447761,377,0.33687002652519893,0.042440318302387266,0.1883289124668435,0.029177718832891247,0.013262599469496022,0.13342175066312997,0.13554376657824935,200.53519782777346,0.3325546052023883,0.1413668551111887,0.07395189963566821,0.13589977185169524,0.07658206362202209,1.2910027650136262,NA,0,12378.237480023698,7.91
2021,21,Barajas,4,Timón,214,0.2103845578333084,0.3162202380952381,16941,0.19237786336914656,3267.12,0.044182747269190484,0.04763835394283397,0.13642813703628623,11.566101720888955,13366,0.008978003890468352,25.23,2.7,0.10529999999999999,0.3056,0.01881720430107527,261,0.19540229885057472,0.01532567049808429,0.1839080459770115,0.007662835249042145,0.03065134099616858,0.09419422415083047,0.09636390842436032,200.53519782777346,0.3325546052023883,0.1413668551111887,0.07395189963566821,0.13589977185169524,0.07658206362202209,1.2910027650136262,11,1,10789.995183450248,6.43
2021,21,Barajas,5,Corralejos,215,0.11612483745123538,0.5042769047145415,25479,0.15153846153846154,3581.79,0.040839661898569565,0.054615384615384614,0.11307692307692307,13.609478175038722,7690,0.011573472041612484,16.56,2.95,0.09849999999999999,0.27949999999999997,0,240,0.09583333333333334,0.016666666666666666,0.3625,0.004166666666666667,0.03333333333333333,0.08413524057217166,0.08452535760728218,200.53519782777346,0.3325546052023883,0.1413668551111887,0.07395189963566821,0.13589977185169524,0.07658206362202209,1.2910027650136262,9,1,9764.470276030066,4.28
2022,1,Centro,1,Palacio,011,0.2695107932047516,0.46424653435723545,22102,0.33844046905760505,5410.14,0.12252908143656319,0.015920568347171104,0.1867670974920825,15.584867175534656,23487,0.010346148933452547,159.31015715354786,2.00436531712745,0.1911,0.3099,0.03125,1681,0.30160618679357526,0.02676977989292088,0.330755502676978,0.012492563950029744,0.030933967876264127,0.15723591774172946,0.11666028015497935,296.1162238106448,0.25873030972466077,0.23075443662265702,0.04318525113164555,0.042404038102711046,0.2318122592746381,0.8403421291045149,1,4,834.2995407682666,6.11
2022,1,Centro,2,Embajadores,012,0.3297968106995885,0.3979341249145548,17036,0.37658562367864695,4624.29,0.12806887434329517,0.01607646229739253,0.19965644820295983,15.453411334415138,46656,0.020597565157750342,449.2986359678823,2.045630725863284,0.1356,0.3176,0.04093277102455966,2884,0.4653259361997226,0.018377253814147017,0.1730235783633842,0.005201109570041609,0.015256588072122053,0.18668552812071332,0.14823388203017832,296.1162238106448,0.25873030972466077,0.23075443662265702,0.04318525113164555,0.042404038102711046,0.2318122592746381,0.8403421291045149,1,7,913.3758849186464,6.25
2022,1,Centro,3,Cortes,013,0.3092498849516797,0.509943029130388,22120,0.37283288650580876,5729.37,0.1729971185814555,0.011796246648793566,0.1994638069705094,16.09596871324486,10865,0.02126092959042798,182.93630680858254,1.9352993744414655,0.17079999999999998,0.2964,0.005780346820809248,1168,0.3116438356164384,0.045376712328767124,0.3561643835616438,0.004280821917808219,0.032534246575342464,0.17478140819144042,0.13133916244822827,296.1162238106448,0.25873030972466077,0.23075443662265702,0.04318525113164555,0.042404038102711046,0.2318122592746381,0.8403421291045149,1,1,710.3836290668983,4.72
2022,1,Centro,4,Justicia,014,0.30697288323187605,0.5367474589523065,26307,0.37871204537871206,6919.11,0.15745878434637803,0.013569124680235791,0.19675230786341896,17.19334852235098,18070,0.022634200332042057,243.64349472545308,2.0036703370036704,0.1549,0.32799999999999996,0.0018596001859600185,1945,0.4452442159383033,0.017994858611825194,0.25089974293059125,0.006169665809768638,0.024678663239074552,0.1797454344216934,0.12910902047592696,296.1162238106448,0.25873030972466077,0.23075443662265702,0.04318525113164555,0.042404038102711046,0.2318122592746381,0.8403421291045149,2,3,971.425331535661,4.84
2022,1,Centro,5,Universidad,015,0.3272241776914674,0.479885159323716,21299,0.38597420950362127,5753.05,0.13745723806335777,0.01383736677854325,0.20090678914208326,16.50852949258307,32956,0.01887364971477121,346.63502109704643,1.934934934934935,0.15869999999999998,0.32270000000000004,0.036116633532140494,2390,0.3702928870292887,0.019246861924686193,0.2535564853556485,0.008368200836820083,0.024686192468619247,0.16418861512319458,0.12762471173686127,296.1162238106448,0.25873030972466077,0.23075443662265702,0.04318525113164555,0.042404038102711046,0.2318122592746381,0.8403421291045149,2,6,952.2311828537734,4.86
2022,1,Centro,6,Sol,016,0.31447158463238,0.45354307556601,18939,0.36716192394862757,5054.5,0.17985435505728717,0.011583983883152859,0.20473432384789725,15.667165970926739,8147,0.015588560206210874,182.2816079047833,2.044069503903299,0.15839999999999999,0.27449999999999997,0.004301075268817204,1600,0.465625,0.031875,0.29125,0.001875,0.0175,0.21615318522155394,0.149502884497361,296.1162238106448,0.25873030972466077,0.23075443662265702,0.04318525113164555,0.042404038102711046,0.2318122592746381,0.8403421291045149,0,7,0,5.06
2022,2,Arganzuela,1,Imperial,021,0.19526285384171,0.41650197628458496,22200,0.20190811987970547,3953.99,0.04236768792304953,0.015762729441045318,0.1448719278232915,14.388433258236088,22503,0.009065457938941474,232.05538906685956,2.328735870579695,0.2293,0.32270000000000004,0.033879781420765025,705,0.3148936170212766,0.005673758865248227,0.1375886524822695,0.04539007092198582,0.018439716312056736,0.09345420610585255,0.08127805181531352,468.39049939878714,0,0.06957003962533498,0.04473035963174042,0.024079267307270964,0.09763623737208296,2.92284452112087,NA,0,1701.7018392735265,5.28
2022,2,Arganzuela,2,Acacias,022,0.2096698309024991,0.4248106379397408,23075,0.19552026852569068,5292.83,0.03809053221599423,0.01884843790343403,0.13168086754453912,14.57502740321295,36133,0.008136606426258545,335.73691075088504,2.326232894397108,0.2506,0.2742,0.016689847009735744,1212,0.29125412541254125,0.0024752475247524753,0.13036303630363036,0.010726072607260726,0.03217821782178218,0.095452910082196335,0.07727008551739407,468.39049939878714,0,0.06957003962533498,0.04473035963174042,0.024079267307270964,0.09763623737208296,2.92284452112087,4,2,1817.5811850440869,5.09
2022,2,Arganzuela,3,Chopera,023,0.23844871989092561,0.32166382044401076,17535,0.21011313784345417,4207.17,0.04818924698489917,0.01662433618102055,0.14961902562918494,13.813583555482866,19803,0.00934201888602737,347.551954913702,2.2782267374740246,0.2298,0.37329999999999997,0.044399596367305755,716,0.3659217877094972,0.006983240223463687,0.13268156424581007,0.006983240223463687,0.029329608938547486,0.12437509468262384,0.10392364793213149,468.39049939878714,0,0.06957003962533498,0.04473035963174042,0.024079267307270964,0.09763623737208296,2.92284452112087,5,1,2545.018386497575,6.04
2022,2,Arganzuela,4,Legazpi,024,0.20335505053095984,0.49522481700941096,23859,0.2238553590010406,4768.29,0.03959419590117623,0.031477627471383975,0.17195629552549427,15.193758713919319,19493,0.008002872826142718,137.63874160480736,2.5323881373569197,0.105,0.2152,0.022838499184339316,479,0.2630480167014614,0.0041753653444676405,0.15866388308977036,0.008350730688935281,0.025052192066805846,0.09044272302877956,0.08438926794233828,468.39049939878714,0,0.06957003962533498,0.04473035963174042,0.024079267307270964,0.09763623737208296,2.92284452112087,5,1,3482.173002857998,3.73
2022,2,Arganzuela,5,Delicias,025,0.22334864005651714,0.41980600045116173,21071,0.2246146112600536,4376.4,0.05130823212831498,0.022369302949061663,0.15164209115281502,14.812677333236222,28310,0.02055810667608619,267.7823077652413,2.3662030831099194,0.17379999999999998,0.3043,0.01691542288557214,819,0.3321123321123321,0.002442002442002442,0.16483516483516483,0.018315018315018316,0.015873015873015872,0.12313670081243377,0.09759802190038855,468.39049939878714,0,0.06957003962533498,0.04473035963174042,0.024079267307270964,0.09763623737208296,2.92284452112087,4,2,2594.8558234431603,4.58
2022,2,Arganzuela,6,Palos de la Frontera,026,0.25832604721405295,0.40396659707724425,19754,0.27200342465753424,4359.85,0.06509952149294201,0.015839041095890412,0.16404109589041097,14.655721985921904,25162,0.01518162308242588,386.7674275138803,2.1470890410958905,0.2144,0.3396,0.023166023166023165,1288,0.30978260869565216,0.006987577639751553,0.1482919254658385,0.020186335403726708,0.018633540372670808,0.1360384707098005,0.10909307686193466,468.39049939878714,0,0.06957003962533498,0.04473035963174042,0.024079267307270964,0.09763623737208296,2.92284452112087,3,1,1750.0535321095113,5.17
2022,2,Arganzuela,7,Atocha,027,0.20987654320987653,0.41659538066723695,20120,0.23237179487179488,NA,0.05186790123456791,0.02564102564102564,0.17307692307692307,14.16717233009709,1620,0.0049382716049382715,22.01984504553487,2.5961538461538463,0.1012,0.2439,0.0038022813688212928,170,0.3411764705882353,0,0.17647058823529413,0,0.0058823529411764705,0.2574074074074074,0.06172839506172839,468.39049939878714,0,0.06957003962533498,0.04473035963174042,0.024079267307270964,0.09763623737208296,2.92284452112087,4,2,2733.936865934582,4.54
2022,3,Retiro,1,Pacífico,031,0.2100917151649959,0.4292812189466711,22224,0.1964565587734242,4390.07,0.04533322644678576,0.017853492333901193,0.13178875638841567,14.427433021733494,32819,0.013406867972820622,431.821178952921,2.231345826235094,0.2622,0.3331,0.0032113037893384713,1247,0.4033680834001604,8.019246190858059e-4,0.1218925421010425,0.015236567762630313,0.016840417000801924,0.11962582650294037,0.0939394862731954,235.33464593293326,0.1975775314255413,0.19015300270058075,0.018545629647028015,0.03572399717185873,0.08250900809028486,1.1782861187400402,5,2,2621.7747784918915,4.5
2022,3,Retiro,2,Adelfas,032,0.20385189927443448,0.4246327228818676,23176,0.19416243654822335,4381.49,0.03559917178733636,0.024111675126903553,0.14352791878172588,14.301619565644437,18744,0.012857447716602646,292.05680399500625,2.375,0.2255,0.2838,0.009727626459143969,401,0.24688279301745636,0.00997506234413965,0.1371571072319202,0.014962593516209476,0.0199501246882793,0.10056551429790866,0.08205292360221937,235.33464593293326,0.1975775314255413,0.19015300270058075,0.018545629647028015,0.03572399717185873,0.08250900809028486,1.1782861187400402,6,1,3369.150445677532,5.01
2022,3,Retiro,3,Estrella,033,0.15689194516227936,0.48931129476584023,25812,0.10077963769777575,4760.98,0.025105267778753295,0.015478101352900711,0.07624398073836276,13.031789593499116,22831,0.009066619946563883,222.13554363725012,2.6117862875487274,0.3157,0.3286,0.011131725417439703,429,0.34032634032634035,0.002331002331002331,0.09557109557109557,0.018648018648018648,0.02097902097902098,0.07222635889798958,0.06451754193859227,235.33464593293326,0.1975775314255413,0.19015300270058075,0.018545629647028015,0.03572399717185873,0.08250900809028486,1.1782861187400402,NA,0,3330.2473893528722,4.01
2022,3,Retiro,4,Ibiza,034,0.2037106097333582,0.503419893345699,25160,0.20606448857569934,6060.71,0.07485444168966647,0.02114029468289558,0.12171684817424727,16.42199744865495,21452,0.016781652060413946,434.49186991869914,2.282404441597267,0.25079999999999997,0.35119999999999996,9.149130832570906e-4,1016,0.4311023622047244,0.001968503937007874,0.21358267716535434,0.011811023622047244,0.006889763779527559,0.12264590714152526,0.09644788364721238,235.33464593293326,0.1975775314255413,0.19015300270058075,0.018545629647028015,0.03572399717185873,0.08250900809028486,1.1782861187400402,5,1,2569.6134139034625,4.15
2022,3,Retiro,5,Los Jerónimos,035,0.18125717566016072,0.5312051649928264,29762,0.1789206809127128,7904.28,0.08183444989893157,0.018109380659181457,0.10177471930459979,15.030801628183333,6968,0.018656716417910446,36.33025597985733,2.5085114089098153,0.2593,0.3898,0.007194244604316547,345,0.25217391304347825,0.02318840579710145,0.2289855072463768,0.005797101449275362,0.0782608695652174,0.11251435132032148,0.10677382319173363,235.33464593293326,0.1975775314255413,0.19015300270058075,0.018545629647028015,0.03572399717185873,0.08250900809028486,1.1782861187400402,3,1,1693.9135147130908,3.18
2022,3,Retiro,6,Niño Jesús,036,0.15971764084971632,0.5659680467273664,29659,0.12224378197212912,5894.47,0.03421036420120299,0.018698183101076026,0.07884988534133004,15.277467795003002,15158,0.01055548225359546,235.1779884968133,2.668724642794144,0.27190000000000003,0.3234,0.006825938566552901,496,0.24596774193548387,0.0020161290322580645,0.12298387096774194,0.008064516129032258,0.020161290322580645,0.08378414038791397,0.07336060166248845,235.33464593293326,0.1975775314255413,0.19015300270058075,0.018545629647028015,0.03572399717185873,0.08250900809028486,1.1782861187400402,6,3,2715.894782460416,3.69
2022,4,Salamanca,1,Recoletos,041,0.20886116239098607,0.6186923385479343,34145,0.26751497005988023,10436.44,0.1262661660382182,0.016616766467065867,0.12155688622754492,19.094391027642892,15709,0.018333439429626328,179.2120032069637,2.342365269461078,0.23629999999999998,0.3226,0.0010834236186348862,1707,0.5787932044522555,0.011130638547158758,0.17340363210310486,0.006444053895723492,0.015817223198594025,0.13775542682538672,0.11222865873066395,183.4092573026086,0.043964298540587005,0.36676257329322853,4.4958535817047935e-4,0.19620974940315922,0.1467787731082038,0.8667976099930794,5,2,1781.6869772844016,2.33
2022,4,Salamanca,2,Goya,042,0.23931132458395346,0.5461152882205513,26716,0.23298984694650704,6682.47,0.09145903671750281,0.01621457796635854,0.14517351113805121,16.736830271975627,29564,0.01809633337843323,382.20173958198103,2.2307167752689803,0.2389,0.3353,0.0014534883720930232,1817,0.4309301045679692,0.002201430930104568,0.182168409466153,0.012107870115575124,0.017611447440836543,0.14044107698552294,0.11091191990258423,183.4092573026086,0.043964298540587005,0.36676257329322853,4.4958535817047935e-4,0.19620974940315922,0.1467787731082038,0.8667976099930794,4,6,2696.9525342198763,3.46
2022,4,Salamanca,3,Fuente del Berro,043,0.22492706490028216,0.44549235545662236,22214,0.21806214933103152,5330.23,0.06548273215656178,0.017479499352611134,0.13444108761329304,15.094000936435163,20909,0.01578267731598833,244.52263664086323,2.2494605092792406,0.24710000000000001,0.3643,0.027705627705627706,841,0.31391200951248516,0.0023781212841854932,0.12960760998810938,0.005945303210463734,0.030915576694411414,0.12650055000239133,0.10124826629680998,183.4092573026086,0.043964298540587005,0.36676257329322853,4.4958535817047935e-4,0.19620974940315922,0.1467787731082038,0.8667976099930794,7,1,3556.017728248135,4.98
2022,4,Salamanca,4,Guindalera,044,0.22362889356009938,0.499851234751562,24134,0.21310649728580222,4823.96,0.05775787972483881,0.017348480608875706,0.13285578375958362,15.164965876382293,41864,0.014666539270017199,260.30072373346644,2.334825675751301,0.2397,0.3971,0.024413145539906103,1659,0.3188667872212176,0.014466546112115732,0.11573236889692586,0.011452682338758288,0.02591922845087402,0.119912096311867,0.09268106248805656,183.4092573026086,0.043964298540587005,0.36676257329322853,4.4958535817047935e-4,0.19620974940315922,0.1467787731082038,0.8667976099930794,7,3,3851.5103356300488,4.3
2022,4,Salamanca,5,Lista,045,0.23967378268169826,0.5455798621516332,26720,0.23356082764597552,6229.51,0.09333976425306711,0.017441230635900768,0.13443830570902393,16.88451805884909,20845,0.014631806188534421,399.5578623606305,2.2516520420322825,0.2412,0.3521,0.0016233766233766235,1095,0.3872146118721461,0.006392694063926941,0.1817351598173516,0.0073059360730593605,0.019178082191780823,0.15015591268889422,0.10650035979851283,183.4092573026086,0.043964298540587005,0.36676257329322853,4.4958535817047935e-4,0.19620974940315922,0.1467787731082038,0.8667976099930794,5,5,2933.1991116906975,3.39
2022,4,Salamanca,6,Castellana,046,0.22510263929618768,0.5878953771289538,32452,0.24871281464530892,7757.61,0.11820176315016162,0.01244279176201373,0.12299771167048056,18.255781165609545,17050,0.013196480938416423,220.0025859839669,2.433495423340961,0.2349,0.3297,0.00380517503805175,1162,0.4259896729776248,0.008605851979345954,0.18760757314974183,0.00774526678141136,0.019793459552495698,0.15278592375366568,0.11038123167155425,183.4092573026086,0.043964298540587005,0.36676257329322853,4.4958535817047935e-4,0.19620974940315922,0.1467787731082038,0.8667976099930794,5,1,2491.069128422304,2.28
2022,5,Chamartin,1,El Viso,051,0.20701489064681247,0.5990915972747918,33498,0.17327054238389086,7061.58,0.05871542983528316,0.017213380967846702,0.10522897044494967,16.900100912415763,17192,0.012796649604467194,100.52071144395039,2.790029230269568,0.2214,0.35729999999999995,0.019230769230769232,888,0.24662162162162163,0.0011261261261261261,0.15653153153153154,0.009009009009009009,0.036036036036036036,0.11086551884597487,0.08579571893904142,212.87775628573206,0.22440475185004286,0.18702666294978437,0.02587216035570171,0.02647506930158991,0.09419481751875376,0.839941100426538,6,2,3488.851318650299,2.6
2022,5,Chamartin,2,Prosperidad,052,0.22483026188166827,0.4654351423457499,23256,0.2083749375936096,5053.89,0.04880143202736145,0.01872191712431353,0.13149026460309535,14.767876850872799,36085,0.013911597616738257,345.76483030477834,2.2443210184722915,0.2589,0.3272,0.025789473684210525,1461,0.3737166324435318,0.0034223134839151265,0.13347022587268995,0.007529089664613279,0.009582477754962354,0.11550505750311764,0.09460994873216018,212.87775628573206,0.22440475185004286,0.18702666294978437,0.02587216035570171,0.02647506930158991,0.09419481751875376,0.839941100426538,5,6,4228.4739666609175,4.84
2022,5,Chamartin,3,Ciudad Jardín,053,0.22354217521019798,0.475756153175508,23300,0.21817280277674475,5191.32,0.05725665399239545,0.01983389116152225,0.13821742903185819,15.29645089953253,18435,0.015296989422294549,241.50596877869603,2.282137101772654,0.2365,0.3452,0.02452697967764541,1030,0.27766990291262134,0.005825242718446602,0.13980582524271845,0.013592233009708738,0.021359223300970873,0.12080282072145376,0.09650122050447518,212.87775628573206,0.22440475185004286,0.18702666294978437,0.02587216035570171,0.02647506930158991,0.09419481751875376,0.839941100426538,6,3,4358.077010859165,4.68
2022,5,Chamartin,4,Hispanoamérica,054,0.18106813061276297,0.5619344007206912,30023,0.17493786579010662,6229.68,0.0423390458633951,0.019401908121542532,0.10406477992463721,16.006809473830458,31513,0.010757465173103165,183.72554744525547,2.522488575322697,0.24719999999999998,0.38130000000000003,0.016403046280023433,1467,0.3503749147920927,0.0034083162917518746,0.16155419222903886,0.011588275391956374,0.019768234492160874,0.10186272332053438,0.08812236219972709,212.87775628573206,0.22440475185004286,0.18702666294978437,0.02587216035570171,0.02647506930158991,0.09419481751875376,0.839941100426538,6,3,4821.909255036253,3.47
2022,5,Chamartin,5,Nueva España,055,0.18793570081194128,0.6165099268547545,32318,0.1962890625,5660.08,0.0501817040137897,0.021050347222222224,0.10101996527777778,16.772370586892134,24386,0.019683424915935374,136.11530082118318,2.6438802083333335,0.213,0.3624,0.03176130895091434,861,0.22531939605110338,0.003484320557491289,0.16144018583042974,0.009291521486643438,0.020905923344947737,0.11256458623800542,0.0952595751660789,212.87775628573206,0.22440475185004286,0.18702666294978437,0.02587216035570171,0.02647506930158991,0.09419481751875376,0.839941100426538,7,2,5520.42661009162,2.94
2022,5,Chamartin,6,Castilla,056,0.22491491608966083,0.5435519084544154,27111,0.18311959439308081,5098.72,0.049725241346833066,0.01655234118699672,0.12376975842529078,14.485894706577048,17042,0.011735711770918906,78.60084208578171,2.533253802564867,0.22649999999999998,0.34850000000000003,0.16710526315789473,523,0.2638623326959847,0.015296367112810707,0.17208413001912046,0.011472275334608031,0.028680688336520075,0.11988029573993662,0.09951883581739232,212.87775628573206,0.22440475185004286,0.18702666294978437,0.02587216035570171,0.02647506930158991,0.09419481751875376,0.839941100426538,8,5,6669.055830452032,3.64
2022,6,Tetuan,1,Bellas Vistas,061,0.2627430734813285,0.30923348700934983,15615,0.24088379433507767,3771.22,0.05290031039834453,0.018523133150593903,0.14469640335576045,14.108859376265734,29055,0.014558595766649458,405.41107382550337,2.408422626463992,0.1862,0.3234,0.09924985574148874,1081,0.3172987974098057,0.0074005550416281225,0.11378353376503238,0.010175763182238668,0.012950971322849213,0.1658578557907417,0.12909998279125795,152.88450858409882,0.46227331111438535,0.21768758684894796,0.01221243824418283,0.016750051397226535,0.18762267123157153,2.241368387709851,6,1,3909.9230272279283,5.48
2022,6,Tetuan,2,Cuatro Caminos,062,0.256504500332822,0.4715392507163831,23206,0.24469134179212412,4802.46,0.055161535783702254,0.016172506738544475,0.13457366379593716,15.516768777776885,34553,0.013312881660058461,290.8945147679325,2.2661889422128723,0.22719999999999999,0.3461,0.03789551140544518,2088,0.3864942528735632,0.01053639846743295,0.16475095785440613,0.011973180076628353,0.022988505747126436,0.13660174225103464,0.10760281306977687,152.88450858409882,0.46227331111438535,0.21768758684894796,0.01221243824418283,0.016750051397226535,0.18762267123157153,2.241368387709851,5,6,3851.772624393627,4.31
2022,6,Tetuan,3,Castillejos,063,0.26204523107177974,0.4773237274123066,24708,0.26433223016974483,4847.93,0.05510798737797061,0.016440696060638412,0.1388918543824063,15.752611235805597,20340,0.01799410029498525,287.81041577976447,2.1652610227394042,0.2397,0.35090000000000005,0.03018575851393189,1018,0.26227897838899805,0.007858546168958742,0.2082514734774067,0.012770137524557957,0.021611001964636542,0.15108161258603736,0.1143559488692232,152.88450858409882,0.46227331111438535,0.21768758684894796,0.01221243824418283,0.016750051397226535,0.18762267123157153,2.241368387709851,9,2,4865.914189784135,4.69
2022,6,Tetuan,4,Almenara,064,0.24392935982339956,0.26877204770703844,15208,0.21930197914449884,3194.29,0.04822567938390723,0.02202596297084486,0.15758672057884657,13.004434040741517,22650,0.01403973509933775,226.07564538723236,2.404128537986806,0.18969999999999998,0.401,0.06704617330803289,858,0.28088578088578087,0.011655011655011656,0.09906759906759907,0.009324009324009324,0.013986013986013986,0.14304635761589404,0.10481236203090508,152.88450858409882,0.46227331111438535,0.21768758684894796,0.01221243824418283,0.016750051397226535,0.18762267123157153,2.241368387709851,8,2,5985.278187096309,8.09
2022,6,Tetuan,5,Valdeacederas,065,0.2698691289251784,0.24652710785259502,14317,0.2515636497424577,3404.75,0.05756220351951033,0.02262693156732892,0.17154157468727005,14.02045889835284,26209,0.015414552253042849,224.68626439745572,2.4043414275202353,0.14679999999999999,0.35409999999999997,0.10747663551401869,891,0.35241301907968575,0.004489337822671156,0.08417508417508418,0.010101010101010102,0.014590347923681257,0.16841542981418597,0.13312220992788737,152.88450858409882,0.46227331111438535,0.21768758684894796,0.01221243824418283,0.016750051397226535,0.18762267123157153,2.241368387709851,NA,0,5518.012353126944,6.37
2022,6,Tetuan,6,Berruguete,066,0.2627880046320329,0.2630942788074134,14699,0.24906456874220473,3310.06,0.05768075027053021,0.021107166842559724,0.16108605967571715,13.849558049290417,25043,0.015173900890468394,410.9866578817328,2.393840544948671,0.16620000000000001,0.3615,0.10832811521603006,904,0.34623893805309736,0.004424778761061947,0.10730088495575221,0.011061946902654867,0.015486725663716814,0.183723994729066,0.13125424270255162,152.88450858409882,0.46227331111438535,0.21768758684894796,0.01221243824418283,0.016750051397226535,0.18762267123157153,2.241368387709851,8,1,4696.858225349871,5.75
2022,7,Chamberi,1,Gaztambide,071,0.24373736485892591,0.5345409721850045,24308,0.24940231423926557,5605.32,0.06591787810582993,0.013579420483886391,0.12833508654489814,16.983424882496042,22754,0.01590929067416718,447.36426456071075,2.1668738643970546,0.2564,0.3477,0.004112808460634548,1425,0.37543859649122807,0.009122807017543859,0.1550877192982456,0.011929824561403509,0.014736842105263158,0.14111804517886964,0.10275116463039466,75.76640215789206,NA,0.4306725855854472,0.06960857998350405,0.030817952760985593,0.12041926766554736,0.3724759851009606,3,1,2139.2733803959786,4.15
2022,7,Chamberi,2,Arapiles,072,0.2518087318087318,0.5073031706448166,24260,0.25044658806716685,5964.52,0.06646607708993825,0.01705966416577349,0.14165773490532332,16.83046948632238,24050,0.013887733887733887,414.5970252507783,2.141121829224723,0.2429,0.34729999999999994,0.004827586206896552,1216,0.3536184210526316,0.0024671052631578946,0.1669407894736842,0.023848684210526317,0.015625,0.13854469854469856,0.10577962577962578,75.76640215789206,NA,0.4306725855854472,0.06960857998350405,0.030817952760985593,0.12041926766554736,0.3724759851009606,6,1,1920.4473957863156,4.19
2022,7,Chamberi,3,Trafalgar,073,0.271033360455655,0.5338127370339358,24709,0.2979647449544409,6215.88,0.0885906103286385,0.01856425104317466,0.15490079196116835,17.25014316788311,24580,0.017941415785191213,400.3105082529825,2.0859235289108407,0.21539999999999998,0.31989999999999996,0.010775862068965518,1515,0.3227722772277228,0.009900990099009901,0.201980198019802,0.012541254125412541,0.018481848184818482,0.14475183075671277,0.11277461350691619,75.76640215789206,NA,0.4306725855854472,0.06960857998350405,0.030817952760985593,0.12041926766554736,0.3724759851009606,3,8,1749.3437824392968,4.23
2022,7,Chamberi,4,Almagro,074,0.22247399320218353,0.5555269922879177,30898,0.23577639751552795,7595.59,0.08517238351069326,0.01888198757763975,0.12236024844720497,17.29662204449981,19418,0.015295087032650118,206.39727049792089,2.40472049689441,0.24420000000000003,0.3505,0.0023059185242121443,1116,0.31810035842293904,0.0062724014336917565,0.21594982078853048,0.007168458781362007,0.017025089605734768,0.1270470697291173,0.09877433309300648,75.76640215789206,NA,0.4306725855854472,0.06960857998350405,0.030817952760985593,0.12041926766554736,0.3724759851009606,3,5,1961.8300992174234,3.12
2022,7,Chamberi,5,Ríos Rosas,075,0.24685773608690817,0.54337899543379,27391,0.24491146781399967,6238.76,0.06439505966320955,0.018037398643058082,0.13221909647526064,16.808431111858887,26971,0.014830744132586853,275.79454582735286,2.2257984444812178,0.2366,0.35590000000000005,0.0046822742474916385,1302,0.2903225806451613,0.0069124423963133645,0.21658986175115208,0.010752688172043012,0.018433179723502304,0.13888991880167587,0.10548366764302398,75.76640215789206,NA,0.4306725855854472,0.06960857998350405,0.030817952760985593,0.12041926766554736,0.3724759851009606,4,2,2846.104985761997,3.46
2022,7,Chamberi,6,Vallehermoso,076,0.20116267415054626,0.5702723051825825,28440,0.20250596658711217,5577.05,0.040073741332529396,0.014319809069212411,0.10095465393794749,15.836925200363398,19954,0.011726972035682069,186.1391694725028,2.3749403341288784,0.2775,0.3705,0.0056433408577878106,774,0.26098191214470284,0.002583979328165375,0.15633074935400518,0.011627906976744186,0.01808785529715762,0.10854966422772376,0.0917610504159567,75.76640215789206,NA,0.4306725855854472,0.06960857998350405,0.030817952760985593,0.12041926766554736,0.3724759851009606,6,4,2895.9649447630973,3.37
2022,8,Fuencarral-El Pardo,1,El Pardo,081,0.1925556858147714,0.19524680073126144,17121,0.1471264367816092,3326.83,0.01829633353045535,0.029118773946360154,0.09195402298850575,10.733780769421886,3412,0.009085580304806565,0.18029313894513055,2.591570881226054,0.2475,0.4456,0.08144796380090498,145,0.21379310344827587,0,0.25517241379310346,0.006896551724137931,0.10344827586206896,0.11518171160609614,0.09320046893317702,200.87749505744705,0.21159012654298448,0.14401141378333282,0.016973731029911236,0.02256843846891511,0.08141513149613652,1.5994425448475909,NA,0,15968.22141060446,5.45
2022,8,Fuencarral-El Pardo,2,Fuentelarreina,082,0.13637720083557148,0.5972794723825227,33653,0.09753954305799649,4274.97,0.03193424985056784,0.019332161687170474,0.05008787346221441,12.06255906529769,3351,0.028051327961802448,24.200781136988283,2.9402460456942006,0.2609,0.34020000000000006,0,22,0.2727272727272727,0.045454545454545456,0.13636363636363635,0,0.045454545454545456,0.08564607579826918,0.05729632945389436,200.87749505744705,0.21159012654298448,0.14401141378333282,0.016973731029911236,0.02256843846891511,0.08141513149613652,1.5994425448475909,NA,0,7753.532187499974,1.82
2022,8,Fuencarral-El Pardo,3,Peñagrande,083,0.17053224597351263,0.33577041535937363,21274,0.12310926823570637,3992.9,0.029742620821655616,0.0248788179641418,0.09694562868656194,12.686017956596004,44021,0.012766634106449194,152.00013853773422,2.5630438591368336,0.27149999999999996,0.2783,0.040068201193520885,898,0.3418708240534521,0,0.11581291759465479,0.012249443207126948,0.021158129175946547,0.0970445923536494,0.0754412666681811,200.87749505744705,0.21159012654298448,0.14401141378333282,0.016973731029911236,0.02256843846891511,0.08141513149613652,1.5994425448475909,12,2,7057.610320340321,5.3
2022,8,Fuencarral-El Pardo,4,Pilar,084,0.19984613693812506,0.2596325152232297,16926,0.1536643026004728,3788.2,0.04223526921550472,0.018347209374036385,0.12108130331997122,12.920762461670192,45495,0.010550609957138147,332.7024647887324,2.3308664816527904,0.29,0.3649,0.0812597200622084,1749,0.4179531160663236,0.002287021154945683,0.11492281303602059,0.010863350485991996,0.014865637507146942,0.11572700296735905,0.09150456094076272,200.87749505744705,0.21159012654298448,0.14401141378333282,0.016973731029911236,0.02256843846891511,0.08141513149613652,1.5994425448475909,11,1,6654.963695802388,5.93
2022,8,Fuencarral-El Pardo,5,La Paz,085,0.16519137649199642,0.43118267462372856,25130,0.07851140456182473,3969.93,0.02459680331416558,0.015846338535414166,0.06850740296118447,11.78103302182199,32423,0.007062887456435247,150.11137924633377,2.5887154861944777,0.3553,0.22649999999999998,0.015712682379349047,663,0.2865761689291101,0.004524886877828055,0.13423831070889894,0.015082956259426848,0.021116138763197588,0.07090645529408136,0.0672670635043025,200.87749505744705,0.21159012654298448,0.14401141378333282,0.016973731029911236,0.02256843846891511,0.08141513149613652,1.5994425448475909,10,3,7117.7974365875125,4.31
2022,8,Fuencarral-El Pardo,6,Valverde,086,0.17813911189162068,0.39121697229897917,18992,0.16764208609702172,4003.8,0.04656817017800191,0.04760046820132657,0.12251268045259461,12.77875824055139,63776,0.010364400401404917,70.87137576270432,2.7593965405124203,0.1208,0.3469,0.05223342939481268,1629,0.22160834868017187,0.009821976672805401,0.15469613259668508,0.008594229588704727,0.020871700429711478,0.12678750627195184,0.09901843953838435,200.87749505744705,0.21159012654298448,0.14401141378333282,0.016973731029911236,0.02256843846891511,0.08141513149613652,1.5994425448475909,11,4,9459.745224709619,5.1
2022,8,Fuencarral-El Pardo,7,Mirasierra,087,0.15809480582111146,0.5704420478281257,27403,0.11218346024437754,4281.56,0.029509421112372303,0.037807685496723926,0.07862581901894812,13.718426603526781,35251,0.00885081274290091,50.39469168287381,3.12024083584204,0.15410000000000001,0.24539999999999998,0.005607476635514018,479,0.29018789144050106,0,0.1127348643006263,0.012526096033402923,0.05010438413361169,0.07974241865478994,0.068395222830558,200.87749505744705,0.21159012654298448,0.14401141378333282,0.016973731029911236,0.02256843846891511,0.08141513149613652,1.5994425448475909,12,4,8861.590716918443,3.27
2022,8,Fuencarral-El Pardo,8,El Goloso,088,0.13932066781807714,0.5689728897631061,25480,0.17301854974704892,5565.28,0.037242595019659236,0.07774030354131535,0.10101180438448566,13.526689913720293,19107,0.008740252263568326,7.199987921383304,3.2166947723440136,0.0806,0.44630000000000003,0.0016806722689075631,507,0.22090729783037474,0.0019723865877712033,0.17159763313609466,0.005917159763313609,0.0631163708086785,0.09352593290417124,0.09253153294604072,200.87749505744705,0.21159012654298448,0.14401141378333282,0.016973731029911236,0.02256843846891511,0.08141513149613652,1.5994425448475909,13,1,13001.867098354021,3.05
2022,9,Moncloa-Aravaca,1,Casa de Campo,091,0.18548198864078425,0.4231977906866013,22364,0.19143215630041227,4134.56,0.04373177132146204,0.022405449005198065,0.12923462986198245,13.80609984220038,12853,0.010114370185948806,7.333081337411086,2.295034952500448,0.2553,0.4096,0.014319809069212411,662,0.3549848942598187,0.006042296072507553,0.2175226586102719,0.0075528700906344415,0.04078549848942598,0.09180736014938147,0.07500194507118961,307.0289771927063,0.31353752599454027,0.2259928682784476,0.056396150712482405,0.02772878249563331,0.10469425058158857,1.098527840141831,2,8,4173.70973569349,5.38
2022,9,Moncloa-Aravaca,2,Argüelles,092,0.22893055841747373,0.536487651503626,26973,0.23742168217201443,5856.06,0.07905530726256983,0.017562179608885512,0.14097209037402697,16.344612288813305,24265,0.014794972182155367,319.009900990099,2.2940003797228026,0.24609999999999999,0.3564,0.010443864229765013,1260,0.33095238095238094,0.014285714285714285,0.19047619047619047,0.013492063492063493,0.013492063492063493,0.1397898207294457,0.10067999175767567,307.0289771927063,0.31353752599454027,0.2259928682784476,0.056396150712482405,0.02772878249563331,0.10469425058158857,1.098527840141831,2,2,1653.689031051321,3.59
2022,9,Moncloa-Aravaca,3,Ciudad Universitaria,093,0.18618101273611026,0.5660347172226222,28638,0.16223618495247302,4486.39,0.04249938347718866,0.019816336394393428,0.0985983566940551,14.89696510605476,16253,0.009782809327508768,11.381737293784955,2.6131786692444017,0.25670000000000004,0.3336,0.02551984877126654,849,0.16607773851590105,0.001177856301531213,0.1967020023557126,0.0035335689045936395,0.05182567726737338,0.11302528763920507,0.08675321479111549,307.0289771927063,0.31353752599454027,0.2259928682784476,0.056396150712482405,0.02772878249563331,0.10469425058158857,1.098527840141831,5,3,5161.047274917275,3.51
2022,9,Moncloa-Aravaca,4,Valdezarza,094,0.19347280334728034,0.29159962740282835,17368,0.15595742978314794,3238.76,0.03777002214616469,0.02560614547491398,0.11610786588781308,12.483157225130574,29875,0.011748953974895398,213.25223613595708,2.3847323357605825,0.2518,0.3497,0.09556650246305419,606,0.31683168316831684,0.0016501650165016502,0.09405940594059406,0.01155115511551155,0.0165016501650165,0.1215397489539749,0.08502092050209205,307.0289771927063,0.31353752599454027,0.2259928682784476,0.056396150712482405,0.02772878249563331,0.10469425058158857,1.098527840141831,9,2,5430.495863456287,6.02
2022,9,Moncloa-Aravaca,5,Valdemarín,095,0.1400028340654669,0.6618148737775756,34765,0.14390962671905697,5168.96,0.04244256526674234,0.04862475442043222,0.07612966601178782,16.14344633240692,7057,0.006376647300552643,21.341408024224073,3.461689587426326,0.11460000000000001,0.3156,0,116,0.10344827586206896,0.04310344827586207,0.29310344827586204,0.008620689655172414,0.017241379310344827,0.09735014878843701,0.079353833073544,307.0289771927063,0.31353752599454027,0.2259928682784476,0.056396150712482405,0.02772878249563331,0.10469425058158857,1.098527840141831,NA,0,8461.673922559497,2.38
2022,9,Moncloa-Aravaca,6,El Plantío,096,0.1451827242524917,0.5730067243035543,34765,0.09829059829059829,4544.1,0.05067204803202135,0.03205128205128205,0.07799145299145299,17.263157894736842,3010,0.0069767441860465115,8.497250722748143,3.202991452991453,0.19149999999999998,0.25780000000000003,0.016597510373443983,196,0.33163265306122447,0.01020408163265306,0.15306122448979592,0.00510204081632653,0.015306122448979591,0.09966777408637874,0.07707641196013289,307.0289771927063,0.31353752599454027,0.2259928682784476,0.056396150712482405,0.02772878249563331,0.10469425058158857,1.098527840141831,NA,0,11456.239403199888,2.95
2022,9,Moncloa-Aravaca,7,Aravaca,097,0.1551799664160035,0.5454253783220149,28196,0.11846414455110107,4361.71,0.054837118910807746,0.0334274421230943,0.08605307735742518,13.619279851015945,27394,0.0044170256260495,46.83407610558793,3.0856013551665726,0.1617,0.2644,0.03636363636363636,627,0.3253588516746411,0.003189792663476874,0.10845295055821372,0.01594896331738437,0.019138755980861243,0.09644447689275024,0.08290136526246623,307.0289771927063,0.31353752599454027,0.2259928682784476,0.056396150712482405,0.02772878249563331,0.10469425058158857,1.098527840141831,NA,0,7562.302886124522,2.94
2022,10,Latina,1,Los Cármenes,101,0.1993064635324882,0.18337592063730648,13409,0.16334183290835458,2672.55,0.0498005358262555,0.02744862756862157,0.13229338533073345,10.877288772437918,17591,0.009266101983969075,135.78173374613004,2.6313184340782962,0.1699,0.3507,0.1246684350132626,303,0.23102310231023102,0.006600660066006601,0.1617161716171617,0.009900990099009901,0.056105610561056105,0.13120345631288727,0.09351372861122165,83.57979773786322,0.1718647678136336,0.21052277072323922,0.05239030964765262,0.013028896455361172,0.15285089939590293,3.3283802612359663,6,1,3189.554446727571,8.96
2022,10,Latina,2,Puerta del Angel,102,0.23073776408874344,0.22697467364494978,14438,0.21518196786464544,2796.26,0.06401942706697905,0.01992846193152785,0.14404133310622835,11.885215500633224,41558,0.015448289138072092,301.03250199956375,2.3505933117583604,0.20350000000000001,0.3945,0.11681005956320317,1496,0.3342245989304813,0.008021390374331552,0.1303475935828877,0.010026737967914439,0.016042780748663103,0.1836950767601906,0.11583810577987391,83.57979773786322,0.1718647678136336,0.21052277072323922,0.05239030964765262,0.013028896455361172,0.15285089939590293,3.3283802612359663,3,2,2462.022580849945,7.09
2022,10,Latina,3,Lucero,103,0.19692026982196173,0.1908315942131513,14083,0.15559759002381954,2408.06,0.04762819588486494,0.02024660221381533,0.11181168558217738,10.682009670951315,36172,0.011196505584429946,214.78260869565216,2.5264116575591986,0.22010000000000002,0.41619999999999996,0.09932885906040269,835,0.33053892215568864,0.0023952095808383233,0.1281437125748503,0.016766467065868262,0.019161676646706587,0.13264403405949354,0.09546057724206569,83.57979773786322,0.1718647678136336,0.21052277072323922,0.05239030964765262,0.013028896455361172,0.15285089939590293,3.3283802612359663,5,1,4227.863163252316,6.98
2022,10,Latina,4,Aluche,104,0.17992487352700615,0.16990200478755235,14561,0.12294288480154889,2362.33,0.05716924490756915,0.017573907215727158,0.09766177675180579,10.063961636589152,66022,0.010526794098936717,231.00919362762298,2.451150495196962,0.2923,0.37729999999999997,0.08080808080808081,1890,0.3682539682539683,0.0026455026455026454,0.14074074074074075,0.009523809523809525,0.01746031746031746,0.1231559177243949,0.09113628790403198,83.57979773786322,0.1718647678136336,0.21052277072323922,0.05239030964765262,0.013028896455361172,0.15285089939590293,3.3283802612359663,6,3,5246.164022823681,6.55
2022,10,Latina,5,Campamento,105,0.20766295379537955,0.18919624217118997,14103,0.144466800804829,2379.49,0.06342418679216011,0.0193158953722334,0.10744466800804829,11.044299088738036,19392,0.0123246699669967,21.03814435232935,2.5938296445338698,0.2341,0.4158,0.11298076923076923,432,0.3101851851851852,0,0.10185185185185185,0.023148148148148147,0.016203703703703703,0.14882425742574257,0.1080342409240924,83.57979773786322,0.1718647678136336,0.21052277072323922,0.05239030964765262,0.013028896455361172,0.15285089939590293,3.3283802612359663,6,1,9136.382852802442,5.88
2022,10,Latina,6,Cuatro Vientos,106,0.17271966527196653,0.2589910692734733,16523,0.25467497773820125,3092.2,0.04659658062353336,0.0578806767586821,0.13535173642030277,13.745489383199969,5975,0.0068619246861924684,10.986906318484007,2.6562778272484415,0.0699,0.18469999999999998,0.006172839506172839,111,0.22522522522522523,0,0.11711711711711711,0,0.04504504504504504,0.12251046025104602,0.0898744769874477,83.57979773786322,0.1718647678136336,0.21052277072323922,0.05239030964765262,0.013028896455361172,0.15285089939590293,3.3283802612359663,8,1,8640.707907451917,6.12
2022,10,Latina,7,Águilas,107,0.16305822665329478,0.14996208136604935,14474,0.12604276536580689,2350.98,0.04600412132165167,0.019992329082366478,0.10192731805542238,9.987740155532954,50853,0.009104674257172634,141.02947695035462,2.4405983315754147,0.2772,0.3897,0.022167487684729065,1119,0.40840035746201964,0,0.128686327077748,0.014298480786416443,0.01876675603217158,0.09973846184099266,0.07769453129608872,83.57979773786322,0.1718647678136336,0.21052277072323922,0.05239030964765262,0.013028896455361172,0.15285089939590293,3.3283802612359663,7,1,6885.975485017603,6.71
2022,11,Carabanchel,1,Comillas,111,0.22135965896342832,0.21569815477829798,14448,0.18607079461209147,2838.59,0.07295302061762853,0.021614284222616686,0.12947687167171348,11.596485282879376,22285,0.009109266322638546,333.4934694490317,2.319515505899551,0.23629999999999998,0.3725,0.05371024734982332,784,0.3711734693877551,0.002551020408163265,0.11479591836734694,0.017857142857142856,0.017857142857142856,0.1456136414628674,0.10446488669508638,76.79483199950054,0.18956554927339397,0.2583712162288897,0.1982840538145538,0.021618984931979304,0.18317195926641985,0.9715973606889367,9,1,2716.7136162936577,7.11
2022,11,Carabanchel,2,Opañel,112,0.226124184180588,0.18206112616681722,13507,0.17186323241452026,2500.72,0.060763363363363354,0.019129386955866846,0.13217352010845007,11.17519092709188,33402,0.010658044428477337,300.73150907613115,2.507907817442386,0.2023,0.371,0.052865612648221344,1239,0.3139628732849072,0,0.11783696529459241,0.009685230024213076,0.013720742534301856,0.15864319501826238,0.11969343153104604,76.79483199950054,0.18956554927339397,0.2583712162288897,0.1982840538145538,0.021618984931979304,0.18317195926641985,0.9715973606889367,6,5,3342.757631033908,6.56
2022,11,Carabanchel,3,San Isidro,113,0.21880692167577415,0.16663965511652784,12528,0.1803651484633877,2630.78,0.06426922139575028,0.022025859268403614,0.1285816386199727,11.111605087517207,39528,0.01426836672738312,207.39746222292422,2.559352868559548,0.1888,0.3682,0.06786050895381715,1031,0.29582929194956353,0.0019398642095053346,0.12318137730358875,0.012609117361784675,0.015518913676042677,0.1541691965189233,0.11176887269783445,76.79483199950054,0.18956554927339397,0.2583712162288897,0.1982840538145538,0.021618984931979304,0.18317195926641985,0.9715973606889367,NA,0,3059.153889680385,8.88
2022,11,Carabanchel,4,Vista Alegre,114,0.2090679020289109,0.13871934604904632,12211,0.13695119867889072,2236.79,0.06416038645264016,0.01998747223962189,0.11098456807698878,10.389892926540302,46626,0.011774546390425942,292.4364460105714,2.646432435510506,0.22219999999999998,0.36829999999999996,0.047701647875108416,2128,0.3717105263157895,0.002349624060150376,0.12969924812030076,0.01456766917293233,0.01362781954887218,0.1706344099858448,0.12076952773130871,76.79483199950054,0.18956554927339397,0.2583712162288897,0.1982840538145538,0.021618984931979304,0.18317195926641985,0.9715973606889367,7,3,5063.086324920521,7.11
2022,11,Carabanchel,5,Puerta Bonita,115,0.21281213009413225,0.1250465757508011,11119,0.14684875598461658,2125.93,0.06748735697132363,0.025351228318028413,0.12071265991680402,10.258693174608311,35482,0.010935122033707232,220.03605619793606,2.778039400361039,0.17550000000000002,0.3967,0.06053119209388511,913,0.32201533406352684,0,0.10295728368017525,0.009857612267250822,0.017524644030668127,0.17468011949720985,0.11278958345076377,76.79483199950054,0.18956554927339397,0.2583712162288897,0.1982840538145538,0.021618984931979304,0.18317195926641985,0.9715973606889367,NA,0,5104.261850367837,8.05
2022,11,Carabanchel,6,Buenavista,116,0.16458759230672954,0.1783383826613843,13939,0.17009399031614925,2637.71,0.0607341315486772,0.03736827114782113,0.12138991740244945,11.460590712341284,47938,0.011744336434561308,85.18313974203662,2.723725434349188,0.13570000000000002,0.35350000000000004,0.0390625,1363,0.33235509904622157,0.001467351430667645,0.1467351430667645,0.010271460014673514,0.022010271460014674,0.12614210021277483,0.08475530894071509,76.79483199950054,0.18956554927339397,0.2583712162288897,0.1982840538145538,0.021618984931979304,0.18317195926641985,0.9715973606889367,10,3,6594.790383780321,6.32
2022,11,Carabanchel,7,Abrantes,117,0.19101811851183184,0.13574699732135143,11953,0.13421736403548068,2210.36,0.06611746160064672,0.024639369232147657,0.10805483379625481,10.159147814185888,31018,0.007834160809852345,197.65435255017255,2.7708090672878773,0.1753,0.3611,0.04908565928777671,675,0.3451851851851852,0.0014814814814814814,0.13333333333333333,0.022222222222222223,0.017777777777777778,0.15642530143787478,0.10996840544200141,76.79483199950054,0.18956554927339397,0.2583712162288897,0.1982840538145538,0.021618984931979304,0.18317195926641985,0.9715973606889367,7,4,4633.638141225011,7.36
2022,12,Usera,1,Orcasitas,121,0.1538161487452867,0.10357793314141354,12638,0.11520302171860246,1654.28,0.03616122803965907,0.027738432483474976,0.10304532577903683,8.810940554250783,23073,0.003857322411476618,169.5370097316426,2.714353163361662,0.18989999999999999,0.3933,0.05630630630630631,346,0.4161849710982659,0.008670520231213872,0.15606936416184972,0.002890173410404624,0.011560693641618497,0.08975859229402332,0.07506609456941013,154.79354030053676,0.09022191622083611,0.2090705770593963,0.10330133997346175,0.008458425505449355,0.21451195954775296,4.535669267919611,NA,0,5444.820287906102,7.99
2022,12,Usera,2,Orcasur,122,0.20604491709228293,0.12265150785239426,10792,0.15053091817613992,2850.8,0.039664912280701736,0.024567978346866543,0.12783676868623778,10.05313229941646,14293,0.0013992863639543834,102.71750883010165,2.966895690193629,0.1422,0.3286,0.03058823529411765,245,0.23673469387755103,0,0.14285714285714285,0.004081632653061225,0.02040816326530612,0.12180787798222906,0.09802000979500455,154.79354030053676,0.09022191622083611,0.2090705770593963,0.10330133997346175,0.008458425505449355,0.21451195954775296,4.535669267919611,7,1,5034.764058844293,10.15
2022,12,Usera,3,San Fermín,123,0.18410539736506587,0.11905882352941176,11302,0.13983152827918172,2044.48,0.050177323103154314,0.03345367027677497,0.12226233453670277,9.40101647058924,23530,0.008882277943051424,159.00772671817813,2.8231046931407944,0.1454,0.3196,0.029595015576323987,403,0.337468982630273,0.004962779156327543,0.19106699751861042,0.009925558312655087,0.017369727047146403,0.11937951551211219,0.09770505737356566,154.79354030053676,0.09022191622083611,0.2090705770593963,0.10330133997346175,0.008458425505449355,0.21451195954775296,4.535669267919611,8,1,5347.446157717271,8.7
2022,12,Usera,4,Almendrales,124,0.21884282864109952,0.15248017047472476,12033,0.15736731411604601,2409.57,0.053423676607849246,0.02325869108004454,0.12161326240257331,10.763103034279244,22555,0.0037242296608290845,288.41174208434813,2.7834962266485217,0.1557,0.3998,0.05800865800865801,748,0.356951871657754,0.004010695187165776,0.14304812834224598,0.0053475935828877,0.013368983957219251,0.15349146530702726,0.11882066060740412,154.79354030053676,0.09022191622083611,0.2090705770593963,0.10330133997346175,0.008458425505449355,0.21451195954775296,4.535669267919611,6,1,3761.5800879559033,6.97
2022,12,Usera,5,Moscardó,125,0.21918748807934388,0.14710622710622712,11892,0.15748271655144366,2379.49,0.055824920616702994,0.021248474989833267,0.12057747051647011,10.845988896297234,26215,0.00770551211138661,287.62103873239437,2.657482716551444,0.18600000000000003,0.3822,0.05218446601941747,1165,0.4291845493562232,0.002575107296137339,0.15107296137339055,0.008583690987124463,0.01888412017167382,0.16513446500095366,0.12454701506770932,154.79354030053676,0.09022191622083611,0.2090705770593963,0.10330133997346175,0.008458425505449355,0.21451195954775296,4.535669267919611,6,1,3148.6442045488893,6.95
2022,12,Usera,6,Zofío,126,0.2085142735103581,0.108740408010481,11010,0.13386295928500497,2107.67,0.0630136927685066,0.020854021847070508,0.12671300893743792,10.353304646980758,14047,0.008400370185804798,181.1627906976744,2.7849056603773583,0.177,0.3666,0.09396914446002805,369,0.2601626016260163,0.0027100271002710027,0.10298102981029811,0.0027100271002710027,0.03523035230352303,0.16814978287178756,0.12080871360432832,154.79354030053676,0.09022191622083611,0.2090705770593963,0.10330133997346175,0.008458425505449355,0.21451195954775296,4.535669267919611,NA,0,4309.52279835841,7.43
2022,12,Usera,7,Pradolongo,127,0.2333580938232101,0.0831213526859195,9489,0.1395736175882745,NA,0.055385070519435864,0.02481678880746169,0.11175882744836775,10.207602950299584,17501,8.570938803496943e-4,159.18590855161085,2.9050632911392404,0.1635,0.3983,0.083765752409192,796,0.3530150753768844,0.002512562814070352,0.13442211055276382,0.00628140703517588,0.007537688442211055,0.18644648877207018,0.13519227472715845,154.79354030053676,0.09022191622083611,0.2090705770593963,0.10330133997346175,0.008458425505449355,0.21451195954775296,4.535669267919611,NA,0,4353.234073261076,7.13
2022,13,Puente de Vallecas,1,Entrevías,131,0.20036210018105008,0.0644791626876504,10225,0.1332232963923603,1826.99,0.04853222830786971,0.02467971390395347,0.11428122298200111,9.34492599341264,34797,0.012874673104003219,58.088715484184256,2.726558201681993,0.1866,0.3839,0.07742782152230972,699,0.2761087267525036,0.001430615164520744,0.16022889842632332,0.010014306151645207,0.022889842632331903,0.131965399316033,0.09845676351409605,138.7406266767093,0.08967315984712115,0.1858727798879467,0.0819321211814389,0.019736132358651487,0.16827930978874375,3.054678706532502,NA,0,5421.836615386178,10.53
2022,13,Puente de Vallecas,2,San Diego,132,0.2464868882540125,0.11544996756155582,9769,0.20710204583154143,2143.48,0.06623689116755999,0.028076426859986483,0.14541991767524728,11.510870277033057,43053,0.019743107332822335,401.0655201420694,2.6362351784726914,0.1335,0.3721,0.10071707953063885,1607,0.36963285625388925,0.002489110143123833,0.104542626011201,0.009956440572495333,0.013690105787181083,0.24156272501335563,0.16349615590086639,138.7406266767093,0.08967315984712115,0.1858727798879467,0.0819321211814389,0.019736132358651487,0.16827930978874375,3.054678706532502,7,2,4343.126330531005,8.62
2022,13,Puente de Vallecas,3,Palomeras Bajas,133,0.19303330917814038,0.1430303824850054,13270,0.15269797239284064,2128.24,0.04345358707900339,0.024106730070669043,0.12515685886004888,9.99474253008224,40019,0.010220145430920313,231.65496838563723,2.6375404530744335,0.17420000000000002,0.34130000000000005,0.08422555317630265,793,0.30138713745271123,0,0.10970996216897856,0.015132408575031526,0.02648171500630517,0.11966815762512806,0.09348059671655963,138.7406266767093,0.08967315984712115,0.1858727798879467,0.0819321211814389,0.019736132358651487,0.16827930978874375,3.054678706532502,9,2,5299.0997356729995,7.94
2022,13,Puente de Vallecas,4,Palomeras Sureste,134,0.20273471398081477,0.11428137805433299,12654,0.14018691588785046,2148.95,0.04598180535966148,0.025623568731819025,0.13127437024200037,10.111998699484623,42637,0.014541360789924244,136.84616869330245,2.632914526211549,0.1848,0.36469999999999997,0.11252900232018562,919,0.2720348204570185,0.003264417845484222,0.12295973884657237,0.01088139281828074,0.015233949945593036,0.11949715036236133,0.09163402678424842,138.7406266767093,0.08967315984712115,0.1858727798879467,0.0819321211814389,0.019736132358651487,0.16827930978874375,3.054678706532502,12,2,6728.434776921601,8.28
2022,13,Puente de Vallecas,5,Portazgo,135,0.2009449596276577,0.09594365939543605,11169,0.14777962041643633,2061.83,0.04461641120039646,0.02505988575640317,0.11719181868435599,10.254705393892273,28361,0.010507386904552026,226.8449369629808,2.6026349732817393,0.2141,0.37329999999999997,0.06862745098039216,874,0.35354691075514877,0.0011441647597254005,0.13043478260869565,0.014874141876430207,0.009153318077803204,0.12869785973696274,0.09315609463700152,138.7406266767093,0.08967315984712115,0.1858727798879467,0.0819321211814389,0.019736132358651487,0.16827930978874375,3.054678706532502,11,1,5623.0531374149605,9.66
2022,13,Puente de Vallecas,6,Numancia,136,0.22476242651551867,0.12998351217666299,11478,0.18147304479878512,2194.78,0.05532242887940145,0.023267165636186138,0.13558954333441806,11.124163041740736,47459,0.01498135232516488,255.87583148558758,2.5661134613298624,0.1859,0.3618,0.09392712550607288,1386,0.3333333333333333,0.0021645021645021645,0.11038961038961038,0.00937950937950938,0.010822510822510822,0.17990265281611495,0.1293537579805727,138.7406266767093,0.08967315984712115,0.1858727798879467,0.0819321211814389,0.019736132358651487,0.16827930978874375,3.054678706532502,NA,0,4377.421684034425,8.47
2022,14,Moratalaz,1,Pavones,141,0.16067556772794706,0.19287059846399074,15476,0.10569600974718245,2357.79,0.04142000229384103,0.0185805665549802,0.11940298507462686,10.294006831268149,8763,0.008444596599338126,86.35238189561255,2.655802619555285,0.2686,0.3676,0.056818181818181816,167,0.2155688622754491,0,0.11976047904191617,0.011976047904191617,0.041916167664670656,0.09665639621134314,0.06949674768914756,130.9673270810175,0.025860022385797224,0.2122423161274947,0.019608808963128888,0.0405360383973845,0.09756467150124472,0.692863078600028,10,1,6486.612033542536,7.29
2022,14,Moratalaz,2,Horcajo,142,0.14456316781898176,0.3382386235001132,18165,0.13378995433789953,3648.54,0.03206248032735285,0.03333333333333333,0.1228310502283105,10.567835588808675,6364,0.003614079195474544,85.18568172677303,2.9013698630136986,0.10640000000000001,0.25,0.06015037593984962,103,0.3300970873786408,0,0.10679611650485436,0,0,0.071024512884978,0.07165304839723445,130.9673270810175,0.025860022385797224,0.2122423161274947,0.019608808963128888,0.0405360383973845,0.09756467150124472,0.692863078600028,NA,0,6656.046390097287,7.14
2022,14,Moratalaz,3,Marroquina,143,0.16051863365811123,0.27515236755743083,19035,0.11422752938998426,3143.33,0.027267171160208395,0.017124872720540592,0.09645468851245025,11.109538598538737,26377,0.00803730522803958,146.90240768672143,2.434231232065167,0.2853,0.38189999999999996,0.06093189964157706,820,0.325609756097561,0,0.13414634146341464,0.013414634146341463,0.015853658536585366,0.0744588088107063,0.06729347537627478,130.9673270810175,0.025860022385797224,0.2122423161274947,0.019608808963128888,0.0405360383973845,0.09756467150124472,0.692863078600028,NA,0,5474.216389082998,6.56
2022,14,Moratalaz,4,Media Legua,144,0.17559882819231432,0.24096471766979174,16896,0.1331654776891873,2904.81,0.03600218679864188,0.019443278780248985,0.10071338648762064,11.092089000924998,17409,0.011373427537480614,173.94394394394394,2.4306896069380333,0.2862,0.35509999999999997,0.04308797127468582,404,0.25,0,0.11386138613861387,0.012376237623762377,0.034653465346534656,0.09655925096214601,0.08214142110402665,130.9673270810175,0.025860022385797224,0.2122423161274947,0.019608808963128888,0.0405360383973845,0.09756467150124472,0.692863078600028,7,2,4094.469073486074,8.01
2022,14,Moratalaz,5,Fontarrón,145,0.19196350236883664,0.16262082195823802,13385,0.14109449847583103,2509.27,0.05645780333255106,0.023225431847873422,0.11380461605457977,10.408289501510506,17097,0.01503187693747441,176.69500311009747,2.4740891275947163,0.2419,0.4708,0.023529411764705882,325,0.4430769230769231,0,0.10153846153846154,0.012307692307692308,0.021538461538461538,0.13698309644966952,0.10340995496285899,130.9673270810175,0.025860022385797224,0.2122423161274947,0.019608808963128888,0.0405360383973845,0.09756467150124472,0.692863078600028,NA,0,5210.58502616521,7.68
2022,14,Moratalaz,6,Vinateros,146,0.1732236170340561,0.19878057738926028,14899,0.15119179600886917,2544.08,0.05016073859871076,0.019401330376940133,0.10559866962305987,10.848535234500858,16649,0.01141209682263199,279.44444444444446,2.3003048780487805,0.2864,0.4819,0.03614457831325301,323,0.44891640866873067,0,0.08978328173374613,0.03715170278637771,0.0030959752321981426,0.11682383326325906,0.0863715538470779,130.9673270810175,0.025860022385797224,0.2122423161274947,0.019608808963128888,0.0405360383973845,0.09756467150124472,0.692863078600028,9,1,5433.702059193246,6.3
2022,15,Ciudad Lineal,1,Ventas,151,0.2152579468473163,0.20352381936550584,14440,0.17345,2995.68,0.059154289659212156,0.0197,0.12445,11.627226564644886,47975,0.015216258467952059,149.47154471544715,2.39005,0.2302,0.4285,0.0929112181693049,1579,0.29575680810639643,0.001266624445851805,0.10956301456618113,0.013932868904369854,0.013932868904369854,0.17625846795205835,0.10684731631057842,116.42206306381868,0.21211726164648256,0.1736006007300483,0.027973862385169596,0.016934020937804214,0.14200696570907645,1.5260381719227616,8,1,4882.186885724673,6.42
2022,15,Ciudad Lineal,2,Pueblo Nuevo,152,0.2070984972809473,0.18509483442093067,13996,0.15085761520975408,2946.9,0.05652492128844758,0.020252118206240958,0.11808224839842943,11.125762638254455,62154,0.01393313382887666,267.0532942393929,2.559826410415375,0.2183,0.3636,0.07036535859269283,2148,0.33379888268156427,0.0032588454376163874,0.11126629422718808,0.01303538175046555,0.015828677839851025,0.14784245583550537,0.11278437429610323,116.42206306381868,0.21211726164648256,0.1736006007300483,0.027973862385169596,0.016934020937804214,0.14200696570907645,1.5260381719227616,9,3,5945.604598047828,6.36
2022,15,Ciudad Lineal,3,Quintana,153,0.22770523540799933,0.25758806212567253,15406,0.20177298130661014,3401.96,0.06791275689533971,0.019946039699364038,0.1374060512622856,12.390925919856366,24277,0.016641265395230052,334.43507122113124,2.330217768356138,0.21760000000000002,0.4053,0.052206673842841764,1174,0.3390119250425894,8.517887563884157e-4,0.12095400340715502,0.01788756388415673,0.011073253833049404,0.19273386332742926,0.12101989537422252,116.42206306381868,0.21211726164648256,0.1736006007300483,0.027973862385169596,0.016934020937804214,0.14200696570907645,1.5260381719227616,9,4,5499.8856458525215,6.32
2022,15,Ciudad Lineal,4,La Concepción,154,0.19798166926677066,0.3173728813559322,17968,0.19166113691661138,4069.36,0.059728571428571436,0.024109710241097104,0.12618889626188895,12.581730625336624,20512,0.014771840873634945,230.725815554803,2.2605618226056183,0.24239999999999998,0.4039,0.04865220249835635,911,0.3205268935236004,0.005488474204171241,0.145993413830955,0.009879253567508232,0.02305159165751921,0.14874219968798752,0.10749804992199688,116.42206306381868,0.21211726164648256,0.1736006007300483,0.027973862385169596,0.016934020937804214,0.14200696570907645,1.5260381719227616,8,1,5286.907708726859,5.6
2022,15,Ciudad Lineal,5,San Pascual,155,0.17045583721723315,0.33717885200651143,21045,0.1618705035971223,4257.74,0.04106090276986207,0.0242472688515854,0.11097788435917932,13.309621721662044,17594,0.012504262816869387,166.6761660492068,2.3375965893951505,0.27690000000000003,0.33590000000000003,0.028089887640449437,561,0.3155080213903743,0.0071301247771836,0.12299465240641712,0.008912655971479501,0.017825311942959002,0.13737637831078778,0.08082300784358304,116.42206306381868,0.21211726164648256,0.1736006007300483,0.027973862385169596,0.016934020937804214,0.14200696570907645,1.5260381719227616,8,1,5179.583350579988,5.71
2022,15,Ciudad Lineal,6,San Juan Bautista,156,0.16645004061738425,0.527114267269206,26934,0.161620294599018,4836.38,0.06105653129323675,0.02925531914893617,0.1018821603927987,14.123469761296857,12310,0.011129163281884647,121.55718242975861,2.513707037643208,0.2248,0.3429,0.00202020202020202,398,0.26884422110552764,0.002512562814070352,0.14321608040201006,0.01256281407035176,0.017587939698492462,0.11039805036555646,0.08456539398862713,116.42206306381868,0.21211726164648256,0.1736006007300483,0.027973862385169596,0.016934020937804214,0.14200696570907645,1.5260381719227616,8,2,5517.381608968283,4.06
2022,15,Ciudad Lineal,7,Colina,157,0.17067421027817067,0.508682328907048,26589,0.18531202435312025,4920.05,0.05854048595771537,0.04033485540334855,0.11453576864535768,14.630938627287943,6363,0.011944051548011944,113.23923530462748,2.4117199391171993,0.23809999999999998,0.3148,0.01288659793814433,282,0.19148936170212766,0.0070921985815602835,0.08865248226950355,0.01773049645390071,0.031914893617021274,0.1382995442401383,0.0920949237780921,116.42206306381868,0.21211726164648256,0.1736006007300483,0.027973862385169596,0.016934020937804214,0.14200696570907645,1.5260381719227616,NA,0,5876.295848019207,5.27
2022,15,Ciudad Lineal,8,Atalaya,158,0.14383561643835616,0.553781512605042,30030,0.1956521739130435,5625.3,0.07338817672682016,0.046822742474916385,0.09866220735785954,15.451411469598654,1606,0.0136986301369863,64.56408196062675,2.6872909698996654,0.2284,0.2861,0.021739130434782608,31,0.12903225806451613,0,0.12903225806451613,0,0.03225806451612903,0.10834371108343711,0.08717310087173101,116.42206306381868,0.21211726164648256,0.1736006007300483,0.027973862385169596,0.016934020937804214,0.14200696570907645,1.5260381719227616,NA,0,6201.670850629291,3.74
2022,15,Ciudad Lineal,9,Costillares,159,0.15423752119906495,0.5447881724437819,27877,0.12354778263585259,4692.53,0.027397353914002203,0.02698313554028732,0.09269206745783885,13.91036434505316,21817,0.009808864646835037,152.52242152466368,2.719300437226733,0.2291,0.308,0.010416666666666666,386,0.25906735751295334,0.007772020725388601,0.13471502590673576,0.012953367875647668,0.02849740932642487,0.09781363157171014,0.08250446899207041,116.42206306381868,0.21211726164648256,0.1736006007300483,0.027973862385169596,0.016934020937804214,0.14200696570907645,1.5260381719227616,11,2,7261.663100362989,4.28
2022,16,Hortaleza,1,Palomas,161,0.13180639585133966,0.5667580679181607,32620,0.09732573432704954,3990.82,0.07267083513630462,0.03244191144234985,0.08461201227531784,14.639461428845673,6942,0.011956208585422068,64.86714071856288,3.039456378781236,0.16149999999999998,0.2188,0.011904761904761904,143,0.25874125874125875,0.013986013986013986,0.14685314685314685,0.006993006993006993,0.04195804195804196,0.09680207433016422,0.08455776433304524,98.90385561381417,0.2376049406513152,0.37741214981588084,0.05753943637592993,0.023714600703556285,0.10560617792295031,2.172656524162418,NA,0,8460.640556816981,3.93
2022,16,Hortaleza,2,Piovera,162,0.14870012697988372,0.5799733739064283,32720,0.13025040387722134,5397.85,0.12083601819641424,0.027261712439418415,0.09612277867528271,15.100382316371478,14963,0.007017309363095636,47.61116065740859,3.018578352180937,0.1558,0.2495,0.0027397260273972603,317,0.17981072555205047,0.006309148264984227,0.138801261829653,0.025236593059936908,0.050473186119873815,0.10746508053197888,0.07912851700862127,98.90385561381417,0.2376049406513152,0.37741214981588084,0.05753943637592993,0.023714600703556285,0.10560617792295031,2.172656524162418,NA,0,7272.732429305579,3.17
2022,16,Hortaleza,3,Canillas,163,0.17130513413041293,0.2785296783671428,19059,0.13591387142946046,3629.84,0.04660430140022162,0.020660899869313586,0.10566930113883875,12.350315144309949,39812,0.008113131719079675,157.41526263627352,2.471093409670795,0.275,0.3233,0.10344827586206896,1377,0.30718954248366015,0.002178649237472767,0.11256354393609296,0.01888162672476398,0.025417574437182282,0.09256003215111022,0.0763588867678087,98.90385561381417,0.2376049406513152,0.37741214981588084,0.05753943637592993,0.023714600703556285,0.10560617792295031,2.172656524162418,9,2,7296.3128949825195,5.57
2022,16,Hortaleza,4,Pinar del Rey,164,0.18292940746862446,0.22087927962633022,15917,0.1408976392647196,3223.52,0.04676764910114961,0.02365400765139498,0.1139777922926192,11.689922453450114,52031,0.010743595164421211,194.55118583008104,2.4187739106093122,0.2646,0.3546,0.13920056100981767,1446,0.37206085753803597,0.004840940525587829,0.1037344398340249,0.017289073305670817,0.01867219917012448,0.10597528396532836,0.08648690203916895,98.90385561381417,0.2376049406513152,0.37741214981588084,0.05753943637592993,0.023714600703556285,0.10560617792295031,2.172656524162418,7,6,7830.265125778066,6.66
2022,16,Hortaleza,5,Apóstol Santiago,165,0.1752510528020732,0.26416199481214964,17164,0.13161047407153859,3461.16,0.03676784181084948,0.023960294369330823,0.11586513777169262,10.947013388000144,15435,0.009459021703919664,127.57447514729067,2.6311826116720862,0.21530000000000002,0.35979999999999995,0.07073170731707316,240,0.375,0,0.15833333333333333,0.0125,0.029166666666666667,0.10249433106575964,0.08733398121153223,98.90385561381417,0.2376049406513152,0.37741214981588084,0.05753943637592993,0.023714600703556285,0.10560617792295031,2.172656524162418,12,1,7594.745424567081,6.75
2022,16,Hortaleza,6,Valdefuentes,166,0.176160027249222,0.5336536229865849,23444,0.17895200352267723,4162.66,0.05696331369883703,0.0555702333773668,0.12531924262439453,13.6422542838286,64589,0.021102664540401616,38.889182569470144,2.9154557463672393,0.07690000000000001,0.2112,0.030201342281879196,845,0.23550295857988165,0.002366863905325444,0.1727810650887574,0.008284023668639054,0.027218934911242602,0.1427797302946322,0.09264735481273902,98.90385561381417,0.2376049406513152,0.37741214981588084,0.05753943637592993,0.023714600703556285,0.10560617792295031,2.172656524162418,NA,0,10324.991527205424,3.69
2022,17,Villaverde,1,"Villaverde Alto, Casco Histórico de Villaverde",171,0.2039195372528706,0.09628250625399964,10904,0.14853983896166326,1938.69,0.06433452638876849,0.027400552818170894,0.11951688498978488,9.361930869446526,46332,6.475006475006475e-4,49.878966024033886,2.7734647277971396,0.1637,0.3788,0.038288288288288286,2625,0.2259047619047619,0.0015238095238095239,0.05980952380952381,0.005333333333333333,0.014095238095238095,0.1629543296209963,0.10929810929810929,171.77290037847368,0.3777232429208479,0.1927731692531284,0.09269977857311401,0.04459729809513835,0.1803821126055555,1.0576524263790958,11,2,8429.326864195527,9.25
2022,17,Villaverde,2,San Cristóbal,172,0.23646176911544228,0.058929645219482865,7700,0.12722007722007722,1421.79,0.04871201923076929,0.02664092664092664,0.10965250965250965,8.881597718658542,16675,0.009535232383808096,153.71824480369514,3.212355212355212,0.11259999999999999,0.45539999999999997,0.035634743875278395,278,0.4136690647482014,0,0.16906474820143885,0.014388489208633094,0.03237410071942446,0.20515742128935532,0.14662668665667167,171.77290037847368,0.3777232429208479,0.1927731692531284,0.09269977857311401,0.04459729809513835,0.1803821126055555,1.0576524263790958,NA,0,8593.622960340828,10.09
2022,17,Villaverde,3,Butarque,173,0.18693920637205508,0.1605601923893054,12901,0.16002177166961493,2093.01,0.05412115024263679,0.04762552728262349,0.14260443597768405,9.73417120847053,20841,0.0057098987572573295,32.645282722923696,2.832085998094979,0.0886,0.24230000000000002,0.022573363431151242,324,0.3333333333333333,0.0030864197530864196,0.12037037037037036,0.015432098765432098,0.015432098765432098,0.11362218703517106,0.08401708171392927,171.77290037847368,0.3777232429208479,0.1927731692531284,0.09269977857311401,0.04459729809513835,0.1803821126055555,1.0576524263790958,NA,0,9220.484973883558,6.5
2022,17,Villaverde,4,Los Rosales,174,0.18378248444218903,0.11502590673575129,12095,0.12458596808190305,1931.08,0.05788474771564081,0.02295995182174044,0.12323095453176754,9.639346211952116,37441,0.005956037498998424,242.22106834555723,2.8093194820837097,0.1705,0.3245,0.06424936386768448,929,0.4015069967707212,0,0.11840688912809473,0.011840688912809472,0.016146393972012917,0.12940359498945006,0.1002377073261932,171.77290037847368,0.3777232429208479,0.1927731692531284,0.09269977857311401,0.04459729809513835,0.1803821126055555,1.0576524263790958,10,1,6973.898784029635,7.61
2022,17,Villaverde,5,Ángeles,175,0.20093896713615023,0.13181922811325097,12965,0.12270177625428483,1903.27,0.054893082277134436,0.0229043315674665,0.10906824555936429,9.205125281941006,33015,5.754959866727245e-4,170.00465044179197,2.563181676534746,0.2439,0.42219999999999996,0.049429657794676805,795,0.4440251572327044,0,0.1119496855345912,0.016352201257861635,0.012578616352201259,0.1766166893836135,0.10204452521581099,171.77290037847368,0.3777232429208479,0.1927731692531284,0.09269977857311401,0.04459729809513835,0.1803821126055555,1.0576524263790958,9,1,6844.387300119114,7.44
2022,18,Villa de Vallecas,1,Casco Histórico de Vallecas,181,0.19632365919463426,0.09008669430833019,11290,0.15167406212182333,2249.42,0.061090782758097914,0.02944735780556676,0.1255882748420062,10.4578821231657,39659,0.013010918076603041,9.194371589396434,2.6608847653623773,0.1686,0.32439999999999997,0.039066339066339065,2687,0.1734276144398958,0.003721622627465575,0.07294380349832527,0.009304056568663937,0.008187569780424266,0.1404725283037898,0.10411255957033712,293.26161825906394,0.25940396311336106,0.1294281894899997,0.12043412272143734,0.005552601743212436,0.13113040751805047,0.535191443887436,14,4,10796.278894705025,9.83
2022,18,Villa de Vallecas,2,Santa Eugenia,182,0.18726746589499793,0.1831755280407866,16090,0.09409166206515737,2329.55,0.06902028204064703,0.017338487023743788,0.10590833793484263,9.064049970185506,24190,0.007937164117403885,115.90231708489567,2.6626173384870238,0.237,0.23170000000000002,0.047400611620795105,479,0.3569937369519833,0,0.10855949895615867,0.020876826722338204,0.04384133611691023,0.07040099214551468,0.06544026457213725,293.26161825906394,0.25940396311336106,0.1294281894899997,0.12043412272143734,0.005552601743212436,0.13113040751805047,0.535191443887436,NA,0,8760.143846746487,7.14
2022,18,Villa de Vallecas,3,Ensanche de Vallecas,183,0.23935609756097562,0.29257568070353457,15742,0.27865612648221344,2980.25,0.051474844021983615,0.05696640316205533,0.17099802371541503,12.396626768869382,51250,0.012136585365853658,80.63112078346028,2.526136363636364,0.0509,0.2211,0.004188481675392671,727,0.4346629986244842,0,0.15955983493810177,0.011004126547455296,0.016506189821182942,0.14774634146341464,0.10376585365853659,293.26161825906394,0.25940396311336106,0.1294281894899997,0.12043412272143734,0.005552601743212436,0.13113040751805047,0.535191443887436,16,1,10345.169175936604,5.82
2022,19,Vicalvaro,1,Casco Histórico de Vicálvaro,191,0.19144400227401934,0.10248830682881198,11597,0.14015830346475508,2441.88,0.09573638488285927,0.025388291517323774,0.11902628434886499,10.220793869641573,35180,0.011768050028425242,16.32347330907873,2.6199223416965354,0.2032,0.4127,0.07054871220604703,1132,0.3303886925795053,8.833922261484099e-4,0.11130742049469965,0.012367491166077738,0.023851590106007067,0.13325753268902785,0.09823763501989767,415.5125170898745,0.06511387785916622,0.09136900333887335,0.4985225970151737,0.08254305549172468,0.12191155707946753,9.169992320572055,11,4,11070.104037586227,9.19
2022,19,Vicalvaro,2,Valdebernardo,192,0.15783139434924637,0.24574669187145556,16397,0.12502050861361771,2583.79,0.02804773679077506,0.020344544708777685,0.12649712879409353,8.99754855730282,17449,0.003897071465413491,68.22042190129545,2.859885151763741,0.13119999999999998,0.24530000000000002,0.04,324,0.38580246913580246,0,0.11728395061728394,0.0030864197530864196,0.024691358024691357,0.08017651441343343,0.06991804687947734,415.5125170898745,0.06511387785916622,0.09136900333887335,0.4985225970151737,0.08254305549172468,0.12191155707946753,9.169992320572055,NA,0,7725.9439756577085,7.81
2022,19,Vicalvaro,3,Valderrivas,193,0.10131814119749777,0.2877277414919216,16960,0.15511498810467883,3345.94,0.022082095483293224,0.05091197462331483,0.12513877874702617,10.350542242898854,17904,0.005361930294906166,277.782960199005,2.8337827121332277,0.0663,0.2878,0,98,0.3469387755102041,0,0.14285714285714285,0.02040816326530612,0,0.061941465594280605,0.06590705987488829,415.5125170898745,0.06511387785916622,0.09136900333887335,0.4985225970151737,0.08254305549172468,0.12191155707946753,9.169992320572055,NA,0,8888.946624552194,4.59
2022,19,Vicalvaro,4,El Cañaveral,194,0.38134831460674157,0.3376845376845377,18492,0.26500691562932227,2608.58,0.0598484794275492,0.034854771784232366,0.2492392807745505,10.349497126436782,8900,0.13348314606741574,8.458243098833965,2.4741355463347166,0.0229,0.1659,0,78,0.32051282051282054,0,0.1794871794871795,0.038461538461538464,0.01282051282051282,0.4815730337078652,0.06910112359550562,415.5125170898745,0.06511387785916622,0.09136900333887335,0.4985225970151737,0.08254305549172468,0.12191155707946753,9.169992320572055,NA,0,13555.048065442257,3.62
2022,20,San Blas-Canillejas,1,Simancas,201,0.20993339946152756,0.21771457781495424,14931,0.18943206326383896,2849.47,0.06880638599978703,0.028576563623292594,0.14656721782890006,13.202186912406317,28228,0.013568088422842567,126.51671572288363,2.5315420560747666,0.1563,0.39990000000000003,0.03212290502793296,1110,0.23243243243243245,0.008108108108108109,0.16486486486486487,0.015315315315315315,0.01891891891891892,0.1627816352557744,0.1219710925322375,155.86836109314868,0.12468940008690862,0.19673279198534643,0.0460736685611581,0.08010673170222808,0.12809305782105138,1.92299240973613,11,2,7030.432034855219,7.11
2022,20,San Blas-Canillejas,2,Hellín,202,0.20981568795542221,0.10560965573995337,11453,0.14494321254732287,1876.12,0.05286700452879016,0.02082206598161168,0.1157382368848026,11.131390632151575,9332,0.020145735105015,170.26879767526333,2.507842076798269,0.2066,0.5292,0.06349206349206349,90,0.3,0,0.1111111111111111,0.011111111111111112,0.03333333333333333,0.15473639091298758,0.10458636948135448,155.86836109314868,0.12468940008690862,0.19673279198534643,0.0460736685611581,0.08010673170222808,0.12809305782105138,1.92299240973613,NA,0,7594.896097053899,9.37
2022,20,San Blas-Canillejas,3,Amposta,203,0.21599726152441806,0.08130572767115007,10374,0.16666666666666666,1833.19,0.056340528128587836,0.02856301531213192,0.11395759717314488,11.85081464872219,8764,0.019397535371976266,241.42587091547392,2.5647820965842167,0.17859999999999998,0.4647,0.06919642857142858,218,0.46788990825688076,0.009174311926605505,0.13302752293577982,0.009174311926605505,0.0045871559633027525,0.20492925604746692,0.1347558192606116,155.86836109314868,0.12468940008690862,0.19673279198534643,0.0460736685611581,0.08010673170222808,0.12809305782105138,1.92299240973613,13,1,7068.520027681723,10.07
2022,20,San Blas-Canillejas,4,Arcos,204,0.17156901926304852,0.15855826733473413,13771,0.13897313691507798,2465.83,0.03768685897435897,0.02577989601386482,0.12250866551126516,11.183610179348438,25022,0.01310846455119495,190.43058535090407,2.703639514731369,0.16940000000000002,0.415,0.0319634703196347,354,0.4096045197740113,0,0.1553672316384181,0.01977401129943503,0.011299435028248588,0.12149308608424586,0.08920150267764368,155.86836109314868,0.12468940008690862,0.19673279198534643,0.0460736685611581,0.08010673170222808,0.12809305782105138,1.92299240973613,10,2,7390.381611996103,7.66
2022,20,San Blas-Canillejas,5,Rosas,205,0.1303491263766431,0.2786036036036036,18732,0.11836403033586132,4245.07,0.03153386861786513,0.0263633080534489,0.1117732033224991,11.05484495196764,30963,0.004779898588638052,34.31721615661808,2.7886421090646443,0.155,0.284,0.03304347826086956,879,0.2502844141069397,0.0011376564277588168,0.24004550625711035,0.009101251422070534,0.02161547212741752,0.06443174111035753,0.06149274941058683,155.86836109314868,0.12468940008690862,0.19673279198534643,0.0460736685611581,0.08010673170222808,0.12809305782105138,1.92299240973613,12,3,9425.773254341555,5.09
2022,20,San Blas-Canillejas,6,Rejas,206,0.19931796801505175,0.3453394986614748,17843,0.23263327948303716,3040.61,0.08642150727711981,0.04361873990306947,0.15303275077103834,12.252457457575678,17008,0.013993414863593604,34.54752078473593,2.492436481127919,0.11560000000000001,0.3651,0.02476780185758514,712,0.27808988764044945,0.025280898876404494,0.12640449438202248,0.007022471910112359,0.03932584269662921,0.17197789275634995,0.13258466603951083,155.86836109314868,0.12468940008690862,0.19673279198534643,0.0460736685611581,0.08010673170222808,0.12809305782105138,1.92299240973613,NA,0,11809.63820196371,4.64
2022,20,San Blas-Canillejas,7,Canillejas,207,0.1942689609437716,0.16964166481192966,14371,0.12962291515591007,2485.67,0.0708456781472268,0.023658448150833938,0.11693255982596085,10.761769197760712,28651,0.010994380649890056,182.58121049007948,2.58711022480058,0.23260000000000003,0.33399999999999996,0.05521091811414392,980,0.37142857142857144,0.0010204081632653062,0.12142857142857143,0.015306122448979591,0.013265306122448979,0.13524833339150466,0.10003141251614255,155.86836109314868,0.12468940008690862,0.19673279198534643,0.0460736685611581,0.08010673170222808,0.12809305782105138,1.92299240973613,13,1,8480.24735908624,7
2022,20,San Blas-Canillejas,8,El Salvador,208,0.16668139637649138,0.40104581107195636,24590,0.13258529883215023,3921.23,0.04851110125122016,0.020838103961529655,0.10831234256926953,11.952511665210615,11315,0.008042421564295183,61.25206106058189,2.580490038928326,0.225,0.3191,0.03529411764705882,219,0.1643835616438356,0.0045662100456621,0.182648401826484,0.0228310502283105,0.0410958904109589,0.07909854175872735,0.06990720282810428,155.86836109314868,0.12468940008690862,0.19673279198534643,0.0460736685611581,0.08010673170222808,0.12809305782105138,1.92299240973613,12,1,6971.5342346356165,5.63
2022,21,Barajas,1,Alameda de Osuna,211,0.13176602010764699,0.4027243913952391,22882,0.0971997845988153,3486.01,0.03732082188993999,0.02988691437802908,0.08198707592891762,11.306704182144875,19694,0.01635015740834772,97.83389947324373,2.647011308562197,0.2626,0.2341,0.02697495183044316,379,0.35092348284960423,0.013192612137203167,0.14511873350923482,0.010554089709762533,0.0395778364116095,0.07692698283741241,0.06682238245150807,299.1842548191811,0.3691170897150882,0.2868174669317855,0.021480605778742053,0.07867472778028509,0.09445500371870093,1.2944081567627848,14,2,10497.654905582835,4.15
2022,21,Barajas,2,Aeropuerto,212,0.2092534174553102,0.10799438990182328,11509,0.15239477503628446,NA,0.07122981530343006,0.030478955007256895,0.12481857764876633,11.111111111111112,1902,0.00946372239747634,0.6441956655845799,2.7503628447024675,0.1472,0.4194,0.015570934256055362,452,0.3561946902654867,0.00663716814159292,0.24336283185840707,0,0.004424778761061947,0.14511041009463724,0.11146161934805468,299.1842548191811,0.3691170897150882,0.2868174669317855,0.021480605778742053,0.07867472778028509,0.09445500371870093,1.2944081567627848,10,2,13760.414182366178,6.68
2022,21,Barajas,3,Casco Histórico de Barajas,213,0.2349519816042202,0.1607889018886846,15211,0.21362916006339144,3202.44,0.08922685348932119,0.020919175911251982,0.1641838351822504,11.956552685524944,7393,0.01623157040443663,140.78995267564616,2.3299524564183836,0.19899999999999998,0.31920000000000004,0.08364312267657993,355,0.30985915492957744,0.04788732394366197,0.19154929577464788,0.02535211267605634,0.014084507042253521,0.14337887190585688,0.11226836196402001,299.1842548191811,0.3691170897150882,0.2868174669317855,0.021480605778742053,0.07867472778028509,0.09445500371870093,1.2944081567627848,NA,0,12378.237480023698,5.58
2022,21,Barajas,4,Timón,214,0.199191473722896,0.29278908363721917,18114,0.18982519049753474,3505.72,0.04855527532576714,0.04392649036306589,0.13715822501120573,11.987094663424502,13605,0.008673281881661154,26.971490496832278,2.6658449125952486,0.11789999999999999,0.3079,0.03804347826086957,254,0.1968503937007874,0.01968503937007874,0.13779527559055119,0.007874015748031496,0.031496062992125984,0.09231900036751195,0.07622197721425947,299.1842548191811,0.3691170897150882,0.2868174669317855,0.021480605778742053,0.07867472778028509,0.09445500371870093,1.2944081567627848,11,1,10789.995183450248,5.1
2022,21,Barajas,5,Corralejos,215,0.11296247704014695,0.5141773162939297,27228,0.15894293374186136,3673.5,0.04487018813314038,0.04940635771734968,0.11068556108770586,13.728613997543414,7622,0.012332721070585148,16.710540395933656,2.9111451551129837,0.1024,0.2738,0.003205128205128205,244,0.0942622950819672,0.01639344262295082,0.3729508196721312,0.004098360655737705,0.045081967213114756,0.09236420886906324,0.08239307268433482,299.1842548191811,0.3691170897150882,0.2868174669317855,0.021480605778742053,0.07867472778028509,0.09445500371870093,1.2944081567627848,9,1,9764.470276030066,3.44
2023,1,Centro,1,Palacio,011,0.27180441587006177,0.4737682026730501,23770,0.3392250169952413,5659.44,0.12285459342155652,0.01606050305914344,0.18720258327668252,16.40126493699277,23642,0.010912782336519752,159.88162460031293,1.9970258327668253,0.1929,0.3002,0.030061892130857647,1702,0.2978848413631022,0.027614571092831962,0.32608695652173914,0.011163337250293772,0.03466509988249119,0.1317993401573471,0.10654766940191185,267.74039571281287,0.4165673007253531,0.12933874185520797,0.03086122537884502,0.0321666768542981,0.24239907793853402,0.8395409960478836,1,4,834.2995407682666,5.9
2023,1,Centro,2,Embajadores,012,0.32938164292783684,0.4065491953554696,18177,0.3846187593226288,4825.25,0.11736697255648865,0.015398789155040801,0.1978590857243134,16.1840636078838,46478,0.016136666810103704,446.9768791719067,2.0270246556111258,0.1375,0.3103,0.039205955334987594,2856,0.46043417366946776,0.022058823529411766,0.16946778711484595,0.004901960784313725,0.015406162464985995,0.17505056155600499,0.13597831231980723,267.74039571281287,0.4165673007253531,0.12933874185520797,0.03086122537884502,0.0321666768542981,0.24239907793853402,0.8395409960478836,1,7,913.3758849186464,5.9
2023,1,Centro,3,Cortes,013,0.31123998895332783,0.5208916648718501,24671,0.3695340501792115,6099.39,0.17062366863905326,0.01129032258064516,0.20197132616487457,16.808030426310683,10863,0.016570008285004142,182.7335698597736,1.9383512544802868,0.17370000000000002,0.2954,0.005751258087706686,1178,0.30390492359932086,0.044142614601018676,0.3522920203735144,0.004244482173174873,0.03225806451612903,0.1543772438552886,0.12841756420878211,267.74039571281287,0.4165673007253531,0.12933874185520797,0.03086122537884502,0.0321666768542981,0.24239907793853402,0.8395409960478836,1,1,710.3836290668983,4.84
2023,1,Centro,4,Justicia,014,0.307007968562384,0.5439154125583809,28051,0.3832676303109943,7568.22,0.1628988748010319,0.014126149802890934,0.1964520367936925,18.04320470388533,18322,0.01762907979478223,246.4024885041926,1.995072273324573,0.1575,0.32020000000000004,0.0018475750577367205,1956,0.4401840490797546,0.01789366053169734,0.25306748466257667,0.005623721881390593,0.025051124744376277,0.1445802859949787,0.12662373103372995,267.74039571281287,0.4165673007253531,0.12933874185520797,0.03086122537884502,0.0321666768542981,0.24239907793853402,0.8395409960478836,2,3,971.425331535661,4.67
2023,1,Centro,5,Universidad,015,0.3286282366511854,0.48592350348357743,22689,0.3954593453009504,5710.69,0.13149554647225697,0.0125542649301889,0.19764167546638509,17.22921347785106,32943,0.018607898491333517,345.81223628691987,1.9232077906840315,0.16010000000000002,0.3104,0.035266974291364536,2395,0.37035490605427973,0.021711899791231733,0.25762004175365344,0.007933194154488519,0.025052192066805846,0.15080593752845825,0.11972194396381629,267.74039571281287,0.4165673007253531,0.12933874185520797,0.03086122537884502,0.0321666768542981,0.24239907793853402,0.8395409960478836,2,6,952.2311828537734,4.74
2023,1,Centro,6,Sol,016,0.31115301724137934,0.4625790324952213,21020,0.3676838419209605,5687.75,0.17755864772170507,0.010505252626313157,0.20935467733866933,16.59480619992622,7424,0.016567887931034482,183.33707612845274,2.0420210105052528,0.1575,0.2597,0.004250797024442083,1625,0.47015384615384614,0.031384615384615386,0.2923076923076923,0.0018461538461538461,0.017846153846153845,0.19154094827586207,0.15786637931034483,267.74039571281287,0.4165673007253531,0.12933874185520797,0.03086122537884502,0.0321666768542981,0.24239907793853402,0.8395409960478836,0,7,0,4.77
2023,2,Arganzuela,1,Imperial,021,0.1966782438329326,0.42817133443163097,23591,0.20257201646090536,4351.64,0.03707621174893901,0.016975308641975308,0.148559670781893,15.060070532340033,22458,0.006812717071867486,231.32169060659297,2.30298353909465,0.2347,0.3091,0.0328042328042328,725,0.32689655172413795,0.006896551724137931,0.13241379310344828,0.044137931034482755,0.01793103448275862,0.0822424080505833,0.07119957253539941,278.39098070812673,3.243595289751111e-4,0.10122940040616858,0.029088320630157975,0.03164695312631884,0.10297187288002922,2.9058919811044905,NA,0,1701.7018392735265,5.13
2023,2,Arganzuela,2,Acacias,022,0.21131272958267738,0.43779960443833593,24444,0.19873271889400923,4699.92,NA,0.018305171530977982,0.13261648745519714,15.18465134998721,36207,0.0059933162095727344,336.02571268865285,2.308563748079877,0.2576,0.26890000000000003,0.01782042494859493,1227,0.2974735126324368,0.004889975550122249,0.13121434392828035,0.010594947025264874,0.02852485737571312,0.08260833540475598,0.0738255033557047,278.39098070812673,3.243595289751111e-4,0.10122940040616858,0.029088320630157975,0.03164695312631884,0.10297187288002922,2.9058919811044905,4,2,1817.5811850440869,4.9
2023,2,Arganzuela,3,Chopera,023,0.2450664518727346,0.34318016046681254,18830,0.20724438331040806,4173.01,0.09991984211325336,0.019142595139844107,0.16001834021091244,14.502780940332837,19864,0.009615384615384616,348.027474462839,2.265130674002751,0.23,0.3627,0.04321608040201005,721,0.3564493758668516,0.006934812760055479,0.13592233009708737,0.006934812760055479,0.027739251040221916,0.11704591220298026,0.09640555779299234,278.39098070812673,3.243595289751111e-4,0.10122940040616858,0.029088320630157975,0.03164695312631884,0.10297187288002922,2.9058919811044905,5,1,2545.018386497575,5.89
2023,2,Arganzuela,4,Legazpi,024,0.19959005892902895,0.5040616538221204,25356,0.22412241224122412,5137.8,NA,0.03008872315803009,0.17024559598817024,15.70560886507595,19515,0.00886497565974891,137.6316719688936,2.503278899318503,0.1134,0.20739999999999997,0.022727272727272728,476,0.2647058823529412,0.01050420168067227,0.15966386554621848,0.008403361344537815,0.02100840336134454,0.09095567512170126,0.0787086856264412,278.39098070812673,3.243595289751111e-4,0.10122940040616858,0.029088320630157975,0.03164695312631884,0.10297187288002922,2.9058919811044905,5,1,3482.173002857998,3.81
2023,2,Arganzuela,5,Delicias,025,0.22689895470383276,0.4337931952268997,22273,0.22467468291879428,4338.14,0.030253718285214337,0.021742711250205896,0.15812880909240654,15.43159605083659,28700,0.008571428571428572,270.9301223096615,2.3534014165705814,0.1771,0.2916,0.01669941060903733,828,0.33816425120772947,0.0024154589371980675,0.16666666666666666,0.018115942028985508,0.012077294685990338,0.11090592334494774,0.08742160278745645,278.39098070812673,3.243595289751111e-4,0.10122940040616858,0.029088320630157975,0.03164695312631884,0.10297187288002922,2.9058919811044905,4,2,2594.8558234431603,4.49
2023,2,Arganzuela,6,Palos de la Frontera,026,0.26070224161872646,0.4160829231351761,21157,0.2699370855296718,4640.72,0.1040713392038889,0.016238734909029075,0.1693589525590886,15.48894265856539,25205,0.013171989684586391,387.0604565083282,2.1337357592246216,0.21660000000000001,0.3262,0.02288620470438652,1309,0.3124522536287242,0.01145912910618793,0.14591291061879297,0.019862490450725745,0.01757066462948816,0.12358658996230906,0.10077365602063083,278.39098070812673,3.243595289751111e-4,0.10122940040616858,0.029088320630157975,0.03164695312631884,0.10297187288002922,2.9058919811044905,3,1,1750.0535321095113,5.03
2023,2,Arganzuela,7,Atocha,027,0.22512820512820514,0.42981186685962375,21254,0.20323014804845221,NA,0.07607373011800925,0.033647375504710635,0.19650067294751009,13.878509963768115,1950,0.002564102564102564,26.49177653935028,2.623149394347241,0.098,0.22510000000000002,0.0035714285714285713,184,0.3858695652173913,0,0.17391304347826086,0,0,0.11641025641025642,0.07641025641025641,278.39098070812673,3.243595289751111e-4,0.10122940040616858,0.029088320630157975,0.03164695312631884,0.10297187288002922,2.9058919811044905,4,2,2733.936865934582,4.46
2023,3,Retiro,1,Pacífico,031,0.21067559820162338,0.4435268754339168,23449,0.19916481444062772,4756.3,0.04158503042964848,0.016569003839159425,0.13221526234256079,15.060624647619438,33141,0.009927280407953895,435.54002373730714,2.2244897959183674,0.2645,0.3236,0.003190810465858328,1247,0.40016038492381717,8.019246190858059e-4,0.11868484362469928,0.015236567762630313,0.01764234161988773,0.10449292417247519,0.0854832382849039,200.92135696518474,0.21881416547193272,0.08872837318943584,0.09563696512287684,0.02591418405164185,0.08989297647517766,1.2145275196813377,5,2,2621.7747784918915,4.67
2023,3,Retiro,2,Adelfas,032,0.2015450552939309,0.43577430972388953,24543,0.19273778112828244,4412.55,0.033729991503823276,0.02173639904510617,0.14838547556225656,14.969715111742602,18899,0.006190803746229959,293.88264669163544,2.366126397788667,0.22829999999999998,0.2738,0.011494252873563218,405,0.25925925925925924,0.009876543209876543,0.12839506172839507,0.012345679012345678,0.019753086419753086,0.0785755860098418,0.07212021800095243,200.92135696518474,0.21881416547193272,0.08872837318943584,0.09563696512287684,0.02591418405164185,0.08989297647517766,1.2145275196813377,6,1,3369.150445677532,4.57
2023,3,Retiro,3,Estrella,033,0.15682908578722654,0.4986974114516934,27595,0.10068807339449541,4446.83,0.022708786259879026,0.01639908256880734,0.07832568807339449,13.607462357099415,22719,0.006470355209296184,220.8581179912238,2.5973623853211008,0.31920000000000004,0.3382,0.01303538175046555,436,0.33715596330275227,0.009174311926605505,0.09403669724770643,0.016055045871559634,0.022935779816513763,0.06215062282670892,0.056824684185043356,200.92135696518474,0.21881416547193272,0.08872837318943584,0.09563696512287684,0.02591418405164185,0.08989297647517766,1.2145275196813377,NA,0,3330.2473893528722,3.84
2023,3,Retiro,4,Ibiza,034,0.20244773074961755,0.5116844053678853,26761,0.2054809127745788,6694.29,0.0725813698120231,0.021006611217743654,0.12038814246107912,17.211391126904818,21571,0.011914143989615688,436.8292682926829,2.291746641074856,0.253,0.34850000000000003,9.033423667570009e-4,1032,0.42344961240310075,0.0029069767441860465,0.2131782945736434,0.011627906976744186,0.007751937984496124,0.11204858374669695,0.09178990311065782,200.92135696518474,0.21881416547193272,0.08872837318943584,0.09563696512287684,0.02591418405164185,0.08989297647517766,1.2145275196813377,5,1,2569.6134139034625,4
2023,3,Retiro,5,Los Jerónimos,035,0.1825113562621674,0.5404718693284937,31815,0.16763848396501457,7785.27,0.08591501831501833,0.01749271137026239,0.10860058309037901,15.619394595637392,6164,0.013303049967553536,35.800461603021404,2.4872448979591835,0.2632,0.39590000000000003,0.007058823529411765,354,0.2457627118644068,0.022598870056497175,0.2288135593220339,0.005649717514124294,0.0847457627118644,0.11745619727449708,0.10155743024010383,200.92135696518474,0.21881416547193272,0.08872837318943584,0.09563696512287684,0.02591418405164185,0.08989297647517766,1.2145275196813377,3,1,1693.9135147130908,3.14
2023,3,Retiro,6,Niño Jesús,036,0.15605381165919283,0.57338148052618,31955,0.12677787532923618,5875.44,0.034650950771880996,0.018788410886742758,0.08094820017559262,15.795682527532694,14495,0.008554674025526043,234.618374009016,2.650219490781387,0.2734,0.33390000000000003,0.006825938566552901,500,0.252,0.002,0.124,0.008,0.02,0.07443946188340807,0.06581579855122456,200.92135696518474,0.21881416547193272,0.08872837318943584,0.09563696512287684,0.02591418405164185,0.08989297647517766,1.2145275196813377,6,3,2715.894782460416,3.03
2023,4,Salamanca,1,Recoletos,041,0.20942678444774002,0.6280710289467283,36397,0.27620607504466943,11905.33,0.12782545972545972,0.016676593210244194,0.11986301369863013,20.08029522874944,15509,0.01566832161970469,176.8869545298362,2.299583085169744,0.24350000000000002,0.3215,0.0010741138560687433,1716,0.5786713286713286,0.009906759906759906,0.17365967365967366,0.005827505827505828,0.016317016317016316,0.1198014056354375,0.10129602166483977,86.14766442962193,0.012156324965838147,0.28153712560447514,0.007021886850025916,0.33311505218386983,0.15711520775281054,0.8440450643776825,5,2,1781.6869772844016,2.52
2023,4,Salamanca,2,Goya,042,0.24299507123084194,0.5601052939455982,28823,0.2406054672791626,7497.63,0.0918994266716423,0.016642819489419383,0.13916710595677384,17.735418389396155,29622,0.01613665518871109,382.66908996494874,2.219820769636268,0.2408,0.3343,9.68054211035818e-4,1823,0.4355458036204059,0.0032912781130005485,0.18102029621503016,0.01151947339550192,0.01755348326933626,0.12905948281682533,0.10428060225508068,86.14766442962193,0.012156324965838147,0.28153712560447514,0.007021886850025916,0.33311505218386983,0.15711520775281054,0.8440450643776825,4,6,2696.9525342198763,3.53
2023,4,Salamanca,3,Fuente del Berro,043,0.2294176467787248,0.46470828233374134,23926,0.22354200107009095,5701.33,0.06502506569831334,0.016800428036383094,0.13868378812199036,15.727109044852144,21001,0.012142278939098139,245.4726718273516,2.239593365436062,0.2473,0.3594,0.024555461473327687,864,0.3159722222222222,0.0023148148148148147,0.1261574074074074,0.005787037037037037,0.032407407407407406,0.1099471453740298,0.0889005285462597,86.14766442962193,0.012156324965838147,0.28153712560447514,0.007021886850025916,0.33311505218386983,0.15711520775281054,0.8440450643776825,7,1,3556.017728248135,4.54
2023,4,Salamanca,4,Guindalera,044,0.22682515956058558,0.5137326861607672,25573,0.21666758529460398,5305.78,0.05551916881136211,0.015929008433004464,0.13691230777710411,15.897309171934689,42147,0.013168197024699266,261.81682056401297,2.312958165683735,0.2395,0.391,0.024085224641037517,1696,0.3284198113207547,0.013561320754716982,0.11379716981132075,0.009433962264150943,0.024764150943396228,0.10859610411179918,0.0898759105037132,86.14766442962193,0.012156324965838147,0.28153712560447514,0.007021886850025916,0.33311505218386983,0.15711520775281054,0.8440450643776825,7,3,3851.5103356300488,4.26
2023,4,Salamanca,5,Lista,045,0.2435860889395667,0.55901249256395,28960,0.2380085653104925,7426.62,0.09105834326863467,0.016916488222698072,0.13843683083511776,17.75191006256578,21048,0.011735081717977955,403.09496347558627,2.2450749464668096,0.2416,0.3508,0.0016220600162206002,1099,0.38398544131028206,0.006369426751592357,0.17743403093721566,0.00818926296633303,0.020018198362147407,0.12333713416951729,0.10305017103762827,86.14766442962193,0.012156324965838147,0.28153712560447514,0.007021886850025916,0.33311505218386983,0.15711520775281054,0.8440450643776825,5,5,2933.1991116906975,3.48
2023,4,Salamanca,6,Castellana,046,0.22898158498558568,0.5998614638651582,34843,0.26197901899631415,8983.97,0.1100973698209114,0.012475191380776865,0.12248369719308194,19.542237461485023,16997,0.011119609342825205,218.76131367985516,2.39849730649277,0.23579999999999998,0.3312,0.0030165912518853697,1173,0.4185848252344416,0.008525149190110827,0.18584825234441602,0.0076726342710997444,0.0196078431372549,0.14296640583632406,0.10501853268223804,86.14766442962193,0.012156324965838147,0.28153712560447514,0.007021886850025916,0.33311505218386983,0.15711520775281054,0.8440450643776825,5,1,2491.069128422304,2.3
2023,5,Chamartin,1,El Viso,051,0.20483526628584617,0.6066193138884691,35797,0.17707828894269573,7235.62,0.05353883292810003,0.017271993543179983,0.1036319612590799,17.669612530810248,17331,0.010616813801857942,101.06482564942664,2.788377723970944,0.22260000000000002,0.3557,0.01828681424446583,886,0.24604966139954854,0.001128668171557562,0.154627539503386,0.009029345372460496,0.03611738148984198,0.09832092781720617,0.08937741619064105,126.1184562492687,0,0.48269365883896515,0.02724229821434361,0.2595323064248863,0.10100417138594989,0.8362554632491104,6,2,3488.851318650299,2.58
2023,5,Chamartin,2,Prosperidad,052,0.228125,0.4784919113442976,24830,0.2108444883104065,5010.83,0.045951100563466296,0.018320893220652643,0.13731416939115415,15.432354489644267,36160,0.010591814159292036,346.38015575425436,2.22237986552341,0.2613,0.3276,0.024736842105263158,1458,0.36488340192043894,0.0054869684499314125,0.13854595336076816,0.0075445816186556925,0.010973936899862825,0.10674778761061947,0.08595132743362832,126.1184562492687,0,0.48269365883896515,0.02724229821434361,0.2595323064248863,0.10100417138594989,0.8362554632491104,5,6,4228.4739666609175,4.7
2023,5,Chamartin,3,Ciudad Jardín,053,0.224627146933721,0.4911835426128774,24765,0.21772214040255278,5627.01,0.055468757089612686,0.019882179675994108,0.14347079037800686,15.940503026561604,18573,0.014375706670973995,242.85714285714283,2.2720913107511045,0.2382,0.34020000000000006,0.025210084033613446,1029,0.282798833819242,0.007774538386783284,0.13702623906705538,0.012633624878522837,0.021379980563654033,0.11059064233026436,0.091476875033651,126.1184562492687,0,0.48269365883896515,0.02724229821434361,0.2595323064248863,0.10100417138594989,0.8362554632491104,6,3,4358.077010859165,4.73
2023,5,Chamartin,4,Hispanoamérica,054,0.1845564247933361,0.5712416697330226,31917,0.17534071889694747,6322.94,0.039864219891960595,0.01976568103929226,0.10345102414919902,16.798646010721974,31573,0.00985018845215849,183.76642335766422,2.5081692834940625,0.2491,0.3772,0.01629802095459837,1435,0.3421602787456446,0.003484320557491289,0.16236933797909409,0.011846689895470384,0.017421602787456445,0.09197732239571786,0.07886485288062585,126.1184562492687,0,0.48269365883896515,0.02724229821434361,0.2595323064248863,0.10100417138594989,0.8362554632491104,6,3,4821.909255036253,3.73
2023,5,Chamartin,5,Nueva España,055,0.19330915610610813,0.6235835112497947,34371,0.20043126684636117,7026.52,0.047675876726886286,0.020808625336927223,0.09876010781671159,17.481701416990965,24541,0.007579153253738641,136.6739288307916,2.637843665768194,0.21359999999999998,0.3654,0.03065134099616858,866,0.21709006928406466,0.003464203233256351,0.1605080831408776,0.011547344110854504,0.02424942263279446,0.10667861945316001,0.09054235768713581,126.1184562492687,0,0.48269365883896515,0.02724229821434361,0.2595323064248863,0.10100417138594989,0.8362554632491104,7,2,5520.42661009162,3.04
2023,5,Chamartin,6,Castilla,056,0.2263456256209456,0.5583006929798132,28189,0.18454935622317598,4596.6,0.04100173647776606,0.018499334023975137,0.1219476098860441,15.087925782632004,17111,0.008707848752264625,78.86919909313839,2.5227171821814416,0.2281,0.34259999999999996,0.16710526315789473,523,0.2676864244741874,0.01338432122370937,0.1739961759082218,0.011472275334608031,0.0248565965583174,0.12039039214540354,0.09356554263339373,126.1184562492687,0,0.48269365883896515,0.02724229821434361,0.2595323064248863,0.10100417138594989,0.8362554632491104,8,5,6669.055830452032,3.37
2023,6,Tetuan,1,Bellas Vistas,061,0.2703288515595895,0.32352067868504775,16653,0.24177267131719327,4005.91,0.046144762391415406,0.017398440705785802,0.14854329093147312,14.928966813861727,29527,0.007789480814170082,410.44463087248323,2.4091095609355766,0.1841,0.3286,0.09885057471264368,1089,0.32231404958677684,0.010101010101010102,0.10927456382001836,0.009182736455463728,0.014692378328741965,0.1518271412605412,0.12534290649236293,110.79819726896636,0.3976137806511579,0.226631283129289,0.024364049828363446,0.0027924758288513834,0.19911001112486093,2.2420498926871755,6,1,3909.9230272279283,5.28
2023,6,Tetuan,2,Cuatro Caminos,062,0.26039217934751446,0.4830008429334083,24540,0.24660663012268338,5096.26,0.04797520214082236,0.0161837640302793,0.1374314800313234,16.355918870391456,34882,0.01192592167880282,293.2742616033755,2.2678804489689375,0.2259,0.33840000000000003,0.038305709023941065,2075,0.38506024096385544,0.012048192771084338,0.16481927710843375,0.01253012048192771,0.023614457831325302,0.12373143741757926,0.10400779771802075,110.79819726896636,0.3976137806511579,0.226631283129289,0.024364049828363446,0.0027924758288513834,0.19911001112486093,2.2420498926871755,5,6,3851.772624393627,4.56
2023,6,Tetuan,3,Castillejos,063,0.2662730484440788,0.4906079934460764,26447,0.2700262467191601,4949.86,0.046385221195916385,0.015118110236220473,0.14393700787401575,16.468744878239608,20663,0.013986352417364371,291.8972612459203,2.1595800524934385,0.2376,0.3515,0.030816640986132512,1021,0.25367286973555336,0.00881488736532811,0.20959843290891284,0.010773751224289911,0.021547502448579822,0.1303295746019455,0.1040507186758941,110.79819726896636,0.3976137806511579,0.226631283129289,0.024364049828363446,0.0027924758288513834,0.19911001112486093,2.2420498926871755,9,2,4865.914189784135,4.41
2023,6,Tetuan,4,Almenara,064,0.24715320910973085,0.27899427816901406,16415,0.22656903765690375,4046.93,0.033195688944789,0.023640167364016737,0.15554393305439332,13.668591842052257,23184,0.01306935817805383,230.70842505503302,2.4118200836820085,0.1873,0.3837,0.06767868437697659,836,0.26674641148325356,0.014354066985645933,0.10167464114832536,0.008373205741626795,0.013157894736842105,0.14117494824016563,0.10373533471359558,110.79819726896636,0.3976137806511579,0.226631283129289,0.024364049828363446,0.0027924758288513834,0.19911001112486093,2.2420498926871755,8,2,5985.278187096309,7.73
2023,6,Tetuan,5,Valdeacederas,065,0.27361282829418154,0.25824514781948466,15348,0.2582045023053973,5060.01,0.046914477100816615,0.023144381159027214,0.17258837356477713,14.59639127166002,26691,0.025963808025177025,228.40811414818634,2.402404845854805,0.14679999999999999,0.3378,0.10816432657306292,897,0.34782608695652173,0.007803790412486065,0.08361204013377926,0.010033444816053512,0.014492753623188406,0.16305121576561388,0.1280581469409164,110.79819726896636,0.3976137806511579,0.226631283129289,0.024364049828363446,0.0027924758288513834,0.19911001112486093,2.2420498926871755,NA,0,5518.012353126944,5.99
2023,6,Tetuan,6,Berruguete,066,0.27254050701604776,0.2755747267290819,15679,0.2553490990990991,3674.61,0.04790129213045846,0.02224099099099099,0.16122372372372373,14.407291643797722,25798,0.010427164896503605,423.2251688354472,2.4112237237237237,0.16210000000000002,0.3439,0.11041405269761606,906,0.33885209713024284,0.00772626931567329,0.10375275938189846,0.012141280353200883,0.016556291390728478,0.15594232111016357,0.12481587719978293,110.79819726896636,0.3976137806511579,0.226631283129289,0.024364049828363446,0.0027924758288513834,0.19911001112486093,2.2420498926871755,8,1,4696.858225349871,5.17
2023,7,Chamberi,1,Gaztambide,071,0.24845986984815618,0.5445897108843537,26058,0.2536286522148916,6618.75,0.06360692103314604,0.012252591894439209,0.130631479736098,17.721111063778707,23050,0.011279826464208243,453.2872655478776,2.1639019792648444,0.2541,0.34259999999999996,0.003500583430571762,1441,0.37612768910478833,0.010409437890353921,0.15267175572519084,0.01179736294240111,0.01457321304649549,0.12433839479392625,0.10030368763557483,62.568929448980036,0.22906892550848099,0.5516759486599162,0.05532023016635518,3.149280408083354e-4,0.13038696419785245,0.37032670649017496,3,1,2139.2733803959786,4.04
2023,7,Chamberi,2,Arapiles,072,0.25704283360790775,0.5248194717972025,25893,0.25354719309068474,6431.52,0.06352116577097976,0.016480126905790076,0.14373843306600864,17.42474282757254,24280,0.012850082372322899,418.3673469387755,2.1318410152463207,0.242,0.345,0.004830917874396135,1218,0.34893267651888343,0.0024630541871921183,0.16502463054187191,0.021346469622331693,0.013957307060755337,0.12182866556836902,0.09612850082372323,62.568929448980036,0.22906892550848099,0.5516759486599162,0.05532023016635518,3.149280408083354e-4,0.13038696419785245,0.37032670649017496,6,1,1920.4473957863156,4.05
2023,7,Chamberi,3,Trafalgar,073,0.27334115078241883,0.5483125061497589,26431,0.30356992860142795,6628.31,0.09097406685349906,0.018479630407391853,0.15749685006299874,18.062293085099014,24731,0.01520359063523513,402.3696682464455,2.068122637547249,0.21530000000000002,0.3155,0.010678056593699947,1525,0.32524590163934425,0.011147540983606558,0.20327868852459016,0.012459016393442624,0.01901639344262295,0.12753224697747767,0.10553556265415875,62.568929448980036,0.22906892550848099,0.5516759486599162,0.05532023016635518,3.149280408083354e-4,0.13038696419785245,0.37032670649017496,3,8,1749.3437824392968,4.16
2023,7,Chamberi,4,Almagro,074,0.22550680010264307,0.5687079192048734,33425,0.23837711185102972,8249.9,0.08665767844268205,0.01763472684671353,0.12566284375385375,18.136284100261346,19485,0.015909674108288425,207.03699754771296,2.394623258108275,0.2457,0.3467,0.0023094688221709007,1119,0.30831099195710454,0.006255585344057194,0.2287756925826631,0.0071492403932082215,0.01519213583556747,0.11285604311008468,0.08971003335899409,62.568929448980036,0.22906892550848099,0.5516759486599162,0.05532023016635518,3.149280408083354e-4,0.13038696419785245,0.37032670649017496,3,5,1961.8300992174234,3.09
2023,7,Chamberi,5,Ríos Rosas,075,0.25126475548060706,0.5594263222187034,29358,0.2483473435077124,6592.8,0.06456011486212863,0.017873173916591854,0.13555863870072635,17.837946871722007,27278,0.013930640076251924,278.4806233340168,2.2168448543213906,0.235,0.3582,0.004638833664678595,1320,0.29393939393939394,0.007575757575757576,0.21742424242424244,0.010606060606060607,0.01893939393939394,0.12200307940464844,0.09934745949116504,62.568929448980036,0.22906892550848099,0.5516759486599162,0.05532023016635518,3.149280408083354e-4,0.13038696419785245,0.37032670649017496,4,2,2846.104985761997,3.65
2023,7,Chamberi,6,Vallehermoso,076,0.2022550739163117,0.5793390514631686,30728,0.20253464408385644,6090.19,0.0395301163552108,0.013739192230249912,0.10600497453511785,16.54187324066841,19955,0.010423452768729642,185.68088290310513,2.3514153736823404,0.2748,0.3701,0.005611672278338945,783,0.25925925925925924,0.002554278416347382,0.15708812260536398,0.010217113665389528,0.020434227330779056,0.10147832623402656,0.08454021548484089,62.568929448980036,0.22906892550848099,0.5516759486599162,0.05532023016635518,3.149280408083354e-4,0.13038696419785245,0.37032670649017496,6,4,2895.9649447630973,3.43
2023,8,Fuencarral-El Pardo,1,El Pardo,081,0.189424753050552,0.20807566387777374,18296,0.15045592705167174,3282.62,0.020008506284712076,0.02811550151975684,0.0980243161094225,10.930799234160089,3442,0.006972690296339338,0.1823722141724694,2.599544072948328,0.2447,0.4253,0.07964601769911504,145,0.19310344827586207,0,0.2620689655172414,0.006896551724137931,0.10344827586206896,0.09907030796048809,0.08338175479372457,188.23705222438693,0.5413687824453054,0.17536113936784634,0.020046326270374153,0.007648846933946884,0.08876885241282709,1.6049035535446892,NA,0,15968.22141060446,5.29
2023,8,Fuencarral-El Pardo,2,Fuentelarreina,082,0.13181019332161686,0.609508329947176,36195,0.08894645941278066,4462.11,0.036253079178885636,0.024179620034542316,0.05008635578583765,12.411697250012754,3414,0.008787346221441126,24.663677130044846,2.9447322970639034,0.2589,0.3477,0,24,0.25,0.08333333333333333,0.125,0,0.08333333333333333,0.0770357352079672,0.05506736965436438,188.23705222438693,0.5413687824453054,0.17536113936784634,0.020046326270374153,0.007648846933946884,0.08876885241282709,1.6049035535446892,NA,0,7753.532187499974,2.15
2023,8,Fuencarral-El Pardo,3,Peñagrande,083,0.17076462780914675,0.34640075323119063,22816,0.12227979274611399,4013.27,0.027349288468911395,0.024409902130109382,0.09884858952216465,13.259692832008504,44453,0.007558544980091332,153.57254182107852,2.5527345998848587,0.2742,0.2797,0.040378006872852236,878,0.3439635535307517,0,0.11389521640091116,0.011389521640091117,0.0193621867881549,0.07664274627134277,0.0689267316041662,188.23705222438693,0.5413687824453054,0.17536113936784634,0.020046326270374153,0.007648846933946884,0.08876885241282709,1.6049035535446892,12,2,7057.610320340321,5.15
2023,8,Fuencarral-El Pardo,4,Pilar,084,0.20314512904802096,0.2703618412345483,17793,0.15493817737749963,3957.97,0.03440890155667618,0.01892840787666005,0.12512084669007276,13.453537839602632,45022,0.008795699880058638,334.5803990610329,2.320765277565766,0.28600000000000003,0.37549999999999994,0.0817829457364341,1746,0.40893470790378006,0.003436426116838488,0.1145475372279496,0.009736540664375716,0.014891179839633447,0.10617031673404113,0.08584691928390564,188.23705222438693,0.5413687824453054,0.17536113936784634,0.020046326270374153,0.007648846933946884,0.08876885241282709,1.6049035535446892,11,1,6654.963695802388,5.55
2023,8,Fuencarral-El Pardo,5,La Paz,085,0.15961990838182494,0.4379129384226224,26477,0.07757449868179277,3800.94,0.01971366799204772,0.015978269553407365,0.06607014460333946,12.279900025725457,32308,0.004828525442614832,149.39669574902544,2.5718622673164497,0.3616,0.2376,0.015350877192982455,698,0.2922636103151863,0.004297994269340974,0.14326647564469913,0.012893982808022923,0.02005730659025788,0.06007799925714993,0.055651850934753,188.23705222438693,0.5413687824453054,0.17536113936784634,0.020046326270374153,0.007648846933946884,0.08876885241282709,1.6049035535446892,10,3,7117.7974365875125,4.12
2023,8,Fuencarral-El Pardo,6,Valverde,086,0.18128231962570795,0.39699254830217307,20138,0.16688668398415876,3852.75,0.04100781382707662,0.04590554869480049,0.12719839884171527,13.25333786165789,64976,0.00863395715341049,72.10283703736694,2.757611889451944,0.1215,0.33649999999999997,0.05287769784172662,1617,0.21026592455163884,0.011750154607297465,0.15398886827458255,0.009894867037724181,0.02040816326530612,0.1145192070918493,0.09324981531642453,188.23705222438693,0.5413687824453054,0.17536113936784634,0.020046326270374153,0.007648846933946884,0.08876885241282709,1.6049035535446892,11,4,9459.745224709619,4.99
2023,8,Fuencarral-El Pardo,7,Mirasierra,087,0.15567924369982938,0.5785200454335114,29407,0.1074835886214442,6127.26,0.026783619239825092,0.036061269146608316,0.0800875273522976,13.997218661939682,35753,0.009873297345677285,51.018190138428096,3.1226258205689277,0.1585,0.2557,0.005405405405405406,498,0.3092369477911647,0,0.11244979919678715,0.010040160642570281,0.04819277108433735,0.07921013621234582,0.06295975162923391,188.23705222438693,0.5413687824453054,0.17536113936784634,0.020046326270374153,0.007648846933946884,0.08876885241282709,1.6049035535446892,12,4,8861.590716918443,3.46
2023,8,Fuencarral-El Pardo,8,El Goloso,088,0.1292759706190976,0.5747823117637015,27155,0.16965632858340318,5731.1,0.034060600966589624,0.0732606873428332,0.10008382229673093,13.887320974246784,19060,0.009286463798530955,7.185267107284538,3.191282481139983,0.0851,0.4401,0,510,0.23137254901960785,0.00196078431372549,0.1784313725490196,0.0058823529411764705,0.056862745098039215,0.09842602308499475,0.08064008394543547,188.23705222438693,0.5413687824453054,0.17536113936784634,0.020046326270374153,0.007648846933946884,0.08876885241282709,1.6049035535446892,13,1,13001.867098354021,2.88
2023,9,Moncloa-Aravaca,1,Casa de Campo,091,0.18550905683947533,0.4360809005914902,23494,0.19465716829919857,4250.27,0.038124265684969065,0.020480854853072127,0.13357079252003562,14.338484149395873,12808,0.007417239225484072,7.311890771222066,2.2737310774710595,0.2552,0.39899999999999997,0.013048635824436536,668,0.35179640718562877,0.0074850299401197605,0.218562874251497,0.0074850299401197605,0.041916167664670656,0.08853841349156777,0.07487507807620238,166.89492302028796,0.035160785917484574,0.39788760164881365,0.07297152851487196,0.016182102881956897,0.11090122128501852,1.084664185209424,2,8,4173.70973569349,5.4
2023,9,Moncloa-Aravaca,2,Argüelles,092,0.22816283415942146,0.5505850312689127,28664,0.2452618803099617,5730.29,0.07701162591337715,0.016244981794416954,0.14153673793296612,17.2831997086231,24614,0.013528885999837491,323.3927392739274,2.287088040332369,0.2444,0.36090000000000005,0.011060507482108002,1264,0.32674050632911394,0.01661392405063291,0.18908227848101267,0.013449367088607595,0.014240506329113924,0.11932233688144958,0.10083692207686683,166.89492302028796,0.035160785917484574,0.39788760164881365,0.07297152851487196,0.016182102881956897,0.11090122128501852,1.084664185209424,2,2,1653.689031051321,3.35
2023,9,Moncloa-Aravaca,3,Ciudad Universitaria,093,0.18659762412427658,0.5790731008122313,30310,0.16504699697307632,4531.6,0.03520889758005377,0.020869842281344593,0.09893261111996177,15.40488339482527,16415,0.006640268047517515,11.482783543495499,2.6069778556635335,0.2555,0.3427,0.028037383177570093,861,0.16492450638792103,0.0011614401858304297,0.19396051103368175,0.003484320557491289,0.056910569105691054,0.10374657325616814,0.07688090161437709,166.89492302028796,0.035160785917484574,0.39788760164881365,0.07297152851487196,0.016182102881956897,0.11090122128501852,1.084664185209424,5,3,5161.047274917275,3.59
2023,9,Moncloa-Aravaca,4,Valdezarza,094,0.19809069212410502,0.3051746281642292,18383,0.15957530475815965,3303.39,0.03291532607269386,0.026661423515532835,0.11686983877310264,13.031851102501987,30587,0.007879164350868016,218.1323792486583,2.397483287455761,0.2486,0.34850000000000003,0.10186092066601371,614,0.31921824104234525,0.0016286644951140066,0.09283387622149837,0.011400651465798045,0.014657980456026058,0.11079870533233073,0.08104750384150129,166.89492302028796,0.035160785917484574,0.39788760164881365,0.07297152851487196,0.016182102881956897,0.11090122128501852,1.084664185209424,9,2,5430.495863456287,5.51
2023,9,Moncloa-Aravaca,5,Valdemarín,095,0.14077062178328,0.6680062513954007,36918,0.1482194417709336,4994.74,0.03785852431525992,0.05004812319538017,0.07314725697786333,16.692271961077275,7189,0.0084851857003755745,21.668433005299015,3.4436958614051973,0.1192,0.3212,0,116,0.10344827586206896,0.04310344827586207,0.3017241379310345,0.008620689655172414,0.017241379310344827,0.10641257476700515,0.08040061204618167,166.89492302028796,0.035160785917484574,0.39788760164881365,0.07297152851487196,0.016182102881956897,0.11090122128501852,1.084664185209424,NA,0,8461.673922559497,2.52
2023,9,Moncloa-Aravaca,6,El Plantío,096,0.14028776978417265,0.5751196172248804,25350,0.10703043022035677,NA,0.05509592641261497,0.02728226652675761,0.07450157397691501,17.950819672131146,3058,0.01144538914323087,8.627628819227935,3.194123819517314,0.1991,0.25739999999999996,0.020833333333333332,191,0.3193717277486911,0.010471204188481676,0.10471204188481675,0.005235602094240838,0.015706806282722512,0.08763897972531066,0.06736429038587312,166.89492302028796,0.035160785917484574,0.39788760164881365,0.07297152851487196,0.016182102881956897,0.11090122128501852,1.084664185209424,NA,0,11456.239403199888,2.7
2023,9,Moncloa-Aravaca,7,Aravaca,097,0.15564583408901303,0.5506208213944603,30206,0.11522956326987682,4564.22,0.05263344871561305,0.033370660694288914,0.08286674132138858,14.062457108186054,27569,0.007254525009974972,47.04319506342132,3.0733482642777155,0.1681,0.25579999999999997,0.035110533159947985,626,0.3274760383386581,0.003194888178913738,0.10383386581469649,0.01757188498402556,0.019169329073482427,0.09209619500163227,0.07305306685044796,166.89492302028796,0.035160785917484574,0.39788760164881365,0.07297152851487196,0.016182102881956897,0.11090122128501852,1.084664185209424,NA,0,7562.302886124522,3.22
2023,10,Latina,1,Los Cármenes,101,0.2078088578088578,0.19532395192025798,14416,0.161094674556213,2722.75,0.038457325587890306,0.024112426035502958,0.1374260355029586,11.270649729358619,17160,0.008275058275058275,138.56811145510838,2.6483727810650888,0.16949999999999998,0.3357,0.11857707509881422,309,0.22006472491909385,0.006472491909385114,0.1650485436893204,0.009708737864077669,0.061488673139158574,0.11695804195804196,0.0958041958041958,71.90518248356284,0.19676764997444093,0.22829039654069241,0.02256292077629042,0.0220190871861221,0.16658528915223939,3.265230699251541,6,1,3189.554446727571,8.7
2023,10,Latina,2,Puerta del Angel,102,0.24471243469655474,0.24890253349783376,15310,0.22018751028016886,2883.88,0.05252614801810959,0.018586545314984375,0.15494270519217063,12.465885474880299,43451,0.012243676785344411,314.78222933178216,2.373595043587916,0.196,0.3735,0.11704582921200132,1500,0.33266666666666667,0.009333333333333334,0.13066666666666665,0.009333333333333334,0.015333333333333332,0.15546247497180732,0.1100780189178615,71.90518248356284,0.19676764997444093,0.22829039654069241,0.02256292077629042,0.0220190871861221,0.16658528915223939,3.265230699251541,3,2,2462.022580849945,6.38
2023,10,Latina,3,Lucero,103,0.2033696299907904,0.19896982563602825,14814,0.15879410947485412,2608.14,0.03360555117146044,0.019588774659627675,0.11280911364267852,11.177208951039889,36918,0.010726474890297415,218.87432995830852,2.552722978605168,0.21600000000000003,0.4107,0.10053619302949061,835,0.3281437125748503,0.0011976047904191617,0.1281437125748503,0.016766467065868262,0.017964071856287425,0.12906983043501816,0.09819058453870741,71.90518248356284,0.19676764997444093,0.22829039654069241,0.02256292077629042,0.0220190871861221,0.16658528915223939,3.265230699251541,5,1,4227.863163252316,6.52
2023,10,Latina,4,Aluche,104,0.18273906603025453,0.175990200081666,15162,0.12635432459416485,2484.34,0.043094665705532526,0.01845209481196613,0.0975113707798691,10.452133515007327,66833,0.00776562476620831,233.65850235104216,2.4623007802388788,0.2866,0.39280000000000004,0.08005718370264475,1904,0.3697478991596639,0.0026260504201680674,0.1407563025210084,0.009453781512605041,0.01680672268907563,0.11708287821884399,0.08639444585758532,71.90518248356284,0.19676764997444093,0.22829039654069241,0.02256292077629042,0.0220190871861221,0.16658528915223939,3.265230699251541,6,3,5246.164022823681,6.29
2023,10,Latina,5,Campamento,105,0.21094301563287948,0.1940759819703799,14656,0.14070619586942038,2502.57,0.055615189873417736,0.019187208527648235,0.11099267155229847,11.461802112584628,19830,0.007413010590015128,21.487477424549034,2.6315789473684212,0.2293,0.4261,0.1092436974789916,428,0.3037383177570093,0,0.10747663551401869,0.02336448598130841,0.018691588785046728,0.14533535047907212,0.1070600100857287,71.90518248356284,0.19676764997444093,0.22829039654069241,0.02256292077629042,0.0220190871861221,0.16658528915223939,3.265230699251541,6,1,9136.382852802442,6.14
2023,10,Latina,6,Cuatro Vientos,106,0.18360013067624958,0.2714649386716038,17516,0.26387702818104186,3375.62,0.03613103560927801,0.05123825789923143,0.13962425277540563,14.453751209478808,6122,0.004900359359686377,11.274193845417212,2.6140051238257898,0.0742,0.1938,0.006211180124223602,110,0.22727272727272727,0,0.10909090909090909,0,0.045454545454545456,0.13361646520744855,0.09539366220189481,71.90518248356284,0.19676764997444093,0.22829039654069241,0.02256292077629042,0.0220190871861221,0.16658528915223939,3.265230699251541,8,1,8640.707907451917,6.29
2023,10,Latina,7,Águilas,107,0.16519139684758133,0.15670298667185523,15144,0.12525637968041975,2491.21,0.03670688928766483,0.02036727879799666,0.10612926305747675,10.408701625560832,51516,0.007356937650438699,142.03235815602838,2.445409015025042,0.2753,0.4021,0.022004889975550123,1126,0.40319715808170514,0,0.1269982238010657,0.014209591474245116,0.016873889875666074,0.09470844009628077,0.0748893547635686,71.90518248356284,0.19676764997444093,0.22829039654069241,0.02256292077629042,0.0220190871861221,0.16658528915223939,3.265230699251541,7,1,6885.975485017603,6.63
2023,11,Carabanchel,1,Comillas,111,0.23184847421957208,0.228115567054765,15403,0.1890691187106106,2781.64,0.06586699969191495,0.02221303853703895,0.13420807934704,12.1275542302308,22808,0.01289021396001403,341.10493919831856,2.347453249302614,0.23070000000000002,0.3661,0.056457304163726185,786,0.36768447837150126,0.002544529262086514,0.11577608142493638,0.017811704834605598,0.017811704834605598,0.13074359873728517,0.10452472816555594,65.66550744279807,0.1809726284453988,0.3211050279447272,0.16945551120065364,0.06428475521545696,0.19936799332161823,0.9452080984324758,9,1,2716.7136162936577,6.74
2023,11,Carabanchel,2,Opañel,112,0.23081214398966468,0.1921251668396856,14134,0.18242590804426947,2468.48,0.04861883835551753,0.019757854861472184,0.13221421674218228,11.561960878571265,34058,0.010305948675788362,305.99656822902557,2.5167496100423383,0.19870000000000002,0.3554,0.05372104484967965,1253,0.31763766959297685,0,0.11971268954509177,0.009577015163607342,0.014365522745411013,0.14783604439485584,0.1114275647424981,65.66550744279807,0.1809726284453988,0.3211050279447272,0.16945551120065364,0.06428475521545696,0.19936799332161823,0.9452080984324758,6,5,3342.757631033908,6.34
2023,11,Carabanchel,3,San Isidro,113,0.2268186191075261,0.1771530000950902,13288,0.17982428012569743,2600.56,0.05286258422512882,0.021676393253382928,0.1318540370679151,11.618689711696975,40539,0.010533066923209749,212.54146264413205,2.5888539729365743,0.18539999999999998,0.3564,0.07021677662582469,1037,0.2970106075216972,0.0019286403085824494,0.12439729990356799,0.011571841851494697,0.013500482160077145,0.14519351735365943,0.10994351118675844,65.66550744279807,0.1809726284453988,0.3211050279447272,0.16945551120065364,0.06428475521545696,0.19936799332161823,0.9452080984324758,NA,0,3059.153889680385,8.34
2023,11,Carabanchel,4,Vista Alegre,114,0.21493028781026613,0.14532669205977147,12736,0.13874978900579532,2443.73,0.05190247868083053,0.01822989928543296,0.1134867495639453,10.817429097624276,47983,0.010524560781943606,300.3209161842437,2.6853654419625275,0.2182,0.3644,0.047769784172661874,2161,0.3688107357704766,0.0041647385469689956,0.1263304025913929,0.015270708005552984,0.013419713095788986,0.15517995956901404,0.11451972573619823,65.66550744279807,0.1809726284453988,0.3211050279447272,0.16945551120065364,0.06428475521545696,0.19936799332161823,0.9452080984324758,7,3,5063.086324920521,6.81
2023,11,Carabanchel,5,Puerta Bonita,115,0.21734539153038016,0.13172528345489998,11651,0.14786112833230006,2196.36,0.052937839012989846,0.023868567885926846,0.11608803471791693,10.81848280393588,36932,0.010830715910321672,228.75792614696007,2.851673899566026,0.1686,0.39399999999999996,0.06107341147439852,920,0.3184782608695652,0,0.10652173913043478,0.009782608695652175,0.016304347826086956,0.16587241416657642,0.12295570237192678,65.66550744279807,0.1809726284453988,0.3211050279447272,0.16945551120065364,0.06428475521545696,0.19936799332161823,0.9452080984324758,NA,0,5104.261850367837,7.59
2023,11,Carabanchel,6,Buenavista,116,0.1693990179767074,0.18356762271851265,14879,0.17188719206331513,2678.66,0.0565389656365079,0.03695240218481775,0.12211570616430721,11.909440872403794,49286,0.010530373736963843,87.56324378251264,2.739438189722439,0.13449999999999998,0.35840000000000005,0.039269406392694065,1378,0.33889695210449927,0.001451378809869376,0.14368650217706821,0.010159651669085631,0.020319303338171262,0.11847177697520594,0.08785456316195268,65.66550744279807,0.1809726284453988,0.3211050279447272,0.16945551120065364,0.06428475521545696,0.19936799332161823,0.9452080984324758,10,3,6594.790383780321,5.99
2023,11,Carabanchel,7,Abrantes,117,0.19548470270100304,0.13997291119952596,12515,0.13063985049390406,2130.72,0.05416539396043041,0.023849781970276766,0.11052772092195426,10.55988447608831,31803,0.009967613118259284,202.55017256806852,2.8202367179852272,0.17190000000000003,0.3547,0.04990403071017274,683,0.34260614934114203,0.0014641288433382138,0.13030746705710103,0.02342606149341142,0.016105417276720352,0.14945130962487815,0.10920353425777442,65.66550744279807,0.1809726284453988,0.3211050279447272,0.16945551120065364,0.06428475521545696,0.19936799332161823,0.9452080984324758,7,4,4633.638141225011,7.04
2023,12,Usera,1,Orcasitas,121,0.1566114275850164,0.1086677554829678,13337,0.11771616541353383,1758.15,0.027261338531513968,0.026080827067669173,0.10455827067669173,9.101685387261423,23172,0.005264974969791127,170.1931583603657,2.7120535714285716,0.19,0.38280000000000003,0.056179775280898875,347,0.41786743515850144,0.008645533141210375,0.15273775216138327,0.002881844380403458,0.011527377521613832,0.08652684274123942,0.07168133954773002,167.33183402275438,0.06053423648654792,0.20934907621309698,0.1135265357933285,0.005312659747751628,0.2272778221456293,4.469550841605224,NA,0,5444.820287906102,8.14
2023,12,Usera,2,Orcasur,122,0.20952446874783692,0.12815405046480743,11656,0.15284384694932782,NA,0.026000000000000023,0.02357807652533609,0.1265770423991727,10.543940780244682,14447,8.306222745206618e-4,103.72666330281844,2.9762150982419855,0.1438,0.3166,0.030232558139534883,239,0.24267782426778242,0,0.14644351464435146,0.0041841004184100415,0.02092050209205021,0.1278466117533052,0.10458918806672665,167.33183402275438,0.06053423648654792,0.20934907621309698,0.1135265357933285,0.005312659747751628,0.2272778221456293,4.469550841605224,7,1,5034.764058844293,9.34
2023,12,Usera,3,San Fermín,123,0.1889906707754654,0.12357325879338459,12044,0.14143593431619322,2036.52,0.037289304178320215,0.031763154740501016,0.12956969914898717,9.840657699784535,23689,0.007893959221579636,159.9430662871086,2.8284789644012944,0.1474,0.3185,0.032507739938080496,403,0.3523573200992556,0.007444168734491315,0.18114143920595532,0.009925558312655087,0.01488833746898263,0.11701633669635696,0.08890202203554393,167.33183402275438,0.06053423648654792,0.20934907621309698,0.1135265357933285,0.005312659747751628,0.2272778221456293,4.469550841605224,8,1,5347.446157717271,8.18
2023,12,Usera,4,Almendrales,124,0.22469512195121952,0.16090278182772497,12826,0.16324271128060033,2687.09,0.04353733905579399,0.025464386763439536,0.12449255751014884,11.220097121536394,22960,0.005879790940766551,292.7060633252147,2.8089555910936155,0.15130000000000002,0.3836,0.05785837651122625,734,0.34332425068119893,0.004087193460490463,0.14713896457765668,0.005449591280653951,0.013623978201634877,0.1527439024390244,0.11942508710801393,167.33183402275438,0.06053423648654792,0.20934907621309698,0.1135265357933285,0.005312659747751628,0.2272778221456293,4.469550841605224,6,1,3761.5800879559033,6.6
2023,12,Usera,5,Moscardó,125,0.22910425404433793,0.1611476906810208,12693,0.1575928348596156,2700.19,0.044763760863839874,0.0241521585991748,0.12468551876823991,11.323646520350556,26704,0.006590772917914919,292.462588028169,2.674750930864446,0.1826,0.3614,0.052823315118397086,1149,0.4221061792863359,0.0034812880765883376,0.15926892950391644,0.007832898172323759,0.016536118363794605,0.16166117435590174,0.1268723786698622,167.33183402275438,0.06053423648654792,0.20934907621309698,0.1135265357933285,0.005312659747751628,0.2272778221456293,4.469550841605224,6,1,3148.6442045488893,6.55
2023,12,Usera,6,Zofío,126,0.21368231546877164,0.11651903935713634,11493,0.1355002937145095,2103.87,0.047654359616186914,0.02349716075974153,0.12727628744859995,10.796442936439037,14442,0.009209250796288603,185.81395348837208,2.8161347170550224,0.1747,0.3503,0.09423347398030943,365,0.2547945205479452,0.0027397260273972603,0.10410958904109589,0.0027397260273972603,0.03561643835616438,0.16839772884642015,0.11625813599224484,167.33183402275438,0.06053423648654792,0.20934907621309698,0.1135265357933285,0.005312659747751628,0.2272778221456293,4.469550841605224,NA,0,4309.52279835841,7.35
2023,12,Usera,7,Pradolongo,127,0.2379758122944881,0.08774240761068423,9910,0.13814602132895817,NA,0.03700677928179891,0.024774405250205085,0.11534044298605414,10.727623824895957,17943,3.901242824499805e-4,163.1650999361139,2.9332239540607055,0.16010000000000002,0.37929999999999997,0.08505917159763314,775,0.33419354838709675,0.0025806451612903226,0.1406451612903226,0.0064516129032258064,0.0064516129032258064,0.1936131081758903,0.13732374742239314,167.33183402275438,0.06053423648654792,0.20934907621309698,0.1135265357933285,0.005312659747751628,0.2272778221456293,4.469550841605224,NA,0,4353.234073261076,6.61
2023,13,Puente de Vallecas,1,Entrevías,131,0.20431407840710952,0.07036063110443276,10790,0.13682564503518374,1963.83,0.03231850617249074,0.026270523846755277,0.11157154026583269,9.508002718238474,35558,0.011333595815287699,59.27594232991175,2.7677091477716966,0.184,0.3663,0.07743216412971542,678,0.28761061946902655,0.0014749262536873156,0.14601769911504425,0.01032448377581121,0.02064896755162242,0.13414702739186682,0.10295854659992125,84.78653737362076,0.05772679405702194,0.2590842771073152,0.043968676965503745,0.020542169955555,0.1872451914918275,2.9765365901931355,NA,0,5421.836615386178,10.2
2023,13,Puente de Vallecas,2,San Diego,132,0.2545430457727042,0.12317210348706412,10252,0.209341217225109,2278.05,0.05319088329194749,0.030878576121364153,0.14656871528399928,12.09334519961613,45289,0.015434211397911193,421.57210954294794,2.693901929164427,0.12710000000000002,0.3574,0.09862834748530372,1607,0.37336652146857496,0.0031113876789047915,0.10703173615432483,0.009334163036714374,0.01120099564405725,0.2287972796926406,0.15242111771070238,84.78653737362076,0.05772679405702194,0.2590842771073152,0.043968676965503745,0.020542169955555,0.1872451914918275,2.9765365901931355,7,2,4343.126330531005,7.91
2023,13,Puente de Vallecas,3,Palomeras Bajas,133,0.20114164800826712,0.15081049787726747,13967,0.1513524133866003,2200.42,0.032449460187266826,0.023642674700373307,0.1263998952125221,10.384980589873868,40643,0.0077504121250891915,234.79900226231223,2.650926714257646,0.1782,0.3262,0.08512160228898426,793,0.3026481715006305,0,0.11601513240857503,0.015132408575031526,0.02648171500630517,0.11308220357749182,0.08936348202642522,84.78653737362076,0.05772679405702194,0.2590842771073152,0.043968676965503745,0.020542169955555,0.1872451914918275,2.9765365901931355,9,2,5299.0997356729995,7.74
2023,13,Puente de Vallecas,4,Palomeras Sureste,134,0.20691407061866382,0.12147466539196941,13353,0.1437538086532602,1994.56,0.03546118344840368,0.026081657525898843,0.13363802559414992,10.510999698544166,43303,0.009791469413204627,138.8470694203178,2.630225472273004,0.1865,0.34600000000000003,0.1129125651418645,905,0.2795580110497238,0.004419889502762431,0.10276243093922652,0.009944751381215469,0.014364640883977901,0.1112394060457705,0.08853890030713807,84.78653737362076,0.05772679405702194,0.2590842771073152,0.043968676965503745,0.020542169955555,0.1872451914918275,2.9765365901931355,12,2,6728.434776921601,7.93
2023,13,Puente de Vallecas,5,Portazgo,135,0.20228928199791885,0.10161464910698177,11817,0.14843250159948818,2039.79,0.030365376987578713,0.024677817384151358,0.12064710721140663,10.6744294852716,28830,0.010683315990287894,230.7957921785915,2.6269079608810895,0.2118,0.35369999999999996,0.06880733944954129,867,0.34486735870818913,0.0011534025374855825,0.12687427912341406,0.016147635524798153,0.006920415224913495,0.12604925424904614,0.09576829691293791,84.78653737362076,0.05772679405702194,0.2590842771073152,0.043968676965503745,0.020542169955555,0.1872451914918275,2.9765365901931355,11,1,5623.0531374149605,9.05
2023,13,Puente de Vallecas,6,Numancia,136,0.23304226907425207,0.1379891061232008,12136,0.18290141597648946,2232.74,0.04291740558292284,0.023350253807106598,0.13454448303499866,11.604189106265828,48901,0,263.47953058244553,2.6032594175794816,0.1827,0.349,0.09527654420670166,1394,0.33428981348637016,0.0028694404591104736,0.1133428981348637,0.007890961262553802,0.010043041606886656,0.16071245986789637,0.1232081143534897,84.78653737362076,0.05772679405702194,0.2590842771073152,0.043968676965503745,0.020542169955555,0.1872451914918275,2.9765365901931355,NA,0,4377.421684034425,7.83
2023,14,Moratalaz,1,Pavones,141,0.1568957232099952,0.19997114413504544,16403,0.1091570648878108,2525.56,0.043855570683004316,0.019708914493632504,0.11764705882352941,10.766856752079393,8324,0.006967803940413263,87.2932554224027,2.6725288053365674,0.2742,0.3657,0.06015037593984962,170,0.21176470588235294,0,0.12352941176470589,0.011764705882352941,0.041176470588235294,0.1096828447861605,0.06775588659298415,107.95619967602592,0.01626645521141874,0.2328038178278504,0.1474377694107802,0.008111471021961511,0.10906759756071283,0.6933841252699784,10,1,6486.612033542536,7.23
2023,14,Moratalaz,2,Horcajo,142,0.15177728845548916,0.3427041499330656,19542,0.14045454545454544,3687.51,0.023916359047168323,0.03,0.12227272727272727,11.0341877245015,6358,0.0031456432840515887,84.98458238369754,2.8813636363636363,0.1131,0.2329,0.057971014492753624,104,0.3557692307692308,0,0.11538461538461539,0,0.009615384615384616,0.070305127398553,0.06338471217363952,107.95619967602592,0.01626645521141874,0.2328038178278504,0.1474377694107802,0.008111471021961511,0.10906759756071283,0.6933841252699784,NA,0,6656.046390097287,6.81
2023,14,Moratalaz,3,Marroquina,143,0.1631251669019189,0.28428062277246297,20036,0.11608378702592968,3152.65,0.01999310872894334,0.016240657008397157,0.09919719479560764,11.52971917080312,26213,0.006981268836073704,145.91363610971456,2.4102611423825784,0.2915,0.3845,0.06200177147918512,818,0.33007334963325186,0,0.13202933985330073,0.013447432762836185,0.013447432762836185,0.06817228092930988,0.05737611108991722,107.95619967602592,0.01626645521141874,0.2328038178278504,0.1474377694107802,0.008111471021961511,0.10906759756071283,0.6933841252699784,NA,0,5474.216389082998,6.45
2023,14,Moratalaz,4,Media Legua,144,0.18280558588586862,0.25329701834862384,17680,0.13749649957994958,2831.98,0.02837707094614096,0.020442453094371326,0.104172500700084,11.594891044082953,17401,0.0070110913165910005,173.4034034034034,2.4255110613273594,0.287,0.358,0.0427807486631016,408,0.2549019607843137,0,0.11029411764705882,0.012254901960784314,0.03431372549019608,0.09597149589104075,0.07269697143842307,107.95619967602592,0.01626645521141874,0.2328038178278504,0.1474377694107802,0.008111471021961511,0.10906759756071283,0.6933841252699784,7,2,4094.469073486074,7.78
2023,14,Moratalaz,5,Fontarrón,145,0.1944956241363427,0.17277830429394184,13983,0.1461836998706339,2617.66,0.04195341833496796,0.02199223803363519,0.11513583441138421,10.959884207459604,17368,0.009097190234914785,179.6910636533278,2.4914474629869194,0.23559999999999998,0.46380000000000005,0.023255813953488372,326,0.44785276073619634,0,0.0950920245398773,0.012269938650306749,0.02147239263803681,0.13213956701980653,0.09649930907415938,107.95619967602592,0.01626645521141874,0.2328038178278504,0.1474377694107802,0.008111471021961511,0.10906759756071283,0.6933841252699784,NA,0,5210.58502616521,7.2
2023,14,Moratalaz,6,Vinateros,146,0.17725555030703827,0.20703210307927494,15632,0.15129762562120375,2655,0.03877299378146286,0.01974047487575925,0.11154058531198233,11.254009539903157,16936,0.00944733112895607,284.25925925925924,2.3308945334069575,0.2789,0.48869999999999997,0.03349282296650718,321,0.4485981308411215,0,0.08411214953271028,0.037383177570093455,0.003115264797507788,0.11035663675011809,0.08502598016060463,107.95619967602592,0.01626645521141874,0.2328038178278504,0.1474377694107802,0.008111471021961511,0.10906759756071283,0.6933841252699784,9,1,5433.702059193246,5.98
2023,15,Ciudad Lineal,1,Ventas,151,0.23355550265809727,0.22141702981932135,15254,0.17633510868000576,3020.43,0.05022831255725038,0.016985749244278106,0.1382851110791229,12.134211717223202,50412,0.011882091565500278,157.02939337085678,2.409577275562593,0.22219999999999998,0.4164,0.09444255028980567,1569,0.28489483747609945,0.0038240917782026767,0.11026131293817719,0.014021669853409816,0.014021669853409816,0.13597952868364674,0.1004126001745616,103.33334865889991,0.4126199911895811,0.20184309672483944,0.039168443736138446,0.007252241212732352,0.15616873539222584,1.4893022572434778,8,1,4882.186885724673,6.08
2023,15,Ciudad Lineal,2,Pueblo Nuevo,152,0.21291733350235306,0.19632147943117315,14782,0.15488697216204064,2861.24,0.04479287078294081,0.018844786003352,0.12345174344929076,11.645408473230262,63109,0.012264494763029045,270.9555018972059,2.568777337203123,0.2155,0.35869999999999996,0.07200647249190939,2161,0.33595557612216564,0.0041647385469689956,0.11291068949560389,0.012494215640906987,0.015270708005552984,0.14436926587333027,0.10421651428480883,103.33334865889991,0.4126199911895811,0.20184309672483944,0.039168443736138446,0.007252241212732352,0.15616873539222584,1.4893022572434778,9,3,5945.604598047828,5.98
2023,15,Ciudad Lineal,3,Quintana,153,0.24254387679318298,0.26978538702676635,16290,0.199438202247191,3549.06,0.06424012328713335,0.018164794007490638,0.14634831460674158,12.891008146787968,25583,0.013524606183793926,352.2196100124464,2.3847378277153557,0.2089,0.39049999999999996,0.052434456928838954,1182,0.33248730964467005,8.460236886632825e-4,0.12098138747884941,0.017766497461928935,0.010998307952622674,0.15705742094359534,0.11359105656099754,103.33334865889991,0.4126199911895811,0.20184309672483944,0.039168443736138446,0.007252241212732352,0.15616873539222584,1.4893022572434778,9,4,5499.8856458525215,6.06
2023,15,Ciudad Lineal,4,La Concepción,154,0.21063900651853262,0.3309001000765291,19248,0.19629910182880642,4474.03,0.05287104722792607,0.023590520506438697,0.12963964938859432,13.206664492391791,21017,0.0120854546319646,236.38108138616096,2.2660967427767558,0.2397,0.38799999999999996,0.048588312541037425,895,0.31508379888268156,0.004469273743016759,0.1452513966480447,0.0111731843575419,0.021229050279329607,0.1542084978826664,0.0986820193176952,103.33334865889991,0.4126199911895811,0.20184309672483944,0.039168443736138446,0.007252241212732352,0.15616873539222584,1.4893022572434778,8,1,5286.907708726859,5.43
2023,15,Ciudad Lineal,5,San Pascual,155,0.18606927301397422,0.3590730982299689,22329,0.1686654758867058,4374.19,0.03291844273476292,0.01964786935442715,0.11967338606787446,13.869171508941372,18391,0.009298026208471534,174.09518381305216,2.338224036744067,0.2699,0.331,0.029213483146067417,555,0.3117117117117117,0.009009009009009009,0.11891891891891893,0.009009009009009009,0.016216216216216217,0.11108694470121255,0.07710293078136045,103.33334865889991,0.4126199911895811,0.20184309672483944,0.039168443736138446,0.007252241212732352,0.15616873539222584,1.4893022572434778,8,1,5179.583350579988,5.37
2023,15,Ciudad Lineal,6,San Juan Bautista,156,0.1687364794487621,0.5384697130712008,28260,0.16529092007247836,4663.75,0.05364507834471675,0.027783370243607813,0.10690557680692571,14.66483558294132,12481,0.010495953849851775,123.1203007518797,2.5055365411717334,0.2271,0.3425,0.006036217303822937,396,0.2676767676767677,0.0025252525252525255,0.14898989898989898,0.012626262626262626,0.020202020202020204,0.11978206874449163,0.07403252944475602,103.33334865889991,0.4126199911895811,0.20184309672483944,0.039168443736138446,0.007252241212732352,0.15616873539222584,1.4893022572434778,8,2,5517.381608968283,4.19
2023,15,Ciudad Lineal,7,Colina,157,0.18074298711144807,0.5210515912235619,27706,0.19772560528246516,5025.68,0.05257521692799512,0.03558327219369039,0.12325752017608217,15.34029931229131,6595,0.01592115238817286,117.3664463105235,2.40975788701394,0.2293,0.33,0.01282051282051282,284,0.19014084507042253,0.007042253521126761,0.0880281690140845,0.017605633802816902,0.028169014084507043,0.12706595905989385,0.10022744503411675,103.33334865889991,0.4126199911895811,0.20184309672483944,0.039168443736138446,0.007252241212732352,0.15616873539222584,1.4893022572434778,NA,0,5876.295848019207,4.42
2023,15,Ciudad Lineal,8,Atalaya,158,0.15323076923076923,0.5659751037344398,33140,0.19536423841059603,5327.85,0.05184019728729963,0.0380794701986755,0.09602649006622517,16.19618905533228,1625,0,65.16673362796304,2.685430463576159,0.23,0.2735,0.021739130434782608,32,0.125,0,0.125,0,0.03125,0.11938461538461538,0.10153846153846154,103.33334865889991,0.4126199911895811,0.20184309672483944,0.039168443736138446,0.007252241212732352,0.15616873539222584,1.4893022572434778,NA,0,6201.670850629291,3.84
2023,15,Ciudad Lineal,9,Costillares,159,0.1593286636950787,0.5577880184331797,29377,0.12409029233995313,4574.53,0.023759706123939038,0.025903540150487233,0.08992228937954853,14.384023846943359,21986,0.043391248976621485,153.54540358744396,2.7030960897989393,0.2352,0.3164,0.01037344398340249,382,0.27486910994764396,0.007853403141361256,0.12041884816753927,0.013089005235602094,0.028795811518324606,0.08596379514236333,0.0737742199581552,103.33334865889991,0.4126199911895811,0.20184309672483944,0.039168443736138446,0.007252241212732352,0.15616873539222584,1.4893022572434778,11,2,7261.663100362989,4.05
2023,16,Hortaleza,1,Palomas,161,0.13022183808700663,0.5803514715223375,34774,0.09652173913043478,5139.42,0.06114937879225658,0.03391304347826087,0.07782608695652174,15.095811076794089,6942,0.007202535292422933,64.76422155688623,3.0095652173913043,0.1656,0.2408,0.011834319526627219,143,0.26573426573426573,0.013986013986013986,0.14685314685314685,0.006993006993006993,0.04195804195804196,0.06611927398444252,0.060645347162201095,121.39917153961798,0.05390773096999927,0.19007489855017776,0.004349595394699061,0.025487644325480004,0.11544374492794532,2.116425809630594,NA,0,8460.640556816981,3.63
2023,16,Hortaleza,2,Piovera,162,0.15467196819085488,0.5872851910977557,34949,0.12935323383084577,5811.22,0.12236302772422047,0.02527363184079602,0.10189054726368159,15.67919303630668,15090,0.012326043737574552,47.907376735889926,2.9932338308457713,0.162,0.23879999999999998,0.0025974025974025974,335,0.23283582089552238,0.005970149253731343,0.13134328358208955,0.020895522388059702,0.04477611940298507,0.09927104042412194,0.08277004638833664,121.39917153961798,0.05390773096999927,0.19007489855017776,0.004349595394699061,0.025487644325480004,0.11544374492794532,2.116425809630594,NA,0,7272.732429305579,2.92
2023,16,Hortaleza,3,Canillas,163,0.17130116739315596,0.2860535608262242,19994,0.14126279442594647,3718.95,0.03952110290051776,0.02121100012331977,0.10747317795042545,12.949283774575107,39918,0.008041485044340898,157.7244796828543,2.453200147983722,0.2775,0.3357,0.10314924691921497,1387,0.3013698630136986,0.005046863734679163,0.1110310021629416,0.01802451333813987,0.025234318673395817,0.08700335688160729,0.07169697880655343,121.39917153961798,0.05390773096999927,0.19007489855017776,0.004349595394699061,0.025487644325480004,0.11544374492794532,2.116425809630594,9,2,7296.3128949825195,5.67
2023,16,Hortaleza,4,Pinar del Rey,164,0.1881913875598086,0.23218478938036133,16824,0.14440064920009274,3268.81,0.039969418231438944,0.024159517737073963,0.1150011592858799,12.215217564924018,52250,0.008574162679425837,195.25292704893425,2.412752144678878,0.2636,0.3603,0.1339347675225538,1472,0.38247282608695654,0.006114130434782609,0.10190217391304347,0.016983695652173912,0.018342391304347828,0.10080382775119617,0.08045933014354067,121.39917153961798,0.05390773096999927,0.19007489855017776,0.004349595394699061,0.025487644325480004,0.11544374492794532,2.116425809630594,7,6,7830.265125778066,6.31
2023,16,Hortaleza,5,Apóstol Santiago,165,0.1800116136524937,0.27556700174462073,18213,0.13620132630505016,2960.4,0.030858924522189815,0.021424927733378677,0.11103553817377997,11.56317043051191,15499,0.008903800245177108,128.0806572068708,2.624553647338888,0.21780000000000002,0.3477,0.06872037914691943,252,0.3968253968253968,0,0.15079365079365079,0.011904761904761904,0.027777777777777776,0.10374862894380282,0.08219885153880896,121.39917153961798,0.05390773096999927,0.19007489855017776,0.004349595394699061,0.025487644325480004,0.11544374492794532,2.116425809630594,12,1,7594.745424567081,6.65
2023,16,Hortaleza,6,Valdefuentes,166,0.1741342429323004,0.5460211142654364,25293,0.1737190013052082,4533.78,0.055366427662773214,0.053218811839501494,0.12837354216664562,14.074318584474998,69188,0.009741573683297682,40.6312957774606,2.912551050482085,0.0788,0.2127,0.02764612954186414,902,0.25609756097560976,0.004434589800443459,0.17073170731707318,0.0066518847006651885,0.028824833702882482,0.11925478406660114,0.08167601318147656,121.39917153961798,0.05390773096999927,0.19007489855017776,0.004349595394699061,0.025487644325480004,0.11544374492794532,2.116425809630594,NA,0,10324.991527205424,3.5
2023,17,Villaverde,1,"Villaverde Alto, Casco Histórico de Villaverde",171,0.20897446560758545,0.10087348548887011,11511,0.14412705938129666,NA,0.04820037643515904,0.0254829915846865,0.11994784876140809,9.789710491805835,48092,2.2872827081427266e-4,51.673943114031296,2.833767926988266,0.1607,0.3689,0.03919372900335946,2665,0.22101313320825516,0.001876172607879925,0.061163227016885556,0.00450281425891182,0.012382739212007506,0.14441071280046577,0.10558928719953423,205.657709738637,0.573944176196243,0.15726247211335384,0.007674735380265834,0.08172595819680487,0.1982293539908701,1.0225149220545775,11,2,8429.326864195527,8.87
2023,17,Villaverde,2,San Cristóbal,172,0.2422410318419992,0.06438481349173382,8042,0.12567049808429118,1503.63,0.024022466705269307,0.02567049808429119,0.10670498084291188,9.388727958661143,17367,0.018195428110784822,159.5381062355658,3.3084291187739465,0.10679999999999999,0.43060000000000004,0.03571428571428571,274,0.4197080291970803,0,0.17153284671532848,0.014598540145985401,0.032846715328467155,0.22842171935279554,0.15754016237692176,205.657709738637,0.573944176196243,0.15726247211335384,0.007674735380265834,0.08172595819680487,0.1982293539908701,1.0225149220545775,NA,0,8593.622960340828,9.13
2023,17,Villaverde,3,Butarque,173,0.18593764628780077,0.16729906864436012,13620,0.15809217577706325,2251.01,0.0428392006004879,0.04501607717041801,0.1429528403001072,10.087771697491974,21362,0.007723995880535531,33.43424045172928,2.8558413719185425,0.0909,0.24100000000000002,0.02242152466367713,325,0.3384615384615385,0.003076923076923077,0.12615384615384614,0.015384615384615385,0.015384615384615385,0.12086883250631963,0.0829978466435727,205.657709738637,0.573944176196243,0.15726247211335384,0.007674735380265834,0.08172595819680487,0.1982293539908701,1.0225149220545775,NA,0,9220.484973883558,6.49
2023,17,Villaverde,4,Los Rosales,174,0.1869168731221338,0.120900412160496,12703,0.12532734754956978,2058.92,0.04364549301735082,0.02147399925177703,0.1168724279835391,10.095975993249477,37942,0.008855621738442886,245.39495034724476,2.8288814066591845,0.17170000000000002,0.32439999999999997,0.06349206349206349,939,0.3961661341853035,0.0010649627263045794,0.11927582534611289,0.011714589989350373,0.014909478168264111,0.13204364556428233,0.09156080333140056,205.657709738637,0.573944176196243,0.15726247211335384,0.007674735380265834,0.08172595819680487,0.1982293539908701,1.0225149220545775,10,1,6973.898784029635,7.27
2023,17,Villaverde,5,Ángeles,175,0.2169054441260745,0.14566857392762128,13515,0.12955375102436117,NA,0.04735219513595776,0.023392684198763315,0.11115249944125755,9.641600748038975,34900,2.5787965616045846e-4,179.95659587660828,2.5945764732176118,0.231,0.4182,0.049102927289896126,801,0.4431960049937578,0,0.11485642946317104,0.016229712858926344,0.011235955056179775,0.15097421203438396,0.10214899713467049,205.657709738637,0.573944176196243,0.15726247211335384,0.007674735380265834,0.08172595819680487,0.1982293539908701,1.0225149220545775,9,1,6844.387300119114,7.09
2023,18,Villa de Vallecas,1,Casco Histórico de Vallecas,181,0.2022460841296424,0.09716680637049455,11951,0.15377452610575323,2091.64,0.04939113491847491,0.029730628533422017,0.1275024941802461,10.931462590173336,40604,0.010319180376317605,9.389279815266958,2.688194213501829,0.16690000000000002,0.3197,0.03896103896103896,2683,0.17219530376444278,0.003727171077152441,0.07454342154304883,0.008945210585165859,0.008199776369735371,0.1357994286277214,0.10668899615801399,422.35676896578053,0.05039586367628706,0.05868734772915908,0.6122001542260036,0.004911313531009684,0.14416047522999803,0.5225222939664169,14,4,10796.278894705025,9.7
2023,18,Villa de Vallecas,2,Santa Eugenia,182,0.1837271436920765,0.1879903755622973,17041,0.09663911845730028,2222.32,0.05785017590886246,0.018292011019283745,0.10347107438016528,9.414271412380442,23954,0.0058027886783000755,114.77742524757234,2.6309641873278236,0.24789999999999998,0.2328,0.046296296296296294,479,0.348643006263048,0,0.1127348643006263,0.020876826722338204,0.04801670146137787,0.07034315771896134,0.06086666110044252,422.35676896578053,0.05039586367628706,0.05868734772915908,0.6122001542260036,0.004911313531009684,0.14416047522999803,0.5225222939664169,NA,0,8760.143846746487,7.27
2023,18,Villa de Vallecas,3,Ensanche de Vallecas,183,0.23398187583256722,0.2989370885939355,16757,0.2721146953405018,3197.51,0.046936370470605934,0.055053763440860215,0.17586618876941457,12.812383183378346,53299,0.013696317004071371,83.90973175001183,2.5427956989247313,0.0546,0.2214,0.0040941658137154556,747,0.42302543507362783,0,0.16198125836680052,0.0107095046854083,0.025435073627844713,0.14313589373158972,0.10249723259348205,422.35676896578053,0.05039586367628706,0.05868734772915908,0.6122001542260036,0.004911313531009684,0.14416047522999803,0.5225222939664169,16,1,10345.169175936604,5.64
2023,19,Vicalvaro,1,Casco Histórico de Vicálvaro,191,0.2100038976224503,0.11152319845714498,12291,0.1418313716781405,2740.64,0.07536171626453445,0.024798282626397217,0.12177067140424902,10.614069195463244,38485,0.01143302585422892,16.52492300248439,2.629284180916426,0.2004,0.4239,0.07087486157253599,1147,0.3295553618134263,8.718395815170009e-4,0.10985178727114212,0.013077593722755012,0.022667829119442023,0.12332077432766013,0.09234766792256724,322.6542851008505,0.24779809551791188,0.08172324410545065,0.3069380954394656,0.20065252977174916,0.1320700682544986,8.758479788160358,11,4,11070.104037586227,8.77
2023,19,Vicalvaro,2,Valdebernardo,192,0.166609667122663,0.24746025591314463,17593,0.12025419586116995,2504.12,0.021302776028847822,0.01841290532833632,0.12840149910379664,9.313977971301245,17544,0.002108983128134975,68.37697154710187,2.8468306990386183,0.1446,0.2316,0.03970223325062035,327,0.382262996941896,0,0.11926605504587157,0.0030581039755351682,0.024464831804281346,0.07922936616507067,0.06794345645234838,322.6542851008505,0.24779809551791188,0.08172324410545065,0.3069380954394656,0.20065252977174916,0.1320700682544986,8.758479788160358,NA,0,7725.9439756577085,7.95
2023,19,Vicalvaro,3,Valderrivas,193,0.10512129380053908,0.29328198545143347,18168,0.15739570164348926,3500.64,0.01972567567567567,0.04788242730720607,0.12926675094816686,10.675497578476223,17808,0.004773135669362084,276.11940298507466,2.8065739570164348,0.0705,0.2955,0,107,0.37383177570093457,0,0.12149532710280374,0.018691588785046728,0,0.05559299191374663,0.055424528301886794,322.6542851008505,0.24779809551791188,0.08172324410545065,0.3069380954394656,0.20065252977174916,0.1320700682544986,8.758479788160358,NA,0,8888.946624552194,4.12
2023,19,Vicalvaro,4,El Cañaveral,194,0.3756,0.3719272108119613,19187,0.2507254788160186,2819.96,0.04934668300903937,0.0371445153801509,0.24550203134068485,10.679611650485434,10000,0.1085,12.345025202613884,2.5254401238150512,0.027200000000000002,0.1408,0,103,0.3592233009708738,0,0.17475728155339806,0.02912621359223301,0.009708737864077669,0.4534,0.0955,322.6542851008505,0.24779809551791188,0.08172324410545065,0.3069380954394656,0.20065252977174916,0.1320700682544986,8.758479788160358,NA,0,13555.048065442257,3.36
2023,20,San Blas-Canillejas,1,Simancas,201,0.21635094715852443,0.22922544825703103,15675,0.1922838137472284,2829,0.05413888406049017,0.028381374722838137,0.14749445676274944,13.654706953261897,28084,0.012747471870103973,126.36735052497474,2.551219512195122,0.1557,0.37920000000000004,0.02997275204359673,1156,0.24394463667820068,0.009515570934256055,0.16608996539792387,0.014705882352941176,0.01730103806228374,0.1519014385415183,0.11152257513174761,77.44240281961308,0.07840411025641242,0.37504485995848535,0.11202911122067383,0.06802935770910447,0.14404629727265397,1.8953267707977517,11,2,7030.432034855219,6.45
2023,20,San Blas-Canillejas,2,Hellín,202,0.22051015096304008,0.11871470825490724,11986,0.13933982683982685,1965.71,0.03770905285190998,0.024891774891774892,0.11093073593073594,11.496877019989299,9605,0.018219677251431546,173.5379585906284,2.585227272727273,0.2006,0.4982,0.06299212598425197,91,0.2967032967032967,0,0.10989010989010989,0.01098901098901099,0.04395604395604396,0.14252993232691308,0.10338365434669443,77.44240281961308,0.07840411025641242,0.37504485995848535,0.11202911122067383,0.06802935770910447,0.14404629727265397,1.8953267707977517,NA,0,7594.896097053899,8.49
2023,20,San Blas-Canillejas,3,Amposta,203,0.2304925893635571,0.09135446685878963,10787,0.16681071737251513,1863.48,0.03257258382642997,0.027945836934600978,0.1163929703255546,12.319758706273513,9176,0.015911072362685266,246.44882527680258,2.6292134831460676,0.17079999999999998,0.4355,0.06813186813186813,222,0.47297297297297297,0.009009009009009009,0.13063063063063063,0.009009009009009009,0.0045045045045045045,0.18297733217088055,0.12903225806451613,77.44240281961308,0.07840411025641242,0.37504485995848535,0.11202911122067383,0.06802935770910447,0.14404629727265397,1.8953267707977517,13,1,7068.520027681723,9.79
2023,20,San Blas-Canillejas,4,Arcos,204,0.17606104708334971,0.16643631724431215,14493,0.14124718256949662,2239.88,0.02650549025794746,0.026940002146613715,0.12428893420628957,11.697323065038201,25423,0.009322267238327499,194.25375421391357,2.7212622088655145,0.16829999999999998,0.3948,0.03111111111111111,367,0.41689373297002724,0,0.1553133514986376,0.01634877384196185,0.013623978201634877,0.10750108169767533,0.07591550957794123,77.44240281961308,0.07840411025641242,0.37504485995848535,0.11202911122067383,0.06802935770910447,0.14404629727265397,1.8953267707977517,10,2,7390.381611996103,7.25
2023,20,San Blas-Canillejas,5,Rosas,205,0.13211830328187832,0.2853297442799462,19981,0.11688545225678834,3700.37,0.028739306038828016,0.024366121201222803,0.11643589282503147,11.455893685607407,30836,0.004021273835776365,33.078040122626795,2.7648804171911525,0.1637,0.27899999999999997,0.032450896669513236,902,0.2682926829268293,0.0011086474501108647,0.24057649667405764,0.007760532150776054,0.018847006651884702,0.05924892982228564,0.05885977428979115,77.44240281961308,0.07840411025641242,0.37504485995848535,0.11202911122067383,0.06802935770910447,0.14404629727265397,1.8953267707977517,12,3,9425.773254341555,4.92
2023,20,San Blas-Canillejas,6,Rejas,206,0.2029898619623117,0.3526768114799338,19155,0.2323711044090191,2959.07,0.08018493591585724,0.04322849346546029,0.14864282636794485,12.725529388767582,17459,0.03975027206598316,34.689076300416694,2.4987792618124374,0.1183,0.3395,0.02390438247011952,737,0.276797829036635,0.021709633649932156,0.13432835820895522,0.0067842605156037995,0.03934871099050204,0.1414170341943983,0.10813906867518186,77.44240281961308,0.07840411025641242,0.37504485995848535,0.11202911122067383,0.06802935770910447,0.14404629727265397,1.8953267707977517,NA,0,11809.63820196371,4.69
2023,20,San Blas-Canillejas,7,Canillejas,207,0.2000479649170892,0.18028562693802683,15070,0.1312298314808175,2557.01,0.06031932776000276,0.021961276443169597,0.1167981355324489,11.227460157036981,29188,0.010963409620391941,181.93027476998185,2.6055037647902473,0.2325,0.3276,0.05514250309789343,991,0.3693239152371342,0.0010090817356205853,0.12108980827447023,0.015136226034308779,0.014127144298688193,0.12001507468822804,0.09473071125119913,77.44240281961308,0.07840411025641242,0.37504485995848535,0.11202911122067383,0.06802935770910447,0.14404629727265397,1.8953267707977517,13,1,8480.24735908624,6.67
2023,20,San Blas-Canillejas,8,El Salvador,208,0.17013518320882248,0.4084941203333714,26077,0.13740283493369912,3745.67,0.03678989466166756,0.0205761316872428,0.1083676268861454,12.428305962374463,11244,0.006759160441124155,59.58193713100367,2.561042524005487,0.23120000000000002,0.3185,0.03519061583577713,219,0.1552511415525114,0.0091324200913242,0.1872146118721461,0.0182648401826484,0.0410958904109589,0.08093205265030239,0.061988616150836,77.44240281961308,0.07840411025641242,0.37504485995848535,0.11202911122067383,0.06802935770910447,0.14404629727265397,1.8953267707977517,12,1,6971.5342346356165,5.54
2023,21,Barajas,1,Alameda de Osuna,211,0.1289179198946782,0.40830752659216374,24417,0.09828372217752748,3486.44,0.03557414274828549,0.025610083132207025,0.08125502815768303,11.753913487522222,19749,0.007139602005164818,96.9083837936297,2.6394475730758917,0.2658,0.257,0.026515151515151516,385,0.34285714285714286,0.012987012987012988,0.15064935064935064,0.01038961038961039,0.04155844155844156,0.0656235758772596,0.05828143197123905,1055.5171689104732,0.6968782786602247,0.0401110790722936,0.09859416417037467,0.04666050983639748,0.09978209924762571,1.3261830700190569,14,2,10497.654905582835,3.92
2023,21,Barajas,2,Aeropuerto,212,0.21372446306967,0.11592178770949721,12420,0.1623931623931624,NA,0.06529610935856991,0.03133903133903134,0.12108262108262108,11.330640605581289,1909,0.006809848088004191,0.6411617770496446,2.7094017094017095,0.14880000000000002,0.3958,0.01718213058419244,458,0.3537117903930131,0.006550218340611353,0.23799126637554585,0,0.004366812227074236,0.12362493452069147,0.10843373493975904,1055.5171689104732,0.6968782786602247,0.0401110790722936,0.09859416417037467,0.04666050983639748,0.09978209924762571,1.3261830700190569,10,2,13760.414182366178,6.48
2023,21,Barajas,3,Casco Histórico de Barajas,213,0.2365402779651869,0.16971713810316139,15952,0.2215249450894258,3285.62,0.08026652221018417,0.021336680263570756,0.16065265139629745,12.455798366159494,7411,0.012683848333558224,134.40116490717148,2.3169124568559774,0.1993,0.3111,0.08623853211009175,361,0.3157894736842105,0.04709141274238227,0.18005540166204986,0.027700831024930747,0.0110803324099723,0.14154635002024019,0.11658345702334368,1055.5171689104732,0.6968782786602247,0.0401110790722936,0.09859416417037467,0.04666050983639748,0.09978209924762571,1.3261830700190569,NA,0,12378.237480023698,5.36
2023,21,Barajas,4,Timón,214,0.18085546454868867,0.2999767819828187,19498,0.18738938053097345,3745.13,0.04614378786621296,0.0420353982300885,0.13915929203539823,12.554258508338208,12087,0.008604285596094979,25.110453484494833,2.66570796460177,0.12279999999999999,0.2959,0.0374331550802139,263,0.21292775665399238,0.019011406844106463,0.14068441064638784,0.0076045627376425855,0.034220532319391636,0.09307520476545049,0.07355009514354265,1055.5171689104732,0.6968782786602247,0.0401110790722936,0.09859416417037467,0.04666050983639748,0.09978209924762571,1.3261830700190569,11,1,10789.995183450248,4.79
2023,21,Barajas,5,Corralejos,215,0.1156311314584696,0.5243637798382323,29312,0.16107129385137683,4119.66,0.04465281930238657,0.04639758581667296,0.11769143719351188,14.134838913199667,7645,0.007848266841072597,16.32102728731942,2.8766503206337233,0.1065,0.2808,0.0031847133757961785,245,0.10204081632653061,0.012244897959183673,0.3836734693877551,0.004081632653061225,0.044897959183673466,0.08436886854153042,0.07560497056899934,1055.5171689104732,0.6968782786602247,0.0401110790722936,0.09859416417037467,0.04666050983639748,0.09978209924762571,1.3261830700190569,9,1,9764.470276030066,3.44
