distrito,barrio_registrado,seccion,fecha_alta,procedencia,fecha_baja,destino,fecha_modificacion,barrio_antiguo,observaciones
1,11,1,19880701,NA,NA,NA,NA,NA,NA
1,11,2,19880701,NA,NA,NA,NA,NA,NA
1,11,3,19880701,NA,NA,NA,NA,NA,NA
1,11,4,19880701,NA,NA,NA,NA,NA,NA
1,11,5,19880701,NA,19990101,006,NA,NA,NA
1,11,6,19880701,NA,NA,NA,NA,NA,NA
1,11,7,19880701,NA,NA,NA,NA,NA,NA
1,11,8,19880701,NA,NA,NA,NA,NA,NA
1,11,9,19880701,NA,NA,NA,NA,NA,NA
1,11,10,19880701,NA,20010301,009,NA,NA,NA
1,11,11,19880701,NA,NA,NA,NA,NA,NA
1,11,12,19880701,NA,NA,NA,NA,NA,NA
1,11,13,19880701,NA,NA,NA,NA,NA,NA
1,11,14,19880701,NA,NA,NA,NA,NA,NA
1,11,15,19880701,NA,NA,NA,NA,NA,NA
1,11,16,19880701,NA,NA,NA,NA,NA,NA
1,11,17,19880701,NA,19960501,018,NA,NA,NA
1,11,18,19880701,NA,NA,NA,NA,NA,NA
1,11,19,19880701,NA,NA,NA,NA,NA,NA
1,11,20,19880701,NA,NA,NA,NA,NA,NA
1,11,21,19880701,NA,NA,NA,NA,NA,NA
1,12,22,19880701,NA,NA,NA,NA,NA,NA
1,12,23,19880701,NA,NA,NA,NA,NA,NA
1,12,24,19880701,NA,NA,NA,NA,NA,NA
1,12,25,19880701,NA,NA,NA,NA,NA,NA
1,12,26,19880701,NA,NA,NA,NA,NA,NA
1,12,27,19880701,NA,NA,NA,NA,NA,NA
1,12,28,19880701,NA,NA,NA,NA,NA,NA
1,12,29,19880701,NA,NA,NA,NA,NA,NA
1,12,30,19880701,NA,NA,NA,NA,NA,NA
1,12,31,19880701,NA,NA,NA,NA,NA,NA
1,12,32,19880701,NA,NA,NA,NA,NA,NA
1,12,33,19880701,NA,NA,NA,NA,NA,NA
1,12,34,19880701,NA,NA,NA,NA,NA,NA
1,12,35,19880701,NA,NA,NA,NA,NA,NA
1,12,36,19880701,NA,NA,NA,NA,NA,NA
1,12,37,19880701,NA,NA,NA,NA,NA,NA
1,12,38,19880701,NA,NA,NA,NA,NA,NA
1,12,39,19880701,NA,NA,NA,NA,NA,NA
1,12,40,19880701,NA,NA,NA,NA,NA,NA
1,12,41,19880701,NA,NA,NA,NA,NA,NA
1,12,42,19880701,NA,NA,NA,NA,NA,NA
1,12,43,19880701,NA,NA,NA,NA,NA,NA
1,12,44,19880701,NA,20031101,047,NA,NA,NA
1,12,45,19880701,NA,NA,NA,NA,NA,NA
1,12,46,19880701,NA,NA,NA,NA,NA,NA
1,12,47,19880701,NA,NA,NA,NA,NA,NA
1,12,48,19880701,NA,NA,NA,NA,NA,NA
1,12,49,19880701,NA,NA,NA,NA,NA,NA
1,12,50,19880701,NA,NA,NA,NA,NA,NA
1,12,51,19880701,NA,NA,NA,NA,NA,NA
1,12,52,19880701,NA,19960501,053,NA,NA,NA
1,12,53,19880701,NA,NA,NA,NA,NA,NA
1,12,54,19880701,NA,NA,NA,NA,NA,NA
1,12,55,19880701,NA,NA,NA,NA,NA,NA
1,12,56,19880701,NA,NA,NA,NA,NA,NA
1,12,57,19880701,NA,NA,NA,NA,NA,NA
1,12,58,19880701,NA,NA,NA,NA,NA,NA
1,12,59,19880701,NA,NA,NA,NA,NA,NA
1,13,60,19880701,NA,20061101,066,NA,NA,NA
1,13,61,19880701,NA,NA,NA,NA,NA,NA
1,13,62,19880701,NA,NA,NA,NA,NA,NA
1,13,63,19880701,NA,NA,NA,NA,NA,NA
1,13,64,19880701,NA,NA,NA,NA,NA,NA
1,13,65,19880701,NA,NA,NA,NA,NA,NA
1,13,66,19880701,NA,NA,NA,NA,NA,NA
1,13,67,19880701,NA,NA,NA,NA,NA,NA
1,13,68,19880701,NA,NA,NA,NA,NA,NA
1,13,69,19880701,NA,NA,NA,NA,NA,NA
1,13,70,19880701,NA,19960501,072,NA,NA,NA
1,13,71,19880701,NA,NA,NA,NA,NA,NA
1,13,72,19880701,NA,NA,NA,NA,NA,NA
1,14,73,19880701,NA,NA,NA,NA,NA,NA
1,14,74,19880701,NA,NA,NA,NA,NA,NA
1,14,75,19880701,NA,NA,NA,NA,NA,NA
1,14,76,19880701,NA,NA,NA,NA,NA,NA
1,14,77,19880701,NA,NA,NA,NA,NA,NA
1,14,78,19880701,NA,19960501,081,NA,NA,NA
1,14,79,19880701,NA,NA,NA,NA,NA,NA
1,14,80,19880701,NA,20031101,079,NA,NA,NA
1,14,81,19880701,NA,NA,NA,NA,NA,NA
1,14,82,19880701,NA,NA,NA,NA,NA,NA
1,14,83,19880701,NA,19960501,082,NA,NA,NA
1,14,84,19880701,NA,NA,NA,NA,NA,NA
1,14,85,19880701,NA,19960501,073,NA,NA,NA
1,14,86,19880701,NA,19960501,084,NA,NA,NA
1,14,87,19880701,NA,NA,NA,NA,NA,NA
1,14,88,19880701,NA,NA,NA,NA,NA,NA
1,14,89,19880701,NA,NA,NA,NA,NA,NA
1,15,90,19880701,NA,NA,NA,NA,NA,NA
1,15,91,19880701,NA,NA,NA,NA,NA,NA
1,15,92,19880701,NA,NA,NA,NA,NA,NA
1,15,93,19880701,NA,NA,NA,NA,NA,NA
1,15,94,19880701,NA,NA,NA,NA,NA,NA
1,15,95,19880701,NA,NA,NA,NA,NA,NA
1,15,96,19880701,NA,NA,NA,NA,NA,NA
1,15,97,19880701,NA,NA,NA,NA,NA,NA
1,15,98,19880701,NA,NA,NA,NA,NA,NA
1,15,99,19880701,NA,NA,NA,NA,NA,NA
1,15,100,19880701,NA,NA,NA,NA,NA,NA
1,15,101,19880701,NA,NA,NA,NA,NA,NA
1,15,102,19880701,NA,NA,NA,NA,NA,NA
1,15,103,19880701,NA,NA,NA,NA,NA,NA
1,15,104,19880701,NA,NA,NA,NA,NA,NA
1,15,105,19880701,NA,NA,NA,NA,NA,NA
1,15,106,19880701,NA,NA,NA,NA,NA,NA
1,15,107,19880701,NA,NA,NA,NA,NA,NA
1,15,108,19880701,NA,NA,NA,NA,NA,NA
1,15,109,19880701,NA,NA,NA,NA,NA,NA
1,15,110,19880701,NA,NA,NA,NA,NA,NA
1,15,111,19880701,NA,NA,NA,NA,NA,NA
1,15,112,19880701,NA,NA,NA,NA,NA,NA
1,15,113,19880701,NA,NA,NA,NA,NA,NA
1,15,114,19880701,NA,NA,NA,NA,NA,NA
1,15,115,19880701,NA,NA,NA,NA,NA,NA
1,15,116,19880701,NA,NA,NA,NA,NA,NA
1,16,117,19880701,NA,NA,NA,NA,NA,NA
1,16,118,19880701,NA,NA,NA,NA,NA,NA
1,16,119,19880701,NA,NA,NA,NA,NA,NA
1,16,120,19880701,NA,NA,NA,NA,NA,NA
1,16,121,19880701,NA,NA,NA,NA,NA,NA
1,16,122,19880701,NA,20031101,121,NA,NA,NA
1,16,123,19880701,NA,NA,NA,NA,NA,NA
1,16,124,19880701,NA,20241015,123,NA,NA,NA
2,21,1,19880701,NA,NA,NA,NA,NA,NA
2,21,2,19880701,NA,NA,NA,NA,NA,NA
2,21,3,19880701,NA,NA,NA,NA,NA,NA
2,21,4,19880701,NA,NA,NA,NA,NA,NA
2,21,5,19880701,NA,NA,NA,NA,NA,NA
2,21,6,19880701,NA,NA,NA,NA,NA,NA
2,21,7,19880701,NA,NA,NA,NA,NA,NA
2,21,8,19880701,NA,NA,NA,NA,NA,NA
2,21,9,19880701,NA,NA,NA,NA,NA,NA
2,21,10,19880701,NA,NA,NA,NA,NA,NA
2,21,11,19880701,NA,NA,NA,NA,NA,NA
2,21,12,19880701,NA,19900101,011,NA,NA,NA
2,21,13,19880701,NA,NA,NA,NA,NA,NA
2,21,14,19880701,NA,NA,NA,NA,NA,NA
2,21,89,19940101,013,NA,NA,NA,NA,NA
2,21,90,19990101,009,NA,NA,NA,NA,NA
2,21,95,20040301,009,NA,NA,NA,NA,NA
2,21,107,20131001,011,NA,NA,NA,NA,NA
2,22,15,19880701,NA,NA,NA,NA,NA,NA
2,22,16,19880701,NA,NA,NA,NA,NA,NA
2,22,17,19880701,NA,NA,NA,NA,NA,NA
2,22,18,19880701,NA,NA,NA,NA,NA,NA
2,22,19,19880701,NA,NA,NA,NA,NA,NA
2,22,20,19880701,NA,NA,NA,NA,NA,NA
2,22,21,19880701,NA,NA,NA,NA,NA,NA
2,22,22,19880701,NA,NA,NA,NA,NA,NA
2,22,23,19880701,NA,NA,NA,NA,NA,NA
2,22,24,19880701,NA,NA,NA,NA,NA,NA
2,22,25,19880701,NA,NA,NA,NA,NA,NA
2,22,26,19880701,NA,NA,NA,NA,NA,NA
2,22,27,19880701,NA,NA,NA,NA,NA,NA
2,22,28,19880701,NA,NA,NA,NA,NA,NA
2,22,29,19880701,NA,NA,NA,NA,NA,NA
2,22,30,19880701,NA,NA,NA,NA,NA,NA
2,22,31,19880701,NA,NA,NA,NA,NA,NA
2,22,85,19880701,NA,NA,NA,NA,NA,NA
2,22,86,19880701,NA,NA,NA,NA,NA,NA
2,22,87,19940101,015,NA,NA,NA,NA,NA
2,22,88,19940101,030,NA,NA,NA,NA,NA
2,22,91,19990101,018,NA,NA,NA,NA,NA
2,22,92,19990101,019,NA,NA,NA,NA,NA
2,22,94,19990101,087,NA,NA,NA,NA,NA
2,22,96,20040301,018,NA,NA,NA,NA,NA
2,22,108,20131001,019,NA,NA,NA,NA,NA
2,22,109,20141001,020,NA,NA,NA,NA,NA
2,23,32,19880701,NA,NA,NA,NA,NA,NA
2,23,33,19880701,NA,NA,NA,NA,NA,NA
2,23,34,19880701,NA,NA,NA,NA,NA,NA
2,23,35,19880701,NA,NA,NA,NA,NA,NA
2,23,36,19880701,NA,NA,NA,NA,NA,NA
2,23,37,19880701,NA,NA,NA,NA,NA,NA
2,23,38,19880701,NA,NA,NA,NA,NA,NA
2,23,39,19880701,NA,NA,NA,NA,NA,NA
2,23,40,19880701,NA,NA,NA,NA,NA,NA
2,23,41,19880701,NA,NA,NA,NA,NA,NA
2,23,42,19880701,NA,NA,NA,NA,NA,NA
2,23,43,19880701,NA,NA,NA,NA,NA,NA
2,23,44,19880701,NA,NA,NA,NA,NA,NA
2,23,45,19880701,NA,NA,NA,NA,NA,NA
2,23,46,19880701,NA,NA,NA,NA,NA,NA
2,23,47,19880701,NA,NA,NA,NA,NA,NA
2,24,48,19880701,NA,NA,NA,NA,NA,NA
2,24,49,19880701,NA,NA,NA,NA,NA,NA
2,24,93,19990101,049,NA,NA,NA,NA,NA
2,24,99,20051201,048,NA,NA,NA,NA,NA
2,24,100,20051201,048,NA,NA,NA,NA,NA
2,24,101,20051201,049,NA,NA,NA,NA,NA
2,24,102,20051201,093,NA,NA,NA,NA,NA
2,24,103,20081101,049,NA,NA,NA,NA,NA
2,24,104,20081101,101,NA,NA,NA,NA,NA
2,24,110,20141001,101,NA,NA,NA,NA,NA
2,24,111,20171101,099,NA,NA,NA,NA,NA
2,24,114,20220601,104,NA,NA,NA,NA,NA
2,25,50,19880701,NA,NA,NA,NA,NA,NA
2,25,51,19880701,NA,NA,NA,NA,NA,NA
2,25,52,19880701,NA,NA,NA,NA,NA,NA
2,25,53,19880701,NA,NA,NA,NA,NA,NA
2,25,54,19880701,NA,NA,NA,NA,NA,NA
2,25,55,19880701,NA,NA,NA,NA,NA,NA
2,25,56,19880701,NA,NA,NA,NA,NA,NA
2,25,57,19880701,NA,NA,NA,NA,NA,NA
2,25,58,19880701,NA,NA,NA,NA,NA,NA
2,25,59,19880701,NA,NA,NA,NA,NA,NA
2,25,60,19880701,NA,NA,NA,NA,NA,NA
2,25,61,19880701,NA,NA,NA,NA,NA,NA
2,25,62,19880701,NA,NA,NA,NA,NA,NA
2,25,63,19880701,NA,NA,NA,NA,NA,NA
2,25,97,20040301,051,NA,NA,NA,NA,NA
2,25,98,20040301,052,NA,NA,NA,NA,NA
2,25,105,20091101,052,NA,NA,NA,NA,NA
2,25,106,20091101,098,NA,NA,NA,NA,NA
2,25,112,20171101,097,NA,NA,NA,NA,NA
2,25,113,20220601,105,NA,NA,NA,NA,NA
2,26,64,19880701,NA,NA,NA,NA,NA,NA
2,26,65,19880701,NA,NA,NA,NA,NA,NA
2,26,66,19880701,NA,NA,NA,NA,NA,NA
2,26,67,19880701,NA,NA,NA,NA,NA,NA
2,26,68,19880701,NA,NA,NA,NA,NA,NA
2,26,69,19880701,NA,NA,NA,NA,NA,NA
2,26,70,19880701,NA,NA,NA,NA,NA,NA
2,26,71,19880701,NA,NA,NA,NA,NA,NA
2,26,72,19880701,NA,NA,NA,NA,NA,NA
2,26,73,19880701,NA,NA,NA,NA,NA,NA
2,26,74,19880701,NA,NA,NA,NA,NA,NA
2,26,75,19880701,NA,NA,NA,NA,NA,NA
2,26,76,19880701,NA,19991201,075,NA,NA,NA
2,26,77,19880701,NA,NA,NA,NA,NA,NA
2,26,78,19880701,NA,NA,NA,NA,NA,NA
2,26,79,19880701,NA,NA,NA,NA,NA,NA
2,26,80,19880701,NA,NA,NA,NA,NA,NA
2,26,81,19880701,NA,NA,NA,NA,NA,NA
2,26,82,19880701,NA,NA,NA,NA,NA,NA
2,27,83,19880701,NA,NA,NA,NA,NA,NA
2,27,84,19880701,NA,19900101,083,NA,NA,NA
3,31,1,19880701,NA,NA,NA,NA,NA,NA
3,31,2,19880701,NA,NA,NA,NA,NA,NA
3,31,3,19880701,NA,NA,NA,NA,NA,NA
3,31,4,19880701,NA,NA,NA,NA,NA,NA
3,31,5,19880701,NA,NA,NA,NA,NA,NA
3,31,6,19880701,NA,NA,NA,NA,NA,NA
3,31,7,19880701,NA,NA,NA,NA,NA,NA
3,31,8,19880701,NA,NA,NA,NA,NA,NA
3,31,9,19880701,NA,NA,NA,NA,NA,NA
3,31,10,19880701,NA,NA,NA,NA,NA,NA
3,31,11,19880701,NA,NA,NA,NA,NA,NA
3,31,12,19880701,NA,NA,NA,NA,NA,NA
3,31,13,19880701,NA,NA,NA,NA,NA,NA
3,31,14,19880701,NA,NA,NA,NA,NA,NA
3,31,15,19880701,NA,NA,NA,NA,NA,NA
3,31,16,19880701,NA,NA,NA,NA,NA,NA
3,31,17,19880701,NA,NA,NA,NA,NA,NA
3,31,18,19880701,NA,NA,NA,NA,NA,NA
3,31,19,19880701,NA,NA,NA,NA,NA,NA
3,31,20,19880701,NA,NA,NA,NA,NA,NA
3,31,21,19880701,NA,NA,NA,NA,NA,NA
3,31,22,19880701,NA,NA,NA,NA,NA,NA
3,31,23,19880701,NA,NA,NA,NA,NA,NA
3,31,89,19880701,NA,NA,NA,NA,NA,NA
3,31,95,19990101,001,NA,NA,NA,NA,NA
3,31,96,19991201,001,NA,NA,NA,NA,NA
3,32,24,19880701,NA,NA,NA,NA,NA,NA
3,32,25,19880701,NA,NA,NA,NA,NA,NA
3,32,26,19880701,NA,NA,NA,NA,NA,NA
3,32,27,19880701,NA,NA,NA,NA,NA,NA
3,32,28,19880701,NA,NA,NA,NA,NA,NA
3,32,29,19880701,NA,NA,NA,NA,NA,NA
3,32,30,19880701,NA,NA,NA,NA,NA,NA
3,32,92,19940101,030,NA,Ver incidencias,NA,NA,NA
3,32,97,20000701,024,NA,NA,NA,NA,NA
3,32,98,20051201,029,NA,NA,NA,NA,NA
3,32,99,20061101,028,NA,NA,NA,NA,NA
3,32,100,20171101,097,NA,NA,NA,NA,NA
3,32,101,20220601,025,NA,NA,NA,NA,NA
3,33,31,19880701,NA,NA,NA,NA,NA,NA
3,33,32,19880701,NA,NA,NA,NA,NA,NA
3,33,33,19880701,NA,NA,NA,NA,NA,NA
3,33,34,19880701,NA,NA,NA,NA,NA,NA
3,33,35,19880701,NA,NA,NA,NA,NA,NA
3,33,36,19880701,NA,NA,NA,NA,NA,NA
3,33,37,19880701,NA,NA,NA,NA,NA,NA
3,33,38,19880701,NA,NA,NA,NA,NA,NA
3,33,39,19880701,NA,NA,NA,NA,NA,NA
3,33,40,19880701,NA,NA,NA,NA,NA,NA
3,33,41,19880701,NA,NA,NA,NA,NA,NA
3,33,42,19880701,NA,NA,NA,NA,NA,NA
3,33,43,19880701,NA,19960501,044,NA,NA,NA
3,33,44,19880701,NA,NA,NA,NA,NA,NA
3,33,45,19880701,NA,NA,NA,NA,NA,NA
3,33,46,19880701,NA,NA,NA,NA,NA,NA
3,33,47,19880701,NA,NA,NA,NA,NA,NA
3,33,90,19880701,NA,NA,NA,NA,NA,NA
3,33,91,19880701,NA,NA,NA,NA,NA,NA
3,33,93,19940101,045,NA,NA,NA,NA,NA
3,33,94,19960501,038,NA,NA,NA,NA,NA
3,34,48,19880701,NA,NA,NA,NA,NA,NA
3,34,49,19880701,NA,NA,NA,NA,NA,NA
3,34,50,19880701,NA,NA,NA,NA,NA,NA
3,34,51,19880701,NA,NA,NA,NA,NA,NA
3,34,52,19880701,NA,NA,NA,NA,NA,NA
3,34,53,19880701,NA,NA,NA,NA,NA,NA
3,34,54,19880701,NA,NA,NA,NA,NA,NA
3,34,55,19880701,NA,NA,NA,NA,NA,NA
3,34,56,19880701,NA,NA,NA,NA,NA,NA
3,34,57,19880701,NA,NA,NA,NA,NA,NA
3,34,58,19880701,NA,NA,NA,NA,NA,NA
3,34,59,19880701,NA,NA,NA,NA,NA,NA
3,34,60,19880701,NA,NA,NA,NA,NA,NA
3,34,61,19880701,NA,NA,NA,NA,NA,NA
3,34,62,19880701,NA,20171101,065,NA,NA,NA
3,34,63,19880701,NA,NA,NA,NA,NA,NA
3,34,64,19880701,NA,NA,NA,NA,NA,NA
3,34,65,19880701,NA,NA,NA,NA,NA,NA
3,34,66,19880701,NA,NA,NA,NA,NA,NA
3,34,67,19880701,NA,NA,NA,NA,NA,NA
3,35,68,19880701,NA,20120701,073,NA,NA,NA
3,35,69,19880701,NA,NA,NA,NA,NA,NA
3,35,70,19880701,NA,20241015,069,NA,NA,NA
3,35,71,19880701,NA,NA,NA,NA,NA,NA
3,35,72,19880701,NA,20061101,071,NA,NA,NA
3,35,73,19880701,NA,NA,NA,NA,NA,NA
3,35,74,19880701,NA,NA,NA,NA,NA,NA
3,35,75,19880701,NA,20010301,073,NA,NA,NA
3,35,76,19880701,NA,NA,NA,NA,NA,NA
3,36,77,19880701,NA,NA,NA,NA,NA,NA
3,36,78,19880701,NA,NA,NA,NA,NA,NA
3,36,79,19880701,NA,NA,NA,NA,NA,NA
3,36,80,19880701,NA,NA,NA,NA,NA,NA
3,36,81,19880701,NA,NA,NA,NA,NA,NA
3,36,82,19880701,NA,NA,NA,NA,NA,NA
3,36,83,19880701,NA,19960501,084,NA,NA,NA
3,36,84,19880701,NA,NA,NA,NA,NA,NA
3,36,85,19880701,NA,NA,NA,NA,NA,NA
3,36,86,19880701,NA,NA,NA,NA,NA,NA
3,36,87,19880701,NA,NA,NA,NA,NA,NA
3,36,88,19880701,NA,20241015,087,NA,NA,NA
4,41,1,19880701,NA,NA,NA,NA,NA,NA
4,41,2,19880701,NA,NA,NA,NA,NA,NA
4,41,3,19880701,NA,NA,NA,NA,NA,NA
4,41,4,19880701,NA,NA,NA,NA,NA,NA
4,41,5,19880701,NA,NA,NA,NA,NA,NA
4,41,6,19880701,NA,NA,NA,NA,NA,NA
4,41,7,19880701,NA,NA,NA,NA,NA,NA
4,41,8,19880701,NA,NA,NA,NA,NA,NA
4,41,9,19880701,NA,NA,NA,NA,NA,NA
4,41,10,19880701,NA,NA,NA,NA,NA,NA
4,41,11,19880701,NA,NA,NA,NA,NA,NA
4,41,12,19880701,NA,NA,NA,NA,NA,NA
4,41,13,19880701,NA,NA,NA,NA,NA,NA
4,41,14,19880701,NA,NA,NA,NA,NA,NA
4,42,15,19880701,NA,NA,NA,NA,NA,NA
4,42,16,19880701,NA,NA,NA,NA,NA,NA
4,42,17,19880701,NA,NA,NA,NA,NA,NA
4,42,18,19880701,NA,NA,NA,NA,NA,NA
4,42,19,19880701,NA,NA,NA,NA,NA,NA
4,42,20,19880701,NA,NA,NA,NA,NA,NA
4,42,21,19880701,NA,NA,NA,NA,NA,NA
4,42,22,19880701,NA,20031101,016,NA,NA,NA
4,42,23,19880701,NA,NA,NA,NA,NA,NA
4,42,24,19880701,NA,NA,NA,NA,NA,NA
4,42,25,19880701,NA,NA,NA,NA,NA,NA
4,42,26,19880701,NA,NA,NA,NA,NA,NA
4,42,27,19880701,NA,NA,NA,NA,NA,NA
4,42,28,19880701,NA,NA,NA,NA,NA,NA
4,42,29,19880701,NA,NA,NA,NA,NA,NA
4,42,30,19880701,NA,NA,NA,NA,NA,NA
4,42,31,19880701,NA,NA,NA,NA,NA,NA
4,42,32,19880701,NA,NA,NA,NA,NA,NA
4,42,33,19880701,NA,NA,NA,NA,NA,NA
4,42,34,19880701,NA,NA,NA,NA,NA,NA
4,42,35,19880701,NA,NA,NA,NA,NA,NA
4,42,36,19880701,NA,NA,NA,NA,NA,NA
4,42,37,19880701,NA,NA,NA,NA,NA,NA
4,42,38,19880701,NA,NA,NA,NA,NA,NA
4,42,39,19880701,NA,NA,NA,NA,NA,NA
4,42,40,19880701,NA,NA,NA,NA,NA,NA
4,42,41,19880701,NA,NA,NA,NA,NA,NA
4,42,42,19880701,NA,NA,NA,NA,NA,NA
4,43,43,19880701,NA,NA,NA,NA,NA,NA
4,43,44,19880701,NA,NA,NA,NA,NA,NA
4,43,45,19880701,NA,NA,NA,NA,NA,NA
4,43,46,19880701,NA,NA,NA,NA,NA,NA
4,43,47,19880701,NA,NA,NA,NA,NA,NA
4,43,48,19880701,NA,NA,NA,NA,NA,NA
4,43,49,19880701,NA,NA,NA,NA,NA,NA
4,43,50,19880701,NA,NA,NA,NA,NA,NA
4,43,51,19880701,NA,NA,NA,NA,NA,NA
4,43,52,19880701,NA,NA,NA,NA,NA,NA
4,43,53,19880701,NA,NA,NA,NA,NA,NA
4,43,54,19880701,NA,NA,NA,NA,NA,NA
4,43,55,19880701,NA,NA,NA,NA,NA,NA
4,43,56,19880701,NA,NA,NA,NA,NA,NA
4,43,57,19880701,NA,NA,NA,NA,NA,NA
4,43,58,19880701,NA,NA,NA,NA,NA,NA
4,43,59,19880701,NA,20010301,056,NA,NA,NA
4,43,60,19880701,NA,NA,NA,NA,NA,NA
4,44,61,19880701,NA,NA,NA,NA,NA,NA
4,44,62,19880701,NA,NA,NA,NA,NA,NA
4,44,63,19880701,NA,NA,NA,NA,NA,NA
4,44,64,19880701,NA,NA,NA,NA,NA,NA
4,44,65,19880701,NA,NA,NA,NA,NA,NA
4,44,66,19880701,NA,19960501,065,NA,NA,NA
4,44,67,19880701,NA,NA,NA,NA,NA,NA
4,44,68,19880701,NA,NA,NA,NA,NA,NA
4,44,69,19880701,NA,NA,NA,NA,NA,NA
4,44,70,19880701,NA,NA,NA,NA,NA,NA
4,44,71,19880701,NA,NA,NA,NA,NA,NA
4,44,72,19880701,NA,NA,NA,NA,NA,NA
4,44,73,19880701,NA,NA,NA,NA,NA,NA
4,44,74,19880701,NA,NA,NA,NA,NA,NA
4,44,75,19880701,NA,NA,NA,NA,NA,NA
4,44,76,19880701,NA,NA,NA,NA,NA,NA
4,44,77,19880701,NA,NA,NA,NA,NA,NA
4,44,78,19880701,NA,NA,NA,NA,NA,NA
4,44,79,19880701,NA,NA,NA,NA,NA,NA
4,44,80,19880701,NA,NA,NA,NA,NA,NA
4,44,81,19880701,NA,NA,NA,NA,NA,NA
4,44,82,19880701,NA,NA,NA,NA,NA,NA
4,44,83,19880701,NA,NA,NA,NA,NA,NA
4,44,84,19880701,NA,NA,NA,NA,NA,NA
4,44,85,19880701,NA,NA,NA,NA,NA,NA
4,44,86,19880701,NA,NA,NA,NA,NA,NA
4,44,87,19880701,NA,NA,NA,NA,NA,NA
4,44,88,19880701,NA,NA,NA,NA,NA,NA
4,44,89,19880701,NA,NA,NA,NA,NA,NA
4,44,90,19880701,NA,NA,NA,NA,NA,NA
4,44,91,19880701,NA,NA,NA,NA,NA,NA
4,44,92,19880701,NA,NA,NA,NA,NA,NA
4,44,93,19880701,NA,NA,NA,NA,NA,NA
4,44,94,19880701,NA,NA,NA,NA,NA,NA
4,44,131,20171101,086,NA,NA,NA,NA,NA
4,45,95,19880701,NA,20220601,096,NA,NA,NA
4,45,96,19880701,NA,NA,NA,NA,NA,NA
4,45,97,19880701,NA,NA,NA,NA,NA,NA
4,45,98,19880701,NA,NA,NA,NA,NA,NA
4,45,99,19880701,NA,NA,NA,NA,NA,NA
4,45,100,19880701,NA,NA,NA,NA,NA,NA
4,45,101,19880701,NA,NA,NA,NA,NA,NA
4,45,102,19880701,NA,NA,NA,NA,NA,NA
4,45,103,19880701,NA,NA,NA,NA,NA,NA
4,45,104,19880701,NA,NA,NA,NA,NA,NA
4,45,105,19880701,NA,NA,NA,NA,NA,NA
4,45,106,19880701,NA,NA,NA,NA,NA,NA
4,45,107,19880701,NA,NA,NA,NA,NA,NA
4,45,108,19880701,NA,NA,NA,NA,NA,NA
4,45,109,19880701,NA,NA,NA,NA,NA,NA
4,45,110,19880701,NA,NA,NA,NA,NA,NA
4,45,111,19880701,NA,NA,NA,NA,NA,NA
4,45,112,19880701,NA,NA,NA,NA,NA,NA
4,45,113,19880701,NA,NA,NA,NA,NA,NA
4,46,114,19880701,NA,NA,NA,NA,NA,NA
4,46,115,19880701,NA,NA,NA,NA,NA,NA
4,46,116,19880701,NA,NA,NA,NA,NA,NA
4,46,117,19880701,NA,NA,NA,NA,NA,NA
4,46,118,19880701,NA,NA,NA,NA,NA,NA
4,46,119,19880701,NA,NA,NA,NA,NA,NA
4,46,120,19880701,NA,NA,NA,NA,NA,NA
4,46,121,19880701,NA,NA,NA,NA,NA,NA
4,46,122,19880701,NA,20061101,123,NA,NA,NA
4,46,123,19880701,NA,NA,NA,NA,NA,NA
4,46,124,19880701,NA,NA,NA,NA,NA,NA
4,46,125,19880701,NA,20031101,126,NA,NA,NA
4,46,126,19880701,NA,NA,NA,NA,NA,NA
4,46,127,19880701,NA,NA,NA,NA,NA,NA
4,46,128,19880701,NA,NA,NA,NA,NA,NA
4,46,129,19880701,NA,20220601,128,NA,NA,NA
4,46,130,19880701,NA,NA,NA,NA,NA,NA
5,51,1,19880701,NA,NA,NA,NA,NA,NA
5,51,2,19880701,NA,NA,NA,NA,NA,NA
5,51,3,19880701,NA,NA,NA,NA,NA,NA
5,51,4,19880701,NA,NA,NA,NA,NA,NA
5,51,5,19880701,NA,NA,NA,NA,NA,NA
5,51,6,19880701,NA,NA,NA,NA,NA,NA
5,51,7,19880701,NA,NA,NA,NA,NA,NA
5,51,8,19880701,NA,NA,NA,NA,NA,NA
5,51,9,19880701,NA,NA,NA,NA,NA,NA
5,51,10,19880701,NA,NA,NA,NA,NA,NA
5,51,11,19880701,NA,NA,NA,NA,NA,NA
5,51,12,19880701,NA,NA,NA,NA,NA,NA
5,51,13,19880701,NA,NA,NA,NA,NA,NA
5,52,14,19880701,NA,NA,NA,NA,NA,NA
5,52,15,19880701,NA,NA,NA,NA,NA,NA
5,52,16,19880701,NA,NA,NA,NA,NA,NA
5,52,17,19880701,NA,NA,NA,NA,NA,NA
5,52,18,19880701,NA,NA,NA,NA,NA,NA
5,52,19,19880701,NA,NA,NA,NA,NA,NA
5,52,20,19880701,NA,NA,NA,NA,NA,NA
5,52,21,19880701,NA,NA,NA,NA,NA,NA
5,52,22,19880701,NA,NA,NA,NA,NA,NA
5,52,23,19880701,NA,NA,NA,NA,NA,NA
5,52,24,19880701,NA,NA,NA,NA,NA,NA
5,52,25,19880701,NA,NA,NA,NA,NA,NA
5,52,26,19880701,NA,NA,NA,NA,NA,NA
5,52,27,19880701,NA,NA,NA,NA,NA,NA
5,52,28,19880701,NA,NA,NA,NA,NA,NA
5,52,29,19880701,NA,NA,NA,NA,NA,NA
5,52,30,19880701,NA,NA,NA,NA,NA,NA
5,52,31,19880701,NA,NA,NA,NA,NA,NA
5,52,32,19880701,NA,NA,NA,NA,NA,NA
5,52,33,19880701,NA,NA,NA,NA,NA,NA
5,52,34,19880701,NA,NA,NA,NA,NA,NA
5,52,35,19880701,NA,NA,NA,NA,NA,NA
5,52,36,19880701,NA,NA,NA,NA,NA,NA
5,52,37,19880701,NA,NA,NA,NA,NA,NA
5,52,95,19880701,NA,NA,NA,NA,NA,NA
5,52,99,19940101,037,NA,NA,NA,NA,NA
5,52,102,19991201,095,NA,NA,NA,NA,NA
5,53,38,19880701,NA,NA,NA,NA,NA,NA
5,53,39,19880701,NA,NA,NA,NA,NA,NA
5,53,40,19880701,NA,NA,NA,NA,NA,NA
5,53,41,19880701,NA,NA,NA,NA,NA,NA
5,53,42,19880701,NA,NA,NA,NA,NA,NA
5,53,43,19880701,NA,NA,NA,NA,NA,NA
5,53,44,19880701,NA,NA,NA,NA,NA,NA
5,53,45,19880701,NA,NA,NA,NA,NA,NA
5,53,46,19880701,NA,NA,NA,NA,NA,NA
5,53,47,19880701,NA,NA,NA,NA,NA,NA
5,53,48,19880701,NA,NA,NA,NA,NA,NA
5,53,49,19880701,NA,NA,NA,NA,NA,NA
5,53,96,19880701,NA,NA,NA,NA,NA,NA
5,54,50,19880701,NA,19991201,058,NA,NA,NA
5,54,51,19880701,NA,NA,NA,NA,NA,NA
5,54,52,19880701,NA,NA,NA,NA,NA,NA
5,54,53,19880701,NA,NA,NA,NA,NA,NA
5,54,54,19880701,NA,NA,NA,NA,NA,NA
5,54,55,19880701,NA,NA,NA,NA,NA,NA
5,54,56,19880701,NA,NA,NA,NA,NA,NA
5,54,57,19880701,NA,NA,NA,NA,NA,NA
5,54,58,19880701,NA,NA,NA,NA,NA,NA
5,54,59,19880701,NA,NA,NA,NA,NA,NA
5,54,60,19880701,NA,NA,NA,NA,NA,NA
5,54,61,19880701,NA,NA,NA,NA,NA,NA
5,54,62,19880701,NA,NA,NA,NA,NA,NA
5,54,63,19880701,NA,NA,NA,NA,NA,NA
5,54,64,19880701,NA,NA,NA,NA,NA,NA
5,54,65,19880701,NA,NA,NA,NA,NA,NA
5,54,66,19880701,NA,NA,NA,NA,NA,NA
5,54,67,19880701,NA,NA,NA,NA,NA,NA
5,54,68,19880701,NA,NA,NA,NA,NA,NA
5,54,69,19880701,NA,NA,NA,NA,NA,NA
5,54,97,19880701,NA,NA,NA,NA,NA,NA
5,54,98,19900101,050,NA,NA,NA,NA,NA
5,55,70,19880701,NA,NA,NA,NA,NA,NA
5,55,71,19880701,NA,20051201,070,NA,NA,NA
5,55,72,19880701,NA,NA,NA,NA,NA,NA
5,55,73,19880701,NA,NA,NA,NA,NA,NA
5,55,74,19880701,NA,NA,NA,NA,NA,NA
5,55,75,19880701,NA,NA,NA,NA,NA,NA
5,55,76,19880701,NA,NA,NA,NA,NA,NA
5,55,77,19880701,NA,NA,NA,NA,NA,NA
5,55,78,19880701,NA,NA,NA,NA,NA,NA
5,55,79,19880701,NA,NA,NA,NA,NA,NA
5,55,80,19880701,NA,NA,NA,NA,NA,NA
5,55,81,19880701,NA,NA,NA,NA,NA,NA
5,55,82,19880701,NA,NA,NA,NA,NA,NA
5,55,83,19880701,NA,NA,NA,NA,NA,NA
5,55,84,19880701,NA,NA,NA,NA,NA,NA
5,56,85,19880701,NA,NA,NA,NA,NA,NA
5,56,86,19880701,NA,NA,NA,NA,NA,NA
5,56,87,19880701,NA,NA,NA,NA,NA,NA
5,56,88,19880701,NA,NA,NA,NA,NA,NA
5,56,89,19880701,NA,NA,NA,NA,NA,NA
5,56,90,19880701,NA,NA,NA,NA,NA,NA
5,56,91,19880701,NA,NA,NA,NA,NA,NA
5,56,92,19880701,NA,NA,NA,NA,NA,NA
5,56,93,19880701,NA,20141001,092,NA,NA,NA
5,56,94,19880701,NA,NA,NA,NA,NA,NA
5,56,100,19940101,085,NA,NA,NA,NA,NA
5,56,101,19940101,094,NA,NA,NA,NA,NA
5,56,103,20171101,101,NA,NA,NA,NA,NA
5,56,104,20171101,094,NA,NA,NA,NA,NA
6,61,1,19880701,NA,NA,NA,NA,NA,NA
6,61,2,19880701,NA,NA,NA,NA,NA,NA
6,61,3,19880701,NA,NA,NA,NA,NA,NA
6,61,4,19880701,NA,NA,NA,NA,NA,NA
6,61,5,19880701,NA,NA,NA,NA,NA,NA
6,61,6,19880701,NA,NA,NA,NA,NA,NA
6,61,7,19880701,NA,NA,NA,NA,NA,NA
6,61,8,19880701,NA,NA,NA,NA,NA,NA
6,61,9,19880701,NA,NA,NA,NA,NA,NA
6,61,10,19880701,NA,NA,NA,NA,NA,NA
6,61,11,19880701,NA,NA,NA,NA,NA,NA
6,61,12,19880701,NA,NA,NA,NA,NA,NA
6,61,13,19880701,NA,NA,NA,NA,NA,NA
6,61,14,19880701,NA,NA,NA,NA,NA,NA
6,61,15,19880701,NA,NA,NA,NA,NA,NA
6,61,16,19880701,NA,NA,NA,NA,NA,NA
6,61,17,19880701,NA,NA,NA,NA,NA,NA
6,61,18,19880701,NA,NA,NA,NA,NA,NA
6,61,19,19880701,NA,NA,NA,NA,NA,NA
6,61,20,19880701,NA,20000701,019,NA,NA,NA
6,61,21,19880701,NA,NA,NA,NA,NA,NA
6,61,22,19880701,NA,20010301,021,NA,NA,NA
6,61,23,19880701,NA,NA,NA,NA,NA,NA
6,61,125,19940101,009,NA,NA,NA,NA,NA
6,62,24,19880701,NA,NA,NA,NA,NA,NA
6,62,25,19880701,NA,NA,NA,NA,NA,NA
6,62,26,19880701,NA,NA,NA,NA,NA,NA
6,62,27,19880701,NA,NA,NA,NA,NA,NA
6,62,28,19880701,NA,NA,NA,NA,NA,NA
6,62,29,19880701,NA,NA,NA,NA,NA,NA
6,62,30,19880701,NA,20061101,028,NA,NA,NA
6,62,31,19880701,NA,NA,NA,NA,NA,NA
6,62,32,19880701,NA,NA,NA,NA,NA,NA
6,62,33,19880701,NA,NA,NA,NA,NA,NA
6,62,34,19880701,NA,NA,NA,NA,NA,NA
6,62,35,19880701,NA,NA,NA,NA,NA,NA
6,62,36,19880701,NA,NA,NA,NA,NA,NA
6,62,37,19880701,NA,NA,NA,NA,NA,NA
6,62,38,19880701,NA,NA,NA,NA,NA,NA
6,62,39,19880701,NA,NA,NA,NA,NA,NA
6,62,40,19880701,NA,NA,NA,NA,NA,NA
6,62,41,19880701,NA,NA,NA,NA,NA,NA
6,62,42,19880701,NA,NA,NA,NA,NA,NA
6,62,43,19880701,NA,NA,NA,NA,NA,NA
6,62,44,19880701,NA,NA,NA,NA,NA,NA
6,62,45,19880701,NA,NA,NA,NA,NA,NA
6,62,46,19880701,NA,NA,NA,NA,NA,NA
6,62,47,19880701,NA,20031101,046,NA,NA,NA
6,62,48,19880701,NA,NA,NA,NA,NA,NA
6,62,49,19880701,NA,NA,NA,NA,NA,NA
6,62,50,19880701,NA,NA,NA,NA,NA,NA
6,62,51,19880701,NA,NA,NA,NA,NA,NA
6,62,52,19880701,NA,NA,NA,NA,NA,NA
6,62,53,19880701,NA,NA,NA,NA,NA,NA
6,62,54,19880701,NA,NA,NA,NA,NA,NA
6,63,55,19880701,NA,19960501,056,NA,NA,NA
6,63,56,19880701,NA,NA,NA,NA,NA,NA
6,63,57,19880701,NA,NA,NA,NA,NA,NA
6,63,58,19880701,NA,NA,NA,NA,NA,NA
6,63,59,19880701,NA,NA,NA,NA,NA,NA
6,63,60,19880701,NA,NA,NA,NA,NA,NA
6,63,61,19880701,NA,NA,NA,NA,NA,NA
6,63,62,19880701,NA,NA,NA,NA,NA,NA
6,63,63,19880701,NA,NA,NA,NA,NA,NA
6,63,64,19880701,NA,NA,NA,NA,NA,NA
6,63,65,19880701,NA,NA,NA,NA,NA,NA
6,63,66,19880701,NA,NA,NA,NA,NA,NA
6,63,67,19880701,NA,NA,NA,NA,NA,NA
6,63,68,19880701,NA,NA,NA,NA,NA,NA
6,63,69,19880701,NA,NA,NA,NA,NA,NA
6,63,70,19880701,NA,NA,NA,NA,NA,NA
6,63,71,19880701,NA,NA,NA,NA,NA,NA
6,64,72,19880701,NA,NA,NA,NA,NA,NA
6,64,73,19880701,NA,NA,NA,NA,NA,NA
6,64,74,19880701,NA,NA,NA,NA,NA,NA
6,64,75,19880701,NA,NA,NA,NA,NA,NA
6,64,76,19880701,NA,NA,NA,NA,NA,NA
6,64,77,19880701,NA,NA,NA,NA,NA,NA
6,64,78,19880701,NA,NA,NA,NA,NA,NA
6,64,79,19880701,NA,NA,NA,NA,NA,NA
6,64,80,19880701,NA,NA,NA,NA,NA,NA
6,64,81,19880701,NA,NA,NA,NA,NA,NA
6,64,82,19880701,NA,19990101,081,NA,NA,NA
6,64,83,19880701,NA,19991201,081,NA,NA,NA
6,64,84,19880701,NA,NA,NA,NA,NA,NA
6,64,85,19880701,NA,NA,NA,NA,NA,NA
6,64,86,19880701,NA,19940101,085,NA,NA,NA
6,64,87,19880701,NA,20031101,073,NA,NA,NA
6,64,88,19880701,NA,20051201,073,NA,NA,NA
6,64,89,19880701,NA,NA,NA,NA,NA,NA
6,64,127,20051201,085,NA,NA,NA,NA,NA
6,64,128,20051201,089,NA,NA,NA,NA,NA
6,64,129,20091101,073,NA,NA,NA,NA,NA
6,65,90,19880701,NA,NA,NA,NA,NA,NA
6,65,91,19880701,NA,NA,NA,NA,NA,NA
6,65,92,19880701,NA,NA,NA,NA,NA,NA
6,65,93,19880701,NA,NA,NA,NA,NA,NA
6,65,94,19880701,NA,NA,NA,NA,NA,NA
6,65,95,19880701,NA,NA,NA,NA,NA,NA
6,65,96,19880701,NA,NA,NA,NA,NA,NA
6,65,97,19880701,NA,NA,NA,NA,NA,NA
6,65,98,19880701,NA,20220601,101,NA,NA,NA
6,65,99,19880701,NA,NA,NA,NA,NA,NA
6,65,100,19880701,NA,19940101,099,NA,NA,NA
6,65,101,19880701,NA,NA,NA,NA,NA,NA
6,65,102,19880701,NA,NA,NA,NA,NA,NA
6,65,103,19880701,NA,NA,NA,NA,NA,NA
6,65,104,19880701,NA,NA,NA,NA,NA,NA
6,65,105,19880701,NA,NA,NA,NA,NA,NA
6,65,106,19880701,NA,NA,NA,NA,NA,NA
6,65,107,19880701,NA,NA,NA,NA,NA,NA
6,65,126,19960501,092,NA,NA,NA,NA,NA
6,66,108,19880701,NA,NA,NA,NA,NA,NA
6,66,109,19880701,NA,NA,NA,NA,NA,NA
6,66,110,19880701,NA,NA,NA,NA,NA,NA
6,66,111,19880701,NA,NA,NA,NA,NA,NA
6,66,112,19880701,NA,NA,NA,NA,NA,NA
6,66,113,19880701,NA,NA,NA,NA,NA,NA
6,66,114,19880701,NA,NA,NA,NA,NA,NA
6,66,115,19880701,NA,NA,NA,NA,NA,NA
6,66,116,19880701,NA,NA,NA,NA,NA,NA
6,66,117,19880701,NA,NA,NA,NA,NA,NA
6,66,118,19880701,NA,NA,NA,NA,NA,NA
6,66,119,19880701,NA,NA,NA,NA,NA,NA
6,66,120,19880701,NA,NA,NA,NA,NA,NA
6,66,121,19880701,NA,NA,NA,NA,NA,NA
6,66,122,19880701,NA,NA,NA,NA,NA,NA
6,66,123,19880701,NA,NA,NA,NA,NA,NA
6,66,124,19880701,NA,NA,NA,NA,NA,NA
7,71,1,19880701,NA,NA,NA,NA,NA,NA
7,71,2,19880701,NA,NA,NA,NA,NA,NA
7,71,3,19880701,NA,NA,NA,NA,NA,NA
7,71,4,19880701,NA,NA,NA,NA,NA,NA
7,71,5,19880701,NA,20220601,004,NA,NA,NA
7,71,6,19880701,NA,NA,NA,NA,NA,NA
7,71,7,19880701,NA,NA,NA,NA,NA,NA
7,71,8,19880701,NA,NA,NA,NA,NA,NA
7,71,9,19880701,NA,NA,NA,NA,NA,NA
7,71,10,19880701,NA,NA,NA,NA,NA,NA
7,71,11,19880701,NA,NA,NA,NA,NA,NA
7,71,12,19880701,NA,NA,NA,NA,NA,NA
7,71,13,19880701,NA,NA,NA,NA,NA,NA
7,71,14,19880701,NA,NA,NA,NA,NA,NA
7,71,15,19880701,NA,20120701,016,NA,NA,NA
7,71,16,19880701,NA,NA,NA,NA,NA,NA
7,71,17,19880701,NA,NA,NA,NA,NA,NA
7,71,18,19880701,NA,NA,NA,NA,NA,NA
7,71,19,19880701,NA,NA,NA,NA,NA,NA
7,71,20,19880701,NA,20101001,021,NA,NA,NA
7,71,21,19880701,NA,NA,NA,NA,NA,NA
7,71,22,19880701,NA,20061101,018,NA,NA,NA
7,71,23,19880701,NA,NA,NA,NA,NA,NA
7,72,24,19880701,NA,NA,NA,NA,NA,NA
7,72,25,19880701,NA,NA,NA,NA,NA,NA
7,72,26,19880701,NA,NA,NA,NA,NA,NA
7,72,27,19880701,NA,19940101,026 y 028,NA,NA,NA
7,72,28,19880701,NA,NA,NA,NA,NA,NA
7,72,29,19880701,NA,20101001,026,NA,NA,NA
7,72,30,19880701,NA,NA,NA,NA,NA,NA
7,72,31,19880701,NA,NA,NA,NA,NA,NA
7,72,32,19880701,NA,NA,NA,NA,NA,NA
7,72,33,19880701,NA,19960501,032,NA,NA,NA
7,72,34,19880701,NA,NA,NA,NA,NA,NA
7,72,35,19880701,NA,NA,NA,NA,NA,NA
7,72,36,19880701,NA,NA,NA,NA,NA,NA
7,72,37,19880701,NA,20051201,036,NA,NA,NA
7,72,38,19880701,NA,NA,NA,NA,NA,NA
7,72,39,19880701,NA,NA,NA,NA,NA,NA
7,72,40,19880701,NA,NA,NA,NA,NA,NA
7,72,41,19880701,NA,NA,NA,NA,NA,NA
7,72,42,19880701,NA,NA,NA,NA,NA,NA
7,72,43,19880701,NA,NA,NA,NA,NA,NA
7,72,44,19880701,NA,NA,NA,NA,NA,NA
7,72,45,19880701,NA,NA,NA,NA,NA,NA
7,72,46,19880701,NA,NA,NA,NA,NA,NA
7,72,47,19880701,NA,NA,NA,NA,NA,NA
7,72,48,19880701,NA,NA,NA,NA,NA,NA
7,72,49,19880701,NA,NA,NA,NA,NA,NA
7,73,50,19880701,NA,NA,NA,NA,NA,NA
7,73,51,19880701,NA,NA,NA,NA,NA,NA
7,73,52,19880701,NA,NA,NA,NA,NA,NA
7,73,53,19880701,NA,NA,NA,NA,NA,NA
7,73,54,19880701,NA,20051201,053,NA,NA,NA
7,73,55,19880701,NA,NA,NA,NA,NA,NA
7,73,56,19880701,NA,NA,NA,NA,NA,NA
7,73,57,19880701,NA,NA,NA,NA,NA,NA
7,73,58,19880701,NA,NA,NA,NA,NA,NA
7,73,59,19880701,NA,NA,NA,NA,NA,NA
7,73,60,19880701,NA,NA,NA,NA,NA,NA
7,73,61,19880701,NA,NA,NA,NA,NA,NA
7,73,62,19880701,NA,NA,NA,NA,NA,NA
7,73,63,19880701,NA,NA,NA,NA,NA,NA
7,73,64,19880701,NA,NA,NA,NA,NA,NA
7,73,65,19880701,NA,NA,NA,NA,NA,NA
7,73,66,19880701,NA,NA,NA,NA,NA,NA
7,73,67,19880701,NA,NA,NA,NA,NA,NA
7,73,68,19880701,NA,NA,NA,NA,NA,NA
7,73,69,19880701,NA,NA,NA,NA,NA,NA
7,73,70,19880701,NA,NA,NA,NA,NA,NA
7,73,71,19880701,NA,NA,NA,NA,NA,NA
7,73,72,19880701,NA,NA,NA,NA,NA,NA
7,73,73,19880701,NA,NA,NA,NA,NA,NA
7,73,74,19880701,NA,20061101,072,NA,NA,NA
7,74,75,19880701,NA,NA,NA,NA,NA,NA
7,74,76,19880701,NA,NA,NA,NA,NA,NA
7,74,77,19880701,NA,19990101,081,NA,NA,NA
7,74,78,19880701,NA,NA,NA,NA,NA,NA
7,74,79,19880701,NA,NA,NA,NA,NA,NA
7,74,80,19880701,NA,NA,NA,NA,NA,NA
7,74,81,19880701,NA,NA,NA,NA,NA,NA
7,74,82,19880701,NA,NA,NA,NA,NA,NA
7,74,83,19880701,NA,NA,NA,NA,NA,NA
7,74,84,19880701,NA,NA,NA,NA,NA,NA
7,74,85,19880701,NA,NA,NA,NA,NA,NA
7,74,86,19880701,NA,NA,NA,NA,NA,NA
7,74,87,19880701,NA,NA,NA,NA,NA,NA
7,74,88,19880701,NA,NA,NA,NA,NA,NA
7,74,89,19880701,NA,NA,NA,NA,NA,NA
7,74,90,19880701,NA,NA,NA,NA,NA,NA
7,74,91,19880701,NA,NA,NA,NA,NA,NA
7,74,92,19880701,NA,NA,NA,NA,NA,NA
7,74,93,19880701,NA,NA,NA,NA,NA,NA
7,75,94,19880701,NA,NA,NA,NA,NA,NA
7,75,95,19880701,NA,NA,NA,NA,NA,NA
7,75,96,19880701,NA,NA,NA,NA,NA,NA
7,75,97,19880701,NA,NA,NA,NA,NA,NA
7,75,98,19880701,NA,NA,NA,NA,NA,NA
7,75,99,19880701,NA,NA,NA,NA,NA,NA
7,75,100,19880701,NA,NA,NA,NA,NA,NA
7,75,101,19880701,NA,NA,NA,NA,NA,NA
7,75,102,19880701,NA,NA,NA,NA,NA,NA
7,75,103,19880701,NA,NA,NA,NA,NA,NA
7,75,104,19880701,NA,20120701,102,NA,NA,NA
7,75,105,19880701,NA,NA,NA,NA,NA,NA
7,75,106,19880701,NA,NA,NA,NA,NA,NA
7,75,107,19880701,NA,NA,NA,NA,NA,NA
7,75,108,19880701,NA,NA,NA,NA,NA,NA
7,75,109,19880701,NA,NA,NA,NA,NA,NA
7,75,110,19880701,NA,NA,NA,NA,NA,NA
7,75,111,19880701,NA,NA,NA,NA,NA,NA
7,75,112,19880701,NA,20171101,113,NA,NA,NA
7,75,113,19880701,NA,NA,NA,NA,NA,NA
7,75,114,19880701,NA,NA,NA,NA,NA,NA
7,75,115,19880701,NA,NA,NA,NA,NA,NA
7,75,116,19880701,NA,NA,NA,NA,NA,NA
7,75,117,19880701,NA,NA,NA,NA,NA,NA
7,76,118,19880701,NA,NA,NA,NA,NA,NA
7,76,119,19880701,NA,NA,NA,NA,NA,NA
7,76,120,19880701,NA,NA,NA,NA,NA,NA
7,76,121,19880701,NA,NA,NA,NA,NA,NA
7,76,122,19880701,NA,NA,NA,NA,NA,NA
7,76,123,19880701,NA,NA,NA,NA,NA,NA
7,76,124,19880701,NA,NA,NA,NA,NA,NA
7,76,125,19880701,NA,NA,NA,NA,NA,NA
7,76,126,19880701,NA,NA,NA,NA,NA,NA
7,76,127,19880701,NA,NA,NA,NA,NA,NA
7,76,128,19880701,NA,NA,NA,NA,NA,NA
7,76,129,19880701,NA,NA,NA,NA,NA,NA
7,76,130,19880701,NA,NA,NA,NA,NA,NA
7,76,131,19880701,NA,NA,NA,NA,NA,NA
7,76,132,19880701,NA,NA,NA,NA,NA,NA
7,76,133,19880701,NA,NA,NA,NA,NA,NA
7,76,134,19880701,NA,20220601,120,NA,NA,NA
7,76,135,19880701,NA,NA,NA,NA,NA,NA
8,81,1,19880701,NA,NA,NA,NA,NA,NA
8,81,2,19880701,NA,NA,NA,NA,NA,NA
8,81,3,19880701,NA,NA,NA,NA,NA,NA
8,81,4,19880701,NA,NA,NA,NA,NA,NA
8,82,5,19880701,NA,NA,NA,NA,NA,NA
8,82,6,19880701,NA,NA,NA,NA,NA,NA
8,82,7,19880701,NA,NA,NA,NA,NA,NA
8,83,8,19880701,NA,NA,NA,NA,NA,NA
8,83,9,19880701,NA,NA,NA,NA,NA,NA
8,83,10,19880701,NA,NA,NA,NA,NA,NA
8,83,11,19880701,NA,NA,NA,NA,NA,NA
8,83,12,19880701,NA,NA,NA,NA,NA,NA
8,83,13,19880701,NA,NA,NA,NA,NA,NA
8,83,14,19880701,NA,NA,NA,NA,NA,NA
8,83,15,19880701,NA,NA,NA,NA,NA,NA
8,83,16,19880701,NA,NA,NA,NA,NA,NA
8,83,17,19880701,NA,NA,NA,NA,NA,NA
8,83,18,19880701,NA,NA,NA,NA,NA,NA
8,83,19,19880701,NA,NA,NA,NA,NA,NA
8,83,20,19880701,NA,NA,NA,NA,NA,NA
8,83,21,19880701,NA,NA,NA,NA,NA,NA
8,83,22,19880701,NA,NA,NA,NA,NA,NA
8,83,23,19880701,NA,NA,NA,NA,NA,NA
8,83,24,19880701,NA,NA,NA,NA,NA,NA
8,83,25,19880701,NA,NA,NA,NA,NA,NA
8,83,26,19880701,NA,NA,NA,NA,NA,NA
8,83,27,19880701,NA,NA,NA,NA,NA,NA
8,83,28,19880701,NA,NA,NA,NA,NA,NA
8,83,29,19880701,NA,NA,NA,NA,NA,NA
8,83,49,19880701,NA,NA,NA,NA,NA,NA
8,83,50,19880701,NA,NA,NA,NA,NA,NA
8,83,51,19880701,NA,NA,NA,NA,NA,NA
8,83,52,19880701,NA,NA,NA,NA,NA,NA
8,83,140,19880701,NA,NA,NA,NA,NA,NA
8,83,141,19880701,NA,NA,NA,NA,NA,NA
8,83,142,19880701,NA,NA,NA,NA,NA,NA
8,83,143,19900101,013,NA,NA,NA,NA,NA
8,83,145,19940101,143,NA,NA,NA,NA,NA
8,83,148,19940101,051,NA,NA,NA,NA,NA
8,83,149,19940101,024,NA,NA,NA,NA,NA
8,83,151,19960501,015,NA,NA,NA,NA,NA
8,83,157,19991201,051,NA,NA,NA,NA,NA
8,83,182,20171101,013,NA,NA,NA,NA,NA
8,84,30,19880701,NA,NA,NA,NA,NA,NA
8,84,31,19880701,NA,NA,NA,NA,NA,NA
8,84,32,19880701,NA,NA,NA,NA,NA,NA
8,84,33,19880701,NA,NA,NA,NA,NA,NA
8,84,34,19880701,NA,NA,NA,NA,NA,NA
8,84,45,19880701,NA,NA,NA,NA,NA,NA
8,84,46,19880701,NA,NA,NA,NA,NA,NA
8,84,47,19880701,NA,NA,NA,NA,NA,NA
8,84,48,19880701,NA,NA,NA,NA,NA,NA
8,84,53,19880701,NA,NA,NA,NA,NA,NA
8,84,54,19880701,NA,NA,NA,NA,NA,NA
8,84,55,19880701,NA,NA,NA,NA,NA,NA
8,84,56,19880701,NA,NA,NA,NA,NA,NA
8,84,57,19880701,NA,NA,NA,NA,NA,NA
8,84,58,19880701,NA,NA,NA,NA,NA,NA
8,84,59,19880701,NA,NA,NA,NA,NA,NA
8,84,60,19880701,NA,NA,NA,NA,NA,NA
8,84,61,19880701,NA,NA,NA,NA,NA,NA
8,84,62,19880701,NA,NA,NA,NA,NA,NA
8,84,63,19880701,NA,NA,NA,NA,NA,NA
8,84,64,19880701,NA,NA,NA,NA,NA,NA
8,84,65,19880701,NA,NA,NA,NA,NA,NA
8,84,66,19880701,NA,NA,NA,NA,NA,NA
8,84,67,19880701,NA,NA,NA,NA,NA,NA
8,84,68,19880701,NA,NA,NA,NA,NA,NA
8,84,69,19880701,NA,NA,NA,NA,NA,NA
8,84,70,19880701,NA,19900101,067,NA,NA,NA
8,84,71,19880701,NA,NA,NA,NA,NA,NA
8,84,72,19880701,NA,NA,NA,NA,NA,NA
8,84,73,19880701,NA,NA,NA,NA,NA,NA
8,84,74,19880701,NA,NA,NA,NA,NA,NA
8,84,75,19880701,NA,NA,NA,NA,NA,NA
8,84,76,19880701,NA,NA,NA,NA,NA,NA
8,84,77,19880701,NA,NA,NA,NA,NA,NA
8,84,78,19880701,NA,NA,NA,NA,NA,NA
8,84,79,19880701,NA,NA,NA,NA,NA,NA
8,84,80,19880701,NA,NA,NA,NA,NA,NA
8,84,81,19880701,NA,NA,NA,NA,NA,NA
8,84,82,19880701,NA,NA,NA,NA,NA,NA
8,84,83,19880701,NA,NA,NA,NA,NA,NA
8,84,84,19880701,NA,NA,NA,NA,NA,NA
8,84,85,19880701,NA,NA,NA,NA,NA,NA
8,84,86,19880701,NA,NA,NA,NA,NA,NA
8,84,87,19880701,NA,20241015,088,NA,NA,NA
8,84,88,19880701,NA,NA,NA,NA,NA,NA
8,84,89,19880701,NA,NA,NA,NA,NA,NA
8,85,35,19880701,NA,NA,NA,NA,NA,NA
8,85,36,19880701,NA,NA,NA,NA,NA,NA
8,85,37,19880701,NA,NA,NA,NA,NA,NA
8,85,38,19880701,NA,NA,NA,NA,NA,NA
8,85,39,19880701,NA,NA,NA,NA,NA,NA
8,85,40,19880701,NA,NA,NA,NA,NA,NA
8,85,41,19880701,NA,NA,NA,NA,NA,NA
8,85,42,19880701,NA,NA,NA,NA,NA,NA
8,85,43,19880701,NA,NA,NA,NA,NA,NA
8,85,44,19880701,NA,NA,NA,NA,NA,NA
8,85,90,19880701,NA,NA,NA,NA,NA,NA
8,85,91,19880701,NA,NA,NA,NA,NA,NA
8,85,92,19880701,NA,NA,NA,NA,NA,NA
8,85,93,19880701,NA,NA,NA,NA,NA,NA
8,85,94,19880701,NA,NA,NA,NA,NA,NA
8,85,95,19880701,NA,NA,NA,NA,NA,NA
8,85,96,19880701,NA,NA,NA,NA,NA,NA
8,85,97,19880701,NA,NA,NA,NA,NA,NA
8,85,98,19880701,NA,NA,NA,NA,NA,NA
8,85,99,19880701,NA,NA,NA,NA,NA,NA
8,85,100,19880701,NA,NA,NA,NA,NA,NA
8,85,101,19880701,NA,19900101,100,NA,NA,NA
8,85,102,19880701,NA,NA,NA,NA,NA,NA
8,85,103,19880701,NA,NA,NA,NA,NA,NA
8,85,144,19940101,035,NA,NA,NA,NA,NA
8,85,146,19940101,041,NA,NA,NA,NA,NA
8,85,150,19940101,100,NA,NA,NA,NA,NA
8,86,104,19880701,NA,NA,NA,NA,NA,NA
8,86,105,19880701,NA,NA,NA,NA,NA,NA
8,86,106,19880701,NA,NA,NA,NA,NA,NA
8,86,107,19880701,NA,NA,NA,NA,NA,NA
8,86,108,19880701,NA,NA,NA,NA,NA,NA
8,86,109,19880701,NA,NA,NA,NA,NA,NA
8,86,110,19880701,NA,NA,NA,NA,NA,NA
8,86,111,19880701,NA,NA,NA,NA,NA,NA
8,86,112,19880701,NA,NA,NA,NA,NA,NA
8,86,113,19880701,NA,NA,NA,NA,NA,NA
8,86,114,19880701,NA,NA,NA,NA,NA,NA
8,86,115,19880701,NA,NA,NA,NA,NA,NA
8,86,116,19880701,NA,NA,NA,NA,NA,NA
8,86,117,19880701,NA,NA,NA,NA,NA,NA
8,86,118,19880701,NA,20051201,119,NA,NA,NA
8,86,119,19880701,NA,NA,NA,NA,NA,NA
8,86,120,19880701,NA,NA,NA,NA,NA,NA
8,86,121,19880701,NA,NA,NA,NA,NA,NA
8,86,122,19880701,NA,NA,NA,NA,NA,NA
8,86,123,19880701,NA,NA,NA,NA,NA,NA
8,86,124,19880701,NA,NA,NA,NA,NA,NA
8,86,125,19880701,NA,NA,NA,NA,NA,NA
8,86,126,19880701,NA,NA,NA,NA,NA,NA
8,86,127,19880701,NA,19991201,112,NA,NA,NA
8,86,128,19880701,NA,NA,NA,NA,NA,NA
8,86,153,19990101,128,NA,NA,NA,NA,NA
8,86,159,20010301,128,NA,NA,NA,NA,NA
8,86,160,20051201,128,NA,NA,NA,NA,NA
8,86,161,20051201,128,NA,NA,NA,NA,NA
8,86,162,20051201,153,NA,NA,NA,NA,NA
8,86,166,20061101,161,NA,NA,NA,NA,NA
8,86,167,20070901,160,NA,NA,NA,NA,NA
8,86,168,20070901,161,NA,NA,NA,NA,NA
8,86,170,20081101,160,NA,NA,NA,NA,NA
8,86,171,20081101,167,NA,NA,NA,NA,NA
8,86,172,20081101,168,NA,NA,NA,NA,NA
8,86,174,20101001,128,NA,NA,NA,NA,NA
8,86,179,20141001,172,NA,NA,NA,NA,NA
8,86,185,20171101,171,NA,NA,NA,NA,NA
8,86,186,20171101,160,NA,NA,NA,NA,NA
8,86,187,20171101,161,NA,NA,NA,NA,NA
8,86,188,20171101,168,NA,NA,NA,NA,NA
8,86,190,20220601,167,NA,NA,NA,NA,NA
8,86,191,20220601,128,NA,NA,NA,NA,NA
8,86,192,20241015,160,NA,NA,NA,NA,NA
8,87,131,19880701,NA,NA,NA,NA,NA,NA
8,87,132,19880701,NA,NA,NA,NA,NA,NA
8,87,133,19880701,NA,NA,NA,NA,NA,NA
8,87,134,19880701,NA,NA,NA,NA,NA,NA
8,87,135,19880701,NA,NA,NA,NA,NA,NA
8,87,136,19880701,NA,NA,NA,NA,NA,NA
8,87,137,19880701,NA,NA,NA,NA,NA,NA
8,87,138,19880701,NA,NA,NA,NA,NA,NA
8,87,139,19880701,NA,NA,NA,NA,NA,NA
8,87,147,19940101,135,NA,NA,NA,NA,NA
8,87,152,19960501,131,NA,NA,NA,NA,NA
8,87,154,19990101,139,NA,NA,NA,NA,NA
8,87,155,19991201,139,NA,NA,NA,NA,NA
8,87,156,19991201,154,NA,NA,NA,NA,NA
8,87,158,19991201,135,NA,NA,NA,NA,NA
8,87,163,20051201,154,NA,NA,NA,NA,NA
8,87,175,20101001,131,NA,NA,NA,NA,NA
8,87,177,20120701,155,NA,NA,NA,NA,NA
8,87,180,20141001,156,NA,NA,NA,NA,NA
8,87,181,20171101,139,NA,NA,NA,NA,NA
8,87,183,20171101,131,NA,NA,NA,NA,NA
8,87,189,20220601,139,NA,NA,NA,NA,NA
8,88,129,19880701,NA,NA,NA,NA,NA,NA
8,88,130,19880701,NA,20220601,129,NA,NA,NA
8,88,164,20061101,129,NA,NA,NA,NA,NA
8,88,165,20061101,129,NA,NA,NA,NA,NA
8,88,169,20070901,165,NA,NA,NA,NA,NA
8,88,173,20091101,164,NA,NA,NA,NA,NA
8,88,176,20101001,169,NA,NA,NA,NA,NA
8,88,178,20131001,165,NA,NA,NA,NA,NA
8,88,184,20171101,173,NA,NA,NA,NA,NA
8,88,193,20241015,176,NA,NA,NA,NA,NA
9,91,1,19880701,NA,NA,NA,NA,NA,NA
9,91,2,19880701,NA,NA,NA,NA,NA,NA
9,91,3,19880701,NA,20081101,004,NA,NA,NA
9,91,4,19880701,NA,NA,NA,NA,NA,NA
9,91,5,19880701,NA,NA,NA,NA,NA,NA
9,91,6,19880701,NA,NA,NA,NA,NA,NA
9,91,7,19880701,NA,NA,NA,NA,NA,NA
9,91,8,19880701,NA,NA,NA,NA,NA,NA
9,91,9,19880701,NA,NA,NA,NA,NA,NA
9,91,10,19880701,NA,NA,NA,NA,NA,NA
9,91,81,19960501,008,NA,NA,NA,NA,NA
9,91,84,20000701,010,NA,NA,NA,NA,NA
9,91,95,20220601,010,NA,NA,NA,NA,NA
9,92,11,19880701,NA,NA,NA,NA,NA,NA
9,92,12,19880701,NA,NA,NA,NA,NA,NA
9,92,13,19880701,NA,NA,NA,NA,NA,NA
9,92,14,19880701,NA,NA,NA,NA,NA,NA
9,92,15,19880701,NA,NA,NA,NA,NA,NA
9,92,16,19880701,NA,NA,NA,NA,NA,NA
9,92,17,19880701,NA,NA,NA,NA,NA,NA
9,92,18,19880701,NA,NA,NA,NA,NA,NA
9,92,19,19880701,NA,NA,NA,NA,NA,NA
9,92,20,19880701,NA,NA,NA,NA,NA,NA
9,92,21,19880701,NA,NA,NA,NA,NA,NA
9,92,22,19880701,NA,NA,NA,NA,NA,NA
9,92,23,19880701,NA,NA,NA,NA,NA,NA
9,92,24,19880701,NA,NA,NA,NA,NA,NA
9,92,25,19880701,NA,NA,NA,NA,NA,NA
9,92,26,19880701,NA,NA,NA,NA,NA,NA
9,92,27,19880701,NA,20061101,023,NA,NA,NA
9,92,28,19880701,NA,NA,NA,NA,NA,NA
9,92,29,19880701,NA,NA,NA,NA,NA,NA
9,92,30,19880701,NA,NA,NA,NA,NA,NA
9,92,31,19880701,NA,NA,NA,NA,NA,NA
9,92,32,19880701,NA,20051201,028,NA,NA,NA
9,93,33,19880701,NA,NA,NA,NA,NA,NA
9,93,34,19880701,NA,NA,NA,NA,NA,NA
9,93,35,19880701,NA,NA,NA,NA,NA,NA
9,93,36,19880701,NA,NA,NA,NA,NA,NA
9,93,37,19880701,NA,NA,NA,NA,NA,NA
9,93,38,19880701,NA,NA,NA,NA,NA,NA
9,93,39,19880701,NA,NA,NA,NA,NA,NA
9,93,40,19880701,NA,NA,NA,NA,NA,NA
9,93,41,19880701,NA,NA,NA,NA,NA,NA
9,93,42,19880701,NA,19900101,043,NA,NA,NA
9,93,43,19880701,NA,NA,NA,NA,NA,NA
9,93,44,19880701,NA,NA,NA,NA,NA,NA
9,93,45,19880701,NA,NA,NA,NA,NA,NA
9,94,46,19880701,NA,NA,NA,NA,NA,NA
9,94,47,19880701,NA,NA,NA,NA,NA,NA
9,94,48,19880701,NA,19900101,046,NA,NA,NA
9,94,49,19880701,NA,NA,NA,NA,NA,NA
9,94,50,19880701,NA,NA,NA,NA,NA,NA
9,94,51,19880701,NA,NA,NA,NA,NA,NA
9,94,52,19880701,NA,NA,NA,NA,NA,NA
9,94,53,19880701,NA,NA,NA,NA,NA,NA
9,94,54,19880701,NA,NA,NA,NA,NA,NA
9,94,55,19880701,NA,NA,NA,NA,NA,NA
9,94,56,19880701,NA,NA,NA,NA,NA,NA
9,94,57,19880701,NA,NA,NA,NA,NA,NA
9,94,58,19880701,NA,NA,NA,NA,NA,NA
9,94,59,19880701,NA,20081101,060,NA,NA,NA
9,94,60,19880701,NA,NA,NA,NA,NA,NA
9,94,61,19880701,NA,NA,NA,NA,NA,NA
9,94,62,19880701,NA,20051201,064,NA,NA,NA
9,94,63,19880701,NA,NA,NA,NA,NA,NA
9,94,64,19880701,NA,NA,NA,NA,NA,NA
9,94,65,19880701,NA,NA,NA,NA,NA,NA
9,94,66,19880701,NA,NA,NA,NA,NA,NA
9,94,67,19880701,NA,NA,NA,NA,NA,NA
9,94,68,19880701,NA,NA,NA,NA,NA,NA
9,94,69,19880701,NA,NA,NA,NA,NA,NA
9,94,70,19880701,NA,NA,NA,NA,NA,NA
9,94,82,19960501,046,NA,NA,NA,NA,NA
9,94,90,20141001,053,NA,NA,NA,NA,NA
9,95,71,19880701,NA,NA,NA,NA,NA,NA
9,95,86,20051201,071,NA,NA,NA,NA,NA
9,95,91,20141001,086,NA,NA,NA,NA,NA
9,95,97,20220601,071,NA,NA,NA,NA,NA
9,96,72,19880701,NA,NA,NA,NA,NA,NA
9,96,93,20220601,072,NA,NA,NA,NA,NA
9,97,73,19880701,NA,NA,NA,NA,NA,NA
9,97,74,19880701,NA,NA,NA,NA,NA,NA
9,97,75,19880701,NA,NA,NA,NA,NA,NA
9,97,76,19880701,NA,NA,NA,NA,NA,NA
9,97,77,19880701,NA,NA,NA,NA,NA,NA
9,97,78,19880701,NA,NA,NA,NA,NA,NA
9,97,79,19940101,078,NA,NA,NA,NA,NA
9,97,80,19940101,073,NA,NA,NA,NA,NA
9,97,83,19990101,080,NA,NA,NA,NA,NA
9,97,85,20010301,083,NA,NA,NA,NA,NA
9,97,87,20051201,078,NA,NA,NA,NA,NA
9,97,88,20051201,083,NA,NA,NA,NA,NA
9,97,89,20131001,073,NA,NA,NA,NA,NA
9,97,92,20171101,080,NA,NA,NA,NA,NA
9,97,94,20220601,083,NA,NA,NA,NA,NA
9,97,96,20220601,073,NA,NA,NA,NA,NA
10,101,1,19880701,NA,NA,NA,NA,NA,NA
10,101,2,19880701,NA,NA,NA,NA,NA,NA
10,101,3,19880701,NA,NA,NA,NA,NA,NA
10,101,4,19880701,NA,20241015,003,NA,NA,NA
10,101,5,19880701,NA,NA,NA,NA,NA,NA
10,101,6,19880701,NA,NA,NA,NA,NA,NA
10,101,7,19880701,NA,NA,NA,NA,NA,NA
10,101,8,19880701,NA,NA,NA,NA,NA,NA
10,101,9,19880701,NA,NA,NA,NA,NA,NA
10,101,10,19880701,NA,NA,NA,NA,NA,NA
10,101,11,19880701,NA,NA,NA,NA,NA,NA
10,101,12,19880701,NA,NA,NA,NA,NA,NA
10,101,215,19990101,006,NA,NA,NA,NA,NA
10,101,217,20031101,11053,NA,NA,NA,NA,NA
10,101,219,20051201,215,NA,NA,NA,NA,NA
10,102,13,19880701,NA,NA,NA,NA,NA,NA
10,102,14,19880701,NA,NA,NA,NA,NA,NA
10,102,15,19880701,NA,NA,NA,NA,NA,NA
10,102,16,19880701,NA,NA,NA,NA,NA,NA
10,102,17,19880701,NA,NA,NA,NA,NA,NA
10,102,18,19880701,NA,NA,NA,NA,NA,NA
10,102,19,19880701,NA,19960501,015,NA,NA,NA
10,102,20,19880701,NA,NA,NA,NA,NA,NA
10,102,21,19880701,NA,NA,NA,NA,NA,NA
10,102,22,19880701,NA,NA,NA,NA,NA,NA
10,102,23,19880701,NA,NA,NA,NA,NA,NA
10,102,24,19880701,NA,NA,NA,NA,NA,NA
10,102,25,19880701,NA,NA,NA,NA,NA,NA
10,102,26,19880701,NA,NA,NA,NA,NA,NA
10,102,27,19880701,NA,NA,NA,NA,NA,NA
10,102,28,19880701,NA,NA,NA,NA,NA,NA
10,102,29,19880701,NA,NA,NA,NA,NA,NA
10,102,30,19880701,NA,NA,NA,NA,NA,NA
10,102,31,19880701,NA,NA,NA,NA,NA,NA
10,102,32,19880701,NA,NA,NA,NA,NA,NA
10,102,33,19880701,NA,NA,NA,NA,NA,NA
10,102,34,19880701,NA,20220601,032,NA,NA,NA
10,102,35,19880701,NA,NA,NA,NA,NA,NA
10,102,36,19880701,NA,NA,NA,NA,NA,NA
10,102,37,19880701,NA,NA,NA,NA,NA,NA
10,102,38,19880701,NA,NA,NA,NA,NA,NA
10,102,39,19880701,NA,NA,NA,NA,NA,NA
10,102,40,19880701,NA,NA,NA,NA,NA,NA
10,102,41,19880701,NA,NA,NA,NA,NA,NA
10,102,42,19880701,NA,NA,NA,NA,NA,NA
10,102,43,19880701,NA,NA,NA,NA,NA,NA
10,102,44,19880701,NA,NA,NA,NA,NA,NA
10,102,45,19880701,NA,20061101,043,NA,NA,NA
10,102,46,19880701,NA,NA,NA,NA,NA,NA
10,102,47,19880701,NA,NA,NA,NA,NA,NA
10,102,48,19880701,NA,NA,NA,NA,NA,NA
10,102,49,19880701,NA,NA,NA,NA,NA,NA
10,102,206,19880701,NA,NA,NA,NA,NA,NA
10,102,211,19960501,014,NA,NA,NA,NA,NA
10,103,50,19880701,NA,NA,NA,NA,NA,NA
10,103,51,19880701,NA,NA,NA,NA,NA,NA
10,103,52,19880701,NA,NA,NA,NA,NA,NA
10,103,53,19880701,NA,NA,NA,NA,NA,NA
10,103,54,19880701,NA,NA,NA,NA,NA,NA
10,103,55,19880701,NA,NA,NA,NA,NA,NA
10,103,56,19880701,NA,NA,NA,NA,NA,NA
10,103,57,19880701,NA,NA,NA,NA,NA,NA
10,103,58,19880701,NA,NA,NA,NA,NA,NA
10,103,59,19880701,NA,NA,NA,NA,NA,NA
10,103,60,19880701,NA,NA,NA,NA,NA,NA
10,103,61,19880701,NA,NA,NA,NA,NA,NA
10,103,62,19880701,NA,NA,NA,NA,NA,NA
10,103,63,19880701,NA,NA,NA,NA,NA,NA
10,103,64,19880701,NA,20081101,063,NA,NA,NA
10,103,65,19880701,NA,NA,NA,NA,NA,NA
10,103,66,19880701,NA,20051201,061,NA,NA,NA
10,103,67,19880701,NA,NA,NA,NA,NA,NA
10,103,68,19880701,NA,NA,NA,NA,NA,NA
10,103,69,19880701,NA,NA,NA,NA,NA,NA
10,103,70,19880701,NA,NA,NA,NA,NA,NA
10,103,71,19880701,NA,20120701,072,NA,NA,NA
10,103,72,19880701,NA,NA,NA,NA,NA,NA
10,103,73,19880701,NA,NA,NA,NA,NA,NA
10,103,74,19880701,NA,NA,NA,NA,NA,NA
10,103,75,19880701,NA,NA,NA,NA,NA,NA
10,103,76,19880701,NA,NA,NA,NA,NA,NA
10,103,77,19880701,NA,NA,NA,NA,NA,NA
10,103,78,19880701,NA,NA,NA,NA,NA,NA
10,103,79,19880701,NA,19900101,060,NA,NA,NA
10,103,80,19880701,NA,19960501,078,NA,NA,NA
10,103,212,19960501,060,NA,NA,NA,NA,NA
10,103,213,19990101,060,NA,NA,NA,NA,NA
10,103,218,20051201,213,NA,NA,NA,NA,NA
10,104,81,19880701,NA,NA,NA,NA,NA,NA
10,104,82,19880701,NA,NA,NA,NA,NA,NA
10,104,83,19880701,NA,NA,NA,NA,NA,NA
10,104,84,19880701,NA,NA,NA,NA,NA,NA
10,104,85,19880701,NA,20061101,084,NA,NA,NA
10,104,86,19880701,NA,NA,NA,NA,NA,NA
10,104,87,19880701,NA,NA,NA,NA,NA,NA
10,104,88,19880701,NA,NA,NA,NA,NA,NA
10,104,89,19880701,NA,NA,NA,NA,NA,NA
10,104,90,19880701,NA,NA,NA,NA,NA,NA
10,104,91,19880701,NA,NA,NA,NA,NA,NA
10,104,92,19880701,NA,NA,NA,NA,NA,NA
10,104,93,19880701,NA,NA,NA,NA,NA,NA
10,104,94,19880701,NA,NA,NA,NA,NA,NA
10,104,95,19880701,NA,NA,NA,NA,NA,NA
10,104,96,19880701,NA,NA,NA,NA,NA,NA
10,104,97,19880701,NA,20051201,096,NA,NA,NA
10,104,98,19880701,NA,NA,NA,NA,NA,NA
10,104,99,19880701,NA,NA,NA,NA,NA,NA
10,104,100,19880701,NA,NA,NA,NA,NA,NA
10,104,101,19880701,NA,NA,NA,NA,NA,NA
10,104,102,19880701,NA,NA,NA,NA,NA,NA
10,104,103,19880701,NA,NA,NA,NA,NA,NA
10,104,104,19880701,NA,20171101,081,NA,NA,NA
10,104,105,19880701,NA,20141001,106,NA,NA,NA
10,104,106,19880701,NA,NA,NA,NA,NA,NA
10,104,107,19880701,NA,NA,NA,NA,NA,NA
10,104,108,19880701,NA,NA,NA,NA,NA,NA
10,104,109,19880701,NA,NA,NA,NA,NA,NA
10,104,110,19880701,NA,NA,NA,NA,NA,NA
10,104,111,19880701,NA,20220601,110,NA,NA,NA
10,104,112,19880701,NA,NA,NA,NA,NA,NA
10,104,113,19880701,NA,NA,NA,NA,NA,NA
10,104,114,19880701,NA,NA,NA,NA,NA,NA
10,104,115,19880701,NA,NA,NA,NA,NA,NA
10,104,116,19880701,NA,NA,NA,NA,NA,NA
10,104,117,19880701,NA,NA,NA,NA,NA,NA
10,104,118,19880701,NA,NA,NA,NA,NA,NA
10,104,119,19880701,NA,NA,NA,NA,NA,NA
10,104,120,19880701,NA,NA,NA,NA,NA,NA
10,104,121,19880701,NA,NA,NA,NA,NA,NA
10,104,122,19880701,NA,NA,NA,NA,NA,NA
10,104,123,19880701,NA,NA,NA,NA,NA,NA
10,104,124,19880701,NA,NA,NA,NA,NA,NA
10,104,125,19880701,NA,NA,NA,NA,NA,NA
10,104,126,19880701,NA,NA,NA,NA,NA,NA
10,104,127,19880701,NA,NA,NA,NA,NA,NA
10,104,128,19880701,NA,NA,NA,NA,NA,NA
10,104,129,19880701,NA,NA,NA,NA,NA,NA
10,104,130,19880701,NA,NA,NA,NA,NA,NA
10,104,131,19880701,NA,NA,NA,NA,NA,NA
10,104,132,19880701,NA,NA,NA,NA,NA,NA
10,104,133,19880701,NA,NA,NA,NA,NA,NA
10,104,134,19880701,NA,20220601,129,NA,NA,NA
10,104,135,19880701,NA,NA,NA,NA,NA,NA
10,104,136,19880701,NA,NA,NA,NA,NA,NA
10,104,137,19880701,NA,NA,NA,NA,NA,NA
10,104,138,19880701,NA,NA,NA,NA,NA,NA
10,104,139,19880701,NA,NA,NA,NA,NA,NA
10,104,140,19880701,NA,NA,NA,NA,NA,NA
10,104,141,19880701,NA,20061101,142,NA,NA,NA
10,104,142,19880701,NA,NA,NA,NA,NA,NA
10,104,143,19880701,NA,NA,NA,NA,NA,NA
10,104,207,19880701,NA,NA,NA,NA,NA,NA
10,104,208,19880701,NA,19990101,207,NA,NA,NA
10,105,144,19880701,NA,NA,NA,NA,NA,NA
10,105,145,19880701,NA,NA,NA,NA,NA,NA
10,105,146,19880701,NA,NA,NA,NA,NA,NA
10,105,147,19880701,NA,NA,NA,NA,NA,NA
10,105,148,19880701,NA,NA,NA,NA,NA,NA
10,105,149,19880701,NA,NA,NA,NA,NA,NA
10,105,150,19880701,NA,20220601,149,NA,NA,NA
10,105,151,19880701,NA,NA,NA,NA,NA,NA
10,105,152,19880701,NA,NA,NA,NA,NA,NA
10,105,153,19880701,NA,NA,NA,NA,NA,NA
10,105,154,19880701,NA,NA,NA,NA,NA,NA
10,105,155,19880701,NA,19900101,158,NA,NA,NA
10,105,156,19880701,NA,NA,NA,NA,NA,NA
10,105,157,19880701,NA,NA,NA,NA,NA,NA
10,105,158,19880701,NA,NA,NA,NA,NA,NA
10,105,159,19880701,NA,NA,NA,NA,NA,NA
10,106,160,19880701,NA,19900101,171,NA,NA,NA
10,106,216,20010301,171,NA,NA,NA,NA,NA
10,106,220,20081101,216,NA,NA,NA,NA,NA
10,106,221,20171101,216,NA,NA,NA,NA,NA
10,106,222,20220601,220,NA,NA,NA,NA,NA
10,107,161,19880701,NA,NA,NA,NA,NA,NA
10,107,162,19880701,NA,NA,NA,NA,NA,NA
10,107,163,19880701,NA,NA,NA,NA,NA,NA
10,107,164,19880701,NA,NA,NA,NA,NA,NA
10,107,165,19880701,NA,NA,NA,NA,NA,NA
10,107,166,19880701,NA,19900101,165,NA,NA,NA
10,107,167,19880701,NA,NA,NA,NA,NA,NA
10,107,168,19880701,NA,NA,NA,NA,NA,NA
10,107,169,19880701,NA,NA,NA,NA,NA,NA
10,107,170,19880701,NA,NA,NA,NA,NA,NA
10,107,171,19880701,NA,NA,NA,NA,NA,NA
10,107,172,19880701,NA,NA,NA,NA,NA,NA
10,107,173,19880701,NA,NA,NA,NA,NA,NA
10,107,174,19880701,NA,NA,NA,NA,NA,NA
10,107,175,19880701,NA,NA,NA,NA,NA,NA
10,107,176,19880701,NA,NA,NA,NA,NA,NA
10,107,177,19880701,NA,19960501,187,NA,NA,NA
10,107,178,19880701,NA,NA,NA,NA,NA,NA
10,107,179,19880701,NA,NA,NA,NA,NA,NA
10,107,180,19880701,NA,NA,NA,NA,NA,NA
10,107,181,19880701,NA,NA,NA,NA,NA,NA
10,107,182,19880701,NA,NA,NA,NA,NA,NA
10,107,183,19880701,NA,NA,NA,NA,NA,NA
10,107,184,19880701,NA,NA,NA,NA,NA,NA
10,107,185,19880701,NA,NA,NA,NA,NA,NA
10,107,186,19880701,NA,20081101,189,NA,NA,NA
10,107,187,19880701,NA,NA,NA,NA,NA,NA
10,107,188,19880701,NA,NA,NA,NA,NA,NA
10,107,189,19880701,NA,NA,NA,NA,NA,NA
10,107,190,19880701,NA,NA,NA,NA,NA,NA
10,107,191,19880701,NA,NA,NA,NA,NA,NA
10,107,192,19880701,NA,NA,NA,NA,NA,NA
10,107,193,19880701,NA,NA,NA,NA,NA,NA
10,107,194,19880701,NA,NA,NA,NA,NA,NA
10,107,195,19880701,NA,20120701,192,NA,NA,NA
10,107,196,19880701,NA,20171101,198,NA,NA,NA
10,107,197,19880701,NA,NA,NA,NA,NA,NA
10,107,198,19880701,NA,NA,NA,NA,NA,NA
10,107,199,19880701,NA,NA,NA,NA,NA,NA
10,107,200,19880701,NA,20101001,199,NA,NA,NA
10,107,201,19880701,NA,NA,NA,NA,NA,NA
10,107,202,19880701,NA,NA,NA,NA,NA,NA
10,107,203,19880701,NA,NA,NA,NA,NA,NA
10,107,204,19880701,NA,NA,NA,NA,NA,NA
10,107,205,19880701,NA,NA,NA,NA,NA,NA
10,107,209,19900101,205,NA,NA,NA,NA,NA
10,107,210,19940101,205,NA,NA,NA,NA,NA
10,107,214,19990101,167,NA,NA,NA,NA,NA
11,111,1,19880701,NA,NA,NA,NA,NA,NA
11,111,2,19880701,NA,NA,NA,NA,NA,NA
11,111,3,19880701,NA,NA,NA,NA,NA,NA
11,111,4,19880701,NA,NA,NA,NA,NA,NA
11,111,5,19880701,NA,NA,NA,NA,NA,NA
11,111,6,19880701,NA,NA,NA,NA,NA,NA
11,111,7,19880701,NA,NA,NA,NA,NA,NA
11,111,8,19880701,NA,20081101,007,NA,NA,NA
11,111,9,19880701,NA,20051201,012,NA,NA,NA
11,111,10,19880701,NA,NA,NA,NA,NA,NA
11,111,11,19880701,NA,NA,NA,NA,NA,NA
11,111,12,19880701,NA,NA,NA,NA,NA,NA
11,111,13,19880701,NA,NA,NA,NA,NA,NA
11,111,14,19880701,NA,20051201,013,NA,NA,NA
11,111,15,19880701,NA,NA,NA,NA,NA,NA
11,111,16,19880701,NA,NA,NA,NA,NA,NA
11,111,17,19880701,NA,NA,NA,NA,NA,NA
11,111,18,19880701,NA,NA,NA,NA,NA,NA
11,111,19,19880701,NA,NA,NA,NA,NA,NA
11,111,20,19880701,NA,20051201,021,NA,NA,NA
11,111,21,19880701,NA,NA,NA,NA,NA,NA
11,112,22,19880701,NA,NA,NA,NA,NA,NA
11,112,23,19880701,NA,NA,NA,NA,NA,NA
11,112,24,19880701,NA,NA,NA,NA,NA,NA
11,112,25,19880701,NA,NA,NA,NA,NA,NA
11,112,26,19880701,NA,NA,NA,NA,NA,NA
11,112,27,19880701,NA,20061101,026,NA,NA,NA
11,112,28,19880701,NA,NA,NA,NA,NA,NA
11,112,29,19880701,NA,NA,NA,NA,NA,NA
11,112,30,19880701,NA,NA,NA,NA,NA,NA
11,112,31,19880701,NA,NA,NA,NA,NA,NA
11,112,32,19880701,NA,NA,NA,NA,NA,NA
11,112,33,19880701,NA,NA,NA,NA,NA,NA
11,112,34,19880701,NA,NA,NA,NA,NA,NA
11,112,35,19880701,NA,NA,NA,NA,NA,NA
11,112,36,19880701,NA,NA,NA,NA,NA,NA
11,112,37,19880701,NA,NA,NA,NA,NA,NA
11,112,38,19880701,NA,NA,NA,NA,NA,NA
11,112,39,19880701,NA,NA,NA,NA,NA,NA
11,112,40,19880701,NA,NA,NA,NA,NA,NA
11,112,41,19880701,NA,NA,NA,NA,NA,NA
11,112,42,19880701,NA,NA,NA,NA,NA,NA
11,112,43,19880701,NA,NA,NA,NA,NA,NA
11,112,44,19880701,NA,NA,NA,NA,NA,NA
11,112,45,19880701,NA,NA,NA,NA,NA,NA
11,112,46,19880701,NA,NA,NA,NA,NA,NA
11,112,181,19960501,046,NA,NA,NA,NA,NA
11,112,184,20051201,022,NA,NA,NA,NA,NA
11,113,47,19880701,NA,NA,NA,NA,NA,NA
11,113,48,19880701,NA,NA,NA,NA,NA,NA
11,113,49,19880701,NA,NA,NA,NA,NA,NA
11,113,50,19880701,NA,NA,NA,NA,NA,NA
11,113,51,19880701,NA,NA,NA,NA,NA,NA
11,113,52,19880701,NA,20120701,051,NA,NA,NA
11,113,53,19880701,NA,20031101,10-217,NA,NA,NA
11,113,54,19880701,NA,NA,NA,NA,NA,NA
11,113,55,19880701,NA,NA,NA,NA,NA,NA
11,113,56,19880701,NA,NA,NA,NA,NA,NA
11,113,57,19880701,NA,NA,NA,NA,NA,NA
11,113,58,19880701,NA,NA,NA,NA,NA,NA
11,113,59,19880701,NA,NA,NA,NA,NA,NA
11,113,60,19880701,NA,NA,NA,NA,NA,NA
11,113,61,19880701,NA,NA,NA,NA,NA,NA
11,113,62,19880701,NA,NA,NA,NA,NA,NA
11,113,63,19880701,NA,NA,NA,NA,NA,NA
11,113,64,19880701,NA,19900101,063,NA,NA,NA
11,113,65,19880701,NA,NA,NA,NA,NA,NA
11,113,66,19880701,NA,20220601,195,NA,NA,NA
11,113,67,19880701,NA,NA,NA,NA,NA,NA
11,113,68,19880701,NA,NA,NA,NA,NA,NA
11,113,69,19880701,NA,NA,NA,NA,NA,NA
11,113,70,19880701,NA,NA,NA,NA,NA,NA
11,113,71,19880701,NA,NA,NA,NA,NA,NA
11,113,72,19880701,NA,NA,NA,NA,NA,NA
11,113,73,19880701,NA,NA,NA,NA,NA,NA
11,113,74,19880701,NA,NA,NA,NA,NA,NA
11,113,75,19880701,NA,NA,NA,NA,NA,NA
11,113,76,19880701,NA,20101001,069,NA,NA,NA
11,113,180,19940101,054,NA,NA,NA,NA,NA
11,113,195,20171101,067,NA,NA,NA,NA,NA
11,114,77,19880701,NA,20031101,080,NA,NA,NA
11,114,78,19880701,NA,NA,NA,NA,NA,NA
11,114,79,19880701,NA,NA,NA,NA,NA,NA
11,114,80,19880701,NA,NA,NA,NA,NA,NA
11,114,81,19880701,NA,NA,NA,NA,NA,NA
11,114,82,19880701,NA,NA,NA,NA,NA,NA
11,114,83,19880701,NA,NA,NA,NA,NA,NA
11,114,84,19880701,NA,20171101,085,NA,NA,NA
11,114,85,19880701,NA,NA,NA,NA,NA,NA
11,114,86,19880701,NA,NA,NA,NA,NA,NA
11,114,87,19880701,NA,NA,NA,NA,NA,NA
11,114,88,19880701,NA,NA,NA,NA,NA,NA
11,114,89,19880701,NA,NA,NA,NA,NA,NA
11,114,90,19880701,NA,20031101,089,NA,NA,NA
11,114,91,19880701,NA,NA,NA,NA,NA,NA
11,114,92,19880701,NA,NA,NA,NA,NA,NA
11,114,93,19880701,NA,NA,NA,NA,NA,NA
11,114,94,19880701,NA,NA,NA,NA,NA,NA
11,114,95,19880701,NA,NA,NA,NA,NA,NA
11,114,96,19880701,NA,NA,NA,NA,NA,NA
11,114,97,19880701,NA,NA,NA,NA,NA,NA
11,114,98,19880701,NA,NA,NA,NA,NA,NA
11,114,99,19880701,NA,NA,NA,NA,NA,NA
11,114,100,19880701,NA,NA,NA,NA,NA,NA
11,114,101,19880701,NA,NA,NA,NA,NA,NA
11,114,102,19880701,NA,NA,NA,NA,NA,NA
11,114,103,19880701,NA,NA,NA,NA,NA,NA
11,114,104,19880701,NA,NA,NA,NA,NA,NA
11,114,105,19880701,NA,NA,NA,NA,NA,NA
11,114,106,19880701,NA,NA,NA,NA,NA,NA
11,114,107,19880701,NA,NA,NA,NA,NA,NA
11,114,108,19880701,NA,NA,NA,NA,NA,NA
11,114,109,19880701,NA,NA,NA,NA,NA,NA
11,114,110,19880701,NA,NA,NA,NA,NA,NA
11,114,111,19880701,NA,NA,NA,NA,NA,NA
11,114,112,19880701,NA,NA,NA,NA,NA,NA
11,114,179,19900101,100,NA,NA,NA,NA,NA
11,115,113,19880701,NA,NA,NA,NA,NA,NA
11,115,114,19880701,NA,NA,NA,NA,NA,NA
11,115,115,19880701,NA,NA,NA,NA,NA,NA
11,115,116,19880701,NA,NA,NA,NA,NA,NA
11,115,117,19880701,NA,NA,NA,NA,NA,NA
11,115,118,19880701,NA,NA,NA,NA,NA,NA
11,115,119,19880701,NA,NA,NA,NA,NA,NA
11,115,120,19880701,NA,NA,NA,NA,NA,NA
11,115,121,19880701,NA,NA,NA,NA,NA,NA
11,115,122,19880701,NA,NA,NA,NA,NA,NA
11,115,123,19880701,NA,NA,NA,NA,NA,NA
11,115,124,19880701,NA,NA,NA,NA,NA,NA
11,115,125,19880701,NA,NA,NA,NA,NA,NA
11,115,126,19880701,NA,NA,NA,NA,NA,NA
11,115,127,19880701,NA,20061101,130,NA,NA,NA
11,115,128,19880701,NA,NA,NA,NA,NA,NA
11,115,129,19880701,NA,NA,NA,NA,NA,NA
11,115,130,19880701,NA,NA,NA,NA,NA,NA
11,115,131,19880701,NA,NA,NA,NA,NA,NA
11,115,132,19880701,NA,NA,NA,NA,NA,NA
11,115,133,19880701,NA,NA,NA,NA,NA,NA
11,115,134,19880701,NA,NA,NA,NA,NA,NA
11,115,135,19880701,NA,NA,NA,NA,NA,NA
11,115,136,19880701,NA,NA,NA,NA,NA,NA
11,115,137,19880701,NA,NA,NA,NA,NA,NA
11,115,185,20051201,125,NA,NA,NA,NA,NA
11,115,199,20220601,126,NA,NA,NA,NA,NA
11,116,138,19880701,NA,NA,NA,NA,NA,NA
11,116,139,19880701,NA,NA,NA,NA,NA,NA
11,116,140,19880701,NA,NA,NA,NA,NA,NA
11,116,141,19880701,NA,NA,NA,NA,NA,NA
11,116,142,19880701,NA,NA,NA,NA,NA,NA
11,116,143,19880701,NA,NA,NA,NA,NA,NA
11,116,144,19880701,NA,19960501,143,NA,NA,NA
11,116,145,19880701,NA,NA,NA,NA,NA,NA
11,116,146,19880701,NA,NA,NA,NA,NA,NA
11,116,147,19880701,NA,NA,NA,NA,NA,NA
11,116,148,19880701,NA,NA,NA,NA,NA,NA
11,116,149,19880701,NA,NA,NA,NA,NA,NA
11,116,150,19880701,NA,NA,NA,NA,NA,NA
11,116,151,19880701,NA,NA,NA,NA,NA,NA
11,116,152,19880701,NA,NA,NA,NA,NA,NA
11,116,153,19880701,NA,NA,NA,NA,NA,NA
11,116,154,19880701,NA,NA,NA,NA,NA,NA
11,116,155,19880701,NA,NA,NA,NA,NA,NA
11,116,156,19880701,NA,NA,NA,NA,NA,NA
11,116,186,20051201,155,NA,NA,NA,NA,NA
11,116,187,20051201,155,NA,NA,NA,NA,NA
11,116,188,20061101,186,NA,NA,NA,NA,NA
11,116,189,20061101,186,NA,NA,NA,NA,NA
11,116,190,20061101,187,NA,NA,NA,NA,NA
11,116,191,20061101,156,NA,NA,NA,NA,NA
11,116,192,20081101,191,NA,NA,NA,NA,NA
11,116,193,20091101,156,NA,NA,NA,NA,NA
11,116,196,20171101,187,NA,NA,NA,NA,NA
11,116,197,20171101,190,NA,NA,NA,NA,NA
11,116,198,20171101,192,NA,NA,NA,NA,NA
11,116,200,20220601,156,NA,NA,NA,NA,NA
11,117,157,19880701,NA,NA,NA,NA,NA,NA
11,117,158,19880701,NA,NA,NA,NA,NA,NA
11,117,159,19880701,NA,20171101,160,NA,NA,NA
11,117,160,19880701,NA,NA,NA,NA,NA,NA
11,117,161,19880701,NA,NA,NA,NA,NA,NA
11,117,162,19880701,NA,NA,NA,NA,NA,NA
11,117,163,19880701,NA,NA,NA,NA,NA,NA
11,117,164,19880701,NA,20051201,165,NA,NA,NA
11,117,165,19880701,NA,NA,NA,NA,NA,NA
11,117,166,19880701,NA,20101001,169,NA,NA,NA
11,117,167,19880701,NA,NA,NA,NA,NA,NA
11,117,168,19880701,NA,NA,NA,NA,NA,NA
11,117,169,19880701,NA,NA,NA,NA,NA,NA
11,117,170,19880701,NA,NA,NA,NA,NA,NA
11,117,171,19880701,NA,NA,NA,NA,NA,NA
11,117,172,19880701,NA,20120701,177,NA,NA,NA
11,117,173,19880701,NA,NA,NA,NA,NA,NA
11,117,174,19880701,NA,NA,NA,NA,NA,NA
11,117,175,19880701,NA,NA,NA,NA,NA,NA
11,117,176,19880701,NA,NA,NA,NA,NA,NA
11,117,177,19880701,NA,NA,NA,NA,NA,NA
11,117,178,19880701,NA,NA,NA,NA,NA,NA
11,117,182,20031101,157,NA,NA,NA,NA,NA
11,117,183,20031101,157,NA,NA,NA,NA,NA
11,117,194,20101001,183,NA,NA,NA,NA,NA
11,117,201,20241015,182,NA,NA,NA,NA,NA
12,121,1,19880701,NA,NA,NA,NA,NA,NA
12,121,2,19880701,NA,NA,NA,NA,NA,NA
12,121,3,19880701,NA,NA,NA,NA,NA,NA
12,121,4,19880701,NA,20081101,003,NA,NA,NA
12,121,5,19880701,NA,NA,NA,NA,NA,NA
12,121,6,19880701,NA,NA,NA,NA,NA,NA
12,121,7,19880701,NA,NA,NA,NA,NA,NA
12,121,8,19880701,NA,NA,NA,NA,NA,NA
12,121,9,19880701,NA,NA,NA,NA,NA,NA
12,121,10,19880701,NA,NA,NA,NA,NA,NA
12,121,11,19880701,NA,NA,NA,NA,NA,NA
12,121,12,19880701,NA,NA,NA,NA,NA,NA
12,121,13,19880701,NA,NA,NA,NA,NA,NA
12,121,14,19880701,NA,NA,NA,NA,NA,NA
12,121,15,19880701,NA,NA,NA,NA,NA,NA
12,121,16,19880701,NA,NA,NA,NA,NA,NA
12,121,17,19880701,NA,19900101,016,NA,NA,NA
12,121,101,20031101,016,NA,NA,NA,NA,NA
12,121,102,20031101,016,NA,NA,NA,NA,NA
12,121,106,20061101,016,NA,NA,NA,NA,NA
12,122,18,19880701,NA,NA,NA,NA,NA,NA
12,122,19,19880701,NA,NA,NA,NA,NA,NA
12,122,20,19880701,NA,NA,NA,NA,NA,NA
12,122,21,19880701,NA,20171101,022,NA,NA,NA
12,122,22,19880701,NA,NA,NA,NA,NA,NA
12,122,23,19880701,NA,NA,NA,NA,NA,NA
12,122,24,19880701,NA,NA,NA,NA,NA,NA
12,122,25,19880701,NA,19900101,024,NA,NA,NA
12,122,26,19880701,NA,19900101,019,NA,NA,NA
12,122,99,19991201,024,NA,NA,NA,NA,NA
12,122,108,20091101,019,NA,NA,NA,NA,NA
12,122,110,20220601,108,NA,NA,NA,NA,NA
12,123,27,19880701,NA,NA,NA,NA,NA,NA
12,123,28,19880701,NA,NA,NA,NA,NA,NA
12,123,29,19880701,NA,NA,NA,NA,NA,NA
12,123,30,19880701,NA,NA,NA,NA,NA,NA
12,123,31,19880701,NA,NA,NA,NA,NA,NA
12,123,32,19880701,NA,NA,NA,NA,NA,NA
12,123,33,19880701,NA,NA,NA,NA,NA,NA
12,123,34,19880701,NA,NA,NA,NA,NA,NA
12,123,35,19880701,NA,19900101,034,NA,NA,NA
12,123,36,19880701,NA,20171101,034,NA,NA,NA
12,123,37,19880701,NA,NA,NA,NA,NA,NA
12,123,38,19880701,NA,19900101,037,NA,NA,NA
12,123,100,19991201,034,NA,NA,NA,NA,NA
12,123,103,20031101,027,NA,NA,NA,NA,NA
12,123,104,20031101,027,NA,NA,NA,NA,NA
12,123,105,20051201,103,NA,NA,NA,NA,NA
12,123,109,20120701,104,NA,NA,NA,NA,NA
12,124,39,19880701,NA,NA,NA,NA,NA,NA
12,124,40,19880701,NA,20141001,041,NA,NA,NA
12,124,41,19880701,NA,NA,NA,NA,NA,NA
12,124,42,19880701,NA,NA,NA,NA,NA,NA
12,124,43,19880701,NA,NA,NA,NA,NA,NA
12,124,44,19880701,NA,NA,NA,NA,NA,NA
12,124,45,19880701,NA,NA,NA,NA,NA,NA
12,124,46,19880701,NA,NA,NA,NA,NA,NA
12,124,47,19880701,NA,NA,NA,NA,NA,NA
12,124,48,19880701,NA,NA,NA,NA,NA,NA
12,124,49,19880701,NA,NA,NA,NA,NA,NA
12,124,50,19880701,NA,NA,NA,NA,NA,NA
12,124,51,19880701,NA,NA,NA,NA,NA,NA
12,124,52,19880701,NA,NA,NA,NA,NA,NA
12,124,107,20070901,052,NA,NA,NA,NA,NA
12,125,53,19880701,NA,NA,NA,NA,NA,NA
12,125,54,19880701,NA,NA,NA,NA,NA,NA
12,125,55,19880701,NA,NA,NA,NA,NA,NA
12,125,56,19880701,NA,NA,NA,NA,NA,NA
12,125,57,19880701,NA,NA,NA,NA,NA,NA
12,125,58,19880701,NA,19900101,061,NA,NA,NA
12,125,59,19880701,NA,NA,NA,NA,NA,NA
12,125,60,19880701,NA,20051201,061,NA,NA,NA
12,125,61,19880701,NA,NA,NA,NA,NA,NA
12,125,62,19880701,NA,NA,NA,NA,NA,NA
12,125,63,19880701,NA,20081101,062,NA,NA,NA
12,125,64,19880701,NA,NA,NA,NA,NA,NA
12,125,65,19880701,NA,NA,NA,NA,NA,NA
12,125,66,19880701,NA,NA,NA,NA,NA,NA
12,125,67,19880701,NA,NA,NA,NA,NA,NA
12,125,68,19880701,NA,20061101,067,NA,NA,NA
12,125,69,19880701,NA,NA,NA,NA,NA,NA
12,125,70,19880701,NA,NA,NA,NA,NA,NA
12,125,71,19880701,NA,NA,NA,NA,NA,NA
12,125,72,19880701,NA,20081101,071,NA,NA,NA
12,125,73,19880701,NA,NA,NA,NA,NA,NA
12,125,74,19880701,NA,NA,NA,NA,NA,NA
12,126,75,19880701,NA,NA,NA,NA,NA,NA
12,126,76,19880701,NA,20081101,075,NA,NA,NA
12,126,77,19880701,NA,NA,NA,NA,NA,NA
12,126,78,19880701,NA,NA,NA,NA,NA,NA
12,126,79,19880701,NA,NA,NA,NA,NA,NA
12,126,80,19880701,NA,NA,NA,NA,NA,NA
12,126,81,19880701,NA,NA,NA,NA,NA,NA
12,126,82,19880701,NA,NA,NA,NA,NA,NA
12,126,83,19880701,NA,NA,NA,NA,NA,NA
12,126,84,19880701,NA,NA,NA,NA,NA,NA
12,126,98,19990101,084,NA,NA,NA,NA,NA
12,127,85,19880701,NA,19900101,086,NA,NA,NA
12,127,86,19880701,NA,NA,NA,NA,NA,NA
12,127,87,19880701,NA,NA,NA,NA,NA,NA
12,127,88,19880701,NA,NA,NA,NA,NA,NA
12,127,89,19880701,NA,NA,NA,NA,NA,NA
12,127,90,19880701,NA,NA,NA,NA,NA,NA
12,127,91,19880701,NA,NA,NA,NA,NA,NA
12,127,92,19880701,NA,NA,NA,NA,NA,NA
12,127,93,19880701,NA,NA,NA,NA,NA,NA
12,127,94,19880701,NA,NA,NA,NA,NA,NA
12,127,95,19880701,NA,19900101,093,NA,NA,NA
12,127,96,19880701,NA,NA,NA,NA,NA,NA
12,127,97,19880701,NA,NA,NA,NA,NA,NA
13,131,1,19880701,NA,19940101,014,NA,NA,NA
13,131,2,19880701,NA,NA,NA,NA,NA,NA
13,131,3,19880701,NA,NA,NA,NA,NA,NA
13,131,4,19880701,NA,NA,NA,NA,NA,NA
13,131,5,19880701,NA,NA,NA,NA,NA,NA
13,131,6,19880701,NA,NA,NA,NA,NA,NA
13,131,7,19880701,NA,NA,NA,NA,NA,NA
13,131,8,19880701,NA,NA,NA,NA,NA,NA
13,131,9,19880701,NA,20010301,008,NA,NA,NA
13,131,10,19880701,NA,NA,NA,NA,NA,NA
13,131,11,19880701,NA,NA,NA,NA,NA,NA
13,131,12,19880701,NA,NA,NA,NA,NA,NA
13,131,13,19880701,NA,NA,NA,NA,NA,NA
13,131,14,19880701,NA,NA,NA,NA,NA,NA
13,131,15,19880701,NA,20120701,014,NA,NA,NA
13,131,16,19880701,NA,NA,NA,NA,NA,NA
13,131,17,19880701,NA,NA,NA,NA,NA,NA
13,131,18,19880701,NA,NA,NA,NA,NA,NA
13,131,19,19880701,NA,NA,NA,NA,NA,NA
13,131,20,19880701,NA,19960501,021,NA,NA,NA
13,131,21,19880701,NA,NA,NA,NA,NA,NA
13,131,22,19880701,NA,NA,NA,NA,NA,NA
13,131,23,19880701,NA,NA,NA,NA,NA,NA
13,131,24,19880701,NA,NA,NA,NA,NA,NA
13,131,25,19880701,NA,20131001,030,NA,NA,NA
13,131,26,19880701,NA,NA,NA,NA,NA,NA
13,131,27,19880701,NA,20220601,014,NA,NA,NA
13,131,28,19880701,NA,NA,NA,NA,NA,NA
13,131,29,19880701,NA,NA,NA,NA,NA,NA
13,131,30,19880701,NA,NA,NA,NA,NA,NA
13,131,31,19880701,NA,NA,NA,NA,NA,NA
13,131,32,19880701,NA,NA,NA,NA,NA,NA
13,131,33,19880701,NA,NA,NA,NA,NA,NA
13,131,34,19880701,NA,NA,NA,NA,NA,NA
13,131,35,19880701,NA,NA,NA,NA,NA,NA
13,132,36,19880701,NA,NA,NA,NA,NA,NA
13,132,37,19880701,NA,NA,NA,NA,NA,NA
13,132,38,19880701,NA,NA,NA,NA,NA,NA
13,132,39,19880701,NA,NA,NA,NA,NA,NA
13,132,40,19880701,NA,NA,NA,NA,NA,NA
13,132,41,19880701,NA,NA,NA,NA,NA,NA
13,132,42,19880701,NA,NA,NA,NA,NA,NA
13,132,43,19880701,NA,NA,NA,NA,NA,NA
13,132,44,19880701,NA,NA,NA,NA,NA,NA
13,132,45,19880701,NA,NA,NA,NA,NA,NA
13,132,46,19880701,NA,NA,NA,NA,NA,NA
13,132,47,19880701,NA,NA,NA,NA,NA,NA
13,132,48,19880701,NA,NA,NA,NA,NA,NA
13,132,49,19880701,NA,NA,NA,NA,NA,NA
13,132,50,19880701,NA,NA,NA,NA,NA,NA
13,132,51,19880701,NA,19960501,054,NA,NA,NA
13,132,52,19880701,NA,NA,NA,NA,NA,NA
13,132,53,19880701,NA,NA,NA,NA,NA,NA
13,132,54,19880701,NA,NA,NA,NA,NA,NA
13,132,55,19880701,NA,NA,NA,NA,NA,NA
13,132,56,19880701,NA,NA,NA,NA,NA,NA
13,132,57,19880701,NA,NA,NA,NA,NA,NA
13,132,58,19880701,NA,NA,NA,NA,NA,NA
13,132,59,19880701,NA,NA,NA,NA,NA,NA
13,132,60,19880701,NA,NA,NA,NA,NA,NA
13,132,61,19880701,NA,NA,NA,NA,NA,NA
13,132,62,19880701,NA,NA,NA,NA,NA,NA
13,132,63,19880701,NA,NA,NA,NA,NA,NA
13,132,64,19880701,NA,20171101,065,NA,NA,NA
13,132,65,19880701,NA,NA,NA,NA,NA,NA
13,132,66,19880701,NA,NA,NA,NA,NA,NA
13,132,67,19880701,NA,19990101,056,NA,NA,NA
13,132,68,19880701,NA,20081101,056,NA,NA,NA
13,132,69,19880701,NA,NA,NA,NA,NA,NA
13,132,218,20241015,056,NA,NA,NA,NA,NA
13,133,70,19880701,NA,19900101,074,NA,NA,NA
13,133,71,19880701,NA,19900101,101,NA,NA,NA
13,133,72,19880701,NA,19900101,094,NA,NA,NA
13,133,73,19880701,NA,19900101,074,NA,NA,NA
13,133,74,19880701,NA,NA,NA,NA,NA,NA
13,133,75,19880701,NA,19940101,074,NA,NA,NA
13,133,76,19880701,NA,20031101,206,NA,NA,NA
13,133,77,19880701,NA,NA,NA,NA,NA,NA
13,133,78,19880701,NA,NA,NA,NA,NA,NA
13,133,79,19880701,NA,NA,NA,NA,NA,NA
13,133,80,19880701,NA,NA,NA,NA,NA,NA
13,133,81,19880701,NA,19900101,080,NA,NA,NA
13,133,82,19880701,NA,19960501,083,NA,NA,NA
13,133,83,19880701,NA,NA,NA,NA,NA,NA
13,133,84,19880701,NA,NA,NA,NA,NA,NA
13,133,85,19880701,NA,20031101,086,NA,NA,NA
13,133,86,19880701,NA,NA,NA,NA,NA,NA
13,133,87,19880701,NA,NA,NA,NA,NA,NA
13,133,88,19880701,NA,NA,NA,NA,NA,NA
13,133,89,19880701,NA,NA,NA,NA,NA,NA
13,133,90,19880701,NA,NA,NA,NA,NA,NA
13,133,91,19880701,NA,NA,NA,NA,NA,NA
13,133,92,19880701,NA,NA,NA,NA,NA,NA
13,133,93,19880701,NA,19940101,092,NA,NA,NA
13,133,94,19880701,NA,NA,NA,NA,NA,NA
13,133,95,19880701,NA,19900101,094,NA,NA,NA
13,133,96,19880701,NA,19900101,094,NA,NA,NA
13,133,97,19880701,NA,19900101,094,NA,NA,NA
13,133,98,19880701,NA,19900101,094,NA,NA,NA
13,133,99,19880701,NA,19900101,094,NA,NA,NA
13,133,100,19880701,NA,19900101,101,NA,NA,NA
13,133,101,19880701,NA,19960501,104,NA,NA,NA
13,133,102,19880701,NA,19900101,101,NA,NA,NA
13,133,103,19880701,NA,NA,NA,NA,NA,NA
13,133,104,19880701,NA,NA,NA,NA,NA,NA
13,133,105,19880701,NA,19900101,094,NA,NA,NA
13,133,106,19880701,NA,19900101,094,NA,NA,NA
13,133,107,19880701,NA,19900101,094,NA,NA,NA
13,133,203,19960501,094,NA,NA,NA,NA,NA
13,133,204,19960501,094,NA,NA,NA,NA,NA
13,133,205,19960501,094,NA,NA,NA,NA,NA
13,133,206,19960501,074,NA,NA,NA,NA,NA
13,133,207,19990101,094,NA,NA,NA,NA,NA
13,133,208,19990101,203,NA,NA,NA,NA,NA
13,133,209,19990101,204,NA,NA,NA,NA,NA
13,133,210,19990101,205,NA,NA,NA,NA,NA
13,133,213,20010301,207,NA,NA,NA,NA,NA
13,133,219,20241015,206,NA,NA,NA,NA,NA
13,134,108,19880701,NA,NA,NA,NA,NA,NA
13,134,109,19880701,NA,NA,NA,NA,NA,NA
13,134,110,19880701,NA,NA,NA,NA,NA,NA
13,134,111,19880701,NA,NA,NA,NA,NA,NA
13,134,112,19880701,NA,NA,NA,NA,NA,NA
13,134,113,19880701,NA,20051201,112,NA,NA,NA
13,134,114,19880701,NA,20220601,115,NA,NA,NA
13,134,115,19880701,NA,NA,NA,NA,NA,NA
13,134,116,19880701,NA,NA,NA,NA,NA,NA
13,134,117,19880701,NA,NA,NA,NA,NA,NA
13,134,118,19880701,NA,NA,NA,NA,NA,NA
13,134,119,19880701,NA,NA,NA,NA,NA,NA
13,134,120,19880701,NA,NA,NA,NA,NA,NA
13,134,121,19880701,NA,NA,NA,NA,NA,NA
13,134,122,19880701,NA,NA,NA,NA,NA,NA
13,134,123,19880701,NA,NA,NA,NA,NA,NA
13,134,124,19880701,NA,NA,NA,NA,NA,NA
13,134,125,19880701,NA,NA,NA,NA,NA,NA
13,134,126,19880701,NA,20220601,117,NA,NA,NA
13,134,127,19880701,NA,NA,NA,NA,NA,NA
13,134,128,19880701,NA,NA,NA,NA,NA,NA
13,134,129,19880701,NA,NA,NA,NA,NA,NA
13,134,130,19880701,NA,19960501,134,NA,NA,NA
13,134,131,19880701,NA,NA,NA,NA,NA,NA
13,134,132,19880701,NA,NA,NA,NA,NA,NA
13,134,133,19880701,NA,NA,NA,NA,NA,NA
13,134,134,19880701,NA,NA,NA,NA,NA,NA
13,134,135,19880701,NA,NA,NA,NA,NA,NA
13,134,136,19880701,NA,NA,NA,NA,NA,NA
13,134,137,19880701,NA,NA,NA,NA,NA,NA
13,134,138,19880701,NA,NA,NA,NA,NA,NA
13,134,139,19880701,NA,NA,NA,NA,NA,NA
13,134,140,19880701,NA,NA,NA,NA,NA,NA
13,134,199,19940101,128,NA,NA,NA,NA,NA
13,134,211,19991201,108,NA,NA,NA,NA,NA
13,134,215,20081101,127,NA,NA,NA,NA,NA
13,134,216,20101001,127,NA,NA,NA,NA,NA
13,135,141,19880701,NA,20081101,144,NA,NA,NA
13,135,142,19880701,NA,NA,NA,NA,NA,NA
13,135,143,19880701,NA,NA,NA,NA,NA,NA
13,135,144,19880701,NA,NA,NA,NA,NA,NA
13,135,145,19880701,NA,NA,NA,NA,NA,NA
13,135,146,19880701,NA,NA,NA,NA,NA,NA
13,135,147,19880701,NA,NA,NA,NA,NA,NA
13,135,148,19880701,NA,NA,NA,NA,NA,NA
13,135,149,19880701,NA,19900101,155,NA,NA,NA
13,135,150,19880701,NA,NA,NA,NA,NA,NA
13,135,151,19880701,NA,19900101,153,NA,NA,NA
13,135,152,19880701,NA,19900101,153,NA,NA,NA
13,135,153,19880701,NA,NA,NA,NA,NA,NA
13,135,154,19880701,NA,NA,NA,NA,NA,NA
13,135,155,19880701,NA,NA,NA,NA,NA,NA
13,135,156,19880701,NA,NA,NA,NA,NA,NA
13,135,157,19880701,NA,NA,NA,NA,NA,NA
13,135,158,19880701,NA,NA,NA,NA,NA,NA
13,135,159,19880701,NA,19990101,158,NA,NA,NA
13,135,160,19880701,NA,NA,NA,NA,NA,NA
13,135,161,19880701,NA,NA,NA,NA,NA,NA
13,135,162,19880701,NA,NA,NA,NA,NA,NA
13,135,163,19880701,NA,NA,NA,NA,NA,NA
13,135,164,19880701,NA,NA,NA,NA,NA,NA
13,135,198,19900101,160,NA,NA,NA,NA,NA
13,135,200,19940101,153,NA,NA,NA,NA,NA
13,135,214,20051201,153,NA,NA,NA,NA,NA
13,136,165,19880701,NA,19900101,178,NA,NA,NA
13,136,166,19880701,NA,NA,NA,NA,NA,NA
13,136,167,19880701,NA,19960501,168,NA,NA,NA
13,136,168,19880701,NA,NA,NA,NA,NA,NA
13,136,169,19880701,NA,NA,NA,NA,NA,NA
13,136,170,19880701,NA,NA,NA,NA,NA,NA
13,136,171,19880701,NA,NA,NA,NA,NA,NA
13,136,172,19880701,NA,NA,NA,NA,NA,NA
13,136,173,19880701,NA,NA,NA,NA,NA,NA
13,136,174,19880701,NA,NA,NA,NA,NA,NA
13,136,175,19880701,NA,NA,NA,NA,NA,NA
13,136,176,19880701,NA,NA,NA,NA,NA,NA
13,136,177,19880701,NA,NA,NA,NA,NA,NA
13,136,178,19880701,NA,NA,NA,NA,NA,NA
13,136,179,19880701,NA,NA,NA,NA,NA,NA
13,136,180,19880701,NA,NA,NA,NA,NA,NA
13,136,181,19880701,NA,NA,NA,NA,NA,NA
13,136,182,19880701,NA,NA,NA,NA,NA,NA
13,136,183,19880701,NA,NA,NA,NA,NA,NA
13,136,184,19880701,NA,NA,NA,NA,NA,NA
13,136,185,19880701,NA,NA,NA,NA,NA,NA
13,136,186,19880701,NA,NA,NA,NA,NA,NA
13,136,187,19880701,NA,NA,NA,NA,NA,NA
13,136,188,19880701,NA,19960501,190,NA,NA,NA
13,136,189,19880701,NA,NA,NA,NA,NA,NA
13,136,190,19880701,NA,NA,NA,NA,NA,NA
13,136,191,19880701,NA,NA,NA,NA,NA,NA
13,136,192,19880701,NA,NA,NA,NA,NA,NA
13,136,193,19880701,NA,NA,NA,NA,NA,NA
13,136,194,19880701,NA,NA,NA,NA,NA,NA
13,136,195,19880701,NA,NA,NA,NA,NA,NA
13,136,196,19880701,NA,NA,NA,NA,NA,NA
13,136,197,19880701,NA,NA,NA,NA,NA,NA
13,136,201,19960501,180,NA,NA,NA,NA,NA
13,136,202,19960501,183,NA,NA,NA,NA,NA
13,136,212,19991201,182,NA,NA,NA,NA,NA
13,136,217,20171101,190,NA,NA,NA,NA,NA
14,141,1,19880701,NA,20171101,003,NA,NA,NA
14,141,2,19880701,NA,NA,NA,NA,NA,NA
14,141,3,19880701,NA,NA,NA,NA,NA,NA
14,141,4,19880701,NA,NA,NA,NA,NA,NA
14,141,5,19880701,NA,NA,NA,NA,NA,NA
14,141,6,19880701,NA,20241015,005,NA,NA,NA
14,141,7,19880701,NA,20101001,004,NA,NA,NA
14,141,8,19880701,NA,20051201,002,NA,NA,NA
14,141,79,19900101,008,NA,NA,NA,NA,NA
14,141,88,19991201,079,NA,NA,NA,NA,NA
14,141,92,20051201,079,NA,NA,NA,NA,NA
14,142,9,19880701,NA,19940101,006,NA,NA,NA
14,142,89,20000701,006,NA,NA,NA,NA,NA
14,142,90,20000701,006,NA,NA,NA,NA,NA
14,142,91,20051201,089,NA,NA,NA,NA,NA
14,142,93,20120701,090,NA,NA,NA,NA,NA
14,143,10,19880701,NA,NA,NA,NA,NA,NA
14,143,11,19880701,NA,20141001,012,NA,NA,NA
14,143,12,19880701,NA,NA,NA,NA,NA,NA
14,143,13,19880701,NA,NA,NA,NA,NA,NA
14,143,14,19880701,NA,NA,NA,NA,NA,NA
14,143,15,19880701,NA,NA,NA,NA,NA,NA
14,143,16,19880701,NA,NA,NA,NA,NA,NA
14,143,17,19880701,NA,NA,NA,NA,NA,NA
14,143,18,19880701,NA,NA,NA,NA,NA,NA
14,143,19,19880701,NA,20220601,020,NA,NA,NA
14,143,20,19880701,NA,NA,NA,NA,NA,NA
14,143,21,19880701,NA,NA,NA,NA,NA,NA
14,143,22,19880701,NA,NA,NA,NA,NA,NA
14,143,23,19880701,NA,20171101,024,NA,NA,NA
14,143,24,19880701,NA,NA,NA,NA,NA,NA
14,143,25,19880701,NA,NA,NA,NA,NA,NA
14,143,26,19880701,NA,NA,NA,NA,NA,NA
14,143,27,19880701,NA,NA,NA,NA,NA,NA
14,143,28,19880701,NA,NA,NA,NA,NA,NA
14,143,29,19880701,NA,NA,NA,NA,NA,NA
14,143,80,19940101,010,NA,NA,NA,NA,NA
14,143,81,19940101,010,NA,NA,NA,NA,NA
14,143,85,19960501,081,NA,NA,NA,NA,NA
14,143,86,19990101,081,NA,NA,NA,NA,NA
14,143,87,19991201,080,NA,NA,NA,NA,NA
14,143,94,20171101,081,NA,NA,NA,NA,NA
14,143,95,20171101,085,NA,NA,NA,NA,NA
14,144,30,19880701,NA,NA,NA,NA,NA,NA
14,144,31,19880701,NA,NA,NA,NA,NA,NA
14,144,32,19880701,NA,NA,NA,NA,NA,NA
14,144,33,19880701,NA,NA,NA,NA,NA,NA
14,144,34,19880701,NA,NA,NA,NA,NA,NA
14,144,35,19880701,NA,NA,NA,NA,NA,NA
14,144,36,19880701,NA,NA,NA,NA,NA,NA
14,144,37,19880701,NA,NA,NA,NA,NA,NA
14,144,38,19880701,NA,NA,NA,NA,NA,NA
14,144,39,19880701,NA,NA,NA,NA,NA,NA
14,144,40,19880701,NA,NA,NA,NA,NA,NA
14,144,41,19880701,NA,NA,NA,NA,NA,NA
14,144,42,19880701,NA,NA,NA,NA,NA,NA
14,144,82,19940101,040,NA,NA,NA,NA,NA
14,144,83,19940101,040,NA,NA,NA,NA,NA
14,144,84,19960501,040,NA,NA,NA,NA,NA
14,145,43,19880701,NA,NA,NA,NA,NA,NA
14,145,44,19880701,NA,NA,NA,NA,NA,NA
14,145,45,19880701,NA,NA,NA,NA,NA,NA
14,145,46,19880701,NA,NA,NA,NA,NA,NA
14,145,47,19880701,NA,NA,NA,NA,NA,NA
14,145,48,19880701,NA,NA,NA,NA,NA,NA
14,145,49,19880701,NA,NA,NA,NA,NA,NA
14,145,50,19880701,NA,NA,NA,NA,NA,NA
14,145,51,19880701,NA,NA,NA,NA,NA,NA
14,145,52,19880701,NA,NA,NA,NA,NA,NA
14,145,53,19880701,NA,NA,NA,NA,NA,NA
14,145,54,19880701,NA,NA,NA,NA,NA,NA
14,145,55,19880701,NA,NA,NA,NA,NA,NA
14,145,56,19880701,NA,NA,NA,NA,NA,NA
14,145,57,19880701,NA,NA,NA,NA,NA,NA
14,145,58,19880701,NA,NA,NA,NA,NA,NA
14,145,59,19880701,NA,NA,NA,NA,NA,NA
14,146,60,19880701,NA,NA,NA,NA,NA,NA
14,146,61,19880701,NA,NA,NA,NA,NA,NA
14,146,62,19880701,NA,NA,NA,NA,NA,NA
14,146,63,19880701,NA,NA,NA,NA,NA,NA
14,146,64,19880701,NA,NA,NA,NA,NA,NA
14,146,65,19880701,NA,NA,NA,NA,NA,NA
14,146,66,19880701,NA,20220601,067,NA,NA,NA
14,146,67,19880701,NA,NA,NA,NA,NA,NA
14,146,68,19880701,NA,20220601,069,NA,NA,NA
14,146,69,19880701,NA,NA,NA,NA,NA,NA
14,146,70,19880701,NA,NA,NA,NA,NA,NA
14,146,71,19880701,NA,NA,NA,NA,NA,NA
14,146,72,19880701,NA,NA,NA,NA,NA,NA
14,146,73,19880701,NA,NA,NA,NA,NA,NA
14,146,74,19880701,NA,20220601,064,NA,NA,NA
14,146,75,19880701,NA,NA,NA,NA,NA,NA
14,146,76,19880701,NA,NA,NA,NA,NA,NA
14,146,77,19880701,NA,NA,NA,NA,NA,NA
14,146,78,19880701,NA,20171101,077,NA,NA,NA
15,151,1,19880701,NA,NA,NA,NA,NA,NA
15,151,2,19880701,NA,NA,NA,NA,NA,NA
15,151,3,19880701,NA,NA,NA,NA,NA,NA
15,151,4,19880701,NA,20131001,008,NA,NA,NA
15,151,5,19880701,NA,NA,NA,NA,NA,NA
15,151,6,19880701,NA,NA,NA,NA,NA,NA
15,151,7,19880701,NA,20120701,008,NA,NA,NA
15,151,8,19880701,NA,NA,NA,NA,NA,NA
15,151,9,19880701,NA,NA,NA,NA,NA,NA
15,151,10,19880701,NA,NA,NA,NA,NA,NA
15,151,11,19880701,NA,NA,NA,NA,NA,NA
15,151,12,19880701,NA,NA,NA,NA,NA,NA
15,151,13,19880701,NA,NA,NA,NA,NA,NA
15,151,14,19880701,NA,NA,NA,NA,NA,NA
15,151,15,19880701,NA,NA,NA,NA,NA,NA
15,151,16,19880701,NA,NA,NA,NA,NA,NA
15,151,17,19880701,NA,NA,NA,NA,NA,NA
15,151,18,19880701,NA,NA,NA,NA,NA,NA
15,151,19,19880701,NA,NA,NA,NA,NA,NA
15,151,20,19880701,NA,NA,NA,NA,NA,NA
15,151,21,19880701,NA,NA,NA,NA,NA,NA
15,151,22,19880701,NA,NA,NA,NA,NA,NA
15,151,23,19880701,NA,NA,NA,NA,NA,NA
15,151,24,19880701,NA,NA,NA,NA,NA,NA
15,151,25,19880701,NA,NA,NA,NA,NA,NA
15,151,26,19880701,NA,NA,NA,NA,NA,NA
15,151,27,19880701,NA,NA,NA,NA,NA,NA
15,151,28,19880701,NA,NA,NA,NA,NA,NA
15,151,29,19880701,NA,NA,NA,NA,NA,NA
15,151,30,19880701,NA,NA,NA,NA,NA,NA
15,151,31,19880701,NA,NA,NA,NA,NA,NA
15,151,32,19880701,NA,NA,NA,NA,NA,NA
15,151,33,19880701,NA,NA,NA,NA,NA,NA
15,151,34,19880701,NA,NA,NA,NA,NA,NA
15,151,35,19880701,NA,NA,NA,NA,NA,NA
15,151,36,19880701,NA,NA,NA,NA,NA,NA
15,151,37,19880701,NA,NA,NA,NA,NA,NA
15,151,38,19880701,NA,NA,NA,NA,NA,NA
15,151,39,19880701,NA,NA,NA,NA,NA,NA
15,151,40,19880701,NA,NA,NA,NA,NA,NA
15,151,41,19880701,NA,NA,NA,NA,NA,NA
15,151,42,19880701,NA,NA,NA,NA,NA,NA
15,151,43,19880701,NA,NA,NA,NA,NA,NA
15,152,44,19880701,NA,NA,NA,NA,NA,NA
15,152,45,19880701,NA,NA,NA,NA,NA,NA
15,152,46,19880701,NA,NA,NA,NA,NA,NA
15,152,47,19880701,NA,NA,NA,NA,NA,NA
15,152,48,19880701,NA,NA,NA,NA,NA,NA
15,152,49,19880701,NA,NA,NA,NA,NA,NA
15,152,50,19880701,NA,NA,NA,NA,NA,NA
15,152,51,19880701,NA,NA,NA,NA,NA,NA
15,152,52,19880701,NA,NA,NA,NA,NA,NA
15,152,53,19880701,NA,NA,NA,NA,NA,NA
15,152,54,19880701,NA,NA,NA,NA,NA,NA
15,152,55,19880701,NA,20120701,054,NA,NA,NA
15,152,56,19880701,NA,NA,NA,NA,NA,NA
15,152,57,19880701,NA,NA,NA,NA,NA,NA
15,152,58,19880701,NA,NA,NA,NA,NA,NA
15,152,59,19880701,NA,NA,NA,NA,NA,NA
15,152,60,19880701,NA,NA,NA,NA,NA,NA
15,152,61,19880701,NA,NA,NA,NA,NA,NA
15,152,62,19880701,NA,NA,NA,NA,NA,NA
15,152,63,19880701,NA,20101001,074,NA,NA,NA
15,152,64,19880701,NA,20081101,062,NA,NA,NA
15,152,65,19880701,NA,NA,NA,NA,NA,NA
15,152,66,19880701,NA,NA,NA,NA,NA,NA
15,152,67,19880701,NA,NA,NA,NA,NA,NA
15,152,68,19880701,NA,NA,NA,NA,NA,NA
15,152,69,19880701,NA,NA,NA,NA,NA,NA
15,152,70,19880701,NA,NA,NA,NA,NA,NA
15,152,71,19880701,NA,NA,NA,NA,NA,NA
15,152,72,19880701,NA,20031101,073,NA,NA,NA
15,152,73,19880701,NA,NA,NA,NA,NA,NA
15,152,74,19880701,NA,NA,NA,NA,NA,NA
15,152,75,19880701,NA,NA,NA,NA,NA,NA
15,152,76,19880701,NA,NA,NA,NA,NA,NA
15,152,77,19880701,NA,NA,NA,NA,NA,NA
15,152,78,19880701,NA,NA,NA,NA,NA,NA
15,152,79,19880701,NA,NA,NA,NA,NA,NA
15,152,80,19880701,NA,NA,NA,NA,NA,NA
15,152,81,19880701,NA,NA,NA,NA,NA,NA
15,152,82,19880701,NA,NA,NA,NA,NA,NA
15,152,83,19880701,NA,NA,NA,NA,NA,NA
15,152,84,19880701,NA,NA,NA,NA,NA,NA
15,152,85,19880701,NA,NA,NA,NA,NA,NA
15,152,86,19880701,NA,NA,NA,NA,NA,NA
15,152,87,19880701,NA,NA,NA,NA,NA,NA
15,152,88,19880701,NA,NA,NA,NA,NA,NA
15,152,89,19880701,NA,NA,NA,NA,NA,NA
15,152,90,19880701,NA,NA,NA,NA,NA,NA
15,152,177,19990101,068,NA,NA,NA,NA,NA
15,152,179,20010301,069,NA,NA,NA,NA,NA
15,152,181,20051201,179,NA,NA,NA,NA,NA
15,153,92,19880701,NA,NA,NA,NA,NA,NA
15,153,93,19880701,NA,NA,NA,NA,NA,NA
15,153,94,19880701,NA,NA,NA,NA,NA,NA
15,153,95,19880701,NA,NA,NA,NA,NA,NA
15,153,96,19880701,NA,NA,NA,NA,NA,NA
15,153,97,19880701,NA,NA,NA,NA,NA,NA
15,153,98,19880701,NA,NA,NA,NA,NA,NA
15,153,99,19880701,NA,NA,NA,NA,NA,NA
15,153,100,19880701,NA,NA,NA,NA,NA,NA
15,153,101,19880701,NA,NA,NA,NA,NA,NA
15,153,102,19880701,NA,NA,NA,NA,NA,NA
15,153,103,19880701,NA,NA,NA,NA,NA,NA
15,153,104,19880701,NA,20220601,110,NA,NA,NA
15,153,105,19880701,NA,NA,NA,NA,NA,NA
15,153,106,19880701,NA,NA,NA,NA,NA,NA
15,153,107,19880701,NA,20120701,105,NA,NA,NA
15,153,108,19880701,NA,NA,NA,NA,NA,NA
15,153,109,19880701,NA,NA,NA,NA,NA,NA
15,153,110,19880701,NA,NA,NA,NA,NA,NA
15,153,111,19880701,NA,NA,NA,NA,NA,NA
15,153,112,19880701,NA,NA,NA,NA,NA,NA
15,153,113,19880701,NA,NA,NA,NA,NA,NA
15,154,114,19880701,NA,NA,NA,NA,NA,NA
15,154,115,19880701,NA,NA,NA,NA,NA,NA
15,154,116,19880701,NA,NA,NA,NA,NA,NA
15,154,117,19880701,NA,NA,NA,NA,NA,NA
15,154,118,19880701,NA,NA,NA,NA,NA,NA
15,154,119,19880701,NA,NA,NA,NA,NA,NA
15,154,120,19880701,NA,NA,NA,NA,NA,NA
15,154,121,19880701,NA,NA,NA,NA,NA,NA
15,154,122,19880701,NA,NA,NA,NA,NA,NA
15,154,123,19880701,NA,NA,NA,NA,NA,NA
15,154,124,19880701,NA,NA,NA,NA,NA,NA
15,154,125,19880701,NA,NA,NA,NA,NA,NA
15,154,126,19880701,NA,NA,NA,NA,NA,NA
15,154,127,19880701,NA,NA,NA,NA,NA,NA
15,154,128,19880701,NA,NA,NA,NA,NA,NA
15,154,129,19880701,NA,NA,NA,NA,NA,NA
15,154,130,19880701,NA,NA,NA,NA,NA,NA
15,154,131,19880701,NA,NA,NA,NA,NA,NA
15,155,132,19880701,NA,NA,NA,NA,NA,NA
15,155,133,19880701,NA,NA,NA,NA,NA,NA
15,155,134,19880701,NA,NA,NA,NA,NA,NA
15,155,135,19880701,NA,NA,NA,NA,NA,NA
15,155,136,19880701,NA,NA,NA,NA,NA,NA
15,155,137,19880701,NA,19900101,135,NA,NA,NA
15,155,138,19880701,NA,NA,NA,NA,NA,NA
15,155,139,19880701,NA,20171101,140,NA,NA,NA
15,155,140,19880701,NA,NA,NA,NA,NA,NA
15,155,141,19880701,NA,NA,NA,NA,NA,NA
15,155,142,19880701,NA,NA,NA,NA,NA,NA
15,155,143,19880701,NA,NA,NA,NA,NA,NA
15,155,144,19880701,NA,NA,NA,NA,NA,NA
15,155,145,19880701,NA,20220601,147,NA,NA,NA
15,155,146,19880701,NA,NA,NA,NA,NA,NA
15,155,147,19880701,NA,NA,NA,NA,NA,NA
15,156,148,19880701,NA,NA,NA,NA,NA,NA
15,156,149,19880701,NA,NA,NA,NA,NA,NA
15,156,150,19880701,NA,NA,NA,NA,NA,NA
15,156,151,19880701,NA,NA,NA,NA,NA,NA
15,156,152,19880701,NA,20101001,151,NA,NA,NA
15,156,153,19880701,NA,NA,NA,NA,NA,NA
15,156,174,19960501,151,NA,NA,NA,NA,NA
15,156,175,19960501,153,NA,NA,NA,NA,NA
15,156,178,19990101,148,NA,NA,NA,NA,NA
15,156,180,20051201,178,NA,NA,NA,NA,NA
15,157,154,19880701,NA,NA,NA,NA,NA,NA
15,157,155,19880701,NA,NA,NA,NA,NA,NA
15,157,156,19880701,NA,NA,NA,NA,NA,NA
15,157,157,19880701,NA,NA,NA,NA,NA,NA
15,157,158,19880701,NA,NA,NA,NA,NA,NA
15,158,159,19880701,NA,NA,NA,NA,NA,NA
15,159,160,19880701,NA,NA,NA,NA,NA,NA
15,159,161,19880701,NA,NA,NA,NA,NA,NA
15,159,162,19880701,NA,NA,NA,NA,NA,NA
15,159,163,19880701,NA,NA,NA,NA,NA,NA
15,159,164,19880701,NA,NA,NA,NA,NA,NA
15,159,165,19880701,NA,NA,NA,NA,NA,NA
15,159,166,19880701,NA,NA,NA,NA,NA,NA
15,159,167,19880701,NA,NA,NA,NA,NA,NA
15,159,168,19880701,NA,NA,NA,NA,NA,NA
15,159,169,19880701,NA,19900101,167,NA,NA,NA
15,159,170,19880701,NA,NA,NA,NA,NA,NA
15,159,171,19940101,170,NA,NA,NA,NA,NA
15,159,172,19960501,161,NA,NA,NA,NA,NA
15,159,173,19960501,167,NA,NA,NA,NA,NA
15,159,176,19960501,170,NA,NA,NA,NA,NA
15,159,182,20081101,170,NA,NA,NA,NA,NA
16,161,1,19880701,NA,NA,NA,NA,NA,NA
16,161,2,19880701,NA,NA,NA,NA,NA,NA
16,161,105,20010301,002,NA,NA,NA,NA,NA
16,161,121,20120701,002,NA,NA,NA,NA,NA
16,162,3,19880701,NA,NA,NA,NA,NA,NA
16,162,4,19880701,NA,NA,NA,NA,NA,NA
16,162,5,19880701,NA,NA,NA,NA,NA,NA
16,162,102,19960501,003,NA,NA,NA,NA,NA
16,162,103,19990101,003,NA,NA,NA,NA,NA
16,162,104,19990101,003,NA,NA,NA,NA,NA
16,162,113,20070901,003,NA,NA,NA,NA,NA
16,163,6,19880701,NA,NA,NA,NA,NA,NA
16,163,7,19880701,NA,NA,NA,NA,NA,NA
16,163,8,19880701,NA,NA,NA,NA,NA,NA
16,163,9,19880701,NA,NA,NA,NA,NA,NA
16,163,10,19880701,NA,20051201,011,NA,NA,NA
16,163,11,19880701,NA,NA,NA,NA,NA,NA
16,163,12,19880701,NA,NA,NA,NA,NA,NA
16,163,13,19880701,NA,NA,NA,NA,NA,NA
16,163,14,19880701,NA,NA,NA,NA,NA,NA
16,163,15,19880701,NA,NA,NA,NA,NA,NA
16,163,16,19880701,NA,NA,NA,NA,NA,NA
16,163,17,19880701,NA,NA,NA,NA,NA,NA
16,163,18,19880701,NA,NA,NA,NA,NA,NA
16,163,19,19880701,NA,NA,NA,NA,NA,NA
16,163,20,19880701,NA,NA,NA,NA,NA,NA
16,163,21,19880701,NA,NA,NA,NA,NA,NA
16,163,22,19880701,NA,NA,NA,NA,NA,NA
16,163,23,19880701,NA,20081101,024,NA,NA,NA
16,163,24,19880701,NA,NA,NA,NA,NA,NA
16,163,25,19880701,NA,NA,NA,NA,NA,NA
16,163,26,19880701,NA,NA,NA,NA,NA,NA
16,163,27,19880701,NA,NA,NA,NA,NA,NA
16,163,28,19880701,NA,NA,NA,NA,NA,NA
16,163,29,19880701,NA,NA,NA,NA,NA,NA
16,163,30,19880701,NA,NA,NA,NA,NA,NA
16,163,31,19880701,NA,NA,NA,NA,NA,NA
16,163,32,19880701,NA,NA,NA,NA,NA,NA
16,163,33,19880701,NA,NA,NA,NA,NA,NA
16,163,34,19880701,NA,NA,NA,NA,NA,NA
16,163,35,19880701,NA,NA,NA,NA,NA,NA
16,163,98,19900101,032,NA,NA,NA,NA,NA
16,163,100,19960501,031,NA,NA,NA,NA,NA
16,163,101,19960501,032,NA,NA,NA,NA,NA
16,164,36,19880701,NA,NA,NA,NA,NA,NA
16,164,37,19880701,NA,NA,NA,NA,NA,NA
16,164,38,19880701,NA,NA,NA,NA,NA,NA
16,164,39,19880701,NA,NA,NA,NA,NA,NA
16,164,40,19880701,NA,NA,NA,NA,NA,NA
16,164,41,19880701,NA,20220601,040,NA,NA,NA
16,164,42,19880701,NA,NA,NA,NA,NA,NA
16,164,43,19880701,NA,NA,NA,NA,NA,NA
16,164,44,19880701,NA,NA,NA,NA,NA,NA
16,164,45,19880701,NA,NA,NA,NA,NA,NA
16,164,46,19880701,NA,NA,NA,NA,NA,NA
16,164,47,19880701,NA,20220601,042,NA,NA,NA
16,164,48,19880701,NA,NA,NA,NA,NA,NA
16,164,49,19880701,NA,NA,NA,NA,NA,NA
16,164,50,19880701,NA,NA,NA,NA,NA,NA
16,164,51,19880701,NA,NA,NA,NA,NA,NA
16,164,52,19880701,NA,NA,NA,NA,NA,NA
16,164,53,19880701,NA,NA,NA,NA,NA,NA
16,164,54,19880701,NA,NA,NA,NA,NA,NA
16,164,55,19880701,NA,NA,NA,NA,NA,NA
16,164,56,19880701,NA,20220601,055,NA,NA,NA
16,164,57,19880701,NA,NA,NA,NA,NA,NA
16,164,58,19880701,NA,NA,NA,NA,NA,NA
16,164,59,19880701,NA,NA,NA,NA,NA,NA
16,164,60,19880701,NA,NA,NA,NA,NA,NA
16,164,61,19880701,NA,NA,NA,NA,NA,NA
16,164,62,19880701,NA,20171101,063,NA,NA,NA
16,164,63,19880701,NA,NA,NA,NA,NA,NA
16,164,64,19880701,NA,NA,NA,NA,NA,NA
16,164,65,19880701,NA,NA,NA,NA,NA,NA
16,164,66,19880701,NA,NA,NA,NA,NA,NA
16,164,67,19880701,NA,NA,NA,NA,NA,NA
16,164,68,19880701,NA,20040301,067,NA,NA,NA
16,164,69,19880701,NA,NA,NA,NA,NA,NA
16,164,70,19880701,NA,NA,NA,NA,NA,NA
16,164,71,19880701,NA,NA,NA,NA,NA,NA
16,164,72,19880701,NA,20220601,071,NA,NA,NA
16,164,73,19880701,NA,NA,NA,NA,NA,NA
16,164,74,19880701,NA,NA,NA,NA,NA,NA
16,164,75,19880701,NA,NA,NA,NA,NA,NA
16,164,76,19880701,NA,NA,NA,NA,NA,NA
16,164,77,19880701,NA,NA,NA,NA,NA,NA
16,164,78,19880701,NA,NA,NA,NA,NA,NA
16,164,97,19900101,049,NA,NA,NA,NA,NA
16,165,79,19880701,NA,NA,NA,NA,NA,NA
16,165,80,19880701,NA,NA,NA,NA,NA,NA
16,165,81,19880701,NA,NA,NA,NA,NA,NA
16,165,82,19880701,NA,NA,NA,NA,NA,NA
16,165,83,19880701,NA,NA,NA,NA,NA,NA
16,165,84,19880701,NA,20081101,088,NA,NA,NA
16,165,85,19880701,NA,NA,NA,NA,NA,NA
16,165,86,19880701,NA,NA,NA,NA,NA,NA
16,165,87,19880701,NA,NA,NA,NA,NA,NA
16,165,88,19880701,NA,NA,NA,NA,NA,NA
16,165,89,19880701,NA,NA,NA,NA,NA,NA
16,165,90,19880701,NA,NA,NA,NA,NA,NA
16,166,91,19880701,NA,NA,NA,NA,NA,NA
16,166,92,19880701,NA,NA,NA,NA,NA,NA
16,166,93,19880701,NA,NA,NA,NA,NA,NA
16,166,94,19880701,NA,19900101,091,NA,NA,NA
16,166,95,19880701,NA,19900101,091,NA,NA,NA
16,166,96,19880701,NA,NA,NA,NA,NA,NA
16,166,99,19940101,093,NA,NA,NA,NA,NA
16,166,106,20010301,091,NA,NA,NA,NA,NA
16,166,107,20051201,096,NA,NA,NA,NA,NA
16,166,108,20051201,091,NA,NA,NA,NA,NA
16,166,109,20051201,091,NA,NA,NA,NA,NA
16,166,110,20051201,091,NA,NA,NA,NA,NA
16,166,111,20051201,091,NA,NA,NA,NA,NA
16,166,112,20061101,109,NA,NA,NA,NA,NA
16,166,114,20070901,108,NA,NA,NA,NA,NA
16,166,115,20070901,111,NA,NA,NA,NA,NA
16,166,116,20081101,109,NA,NA,NA,NA,NA
16,166,117,20081101,110,NA,NA,NA,NA,NA
16,166,118,20091101,112,NA,NA,NA,NA,NA
16,166,119,20091101,115,NA,NA,NA,NA,NA
16,166,120,20101001,110,NA,NA,NA,NA,NA
16,166,122,20120701,114,NA,NA,NA,NA,NA
16,166,123,20141001,091,NA,NA,NA,NA,NA
16,166,124,20141001,107,NA,NA,NA,NA,NA
16,166,125,20141001,119,NA,NA,NA,NA,NA
16,166,126,20171101,107,NA,NA,NA,NA,NA
16,166,127,20171101,108,NA,NA,NA,NA,NA
16,166,128,20171101,124,NA,NA,NA,NA,NA
16,166,129,20171101,124,NA,NA,NA,NA,NA
16,166,130,20220601,124,NA,NA,NA,NA,NA
16,166,131,20220601,124,NA,NA,NA,NA,NA
16,166,132,20220601,129,NA,NA,NA,NA,NA
16,166,133,20220601,111,NA,NA,NA,NA,NA
16,166,134,20220601,128,NA,NA,NA,NA,NA
16,166,135,20241015,114,NA,NA,NA,NA,NA
16,166,136,20241015,124,NA,NA,NA,NA,NA
16,166,137,20241015,131,NA,NA,NA,NA,NA
17,171,1,19880701,NA,19900101,021,NA,NA,NA
17,171,2,19880701,NA,NA,NA,NA,NA,NA
17,171,3,19880701,NA,NA,NA,NA,NA,NA
17,171,4,19880701,NA,NA,NA,NA,NA,NA
17,171,5,19880701,NA,20131001,004,NA,NA,NA
17,171,6,19880701,NA,NA,NA,NA,NA,NA
17,171,7,19880701,NA,NA,NA,NA,NA,NA
17,171,8,19880701,NA,NA,NA,NA,NA,NA
17,171,9,19880701,NA,NA,NA,NA,NA,NA
17,171,10,19880701,NA,NA,NA,NA,NA,NA
17,171,11,19880701,NA,NA,NA,NA,NA,NA
17,171,12,19880701,NA,NA,NA,NA,NA,NA
17,171,13,19880701,NA,NA,NA,NA,NA,NA
17,171,14,19880701,NA,NA,NA,NA,NA,NA
17,171,15,19880701,NA,NA,NA,NA,NA,NA
17,171,16,19880701,NA,NA,NA,NA,NA,NA
17,171,17,19880701,NA,NA,NA,NA,NA,NA
17,171,18,19880701,NA,NA,NA,NA,NA,NA
17,171,19,19880701,NA,NA,NA,NA,NA,NA
17,171,20,19880701,NA,NA,NA,NA,NA,NA
17,171,21,19880701,NA,NA,NA,NA,NA,NA
17,171,22,19880701,NA,NA,NA,NA,NA,NA
17,171,23,19880701,NA,NA,NA,NA,NA,NA
17,171,24,19880701,NA,NA,NA,NA,NA,NA
17,171,25,19880701,NA,NA,NA,NA,NA,NA
17,171,26,19880701,NA,NA,NA,NA,NA,NA
17,171,27,19880701,NA,NA,NA,NA,NA,NA
17,171,28,19880701,NA,NA,NA,NA,NA,NA
17,171,29,19880701,NA,NA,NA,NA,NA,NA
17,171,30,19880701,NA,19900101,007,NA,NA,NA
17,171,98,19960501,021,NA,NA,NA,NA,NA
17,171,99,19960501,021,NA,NA,NA,NA,NA
17,171,100,19960501,020,NA,NA,NA,NA,NA
17,171,106,20010301,007,NA,NA,NA,NA,NA
17,171,109,20051201,029,NA,NA,NA,NA,NA
17,171,113,20120701,029,NA,NA,NA,NA,NA
17,171,119,20241015,113,NA,NA,NA,NA,NA
17,171,120,20241015,106,NA,NA,NA,NA,NA
17,172,31,19880701,NA,NA,NA,NA,NA,NA
17,172,32,19880701,NA,NA,NA,NA,NA,NA
17,172,33,19880701,NA,NA,NA,NA,NA,NA
17,172,34,19880701,NA,20051201,032,NA,NA,NA
17,172,35,19880701,NA,NA,NA,NA,NA,NA
17,172,36,19880701,NA,NA,NA,NA,NA,NA
17,172,37,19880701,NA,NA,NA,NA,NA,NA
17,172,38,19880701,NA,NA,NA,NA,NA,NA
17,172,39,19880701,NA,NA,NA,NA,NA,NA
17,172,40,19880701,NA,20051201,039,NA,NA,NA
17,172,41,19880701,NA,NA,NA,NA,NA,NA
17,172,42,19880701,NA,NA,NA,NA,NA,NA
17,172,43,19880701,NA,NA,NA,NA,NA,NA
17,172,44,19880701,NA,20051201,043,NA,NA,NA
17,173,45,19880701,NA,NA,NA,NA,NA,NA
17,173,46,19880701,NA,NA,NA,NA,NA,NA
17,173,47,19880701,NA,NA,NA,NA,NA,NA
17,173,101,19960501,045,NA,NA,NA,NA,NA
17,173,107,20031101,045,NA,NA,NA,NA,NA
17,173,110,20051201,045,NA,NA,NA,NA,NA
17,173,111,20051201,107,NA,NA,NA,NA,NA
17,173,114,20131001,047,NA,NA,NA,NA,NA
17,173,115,20171101,045,NA,NA,NA,NA,NA
17,173,117,20220601,111,NA,NA,NA,NA,NA
17,174,48,19880701,NA,NA,NA,NA,NA,NA
17,174,49,19880701,NA,NA,NA,NA,NA,NA
17,174,50,19880701,NA,NA,NA,NA,NA,NA
17,174,51,19880701,NA,NA,NA,NA,NA,NA
17,174,52,19880701,NA,NA,NA,NA,NA,NA
17,174,53,19880701,NA,NA,NA,NA,NA,NA
17,174,54,19880701,NA,NA,NA,NA,NA,NA
17,174,55,19880701,NA,NA,NA,NA,NA,NA
17,174,56,19880701,NA,20010301,057,NA,NA,NA
17,174,57,19880701,NA,NA,NA,NA,NA,NA
17,174,58,19880701,NA,NA,NA,NA,NA,NA
17,174,59,19880701,NA,NA,NA,NA,NA,NA
17,174,60,19880701,NA,NA,NA,NA,NA,NA
17,174,61,19880701,NA,NA,NA,NA,NA,NA
17,174,62,19880701,NA,NA,NA,NA,NA,NA
17,174,63,19880701,NA,NA,NA,NA,NA,NA
17,174,64,19880701,NA,NA,NA,NA,NA,NA
17,174,65,19880701,NA,NA,NA,NA,NA,NA
17,174,66,19880701,NA,NA,NA,NA,NA,NA
17,174,96,19960501,048,NA,NA,NA,NA,NA
17,174,97,19960501,048,NA,NA,NA,NA,NA
17,174,103,19990101,048,NA,NA,NA,NA,NA
17,174,104,19990101,096,NA,NA,NA,NA,NA
17,174,105,20010301,103,NA,NA,NA,NA,NA
17,174,108,20040301,103,NA,NA,NA,NA,NA
17,174,112,20101001,108,NA,NA,NA,NA,NA
17,174,116,20171101,096,NA,NA,NA,NA,NA
17,175,67,19880701,NA,19940101,068,NA,NA,NA
17,175,68,19880701,NA,NA,NA,NA,NA,NA
17,175,69,19880701,NA,NA,NA,NA,NA,NA
17,175,70,19880701,NA,NA,NA,NA,NA,NA
17,175,71,19880701,NA,NA,NA,NA,NA,NA
17,175,72,19880701,NA,NA,NA,NA,NA,NA
17,175,73,19880701,NA,NA,NA,NA,NA,NA
17,175,74,19880701,NA,NA,NA,NA,NA,NA
17,175,75,19880701,NA,NA,NA,NA,NA,NA
17,175,76,19880701,NA,NA,NA,NA,NA,NA
17,175,77,19880701,NA,19960501,076,NA,NA,NA
17,175,78,19880701,NA,NA,NA,NA,NA,NA
17,175,79,19880701,NA,NA,NA,NA,NA,NA
17,175,80,19880701,NA,NA,NA,NA,NA,NA
17,175,81,19880701,NA,19960501,082,NA,NA,NA
17,175,82,19880701,NA,NA,NA,NA,NA,NA
17,175,83,19880701,NA,NA,NA,NA,NA,NA
17,175,84,19880701,NA,NA,NA,NA,NA,NA
17,175,85,19880701,NA,NA,NA,NA,NA,NA
17,175,86,19880701,NA,NA,NA,NA,NA,NA
17,175,87,19880701,NA,NA,NA,NA,NA,NA
17,175,88,19880701,NA,20101001,087,NA,NA,NA
17,175,89,19880701,NA,NA,NA,NA,NA,NA
17,175,90,19880701,NA,NA,NA,NA,NA,NA
17,175,91,19880701,NA,NA,NA,NA,NA,NA
17,175,92,19880701,NA,NA,NA,NA,NA,NA
17,175,93,19880701,NA,NA,NA,NA,NA,NA
17,175,94,19880701,NA,NA,NA,NA,NA,NA
17,175,95,19880701,NA,NA,NA,NA,NA,NA
17,175,102,19960501,080,NA,NA,NA,NA,NA
17,175,118,20220601,080,NA,NA,NA,NA,NA
18,181,1,19880701,NA,19940101,002,NA,NA,NA
18,181,2,19880701,NA,NA,NA,20171606,NA,NA
18,181,3,19880701,NA,NA,NA,NA,NA,NA
18,181,4,19880701,NA,NA,NA,NA,NA,NA
18,181,5,19880701,NA,NA,NA,NA,NA,NA
18,181,6,19880701,NA,NA,NA,NA,NA,NA
18,181,7,19880701,NA,NA,NA,NA,NA,NA
18,181,8,19880701,NA,NA,NA,NA,NA,NA
18,181,9,19880701,NA,NA,NA,NA,NA,NA
18,181,10,19880701,NA,NA,NA,NA,NA,NA
18,181,11,19880701,NA,NA,NA,NA,NA,NA
18,181,12,19880701,NA,NA,NA,NA,NA,NA
18,181,13,19880701,NA,NA,NA,NA,NA,NA
18,181,14,19880701,NA,NA,NA,NA,NA,NA
18,181,15,19880701,NA,NA,NA,NA,NA,NA
18,181,16,19880701,NA,NA,NA,NA,NA,NA
18,181,17,19880701,NA,NA,NA,NA,NA,NA
18,181,18,19880701,NA,NA,NA,NA,NA,NA
18,181,19,19880701,NA,NA,NA,NA,NA,NA
18,181,20,19880701,NA,NA,NA,NA,NA,NA
18,181,21,19880701,NA,NA,NA,NA,NA,NA
18,181,22,19880701,NA,NA,NA,NA,NA,NA
18,181,23,19880701,NA,NA,NA,20171606,NA,"Aumenta en 372 electores (65,56 %) procedentes de la sección 18-183-51"
18,181,24,19880701,NA,NA,NA,NA,NA,NA
18,181,25,19880701,NA,NA,NA,20171606,NA,NA
18,181,42,19990101,025,NA,NA,NA,NA,NA
18,181,43,19991201,020,NA,NA,NA,NA,NA
18,181,45,20051201,025,NA,NA,20171606,NA,"Disminuye 103 electores de 1.388 (7,42%) pasan a la sección 18-183-57"
18,181,46,20070901,002,NA,NA,20171606,NA,"Disminuye 386 electores de 1.231 (31,36%) pasan a la sección 18-183-59"
18,182,26,19880701,NA,NA,NA,NA,NA,NA
18,182,27,19880701,NA,NA,NA,NA,NA,NA
18,182,28,19880701,NA,NA,NA,NA,NA,NA
18,182,29,19880701,NA,NA,NA,NA,NA,NA
18,182,30,19880701,NA,NA,NA,NA,NA,NA
18,182,31,19880701,NA,NA,NA,NA,NA,NA
18,182,32,19880701,NA,NA,NA,NA,NA,NA
18,182,33,19880701,NA,NA,NA,NA,NA,NA
18,182,34,19880701,NA,NA,NA,NA,NA,NA
18,182,35,19880701,NA,NA,NA,NA,NA,NA
18,182,36,19880701,NA,NA,NA,NA,NA,NA
18,182,37,19880701,NA,NA,NA,NA,NA,NA
18,182,38,19880701,NA,NA,NA,NA,NA,NA
18,182,39,19900101,028,NA,NA,NA,NA,NA
18,182,40,19940101,035,NA,NA,NA,NA,NA
18,182,41,19940101,029,NA,NA,NA,NA,NA
18,182,44,19991201,039,NA,NA,NA,NA,NA
18,182,48,20070901,035,NA,NA,NA,NA,NA
18,183,47,20070901,025,NA,NA,20171606,181,NA
18,183,49,20070901,045,NA,NA,20171606,181,NA
18,183,50,20081101,046,NA,NA,20171606,181,NA
18,183,51,20081101,047,NA,NA,20171606,181,"Disminuye 372 electores de 1.317 (28,25%) pasan a la sección 18-181-23"
18,183,52,20081101,049,NA,NA,20171606,181,NA
18,183,53,20081101,049,NA,NA,20171606,181,NA
18,183,54,20091101,047,NA,NA,20171606,181,NA
18,183,55,20091101,051,NA,NA,20171606,181,NA
18,183,56,20091101,053,NA,NA,20171606,181,NA
18,183,57,20101001,045,NA,NA,20171606,181,"Aumenta en 103 electores (7,38 %) procedentes de la sección 18-181-45"
18,183,58,20101001,045,NA,NA,20171606,181,NA
18,183,59,20120701,046,NA,NA,20171606,181,"Aumenta en 386 electores (33,19 %) procedentes de la sección 18-181-46"
18,183,60,20120701,047,NA,NA,20171606,181,NA
18,183,61,20120701,051,NA,NA,20171606,181,NA
18,183,62,20120701,053,NA,NA,20171606,181,NA
18,183,63,20120701,054,NA,NA,20171606,181,NA
18,183,64,20120701,056,NA,NA,20171606,181,NA
18,183,65,20131001,050,NA,NA,20171606,181,NA
18,183,66,20171101,055,NA,NA,NA,NA,NA
18,183,67,20171101,062,NA,NA,NA,NA,NA
18,183,68,20171101,064,NA,NA,NA,NA,NA
18,183,69,20220601,061,NA,NA,NA,NA,NA
18,183,70,20220601,049,NA,NA,NA,NA,NA
18,183,71,20220601,052,NA,NA,NA,NA,NA
18,183,72,20220601,060,NA,NA,NA,NA,NA
18,183,73,20220601,063,NA,NA,NA,NA,NA
18,183,74,20241015,054,NA,NA,NA,NA,NA
18,183,75,20241015,057,NA,NA,NA,NA,NA
18,183,76,20241015,058,NA,NA,NA,NA,NA
19,191,1,19880701,NA,NA,NA,20171101,NA,"Disminuye 589 electores de 1.630 (36,13 %) pasan a la sección 19-194-052"
19,191,2,19880701,NA,NA,NA,NA,NA,"Aumenta en 183 electores (15,53%) procedentes de la sección 19-193-049"
19,191,3,19880701,NA,NA,NA,NA,NA,NA
19,191,4,19880701,NA,NA,NA,NA,NA,NA
19,191,5,19880701,NA,NA,NA,NA,NA,"Aumenta en 248 electores (27,10 %) procedentes de la sección 19-193-048"
19,191,6,19880701,NA,NA,NA,NA,NA,NA
19,191,7,19880701,NA,NA,NA,NA,NA,NA
19,191,8,19880701,NA,NA,NA,NA,NA,NA
19,191,9,19880701,NA,NA,NA,NA,NA,NA
19,191,10,19880701,NA,20051201,009,NA,NA,NA
19,191,11,19880701,NA,NA,NA,NA,NA,NA
19,191,12,19880701,NA,NA,NA,NA,NA,NA
19,191,13,19880701,NA,20091101,001,NA,NA,NA
19,191,14,19880701,NA,NA,NA,20171101,192,NA
19,191,15,19880701,NA,NA,NA,20171101,192,NA
19,191,16,19880701,NA,NA,NA,20171101,192,NA
19,191,18,19880701,NA,NA,NA,20171101,192,NA
19,191,19,19880701,NA,NA,NA,20171101,192,NA
19,191,20,19880701,NA,NA,NA,20171101,192,NA
19,191,21,19880701,NA,NA,NA,20171101,192,NA
19,191,22,19880701,NA,NA,NA,20171101,192,NA
19,191,23,19880701,NA,NA,NA,20171101,192,NA
19,191,24,19880701,NA,NA,NA,20171101,192,NA
19,191,25,19880701,NA,NA,NA,20171101,192,NA
19,191,26,19880701,NA,NA,NA,20171101,192,NA
19,191,27,19880701,NA,NA,NA,20171101,192,NA
19,191,28,19880701,NA,NA,NA,20171101,192,NA
19,191,29,19880701,NA,NA,NA,20171101,192,NA
19,191,30,19940101,001,20060805,Rivas,NA,NA,NA
19,191,31,19940101,001,20060805,Rivas,NA,NA,NA
19,191,32,19960501,014,NA,NA,20171101,192,NA
19,191,57,20241015,002,NA,NA,NA,NA,NA
19,192,17,19880701,NA,19900101,014,NA,NA,NA
19,192,33,19990101,001,NA,NA,20171101,191,NA
19,192,34,19990101,001,NA,NA,20171101,191,NA
19,192,35,19990101,001,NA,NA,20171101,191,NA
19,192,36,19990101,001,NA,NA,20171101,191,NA
19,192,37,19990101,001,NA,NA,20171101,191,NA
19,192,38,19991201,034,NA,NA,20171101,191,NA
19,192,39,19991201,037,NA,NA,20171101,191,NA
19,192,43,20051201,035,NA,NA,20171101,191,NA
19,192,44,20051201,039,NA,NA,20171101,191,NA
19,192,50,20120701,034,NA,NA,20171101,191,NA
19,193,40,20031101,001,NA,NA,20171101,191,NA
19,193,41,20031101,001,NA,NA,20171101,191,NA
19,193,42,20051201,001,NA,NA,20171101,191,NA
19,193,45,20051201,040,NA,NA,20171101,191,NA
19,193,46,20051201,041,NA,NA,20171101,191,NA
19,193,47,20070901,045,NA,NA,20171101,191,NA
19,193,48,20081101,041,NA,NA,20171101,191,"Disminuye 248 electores de 1.286 (19,28%) pasan a la sección 19-191-005"
19,193,49,20081101,046,NA,NA,20171101,191,"Disminuye 183 electores de 1.526 (11,99%) pasan a la sección 19-191-002"
19,193,51,20131001,001,NA,NA,20171101,191,NA
19,194,52,20171117,001,NA,NA,NA,191,Recibe 589 electores de la 19-191-001. Se crea para darle contenido al barrio de El Cañaveral
19,194,53,20220601,052,NA,NA,NA,NA,NA
19,194,54,20220601,052,NA,NA,NA,NA,NA
19,194,55,20220601,052,NA,NA,NA,NA,NA
19,194,56,20220601,052,NA,NA,NA,NA,NA
19,194,58,20241015,052,NA,NA,NA,NA,NA
19,194,59,20241015,053,NA,NA,NA,NA,NA
19,194,60,20241015,054,NA,NA,NA,NA,NA
19,194,61,20241015,054,NA,NA,NA,NA,NA
20,201,1,19880701,NA,NA,NA,NA,NA,NA
20,201,2,19880701,NA,NA,NA,NA,NA,NA
20,201,3,19880701,NA,NA,NA,NA,NA,NA
20,201,4,19880701,NA,20031101,001,NA,NA,NA
20,201,5,19880701,NA,20120701,007,NA,NA,NA
20,201,6,19880701,NA,NA,NA,NA,NA,NA
20,201,7,19880701,NA,NA,NA,NA,NA,NA
20,201,8,19880701,NA,NA,NA,NA,NA,NA
20,201,9,19880701,NA,NA,NA,NA,NA,NA
20,201,10,19880701,NA,NA,NA,NA,NA,NA
20,201,11,19880701,NA,NA,NA,NA,NA,NA
20,201,12,19880701,NA,NA,NA,NA,NA,NA
20,201,13,19880701,NA,NA,NA,NA,NA,NA
20,201,14,19880701,NA,20220601,015,NA,NA,NA
20,201,15,19880701,NA,NA,NA,NA,NA,NA
20,201,16,19880701,NA,20241015,017,NA,NA,NA
20,201,17,19880701,NA,NA,NA,NA,NA,NA
20,201,18,19880701,NA,NA,NA,NA,NA,NA
20,201,19,19880701,NA,20220601,020,NA,NA,NA
20,201,20,19880701,NA,NA,NA,NA,NA,NA
20,201,100,19880701,NA,NA,NA,NA,NA,NA
20,201,118,20051201,002,NA,NA,NA,NA,NA
20,201,119,20070901,002,NA,NA,NA,NA,NA
20,201,122,20120701,118,NA,NA,NA,NA,NA
20,201,125,20171101,119,NA,NA,NA,NA,NA
20,202,21,19880701,NA,NA,NA,NA,NA,NA
20,202,22,19880701,NA,NA,NA,NA,NA,NA
20,202,23,19880701,NA,NA,NA,NA,NA,NA
20,202,24,19880701,NA,20220601,023,NA,NA,NA
20,202,25,19880701,NA,NA,NA,NA,NA,NA
20,202,26,19880701,NA,NA,NA,NA,NA,NA
20,202,27,19880701,NA,NA,NA,NA,NA,NA
20,202,28,19880701,NA,NA,NA,NA,NA,NA
20,202,29,19880701,NA,NA,NA,NA,NA,NA
20,202,30,19880701,NA,19990101,029,NA,NA,NA
20,203,31,19880701,NA,NA,NA,NA,NA,NA
20,203,32,19880701,NA,NA,NA,NA,NA,NA
20,203,33,19880701,NA,NA,NA,NA,NA,NA
20,203,34,19880701,NA,NA,NA,NA,NA,NA
20,203,35,19880701,NA,NA,NA,NA,NA,NA
20,203,36,19880701,NA,NA,NA,NA,NA,NA
20,203,37,19880701,NA,NA,NA,NA,NA,NA
20,203,38,19880701,NA,NA,NA,NA,NA,NA
20,203,39,19880701,NA,NA,NA,NA,NA,NA
20,204,40,19880701,NA,NA,NA,NA,NA,NA
20,204,41,19880701,NA,NA,NA,NA,NA,NA
20,204,42,19880701,NA,NA,NA,NA,NA,NA
20,204,43,19880701,NA,NA,NA,NA,NA,NA
20,204,44,19880701,NA,NA,NA,NA,NA,NA
20,204,45,19880701,NA,20131001,047,NA,NA,NA
20,204,46,19880701,NA,NA,NA,NA,NA,NA
20,204,47,19880701,NA,NA,NA,NA,NA,NA
20,204,48,19880701,NA,NA,NA,NA,NA,NA
20,204,49,19880701,NA,NA,NA,NA,NA,NA
20,204,50,19880701,NA,NA,NA,NA,NA,NA
20,204,51,19880701,NA,NA,NA,NA,NA,NA
20,204,52,19880701,NA,19960501,053,NA,NA,NA
20,204,53,19880701,NA,NA,NA,NA,NA,NA
20,204,54,19880701,NA,20081101,053,NA,NA,NA
20,204,55,19880701,NA,NA,NA,NA,NA,NA
20,204,56,19880701,NA,NA,NA,NA,NA,NA
20,204,57,19880701,NA,19960501,056,NA,NA,NA
20,204,58,19880701,NA,NA,NA,NA,NA,NA
20,204,59,19880701,NA,NA,NA,NA,NA,NA
20,204,60,19880701,NA,19990101,055,NA,NA,NA
20,204,61,19880701,NA,19960501,060,NA,NA,NA
20,204,109,19991201,055,NA,NA,NA,NA,NA
20,204,111,20031101,055,NA,NA,NA,NA,NA
20,204,112,20031101,055,NA,NA,NA,NA,NA
20,204,127,20220601,112,NA,NA,NA,NA,NA
20,205,62,19880701,NA,NA,NA,NA,NA,NA
20,205,63,19880701,NA,NA,NA,NA,NA,NA
20,205,64,19880701,NA,NA,NA,NA,NA,NA
20,205,65,19880701,NA,NA,NA,NA,NA,NA
20,205,66,19880701,NA,NA,NA,NA,NA,NA
20,205,67,19880701,NA,NA,NA,NA,NA,NA
20,205,102,19990101,067,NA,NA,NA,NA,NA
20,205,103,19990101,067,NA,NA,NA,NA,NA
20,205,104,19990101,067,NA,NA,NA,NA,NA
20,205,106,19991201,103,NA,NA,NA,NA,NA
20,205,107,19991201,067,NA,NA,NA,NA,NA
20,205,110,20010301,104,NA,NA,NA,NA,NA
20,205,113,20040301,107,NA,NA,NA,NA,NA
20,205,114,20040301,106,NA,NA,NA,NA,NA
20,205,115,20040301,104,NA,NA,NA,NA,NA
20,205,117,20051201,067,NA,NA,NA,NA,NA
20,205,128,20220601,106,NA,NA,NA,NA,NA
20,206,68,19880701,NA,NA,NA,NA,NA,NA
20,206,69,19880701,NA,NA,NA,NA,NA,NA
20,206,70,19880701,NA,NA,NA,NA,NA,NA
20,206,71,19880701,NA,NA,NA,NA,NA,NA
20,206,116,20051201,068,NA,NA,NA,NA,NA
20,206,120,20070901,068,NA,NA,NA,NA,NA
20,206,121,20091101,116,NA,NA,NA,NA,NA
20,206,123,20171101,071,NA,NA,NA,NA,NA
20,206,126,20171101,120,NA,NA,NA,NA,NA
20,206,129,20241015,121,NA,NA,NA,NA,NA
20,207,72,19880701,NA,NA,NA,NA,NA,NA
20,207,73,19880701,NA,NA,NA,NA,NA,NA
20,207,74,19880701,NA,NA,NA,NA,NA,NA
20,207,75,19880701,NA,NA,NA,NA,NA,NA
20,207,76,19880701,NA,NA,NA,NA,NA,NA
20,207,77,19880701,NA,NA,NA,NA,NA,NA
20,207,78,19880701,NA,NA,NA,NA,NA,NA
20,207,79,19880701,NA,NA,NA,NA,NA,NA
20,207,80,19880701,NA,NA,NA,NA,NA,NA
20,207,81,19880701,NA,20051201,082,NA,NA,NA
20,207,82,19880701,NA,NA,NA,NA,NA,NA
20,207,83,19880701,NA,NA,NA,NA,NA,NA
20,207,84,19880701,NA,20171101,085,NA,NA,NA
20,207,85,19880701,NA,NA,NA,NA,NA,NA
20,207,86,19880701,NA,NA,NA,NA,NA,NA
20,207,87,19880701,NA,NA,NA,NA,NA,NA
20,207,88,19880701,NA,NA,NA,NA,NA,NA
20,207,89,19880701,NA,20131001,088,NA,NA,NA
20,207,90,19880701,NA,NA,NA,NA,NA,NA
20,207,91,19880701,NA,NA,NA,NA,NA,NA
20,207,92,19880701,NA,NA,NA,NA,NA,NA
20,207,93,19880701,NA,NA,NA,NA,NA,NA
20,207,101,19960501,093,NA,NA,NA,NA,NA
20,208,94,19880701,NA,20031101,095,NA,NA,NA
20,208,95,19880701,NA,NA,NA,NA,NA,NA
20,208,96,19880701,NA,NA,NA,NA,NA,NA
20,208,97,19880701,NA,NA,NA,NA,NA,NA
20,208,98,19880701,NA,NA,NA,NA,NA,NA
20,208,99,19880701,NA,NA,NA,NA,NA,NA
20,208,105,19991201,096,NA,NA,NA,NA,NA
20,208,108,19991201,099,NA,NA,NA,NA,NA
20,208,124,20171101,096,NA,NA,NA,NA,NA
21,211,1,19880701,NA,NA,NA,NA,NA,NA
21,211,2,19880701,NA,NA,NA,NA,NA,NA
21,211,3,19880701,NA,NA,NA,NA,NA,NA
21,211,4,19880701,NA,NA,NA,NA,NA,NA
21,211,5,19880701,NA,NA,NA,NA,NA,NA
21,211,6,19880701,NA,NA,NA,NA,NA,NA
21,211,7,19880701,NA,NA,NA,NA,NA,NA
21,211,8,19880701,NA,NA,NA,NA,NA,NA
21,211,9,19880701,NA,NA,NA,NA,NA,NA
21,211,10,19880701,NA,NA,NA,NA,NA,NA
21,211,11,19880701,NA,NA,NA,NA,NA,NA
21,211,12,19880701,NA,NA,NA,NA,NA,NA
21,211,13,19880701,NA,NA,NA,NA,NA,NA
21,211,14,19880701,NA,NA,NA,NA,NA,NA
21,212,15,19880701,NA,NA,NA,NA,NA,NA
21,212,16,19880701,NA,19900101,015,NA,NA,NA
21,213,17,19880701,NA,NA,NA,NA,NA,NA
21,213,18,19880701,NA,NA,NA,NA,NA,NA
21,213,19,19880701,NA,NA,NA,NA,NA,NA
21,213,20,19880701,NA,NA,NA,NA,NA,NA
21,213,21,19880701,NA,NA,NA,NA,NA,NA
21,214,22,19880701,NA,NA,NA,NA,NA,NA
21,214,23,19880701,NA,NA,NA,NA,NA,NA
21,214,24,19880701,NA,19900101,022,NA,NA,NA
21,214,26,19960501,022,NA,NA,NA,NA,NA
21,214,28,20051201,022,NA,NA,NA,NA,NA
21,214,30,20070901,023,NA,NA,NA,NA,NA
21,214,31,20120701,028,NA,NA,NA,NA,NA
21,214,33,20171101,031,NA,NA,NA,NA,NA
21,214,34,20220601,031,NA,NA,NA,NA,NA
21,215,25,19880701,NA,NA,NA,NA,NA,NA
21,215,27,20031101,025,NA,NA,NA,NA,NA
21,215,29,20051201,027,NA,NA,NA,NA,NA
21,215,32,20131001,025,NA,NA,NA,NA,NA
