anio,distrito_num,distrito_nombre,barrio_num,barrio_nombre,codigo_barrio,z_pct_pob_25_39,z_pct_extranjeros_ue_ocde,z_nivel_estudios_superiores_pct,z_renta_neta_media_persona,z_pct_hog_unipersonal_bajo65,z_precio_vivienda_declarado_barrio
2017,1,Centro,1,Palacio,011,2.172963391251537,4.566728257175355,0.5552925605555223,0.43178274970866504,2.9866951463102422,1.065408227534702
2017,1,Centro,2,Embajadores,012,3.98972442115249,4.216785649903111,0.2459045540493305,-0.31333937813659546,3.3920939350327424,0.5791133666230736
2017,1,Centro,3,Cortes,013,3.0943013835218633,7.347769648610214,0.7286510374891967,0.6144929048073883,3.749988975314859,1.0830243051893615
2017,1,Centro,4,Justicia,014,3.1083032500174257,5.761699185942299,0.8551791676071663,0.9465379530284325,3.7433005637130568,1.8757857653336152
2017,1,Centro,5,Universidad,015,3.6452897746270825,4.8920157759236425,0.5590615924626591,0.2167839690699805,3.5717578002060297,1.0754919133646108
2017,1,Centro,6,Sol,016,3.2724391150896195,8.728305607597207,0.5212773865401102,0.175026083155319,3.81351880411298,1.0698653989068074
2017,2,Arganzuela,1,Imperial,021,-0.01712249933972052,-0.6683936416519685,0.34924869123177743,0.4904611172764793,0.6908685037878767,0.07864211908159621
2017,2,Arganzuela,2,Acacias,022,0.40089501280567447,-0.9762901552572565,0.3971502068572299,0.5977276569308699,0.5047317992791449,0.4542897887933583
2017,2,Arganzuela,3,Chopera,023,1.1126500045515344,-0.6639319577958028,-0.15858007427426235,-0.19070469459539635,0.3504220514222944,0.07339526146979919
2017,2,Arganzuela,4,Legazpi,024,1.0164791601695975,-0.7126824041190161,0.7770036764121474,0.7112035476506376,1.1056064472383242,0.6481197949530481
2017,2,Arganzuela,5,Delicias,025,0.8951411147107015,-0.307751425573285,0.3288708041991044,0.28089551881999975,0.9361215874207907,0.3419189555126266
2017,2,Arganzuela,6,Palos de la Frontera,026,1.7574322491085943,0.3825817562848512,0.23406853897998792,0.12473033952576391,1.5654119526644368,0.07150457037669121
2017,2,Arganzuela,7,Atocha,027,-1.1082526444212266,-1.4317212259941619,-0.11840841166351572,-0.2191124757194969,0.7638292827494787,0.2144462165796726
2017,3,Retiro,1,Pacífico,031,0.09650166487474691,-0.6035250918306456,0.41614437871361715,0.5225945090398061,0.4472690572583565,0.3656778809356558
2017,3,Retiro,2,Adelfas,032,0.38569423622725524,-0.9918277918687453,0.396046322167307,0.5461900430882394,0.5564591796483432,0.30466702578255894
2017,3,Retiro,3,Estrella,033,-1.017428545804309,-1.7868769003421072,0.7024408251415605,1.0809704035938483,-1.1825493325126815,0.35528287649202295
2017,3,Retiro,4,Ibiza,034,-0.0387197282985301,0.5536789656845079,0.6724779800549104,0.8086903593770592,0.5337313500206039,1.2340062397088605
2017,3,Retiro,5,Los Jerónimos,035,-0.24271535628741106,1.9261019253131464,0.896132678004923,1.6019349579789928,0.1900392570289761,1.8013274646950008
2017,3,Retiro,6,Niño Jesús,036,-1.2354235533555709,-1.0223302400989893,1.078377531808806,1.4887695348124939,-0.930825167593166,1.1734737521817311
2017,4,Salamanca,1,Recoletos,041,0.5104053877618889,3.805612176000956,1.274210047662396,2.164657398278799,1.7601679915079376,3.2210238677851915
2017,4,Salamanca,2,Goya,042,0.9078604886347298,1.6584923525725896,0.8972956972252254,1.128627173020618,1.2421925684845527,1.6409755992160835
2017,4,Salamanca,3,Fuente del Berro,043,0.6481339735314974,0.7745308613146165,0.4506564279095842,0.5191793659538487,0.8551694575397744,0.8378646934497174
2017,4,Salamanca,4,Guindalera,044,0.5364831505979022,0.12220367210175706,0.6744907594765952,0.7526509660120303,0.6881214063096804,0.5394695987631707
2017,4,Salamanca,5,Lista,045,1.2279016410619539,1.9085704091333755,0.9245934688512453,1.0854721831162466,1.0522954621642773,1.6772632005572967
2017,4,Salamanca,6,Castellana,046,1.2818082003807492,2.727894955062213,1.1687875213711165,1.8732835995359751,1.2972498557630014,2.3022618935886046
2017,5,Chamartin,1,El Viso,051,0.09100644278834133,1.0007916110132644,1.1960808676642392,2.091387055707348,0.06743788516764367,1.9869492898440497
2017,5,Chamartin,2,Prosperidad,052,0.7788265947345157,-0.33640708995935054,0.558909863235024,0.6503519072099414,0.6845609963515497,0.44525395585842575
2017,5,Chamartin,3,Ciudad Jardín,053,0.6802138815554205,-0.004044218565483631,0.5479229435875975,0.6011428000168273,0.7176542929640954,0.6676113774269743
2017,5,Chamartin,4,Hispanoamérica,054,-0.5420786147258203,-0.5281142075138561,1.011332870252525,1.5878086843052597,0.08841325306919981,1.1500944836047076
2017,5,Chamartin,5,Nueva España,055,-0.3817752916889817,0.28890762986356444,1.2730965682032696,1.8636591053846405,0.41647094504423326,1.728858565929455
2017,5,Chamartin,6,Castilla,056,0.25067707726904304,-0.2304517610238575,0.9230350634320607,1.114190431793616,0.18980445073069793,0.4666969745208208
2017,6,Tetuan,1,Bellas Vistas,061,1.7525057152332664,0,-0.11551163693782943,-0.365963628415667,1.0109584025646678,-0.13754967530782178
2017,6,Tetuan,2,Cuatro Caminos,062,1.484634174250948,-0.10619438134979248,0.5764202310712085,0.5884136303328041,1.1354907728749177,0.4182072021489879
2017,6,Tetuan,3,Castillejos,063,1.5173347871163336,0.28937040126961666,0.5959945478352769,0.8644192851888194,1.4037428229055784,0.6425160599060056
2017,6,Tetuan,4,Almenara,064,0.8995246916300047,-0.9475785424543213,-0.2937780163644724,-0.4029092672546612,0.885613341236943,-0.16638081619348583
2017,6,Tetuan,5,Valdeacederas,065,2.046733830430394,0.3798491066087675,-0.33795501951321094,-0.5609372518685102,1.3351175884385331,-0.34494102400683063
2017,6,Tetuan,6,Berruguete,066,1.5836716707899907,0.040641990164068525,-0.2656077150192348,-0.47850811647562824,1.204595733726013,-0.22495427439522678
2017,7,Chamberi,1,Gaztambide,071,0.8870535962402748,0.5961308753282679,0.8320251600457731,0.7810587471361309,1.2056304066605508,1.0223627343345896
2017,7,Chamberi,2,Arapiles,072,1.293262636838869,0.7943048983133906,0.7371829510352896,0.7335572114859955,1.3102984230732762,1.0750211388755633
2017,7,Chamberi,3,Trafalgar,073,1.9923188631073594,1.8444962940183152,0.8372441716369606,0.7979792287892836,2.13741916383079,1.4230905352934804
2017,7,Chamberi,4,Almagro,074,0.4938200212140395,1.9552470980928942,1.0159642214674587,1.750959383548045,1.1682165560197042,1.8829157209016
2017,7,Chamberi,5,Ríos Rosas,075,1.3910176174202975,0.6566503983240245,0.8889214190907451,1.0449561674146606,1.1855438647288676,1.1579685665908632
2017,7,Chamberi,6,Vallehermoso,076,-0.3207291184673787,-0.7187635609425364,1.0243931392116428,1.4571018443790704,0.4496369906406043,0.8657011333988465
2017,8,Fuencarral-El Pardo,1,El Pardo,081,0.1334437688667231,-2.1864364212923606,-0.5378468994060699,-0.02848539801241777,-0.6642368404004639,-0.5303654275959567
2017,8,Fuencarral-El Pardo,2,Fuentelarreina,082,-2.02858567944491,-0.3213462354963391,1.2344007614807206,2.0581670275075803,-1.2220465727919239,0.17821092351502002
2017,8,Fuencarral-El Pardo,3,Peñagrande,083,-0.45368297047945344,-1.1441664971780288,0.04296813639971594,0.37093110926796874,-0.7460624666802721,0.04643962540340293
2017,8,Fuencarral-El Pardo,4,Pilar,084,0.08155344696059014,-0.836247495295355,-0.27079771344484455,-0.15453522463957434,-0.4033582976161021,-0.08488367762992781
2017,8,Fuencarral-El Pardo,5,La Paz,085,-0.18382267629559318,-1.5375742968288015,0.5292536625846251,1.0253967115587226,-1.5047332188192568,0.11158114704104051
2017,8,Fuencarral-El Pardo,6,Valverde,086,0.42699057674146274,-0.43917426097196643,0.334638729072646,0.0960120908483945,0.08942008740868107,0.43683316701402186
2017,8,Fuencarral-El Pardo,7,Mirasierra,087,-1.3681257789991454,-0.8618859213180733,1.0497966835132428,1.2837057158784129,-0.75517436931702,0.2521832633907475
2017,8,Fuencarral-El Pardo,8,El Goloso,088,0.29166612547629855,-0.7968676901358916,1.0581827376648945,0.7559108753213534,0.3328559892611203,0.8206662383256644
2017,9,Moncloa-Aravaca,1,Casa de Campo,091,-0.5765643151234201,-0.028865886381403253,0.36486989655616203,0.5379626529266146,0.3632345593449621,0.039112248275495136
2017,9,Moncloa-Aravaca,2,Argüelles,092,0.6428431019828627,1.0291323126570435,0.859599297432482,1.194446294313616,1.1568076409669141,0.9252616994002021
2017,9,Moncloa-Aravaca,3,Ciudad Universitaria,093,-0.22164655537711284,-0.6983803238317852,1.0624619959318156,1.2864999238578325,0.054009294973041126,0.4801140474586581
2017,9,Moncloa-Aravaca,4,Valdezarza,094,-0.2190716891785698,-0.8671190150178032,-0.1345738576839678,-0.11386397516135387,-0.3524343504642471,-0.2436637637663817
2017,9,Moncloa-Aravaca,5,Valdemarín,095,-1.8463418293837963,0.1719534509706669,1.4608381367248613,2.256555794046381,-0.1448952291801305,0.8588749033076662
2017,9,Moncloa-Aravaca,6,El Plantío,096,-1.300369777444659,-0.45156355368494316,1.1024293125664475,2.2877577831499014,-1.334106567539963,0.2800197033398766
2017,9,Moncloa-Aravaca,7,Aravaca,097,-1.6237449701280826,1.0034038316104663,1.0040470740516363,1.379950657391759,-0.7875346933683447,0.6244064283515395
2017,10,Latina,1,Los Cármenes,101,-0.7696080091552419,-0.23636177666881555,-0.5599782161256258,-0.6214784247559376,-0.31126740941681247,-0.7650844760704472
2017,10,Latina,2,Puerta del Angel,102,0.6229312060874443,0.3187297819754557,-0.436284645424055,-0.5385835880331523,0.49844390910360487,-0.6399040208054868
2017,10,Latina,3,Lucero,103,-0.4518621277761429,-0.3010407450068593,-0.54518802898426455,-0.5121938460052994,-0.4249741319512747,-0.8105673662219156
2017,10,Latina,4,Aluche,104,-0.6405283740820902,0.6910131586858915,-0.5949021368192424,-0.42634956752645997,-1.0268105638492624,-0.8145765425157345
2017,10,Latina,5,Campamento,105,0.20774289587937883,1.1529013305635576,-0.49583679576818745,-0.43519789279462245,-0.49985684113290124,-0.726450595420919
2017,10,Latina,6,Cuatro Vientos,106,1.5065729750387806,-1.4062669557449958,-0.14651983157505283,-0.10020340281752409,2.089649913197412,-0.39613395312222327
2017,10,Latina,7,Águilas,107,-1.1719448997907442,-0.336296407573049,-0.6769521254328972,-0.47664531115601505,-0.8695745552282166,-0.7623053879576862
2017,11,Carabanchel,1,Comillas,111,0.4290827181191427,0.5604218244937806,-0.5193771910608335,-0.525078249465957,0.09069253851098258,-0.6602991865729068
2017,11,Carabanchel,2,Opañel,112,0.40867747712179336,0.17119711681951463,-0.5933991574779127,-0.621633658532572,0.018435961348067513,-0.8059279595637275
2017,11,Carabanchel,3,San Isidro,113,0.2961599240353496,0.8733027601949721,-0.6582606474980899,-0.7618097588334617,0,-0.6785454945919349
2017,11,Carabanchel,4,Vista Alegre,114,0,0.23360149545150438,-0.7108623815137531,-0.7292106657402315,-0.6439582271126713,-0.8095422927377006
2017,11,Carabanchel,5,Puerta Bonita,115,-0.08444571494353671,0.657410359718851,-0.7646034916184573,-0.8942241703026298,-0.43409181055692164,-0.96119242330617
2017,11,Carabanchel,6,Buenavista,116,-0.5660197017131047,0.2952832042794166,-0.5399319706924871,-0.550381355057369,0.07037673693679719,-0.7469976239267411
2017,11,Carabanchel,7,Abrantes,117,-0.534098496094036,-0.04357896250666656,-0.702695824039968,-0.7650696681427847,-0.6744907594765952,-0.8616463982835065
2017,12,Usera,1,Orcasitas,121,-1.3314298797607207,-1.4648795952523719,-0.8560075728394897,-0.7673981747923011,-0.9875444624689846,-1.029553434997935
2017,12,Usera,2,Orcasur,122,0.003441727715533038,-0.9379581499373916,-0.8132566095716696,-1.010028567671914,-0.27194614322930494,-1.0298495673378192
2017,12,Usera,3,San Fermín,123,-0.48918442765783,-0.2549979017138125,-0.7766817642377631,-0.9653212400011985,-0.4833165983765444,-1.0313833809956818
2017,12,Usera,4,Almendrales,124,0.4172756591235832,-0.6744907594765952,-0.78157797646214755,-0.9133179248286646,-0.27357028345493717,-0.6736251418677026
2017,12,Usera,5,Moscardó,125,0.6468996365600997,-0.31665122665542716,-0.7232873470814206,-0.8290259841161696,-0.3882510382912732,-0.8402944972641527
2017,12,Usera,6,Zofío,126,-0.0990557106386601,0.6110030819742501,-0.8208624765752822,-0.9114551195090514,-0.6724501951261906,-0.9657179329105565
2017,12,Usera,7,Pradolongo,127,0.8009050588117231,-0.8811898083222116,-0.9224328542630483,-1.1250567961580262,-0.66618978421718,-0.98296953999305
2017,13,Puente de Vallecas,1,Entrevías,131,-0.29170246811066114,-0.12887603907222211,-0.9973210219170136,-1.0651365583771364,-0.7239992079634393,-1.1902773641859377
2017,13,Puente de Vallecas,2,San Diego,132,1.1449274900635835,0.607359747451605,-0.8370859221312863,-1.0958728461507534,0.588816829619407,-0.9920357454756633
2017,13,Puente de Vallecas,3,Palomeras Bajas,133,-0.8480404410931557,-0.6819262723534661,-0.7092526154823612,-0.6713084670555893,-0.3524867539874148,-0.9590739381054589
2017,13,Puente de Vallecas,4,Palomeras Sureste,134,-0.12610305740984562,-0.6137198390338008,-0.8308796938497477,-0.7571527455344288,-0.6351732363857966,-1.1123110342902316
2017,13,Puente de Vallecas,5,Portazgo,135,0.09007995454793517,-0.48482316165835176,-0.9063973353262461,-0.9296174713752797,-0.691685769200919,-1.0904503930972302
2017,13,Puente de Vallecas,6,Numancia,136,0.5297070506434189,0.17250679389931547,-0.7744432752742807,-0.8777693899793803,0.018054458855459855,-0.9614278105506935
2017,14,Moratalaz,1,Pavones,141,-1.1864779279602204,1.1209341732769322,-0.503478099944988,-0.370310174161431,-1.1283250469269852,-0.7827537056835469
2017,14,Moratalaz,2,Horcajo,142,-2.5787814004802603,-1.9255168862125123,0.09243042004312739,0.04090410014317211,-0.37106900415308364,0.07306116344531424
2017,14,Moratalaz,3,Marroquina,143,-1.64859170767154,-1.560881942281653,-0.19190713931896558,0.12022856000336547,-0.992221263965302,-0.33743141159284035
2017,14,Moratalaz,4,Media Legua,144,-0.8398988536073473,-0.8806692424961112,-0.31676413366253536,-0.13342343101729195,-0.7121189261071655,-0.5465767749203949
2017,14,Moratalaz,5,Fontarrón,145,-0.6744907594765952,0.11067866999864517,-0.6488383027442388,-0.6000561635803864,-0.7729373808815324,-0.7168149046692974
2017,14,Moratalaz,6,Vinateros,146,-1.1723750702097542,-0.05285393502883872,-0.5246129830017616,-0.40616917656398416,-0.6136817097834515,-0.6714914703931513
2017,15,Ciudad Lineal,1,Ventas,151,-0.099467863680941307,0.093611876867602,-0.5298645832258851,-0.5278724574453767,-0.13908461204894487,-0.5577842450144797
2017,15,Ciudad Lineal,2,Pueblo Nuevo,152,0.0013426971726973379,-0.18091246974696798,-0.5777830218021626,-0.5339265747341194,-0.43616571661590753,-0.6572543386679419
2017,15,Ciudad Lineal,3,Quintana,153,0.4044014745468941,0.08377538758307695,-0.3461634991054671,-0.36891307017172115,0.21840792222057312,-0.313270049913045
2017,15,Ciudad Lineal,4,La Concepción,154,-0.13845641458580685,0.6999932530974587,-0.06218955531719995,-0.041990736579613115,0.3098966248790043,0.20862143688006685
2017,15,Ciudad Lineal,5,San Pascual,155,-0.6135428144933063,-0.6634028300237494,0.11222922041826999,0.3333645353224369,-0.2797456764924631,0.43775193658135536
2017,15,Ciudad Lineal,6,San Juan Bautista,156,-1.082965384262824,0.12942092549317918,0.8667590423445983,1.0846960142330746,-0.1166659312892053,0.68092973958485
2017,15,Ciudad Lineal,7,Colina,157,-0.7940205896984674,0.8466230451314499,0.7549458301588221,1.0069238921392254,0.3555568598293659,0.35219246976553775
2017,15,Ciudad Lineal,8,Atalaya,158,-1.7110326139190797,1.3919554522473312,0.9157277334051048,1.630187505326459,0.09725896989249778,0.7542490696854482
2017,15,Ciudad Lineal,9,Costillares,159,-1.5161803860377097,-1.1180787955887344,1.0179227475865813,1.2568502725206565,-0.6510139166551556,0.4466434999148061
2017,16,Hortaleza,1,Palomas,161,-2.058574745886647,1.7694166309007002,1.0710271129722797,1.821901219469979,-0.9351122205512976,0.4826805277376559
2017,16,Hortaleza,2,Piovera,162,-1.5509524691652719,5.2451620418922,1.1306585070492776,1.9071245628422808,-0.40013109244374806,0.8101269642805494
2017,16,Hortaleza,3,Canillas,163,-0.6101941977002333,-0.22431930934183036,-0.19348504214786008,0.10905172808568656,-0.696584550251008,-0.08487608449300754
2017,16,Hortaleza,4,Pinar del Rey,164,-0.5716678853072397,-0.38304654969173424,-0.42416545287601143,-0.2110403193345066,-0.6755343056881818,-0.3387374311430994
2017,16,Hortaleza,5,Apóstol Santiago,165,-0.9590769776659054,-0.890075899285484,-0.23370092947851734,-0.16710916054696312,-0.649287485073254,-0.2438459990524646
2017,16,Hortaleza,6,Valdefuentes,166,0.8813476362394909,0.0350279528441687,0.8667510497151305,0.677673051897601,0.6507725657897431,0.07521761433062604
2017,17,Villaverde,1,"Villaverde Alto, Casco Histórico de Villaverde",171,-0.17335142992527286,0.45768003614704267,-0.8793835959316652,-0.9497978623377555,-0.5648404991837217,-1.1236020288904374
2017,17,Villaverde,2,San Cristóbal,172,0.5628839205191228,-0.2091553830539116,-1.0106643840094918,-1.3735860725497473,-0.9347834184267563,-1.3600143468981127
2017,17,Villaverde,3,Butarque,173,0.5819816052715978,0.23787667768424337,-0.6383049692594132,-0.7411636665410826,-0.07968408013987176,-0.9956045198281158
2017,17,Villaverde,4,Los Rosales,174,-0.6508141746434636,0.2636044119352496,-0.7816544532383922,-0.8012391380986067,-0.8104893540218149,-1.0722648301735629
2017,17,Villaverde,5,Ángeles,175,-0.7835370337078335,-0.3869892350253384,-0.7929644864604303,-0.6562507907220497,-1.131383645490452,-1.1119769362657466
2017,18,Villa de Vallecas,1,Casco Histórico de Vallecas,181,2.3842101700327807,0.12574530473125273,-0.4759995143684213,-0.9457617841452604,1.1902182756603903,-0.8352906200337991
2017,18,Villa de Vallecas,2,Santa Eugenia,182,-0.3066728668447228,2.446180379330773,-0.5455564234770711,-0.28819150632181795,-1.2223272927798836,-0.8398085365012655
2017,18,Villa de Vallecas,3,Ensanche de Vallecas,183,NA,NA,NA,-0.25481624434541567,NA,-0.41348427098467827
2017,19,Vicalvaro,1,Casco Histórico de Vicálvaro,191,-1.478713599477843,0.42236933838371626,-0.38438666220018,-0.9161121328080843,-0.31084779585576233,-0.9190581065364706
2017,19,Vicalvaro,2,Valdebernardo,192,-0.27531621780394405,4.178309785680585,-0.9165182237299633,-0.24783072439686632,-0.8899515917663748,-0.5641776663012136
2017,19,Vicalvaro,3,Valderrivas,193,NA,NA,NA,-0.170679537409555,NA,-0.40792609475915675
2017,19,Vicalvaro,4,El Cañaveral,194,NA,NA,NA,-0.3164440536692841,NA,NA
2017,20,San Blas-Canillejas,1,Simancas,201,0.04763637714782236,0.9754206882030401,-0.4194886445038011,-0.37946896698286237,0.23131312867483098,-0.6744907594765952
2017,20,San Blas-Canillejas,2,Hellín,202,-0.5934624415607447,-0.9690780432601163,-0.9212385869693891,-0.7944088519266918,-0.7862844561568427,-1.2257676861505393
2017,20,San Blas-Canillejas,3,Amposta,203,-0.05279796994906331,-0.5730770333379501,-0.9597113230358755,-1.006768658362591,-0.33748953133353937,-1.209009632967853
2017,20,San Blas-Canillejas,4,Arcos,204,-1.1661184136231406,-0.9199143905356997,-0.7299691200890875,-0.6649438822135778,-0.5928179754008047,-0.8342807328234243
2017,20,San Blas-Canillejas,5,Rosas,205,-2.4756232690809887,-1.0789140917051978,-0.15950760567225972,0.03888606104692453,-0.7902905615246149,0.09046463326621013
2017,20,San Blas-Canillejas,6,Rejas,206,1.247557780528714,1.6834755803707742,0.19139021112883076,0.021034176733965165,1.1369686007459174,-0.45545913187905546
2017,20,San Blas-Canillejas,7,Canillejas,207,-0.1657547689011882,1.559648805169814,-0.6142142086090632,-0.48673550663725296,-0.7611879820503136,-0.73671651653691
2017,20,San Blas-Canillejas,8,El Salvador,208,-1.6927302367282595,-0.09071431016608442,0.35111998478354006,0.7759360325071947,-0.521948924441151,-0.06315971290148836
2017,21,Barajas,1,Alameda de Osuna,211,-1.1513069590044904,-0.5193024596418674,0.351913240392538,0.6827957665265372,-1.164498642292919,-0.11300865678202124
2017,21,Barajas,2,Aeropuerto,212,0.3395198423576207,1.4019015650856588,-0.9184002538651995,-0.8783903250859181,-4.5953808111435216e-4,-0.14195242919866674
2017,21,Barajas,3,Casco Histórico de Barajas,213,1.6409861973637256,2.9938547531777493,-0.6807039280424132,-0.45211837444777525,0.7098388493074715,-0.38383307131164257
2017,21,Barajas,4,Timón,214,1.1543992025076941,0.5401591663144089,0,-0.021034176733965165,0.4650107088811285,0
2017,21,Barajas,5,Corralejos,215,-2.2128625125518315,0.5095092082001452,0.9183564422917828,1.2213017376713722,-0.13595931637547687,0.02536867045009317
2018,1,Centro,1,Palacio,011,1.879893707505686,4.5379720261008245,0.6416063179764206,0.48081081721081215,3.2564734145485152,0.7324158473871073
2018,1,Centro,2,Embajadores,012,3.8550939479977644,4.12875861070123,0.3319258982959942,-0.2592974953044512,3.852445012436495,0.6850023378235192
2018,1,Centro,3,Cortes,013,2.8947641260163772,7.273919224137974,0.8370688335622039,0.697709278244124,4.116070603065462,1.41939729784203
2018,1,Centro,4,Justicia,014,2.9596653164326447,5.7659760067033945,0.9605612346119276,1.103384391865604,4.0622767557556925,1.7986791609383974
2018,1,Centro,5,Universidad,015,3.5042291494871964,4.813153044155062,0.6701740396196523,0.2556921352473815,3.9905203381702328,1.2316437319820719
2018,1,Centro,6,Sol,016,3.2105323859996853,7.754544219410706,0.5904396278729069,0.2078129536894962,4.251655491760913,1.243773988540773
2018,2,Arganzuela,1,Imperial,021,2.040657946535709e-4,-0.7543084708618277,0.43878071737608576,0.5382081493193615,0.752733347230447,0.15933167353414168
2018,2,Arganzuela,2,Acacias,022,0.32881970496706364,-0.9681307271683623,0.49063377785984746,0.5705121754307058,0.5909852361569253,0.5263915331286306
2018,2,Arganzuela,3,Chopera,023,1.0245952843720298,-0.8096153774783965,-0.06574513584815747,-0.15719369848823794,0.5582947281870394,0.19110232928594192
2018,2,Arganzuela,4,Legazpi,024,0.603536836346986,-0.8652219458952556,0.8545340453708922,0.6139207105178246,1.188852276105511,0.6744907594765952
2018,2,Arganzuela,5,Delicias,025,0.6973253263106479,-0.4343847982616497,0.41825031184343453,0.25525949204053316,1.021011747987201,0.33295621014474297
2018,2,Arganzuela,6,Palos de la Frontera,026,1.6810184052185633,0.5069124464996968,0.33054015254387514,0.12561074438830755,1.793793639467933,0.4414666305115556
2018,2,Arganzuela,7,Atocha,027,-0.9838737128174799,-1.1115660536696368,0,-0.11522730742394689,0.6112971173505645,0.3172310753442323
2018,3,Retiro,1,Pacífico,031,0.11637506009775847,-0.5450701049141885,0.5051181345487384,0.4929248270025663,0.5434995190489914,0.524674554620592
2018,3,Retiro,2,Adelfas,032,0.24585051634774505,-1.095322307914409,0.49494110699864163,0.6323801540100213,0.6191028022873252,0.43882562921865653
2018,3,Retiro,3,Estrella,033,-1.0877591363775472,-1.8260989243054104,0.8028781704065899,1.0942988845217885,-1.327486122314367,0.382610966463099
2018,3,Retiro,4,Ibiza,034,-0.0838079548550791,0.640574514396164,0.7825531766093561,0.7630384024782265,0.6548958780797466,1.2215056947609424
2018,3,Retiro,5,Los Jerónimos,035,-0.521417564038368,1.4743258984783798,0.9762050319753813,1.6123170175215598,0.3306315851030934,1.878453128031356
2018,3,Retiro,6,Niño Jesús,036,-1.2314187778913603,-1.0816147953025825,1.1709086844890824,1.4807934826396578,-0.9325550994188146,1.1695113913915565
2018,4,Salamanca,1,Recoletos,041,0.4481900934114676,3.9433442528141662,1.3913617451608271,2.1378342994400357,1.894705961124018,2.8951403255012984
2018,4,Salamanca,2,Goya,042,0.9205104243386013,1.7898094587071567,1.009638309004397,1.1444854965161984,1.341183073968776,1.5934936758746874
2018,4,Salamanca,3,Fuente del Berro,043,0.6686510742019498,0.836264102792493,0.5637410235475527,0.48196453242907444,0.9470816165527818,1.0398991740938865
2018,4,Salamanca,4,Guindalera,044,0.533489920791687,0.11649362922710103,0.7869405768014965,0.7415504565380913,0.8083816006798675,0.6145800055815956
2018,4,Salamanca,5,Lista,045,1.0473741976365187,1.803761047511191,1.0492131792113957,1.1192479761167107,1.2667178901958278,1.5556480618139106
2018,4,Salamanca,6,Castellana,046,0.9771906086809979,2.9789494716372187,1.2716985422042162,2.099905911639663,1.495860763271965,2.471243234608262
2018,5,Chamartin,1,El Viso,051,0.08357208309635275,0.7368822771982242,1.3132753544017972,1.9851112474225643,0.013058298610137397,1.5525090056866184
2018,5,Chamartin,2,Prosperidad,052,0.7234810368876297,-0.3095660049525452,0.664479970137194,0.5956054814279107,0.7397968518374013,0.600949031166632
2018,5,Chamartin,3,Ciudad Jardín,053,0.6605341482896785,0.1609867359618527,0.6648206601892249,0.6964113486235789,0.8686065908896415,0.7062941819938158
2018,5,Chamartin,4,Hispanoamérica,054,-0.6023355854572604,-0.6121322959964276,1.123618344180422,1.5753981305371663,0.14414004620027773,1.2438657354839502
2018,5,Chamartin,5,Nueva España,055,-0.36492384352779716,0.18456248900761313,1.3989081724677792,1.9034858957305067,0.5176075486684953,1.6918988257857914
2018,5,Chamartin,6,Castilla,056,0.43473124032211835,-0.2641452492514806,1.0564174943234026,1.1607817239741534,0.2533522985174922,0.8931237250689132
2018,6,Tetuan,1,Bellas Vistas,061,1.673245772636762,-0.124066016881574,-0.03942316734286795,-0.36053600570696775,1.222687708486797,-0.02603647180319767
2018,6,Tetuan,2,Cuatro Caminos,062,1.4671400569300084,-0.19743693980764704,0.6744907594765952,0.5605613816731935,1.244042370578819,0.6096584374154238
2018,6,Tetuan,3,Castillejos,063,1.6975623209951114,0.20524669742905752,0.7040122195885387,0.8416352517223454,1.6111663808007937,0.5966762449557876
2018,6,Tetuan,4,Almenara,064,0.9074267623160233,-0.8098917994918516,-0.22196185040847177,-0.42961470440042276,1.0914637284914892,-0.0469613282007838
2018,6,Tetuan,5,Valdeacederas,065,1.9155392177546922,0.3157923725441101,-0.2868214537116626,-0.5516200887316606,1.4906101491805164,-0.31432502732659756
2018,6,Tetuan,6,Berruguete,066,1.5638696728792814,0.07804434340719411,-0.19645134410646437,-0.47273481068297607,1.3807706147363374,-0.20974006545717097
2018,7,Chamberi,1,Gaztambide,071,0.9902610427239902,0.3920164725743433,0.9497183442984021,0.7507801782841896,1.4359303031817185,1.110262526158053
2018,7,Chamberi,2,Arapiles,072,1.3379003414938766,0.7928694133602647,0.858568515203778,0.7626057592713782,1.5289826790932104,1.2803875722217357
2018,7,Chamberi,3,Trafalgar,073,1.8626748634683492,1.880243375773476,0.9595096798455097,0.8143787296908988,2.389702616817817,1.3522581954952493
2018,7,Chamberi,4,Almagro,074,0.4362057068423674,1.6845130130358295,1.1044862302127836,1.5644378359636744,1.2400086235775647,2.0447051424223255
2018,7,Chamberi,5,Ríos Rosas,075,1.3054576717462718,0.6695157014946058,0.9949381226552285,1.102807534256473,1.449709828710402,1.402574840475101
2018,7,Chamberi,6,Vallehermoso,076,-0.2881660689301258,-0.5750994838665355,1.1469942711569714,1.3398960116093748,0.5463689851628842,0.9348554775085719
2018,8,Fuencarral-El Pardo,1,El Pardo,081,0.08215494484405267,-2.142348880285885,-0.49510659382530403,4.3264320684836127e-4,-0.5785782728794555,-0.4636169639358716
2018,8,Fuencarral-El Pardo,2,Fuentelarreina,082,-2.040915228535007,-0.6319369516808152,1.3047141935405426,2.1819639065385688,-1.357013377753871,0.2902676681548036
2018,8,Fuencarral-El Pardo,3,Peñagrande,083,-0.5632810088478974,-1.207936024769269,0.10638850273587594,0.384764025290476,-0.800843335345848,0.10389685979559415
2018,8,Fuencarral-El Pardo,4,Pilar,084,0.02244410483773119,-0.8508730476735488,-0.21907308930773733,-0.16858663626857812,-0.3793550036082303,0.0163178491794519
2018,8,Fuencarral-El Pardo,5,La Paz,085,-0.34808509904570367,-1.601949424307668,0.5973173651511875,0.9903203004758989,-1.5867593530916217,0.15340744234609976
2018,8,Fuencarral-El Pardo,6,Valverde,086,0.08625825810453848,-0.31841171176735794,0.41315169774306626,0.07614520440531158,0.07169513248939348,-0.21951111490558994
2018,8,Fuencarral-El Pardo,7,Mirasierra,087,-1.2884307699142,-0.9397677797049727,1.1615271853529485,1.2366384995748994,-0.7602693560482867,0.4978713405065525
2018,8,Fuencarral-El Pardo,8,El Goloso,088,-0.42047687855860927,-0.8495325755954116,1.1543143871068673,0.839904678894952,0.24322983534719592,0.565495390981558
2018,9,Moncloa-Aravaca,1,Casa de Campo,091,-0.41943981605467995,-0.13008671721930387,0.46489545895973,0.5442651542152385,0.43771402230274037,0.02724228877067533
2018,9,Moncloa-Aravaca,2,Argüelles,092,0.5304909190739867,0.9783753070366961,0.9695881276023355,1.0989137453948377,1.2712375418473372,0.8907186444870422
2018,9,Moncloa-Aravaca,3,Ciudad Universitaria,093,-0.21407054701556408,-0.7590603229073282,1.1668411011543527,1.383881404305625,0.07609510703236315,0.6533037689556442
2018,9,Moncloa-Aravaca,4,Valdezarza,094,-0.27203984587108715,-1.0257911292576805,-0.08064532634947696,-0.11825580987188541,-0.30104487882962405,-0.17410293138574154
2018,9,Moncloa-Aravaca,5,Valdemarín,095,-1.8048107565267493,-0.2012665007694433,1.578941157261564,2.2506099620251754,-0.27647054948891747,0.5797882540580176
2018,9,Moncloa-Aravaca,6,El Plantío,096,-1.338354505771036,-0.41226597889412225,1.2164043461524128,2.3266109520282043,-1.1933926774425252,0.14528783787487862
2018,9,Moncloa-Aravaca,7,Aravaca,097,-1.6461973059839756,0.6744907594765952,1.1034535175071227,1.3996007741544487,-0.831236017381271,0.42228496603434457
2018,10,Latina,1,Los Cármenes,101,-0.6535105482953059,-0.4113729797723625,-0.5281947795385862,-0.6019509151283533,-0.26929549349940063,-0.7313083307158912
2018,10,Latina,2,Puerta del Angel,102,0.6300309050434053,0.22337346030569136,-0.39522969101129013,-0.537198648503382,0.654103654213387,-0.533862355644524
2018,10,Latina,3,Lucero,103,-0.3968147336180332,-0.2987437898687957,-0.5117447352081204,-0.518162347402054,-0.4581441346200622,-0.680192176659777
2018,10,Latina,4,Aluche,104,-0.6678702522825454,0.5457909559065541,-0.5810473271355332,-0.43163370603238177,-1.0767465425768366,-0.7092956177063414
2018,10,Latina,5,Campamento,105,0.0916237758946038,0.9405572424978267,-0.46947073515672294,-0.43956549815793505,-0.5383907692028055,-0.7773849562503192
2018,10,Latina,6,Cuatro Vientos,106,1.0468786961492906,-1.4159789418073456,-0.10782648642780401,-0.1730572827393445,2.3074838763749774,-0.19885494598445252
2018,10,Latina,7,Águilas,107,-1.1773398594888964,-0.39319479997138485,-0.6592763112734925,-0.4803781740039638,-0.8492325848213557,-0.7791805749953674
2018,11,Carabanchel,1,Comillas,111,0.44709011216232325,0.48642134283319116,-0.46496742156761794,-0.5230656370796688,0.2004054098270913,-0.5442625269890179
2018,11,Carabanchel,2,Opañel,112,0.37153486928303187,0.02903693466934823,-0.554604916185582,-0.6113248512767345,0.0666465855953921,-0.7110912364513897
2018,11,Carabanchel,3,San Isidro,113,0.22704041862394306,0.6037902624747278,-0.6203025503561382,-0.7411178133312428,0.0716860941034511,-0.6693660373648154
2018,11,Carabanchel,4,Vista Alegre,114,-0.027860650398661705,0.10340854539550688,-0.6985344310129921,-0.7323207347919929,-0.6525626923166522,-0.833566852240456
2018,11,Carabanchel,5,Puerta Bonita,115,-0.05939657488403518,0.4491458015633392,-0.7515038487657867,-0.8815826411546775,-0.4840180969865541,-0.913406352864256
2018,11,Carabanchel,6,Buenavista,116,-0.7887200343211838,0.13420580665171009,-0.5137278519543639,-0.5426787957901278,0.08844128826245551,-0.7071723313070876
2018,11,Carabanchel,7,Abrantes,117,-0.5682211650580101,-0.09452266183467907,-0.6918173009748064,-0.7689511929718208,-0.6514740632306192,-0.8933203256614368
2018,12,Usera,1,Orcasitas,121,-1.4792946775861504,-1.4157836564858752,-0.8537273601955874,-0.7577024695937634,-0.982595705605383,-0.9986785831947891
2018,12,Usera,2,Orcasur,122,-0.05454314913635056,-1.1023695415755816,-0.792142898919128,-0.9675344249152186,-0.22853594476339084,-1.0142559034757357
2018,12,Usera,3,San Fermín,123,-0.5645690571387506,-0.32138639183870127,-0.7737899309762015,-0.9398452596769235,-0.40212045774776656,-0.9733433201715919
2018,12,Usera,4,Almendrales,124,0.44939763722833387,-0.8802559096826756,-0.7544763296668886,-0.8922545069236038,-0.1800788468917278,-0.8247329322830661
2018,12,Usera,5,Moscardó,125,0.5489068450194058,-0.34657182242915247,-0.6993551398515957,-0.8200030913799274,-0.3334639440748999,-0.8437179961677537
2018,12,Usera,6,Zofío,126,0.02677564511466577,0.3359068940286725,-0.8269039745550102,-0.9043685167153579,-0.6810726815548477,-0.9634739704269114
2018,12,Usera,7,Pradolongo,127,0.8098885412212099,-0.9758307365388343,-0.9185864583747259,-1.1091529679569154,-0.6170326686997059,-0.9783500819278576
2018,13,Puente de Vallecas,1,Entrevías,131,-0.23698403249154004,-0.2343513203028364,-1.0080907287592993,-1.0422374852977023,-0.7306065891742874,-1.1473676113203244
2018,13,Puente de Vallecas,2,San Diego,132,1.0932358341726127,0.33717073363235534,-0.8167400568568065,-1.060120071180768,0.74126549293428,-0.9734219604086014
2018,13,Puente de Vallecas,3,Palomeras Bajas,133,-0.7498737821170013,-0.813974535642778,-0.6873859380379399,-0.6612230344665788,-0.3319873208515464,-0.9017020642560226
2018,13,Puente de Vallecas,4,Palomeras Sureste,134,-0.09992580145041968,-0.6721841294129618,-0.8168909716884577,-0.7403967413198289,-0.6146656546577766,-1.0124537313776034
2018,13,Puente de Vallecas,5,Portazgo,135,0.04423961633260335,-0.5375729416550223,-0.8997857609180451,-0.9115792368294973,-0.6017854678268747,-1.0337521289009843
2018,13,Puente de Vallecas,6,Numancia,136,0.5290148815245799,0.08945940384087851,-0.7456216362998639,-0.8520186886867062,0.10124436287155501,-0.9052933017461189
2018,14,Moratalaz,1,Pavones,141,-1.2120552800043503,0.3040533939175239,-0.4683678366531302,-0.3851966684973243,-1.2725555871821248,-0.6480741931945184
2018,14,Moratalaz,2,Horcajo,142,-2.5310397233151303,-2.040191833840426,0.1446433611989575,0.015142512239692645,-0.33239353702582175,0.04032933487965726
2018,14,Moratalaz,3,Marroquina,143,-1.5498940197849522,-1.52318381383761,-0.14486082534027192,0.12157274112438952,-1.0477177967099562,-0.3249611193821198
2018,14,Moratalaz,4,Media Legua,144,-0.8244116765882716,-1.089457549515159,-0.26945651930535586,-0.14161854304169694,-0.7349291349037399,-0.595535961519151
2018,14,Moratalaz,5,Fontarrón,145,-0.6162530595625206,0,-0.6256647229585983,-0.6018067007260706,-0.7278300748819269,-0.6980304037547439
2018,14,Moratalaz,6,Vinateros,146,-1.1288904453576392,-0.20037801969174304,-0.48474425645677116,-0.3990412511164719,-0.6127770170769811,-0.629475777141794
2018,15,Ciudad Lineal,1,Ventas,151,-0.07445480684400844,0.034729559603523544,-0.4903870321335827,-0.514124344138136,-0.07252921669596431,-0.47606833479569427
2018,15,Ciudad Lineal,2,Pueblo Nuevo,152,0,-0.18214352510276158,-0.5386367554380153,-0.5397945077444721,-0.43454737242107366,-0.5743817377636206
2018,15,Ciudad Lineal,3,Quintana,153,0.4587263271641287,0.09308886266555748,-0.28915679207938094,-0.3730826587055702,0.3857523442758356,-0.29786955773237916
2018,15,Ciudad Lineal,4,La Concepción,154,-0.1785228318765998,0.5544460142895942,0.007453950576324836,0.008220220930118864,0.4543568481189412,0.26759961983684205
2018,15,Ciudad Lineal,5,San Pascual,155,-0.7257500771049472,-0.7780498021435297,0.16571550271768826,0.3080419632760332,-0.16925761236024497,0.425541982517151
2018,15,Ciudad Lineal,6,San Juan Bautista,156,-0.9785721920172097,0.020239830776964292,0.9649673230143748,1.1339578451495549,-0.0977016147641132,0.4192245501440618
2018,15,Ciudad Lineal,7,Colina,157,-0.5664727379245913,0.6287627063583172,0.8590350596675002,0.9411431892974685,0.21953068852154345,0.5664849472972595
2018,15,Ciudad Lineal,8,Atalaya,158,-1.713659690261711,1.1211407694799513,0.9928658347311484,1.5601114038951909,0.09193172647017728,0.9365724560166105
2018,15,Ciudad Lineal,9,Costillares,159,-1.4786597577444578,-1.2094488963212933,1.1033159862310822,1.3749401113640922,-0.727854584452447,0.4330390184453808
2018,16,Hortaleza,1,Palomas,161,-2.0200782364303174,1.7226666720602921,1.1623052705908241,1.9414142835308799,-1.0370363051632812,0.5280233180465757
2018,16,Hortaleza,2,Piovera,162,-1.5068822888331688,4.881027724720921,1.2636650485745502,2.0128004126608596,-0.483614403333365,0.9660232247766335
2018,16,Hortaleza,3,Canillas,163,-0.6162286049746415,-0.18402709647510118,-0.1323823256605521,0.10715130089611082,-0.7169473173540832,0
2018,16,Hortaleza,4,Pinar del Rey,164,-0.5554965081959129,-0.48249675928398156,-0.3829314183712192,-0.21185095695341424,-0.6418861258467756,-0.2734386574347904
2018,16,Hortaleza,5,Apóstol Santiago,165,-0.8837488864075944,-1.0260836376723352,-0.1789536444932322,-0.18401757731283633,-0.6744907594765952,-0.40350305609526443
2018,16,Hortaleza,6,Valdefuentes,166,0.4142027188602726,0.011217917666863576,0.9613680988377221,0.6744907594765952,0.6367363531976002,0.21491066104053969
2018,17,Villaverde,1,"Villaverde Alto, Casco Histórico de Villaverde",171,-0.2057999822885798,0.4375537702532111,-0.8773228092961546,-0.930038680321694,-0.5577518853077462,-1.0573442000038062
2018,17,Villaverde,2,San Cristóbal,172,0.6854094252047479,-0.4972420523463401,-1.0109165371962954,-1.3551827382513504,-0.9703080921132697,-1.3336335660301877
2018,17,Villaverde,3,Butarque,173,0.02896511264419514,0.18821369668694332,-0.6345441056174683,-0.7304459475623166,-0.12002143237601623,-0.8914329599732109
2018,17,Villaverde,4,Los Rosales,174,-0.6934965511832788,0.2213968459363709,-0.7808185115729208,-0.7879874940731487,-0.8798989436923221,-1.0433790045815525
2018,17,Villaverde,5,Ángeles,175,-0.7175000558963801,-0.53253887328642,-0.7862131894910878,-0.6592040328346198,-1.196416554628375,-1.0826925697331717
2018,18,Villa de Vallecas,1,Casco Histórico de Vallecas,181,-0.03322575187039029,0.8037442030941461,-0.904599629517428,-0.9159056688979809,-0.35444872127644805,-0.9085765316412616
2018,18,Villa de Vallecas,2,Santa Eugenia,182,-0.3219466957681787,2.2148128123747624,-0.5175524880361635,-0.279054868417193,-1.308715126885912,-0.776978648359104
2018,18,Villa de Vallecas,3,Ensanche de Vallecas,183,3.339024746768428,-0.7318256347632005,-0.01958892765081553,-0.2767474379806684,2.6413638362705947,-0.5433843776757461
2018,19,Vicalvaro,1,Casco Histórico de Vicálvaro,191,0.23952642233457677,4.160867471703196,-0.8845446853455975,-0.8960040813829562,-0.754283489912051,-0.852853370367013
2018,19,Vicalvaro,2,Valdebernardo,192,-1.0412418751345198,1.485490306132615,-0.2203103411711849,-0.24083805181225446,-0.4648528136643384,-0.6476613319502192
2018,19,Vicalvaro,3,Valderrivas,193,0.7412421257536677,-2.000972980067561,0.014454981841954668,-0.18156593247402894,0,-0.3918708543709564
2018,19,Vicalvaro,4,El Cañaveral,194,4.93439152232307,0.08655619072789102,-0.393951780499464,-0.3273666931819267,2.36793124974635,-1.1239459273976895
2018,20,San Blas-Canillejas,1,Simancas,201,0.07529901743037451,0.9398410669504901,-0.386897598354029,-0.37236158669415625,0.3075079375127319,-0.48298212229943804
2018,20,San Blas-Canillejas,2,Hellín,202,-0.4555613887483329,-0.8079889254432739,-0.90046817488908,-0.8091870112087184,-0.7179987291409359,-1.091592023221403
2018,20,San Blas-Canillejas,3,Amposta,203,-0.10136678254054374,-0.3860531484551713,-0.9396417967966636,-0.9919066589010096,-0.2919733958656247,-1.1088076817733787
2018,20,San Blas-Canillejas,4,Arcos,204,-1.0822742701672945,-0.9712369370079079,-0.693632656366319,-0.6420425189629682,-0.5943941798001794,-0.8317712334954079
2018,20,San Blas-Canillejas,5,Rosas,205,-2.388718449293888,-1.2709318561492096,-0.12335567759241706,0.04167796225972547,-0.8158268068413727,-0.0021232863992538317
2018,20,San Blas-Canillejas,6,Rejas,206,1.0585095005601353,9.725131054592104,0.22883195642980583,0,1.1754744444149088,-0.2944356007163019
2018,20,San Blas-Canillejas,7,Canillejas,207,-0.112903986973766,1.3538326985128393,-0.5809992874907155,-0.46985052263732036,-0.7480863067621867,-0.7230838725953241
2018,20,San Blas-Canillejas,8,El Salvador,208,-1.4647053028079597,-0.37494447381522844,0.3961975258461642,0.8090427968064355,-0.5937414149715844,-0.0037943914357038383
2018,21,Barajas,1,Alameda de Osuna,211,-1.346247006369432,-0.795228611951571,0.41375013340657935,0.6496858822839559,-1.2129668632207626,0.053527787991069525
2018,21,Barajas,2,Aeropuerto,212,0.6744907594765952,1.3270782870973117,-0.8888447302835731,-0.8334150307922266,-0.20148323536643442,0.0549170988449023
2018,21,Barajas,3,Casco Histórico de Barajas,213,1.407228114716055,2.6504291853290414,-0.6451556133342854,-0.4557175112136072,0.8445066292383119,-0.22411812212372417
2018,21,Barajas,4,Timón,214,0.8795988501391758,0.14658672037852455,0.0426272827196873,-0.010527651366643458,0.5838910351211561,0.2996455164181753
2018,21,Barajas,5,Corralejos,215,-2.278690072614828,0.10873803526995808,0.9849736415672123,1.2305814946790223,-0.24707167571790808,0.2799723504596554
2019,1,Centro,1,Palacio,011,1.8894449102698083,4.573025272946205,0.6730092489099876,0.6006514805079072,3.153700054007785,1.1351748146649874
2019,1,Centro,2,Embajadores,012,3.9626691994483254,4.305996740400173,0.37441079154480544,-0.1547174424745781,3.8576855532864376,0.7749583163060749
2019,1,Centro,3,Cortes,013,3.0369461834506364,7.478631874428992,0.8721647359919529,0.6744907594765952,4.014193793518256,1.3893068415277472
2019,1,Centro,4,Justicia,014,2.7986687822643685,6.063242966296447,0.9747404790275956,1.0294713679017646,4.052870790843662,1.6661552241428708
2019,1,Centro,5,Universidad,015,3.7317856676958305,4.862020008165733,0.7272148334844136,0.3618814756185047,3.97631847348991,1.6949858887332538
2019,1,Centro,6,Sol,016,3.223254673158276,7.874655976077512,0.6242458156628702,0.25754036365527455,3.994761322997423,1.2672632960704548
2019,2,Arganzuela,1,Imperial,021,-0.05831978231978894,-0.6552979971050236,0.45307980675700293,0.4954822644814767,0.7223030590046146,0.3565527656821625
2019,2,Arganzuela,2,Acacias,022,0.3373449641210593,-0.8827957649763434,0.499750689277011,0.596510960191906,0.5411569098461361,0.8752196365279232
2019,2,Arganzuela,3,Chopera,023,1.1959520029999986,-0.5857071126562096,-0.014261058568675615,-0.1088956843108315,0.6226902046390325,0.2664516312774596
2019,2,Arganzuela,4,Legazpi,024,0.4247377024936531,-0.8643653936843334,0.8645929277976656,0.7109273382574057,1.077530608428,0.8519876892564802
2019,2,Arganzuela,5,Delicias,025,0.6236689866183701,-0.37400812612571027,0.424874155922026,0.32475481011836066,0.9803807058254179,0.3891624128182659
2019,2,Arganzuela,6,Palos de la Frontera,026,1.767307703117795,0.6360897669700931,0.3754293494988098,0.1798365990583187,1.8678616889170552,0.3996380193294361
2019,2,Arganzuela,7,Atocha,027,-1.2098091574953913,-1.195849343160086,0.006244133440272241,-0.06100366598908432,0.5457935331421431,0.47710143272204675
2019,3,Retiro,1,Pacífico,031,0.13540242399791097,-0.48655779623572215,0.518695931539779,0.5246039240373518,0.5397700491581071,0.6460846996666297
2019,3,Retiro,2,Adelfas,032,0.1513573722877375,-1.0561218513785826,0.5093954943132747,0.6873263724561989,0.4766076753536104,0.8108798807294392
2019,3,Retiro,3,Estrella,033,-1.165462228399988,-1.8392527326191492,0.8056742987415766,1.039132581972434,-1.3020891155519092,0.5294882269638428
2019,3,Retiro,4,Ibiza,034,0.015662488793211405,1.1513493591125448,0.8101634778549133,0.8638505552617166,0.6196348077884327,1.374105990388782
2019,3,Retiro,5,Los Jerónimos,035,-0.6537725341493692,1.6711743048004672,0.9756624180895997,1.5348908811416442,0.30072499813047593,2.129872170619963
2019,3,Retiro,6,Niño Jesús,036,-1.2593992202663706,-0.8760658772642018,1.1525256139549909,1.529784239418576,-0.9141713002267841,1.4078196099539724
2019,4,Salamanca,1,Recoletos,041,0.28290416205704094,3.9222902625834095,1.3694459640104766,1.7980899558954537,1.818792383034042,3.2451026921704584
2019,4,Salamanca,2,Goya,042,0.9372577171266291,2.123103401631435,1.00925532493932,1.1712151800528723,1.239155747964297,1.6329026040535628
2019,4,Salamanca,3,Fuente del Berro,043,0.7374348165880288,0.9626163123200954,0.6068260432476125,0.5542776529686937,0.9724413997697257,0.9667765587512025
2019,4,Salamanca,4,Guindalera,044,0.48317261589058014,0.22230460394713727,0.8122232915590406,0.7447415875047488,0.8331490340112272,0.8309394237129015
2019,4,Salamanca,5,Lista,045,1.088708526501942,1.870849623100652,1.0572927373377203,1.1207008321976577,1.2812441370605339,1.7145844322408341
2019,4,Salamanca,6,Castellana,046,0.9211471987140678,3.351423697189578,1.2483285894658174,1.9275502244424245,1.4481145941755018,2.894621774848273
2019,5,Chamartin,1,El Viso,051,0.07188168329655507,0.6563481096236288,1.2846893649272648,2.0324434057811214,-0.05005492189581571,1.9465884842612375
2019,5,Chamartin,2,Prosperidad,052,0.7326539042565287,-0.11598585555658233,0.6744907594765952,0.6501997069560548,0.7353794064416234,0.7293496971066029
2019,5,Chamartin,3,Ciudad Jardín,053,0.6887386456382382,0.22749772706426138,0.6988768981369354,0.6634493719672586,0.8985707090927508,0.7256131750389244
2019,5,Chamartin,4,Hispanoamérica,054,-0.6081860443227227,-0.5177979934203143,1.1194494457080086,1.5954804950991284,0.10708739099094423,1.3743486216918783
2019,5,Chamartin,5,Nueva España,055,-0.33533244858935357,0.19243780557933376,1.3800670191905788,1.7256308503654327,0.5049622859083874,1.8937130575340397
2019,5,Chamartin,6,Castilla,056,0.4331281490221416,-0.28406644661851477,1.049999628110161,1.0928213287365829,0.33034637661151167,0.5084399614202642
2019,6,Tetuan,1,Bellas Vistas,061,1.7945022930331538,-0.03370194417750642,0,-0.3155076480792913,1.2435810352820191,0.13532760930179893
2019,6,Tetuan,2,Cuatro Caminos,062,1.5749219543080113,-0.10069185393448536,0.702858311042044,0.6555823833668564,1.2565373582418722,0.7501068050864667
2019,6,Tetuan,3,Castillejos,063,1.7035397577857176,0.22910267118304797,0.7188473579412913,0.8830349660591889,1.6183233182609855,0.7551171414953988
2019,6,Tetuan,4,Almenara,064,1.019514144319645,-0.5916044859189473,-0.18698270561523903,-0.38934692704797935,1.1206329133448059,0
2019,6,Tetuan,5,Valdeacederas,065,2.0488362613516555,0.5469998787927098,-0.2518271927507917,-0.49382605635507626,1.5231599963832059,-0.09335845964876702
2019,6,Tetuan,6,Berruguete,066,1.664898397715076,0.29847811916351713,-0.1694440169984479,-0.4281298006745239,1.3840037391423377,-0.12990479967760338
2019,7,Chamberi,1,Gaztambide,071,1.2765080775094613,0.5845945506236585,0.9588830904007907,0.8042270627112994,1.4966502530853,1.3886638685745425
2019,7,Chamberi,2,Arapiles,072,1.4392675551876608,0.8578441416284451,0.8714351410894704,0.7697227267446227,1.5398619632153425,1.4904355686581638
2019,7,Chamberi,3,Trafalgar,073,1.9663174885065056,1.9503570166956434,0.9628372353847641,0.8370751905515755,2.3992531617939536,1.4029548523268978
2019,7,Chamberi,4,Almagro,074,0.423945982534248,1.8383834678060587,1.1004228432720784,1.779181579785715,1.240296497453648,1.905911346297192
2019,7,Chamberi,5,Ríos Rosas,075,1.3804079733111874,0.7344598045758908,1.021155970251155,1.1474761969077987,1.3922995483506189,1.3452389311029342
2019,7,Chamberi,6,Vallehermoso,076,-0.11549696093485828,-0.4836280811679156,1.152619940831274,1.384451976326934,0.5879795106850173,0.931243204412792
2019,8,Fuencarral-El Pardo,1,El Pardo,081,0.16948602968397541,-1.8402141008581292,-0.4644093288166237,-0.026499330022407667,-0.5790025987376094,0.5251815213338887
2019,8,Fuencarral-El Pardo,2,Fuentelarreina,082,-1.976103846955129,-0.9505214532121471,1.2922201094908747,2.1119413958483446,-1.4783330663671654,0.33881035164326684
2019,8,Fuencarral-El Pardo,3,Peñagrande,083,-0.6977815958316387,-1.2475895796608119,0.11904724286681506,0.38700063220224534,-0.8145869411038469,0.14925464609950986
2019,8,Fuencarral-El Pardo,4,Pilar,084,0,-0.7544880709546341,-0.19306222771207662,-0.12283543604136887,-0.34572408021451134,0.14072615579568518
2019,8,Fuencarral-El Pardo,5,La Paz,085,-0.5783388069551298,-1.5961087528156415,0.5865352396291456,0.9864099566153521,-1.685760227216753,0.26651835488581105
2019,8,Fuencarral-El Pardo,6,Valverde,086,-0.1875457794580566,-0.270455265410759,0.4015140029519971,0.14036363871244062,0.00390811768831806,0.16927779438750784
2019,8,Fuencarral-El Pardo,7,Mirasierra,087,-1.3460696454645737,-1.0959773343018724,1.1487378333179963,1.2697595635737007,-0.8354190335073587,-0.06449746614549653
2019,8,Fuencarral-El Pardo,8,El Goloso,088,-0.9569147287154174,-0.8467239946966252,1.1563340721753876,0.8576397747877148,0.13067396745682222,1.2376926060056286
2019,9,Moncloa-Aravaca,1,Casa de Campo,091,-0.3875235484500605,0,0.4789508580541107,0.5488949765578922,0.3550940350615041,0.08203970935933802
2019,9,Moncloa-Aravaca,2,Argüelles,092,0.5272352422217195,1.0323865807254624,0.9813408447142108,1.1724573361476727,1.2745041667782697,0.958994159704398
2019,9,Moncloa-Aravaca,3,Ciudad Universitaria,093,-0.3668411176291372,-0.8168866248871001,1.1367323667398619,1.1425075725285974,0,0.7016715312059256
2019,9,Moncloa-Aravaca,4,Valdezarza,094,-0.23808514571523673,-1.0256846990785047,-0.06421769651760859,-0.07232108818615426,-0.3186452543997883,-0.009693120558685568
2019,9,Moncloa-Aravaca,5,Valdemarín,095,-1.8212489189534047,-0.4858580319613187,1.5586467250689109,2.17667153012183,-0.5297982795239179,0.9723146182443689
2019,9,Moncloa-Aravaca,6,El Plantío,096,-1.5845649230458494,-0.19795276903257547,1.195805032321473,2.187850934975033,-1.3376707468113629,-0.03490251295036086
2019,9,Moncloa-Aravaca,7,Aravaca,097,-1.681835437810514,0.7863059962109991,1.07671486296677,1.2335990194806237,-0.9573564496256176,0.5188245811927732
2019,10,Latina,1,Los Cármenes,101,-0.5404934416268544,-0.4658203351454931,-0.5188648373020986,-0.5435123001470906,-0.21558807492101517,-0.4460958480897448
2019,10,Latina,2,Puerta del Angel,102,0.7327506869346484,0.2830180516972811,-0.3619661151062229,-0.4693969864906692,0.6744907594765952,-0.3816347766397126
2019,10,Latina,3,Lucero,103,-0.30047035444570747,-0.24065099129006903,-0.47909985890938,-0.4601498244515998,-0.4104034635893882,-0.5906434469091919
2019,10,Latina,4,Aluche,104,-0.686197159866581,0.47647685757080777,-0.5691485052020343,-0.39597175955358127,-1.036870651083927,-0.6217487799661005
2019,10,Latina,5,Campamento,105,0.04034721683958054,0.9199704967493766,-0.44819282613993966,-0.41695039582132065,-0.5432896556817817,-0.682503658261341
2019,10,Latina,6,Cuatro Vientos,106,0.35778382153819954,-1.59229152135937,-0.1009958138509162,-0.12173129729043523,2.156939875239228,-0.002559760247663049
2019,10,Latina,7,Águilas,107,-1.2218220680673424,-0.36253665165941296,-0.6401362098037618,-0.4257835058287899,-0.8621261646850559,-0.58255169295094
2019,11,Carabanchel,1,Comillas,111,0.5541919075453456,0.7123077121824498,-0.43120931415655667,-0.4724333680557367,0.2151528503938792,-0.4246715040263671
2019,11,Carabanchel,2,Opañel,112,0.3522892165917747,0.051529649295593186,-0.5263795695512512,-0.5530354968738934,0.0362699219404384,-0.5614549011467421
2019,11,Carabanchel,3,San Isidro,113,0.33694662686904675,0.5954842910293859,-0.5982476352577641,-0.6878784418316657,0.07373655098012032,-0.6020774470675913
2019,11,Carabanchel,4,Vista Alegre,114,0.05622876586586865,0.00656816738441112,-0.6862318850925435,-0.6972636212146017,-0.6756291535518979,-0.6525811528070257
2019,11,Carabanchel,5,Puerta Bonita,115,0.02177701246862809,0.4938236478569425,-0.734317722701383,-0.8385933813341093,-0.47260776372727525,-0.7377932664543441
2019,11,Carabanchel,6,Buenavista,116,-0.9124936662139687,0.08034865843799142,-0.5093034355722621,-0.48099044337547253,0.08099897806070748,-0.5446041571467242
2019,11,Carabanchel,7,Abrantes,117,-0.5087424743760793,-0.0903249045344928,-0.6820790574121408,-0.735770460153413,-0.7373786397814364,-0.7900863780541114
2019,12,Usera,1,Orcasitas,121,-1.500572329993854,-1.4836706895081326,-0.8373651159145704,-0.6974016385584685,-1.0181371402087183,-0.8814067347568717
2019,12,Usera,2,Orcasur,122,-0.08416137938270403,-1.2011371271699263,-0.777772030024239,-0.9138128337414645,-0.25353346722243614,-0.9254261189210651
2019,12,Usera,3,San Fermín,123,-0.5940030662555564,-0.2271173787858998,-0.7537774679451005,-0.8735117693323861,-0.5012179008495318,-0.8204638172017317
2019,12,Usera,4,Almendrales,124,0.5288625596243454,-0.8585034499923492,-0.7221231985768437,-0.8327966528917077,-0.2817611974091802,-0.7159018571325065
2019,12,Usera,5,Moscardó,125,0.6242469886071905,-0.41496770313543585,-0.6692436923656366,-0.764892119709288,-0.3396518304364592,-0.6943986578956228
2019,12,Usera,6,Zofío,126,0.12060410093153688,0.14085431286212455,-0.813060315468358,-0.8599860696334488,-0.7075914893572677,-0.7358461502469985
2019,12,Usera,7,Pradolongo,127,0.7745063992203736,-1.0437069939567472,-0.9149048337562893,-1.0576269060505727,-0.6805403649437525,-0.8137186669756625
2019,13,Puente de Vallecas,1,Entrevías,131,-0.170849449586505,-0.26779448686671314,-0.9891763195422328,-0.9681916672249469,-0.7128831617553584,-0.9362535408217244
2019,13,Puente de Vallecas,2,San Diego,132,1.266743819683577,0.41482211652210815,-0.7789222451906872,-1.0173258416414943,0.7163011687123942,-0.7724167534061445
2019,13,Puente de Vallecas,3,Palomeras Bajas,133,-0.6206679984599932,-0.7899142220425703,-0.6728885688537173,-0.600237428476307,-0.32242840436392234,-0.8088417777834328
2019,13,Puente de Vallecas,4,Palomeras Sureste,134,-0.018756701628486184,-0.5894417051409793,-0.7903875041577705,-0.6753188635397954,-0.6182446166759232,-0.9431806645251155
2019,13,Puente de Vallecas,5,Portazgo,135,0.09081221805350427,-0.5213077277102127,-0.8839847168672161,-0.8599860696334488,-0.5677817939989961,-0.8674736321765834
2019,13,Puente de Vallecas,6,Numancia,136,0.6183039862807101,0.12430038125786308,-0.7190433532971914,-0.7976022302056974,0.11678904930021272,-0.7282153957646291
2019,14,Moratalaz,1,Pavones,141,-1.2363189893796933,0.6025792862552549,-0.45942512551286524,-0.31592170011089143,-1.1882309554885704,-0.731988312527772
2019,14,Moratalaz,2,Horcajo,142,-2.4586623099772837,-2.076843404083039,0.1366701592171667,0.06293590880321821,-0.36443022610693643,-0.4938820832345036
2019,14,Moratalaz,3,Marroquina,143,-1.506919453255814,-1.5546248621690753,-0.12176746141312006,0.15319925169204432,-0.9926404949347707,-0.1827862921873784
2019,14,Moratalaz,4,Media Legua,144,-0.705350470400779,-0.9624437913143038,-0.25113982718189115,-0.1169006902551005,-0.7126135546272933,-0.3621272198707933
2019,14,Moratalaz,5,Fontarrón,145,-0.5670641884352189,0.08214622033729872,-0.5999990343194772,-0.539095745143356,-0.6652141154679486,-0.557117866603901
2019,14,Moratalaz,6,Vinateros,146,-1.041207591653887,-0.20594884486134088,-0.45375966271174967,-0.34600948107383345,-0.5661973490201836,-0.5074391072949931
2019,15,Ciudad Lineal,1,Ventas,151,0.004145876585463878,0.08721514571545948,-0.45365494726506655,-0.45283490522666436,0.025430289151013738,-0.29510638817309837
2019,15,Ciudad Lineal,2,Pueblo Nuevo,152,0.1341298896523706,-0.09660029488766535,-0.5045352223075434,-0.48333673822120654,-0.42070751984302485,-0.46753232371827697
2019,15,Ciudad Lineal,3,Quintana,153,0.6586816643169807,0.24562155533034388,-0.24958366309574018,-0.3070885901034222,0.4039892037377588,-0.03605501164006696
2019,15,Ciudad Lineal,4,La Concepción,154,-0.07979313348068444,0.47482659625024265,0.03725720656613748,0.03588450940534372,0.43612740893371077,0.48441946241375927
2019,15,Ciudad Lineal,5,San Pascual,155,-0.9133464715671612,-0.8371111965012447,0.17095090596508744,0.38713864954611205,-0.25280769614465276,0.5673023155513556
2019,15,Ciudad Lineal,6,San Juan Bautista,156,-1.1312266001867535,0.2843313793124097,0.9590065292996875,1.0943395195191168,-0.09226040785160404,0.5475278643490312
2019,15,Ciudad Lineal,7,Colina,157,-0.45575086508775897,0.6828242878442548,0.8722852132438802,0.9571502797156103,0.3430230703908704,0.6400189170892295
2019,15,Ciudad Lineal,8,Atalaya,158,-2.0779571888696653,0.6744907594765952,1.041366742467477,2.009256492011515,0.29522322080405267,1.073285635027773
2019,15,Ciudad Lineal,9,Costillares,159,-1.5372282914115003,-1.309123037398195,1.0772731809701992,1.3438748772301223,-0.7848887150512218,0.5789668154476965
2019,16,Hortaleza,1,Palomas,161,-2.115342988021535,1.9617273388444862,1.172289114691534,1.8810383795593444,-1.282597276381438,0.6160287469956115
2019,16,Hortaleza,2,Piovera,162,-1.6041339905217469,5.058652719377324,1.2292431528714922,1.906157536143085,-0.5653649325866972,0.9276340637792384
2019,16,Hortaleza,3,Canillas,163,-0.6744907594765952,-0.16565635947879556,-0.11245638826233315,0.15651166794484528,-0.6539142792581935,0.05717606657457436
2019,16,Hortaleza,4,Pinar del Rey,164,-0.523131463187571,-0.4878367981713944,-0.3610121139088234,-0.16037615357311308,-0.6276269933738371,-0.2762842648354254
2019,16,Hortaleza,5,Apóstol Santiago,165,-0.8076388226767973,-0.8385859926379112,-0.17141427457424308,-0.09385179382936049,-0.6454716153788681,-0.031930279487434696
2019,16,Hortaleza,6,Valdefuentes,166,0.07321101353205778,0.18065239074104517,0.9684199860800653,0.7178282054507411,0.45677728606223594,0.17204985702537984
2019,17,Villaverde,1,"Villaverde Alto, Casco Histórico de Villaverde",171,-0.12205312792658204,0.5097821125964767,-0.8596259557004582,-0.8690952143286516,-0.5482377977485251,-0.9536138105582439
2019,17,Villaverde,2,San Cristóbal,172,0.7999789733904187,-0.7431808877124951,-1.005520433605191,-1.2947407028135747,-0.8611652470090065,-1.1426175298874575
2019,17,Villaverde,3,Butarque,173,-0.23425229977160172,0.18718217729041634,-0.6278083138547607,-0.664277476030459,-0.07908791668175123,-0.7756437497373213
2019,17,Villaverde,4,Los Rosales,174,-0.6620664215336387,0.08976918067387,-0.7700458163783823,-0.7330101132760788,-0.8125208323739543,-0.8616868755977436
2019,17,Villaverde,5,Ángeles,175,-0.576706259129812,-0.49297052406410374,-0.7667812580626626,-0.6053440701993752,-1.125132992388691,-0.8099760791254067
2019,18,Villa de Vallecas,1,Casco Histórico de Vallecas,181,-0.07455012397975352,0.622931315513636,-0.8912088445589939,-0.8536372718155804,-0.33504229107009587,-0.685657865201589
2019,18,Villa de Vallecas,2,Santa Eugenia,182,-0.40414707120764676,2.113249009573503,-0.5133354480215111,-0.24001216098420278,-1.3307395926607581,-0.6744907594765952
2019,18,Villa de Vallecas,3,Ensanche de Vallecas,183,2.58511844368486,-0.5223464693385149,-0.02379695709518964,-0.2402881956719362,2.4637989934562023,-0.528960503879609
2019,19,Vicalvaro,1,Casco Histórico de Vicálvaro,191,-0.23680964174796862,3.975551457411065,-0.8490754524383314,-0.8079535309957004,-0.7413098369612704,-0.6449079378466144
2019,19,Vicalvaro,2,Valdebernardo,192,-2.0264963331420356,-1.5375546186979208,-0.22363339483195568,-0.2026094607963253,-0.4999928673583296,-0.4162946582869774
2019,19,Vicalvaro,3,Valderrivas,193,-2.9028411525029183,-1.827884092578179,-0.012315310840671998,-0.12366354010456912,-0.04814977449629846,-0.33065187407666363
2019,19,Vicalvaro,4,El Cañaveral,194,3.6521575361487075,0.02766364886790619,-0.3001513509372401,-0.15499347716231152,1.8362064018535345,-0.9287380362083256
2019,20,San Blas-Canillejas,1,Simancas,201,0.14176187859092662,0.9509780661727715,-0.35966258973305215,-0.3360722323154306,0.23719969817228537,-0.4239982021602756
2019,20,San Blas-Canillejas,2,Hellín,202,-0.39262458737817457,-0.7029856671971995,-0.8733123096398947,-0.7527465934490178,-0.6446688564906947,-0.9767123106129839
2019,20,San Blas-Canillejas,3,Amposta,203,0.05358744733882993,-0.35698616546026174,-0.9136837933496103,-0.9325831925073366,-0.1631194743564573,-0.9178196275690053
2019,20,San Blas-Canillejas,4,Arcos,204,-0.9858494295876427,-0.9027535571359756,-0.6704667501206321,-0.5803629309595013,-0.6433297653731527,-0.7050016458409183
2019,20,San Blas-Canillejas,5,Rosas,205,-2.3766199714571608,-1.2559830915236283,-0.11262693736324618,0.09081541226429295,-0.8151218787486055,0.14844789701671568
2019,20,San Blas-Canillejas,6,Rejas,206,0.7668475279553694,2.2040333841344935,0.23910211190604794,0,1.1544412748332897,-0.8418335692219127
2019,20,San Blas-Canillejas,7,Canillejas,207,-0.16997350328639893,1.3242197307562276,-0.5710832053074969,-0.4023205573714498,-0.7362369128455927,-0.507360252121487
2019,20,San Blas-Canillejas,8,El Salvador,208,-1.3494860974681169,-0.26719988660731225,0.3967741361935232,0.8231354388210382,-0.5670362102324328,0.11700288013547283
2019,21,Barajas,1,Alameda de Osuna,211,-1.6520268703454928,-0.7780032454171268,0.41016610392789,0.6562724700861899,-1.2373291249628613,-0.147192280023194
2019,21,Barajas,2,Aeropuerto,212,0.5042512296300989,0.9954015829711419,-0.8353698951423485,-0.7677904839304889,0.07181898664447578,-0.12737132448777583
2019,21,Barajas,3,Casco Histórico de Barajas,213,1.3531149345175741,2.3501446577477605,-0.6072370520303215,-0.3981800370554486,0.7096519556468631,-0.13666208146882713
2019,21,Barajas,4,Timón,214,0.5789503644759016,0.1317740928189838,0.07066786900395704,0.03864485628267785,0.6457588839020624,-0.0592263010857357
2019,21,Barajas,5,Corralejos,215,-2.5280545868074715,0.07344116382601378,0.947581396323319,1.2349791929192908,-0.16920636137534098,0.2486364278476352
2020,1,Centro,1,Palacio,011,1.9496702004688775,4.904037799561959,0.6435641292010792,0.4102720860072896,3.2459646923357726,1.0836348596403444
2020,1,Centro,2,Embajadores,012,3.869427917433547,4.949003794649555,0.3664761648943192,-0.2620623730873472,3.856033283842322,0.7937113005588852
2020,1,Centro,3,Cortes,013,2.961199413131638,8.059078652700286,0.8614527752070347,0.4983928949499905,3.84296981444216,1.05490375424155
2020,1,Centro,4,Justicia,014,2.9523064033878397,7.018824594502854,0.9437745249340457,0.9297967247004727,3.939708754586035,1.8541948496297924
2020,1,Centro,5,Universidad,015,3.766229315709153,5.568118566581734,0.7316961874636776,0.299725753092221,4.057451711837918,1.1469219892019913
2020,1,Centro,6,Sol,016,3.078309945077055,8.371700652531045,0.5796643714986118,0.01796916984965354,4.011172413077152,3.7805464448794583
2020,2,Arganzuela,1,Imperial,021,-0.06724361425381171,-0.3194232201752421,0.42682837766574455,0.4531105869288636,0.6917083547265805,-0.018732629114975127
2020,2,Arganzuela,2,Acacias,022,0.3220060555484672,-0.7455507470705057,0.4806585014769866,0.5941326319089446,0.5361627021949414,0.594844832588648
2020,2,Arganzuela,3,Chopera,023,1.172438249427408,-0.3355714871682689,0.015158593557980918,-0.1585599547533428,0.615060687923749,0.3070886851403261
2020,2,Arganzuela,4,Legazpi,024,0.09940408064340583,-0.8225882495586102,0.7777284369477917,0.6845534945924011,1.0399000662581606,1.3797123196087482
2020,2,Arganzuela,5,Delicias,025,0.6439437919409415,-0.09066819134677105,0.4133446788261954,0.31812618301826623,0.9883230023987647,0.7494212759364957
2020,2,Arganzuela,6,Palos de la Frontera,026,1.8296941077698659,0.994032326788715,0.37858977261318594,0.15108478009588694,1.7941821578687691,0.4644259980684802
2020,2,Arganzuela,7,Atocha,027,-0.9528464159268719,-1.3339310239741478,0,0.06425775138236105,0.35180208467445767,0.5250490174977283
2020,3,Retiro,1,Pacífico,031,0.2151233884954488,-0.3336777944001741,0.489080832164018,0.5173683383112246,0.5735582382984447,0.4894092875183076
2020,3,Retiro,2,Adelfas,032,0.057778192064872294,-1.0018156820175832,0.49100271684707375,0.6435837873351911,0.4709699295479798,0.5830079267945777
2020,3,Retiro,3,Estrella,033,-1.1272514766767434,-1.712229714533481,0.7514294734669971,1.020073834025132,-1.3713453250658543,0.4229161949159782
2020,3,Retiro,4,Ibiza,034,0.06874437157049337,1.6745177143549679,0.7821753304623825,0.8577762919430613,0.624836057277253,1.3891495910947016
2020,3,Retiro,5,Los Jerónimos,035,-0.6027821805122957,1.9716278353105274,0.919708809748641,1.4747657079007652,0.3080503618454496,2.1278112164238356
2020,3,Retiro,6,Niño Jesús,036,-1.216390631019605,-0.8362904260046872,1.0769901823533812,1.4977662453083216,-0.9378072683752277,1.1133077569987762
2020,4,Salamanca,1,Recoletos,041,0.18910890710548406,4.973330684922892,1.3005093527671048,1.9619458408645718,1.8143617408610373,3.160744125360425
2020,4,Salamanca,2,Goya,042,1.0200466951869342,2.683423349753971,0.9702219894053628,1.1000007015163908,1.2319493897977156,1.440438549115765
2020,4,Salamanca,3,Fuente del Berro,043,0.7997136771204669,1.4201858404318735,0.5719150533796065,0.5198121454107776,0.9550189352523124,0.889986951227275
2020,4,Salamanca,4,Guindalera,044,0.5646803822801661,0.49600146833836184,0.7746591686432394,0.7817307651393275,0.8650173102118487,0.8481352646921652
2020,4,Salamanca,5,Lista,045,1.1828781796646877,2.562772026679704,0.9982683191968666,1.1330639740397535,1.2026476043876542,1.7683563180757382
2020,4,Salamanca,6,Castellana,046,0.849818165740018,4.001993999869403,1.19835167546267,1.8749750587922487,1.479816689346099,2.665903407499553
2020,5,Chamartin,1,El Viso,051,0.11864443829276117,0.9580827201002856,1.2088825509816115,2.044460268814181,0.010981669597115107,2.2623132996457183
2020,5,Chamartin,2,Prosperidad,052,0.7046974868047852,0.05621508599829437,0.638302548867234,0.6273396577911043,0.7468914935302041,0.6322326832602719
2020,5,Chamartin,3,Ciudad Jardín,053,0.79192495112682,0.6040030579421777,0.6711821165227078,0.6323710253490072,0.8281922930171014,0.7160070132589572
2020,5,Chamartin,4,Hispanoamérica,054,-0.511067930495617,-0.37316416747367637,1.0561083491140213,1.5495174544753239,0.03380961250780566,1.1633775459761995
2020,5,Chamartin,5,Nueva España,055,-0.3004022607550477,0.36058080382416474,1.3021898625381436,1.8294052440535273,0.4441924261005606,1.9329118858178234
2020,5,Chamartin,6,Castilla,056,0.4188309446450944,-0.005505620454960098,0.9965779814692178,1.1419766822851816,0.3153398190561673,0.5374858318688274
2020,6,Tetuan,1,Bellas Vistas,061,1.7904509753944047,-0.003348011174909942,-0.009441154849935877,-0.37562752653715753,1.343916826052555,0.05945545542449246
2020,6,Tetuan,2,Cuatro Caminos,062,1.6146414011575498,0.1250311644736725,0.6791431414498387,0.6174206760340956,1.3101638019199777,0.6823024722376951
2020,6,Tetuan,3,Castillejos,063,1.764107269059914,0.3768496546423328,0.6920552515669554,0.7733930703290882,1.6375047332573762,0.726276415996919
2020,6,Tetuan,4,Almenara,064,1.1110157488652563,-0.396262138220358,-0.18589599600329196,-0.42795374913934864,1.0917503754710642,-0.3562618365671359
2020,6,Tetuan,5,Valdeacederas,065,2.0033807139451336,0.5524103861019598,-0.25091781191948154,-0.5839261434343413,1.5988809839558633,-0.13856598003401555
2020,6,Tetuan,6,Berruguete,066,1.8024344036402435,0.24016848206739155,-0.1724098361823806,-0.5029930024315018,1.3793422660669827,-0.05217914494181603
2020,7,Chamberi,1,Gaztambide,071,1.3984304910634633,1.0606304248022735,0.9304509168337273,0.8385133418642327,1.536660571082885,1.1169975172789988
2020,7,Chamberi,2,Arapiles,072,1.6030121051838104,1.2765526881025564,0.846897012252021,0.7766993975814245,1.5859331332379718,1.2576599520176863
2020,7,Chamberi,3,Trafalgar,073,2.031248498671584,2.566085083535384,0.9342203365921516,0.8158003111742707,2.4619699003814586,1.465589554941966
2020,7,Chamberi,4,Almagro,074,0.5179614431191097,2.119208239443161,1.0211945370278408,1.6702702758649957,1.3013663830915505,2.208573102277654
2020,7,Chamberi,5,Ríos Rosas,075,1.3508360728887323,1.0010847805304253,0.9729842276824745,1.1146635441137083,1.4207166982887092,1.2168210143706795
2020,7,Chamberi,6,Vallehermoso,076,0,-0.495770834998226,1.0834118504991055,1.3992951945322203,0.5845001046442166,0.9855465819811464
2020,8,Fuencarral-El Pardo,1,El Pardo,081,-0.12710283915314585,-2.136175627128016,-0.4742844869665018,-0.09516472352376514,-0.6971574225998228,0.6026586955597019
2020,8,Fuencarral-El Pardo,2,Fuentelarreina,082,-1.856976755652955,-0.9157682137682245,1.224642629038398,1.9661146882696914,-1.5155301637473273,0.5480519635803733
2020,8,Fuencarral-El Pardo,3,Peñagrande,083,-0.7288119276703285,-1.2225275838318974,0.09283775624254477,0.3693023787500795,-0.8435127529369393,0.01121764532745921
2020,8,Fuencarral-El Pardo,4,Pilar,084,0.025538698934307935,-0.6480516109155589,-0.20288158182226215,-0.16531636261681254,-0.32421793805907034,-0.004889577434280657
2020,8,Fuencarral-El Pardo,5,La Paz,085,-0.6864548080873176,-1.6290979021177456,0.526601118144497,0.9496346882144902,-1.7367505335516833,0.014810646159773766
2020,8,Fuencarral-El Pardo,6,Valverde,086,-0.31506830125753793,-0.17567610959956326,0.36714468599326594,0.08467072833156747,-0.019967540225683787,0.06421602026156266
2020,8,Fuencarral-El Pardo,7,Mirasierra,087,-1.289918424161708,-0.9912755398068401,1.0850824516882476,1.2226223165704266,-0.8953083936754671,0.4242514752971077
2020,8,Fuencarral-El Pardo,8,El Goloso,088,-1.1959039457460654,-0.699328858384543,1.0845135331265536,0.8699953274408256,0.11278296676463032,1.1890768553405455
2020,9,Moncloa-Aravaca,1,Casa de Campo,091,-0.31649208851455246,0.03527867524266042,0.44306835006098455,0.5203871588459664,0.2745832972850702,0.04274187345586287
2020,9,Moncloa-Aravaca,2,Argüelles,092,0.672085944488324,1.5813527821522695,0.9231589356075286,1.1054633291506857,1.2741851361488945,1.169015396474302
2020,9,Moncloa-Aravaca,3,Ciudad Universitaria,093,-0.2773170461473846,-0.710656684915479,1.0763064735099195,1.2848675209296265,0.07355556087211386,0.2583154727648693
2020,9,Moncloa-Aravaca,4,Valdezarza,094,-0.19953442998028456,-0.8727422424322844,-0.08267744281661629,-0.10292740489881547,-0.320893424188702,-0.08383238566743015
2020,9,Moncloa-Aravaca,5,Valdemarín,095,-1.7686198698083193,-0.2991948422897787,1.43402810362182,2.139193732261554,-0.2534150655630092,0.408073295606902
2020,9,Moncloa-Aravaca,6,El Plantío,096,-1.693653446549549,0.0047546718566888494,1.103205954711155,2.139193732261554,-1.3770211756891464,0.7881831107684123
2020,9,Moncloa-Aravaca,7,Aravaca,097,-1.5245348681200217,0.713102439345561,0.9832400881934569,1.2651733107744063,-1.0420443660258967,0.3460182363486166
2020,10,Latina,1,Los Cármenes,101,-0.2783787736012007,-0.4199588663067674,-0.5176983086123296,-0.6339523122957768,-0.25250289770283885,-0.6675756842661084
2020,10,Latina,2,Puerta del Angel,102,0.8265926219566954,0.5054935689887109,-0.3531954989539709,-0.5459752567118731,0.6829271158599078,-0.5024589117261568
2020,10,Latina,3,Lucero,103,-0.21162782351863388,-0.2900351866460186,-0.48491835008867434,-0.5166495715172386,-0.3854437204554594,-0.6577255724690811
2020,10,Latina,4,Aluche,104,-0.5590476848595605,0.44191257462348416,-0.5712942068037806,-0.46820468960257255,-0.9764633982208761,-0.5314996473582566
2020,10,Latina,5,Campamento,105,0.1413456736044773,0.9866184195019219,-0.4677301311242718,-0.4890489266281707,-0.505539014049436,-0.7728564142197962
2020,10,Latina,6,Cuatro Vientos,106,-0.25968568934372804,-1.4538148950936542,-0.15063275768478637,-0.21289872437869511,2.041905474940393,-0.14766781876722151
2020,10,Latina,7,Águilas,107,-1.080763012997889,-0.34697686116140497,-0.6479209233385305,-0.49824914159119327,-0.9020398076640588,-0.7369973628251174
2020,11,Carabanchel,1,Comillas,111,0.6744907594765952,0.881741706042383,-0.4100006956351754,-0.5258497864802611,0.15370345077350434,-0.3860185921137545
2020,11,Carabanchel,2,Opañel,112,0.43642817554531105,0.0930645887862822,-0.5260324538285949,-0.6569528497033333,0.058748047345989096,-0.5300547062694984
2020,11,Carabanchel,3,San Isidro,113,0.4747146474622736,0.5880555240882442,-0.5990881991885559,-0.7789994513221802,0.0836022761359804,-0.5158052649075905
2020,11,Carabanchel,4,Vista Alegre,114,0.2729527376879424,-0.028923841838366587,-0.6845005029994594,-0.7876246528500138,-0.7207153270908871,-0.7950401303101541
2020,11,Carabanchel,5,Puerta Bonita,115,0.25922807964818756,0.4192711037512417,-0.7295469655304926,-0.9366968859227396,-0.4806197251585196,-0.8389237652513302
2020,11,Carabanchel,6,Buenavista,116,-0.9441110342688612,0.013426264591812445,-0.5279069013054168,-0.5613568661031765,0.0354091836243957,-0.6446630470015107
2020,11,Carabanchel,7,Abrantes,117,-0.28844151092250725,-0.0885709474912579,-0.6970186454972507,-0.8273005798780488,-0.6640396954683261,-0.9049201593543987
2020,12,Usera,1,Orcasitas,121,-1.4000619216376984,-1.4120417590951875,-0.8531935067596631,-0.788918433079189,-1.057924749406766,-1.0368548918917908
2020,12,Usera,2,Orcasur,122,-0.01881997897467889,-1.240442730004436,-0.7646662961854901,-1.0202175873839292,-0.37459543303423115,-1.0278369113467718
2020,12,Usera,3,San Fermín,123,-0.560026773892202,-0.17407208845510838,-0.7682402739508731,-0.9663100778349686,-0.5735210601905752,-0.9116352650392091
2020,12,Usera,4,Almendrales,124,0.6056966157152962,-0.9680797856348432,-0.7123224340294918,-0.8830768830913734,-0.2869022852085815,-0.3971201261037243
2020,12,Usera,5,Moscardó,125,0.669978628272458,-0.4551698443880417,-0.6728339733017578,-0.8651077132417199,-0.3833256287528627,-0.8521153033161114
2020,12,Usera,6,Zofío,126,0.24105693289934943,0,-0.8133348865766437,-0.9727789789808439,-0.66331283177271,-0.9248913094025955
2020,12,Usera,7,Pradolongo,127,0.9139767429936638,-1.2050942442955386,-0.9145332625107454,-1.2035031198503954,-0.6110813464503675,-0.9123770874731698
2020,13,Puente de Vallecas,1,Entrevías,131,-0.046917568526456635,-0.2745860785674108,-0.9930504170084896,-1.074843863726876,-0.7828776388997286,-1.0593933926244778
2020,13,Puente de Vallecas,2,San Diego,132,1.3527442989208915,0.404677769737787,-0.7798397496435409,-1.1281763598406478,0.6885769785305501,-0.9038171016482484
2020,13,Puente de Vallecas,3,Palomeras Bajas,133,-0.43308534245446756,-0.7258860167855523,-0.6774566754106317,-0.6744907594765952,-0.32017354843116325,-0.8976115957224199
2020,13,Puente de Vallecas,4,Palomeras Sureste,134,0.014472033050634199,-0.6282923571289663,-0.8002041982111281,-0.7559989139146236,-0.6368334845728909,-1.035829241743967
2020,13,Puente de Vallecas,5,Portazgo,135,0.13739826071887762,-0.564098765685603,-0.8767493659935893,-0.9582598897423239,-0.5890890806500338,-1.0078399587791331
2020,13,Puente de Vallecas,6,Numancia,136,0.7858135402007087,0.16749027032897515,-0.7217504533321605,-0.8945771517951517,0.1209470116014559,-0.8051676191911838
2020,14,Moratalaz,1,Pavones,141,-1.124066862596552,1.8680545454099113,-0.47900151682317854,-0.40667825203735886,-1.329108061158531,-0.7286050933765695
2020,14,Moratalaz,2,Horcajo,142,-2.0656951131825125,-1.6497219873006133,0.09599944155680075,0.04513855466232969,-0.5693894114754062,-0.5254876603282438
2020,14,Moratalaz,3,Marroquina,143,-1.256086700293455,-1.4566620525661222,-0.1409488134805541,0.13642193749856965,-1.0065888027393586,-0.3686986509382349
2020,14,Moratalaz,4,Media Legua,144,-0.5817444344624817,-0.870504472233723,-0.26774347688409506,-0.15568488757739826,-0.7609504863086245,-0.47396002900234135
2020,14,Moratalaz,5,Fontarrón,145,-0.3616139762130347,0.07475341807319762,-0.6038798675052515,-0.6234583171035791,-0.6744907594765952,-0.7605744149653494
2020,14,Moratalaz,6,Vinateros,146,-0.8631645672533216,-0.21329093865293294,-0.4554442506266194,-0.38324645455341066,-0.4895813792413697,-0.6121776750238883
2020,15,Ciudad Lineal,1,Ventas,151,0.19717792571022796,0.147613691292302,-0.4386979254730069,-0.5318874275497447,0.057623232792523876,-0.38174827514608434
2020,15,Ciudad Lineal,2,Pueblo Nuevo,152,0.21427047544725675,0.011667679867845752,-0.5058587144964272,-0.546550270147062,-0.4517868879329559,-0.5480326116907915
2020,15,Ciudad Lineal,3,Quintana,153,0.799958857128892,0.567392232869028,-0.2382874041174707,-0.3496081685948592,0.3845475017622679,-0.0858256302943333
2020,15,Ciudad Lineal,4,La Concepción,154,-0.047163526899465465,0.5900202831603516,0.03426815350757661,0.003881340687525164,0.4783572366810407,0.25757365033090845
2020,15,Ciudad Lineal,5,San Pascual,155,-0.8108595895454521,-0.6136344954033096,0.14453802054958126,0.32876393156926115,-0.2059254390100509,0.5794729816310082
2020,15,Ciudad Lineal,6,San Juan Bautista,156,-0.9933657492409933,1.0717584085127854,0.911862004061143,1.125876306099892,-0.09561100918111819,0.3578357902531049
2020,15,Ciudad Lineal,7,Colina,157,-0.5120937056792126,0.47977818718755577,0.837803098999913,0.8553324848435084,0.5139954348561336,0.767399181357789
2020,15,Ciudad Lineal,8,Atalaya,158,-1.6911696178317106,0.769781071972311,0.9604232114841823,1.6985896875480495,0.23077164692109317,0.7281987036953561
2020,15,Ciudad Lineal,9,Costillares,159,-1.397927906570388,-1.2572347969764537,0.9986963633330644,1.309736852001547,-0.8257127907533877,0.6744907594765952
2020,16,Hortaleza,1,Palomas,161,-1.9945028174353017,2.3783525927046996,1.0720118515719634,1.8066922133635652,-1.2015841069886946,0.37214328728375756
2020,16,Hortaleza,2,Piovera,162,-1.5240816581563157,5.263487253821296,1.1320823856743634,1.864337310241254,-0.6137236877036808,0.9995831525576563
2020,16,Hortaleza,3,Canillas,163,-0.7212602470115921,-0.07682938140397155,-0.1322141992232393,0.10033984444046536,-0.6755954687939306,0
2020,16,Hortaleza,4,Pinar del Rey,164,-0.4744792486212688,-0.31339589426688536,-0.37136091247320324,-0.21649255834862582,-0.6214788415921974,-0.25759945285035024
2020,16,Hortaleza,5,Apóstol Santiago,165,-0.6653405600029075,-0.7562387783693573,-0.19384274013470185,-0.15870370811214005,-0.6016642197629862,0.2793251742206109
2020,16,Hortaleza,6,Valdefuentes,166,-0.10566561311270688,0.448410667998979,0.9274977991234111,0.6411399802356382,0.335969289773882,0.006199055295968099
2020,17,Villaverde,1,"Villaverde Alto, Casco Histórico de Villaverde",171,0.02996343432267334,0.4748876568193776,-0.8642857469910333,-0.9678913647817381,-0.5443661569428622,-1.0580452109836274
2020,17,Villaverde,2,San Cristóbal,172,0.8459610568183181,-0.7720159713754511,-1.0064253503247962,-1.419276911405035,-0.9085014796599984,-1.276573198768756
2020,17,Villaverde,3,Butarque,173,-0.21399331755462883,0.12892736197225405,-0.628414090699289,-0.7364484571182006,-0.11604214083664534,-0.9546029105401903
2020,17,Villaverde,4,Los Rosales,174,-0.5716042312406956,-0.03636805436364079,-0.7805557991751829,-0.822987979114132,-0.8153711425547193,-0.9911134755507823
2020,17,Villaverde,5,Ángeles,175,-0.35793558628331057,-0.5378799054907563,-0.7556398015037453,-0.6910223957382764,-1.0655687244105678,-1.0275272811134664
2020,18,Villa de Vallecas,1,Casco Histórico de Vallecas,181,-0.0704200856887308,0.5474355485246382,-0.8937958529188118,-0.9420157601982371,-0.34207384591466605,-0.8895418577668985
2020,18,Villa de Vallecas,2,Santa Eugenia,182,-0.371242569465523,2.01281234626606,-0.5165396878879328,-0.27241261492074764,-1.4324862536060812,-0.8025293115782279
2020,18,Villa de Vallecas,3,Ensanche de Vallecas,183,1.906217211598671,-0.1986021172902614,-0.05377011565954222,-0.3233013039349664,2.334485459504709,-0.33075604609860565
2020,19,Vicalvaro,1,Casco Histórico de Vicálvaro,191,-0.23295512826162187,3.884575311635979,-0.8493941258771796,-0.8917020846192072,-0.725315760677024,-0.7371973323507938
2020,19,Vicalvaro,2,Valdebernardo,192,-1.6551897209770179,-1.551041422592954,-0.24948051968186907,-0.2494120775131911,-0.6312900116196585,-0.47363104687945423
2020,19,Vicalvaro,3,Valderrivas,193,-2.835124558586496,-1.8319660801257074,-0.05345453738161203,-0.18314177910766885,-0.09774296850687478,-0.21688952780055426
2020,19,Vicalvaro,4,El Cañaveral,194,2.9817749107663887,-0.15627789237918063,-0.22857223930140094,-0.1604287484177068,2.1638634498907927,-0.7784555609387349
2020,20,San Blas-Canillejas,1,Simancas,201,0.1743534881672957,1.0980012573836584,-0.3705661937436422,-0.39949058409749744,0.3115421455514113,-0.517005082061649
2020,20,San Blas-Canillejas,2,Hellín,202,-0.14682572459315515,-0.6744907594765952,-0.8490288137887361,-0.8737329147695536,-0.5584279939194247,-1.0676953532549782
2020,20,San Blas-Canillejas,3,Amposta,203,0.30836062021777794,-0.257587909963601,-0.9167558252077826,-1.0688062226573924,-0.1044003987475065,-1.003421277324671
2020,20,San Blas-Canillejas,4,Arcos,204,-0.8423060036108054,-0.8557052144735776,-0.6744907594765952,-0.6588216433676973,-0.653035971626887,-0.35381059722013486
2020,20,San Blas-Canillejas,5,Rosas,205,-2.1903707817397966,-1.2595700740493296,-0.13761377042266046,0.05246997596098833,-0.8929139525211952,0.09375990502278363
2020,20,San Blas-Canillejas,6,Rejas,206,0.43433877812994426,2.5522979729023594,0.19921257250046862,-0.04815737519707148,1.150313021007544,-0.4498862783628484
2020,20,San Blas-Canillejas,7,Canillejas,207,-0.10921915701000656,1.4302236358467315,-0.5798835634294447,-0.5268560599918417,-0.7796219151346158,-0.6044756229704171
2020,20,San Blas-Canillejas,8,El Salvador,208,-1.2317110583141102,-0.1438883701496042,0.37191133324703557,0.7656303889540379,-0.6184669971363704,-0.10485498838289276
2020,21,Barajas,1,Alameda de Osuna,211,-1.779431695970404,-0.6369411284061727,0.37991456127377093,0.6497651817634719,-1.3449831406391801,0.42601249724903206
2020,21,Barajas,2,Aeropuerto,212,0.5128471030831717,0.44673284007992586,-0.8198891234032544,-0.896014685383124,0,-0.1175702549429717
2020,21,Barajas,3,Casco Histórico de Barajas,213,1.2052875490229717,2.293086549688688,-0.6256029238918452,-0.5094619035773771,0.6940037349774341,-0.4236773692395205
2020,21,Barajas,4,Timón,214,0.29166683444702923,0.44422510886803834,0.040081194484720035,0,0.5229408393266612,-0.46129744258612354
2020,21,Barajas,5,Corralejos,215,-2.4650798268258884,-0.14330901849618463,0.8570296581244217,1.2395852129084997,-0.3918879366503116,0.19722800798566298
2021,1,Centro,1,Palacio,011,1.8622498619474657,5.163270461864729,0.6084848421770243,0.489696848465429,3.5459432442685346,0.9513939032302924
2021,1,Centro,2,Embajadores,012,3.7418992323262463,5.491429439028555,0.3268858788145879,-0.17370908263616078,4.220177802543894,0.581149598720298
2021,1,Centro,3,Cortes,013,2.9771662503213414,8.424656495494803,0.7882311444140646,0.5260382478214595,4.17940053613174,1.0849094223697406
2021,1,Centro,4,Justicia,014,2.943470624857715,7.281054636185573,0.8881585951093902,1.0489895814119046,4.252136372078857,1.8356938035163788
2021,1,Centro,5,Universidad,015,3.7322434724210476,6.1301762662191726,0.6835529931793194,0.40298262143057656,4.45600823405981,1.0360465351899664
2021,1,Centro,6,Sol,016,3.129175006827986,8.767133143131515,0.5511133693313215,0.0827854271044708,4.243764973414708,1.1280897965207621
2021,2,Arganzuela,1,Imperial,021,-0.13230907365270536,-0.2591444940720322,0.40793424749056173,0.5155146765793657,0.8018070289767912,0.08402721928313704
2021,2,Arganzuela,2,Acacias,022,0.2924482846938294,-0.6729732787711229,0.43594937954890717,0.6451650742819607,0.5695412953215042,0.5103636435242755
2021,2,Arganzuela,3,Chopera,023,1.0854416161521268,-0.38141300425468455,0.00407259568830478,-0.08138228427219164,0.7467749478006497,0.07858007661652319
2021,2,Arganzuela,4,Legazpi,024,0.06705779979697979,-0.7041175260349306,0.7265098541766256,0.7839359003943702,1.1656934959588294,0.6313036604580838
2021,2,Arganzuela,5,Delicias,025,0.6428491284793658,0.20709755680122818,0.39449345081070947,0.3683249934732811,1.1313751396941363,0.3108435499739444
2021,2,Arganzuela,6,Palos de la Frontera,026,1.7217724651607638,0.9982600392566199,0.3618891319132877,0.23334265300802534,2.0146231279830897,0.34228903035553304
2021,2,Arganzuela,7,Atocha,027,-0.655578519144413,-0.7563996899846617,0.211412954061263,0.3185134229273707,0.6190265300537643,1.550754443112554
2021,3,Retiro,1,Pacífico,031,0.18378769737773062,-0.20145232734678437,0.45162911751116325,0.5677115899401507,0.5980629651612491,0.4951049191902673
2021,3,Retiro,2,Adelfas,032,0.03678396906034682,-0.9614831160790107,0.44437656944158427,0.6744907594765952,0.5544423547031415,0.6921166371669601
2021,3,Retiro,3,Estrella,033,-1.1747936711469948,-1.6174220388171192,0.708354569210695,1.0191026390843585,-1.42416578474197,0.3844337749131496
2021,3,Retiro,4,Ibiza,034,0.0562694402128908,1.7975028948961467,0.7495522371769756,0.9163925837615234,0.7584462304269624,1.4259947014446266
2021,3,Retiro,5,Los Jerónimos,035,-0.6380954600732025,2.1119161940142503,0.8742147851701793,1.4700727453788824,0.3608740073804735,2.143396840372658
2021,3,Retiro,6,Niño Jesús,036,-1.1740976737627373,-0.7593202930078636,1.0218254931572497,1.5123073446304853,-0.8982812965412775,1.3311000962982202
2021,4,Salamanca,1,Recoletos,041,0.19887380358182452,4.981233171163388,1.2357501103101673,1.9277779372683466,2.124661300875126,3.3035508050840567
2021,4,Salamanca,2,Goya,042,0.9812251922342426,2.9271095728481846,0.9316731515608208,1.1514190081682838,1.4384898711099678,1.7199655588870468
2021,4,Salamanca,3,Fuente del Berro,043,0.7285290307509148,1.4269037780492115,0.5249142543644859,0.5563461329986894,1.130915998553983,1.0703635339896345
2021,4,Salamanca,4,Guindalera,044,0.5938581895662117,0.5977533955787885,0.7369231971196915,0.7745348434180997,0.9922908559164485,0.7615710686000322
2021,4,Salamanca,5,Lista,045,1.12178073565737,2.798040355948609,0.9448302413739114,1.0784555808897671,1.404085713305717,1.5167131638799618
2021,4,Salamanca,6,Castellana,046,0.6935311237210788,4.518929811323188,1.1312636123378,1.7826929684106807,1.7164794005563084,2.3513768172249647
2021,5,Chamartin,1,El Viso,051,0.15585133673331733,1.1139151074647082,1.1447365366130113,1.9594889652778555,0.09803348105600941,2.3212090616664094
2021,5,Chamartin,2,Prosperidad,052,0.6220408861252074,0.0192066240810212,0.5902886129799558,0.6836111878864097,0.8016509756869169,0.6435429192892409
2021,5,Chamartin,3,Ciudad Jardín,053,0.6688372285491676,0.5513294244077346,0.6231282867672212,0.6569514740731056,1.043910637845879,0.9582465432022428
2021,5,Chamartin,4,Hispanoamérica,054,-0.5578388635294735,-0.32446046033431714,1.003225137488879,1.5706780864532988,0.10427026131845156,1.3587594762831374
2021,5,Chamartin,5,Nueva España,055,-0.29428965786844175,0.4278766297937242,1.2351186003041392,1.8028982251955006,0.48176124253684316,1.840206189601932
2021,5,Chamartin,6,Castilla,056,0.5967671376271498,0.1279347920104806,0.9404708127217078,1.1801834362300068,0.35938538262595693,0.4501626297569577
2021,6,Tetuan,1,Bellas Vistas,061,1.7102894020291077,0.0741386244741151,-0.03607415476933123,-0.32216159429129654,1.4259676677656161,0.05849289742494795
2021,6,Tetuan,2,Cuatro Caminos,062,1.5829198838562826,0.3021376747702774,0.635240460698264,0.673087616644316,1.4926432615126863,0.6459705964530038
2021,6,Tetuan,3,Castillejos,063,1.787703152462192,0.37652012968538845,0.6551441236799821,0.878367413006758,1.8289923447648717,0.572770413828198
2021,6,Tetuan,4,Almenara,064,1.1168493778418056,-0.5119383086286603,-0.2092986587825788,-0.3806726503973378,1.2095540272567664,-0.09755092780481656
2021,6,Tetuan,5,Valdeacederas,065,1.9974380182256497,0.3624992715981891,-0.28298934270036213,-0.5114455623657561,1.7789240613435002,-0.07067163244869809
2021,6,Tetuan,6,Berruguete,066,1.736924997205228,0.19666098970976972,-0.20902226757422077,-0.4247313353309036,1.647861682105503,-0.09019392277114291
2021,7,Chamberi,1,Gaztambide,071,1.3395262550087332,1.3018239583152216,0.8874289591677769,0.8341684137899643,1.7523064570377835,1.1688559432430017
2021,7,Chamberi,2,Arapiles,072,1.5189266958663519,1.3373926763999346,0.7874065434464133,0.801054242948176,1.6800839826441298,1.2916721982064208
2021,7,Chamberi,3,Trafalgar,073,1.887111208033469,2.704983846412423,0.8806232075233529,0.8270123853453406,2.676556499859519,1.3720814387801281
2021,7,Chamberi,4,Almagro,074,0.4635210135402806,2.4117662343972768,0.9464955937228846,1.6557085420894162,1.4145934453271911,2.6475063571315625
2021,7,Chamberi,5,Ríos Rosas,075,1.3393803377854978,0.9417605335657708,0.9249423103211655,1.169238922138229,1.553041396030972,1.5773378442991282
2021,7,Chamberi,6,Vallehermoso,076,0.00946807029254158,-0.6543322657677627,1.028631746690714,1.2868222914832232,0.6412359717444001,1.081338517732738
2021,8,Fuencarral-El Pardo,1,El Pardo,081,-0.16917684223048232,-2.097666293164651,-0.5092762523770715,-0.029465999477862492,-0.5672635306597078,-0.27890042939812176
2021,8,Fuencarral-El Pardo,2,Fuentelarreina,082,-1.963101887835381,-1.0850812584335459,1.1589480578454472,1.953736079665511,-1.550322378469381,0.2043956224803251
2021,8,Fuencarral-El Pardo,3,Peñagrande,083,-0.8205520257293536,-1.2483666112642913,0.06805168140013344,0.3984925643672832,-0.8822016955157042,0.07964933054737683
2021,8,Fuencarral-El Pardo,4,Pilar,084,-0.01085194023161688,-0.7073090245924745,-0.227909192517757,-0.1417174260601958,-0.28713267745018156,0
2021,8,Fuencarral-El Pardo,5,La Paz,085,-0.8616425790641339,-1.5630815696475708,0.475739091487919,0.949085811753628,-1.8723558651696697,0.1589758674552506
2021,8,Fuencarral-El Pardo,6,Valverde,086,-0.5691074983576022,-0.2490829753990831,0.31827657955015437,0.12712474060449247,0.0017353892285894745,0.6539866385006623
2021,8,Fuencarral-El Pardo,7,Mirasierra,087,-1.295338117772272,-0.9903505175760117,1.0319298758347184,1.2005290072980546,-1.1186042604554567,0.6912693038632645
2021,8,Fuencarral-El Pardo,8,El Goloso,088,-1.5781491369167657,-0.7529186512136751,1.0475450121890943,0.929020869252036,0.16253066165503016,1.29683017157098
2021,9,Moncloa-Aravaca,1,Casa de Campo,091,-0.3478545654530623,-0.14041839264253272,0.4157373713438774,0.5609765043452106,0.39632977564109517,0.2166214315765032
2021,9,Moncloa-Aravaca,2,Argüelles,092,0.7566257087205832,1.8718153904757333,0.8801903579556101,1.120830494424598,1.40405467097991,1.7677188429310289
2021,9,Moncloa-Aravaca,3,Ciudad Universitaria,093,-0.29953567528089753,-0.6660993000576578,1.0139972633787337,1.3802716041130159,0,0.5941285929753165
2021,9,Moncloa-Aravaca,4,Valdezarza,094,-0.2254404797108041,-0.8704003351795432,-0.10150955019623399,-0.06875399878167915,-0.29513517312301435,-0.2907899951198175
2021,9,Moncloa-Aravaca,5,Valdemarín,095,-1.784054847138162,-0.02582829759697557,1.3869240750262595,2.103732048436154,-0.25437414298961153,0.7578253174082992
2021,9,Moncloa-Aravaca,6,El Plantío,096,-1.5251749779775359,0.24469907640674998,1.0545526852222602,2.103732048436154,-1.228983435024836,0.5586078428950016
2021,9,Moncloa-Aravaca,7,Aravaca,097,-1.4375476607176392,0.6506179849728306,0.9310470086791012,1.25539189204017,-1.1316913213001478,0.37433974881118964
2021,10,Latina,1,Los Cármenes,101,-0.2274060695766715,-0.4361072536306464,-0.5506846953725183,-0.5810414468468027,-0.1069211641264219,-0.6528568607624017
2021,10,Latina,2,Puerta del Angel,102,0.8505590013377439,0.6723593778379696,-0.3734938486534603,-0.501483248256574,0.8423653614008395,-0.5547813932933926
2021,10,Latina,3,Lucero,103,-0.13732638369212877,-0.3663386854884467,-0.5045664007734798,-0.494748162661634,-0.3340499311751111,-0.7676906980156104
2021,10,Latina,4,Aluche,104,-0.5185083163477663,0.29022832866109155,-0.5930160590986994,-0.42094284968374984,-1.008724974491719,-0.7997212418687982
2021,10,Latina,5,Campamento,105,0.12731591943208376,0.6155753071612243,-0.5130602090240323,-0.45798582045591985,-0.5712404145238482,-0.8585503826682286
2021,10,Latina,6,Cuatro Vientos,106,-0.7306487850559127,-1.43916822188485,-0.2023102310764091,-0.1645886542263462,1.9847114420225331,-0.23552503408989986
2021,10,Latina,7,Águilas,107,-1.0580664329573877,-0.44711365092886024,-0.6744907594765952,-0.461072734686934,-0.9122532194186568,-0.8629686206089267
2021,11,Carabanchel,1,Comillas,111,0.7063602280998202,0.8709033659064312,-0.4194374234485249,-0.47005284881352066,0.379423887585402,-0.523147616622094
2021,11,Carabanchel,2,Opañel,112,0.5492339544392478,-0.006395710865064107,-0.5460967766494688,-0.5793576754480677,0.13720221650058237,-0.6744907594765952
2021,11,Carabanchel,3,San Isidro,113,0.4825218348826408,0.5928337906716935,-0.6178254746979179,-0.7116740445319931,0.2303601643251218,-0.6473357445534017
2021,11,Carabanchel,4,Vista Alegre,114,0.23290403439016283,-0.04001398853456804,-0.7147433460886558,-0.7372112440794739,-0.6614409592841745,-0.83586067975816
2021,11,Carabanchel,5,Puerta Bonita,115,0.31549343594358004,0.2799897024637651,-0.7629291150055003,-0.868405098897576,-0.4553555362125349,-0.9293228881292714
2021,11,Carabanchel,6,Buenavista,116,-1.0240879136949537,-0.027747132590460858,-0.5542604856596453,-0.5108843052328444,0.05060227153859447,-0.7203879800934347
2021,11,Carabanchel,7,Abrantes,117,-0.2950887654851078,-0.1743255203757238,-0.7253759705320088,-0.7697641577883506,-0.6739393289782277,-0.9571234903314714
2021,12,Usera,1,Orcasitas,121,-1.3976639001644424,-1.369071185100033,-0.8722330634574006,-0.7366499869465623,-1.0525053168488347,-1.0565304815634304
2021,12,Usera,2,Orcasur,122,0,-1.2461404003745127,-0.7838010058429431,-0.9673266685732572,-0.31611553466764103,-1.0270621122237982
2021,12,Usera,3,San Fermín,123,-0.5023072492611637,-0.2934773439177102,-0.7931718205768864,-0.8995548697741734,-0.5846562386615627,-1.0492138257346948
2021,12,Usera,4,Almendrales,124,0.58609212854982,-1.0567914090967039,-0.6876812730605765,-0.8103149856412185,-0.34545836648931977,-0.5882376090543855
2021,12,Usera,5,Moscardó,125,0.5571457934336161,-0.433045523336713,-0.6991334530738044,-0.8000720429655805,-0.280849421835696,-0.8778440274960253
2021,12,Usera,6,Zofío,126,0.2635978481349848,-0.009225144374985702,-0.8432296258547294,-0.9169538408944351,-0.6708872932550876,-1.1306788705042763
2021,12,Usera,7,Pradolongo,127,0.9403298150661581,-1.2209363026264084,-0.941620336116909,-1.122514265823333,-0.6441268966991023,-1.0522534658400151
2021,13,Puente de Vallecas,1,Entrevías,131,-0.029431105608114894,-0.41927528775750655,-1.0152977517835766,-1.009701582108088,-0.7922166462309028,-1.1441017060136112
2021,13,Puente de Vallecas,2,San Diego,132,1.3261111621444523,0.28506114121299386,-0.8067939752614698,-1.0760702380748925,0.7802722208996514,-0.9561685591479415
2021,13,Puente de Vallecas,3,Palomeras Bajas,133,-0.36741489292694357,-0.778701204053489,-0.7072383686575981,-0.6231357318151777,-0.3172142290446944,-0.9690466803906153
2021,13,Puente de Vallecas,4,Palomeras Sureste,134,-3.956156354398492e-4,-0.6744907594765952,-0.8191271620002951,-0.6984845019085689,-0.5783060110658362,-1.0789377400389337
2021,13,Puente de Vallecas,5,Portazgo,135,0.09165929833702442,-0.6867752582170134,-0.8963517138479157,-0.903764298271011,-0.5234123480815019,-1.0818697822644197
2021,13,Puente de Vallecas,6,Numancia,136,0.6744907594765952,0.044435688221912545,-0.7453724108151488,-0.8417453850842718,0.24221245736618147,-1.0104113403194328
2021,14,Moratalaz,1,Pavones,141,-1.0897391016833569,-0.03137859660192982,-0.50726270218198,-0.324827565672627,-1.273802575101417,-0.8868687996671314
2021,14,Moratalaz,2,Horcajo,142,-1.9797555162643732,-1.3872622640096481,0.06339720457266855,0.0641236274351579,-0.6652903432020131,-0.040100384840763684
2021,14,Moratalaz,3,Marroquina,143,-1.2356842599554625,-1.4584140486026602,-0.1697938603866859,0.1536441401345687,-1.0879208752159923,-0.3420334853909261
2021,14,Moratalaz,4,Media Legua,144,-0.6647306279428051,-1.0130176108579743,-0.3027057332792504,-0.14999596877064286,-0.7514485990880077,-0.5396706160441563
2021,14,Moratalaz,5,Fontarrón,145,-0.3040925547289138,0.037722148739713385,-0.6219049175716109,-0.6044739321458648,-0.569075159818034,-0.8094319505238483
2021,14,Moratalaz,6,Vinateros,146,-0.8390044652319172,-0.2647744723774289,-0.4869388698148724,-0.3663605935080903,-0.43677879119608704,-0.6467036070093748
2021,15,Ciudad Lineal,1,Ventas,151,0.2712149752730339,0.08548265451949084,-0.46057982078772736,-0.49138061986416404,0.1573984408438715,-0.4721663961830816
2021,15,Ciudad Lineal,2,Pueblo Nuevo,152,0.18383478125075225,-0.06077858073725616,-0.5266796249218062,-0.5212675621917102,-0.3703756449043058,-0.5637120173196437
2021,15,Ciudad Lineal,3,Quintana,153,0.7266754383785611,0.6210778307867219,-0.25674394776929554,-0.3072882802691374,0.5814340988527003,-0.19025322614959775
2021,15,Ciudad Lineal,4,La Concepción,154,-0.10642780605582847,0.40701700903152405,0,0.01122514265823333,0.5402073303884815,0.18397892478175762
2021,15,Ciudad Lineal,5,San Pascual,155,-0.819812367549368,-0.5066121626353957,0.09487830003273678,0.4150496497881774,-0.20309710835602746,0.26732020758095043
2021,15,Ciudad Lineal,6,San Juan Bautista,156,-1.0798819037643859,1.0374280377690959,0.8547048031402389,1.13079280853378,-0.036489827249449776,0.4765644595213106
2021,15,Ciudad Lineal,7,Colina,157,-0.6680484649819364,0.7674678832725299,0.7922979660430357,0.9674669828564851,0.48698941362408404,0.5263352038121868
2021,15,Ciudad Lineal,8,Atalaya,158,-1.4519315807846824,1.8086365446052597,0.9640679273361881,1.5169377159770066,0.3489399476900533,0.5675346241398299
2021,15,Ciudad Lineal,9,Costillares,159,-1.3615456460314752,-1.2744463954920562,0.9381081714765735,1.310956348198425,-0.9049600618436897,0.5306794682104986
2021,16,Hortaleza,1,Palomas,161,-1.9141976491757986,2.065164565677829,1.0154289320544543,1.7996709966812585,-1.3899877553079443,0.48918703579937795
2021,16,Hortaleza,2,Piovera,162,-1.5013333837369294,5.397360219544287,1.0648531393679126,1.6921902557286745,-0.6744907594765952,1.062549237966665
2021,16,Hortaleza,3,Canillas,163,-0.7900912770516912,-0.057207260280430876,-0.15228860271917086,0.15939702574691328,-0.6790899137339219,0.03155980312891266
2021,16,Hortaleza,4,Pinar del Rey,164,-0.4987182656088252,-0.36996586193916464,-0.3890206201471369,-0.19714156793522286,-0.6001243909798716,-0.26610300656532404
2021,16,Hortaleza,5,Apóstol Santiago,165,-0.7773591434457208,-0.8484467753776345,-0.22195025567234622,-0.10439382672156997,-0.6285796950695254,-0.46729759212057714
2021,16,Hortaleza,6,Valdefuentes,166,-0.4650957867435977,0.5235149143974654,0.8777563682907777,0.6980635590588852,0.3171657997789024,0.5205114685661527
2021,17,Villaverde,1,"Villaverde Alto, Casco Histórico de Villaverde",171,0.02481422298534311,0.3420221348252067,-0.8880381008700852,-0.9266355264371614,-0.4797878752286578,-1.0063831446931344
2021,17,Villaverde,2,San Cristóbal,172,0.9386348320068169,-0.9041135046917299,-1.0275760400295824,-1.371712432836113,-0.9502349617684106,-1.4407961347893388
2021,17,Villaverde,3,Butarque,173,-0.2648280920706964,0,-0.6202239312724716,-0.6726666737946323,-0.11776156883605202,-0.9262697982889718
2021,17,Villaverde,4,Los Rosales,174,-0.567654515777913,-0.09254419779764574,-0.8079725953594576,-0.7645725293089177,-0.8485045050971253,-1.0836518721491761
2021,17,Villaverde,5,Ángeles,175,-0.18031023160600954,-0.5445825700395488,-0.7607090275560869,-0.6469891599639236,-1.0036500961037742,-1.054714767341226
2021,18,Villa de Vallecas,1,Casco Histórico de Vallecas,181,-0.13028113122767682,0.4528077335347093,-0.9117164237976513,-0.8811736986713163,-0.2953927787053897,-1.0204650172164547
2021,18,Villa de Vallecas,2,Santa Eugenia,182,-0.35550093997014326,1.8966115821552907,-0.5371580053913534,-0.242322767134612,-1.5185354363026693,-0.9007556510332517
2021,18,Villa de Vallecas,3,Ensanche de Vallecas,183,1.409104906207973,-0.0691352204227156,-0.08517980993201539,-0.2834348521203916,2.39782526260324,-0.4886154220627577
2021,19,Vicalvaro,1,Casco Histórico de Vicálvaro,191,-0.29108132669651365,3.7268518217368656,-0.8658274911504352,-0.846516070714021,-0.6651264426449012,-0.7752897982789114
2021,19,Vicalvaro,2,Valdebernardo,192,-1.5130083501451237,-1.5401519214344301,-0.28320852766185955,-0.19138868232287828,-0.6903152817620404,-0.49473505147833624
2021,19,Vicalvaro,3,Valderrivas,193,-2.8552805659140357,-1.8639999869737245,-0.0994511534544291,-0.14199805462665163,-0.13220985294029092,-0.43992738143771476
2021,19,Vicalvaro,4,El Cañaveral,194,4.460559136471089,0.23162793304734366,-0.10144167048880406,-0.03199165657596499,2.183248865266633,-0.6887743780246052
2021,20,San Blas-Canillejas,1,Simancas,201,0.11864242340137306,0.934497945581448,-0.4171563999659981,-0.35008413665365196,0.457520114265094,-0.5924944501753319
2021,20,San Blas-Canillejas,2,Hellín,202,0.15547026170664954,-0.6815884921816294,-0.864399094796938,-0.8343087280731922,-0.4522865820373492,-1.1346532671906575
2021,20,San Blas-Canillejas,3,Amposta,203,0.2835222516594965,-0.5715809722788632,-0.9512774419573937,-1.0125078677726465,-0.12254490414138057,-1.1406787484613812
2021,20,San Blas-Canillejas,4,Arcos,204,-0.7750998296081436,-0.9097342068340153,-0.6754751636493244,-0.5736047898357232,-0.6371207682612555,-0.14228474634594712
2021,20,San Blas-Canillejas,5,Rosas,205,-2.081588654197314,-1.1751475919662426,-0.15568096649533125,0.10986608376745871,-0.9719033669644607,-0.057759886868576346
2021,20,San Blas-Canillejas,6,Rejas,206,0.18053952776255286,2.474295714140184,0.14834306190172283,0,1.4095756163850572,-0.31277358694347296
2021,20,San Blas-Canillejas,7,Canillejas,207,-0.12116803992515798,1.1025367981540268,-0.6049693662243728,-0.474542905876814,-0.7788865344643499,-0.7175030119403762
2021,20,San Blas-Canillejas,8,El Salvador,208,-1.0509268260255438,0.034287983444181235,0.337340420124986,0.7891275288738031,-0.6441348908150046,0.28528905351328654
2021,21,Barajas,1,Alameda de Osuna,211,-1.9250863478268185,-0.7517302224847312,0.34463666458295256,0.6408153315018952,-1.4301675808019412,-0.02422297269770779
2021,21,Barajas,2,Aeropuerto,212,0.4705143252399321,0.5368762728133261,-0.8240925430124998,-0.8511464420605422,-0.20696358142361243,0.5205114685661527
2021,21,Barajas,3,Casco Histórico de Barajas,213,1.0134562677055228,2.352579749612443,-0.6401308874879176,-0.4582664490223757,1.0584040707659237,-0.24168501271041654
2021,21,Barajas,4,Timón,214,0.16028465391856178,0.28483859851857424,0.03334039765230224,-0.014732999738931246,0.5801830177839157,-0.1138990806721479
2021,21,Barajas,5,Corralejos,215,-2.4910643681329923,0.0084213006162972,0.807383803529,1.183270350461021,-0.2759564326651501,0.09771232462456823
2022,1,Centro,1,Palacio,011,1.8659329167182797,4.137932089613982,0.6193460316242133,0.5186789720001276,3.300256481522637,0.9987786563016374
2022,1,Centro,2,Embajadores,012,3.5065410533493244,4.476853479457699,0.3397157044926355,-0.1402045967442672,4.033131879426839,0.5468195818506044
2022,1,Centro,3,Cortes,013,2.9473823136355914,7.225537994709388,0.8120418767846623,0.5210200506099577,3.961031273829699,1.182374629244315
2022,1,Centro,4,Justicia,014,2.8854165759095474,6.274911513995805,0.9250724775828028,1.0655809472409843,4.073986403809542,1.8666194459871686
2022,1,Centro,5,Universidad,015,3.436530081965279,5.0512282501274255,0.6852919662089759,0.41424085401715305,4.213512943302255,1.1959935016538084
2022,1,Centro,6,Sol,016,3.0894843024414422,7.645059835327599,0.5742110152919104,0.10729943628387795,3.852076178958977,0.7942425167867613
2022,2,Arganzuela,1,Imperial,021,-0.15463136184808585,-0.7662965266568768,0.4180137846916372,0.5314248444314247,0.6770871504602823,0.16131577373897066
2022,2,Arganzuela,2,Acacias,022,0.23743639735016783,-1.0279704883408214,0.4530502702632418,0.6452272768537194,0.5543586112962533,0.9313111764723433
2022,2,Arganzuela,3,Chopera,023,1.020617662253886,-0.41013684316009585,0.018094301066502935,-0.07530469528286707,0.8347285564195173,0.30692498474554014
2022,2,Arganzuela,4,Legazpi,024,0.06558759245154276,-0.935977196421892,0.7499771968134379,0.7471942563040955,1.0987551647530973,0.6296370492056323
2022,2,Arganzuela,5,Delicias,025,0.6096879828762333,-0.21931910005929958,0.43194640101964327,0.38458719162597227,1.1133425299626982,0.40425276252673004
2022,2,Arganzuela,6,Palos de la Frontera,026,1.5615541230773966,0.6244241657794334,0.3651538114539438,0.21329827334007254,2.023814536693758,0.394734504993913
2022,2,Arganzuela,7,Atocha,027,0.24306181278674446,-0.18507886138298918,0.418407658150557,0.2609002050732839,1.2623797820737386,0.3651151189648008
2022,3,Retiro,1,Pacífico,031,0.24891744689582893,-0.5848665607680094,0.47190209663997323,0.5345462825778647,0.5723473727701155,0.41211467071244695
2022,3,Retiro,2,Adelfas,032,0.07910870605453058,-1.1803905071570988,0.45230002688869336,0.6583633290533214,0.5282708509854199,0.40718012994920993
2022,3,Retiro,3,Estrella,033,-1.1988473775235622,-1.8224016060112702,0.7250406853313919,1.0012012854706576,-1.2658746058841552,0.6254329124947623
2022,3,Retiro,4,Ibiza,034,0.07526368891219787,1.2212246539115372,0.7845347086885764,0.9164022158257019,0.756942649597066,1.37293532114303
2022,3,Retiro,5,Los Jerónimos,035,-0.5357782768131276,1.648257599588968,0.901701384811873,1.5149379804055885,0.23543397990424816,2.433211698168786
2022,3,Retiro,6,Niño Jesús,036,-1.12194962363147,-1.2653569680415533,1.0482916847747816,1.5015418083604497,-0.8534881984356318,1.277327156052059
2022,4,Salamanca,1,Recoletos,041,0.21542950097591015,4.3665648072047984,1.2706227852954168,2.084990621899209,1.9375787360551087,3.889510851902867
2022,4,Salamanca,2,Goya,042,1.044092363965586,2.237084365524157,0.964575327574347,1.118775455653234,1.2742542957486767,1.7305227413004063
2022,4,Salamanca,3,Fuente del Berro,043,0.6526428296110223,0.6478687769595942,0.5402622338081259,0.5332456833501813,0.9874513600043725,0.9528207131326073
2022,4,Salamanca,4,Guindalera,044,0.617314729465287,0.1752666839615638,0.7694861653090447,0.7829607350653882,0.8922393861480985,0.6616540520365658
2022,4,Salamanca,5,Lista,045,1.0539562051854647,2.3521462100736557,0.9623175093459843,1.1192956953443074,1.28522443629407,1.4700157967647574
2022,4,Salamanca,6,Castellana,046,0.6574208659530536,3.873189209759913,1.1407562268544669,1.8647991726524147,1.5763366001192023,2.3488586569398837
2022,5,Chamartin,1,El Viso,051,0.16518553775205566,0.23384905693843622,1.1879691501719953,2.000841851868095,0.12687897301904788,1.9485569777515497
2022,5,Chamartin,2,Prosperidad,052,0.6500084572210729,-0.3726837092747624,0.6243582283375116,0.6687681228747884,0.8013328548580055,0.7938916927931047
2022,5,Chamartin,3,Ciudad Jardín,053,0.6149547986495626,0.14460197776673359,0.6678805141194585,0.6744907594765952,0.9895773230228005,0.8729306132000592
2022,5,Chamartin,4,Hispanoamérica,054,-0.5409228999917464,-0.7680488316309977,1.0312823533108941,1.5488836202481242,0.1589129316411819,1.4701135673859402
2022,5,Chamartin,5,Nueva España,055,-0.3540306152489078,-0.2882394515419265,1.2614198547907252,1.8473711430014574,0.5691292996163234,1.1425244742927183
2022,5,Chamartin,6,Castilla,056,0.6523122150110868,-0.31616557876388757,0.9537659070059894,1.1701491251467273,0.31610688366520184,0.8196743807203679
2022,6,Tetuan,1,Bellas Vistas,061,1.6817579370783131,-0.12191665395654236,-0.03432270856867455,-0.32501974699807396,1.425919163565,0.056200853541203584
2022,6,Tetuan,2,Cuatro Caminos,062,1.511983015898882,0.016423833360958227,0.6500984153533699,0.6622651267363716,1.4990728284365735,0.6492889440634193
2022,6,Tetuan,3,Castillejos,063,1.6627670336687455,0.013147772251809702,0.6744907594765952,0.8576151307344136,1.8764293768093119,0.6754397096233716
2022,6,Tetuan,4,Almenara,064,1.169766384309243,-0.4079079296402151,-0.20494304348652517,-0.3779541355647871,1.0112719678090953,-0.2756038786889094
2022,6,Tetuan,5,Valdeacederas,065,1.875684572624695,0.16329532463715962,-0.2987469010269009,-0.49383752675137527,1.6311091374686684,-0.1545638496643317
2022,6,Tetuan,6,Berruguete,066,1.6829806818290356,0.17054794766721754,-0.22888541548180033,-0.4441546362538706,1.583094782810766,-0.20902208566327338
2022,7,Chamberi,1,Gaztambide,071,1.1645414828478946,0.6744907594765952,0.9157680257956079,0.8055911616270789,1.5895838210125477,1.1110308318457647
2022,7,Chamberi,2,Arapiles,072,1.384193581988803,0.7080292625818515,0.8009099559555829,0.7993482853341987,1.6096472499001038,1.3176144031924737
2022,7,Chamberi,3,Trafalgar,073,1.9073676693226307,2.061595664999468,0.9126971581369977,0.8577451906571819,2.5226043078123794,1.4621768934310833
2022,7,Chamberi,4,Almagro,074,0.5858855688915755,1.852470485873864,1.0042631915705744,1.662686052670419,1.3277917470276093,2.255677503739456
2022,7,Chamberi,5,Ríos Rosas,075,1.249458460924536,0.5813255903553164,0.9530367565358262,1.2065659035218614,1.5033020666576218,1.4753356687997157
2022,7,Chamberi,6,Vallehermoso,076,0.00592482689280709,-0.9066388787584441,1.0664421517839966,1.342998762505847,0.688573462363569,1.09477215266433
2022,8,Fuencarral-El Pardo,1,El Pardo,081,-0.22830353454722382,-2.238968343728724,-0.5149889163037119,-0.12914950330895855,-0.3754226164350493,-0.1993773014442191
2022,8,Fuencarral-El Pardo,2,Fuentelarreina,082,-1.757130340338032,-1.4046083538150287,1.1803276682730985,2.021001139897187,-1.3281259107213266,0.3459182089585326
2022,8,Fuencarral-El Pardo,3,Peñagrande,083,-0.8276437481094797,-1.5386909754953684,0.07757987524557489,0.41098935594794467,-0.8368597800663458,0.1836937435638607
2022,8,Fuencarral-El Pardo,4,Pilar,084,-0.029903077364772282,-0.774397828123915,-0.24348319727910017,-0.15451118824878426,-0.2498118786874858,0.06596641323348397
2022,8,Fuencarral-El Pardo,5,La Paz,085,-0.9729887931493242,-1.8535091737354705,0.47992027419483,0.9125004181426518,-1.6937098154216512,0.17048320727813143
2022,8,Fuencarral-El Pardo,6,Valverde,086,-0.6206324602834382,-0.5093134033108158,0.3113903940556844,0.11419261219059981,0.01874054280935119,0.1899625657455955
2022,8,Fuencarral-El Pardo,7,Mirasierra,087,-1.1661130376862636,-1.5529580015218114,1.067157933217673,1.2081266225950815,-1.0467751928787765,0.34970825833262736
2022,8,Fuencarral-El Pardo,8,El Goloso,088,-1.6770275887867756,-1.079846805365744,1.0609626953461773,0.9580213911115697,0.12203748775495103,1.0880029749506581
2022,9,Moncloa-Aravaca,1,Casa de Campo,091,-0.4208053056370332,-0.6828426775624635,0.44624911481135765,0.5527546717654319,0.475814510386377,0.26516542707436963
2022,9,Moncloa-Aravaca,2,Argüelles,092,0.761592869971818,1.4782312284325583,0.9239769052385564,1.1522008558046968,1.3594022794600318,1.2552367468777075
2022,9,Moncloa-Aravaca,3,Ciudad Universitaria,093,-0.4017822441353974,-0.7582394673052838,1.0485728251006283,1.3687506272139778,-0.08512197896311112,0.46751035443214384
2022,9,Moncloa-Aravaca,4,Valdezarza,094,-0.2033453344768678,-1.0475791127342586,-0.1086822737210486,-0.09702470238517934,-0.20575447446029396,-0.2500282344300336
2022,9,Moncloa-Aravaca,5,Valdemarín,095,-1.6584632924124372,-0.7617155732134124,1.452464596418728,2.165627774015578,-0.4372265592423681,0.860070900907987
2022,9,Moncloa-Aravaca,6,El Plantío,096,-1.5174990963877784,-0.2582404824543507,1.0779728218311029,2.165627774015578,-1.3136960333775487,0.5007006047172734
2022,9,Moncloa-Aravaca,7,Aravaca,097,-1.2454367257272334,-0.003423807029451597,0.9616660722443048,1.3112641413503727,-0.9261056332419265,0.3958042306139153
2022,10,Latina,1,Los Cármenes,101,-0.04458961028240913,-0.3115591051929346,-0.5650467880039046,-0.6119319366250252,-0.0638793809540398,-0.5756676663126057
2022,10,Latina,2,Puerta del Angel,102,0.8107736991600254,0.5583446010424602,-0.3811968318868025,-0.4781002760964065,0.9321149966003133,-0.5045194101564217
2022,10,Latina,3,Lucero,103,-0.1095268706911406,-0.44446163143257306,-0.5336072360629992,-0.5242715486791661,-0.2126680054033324,-0.7277814992343513
2022,10,Latina,4,Aluche,104,-0.5720352035588933,0.13925433950424632,-0.6218644414186377,-0.46210290559590106,-0.8400564724568798,-0.7540817963325834
2022,10,Latina,5,Campamento,105,0.18282176118779583,0.5219281384365317,-0.5405032911198467,-0.5216703502237994,-0.42652168246656835,-0.7442127148061094
2022,10,Latina,6,Cuatro Vientos,106,-0.768115883301117,-0.5075752683574499,-0.246188086790356,-0.20692533712442404,1.6908864739493863,-0.33431801231581787
2022,10,Latina,7,Águilas,107,-1.0310397828722202,-0.5438215926154509,-0.705948361098153,-0.47341811887674634,-0.7804990732391851,-0.7606094230998026
2022,11,Carabanchel,1,Comillas,111,0.5555603642255861,1.1048967905305584,-0.42874836388644816,-0.4767996768687231,0.3728077164784297,-0.4801745254818499
2022,11,Carabanchel,2,Opañel,112,0.6852209250533999,0.3591404693305903,-0.5705910957885811,-0.5991860641937281,0.09984060172331077,-0.6744907594765952
2022,11,Carabanchel,3,San Isidro,113,0.48609082984863733,0.5736268764826384,-0.6356213221200502,-0.72651472858393,0.2631862525448371,-0.5996904830585746
2022,11,Carabanchel,4,Vista Alegre,114,0.22105566017895661,0.5669684163554342,-0.7533574325067973,-0.7677437241014928,-0.5709174767229197,-0.8262825244697377
2022,11,Carabanchel,5,Puerta Bonita,115,0.3229501173759433,0.7705105868201526,-0.8110136278317167,-0.9097691597645167,-0.38075764329778117,-0.8900404719070878
2022,11,Carabanchel,6,Buenavista,116,-0.9894200202942062,0.357352083477927,-0.5862893940859907,-0.5430001775578066,0.06584849919511024,-0.595704892442114
2022,11,Carabanchel,7,Abrantes,117,-0.2701464947002397,0.6867011645570762,-0.7658914190420457,-0.8012991841757238,-0.6234421072296789,-0.8414829804571917
2022,12,Usera,1,Orcasitas,121,-1.2825513081866042,-1.1460042242373751,-0.90154394646119,-0.7122081370794129,-0.9887609486345534,-1.1612964335598581
2022,12,Usera,2,Orcasur,122,0.13878892752623675,-0.9316508084075723,-0.8211133003600201,-0.9522987545097629,-0.3100129810183976,-0.4731522943957048
2022,12,Usera,3,San Fermín,123,-0.458267505689513,-0.28850747317131337,-0.8362631569397975,-0.885968193897911,-0.5155782672511071,-0.9368841018797753
2022,12,Usera,4,Almendrales,124,0.4870679927451512,-0.08989740592526271,-0.6953299250147227,-0.7908943903542568,-0.17866664242142283,-0.7269130660697256
2022,12,Usera,5,Moscardó,125,0.49644746583439286,0.057009341409216374,-0.7179911064549551,-0.8092328394645922,-0.17644943799267127,-0.7442127148061094
2022,12,Usera,6,Zofío,126,0.2059893564164544,0.4968143467548749,-0.8797744986522743,-0.9239456913462655,-0.6302512164102391,-0.9005421868647461
2022,12,Usera,7,Pradolongo,127,0.8820826769572475,0.030099561784148708,-0.987806537925428,-1.1217668338769058,-0.5205334549309104,-0.8012233391392287
2022,13,Puente de Vallecas,1,Entrevías,131,-0.015861786702010012,-0.38915344023715365,-1.0664180939143713,-1.02604273071941,-0.6425409345049434,-1.0619672336509214
2022,13,Puente de Vallecas,2,San Diego,132,1.2393663036153766,0.694007797763074,-0.8514812071259333,-1.0853500555017714,0.7768770342988176,-0.8799470930731936
2022,13,Puente de Vallecas,3,Palomeras Bajas,133,-0.2153056154815732,-0.6998618318294282,-0.7351783836832825,-0.630010265889824,-0.268377792037713,-0.888711941701601
2022,13,Puente de Vallecas,4,Palomeras Sureste,134,0.04870591351654276,-0.5451868705203748,-0.8564089886517985,-0.7101271783151195,-0.5087502746082446,-0.8768011795563049
2022,13,Puente de Vallecas,5,Portazgo,135,0,-0.6287209112207497,-0.9337366308009888,-0.9032661636260999,-0.36287312696425855,-0.9269057473060967
2022,13,Puente de Vallecas,6,Numancia,136,0.6481624030565909,0.026267181754788312,-0.7901952446754711,-0.8630776474906837,0.284472048229962,-0.8504433703279648
2022,14,Moratalaz,1,Pavones,141,-1.0958808485484666,-0.824275396263347,-0.5250090350554224,-0.34309807626287275,-1.171417310907916,-0.7566928470394712
2022,14,Moratalaz,2,Horcajo,142,-1.5343595454298067,-1.396763285931808,0.08798797013496978,0.006633056061185183,-0.6316538461856434,-0.014355027674871535
2022,14,Moratalaz,3,Marroquina,143,-1.1001516118628503,-1.6901375825925973,-0.17803811057933686,0.11978518886963829,-1.0075028920239817,-0.3049120601917721
2022,14,Moratalaz,4,Media Legua,144,-0.6897630859179839,-1.1557342772114698,-0.32220273681273864,-0.15841298593183437,-0.6436517939447646,-0.4420899929245587
2022,14,Moratalaz,5,Fontarrón,145,-0.2444190621629264,0.09572874721997089,-0.6525681898358312,-0.6150533747714653,-0.49131306778852724,-0.6695734723523903
2022,14,Moratalaz,6,Vinateros,146,-0.7544014699809057,-0.2895221037523675,-0.5000874652602192,-0.41814265170020315,-0.2973156644276204,-0.6495534998619145
2022,15,Ciudad Lineal,1,Ventas,151,0.38950994389501875,0.2606982522020053,-0.48008586500727923,-0.47784015625086984,0.1303268571112615,-0.3898287202957296
2022,15,Ciudad Lineal,2,Pueblo Nuevo,152,0.16746078713720047,0.09983498571640907,-0.5577983645539727,-0.5355867619600114,-0.30373621478471136,-0.4178831373622452
2022,15,Ciudad Lineal,3,Quintana,153,0.7282472455155808,0.7965363130366935,-0.25210437532525826,-0.35220227085665634,0.6744907594765952,-0.15616843809433534
2022,15,Ciudad Lineal,4,La Concepción,154,-0.08064221985948976,0.2958324853240836,0,-0.01898874872417719,0.4802138701969853,0.22766751824417625
2022,15,Ciudad Lineal,5,San Pascual,155,-0.8297231163024892,-0.8462449015875023,0.0835190592338098,0.3812056336339955,-0.09214774334842514,0.33600886894098275
2022,15,Ciudad Lineal,6,San Juan Bautista,156,-0.9387358321609205,0.37707631710019845,0.8844506307172473,1.1471285188167315,-0.09695495991017802,0.668797058595937
2022,15,Ciudad Lineal,7,Colina,157,-0.8237803681250064,0.2231460896744662,0.8067256770140576,1.1022578454616554,0.3582296118413952,0.7169174578570148
2022,15,Ciudad Lineal,8,Atalaya,158,-1.5541589411184296,1.1315193946259192,0.9969027433705142,1.5497940397075027,0.5568928837143959,1.122521755441275
2022,15,Ciudad Lineal,9,Costillares,159,-1.2710841868714504,-1.6821730755086115,0.9589790625325784,1.2697750259872733,-0.8284346886310991,0.5860658594360704
2022,16,Hortaleza,1,Palomas,161,-1.8815190486936086,1.08763284273789,1.0516230956808148,1.8866492396774952,-1.332233776066869,0.18249749125762144
2022,16,Hortaleza,2,Piovera,162,-1.4217774054523673,4.034351440281893,1.1073502268120914,1.899655231954329,-0.6996585371625829,0.9917104155114063
2022,16,Hortaleza,3,Canillas,163,-0.8066105690804454,-0.5071029156161267,-0.1637964545381535,0.12290662701607838,-0.5908474423564501,-0.025109796005003533
2022,16,Hortaleza,4,Pinar del Rey,164,-0.4902705915271679,-0.4971093958657739,-0.4069002716765411,-0.2857416503220362,-0.49509528532330244,-0.25879308305844084
2022,16,Hortaleza,5,Apóstol Santiago,165,-0.699227355721483,-1.1088919375704216,-0.22438300366782307,-0.12355692662992007,-0.6735277744290095,-0.12212125707060173
2022,16,Hortaleza,6,Valdefuentes,166,-0.6744907594765952,0.1266555848845794,0.9120261960427848,0.6932193883552358,0.23603577508555343,0.2813263356346213
2022,17,Villaverde,1,"Villaverde Alto, Casco Histórico de Villaverde",171,0.08094938856067017,0.5776221989378462,-0.9323077601159392,-0.9377320431597091,-0.3482671966865504,-0.9977261843206671
2022,17,Villaverde,2,San Cristóbal,172,0.9665452961430802,-0.37815393348729653,-1.0898196472297799,-1.3544440357094607,-0.7578796107615118,-1.295006384847153
2022,17,Villaverde,3,Butarque,173,-0.3811489580109737,-0.04722636430666955,-0.661257581841044,-0.6780023773913403,-0.1276670684226187,-0.9089734651385287
2022,17,Villaverde,4,Los Rosales,174,-0.4670551747164217,0.1830283957246591,-0.8532694134125095,-0.7828306751426198,-0.8084882346336927,-1.00210285742186
2022,17,Villaverde,5,Ángeles,175,-1.6307811884682617e-4,0,-0.7824542825813031,-0.6696785423341668,-0.8446888438358849,-1.0180969808047997
2022,18,Villa de Vallecas,1,Casco Histórico de Vallecas,181,-0.12576287847981008,0.37917180230521746,-0.9584346485184916,-0.8875289129711311,-0.28804997988817377,-0.8190187424371403
2022,18,Villa de Vallecas,2,Santa Eugenia,182,-0.3722157879883761,0.8642940736342565,-0.5658918160731687,-0.2632412836831139,-1.3943693741351415,-0.7729342725818737
2022,18,Villa de Vallecas,3,Ensanche de Vallecas,183,1.0453108042185024,-0.20912587884735767,-0.10456639094634329,-0.30850213680649513,2.1516315961692563,-0.3987028419713412
2022,19,Vicalvaro,1,Casco Histórico de Vicálvaro,191,-0.2585566038011812,2.498770101697875,-0.9061387510355483,-0.8476005166812517,-0.5092999994991082,-0.7083308968319412
2022,19,Vicalvaro,2,Valdebernardo,192,-1.1732814495665282,-1.6423830197723135,-0.3020378080824404,-0.2233128873932345,-0.8001394923556835,-0.6267154329961634
2022,19,Vicalvaro,3,Valderrivas,193,-2.71121855009219,-2.00735757338493,-0.12500948506780066,-0.1500891508746608,-0.22194014172138715,-0.18838673338064552
2022,19,Vicalvaro,4,El Cañaveral,194,4.909450389214575,0.30316838873259194,0.08565146631659677,0.049162650806431354,1.8893919766351686,-0.6124581759424749
2022,20,San Blas-Canillejas,1,Simancas,201,0.2446090841599946,0.8512080350998114,-0.4202453847590917,-0.4139807341716164,0.4373871139165905,-0.4739172057261369
2022,20,San Blas-Canillejas,2,Hellín,202,0.24140571358226307,-0.12395428817669588,-0.8929764511817222,-0.8663291455598922,-0.41736847680217615,-1.033711524129029
2022,20,San Blas-Canillejas,3,Amposta,203,0.40962946290102736,0.08855391671807215,-0.9954627793604056,-1.0066638022269276,0,-1.0584014815842466
2022,20,San Blas-Canillejas,4,Arcos,204,-0.7994292671180958,-1.0526669884449111,-0.6696994249682576,-0.5648502445828872,-0.5320703727039456,-0.6945567416711571
2022,20,San Blas-Canillejas,5,Rosas,205,-1.9211768044519153,-1.429103450678676,-0.16348472196458938,0.08037703227083222,-0.9280291080858122,0.3287220820563424
2022,20,San Blas-Canillejas,6,Rejas,206,-0.044276530260112246,1.9288911698473832,0.1179313858693713,-0.0352462390702193,1.2674036347861954,-0.3639885202383586
2022,20,San Blas-Canillejas,7,Canillejas,207,-0.18167890691833657,0.9759707727226865,-0.6229622593558931,-0.48681429092188505,-0.7117143552836535,-0.6831463350577976
2022,20,San Blas-Canillejas,8,El Salvador,208,-0.9324397761827642,-0.3904459815872595,0.352837257840461,0.8422680598477499,-0.6547986568931741,0.14247479991570194
2022,21,Barajas,1,Alameda de Osuna,211,-1.8826178237724303,-1.0750609297842832,0.3599156006251839,0.6201257117594304,-1.3346536235707684,-0.10782949273884844
2022,21,Barajas,2,Aeropuerto,212,0.2261042291617616,0.9994720661939306,-0.8829203546017609,-0.8590457898848654,-0.27420306357054974,0.2813263356346213
2022,21,Barajas,3,Casco Histórico de Barajas,213,0.9254583280794324,2.100520660920361,-0.6602931452798181,-0.37756395579648205,0.9022812039071514,-0.2709166400851352
2022,21,Barajas,4,Timón,214,-0.047718913312963254,-0.38774343674621875,-0.10366650007133829,0,0.4449401905965529,-0.09649385189462922
2022,21,Barajas,5,Corralejos,215,-2.3943325967158384,-0.6131949823270314,0.8298972844626726,1.1853661361106227,-0.14839457060294528,0
2023,1,Centro,1,Palacio,011,1.83627617806615,4.770836249039811,0.5890134932630969,0.5419415803754732,3.2607928418479486,1.0442868728962926
2023,1,Centro,2,Embajadores,012,3.4028365838921792,4.428469890037917,0.3118844379020026,-0.12835458482576997,4.119682373037255,0.5755574316795274
2023,1,Centro,3,Cortes,013,2.9092387108278066,7.751093952192872,0.7832930740786583,0.6499224215781051,3.834266408191812,1.2914937654067713
2023,1,Centro,4,Justicia,014,2.7940939579474966,7.269152942528945,0.878214878220977,1.05500038302638,4.094117823743004,2.116825962079498
2023,1,Centro,5,Universidad,015,3.382337916227642,5.30993537906654,0.6391271019829682,0.41238854004245984,4.324795794653531,1.0730841299508715
2023,1,Centro,6,Sol,016,2.9068723856793466,8.183759326981374,0.5428830268162171,0.21236631588353352,3.799258840583247,1.0601941967443929
2023,2,Arganzuela,1,Imperial,021,-0.2077556825954808,-0.5807784008118536,0.4010277206754694,0.5204892267958161,0.6751978777214731,0.3094370626333004
2023,2,Arganzuela,2,Acacias,022,0.1904192054061735,1.7854928720922258,0.44072294198561573,0.6227174815636796,0.6025549908771743,0.5051347931107395
2023,2,Arganzuela,3,Chopera,023,1.1087900195440656,3.3399634731851378,0.05062796479064307,-0.05009544020277484,0.7636031681240814,0.20906527672775027
2023,2,Arganzuela,4,Legazpi,024,-0.12853105730996867,0.14875398025977182,0.71390667207643,0.7320166238242792,1.0829503206729474,0.7511785573850622
2023,2,Arganzuela,5,Delicias,025,0.6144890052003247,-1.006425927112079,0.42420540558538794,0.36253279094113366,1.0933997676457663,0.3018514437018503
2023,2,Arganzuela,6,Palos de la Frontera,026,1.5342083729724603,3.5989706054700084,0.3511898825834042,0.22878515633276833,1.9498042358780212,0.4718704493520845
2023,2,Arganzuela,7,Atocha,027,0.5663104749798957,1.8522319514736516,0.40779127194171927,0.24041017475302948,0.6876503062216884,0.3701938121241698
2023,3,Retiro,1,Pacífico,031,0.17308414350979334,-0.29947838518201425,0.4643352097673091,0.5034711585929595,0.610730618671586,0.5368145853592695
2023,3,Retiro,2,Adelfas,032,-0.07533954296843783,-0.7895452361869747,0.4323731011676667,0.6345821910853894,0.48912549546393524,0.3436622514566058
2023,3,Retiro,3,Estrella,033,-1.291971029355168,-1.477145564992691,0.6917910907822742,1.0003508118960802,-1.252535937765934,0.36292410456550256
2023,3,Retiro,4,Ibiza,034,-0.050779561523504484,1.634347605655524,0.7453335856746859,0.9003996225919794,0.7302367545144515,1.6257667063193375
2023,3,Retiro,5,Los Jerónimos,035,-0.593208165742682,2.466218611766854,0.8640179133969493,1.5060990359528024,0.014224716888252633,2.2387858575662563
2023,3,Retiro,6,Niño Jesús,036,-1.3130646772208456,-0.7320876458856681,0.9996969397239328,1.5228774130542102,-0.7588939377092043,1.1656567757994938
2023,4,Salamanca,1,Recoletos,041,0.13910643598453204,5.080962884862254,1.2251698155774184,2.055231349371736,2.068419031431425,4.553838089767009
2023,4,Salamanca,2,Goya,042,1.0524319233869253,2.839578971422918,0.9449621676305042,1.1475211481855718,1.3948242197667677,2.077161603533493
2023,4,Salamanca,3,Fuente del Berro,043,0.6830175447049183,1.1629184762508549,0.5516614515494025,0.5606374862884705,1.0719684308107662,1.067824767491733
2023,4,Salamanca,4,Guindalera,044,0.6124811879527652,0.569856494336278,0.7537781929948117,0.7580231083314614,0.941898437902381,0.845566132800246
2023,4,Salamanca,5,Lista,045,1.068512325117652,2.787104744542982,0.9404567899601285,1.1639399886348067,1.3456885503978657,2.0372612479540657
2023,4,Salamanca,6,Castellana,046,0.6711531814048276,3.9749277301170323,1.1088680367328179,1.868991363546109,1.7992306174987969,2.9123326289091587
2023,5,Chamartin,1,El Viso,051,0.01418047267205155,0.4463056145243846,1.1367291532230388,1.983324018937131,0.19283412990656176,1.9299387875165128
2023,5,Chamartin,2,Prosperidad,052,0.647847228839639,-0.02708428733581947,0.6084882962110044,0.6689778641432754,0.8317203212193298,0.6798344065905276
2023,5,Chamartin,3,Ciudad Jardín,053,0.552677690481506,0.5667113649531176,0.6608130764303183,0.6611879033461933,0.961851548085433,1.026064530529854
2023,5,Chamartin,4,Hispanoamérica,054,-0.5375659691340313,-0.4068377769487792,0.9908749745176111,1.5183232821266852,0.15995777635020592,1.417105995934598
2023,5,Chamartin,5,Nueva España,055,-0.29942177535992737,0.08052251526278807,1.206668775620196,1.8124242636042198,0.6346930121043411,1.812445978733831
2023,5,Chamartin,6,Castilla,056,0.599434035085608,-0.33586942447647905,0.9375221981797667,1.0715390690263393,0.3341932940780516,0.44707952288870845
2023,6,Tetuan,1,Bellas Vistas,061,1.796129044500369,-0.015001948460214954,-0.030423717352306284,-0.31099920412966675,1.4169087467880526,0.11517217128735698
2023,6,Tetuan,2,Cuatro Caminos,062,1.5257722029406209,0.0991970838319059,0.6270776208952331,0.6342226544332163,1.5083714991271755,0.727837326984141
2023,6,Tetuan,3,Castillejos,063,1.6857788088384555,0,0.6584402148949515,0.862768119664536,1.951491244005431,0.6455755039053045
2023,6,Tetuan,4,Almenara,064,1.1655664818903504,-0.8228797587860857,-0.21399618897984934,-0.3395224452020601,1.129242625482571,0.13822121488499264
2023,6,Tetuan,5,Valdeacederas,065,1.8854794385529254,0.033019667647667145,-0.2995402504409503,-0.4673976478249327,1.7278134418064583,0.707468535408951
2023,6,Tetuan,6,Berruguete,066,1.8563037358925052,0.09458592322801676,-0.22809424097621112,-0.4277287705351756,1.6737867016552221,-0.07098453626741383
2023,7,Chamberi,1,Gaztambide,071,1.2011180893793754,1.074442060425199,0.8809948606331768,0.816148200432767,1.6412343333760038,1.5833209541651347
2023,7,Chamberi,2,Arapiles,072,1.4346432498942197,1.0690918881747768,0.7994865506904286,0.79637368456325075,1.6396930550981184,1.478116848051402
2023,7,Chamberi,3,Trafalgar,073,1.878087640530875,2.781846835859205,0.8963431196506031,0.8608505908529466,2.586167208776948,1.5886926961639989
2023,7,Chamberi,4,Almagro,074,0.576611281863216,2.512552323613211,0.980428883175185,1.6990503726189925,1.3526617751022867,2.4998603852788217
2023,7,Chamberi,5,Ríos Rosas,075,1.2774333792813841,1.133910727936326,0.9421629178230464,1.2116385178230948,1.5413073274274678,1.568739708885792
2023,7,Chamberi,6,Vallehermoso,076,-0.05602136600752264,-0.4276821126307168,1.0242586830745006,1.375826922315443,0.6744907594765952,1.2863243065794123
2023,8,Fuencarral-El Pardo,1,El Pardo,081,-0.4051085605362577,-1.6456129292868533,-0.5063779031755752,-0.11409296428957331,-0.310884372939547,-0.2912428151517927
2023,8,Fuencarral-El Pardo,2,Fuentelarreina,082,-1.9726847131683012,-0.6321326958541666,1.148639925536141,2.031022548125419,-1.474697601711326,0.3715099014005066
2023,8,Fuencarral-El Pardo,3,Peñagrande,083,-0.9128129927349061,-1.1876299653709939,0.06390575430452426,0.42760892498445124,-0.8440016164990561,0.1193077383492439
2023,8,Fuencarral-El Pardo,4,Pilar,084,-0.03180475816465319,-0.7471888182418801,-0.24958581144794298,-0.1743752763039172,-0.22607625438306544,0.08823479561522982
2023,8,Fuencarral-El Pardo,5,La Paz,085,-1.2160383663945933,-1.664007551516751,0.44119019286091105,0.8663634861862662,-1.6898651010220958,0
2023,8,Fuencarral-El Pardo,6,Valverde,086,-0.6266477777277296,-0.3354902656375214,0.27248450213998227,0.10666254014466413,0,0.029111919765809458
2023,8,Fuencarral-El Pardo,7,Mirasierra,087,-1.3232559171331302,-1.2229214184658117,1.0208821029018482,1.2175109498085874,-1.1239588126333702,1.307153854267476
2023,8,Fuencarral-El Pardo,8,El Goloso,088,-2.041635809776835,-0.7689188917652219,1.0054722561569847,0.9476187695773699,0.05240411187624904,1.0845524619798272
2023,9,Moncloa-Aravaca,1,Casa de Campo,091,-0.511646769459735,-0.5153915202421128,0.4336371073009183,0.5088642083755549,0.5254419889468771,0.2524774929235898
2023,9,Moncloa-Aravaca,2,Argüelles,092,0.6488766201314053,1.910746192249162,0.9057122365817709,1.1284657056204015,1.4829276498872208,1.08409732484394
2023,9,Moncloa-Aravaca,3,Ciudad Universitaria,093,-0.48202904567223864,-0.6972779857564818,1.02316222753896,1.325731482112668,-0.034808496358105796,0.41055617247802295
2023,9,Moncloa-Aravaca,4,Valdezarza,094,-0.16932580881904627,-0.8403712761628677,-0.10606041377688481,-0.10366640137655558,-0.13833772572606104,-0.2795721999513321
2023,9,Moncloa-Aravaca,5,Valdemarín,095,-1.728889498209567,-0.5319708188891173,1.389813878536397,2.117670881299118,-0.3532006415659834,0.6707934726196363
2023,9,Moncloa-Aravaca,6,El Plantío,096,-1.7420269287933032,0.5434508874991351,1.006862891745859,0.7312975505199332,-1.132532968160302,0.2694786442916815
2023,9,Moncloa-Aravaca,7,Aravaca,097,-1.3241649253670007,0.38981973404015924,0.9058597913297519,1.3132675448373365,-0.9773981592636959,0.4288852754072008
2023,10,Latina,1,Los Cármenes,101,0.095085910135645,-0.49461229567531867,-0.5589503827471214,-0.5790937011000191,-0.10958991277550997,-0.6058324796814927
2023,10,Latina,2,Puerta del Angel,102,1.0991579250593964,0.3831253668406192,-0.3380577767312409,-0.4719517787524577,1.008498514601705,-0.5152939035018963
2023,10,Latina,3,Lucero,103,-0.025696539586146296,-0.7973089255072864,-0.5439192542146267,-0.5313951719117311,-0.1531186275914878,-0.6702315749210107
2023,10,Latina,4,Aluche,104,-0.5870126414888455,-0.2052939753013497,-0.6386591525940319,-0.48968892025966027,-0.7669078901535002,-0.7397945100109008
2023,10,Latina,5,Campamento,105,0.18036003331972114,0.5758471380435982,-0.5640954860018417,-0.5503307689261772,-0.4953578623458914,-0.7295511149649501
2023,10,Latina,6,Cuatro Vientos,106,-0.5635848063845434,-0.6397468539007135,-0.2450379854251912,-0.20757249385455986,1.8351426206799102,-0.2389863291795811
2023,10,Latina,7,Águilas,107,-1.0644493844658125,-0.6038200047187402,-0.7181760548231243,-0.4918461401726984,-0.7876819736259981,-0.7359342728213407
2023,11,Carabanchel,1,Comillas,111,0.7491554644488759,1.2154457705003896,-0.4237578280124767,-0.4608061425350939,0.4197111757261924,-0.5727423242094116
2023,11,Carabanchel,2,Opañel,112,0.7209590057360507,0.1393528075535775,-0.5721382640184703,-0.6128901464042835,0.294015786840772,-0.7487062075111081
2023,11,Carabanchel,3,San Isidro,113,0.6123032353954302,0.40411523513979464,-0.6338651860932825,-0.7142794823170766,0.24479069834298567,-0.6744907594765952
2023,11,Carabanchel,4,Vista Alegre,114,0.28884568015502105,0.344215353653563,-0.7650779938009068,-0.7804342263169133,-0.5323748009757929,-0.7626131755521
2023,11,Carabanchel,5,Puerta Bonita,115,0.3545557891204524,0.4088102948662135,-0.8211535841534954,-0.910466648852824,-0.3599802469817968,-0.9016098092611964
2023,11,Carabanchel,6,Buenavista,116,-0.9499684863671292,0.63348044623306,-0.6074191200315179,-0.523605211114649,0.09461401108636311,-0.63060654921391
2023,11,Carabanchel,7,Abrantes,117,-0.24022953337904535,0.4853960372423482,-0.787150444609357,-0.8069200930269927,-0.6858219707688386,-0.9384927741990027
2023,12,Usera,1,Orcasitas,121,-1.2978930707421827,-1.1931170608868082,-0.9162146569187332,-0.7084070503315839,-0.9303494595989548,-1.1478389997760656
2023,12,Usera,2,Orcasur,122,0.14176422908472996,-1.271810522246749,-0.8358769855322581,-0.9098674210992023,-0.2657028281657416,-0.6708431069163484
2023,12,Usera,3,San Fermín,123,-0.4169190651362654,-0.5674838090439498,-0.854762573394478,-0.8633673474181577,-0.48155056908685123,-0.9914235374095653
2023,12,Usera,4,Almendrales,124,0.5545271538273471,-0.1776760937306783,-0.7008612310745761,-0.76964812675172245,-0.06894716863072205,-0.6258697516144932
2023,12,Usera,5,Moscardó,125,0.6744907594765952,-0.10116104661909282,-0.6998515262028159,-0.7855875849980599,-0.17584779990053845,-0.6185088917624936
2023,12,Usera,6,Zofío,126,0.25489086576652126,0.07918008745526979,-0.8838455552278927,-0.92940224586727,-0.5938581100011971,-0.953579727407109
2023,12,Usera,7,Pradolongo,127,0.9158679949367006,-0.5851102126399258,-1.002485224134199,-1.119117752663903,-0.5437986164692573,-0.8364493426400404
2023,13,Puente de Vallecas,1,Entrevías,131,0,-0.8776061838280657,-1.074146432710472,-1.0136536680264823,-0.5687812972928465,-1.0322678811226842
2023,13,Puente de Vallecas,2,San Diego,132,1.3666290566843604,0.4245974366136452,-0.8564164477304743,-1.078130574316178,0.8032771100738452,-0.8557083862604441
2023,13,Puente de Vallecas,3,Palomeras Bajas,133,-0.08631544287602654,-0.8694361133479849,-0.7424694789383425,-0.6329043533752486,-0.2939220629724339,-0.8993285046047752
2023,13,Puente de Vallecas,4,Palomeras Sureste,134,0.07074055251028359,-0.6815381603752467,-0.8634146084382791,-0.7064895215199944,-0.4376943479284103,-1.0150007648439094
2023,13,Puente de Vallecas,5,Portazgo,135,-0.055090632991303456,-0.9994596689977995,-0.945293049851607,-0.8905722874325833,-0.3491693622116019,-0.9895861319350585
2023,13,Puente de Vallecas,6,Numancia,136,0.7816362185175624,-0.21635303063084982,-0.7953292328533592,-0.8523415567515182,0.30301281515440337,-0.8811679709851852
2023,14,Moratalaz,1,Pavones,141,-1.2901579592684318,-0.1578219882437647,-0.539791040174851,-0.34096059181075217,-1.0922951697570074,-0.71663308687354
2023,14,Moratalaz,2,Horcajo,142,-1.4294202620216914,-1.4018064866234543,0.048665478957789596,0.03523459191295646,-0.5001193095360501,-0.06373605595513927
2023,14,Moratalaz,3,Marroquina,143,-1.120667340550409,-1.6465735650952826,-0.1922017628981679,0.09443829397078127,-0.9612354944612314,-0.3642726590422048
2023,14,Moratalaz,4,Media Legua,144,-0.5852027701676409,-1.123507797818392,-0.31994029056033785,-0.1879178235357678,-0.5560881392514898,-0.5444563940605822
2023,14,Moratalaz,5,Fontarrón,145,-0.2671403694304823,-0.2764950871470822,-0.6519010864024992,-0.6309868245636592,-0.39171866886940604,-0.6648823088300918
2023,14,Moratalaz,6,Vinateros,146,-0.7362080622425281,-0.4749181198669822,-0.5106802728451166,-0.43336151141921964,-0.29495869568266464,-0.6439010487633995
2023,15,Ciudad Lineal,1,Ventas,151,0.7956002708430643,0.23976605327585498,-0.4513744110362206,-0.4786631295930208,0.17877250566753497,-0.43856677275452555
2023,15,Ciudad Lineal,2,Pueblo Nuevo,152,0.23407724689321527,-0.09934491222160372,-0.5548377981103007,-0.5352302295349101,-0.22704510209742326,-0.5280152673987876
2023,15,Ciudad Lineal,3,Quintana,153,1.040155831301834,1.1139468213297679,-0.25196240426650074,-0.3545031390426028,0.6159033564317493,-0.14153079232989957
2023,15,Ciudad Lineal,4,La Concepción,154,0.17208855749703,0.4046432321580218,0,0,0.5565088155001494,0.37820772196812774
2023,15,Ciudad Lineal,5,San Pascual,155,-0.4964044154506977,-0.8401768311982717,0.11615102151189666,0.36924414178169684,0.03365630734393538,0.3221078557373147
2023,15,Ciudad Lineal,6,San Juan Bautista,156,-0.9679948255684226,0.452934143962206,0.8557634673048282,1.0800481031277676,-0.03019325677330362,0.48481095335143953
2023,15,Ciudad Lineal,7,Colina,157,-0.6413219293947827,0.386186719734847,0.7839524149488357,1.0136536680264823,0.5834995155335702,0.6881785874151229
2023,15,Ciudad Lineal,8,Atalaya,158,-1.3898739769791981,0.3403296890894396,0.9691620912361233,1.664894390662555,0.5388203773625371,0.8579672150089206
2023,15,Ciudad Lineal,9,Costillares,159,-1.2239625478458127,-1.4115798824668917,0.9354085547552965,1.2139155832868573,-0.8097453717471728,0.4346784406800338
2023,16,Hortaleza,1,Palomas,161,-2.0159006606544505,0.9211188244008977,1.0284326663840209,1.8607220205461295,-1.3313666465677942,0.7520888316568362
2023,16,Hortaleza,2,Piovera,162,-1.3506618553964358,4.740168030125768,1.0570188540228231,1.8816949919228894,-0.7101658896857808,1.1295717055937369
2023,16,Hortaleza,3,Canillas,163,-0.8982148310758916,-0.4282444517101035,-0.18489233260962987,0.08940478084035892,-0.4848265280966128,-0.04606999231034022
2023,16,Hortaleza,4,Pinar del Rey,164,-0.4386659519294213,-0.4002745734502441,-0.40698132707697643,-0.2905056149558043,-0.42545555584961664,-0.29900262236981673
2023,16,Hortaleza,5,Apóstol Santiago,165,-0.6612211284569439,-0.9686678055338365,-0.22812608937344028,-0.12404014499969368,-0.5805939567904886,-0.4722974916030401
2023,16,Hortaleza,6,Valdefuentes,166,-0.8211325505783525,0.5603271496169607,0.8868962192320322,0.7244663541286457,0.129273453122464,0.41178110946102714
2023,17,Villaverde,1,"Villaverde Alto, Casco Histórico de Villaverde",171,0.1267997511717287,0.11324544926903139,-0.9483487030299539,-0.9272450259542319,-0.4306321158589058,-1.0721078326995093
2023,17,Villaverde,2,San Cristóbal,172,1.0319160300145516,-1.3951865517811077,-1.098783403057166,-1.3429892414169733,-0.7798464891842715,-1.2908532020303376
2023,17,Villaverde,3,Butarque,173,-0.49998571361507377,-0.22123214960615925,-0.6744907594765952,-0.6744907594765952,-0.16639983054394492,-0.8709021000312892
2023,17,Villaverde,4,Los Rosales,174,-0.4733429233075589,-0.17092849236748062,-0.8657821271197793,-0.7843891294908165,-0.7863391991214382,-0.9788370289603444
2023,17,Villaverde,5,Ángeles,175,0.3425857061649182,0.060328392802987345,-0.7636684907025544,-0.6870745423026511,-0.7063719280182953,-1.1022381920440782
2023,18,Villa de Vallecas,1,Casco Histórico de Vallecas,181,-0.05626596000019298,0.18753550253757684,-0.9636305187483697,-0.8745129836355215,-0.24809355994139398,-0.9604517362613041
2023,18,Villa de Vallecas,2,Santa Eugenia,182,-0.5601290379881376,0.7152853481878458,-0.5891850911964466,-0.26449913044862217,-1.3291457264617648,-0.8870229450048672
2023,18,Villa de Vallecas,3,Ensanche de Vallecas,183,0.8072010263389949,0.03438556982738316,-0.13177640569455842,-0.29853526685433524,1.9910065288295007,-0.3390659282818455
2023,19,Vicalvaro,1,Casco Histórico de Vicálvaro,191,0.1548085233440806,1.8078102254530328,-0.9044422989853212,-0.8337654963892454,-0.47406854638935886,-0.5957801298530748
2023,19,Vicalvaro,2,Valdebernardo,192,-1.0258611062308516,-1.5648649274183624,-0.34400396725924115,-0.19834438644878555,-0.8823276911888367,-0.72868017353208
2023,19,Vicalvaro,3,Valderrivas,193,-2.698835926092055,-1.6632584059352993,-0.15509114142766486,-0.12943319478228904,-0.17957773373942418,-0.1687378788973672
2023,19,Vicalvaro,4,El Cañaveral,194,4.66034501059928,0.1847621989952338,0.1691456761416896,-0.007310578594184844,1.5863037391646755,-0.5512104043980659
2023,20,San Blas-Canillejas,1,Simancas,201,0.3274989602602764,0.4837421150521656,-0.41918203403066673,-0.42820815273807294,0.48053603332449174,-0.5461308492024874
2023,20,San Blas-Canillejas,2,Hellín,202,0.44066252045356546,-0.5412961717041338,-0.8747932994477654,-0.8703183893601696,-0.5212107661843821,-1.0312115134492674
2023,20,San Blas-Canillejas,3,Amposta,203,0.7122645678421181,-0.8617545710031623,-0.9875935051505129,-1.0140132046786552,-0.001437355109214613,-1.0886543151797965
2023,20,San Blas-Canillejas,4,Arcos,204,-0.7687080896055053,-1.240273565999271,-0.678047692106932,-0.5698655936942448,-0.48512191815215183,-0.8771560214169959
2023,20,San Blas-Canillejas,5,Rosas,205,-1.9643016615860864,-1.1009083666923418,-0.18787646765906688,0.08784678868094248,-0.9460672831836267,-0.05651005155080998
2023,20,San Blas-Canillejas,6,Rejas,206,-0.0360292629077533,2.108725356307166,0.08978055018849301,-0.01114563621736378,1.239022831677353,-0.4730448155422125
2023,20,San Blas-Canillejas,7,Canillejas,207,-0.11607235745340842,0.8693328944530954,-0.6209500605592168,-0.5007147109262997,-0.6746590115749024,-0.6989614042517543
2023,20,San Blas-Canillejas,8,El Salvador,208,-0.9299389128063875,-0.5986413948304725,0.3199029321253346,0.8184252658965295,-0.5578603567418847,-0.0310560858030552
2023,21,Barajas,1,Alameda de Osuna,211,-2.051377648986804,-0.6744907594765952,0.3191336475241375,0.6194816516941223,-1.298028377553391,-0.1767168262178553
2023,21,Barajas,2,Aeropuerto,212,0.2560376171149608,1.1798285787113392,-0.8863078912772946,-0.8183054203458052,-0.08502138080718172,0.41178110946102714
2023,21,Barajas,3,Casco Histórico de Barajas,213,0.8768099965507984,2.1138154314453694,-0.6645215955204972,-0.3950109351874303,1.0338039575421492,-0.2895571220559149
2023,21,Barajas,4,Timón,214,-0.6382616448216284,-0.015062747967600404,-0.1274899804969191,0.02996138768108543,0.3879290519430443,-0.03135951056031318
2023,21,Barajas,5,Corralejos,215,-2.4128844069254156,-0.10808256313611998,0.7976078338339242,1.206125622489775,-0.11003229627565832,0.17908803450605662
