anio,distrito_num,distrito_nombre,barrio_num,barrio_nombre,codigo_barrio,densidad,poblacion_total_panel,tamano_hogar,monop_mujer,monop_hombre,n_hogares,envejecimiento,sobreenvejecimiento,migrantes,pct_extranjeros_ue_ocde,nac_espanola_pct,nac_espanola,nac_extranjera_pct,nac_extranjera,nivel_estudios_superiores_pct,nivel_estudios_superiores
2017,1,Centro,1,Palacio,011,152.07,22353,1.9997316156736473,189,33,11178,0.18784950565919561,0.3534174803524649,0.07569453764595356,0.0895629222028363,0.8346530667024561,18657,0.16525745984878987,3694,0.39896890946393815,7584
2017,1,Centro,2,Embajadores,012,431.74,44630,2.0469660138513244,341,63,21803,0.14535066099036523,0.3809156775088639,0.16018373291507956,0.08554783777727984,0.7542460228545821,33662,0.2457315706923594,10967,0.32875368007850836,12395
2017,1,Centro,3,Cortes,013,177.76,10521,1.9461709211986704,75,21,5406,0.16852010265183917,0.3547659334461365,0.08744415930044673,0.12147134302822925,0.791084497671324,8323,0.20891550232867598,2198,0.4383124036131306,3979
2017,1,Centro,4,Justicia,014,221.45,16374,1.964487102579484,131,34,8335,0.1656284353242946,0.36172566371681414,0.09044827165017712,0.10327348235006718,0.8062782459997557,13202,0.1937217540002443,3172,0.4670278078728783,6466
2017,1,Centro,5,Universidad,015,323.93,30709,1.9551155535748381,232,51,15707,0.16741020547722166,0.37191207936199183,0.10934905076687616,0.09329512520759385,0.79735582402553,24486,0.20264417597447001,6223,0.39982428664196495,10467
2017,1,Centro,6,Sol,016,164.85,7341,1.9472148541114063,42,10,3770,0.16836943195749896,0.3252427184466019,0.11292739408799891,0.1373109930527176,0.7497616128592834,5504,0.2502383871407165,1837,0.39124920735573876,2468
2017,2,Arganzuela,1,Imperial,021,234.02,22646,2.3680853288716865,169,29,9563,0.20617327563366597,0.36388948382951386,0.03660690629691778,0.029497482999205155,0.933895610703877,21149,0.06610438929612293,1497,0.3522075055187638,6382
2017,2,Arganzuela,2,Acacias,022,341.57,36665,2.3951528612490405,243,40,15308,0.21344606573026045,0.31753130590339895,0.038265375698895404,0.025964816582571937,0.9357698077185327,34310,0.06423019228146734,2355,0.36307869585846947,10713
2017,2,Arganzuela,3,Chopera,023,348.09,19764,2.3453186187255137,133,22,8427,0.23401133373810967,0.3982702702702703,0.10043513458814005,0.029548674357417537,0.8700161910544424,17195,0.12998380894555758,2569,0.23695638876995534,3874
2017,2,Arganzuela,4,Legazpi,024,133.89,18938,2.562305506697339,212,47,7391,0.07793853627626994,0.27235772357723576,0.039602914774527403,0.028989333614954066,0.9314077516105186,17639,0.06859224838948147,1299,0.4492859758330282,6135
2017,2,Arganzuela,5,Delicias,025,258.5,27263,2.390442788250778,229,60,11405,0.16681949895462714,0.3577396657871592,0.07306606022814804,0.03363532993434325,0.8932986098375088,24354,0.10670139016249129,2909,0.34758276899924756,7391
2017,2,Arganzuela,6,Palos de la Frontera,026,394.48,25580,2.196462304653954,153,19,11646,0.20347928068803753,0.3921229586935639,0.09753713838936669,0.04155590304925723,0.8608678655199374,22021,0.13909304143862392,3558,0.3260675109458123,6926
2017,2,Arganzuela,7,Atocha,027,15.07,1109,2.6404761904761895,13,6,420,0.09377817853922453,0.2596153846153846,0.019837691614066726,0.020739404869251576,0.9594229035166817,1064,0.0405770964833183,45,0.24607329842931938,188
2017,3,Retiro,1,Pacífico,031,443.51,33629,2.3046189692982373,247,64,14592,0.24270718724910048,0.3620436167605979,0.04849980671444289,0.030241755627583335,0.9212584376579738,30981,0.07874156234202623,2648,0.367389399912396,10065
2017,3,Retiro,2,Adelfas,032,283.23,18149,2.4315380493033185,121,35,7464,0.2012232078902419,0.3231106243154436,0.03961650779657282,0.025786544713207335,0.9345969474902198,16962,0.06540305250978015,1187,0.3628281705792471,5224
2017,3,Retiro,3,Estrella,033,225.86,23163,2.693685312245618,106,28,8599,0.2999611449294133,0.2989349453080023,0.018995812286836767,0.01666450805163407,0.9643396796615291,22337,0.03566032033847084,826,0.432364028002154,8029
2017,3,Retiro,4,Ibiza,034,433.91,21347,2.3145397376124808,159,41,9223,0.24893427647913058,0.4034625517500941,0.04853140956574694,0.04351899564341594,0.9079495947908371,19382,0.09205040520916288,1965,0.4255639969842835,7338
2017,3,Retiro,5,Los Jerónimos,035,37,7053,2.5144385026737974,39,14,2805,0.26797107613781374,0.3978835978835979,0.03516234226570254,0.059265560754288946,0.9055720969800085,6387,0.09442790301999149,666,0.47632215693052193,2756
2017,3,Retiro,6,Niño Jesús,036,235.9,15175,2.7244165170556567,84,23,5570,0.2617462932454695,0.3240181268882175,0.023327841845140033,0.025436573311367384,0.9512355848434926,14435,0.04876441515650742,740,0.5176824034334764,6031
2017,4,Salamanca,1,Recoletos,041,177.68,15514,2.342443001660878,102,36,6623,0.22631171844785355,0.3389347764169752,0.06349104035065102,0.08083021786773238,0.8556787417816166,13275,0.1443212582183834,2239,0.5621263532073033,6958
2017,4,Salamanca,2,Goya,042,380.02,29273,2.239024017133244,193,47,13074,0.23601954019061935,0.3685048487480098,0.061455949168175455,0.056195128616814125,0.8823489222150104,25829,0.11765107778498958,3444,0.47658610271903323,11358
2017,4,Salamanca,3,Fuente del Berro,043,241.44,20585,2.263331500824633,154,29,9095,0.2476560602380374,0.38485680659081994,0.06135535584163225,0.04605295117804227,0.8925916929803255,18374,0.10740830701967452,2211,0.3752218672346468,6342
2017,4,Salamanca,4,Guindalera,044,253.65,40655,2.3524476333757596,256,50,17282,0.24919444102816382,0.4247359589379133,0.05445824621817734,0.038568441766080444,0.9069733120157423,36873,0.09302668798425778,3782,0.42602079481039135,14054
2017,4,Salamanca,5,Lista,045,399.01,20757,2.273493975903612,153,37,9130,0.2390037095919449,0.37895585567425927,0.07438454497278027,0.059064412005588485,0.8665510430216312,17987,0.13344895697836875,2770,0.48278129857706564,8075
2017,4,Salamanca,6,Castellana,046,220.02,17016,2.4675174013921164,68,20,6896,0.22725669957686884,0.3638479441427463,0.086212976022567,0.06846497414198402,0.845322049835449,14384,0.15467795016455102,2632,0.5382008399027481,7305
2017,5,Chamartin,1,El Viso,051,99.82,17061,2.8242012911769585,74,30,6041,0.21300041029247993,0.37176664832140893,0.05949240958912139,0.048648965476818476,0.8918586249340601,15216,0.10814137506593986,1845,0.5443950314368962,7100
2017,5,Chamartin,2,Prosperidad,052,346.99,36089,2.301300854482857,218,54,15682,0.24400786943389952,0.33352259822848057,0.05974119537809305,0.03330654770151569,0.9069522569203913,32731,0.09304774307960874,3358,0.39978985187946986,11795
2017,5,Chamartin,3,Ciudad Jardín,053,240.31,18319,2.3473859559200263,164,26,7804,0.23172662263223975,0.37502944640753827,0.07265680441072112,0.03711993012719034,0.8902232654620885,16308,0.10977673453791145,2011,0.39729638391348426,5878
2017,5,Chamartin,4,Hispanoamérica,054,182.46,31247,2.5534853313720705,230,49,12237,0.24651966588792526,0.3925743216928469,0.03616347169328256,0.03110698627068198,0.9327295420360354,29145,0.06727045796396454,2102,0.5024666995559941,12222
2017,5,Chamartin,5,Nueva España,055,134.69,24110,2.683361157484685,143,51,8985,0.21157196184155955,0.35679278572828854,0.046080464537536295,0.04048112816258813,0.9134384072998756,22023,0.08656159270012442,2087,0.5618736504069543,10148
2017,5,Chamartin,6,Castilla,056,76.8,16598,2.5523604490235337,76,35,6503,0.22466562236414023,0.3971574148565299,0.045125918785395826,0.03452223159416797,0.9203518496204361,15276,0.0796481503795638,1322,0.482427620374671,6232
2017,6,Tetuan,1,Bellas Vistas,061,396.54,28359,2.439274040942707,178,39,11626,0.18650163969110334,0.37625259973529973,0.1772276878592334,0.03716633167601113,0.7856059804647555,22279,0.21439401953524453,6080,0.24673071790765946,5547
2017,6,Tetuan,2,Cuatro Caminos,062,286.39,33938,2.29202404268251,211,54,14807,0.23056750545111676,0.3800638977635783,0.102009546820673,0.0359479050032412,0.8620425481760858,29256,0.1379574518239142,4682,0.4037638084271887,11221
2017,6,Tetuan,3,Castillejos,063,283.56,19982,2.1929323968393333,118,31,9112,0.24246822139925933,0.3801857585139319,0.10179161245120609,0.040486437794014604,0.8577219497547793,17139,0.1422780502452207,2843,0.4082061756578157,6795
2017,6,Tetuan,4,Almenara,064,219.96,21982,2.4089863013698625,203,27,9125,0.2083522882358293,0.4735807860262009,0.09780729687926484,0.02629424074242563,0.8758984623783095,19254,0.12410153762169047,2728,0.20627338129496403,3584
2017,6,Tetuan,5,Valdeacederas,065,216.73,25214,2.4211638179373907,203,33,10414,0.15090822558895853,0.4031537450722733,0.156777980487031,0.041524549853256126,0.8016974696597129,20214,0.19830253034028714,5000,0.1962474645030426,3870
2017,6,Tetuan,6,Berruguete,066,400.52,24314,2.413539805439749,211,38,10074,0.17010775684790655,0.39893617021276595,0.1803487702558197,0.037632639631488024,0.7820185901126923,19014,0.21798140988730771,5300,0.21266659670479587,4053
2017,7,Chamberi,1,Gaztambide,071,442.39,22406,2.18765866041788,121,23,10242,0.25667231991430867,0.3987132672578682,0.05918057663125948,0.04400606980273141,0.8968133535660091,20094,0.10318664643399089,2312,0.4617730341973426,8480
2017,7,Chamberi,2,Arapiles,072,418.16,24179,2.185375994215474,184,36,11064,0.2419041316845196,0.37886818259531546,0.05881136523429422,0.046279829604201995,0.8949088051615038,21638,0.10509119483849622,2541,0.44024871094934787,8709
2017,7,Chamberi,3,Trafalgar,073,400.67,24516,2.117098445595861,195,36,11580,0.21071953010279004,0.3832752613240418,0.06155163974547235,0.058329254364496645,0.880119105890031,21577,0.119880894109969,2939,0.46295748248988855,9386
2017,7,Chamberi,4,Almagro,074,210.01,19698,2.465331664580733,132,34,7990,0.2382475378210986,0.3786490517792457,0.06645344705046198,0.05959995938673977,0.8739465935627982,17215,0.12605340643720175,2483,0.5035177790454459,7944
2017,7,Chamberi,5,Ríos Rosas,075,274.99,26823,2.255170674289542,210,36,11894,0.23420199082876636,0.38554600445717924,0.05864370130112217,0.044700443649107115,0.8966558550497707,24051,0.10334414495022928,2772,0.47468557054653554,10379
2017,7,Chamberi,6,Vallehermoso,076,184.98,19779,2.4150183150183224,92,24,8190,0.28130845846604985,0.3855140186915888,0.034582132564841495,0.02891956115071541,0.9364983062844431,18523,0.0635016937155569,1256,0.5054307116104869,8097
2017,8,Fuencarral-El Pardo,1,El Pardo,081,0.18,3394,2.6249033255993837,15,8,1293,0.2657631113730112,0.4656319290465632,0.01767825574543312,0.012080141426045962,0.9702416028285209,3293,0.02975839717147908,101,0.15088224702916816,419
2017,8,Fuencarral-El Pardo,2,Fuentelarreina,082,23.12,3196,2.9240622140896586,22,6,1093,0.26220275344180227,0.301909307875895,0.04130162703379223,0.033479349186483105,0.9252190237797246,2957,0.07478097622027534,239,0.553091684434968,1297
2017,8,Fuencarral-El Pardo,3,Peñagrande,083,153.3,44262,2.6417188898836073,348,86,16755,0.2452668202973205,0.2670412675018423,0.045343635624237495,0.024038678776377033,0.9306176855993855,41191,0.06938231440061453,3071,0.2826975084872547,9826
2017,8,Fuencarral-El Pardo,4,Pilar,084,336.03,45808,2.3769198837692027,298,41,19272,0.29658574921411107,0.31164433976151923,0.07046804051694028,0.027571603213412496,0.9019603562696472,41317,0.09803964373035277,4491,0.2114887329146657,8015
2017,8,Fuencarral-El Pardo,5,La Paz,085,156.88,33803,2.7137925497752104,132,27,12456,0.295713398219093,0.1985794317727091,0.026240274531846283,0.0195248942401562,0.9542348312279975,32256,0.045765168772002485,1547,0.39305941344107354,10896
2017,8,Fuencarral-El Pardo,6,Valverde,086,66.82,60011,2.717766405507004,952,273,22081,0.11961140457582778,0.4123711340206186,0.06730432753995101,0.032127443302061284,0.9005682291579877,54044,0.0994317708420123,5967,0.3488917924893535,14419
2017,8,Fuencarral-El Pardo,7,Mirasierra,087,44.14,30868,3.113262733232487,324,97,9915,0.14419463522094078,0.21658054369804539,0.020215109498509784,0.02727743941946352,0.9525074510820267,29402,0.047492548917973304,1466,0.5111960148957779,10570
2017,8,Fuencarral-El Pardo,8,El Goloso,088,6.57,17414,3.2751551626857336,335,131,5317,0.08361088779143218,0.5364010989010989,0.02009877110370966,0.02802342942460089,0.9518203744113931,16575,0.04812220052831055,838,0.5130992196209587,5523
2017,9,Moncloa-Aravaca,1,Casa de Campo,091,7.35,12841,2.324583635047068,82,12,5524,0.25029203333073746,0.44741754822650903,0.04010591075461413,0.03683513745035433,0.9230589517950315,11853,0.07694104820496846,988,0.3557527189467659,3729
2017,9,Moncloa-Aravaca,2,Argüelles,092,315.91,23931,2.305713459870902,134,38,10379,0.24971793907484016,0.3872155287817938,0.07045255108436756,0.04897413396849275,0.8805733149471396,21073,0.1194266850528603,2858,0.46803095092649155,9194
2017,9,Moncloa-Aravaca,3,Ciudad Universitaria,093,11.26,16053,2.647699158832252,93,28,6063,0.2530368155484956,0.33850320039389464,0.06578209680433564,0.029153429265557834,0.9050644739301065,14529,0.09493552606989347,1524,0.5140703920468211,6412
2017,9,Moncloa-Aravaca,4,Valdezarza,094,209.28,29246,2.4333139196272477,256,61,12019,0.2499829036449429,0.341403364792778,0.07536073309170485,0.027217397250906106,0.897421869657389,26246,0.10257813034261096,3000,0.24240457024149573,5601
2017,9,Moncloa-Aravaca,5,Valdemarín,095,19.42,6413,3.479652740097665,109,25,1843,0.10353968501481367,0.3509036144578313,0.05473257445813192,0.03913924840168408,0.906128177140184,5811,0.093871822859816,602,0.6044813695871097,2401
2017,9,Moncloa-Aravaca,6,El Plantío,096,7.71,2720,3.2771084337349374,27,14,830,0.19191176470588237,0.2796934865900383,0.04227941176470588,0.03198529411764706,0.9253676470588236,2517,0.07426470588235294,202,0.5231409256370255,1006
2017,9,Moncloa-Aravaca,7,Aravaca,097,44.05,25699,3.1207043108682413,286,73,8235,0.14016109576248104,0.2656857301499167,0.043386902214093935,0.0486789369236157,0.9078952488423674,23332,0.09206583913770963,2366,0.5008131970260223,8622
2017,10,Latina,1,Los Cármenes,101,131.87,17037,2.632009887223854,177,34,6473,0.1750895110641545,0.4153536708012069,0.08845454011856548,0.034454422727005926,0.8770910371544286,14943,0.1229089628455714,2094,0.1458595717884131,1853
2017,10,Latina,2,Puerta del Angel,102,298.16,41006,2.3757821552723124,319,59,17260,0.21265180705262643,0.44002293577981655,0.12820075110959372,0.04082329415207531,0.830975954738331,34075,0.16902404526166903,6931,0.1739316762581119,5682
2017,10,Latina,3,Lucero,103,210.06,35269,2.5240821584484427,277,58,13973,0.2315631290935382,0.4143504346761357,0.11182624968102299,0.033712325271484864,0.8544330715359097,30135,0.14553857495250785,5133,0.14921618665694494,4093
2017,10,Latina,4,Aluche,104,229.16,65307,2.478726230690398,429,75,26347,0.30374998085963223,0.291324292987851,0.09335905798765828,0.045094706539880874,0.8615002985897376,56262,0.13845376452753916,9042,0.13793363073390177,7328
2017,10,Latina,5,Campamento,105,20.42,18772,2.577509268158727,126,26,7283,0.24046452162795653,0.34182543198936644,0.1125612614532282,0.050394204133816345,0.8370445344129555,15713,0.16295546558704455,3059,0.16041638862938742,2404
2017,10,Latina,6,Cuatro Vientos,106,10.07,5468,2.610023866348445,97,24,2095,0.06510607168983175,0.2443820224719101,0.034747622531089976,0.02103145574250183,0.9442209217264081,5163,0.055779078273591805,305,0.23969344608879492,907
2017,10,Latina,7,Águilas,107,141.15,50949,2.4719324632477937,389,59,20611,0.283459930518754,0.30715967317546045,0.06516320241810437,0.03330781762154311,0.9015289799603525,45932,0.09847102003964749,5017,0.11931248624728001,4880
2017,11,Carabanchel,1,Comillas,111,331.62,22089,2.3506438224965347,178,39,9397,0.24491828511929015,0.39020332717190387,0.11734347412739372,0.04359636017927475,0.8390601656933315,18534,0.16093983430666847,3555,0.15507392473118278,2769
2017,11,Carabanchel,2,Opañel,112,289.18,32021,2.4803253292021687,238,44,12910,0.21311014646638143,0.4006447831184056,0.14524843071734175,0.039130570563067985,0.8155897692139533,26116,0.18437900128040974,5904,0.1382747300557687,3496
2017,11,Carabanchel,3,San Isidro,113,199.84,37956,2.553036927423142,329,37,14867,0.19728106228264305,0.3880876068376068,0.13044051006428498,0.04718621561808409,0.822373274317631,31214,0.17762672568236906,6742,0.1235544942862016,3622
2017,11,Carabanchel,4,Vista Alegre,114,278.88,44320,2.6084397622270714,308,45,16991,0.23445397111913358,0.3558849003945722,0.15024819494584837,0.039846570397111924,0.8099052346570397,35895,0.1900947653429603,8425,0.11161659513590844,3901
2017,11,Carabanchel,5,Puerta Bonita,115,205.09,32991,2.705732797506757,292,36,12193,0.19693249674153557,0.394335847314145,0.1399472583431845,0.04470916310508927,0.8153435785517262,26899,0.18465642144827377,6092,0.09942011597680464,2486
2017,11,Carabanchel,6,Buenavista,116,80.61,45248,2.713685978169613,587,106,16674,0.1390337694483734,0.3252265140677158,0.07096446251768035,0.040554278642149916,0.8884591584158416,40201,0.11151874115983026,5046,0.15040904265284458,4817
2017,11,Carabanchel,7,Abrantes,117,187.74,29373,2.717206290471788,259,50,10810,0.18734892588431554,0.3850626930765037,0.1266128757702652,0.036666326217955264,0.8367207980117796,24577,0.16327920198822046,4796,0.11346998535871157,2480
2017,12,Usera,1,Orcasitas,121,165.13,22398,2.672154617036504,232,35,8382,0.19760692919010625,0.4439674649796656,0.04620948298955264,0.02035896062148406,0.9334315563889632,20907,0.0665684436110367,1491,0.07867607162235486,1305
2017,12,Usera,2,Orcasur,122,96.09,13331,2.862572471548211,132,23,4657,0.14837596579401396,0.3857431749241658,0.08836546395619234,0.026404620808641505,0.8852299152351661,11801,0.11477008476483384,1530,0.08837835040877574,854
2017,12,Usera,3,San Fermín,123,155.39,22926,2.830370370370374,267,45,8100,0.14472651138445433,0.33212778782399033,0.12767163918694932,0.03424060019192182,0.837956904824217,19211,0.16191223937887114,3712,0.09667896678966789,1572
2017,12,Usera,4,Almendrales,124,263.09,20525,2.730840872804686,147,21,7516,0.17364190012180267,0.44809203142536475,0.22202192448233862,0.02942752740560292,0.7485505481120585,15364,0.25144945188794154,5161,0.09556777741831123,1477
2017,12,Usera,5,Moscardó,125,278.92,25348,2.6270079801015664,185,30,9649,0.1972936720845826,0.4201159768046391,0.21141707432539059,0.03353321761085684,0.7550497080637526,19139,0.24495029193624743,6209,0.10879676440849342,2152
2017,12,Usera,6,Zofío,126,173.72,13446,2.7323714692135717,113,12,4921,0.18697010263275324,0.4152744630071599,0.1619068868064852,0.04417670682730923,0.7939164063662055,10675,0.20608359363379444,2771,0.08665220820189275,879
2017,12,Usera,7,Pradolongo,127,153.49,16817,2.8537247581876857,128,13,5893,0.1820776595112089,0.40202482037883736,0.2697865255396325,0.027055955283344257,0.7031575191770233,11825,0.29684248082297676,4992,0.06360093530787217,816
2017,13,Puente de Vallecas,1,Entrevías,131,56.16,33541,2.664733455152148,289,44,12587,0.20336304820965384,0.4169476616331916,0.08753465907396916,0.03568766584180556,0.8767776750842253,29408,0.12322232491577473,4133,0.046605157321977765,1182
2017,13,Puente de Vallecas,2,San Diego,132,366.38,39198,2.545159405233417,404,61,15401,0.15482932802694013,0.4127533366287692,0.20613296596765143,0.04413490484208374,0.7497321291902648,29388,0.25026787080973517,9810,0.08297031709046702,2457
2017,13,Puente de Vallecas,3,Palomeras Bajas,133,228.14,39329,2.65073801981532,365,54,14837,0.1633146024562028,0.3901603612019306,0.08599252460016782,0.029342215667827812,0.8846652597320044,34793,0.11533474026799563,4536,0.11198192956637804,3272
2017,13,Puente de Vallecas,4,Palomeras Sureste,134,135.08,41992,2.65520075877331,345,56,15815,0.18460659173175842,0.37396800825593396,0.06913221566012574,0.030124785673461607,0.9007429986664126,37824,0.09925700133358735,4168,0.08437881300253418,2697
2017,13,Puente de Vallecas,5,Portazgo,135,222.08,27655,2.605275553462087,239,28,10615,0.22249141204122222,0.39834227206240863,0.08786837823178448,0.031603688302296165,0.8805279334659194,24351,0.11947206653408064,3304,0.0672401767030923,1446
2017,13,Puente de Vallecas,6,Numancia,136,248.12,45880,2.576804268463923,400,52,17805,0.19019180470793373,0.37966995186798075,0.14060592850915432,0.03914559721011335,0.8202484742807323,37633,0.17975152571926767,8247,0.09718698912001804,3448
2017,14,Moratalaz,1,Pavones,141,90.28,9115,2.7977286678944155,70,7,3258,0.2342292923752057,0.3573770491803279,0.04136039495337356,0.050027427317608335,0.9086121777290181,8282,0.0913878222709819,833,0.15868220399942454,1103
2017,14,Moratalaz,2,Horcajo,142,86.27,6435,2.9518348623853212,74,13,2180,0.07521367521367521,0.29545454545454547,0.02206682206682207,0.01507381507381507,0.9628593628593629,6196,0.03714063714063714,239,0.2939229132182549,1243
2017,14,Moratalaz,3,Marroquina,143,152.88,27366,2.5296727676095285,189,37,10818,0.2620039465029599,0.33472803347280333,0.03343565007673756,0.01925747277643792,0.9472703354527516,25923,0.05269312285317548,1442,0.22939285215041239,4923
2017,14,Moratalaz,4,Media Legua,144,178.29,17811,2.4959360986547,98,19,7136,0.26837347706473524,0.348326359832636,0.05193419796754815,0.027061928022008873,0.921003874010443,16404,0.07899612598955702,1407,0.20105671010919338,2854
2017,14,Moratalaz,5,Fontarrón,145,173.16,16703,2.458854703371106,134,16,6793,0.27587858468538584,0.43294270833333337,0.07771059091181225,0.03843620906423996,0.8838532000239478,14763,0.1161467999760522,1940,0.12569288389513109,1678
2017,14,Moratalaz,6,Vinateros,146,282.28,16767,2.3287500000000056,124,22,7200,0.3110872547265462,0.4050996932515337,0.061966958907377585,0.036559909345738655,0.9014731317468837,15115,0.09852686825311624,1652,0.1538856681588024,2097
2017,15,Ciudad Lineal,1,Ventas,151,147.92,47306,2.39281740010116,352,57,19770,0.24764300511563014,0.4275714895433205,0.10573711579926437,0.03824039233923815,0.8560013528939246,40494,0.14397750813850252,6811,0.15269382391590014,5810
2017,15,Ciudad Lineal,2,Pueblo Nuevo,152,260.5,60415,2.5624549348941605,406,63,23577,0.22196474385500287,0.37598806860551826,0.11194239841099066,0.035090623189605236,0.8529669783994042,51532,0.1470330216005959,8883,0.1418187929332185,6751
2017,15,Ciudad Lineal,3,Quintana,153,334.41,24182,2.372179713556978,183,28,10194,0.23008849557522124,0.4583033788641265,0.1273674634025308,0.03812753287569268,0.8344636506492432,20179,0.16549499627822348,4002,0.19438456010676522,3787
2017,15,Ciudad Lineal,4,La Concepción,154,231.76,20532,2.2925413130861987,195,26,8956,0.24522696278979153,0.4468718967229394,0.07846288720046755,0.045197740112994364,0.876339372686538,17993,0.12366062731346192,2539,0.25883209906519367,4264
2017,15,Ciudad Lineal,5,San Pascual,155,171.95,18102,2.4216722408026676,168,24,7475,0.25610429786763894,0.3259275237273511,0.04656943984090156,0.029554745332007512,0.9238758148270909,16724,0.07612418517290907,1378,0.2984162267296471,4296
2017,15,Ciudad Lineal,6,San Juan Bautista,156,122.34,12367,2.5861564199079905,133,30,4782,0.212015848629417,0.3169336384439359,0.04463491550092989,0.038651249292471906,0.9166329748524299,11336,0.0832861647934018,1030,0.46965584627076323,4326
2017,15,Ciudad Lineal,7,Colina,157,109.38,6122,2.4665592264303,70,23,2482,0.22950016334531198,0.30676156583629893,0.049003593596863765,0.04688010454099968,0.9041163018621365,5535,0.09588369813786345,587,0.44427997462465635,2101
2017,15,Ciudad Lineal,8,Atalaya,158,62.76,1562,2.7597173144876326,17,5,566,0.22471190781049938,0.2849002849002849,0.04673495518565941,0.053137003841229186,0.9001280409731114,1406,0.0998719590268886,156,0.4807692307692308,550
2017,15,Ciudad Lineal,9,Costillares,159,153.73,21941,2.7925416825760427,209,60,7857,0.2070552846269541,0.2661237068016729,0.023608768971332208,0.024337997356547108,0.9520532336721207,20889,0.047946766327879316,1052,0.5039622641509434,8013
2017,16,Hortaleza,1,Palomas,161,59.14,6682,3.082103321033212,72,17,2168,0.13888057467824005,0.17780172413793102,0.030529781502544148,0.05746782400478899,0.9120023944926668,6094,0.08799760550733314,588,0.5160142348754448,2320
2017,16,Hortaleza,2,Piovera,162,46.1,14474,3.043953732912721,134,34,4755,0.1307862373911842,0.25303750660327523,0.04290451844687025,0.097346966975266,0.8597485145778637,12444,0.14025148542213625,2030,0.5295475067723487,5278
2017,16,Hortaleza,3,Canillas,163,160.55,40500,2.547810770005022,289,59,15896,0.25928395061728393,0.2937815446147986,0.04451851851851852,0.034592592592592585,0.9208641975308642,37295,0.0791111111111111,3204,0.22903474903474905,7415
2017,16,Hortaleza,4,Pinar del Rey,164,195.01,51966,2.4787025995707266,444,74,20965,0.26296039718277336,0.323673618733992,0.058711465188777276,0.03277142747180849,0.90847862063657,47210,0.09148289266058576,4754,0.17668211217298968,7321
2017,16,Hortaleza,5,Apóstol Santiago,165,125.92,15174,2.6430935377111986,120,21,5741,0.20976670620798735,0.37731699654414075,0.04553842098326084,0.026954000263608814,0.9275075787531304,14074,0.07249242124686965,1100,0.21990780262933243,2576
2017,16,Hortaleza,6,Valdefuentes,166,30.83,51666,2.8481808158765176,862,273,18140,0.06917508613014361,0.23978735310576385,0.0453296171563504,0.03756822668679596,0.9171021561568536,47383,0.08289784384314636,4283,0.46965403235328845,15910
2017,17,Villaverde,1,"Villaverde Alto, Casco Histórico de Villaverde",171,46.95,43449,2.7128496503496473,434,61,16016,0.17802481069759948,0.3813833225597931,0.1274367649428065,0.04241754700913716,0.8301226725586319,36068,0.16985431195194367,7380,0.0733709117938553,2369
2017,17,Villaverde,2,San Cristóbal,172,140.3,15187,3.030732388744769,122,17,5011,0.14347797458352538,0.5245525470399266,0.250148153025614,0.0347665766774215,0.7150852702969646,10860,0.2849147297030355,4327,0.04357689762737499,461
2017,17,Villaverde,3,Butarque,173,27.05,17245,2.8191924145823206,260,51,6117,0.08564801391707741,0.24170616113744076,0.07996520730646564,0.039895621919396926,0.8801391707741374,15178,0.11986082922586257,2067,0.12808341103670426,1511
2017,17,Villaverde,4,Los Rosales,174,236.74,36476,2.8036894696387287,302,64,13010,0.16764447856124576,0.31103843008994275,0.12430091018752057,0.04019081039587674,0.8354534488430749,30474,0.1644917205833973,6000,0.09555042110755012,2564
2017,17,Villaverde,5,Ángeles,175,156.31,30251,2.56060606060606,220,28,11814,0.27367690324286803,0.3830172726174659,0.10214538362368186,0.03272619086972331,0.8651284255065949,26171,0.13487157449340517,4080,0.09298362291129769,2237
2017,18,Villa de Vallecas,1,Casco Histórico de Vallecas,181,16.26,80292,2.5460426179604188,1266,226,31536,0.09978578189607931,0.3245132301547679,0.07256015543267075,0.03860907686942659,0.8888307676979027,71366,0.11116923230209734,8926,0.16491843536221715,9402
2017,18,Villa de Vallecas,2,Santa Eugenia,182,115.99,24129,2.7332351608518257,159,26,8828,0.1964026689875254,0.24562143912217768,0.0278503046127067,0.06523270753035766,0.9069169878569356,21883,0.09308301214306436,2246,0.14913257997771764,2811
2017,19,Vicalvaro,1,Casco Histórico de Vicálvaro,191,15.71,51580,2.824444201073263,629,141,18262,0.10990694067468011,0.280119950608573,0.051550988755331525,0.042012407910042654,0.9064366033346258,46754,0.09356339666537418,4826,0.1857098600276002,6594
2017,19,Vicalvaro,2,Valdebernardo,192,75.95,18471,2.55477178423236,164,23,7230,0.24508689296735423,0.35873647006847803,0.07465757132802772,0.08510638297872339,0.8402360456932488,15520,0.1597639543067511,2951,0.06494325346784363,927
2017,20,San Blas-Canillejas,1,Simancas,201,116.37,26490,2.4990566037735844,300,57,10600,0.16998867497168743,0.47390628469908946,0.09041147602869007,0.048357870894677246,0.8612306530766327,22814,0.13876934692336731,3676,0.1777435081086459,3573
2017,20,San Blas-Canillejas,2,Hellín,202,160.38,8830,2.4027210884353685,73,13,3675,0.26081540203850506,0.603126356925749,0.06443941109852774,0.026047565118912805,0.9095130237825595,8031,0.09048697621744055,799,0.06387197280838408,451
2017,20,San Blas-Canillejas,3,Amposta,203,221.61,8205,2.4736207416340075,88,11,3317,0.2185252894576478,0.5276073619631901,0.09274832419256551,0.03059110298598415,0.8766605728214504,7193,0.12333942717854966,1012,0.055140632448752586,347
2017,20,San Blas-Canillejas,4,Arcos,204,181.96,23749,2.6660305343511452,215,39,8908,0.18497620952461155,0.44707489187343497,0.05465493283927744,0.02661164680618132,0.9187334203545412,21819,0.08126657964545876,1930,0.10728034420289854,1895
2017,20,San Blas-Canillejas,5,Rosas,205,33.89,31508,2.8821807537504625,330,72,10932,0.12425415767424147,0.27305236270753513,0.021423130633489905,0.024787355592230546,0.9537895137742796,30052,0.04621048622572045,1456,0.236745886654479,5180
2017,20,San Blas-Canillejas,6,Rejas,206,31.45,15775,2.451056556867619,222,64,6436,0.11562599049128368,0.4402412280701754,0.08380348652931854,0.05648177496038034,0.8597147385103011,13562,0.1402852614896989,2213,0.3163817166782973,3627
2017,20,San Blas-Canillejas,7,Canillejas,207,177.9,28423,2.6247114230307464,218,32,10829,0.22946205537768707,0.3314934069303894,0.07743728670442951,0.0550610421137811,0.8675016711817894,24657,0.1324983288182106,3766,0.13355077967919218,2989
2017,20,San Blas-Canillejas,8,El Salvador,208,60.51,11377,2.6675263774912117,94,17,4265,0.19504262986727608,0.33663812528165843,0.034015997187307724,0.036125516392722164,0.9298584864199702,10579,0.07014151358002989,798,0.3526321932998716,3021
2017,21,Barajas,1,Alameda de Osuna,211,98.39,19386,2.729269322821339,187,59,7103,0.23903848137831424,0.160336642209754,0.022438873413803778,0.031208088311152373,0.9463530382750438,18346,0.05364696172495615,1040,0.35281222168938825,5150
2017,21,Barajas,2,Aeropuerto,212,0.6,1784,2.646884272997031,14,6,674,0.1507847533632287,0.44981412639405205,0.12724215246636772,0.05325112107623317,0.8195067264573991,1462,0.1804932735426009,322,0.06451612903225806,86
2017,21,Barajas,3,Casco Histórico de Barajas,213,133.11,7313,2.4008535784635647,49,6,3046,0.18282510597565976,0.362752430815258,0.0972241214275947,0.07151647750581155,0.8312594010665937,6079,0.16874059893340626,1234,0.11846101923725953,702
2017,21,Barajas,4,Timón,214,21.64,11023,2.6497596153846064,146,35,4160,0.1026943663249569,0.308303886925795,0.04291027850857298,0.04336387553297651,0.9137258459584505,10072,0.08627415404154949,951,0.27294594252437016,2156
2017,21,Barajas,5,Corralejos,215,15.74,7370,2.9468212714914044,113,41,2501,0.10054274084124831,0.31713900134952766,0.022523744911804613,0.04301221166892809,0.9344640434192673,6887,0.0655359565807327,483,0.4813658130335207,2312
2018,1,Centro,1,Palacio,011,153.17,22515,2.0109860664523045,182,30,11196,0.18916278036864312,0.340455505987321,0.07723739729069509,0.09393737508327782,0.8287808127914723,18660,0.1711747723739729,3854,0.4113412280244144,7885
2018,1,Centro,2,Embajadores,012,431.74,44630,2.0390168128654973,326,56,21888,0.14382702218238852,0.3707742639040349,0.1636343266860856,0.08899843154828588,0.74734483531257,33354,0.2526327582343715,11275,0.34328397603399585,13006
2018,1,Centro,3,Cortes,013,177.93,10531,1.9411981566820276,67,22,5425,0.16873991073972083,0.3410241980866629,0.09267875795271104,0.12695850346595766,0.7803627385813313,8218,0.21963726141866868,2313,0.45429725892759637,4160
2018,1,Centro,4,Justicia,014,224.2,16578,1.9804085533389082,118,33,8371,0.16395222584147665,0.3583517292126564,0.09693569791289662,0.10875859572927975,0.7943057063578236,13168,0.20569429364217637,3410,0.4814366998577525,6769
2018,1,Centro,5,Universidad,015,325.91,30897,1.9551351009302032,227,41,15803,0.165194031783021,0.35991379310344823,0.11230863837913066,0.09725863352429037,0.7904327280965789,24422,0.20956727190342103,6475,0.4176194442341183,11031
2018,1,Centro,6,Sol,016,161.71,7201,1.9315987124463518,50,9,3728,0.1716428273850854,0.3187702265372168,0.11790029162616303,0.1327593389806971,0.7493403693931399,5396,0.25065963060686014,1805,0.4000965250965251,2487
2018,2,Arganzuela,1,Imperial,021,234.78,22719,2.362870514820593,155,30,9615,0.21000044016021832,0.3554810312303501,0.0367533782296756,0.03006294291121968,0.9331836788591047,21201,0.06681632114089528,1518,0.3667670407883931,6699
2018,2,Arganzuela,2,Acacias,022,342.37,36751,2.3901534859521334,236,37,15376,0.22072868765475767,0.30954142011834324,0.037958150798617724,0.02748224538107806,0.9345596038203042,34346,0.06544039617969578,2405,0.37816258464440927,11225
2018,2,Arganzuela,3,Chopera,023,348.7,19799,2.33011651171002,123,26,8497,0.232031920804081,0.39420983892033085,0.10040911157129148,0.029395424011313703,0.8701954644173948,17229,0.12980453558260518,2570,0.2558893715964021,4182
2018,2,Arganzuela,4,Legazpi,024,136.11,19252,2.5710470085470085,201,51,7488,0.08326407645958861,0.26762320648783533,0.03973613131103262,0.028724288385622278,0.9315395803033452,17934,0.0684604196966549,1318,0.45813552006905484,6369
2018,2,Arganzuela,5,Delicias,025,260.49,27473,2.3949960770639,223,63,11471,0.16809230881228843,0.34062364660025984,0.07545590215848287,0.03392421650347614,0.8906198813380409,24468,0.10938011866195901,3005,0.3622551540367444,7749
2018,2,Arganzuela,6,Palos de la Frontera,026,397.07,25748,2.199180047830543,161,25,11708,0.20514214696287092,0.383756152972359,0.09744446170576354,0.045285070685101764,0.8572316296411372,22072,0.1427295323908653,3675,0.3429794361217084,7372
2018,2,Arganzuela,7,Atocha,027,15.84,1165,2.7672209026128267,13,5,421,0.09785407725321889,0.2631578947368421,0.03347639484978541,0.02575107296137339,0.9407725321888412,1096,0.0592274678111588,69,0.27033792240300375,216
2018,3,Retiro,1,Pacífico,031,443.14,33601,2.29703308722997,238,53,14628,0.2452307967024791,0.35800970873786403,0.05068301538644684,0.03258831582393381,0.9167286687896193,30803,0.08327133121038065,2798,0.3813457549401361,10479
2018,3,Retiro,2,Adelfas,032,286.29,18345,2.4211429325590603,135,37,7577,0.20697737803216135,0.31208849091387936,0.03859362224039248,0.02594712455710002,0.9354592532025074,17161,0.0645407467974925,1184,0.3791091894859653,5524
2018,3,Retiro,3,Estrella,033,226.6,23238,2.6951983298538624,107,30,8622,0.30467337980893366,0.3015536723163842,0.019838196058180567,0.017127119373440053,0.9630346845683794,22379,0.03696531543162062,859,0.44678331090174966,8299
2018,3,Retiro,4,Ibiza,034,436.45,21472,2.324312621779606,163,39,9238,0.2489754098360656,0.39094650205761317,0.05211438152011923,0.046898286140089424,0.9009873323397913,19346,0.09901266766020865,2126,0.44231656668204894,7668
2018,3,Retiro,5,Los Jerónimos,035,37.11,7075,2.51779359430605,40,8,2810,0.26558303886925794,0.39063331559340075,0.03717314487632509,0.056961130742049476,0.9058657243816255,6409,0.09413427561837456,666,0.4848746758859118,2805
2018,3,Retiro,6,Niño Jesús,036,237.53,15280,2.7145141232901047,85,24,5629,0.26407068062827227,0.32366790582403965,0.02467277486910995,0.026112565445026176,0.9492146596858638,14504,0.050785340314136125,776,0.5276639344262295,6180
2018,4,Salamanca,1,Recoletos,041,180.45,15756,2.360803116571771,104,29,6674,0.22715156130997716,0.33500977926795195,0.07133790302107133,0.08676059913683677,0.8419014978420919,13265,0.1580985021579081,2491,0.5761120394684491,7240
2018,4,Salamanca,2,Goya,042,384.32,29604,2.2476653253359653,179,39,13171,0.2352047020672882,0.36334913112164297,0.06782867180110796,0.06076881502499662,0.8714025131738954,25797,0.12859748682610458,3807,0.4922221761314141,11866
2018,4,Salamanca,3,Fuente del Berro,043,243.34,20747,2.262733122477915,154,27,9169,0.24625247023666075,0.3807007242121746,0.06208126476117029,0.04926013399527643,0.8886586012435533,18437,0.11134139875644672,2310,0.394229077473462,6722
2018,4,Salamanca,4,Guindalera,044,257.42,41259,2.3559070404842117,260,57,17513,0.24670980876899584,0.420375282444248,0.05991420053806443,0.04057296589834945,0.8995128335635861,37113,0.10048716643641388,4146,0.44328076842514735,14814
2018,4,Salamanca,5,Lista,045,402.83,20956,2.2723921058338754,152,36,9222,0.23964497041420116,0.3769414575866189,0.07315327352548195,0.06093720175606032,0.8659095247184577,18146,0.13409047528154228,2810,0.5009193902366689,8445
2018,4,Salamanca,6,Castellana,046,219.11,16946,2.468822843822844,67,21,6864,0.23031983949014517,0.34537535229310784,0.0800188835123333,0.07512097250088515,0.8448601439867816,14317,0.15513985601321845,2629,0.549814126394052,7395
2018,5,Chamartin,1,El Viso,051,100.31,17145,2.8292079207920793,67,36,6060,0.2146981627296588,0.3681064928008693,0.05774278215223097,0.04806065908428113,0.8941965587634879,15331,0.1058034412365121,1814,0.55895129944364,7334
2018,5,Chamartin,2,Prosperidad,052,351.15,36522,2.3053907334932457,233,58,15842,0.2466184765346914,0.3295214832907738,0.06133289524122446,0.03543069930452878,0.9032364054542468,32988,0.09676359454575324,3534,0.41636808090278943,12434
2018,5,Chamartin,3,Ciudad Jardín,053,242.51,18487,2.3404228383339665,165,23,7899,0.23010764320874127,0.3662435354960038,0.07183426191377724,0.04110996916752313,0.8870557689186996,16399,0.11294423108130038,2088,0.41644295302013423,6205
2018,5,Chamartin,4,Hispanoamérica,054,183.2,31373,2.554596531227099,221,52,12281,0.24607146272272334,0.3902849740932643,0.03518949415102158,0.031778918178051195,0.9330315876709272,29272,0.06696841232907277,2101,0.5172711216987719,12594
2018,5,Chamartin,5,Nueva España,055,136.84,24496,2.673068529026626,166,54,9164,0.20934030045721752,0.35725429017160687,0.04882429784454605,0.04139451338994121,0.9097811887655127,22286,0.09021881123448726,2210,0.5777704882182494,10568
2018,5,Chamartin,6,Castilla,056,78.06,16871,2.562813307002886,87,33,6583,0.22328255586509396,0.3955402176798513,0.0480706537846008,0.03597889870191453,0.9159504475134846,15453,0.08404955248651533,1418,0.5025026543303504,6626
2018,6,Tetuan,1,Bellas Vistas,061,402,28750,2.4432735616554773,175,37,11767,0.18549565217391303,0.36564785299081193,0.1816695652173913,0.037669565217391315,0.7806608695652174,22444,0.21933913043478262,6306,0.26167404744157496,5968
2018,6,Tetuan,2,Cuatro Caminos,062,289.05,34254,2.304184044127539,195,55,14866,0.2296082209377007,0.37520661157024793,0.10445495416593684,0.03678402522333157,0.8587610206107316,29416,0.1412389793892684,4838,0.4185681128369934,11722
2018,6,Tetuan,3,Castillejos,063,288.97,20363,2.197604144183035,118,32,9266,0.23960123753867307,0.3783562205369953,0.10528900456710702,0.041644158522810976,0.853066836910082,17371,0.146933163089918,2992,0.4250559284116331,7220
2018,6,Tetuan,4,Almenara,064,224.35,22421,2.414494938617273,192,32,9286,0.20248873823647473,0.468942731277533,0.10374202756344499,0.02939208777485393,0.8668658846617011,19436,0.13313411533829891,2985,0.22155823655429022,3930
2018,6,Tetuan,5,Valdeacederas,065,219.79,25571,2.4367257480465025,200,36,10494,0.1477454929412225,0.3967707781895183,0.1692151265105002,0.042978373939228015,0.7878064995502718,20145,0.2121935004497282,5426,0.20730429576410717,4155
2018,6,Tetuan,6,Berruguete,066,405.36,24608,2.4261066745538797,200,26,10143,0.167953511053316,0.39511250907331236,0.18786573472041612,0.040108907672301686,0.7720253576072822,18998,0.2279746423927178,5610,0.2271645805317058,4392
2018,7,Chamberi,1,Gaztambide,071,447.52,22666,2.1880490394825753,130,27,10359,0.25725756639901176,0.387926599211113,0.061457689932056823,0.043898349951469164,0.8946439601164741,20278,0.10535603988352599,2388,0.4790538003540203,8931
2018,7,Chamberi,2,Arapiles,072,420.85,24335,2.1850588129657895,167,28,11137,0.24035340045202383,0.3720294067361942,0.05794123690158209,0.04873638791863571,0.8933223751797822,21739,0.1066776248202178,2596,0.45902215969046783,9135
2018,7,Chamberi,3,Trafalgar,073,400.78,24523,2.110049905351919,174,40,11622,0.21176038820698934,0.37069131523204313,0.06255352118419444,0.06186029441748561,0.8755861843983199,21472,0.12441381560168005,3051,0.4812056037884767,9755
2018,7,Chamberi,4,Almagro,074,211.09,19799,2.4647080791734095,128,30,8033,0.23960806101318247,0.3718381112984823,0.06858932269306531,0.059497954442143536,0.8719127228647912,17263,0.12808727713520884,2536,0.5130665320035349,8128
2018,7,Chamberi,5,Ríos Rosas,075,277.31,27049,2.251456633927085,204,42,12014,0.2337609523457429,0.38051557804839475,0.059040999667270506,0.0472475877111908,0.8937114126215386,24174,0.10628858737846131,2875,0.4889915737972275,10794
2018,7,Chamberi,6,Vallehermoso,076,187.48,20046,2.4076387220754265,106,22,8326,0.2799561009677741,0.3822166785459729,0.035967275266886166,0.0322258804749077,0.9318068442582061,18679,0.06819315574179387,1367,0.5224083575446622,8451
2018,8,Fuencarral-El Pardo,1,El Pardo,081,0.18,3456,2.624145785876993,22,7,1317,0.2624421296296296,0.4652701212789415,0.021122685185185185,0.013310185185185185,0.9655671296296297,3337,0.03443287037037037,119,0.16153028692879914,456
2018,8,Fuencarral-El Pardo,2,Fuentelarreina,082,23.39,3234,2.921409214092141,21,7,1107,0.2597402597402597,0.3226190476190476,0.04514533085961658,0.03153988868274583,0.9233147804576376,2986,0.0766852195423624,248,0.5570698466780238,1308
2018,8,Fuencarral-El Pardo,3,Peñagrande,083,153.82,44412,2.6341637010676155,357,84,16860,0.2504052958659822,0.2711087132452118,0.04899576690984419,0.02458794920291813,0.9264162838872377,41144,0.07358371611276232,3268,0.2937185066422355,10259
2018,8,Fuencarral-El Pardo,4,Pilar,084,338.13,46094,2.3743882965023437,303,33,19413,0.2949190784049985,0.32139179049580696,0.0765609406864234,0.028897470386601287,0.8945415889269753,41233,0.10545841107302469,4861,0.2221930882584299,8474
2018,8,Fuencarral-El Pardo,5,La Paz,085,156.78,33783,2.693804321824416,145,28,12541,0.30740313175265666,0.2039480019258546,0.028179853772607524,0.019832460113074622,0.9519876861143178,32161,0.04801231388568215,1622,0.40160801845976346,11139
2018,8,Fuencarral-El Pardo,6,Valverde,086,68.97,61941,2.7533004400586747,954,267,22497,0.11767649860350979,0.4021127726711483,0.07253676886069,0.03532393729516799,0.892139293844142,55260,0.107860706155858,6681,0.3611346516007533,15341
2018,8,Fuencarral-El Pardo,7,Mirasierra,087,45.84,32058,3.1024871770057096,324,96,10333,0.14423856759623183,0.222318339100346,0.020431717512009482,0.027824567970553372,0.9517437145174371,30511,0.048256285482562854,1547,0.5256021991333923,11281
2018,8,Fuencarral-El Pardo,8,El Goloso,088,6.78,17950,3.2731582786287383,364,126,5484,0.0818941504178273,0.5061224489795919,0.021281337047353757,0.02891364902506964,0.9497493036211699,17048,0.0501949860724234,901,0.5240170707345864,5771
2018,9,Moncloa-Aravaca,1,Casa de Campo,091,7.39,12900,2.31390134529148,91,12,5575,0.24914728682170545,0.4517734909769757,0.04271317829457364,0.0375968992248062,0.9196899224806202,11864,0.08031007751937984,1036,0.3725061751852556,3921
2018,9,Moncloa-Aravaca,2,Argüelles,092,316.71,23992,2.312927793309554,140,35,10373,0.252000666888963,0.3858749586503473,0.06718906302100701,0.050975325108369454,0.8818356118706235,21157,0.11816438812937646,2835,0.48342050474787995,9520
2018,9,Moncloa-Aravaca,3,Ciudad Universitaria,093,11.3,16097,2.6375553006718007,97,31,6103,0.25483009256383177,0.3322769380789859,0.06324159781325712,0.030005591103932416,0.9067528110828105,14596,0.09324718891718954,1501,0.5267700175803101,6592
2018,9,Moncloa-Aravaca,4,Valdezarza,094,210.51,29418,2.4326469858595883,254,60,12093,0.24994901080970833,0.34720522235822115,0.07729961248215378,0.026786321299884425,0.8959140662179618,26356,0.1040859337820382,3062,0.2526148151336461,5869
2018,9,Moncloa-Aravaca,5,Valdemarín,095,19.86,6560,3.5117773019271947,110,30,1868,0.10625,0.33715925394548063,0.057926829268292686,0.03673780487804878,0.9053353658536586,5939,0.09466463414634146,621,0.6173356316178281,2507
2018,9,Moncloa-Aravaca,6,El Plantío,096,7.71,2720,3.2227488151658767,17,10,844,0.19669117647058823,0.2560747663551402,0.046691176470588236,0.03419117647058824,0.9191176470588235,2500,0.08088235294117647,220,0.5376623376623376,1035
2018,9,Moncloa-Aravaca,7,Aravaca,097,44.82,26148,3.1266292000478297,268,74,8363,0.14425577482025395,0.26139978791092255,0.045816123604099736,0.04730763347101117,0.9068762429248891,23713,0.0931237570751109,2435,0.5128395767800972,8967
2018,10,Latina,1,Los Cármenes,101,133.07,17192,2.6376189015035285,150,26,6518,0.17362726849697535,0.40971524288107203,0.10004653327128897,0.03420195439739414,0.8657515123313169,14884,0.1342484876686831,2308,0.15425862604911408,1985
2018,10,Latina,2,Puerta del Angel,102,301,41397,2.381190681622088,333,59,17385,0.2095079353576346,0.43514354894500173,0.13923714278812474,0.04186293692779669,0.8188999202840785,33900,0.18110007971592143,7497,0.18347984237647771,6053
2018,10,Latina,3,Lucero,103,211.36,35488,2.540482496957549,271,48,13969,0.229880522993688,0.421181662172101,0.1198996844003607,0.03556131650135255,0.8445389990982868,29971,0.15546100090171325,5517,0.15787378781299755,4363
2018,10,Latina,4,Aluche,104,231.46,65961,2.4886247877758914,435,69,26505,0.30154182016646197,0.3075917546505782,0.10428889798517306,0.04575430936462456,0.8499567926502024,56064,0.15004320734979762,9897,0.14264342882788542,7628
2018,10,Latina,5,Campamento,105,20.65,18983,2.586239782016349,142,25,7340,0.24005689300953484,0.3622997586131227,0.11989674972343677,0.0505188853184428,0.8295316862455882,15747,0.17041563504187957,3235,0.16716417910447762,2520
2018,10,Latina,6,Cuatro Vientos,106,10.43,5662,2.5972477064220185,94,23,2180,0.062345460967855884,0.1926345609065156,0.03761921582479689,0.02207700459201696,0.9403037795831861,5324,0.05969622041681385,338,0.24664131812420786,973
2018,10,Latina,7,Águilas,107,141.57,51102,2.468337922040284,390,65,20703,0.2823764236233416,0.32182952182952185,0.0700559664983758,0.034421353371688,0.8955226801299362,45763,0.1044773198700638,5339,0.12545135161510687,5142
2018,11,Carabanchel,1,Comillas,111,334.01,22248,2.349313621964097,180,31,9470,0.2429881337648328,0.3895671476137625,0.1224829198130169,0.04503775620280476,0.8324793239841783,18521,0.16752067601582166,3727,0.16815385468048552,3034
2018,11,Carabanchel,2,Opañel,112,293.44,32492,2.4968877276569583,237,34,13013,0.2109134556198449,0.39953305121844446,0.1557921950018466,0.039517419672534776,0.8046596085190201,26145,0.19530961467438138,6346,0.1484545738370278,3804
2018,11,Carabanchel,3,San Isidro,113,202.99,38554,2.5702666666666665,313,28,15000,0.19484359599522746,0.38698083067092653,0.14065985371167714,0.04645432380557141,0.8128598848368522,31339,0.18711417751724854,7214,0.13401646228792205,3989
2018,11,Carabanchel,4,Vista Alegre,114,283.21,45008,2.628204379562044,306,43,17125,0.23346960540348383,0.3595355919299581,0.16321542836829006,0.04041503732669749,0.7963473160327053,35842,0.20363046569498755,9165,0.11682374851853942,4140
2018,11,Carabanchel,5,Puerta Bonita,115,210.94,33933,2.754525529669616,292,30,12319,0.19125924616155365,0.401386748844376,0.15898977396634545,0.04458786432086759,0.7964223617127869,27025,0.20357763828721304,6908,0.10518286720125171,2689
2018,11,Carabanchel,6,Buenavista,116,82.33,46216,2.7270903404732403,591,113,16947,0.1380690669897871,0.33537063156245106,0.07977756621083607,0.04078674052276268,0.8794356932664013,40644,0.12056430673359875,5572,0.1574379660188241,5152
2018,11,Carabanchel,7,Abrantes,117,190.27,29769,2.729598386209426,238,53,10906,0.18445362625550069,0.38262611546166453,0.13873492559373846,0.038026134569518616,0.8232053478450737,24506,0.17676106016325707,5262,0.11829994585814835,2622
2018,12,Usera,1,Orcasitas,121,166.29,22555,2.6758808874125046,223,44,8429,0.19658612281090668,0.44564727108705454,0.05045444469075593,0.02207936156062957,0.9274661937486145,20919,0.0725338062513855,1636,0.08271760677599567,1377
2018,12,Usera,2,Orcasur,122,97.83,13572,2.8925831202046037,136,23,4692,0.14633068081343942,0.3851963746223565,0.1080165045682287,0.025862068965517238,0.866121426466254,11755,0.13387857353374594,1817,0.09625178244041556,945
2018,12,Usera,3,San Fermín,123,157.31,23209,2.8269183922046284,275,42,8210,0.14528846568141668,0.33570581257414,0.13964410358050755,0.03528803481408074,0.8250247748718169,19148,0.1749321383945883,4060,0.10028514226779106,1653
2018,12,Usera,4,Almendrales,124,269,20986,2.75442971518572,154,18,7619,0.16830267797579337,0.45158550396375996,0.23334604021728772,0.02854283808253122,0.7381111217001811,15490,0.26188887829981894,5496,0.10452961672473868,1650
2018,12,Usera,5,Moscardó,125,283.08,25726,2.655175972752606,190,23,9689,0.19443364689419265,0.42203118752499,0.2224597683277618,0.03498406281582836,0.7425561688564098,19103,0.25744383114359015,6623,0.11664338455398124,2338
2018,12,Usera,6,Zofío,126,176.96,13697,2.760935295303366,109,10,4961,0.18237570270862233,0.41072858286629305,0.1794553551872673,0.04322114331605459,0.7773235014966781,10647,0.22267649850332188,3050,0.08861247709960467,919
2018,12,Usera,7,Pradolongo,127,157.29,17233,2.899226110363392,115,16,5944,0.17512911274879592,0.41285619615639496,0.2918818545813265,0.027389311205245792,0.6807288342134278,11731,0.3192711657865723,5502,0.06846377699494563,894
2018,13,Puente de Vallecas,1,Entrevías,131,56.91,33986,2.6928135646937643,271,41,12621,0.19975872418054494,0.4181764619237001,0.102571647148826,0.036338492320367205,0.8610898605308068,29265,0.1389101394691932,4721,0.04879377431906615,1254
2018,13,Puente de Vallecas,2,San Diego,132,376.37,40267,2.5830393225992685,412,51,15589,0.14947723942682592,0.4130254195049012,0.22000645690019124,0.04323639704969326,0.7367323118186108,29666,0.2632428539498845,10600,0.09084616145301118,2756
2018,13,Puente de Vallecas,3,Palomeras Bajas,133,230.12,39669,2.6582456610601084,335,43,14923,0.16388111623686,0.3930164590063068,0.09697748871915098,0.029342811767375035,0.873679699513474,34658,0.126320300486526,5011,0.11927380912133609,3528
2018,13,Puente de Vallecas,4,Palomeras Sureste,134,135.5,42120,2.647724415388484,370,50,15908,0.1846153846153846,0.3820730452674897,0.07421652421652421,0.03105413105413106,0.8947293447293447,37686,0.10527065527065527,4434,0.0908129954919944,2921
2018,13,Puente de Vallecas,5,Portazgo,135,224.11,27908,2.6077368716127824,256,28,10702,0.2203310878601118,0.398276142462189,0.09757058907840045,0.03267880177726816,0.8697506091443313,24273,0.1302493908556686,3635,0.0725955325826103,1573
2018,13,Puente de Vallecas,6,Numancia,136,251.68,46538,2.5886082990321504,419,39,17978,0.1876531006919077,0.3813122638268636,0.1534015213374017,0.04024668013236493,0.8063517985302333,37526,0.19364820146976663,9012,0.10647557797859955,3841
2018,14,Moratalaz,1,Pavones,141,89.94,9081,2.778763769889841,64,10,3268,0.24017178724810045,0.3562585969738652,0.05065521418345997,0.04283669199427376,0.9065080938222663,8232,0.09349190617773373,849,0.16740655878562222,1169
2018,14,Moratalaz,2,Horcajo,142,84.81,6326,2.925994449583719,73,11,2162,0.08046158710085362,0.29273084479371314,0.019285488460322478,0.01454315523237433,0.9661713563073032,6112,0.03382864369269681,214,0.3021256269405302,1265
2018,14,Moratalaz,3,Marroquina,143,152.95,27378,2.5298466087599336,180,32,10822,0.2662721893491124,0.3493827160493827,0.0365622032288699,0.020783110526700267,0.9426181605668785,25807,0.057345313755570164,1570,0.2385024266235267,5160
2018,14,Moratalaz,4,Media Legua,144,177.75,17757,2.485930281394372,115,23,7143,0.2742580390831785,0.35770020533880903,0.05665371402827054,0.026017908430478125,0.9173283775412513,16289,0.08267162245874866,1468,0.21112051933389783,2992
2018,14,Moratalaz,5,Fontarrón,145,175.23,16902,2.4688869412795795,143,20,6846,0.26695065672701457,0.45412234042553196,0.08537451189208378,0.039166962489646184,0.87545852561827,14797,0.12454147438172997,2105,0.13283803863298663,1788
2018,14,Moratalaz,6,Vinateros,146,283.13,16817,2.33277847135525,143,22,7209,0.3060593447107094,0.43209636681562075,0.06624249271570434,0.03674852827495986,0.8970089790093357,15085,0.1029910209906642,1732,0.16380757719541572,2244
2018,15,Ciudad Lineal,1,Ventas,151,149.29,47744,2.417417721518987,349,61,19750,0.24214560991957104,0.4385433786004671,0.1145274798927614,0.03958612600536192,0.8458235589812333,40383,0.1541136058981233,7358,0.16256748650269945,6233
2018,15,Ciudad Lineal,2,Pueblo Nuevo,152,263.71,61160,2.5751578947368423,414,68,23750,0.2208796599084369,0.38011695906432746,0.11939175931981687,0.03696860693263572,0.8436396337475475,51597,0.1563603662524526,9563,0.1519638339347186,7328
2018,15,Ciudad Lineal,3,Quintana,153,337.05,24373,2.372991918995229,197,28,10271,0.2259467443482542,0.45741783185037227,0.13387765149961023,0.040290485373158824,0.825831863127231,20128,0.17416813687276905,4245,0.2067910676047721,4056
2018,15,Ciudad Lineal,4,La Concepción,154,234.82,20803,2.3024903154399556,187,38,9035,0.2422246791328174,0.44175431633260565,0.08729510166802865,0.045858770369658214,0.8668461279623131,18033,0.13315387203768686,2770,0.2719760479041916,4542
2018,15,Ciudad Lineal,5,San Pascual,155,171.63,18068,2.4064997336174745,162,26,7508,0.2596856320566748,0.33226768968456943,0.04787469559442108,0.029776400265663056,0.9223489041399159,16665,0.07765109586008413,1403,0.30675656888641734,4413
2018,15,Ciudad Lineal,6,San Juan Bautista,156,123,12433,2.5789255341215513,146,27,4821,0.21241856350036195,0.33623627413858387,0.04777607978766187,0.03941124426928335,0.9127322448323011,11348,0.08718732405694522,1084,0.48240500863557856,4469
2018,15,Ciudad Lineal,7,Colina,157,112.35,6288,2.486358244365362,74,30,2529,0.22757633587786258,0.3032844164919637,0.0489821882951654,0.04675572519083969,0.9042620865139949,5686,0.09573791348600509,602,0.4591246903385632,2224
2018,15,Ciudad Lineal,8,Atalaya,158,63.28,1575,2.8125,25,4,560,0.2253968253968254,0.29014084507042254,0.04825396825396825,0.052698412698412696,0.8990476190476191,1416,0.10095238095238095,159,0.48853615520282184,554
2018,15,Ciudad Lineal,9,Costillares,159,154.28,22019,2.7759707513867875,201,58,7932,0.21390617194241338,0.27685774946921443,0.02534175030655343,0.024569689813343024,0.9500885598801035,20920,0.049911440119896455,1099,0.5128093520706379,8247
2018,16,Hortaleza,1,Palomas,161,59.64,6738,3.0599455040871937,74,20,2202,0.14559216384683882,0.1906218144750255,0.029237162362718908,0.059958444642327094,0.910804392994954,6137,0.089195607005046,601,0.5257731958762887,2397
2018,16,Hortaleza,2,Piovera,162,46.89,14723,3.0375489993810603,150,37,4847,0.13319296339061334,0.24528301886792453,0.04027711743530531,0.09807783739726957,0.8616450451674251,12686,0.13835495483257487,2037,0.5480486369876446,5589
2018,16,Hortaleza,3,Canillas,163,161.06,40627,2.545072981269185,300,63,15963,0.2614517439141458,0.30192054227075876,0.047973022866566566,0.036945873433923256,0.9150811036995101,37177,0.08491889630048982,3450,0.24124477758663063,7853
2018,16,Hortaleza,4,Pinar del Rey,164,196.17,52274,2.4734550960537525,450,71,21134,0.26382140260932774,0.3328982669857153,0.06370279680146919,0.0333435359834717,0.9029536672150591,47201,0.09704633278494089,5073,0.1861825855495072,7764
2018,16,Hortaleza,5,Apóstol Santiago,165,126.72,15271,2.6498351553010586,119,20,5763,0.20954750834915853,0.3734375,0.05153559033462118,0.026782790910876826,0.921681618754502,14075,0.078318381245498,1196,0.23100998139062764,2731
2018,16,Hortaleza,6,Valdefuentes,166,32.4,54297,2.8781871190034454,867,286,18865,0.07110890104425659,0.22999222999223,0.04851096745676557,0.03930235556292244,0.912186676980312,49529,0.08781332301968801,4768,0.4816140212460199,17092
2018,17,Villaverde,1,"Villaverde Alto, Casco Histórico de Villaverde",171,47.87,44299,2.7329878462582515,435,66,16209,0.1740671346983002,0.3917779795097912,0.13826497212126684,0.04444795593579992,0.8172644980699338,36204,0.18271292805706676,8094,0.07753212741336257,2546
2018,17,Villaverde,2,San Cristóbal,172,143.17,15498,3.0610310092830337,124,17,5063,0.13743708865660087,0.524413145539906,0.26893792747451284,0.0331655697509356,0.6978319783197832,10815,0.30210349722544844,4682,0.04817275747508306,522
2018,17,Villaverde,3,Butarque,173,28.65,18268,2.859289403662545,298,54,6389,0.08583315086490037,0.24744897959183676,0.09185460915261659,0.04143858112546531,0.8667068097219182,15833,0.1332931902780819,2435,0.1308866515102306,1612
2018,17,Villaverde,4,Los Rosales,174,239.98,36975,2.822519083969466,286,60,13100,0.16746450304259636,0.32041343669250644,0.13714672075726841,0.04183908045977011,0.8209871534820825,30356,0.17898580121703853,6618,0.09874049865971432,2689
2018,17,Villaverde,5,Ángeles,175,157.51,30483,2.5756653992395435,217,30,11835,0.27192205491585475,0.4022198093859332,0.11209526621395532,0.032739559754617314,0.8551651740314273,26068,0.14483482596857264,4415,0.09755493143895588,2362
2018,18,Villa de Vallecas,1,Casco Histórico de Vallecas,181,9.23,39740,2.6984450329327085,389,69,14727,0.16567689984901862,0.3368772782503038,0.10163563160543532,0.04886763965777555,0.8494967287367892,33759,0.15050327126321086,5981,0.0715376075492645,2062
2018,18,Villa de Vallecas,2,Santa Eugenia,182,116.79,24295,2.7405527354765935,155,27,8865,0.2041572339987652,0.2461693548387097,0.03255813953488372,0.06589833299032723,0.901543527474789,21903,0.09845647252521095,2392,0.1565974407384099,2986
2018,18,Villa de Vallecas,3,Ensanche de Vallecas,183,68.78,43614,2.4424035392283137,875,169,17857,0.04046865685330398,0.28158640226628895,0.05569312606043931,0.030334296326867523,0.9139725776126931,39862,0.08602742238730683,3752,0.26603294055517046,8060
2018,19,Vicalvaro,1,Casco Histórico de Vicálvaro,191,15.91,34200,2.6170798898071626,324,35,13068,0.22035087719298246,0.35589171974522293,0.09915204678362573,0.0893859649122807,0.8114619883040936,27752,0.18853801169590642,6448,0.07594500402129371,1983
2018,19,Vicalvaro,2,Valdebernardo,192,69.03,17637,2.897962536970095,145,29,6086,0.10166128026308328,0.2693809258226436,0,0.05709587798378409,0.9429041220162159,16630,0.05709587798378409,1007,0.22192118226600985,2703
2018,19,Vicalvaro,3,Valderrivas,193,282.66,18180,2.8820545339251744,322,81,6308,0.052970297029702976,0.2201453790238837,0.017546754675467548,0.015016501650165014,0.9674367436743674,17588,0.03256325632563256,592,0.2735146371037589,3158
2018,19,Vicalvaro,4,El Cañaveral,194,0.89,945,2.339108910891089,13,4,404,0.03809523809523809,0.1388888888888889,0.042328042328042326,0.04021164021164021,0.9174603174603174,867,0.08253968253968254,78,0.18376068376068377,129
2018,20,San Blas-Canillejas,1,Simancas,201,119.67,27242,2.542179917879806,299,49,10716,0.1641215769767271,0.4670096175352271,0.10208501578445048,0.05051024153880038,0.8474047426767491,23085,0.15259525732325085,4157,0.1853109537207723,3820
2018,20,San Blas-Canillejas,2,Hellín,202,162.4,8941,2.427640510453435,65,11,3683,0.2518733922380047,0.6101243339253997,0.07437646795660441,0.02941505424449166,0.8962084777989039,8013,0.10379152220109607,928,0.07244556113902847,519
2018,20,San Blas-Canillejas,3,Amposta,203,225.42,8346,2.5048019207683074,97,7,3332,0.20357057272945123,0.5344320188346086,0.10711718188353701,0.03450754852624012,0.8583752695902228,7164,0.14162473040977713,1182,0.06383652779977823,403
2018,20,San Blas-Canillejas,4,Arcos,204,183.41,23939,2.6702732849972115,204,33,8965,0.18212957934750826,0.4527522935779817,0.05956806884163916,0.027444755420025904,0.912987175738335,21856,0.08701282426166507,2083,0.1179009923193362,2103
2018,20,San Blas-Canillejas,5,Rosas,205,33.95,31560,2.865964402470033,310,65,11012,0.13108365019011406,0.27483683828861494,0.024366286438529783,0.023827629911280103,0.9518060836501901,30039,0.048193916349809886,1521,0.24322852865115013,5361
2018,20,San Blas-Canillejas,6,Rejas,206,32.53,16315,2.475720789074355,238,58,6590,0.11228930432117684,0.43613537117903933,0,0.1565430585350904,0.8434569414649096,13761,0.1565430585350904,2554,0.32062742452352844,3802
2018,20,San Blas-Canillejas,7,Canillejas,207,178.5,28519,2.6149825783972127,218,28,10906,0.23156492163119324,0.3403997577225924,0.08752060030155334,0.055506855079070105,0.8569725446193766,24440,0.14302745538062345,4079,0.14265398631232779,3210
2018,20,San Blas-Canillejas,8,El Salvador,208,60.03,11287,2.6507750117426023,89,23,4258,0.2026224860458935,0.33537385220813293,0.037210950651191635,0.03464162310622841,0.92814742624258,10476,0.07185257375742005,811,0.3574086996976041,3073
2018,21,Barajas,1,Alameda de Osuna,211,98.69,19446,2.712133891213389,182,59,7170,0.24961431656896022,0.17511330861145447,0.02411807055435565,0.02956906304638486,0.9463128663992595,18402,0.05368713360074051,1044,0.3612661674608577,5307
2018,21,Barajas,2,Aeropuerto,212,0.61,1794,2.6577777777777776,13,5,675,0.15440356744704573,0.44404332129963897,0.13823857302118173,0.055183946488294305,0.806577480490524,1447,0.19342251950947603,347,0.075,102
2018,21,Barajas,3,Casco Histórico de Barajas,213,133.53,7336,2.3942558746736293,48,7,3064,0.18538713195201745,0.35661764705882354,0.10169029443838604,0.07115594329334787,0.8271537622682661,6068,0.1728462377317339,1268,0.12855460205283528,764
2018,21,Barajas,4,Timón,214,23.06,11750,2.6747097655360803,174,39,4393,0.1011063829787234,0.30976430976430974,0.05191489361702128,0.04093617021276596,0.9071489361702127,10659,0.09285106382978724,1091,0.279705953241745,2321
2018,21,Barajas,5,Corralejos,215,16.04,7510,2.9555293191656826,109,42,2541,0.10013315579227695,0.29654255319148937,0.02436750998668442,0.04047936085219707,0.9351531291611185,7023,0.06484687083888149,487,0.4868017188459177,2379
2019,1,Centro,1,Palacio,011,155.95,22923,2.03,155,31,11305,0.1885,0.3386,0.0795,0.09621871046547135,0.8242376652270645,18894,0.17571871046547136,4028,0.4296311454443137,8398
2019,1,Centro,2,Embajadores,012,437.82,45259,2.05,336,59,22089,0.147,0.3583,0.1693,0.09294618307960845,0.7377096268145562,33388,0.26224618307960845,11869,0.36226906062971637,13922
2019,1,Centro,3,Cortes,013,177.13,10484,1.9411981566820276,69,22,5406,0.16873991073972083,0.3286,0.099,0.13182792827165205,0.769172071728348,8064,0.23082792827165205,2420,0.47455947136563875,4309
2019,1,Centro,4,Justicia,014,231.98,17153,2,117,30,8582,0.1608,0.3474,0.0993,0.11448184574126974,0.7862181542587302,13486,0.21378184574126974,3667,0.4976999656711294,7249
2019,1,Centro,5,Universidad,015,334.64,31725,1.9551351009302032,202,40,15803,0.1629,0.3508,0.116,0.09976044129235619,0.7842395587076438,24880,0.2157604412923562,6845,0.4418596117858584,12042
2019,1,Centro,6,Sol,016,164.77,7337,1.97,43,12,16189,0.1705,0.3157,0.137,0.136681341147608,0.726318658852392,5329,0.273681341147608,2008,0.4186303969634667,2647
2019,2,Arganzuela,1,Imperial,021,235.26,22766,2.36,142,23,9633,0.21560000000000001,0.347,0.0384,0.032143793376087144,0.9294562066239128,21160,0.07054379337608714,1606,0.38001633542063706,6979
2019,2,Arganzuela,2,Acacias,022,342.68,36785,2.38,245,45,15442,0.2268,0.2993,0.0407,0.029355729237460923,0.9299170857686557,34207,0.07005572923746092,2577,0.3905450165612767,11673
2019,2,Arganzuela,3,Chopera,023,352.12,19993,2.33,124,26,8585,0.2283,0.3926,0.1003,0.032996653828840095,0.86670334617116,17328,0.1332966538288401,2665,0.2745869394177813,4537
2019,2,Arganzuela,4,Legazpi,024,138.94,19652,2.58,195,49,7628,0.0866,0.2474,0.0412,0.029581599837166697,0.9292184001628333,18261,0.0707815998371667,1391,0.47285131523421015,6723
2019,2,Arganzuela,5,Delicias,025,262.24,27658,2.4,221,60,11525,0.1694,0.3282,0.0783,0.0355910984163714,0.8861089015836286,24508,0.11389109841637139,3150,0.3736533037406945,8081
2019,2,Arganzuela,6,Palos de la Frontera,026,397.89,25801,2.19,166,27,11768,0.2065,0.371,0.1009,0.04797019882950272,0.8510910429828301,21959,0.14887019882950273,3841,0.36249884141254984,7822
2019,2,Arganzuela,7,Atocha,027,15.97,1175,2.77,14,2,424,0.0962,0.292,0.0298,0.02551914893617021,0.9446808510638298,1110,0.05531914893617021,65,0.27921279212792127,227
2019,3,Retiro,1,Pacífico,031,442.7429688149781,33571,2.29,211,53,14665,0.2496,0.3541,0.053900000000000003,0.034211763128891,0.911888236871109,30613,0.088111763128891,2958,0.3948189536318119,10882
2019,3,Retiro,2,Adelfas,032,288.3007460094144,18474,2.43,141,38,7613,0.2128,0.3044,0.0433,0.027231557865107718,0.9294684421348923,17171,0.07053155786510772,1303,0.3927208287895311,5762
2019,3,Retiro,3,Estrella,033,227.25937123102315,23306,2.68,112,30,8691,0.3068,0.3077,0.0236,0.017634016991332702,0.9587659830086673,22345,0.0412340169913327,961,0.4595596133190118,8557
2019,3,Retiro,4,Ibiza,034,439.98737176381337,21646,2.34,148,37,9268,0.2486,0.3799,0.0589,0.05428488404324124,0.8868151159567588,19196,0.11318488404324124,2450,0.4605723461604634,8031
2019,3,Retiro,5,Los Jerónimos,035,36.92303261563017,7039,2.51,42,8,2804,0.2635,0.3887,0.0422,0.060655519249893444,0.8971444807501066,6315,0.10285551924989345,724,0.497907949790795,2856
2019,3,Retiro,6,Niño Jesús,036,238.51177694237046,15343,2.72,83,21,5632,0.2639,0.3201,0.0272,0.02943820634817181,0.9433617936518282,14474,0.05663820634817181,869,0.5378072637577613,6323
2019,4,Salamanca,1,Recoletos,041,180.2,15734,2.36,94,30,6664,0.2298,0.335,0.0798,0.08824372696072201,0.831956273039278,13090,0.168043726960722,2644,0.5867432400095717,7356
2019,4,Salamanca,2,Goya,042,384.91,29649,2.24,185,42,13237,0.2379,0.355,0.0729,0.06619406725353301,0.860905932746467,25525,0.13909406725353302,4124,0.5054863152664486,12208
2019,4,Salamanca,3,Fuente del Berro,043,247.15,21071,2.27,156,30,9302,0.2436,0.3772,0.0662,0.05197189502159366,0.8818281049784064,18581,0.11817189502159366,2490,0.4147005970668367,7154
2019,4,Salamanca,4,Guindalera,044,259.6,41609,2.36,249,58,17615,0.2436,0.4129,0.0634,0.042899117979283335,0.8937008820207166,37186,0.10629911797928333,4423,0.461037028217645,15489
2019,4,Salamanca,5,Lista,045,402.93,20961,2.27,145,36,9233,0.2391,0.3659,0.0742,0.06310260960832022,0.8626973903916798,18083,0.13730260960832022,2878,0.5163232776433083,8746
2019,4,Salamanca,6,Castellana,046,221.42,17124,2.48,71,24,6900,0.2315,0.3417,0.0832,0.08124755898154637,0.8355524410184536,14308,0.16444755898154637,2816,0.5594198608850082,7560
2019,5,Chamartin,1,El Viso,051,101.23,17302,2.84,69,34,6082,0.2164,0.3607,0.062,0.048218471852964975,0.889781528147035,15395,0.11021847185296497,1907,0.567622641509434,7521
2019,5,Chamartin,2,Prosperidad,052,352.39,36651,2.3,225,60,15908,0.2494,0.324,0.0646,0.03875325093449018,0.8966467490655098,32863,0.10335325093449019,3788,0.4299653656587185,12911
2019,5,Chamartin,3,Ciudad Jardín,053,244.55,18642,2.33,166,25,8002,0.2311,0.3625,0.0721,0.04296276150627615,0.8849372384937239,16497,0.11506276150627615,2145,0.43546673748506176,6559
2019,5,Chamartin,4,Hispanoamérica,054,185.3,31733,2.56,227,50,12381,0.2457,0.3855,0.0378,0.03382890366495446,0.9283710963350456,29460,0.07162890366495446,2273,0.5303454715219421,13064
2019,5,Chamartin,5,Nueva España,055,137.74,24657,2.67,160,47,9227,0.2089,0.3538,0.0488,0.042533089994727664,0.9086669100052723,22405,0.09133308999472767,2252,0.5891392886234048,10849
2019,5,Chamartin,6,Castilla,056,78.1,16880,2.54,95,37,6640,0.2259,0.3776,0.0482,0.03669336492890995,0.91510663507109,15447,0.08489336492890995,1433,0.5146779943867101,6785
2019,6,Tetuan,1,Bellas Vistas,061,407.54,29146,2.46,158,39,11860,0.1838,0.3519,0.1884,0.03976166883963492,0.771838331160365,22496,0.22816166883963493,6650,0.2778041517414009,6437
2019,6,Tetuan,2,Cuatro Caminos,062,292.04,34608,2.3,206,58,15031,0.2265,0.3672,0.1101,0.038940684234859,0.85095931576514106,29450,0.149040684234859,5158,0.43636492120698184,12350
2019,6,Tetuan,3,Castillejos,063,291.1,20513,2.19,105,31,9351,0.2379,0.3702,0.10780000000000001,0.04298243065373178,0.8492175693462682,17420,0.15078243065373179,3093,0.4399719577028685,7531
2019,6,Tetuan,4,Almenara,064,226.56,22642,2.43,169,26,9324,0.1987,0.4547,0.1111,0.03292437947177812,0.8559756205282218,19381,0.14402437947177812,3261,0.23562193490860456,4228
2019,6,Tetuan,5,Valdeacederas,065,223.66,26021,2.45,191,42,10607,0.1455,0.3883,0.1799,0.04687837131547595,0.773221628684524,20120,0.22677837131547596,5901,0.2209933936873012,4516
2019,6,Tetuan,6,Berruguete,066,411.93,25007,2.44,189,34,10255,0.1664,0.3936,0.1967,0.04383265085775981,0.7594673491422401,18992,0.24053265085775982,6015,0.2395785616124599,4707
2019,7,Chamberi,1,Gaztambide,071,451.96,22891,2.18,122,30,10498,0.256,0.3712,0.0655,0.04733910707264864,0.8871608929273513,20308,0.11283910707264865,2583,0.49412263051996186,9332
2019,7,Chamberi,2,Arapiles,072,422.93,24455,2.18,170,22,11195,0.2409,0.3603,0.0616,0.05068787569004293,0.887712124309957,21709,0.11228787569004293,2746,0.4743948789757952,9486
2019,7,Chamberi,3,Trafalgar,073,403.61,24696,2.11,163,36,11718,0.2123,0.3525,0.0689,0.0640770003239391,0.8670229996760609,21412,0.1329770003239391,3284,0.4950146627565982,10128
2019,7,Chamberi,4,Almagro,074,211.18,19807,2.45,132,28,8080,0.2389,0.3664,0.0725,0.06270472560205988,0.8647952743979401,17129,0.13520472560205987,2678,0.5260531800669488,8329
2019,7,Chamberi,5,Ríos Rosas,075,280.72,27382,2.26,204,46,12139,0.2332,0.371,0.0617,0.04917575779709298,0.889124242202907,24346,0.11087575779709298,3036,0.5081710320125363,11350
2019,7,Chamberi,6,Vallehermoso,076,189.08,20217,2.41,107,24,8383,0.2776,0.3741,0.0397,0.03424766780432309,0.926052332195677,18722,0.07394766780432309,1495,0.537828543355441,8758
2019,8,Fuencarral-El Pardo,1,El Pardo,081,0.1841314541848564,3454,2.63,24,7,1315,0.2571,0.4718,0.0232,0.017622235089751012,0.959177764910249,3313,0.04082223508975101,141,0.173036093418259,489
2019,8,Fuencarral-El Pardo,2,Fuentelarreina,082,23.61418176937694,3265,2.93,17,10,1114,0.264,0.3237,0.0459,0.02852572741194486,0.9255742725880551,3022,0.07442572741194486,243,0.5693215339233039,1351
2019,8,Fuencarral-El Pardo,3,Peñagrande,083,154.15245867939942,44508,2.62,367,94,16991,0.2566,0.2733,0.052,0.024885054372247688,0.9231149456277523,41086,0.07688505437224769,3422,0.304660521133594,10675
2019,8,Fuencarral-El Pardo,4,Pilar,084,340.5119920844108,46419,2.38,307,38,19542,0.2927,0.3337,0.0834,0.030928184579590248,0.8856718154204097,41112,0.11432818457959025,5307,0.2342504298890105,8991
2019,8,Fuencarral-El Pardo,5,La Paz,085,156.69995643345356,33765,2.69,143,27,12550,0.3185,0.2062,0.0316,0.020613830889974823,0.9477861691100252,32002,0.052213830889974826,1763,0.410123109137514,11360
2019,8,Fuencarral-El Pardo,6,Valverde,086,70.37010637476874,63201,2.77,926,280,22777,0.1176,0.3915,0.0801,0.03686017468078036,0.8830398253192197,55809,0.11696017468078036,7392,0.36838338835153167,15958
2019,8,Fuencarral-El Pardo,7,Mirasierra,087,47.04556166169665,32898,3.11,336,86,10568,0.1449,0.2277,0.0225,0.02674311508298377,0.9507568849170163,31278,0.04924311508298377,1620,0.536952762355511,11799
2019,8,Fuencarral-El Pardo,8,El Goloso,088,6.987105581041096,18511,3.28,374,133,5638,0.0791,0.5,0.0239,0.029797801307330774,0.9463021986926692,17517,0.053697801307330775,994,0.5386664299032229,6067
2019,9,Moncloa-Aravaca,1,Casa de Campo,091,7.440172089235748,12991,2.32,95,15,5606,0.2501,0.4398,0.0455,0.0401746978677546,0.9143253021322454,11878,0.0856746978677546,1113,0.3858526949487348,4102
2019,9,Moncloa-Aravaca,2,Argüelles,092,318.04632052687845,24093,2.32,140,35,10401,0.2503,0.381,0.0714,0.05282695388702112,0.8757730461129789,21100,0.12422695388702112,2993,0.4991889699918897,9848
2019,9,Moncloa-Aravaca,3,Ciudad Universitaria,093,11.41,16260,2.65,98,25,6140,0.2563,0.3294,0.0667,0.030163468634686358,0.9030750307503075,14684,0.09686346863468635,1575,0.5342443985380582,6724
2019,9,Moncloa-Aravaca,4,Valdezarza,094,212.68654048053952,29722,2.43,256,66,12207,0.2492,0.3478,0.0844,0.027604575735145687,0.8879954242648543,26393,0.11200457573514569,3329,0.26331701085799447,6184
2019,9,Moncloa-Aravaca,5,Valdemarín,095,20.37,6726,3.52,97,27,1913,0.1109,0.3231,0.059,0.03422033898305085,0.9067796610169492,6099,0.09322033898305085,627,0.6294258373205741,2631
2019,9,Moncloa-Aravaca,6,El Plantío,096,7.958790001389681,2808,3.28,17,12,856,0.193,0.2528,0.0552,0.03774871794871795,0.907051282051282,2547,0.09294871794871795,261,0.5475708502024291,1082
2019,9,Moncloa-Aravaca,7,Aravaca,097,45.98,26823,3.15,267,66,8527,0.1496,0.2666,0.0485,0.049811150877977856,0.9016515676844499,24185,0.09831115087797786,2637,0.5207047968428659,9368
2019,10,Latina,1,Los Cármenes,101,134.65182246243293,17397,2.64,149,23,6586,0.1717,0.4041,0.10780000000000001,0.03446590791515777,0.8577340920848422,14922,0.14226590791515778,2475,0.16075124568800306,2097
2019,10,Latina,2,Puerta del Angel,102,303.4252385757392,41730,2.39,329,59,17487,0.2075,0.4273,0.149,0.043643182362808536,0.8073568176371915,33691,0.19264318236280853,8039,0.19614668987455736,6536
2019,10,Latina,3,Lucero,103,214.9499829936093,36090,2.55,250,49,14133,0.2255,0.4223,0.1326,0.03722543640897755,0.8301745635910225,29961,0.16982543640897754,6129,0.16972199480297584,4768
2019,10,Latina,4,Aluche,104,232.82605153199577,66351,2.49,438,65,26603,0.2991,0.3216,0.1143,0.04601408720290577,0.8396406987083842,55711,0.16031408720290577,10637,0.1494075410628918,8032
2019,10,Latina,5,Campamento,105,20.97726365073494,19281,2.61,127,29,7401,0.2395,0.3725,0.1349,0.0514492557439967,0.8135988797261553,15687,0.1863492557439967,3593,0.1766944426218752,2693
2019,10,Latina,6,Cuatro Vientos,106,10.58540407750991,5748,2.62,107,26,2193,0.0616,0.1836,0.0411,0.020660612386917188,0.9382393876130828,5393,0.061760612386917185,355,0.25502008032128515,1016
2019,10,Latina,7,Águilas,107,142.8328909979958,51557,2.48,388,54,20814,0.2798,0.339,0.0795,0.03573168531916132,0.8847683146808387,45616,0.11523168531916132,5941,0.13339312551510157,5503
2019,11,Carabanchel,1,Comillas,111,336.3328030152531,22403,2.35,187,30,9528,0.2396,0.3867,0.1325,0.04890427621300719,0.8185957237869929,18339,0.1814042762130072,4064,0.180525824688512,3289
2019,11,Carabanchel,2,Opañel,112,298.486494488423,33051,2.52,212,36,13100,0.2086,0.3983,0.1689,0.040806211612356674,0.7902332758464192,26118,0.20970621161235667,6931,0.1590559655596556,4138
2019,11,Carabanchel,3,San Isidro,113,205.10897320679467,38957,2.58,321,34,15099,0.1929,0.3805,0.1509,0.04747256462253252,0.8016274353774675,31229,0.19837256462253253,7728,0.14284294563885117,4312
2019,11,Carabanchel,4,Vista Alegre,114,289.2918880035438,45975,2.66,337,52,17277,0.2277,0.3665,0.1813,0.04025519303969549,0.7784448069603045,35789,0.22155519303969548,10186,0.12299420779868636,4438
2019,11,Carabanchel,5,Puerta Bonita,115,216.70673636485643,34860,2.79,300,31,12497,0.1848,0.4038,0.1783,0.046226678141135985,0.775473321858864,27033,0.22452667814113597,7827,0.11214632097445493,2937
2019,11,Carabanchel,6,Buenavista,116,83.82948281952326,47055,2.74,576,115,17143,0.138,0.3427,0.0899,0.04115939857613431,0.8689406014238656,40888,0.1310593985761343,6167,0.16290824261275272,5447
2019,11,Carabanchel,7,Abrantes,117,196.46926633618483,30739,2.79,262,49,11036,0.1795,0.3814,0.1571,0.03906773479944045,0.8038322652005595,24709,0.19616773479944044,6030,0.12393106170240757,2826
2019,12,Usera,1,Orcasitas,121,168.36944527242588,22837,2.71,211,39,8436,0.1944,0.4379,0.0609,0.02199179839733765,0.9171082016026624,20944,0.08289179839733765,1893,0.08889942511705091,1500
2019,12,Usera,2,Orcasur,122,99.52791031345062,13808,2.92,123,21,4724,0.1461,0.3743,0.1233,0.025454345307068346,0.8512456546929317,11754,0.14875434530706835,2054,0.10234328059282996,1022
2019,12,Usera,3,San Fermín,123,160.40406128539541,23666,2.86,269,37,8263,0.1425,0.332,0.1536,0.03739129552945156,0.8090087044705485,19146,0.19099129552945154,4520,0.10775631500742942,1813
2019,12,Usera,4,Almendrales,124,274.8093491914865,21439,2.8,163,20,7646,0.1629,0.4412,0.2441,0.029653439992536973,0.726246560007463,15570,0.273753439992537,5869,0.11489733508082133,1841
2019,12,Usera,5,Moscardó,125,289.9798575576213,26353,2.7,169,17,9763,0.1893,0.4154,0.2371,0.035089124577846936,0.7278108754221531,19180,0.27218912457784694,7173,0.1268266458139876,2595
2019,12,Usera,6,Zofío,126,180.45919173471535,13968,2.8,108,9,4990,0.1803,0.399,0.196,0.041900916380297804,0.7620990836197021,10645,0.2379009163802978,3323,0.09438244751276717,998
2019,12,Usera,7,Pradolongo,127,159.08334032364218,17430,2.93,121,16,5958,0.172,0.4103,0.3114,0.02738370625358577,0.6612162937464142,11525,0.3387837062535858,5905,0.07140691328077622,942
2019,13,Puente de Vallecas,1,Entrevías,131,58.10170781145734,34698,2.74,259,32,12686,0.1941,0.4198,0.1179,0.03689278344573174,0.8452072165542682,29327,0.15479278344573175,5371,0.054651695692025666,1431
2019,13,Puente de Vallecas,2,San Diego,132,389.43107639618705,41664,2.63,403,45,15846,0.1422,0.4062,0.2436,0.04525848694316434,0.7111415130568356,29629,0.28885848694316435,12035,0.10208379870440693,3199
2019,13,Puente de Vallecas,3,Palomeras Bajas,133,232.99918559953673,40166,2.68,318,36,15013,0.1632,0.385,0.1095,0.03049402479709208,0.8600059752029079,34543,0.13999402479709208,5623,0.1260043827611395,3795
2019,13,Puente de Vallecas,4,Palomeras Sureste,134,137.01998703546803,42594,2.66,378,57,16007,0.183,0.3825,0.085,0.03295088510118796,0.882049114898812,37570,0.11795088510118797,5024,0.09949730259931339,3246
2019,13,Puente de Vallecas,5,Portazgo,135,227.6632145889491,28350,2.63,228,27,10797,0.2166,0.3973,0.1102,0.03378589065255731,0.8560141093474427,24268,0.14398589065255732,4082,0.07838231280138296,1723
2019,13,Puente de Vallecas,6,Numancia,136,255.79355367451248,47298,2.61,399,38,18116,0.1859,0.3766,0.167,0.04169804220051587,0.7913019577994841,37427,0.20869804220051588,9871,0.1155921303613276,4242
2019,14,Moratalaz,1,Pavones,141,90.496511917237,9137,2.78,58,11,3283,0.2487,0.3543,0.0551,0.04755951625259932,0.8973404837474007,8199,0.10265951625259932,938,0.17416050085372795,1224
2019,14,Moratalaz,2,Horcajo,142,84.9123218776134,6334,2.93,75,14,2165,0.0849,0.2881,0.0238,0.01472226081465109,0.961477739185349,6090,0.03852226081465109,244,0.30863614912694665,1308
2019,14,Moratalaz,3,Marroquina,143,152.28617917874993,27260,2.52,171,36,10835,0.2728,0.3596,0.0408,0.021122230374174614,0.9380410858400587,25571,0.06192223037417462,1688,0.2503341167795751,5432
2019,14,Moratalaz,4,Media Legua,144,178.89465424487787,17871,2.49,124,22,7177,0.2751,0.3569,0.0649,0.02837961501874546,0.9067203849812545,16204,0.09327961501874546,1667,0.2211484593837535,3158
2019,14,Moratalaz,5,Fontarrón,145,177.6847021206941,17139,2.5,125,16,6869,0.2587,0.4641,0.0985,0.04118142832137231,0.8603185716786277,14745,0.13968142832137231,2394,0.14244784014105202,1939
2019,14,Moratalaz,6,Vinateros,146,283.98391432916554,16868,2.34,133,25,7218,0.2993,0.4536,0.0757,0.03765072326298316,0.8866492767370169,14956,0.11335072326298316,1912,0.17543859649122806,2410
2019,15,Ciudad Lineal,1,Ventas,151,150.40171978259912,48099,2.42,343,58,19885,0.2368,0.4377,0.1235,0.04124354976194933,0.8352564502380507,40175,0.16474354976194933,7924,0.17546221969029985,6776
2019,15,Ciudad Lineal,2,Pueblo Nuevo,152,267.8102253354986,62111,2.6,414,71,23919,0.2178,0.3784,0.1337,0.03899082771167747,0.8272769718729371,51383,0.17269082771167749,10726,0.16398392394475386,8038
2019,15,Ciudad Lineal,3,Quintana,153,340.4979117685189,24622,2.38,195,17,10338,0.2219,0.4505,0.141,0.043184875314759175,0.8158151246852409,20087,0.18418487531475916,4535,0.22149952100035294,4393
2019,15,Ciudad Lineal,4,La Concepción,154,235.41875146035625,20856,2.3,185,35,9059,0.2381,0.4379,0.092,0.04599386267740699,0.861958189489835,17977,0.137993862677407,2878,0.28620916203786656,4792
2019,15,Ciudad Lineal,5,San Pascual,155,172.2197774331921,18130,2.41,166,30,7529,0.2616,0.3342,0.051,0.029915609487038065,0.919084390512962,16663,0.08091560948703806,1467,0.316369687304999,4563
2019,15,Ciudad Lineal,6,San Juan Bautista,156,123.53040934352794,12487,2.57,139,33,4867,0.2153,0.3347,0.0518,0.04365927764875471,0.9044606390646273,11294,0.09545927764875471,1192,0.494150477621552,4604
2019,15,Ciudad Lineal,7,Colina,157,114.114845499522,6387,2.49,76,27,2564,0.2253,0.3058,0.0526,0.04854294661030218,0.8988570533896978,5741,0.10114294661030218,646,0.4745866503368034,2325
2019,15,Ciudad Lineal,8,Atalaya,158,63.001525360691,1568,2.78,19,3,565,0.229,0.2869,0.0536,0.04844081632653061,0.8979591836734694,1408,0.10204081632653061,160,0.5127304653204565,584
2019,15,Ciudad Lineal,9,Costillares,159,154.21301455509527,22010,2.77,182,56,7932,0.2185,0.2775,0.0278,0.024130940481599278,0.9480690595184007,20867,0.051930940481599276,1143,0.5208307501549907,8401
2019,16,Hortaleza,1,Palomas,161,60.10074842812032,6790,3.1,71,20,2193,0.1473,0.192,0.0349,0.06421634756995581,0.9008836524300442,6117,0.09911634756995581,673,0.5422657952069717,2489
2019,16,Hortaleza,2,Piovera,162,47.49256769668543,14911,3.06,147,25,4879,0.1386,0.243,0.0445,0.102170243444437,0.853329756555563,12724,0.146670243444437,2187,0.5551142967841922,5731
2019,16,Hortaleza,3,Canillas,163,160.86363652518668,40578,2.53,295,55,16012,0.2627,0.3051,0.0522,0.03814452166198432,0.9096554783380156,36912,0.09034452166198433,3666,0.2524346410248533,8217
2019,16,Hortaleza,4,Pinar del Rey,164,197.73214419720122,52691,2.48,467,75,21273,0.2633,0.3416,0.0729,0.03419608851606536,0.8928849329107438,47047,0.10709608851606536,5643,0.1963619070265129,8258
2019,16,Hortaleza,5,Apóstol Santiago,165,127.94277333548968,15418,2.66,111,23,5797,0.2077,0.3659,0.0611,0.029897535348294202,0.9090024646517058,14015,0.0909975353482942,1403,0.23913408289981541,2850
2019,16,Hortaleza,6,Valdefuentes,166,34.538136649573346,57879,2.9,918,307,19945,0.0731,0.2255,0.053,0.04238865564367041,0.9046113443563296,52358,0.09538865564367041,5521,0.49627409902145375,18714
2019,17,Villaverde,1,"Villaverde Alto, Casco Histórico de Villaverde",171,48.85042195889644,45204,2.76,418,62,16378,0.1697,0.3953,0.1521,0.04642225466772851,0.8014556233961596,36229,0.19852225466772852,8974,0.08387750842353221,2813
2019,17,Villaverde,2,San Cristóbal,172,148.28742768145716,16052,3.14,129,18,5116,0.1281,0.5109,0.2907,0.03106675803638176,0.6781086468975829,10885,0.3217667580363818,5165,0.050964558097801704,568
2019,17,Villaverde,3,Butarque,173,29.597577313405424,18870,2.86,342,52,6609,0.0876,0.2474,0.0968,0.042468680445151036,0.8607313195548489,16242,0.13926868044515103,2628,0.13617422753361114,1732
2019,17,Villaverde,4,Los Rosales,174,243.95311439170257,37587,2.85,287,60,13206,0.1665,0.3203,0.1506,0.0412748503471945,0.8080719397664086,30373,0.1918748503471945,7212,0.10408626970101345,2886
2019,17,Villaverde,5,Ángeles,175,161.06265862369347,31170,2.59,230,26,12024,0.2654,0.4098,0.1257,0.03413317292268206,0.8401668270773179,26188,0.15983317292268207,4982,0.1048227351740308,2593
2019,18,Villa de Vallecas,1,Casco Histórico de Vallecas,181,9.357455981381904,40280,2.71,377,53,14839,0.1652,0.341,0.1152,0.04780893743793446,0.8369910625620656,33714,0.16300893743793446,6566,0.07675259138025095,2251
2019,18,Villa de Vallecas,2,Santa Eugenia,182,116.94842390994258,24328,2.72,148,28,8937,0.2126,0.245,0.0371,0.06607329825715225,0.8968267017428477,21818,0.10317329825715225,2510,0.16199864392635477,3106
2019,18,Villa de Vallecas,3,Ensanche de Vallecas,183,72.27116921283573,45828,2.48,886,207,18461,0.0427,0.2655,0.0637,0.03377316051322335,0.9025268394867766,41361,0.09747316051322336,4467,0.2724356958681844,8664
2019,19,Vicalvaro,1,Casco Histórico de Vicálvaro,191,16.197820930765175,34816,2.64,316,39,13210,0.2135,0.3708,0.1088,0.08889646139705883,0.8023035386029411,27933,0.19769646139705882,6883,0.0862576409327598,2286
2019,19,Vicalvaro,2,Valdebernardo,192,69.03131122377167,17638,2.89,127,26,6103,0.1094,0.2587,0.0399,0.02133143213516272,0.9387685678648373,16558,0.06123143213516272,1080,0.22735375141792255,2806
2019,19,Vicalvaro,3,Valderrivas,193,282.0723889929952,18142,2.88,323,70,6304,0.0558,0.2517,0.018,0.017773343622533352,0.9642266563774666,17493,0.03577334362253335,649,0.275025888850535,3187
2019,19,Vicalvaro,4,El Cañaveral,194,1.4469109233597195,1530,2.49,16,2,615,0.032,0.102,0.0438,0.040513725490196086,0.9156862745098039,1401,0.08431372549019608,129,0.21009174311926607,229
2019,20,San Blas-Canillejas,1,Simancas,201,122.64411246136461,27918,2.57,315,52,10877,0.1592,0.458,0.1167,0.05182926427394513,0.8314707357260549,23213,0.16852926427394513,4705,0.19666635187458684,4165
2019,20,San Blas-Canillejas,2,Hellín,202,166.32292351468897,9157,2.48,64,6,3694,0.2368,0.6084,0.0937,0.03155936442066179,0.8747406355793382,8010,0.1252593644206618,1147,0.0807899461400359,585
2019,20,San Blas-Canillejas,3,Amposta,203,231.60009420997267,8575,2.55,90,6,3361,0.1937,0.5316,0.1249,0.035799708454810494,0.8393002915451895,7197,0.1606997084548105,1378,0.0716823729337247,464
2019,20,San Blas-Canillejas,4,Arcos,204,185.49728415423812,24211,2.7,197,30,8976,0.1805,0.4516,0.0682,0.0291111395646607,0.9026888604353394,21855,0.0973111395646607,2356,0.12655073105892778,2285
2019,20,San Blas-Canillejas,5,Rosas,205,34.07411062539783,31677,2.86,294,58,11061,0.135,0.2786,0.0298,0.024782188969915082,0.9453862423840641,29947,0.05458218896991508,1729,0.2523961661341853,5609
2019,20,San Blas-Canillejas,6,Rejas,206,33.28128254253835,16693,2.5,220,57,6689,0.1123,0.4123,0.1063,0.06718589229018151,0.8265141077098185,13797,0.17348589229018152,2896,0.3317442051619267,4036
2019,20,San Blas-Canillejas,7,Canillejas,207,178.90648097544914,28584,2.61,205,35,10944,0.2324,0.3371,0.0948,0.05640347047299188,0.8487965295270081,24262,0.15120347047299187,4322,0.14897108390988115,3359
2019,20,San Blas-Canillejas,8,El Salvador,208,60.3741188191792,11351,2.64,85,23,4294,0.2072,0.3367,0.0423,0.03690007047837195,0.920799929521628,10452,0.07920007047837195,899,0.36731410182737617,3196
2019,21,Barajas,1,Alameda de Osuna,211,99.0999096332657,19526,2.69,181,60,7249,0.2563,0.1874,0.0259,0.030639997951449352,0.9434600020485506,18422,0.05653999795144935,1104,0.37033525228581105,5468
2019,21,Barajas,2,Aeropuerto,212,0.6247873669873243,1851,2.69,14,5,687,0.1507,0.4337,0.1513,0.052373689897352804,0.7963263101026472,1474,0.2036736898973528,377,0.08934953538241601,125
2019,21,Barajas,3,Casco Histórico de Barajas,213,137.69717388954996,7565,2.43,55,8,3119,0.1831,0.3401,0.1145,0.06897653668208857,0.8165234633179115,6177,0.18347653668208858,1388,0.14081498521196187,857
2019,21,Barajas,4,Timón,214,24.31658217548186,12388,2.67,206,42,4634,0.102,0.3072,0.0575,0.04178963513077171,0.9007103648692283,11158,0.09928963513077171,1230,0.2937464142283419,2560
2019,21,Barajas,5,Corralejos,215,16.320210088269988,7642,2.96,112,38,2580,0.1005,0.3138,0.0254,0.04107474483119602,0.933525255168804,7134,0.06647474483119602,508,0.49157303370786515,2450
2020,1,Centro,1,Palacio,011,161.20144227498469,23695,2.04,142,32,11583,0.18760000000000002,0.3188,0.08727164837027931,0.09723985194624316,0.8111415910529648,19220,0.18451150031652247,4372,0.4451529981709427,9005
2020,1,Centro,2,Embajadores,012,456.8443455548031,47224,2.09,295,56,22564,0.1368,0.34409999999999996,0.181793062404353,0.09776817764308049,0.7166906657631713,33845,0.2795612400474335,13202,0.37985464172431876,15209
2020,1,Centro,3,Cortes,013,182.34499070788985,10793,1.98,63,14,5449,0.1679,0.31420000000000003,0.10881069538575806,0.1343098457056901,0.7548411007134254,8147,0.24312054109144815,2624,0.4965004845482933,4611
2020,1,Centro,4,Justicia,014,244.68487963213417,18092,2.03,108,23,8856,0.15689999999999998,0.3293,0.10132623050885078,0.12208743298882774,0.7726619500331638,13979,0.22341366349767852,4042,0.5159003706834884,7933
2020,1,Centro,5,Universidad,015,353.7974683544304,33540,1.98,167,37,16913,0.1561,0.3354,0.12194027170985697,0.1050424355054084,0.7693798449612403,25805,0.22698270721526537,7613,0.4659221375639286,13392
2020,1,Centro,6,Sol,016,171.72692566808894,7647,1.99,40,10,3822,0.1696,0.29,0.15376541590133821,0.1379829821632623,0.7049823460180463,5391,0.2917483980646005,2231,0.4300944258300335,2824
2020,2,Arganzuela,1,Imperial,021,237.58396197168545,22991,2.36,146,24,9689,0.2195,0.3393,0.04072812991094814,0.03586705951099958,0.9197947022748032,21147,0.07659518942194772,1761,0.3940772021005901,7279
2020,2,Arganzuela,2,Acacias,022,344.92267561021055,37024,2.37,251,46,15565,0.23399999999999999,0.2884,0.043415849628947505,0.030860295574163997,0.9229688850475367,34172,0.0742761452031115,2750,0.4067627715405567,12246
2020,2,Arganzuela,3,Chopera,023,358.4360690383938,20352,2.34,121,20,8653,0.2245,0.38,0.10607778380243506,0.03567732626045801,0.8550511006289309,17402,0.14175511006289307,2885,0.29706338784767816,4977
2020,2,Arganzuela,4,Legazpi,024,140.30399434429128,19846,2.58,198,50,7686,0.0929,0.2352,0.04194851085310449,0.029955147314788287,0.9262823742819711,18383,0.07190365816789278,1427,0.4767700653776603,6855
2020,2,Arganzuela,5,Delicias,025,268.75888878354033,28346,2.41,205,52,11720,0.1704,0.3182,0.08075656147061949,0.038554805212510396,0.8767021802017921,24851,0.11931136668312989,3382,0.39089964303465724,8651
2020,2,Arganzuela,6,Palos de la Frontera,026,407.1714990746453,26401,2.2,172,33,11923,0.2059,0.3586,0.10395983110806802,0.0512994393741107,0.8404605886140677,22189,0.15525927048217872,4099,0.3827093260721579,8433
2020,2,Arganzuela,7,Atocha,027,16.460513796384397,1211,2.79,10,1,434,0.1032,0.24,0.028075970272502065,0.023947151114781174,0.9479768786127167,1148,0.05202312138728324,63,0.293491124260355,248
2020,3,Retiro,1,Pacífico,031,447.3295529473823,33921,2.28,215,48,14782,0.2518,0.34259999999999996,0.058666745639233575,0.03569957610835642,0.9010937177559624,30566,0.09436632174758999,3201,0.4087475721171139,11364
2020,3,Retiro,2,Adelfas,032,294.38202247191015,18864,2.42,143,40,7772,0.21760000000000002,0.2939,0.046207080117114725,0.027849323614861525,0.9217557251908397,17388,0.07405640373197625,1397,0.40920048212133386,6111
2020,3,Retiro,3,Estrella,033,228.47391516333496,23430,2.67,108,29,8735,0.3098,0.3074,0.02710456452856042,0.019502349683987594,0.9501493811352967,22262,0.04660691421254801,1092,0.47057246998284735,8779
2020,3,Retiro,4,Ibiza,034,448.780487804878,22080,2.35,155,29,9376,0.2468,0.36479999999999996,0.06633928977401901,0.05929476819699547,0.8704257246376812,19219,0.12563405797101448,2774,0.477818017202354,8444
2020,3,Retiro,5,Los Jerónimos,035,37.12757028955099,7078,2.53,44,11,2785,0.261,0.38770000000000004,0.05009934714731763,0.062785648614196915,0.8825939530940944,6247,0.11288499576151455,799,0.5102290610246547,2918
2020,3,Retiro,6,Niño Jesús,036,240.9451266905021,15500,2.71,90,22,5702,0.2676,0.3144,0.030528426363107174,0.02979415428205412,0.9371612903225807,14526,0.06032258064516129,935,0.5472938796155792,6492
2020,4,Salamanca,1,Recoletos,041,182.2013515061276,15908,2.37,77,26,6693,0.23440000000000003,0.3292,0.08317556481130885,0.0980540052163502,0.8148730198642192,12963,0.18122957002765905,2883,0.5999682514485276,7559
2020,4,Salamanca,2,Goya,042,390.159678047514,30054,2.25,183,46,13313,0.2376,0.34119999999999995,0.07974620136917682,0.07114885419746989,0.8454781393491715,25410,0.1508950555666467,4535,0.5221329617181736,12739
2020,4,Salamanca,3,Fuente del Berro,043,249.99999999999997,21315,2.27,147,21,9345,0.2429,0.3669,0.07313285331074404,0.05630650864093317,0.8674642270701384,18490,0.1294393619516772,2759,0.4282682269259451,7466
2020,4,Salamanca,4,Guindalera,044,264.9426004492139,42465,2.37,256,55,17851,0.23920000000000002,0.4007,0.06954096345672009,0.04544785086095329,0.8812669257035205,37423,0.11498881431767338,4883,0.4760467637493041,16247
2020,4,Salamanca,5,Lista,045,409.4002306805075,21297,2.28,138,30,9315,0.2369,0.35359999999999997,0.08061854698034039,0.06973126754752738,0.8456120580363431,18009,0.15034981452786778,3202,0.5287423402392764,9060
2020,4,Salamanca,6,Castellana,046,224.54098784587535,17366,2.49,73,20,6960,0.2321,0.33149999999999996,0.09255940336474533,0.08664133370769508,0.8168259818035242,14185,0.1792007370724404,3112,0.5758938444526355,7812
2020,5,Chamartin,1,El Viso,051,102.25251579686403,17477,2.84,72,29,6143,0.21739999999999998,0.3557,0.06413124533929902,0.05087705127911375,0.8824741088287463,15423,0.11500829661841278,2010,0.5783755432339278,7719
2020,5,Chamartin,2,Prosperidad,052,356.40803768868375,37070,2.3,209,65,16066,0.2521,0.3184,0.0676773145641581,0.04028060288930832,0.8885352036687348,32938,0.10795791745346642,4002,0.44391305781852963,13459
2020,5,Chamartin,3,Ciudad Jardín,053,248.6291486291486,18953,2.33,149,23,8097,0.23079999999999998,0.35409999999999997,0.07627163499708887,0.04671681010395054,0.8738458291563341,16562,0.12298844510103941,2331,0.45166143380429097,6905
2020,5,Chamartin,4,Hispanoamérica,054,187.778102189781,32157,2.57,200,54,12461,0.24600000000000002,0.37810000000000005,0.042850009362711446,0.03523563295466891,0.9183381534347109,29531,0.07808564231738035,2511,0.5423728813559322,13504
2020,5,Chamartin,5,Nueva España,055,140.08714596949892,25077,2.69,158,44,9315,0.20800000000000002,0.3527,0.051688986608035184,0.04385673257687529,0.9019818957610559,22619,0.09554571918491048,2396,0.6003642792092998,11207
2020,5,Chamartin,6,Castilla,056,79.98426872715496,17287,2.57,84,28,6715,0.2263,0.3615,0.05433016020431855,0.03955541855428618,0.9026436050211142,15604,0.09388557875860473,1623,0.5283439964291028,7102
2020,6,Tetuan,1,Bellas Vistas,061,419.7287472035794,30019,2.48,156,36,12039,0.1808,0.33799999999999997,0.20020070245860513,0.03958076927596296,0.7560878110529997,22697,0.2397814717345681,7198,0.291266228292025,6910
2020,6,Tetuan,2,Cuatro Caminos,062,298.295358649789,35348,2.31,202,51,15227,0.22469999999999998,0.35369999999999996,0.11269606728802,0.04108915394090386,0.8418015163517031,29756,0.15378522122892385,5436,0.45353752338715264,13090
2020,6,Tetuan,3,Castillejos,063,296.93486590038316,20925,2.21,91,22,9440,0.2361,0.3618,0.1144228461723062,0.044047882621003245,0.8372281959378733,17519,0.15847072879330945,3316,0.4565803822533433,7955
2020,6,Tetuan,4,Almenara,064,231.0986591955173,23096,2.45,176,27,9400,0.1935,0.4364,0.12328826674781551,0.03496424450954508,0.8377208174575684,19348,0.1582525112573606,3655,0.24968300347317934,4529
2020,6,Tetuan,5,Valdeacederas,065,229.03558535327488,26646,2.47,179,30,10763,0.1433,0.37200000000000005,0.19144848370691278,0.04611062460202664,0.758650454101929,20215,0.23755910830893942,6330,0.23436000767606985,4885
2020,6,Tetuan,6,Berruguete,066,427.49135233075276,25953,2.48,184,35,10437,0.16390000000000002,0.3787,0.204581511434431,0.04244195406088744,0.748738103494779,19432,0.24702346549531845,6411,0.2528611424922639,5148
2020,7,Chamberi,1,Gaztambide,071,463.1391905231984,23458,2.19,124,26,10637,0.2522,0.3558,0.07179904839470187,0.05208193037586681,0.8706198311876545,20423,0.12388097877056868,2906,0.5127605384895265,9865
2020,7,Chamberi,2,Arapiles,072,428.7789692148046,24792,2.17,157,25,11359,0.23829999999999998,0.354,0.06691224093264249,0.054618898144479164,0.874919328815747,21691,0.12153113907712165,3013,0.4930702836004932,9997
2020,7,Chamberi,3,Trafalgar,073,410.09968949174703,25094,2.11,153,28,11859,0.2116,0.3386,0.07305279143188267,0.06977019414235819,0.8543476528253766,21439,0.14282298557424086,3584,0.5136488373212652,10669
2020,7,Chamberi,4,Almagro,074,212.20812453353236,19903,2.45,128,32,8088,0.2386,0.35200000000000004,0.07485633632422624,0.06451963714710975,0.8573581872079586,17064,0.13937597347133598,2774,0.5341451167461713,8510
2020,7,Chamberi,5,Ríos Rosas,075,283.74000410088166,27676,2.26,189,45,12221,0.2327,0.3608,0.06489172621422612,0.0513823018245078,0.8798598063303945,24351,0.11627402803873392,3218,0.5227839088643645,11748
2020,7,Chamberi,6,Vallehermoso,076,191.48896371118593,20474,2.41,98,21,8479,0.27649999999999997,0.3677,0.043375974121452734,0.03379507208349011,0.9193611409592654,18823,0.07717104620494285,1580,0.5488072054527751,9018
2020,8,Fuencarral-El Pardo,1,El Pardo,081,0.18583733955136755,3486,2.63,23,11,1320,0.2532,0.4608,0.027073732718894006,0.014521218514611443,0.9543889845094664,3327,0.04159495123350545,145,0.18172157279489903,513
2020,8,Fuencarral-El Pardo,2,Fuentelarreina,082,23.976565890351512,3315,2.93,17,8,1129,0.2627,0.3257,0.04685610640870617,0.028860334013616602,0.9221719457013575,3057,0.07571644042232277,251,0.582089552238806,1404
2020,8,Fuencarral-El Pardo,3,Peñagrande,083,156.10085547050878,45071,2.62,354,93,17145,0.261,0.2688,0.05776848101829187,0.025256080229517135,0.9140245390605933,41196,0.083024561247809,3742,0.315369205157868,11177
2020,8,Fuencarral-El Pardo,4,Pilar,084,344.63028169014086,46980,2.38,306,31,19668,0.2893,0.3331,0.09091879201792764,0.032005856768790114,0.8744146445295871,41080,0.12292464878671776,5775,0.24568019216364903,9512
2020,8,Fuencarral-El Pardo,5,La Paz,085,156.47391869315018,33717,2.67,163,35,12585,0.33039999999999997,0.20929999999999999,0.034330043990013076,0.020479102731225468,0.9430257733487558,31796,0.054809146721238544,1848,0.4175895765472313,11538
2020,8,Fuencarral-El Pardo,6,Valverde,086,72.2008194896005,64845,2.8,898,277,23115,0.1165,0.37189999999999995,0.08859095688748686,0.03755600895413547,0.8711234482226848,56488,0.12614696584162233,8180,0.38001218494031636,16841
2020,8,Fuencarral-El Pardo,7,Mirasierra,087,48.73155245395264,34077,3.12,356,96,10898,0.1474,0.2304,0.02446689772660518,0.027973164485444,0.9466502332951844,32259,0.05244006221204918,1787,0.549200898164047,12474
2020,8,Fuencarral-El Pardo,8,El Goloso,088,7.218860759971465,19125,3.29,358,121,5790,0.0767,0.4918,0.029041067114798865,0.031403377329645585,0.9352156862745098,17886,0.060444444444444446,1156,0.5490668272125225,6384
2020,9,Moncloa-Aravaca,1,Casa de Campo,091,7.59309531173041,13258,2.35,94,15,5624,0.2492,0.4264,0.05651087038860692,0.040034611584541364,0.899155227032735,11921,0.09654548197314829,1280,0.39790430267062316,4291
2020,9,Moncloa-Aravaca,2,Argüelles,092,323.9207920792079,24537,2.33,145,38,10490,0.247,0.36869999999999997,0.07845064078941981,0.05820013151363272,0.8587031829482007,21070,0.13665077230305253,3353,0.5110421152786819,10205
2020,9,Moncloa-Aravaca,3,Ciudad Universitaria,093,11.548744289834326,16458,2.63,87,26,6225,0.2529,0.32780000000000004,0.06910643488868558,0.03127028160177499,0.8957345971563981,14742,0.10037671649046057,1652,0.5471327572663001,6965
2020,9,Moncloa-Aravaca,4,Valdezarza,094,218.28980322003576,30506,2.44,278,54,12460,0.24760000000000001,0.34369999999999995,0.09074165433316889,0.02936586549899528,0.8765816560676588,26741,0.12010751983216417,3664,0.2740074157396992,6577
2020,9,Moncloa-Aravaca,5,Valdemarín,095,21.12339137017411,6976,3.51,93,24,1984,0.1118,0.3329,0.05965214891476211,0.03610473181918284,0.901519495412844,6289,0.09575688073394495,668,0.6314331871682437,2736
2020,9,Moncloa-Aravaca,6,El Plantío,096,7.9615668046029135,2809,3.21,18,11,872,0.1972,0.2446,0.05501964987495534,0.039675971342559783,0.9017443930224279,2533,0.09469562121751512,266,0.5534718702483528,1092
2020,9,Moncloa-Aravaca,7,Aravaca,097,47.2745971888927,27580,3.16,244,66,8706,0.1533,0.2704,0.054503145111442386,0.04799866779646189,0.8947063089195069,24676,0.10250181290790428,2827,0.5252007978006576,9743
2020,10,Latina,1,Los Cármenes,101,137.79411764705884,17803,2.67,150,33,6644,0.16899999999999998,0.38670000000000004,0.1266914749661705,0.03468582099518433,0.8348592933775206,14863,0.16137729596135483,2873,0.1714907018596281,2287
2020,10,Latina,2,Puerta del Angel,102,309.2561622918636,42532,2.41,293,49,17587,0.2048,0.41409999999999997,0.16040319153958738,0.04555937781995367,0.7900404401391893,33602,0.20596256935954105,8760,0.21025731927087948,7117
2020,10,Latina,3,Lucero,103,219.8511018463371,36913,2.58,244,44,14243,0.2205,0.419,0.14841095071092625,0.036212352732305136,0.8118549020670225,29968,0.18462330344323138,6815,0.17921560402684564,5127
2020,10,Latina,4,Aluche,104,237.2096287458769,67600,2.51,404,68,26836,0.29359999999999997,0.33140000000000003,0.13014328517606574,0.044812336125709396,0.8223076923076923,55588,0.17495562130177514,11827,0.15886032986588877,8659
2020,10,Latina,5,Campamento,105,21.65937724394543,19908,2.65,121,26,7481,0.23370000000000002,0.3846,0.15774889157597743,0.05121233004347203,0.7879244524814145,15686,0.20896122161944947,4160,0.18326616772212628,2865
2020,10,Latina,6,Cuatro Vientos,106,10.867203182261838,5901,2.65,111,23,2223,0.0639,0.19149999999999998,0.04999149804455025,0.022538581602967123,0.9240806642941874,5453,0.07253007964751737,428,0.25799311362518446,1049
2020,10,Latina,7,Águilas,107,144.16278812056737,52037,2.5,353,52,20876,0.2759,0.3488,0.08875285448369827,0.03554331939258207,0.8771258911928052,45643,0.12429617387628034,6468,0.14080253128146125,5874
2020,11,Carabanchel,1,Comillas,111,346.47950758144424,23079,2.39,177,22,9633,0.23309999999999997,0.37829999999999997,0.14755880179122646,0.04998008637550519,0.7990814160058928,18442,0.19753888816673165,4559,0.1968706462329868,3674
2020,11,Carabanchel,2,Opañel,112,305.3373069628827,33810,2.55,221,40,13211,0.20579999999999998,0.3885,0.18197203170927229,0.04071356426824915,0.773469387755102,26151,0.22268559597752144,7529,0.1695266830096172,4495
2020,11,Carabanchel,3,San Isidro,113,211.48317801295212,40167,2.61,280,38,15312,0.1882,0.3729,0.16702895834894935,0.046529435357326954,0.7828565738043668,31445,0.2135583937062763,8578,0.15231041700209305,4730
2020,11,Carabanchel,4,Vista Alegre,114,300.49710546186765,47755,2.72,297,44,17496,0.2214,0.35950000000000004,0.20373093567497164,0.03928026734041942,0.753784943984923,35997,0.24301120301539106,11605,0.13218221304662572,4930
2020,11,Carabanchel,5,Puerta Bonita,115,224.17630237473577,36061,2.83,287,32,12701,0.179,0.4007,0.19856952020483135,0.04454631130289169,0.7533068966473475,27165,0.24311583150772303,8767,0.12156659509883765,3284
2020,11,Carabanchel,6,Buenavista,116,85.83339271716667,48180,2.76,564,111,17395,0.1366,0.33799999999999997,0.10295771714226204,0.03977785778509371,0.8537359900373599,41133,0.14273557492735575,6877,0.16908495202433887,5780
2020,11,Carabanchel,7,Abrantes,117,204.9277770676211,32063,2.86,247,45,11175,0.17420000000000002,0.36579999999999996,0.18126897674273013,0.03857944667366883,0.7765336992795434,24898,0.21984842341639896,7049,0.12923219631487962,3065
2020,12,Usera,1,Orcasitas,121,171.25479209672665,23229,2.75,192,33,8437,0.191,0.41869999999999996,0.07232555128813706,0.023029392962584022,0.9021912264841362,20957,0.09535494425072108,2215,0.09242813741528394,1582
2020,12,Usera,2,Orcasur,122,102.22013983997694,14181,2.97,117,23,4768,0.1436,0.3601,0.1417973717676982,0.025045587120955642,0.8312530851138847,11788,0.16684295888865383,2366,0.1132903981264637,1161
2020,12,Usera,3,San Fermín,123,163.01342008946727,24051,2.89,248,52,8316,0.14300000000000002,0.32380000000000003,0.16574309403774845,0.037574855319866624,0.7946031350047815,19111,0.20331794935761507,4890,0.11244815701851743,1925
2020,12,Usera,4,Almendrales,124,285.25830021792075,22253,2.88,143,23,7710,0.15789999999999998,0.42590000000000006,0.2628161774651698,0.028245701832003645,0.7056127263739721,15702,0.2910618792971734,6477,0.12562571618117122,2083
2020,12,Usera,5,Moscardó,125,299.724911971831,27239,2.75,177,18,9881,0.1843,0.3992,0.25641403715718075,0.03427211137984337,0.7052020999302471,19209,0.2906861485370241,7918,0.13493153929975837,2848
2020,12,Usera,6,Zofío,126,186.95090439276484,14470,2.85,101,7,5049,0.17350000000000002,0.3874,0.21891479322786567,0.039620106564808855,0.7373876986869385,10670,0.2585348997926745,3741,0.10182119205298014,1107
2020,12,Usera,7,Pradolongo,127,163.70356849502602,17937,2.96,118,11,6028,0.1659,0.4053,0.33675127472404326,0.025460912375248723,0.6327702514355801,11350,0.362212187099292,6497,0.07797285334907052,1057
2020,13,Puente de Vallecas,1,Entrevías,131,59.614193137862316,35601,2.77,269,36,12801,0.18960000000000002,0.40880000000000005,0.1334328190111499,0.036393871250359616,0.8277857363557204,29470,0.1698266902615095,6046,0.05946955547254389,1592
2020,13,Puente de Vallecas,2,San Diego,132,411.87026824936913,44066,2.72,377,40,16135,0.135,0.39189999999999997,0.27292193444042007,0.044374847659157834,0.6789134480098035,29917,0.3172967820995779,13982,0.10971463266545234,3614
2020,13,Puente de Vallecas,3,Palomeras Bajas,133,238.0996577527699,41046,2.7,309,45,15164,0.16469999999999999,0.3668,0.1237105842092398,0.031091345333224746,0.841884714710325,34556,0.15480192954246455,6354,0.13384215654433257,4121
2020,13,Puente de Vallecas,4,Palomeras Sureste,134,139.26204722383065,43291,2.68,359,61,16112,0.18230000000000002,0.3712,0.09751181540172366,0.032238017126977464,0.8672703333256335,37545,0.12974983252870112,5617,0.1049155609167672,3479
2020,13,Puente de Vallecas,5,Portazgo,135,233.44575604272063,29071,2.66,212,32,10881,0.2125,0.38799999999999996,0.12506904170118752,0.03299225649976875,0.8383956520243542,24373,0.15806129820095627,4595,0.08687698005443756,1947
2020,13,Puente de Vallecas,6,Numancia,136,262.754853712617,48586,2.64,366,49,18308,0.18280000000000002,0.3677,0.18411485230324312,0.04158802506883938,0.7706746799489564,37444,0.2257028773720825,10966,0.12340391572675037,4639
2020,14,Moratalaz,1,Pavones,141,92.88897692383877,9379,2.84,52,10,3294,0.2491,0.3575,0.064457509353287007,0.061568719455754456,0.8714148629917902,8173,0.12602622880904146,1182,0.18060996082820369,1291
2020,14,Moratalaz,2,Horcajo,142,86.48612414532779,6451,2.93,71,13,2195,0.0931,0.2755,0.028282828282828285,0.02023678108006119,0.9490001550147265,6122,0.048519609362889474,313,0.31611428571428574,1383
2020,14,Moratalaz,3,Marroquina,143,152.55013686386235,27308,2.5,172,32,10901,0.2763,0.363,0.0451307285546416,0.022505129069497844,0.9295444558371173,25384,0.06763585762413944,1847,0.26027522516344354,5693
2020,14,Moratalaz,4,Media Legua,144,180.1101101101101,17993,2.49,133,23,7210,0.2766,0.3478,0.07492618795610272,0.02939215806735085,0.8933474128827877,16074,0.10431834602345356,1877,0.2303948832035595,3314
2020,14,Moratalaz,5,Fontarrón,145,182.38648144308522,17593,2.53,144,16,6938,0.25129999999999997,0.4572,0.1150179804783378,0.04049841808927432,0.8402773830500767,14783,0.15551639856761212,2736,0.15118121578795737,2099
2020,14,Moratalaz,6,Vinateros,146,289.2760942760943,17183,2.35,134,27,7287,0.2921,0.4597,0.0863800957832029,0.037114055412746594,0.8729558284350812,15000,0.12349415119594949,2122,0.18616144975288304,2599
2020,15,Ciudad Lineal,1,Ventas,151,153.35834896810505,49044,2.44,330,48,20069,0.2324,0.4279,0.13601685381767606,0.041354486203529384,0.8195090123154718,40192,0.17737134002120544,8699,0.19010787706085894,7472
2020,15,Ciudad Lineal,2,Pueblo Nuevo,152,274.8016557433598,63732,2.63,400,88,24185,0.2152,0.36950000000000005,0.14784087152280348,0.03975719538236189,0.8090911943764514,51565,0.18759806690516537,11956,0.17428081235287077,8736
2020,15,Ciudad Lineal,3,Quintana,153,348.9973724242843,25236,2.4,189,22,10460,0.2167,0.4364,0.15188262892131527,0.04628665305681123,0.798462513869076,20150,0.1981692819781265,5001,0.23733648077112227,4826
2020,15,Ciudad Lineal,4,La Concepción,154,239.4175414832374,21210,2.3,186,36,9207,0.2375,0.42479999999999996,0.09861485368505649,0.046552520195188685,0.8520980669495521,18073,0.14516737388024517,3079,0.3015667334197196,5120
2020,15,Ciudad Lineal,5,San Pascual,155,172.56578322409044,18166,2.4,155,30,7545,0.2656,0.3333,0.05484066935439333,0.03241023893581915,0.9095012661015083,16522,0.08725090829021248,1585,0.3275528533922896,4741
2020,15,Ciudad Lineal,6,San Juan Bautista,156,126.31578947368422,12768,2.58,130,31,4939,0.2158,0.3328,0.05461689587426326,0.052212678060573836,0.8897243107769424,11360,0.1068295739348371,1364,0.5083798882681564,4823
2020,15,Ciudad Lineal,7,Colina,157,116.97337859567625,6547,2.47,81,20,2640,0.226,0.30210000000000004,0.060745513115508513,0.045257236235339206,0.8897204826638155,5825,0.10600274935084772,694,0.4909272183449651,2462
2020,15,Ciudad Lineal,8,Atalaya,158,62.99718762555243,1568,2.71,22,3,573,0.23149999999999998,0.2722,0.05337620578778135,0.048664610538749264,0.8896683673469388,1395,0.10204081632653061,160,0.5198237885462555,590
2020,15,Ciudad Lineal,9,Costillares,159,156.4041479820628,22322,2.78,173,56,8011,0.2208,0.2822,0.030343897505057317,0.024848289574953435,0.9413583012274885,21013,0.05519218708001075,1232,0.5288432128219245,8645
2020,16,Hortaleza,1,Palomas,161,60.692157904053815,6857,3.08,64,20,2219,0.1509,0.1967,0.03947945606082761,0.0675644406870213,0.8903310485635118,6105,0.10704389674784891,734,0.5461206896551725,2534
2020,16,Hortaleza,2,Piovera,162,47.735380303223344,14987,3.04,141,24,4914,0.1436,0.24100000000000002,0.0494008969810563,0.10146318522352102,0.8459331420564489,12678,0.1508640822045773,2261,0.5602768698327245,5828
2020,16,Hortaleza,3,Canillas,163,162.29930624380574,40940,2.53,279,53,16155,0.26489999999999997,0.30219999999999997,0.057936235858759,0.03871740361363964,0.9008549096238397,36881,0.09665363947239863,3957,0.26233361826840884,8593
2020,16,Hortaleza,4,Pinar del Rey,164,200.18012608826177,53344,2.48,466,65,21446,0.2619,0.3393,0.08203227869530869,0.03593787727349755,0.8785992801439712,46868,0.11797015596880624,6293,0.2059764705882353,8754
2020,16,Hortaleza,5,Apóstol Santiago,165,129.55771305285867,15613,2.67,104,18,5835,0.2091,0.3652,0.07135969141755064,0.030734717088181762,0.8941907384871581,13961,0.1020944085057324,1594,0.2478102792926789,2999
2020,16,Hortaleza,6,Valdefuentes,166,37.043799976130806,62078,2.92,919,313,21182,0.0746,0.22190000000000001,0.05714424117162649,0.04488868514687604,0.895599085022069,55597,0.10203292631850253,6334,0.5120646088292127,20670
2020,17,Villaverde,1,"Villaverde Alto, Casco Histórico de Villaverde",171,50.72620385579666,46940,2.82,362,53,16586,0.1641,0.3896,0.17446362489037198,0.045199775194843195,0.7762675756284618,36438,0.21966340008521518,10311,0.08981414781731739,3117
2020,17,Villaverde,2,San Cristóbal,172,156.96997690531177,16992,3.25,111,14,5198,0.1188,0.4885,0.31814415907207955,0.030549343752779234,0.6457156308851224,10972,0.3486935028248588,5925,0.05631762801397291,661
2020,17,Villaverde,3,Butarque,173,31.498705983844406,20082,2.87,341,47,6967,0.0872,0.24109999999999998,0.10586237890742035,0.04113493211737797,0.8501643262623245,17073,0.14699731102479832,2952,0.14539949785851425,1969
2020,17,Villaverde,4,Los Rosales,174,248.27675731810217,38252,2.87,256,59,13277,0.1671,0.3186,0.16411682892906815,0.039192801939906013,0.7928997176618217,30330,0.20330963086897416,7777,0.1095458889321488,3095
2020,17,Villaverde,5,Ángeles,175,168.69735958249368,32648,2.63,245,29,12384,0.2541,0.4094,0.14373962751244698,0.03330031367843761,0.8195907865719186,26758,0.1770399411908846,5780,0.11541757556871299,2963
2020,18,Villa de Vallecas,1,Casco Histórico de Vallecas,181,9.552129238789291,41118,2.74,366,48,14957,0.16469999999999999,0.3361,0.1322638929582967,0.04605217299821868,0.8177440536991099,33624,0.1783160659565154,7332,0.08285981683267599,2479
2020,18,Villa de Vallecas,2,Santa Eugenia,182,118.94529372175752,24743,2.72,133,31,9063,0.2191,0.2414,0.04274023659050397,0.06326954395348827,0.8916057066645112,22061,0.10600978054399224,2623,0.17176374161159777,3353
2020,18,Villa de Vallecas,3,Ensanche de Vallecas,183,77.20900159278358,48959,2.52,890,208,19407,0.046,0.2511,0.07452119823211655,0.03728664098028567,0.8864151637084091,43398,0.11180783921240221,5474,0.2808196962995725,9524
2020,19,Vicalvaro,1,Casco Histórico de Vicálvaro,191,16.642629174381927,35772,2.67,298,41,13375,0.2079,0.3751,0.12280603375764032,0.08526172873816645,0.7889690260538968,28223,0.20806776249580677,7443,0.0933234968646256,2530
2020,19,Vicalvaro,2,Valdebernardo,192,69.98551915776291,17882,2.91,119,25,6136,0.1161,0.2531,0.0498486037905125,0.021396223410024347,0.9260709092942624,16560,0.07124482720053685,1274,0.2346987189625178,2968
2020,19,Vicalvaro,3,Valderrivas,193,282.82027363184085,18191,2.87,310,63,6335,0.0594,0.2623,0.020110192837465565,0.01809551328094464,0.9595404320817987,17455,0.038205706118410204,695,0.28089406525648714,3280
2020,19,Vicalvaro,4,El Cañaveral,194,2.2601968924656948,2390,2.46,27,6,975,0.0317,0.0789,0.03794829024186822,0.03778392733135353,0.9276150627615063,2217,0.07573221757322175,181,0.2396259497369959,410
2020,20,San Blas-Canillejas,1,Simancas,201,126.34977814875016,28761,2.59,284,49,11063,0.1553,0.43829999999999997,0.1340163077566381,0.05252101709298468,0.8112374395883314,23332,0.18653732484962277,5365,0.20616375344986201,4482
2020,20,San Blas-Canillejas,2,Hellín,202,170.41409371594622,9383,2.51,67,7,3721,0.2256,0.584,0.11228858916720189,0.031695211323046424,0.8516465949056805,7991,0.1439838004902483,1351,0.09340958605664489,686
2020,20,San Blas-Canillejas,3,Amposta,203,240.3996759384283,8902,2.6,92,9,3408,0.1845,0.518,0.15156637367590714,0.036593590377114654,0.8086946753538531,7199,0.1881599640530218,1675,0.07744908577374758,521
2020,20,San Blas-Canillejas,4,Arcos,204,189.78700582286237,24771,2.73,201,27,9033,0.1752,0.4384,0.0837923213996436,0.029566041201785492,0.8834120544184733,21883,0.11335836260142909,2808,0.13454110222512378,2473
2020,20,San Blas-Canillejas,5,Rosas,205,34.269886516430915,31859,2.85,276,58,11138,0.14150000000000001,0.2713,0.034346103038309116,0.024820851354484127,0.9387614174958411,29908,0.05916695439279324,1885,0.2610611590848393,5865
2020,20,San Blas-Canillejas,6,Rejas,206,34.571445660625635,17340,2.53,236,57,6844,0.11109999999999999,0.3954,0.1217989479160645,0.06960820317966791,0.8062283737024222,13980,0.19140715109573242,3319,0.34043742017879947,4265
2020,20,San Blas-Canillejas,7,Canillejas,207,182.41221756274643,29144,2.64,206,27,11011,0.22920000000000001,0.33490000000000003,0.10892691155713155,0.056424447213112766,0.8313203403788086,24228,0.16535135877024432,4819,0.1568361680731057,3587
2020,20,San Blas-Canillejas,8,El Salvador,208,61.214828998457534,11509,2.64,84,15,4347,0.21109999999999998,0.3306,0.044527710003485536,0.03792949739941654,0.9145885828482058,10526,0.08245720740290208,949,0.3811354897082108,3370
2020,21,Barajas,1,Alameda de Osuna,211,100.92371720042632,19885,2.69,184,52,7366,0.2581,0.19649999999999998,0.030272452068617558,0.032136398824015075,0.9343223535328137,18579,0.062408850892632636,1241,0.38302152484409574,5712
2020,21,Barajas,2,Aeropuerto,212,0.645376880520892,1912,2.7,16,6,705,0.15109999999999998,0.4181,0.1842105263157895,0.0448689715921603,0.7646443514644351,1462,0.2290794979079498,438,0.10027662517289074,145
2020,21,Barajas,3,Casco Histórico de Barajas,213,140.28030578813252,7707,2.42,60,10,3175,0.1856,0.33240000000000003,0.12508134843160224,0.06656261160472837,0.8052419878032957,6206,0.1916439600363306,1477,0.1460619754680439,905
2020,21,Barajas,4,Timón,214,25.295907351064873,12887,2.7,194,42,4755,0.10550000000000001,0.2957,0.06333151793355637,0.04483950713046163,0.8891906572514937,11459,0.108171025064018,1394,0.3029366306027821,2744
2020,21,Barajas,5,Corralejos,215,16.587293112653498,7767,2.98,102,38,2605,0.09939999999999999,0.29960000000000003,0.026824864586020118,0.037936304462518576,0.9335650830436462,7251,0.0647611690485387,503,0.4954581358609795,2509
2021,1,Centro,1,Palacio,011,160.51,23729,2.03,147,36,11613,0.18789999999999998,0.3132,0.0932,0.10318417126722576,0.7974630199334148,18923,0.19638417126722577,4660,0.45595367712560625,9213
2021,1,Centro,2,Embajadores,012,455.13,47528,2.09,305,54,22614,0.13449999999999998,0.3342,0.1868,0.10715303820905572,0.699945295404814,33267,0.2939530382090557,13971,0.3875381826309385,15605
2021,1,Centro,3,Cortes,013,181.98,10846,1.97,60,11,5488,0.1698,0.3024,0.1159,0.14262848976581227,0.7360317167619399,7983,0.2585284897658123,2804,0.4996236963767337,4647
2021,1,Centro,4,Justicia,014,243.72,18304,2.04,108,21,8927,0.1547,0.33630000000000004,0.1082,0.12879737762237764,0.7577578671328671,13870,0.23699737762237763,4338,0.5239014347294602,8143
2021,1,Centro,5,Universidad,015,352.5,33580,1.97,185,44,16967,0.1566,0.32770000000000005,0.1286,0.11487826086956524,0.7519356759976177,25250,0.24347826086956523,8176,0.47419175801304286,13670
2021,1,Centro,6,Sol,016,171.17,8046,2.05,43,8,3895,0.16190000000000002,0.2852,0.1714,0.1467705195128014,0.6752423564504102,5433,0.3181705195128014,2560,0.4420150686955237,2992
2021,2,Arganzuela,1,Imperial,021,236.73,22702,2.35,139,21,9628,0.22329999999999997,0.33409999999999995,0.0412,0.037603629636155406,0.9165271782221831,20807,0.0788036296361554,1789,0.4072291791983376,7447
2021,2,Arganzuela,2,Acacias,022,343.96,36544,2.35,239,56,15474,0.2415,0.2815,0.0458,0.03259864273204904,0.9175240805604203,33530,0.07839864273204904,2865,0.4140355576388656,12366
2021,2,Arganzuela,3,Chopera,023,357.3,20187,2.33,112,15,8626,0.2255,0.377,0.1056,0.03612487244266113,0.8527765393570119,17215,0.14172487244266113,2861,0.3091095189355169,5134
2021,2,Arganzuela,4,Legazpi,024,140.05,19660,2.57,191,45,7603,0.0975,0.2237,0.0426,0.03222197355035605,0.9207019328585961,18101,0.07482197355035605,1471,0.48462828395751817,6936
2021,2,Arganzuela,5,Delicias,025,267.69,28518,2.4,210,46,11826,0.1702,0.3128,0.08109999999999999,0.043242520513359986,0.8706080370292447,24828,0.12434252051335998,3546,0.40396368865719934,8989
2021,2,Arganzuela,6,Palos de la Frontera,026,405.42,25931,2.18,179,29,11802,0.2073,0.3496,0.10210000000000001,0.05281111025413597,0.8394199992287223,21767,0.15491111025413598,4017,0.3960423505478755,8566
2021,2,Arganzuela,7,Atocha,027,16.46,1450,2.78,9,3,520,0.1025,0.223,0.0291,0.03158965517241379,0.9351724137931035,1356,0.060689655172413794,88,0.35948361469712015,362
2021,3,Retiro,1,Pacífico,031,445.33,33226,2.26,205,45,14625,0.2572,0.34020000000000006,0.0584,0.038301378438572196,0.898513212544393,29854,0.0967013784385722,3213,0.4178450071248493,11436
2021,3,Retiro,2,Adelfas,032,293.15,18719,2.4,143,33,7774,0.2218,0.28300000000000003,0.049100000000000005,0.029109306052673756,0.9182648645760991,17189,0.07820930605267376,1464,0.41608297413793105,6178
2021,3,Retiro,3,Estrella,033,227.73,23134,2.64,110,28,8722,0.3105,0.3225,0.0262,0.021176156306734674,0.948992824414282,21954,0.047376156306734675,1096,0.4802173913043478,8836
2021,3,Retiro,4,Ibiza,034,447.04,21685,2.32,157,31,9304,0.2491,0.35719999999999996,0.0642,0.062477426792713855,0.8674659903158866,18811,0.12667742679271385,2747,0.49022651489019203,8527
2021,3,Retiro,5,Los Jerónimos,035,36.96,6967,2.5,40,11,2776,0.2591,0.3944,0.0507,0.06628004880149274,0.8774221329123009,6113,0.11698004880149275,815,0.5205137352836247,2918
2021,3,Retiro,6,Niño Jesús,036,240.35,15361,2.69,82,17,5679,0.2688,0.3204,0.029900000000000003,0.03155433240023436,0.9345745719679709,14356,0.06145433240023436,944,0.5563762947868908,6553
2021,4,Salamanca,1,Recoletos,041,181.48,15702,2.36,88,29,6619,0.23190000000000002,0.3275,0.086,0.1009825499936314,0.8083683607183798,12693,0.1869825499936314,2936,0.6083500602167804,7577
2021,4,Salamanca,2,Goya,042,388.75,29603,2.24,174,40,13145,0.2382,0.3411,0.083,0.0761392764246867,0.8366719589230821,24768,0.1591392764246867,4711,0.5344734548171516,12876
2021,4,Salamanca,3,Fuente del Berro,043,249.23,21055,2.26,138,21,9266,0.24309999999999998,0.36810000000000004,0.0729,0.05799527428164332,0.8647352172880551,18207,0.13089527428164333,2756,0.43564989822622857,7491
2021,4,Salamanca,4,Guindalera,044,263.95,42126,2.35,259,56,17813,0.23989999999999997,0.39549999999999996,0.0693,0.047967245881403414,0.8782936903574989,36999,0.11726724588140341,4940,0.4871582435791218,16464
2021,4,Salamanca,5,Lista,045,407.74,20984,2.27,138,27,9211,0.23809999999999998,0.3547,0.08439999999999999,0.07457826915745332,0.8353030880670987,17528,0.1589782691574533,3336,0.5376700177409817,9092
2021,4,Salamanca,6,Castellana,046,223.65,17197,2.47,83,17,6947,0.23199999999999998,0.3296,0.0947,0.09539129499331278,0.8067104727568762,13873,0.1900912949933128,3269,0.5829646847117043,7775
2021,5,Chamartin,1,El Viso,051,101.99,17405,2.82,74,28,6146,0.2167,0.35359999999999997,0.0634,0.054209882217753524,0.8791726515369147,15302,0.11760988221775352,2047,0.5862379807692307,7804
2021,5,Chamartin,2,Prosperidad,052,355.17,36499,2.28,231,66,15906,0.25379999999999997,0.3243,0.0678,0.04097010329050112,0.8858598865722348,32333,0.10877010329050112,3970,0.45153283692225127,13462
2021,5,Chamartin,3,Ciudad Jardín,053,247.84,18690,2.31,134,18,8056,0.23370000000000002,0.34869999999999995,0.0794,0.04740577849117175,0.8693418940609952,16248,0.12680577849117175,2370,0.45951135535986226,6940
2021,5,Chamartin,4,Hispanoamérica,054,187.1,31771,2.55,196,40,12406,0.24480000000000002,0.37979999999999997,0.0437,0.036813675993830855,0.9154260174372856,29084,0.08051367599383086,2558,0.5518572705844103,13579
2021,5,Chamartin,5,Nueva España,055,139.74,24791,2.68,160,37,9223,0.2101,0.35719999999999996,0.0513,0.04591269815658909,0.8989956032431125,22287,0.09721269815658909,2410,0.6081966325591468,11234
2021,5,Chamartin,6,Castilla,056,79.71,17180,2.56,86,29,6676,0.2261,0.35479999999999995,0.056900000000000006,0.042285098952270075,0.8956344586728754,15387,0.09918509895227008,1704,0.5366108786610879,7182
2021,6,Tetuan,1,Bellas Vistas,061,418.01,29568,2.46,172,34,11967,0.1813,0.3335,0.20149999999999998,0.04163446969696971,0.7533820346320347,22276,0.2431344696969697,7189,0.29935571958868457,7016
2021,6,Tetuan,2,Cuatro Caminos,062,296.97,34986,2.3,193,54,15146,0.2245,0.3489,0.11410000000000001,0.04439196821585775,0.8366775281541188,29272,0.15849196821585776,5545,0.4624540521617364,13210
2021,6,Tetuan,3,Castillejos,063,295.67,20653,2.19,100,30,9367,0.2369,0.3553,0.1127,0.04529157507383916,0.8365854839490631,17278,0.15799157507383915,3263,0.4672897196261682,8050
2021,6,Tetuan,4,Almenara,064,230.18,22869,2.43,177,30,9375,0.18960000000000002,0.41969999999999996,0.1293,0.03454625475534567,0.8304254667891031,18991,0.16384625475534567,3747,0.2572701949860724,4618
2021,6,Tetuan,5,Valdeacederas,065,228.17,26743,2.47,183,29,10795,0.1417,0.36479999999999996,0.1961,0.04512200201921998,0.7543656283887372,20174,0.24122200201921998,6451,0.2393667747472821,5020
2021,6,Tetuan,6,Berruguete,066,425.71,25796,2.46,187,33,10423,0.1632,0.37439999999999996,0.207,0.043116297100325635,0.744727864785238,19211,0.2501162971003256,6452,0.257337345237508,5217
2021,7,Chamberi,1,Gaztambide,071,460.61,23067,2.18,118,18,10528,0.255,0.35609999999999997,0.07339999999999999,0.05648251614861058,0.8649585988641783,19952,0.12988251614861057,2996,0.5237241670181358,9934
2021,7,Chamberi,2,Arapiles,072,427.24,24377,2.17,152,35,11203,0.2401,0.3492,0.0696,0.05691269639414204,0.8686876974196989,21176,0.12651269639414203,3084,0.4994233565662137,9960
2021,7,Chamberi,3,Trafalgar,073,408.95,24752,2.1,169,41,11704,0.214,0.32880000000000004,0.073,0.07345281189398838,0.8485374919198448,21003,0.14645281189398837,3625,0.5220706848511512,10680
2021,7,Chamberi,4,Almagro,074,211.51,19655,2.44,138,39,8011,0.2419,0.35590000000000005,0.0754,0.06990653777664718,0.8491477995421013,16690,0.14530653777664718,2856,0.5380746211638864,8451
2021,7,Chamberi,5,Ríos Rosas,075,282.64,27352,2.25,181,48,12082,0.2351,0.3565,0.0679,0.05212778590231061,0.875,23933,0.12002778590231061,3283,0.5328381724060319,11837
2021,7,Chamberi,6,Vallehermoso,076,190.82,20188,2.39,98,30,8408,0.275,0.3675,0.0444,0.032824093520903506,0.9168813156330493,18510,0.07722409352090351,1559,0.558029898889647,8996
2021,8,Fuencarral-El Pardo,1,El Pardo,081,0.19,3463,2.62,29,14,1315,0.2475,0.4448,0.034300000000000004,0.015367917990181917,0.9445567427086341,3271,0.04966791799018192,172,0.18438954529180093,515
2021,8,Fuencarral-El Pardo,2,Fuentelarreina,082,23.93,3373,2.96,15,9,1135,0.2563,0.3372,0.046799999999999994,0.027614467832789813,0.9205455084494515,3105,0.07441446783278981,251,0.5896907216494846,1430
2021,8,Fuencarral-El Pardo,3,Peñagrande,083,155.64,44532,2.59,348,93,17118,0.2642,0.2758,0.0583,0.025639638911344652,0.9127144525285188,40645,0.08393963891134465,3738,0.3246534709942388,11383
2021,8,Fuencarral-El Pardo,4,Pilar,084,343.71,46182,2.36,300,45,19496,0.28859999999999997,0.3522,0.0907,0.032183374474903645,0.872526092416959,40295,0.12288337447490365,5675,0.2527486979851649,9609
2021,8,Fuencarral-El Pardo,5,La Paz,085,156.14,33145,2.64,161,36,12522,0.34259999999999996,0.2183,0.0354,0.021833368532206972,0.9385427666314677,31108,0.05723336853220697,1897,0.42370261317629737,11512
2021,8,Fuencarral-El Pardo,6,Valverde,086,72,64336,2.79,863,273,22939,0.11810000000000001,0.3613,0.08900000000000001,0.03772531708530215,0.8687049241482219,55889,0.12672531708530216,8153,0.3854465219962695,16945
2021,8,Fuencarral-El Pardo,7,Mirasierra,087,48.69,34633,3.13,335,95,11038,0.1514,0.2354,0.0233,0.028760173822654694,0.9459763809083822,32762,0.052060173822654696,1803,0.5588311913858979,12871
2021,8,Fuencarral-El Pardo,8,El Goloso,088,7.19,19020,3.24,347,117,5845,0.0711,0.4391,0.0282,0.031631756046267084,0.9353312302839116,17790,0.05983175604626709,1138,0.5626249456757931,6473
2021,9,Moncloa-Aravaca,1,Casa de Campo,091,7.56,13150,2.34,98,16,5588,0.24850000000000003,0.41729999999999995,0.0602,0.03903954372623574,0.8943726235741445,11761,0.09923954372623574,1305,0.4091249765786022,4367
2021,9,Moncloa-Aravaca,2,Argüelles,092,322.4,24315,2.32,144,36,10411,0.2464,0.36229999999999996,0.0832,0.06337618753855645,0.8471314003701419,20598,0.14657618753855645,3564,0.5219655224710581,10325
2021,9,Moncloa-Aravaca,3,Ciudad Universitaria,093,11.5,16234,2.61,102,33,6193,0.2532,0.3275,0.066,0.032681778982382656,0.8976838733522238,14573,0.09868177898238266,1602,0.554474397830595,6952
2021,9,Moncloa-Aravaca,4,Valdezarza,094,217.57,30223,2.41,270,53,12508,0.24969999999999998,0.348,0.0894,0.03021089236674057,0.8760215729742249,26476,0.11961089236674056,3615,0.28345795177686295,6748
2021,9,Moncloa-Aravaca,5,Valdemarín,095,21.07,6888,3.45,86,23,1986,0.1114,0.3063,0.0567,0.04042543554006968,0.8982288037166086,6187,0.09712543554006968,669,0.6450783259293897,2759
2021,9,Moncloa-Aravaca,6,El Plantío,096,7.93,2911,3.22,16,9,905,0.191,0.26030000000000003,0.0652,0.04369728615596016,0.8928203366540708,2599,0.10889728615596016,317,0.564327485380117,1158
2021,9,Moncloa-Aravaca,7,Aravaca,097,47.14,27647,3.14,245,55,8770,0.1563,0.2651,0.057300000000000004,0.04860660831193257,0.8912359387998698,24640,0.10590660831193258,2928,0.5343213311219304,9987
2021,10,Latina,1,Los Cármenes,101,137.28,17655,2.65,137,21,6629,0.1684,0.37200000000000005,0.1348,0.03546338147833475,0.8253186066270178,14571,0.17026338147833475,3006,0.1743292131444076,2313
2021,10,Latina,2,Puerta del Angel,102,308.02,42222,2.39,290,52,17566,0.2025,0.4114,0.1668,0.04886955615555871,0.7786462034010705,32876,0.21566955615555872,9106,0.21737837516355418,7310
2021,10,Latina,3,Lucero,103,219.08,36736,2.57,236,40,14237,0.2187,0.4251,0.1522,0.03630718641114983,0.807137412891986,29651,0.18850718641114983,6925,0.18553382090492354,5302
2021,10,Latina,4,Aluche,104,236.57,67328,2.5,402,65,26839,0.2905,0.3589,0.1359,0.044247932509505705,0.8144902566539924,54838,0.1801479325095057,12129,0.16404465404170657,8905
2021,10,Latina,5,Campamento,105,21.59,19669,2.64,114,29,7428,0.2323,0.4032,0.16829999999999998,0.048182790177436596,0.7789414815191418,15321,0.21648279017743657,4258,0.18347021923300783,2837
2021,10,Latina,6,Cuatro Vientos,106,10.83,5909,2.65,100,26,2213,0.0674,0.1894,0.0579,0.023332018954137758,0.9128448129971231,5394,0.08123201895413776,480,0.25896805896805897,1054
2021,10,Latina,7,Águilas,107,144.37,51625,2.48,368,50,20844,0.2746,0.3751,0.0942,0.03533026634382566,0.8699661016949153,44912,0.12953026634382567,6687,0.14425007863347125,5962
2021,11,Carabanchel,1,Comillas,111,345.31,22820,2.36,174,26,9617,0.23120000000000002,0.3776,0.15,0.05127081507449607,0.7932515337423313,18102,0.20127081507449607,4593,0.20621621621621622,3815
2021,11,Carabanchel,2,Opañel,112,304.18,33834,2.55,217,36,13209,0.20129999999999998,0.3862,0.191,0.0406604598924159,0.7630785600283738,25818,0.2316604598924159,7838,0.1754438647197928,4674
2021,11,Carabanchel,3,San Isidro,113,210.72,39889,2.59,298,36,15311,0.1869,0.373,0.1711,0.047907746496527875,0.7769560530472059,30992,0.21900774649652788,8736,0.15801711609882124,4893
2021,11,Carabanchel,4,Vista Alegre,114,299.53,47261,2.7,295,43,17469,0.2208,0.3709,0.2079,0.0402538689405641,0.7480586530119973,35354,0.2481538689405641,11728,0.1344705660071797,4982
2021,11,Carabanchel,5,Puerta Bonita,115,223.37,36095,2.83,282,30,12708,0.1746,0.39880000000000004,0.20989999999999998,0.04412410306136588,0.7418756060396177,26778,0.25402410306136586,9169,0.1227636578258143,3328
2021,11,Carabanchel,6,Buenavista,116,85.53,48194,2.75,557,98,17437,0.1343,0.3502,0.1075,0.04040222849317342,0.848238369921567,40880,0.14790222849317342,7128,0.17346046186144157,5949
2021,11,Carabanchel,7,Abrantes,117,204.19,31664,2.83,243,38,11120,0.1729,0.3688,0.1862,0.03862945932289033,0.7705280444669025,24398,0.22482945932289033,7119,0.1318873311458644,3095
2021,12,Usera,1,Orcasitas,121,170.85,23194,2.74,194,35,8437,0.18989999999999999,0.41409999999999997,0.07769999999999999,0.024179796499094602,0.8938087436405967,20731,0.1018797964990946,2363,0.09620786516853932,1644
2021,12,Usera,2,Orcasur,122,102.02,14212,2.96,103,19,4772,0.1406,0.3461,0.1539,0.025666563467492243,0.8154376583169153,11589,0.17956656346749225,2552,0.11769275587492717,1212
2021,12,Usera,3,San Fermín,123,162.67,23915,2.87,234,42,8296,0.1421,0.3271,0.17129999999999998,0.037188396403930596,0.7882918670290613,18852,0.20848839640393058,4986,0.11541608228143993,1975
2021,12,Usera,4,Almendrales,124,284.29,22623,2.85,165,17,7907,0.15460000000000002,0.4113,0.2625,0.02795661494938778,0.7048136851876409,15945,0.2904566149493878,6571,0.14104539528268342,2380
2021,12,Usera,5,Moscardó,125,298.51,26758,2.71,180,15,9808,0.1832,0.39520000000000005,0.26,0.035500411092009854,0.6994543687869048,18716,0.29550041109200986,7907,0.138263046408627,2872
2021,12,Usera,6,Zofío,126,186.2,14398,2.84,111,8,5049,0.17059999999999997,0.38549999999999995,0.22829999999999998,0.040626239755521626,0.7266981525211835,10463,0.2689262397555216,3872,0.10325435604314558,1120
2021,12,Usera,7,Pradolongo,127,162.89,17987,2.98,122,12,6016,0.16190000000000002,0.40549999999999997,0.34979999999999994,0.025971390448657428,0.6196697614944127,11146,0.37577139044865737,6759,0.07934997437962082,1084
2021,13,Puente de Vallecas,1,Entrevías,131,59.47,35386,2.76,261,44,12749,0.1857,0.39880000000000004,0.1422,0.03566695303227266,0.8179788616967162,28945,0.17786695303227265,6294,0.06144977771079798,1631
2021,13,Puente de Vallecas,2,San Diego,132,410.32,43815,2.7,376,39,16125,0.1329,0.3887,0.281,0.044185438776674635,0.6693141618167294,29326,0.32518543877667466,14248,0.11210653015205534,3679
2021,13,Puente de Vallecas,3,Palomeras Bajas,133,237.32,40616,2.67,314,49,15130,0.1672,0.35950000000000004,0.1281,0.03131993303131772,0.8369361827851093,33993,0.1594199330313177,6475,0.13629392762750026,4177
2021,13,Puente de Vallecas,4,Palomeras Sureste,134,138.85,43064,2.67,332,51,16074,0.18170000000000003,0.377,0.1041,0.0325802898012261,0.8600222924020063,37036,0.1366802898012261,5886,0.10911013748300348,3611
2021,13,Puente de Vallecas,5,Portazgo,135,232.63,28849,2.65,224,28,10842,0.21109999999999998,0.3835,0.1326,0.03243171687060212,0.8310513362681549,23975,0.1650317168706021,4761,0.09034815115074539,2006
2021,13,Puente de Vallecas,6,Numancia,136,261.81,48337,2.62,374,50,18371,0.1816,0.3722,0.1943,0.04127523222376234,0.7598527008295922,36729,0.23557523222376234,11387,0.12702912309790604,4750
2021,14,Moratalaz,1,Pavones,141,92.66,8997,2.72,53,11,3300,0.2564,0.3613,0.0679,0.04035830832499722,0.8889629876625542,7998,0.10825830832499722,974,0.18487874465049928,1296
2021,14,Moratalaz,2,Horcajo,142,86.27,6396,2.92,65,14,2181,0.0984,0.2568,0.0317,0.02395978736710444,0.9404315196998124,6015,0.05565978736710444,356,0.3235226488848011,1407
2021,14,Moratalaz,3,Marroquina,143,152.13,26786,2.46,166,31,10815,0.2809,0.37920000000000004,0.046900000000000004,0.02309925334129769,0.9252221309639364,24783,0.0699992533412977,1875,0.26686802973977697,5743
2021,14,Moratalaz,4,Media Legua,144,179.7,17724,2.47,137,23,7163,0.2802,0.34979999999999994,0.0764,0.028486030241480484,0.8915030467163169,15801,0.10488603024148048,1859,0.23457660579567088,3327
2021,14,Moratalaz,5,Fontarrón,145,181.62,17372,2.51,145,16,6899,0.2451,0.47240000000000004,0.1201,0.04119403638038223,0.8339857241538108,14488,0.16129403638038223,2802,0.1570260005842828,2150
2021,14,Moratalaz,6,Vinateros,146,288.26,16928,2.34,120,21,7215,0.2871,0.47259999999999996,0.09029999999999999,0.03753553875236296,0.8680883742911153,14695,0.12783553875236295,2164,0.18981649379850585,2617
2021,15,Ciudad Lineal,1,Ventas,151,152.88,48631,2.42,339,50,19993,0.23,0.43420000000000003,0.142,0.041771668277436225,0.8117044683432378,39474,0.1837716682774362,8937,0.19622052083066602,7663
2021,15,Ciudad Lineal,2,Pueblo Nuevo,152,273.89,63038,2.59,397,70,24178,0.21530000000000002,0.37020000000000003,0.1502,0.04000273485833941,0.8049271867762302,50741,0.1902027348583394,11990,0.18016133250186075,8956
2021,15,Ciudad Lineal,3,Quintana,153,347.81,24757,2.37,168,22,10367,0.2157,0.425,0.1523,0.048249339580724665,0.7939168719957992,19655,0.20054933958072466,4965,0.2457431891025641,4907
2021,15,Ciudad Lineal,4,La Concepción,154,238.77,20831,2.28,169,41,9088,0.24,0.41700000000000004,0.1009,0.04566041476645384,0.8483990206903174,17673,0.14656041476645384,3053,0.3081200669696245,5153
2021,15,Ciudad Lineal,5,San Pascual,155,172,17899,2.37,149,34,7509,0.2707,0.33840000000000003,0.0564,0.03461067098720599,0.9047432817475837,16194,0.09101067098720599,1629,0.33117109576619935,4748
2021,15,Ciudad Lineal,6,San Juan Bautista,156,125.88,12544,2.55,126,28,4903,0.2182,0.3418,0.0533,0.053284821428571424,0.8886320153061225,11147,0.10658482142857142,1337,0.515773714041279,4823
2021,15,Ciudad Lineal,7,Colina,157,116.47,6389,2.45,76,22,2602,0.2299,0.30870000000000003,0.059699999999999996,0.050019830959461574,0.8868367506652058,5666,0.10971983095946157,701,0.5006117455138662,2455
2021,15,Ciudad Lineal,8,Atalaya,158,62.48,1581,2.73,16,3,579,0.2177,0.2733,0.056299999999999996,0.06261208096141682,0.8804554079696395,1392,0.11891208096141682,188,0.542343883661249,634
2021,15,Ciudad Lineal,9,Costillares,159,155.86,22146,2.76,170,54,8006,0.2245,0.299,0.0313,0.025324221078298563,0.9401246274722298,20820,0.056624221078298564,1254,0.536036866359447,8724
2021,16,Hortaleza,1,Palomas,161,60.53,6909,3.07,51,21,2246,0.15439999999999998,0.2086,0.0453,0.0657146186134028,0.886380083948473,6124,0.11101461861340281,767,0.5548222269533745,2606
2021,16,Hortaleza,2,Piovera,162,47.58,14870,3.04,123,19,4882,0.14880000000000002,0.24050000000000002,0.0496,0.10601533288500337,0.8420309347679893,12521,0.15561533288500337,2314,0.5668300182569425,5899
2021,16,Hortaleza,3,Canillas,163,161.89,40431,2.5,281,54,16129,0.2692,0.3136,0.0601,0.04004592762978902,0.8961440478840493,36232,0.10014592762978902,4049,0.2711209958916381,8777
2021,16,Hortaleza,4,Pinar del Rey,164,199.5,52729,2.45,457,67,21422,0.2614,0.35109999999999997,0.08349999999999999,0.03626331809820024,0.875760966451099,46178,0.11976331809820023,6315,0.21360608943862988,8980
2021,16,Hortaleza,5,Apóstol Santiago,165,129.08,15538,2.66,93,23,5827,0.21170000000000003,0.36700000000000005,0.07519999999999999,0.030476406229888023,0.8901403011970652,13831,0.10567640622988801,1642,0.25419644341033737,3059
2021,16,Hortaleza,6,Valdefuentes,166,36.96,63433,2.93,928,327,21598,0.0753,0.2084,0.055999999999999994,0.04706938029101572,0.89409297999464,56715,0.10306938029101571,6538,0.5213741758108075,21429
2021,17,Villaverde,1,"Villaverde Alto, Casco Histórico de Villaverde",171,50.52,46836,2.81,366,51,16592,0.1625,0.39299999999999996,0.1807,0.044874344521308396,0.7701767870868562,36072,0.2255743445213084,10565,0.09236797372439425,3206
2021,17,Villaverde,2,San Cristóbal,172,156.1,17059,3.28,112,13,5177,0.11449999999999999,0.4704,0.332,0.029803153760478318,0.6339175801629638,10814,0.36180315376047834,6172,0.05846672283066554,694
2021,17,Villaverde,3,Butarque,173,31.41,20766,2.86,323,48,7254,0.0866,0.24230000000000002,0.10710000000000001,0.04073781180776266,0.8499951844360975,17651,0.14783781180776268,3070,0.15743440233236153,2214
2021,17,Villaverde,4,Los Rosales,174,247.33,37961,2.85,241,53,13258,0.1681,0.3232,0.16820000000000002,0.03961855061773925,0.78767682621638,29901,0.20781855061773927,7889,0.11182018010352407,3154
2021,17,Villaverde,5,Ángeles,175,168.13,32828,2.61,255,33,12540,0.2475,0.42340000000000005,0.15130000000000002,0.034151443889362726,0.8098269769708785,26585,0.18545144388936274,6088,0.12330303616321794,3188
2021,18,Villa de Vallecas,1,Casco Histórico de Vallecas,181,9.51,40384,2.7,381,52,14886,0.16469999999999999,0.3372,0.13720000000000002,0.046214223454833586,0.8130447702060222,32834,0.1834142234548336,7407,0.08661523886858845,2560
2021,18,Villa de Vallecas,2,Santa Eugenia,182,118.66,24395,2.68,133,25,9050,0.22820000000000001,0.2354,0.0436,0.06367608116417299,0.8883377741340439,21671,0.10727608116417299,2617,0.17761557177615572,3431
2021,18,Villa de Vallecas,3,Ensanche de Vallecas,183,77.07,50396,2.54,925,199,19797,0.046900000000000004,0.23070000000000002,0.08109999999999999,0.03990166679895231,0.875188507024367,44106,0.1210016667989523,6098,0.28742532169117646,10007
2021,19,Vicalvaro,1,Casco Histórico de Vicálvaro,191,16.59,35675,2.66,293,37,13371,0.20440000000000003,0.40659999999999996,0.1284,0.0858116327960757,0.782228451296426,27906,0.2142116327960757,7642,0.09776412230695194,2641
2021,19,Vicalvaro,2,Valdebernardo,192,69.8,17628,2.87,106,26,6109,0.12140000000000001,0.2526,0.0526,0.02211068754254595,0.9206376219650556,16229,0.07471068754254595,1317,0.2393135229620213,3012
2021,19,Vicalvaro,3,Valderrivas,193,282.2,18008,2.85,288,67,6307,0.0622,0.28800000000000003,0.0204,0.01819395824078187,0.9587960906263883,17266,0.03859395824078187,695,0.28395804676753783,3303
2021,19,Vicalvaro,4,El Cañaveral,194,2.27,4421,2.46,49,8,1804,0.0262,0.1293,0.0492,0.04353919927618186,0.9092965392445148,4020,0.09273919927618186,410,0.2834744433991847,904
2021,20,San Blas-Canillejas,1,Simancas,201,126.07,28616,2.58,271,44,11044,0.155,0.4211,0.14029999999999998,0.05203994967850156,0.8018590998043053,22946,0.19233994967850154,5504,0.2067703991849588,4465
2021,20,San Blas-Canillejas,2,Hellín,202,169.68,9419,2.53,61,7,3703,0.21230000000000002,0.5697,0.1292,0.03249444739356619,0.8319354496231023,7836,0.1616944473935662,1523,0.09811115640712054,722
2021,20,San Blas-Canillejas,3,Amposta,203,239.68,8926,2.62,96,8,3393,0.1782,0.5003,0.1638,0.033824915975801034,0.7977817611472104,7121,0.19762491597580104,1764,0.07700374531835207,514
2021,20,San Blas-Canillejas,4,Arcos,204,189.18,24705,2.72,196,31,9076,0.17,0.42719999999999997,0.0885,0.029735175065776165,0.8792147338595426,21721,0.11823517506577616,2921,0.14401091405184174,2639
2021,20,San Blas-Canillejas,5,Rosas,205,34.2,31611,2.84,260,51,11112,0.14550000000000002,0.2788,0.035699999999999996,0.026525174780930694,0.9353073297269938,29566,0.06222517478093069,1967,0.2702968087480473,6056
2021,20,San Blas-Canillejas,6,Rejas,206,34.49,17200,2.51,237,53,6825,0.1124,0.379,0.1155,0.07066279069767441,0.8079069767441861,13896,0.1861627906976744,3202,0.344160554525671,4270
2021,20,San Blas-Canillejas,7,Canillejas,207,181.8,29065,2.62,206,32,11039,0.23010000000000003,0.3372,0.1183,0.05407226905212455,0.8228109409943231,23915,0.17237226905212455,5010,0.1611405545092199,3679
2021,20,San Blas-Canillejas,8,El Salvador,208,61.04,11409,2.61,83,17,4359,0.21559999999999999,0.33020000000000005,0.0479,0.04115250241037777,0.9069155929529319,10347,0.08905250241037777,1016,0.3900781515460415,3444
2021,21,Barajas,1,Alameda de Osuna,211,100.59,19751,2.67,171,46,7359,0.2591,0.2195,0.0323,0.03164612930990835,0.9312946179940256,18394,0.06394612930990835,1263,0.391850800729779,5799
2021,21,Barajas,2,Aeropuerto,212,0.64,1924,2.72,15,7,704,0.147,0.4362,0.17989999999999998,0.04723097713097715,0.7697505197505198,1481,0.22713097713097713,437,0.10790378006872853,157
2021,21,Barajas,3,Casco Histórico de Barajas,213,139.84,7540,2.37,49,10,3160,0.1895,0.3312,0.1263,0.06919071618037137,0.7997347480106101,6030,0.19549071618037137,1474,0.15259793476479266,931
2021,21,Barajas,4,Timón,214,25.23,13366,2.7,194,41,4933,0.10529999999999999,0.3056,0.0649,0.044182747269190484,0.8883734849618434,11874,0.10908274726919048,1458,0.3162202380952381,2975
2021,21,Barajas,5,Corralejos,215,16.56,7690,2.95,105,37,2600,0.09849999999999999,0.27949999999999997,0.024700000000000003,0.040839661898569565,0.9310793237971391,7160,0.06553966189856957,504,0.5042769047145415,2535
2022,1,Centro,1,Palacio,011,159.31015715354786,23417,2.00436531712745,147,39,11683,0.1911,0.3099,0.08449999999999999,0.12252908143656319,0.7929282145449886,18568,0.20702908143656318,4848,0.46424653435723545,9310
2022,1,Centro,2,Embajadores,012,449.2986359678823,46444,2.045630725863284,309,56,22704,0.1356,0.3176,0.1693,0.12806887434329517,0.7026311256567048,32633,0.2973688743432952,13811,0.3979341249145548,15718
2022,1,Centro,3,Cortes,013,182.93630680858254,10828,1.9352993744414655,56,10,5595,0.17079999999999998,0.2964,0.1024,0.1729971185814555,0.7246028814185446,7846,0.2753971185814555,2982,0.509943029130388,4744
2022,1,Centro,4,Justicia,014,243.64349472545308,18015,2.0036703370036704,103,19,8991,0.1549,0.32799999999999996,0.092,0.15745878434637803,0.750541215653622,13521,0.24945878434637803,4494,0.5367474589523065,8238
2022,1,Centro,5,Universidad,015,346.63502109704643,32861,1.934934934934935,189,46,16983,0.15869999999999998,0.32270000000000004,0.1157,0.13745723806335777,0.7468427619366422,24542,0.25315723806335777,8319,0.479885159323716,13539
2022,1,Centro,6,Sol,016,182.2816079047833,8117,2.044069503903299,36,10,3971,0.15839999999999999,0.27449999999999997,0.1566,0.17985435505728717,0.6635456449427128,5386,0.33645435505728716,2731,0.45354307556601,3085
2022,2,Arganzuela,1,Imperial,021,232.05538906685956,22456,2.328735870579695,134,18,9643,0.2293,0.32270000000000004,0.0377,0.04236768792304953,0.9199323120769505,20658,0.08006768792304952,1798,0.41650197628458496,7587
2022,2,Arganzuela,2,Acacias,022,335.73691075088504,36038,2.326232894397108,239,53,15492,0.2506,0.2742,0.0393,0.03809053221599423,0.9226094677840058,33249,0.07739053221599423,2789,0.4248106379397408,12619
2022,2,Arganzuela,3,Chopera,023,347.551954913702,19734,2.2782267374740246,124,20,8662,0.2298,0.37329999999999997,0.0901,0.04818924698489917,0.8616600790513834,17004,0.13828924698489917,2729,0.32166382044401076,5274
2022,2,Arganzuela,4,Legazpi,024,137.63874160480736,19469,2.5323881373569197,198,44,7688,0.105,0.2152,0.0374,0.03959419590117623,0.9230058040988238,17970,0.07699419590117623,1499,0.49522481700941096,7104
2022,2,Arganzuela,5,Delicias,025,267.7823077652413,28243,2.3662030831099194,218,49,11936,0.17379999999999998,0.3043,0.0712,0.05130823212831498,0.877491767871685,24783,0.12250823212831498,3460,0.41980600045116173,9305
2022,2,Arganzuela,6,Palos de la Frontera,026,386.7674275138803,25078,2.1470890410958905,156,29,11680,0.2144,0.3396,0.0889,0.06509952149294201,0.846000478507058,21216,0.15399952149294202,3862,0.40396659707724425,8514
2022,2,Arganzuela,7,Atocha,027,22.01984504553487,1620,2.5961538461538463,12,4,624,0.1012,0.2439,0.0327,0.05186790123456791,0.9154320987654321,1483,0.08456790123456791,137,0.41659538066723695,487
2022,3,Retiro,1,Pacífico,031,431.821178952921,32745,2.231345826235094,218,44,14675,0.2622,0.3331,0.052300000000000006,0.04533322644678576,0.9023667735532143,29548,0.09763322644678576,3197,0.4292812189466711,11664
2022,3,Retiro,2,Adelfas,032,292.05680399500625,18715,2.375,157,33,7880,0.2255,0.2838,0.0461,0.03559917178733636,0.9183008282126637,17186,0.08169917178733636,1529,0.4246327228818676,6330
2022,3,Retiro,3,Estrella,033,222.13554363725012,22780,2.6117862875487274,107,28,8722,0.3157,0.3286,0.0209,0.025105267778753295,0.9539508340649693,21731,0.046005267778753293,1048,0.48931129476584023,8881
2022,3,Retiro,4,Ibiza,034,434.49186991869914,21377,2.282404441597267,159,39,9366,0.25079999999999997,0.35119999999999996,0.0558,0.07485444168966647,0.8693455583103336,18584,0.13065444168966647,2793,0.503419893345699,8685
2022,3,Retiro,5,Los Jerónimos,035,36.33025597985733,6926,2.5085114089098153,36,14,2761,0.2593,0.3898,0.0471,0.08183444989893157,0.8710655501010685,6033,0.12893444989893157,893,0.5312051649928264,2962
2022,3,Retiro,6,Niño Jesús,036,235.1779884968133,15129,2.668724642794144,87,19,5669,0.27190000000000003,0.3234,0.026600000000000002,0.03421036420120299,0.939189635798797,14209,0.06081036420120299,920,0.5659680467273664,6589
2022,4,Salamanca,1,Recoletos,041,179.2120032069637,15647,2.342365269461078,88,23,6680,0.23629999999999998,0.3226,0.0739,0.1262661660382182,0.7998338339617818,12515,0.20016616603821819,3132,0.6186923385479343,7712
2022,4,Salamanca,2,Goya,042,382.20173958198103,29441,2.2307167752689803,163,51,13198,0.2389,0.3353,0.0745,0.09145903671750281,0.8340409632824972,24555,0.1659590367175028,4886,0.5461152882205513,13074
2022,4,Salamanca,3,Fuente del Berro,043,244.52263664086323,20848,2.2494605092792406,131,31,9268,0.24710000000000001,0.3643,0.067,0.06548273215656178,0.8675172678434382,18086,0.13248273215656178,2762,0.44549235545662236,7605
2022,4,Salamanca,4,Guindalera,044,260.30072373346644,41721,2.334825675751301,250,60,17869,0.2397,0.3971,0.0635,0.05775787972483881,0.8787421202751612,36662,0.12125787972483881,5059,0.499851234751562,16800
2022,4,Salamanca,5,Lista,045,399.5578623606305,20785,2.2516520420322825,128,33,9231,0.2412,0.3521,0.0738,0.09333976425306711,0.8328602357469329,17311,0.16713976425306712,3474,0.5455798621516332,9103
2022,4,Salamanca,6,Castellana,046,220.0025859839669,17015,2.433495423340961,69,18,6992,0.2349,0.3297,0.07980000000000001,0.11820176315016162,0.8019982368498384,13646,0.19800176315016163,3369,0.5878953771289538,7732
2022,5,Chamartin,1,El Viso,051,100.52071144395039,17181,2.790029230269568,79,27,6158,0.2214,0.35729999999999995,0.0542,0.05871542983528316,0.8870845701647169,15241,0.11291542983528316,1940,0.5990915972747918,7914
2022,5,Chamartin,2,Prosperidad,052,345.76483030477834,35963,2.2443210184722915,237,63,16024,0.2589,0.3272,0.060700000000000004,0.04880143202736145,0.8904985679726386,32025,0.10950143202736146,3938,0.4654351423457499,13782
2022,5,Chamartin,3,Ciudad Jardín,053,241.50596877869603,18410,2.282137101772654,138,22,8067,0.2365,0.3452,0.0705,0.05725665399239545,0.8722433460076046,16058,0.12775665399239544,2352,0.475756153175508,7094
2022,5,Chamartin,4,Hispanoamérica,054,183.72554744525547,31463,2.522488575322697,201,41,12473,0.24719999999999998,0.38130000000000003,0.0382,0.0423390458633951,0.9194609541366049,28929,0.0805390458633951,2534,0.5619344007206912,13723
2022,5,Chamartin,5,Nueva España,055,136.11530082118318,24366,2.6438802083333335,157,37,9216,0.213,0.3624,0.0461,0.0501817040137897,0.9037182959862103,22020,0.0962817040137897,2346,0.6165099268547545,11210
2022,5,Chamartin,6,Castilla,056,78.60084208578171,16988,2.533253802564867,82,29,6706,0.22649999999999998,0.34850000000000003,0.0527,0.049725241346833066,0.8975747586531669,15248,0.10242524134683306,1740,0.5435519084544154,7220
2022,6,Tetuan,1,Bellas Vistas,061,405.41107382550337,28995,2.408422626463992,193,30,12039,0.1862,0.3234,0.1889,0.05290031039834453,0.7581652008967064,21983,0.24180031039834454,7011,0.30923348700934983,7177
2022,6,Tetuan,2,Cuatro Caminos,062,290.8945147679325,34471,2.2661889422128723,193,53,15211,0.22719999999999999,0.3461,0.10769999999999999,0.055161535783702254,0.8371384642162978,28857,0.16286153578370224,5614,0.4715392507163831,13329
2022,6,Tetuan,3,Castillejos,063,287.81041577976447,20282,2.1652610227394042,122,32,9367,0.2397,0.35090000000000005,0.1039,0.05510798737797061,0.8409920126220294,17057,0.15900798737797062,3225,0.4773237274123066,8083
2022,6,Tetuan,4,Almenara,064,226.07564538723236,22594,2.404128537986806,181,26,9398,0.18969999999999998,0.401,0.1185,0.04822567938390723,0.8332743206160927,18827,0.16672567938390723,3767,0.26877204770703844,4800
2022,6,Tetuan,5,Valdeacederas,065,224.68626439745572,26140,2.4043414275202353,216,30,10872,0.14679999999999999,0.35409999999999997,0.1766,0.05756220351951033,0.7658377964804897,20019,0.23416220351951034,6121,0.24652710785259502,5111
2022,6,Tetuan,6,Berruguete,066,410.9866578817328,24951,2.393840544948671,189,31,10423,0.16620000000000001,0.3615,0.18760000000000002,0.05768075027053021,0.7547192497294698,18831,0.24528075027053023,6120,0.2630942788074134,5224
2022,7,Chamberi,1,Gaztambide,071,447.36426456071075,22659,2.1668738643970546,112,30,10457,0.2564,0.3477,0.0652,0.06591787810582993,0.8688821218941701,19688,0.13111787810582992,2971,0.5345409721850045,9974
2022,7,Chamberi,2,Arapiles,072,414.5970252507783,23972,2.141121829224723,153,38,11196,0.2429,0.34729999999999994,0.0616,0.06646607708993825,0.8719339229100618,20902,0.12806607708993825,3070,0.5073031706448166,9968
2022,7,Chamberi,3,Trafalgar,073,400.3105082529825,24495,2.0859235289108407,175,43,11743,0.21539999999999998,0.31989999999999996,0.0654,0.0885906103286385,0.8460093896713615,20723,0.1539906103286385,3772,0.5338127370339358,10838
2022,7,Chamberi,4,Almagro,074,206.39727049792089,19358,2.40472049689441,119,33,8050,0.24420000000000003,0.3505,0.0635,0.08517238351069326,0.8513276164893068,16480,0.14867238351069326,2878,0.5555269922879177,8644
2022,7,Chamberi,5,Ríos Rosas,075,275.79454582735286,26901,2.2257984444812178,173,45,12086,0.2366,0.35590000000000005,0.058499999999999996,0.06439505966320955,0.8770677669975094,23594,0.12289505966320954,3306,0.54337899543379,11900
2022,7,Chamberi,6,Vallehermoso,076,186.1391694725028,19902,2.3749403341288784,94,26,8380,0.2775,0.3705,0.0362,0.040073741332529396,0.9237262586674706,18384,0.0762737413325294,1518,0.5702723051825825,9089
2022,8,Fuencarral-El Pardo,1,El Pardo,081,0.18029313894513055,3382,2.591570881226054,25,13,1305,0.2475,0.4456,0.029900000000000003,0.01829633353045535,0.9518036664695446,3219,0.048196333530455354,163,0.19524680073126144,534
2022,8,Fuencarral-El Pardo,2,Fuentelarreina,082,24.200781136988283,3346,2.9402460456942006,14,8,1138,0.2609,0.34020000000000006,0.038,0.03193424985056784,0.9300657501494322,3112,0.06993424985056784,234,0.5972794723825227,1449
2022,8,Fuencarral-El Pardo,3,Peñagrande,083,152.00013853773422,43887,2.5630438591368336,334,92,17123,0.27149999999999996,0.2783,0.048799999999999996,0.029742620821655616,0.9214573791783444,40440,0.07854262082165561,3447,0.33577041535937363,11665
2022,8,Fuencarral-El Pardo,4,Pilar,084,332.7024647887324,45354,2.3308664816527904,308,49,19458,0.29,0.3649,0.08039999999999999,0.04223526921550472,0.8773647307844953,39792,0.1226352692155047,5562,0.2596325152232297,9764
2022,8,Fuencarral-El Pardo,5,La Paz,085,150.11137924633377,32346,2.5887154861944777,155,43,12495,0.3553,0.22649999999999998,0.028300000000000002,0.02459680331416558,0.9471031966858344,30635,0.05289680331416558,1711,0.43118267462372856,11488
2022,8,Fuencarral-El Pardo,6,Valverde,086,70.87137576270432,63651,2.7593965405124203,839,259,23067,0.1208,0.3469,0.0794,0.04656817017800191,0.8740318298219981,55633,0.1259681701780019,8018,0.39121697229897917,17131
2022,8,Fuencarral-El Pardo,7,Mirasierra,087,50.39469168287381,35240,3.12024083584204,323,104,11294,0.15410000000000001,0.24539999999999998,0.0212,0.029509421112372303,0.9492905788876277,33453,0.050709421112372303,1787,0.5704420478281257,13382
2022,8,Fuencarral-El Pardo,8,El Goloso,088,7.199987921383304,19075,3.2166947723440136,343,118,5930,0.0806,0.44630000000000003,0.0253,0.037242595019659236,0.9374574049803408,17882,0.06254259501965924,1193,0.5689728897631061,6653
2022,9,Moncloa-Aravaca,1,Casa de Campo,091,7.333081337411086,12804,2.295034952500448,112,13,5579,0.2553,0.4096,0.0446,0.04373177132146204,0.9116682286785379,11673,0.08833177132146204,1131,0.4231977906866013,4444
2022,9,Moncloa-Aravaca,2,Argüelles,092,319.009900990099,24165,2.2940003797228026,145,40,10534,0.24609999999999999,0.3564,0.0729,0.07905530726256983,0.8480446927374302,20493,0.15195530726256984,3672,0.536487651503626,10579
2022,9,Moncloa-Aravaca,3,Ciudad Universitaria,093,11.381737293784955,16220,2.6131786692444017,97,26,6207,0.25670000000000004,0.3336,0.053,0.04249938347718866,0.9045006165228113,14671,0.09549938347718866,1549,0.5660347172226222,7076
2022,9,Moncloa-Aravaca,4,Valdezarza,094,213.25223613595708,29802,2.3847323357605825,270,50,12497,0.2518,0.3497,0.0789,0.03777002214616469,0.8833299778538353,26325,0.11667002214616469,3477,0.29159962740282835,6887
2022,9,Moncloa-Aravaca,5,Valdemarín,095,21.341408024224073,7048,3.461689587426326,75,24,2036,0.11460000000000001,0.3156,0.0451,0.04244256526674234,0.9124574347332577,6431,0.08754256526674234,617,0.6618148737775756,2910
2022,9,Moncloa-Aravaca,6,El Plantío,096,8.497250722748143,2998,3.202991452991453,21,9,936,0.19149999999999998,0.25780000000000003,0.0574,0.05067204803202135,0.8919279519679787,2674,0.10807204803202135,324,0.5730067243035543,1193
2022,9,Moncloa-Aravaca,7,Aravaca,097,46.83407610558793,27323,3.0856013551665726,234,62,8855,0.1617,0.2644,0.049800000000000004,0.054837118910807746,0.8953628810891923,24464,0.10463711891080775,2859,0.5454253783220149,10200
2022,10,Latina,1,Los Cármenes,101,135.78173374613004,17543,2.6313184340782962,157,26,6667,0.1699,0.3507,0.1244,0.0498005358262555,0.8257994641737445,14487,0.1742005358262555,3056,0.18337592063730648,2440
2022,10,Latina,2,Puerta del Angel,102,301.03250199956375,41401,2.3505933117583604,309,42,17613,0.20350000000000001,0.3945,0.1517,0.06401942706697905,0.7842805729330209,32470,0.21571942706697905,8931,0.22697467364494978,7546
2022,10,Latina,3,Lucero,103,214.78260869565216,36062,2.5264116575591986,256,33,14274,0.22010000000000002,0.41619999999999996,0.136,0.04762819588486494,0.816371804115135,29440,0.18362819588486495,6622,0.1908315942131513,5395
2022,10,Latina,4,Aluche,104,231.00919362762298,65833,2.451150495196962,408,64,26858,0.2923,0.37729999999999997,0.11869999999999999,0.05716924490756915,0.8241307550924308,54255,0.17586924490756914,11578,0.16990200478755235,9085
2022,10,Latina,5,Campamento,105,21.03814435232935,19337,2.5938296445338698,118,26,7455,0.2341,0.4158,0.1545,0.06342418679216011,0.7820758132078399,15123,0.2179241867921601,4214,0.18919624217118997,2900
2022,10,Latina,6,Cuatro Vientos,106,10.986906318484007,5966,2.6562778272484415,101,29,2246,0.0699,0.18469999999999998,0.0528,0.04659658062353336,0.9006034193764666,5373,0.09939658062353336,593,0.2589910692734733,1073
2022,10,Latina,7,Águilas,107,141.02947695035462,50906,2.4405983315754147,366,51,20858,0.2772,0.3897,0.08070000000000001,0.04600412132165167,0.8732958786783483,44456,0.12670412132165168,6450,0.14996208136604935,6130
2022,11,Carabanchel,1,Comillas,111,333.4934694490317,22214,2.319515505899551,172,35,9577,0.23629999999999998,0.3725,0.1244,0.07295302061762853,0.8026469793823715,17830,0.19735302061762852,4384,0.21569815477829798,3916
2022,11,Carabanchel,2,Opañel,112,300.73150907613115,33300,2.507907817442386,220,34,13278,0.2023,0.371,0.1726,0.060763363363363354,0.7666366366366366,25529,0.23336336336336336,7771,0.18206112616681722,4837
2022,11,Carabanchel,3,San Isidro,113,207.39746222292422,39391,2.559352868559548,303,36,15391,0.1888,0.3682,0.1521,0.06426922139575028,0.7836307786042497,30868,0.2163692213957503,8523,0.16663965511652784,5141
2022,11,Carabanchel,4,Vista Alegre,114,292.4364460105714,46474,2.646432435510506,301,50,17561,0.22219999999999998,0.36829999999999996,0.18230000000000002,0.06416038645264016,0.7535396135473598,35020,0.24646038645264018,11454,0.13871934604904632,5091
2022,11,Carabanchel,5,Puerta Bonita,115,220.03605619793606,35395,2.778039400361039,290,33,12741,0.17550000000000002,0.3967,0.183,0.06748735697132363,0.7495126430286764,26529,0.2504873569713236,8866,0.1250465757508011,3356
2022,11,Carabanchel,6,Buenavista,116,85.18313974203662,47815,2.723725434349188,554,102,17555,0.13570000000000002,0.35350000000000004,0.08650000000000001,0.0607341315486772,0.8527658684513229,40775,0.1472341315486772,7040,0.1783383826613843,6122
2022,11,Carabanchel,7,Abrantes,117,197.65435255017255,30925,2.7708090672878773,236,39,11161,0.1753,0.3611,0.15710000000000002,0.06611746160064672,0.7767825383993533,24022,0.22321746160064673,6903,0.13574699732135143,3142
2022,12,Usera,1,Orcasitas,121,169.5370097316426,22996,2.714353163361662,201,34,8472,0.18989999999999999,0.3933,0.0659,0.03616122803965907,0.8978952861367194,20648,0.10206122803965907,2347,0.10357793314141354,1763
2022,12,Usera,2,Orcasur,122,102.71750883010165,14250,2.966895690193629,101,17,4803,0.1422,0.3286,0.1423,0.039664912280701736,0.8180350877192982,11657,0.18196491228070175,2593,0.12265150785239426,1273
2022,12,Usera,3,San Fermín,123,159.00772671817813,23460,2.8231046931407944,238,40,8310,0.1454,0.3196,0.154,0.050177323103154314,0.7958226768968457,18670,0.2041773231031543,4790,0.11905882352941176,2024
2022,12,Usera,4,Almendrales,124,288.41174208434813,22499,2.7834962266485217,170,18,8083,0.1557,0.3998,0.2293,0.053423676607849246,0.7172763233921507,16138,0.28272367660784925,6361,0.15248017047472476,2576
2022,12,Usera,5,Moscardó,125,287.62103873239437,26139,2.657482716551444,186,23,9836,0.18600000000000003,0.3822,0.2316,0.055824920616702994,0.712575079383297,18626,0.287424920616703,7513,0.14710622710622712,3012
2022,12,Usera,6,Zofío,126,181.1627906976744,14022,2.7849056603773583,98,7,5035,0.177,0.3666,0.201,0.0630136927685066,0.7359149907288547,10319,0.2640136927685066,3702,0.108740408010481,1162
2022,12,Usera,7,Pradolongo,127,159.18590855161085,17442,2.9050632911392404,133,16,6004,0.1635,0.3983,0.31079999999999997,0.055385070519435864,0.6338149294805642,11055,0.36618507051943583,6387,0.0831213526859195,1111
2022,13,Puente de Vallecas,1,Entrevías,131,58.088715484184256,34690,2.726558201681993,278,36,12723,0.1866,0.3839,0.1293,0.04853222830786971,0.8221677716921303,28521,0.1778322283078697,6169,0.0644791626876504,1688
2022,13,Puente de Vallecas,2,San Diego,132,401.0655201420694,42910,2.6362351784726914,418,39,16277,0.1335,0.3721,0.2525,0.06623689116755999,0.68126310883244,29233,0.31873689116756,13677,0.11544996756155582,3737
2022,13,Puente de Vallecas,3,Palomeras Bajas,133,231.65496838563723,39935,2.6375404530744335,321,44,15141,0.17420000000000002,0.34130000000000005,0.11259999999999999,0.04345358707900339,0.8439464129209966,33703,0.15605358707900338,6232,0.1430303824850054,4364
2022,13,Puente de Vallecas,4,Palomeras Sureste,134,136.84616869330245,42540,2.632914526211549,362,52,16157,0.1848,0.36469999999999997,0.09210000000000002,0.04598180535966148,0.8618946873530795,36665,0.1380818053596615,5874,0.11428137805433299,3765
2022,13,Puente de Vallecas,5,Portazgo,135,226.8449369629808,28249,2.6026349732817393,236,36,10854,0.2141,0.37329999999999997,0.11900000000000001,0.04461641120039646,0.8363835887996035,23627,0.16361641120039647,4622,0.09594365939543605,2098
2022,13,Puente de Vallecas,6,Numancia,136,255.87583148558758,47314,2.5661134613298624,378,51,18438,0.1859,0.3618,0.1789,0.05532242887940145,0.7657775711205985,36232,0.23422242887940145,11082,0.12998351217666299,4809
2022,14,Moratalaz,1,Pavones,141,86.35238189561255,8719,2.655802619555285,46,15,3283,0.2686,0.3676,0.061,0.04142000229384103,0.8975799977061589,7826,0.10242000229384103,893,0.19287059846399074,1331
2022,14,Moratalaz,2,Horcajo,142,85.18568172677303,6354,2.9013698630136986,58,15,2190,0.10640000000000001,0.25,0.0375,0.03206248032735285,0.9304375196726472,5912,0.06956248032735285,442,0.3382386235001132,1494
2022,14,Moratalaz,3,Marroquina,143,146.90240768672143,26297,2.434231232065167,153,32,10803,0.2853,0.38189999999999996,0.0416,0.027267171160208395,0.9311328288397916,24486,0.06886717116020839,1811,0.27515236755743083,5869
2022,14,Moratalaz,4,Media Legua,144,173.94394394394394,17377,2.4306896069380333,122,17,7149,0.2862,0.35509999999999997,0.07,0.03600218679864188,0.8939978132013581,15535,0.10600218679864189,1842,0.24096471766979174,3367
2022,14,Moratalaz,5,Fontarrón,145,176.69500311009747,17044,2.4740891275947163,140,20,6889,0.2419,0.4708,0.10529999999999999,0.05645780333255106,0.8382421966674489,14287,0.16175780333255105,2757,0.16262082195823802,2204
2022,14,Moratalaz,6,Vinateros,146,279.44444444444446,16599,2.3003048780487805,121,19,7216,0.2864,0.4819,0.0781,0.05016073859871076,0.8717392614012892,14470,0.12826073859871076,2129,0.19878057738926028,2706
2022,15,Ciudad Lineal,1,Ventas,151,149.47154471544715,47801,2.39005,336,58,20000,0.2302,0.4285,0.1258,0.059154289659212156,0.8150457103407879,38960,0.18495428965921215,8841,0.20352381936550584,7878
2022,15,Ciudad Lineal,2,Pueblo Nuevo,152,267.0532942393929,61935,2.559826410415375,421,69,24195,0.2183,0.3636,0.1334,0.05652492128844758,0.8100750787115525,50172,0.18992492128844757,11763,0.18509483442093067,9105
2022,15,Ciudad Lineal,3,Quintana,153,334.43507122113124,24183,2.330217768356138,182,25,10378,0.21760000000000002,0.4053,0.1326,0.06791275689533971,0.7994458917421329,19333,0.2005127568953397,4849,0.25758806212567253,5075
2022,15,Ciudad Lineal,4,La Concepción,154,230.725815554803,20440,2.2605618226056183,177,41,9042,0.24239999999999998,0.4039,0.0867,0.059728571428571436,0.8535225048923679,17446,0.14642857142857144,2993,0.3173728813559322,5243
2022,15,Ciudad Lineal,5,San Pascual,155,166.6761660492068,17546,2.3375965893951505,150,32,7506,0.27690000000000003,0.33590000000000003,0.0499,0.04106090276986207,0.9090390972301379,15950,0.09096090276986207,1596,0.33717885200651143,4764
2022,15,Ciudad Lineal,6,San Juan Bautista,156,121.55718242975861,12287,2.513707037643208,112,31,4888,0.2248,0.3429,0.0432,0.06105653129323675,0.8957434687067632,11006,0.10425653129323675,1281,0.527114267269206,4899
2022,15,Ciudad Lineal,7,Colina,157,113.23923530462748,6338,2.4117199391171993,81,25,2628,0.23809999999999998,0.3148,0.0508,0.05854048595771537,0.8906595140422846,5645,0.10934048595771537,693,0.508682328907048,2490
2022,15,Ciudad Lineal,8,Atalaya,158,64.56408196062675,1607,2.6872909698996654,20,8,598,0.2284,0.2861,0.0436,0.07338817672682016,0.8830118232731798,1419,0.11698817672682016,188,0.553781512605042,659
2022,15,Ciudad Lineal,9,Costillares,159,152.52242152466368,21768,2.719300437226733,156,60,8005,0.2291,0.308,0.0258,0.027397353914002203,0.9468026460859978,20610,0.0531973539140022,1158,0.5447881724437819,8770
2022,16,Hortaleza,1,Palomas,161,64.86714071856288,6933,3.039456378781236,58,16,2281,0.16149999999999998,0.2188,0.0407,0.07267083513630462,0.8866291648636954,6147,0.11337083513630462,786,0.5667580679181607,2687
2022,16,Hortaleza,2,Piovera,162,47.61116065740859,14948,3.018578352180937,112,23,4952,0.1558,0.2495,0.0434,0.12083601819641424,0.8357639818035858,12493,0.16423601819641423,2455,0.5799733739064283,6099
2022,16,Hortaleza,3,Canillas,163,157.41526263627352,39708,2.471093409670795,285,47,16069,0.275,0.3233,0.0533,0.04660430140022162,0.9000956985997783,35741,0.09990430140022162,3967,0.2785296783671428,8911
2022,16,Hortaleza,4,Pinar del Rey,164,194.55118583008104,51844,2.4187739106093122,441,66,21434,0.2646,0.3546,0.0745,0.04676764910114961,0.878693773628578,45555,0.12126764910114961,6287,0.22087927962633022,9174
2022,16,Hortaleza,5,Apóstol Santiago,165,127.57447514729067,15374,2.6311826116720862,111,29,5843,0.21530000000000002,0.35979999999999995,0.0688,0.03676784181084948,0.8944321581891506,13751,0.10556784181084948,1623,0.26416199481214964,3157
2022,16,Hortaleza,6,Valdefuentes,166,38.889182569470144,66210,2.9154557463672393,955,307,22710,0.07690000000000001,0.2112,0.0479,0.05696331369883703,0.8951366863011629,59267,0.10486331369883703,6943,0.5336536229865849,22993
2022,17,Villaverde,1,"Villaverde Alto, Casco Histórico de Villaverde",171,49.878966024033886,46156,2.7734647277971396,400,56,16642,0.1637,0.3788,0.16010000000000002,0.06433452638876849,0.7755654736112315,35797,0.2244345263887685,10359,0.09628250625399964,3310
2022,17,Villaverde,2,San Cristóbal,172,153.71824480369514,16640,3.212355212355212,127,11,5180,0.11259999999999999,0.45539999999999997,0.30879999999999996,0.04871201923076929,0.6424879807692307,10691,0.35751201923076925,5949,0.058929645219482865,686
2022,17,Villaverde,3,Butarque,173,32.645282722923696,20813,2.832085998094979,304,46,7349,0.0886,0.24230000000000002,0.09050000000000001,0.05412115024263679,0.8553308028635949,17802,0.1446211502426368,3010,0.1605601923893054,2270
2022,17,Villaverde,4,Los Rosales,174,242.22106834555723,37319,2.8093194820837097,262,43,13284,0.1705,0.3245,0.1489,0.05788474771564081,0.7932152522843592,29602,0.20678474771564082,7717,0.11502590673575129,3219
2022,17,Villaverde,5,Ángeles,175,170.00465044179197,32901,2.563181676534746,252,42,12836,0.2439,0.42219999999999996,0.13269999999999998,0.054893082277134436,0.8124069177228656,26729,0.18759308227713442,6172,0.13181922811325097,3436
2022,18,Villa de Vallecas,1,Casco Histórico de Vallecas,181,9.194371589396434,39578,2.6608847653623773,391,47,14874,0.1686,0.32439999999999997,0.12050000000000001,0.061090782758097914,0.8184092172419021,32391,0.18159078275809792,7187,0.09008669430833019,2629
2022,18,Villa de Vallecas,2,Santa Eugenia,182,115.90231708489567,24110,2.6626173384870238,132,25,9055,0.237,0.23170000000000002,0.041100000000000005,0.06902028204064703,0.889879717959353,21455,0.11012028204064704,2655,0.1831755280407866,3521
2022,18,Villa de Vallecas,3,Ensanche de Vallecas,183,80.63112078346028,51129,2.526136363636364,931,222,20240,0.0509,0.2211,0.07629999999999999,0.051474844021983615,0.8722251559780164,44596,0.1277748440219836,6533,0.29257568070353457,10380
2022,19,Vicalvaro,1,Casco Histórico de Vicálvaro,191,16.32347330907873,35086,2.6199223416965354,303,37,13392,0.2032,0.4127,0.1162,0.09573638488285927,0.7880636151171407,27650,0.21193638488285926,7436,0.10248830682881198,2739
2022,19,Vicalvaro,2,Valdebernardo,192,68.22042190129545,17431,2.859885151763741,95,29,6095,0.13119999999999998,0.24530000000000002,0.0529,0.02804773679077506,0.919052263209225,16020,0.08094773679077506,1411,0.24574669187145556,3120
2022,19,Vicalvaro,3,Valderrivas,193,277.782960199005,17867,2.8337827121332277,265,56,6305,0.0663,0.2878,0.0176,0.022082095483293224,0.9603179045167067,17158,0.039682095483293225,709,0.2877277414919216,3348
2022,19,Vicalvaro,4,El Cañaveral,194,8.458243098833965,8944,2.4741355463347166,103,23,3615,0.0229,0.1659,0.0533,0.0598484794275492,0.8868515205724508,7932,0.1131484794275492,1012,0.3376845376845377,2173
2022,20,San Blas-Canillejas,1,Simancas,201,126.51671572288363,28171,2.5315420560747666,271,47,11128,0.1563,0.39990000000000003,0.1243,0.06880638599978703,0.806893614000213,22731,0.19310638599978702,5440,0.21771457781495424,4685
2022,20,San Blas-Canillejas,2,Hellín,202,170.26879767526333,9274,2.507842076798269,73,4,3698,0.2066,0.5292,0.1161,0.05286700452879016,0.8310329954712098,7707,0.16896700452879015,1567,0.10560965573995337,770
2022,20,San Blas-Canillejas,3,Amposta,203,241.42587091547392,8710,2.5647820965842167,86,11,3396,0.17859999999999998,0.4647,0.1494,0.056340528128587836,0.7942594718714122,6918,0.20574052812858784,1792,0.08130572767115007,538
2022,20,San Blas-Canillejas,4,Arcos,204,190.43058535090407,24960,2.703639514731369,206,32,9232,0.16940000000000002,0.415,0.0791,0.03768685897435897,0.8832131410256411,22045,0.11678685897435898,2915,0.15855826733473413,2943
2022,20,San Blas-Canillejas,5,Rosas,205,34.31721615661808,30887,2.7886421090646443,240,52,11076,0.155,0.284,0.0282,0.03153386861786513,0.9402661313821349,29042,0.05973386861786512,1845,0.2786036036036036,6185
2022,20,San Blas-Canillejas,6,Rejas,206,34.54752078473593,16971,2.492436481127919,237,60,6809,0.11560000000000001,0.3651,0.0986,0.08642150727711981,0.8149784927228803,13831,0.1850215072771198,3140,0.3453394986614748,4257
2022,20,San Blas-Canillejas,7,Canillejas,207,182.58121049007948,28541,2.58711022480058,229,32,11032,0.23260000000000003,0.33399999999999996,0.1035,0.0708456781472268,0.8256543218527732,23565,0.1743456781472268,4976,0.16964166481192966,3811
2022,20,San Blas-Canillejas,8,El Salvador,208,61.25206106058189,11269,2.580490038928326,76,15,4367,0.225,0.3191,0.0436,0.04851110125122016,0.9078888987487799,10231,0.09211110125122016,1038,0.40104581107195636,3528
2022,21,Barajas,1,Alameda de Osuna,211,97.83389947324373,19662,2.647011308562197,178,44,7428,0.2626,0.2341,0.028999999999999998,0.03732082188993999,0.93367917811006,18358,0.06632082188993998,1304,0.4027243913952391,5972
2022,21,Barajas,2,Aeropuerto,212,0.6441956655845799,1895,2.7503628447024675,13,8,689,0.1472,0.4194,0.15410000000000001,0.07122981530343006,0.7746701846965699,1468,0.22532981530343008,427,0.10799438990182328,154
2022,21,Barajas,3,Casco Histórico de Barajas,213,140.78995267564616,7351,2.3299524564183836,50,16,3155,0.19899999999999998,0.31920000000000004,0.10339999999999999,0.08922685348932119,0.8073731465106788,5935,0.19262685348932118,1416,0.1607889018886846,962
2022,21,Barajas,4,Timón,214,26.971490496832278,11895,2.6658449125952486,161,35,4462,0.11789999999999999,0.3079,0.053,0.04855527532576714,0.898276586801177,10685,0.10155527532576714,1208,0.29278908363721917,2489
2022,21,Barajas,5,Corralejos,215,16.710540395933656,7601,2.9111451551129837,95,34,2611,0.1024,0.2738,0.0217,0.04487018813314038,0.9334298118668596,7095,0.06657018813314038,506,0.5141773162939297,2575
2023,1,Centro,1,Palacio,011,159.88162460031293,23501,1.9970258327668253,151,38,11768,0.1929,0.3002,0.0942,0.12285459342155652,0.7829028551976511,18399,0.21705459342155653,5101,0.4737682026730501,9500
2023,1,Centro,2,Embajadores,012,446.9768791719067,46204,2.0270246556111258,296,55,22794,0.1375,0.3103,0.1891,0.11736697255648865,0.6935330274435114,32044,0.30646697255648864,14160,0.4065491953554696,15966
2023,1,Centro,3,Cortes,013,182.7335698597736,10816,1.9383512544802868,50,13,5580,0.17370000000000002,0.2954,0.1134,0.17062366863905326,0.7159763313609467,7744,0.28402366863905326,3072,0.5208916648718501,4837
2023,1,Centro,4,Justicia,014,246.4024885041926,18219,1.995072273324573,108,21,9132,0.1575,0.32020000000000004,0.1066,0.1628988748010319,0.7305011251989681,13309,0.2694988748010319,4910,0.5439154125583809,8385
2023,1,Centro,5,Universidad,015,345.81223628691987,32783,1.9232077906840315,168,46,17046,0.16010000000000002,0.3104,0.1305,0.13149554647225697,0.738004453527743,24194,0.261995546472257,8589,0.48592350348357743,13670
2023,1,Centro,6,Sol,016,183.33707612845274,8164,2.0420210105052528,30,12,3998,0.1575,0.2597,0.17079999999999998,0.17755864772170507,0.651641352278295,5320,0.34835864772170505,2844,0.4625790324952213,3146
2023,2,Arganzuela,1,Imperial,021,231.32169060659297,22385,2.30298353909465,138,27,9720,0.2347,0.3091,0.047400000000000005,0.03707621174893901,0.915523788251061,20494,0.08447621174893902,1891,0.42817133443163097,7797
2023,2,Arganzuela,2,Acacias,022,336.02571268865285,36069,2.308563748079877,237,49,15624,0.2576,0.26890000000000003,NA,NA,0.918045967451274,33113,0.08195403254872605,2956,0.43779960443833593,13060
2023,2,Arganzuela,3,Chopera,023,348.027474462839,19761,2.265130674002751,146,21,8724,0.23,0.3627,0.044000000000000004,0.09991984211325336,0.8560801578867466,16917,0.14391984211325337,2844,0.34318016046681254,5646
2023,2,Arganzuela,4,Legazpi,024,137.6316719688936,19468,2.503278899318503,189,45,7777,0.1134,0.20739999999999997,NA,NA,0.9198685021573865,17908,0.08013149784261352,1560,0.5040616538221204,7260
2023,2,Arganzuela,5,Delicias,025,270.9301223096615,28575,2.3534014165705814,205,59,12142,0.1771,0.2916,0.1,0.030253718285214337,0.8697462817147856,24853,0.13025371828521434,3722,0.4337931952268997,9779
2023,2,Arganzuela,6,Palos de la Frontera,026,387.0604565083282,25097,2.1337357592246216,161,30,11762,0.21660000000000001,0.3262,0.0528,0.1040713392038889,0.843128660796111,21160,0.1568713392038889,3937,0.4160829231351761,8791
2023,2,Arganzuela,7,Atocha,027,26.49177653935028,1949,2.623149394347241,19,6,743,0.098,0.22510000000000002,0.0327,0.07607373011800925,0.8912262698819907,1737,0.10877373011800924,212,0.42981186685962375,594
2023,3,Retiro,1,Pacífico,031,435.54002373730714,33027,2.2244897959183674,209,37,14847,0.2645,0.3236,0.06559999999999999,0.04158503042964848,0.8928149695703516,29487,0.10718503042964847,3540,0.4435268754339168,12138
2023,3,Retiro,2,Adelfas,032,293.88264669163544,18832,2.366126397788667,142,31,7959,0.22829999999999998,0.2738,0.0524,0.033729991503823276,0.9138700084961767,17210,0.08612999150382328,1622,0.43577430972388953,6534
2023,3,Retiro,3,Estrella,033,220.8581179912238,22649,2.5973623853211008,109,34,8720,0.31920000000000004,0.3382,0.0263,0.022708786259879026,0.950991213740121,21539,0.04900878625987903,1110,0.4986974114516934,8997
2023,3,Retiro,4,Ibiza,034,436.8292682926829,21492,2.291746641074856,158,39,9378,0.253,0.34850000000000003,0.0711,0.0725813698120231,0.8563186301879769,18404,0.1436813698120231,3088,0.5116844053678853,8846
2023,3,Retiro,5,Los Jerónimos,035,35.800461603021404,6825,2.4872448979591835,36,12,2744,0.2632,0.39590000000000003,0.0524,0.08591501831501833,0.8616849816849816,5881,0.13831501831501833,944,0.5404718693284937,2978
2023,3,Retiro,6,Niño Jesús,036,234.618374009016,15093,2.650219490781387,87,20,5695,0.2734,0.33390000000000003,0.032400000000000005,0.034650950771880996,0.9329490492281189,14081,0.067050950771881,1012,0.57338148052618,6669
2023,4,Salamanca,1,Recoletos,041,176.8869545298362,15444,2.299583085169744,87,25,6716,0.24350000000000002,0.3215,0.0819,0.12782545972545972,0.7902745402745402,12205,0.20972545972545972,3239,0.6280710289467283,7746
2023,4,Salamanca,2,Goya,042,382.66908996494874,29477,2.219820769636268,180,41,13279,0.2408,0.3343,0.08779999999999999,0.0918994266716423,0.8203005733283577,24180,0.1796994266716423,5297,0.5601052939455982,13405
2023,4,Salamanca,3,Fuente del Berro,043,245.4726718273516,20929,2.239593365436062,130,27,9345,0.2473,0.3594,0.0776,0.06502506569831334,0.8573749343016867,17944,0.14262506569831335,2985,0.46470828233374134,7973
2023,4,Salamanca,4,Guindalera,044,261.81682056401297,41964,2.312958165683735,232,57,18143,0.2395,0.391,0.0724,0.05551916881136211,0.8720808311886379,36596,0.12791916881136212,5368,0.5137326861607672,17358
2023,4,Salamanca,5,Lista,045,403.09496347558627,20969,2.2450749464668096,130,28,9340,0.2416,0.3508,0.0904,0.09105834326863467,0.8185416567313654,17164,0.18145834326863466,3805,0.55901249256395,9397
2023,4,Salamanca,6,Castellana,046,218.76131367985516,16919,2.39849730649277,71,17,7054,0.23579999999999998,0.3312,0.1054,0.1100973698209114,0.7845026301790886,13273,0.2154973698209114,3646,0.5998614638651582,7794
2023,5,Chamartin,1,El Viso,051,101.06482564942664,17274,2.788377723970944,72,35,6195,0.22260000000000002,0.3557,0.0623,0.05353883292810003,0.8841611670719,15273,0.11583883292810003,2001,0.6066193138884691,8028
2023,5,Chamartin,2,Prosperidad,052,346.38015575425436,36027,2.22237986552341,235,62,16211,0.2613,0.3276,0.0711,0.045951100563466296,0.8829488994365338,31810,0.11705110056346629,4217,0.4784919113442976,14227
2023,5,Chamartin,3,Ciudad Jardín,053,242.85714285714283,18513,2.2720913107511045,133,29,8148,0.2382,0.34020000000000006,0.08130000000000001,0.055468757089612686,0.8632312429103873,15981,0.1367687570896127,2532,0.4911835426128774,7354
2023,5,Chamartin,4,Hispanoamérica,054,183.76642335766422,31470,2.5081692834940625,210,38,12547,0.2491,0.3772,0.045899999999999996,0.039864219891960595,0.9142357801080394,28771,0.08576421989196059,2699,0.5712416697330226,13972
2023,5,Chamartin,5,Nueva España,055,136.6739288307916,24466,2.637843665768194,148,45,9275,0.21359999999999998,0.3654,0.057,0.047675876726886286,0.8953241232731137,21905,0.10467587672688629,2561,0.6235835112497947,11391
2023,5,Chamartin,6,Castilla,056,78.86919909313839,17046,2.5227171821814416,88,37,6757,0.2281,0.34259999999999996,0.07139999999999999,0.04100173647776606,0.8875982635222339,15130,0.11240173647776605,1916,0.5583006929798132,7412
2023,6,Tetuan,1,Bellas Vistas,061,410.44463087248323,29355,2.4091095609355766,176,36,12185,0.1841,0.3286,0.2071,0.046144762391415406,0.7467211718616931,21920,0.2532447623914154,7434,0.32352067868504775,7627
2023,6,Tetuan,2,Cuatro Caminos,062,293.2742616033755,34753,2.2678804489689375,203,45,15324,0.2259,0.33840000000000003,0.1226,0.04797520214082236,0.8294247978591777,28825,0.17057520214082236,5928,0.4830008429334083,13752
2023,6,Tetuan,3,Castillejos,063,291.8972612459203,20570,2.1595800524934385,109,35,9525,0.2376,0.3515,0.1208,0.046385221195916385,0.8328147788040836,17131,0.1671852211959164,3439,0.4906079934460764,8384
2023,6,Tetuan,4,Almenara,064,230.70842505503302,23057,2.4118200836820085,197,29,9560,0.1873,0.3837,0.151,0.033195688944789,0.815804311055211,18810,0.184195688944789,4247,0.27899427816901406,5071
2023,6,Tetuan,5,Valdeacederas,065,228.40811414818634,26573,2.402404845854805,214,42,11061,0.14679999999999999,0.3378,0.19920000000000002,0.046914477100816615,0.7538478907161404,20032,0.24611447710081663,6540,0.25824514781948466,5442
2023,6,Tetuan,6,Berruguete,066,423.2251688354472,25694,2.4112237237237237,202,35,10656,0.16210000000000002,0.3439,0.2143,0.04790129213045846,0.7377987078695415,18957,0.26220129213045845,6737,0.2755747267290819,5622
2023,7,Chamberi,1,Gaztambide,071,453.2872655478776,22959,2.1639019792648444,102,28,10610,0.2541,0.34259999999999996,0.0793,0.06360692103314604,0.8570930789668539,19678,0.14290692103314603,3281,0.5445897108843537,10247
2023,7,Chamberi,2,Arapiles,072,418.3673469387755,24190,2.1318410152463207,147,40,11347,0.242,0.345,0.0717,0.06352116577097976,0.8647788342290202,20919,0.13522116577097976,3271,0.5248194717972025,10393
2023,7,Chamberi,3,Trafalgar,073,402.3696682464455,24621,2.068122637547249,174,46,11905,0.21530000000000002,0.3155,0.0775,0.09097406685349906,0.8315259331465009,20473,0.16847406685349905,4148,0.5483125061497589,11145
2023,7,Chamberi,4,Almagro,074,207.03699754771296,19418,2.394623258108275,108,35,8109,0.2457,0.3467,0.07339999999999999,0.08665767844268205,0.839942321557318,16310,0.16005767844268204,3108,0.5687079192048734,8869
2023,7,Chamberi,5,Ríos Rosas,075,278.4806233340168,27163,2.2168448543213906,176,43,12253,0.235,0.3582,0.0672,0.06456011486212863,0.8682398851378713,23584,0.13176011486212863,3579,0.5594263222187034,12365
2023,7,Chamberi,6,Vallehermoso,076,185.68088290310513,19853,2.3514153736823404,90,26,8443,0.2748,0.3701,0.0462,0.0395301163552108,0.9142698836447892,18151,0.0857301163552108,1702,0.5793390514631686,9186
2023,8,Fuencarral-El Pardo,1,El Pardo,081,0.1823722141724694,3421,2.599544072948328,24,13,1316,0.2447,0.4253,0.0329,0.020008506284712076,0.9470914937152879,3240,0.052908506284712074,181,0.20807566387777374,572
2023,8,Fuencarral-El Pardo,2,Fuentelarreina,082,24.663677130044846,3410,2.9447322970639034,14,14,1158,0.2589,0.3477,0.0397,0.036253079178885636,0.9240469208211144,3151,0.07595307917888564,259,0.609508329947176,1500
2023,8,Fuencarral-El Pardo,3,Peñagrande,083,153.57254182107852,44341,2.5527345998848587,342,82,17370,0.2742,0.2797,0.0572,0.027349288468911395,0.9154507115310886,40592,0.0845492884689114,3749,0.34640075323119063,12141
2023,8,Fuencarral-El Pardo,4,Pilar,084,334.5803990610329,45610,2.320765277565766,319,53,19653,0.28600000000000003,0.37549999999999994,0.10099999999999999,0.03440890155667618,0.8645691734268801,39433,0.13540890155667618,6176,0.2703618412345483,10214
2023,8,Fuencarral-El Pardo,5,La Paz,085,149.39669574902544,32192,2.5718622673164497,156,44,12517,0.3616,0.2376,0.0353,0.01971366799204772,0.9449863320079522,30421,0.05501366799204772,1771,0.4379129384226224,11599
2023,8,Fuencarral-El Pardo,6,Valverde,086,72.10283703736694,64757,2.757611889451944,821,257,23483,0.1215,0.33649999999999997,0.10099999999999999,0.04100781382707662,0.8579767438269222,55560,0.1420078138270766,9196,0.39699254830217307,17794
2023,8,Fuencarral-El Pardo,7,Mirasierra,087,51.018190138428096,35676,3.1226258205689277,306,106,11425,0.1585,0.2557,0.025099999999999997,0.026783619239825092,0.9481163807601749,33825,0.05188361923982509,1851,0.5785200454335114,13752
2023,8,Fuencarral-El Pardo,8,El Goloso,088,7.185267107284538,19036,3.191282481139983,325,112,5965,0.0851,0.4401,0.028399999999999998,0.034060600966589624,0.9375393990334103,17847,0.06246060096658962,1189,0.5747823117637015,6733
2023,9,Moncloa-Aravaca,1,Casa de Campo,091,7.311890771222066,12767,2.2737310774710595,102,13,5615,0.2552,0.39899999999999997,0.0525,0.038124265684969065,0.9093757343150309,11610,0.09062426568496906,1157,0.4360809005914902,4571
2023,9,Moncloa-Aravaca,2,Argüelles,092,323.3927392739274,24497,2.287088040332369,137,37,10711,0.2444,0.36090000000000005,0.08460000000000001,0.07701162591337715,0.8383883740866228,20538,0.16161162591337716,3959,0.5505850312689127,10917
2023,9,Moncloa-Aravaca,3,Ciudad Universitaria,093,11.482783543495499,16364,2.6069778556635335,99,32,6277,0.2555,0.3427,0.0644,0.03520889758005377,0.9003911024199462,14734,0.09960889758005377,1630,0.5790731008122313,7272
2023,9,Moncloa-Aravaca,4,Valdezarza,094,218.1323792486583,30484,2.397483287455761,287,52,12715,0.2486,0.34850000000000003,0.09630000000000001,0.03291532607269386,0.8707846739273061,26545,0.12921532607269387,3939,0.3051746281642292,7366
2023,9,Moncloa-Aravaca,5,Valdemarín,095,21.668433005299015,7156,3.4436958614051973,74,30,2078,0.1192,0.3212,0.0499,0.03785852431525992,0.9122414756847401,6528,0.08775852431525992,628,0.6680062513954007,2992
2023,9,Moncloa-Aravaca,6,El Plantío,096,8.627628819227935,3044,3.194123819517314,18,8,953,0.1991,0.25739999999999996,0.052000000000000005,0.05509592641261497,0.892904073587385,2718,0.10709592641261498,326,0.5751196172248804,1202
2023,9,Moncloa-Aravaca,7,Aravaca,097,47.04319506342132,27445,3.0733482642777155,235,63,8930,0.1681,0.25579999999999997,0.055,0.05263344871561305,0.8923665512843869,24491,0.10763344871561305,2954,0.5506208213944603,10377
2023,10,Latina,1,Los Cármenes,101,138.56811145510838,17903,2.6483727810650888,146,17,6760,0.16949999999999998,0.3357,0.1495,0.038457325587890306,0.8120426744121098,14538,0.1879573255878903,3365,0.19532395192025798,2665
2023,10,Latina,2,Puerta del Angel,102,314.78222933178216,43292,2.373595043587916,296,43,18239,0.196,0.3735,0.1765,0.05252614801810959,0.7709738519818904,33377,0.22902614801810958,9915,0.24890253349783376,8675
2023,10,Latina,3,Lucero,103,218.87432995830852,36749,2.552722978605168,250,32,14396,0.21600000000000003,0.4107,0.1704,0.03360555117146044,0.7959944488285395,29252,0.20400555117146044,7497,0.19896982563602825,5717
2023,10,Latina,4,Aluche,104,233.65850235104216,66588,2.4623007802388788,431,68,27043,0.2866,0.39280000000000004,0.14730000000000001,0.043094665705532526,0.8095903165735568,53909,0.19039466570553254,12678,0.175990200081666,9482
2023,10,Latina,5,Campamento,105,21.487477424549034,19750,2.6315789473684212,121,23,7505,0.2293,0.4261,0.1856,0.055615189873417736,0.7587341772151899,14985,0.24121518987341772,4764,0.1940759819703799,3014
2023,10,Latina,6,Cuatro Vientos,106,11.274193845417212,6122,2.6140051238257898,92,28,2342,0.0742,0.1938,0.0689,0.03613103560927801,0.8949689643907219,5479,0.10503103560927801,643,0.2714649386716038,1173
2023,10,Latina,7,Águilas,107,142.03235815602838,51268,2.445409015025042,366,61,20965,0.2753,0.4021,0.10339999999999999,0.03670688928766483,0.8598736053678708,44084,0.14010688928766482,7183,0.15670298667185523,6443
2023,11,Carabanchel,1,Comillas,111,341.10493919831856,22721,2.347453249302614,185,30,9679,0.23070000000000002,0.3661,0.1479,0.06586699969191495,0.7862330003080851,17864,0.21376699969191496,4857,0.228115567054765,4232
2023,11,Carabanchel,2,Opañel,112,305.99656822902557,33883,2.5167496100423383,232,34,13463,0.19870000000000002,0.3554,0.20129999999999998,0.04861883835551753,0.7500811616444825,25415,0.2499188383555175,8468,0.1921251668396856,5182
2023,11,Carabanchel,3,San Isidro,113,212.54146264413205,40368,2.5888539729365743,307,31,15593,0.18539999999999998,0.3564,0.18489999999999998,0.05286258422512882,0.7622374157748711,30770,0.2377625842251288,9598,0.1771530000950902,5589
2023,11,Carabanchel,4,Vista Alegre,114,300.3209161842437,47727,2.6853654419625275,280,44,17773,0.2182,0.3644,0.2152,0.05190247868083053,0.7328975213191694,34979,0.26710247868083054,12748,0.14532669205977147,5456
2023,11,Carabanchel,5,Puerta Bonita,115,228.75792614696007,36798,2.851673899566026,281,27,12904,0.1686,0.39399999999999996,0.22329999999999997,0.052937839012989846,0.7237621609870102,26633,0.2762378390129898,10165,0.13172528345489998,3648
2023,11,Carabanchel,6,Buenavista,116,87.56324378251264,49151,2.739438189722439,562,101,17942,0.13449999999999998,0.35840000000000005,0.10830000000000001,0.0565389656365079,0.8351406888974792,41048,0.1648389656365079,8102,0.18356762271851265,6477
2023,11,Carabanchel,7,Abrantes,117,202.55017256806852,31691,2.8202367179852272,232,36,11237,0.17190000000000003,0.3547,0.1895,0.05416539396043041,0.7563346060395696,23969,0.2436653939604304,7722,0.13997291119952596,3307
2023,12,Usera,1,Orcasitas,121,170.1931583603657,23085,2.7120535714285716,187,35,8512,0.19,0.38280000000000003,0.0832,0.027261338531513968,0.8894953432965129,20534,0.11046133853151396,2550,0.1086677554829678,1863
2023,12,Usera,2,Orcasur,122,103.72666330281844,14390,2.9762150982419855,99,15,4835,0.1438,0.3166,0.174,0.026000000000000023,0.8,11512,0.2,2878,0.12815405046480743,1351
2023,12,Usera,3,San Fermín,123,159.9430662871086,23598,2.8284789644012944,232,33,8343,0.1474,0.3185,0.1765,0.037289304178320215,0.7862106958216798,18553,0.2137893041783202,5045,0.12357325879338459,2122
2023,12,Usera,4,Almendrales,124,292.7060633252147,22834,2.8089555910936155,178,29,8129,0.15130000000000002,0.3836,0.2526,0.04353733905579399,0.703862660944206,16072,0.296137339055794,6762,0.16090278182772497,2759
2023,12,Usera,5,Moscardó,125,292.462588028169,26579,2.674750930864446,221,19,9937,0.1826,0.3614,0.256,0.044763760863839874,0.6992362391361602,18585,0.3007637608638399,7994,0.1611476906810208,3353
2023,12,Usera,6,Zofío,126,185.81395348837208,14382,2.8161347170550224,108,12,5107,0.1747,0.3503,0.2425,0.047654359616186914,0.7097761090251703,10208,0.2901543596161869,4173,0.11651903935713634,1276
2023,12,Usera,7,Pradolongo,127,163.1650999361139,17878,2.9332239540607055,139,12,6095,0.16010000000000002,0.37929999999999997,0.34759999999999996,0.03700677928179891,0.6153372860498937,11001,0.38460677928179887,6876,0.08774240761068423,1199
2023,13,Puente de Vallecas,1,Entrevías,131,59.27594232991175,35399,2.7677091477716966,302,34,12790,0.184,0.3663,0.1628,0.03231850617249074,0.8048814938275093,28492,0.19511850617249074,6907,0.07036063110443276,1873
2023,13,Puente de Vallecas,2,San Diego,132,421.57210954294794,45104,2.693901929164427,471,46,16743,0.12710000000000002,0.3574,0.2921,0.05319088329194749,0.6547091167080525,29530,0.3452908832919475,15574,0.12317210348706412,4161
2023,13,Puente de Vallecas,3,Palomeras Bajas,133,234.79900226231223,40477,2.650926714257646,319,42,15269,0.1782,0.3262,0.1416,0.032449460187266826,0.8259505398127331,33432,0.17404946018726683,7045,0.15081049787726747,4689
2023,13,Puente de Vallecas,4,Palomeras Sureste,134,138.8470694203178,43162,2.630225472273004,372,56,16410,0.1865,0.34600000000000003,0.1162,0.03546118344840368,0.8483156480237246,36615,0.15166118344840368,6546,0.12147466539196941,4066
2023,13,Puente de Vallecas,5,Portazgo,135,230.7957921785915,28741,2.6269079608810895,238,32,10941,0.2118,0.35369999999999996,0.1507,0.030365376987578713,0.8189346230124213,23537,0.1810653769875787,5204,0.10161464910698177,2253
2023,13,Puente de Vallecas,6,Numancia,136,263.47953058244553,48720,2.6032594175794816,387,50,18715,0.1827,0.349,0.2187,0.04291740558292284,0.7383825944170772,35974,0.26161740558292285,12746,0.1379891061232008,5244
2023,14,Moratalaz,1,Pavones,141,87.2932554224027,8814,2.6725288053365674,49,16,3298,0.2742,0.3657,0.0755,0.043855570683004316,0.8806444293169957,7762,0.11935557068300431,1052,0.19997114413504544,1386
2023,14,Moratalaz,2,Horcajo,142,84.98458238369754,6339,2.8813636363636363,56,10,2200,0.1131,0.2329,0.057800000000000004,0.023916359047168323,0.9182836409528317,5821,0.08171635904716833,518,0.3427041499330656,1536
2023,14,Moratalaz,3,Marroquina,143,145.91363610971456,26120,2.4102611423825784,147,29,10837,0.2915,0.3845,0.0565,0.01999310872894334,0.9235068912710567,24122,0.07649310872894334,1998,0.28428062277246297,6062
2023,14,Moratalaz,4,Media Legua,144,173.4034034034034,17323,2.4255110613273594,133,13,7142,0.287,0.358,0.08800000000000001,0.02837707094614096,0.8836229290538591,15307,0.11637707094614097,2016,0.25329701834862384,3534
2023,14,Moratalaz,5,Fontarrón,145,179.6910636533278,17333,2.4914474629869194,134,19,6957,0.23559999999999998,0.46380000000000005,0.1358,0.04195341833496796,0.8222465816650321,14252,0.17775341833496797,3081,0.17277830429394184,2370
2023,14,Moratalaz,6,Vinateros,146,284.25925925925924,16885,2.3308945334069575,123,20,7244,0.2789,0.48869999999999997,0.10679999999999999,0.03877299378146286,0.8544270062185372,14427,0.14557299378146285,2458,0.20703210307927494,2844
2023,15,Ciudad Lineal,1,Ventas,151,157.02939337085678,50218,2.409577275562593,306,48,20841,0.22219999999999998,0.4164,0.1497,0.05022831255725038,0.8000716874427496,40178,0.19992831255725038,10040,0.22141702981932135,9044
2023,15,Ciudad Lineal,2,Pueblo Nuevo,152,270.9555018972059,62840,2.568777337203123,390,71,24463,0.2155,0.35869999999999996,0.1624,0.04479287078294081,0.7928071292170592,49820,0.2071928707829408,13020,0.19632147943117315,9788
2023,15,Ciudad Lineal,3,Quintana,153,352.2196100124464,25469,2.3847378277153557,162,32,10680,0.2089,0.39049999999999996,0.1607,0.06424012328713335,0.7749813498763203,19738,0.22494012328713336,5729,0.26978538702676635,5594
2023,15,Ciudad Lineal,4,La Concepción,154,236.38108138616096,20941,2.2660967427767558,180,38,9241,0.2397,0.38799999999999996,0.1114,0.05287104722792607,0.8357289527720739,17501,0.16427104722792607,3440,0.3309001000765291,5621
2023,15,Ciudad Lineal,5,San Pascual,155,174.09518381305216,18327,2.338224036744067,128,26,7838,0.2699,0.331,0.0731,0.03291844273476292,0.8939815572652371,16384,0.10601844273476292,1943,0.3590730982299689,5315
2023,15,Ciudad Lineal,6,San Juan Bautista,156,123.1203007518797,12445,2.5055365411717334,111,27,4967,0.2271,0.3425,0.056600000000000004,0.05364507834471675,0.8897549216552832,11073,0.11024507834471675,1372,0.5384697130712008,5067
2023,15,Ciudad Lineal,7,Colina,157,117.3664463105235,6569,2.40975788701394,77,20,2726,0.2293,0.33,0.06860000000000001,0.05257521692799512,0.8788247830720048,5773,0.12117521692799513,796,0.5210515912235619,2636
2023,15,Ciudad Lineal,8,Atalaya,158,65.16673362796304,1622,2.685430463576159,17,6,604,0.23,0.2735,0.0616,0.05184019728729963,0.8865598027127004,1438,0.11344019728729964,184,0.5659751037344398,682
2023,15,Ciudad Lineal,9,Costillares,159,153.54540358744396,21914,2.7030960897989393,151,59,8107,0.2352,0.3164,0.035699999999999996,0.023759706123939038,0.9404946609473396,20610,0.059459706123939034,1303,0.5577880184331797,9078
2023,16,Hortaleza,1,Palomas,161,64.76422155688623,6922,3.0095652173913043,56,22,2300,0.1656,0.2408,0.042,0.06114937879225658,0.8968506212077434,6208,0.10314937879225658,714,0.5803514715223375,2741
2023,16,Hortaleza,2,Piovera,162,47.907376735889926,15041,2.9932338308457713,96,31,5025,0.162,0.23879999999999998,0.049699999999999994,0.12236302772422047,0.8279369722757796,12453,0.17206302772422047,2588,0.5872851910977557,6254
2023,16,Hortaleza,3,Canillas,163,157.7244796828543,39786,2.453200147983722,291,53,16218,0.2775,0.3357,0.0719,0.03952110290051776,0.8885788970994822,35353,0.11142110290051777,4433,0.2860535608262242,9154
2023,16,Hortaleza,4,Pinar del Rey,164,195.25292704893425,52031,2.412752144678878,445,76,21565,0.2636,0.3603,0.09519999999999999,0.039969418231438944,0.8648305817685611,44998,0.13516941823143894,7033,0.23218478938036133,9690
2023,16,Hortaleza,5,Apóstol Santiago,165,128.0806572068708,15435,2.624553647338888,96,30,5881,0.21780000000000002,0.3477,0.0855,0.030858924522189815,0.8836410754778101,13639,0.11635892452218982,1796,0.27556700174462073,3317
2023,16,Hortaleza,6,Valdefuentes,166,40.6312957774606,69176,2.912551050482085,947,317,23751,0.0788,0.2127,0.059500000000000004,0.055366427662773214,0.8851191164565745,61229,0.11486642766277322,7946,0.5460211142654364,24619
2023,17,Villaverde,1,"Villaverde Alto, Casco Histórico de Villaverde",171,51.673943114031296,47817,2.833767926988266,379,51,16874,0.1607,0.3689,0.1978,0.04820037643515904,0.753999623564841,36054,0.24600037643515904,11763,0.10087348548887011,3580
2023,17,Villaverde,2,San Cristóbal,172,159.5381062355658,17270,3.3084291187739465,122,12,5220,0.10679999999999999,0.43060000000000004,0.35159999999999997,0.024022466705269307,0.6243775332947308,10783,0.3756224667052693,6487,0.06438481349173382,775
2023,17,Villaverde,3,Butarque,173,33.43424045172928,21316,2.8558413719185425,294,42,7464,0.0909,0.24100000000000002,0.1131,0.0428392006004879,0.8440607993995121,17992,0.1559392006004879,3324,0.16729906864436012,2425
2023,17,Villaverde,4,Los Rosales,174,245.39495034724476,37808,2.8288814066591845,256,31,13365,0.17170000000000002,0.32439999999999997,0.1789,0.04364549301735082,0.7774280575539568,29393,0.22254549301735083,8414,0.120900412160496,3432
2023,17,Villaverde,5,Ángeles,175,179.95659587660828,34827,2.5945764732176118,283,31,13423,0.231,0.4182,0.17129999999999998,0.04735219513595776,0.7813190915094611,27211,0.21865219513595774,7615,0.14566857392762128,3997
2023,18,Villa de Vallecas,1,Casco Histórico de Vallecas,181,9.389279815266958,40417,2.688194213501829,399,48,15035,0.16690000000000002,0.3197,0.1505,0.04939113491847491,0.8001088650815251,32338,0.1998911349184749,8079,0.09716680637049455,2898
2023,18,Villa de Vallecas,2,Santa Eugenia,182,114.77742524757234,23876,2.6309641873278236,139,27,9075,0.24789999999999998,0.2328,0.0567,0.05785017590886246,0.8854498240911376,21141,0.11455017590886246,2735,0.1879903755622973,3594
2023,18,Villa de Vallecas,3,Ensanche de Vallecas,183,83.90973175001183,53208,2.5427956989247313,943,209,20925,0.0546,0.2214,0.0962,0.046936370470605934,0.8568636295293941,45592,0.14313637047060593,7616,0.2989370885939355,11081
2023,19,Vicalvaro,1,Casco Histórico de Vicálvaro,191,16.52492300248439,35519,2.629284180916426,294,41,13509,0.2004,0.4239,0.14880000000000002,0.07536171626453445,0.77581012978969,27556,0.22416171626453446,7962,0.11152319845714498,3007
2023,19,Vicalvaro,2,Valdebernardo,192,68.37697154710187,17471,2.8468306990386183,88,25,6137,0.1446,0.2316,0.07519999999999999,0.021302776028847822,0.9034972239711522,15785,0.09650277602884781,1686,0.24746025591314463,3191
2023,19,Vicalvaro,3,Valderrivas,193,276.11940298507466,17760,2.8065739570164348,244,59,6328,0.0705,0.2955,0.024700000000000003,0.01972567567567567,0.9555743243243243,16971,0.04442567567567567,789,0.29328198545143347,3427
2023,19,Vicalvaro,4,El Cañaveral,194,12.345025202613884,13054,2.5254401238150512,145,47,5169,0.027200000000000002,0.1408,0.0746,0.04934668300903937,0.8760533169909607,11436,0.12394668300903937,1618,0.3719272108119613,3495
2023,20,San Blas-Canillejas,1,Simancas,201,126.36735052497474,28765,2.551219512195122,268,52,11275,0.1557,0.37920000000000004,0.163,0.05413888406049017,0.7828263514687989,22518,0.21713888406049017,6246,0.22922544825703103,5037
2023,20,San Blas-Canillejas,2,Hellín,202,173.5379585906284,9555,2.585227272727273,83,9,3696,0.2006,0.4982,0.158,0.03770905285190998,0.80429094714809,7685,0.19570905285190998,1870,0.11871470825490724,883
2023,20,San Blas-Canillejas,3,Amposta,203,246.44882527680258,9126,2.6292134831460676,94,3,3471,0.17079999999999998,0.4355,0.2051,0.03257258382642997,0.76232741617357,6957,0.23767258382642997,2169,0.09135446685878963,634
2023,20,San Blas-Canillejas,4,Arcos,204,194.25375421391357,25354,2.7212622088655145,214,37,9317,0.16829999999999998,0.3948,0.10869999999999999,0.02650549025794746,0.8647945097420525,21926,0.13520549025794745,3428,0.16643631724431215,3131
2023,20,San Blas-Canillejas,5,Rosas,205,33.078040122626795,30751,2.7648804171911525,223,48,11122,0.1637,0.27899999999999997,0.037599999999999995,0.028739306038828016,0.933660693961172,28711,0.06633930603882801,2040,0.2853297442799462,6360
2023,20,San Blas-Canillejas,6,Rejas,206,34.689076300416694,17399,2.4987792618124374,238,63,6963,0.1183,0.3395,0.1177,0.08018493591585724,0.8021150640841428,13956,0.19788493591585724,3443,0.3526768114799338,4473
2023,20,San Blas-Canillejas,7,Canillejas,207,181.93027476998185,29067,2.6055037647902473,215,30,11156,0.2325,0.3276,0.1343,0.06031932776000276,0.8053806722399972,23410,0.19461932776000276,5657,0.18028562693802683,4128
2023,20,San Blas-Canillejas,8,El Salvador,208,59.58193713100367,11202,2.561042524005487,68,22,4374,0.23120000000000002,0.3185,0.059800000000000006,0.03678989466166756,0.9034101053383324,10120,0.09658989466166756,1082,0.4084941203333714,3578
2023,21,Barajas,1,Alameda de Osuna,211,96.9083837936297,19685,2.6394475730758917,152,39,7458,0.2658,0.257,0.0358,0.03557414274828549,0.9286258572517145,18280,0.07137414274828549,1405,0.40830752659216374,6065
2023,21,Barajas,2,Aeropuerto,212,0.6411617770496446,1902,2.7094017094017095,13,9,702,0.14880000000000002,0.3958,0.1734,0.06529610935856991,0.7613038906414301,1448,0.2386961093585699,454,0.11592178770949721,166
2023,21,Barajas,3,Casco Histórico de Barajas,213,134.40116490717148,7384,2.3169124568559774,55,13,3187,0.1993,0.3111,0.11800000000000001,0.08026652221018417,0.8017334777898159,5920,0.19826652221018418,1464,0.16971713810316139,1020
2023,21,Barajas,4,Timón,214,25.110453484494833,12049,2.66570796460177,153,37,4520,0.12279999999999999,0.2959,0.061500000000000006,0.04614378786621296,0.892356212133787,10752,0.10764378786621297,1297,0.2999767819828187,2584
2023,21,Barajas,5,Corralejos,215,16.32102728731942,7626,2.8766503206337233,90,33,2651,0.1065,0.2808,0.0276,0.04465281930238657,0.9277471806976134,7075,0.07225281930238657,551,0.5243637798382323,2658
