Año,Id Línea,Nombre Línea,Inversión,Inversión,Presupuesto Gasto,Gasto Real
2011,X10,Cultura,,,475523.39,475523.39
2011,X10,Cultura,"CENTRO CULTURAL ANTONIO MACHADO, C/SAN ROMÁN DEL VALLE, 8. CONSERVACIÓN",,1359.97,1359.97
2011,X10,Cultura,"CENTRO CULTURAL JOSÉ LUIS LÓPEZ VÁZQUEZ, C/FEBRERO, 4. OBRAS DE CONSERVACIÓN",,10177.17,10177.17
2011,X10,Cultura,CENTRO CULTURAL C/ FEBRERO C/V C/ FUEMBELLIDA. CONSTRUCCIÓN,,304745.24,304745.24
2011,X10,Cultura,"AUDITORIO PARQUE EL PARAISO, AV. DE ARCENTALES, S/N. OBRAS DE ACONDICIONAMIENTO",,48191.22,48191.22
2011,X10,Cultura,"CENTRO CULTURAL BUERO VALLEJO, C/ BOLTAÑA, 27. OBRAS DE ACONDICIONAMIENTO",,110689.27,110689.27
2011,X10,Cultura,"CENTRO SOCIOCULTURAL PEGASO, AV. SÉPTIMA, 11. OBRAS DE CONSERVACIÓN",,360.52,360.52
2011,X11,"Deportes, juventud y esparcimiento",,,250317.42,248970.86
2011,X11,"Deportes, juventud y esparcimiento",OBRAS CONSERVACIÓN INSTALACIONES DEPORTIVAS DISTRITO SAN BLAS,,1257.16,
2011,X11,"Deportes, juventud y esparcimiento","DEPORTIVO BÁSICO LUCANO, C/LUCANO C/V.ESFINGE. OBRAS DE CONSERVACIÓN",,1583.27,1583.27
2011,X11,"Deportes, juventud y esparcimiento","DEPORTIVO BÁSICO ESFINGE, C/ ESFINGE, 60. OBRAS DE CONSERVACIÓN",,2804.85,2804.85
2011,X11,"Deportes, juventud y esparcimiento","POLIDEPORTIV SAN BLAS, AV. DE HELLÍN. REFORMA",,49400.0,49400.0
2011,X11,"Deportes, juventud y esparcimiento",EQUIPAMIENTO CENTRO DEPORTIVO MUNICIPAL SAN BLAS,,19130.52,19041.12
2011,X11,"Deportes, juventud y esparcimiento","ADQUISICIÓN EQUIPAMIENTO INSTALACIÓN DEPORTIVA MUNICIPAL ""SAN BLAS""",,83.92,83.92
2011,X11,"Deportes, juventud y esparcimiento","POLIDEPORTIVO DE SAN BLAS, AV. HELLÍN, 59. OBRAS DE CONSERVACIÓN",,166864.55,166864.55
2011,X11,"Deportes, juventud y esparcimiento","DEPORTIVO BÁSICO ELECTRA, C/ CRONOS, 65. OBRAS DE CONSERVACIÓN",,3729.1,3729.1
2011,X11,"Deportes, juventud y esparcimiento","DEPORTIVO BÁSICO CARLOS II, C/ CARLOS II, 4 C/V AUSTRIA, 5. OBRAS DE CONSERVACIÓN",,3823.35,3823.35
2011,X11,"Deportes, juventud y esparcimiento","DEPORTIVO BÁSICO AMBULATORIO, C/ AJOFRIN, S/N. OBRAS DE CONSERVACIÓN",,1640.7,1640.7
2011,X00,Inversiones de carácter general,,,35238.67,32374.91
2011,X00,Inversiones de carácter general,OBRAS CONSERVACIÓN EDIFICIOS DISTRITO SAN BLAS,,2863.76,
2011,X00,Inversiones de carácter general,"EDIFICIO SEDE DISTRITO SAN BLAS, AV. ARCENTALES, 28. OBRAS DE CONSERVACIÓN",,32374.91,32374.91
2011,X06,Urbanismo,,,7491217.01,7420227.21
2011,X06,Urbanismo,PARQUE OLÍMPICO SECTOR OESTE. URBANIZACIÓN,,5250711.94,5247120.39
2011,X06,Urbanismo,GLORIETA EISENHOWER. URBANIZACIÓN,,41042.2,
2011,X06,Urbanismo,PLAZA CÍVICA. OBRAS DE URBANIZACIÓN,,26205.16,
2011,X06,Urbanismo,NUEVA CONEXIÓN CN-II Y DISTRIBUIDOR ESTE. ADQUISICIÓN DE SUELO,,2173106.82,2173106.82
2011,X06,Urbanismo,"C/ HERMANOS GRANDA, 18. OBRAS DE URBANIZACIÓN",,150.89,
2011,X08,Mantenimiento urbano,,,1248786.42,1248786.42
2011,X08,Mantenimiento urbano,RENOVACIÓN INTEGRAL INSTALACIONES Y PAVIMENTOS. PRIS Z-6 DISTRITO SAN BLAS,,874182.86,874182.86
2011,X08,Mantenimiento urbano,ADAPTACIÓN INSTALACIONES ALUMBRADO PÚBLICO A NORMATIVA. SAN BLAS - CANILLEJAS,,181481.46,181481.46
2011,X08,Mantenimiento urbano,MEJORA RODADURA Y DISMINUCIÓN EMISIONES SONORAS VÍAS PÚBLICAS. DTO. SAN BLAS,,181418.81,181418.81
2011,X08,Mantenimiento urbano,HIDRANTES DISTRITO SAN BLAS. INSTALACIÓN,,10536.65,10536.65
2011,X08,Mantenimiento urbano,INSTALACIÓN PLACAS IDENTIFICATIVAS DE CALLES Y BOLARDOS DISTRITO SAN BLAS,,1166.64,1166.64
2011,X09,Medio ambiente,,,188704.71,135202.3
2011,X09,Medio ambiente,PARQUE QUINTA DE LOS MOLINOS. RESTAURACIÓN,,188704.71,135202.3
2011,X03,Protección y promoción social,,,86844.03,86843.78
2011,X03,Protección y promoción social,CENTRO DE MAYORES CASTILLO DE UCLÉS. OBRAS DE ACONDICIONAMIENTO,,28148.82,28148.82
2011,X03,Protección y promoción social,CENTRO DE SERVICIOS SOCIALES PABLO CASALS. OBRAS DE CONSERVACIÓN,,12076.57,12076.57
2011,X03,Protección y promoción social,"CENTRO DE MAYORES CIUDAD PEGASO, PZ. MAYOR CIUDAD PEGASO, S/N. CONSERVACIÓN",,22844.52,22844.52
2011,X03,Protección y promoción social,EQUIPAMIENTO CENTRO DE MAYORES ANTONIO MACHADO,,9202.69,9202.44
2011,X03,Protección y promoción social,"EQUIPAMIENTO CENTRO DE MAYORES CASTILLO DE UCLÉS, C/ CASTILLO DE UCLÉS, 35",,11741.0,11741.0
2011,X03,Protección y promoción social,"EQUIPAMIENTO CENTRO DE MAYORES CANILLEJAS, PZ. MORA DE RUBIELOS, 3",,2830.43,2830.43
2011,X05,Educación,,,641422.44,639306.99
2011,X05,Educación,"EQUIPAMIENTO ESCUELA INFANTIL LAS MERCEDES, C/ SAMANIEGO, 22",,2876.25,2876.25
2011,X05,Educación,"EQUIPAMIENTO ESCUELA INFANTIL SAN BLAS Nº 7, C/ HELSINKI, 2",,11128.21,11128.21
2011,X05,Educación,EQUIPAMIENTO ESCUELA INFANTIL SAN BLAS Nº 9,,12771.36,12771.36
2011,X05,Educación,"EQUIPAMIENTO ESCUELA INFANTIL SAN BLAS Nº 8, C/ RAVENA, 12",,11005.51,11005.51
2011,X05,Educación,OBRAS CONSERVACIÓN COLEGIOS PÚBLICOS DISTRITO SAN BLAS,,2115.45,
2011,X05,Educación,"COLEGIO PÚBLICO RAMÓN MARÍA DEL VALLE INCLÁN, C/ALCONERA, 1. CONSERVACIÓN",,35710.73,35710.73
2011,X05,Educación,"COLEGIO PÚBLICO CARMEN CABEZUELO, C/ CANGAS DE ONÍS, 7. CONSERVACIÓN",,23432.33,23432.33
2011,X05,Educación,"COLEGIO PÚBLICO ALBERTO ALCOCER, AV. CANILLEJAS A VICÁLVARO, 56. CONSERVACIÓN",,21658.18,21658.18
2011,X05,Educación,"COLEGIO PÚBLICO ALAMEDA, C/ LAS MUSAS, 9. OBRAS DE ACONDICIONAMIENTO",,26392.97,26392.97
2011,X05,Educación,"COLEGIO PÚBLICO PADRE COLOMA, C/ GUTIERREZ CANALES, 19. CONSERVACIÓN",,13517.09,13517.09
2011,X05,Educación,"COLEGIO PÚBLICO JULIÁN MARÍAS, C/ BUDAPEST, 11. OBRAS DE CONSERVACIÓN",,15048.01,15048.01
2011,X05,Educación,"COLEGIO PÚBLICO CIUDAD PEGASO, AV. SÉPTIMA, Nº12. OBRAS DE CONSERVACIÓN",,25518.27,25518.27
2011,X05,Educación,CENTRO DE EDUCACIÓN ESPECIAL GOYENECHE. ACONDICIONAMIENTO,,74724.08,74724.08
2011,X05,Educación,"COLEGIO PÚBLICO REPÚBLICA DE CHILE, C/ CASTILLO DE UCLÉS, 28. ACONDICIONAMIENTO",,52030.48,52030.48
2011,X05,Educación,"ESCUELA INFANTIL HIEDRA, C/ AMPOSTA, 34. OBRAS DE ACONDICIONAMIENTO",,20616.95,20616.95
2011,X05,Educación,EQUIPAMIENTO ESCUELA INFANTIL BARRIO DE REJAS,,4910.13,4910.13
2011,X05,Educación,"COLEGIO PÚBLICO REPÚBLICA DE PANAMÁ, C/PEONES S/N. ACONDICIONAMIENTO",,35880.86,35880.86
2011,X05,Educación,"ESCUELA INFANTIL LAS MERCEDES, C/SAMANIEGO, 22. OBRAS DE CONSERVACIÓN",,6494.22,6494.22
2011,X05,Educación,"COLEGIO PÚBLICO MARÍA MOLINER, C/ ARCOS DE JALÓN, 34. ACONDICIONAMIENTO",,58741.53,58741.53
2011,X05,Educación,"COLEGIO PÚBLICO ALVARO DE BAZÁN, C/ ZURICH, 10. OBRAS DE CONSERVACIÓN",,12972.89,12972.89
2011,X05,Educación,"COLEGIO PÚBLICO MARQUÉS DE SUANCES, AV. 25 DE SEPTIEMBRE, 1. ACONDICIONAMIENTO",,57286.82,57286.82
2011,X05,Educación,"COLEGIO PÚBLICO MARIANO JOSÉ DE LARRA, C/ LONGARES, 11. ACONDICIONAMIENTO",,57680.12,57680.12
2011,X05,Educación,"ESCUELA INFANTIL SAN BLAS Nº 7, C/ HELSINKI, 2. OBRAS DE ACONDICIONAMIENTO",,58910.0,58910.0
2011,X02,"Tráfico, estacionamiento y transporte público",,,224503.59,224503.59
2011,X02,"Tráfico, estacionamiento y transporte público",SEMÁFOROS E INTERSECCIONES URBANAS DISTRITO DE SAN BLAS,,120436.13,120436.13
2011,X02,"Tráfico, estacionamiento y transporte público",SEMÁFOROS Y SEÑALIZACIÓN INTERSECCIONES URBANAS. DISTRITO SAN BLAS,,104067.46,104067.46
2011,X01,Protección Civil y seguridad ciudadana,,,1349.74,1349.74
2011,X01,Protección Civil y seguridad ciudadana,"CENTRO RESPALDO POLICÍA C/ALBARRACÍN, 31. INSTALACIÓN DECODIFICADOR VIDEO",,1349.74,1349.74
2012,X10,Cultura,,,122609.95,122561.16
2012,X10,Cultura,CENTRO CULTURAL JOSE LUIS LÓPEZ VÁZQUEZ. ADECUACIÓN REDES DE SERVICIO,,7997.79,7997.79
2012,X10,Cultura,CENTRO CULTURAL JOSE LUIS LOPEZ VÁZQUEZ. INSTALACIONES DE SEGURIDAD,,2995.0,2978.74
2012,X10,Cultura,CENTRO CULTURAL ANTONIO MACHADO. INSTALACIONES DE SEGURIDAD,,4325.0,4308.73
2012,X10,Cultura,CENTRO CULTURAL CIUDAD PEGASO. INSTALACIONES DE SEGURIDAD,,3375.0,3358.74
2012,X10,Cultura,"CENTRO CULTURAL ANTONIO MACHADO, C/SAN ROMÁN DEL VALLE, 8. CONSERVACIÓN",,21522.16,21522.16
2012,X10,Cultura,"BIBLIOTECA JOSÉ HIERRO, C/ MARÍA SEVILLA DIAGO, 13. OBRAS DE CONSERVACIÓN",,3528.96,3528.96
2012,X10,Cultura,"AUDITORIO PARQUE EL PARAISO, AV. ARCENTALES, S/N. OBRAS DE CONSERVACIÓN",,2709.5,2709.5
2012,X10,Cultura,"AUDITORIO PARQUE CANILLEJAS, C/ NÉCTAR, S/N. OBRAS DE CONSERVACIÓN",,10962.47,10962.47
2012,X10,Cultura,"CENTRO CULTURAL BUERO VALLEJO, C/ BOLTAÑA, 27. OBRAS DE CONSERVACIÓN",,3009.39,3009.39
2012,X10,Cultura,CENTRO CULTURAL JOSÉ LUIS LÓPEZ VÁZQUEZ. REJAS VENTANAS Y PUERTAS DE ACCESO,,25492.47,25492.47
2012,X10,Cultura,CENTRO SOCIOCULTURAL PEGASO. COLOCACIÓN REJAS VENTANAS Y PUERTAS DE ACCESO,,36692.21,36692.21
2012,X11,"Deportes, juventud y esparcimiento",,,336701.43,334799.5
2012,X11,"Deportes, juventud y esparcimiento","DEPORTIVO BÁSICO ALCALÁ, 525. ADOPCIÓN MEDIDAS DE SEGURIDAD",,157524.91,157524.91
2012,X11,"Deportes, juventud y esparcimiento","DEPORTIVO BÁSICO MIGUEL YUSTE, C/ MIGUEL YUSTE C/V EMILIO MUÑOZ. CONSERVACIÓN",,8741.94,8741.94
2012,X11,"Deportes, juventud y esparcimiento",OBRAS CONSERVACIÓN INSTALACIONES DEPORTIVAS DISTRITO SAN BLAS,,1901.93,
2012,X11,"Deportes, juventud y esparcimiento","DEPORTIVO BÁSICO LUCANO, C/LUCANO C/V.ESFINGE. OBRAS DE CONSERVACIÓN",,1609.81,1609.81
2012,X11,"Deportes, juventud y esparcimiento","DEPORTIVO BÁSICO ARCAUTE, C/ARCAUTE, 13. OBRAS DE CONSERVACIÓN",,8494.28,8494.28
2012,X11,"Deportes, juventud y esparcimiento","DEPORTIVO BÁSICO CIUDAD PEGASO III, C/ ONCE, S/N. OBRAS DE CONSERVACIÓN",,9927.4,9927.4
2012,X11,"Deportes, juventud y esparcimiento","POLIDEPORTIVO SAN BLAS, C/ ARCOS DE JALÓN, 59. OBRAS DE ACONDICIONAMIENTO",,136977.29,136977.29
2012,X11,"Deportes, juventud y esparcimiento","DEPORTIVO BÁSICO EUTERPE, C/ EUTERPE S/N. OBRAS DE CONSERVACIÓN",,11523.87,11523.87
2012,X00,Inversiones de carácter general,,,38697.14,36324.72
2012,X00,Inversiones de carácter general,OBRAS CONSERVACIÓN EDIFICIOS DISTRITO SAN BLAS,,2372.42,
2012,X00,Inversiones de carácter general,"EDIFICIO SEDE DISTRITO SAN BLAS, AV. ARCENTALES, 28. OBRAS DE CONSERVACIÓN",,2955.74,2955.74
2012,X00,Inversiones de carácter general,"EDIFICIO SEDE DISTRITO SAN BLAS, AV.ARCENTALES, 28. OBRAS DE ACONDICIONAMIENTO",,33368.98,33368.98
2012,X06,Urbanismo,,,5725119.58,5158816.97
2012,X06,Urbanismo,PARQUE OLÍMPICO SECTOR OESTE. URBANIZACIÓN,,3568361.48,3069306.23
2012,X06,Urbanismo,SISTEMA COOPERACIÓN COLONIA FIN DE SEMANA,,38582.91,38582.91
2012,X06,Urbanismo,GLORIETA EISENHOWER. URBANIZACIÓN,,41042.2,
2012,X06,Urbanismo,PLAZA CÍVICA. OBRAS DE URBANIZACIÓN,,26205.16,
2012,X06,Urbanismo,NUEVA CONEXIÓN CN-II Y DISTRIBUIDOR ESTE. ADQUISICIÓN DE SUELO,,1685055.88,1685055.88
2012,X06,Urbanismo,ADQUISICIÓN DE SUELO EN C/ALBASANZ,,129047.01,129047.01
2012,X06,Urbanismo,ADQUISICIÓN SUELO APE 20.10 COLONIA FIN DE SEMANA,,191474.48,191474.48
2012,X06,Urbanismo,"DEMOLICIÓN EDIFICACIÓN C/ MEQUINENZA, 10 - 12",,45350.46,45350.46
2012,X08,Mantenimiento urbano,,,1216003.48,1216003.48
2012,X08,Mantenimiento urbano,RENOVACIÓN INTEGRAL INSTALACIONES Y PAVIMENTOS. PRIS Z-6 DISTRITO SAN BLAS,,755776.54,755776.54
2012,X08,Mantenimiento urbano,HIDRANTES EN EL DISTRITO DE SAN BLAS. INSTALACIÓN,,5369.59,5369.59
2012,X08,Mantenimiento urbano,ADAPTACIÓN INSTALACIONES ALUMBRADO PÚBLICO A NORMATIVA. SAN BLAS - CANILLEJAS,,454857.35,454857.35
2012,X09,Medio ambiente,,,44882.41,43773.06
2012,X09,Medio ambiente,PARQUE QUINTA DE LOS MOLINOS. RESTAURACIÓN,,44882.41,43773.06
2012,X03,Protección y promoción social,,,123063.46,123063.46
2012,X03,Protección y promoción social,CENTRO DE SERVICIOS SOCIALES PABLO CASALS. OBRAS DE CONSERVACIÓN,,783.79,783.79
2012,X03,Protección y promoción social,"CENTRO DE MAYORES CIUDAD PEGASO, PZ. MAYOR CIUDAD PEGASO, S/N. CONSERVACIÓN",,4479.09,4479.09
2012,X03,Protección y promoción social,"CENTRO DE DÍA DE MAYORES ESFINGE, C/ ESFINGE, 33. OBRAS DE CONSERVACIÓN",,27871.35,27871.35
2012,X03,Protección y promoción social,"CENTRO DE MAYORES CASTILLO DE UCLÉS, C/ CASTILLO DE UCLÉS, 35. CONSERVACIÓN",,22993.8,22993.8
2012,X03,Protección y promoción social,"CENTRO DE SERVICIOS SOCIALES TORRE ARIAS, C/ TORRE ARIAS, 2. CONSERVACIÓN",,22491.25,22491.25
2012,X03,Protección y promoción social,"CENTRO DE MAYORES CANILLEJAS, C/ ESFINGE, 35. OBRAS DE CONSERVACIÓN",,7737.99,7737.99
2012,X03,Protección y promoción social,"CENTRO DE MAYORES EURÍPIDES, PZ. EURÍPIDES, 1. OBRAS DE CONSERVACIÓN",,9739.72,9739.72
2012,X03,Protección y promoción social,CENTRO SERVICIOS SOCIALES PABLO CASALS. OBRAS DE ACONDICIONAMIENTO,,26966.47,26966.47
2012,X05,Educación,,,583018.98,582888.62
2012,X05,Educación,"EQUIPAMIENTO ESCUELA INFANTIL LAS MERCEDES, C/ SAMANIEGO, 22",,318.71,318.71
2012,X05,Educación,"EQUIPAMIENTO ESCUELA INFANTIL SAN BLAS Nº 7, C/ HELSINKI, 2",,424.95,424.95
2012,X05,Educación,EQUIPAMIENTO ESCUELA INFANTIL SAN BLAS Nº 9,,424.95,424.95
2012,X05,Educación,"EQUIPAMIENTO ESCUELA INFANTIL SAN BLAS Nº 8, C/ RAVENA, 12",,424.95,424.95
2012,X05,Educación,"EQUIPAMIENTO ESCUELA INFANTIL HIEDRA, C/ AMPOSTA, 34",,318.71,318.71
2012,X05,Educación,"EQUIPAMIENTO ESCUELA INFANTIL TARABILLA, C/ ALBARRACÍN, 31",,318.71,318.71
2012,X05,Educación,OBRAS CONSERVACIÓN COLEGIOS PÚBLICOS DISTRITO SAN BLAS,,130.36,
2012,X05,Educación,"COLEGIO PÚBLICO RAMÓN MARÍA DEL VALLE INCLÁN, C/ALCONERA, 1. CONSERVACIÓN",,8483.95,8483.95
2012,X05,Educación,"COLEGIO PÚBLICO CARMEN CABEZUELO, C/ CANGAS DE ONÍS, 7. CONSERVACIÓN",,6051.16,6051.16
2012,X05,Educación,"COLEGIO PÚBLICO ALBERTO ALCOCER, AV. CANILLEJAS A VICÁLVARO, 56. CONSERVACIÓN",,22876.98,22876.98
2012,X05,Educación,"COLEGIO PÚBLICO ALAMEDA, C/ LAS MUSAS, 9. OBRAS DE ACONDICIONAMIENTO",,38342.27,38342.27
2012,X05,Educación,"COLEGIO PÚBLICO PADRE COLOMA, C/ GUTIERREZ CANALES, 19. CONSERVACIÓN",,17580.8,17580.8
2012,X05,Educación,"COLEGIO PÚBLICO JULIÁN MARÍAS, C/ BUDAPEST, 11. OBRAS DE CONSERVACIÓN",,15326.2,15326.2
2012,X05,Educación,"COLEGIO PÚBLICO CIUDAD PEGASO, AV. SÉPTIMA, Nº12. OBRAS DE CONSERVACIÓN",,36794.2,36794.2
2012,X05,Educación,CENTRO DE EDUCACIÓN ESPECIAL GOYENECHE. ACONDICIONAMIENTO,,37772.51,37772.51
2012,X05,Educación,"COLEGIO PÚBLICO MARIANO JOSÉ DE LARRA, C/LONGARES, 11. OBRAS DE CONSERVACIÓN",,19782.03,19782.03
2012,X05,Educación,"COLEGIO PÚBLICO MARÍA MOLINER, C/ARCOS DE JALÓN, 34. OBRAS DE CONSERVACIÓN",,15208.76,15208.76
2012,X05,Educación,"COLEGIO PÚBLICO LA ALAMEDA, C/ LAS MUSAS, 9. OBRAS DE CONSERVACIÓN",,4448.92,4448.92
2012,X05,Educación,"COLEGIO PÚBLICO REPÚBLICA DE PANAMÁ, C/ PEONES, S/N. OBRAS DE CONSERVACIÓN",,27008.14,27008.14
2012,X05,Educación,"COLEGIO PÚBLICO REPÚBLICA DE CHILE, C/ CASTILLO DE UCLÉS, 28. CONSERVACIÓN",,41582.78,41582.78
2012,X05,Educación,"ESCUELA INFANTIL HIEDRA, C/ AMPOSTA, 34. OBRAS DE CONSERVACIÓN",,14956.65,14956.65
2012,X05,Educación,"ESCUELA INFANTIL SAN BLAS Nº 7, C/ HELSINKI, 2. OBRAS DE CONSERVACIÓN",,17656.02,17656.02
2012,X05,Educación,"ESCUELA INFANTIL SAN BLAS Nº 8, C/ RÁVENA, 12. OBRAS DE CONSERVACIÓN",,17785.53,17785.53
2012,X05,Educación,"COLEGIO PÚBLICO ÁLVARO DE BAZÁN, C/ ZURICH, 10. PAVIMENTACIÓN DEL PATIO INFANTIL",,49966.0,49966.0
2012,X05,Educación,COLEGIO PÚBLICO REPÚBLICA DE CHILE. ELIMINACIÓN BARRERAS ARQUITECTÓNICAS,,36745.59,36745.59
2012,X05,Educación,"ESCUELA INFANTIL SAN BLAS Nº 9, C/ DEYANIRA, 2. OBRAS DE CONSERVACIÓN",,12546.87,12546.87
2012,X05,Educación,COLEGIO PÚBLICO MARQUÉS DE SUANCES. ACONDICIONAMIENTO REJILLA DEL PATIO,,24453.75,24453.75
2012,X05,Educación,COLEGIO PÚBLICO MARÍA MOLINER. ACONDICIONAMIENTO DE CUBIERTA,,115288.53,115288.53
2012,X02,"Tráfico, estacionamiento y transporte público",,,61671.82,61671.82
2012,X02,"Tráfico, estacionamiento y transporte público",SEMÁFOROS E INTERSECCIONES URBANAS DISTRITO DE SAN BLAS,,61671.82,61671.82
2013,X10,Cultura,,,81777.39,81146.15
2013,X10,Cultura,"EQUIPAMIENTO BIBLIOTECA JOSÉ HIERRO, C/ MARÍA SEVILLA DIAGO, 13",,460.07,460.07
2013,X10,Cultura,"EQUIPAMIENTO BIBLIOTECA PÚBLICA SAN BLAS, C/ SAN ROMÁN DEL VALLE, 8",,5105.89,5105.89
2013,X10,Cultura,EQUIPAMIENTO CENTRO CULTURAL ANTONIO MACHADO,,1897.3,1897.27
2013,X10,Cultura,EQUIPAMIENTO CENTRO CULTURAL JOSE LUIS LÓPEZ VÁZQUEZ,,1419.03,1386.26
2013,X10,Cultura,EQUIPAMIENTO CENTRO CULTURAL BUERO VALLEJO,,748.62,150.18
2013,X10,Cultura,EQUIPAMIENTO CENTRO CULTURAL CIUDAD PEGASO,,915.56,915.56
2013,X10,Cultura,EQUIPAMIENTO CENTRO CULTURALMIGUEL DE CERVANTES,,1821.31,1821.31
2013,X10,Cultura,EQUIPAMIENTO CENTRO CULTURAL AUDITORIO PARAISO,,692.81,692.81
2013,X10,Cultura,"CENTRO CULTURAL ANTONIO MACHADO, C/ SAN ROMÁN DEL VALLE, 8. CONSERVACIÓN",,34793.48,34793.48
2013,X10,Cultura,CENTRO CULTURAL BUERO VALLEJO. OBRAS DE ACONDICIONAMIENTO,,22352.26,22352.26
2013,X10,Cultura,"CENTRO CULTURAL JOSÉ LUIS LÓPEZ VÁZQUEZ, C/FEBRERO, 4. OBRAS DE CONSERVACIÓN",,3328.87,3328.87
2013,X10,Cultura,"BIBLIOTECA JOSÉ DEL HIERRO, C/MARÍA SEVILLA DIAGO, 13. OBRAS DE CONSERVACIÓN",,8242.19,8242.19
2013,X11,"Deportes, juventud y esparcimiento",,,255870.75,249690.41
2013,X11,"Deportes, juventud y esparcimiento",EQUIPAMIENTO CENTRO DEPORTIVO DE SAN BLAS.,,24035.29,17856.97
2013,X11,"Deportes, juventud y esparcimiento",OBRAS CONSERVACIÓN INSTALACIONES DEPORTIVAS DISTRITO SAN BLAS-CANILLEJAS,,2.02,
2013,X11,"Deportes, juventud y esparcimiento",DEPORTIVO BÁSICO CARLOS II. OBRAS DE CONSERVACIÓN,,1356.37,1356.37
2013,X11,"Deportes, juventud y esparcimiento","POLIDEPORTIVO SAN BLAS. ELIMINACIÓN DE BARRERAS, PLAN DE AUTOPROTECCIÓN Y OTRAS",,124012.98,124012.98
2013,X11,"Deportes, juventud y esparcimiento",DEPORTIVO BÁSICO GUADALAJARA. INSTALACIÓN CÉSPED ARTIFICIAL EN CAMPO DE FÚTBOL,,29921.06,29921.06
2013,X11,"Deportes, juventud y esparcimiento",DEPORTIVO BÁSICO QUINTA DE LOS MOLINOS. INSTALACIÓN PUERTA AUTOMÁTICA VEHÍCULOS,,20082.57,20082.57
2013,X11,"Deportes, juventud y esparcimiento",CENTRO POLIVALENTE CIUDAD PEGASO. OBRAS DE CONSERVACIÓN,,23233.35,23233.35
2013,X11,"Deportes, juventud y esparcimiento",CENTRO JUVENIL MIGUEL DE CERVANTES. PLAN DE AUTOPROTECCIÓN,,29239.43,29239.43
2013,X11,"Deportes, juventud y esparcimiento","CENTRO POLIVALENTE EURÍPIDES, PZA. EURÍPIDES, 1. OBRAS DE CONSERVACIÓN",,3987.68,3987.68
2013,X14,Sectores productivos,,,154000.0,99388.42
2013,X14,Sectores productivos,POLÍGONOS INDUSTRIALES DE SAN BLAS. ADQUISICIÓN MOBILIARIO URBANO NORMALIZADO,,154000.0,99388.42
2013,X00,Inversiones de carácter general,,,13851.66,13850.19
2013,X00,Inversiones de carácter general,OBRAS CONSERVACIÓN EDIFICIOS DISTRITO SAN BLAS - CANILLEJAS,,1.47,
2013,X00,Inversiones de carácter general,"EDIFICIO SEDE DISTRITO SAN BLAS-CANILLEJAS, AV. ARCENTALES, 28. CONSERVACIÓN",,13850.19,13850.19
2013,X06,Urbanismo,,,4102957.45,3601926.02
2013,X06,Urbanismo,GLORIETA EISENHOWER. URBANIZACIÓN,,41042.2,
2013,X06,Urbanismo,PLAZA CÍVICA. OBRAS DE URBANIZACIÓN,,26205.16,
2013,X06,Urbanismo,NUEVA CONEXIÓN CN-II Y DISTRIBUIDOR ESTE. ADQUISICIÓN DE SUELO,,28482.08,28482.08
2013,X06,Urbanismo,ADQUISICIÓN SUELO APE 20.10 COLONIA FIN DE SEMANA,,25660.0,12473.15
2013,X06,Urbanismo,ADQUISICIÓN DE SUELO C/ ILIADA C/V. PITÁGORAS,,2040542.79,1619945.57
2013,X06,Urbanismo,"ADQUISICIÓN SUELO C/ALCALÁ, 690. ZONAS VERDES",,71307.59,71307.59
2013,X06,Urbanismo,ADQUISICIÓN DE SUELO C/MOVINDA C/V. HERMANOS GARCÍA NOBLEJAS,,1869717.63,1869717.63
2013,X08,Mantenimiento urbano,,,873165.07,873165.07
2013,X08,Mantenimiento urbano,RENOVACIÓN INTEGRAL INSTALACIONES Y PAVIMENTOS. PRIS Z-6 DISTRITO SAN BLAS,,679952.92,679952.92
2013,X08,Mantenimiento urbano,ADAPTACIÓN INSTALACIONES ALUMBRADO PÚBLICO A NORMATIVA. SAN BLAS - CANILLEJAS,,193212.15,193212.15
2013,X09,Medio ambiente,,,1109.35,
2013,X09,Medio ambiente,PARQUE QUINTA DE LOS MOLINOS. RESTAURACIÓN,,1109.35,
2013,X03,Protección y promoción social,,,160058.16,145810.77
2013,X03,Protección y promoción social,"EQUIPAMIENTO CENTRO DE MAYORES PABLO CASALS, C/ POBLADURA DEL VALLE, 13",,1585.87,1104.15
2013,X03,Protección y promoción social,CENTRO DE DÍA MAYORES Y ALZHEIMER CIUDAD PEGASO. ADOPCIÓN MEDIDAS DE SEGURIDAD,,19848.06,19848.06
2013,X03,Protección y promoción social,EQUIPAMIENTO  SERVICIOS DE FAMILIA INFANCIA DISTRITO SAN BLAS-CANILLEJAS,,454.81,454.81
2013,X03,Protección y promoción social,"EQUIPAMIENTO CENTRO DE SERVICIOS SOCIALES TORRE ARIAS, C/ TORRE ARIAS, 2",,2866.3,
2013,X03,Protección y promoción social,EQUIPAMIENTO CENTROS DE MAYORES DISTRITO SAN BLAS-CANILLEJAS,,8322.82,
2013,X03,Protección y promoción social,"EQUIPAMIENTO CENTRO DE DÍA Y MAYORES CASTILLO DE UCLÉS, C/ CASTILLO DE UCLÉS, 35",,2889.48,1477.68
2013,X03,Protección y promoción social,"EQUIPAMIENTO CENTRO DE MAYORES ANTONIO MACHADO, C/ SAN ROMÁN DEL VALLE, 8",,371.47,
2013,X03,Protección y promoción social,"EQUIPAMIENTO SERVICIOS DE ATENCIÓN A LAS PERSONAS MAYORES, SAN BLAS-CANILLEJAS",,793.28,
2013,X03,Protección y promoción social,"EQUIPAMIENTO CENTRO DE DÍA DE MAYORES ESFINGE, C/ ESFINGE, 35",,1020.99,1020.99
2013,X03,Protección y promoción social,"CENTRO DE DÍA, MAYORES Y ALZHEIMER CIUDAD PEGASO. OBRAS DE CONSERVACIÓN",,30686.29,30686.29
2013,X03,Protección y promoción social,"CENTRO DE DÍA, MAYORES Y ALZHEIMER CASTILLO DE UCLÉS. OBRAS DE CONSERVACIÓN",,17543.4,17543.4
2013,X03,Protección y promoción social,CENTRO DE SERVICIOS SOCIALES TORRE ARIAS. OBRAS DE CONSERVACIÓN,,13865.12,13865.12
2013,X03,Protección y promoción social,CENTRO SERVICIOS SOCIALES PABLO CASALS. ACONDICIONAMIENTO FACHADA Y BARANDILLAS,,34278.62,34278.62
2013,X03,Protección y promoción social,CENTRO DE DÍA ESFINGE. OBRAS DE ACONDICIONAMIENTO,,25531.65,25531.65
2013,X05,Educación,,,609634.86,609634.13
2013,X05,Educación,"EQUIPAMIENTO ESCUELA INFANTIL LAS MERCEDES, C/ SAMANIEGO, 22",,3708.65,3708.65
2013,X05,Educación,"EQUIPAMIENTO ESCUELA INFANTIL HIEDRA, C/ AMPOSTA, 34",,5145.74,5145.74
2013,X05,Educación,"EQUIPAMIENTO ESCUELA INFANTIL TARABILLA, C/ ALBARRACÍN, 31",,399.3,399.3
2013,X05,Educación,"COLEGIO PÚBLICO ALBERTO ALCOCER, AV. CANILLEJAS A VICÁLVARO, 56. CONSERVACIÓN",,5295.08,5295.08
2013,X05,Educación,"COLEGIO PÚBLICO JULIÁN MARÍAS, C/ BUDAPEST, 11. OBRAS DE CONSERVACIÓN",,14728.28,14728.28
2013,X05,Educación,"COLEGIO PÚBLICO LA ALAMEDA, C/ LAS MUSAS, 9. OBRAS DE CONSERVACIÓN",,22558.42,22558.42
2013,X05,Educación,"EQUIPAMIENTO ESCUELA INFANTIL LA ALEGRÍA DE LA HUERTA, C/ HELSINKI, 2",,11102.84,11102.84
2013,X05,Educación,"EQUIPAMIENTO ESCUELA INFANTIL LA DEL MANOJO DE ROSAS, C/ RÁVENA, 12",,4640.23,4640.23
2013,X05,Educación,"EQUIPAMIENTO ESCUELA INFANTIL LAS LEANDRAS, C/ ACCESO ESTACIÓN DE O'DONNELL",,3850.1,3850.1
2013,X05,Educación,"COLEGIO PÚBLICO REPÚBLICA DE PANAMÁ, C/ PEONES, 2. OBRAS DE CONSERVACIÓN",,24686.22,24686.22
2013,X05,Educación,COLEGIO PÚBLICO EL SOL. MEJORAS PLAN AUTOPROTECCIÓN,,15623.29,15623.29
2013,X05,Educación,"COLEGIO PÚBLICO CARMEN CABEZUELO, C/ CANGAS DE ONÍS, 7. ACONDICIONAMIENTO",,27999.4,27999.4
2013,X05,Educación,"COLEGIO PÚBLICO RAMÓN MARÍA DEL VALLE INCLÁN, C/ ALCONERA, 1. CONSERVACIÓN",,21563.97,21563.97
2013,X05,Educación,COLEGIO PÚBLICO ALBERTO ALCOCER. PAVIMENTACIÓN DE PATIOS,,53288.82,53288.82
2013,X05,Educación,COLEGIO PÚBLICO ÁLVARO DE BAZÁN. PAVIMENTACIÓN PATIO ZONA DEPORTIVA,,21839.2,21839.2
2013,X05,Educación,"COLEGIO PÚBLICO CIUDAD PEGASO, AV. SÉPTIMA, 12. MEJORA PLAN AUTOPROTECCIÓN",,37646.21,37646.21
2013,X05,Educación,"COLEGIO PÚBLICO REPÚBLICA DE CHILE, C/ CASTILLO DE UCLÉS, 28. ACONDICIONAMIENTO",,53147.24,53147.24
2013,X05,Educación,COLEGIO PÚBLICO MARIANO JOSÉ DE LARRA. MEJORA PLAN DE AUTOPROTECCIÓN,,35533.25,35533.25
2013,X05,Educación,"ESCUELA INFANTIL LAS ROSAS, C/ HELSINKI, 2. OBRAS DE CONSERVACIÓN",,11100.97,11100.97
2013,X05,Educación,"ESCUELA INFANTIL ARCOS, C/ RÁVENA, 12. OBRAS DE ACONDICIONAMIENTO",,19991.88,19991.88
2013,X05,Educación,"ESCUELA INFANTIL TARABILLA, C/ ALBARRACÍN, 31. OBRAS DE CONSERVACIÓN",,11887.01,11887.01
2013,X05,Educación,"ESCUELA INFANTIL HIEDRA, C/ AMPOSTA, 34. OBRAS DE ACONDICIONAMIENTO",,28201.24,28201.24
2013,X05,Educación,"ESCUELA INFANTIL LAS REJAS, C/ DEYANIRA, 2. OBRAS DE CONSERVACIÓN",,6334.57,6334.57
2013,X05,Educación,COLEGIO PÚBLICO PADRE COLOMA. ACONDICIONAMIENTO DE FACHADA,,50170.21,50170.21
2013,X05,Educación,CENTRO DE EDUCACIÓN ESPECIAL FUNDACIÓN GOYENECHE. OBRAS DE CONSERVACIÓN,,22866.6,22866.6
2013,X05,Educación,CONSERVACIÓN COLEGIOS Y OTROS CENTROS EDUCATIVOS DTO.SAN BLAS-CANILLEJAS,,0.73,
2013,X05,Educación,"COLEGIO PÚBLICO MARÍA MOLINER, C/ ARCOS DE JALÓN, 34. OBRAS DE CONSERVACIÓN",,32083.06,32083.06
2013,X05,Educación,COLEGIO PÚBLICO MARQUÉS DE SUANCES. MEJORAS PLAN DE AUTOPROTECCIÓN,,47517.32,47517.32
2013,X05,Educación,"COLEGIO PÚBLICO MARQUÉS DE SUANCES, AV. 25 DE SEPTIEMBRE, 1. CONSERVACIÓN",,16725.03,16725.03
2013,X04,Salud pública,,,16770.96,16770.96
2013,X04,Salud pública,"CENTRO MADRID SALUD SAN BLAS, C/ POBLADURA DEL VALLE, 13 B. OBRAS DE REFORMA",,3206.5,3206.5
2013,X04,Salud pública,"CENTRO ATENCIÓN DROGODEPENDIENTES SAN BLAS, C/ ALCALÁ, 527. REFORMA",,13564.46,13564.46
2013,X02,"Tráfico, estacionamiento y transporte público",,,182085.85,182085.85
2013,X02,"Tráfico, estacionamiento y transporte público",SEMÁFOROS E INTERSECCIONES URBANAS DISTRITO DE SAN BLAS,,182085.85,182085.85
2013,X01,Protección Civil y seguridad ciudadana,,,9602.08,4157.35
2013,X01,Protección Civil y seguridad ciudadana,"EQUIPAMIENTO PARQUE DE BOMBEROS Nº 7, AV. DE HELLÍN, 52",,6825.13,1380.4
2013,X01,Protección Civil y seguridad ciudadana,"PARQUE DE BOMBEROS Nº 7, AV. HELLÍN. 52. INSTALACIONES",,2776.95,2776.95
2014,X10,Cultura,,,647134.42,574241.85
2014,X10,Cultura,EQUIPAMIENTO CENTRO CULTURAL BUERO VALLEJO,,78598.44,5705.9
2014,X10,Cultura,"CENTRO CULTURAL ANTONIO MACHADO, C/ SAN ROMÁN DEL VALLE, 8. CONSERVACIÓN",,32122.55,32122.55
2014,X10,Cultura,"BIBLIOTECA PÚBLICA SAN BLAS, C/ SAN ROMÁN DEL VALLE, 8. INSTALACIONES",,937.75,937.75
2014,X10,Cultura,"BIBLIOTECA PÚBLICA CANILLEJAS, C/ BOLTAÑA, 23. INSTALACIONES",,937.75,937.75
2014,X10,Cultura,"BIBLIOTECA SAN BLAS, C/SAN ROMÁN DEL VALLE, 8. SEÑALIZACIÓN",,880.91,880.91
2014,X10,Cultura,"BIBLIOTECA CANILLEJAS, C/ BOLTAÑA, 23. SEÑALIZACIÓN",,880.91,880.91
2014,X10,Cultura,"BIBLIOTECA JOSÉ HIERRO, C/ MARÍA SEVILLA DIAGO, 13. SEÑALIZACIÓN",,1144.85,1144.83
2014,X10,Cultura,CENTRO CULTURAL JOSÉ LUIS LÓPEZ VÁZQUEZ. CARTELES DE SEÑALIZACIÓN,,156.09,156.09
2014,X10,Cultura,"CENTRO CULTURAL BUERO VALLEJO, C/ BOLTAÑA, 27. ACONDICIONAMIENTO ACCESO",,69421.66,69421.66
2014,X10,Cultura,BIBLIOTECA JOSÉ DEL HIERRO. OBRAS DE CONSERVACIÓN,,10862.8,10862.8
2014,X10,Cultura,"CENTRO CULTURAL JOSÉ LUIS LÓPEZ VÁZQUEZ, C/ FEBRERO, 4. OBRAS DE CONSERVACIÓN",,248.02,248.02
2014,X10,Cultura,"AUDITORIO PARQUE PARAÍSO, AV. ARCENTALES S/N. OBRAS DE CONSERVACIÓN",,42.28,42.28
2014,X10,Cultura,"AUDITORIO PARQUE CANILLEJAS, C/ NÉCTAR S/N. OBRAS DE CONSERVACIÓN",,18.82,18.82
2014,X10,Cultura,IFS-CENTRO CULTURAL ANTONIO MACHADO. ADECUACIÓN Y ACONDICIONAMIENTO GIMNASIO,,83975.45,83975.44
2014,X10,Cultura,IFS-CENTRO CULTURAL BUERO VALLEJO. REHABILITACIÓN INTEGRAL,,226791.0,226791.0
2014,X10,Cultura,IFS-AUDITORIO PARQUE EL PARAISO. PAVIMENTACIÓN Y ACONDICIONAMIENTO,,38129.45,38129.45
2014,X10,Cultura,IFS-BIBLIOTECA JOSÉ DEL HIERRO.MEDIDAS EFICIENCIA ENERGÉTICA INSTALACIONES CALEFACCIÓN,,44515.0,44515.0
2014,X10,Cultura,IFS-CENTRO CULTURAL ANTONIO MACHADO. ADAPTACIÓN NORMATIVA ELÉCTRICA,,40000.0,40000.0
2014,X10,Cultura,IFS-CENTRO CULTURAL BUERO VALLEJO. ADAPTACIÓN NORMATIVA ELÉCTRICA,,17000.0,17000.0
2014,X10,Cultura,BIBLIOTECA JOSÉ DEL HIERRO. CARTELES DE SEÑALIZACIÓN,,107.69,107.69
2014,X10,Cultura,CENTRO CULTURAL ANTONIO MACHADO. CARTELES DE SEÑALIZACIÓN,,157.3,157.3
2014,X10,Cultura,CENTRO CULTURAL AUDITORIO PARQUE EL PARAISO. CARTELES DE SEÑALIZACIÓN,,205.7,205.7
2014,X11,"Deportes, juventud y esparcimiento",,,5322586.3,5320594.07
2014,X11,"Deportes, juventud y esparcimiento",CENTRO DE DEPORTES ACUÁTICO. CONSTRUCCIÓN,,4929835.35,4929835.35
2014,X11,"Deportes, juventud y esparcimiento",EQUIPAMIENTO CENTRO DEPORTIVO DE SAN BLAS,,15602.58,15056.45
2014,X11,"Deportes, juventud y esparcimiento",DEPORTIVO BÁSICO ALBAIDA. CARTELES DE SEÑALIZACIÓN,,184.1,184.1
2014,X11,"Deportes, juventud y esparcimiento",DEPORTIVO BÁSICO AMBULATORIO. CARTELES DE SEÑALIZACIÓN,,552.27,552.27
2014,X11,"Deportes, juventud y esparcimiento",DEPORTIVO BÁSICO ARCAUTE. CARTELES DE SEÑALIZACIÓN,,184.1,184.1
2014,X11,"Deportes, juventud y esparcimiento",DEPORTIVO BÁSICO ARCOS DE JALÓN. CARTELES DE SEÑALIZACIÓN,,552.27,552.27
2014,X11,"Deportes, juventud y esparcimiento",DEPORTIVO BÁSICO CARLOS II. CARTELES DE SEÑALIZACIÓN,,368.18,368.18
2014,X11,"Deportes, juventud y esparcimiento",DEPORTIVO BÁSICO CIUDAD PEGASO I. CARTELES DE SEÑALIZACIÓN,,266.21,266.21
2014,X11,"Deportes, juventud y esparcimiento",DEPORTIVO BÁSICO CIUDAD PEGASO II (PETANCA). CARTELES DE SEÑALIZACIÓN,,387.2,387.2
2014,X11,"Deportes, juventud y esparcimiento",DEPORTIVO BÁSICO CIUDAD PEGASO III. CARTELES DE SEÑALIZACIÓN,,184.1,184.1
2014,X11,"Deportes, juventud y esparcimiento",DEPORTIVO BÁSICO ELECTRA. CARTELES DE SEÑALIZACIÓN,,368.18,368.18
2014,X11,"Deportes, juventud y esparcimiento",DEPORTIVO BÁSICO ESFINGE. CARTELES DE SEÑALIZACIÓN,,552.27,552.27
2014,X11,"Deportes, juventud y esparcimiento",DEPORTIVO BÁSICO EUTERPE. CARTELES DE SEÑALIZACIÓN,,184.1,184.1
2014,X11,"Deportes, juventud y esparcimiento",DEPORTIVO BÁSICO LAS ROSAS. CARTELES DE SEÑALIZACIÓN,,368.18,368.18
2014,X11,"Deportes, juventud y esparcimiento",DEPORTIVO BÁSICO LUCANO. CARTELES DE SEÑALIZACIÓN,,184.1,184.1
2014,X11,"Deportes, juventud y esparcimiento",DEPORTIVO BÁSICO MEDIO AMPOSTA. CARTELES DE SEÑALIZACIÓN,,368.18,368.18
2014,X11,"Deportes, juventud y esparcimiento",DEPORTIVO BÁSICO MIGUEL YUSTE. CARTELES DE SEÑALIZACIÓN,,368.18,368.18
2014,X11,"Deportes, juventud y esparcimiento",DEPORTIVO BÁSICO NICOLASA GÓMEZ. CARTELES DE SEÑALIZACIÓN,,184.1,184.1
2014,X11,"Deportes, juventud y esparcimiento",DEPORTIVO BÁSICO POBLADURA DEL VALLE. CARTELES DE SEÑALIZACIÓN,,387.2,387.2
2014,X11,"Deportes, juventud y esparcimiento",DEPORTIVO BÁSICO QUINTA DE LOS MOLINOS I. CARTELES DE SEÑALIZACIÓN,,368.18,368.18
2014,X11,"Deportes, juventud y esparcimiento",DEPORTIVO BÁSICO TELEMACO. CARTELES DE SEÑALIZACIÓN,,184.1,184.1
2014,X11,"Deportes, juventud y esparcimiento",PISTA DE PATINAJE AVENIDA DE NIZA. CARTELES DE SEÑALIZACIÓN,,417.45,417.45
2014,X11,"Deportes, juventud y esparcimiento",OBRAS CONSERVACIÓN INSTALACIONES DEPORTIVAS DISTRITO SAN BLAS - CANILLEJAS,,1446.09,
2014,X11,"Deportes, juventud y esparcimiento",CENTRO DEPORTIVO SAN BLAS. ACONDICIONAMIENTO PISCINA INFANTIL,,177504.49,177504.48
2014,X11,"Deportes, juventud y esparcimiento",DEPORTIVO BÁSICO MIGUEL YUSTE. SUSTITUCIÓN DE CERRAMIENTO,,19736.72,19736.72
2014,X11,"Deportes, juventud y esparcimiento","DEPORTIVO BÁSICO CARLOS II, C/ CARLOS II, 4. OBRAS DE CONSERVACIÓN",,16232.97,16232.97
2014,X11,"Deportes, juventud y esparcimiento","DEPORTIVO BÁSICO ARCOS DE JALÓN, C/ ARCOS DE JALÓN. OBRAS DE CONSERVACIÓN",,522.27,522.27
2014,X11,"Deportes, juventud y esparcimiento","DEPORTIVO BÁSICO ESFINGE, C/ ESFINGE, 60. OBRAS DE CONSERVACIÓN",,2829.2,2829.2
2014,X11,"Deportes, juventud y esparcimiento","DEPORTIVO BÁSICO EUTERPE, C/ EUTERPE, 1. OBRAS DE CONSERVACIÓN",,3443.27,3443.27
2014,X11,"Deportes, juventud y esparcimiento",CENTRO DEPORTIVO SAN BLAS. ACONDICIONAMIENTO ACCESO A PISTAS Y OTRAS,,102972.58,102972.58
2014,X11,"Deportes, juventud y esparcimiento",CENTRO DEPORTIVO SAN BLAS. OBRAS DE CONSERVACIÓN,,1965.06,1965.06
2014,X11,"Deportes, juventud y esparcimiento",DEPORTIVO BÁSICO ARCAUTE. OBRAS DE CONSERVACIÓN,,117.54,117.54
2014,X11,"Deportes, juventud y esparcimiento",DEPORTIVO BÁSICO CIUDAD PEGASO I. OBRAS DE CONSERVACIÓN,,111.23,111.23
2014,X11,"Deportes, juventud y esparcimiento",DEPORTIVO BÁSICO LUCANO. OBRAS DE CONSERVACIÓN,,15.58,15.58
2014,X11,"Deportes, juventud y esparcimiento",CENTRO DEPORTIVO SAN BLAS (PABELLÓN ANTONIO MATA). CARTELES DE SEÑALIZACIÓN,,121.0,121.0
2014,X11,"Deportes, juventud y esparcimiento",DEPORTIVO BÁSICO AVENIDA DE GUADALAJARA S/N. CARTELES DE SEÑALIZACIÓN,,116.16,116.16
2014,X11,"Deportes, juventud y esparcimiento",DEPORTIVO BÁSICO QUINTA DE LOS MOLINOS II. CARTELES DE SEÑALIZACIÓN,,60.5,60.5
2014,X11,"Deportes, juventud y esparcimiento",CENTRO DEPORTIVO Y SOCIOCULTURAL CIUDAD PEGASO. CARTELES DE SEÑALIZACIÓN,,649.77,649.77
2014,X11,"Deportes, juventud y esparcimiento","CENTRO POLIVALENTE CIUDAD PEGASO, AV. SÉPTIMA, 11. OBRAS DE CONSERVACIÓN",,16691.29,16691.29
2014,X11,"Deportes, juventud y esparcimiento",IFS-CENTRO JUVENIL CERVANTES. ADAPTACIÓN NORMATIVA ELÉCTRICA,,26000.0,26000.0
2014,X00,Inversiones de carácter general,,,171603.18,169737.28
2014,X00,Inversiones de carácter general,OBRAS CONSERVACIÓN EDIFICIOS DISTRITO SAN BLAS - CANILLEJAS,,1865.22,
2014,X00,Inversiones de carácter general,"EDIFICIO C/ ALBARRACÍN, 13. OBRAS DE ACONDICIONAMIENTO",,46347.26,46347.26
2014,X00,Inversiones de carácter general,EQUIPAMIENTO SERVICIOS ADMINISTRATIVOS DISTRITO SAN BLAS-CANILLEJAS,,28176.0,28175.32
2014,X00,Inversiones de carácter general,EDIFICIO SEDE DE SAN BLAS-CANILLEJAS. CARTELES DE SEÑALIZACIÓN,,948.64,948.64
2014,X00,Inversiones de carácter general,EDIFICIO SEDE DISTRITO SAN BLAS-CANILLEJAS. OBRAS DE CONSERVACIÓN,,29866.46,29866.46
2014,X00,Inversiones de carácter general,IFS-SEDE DISTRITO SAN BLAS.MEDIDAS DE  EFICIENCIA ENERGÉTICA EN LAS INSTALACIONES,,64399.6,64399.6
2014,X06,Urbanismo,,,4208824.48,3822811.76
2014,X06,Urbanismo,GLORIETA EISENHOWER. URBANIZACIÓN,,41042.2,
2014,X06,Urbanismo,PLAZA CÍVICA. OBRAS DE URBANIZACIÓN,,26205.16,
2014,X06,Urbanismo,ADQUISICIÓN SUELO APE 20.10 COLONIA FIN DE SEMANA,,994626.75,981439.12
2014,X06,Urbanismo,ADQUISICIÓN DE SUELO C/ ILIADA C/V. PITÁGORAS,,317593.51,262473.98
2014,X06,Urbanismo,"C/ JUNIO, 16-A. OBRAS DE URBANIZACIÓN",,6000.0,5541.8
2014,X06,Urbanismo,ESTADIO DE MADRID. URBANIZACIÓN ACCESOS Y CONEXIONES,,250000.0,
2014,X06,Urbanismo,"ADQUISICIÓN SUELO AVENÍDA DE ARAGÓN, 292",,5210.71,5210.71
2014,X06,Urbanismo,"ADQUISICIÓN DE SUELO CAMINO VIEJO DE COSLADA A BARAJAS, 12",,1467175.04,1467175.04
2014,X06,Urbanismo,ADQUISICIÓN DE SUELO POLÍGONO 10 DE BARAJAS,,1054693.21,1054693.21
2014,X06,Urbanismo,ÁREA PLANEAMIENTO ESPECÍFICO 20.10 COLONIA FIN DE SEMANA. COMPENSACIÓN,,46277.9,46277.9
2014,X08,Mantenimiento urbano,,,236978.43,236978.43
2014,X08,Mantenimiento urbano,RENOVACIÓN INTEGRAL INSTALACIONES Y PAVIMENTOS. PRIS Z-6 DISTRITO SAN BLAS,,214813.71,214813.71
2014,X08,Mantenimiento urbano,ADAPTACIÓN INSTALACIONES ALUMBRADO PÚBLICO A NORMATIVA. SAN BLAS - CANILLEJAS,,22164.72,22164.72
2014,X09,Medio ambiente,,,112243.27,57816.43
2014,X09,Medio ambiente,PARQUE TORRE ARIAS. MAQUINARIA DE MANTENIMIENTO,,74263.24,24421.08
2014,X09,Medio ambiente,PARQUE DE TORRE ARIAS. ADQUISICIÓN DE ÚTILES Y HERRAMIENTAS MANTENIMIENTO.,,4000.0,3999.96
2014,X09,Medio ambiente,PARQUE DE TORRE ARIAS. CONSTRUCCIÓN CASETAS JARDINEROS,,24480.03,24480.03
2014,X09,Medio ambiente,IFS-CASETA MEDIO AMBIENTE AVDA. SEXTA 4. EXIGENCIAS INSPECCIÓN TÉCNICA DE EDIFICIOS,,9500.0,4915.36
2014,X03,Protección y promoción social,,,350963.22,253364.53
2014,X03,Protección y promoción social,"CENTRO DE MAYORES EURÍPIDES, PZ. EURÍPIDES, 1. OBRAS DE CONSERVACIÓN",,155.84,155.83
2014,X03,Protección y promoción social,"EQUIPAMIENTO CENTRO DE MAYORES PABLO CASALS, C/ POBLADURA DEL VALLE, 13",,7294.38,6477.63
2014,X03,Protección y promoción social,"EQUIPAMIENTO CENTRO DE MAYORES ANTONIO MACHADO, C/ SAN ROMÁN DEL VALLE, 8",,6917.93,2425.66
2014,X03,Protección y promoción social,IFS-CENTRO DE RECOGIDA TRANSEUNTES. EXIGENCIAS INSPECCIÓN TÉCNICA DE EDIFICIOS,,131500.0,41187.9
2014,X03,Protección y promoción social,EQUIPAMIENTO CENTRO DE SERVICIOS SOCIALES TORRE ARIAS,,3511.63,3511.61
2014,X03,Protección y promoción social,EQUIPAMIENTO CENTRO DE SERVICIOS SOCIALES PABLO CASALS,,2949.89,2949.87
2014,X03,Protección y promoción social,EQUIPAMIENTO CENTROS DE MAYORES DEL DISTRITO DE SAN BLAS,,1004.3,
2014,X03,Protección y promoción social,"EQUIPAMIENTO CENTRO DE MAYORES CASTILLO DE UCLÉS, C/ CASTILLO DE UCLÉS, 37",,3911.74,2938.54
2014,X03,Protección y promoción social,"CENTRO DE MAYORES CASTILLO DE UCLÉS, C/ CASTILLO DE UCLÉS, 37. CONSERVACIÓN",,7143.95,7143.94
2014,X03,Protección y promoción social,"CENTRO SERVICIOS SOCIALES PABLO CASALS, C/ POBLADURA DEL VALLE, 13. CONSERVACIÓN",,22177.31,22177.31
2014,X03,Protección y promoción social,"CENTRO DE DÍA, MAYORES Y ALZHEIMER CIUDAD PEGASO, AV. QUINTA, 5. CONSERVACIÓN",,18527.01,18527.01
2014,X03,Protección y promoción social,CENTRO DE DÍA DE MAYORES MORA DE RUBIELOS. OBRAS DE CONSERVACIÓN,,6987.32,6987.32
2014,X03,Protección y promoción social,CENTRO DE SERVICIOS SOCIALES PABLO CASALS. ACONDICIONAMIENTO EXTERIORES,,30281.34,30281.34
2014,X03,Protección y promoción social,CENTRO DE DÍA DE MAYORES ESFINGE. OBRAS DE CONSERVACIÓN,,3795.18,3795.18
2014,X03,Protección y promoción social,"CENTRO SERVICIOS SOCIALES TORRES ARIAS, C/ TORRE ARIAS, 2. OBRAS DE CONSERVACIÓN",,350.95,350.95
2014,X03,Protección y promoción social,IFS-CENTRO SERVICIOS SOCIALES TORRE ARIAS. ACONDICIONAMIENTO Y EFICIENCIA ENERGÉTICA,,43768.83,43768.82
2014,X03,Protección y promoción social,IFS-CENTRO DE MAYORES ESFINGE. ADAPTACIÓN MURO DE CONTENCIÓN,,60314.15,60314.15
2014,X03,Protección y promoción social,CENTRO DE DÍA Y MAYORES CIUDAD PEGASO. CARTELES DE SEÑALIZACIÓN,,159.72,159.72
2014,X03,Protección y promoción social,CENTRO DE MAYORES CASTILLO DE UCLÉS. CARTELES DE SEÑALIZACIÓN,,169.4,169.4
2014,X03,Protección y promoción social,CENTRO DE SERVICIOS SOCIALES TORRE ARIAS. CARTELES DE SEÑALIZACIÓN,,42.35,42.35
2014,X05,Educación,,,615206.37,600457.89
2014,X05,Educación,EQUIPAMIENTO ESCUELA DE MÚSICA ANTONIO MACHADO,,1749.66,1749.66
2014,X05,Educación,"COLEGIO PÚBLICO ALBERTO ALCOCER, AV. CANILLEJAS A VICÁLVARO, 56. CONSERVACIÓN",,18551.82,18551.82
2014,X05,Educación,"COLEGIO PÚBLICO JULIÁN MARÍAS, C/ BUDAPEST, 11. OBRAS DE CONSERVACIÓN",,5966.74,5966.74
2014,X05,Educación,"COLEGIO PÚBLICO LA ALAMEDA, C/ LAS MUSAS, 9. OBRAS DE CONSERVACIÓN",,40250.03,40250.03
2014,X05,Educación,"ESCUELA INFANTIL HIEDRA, C/ AMPOSTA, 34. OBRAS DE CONSERVACIÓN",,12679.59,12679.59
2014,X05,Educación,"EQUIPAMIENTO ESCUELA INFANTIL LA DEL MANOJO DE ROSAS, C/ RÁVENA, 12",,9277.95,9276.45
2014,X05,Educación,"COLEGIO PÚBLICO REPÚBLICA DE PANAMÁ, C/ PEONES, 2. OBRAS DE CONSERVACIÓN",,7767.06,7767.06
2014,X05,Educación,"COLEGIO PÚBLICO MARÍA MOLINER, C/ ARCOS DE JALÓN, 34. OBRAS DE CONSERVACIÓN",,83206.89,83206.89
2014,X05,Educación,CONSERVACIÓN COLEGIOS Y OTROS CENTROS EDUCATIVOS DISTRITO SAN BLAS-CANILLEJAS,,2538.86,
2014,X05,Educación,"COLEGIO PÚBLICO CIUDAD PEGASO, AV. SÉPTIMA, 12. OBRAS DE ACONDICIONAMIENTO",,90354.21,90354.21
2014,X05,Educación,EQUIPAMIENTO ESCUELA INFANTIL HIEDRA,,34690.88,24373.85
2014,X05,Educación,EQUIPAMIENTO ESCUELA INFANTIL LAS LEANDRAS,,937.75,678.18
2014,X05,Educación,EQUIPAMIENTO ESCUELA INFANTIL LAS MERCEDES,,10857.13,9225.61
2014,X05,Educación,COLEGIO PÚBLICO ÁLVARO DE BAZÁN. ACONDICIONAMIENTO PISTA DEPORTIVA,,47613.53,47613.53
2014,X05,Educación,"COLEGIO PÚBLICO PADRE COLOMA, C/ GUTIERREZ CANALES, 19. ACONDICIONAMIENTO",,22770.84,22770.84
2014,X05,Educación,"COLEGIO PÚBLICO MARQUÉS DE SUANCES, AV. VEINTICINCO DE SEPTIEMBREME 1. REFORMA",,34783.21,34783.21
2014,X05,Educación,"COLEGIO PÚBLICO EL SOL, AV. CANILLEJAS A VICÁLVARO, 82. ACONDICIONAMIENTO",,39784.76,39784.76
2014,X05,Educación,"COLEGIO PÚBLICO MARIANO JOSÉ DE LARRA, C/ LONGARES, 11. OBRAS DE CONSERVACIÓN",,23754.42,23754.42
2014,X05,Educación,"COLEGIO PÚBLICO RAMÓN MARÍA DEL VALLE INCLÁN, C/ ALCONERA, 1. ACONDICIONAMIENTO",,33188.68,33188.68
2014,X05,Educación,COLEGIO PÚBLICO REPÚBLICA DE CHILE. ACONDICIONAMIENTO DE FACHADA,,58565.69,58565.69
2014,X05,Educación,"ESCUELA INFANTIL LAS LEANDRAS, C/ DEYANIRA, 2. OBRAS DE CONSERVACIÓN",,7171.82,7171.82
2014,X05,Educación,"ESCUELA INFANTIL LA ALEGRÍA DE LA HUERTA, C/ HELSINKI, 2. OBRAS DE CONSERVACIÓN",,2857.18,2857.18
2014,X05,Educación,"ESCUELA INFANTIL LA DEL MANOJO DE ROSAS, C/ RÁVENA, 12. OBRAS DE CONSERVACIÓN",,1590.37,1590.37
2014,X05,Educación,"COLEGIO PÚBLICO CARMEN CABEZUELO, C/ CANGAS DE ONÍS, 7. OBRAS DE CONSERVACIÓN",,10964.3,10964.3
2014,X05,Educación,CENTRO EDUCACIÓN ESPECIAL FUNDACIÓN GOYENECHE. OBRAS CERRAMIENTO PISTA DEPORTIVA,,10927.14,10927.14
2014,X05,Educación,COLEGIO PÚBLICO ÁLVARO DE BAZÁN. OBRAS DE CONSERVACIÓN,,799.49,799.49
2014,X05,Educación,COLEGIO PÚBLICO CIUDAD PEGASO. OBRAS DE CONSERVACIÓN,,388.7,388.7
2014,X05,Educación,COLEGIO PÚBLICO PADRE COLOMA. OBRAS DE CONSERVACIÓN,,211.45,211.45
2014,X05,Educación,COLEGIO PÚBLICO RAMÓN MARÍA DEL VALLE INCLÁN. OBRAS DE CONSERVACIÓN,,132.38,132.38
2014,X05,Educación,COLEGIO PÚBLICO REPÚBLICA DE CHILE. OBRAS DE CONSERVACIÓN,,873.84,873.84
2014,X04,Salud pública,,,5285.23,5285.23
2014,X04,Salud pública,CENTRO ATENCIÓN DROGODEPENDIENTES DE SAN BLAS. ADQUISICIÓN MAQUINARIA,,486.2,486.2
2014,X04,Salud pública,"CENTRO MADRID SALUD SAN BLAS. C/ POBLADURA DEL VALLE, 13 B. INSTALACIONES",,4799.03,4799.03
2014,X01,Protección Civil y seguridad ciudadana,,,29371.15,29371.15
2014,X01,Protección Civil y seguridad ciudadana,"EQUIPAMIENTO PARQUE DE BOMBEROS Nº 7, AV. DE HELLÍN, 52",,7687.95,7687.95
2014,X01,Protección Civil y seguridad ciudadana,"PARQUE DE BOMBEROS Nº 7, SAN BLAS. REORDENACIÓN GENERAL DE ESPACIOS",,21683.2,21683.2
2015,X10,Cultura,,,1008355.76,783119.78
2015,X10,Cultura,EQUIPAMIENTO CENTRO CULTURAL BUERO VALLEJO,,100000.0,
2015,X10,Cultura,EQUIPAMIENTO BIBLIOTECA PÚBLICA SAN BLAS,,5495.82,
2015,X10,Cultura,EQUIPAMIENTO BIBLIOTECA PÚBLICA CANILLEJAS,,2923.87,1006.02
2015,X10,Cultura,EQUIPAMIENTO BIBLIOTECA PÚBLICA JOSÉ HIERRO,,1911.8,
2015,X10,Cultura,CENTRO CULTURAL ANTONIO MACHADO. CLIMATIZACIÓN AULAS DE MÚSICA Y BIBLIOTECA,,32618.88,32618.88
2015,X10,Cultura,CENTRO CULTURAL BUERO VALLEJO. INSTALACIONES DE CALEFACCIÓN Y AGUA CALIENTE SANITARIA,,62117.23,60527.47
2015,X10,Cultura,"CENTRO CULTURAL BUERO VALLEJO, C/ BOLTAÑA, 26. OBRAS DE CONSERVACIÓN",,22562.1,22562.1
2015,X10,Cultura,CENTRO CULTURAL ANTONIO MACHADO. OBRAS DE ACONDICIONAMIENTO,,29992.57,29992.57
2015,X10,Cultura,CENTRO CULTURAL ANTONIO MACHADO. OBRAS DE ADECUACIÓN SALÓN DE ACTOS,,24233.49,24233.49
2015,X10,Cultura,"IFS-CENTRO CULTURAL ANTONIO MACHADO.ACONDICIONAMIENTO, ACCESIBILIDAD Y EFICIENCIA ENERGÉTICA",,240000.0,240000.0
2015,X10,Cultura,IFS-CENTRO CULTURAL MIGUEL DE CERVANTES. OBRAS DE MEJORA Y EFICIENCIA ENERGÉTICA,,166500.0,142480.9
2015,X10,Cultura,IFS-AUDITORIO PARQUE EL PARAISO. ADECUACIÓN LATERALES DE LA ZONA TERRIZA Y ECONOMÍAS,,30000.0,30000.0
2015,X10,Cultura,IFS-AUDITORIO PARQUE CANILLEJAS. REFORMA INTEGRAL Y OBTENCIÓN DE ECONOMÍAS,,180000.0,89698.35
2015,X10,Cultura,IFS-CENTRO CULTURAL BUERO VALLEJO. ADAPTACIÓN A NORMATIVA ELÉCTRICA Y CLIMATIZACIÓN,,110000.0,110000.0
2015,X11,"Deportes, juventud y esparcimiento",,,535786.44,437243.23
2015,X11,"Deportes, juventud y esparcimiento",EQUIPAMIENTO CENTRO DEPORTIVO SAN BLAS,,19030.0,16275.9
2015,X11,"Deportes, juventud y esparcimiento",DEPORTIVO BÁSICO CARLOS II. OBRAS DE CONSERVACIÓN,,5444.88,5444.88
2015,X11,"Deportes, juventud y esparcimiento","DEPORTIVO BÁSICO ESFINGE, C/ ESFINGE, 60. OBRAS DE CONSERVACIÓN",,19783.19,19783.19
2015,X11,"Deportes, juventud y esparcimiento",CENTRO DEPORTIVO SAN BLAS. OBRAS DE CONSERVACIÓN,,991.84,991.84
2015,X11,"Deportes, juventud y esparcimiento",COLEGIO PÚBLICO MARÍA MOLINER. MEJORA PISTAS DEPORTIVAS,,1754.5,1754.5
2015,X11,"Deportes, juventud y esparcimiento",COLEGIO PÚBLICO ALBERTO ALCOCER. MEJORA PISTAS DEPORTIVAS,,1754.5,1754.5
2015,X11,"Deportes, juventud y esparcimiento",OBRAS DE CONSERVACIÓN INSTALACIONES DEPORTIVAS DISTRITO DE SAN BLAS-CANILLEJAS,,0.29,
2015,X11,"Deportes, juventud y esparcimiento","CENTRO DEPORTIVO SAN BLAS, C/ ARCOS DE JALÓN, 59. OBRAS DE ACONDICIONAMIENTO",,200000.0,104394.54
2015,X11,"Deportes, juventud y esparcimiento",PISTA DE ATLETISMO DEPORTIVO BÁSICO QUINTA DE LOS MOLINOS I. ACONDICIONAMIENTO,,155254.55,155254.54
2015,X11,"Deportes, juventud y esparcimiento","DEPORTIVO BÁSICO CARLOS II, C/ CARLOS II, 4. OBRAS DE SUSTITUCIÓN DE PAVIMENTO",,40964.12,40964.12
2015,X11,"Deportes, juventud y esparcimiento",DEPORTIVO BÁSICO POLÍGONO DE LAS ROSAS. SUSTITUCIÓN CERRAMIENTO PISTAS,,36344.22,36344.22
2015,X11,"Deportes, juventud y esparcimiento",DEPORTIVO BÁSICO QUINTA DE LOS MOLINOS I. OBRAS DE CONSERVACIÓN,,3251.15,3251.15
2015,X11,"Deportes, juventud y esparcimiento","EQUIPAMIENTO DEPORTIVO BÁSICO CARLOS II, C/ CARLOS II, 4",,1100.0,916.65
2015,X11,"Deportes, juventud y esparcimiento",CENTRO DEPORTIVO Y SOCIOCULTURAL CIUDAD PEGASO. OBRAS DE CONSERVACIÓN,,6113.2,6113.2
2015,X11,"Deportes, juventud y esparcimiento","IFS-CENTRO DE ADOLESCENTES EURIPIDES. MEJORA AISLAMIENTO, CALDERA Y EFICIENCIA ENERGÉTICA",,44000.0,44000.0
2015,X00,Inversiones de carácter general,,,333798.53,250609.14
2015,X00,Inversiones de carácter general,"EDIFICIO C/ ALBARRACÍN, 33. OBRAS DE ADECUACIÓN",,88312.75,88312.75
2015,X00,Inversiones de carácter general,"EDIFICIO TORRE ARIAS, C/ ALCALÁ, 551. SUBSANACIÓN DE PATOLOGÍAS",,20000.19,19964.44
2015,X00,Inversiones de carácter general,IFS-PALACETE QUINTA DE LOS MOLINOS. ADECUACIÓN INSTALACIONES Y CUBIERTAS,,140000.0,117629.26
2015,X00,Inversiones de carácter general,QUINTA DE TORRE ARIAS. ADOPCIÓN MEDIDAS DE SEGURIDAD,,50940.93,
2015,X00,Inversiones de carácter general,OBRAS DE CONSERVACIÓN EDIFICIOS DISTRITO DE SAN BLAS-CANILLEJAS,,9841.97,
2015,X00,Inversiones de carácter general,EDIFICIO SEDE DISTRITO SAN BLAS. OBRAS EN FACHADA Y PLAN AUTOPROTECCIÓN,,24702.69,24702.69
2015,X06,Urbanismo,,,4851611.15,3553398.47
2015,X06,Urbanismo,PLAZA CÍVICA. OBRAS DE URBANIZACIÓN,,26205.16,
2015,X06,Urbanismo,NUEVA CONEXIÓN CN-II Y DISTRIBUIDOR ESTE. ADQUISICIÓN DE SUELO,,252414.34,
2015,X06,Urbanismo,ADQUISICIÓN SUELO APE 20.10 COLONIA FIN DE SEMANA,,24715.76,11569.66
2015,X06,Urbanismo,ESTADIO DE MADRID. URBANIZACIÓN ACCESOS Y CONEXIONES,,247466.97,
2015,X06,Urbanismo,ADQUISICIÓN DE SUELO POLÍGONO 10 DE BARAJAS,,753833.84,12103.04
2015,X06,Urbanismo,ADQUISICIÓN DE SUELO NORTE TORRE ARIAS,,3546095.11,3529725.77
2015,X06,Urbanismo,ÁREA DE PLANEAMIENTO REMITIDO EMILIO MUÑOZ 20.04,,879.97,
2015,X07,Infraestructuras,,,1041.44,1041.44
2015,X07,Infraestructuras,ANILLO VERDE CICLISTA DISTRITO SAN BLAS-CANILLEJAS. OBRAS DE REMODELACIÓN,,1041.44,1041.44
2015,X09,Medio ambiente,,,2069845.16,70742.16
2015,X09,Medio ambiente,FINCA DE TORRE ARIAS. REMODELACIÓN DEL ENTORNO,,1980003.0,20900.0
2015,X09,Medio ambiente,PARQUE TORRE ARIAS. MAQUINARIA DE MANTENIMIENTO,,49842.16,49842.16
2015,X09,Medio ambiente,PARQUE DE TORRE ARIAS. CONSTRUCCIÓN CASETAS JARDINEROS,,40000.0,
2015,X03,Protección y promoción social,,,264875.87,199576.39
2015,X03,Protección y promoción social,EQUIPAMIENTO CENTRO DE SERVICIOS SOCIALES TORRE ARIAS,,11584.4,
2015,X03,Protección y promoción social,EQUIPAMIENTO CENTRO DE SERVICIOS SOCIALES PABLO CASALS,,8415.6,
2015,X03,Protección y promoción social,EQUIPAMIENTO CENTRO DE MAYORES ANTONIO MACHADO,,30524.67,
2015,X03,Protección y promoción social,EQUIPAMIENTO CENTRO DE MAYORES CASTILLO DE UCLÉS,,5286.49,2960.1
2015,X03,Protección y promoción social,EQUIPAMIENTO CENTRO INTEGRADO ESFINGE,,8833.38,1128.99
2015,X03,Protección y promoción social,EQUIPAMIENTO CENTRO INTEGRADO PABLO CASALS,,5355.46,611.48
2015,X03,Protección y promoción social,CENTRO DE MAYORES CASTILLO DE UCLES. OBRAS DE CONSERVACIÓN,,9077.33,9077.31
2015,X03,Protección y promoción social,CENTRO DE MAYORES CIUDAD PEGASO. OBRAS DE CONSERVACIÓN,,23317.8,23317.78
2015,X03,Protección y promoción social,CENTRO DE DÍA Y MAYORES ESFINGE. OBRAS DE CONSERVACIÓN,,3928.35,3928.35
2015,X03,Protección y promoción social,CENTRO INTEGRADO PABLO CASALS. OBRAS DE CONSERVACIÓN,,2052.39,2052.39
2015,X03,Protección y promoción social,IFS-CENTRO DE MAYORES Y ALZHEIMER CASTILLO DE UCLÉS. ADAPTACIÓN A NORMATIVA ELÉCTRICA,,24000.0,24000.0
2015,X03,Protección y promoción social,IFS-CENTRO DE MAYORES ESFINGE. ADECUACIÓN A NORMATIVA DE INSTALACIONES TÉRMICAS,,15500.0,15500.0
2015,X03,Protección y promoción social,IFS-CENTRO DE MAYORES PABLO CASALS. ACONDICIONAMIENTO EXTERIOR Y OBTENCIÓN DE ECONOMÍAS,,70000.0,70000.0
2015,X03,Protección y promoción social,IFS-SERVICIOS SOCIALES TORRE ARIAS. ADECUACIÓN CARPINTERIA EXTERIOR Y EFICIENCIA ENERGÉTICA,,47000.0,46999.99
2015,X05,Educación,,,668425.55,660435.76
2015,X05,Educación,"EQUIPAMIENTO ESCUELA INFANTIL TARABILLA, C/ ALBARRACÍN, 31",,36326.58,36326.58
2015,X05,Educación,"COLEGIO PÚBLICO ALBERTO ALCOCER, AV. CANILLEJAS A VICÁLVARO, 56. CONSERVACIÓN",,4744.12,4744.12
2015,X05,Educación,"COLEGIO PÚBLICO RAMÓN MARÍA DEL VALLE INCLÁN, C/ ALCONERA, 1. CONSERVACIÓN",,8771.51,8771.51
2015,X05,Educación,EQUIPAMIENTO ESCUELA INFANTIL LAS MERCEDES,,2936.67,2936.67
2015,X05,Educación,COLEGIO PÚBLICO ÁLVARO DE BAZÁN. OBRAS DE CONSERVACIÓN,,2165.28,2165.28
2015,X05,Educación,COLEGIO PÚBLICO PADRE COLOMA. OBRAS DE CONSERVACIÓN,,9156.92,9156.92
2015,X05,Educación,COLEGIO PÚBLICO REPÚBLICA DE CHILE. OBRAS DE CONSERVACIÓN,,19005.84,19005.84
2015,X05,Educación,ESCUELA INFANTIL HIEDRA. PLACA IDENTIFICATIVA,,565.07,565.07
2015,X05,Educación,ESCUELA INFANTIL LAS MERCEDES. PLACA IDENTIFICATIVA,,565.07,565.07
2015,X05,Educación,ESCUELAS INFANTILES. INSTALACIÓN DE PÉRGOLAS,,7987.96,
2015,X05,Educación,ESCUELA INFANTIL TARABILLA. INSTALACIÓN DE PÉRGOLAS,,5652.81,5652.81
2015,X05,Educación,ESCUELA INFANTIL LA ALEGRÍA DE LA HUERTA. PLACA IDENTIFICATIVA,,566.13,566.13
2015,X05,Educación,ESCUELA INFANTIL LA DEL MANOJO DE ROSAS. PLACA IDENTIFICATIVA,,566.13,566.13
2015,X05,Educación,ESCUELA INFANTIL LAS LEANDRAS. PLACA IDENTIFICATIVA,,566.13,566.13
2015,X05,Educación,OBRAS CONSERVACIÓN CENTROS DOCENTES ENSEÑANZA DISTRITO DE SAN BLAS-CANILLEJAS,,1.8,
2015,X05,Educación,"COLEGIO PÚBLICO CARMEN CABEZUELO, C/ CANGAS DE ONÍS, 7. IMPERMEABILIZACIÓN",,29999.95,29999.95
2015,X05,Educación,"COLEGIO PÚBLICO LA ALAMEDA, C/ LAS MUSAS, 9. OBRAS DE ACONDICIONAMIENTO",,27281.12,27281.12
2015,X05,Educación,COLEGIO PÚBLICO EL SOL. OBRAS DE CONSERVACIÓN,,12565.22,12565.22
2015,X05,Educación,COLEGIO PÚBLICO JULIÁN MARÍAS. OBRAS DE CONSERVACIÓN,,29425.99,29425.98
2015,X05,Educación,COLEGIO PÚBLICO MARÍA MOLINER. OBRAS DE CONSERVACIÓN,,25394.64,25394.64
2015,X05,Educación,COLEGIO PÚBLICO MARQUÉS DE SUANZES. ADAPTACIÓN CALDERA Y CHIMENEA,,29824.28,29824.27
2015,X05,Educación,COLEGIO PÚBLICO CIUDAD PEGASO. OBRAS DE ACONDICIONAMIENTO,,55184.71,55184.71
2015,X05,Educación,ESCUELA INFANTIL HIEDRA. INSTALACIÓN CALDERA DE GAS,,42069.69,42069.69
2015,X05,Educación,ESCUELA INFANTIL LAS LEANDRAS. OBRAS DE REFORMA,,23535.72,23535.72
2015,X05,Educación,CENTRO EDUCACIÓN ESPECIAL FUNDACIÓN GOYENECHE. OBRAS DE ACONDICIONAMIENTO,,29517.06,29517.05
2015,X05,Educación,COLEGIO PÚBLICO REPÚBLICA DE PANAMÁ. OBRAS DE CONSERVACIÓN,,6726.87,6726.87
2015,X05,Educación,ESCUELA INFANTIL LA DEL MANOJO DE ROSAS. OBRAS DE CONSERVACIÓN,,598.51,598.51
2015,X05,Educación,ESCUELA INFANTIL LA ALEGRÍA DE LA HUERTA. OBRAS DE CONSERVACIÓN,,614.34,614.34
2015,X05,Educación,COLEGIO PÚBLICO REPÚBLICA DE CHILE. ACONDICIONAMIENTO DE FACHADA POSTERIOR,,45930.5,45930.5
2015,X05,Educación,"ESCUELA INFANTIL LAS MERCEDES, C/ SAMANIEGO, 22. OBRAS DE ACONDICIONAMIENTO",,35762.02,35762.02
2015,X05,Educación,COLEGIO PÚBLICO MARIANO JOSÉ DE LARRA. ACONDICIONAMIENTO Y MEJORA DISTRIBUCIÓN ESPACIOS,,54999.65,54999.65
2015,X05,Educación,COLEGIO PÚBLICO MARIANO JOSÉ DE LARRA. OBRAS MEJORA EN INSTALACIONES Y ESPACIOS,,119417.26,119417.26
2015,X04,Salud pública,,,20519.95,20519.95
2015,X04,Salud pública,"CENTRO MADRID SALUD SAN BLAS, C/ POBLADURA DEL VALLE, 13. OBRAS DE REFORMA",,6776.45,6776.45
2015,X04,Salud pública,"CENTRO MADRID SALUD SAN BLAS, C/POBLADURA DEL VALLE, 13 B. INSTALACIONES TÉCNICAS",,12485.5,12485.5
2015,X04,Salud pública,"EQUIPAMIENTO CENTRO DE ATENCIÓN DROGODEPENDIENTES DE SAN BLAS, C/ ALCALÁ, 527",,258.54,258.54
2015,X04,Salud pública,"CENTRO MADRID SALUD SAN BLAS, C/ POBLADURA DEL VALLE, 13 B. SEÑALIZACIÓN",,999.46,999.46
2015,X01,Protección Civil y seguridad ciudadana,,,821556.36,768.65
2015,X01,Protección Civil y seguridad ciudadana,"PARQUE DE BOMBEROS Nº 7, SAN BLAS. REORDENACIÓN GENERAL DE ESPACIOS",,820000.0,
2015,X01,Protección Civil y seguridad ciudadana,"EQUIPAMIENTO PARQUE DE BOMBEROS Nº 7, AV. HELLIN, 52",,1556.36,768.65
2015,X12,Otros bienes públicos de carácter social,,,1931.3,1931.3
2015,X12,Otros bienes públicos de carácter social,EQUIPAMIENTO OFICINA ATENCIÓN AL CIUDADANO LÍNEA MADRID DISTRITO SAN BLAS-CANILLEJAS,,1931.3,1931.3
2016,X10,Cultura,,,2630106.65,1195566.46
2016,X10,Cultura,EQUIPAMIENTO CENTRO CULTURAL ANTONIO MACHADO,,6648.63,6648.63
2016,X10,Cultura,EQUIPAMIENTO CENTRO CULTURAL BUERO VALLEJO,,3759.69,3759.69
2016,X10,Cultura,CENTRO CULTURAL BUERO VALLEJO. OBRAS DE ACONDICIONAMIENTO,,14346.49,14346.49
2016,X10,Cultura,IFS-AUDITORIO PARQUE CANILLEJAS. REFORMA INTEGRAL Y OBTENCIÓN DE ECONOMÍAS,,90301.65,90301.65
2016,X10,Cultura,IFS-BILBLIOTECA JOSÉ DEL HIERRO. ADAPTACIÓN A NORMATIVA ELÉCTICA Y TECNOLOGÍA LED,,100000.0,99871.09
2016,X10,Cultura,PALACETE QUINTA DE LOS MOLINOS. ADECUACIÓN PARA CENTRO ACTIVIDADES CULTURALES,,20812.0,20812.0
2016,X10,Cultura,BIBLIOTECA PÚBLICA JOSÉ HIERRO. SISTEMA DE AUTOPRÉSTAMO,,38154.63,38154.63
2016,X10,Cultura,BIBLIOTECA PÚBLICA CANILLEJAS. DOTACIÓN DE MOBILIARIO Y ENSERES,,1881.55,1881.55
2016,X10,Cultura,BIBLIOTECA PÚBLICA JOSÉ HIERRO. DOTACIÓN DE MOBILIARIO Y ENSERES,,1899.7,1899.7
2016,X10,Cultura,BIBLIOTECA PÚBLICA SAN BLAS. DOTACIÓN DE MOBILIARIO Y ENSERES,,5406.28,5406.28
2016,X10,Cultura,BIBLIOTECA PÚBLICA JOSÉ HIERRO. EQUIPOS COMUNICACIÓN PARA DISCAPACITADOS AUDITIVOS,,533.03,533.03
2016,X10,Cultura,EQUIPAMIENTO CENTRO CULTURAL MIGUEL DE CERVANTES,,2129.68,2129.68
2016,X10,Cultura,AUDITORIO PARQUE PARAISO. OBRAS DE CONSERVACIÓN,,3162.58,3162.58
2016,X10,Cultura,CENTRO CULTURAL ANTONIO MACHADO. OBRAS DE CONSERVACIÓN,,41294.08,41294.08
2016,X10,Cultura,CENTRO CULTURAL CIUDAD PEGASO. OBRAS DE REFORMA,,22431.2,22431.2
2016,X10,Cultura,CENTRO CULTURAL JOSÉ LUIS LÓPEZ VÁZQUEZ. OBRAS DE CONSERVACIÓN,,9847.58,9847.57
2016,X10,Cultura,CENTRO CULTURAL CIUDAD PEGASO. CUBRICIÓN ESCENARIO AUDITORIO EXTERIOR,,19497.88,19497.88
2016,X10,Cultura,IFS-CENTRO CULTURAL BUERO VALLEJO Y BIBLIOTECA CANILLEJAS. TRATAMIENTO LUCERNARIOS Y CARPINTERIA SALÓN A,,33000.0,29847.07
2016,X10,Cultura,"IFS-BIBLIOTECA JOSÉ DEL HIERRO. AMPLIACIÓN CLIMATIZACIÓN VESTÍBULO , FILTROS SOLARES Y CREACIÓN ALMACÉN",,65000.0,29663.62
2016,X10,Cultura,IFS-CENTRO CULTURAL BUERO VALLEJO Y BIBLIOTECA CANILLEJAS. INSTALACIÓN ELÉCTRICA Y ADECUACIÓN LUMINARIAS,,80000.0,
2016,X10,Cultura,IFS-AUDITORIO PARQUE EL PARAISO. IMPERMEABILIZACIÓN DE CUBIERTAS,,130000.0,
2016,X10,Cultura,"IFS-CENTRO SOCIO CULTURAL CIUDAD PEGASO. FILTROS SOLARES VENTANAS, IMPERMEABILIZACIÓN TERRAZAS Y OTRAS",,140000.0,140000.0
2016,X10,Cultura,"IFS-CENTRO CULTURAL Y DE MAYORES ANTONIO MACHADO. ADECUACIÓN SALÓN DE ACTOS, SUELO AULAS Y PANELES",,160000.0,
2016,X10,Cultura,IFS-CENTRO CULTURAL Y DEPORTIVO CIUDAD PEGASO: ADECUACIÓN LUMINARIAS LED Y ACONDICIONAMIENTO CUBIERTAS,,200000.0,134078.05
2016,X10,Cultura,IFS-CENTRO CULTURAL JOSE LUIS LÓPEZ VÁZQUEZ. INSTALACIÓN ELÉCTRICA LUMINARIAS TIPO LED,,230000.0,
2016,X10,Cultura,"IFS-AUDITORIO PARQUE EL PARAISO: PAVIMENTACIÓN ZONAS TERRIZAS, ADECUACIÓN ILUMINACIÓN TIPO LED Y OTRAS",,240000.0,
2016,X10,Cultura,IFS-CENTRO CULTURAL Y DE MAYORES ANTONIO MACHADO. REFORMA INSTALACIÓN ELÉCTRICA Y ADECUACIÓN LUMINARIAS,,240000.0,
2016,X10,Cultura,"IFS-CENTRO CULTURAL Y MAYORES ANTONIO MACHADO. ACONDICIONAMIENTO ACERAS, PAVIMENTACIÓN PISTA DEPORTIVA Y",,240000.0,
2016,X10,Cultura,IFS-CENTRO CULTURAL ANTONIO MACHADO. ADECUACIÓN CERRAMIENTO PERIMETRAL Y PORTONES ENTRADA CON TELEFONILL,,240000.0,239999.99
2016,X10,Cultura,IFS-CENTRO CULTURAL ANTONIO MACHADO. REFORMA Y ACONDICIONAMIENTO DE ASEOS,,250000.0,240000.0
2016,X11,"Deportes, juventud y esparcimiento",,,3208627.7,841651.19
2016,X11,"Deportes, juventud y esparcimiento",EQUIPAMIENTO CENTRO DEPORTIVO SAN BLAS,,19671.51,19517.54
2016,X11,"Deportes, juventud y esparcimiento",DEPORTIVO BÁSICO ARCAUTE. OBRAS DE CONSERVACIÓN,,12267.69,12267.68
2016,X11,"Deportes, juventud y esparcimiento",CENTRO DEPORTIVO SAN BLAS. SISTEMAS DETECCIÓN DE INCENDIOS,,21966.69,21966.69
2016,X11,"Deportes, juventud y esparcimiento",CENTRO DEPORTIVO SAN BLAS. ACONDICIONAMIENTO INSTALACIONES GENERALES Y FOSO,,18203.19,18203.19
2016,X11,"Deportes, juventud y esparcimiento",DEPORTIVO BÁSICO PISTA DE PATINAJE AV. NIZA. CERRAMIENTO PERIMETRAL,,26847.07,26847.07
2016,X11,"Deportes, juventud y esparcimiento",DEPORTIVO BÁSICO ARCOS DE JALÓN. CERRAMIENTO PERIMETRAL,,14653.8,14653.8
2016,X11,"Deportes, juventud y esparcimiento",DEPORTIVO BÁSICO LUCANO. CERRAMIENTO PERIMETRAL,,5094.5,5094.5
2016,X11,"Deportes, juventud y esparcimiento",CENTRO DEPORTIVO SAN BLAS. REMODELACIÓN ZONA PISCINAS DE VERANO,,95605.02,95605.02
2016,X11,"Deportes, juventud y esparcimiento",DEPORTIVO BÁSICO ESFINGE. SUSTITUCIÓN CERRAMIENTO PERIMETRAL,,33195.0,
2016,X11,"Deportes, juventud y esparcimiento",DEPORTIVO BÁSICO MIGUEL YUSTE. SUSTITUCIÓN CERRAMIENTOS LATERALES,,18106.0,18106.0
2016,X11,"Deportes, juventud y esparcimiento",DEPORTIVO BÁSICO GUADALAJARA. CÉSPED ARTIFICIAL EN CAMPO DE FÚTBOL,,340000.0,
2016,X11,"Deportes, juventud y esparcimiento",DEPORTIVO BÁSICO EUTERPE. CERRAMIENTO,,110000.0,53532.66
2016,X11,"Deportes, juventud y esparcimiento",CENTRO JUVENIL MIGUEL DE CERVANTES. OBRAS DE CONSERVACIÓN,,8017.23,8017.23
2016,X11,"Deportes, juventud y esparcimiento",IFS-DEPORTIVO BÁSICO LUCANO. ADECUACIÓN CERRAMIENTO FÚTBOL SALA,,30000.0,30000.0
2016,X11,"Deportes, juventud y esparcimiento",IFS-CASA DE LA JUVENTUD MIGUEL DE CERVANTES. MEJORAS Y AMPLIACIÓN CLIMATIZACIÓN EN SALÓN DE ACTOS.,,45000.0,45000.0
2016,X11,"Deportes, juventud y esparcimiento",IFS-DEPORTIVO BÁSICO ARCAUTE. ADECUACIÓN DEL CERRAMIENTO USO POLIVALENTE,,70000.0,69999.93
2016,X11,"Deportes, juventud y esparcimiento","IFS-DEPORTIVO BÁSICO ARCOS DE JALÓN. ADECUACIÓN CERRAMIENTO PISTAS BASKET, VOLEIBOL Y PATINAJE",,110000.0,104814.93
2016,X11,"Deportes, juventud y esparcimiento",IFS-DEPORTIVO BÁSICO LAS ROSAS. ADECUACIÓN CERRAMIENTOS PERIMETRAL Y DE LA PISTA DE BASKET,,120000.0,58024.96
2016,X11,"Deportes, juventud y esparcimiento","IFS-CENTRO JUVENIL MIGUEL DE CERVANTES.ACONDICIONAMIENTO SUELO ESCENARIO, ASEOS Y ADECUACIÓN LUMINARIAS",,190000.0,
2016,X11,"Deportes, juventud y esparcimiento",IFS-CENTRO JUVENIL MIGUEL DE CERVANTES.  ACONDICIONAMIENTO PAVIMENTO AGLOMERADO Y SUSTITUCIÓN CUBIERTA.,,240000.0,
2016,X11,"Deportes, juventud y esparcimiento",IFS-CENTRO DEPORTIVO SAN BLAS. ADECUACIÓN DE INSTALACIONES GENERALES Y LÍNEA DE VIDA.,,240000.0,
2016,X11,"Deportes, juventud y esparcimiento",IFS-CENTRO DEPORTIVO SAN BLAS. ACONDICIONAMIENTO ACCESO PRINCIPAL Y RESTO DEPENDENCIAS DE LOS EDIFICIOS,,240000.0,239999.99
2016,X11,"Deportes, juventud y esparcimiento",IFS-CENTRO DEPORTIVO SAN BLAS. ADECUACIÓN DEL CERRAMIENTO PERIMETRAL,,1200000.0,
2016,X14,Sectores productivos,,,60500.0,58674.24
2016,X14,Sectores productivos,IFS-VIVERO DE EMPRESAS DE SAN BLAS. REFORMA,,60500.0,58674.24
2016,X00,Inversiones de carácter general,,,2510177.48,1601214.66
2016,X00,Inversiones de carácter general,EDIFICIO SEDE DISTRITO SAN BLAS-CANILLEJAS. OBRAS DE CONSERVACIÓN,,8198.51,8198.5
2016,X00,Inversiones de carácter general,QUINTA DE TORRE ARIAS. ADOPCIÓN MEDIDAS DE SEGURIDAD,,206911.42,175160.19
2016,X00,Inversiones de carácter general,EDIFICIO CABALLERIZAS FINCA TORRE ARIAS. OBRAS DERIVADAS INSPECCIÓN TÉCNICA EDIFICIOS,,923001.72,801693.08
2016,X00,Inversiones de carácter general,EDIFICIO GUARDESES FINCA TORRE ARIAS. OBRAS DERIVADAS INSPECCIÓN TÉCNICA EDIFICIOS,,298965.97,269266.33
2016,X00,Inversiones de carácter general,EDIFICIO CASETA GUARDA FINCA TORRE ARIAS. OBRAS DERIVADAS INSPECCIÓN TÉCNICA EDIFICIOS,,54236.64,2188.68
2016,X00,Inversiones de carácter general,SISTEMA INTEGRAL GRABACION Y REPRODUCCIÓN SESIONES PLENARIAS DISTRITO SAN BLAS,,7238.91,7238.91
2016,X00,Inversiones de carácter general,PALACIO FINCA TORRE ARIAS. OBRAS DERIVADAS INSPECCIÓN TÉCNICA EDIFICIOS,,531624.31,177099.0
2016,X00,Inversiones de carácter general,IFS-SEDE DISTRITO SAN BLAS. ADAPTACIÓN A NORMATIVA ELÉCTRICA Y TECNOLOGÍA LED EN ZONA AJARDINADA,,90000.0,85265.84
2016,X00,Inversiones de carácter general,IFS-SEDE DISTRITO SAN BLAS. ADECUACIÓN TECNOLOGÍA LUMINARIA  LED E INSTALACIÓN SENSORES CREPUSCULARES.,,150000.0,75104.13
2016,X00,Inversiones de carácter general,"IFS-SEDE DISTRITO SAN BLAS. INDEPENDIZAR TRES ZONAS DE AIRE FRIO Y CALOR ( ZONAS SUR, NORTE Y CONCEJALÍA",,240000.0,
2016,X06,Urbanismo,,,16276510.38,15879011.12
2016,X06,Urbanismo,PLAZA CÍVICA. OBRAS DE URBANIZACIÓN,,26205.16,
2016,X06,Urbanismo,NUEVA CONEXIÓN CN-II Y DISTRIBUIDOR ESTE. ADQUISICIÓN DE SUELO,,289437.01,242998.01
2016,X06,Urbanismo,ADQUISICIÓN SUELO APE 20.10 COLONIA FIN DE SEMANA,,13144.74,13144.74
2016,X06,Urbanismo,"ADQUISICIÓN SUELO AVENÍDA DE ARAGÓN, 292",,408332.75,408332.75
2016,X06,Urbanismo,ADQUISICIÓN DE SUELO POLÍGONO 10 DE BARAJAS,,741729.08,741729.08
2016,X06,Urbanismo,ADQUISICIÓN DE SUELO NORTE TORRE ARIAS,,455957.26,455687.26
2016,X06,Urbanismo,ÁREA DE PLANEAMIENTO REMITIDO EMILIO MUÑOZ 20.04,,2854.33,2854.33
2016,X06,Urbanismo,"ADQUISICIÓN SUELO C/ ALCALÁ, 700",,659750.68,659750.68
2016,X06,Urbanismo,"ADQUISICIÓN SUELO AV. SÉPTIMA, CIUDAD PEGASO. ZONA VERDE",,6632065.44,6330607.92
2016,X06,Urbanismo,ADQUISICIÓN SUELO APR 20.03 VÍA GASOLINA SUR,,7019628.99,7019628.99
2016,X06,Urbanismo,"CALLE SANTA LEONOR, 28. OBRAS DE URBANIZACIÓN",,18181.82,
2016,X06,Urbanismo,ADECUACIÓN VIALES Y ACCESIBILIDAD EN DISTRITO SAN BLAS-CANILLEJAS,,9223.12,4277.36
2016,X08,Mantenimiento urbano,,,457006.52,206414.99
2016,X08,Mantenimiento urbano,HIDRANTES DISTRITO SAN BLAS-CANILLEJAS. INSTALACIÓN,,3410.72,3410.72
2016,X08,Mantenimiento urbano,PAVIMENTACIÓN ACERAS BARRIOS EN DISTRITO SAN BLAS-CANILLEJAS. FASE I,,159397.93,49723.05
2016,X08,Mantenimiento urbano,PAVIMENTACIÓN CALZADAS BARRIOS EN DISTRITO SAN BLAS-CANILLEJAS. FASE I,,294197.87,153281.22
2016,X09,Medio ambiente,,,67816.88,1316.88
2016,X09,Medio ambiente,"IFS-AUTOMATIZACIÓN DE RIEGO EN LA PARCELA SAN ROMÁN DEL VALLE, DISTRITO DE SAN BLAS",,66500.0,
2016,X09,Medio ambiente,PARCELAS DISTRITO SAN BLAS. ACONDICIONAMIENTO PARA IMPLANTACIÓN HUERTOS URBANOS,,1316.88,1316.88
2016,X03,Protección y promoción social,,,1088898.14,473650.12
2016,X03,Protección y promoción social,CENTRO DE DÍA DE MAYORES ESFINGE. OBRAS DE ACONDICIONAMIENTO,,57168.6,57168.6
2016,X03,Protección y promoción social,CENTRO DE DÍA DE MAYORES PABLO CASALS. OBRAS DE CONSERVACIÓN,,29611.97,29611.97
2016,X03,Protección y promoción social,CENTRO DE MAYORES CASTILLO DE UCLÉS. OBRAS DE CONSERVACIÓN,,27117.57,27117.55
2016,X03,Protección y promoción social,IFS-CENTRO MAYORES CASTILLO DE UCLES. INSTALACIÓN ELÉCTRICA ADECUACIÓN LUMINARIAS LED Y FILTROS SOLARES,,105000.0,52629.48
2016,X03,Protección y promoción social,IFS-CENTRO MAYORES CIUDAD PEGASO. ADECUACIÓN TEGNOLOGÍA TIPO LED E INSTALACIÓN SOLAR AGUA CALIENTE,,120000.0,60130.18
2016,X03,Protección y promoción social,"IFS-CENTRO SERVICIOS SOCIALES PABLO CASALS: ACONDICIONAMIENTO ZONA AMBULANCIAS, PATIO, FACHADAS Y OTRAS",,150000.0,150000.0
2016,X03,Protección y promoción social,"IFS-CENTRO DIA MAYORES ESFINGE. ADECUACIÓN LUMINARIAS LED, SANEAMIENTO SUMIDEROS Y PROTECCIÓN SOLAR",,200000.0,96992.34
2016,X03,Protección y promoción social,"IFS-CENTRO SERVICIOS SOCIALES TORRE ARIAS. ADECUACIÓN PAVIMENTO, TECNOLOGÍA TIPO LED Y FILTROS SOLARES",,200000.0,
2016,X03,Protección y promoción social,IFS-CENTRO SERVICIOS SOCIALES PABLO CASALS: ADECUACIÓN LUMINARIAS LED Y COLOCACIÓN FILTROS SOLARES,,200000.0,
2016,X05,Educación,,,562539.89,561167.54
2016,X05,Educación,EQUIPAMIENTO ESCUELA INFANTIL HIEDRA,,461.52,
2016,X05,Educación,EQUIPAMIENTO ESCUELA INFANTIL LAS MERCEDES,,2671.38,2671.38
2016,X05,Educación,COLEGIO PÚBLICO ÁLVARO DE BAZÁN. OBRAS DE CONSERVACIÓN,,3605.51,3605.51
2016,X05,Educación,COLEGIO PÚBLICO CIUDAD PEGASO. OBRAS DE ACONDICIONAMIENTO,,37706.84,37706.84
2016,X05,Educación,COLEGIO PÚBLICO REPÚBLICA DE PANAMÁ. OBRAS DE CONSERVACIÓN,,5495.08,5495.08
2016,X05,Educación,ESCUELA INFANTIL LA DEL MANOJO DE ROSAS. OBRAS DE CONSERVACIÓN,,2771.07,2771.07
2016,X05,Educación,ESCUELA INFANTIL HIEDRA. MATERIAL DIDÁCTICO,,881.99,
2016,X05,Educación,COLEGIO PÚBLICO REPÚBLICA DE CHILE. OBRAS ACONDICIONAMIENTO MURO DE CERRAMIENTO,,92854.51,92854.5
2016,X05,Educación,COLEGIO PÚBLICO PADRE COLOMA. OBRAS DE ACONDICIONAMIENTO,,21795.4,21795.4
2016,X05,Educación,COLEGIO PÚBLICO JULIÁN MARÍAS. OBRAS DE ACONDICIONAMIENTO,,23315.19,23315.19
2016,X05,Educación,COLEGIO PÚBLICO CARMEN CABEZUELO. OBRAS DE ACONDICIONAMIENTO,,46407.32,46407.31
2016,X05,Educación,COLEGIO PÚBLICO RAMÓN MARÍA DEL VALLE INCLÁN. OBRAS DE ACONDICIONAMIENTO,,37500.79,37500.79
2016,X05,Educación,COLEGIO PÚBLICO MARQUÉS DE SUANCES. OBRAS DE REFORMA DE ASEOS Y OTRAS,,22725.95,22725.95
2016,X05,Educación,COLEGIO PÚBLICO MARIANO JOSÉ DE LARRA. OBRAS DE ACONDICIONAMIENTO,,38150.97,38150.97
2016,X05,Educación,COLEGIO PÚBLICO MARÍA MOLINER. OBRAS DE ACONDICIONAMIENTO,,23342.23,23342.23
2016,X05,Educación,COLEGIO PÚBLICO LA ALAMEDA. OBRAS DE ADECUACIÓN DE LA CUBIERTA Y OTRAS,,60928.59,60928.59
2016,X05,Educación,COLEGIO PÚBLICO ALBERTO ALCOCER. OBRAS DE ACONDICIONAMIENTO,,19972.16,19972.15
2016,X05,Educación,CENTRO EDUCACIÓN ESPECIAL FUNDACIÓN GOYENECHE. OBRAS DE REPARACIÓN,,23673.18,23673.18
2016,X05,Educación,ESCUELA INFANTIL LAS MERCEDES. OBRAS DE CONSERVACIÓN,,6905.3,6905.3
2016,X05,Educación,ESCUELA INFANTIL LAS LEANDRAS. OBRAS DE CONSERVACIÓN,,19477.36,19477.35
2016,X05,Educación,ESCUELA INFANTIL HIEDRA. OBRAS DE CONSERVACIÓN,,42497.51,42497.51
2016,X05,Educación,COLEGIO PÚBLICO REPÚBLICA DE CHILE. OBRAS DE REFORMA,,29371.24,29371.24
2016,X05,Educación,OBRAS DE CONSERVACIÓN CENTROS DOCENTES DE ENSEÑANZA DISTRITO SAN BLAS-CANILLEJAS,,28.8,
2016,X01,Protección Civil y seguridad ciudadana,,,1257827.91,1246464.59
2016,X01,Protección Civil y seguridad ciudadana,"IFS-UNIDAD INTEGRAL POLICÍA DISTRITO DE SAN BLAS, C/ESTOCOLMO, 91. REFORMA CLIMATIZACIÓN",,230000.0,223554.72
2016,X01,Protección Civil y seguridad ciudadana,"C/ AQUITANIA, 36. ADAPTACIÓN PROVISIONAL PARQUE DE BOMBEROS 7",,627341.1,627341.1
2016,X01,Protección Civil y seguridad ciudadana,"PARQUE BOMBEROS Nº 7, AVDA. DE HELLÍN, 52. OBRAS DE REFORMA INTEGRAL",,325393.06,325380.2
2016,X01,Protección Civil y seguridad ciudadana,UNIDAD INTEGRAL POLICÍA SAN BLAS-CANILLEJAS. ADECUACIÓN INSTALACIÓN ELÉCTRICA,,59400.21,59400.21
2016,X01,Protección Civil y seguridad ciudadana,EQUIPAMIENTO UNIDAD INTEGRAL POLICÍA MUNICIPAL DISTRITO SAN BLAS-CANILLEJAS,,12615.3,7710.12
2016,X01,Protección Civil y seguridad ciudadana,"PARQUE DE BOMBEROS Nº 7, AV. HELLÍN, 52. INSTALACIONES",,3078.24,3078.24
2016,X12,Otros bienes públicos de carácter social,,,1609.53,1609.53
2016,X12,Otros bienes públicos de carácter social,OFICINA ATENCIÓN AL CIUDADANO LÍNEA MADRID DISTRITO SAN BLAS. MOBILIARIO ADAPTADO,,1022.32,1022.32
2016,X12,Otros bienes públicos de carácter social,OFICINA ATENCIÓN A LA CIUDADANÍA LÍNEA MADRID SAN BLAS. SEÑALIZACIÓN,,587.21,587.21
2017,X10,Cultura,,,2501823.28,199258.21
2017,X10,Cultura,EQUIPAMIENTO CENTRO CULTURAL ANTONIO MACHADO,,2697.21,2697.21
2017,X10,Cultura,EQUIPAMIENTO CENTRO CULTURAL BUERO VALLEJO,,11343.73,11343.73
2017,X10,Cultura,EQUIPAMIENTO CENTRO CULTURAL CIUDAD PEGASO,,4891.37,4891.37
2017,X10,Cultura,PALACETE QUINTA DE LOS MOLINOS. ADECUACIÓN PARA CENTRO ACTIVIDADES CULTURALES,,205000.0,147977.47
2017,X10,Cultura,AUDITORIO PARQUE PARAISO. OBRAS DE CONSERVACIÓN,,28574.92,28574.91
2017,X10,Cultura,IFS-CENTRO CULTURAL BUERO VALLEJO Y BIBLIOTECA CANILLEJAS. INSTALACIÓN ELÉCTRICA Y ADECUACIÓN LUMINARIAS,,80000.0,
2017,X10,Cultura,IFS-CENTRO CULTURAL JOSE LUIS LÓPEZ VÁZQUEZ. INSTALACIÓN ELÉCTRICA LUMINARIAS TIPO LED,,230000.0,
2017,X10,Cultura,IFS-CENTRO CULTURAL JOSE LUIS LÓPEZ VÁZQUEZ. PANELES FOTOVOLTAICOS Y REFORMA INSTALACIÓN ELÉCTRICA,,80000.0,
2017,X10,Cultura,BIBLIOTECA PÚBLICA JOSÉ HIERRO. INSTALACIÓN DE CARRILES PARA EXPOSICIONES,,806.13,806.13
2017,X10,Cultura,EQUIPAMIENTO BIBLIOTECA JOSÉ HIERRO,,1836.66,1836.66
2017,X10,Cultura,BIBLIOTECA PÚBLICA CANILLEJAS. EQUIPOS DE COMUNICACIÓN,,835.78,503.8
2017,X10,Cultura,BIBLIOTECA PÚBLICA SAN BLAS. EQUIPOS DE COMUNICACIÓN,,669.79,503.8
2017,X10,Cultura,EQUIPAMIENTO CENTROS CULTURALES DISTRITO SAN BLAS-CANILLEJAS,,10944.56,
2017,X10,Cultura,EQUIPAMIENTO CENTRO SOCIOCULTURAL MIGUEL DE CERVANTES,,123.13,123.13
2017,X10,Cultura,IFS-AUDITORIO EL PARAISO. IMPERMEABILIZACIÓN Y ACONDICIONAMIENTO RESTO CUBIERTAS,,240000.0,
2017,X10,Cultura,IFS-CENTRO CULTURAL ANTONIO MACHADO. ADECUACIÓN EXTERIORES,,150000.0,
2017,X10,Cultura,IFS-CENTRO CULTURAL MIGUEL DE CERVANTES. ACONDICIONAMIENTO DEL SANEAMIENTO Y ARQUETAS,,150000.0,
2017,X10,Cultura,IFS-AUDITORIO PARQUE EL PARAISO. OBRAS DE MEJORA EN CUBIERTAS,,130000.0,
2017,X10,Cultura,IFS-CENTRO CULTURAL Y DE MAYORES ANTONIO MACHADO. MEJORA INSTALACIÓN ELÉCTRICA Y LUMINARIAS,,240000.0,
2017,X10,Cultura,IFS-CENTRO CULTURAL Y MAYORES ANTONIO MACHADO. REFORMA Y ADECUACIÓN DE INSTALACIONES,,160000.0,
2017,X10,Cultura,IFS-CENTRO CULTURAL MIGUEL DE CERVANTES.MEJORA  PAVIMENTO AGLOMERADO Y SUSTITUCIÓN CUBIERTA,,240000.0,
2017,X10,Cultura,IFS-CENTRO CULTURAL ANTONIO MACHADO. OBRAS DE MEJORA EN EL SALÓN DE ACTOS Y OTRAS,,194000.0,
2017,X10,Cultura,IFS-CENTRO CULTURAL BUERO VALLEJO. OBRAS DE REMODELACIÓN SALÓN DE ACTOS Y OTRAS,,299000.0,
2017,X10,Cultura,IFS-CENTRO CULTURAL JOSÉ LUIS LÓPEZ VÁZQUEZ. REPARACIÓN MURO CERRAMIENTO Y GIMNASIOS,,27000.0,
2017,X10,Cultura,IFS-CENTRO CULTURAL MIGUEL DE CERVANTES. ADECUACIÓN PUERTA CARRUAJES Y OTRAS MEJORAS,,14100.0,
2017,X11,"Deportes, juventud y esparcimiento",,,7560469.16,690469.31
2017,X11,"Deportes, juventud y esparcimiento",EQUIPAMIENTO CENTRO DEPORTIVO SAN BLAS,,24550.0,20549.48
2017,X11,"Deportes, juventud y esparcimiento",CENTRO DE DEPORTES ACUÁTICO. CONSTRUCCIÓN,,127956.37,51389.82
2017,X11,"Deportes, juventud y esparcimiento",OBRAS DE CONSERVACIÓN INSTALACIONES DEPORTIVAS DISTRITO DE SAN BLAS-CANILLEJAS,,1217319.0,
2017,X11,"Deportes, juventud y esparcimiento","CENTRO JUVENIL CALLE DISCÓBOLO, 70. DISTRITO SAN BLAS-CANILLEJAS. SEÑALIZACIÓN",,194.81,194.81
2017,X11,"Deportes, juventud y esparcimiento","INSTALACIÓN DEPORTIVA LAS ROSAS, C/ CALABRIA. CONSTRUCCIÓN",,100000.0,18529.5
2017,X11,"Deportes, juventud y esparcimiento","INSTALACIÓN DEPORTIVA EL SALVADOR C/ MARQUESADO DE SANTA MARTA, 2-4-6. CONSTRUCCIÓN",,80000.0,12722.09
2017,X11,"Deportes, juventud y esparcimiento",CENTRO DEPORTIVO SAN BLAS. REFORMA DE VASOS Y GALERÍAS DE LAS PISCINAS,,2696.34,2696.34
2017,X11,"Deportes, juventud y esparcimiento",CENTRO DEPORTIVO SAN BLAS. OBRAS REFORMA CUBIERTA DEL PABELLÓN,,345752.64,
2017,X11,"Deportes, juventud y esparcimiento",IFS-CENTRO DEPORTIVO SAN BLAS. REFORMA DE VASOS Y GALERÍAS DE LAS PISCINAS,,1900000.0,
2017,X11,"Deportes, juventud y esparcimiento",PARQUE PARAÍSO. ADECUACIÓN ZONA DEPORTIVA Y RECREATIVA  (ID: 4147),,21000.0,5989.5
2017,X11,"Deportes, juventud y esparcimiento",PISTA DEPORTIVA SKATEBOARD EN C/ SOFÍA DISTRITO SAN BLAS. CONSTRUCCIÓN,,10000.0,
2017,X11,"Deportes, juventud y esparcimiento",INSTALACIONES DEPORTIVAS DISTRITO SAN BLAS-CANILLEJAS. SEÑALIZACIÓN,,15000.0,
2017,X11,"Deportes, juventud y esparcimiento",INSTALACIONES DEPORTIVAS CALLES OSLO/BUCAREST/HELSINKI. REMODELACIÓN (ID: 513),,10000.0,
2017,X11,"Deportes, juventud y esparcimiento","PARQUE DEPORTIVO CANIPARK, C/PITÁGORAS, 1. ACONDICIONAMIENTO (ID: 5224)",,20000.0,
2017,X11,"Deportes, juventud y esparcimiento",DEPORTIVOS BÁSICOS DISTRITO SAN BLAS-CANILLEJAS. MEJORA (ID: 5297),,200000.0,
2017,X11,"Deportes, juventud y esparcimiento",DEPORTIVO BÁSICO GUADALAJARA. OBRAS DE ACONDICIONAMIENTO,,310000.0,309991.79
2017,X11,"Deportes, juventud y esparcimiento",IFS-CENTRO DEPORTIVO SAN BLAS. SUSTITUCIÓN CERRAMIENTO PERIMETRAL,,1250000.0,
2017,X11,"Deportes, juventud y esparcimiento",IFS-DEPORTIVO BÁSICO LUCANO. INSTALACIÓN CÉSPED ARTIFICIAL,,240000.0,234689.48
2017,X11,"Deportes, juventud y esparcimiento",IFS-DEPORTIVO BÁSICO ESFINGE. IMPERMEABILIZACIÓN Y ACONDICIONAMIENTO DE PISTAS,,800000.0,
2017,X11,"Deportes, juventud y esparcimiento",IFS-CENTRO DEPORTIVO SAN BLAS. ADECUACIÓN DE INSTALACIONES GENERALES.,,240000.0,
2017,X11,"Deportes, juventud y esparcimiento","IFS-CENTRO JUVENIL MIGUEL DE CERVANTES.MEJORA SUELO ESCENARIO,ASEOS Y ADECUACIÓN LUMINARIAS",,190000.0,
2017,X11,"Deportes, juventud y esparcimiento","IFS-CENTRO DEPORTIVO SOCIOCULTURAL CIUDAD PEGASO. ADECUACIÓN PAVIMENTO CANCHAS, ESCENARIOS",,113000.0,
2017,X11,"Deportes, juventud y esparcimiento",IFS-DEPORTIVO BÁSICO ESFINGE. OBRAS DE ADECUACIÓN CERRAMIENTO,,8000.0,
2017,X11,"Deportes, juventud y esparcimiento",IFS-DEPORTIVO BÁSICO LUCANO. OBRAS REPARACIÓN INSTALACIONES AGUA CALIENTE SANITARIA,,35000.0,33716.5
2017,X11,"Deportes, juventud y esparcimiento",IFS-CENTRO DEPORTIVO SAN BLAS. OBRAS ADAPTACIÓN SISTEMAS DETECCIÓN DE INCENCIOS,,100000.0,
2017,X11,"Deportes, juventud y esparcimiento",IFS-DEPORTIVO BÁSICO QUINTA DE LOS MOLINOS II. OBRAS ACONDICIONAMIENTO CAMPO FÚTBOL,,200000.0,
2017,X14,Sectores productivos,,,61988.3,1488.3
2017,X14,Sectores productivos,EQUIPAMIENTO VIVERO DE EMPRESAS DE SAN BLAS,,1488.3,1488.3
2017,X14,Sectores productivos,IFS-VIVERO DE EMPRESAS DE SAN BLAS. OBRAS DE REFORMA,,60500.0,
2017,X00,Inversiones de carácter general,,,4801606.62,1095980.76
2017,X00,Inversiones de carácter general,EQUIPAMIENTO SERVICIOS ADMINISTRATIVOS DISTRITO SAN BLAS-CANILLEJAS,,54500.0,34876.16
2017,X00,Inversiones de carácter general,OBRAS DE CONSERVACIÓN EDIFICIOS DISTRITO DE SAN BLAS-CANILLEJAS,,516785.08,
2017,X00,Inversiones de carácter general,EDIFICIO CABALLERIZAS FINCA TORRE ARIAS. OBRAS DERIVADAS INSPECCIÓN TÉCNICA EDIFICIOS,,121308.64,112795.23
2017,X00,Inversiones de carácter general,EDIFICIO CASETA GUARDA FINCA TORRE ARIAS. OBRAS DERIVADAS INSPECCIÓN TÉCNICA EDIFICIOS,,146234.09,143167.93
2017,X00,Inversiones de carácter general,SISTEMA INTEGRAL GRABACION Y REPRODUCCIÓN SESIONES PLENARIAS DISTRITO SAN BLAS,,4819.77,4819.77
2017,X00,Inversiones de carácter general,PALACIO FINCA TORRE ARIAS. OBRAS DERIVADAS INSPECCIÓN TÉCNICA EDIFICIOS,,572674.45,572674.43
2017,X00,Inversiones de carácter general,CONSTRUCCIONES FINCA TORRE ARIAS. ACONDICIONAMIENTO Y ESTANQUEIDAD,,1677875.73,227647.24
2017,X00,Inversiones de carácter general,"IFS-""CASAS DE MATADERO"" FINCA TORRE ARIAS. SUBSANACIÓN DE PATOLOGÍAS",,450600.0,
2017,X00,Inversiones de carácter general,IFS-CABALLERIZAS DE LA FINCA TORRE ARIAS. SUBSANACIÓN DE PATOLOGÍA EN FORJADO,,975000.0,
2017,X00,Inversiones de carácter general,"IFS-SEDE DISTRITO SAN BLAS .INDEPENDIZAR ZONAS AIRE FRIO Y CALOR (SUR, NORTE Y CONCEJALÍA)",,240000.0,
2017,X00,Inversiones de carácter general,IFS-EDIFICIO SEDE DISTRITO SAN BLAS. ACONDICIONAMIENTO COMEDOR Y LATERAL SALÓN ACTOS,,26000.0,
2017,X00,Inversiones de carácter general,IFS-EDIFICIO SEDE DISTRITO SAN BLAS. ACONDICIONAMIENTO ACCESIBILIDAD AL EDIFICIO,,15808.86,
2017,X06,Urbanismo,,,14653136.22,13725394.2
2017,X06,Urbanismo,PLAZA CÍVICA. OBRAS DE URBANIZACIÓN,,26205.16,
2017,X06,Urbanismo,NUEVA CONEXIÓN CN-II Y DISTRIBUIDOR ESTE. ADQUISICIÓN DE SUELO,,3947959.47,3926530.12
2017,X06,Urbanismo,ADQUISICIÓN DE SUELO C/ ILIADA C/V. PITÁGORAS,,903901.27,903901.27
2017,X06,Urbanismo,ADQUISICIÓN DE SUELO POLÍGONO 10 DE BARAJAS,,2149499.18,2001009.18
2017,X06,Urbanismo,ADQUISICIÓN DE SUELO NORTE TORRE ARIAS,,475943.77,370018.56
2017,X06,Urbanismo,ÁREA DE PLANEAMIENTO REMITIDO EMILIO MUÑOZ 20.04,,800.0,277.41
2017,X06,Urbanismo,"CALLE SANTA LEONOR, 28. OBRAS DE URBANIZACIÓN",,18181.82,
2017,X06,Urbanismo,ADECUACIÓN VIALES Y ACCESIBILIDAD EN DISTRITO SAN BLAS-CANILLEJAS,,31081.39,24093.5
2017,X06,Urbanismo,"ESTADIO ""LA PEINETA"". URBANIZACIÓN ACCESOS",,6273750.0,6273750.0
2017,X06,Urbanismo,PLAN ESPECIAL PARQUE OLIMPICO SECTOR OESTE. URBANIZACIÓN,,204518.16,204518.16
2017,X06,Urbanismo,ACCESO DIRECTO DESDE LA M-22 AL BARRIO DE REJAS,,100000.0,
2017,X06,Urbanismo,AVENIDA DE ARCENTALES. OBRAS DE REMODELACIÓN,,521296.0,21296.0
2017,X07,Infraestructuras,,,820500.0,4816.57
2017,X07,Infraestructuras,ANILLO VERDE CICLISTA DISTRITO SAN BLAS-CANILLEJAS. OBRAS DE REMODELACIÓN,,145500.0,
2017,X07,Infraestructuras,IFS-CARRIL BICI PARALELO A LA A-2 DESDE M-40 HASTA EL CENTRO (ID: 534),,425000.0,2014.0
2017,X07,Infraestructuras,IFS-INFRAESTRUCTURA CICLISTA COLONIA FIN DE SEMANA-CIUDAD PEGASO.CONSTRUCCIÓN(ID: 4756),,200000.0,2802.57
2017,X07,Infraestructuras,"APARCAMIENTO DISUASORIO JUNTO AL METRO AVENIDA DE GUADALAJARA, SAN BLAS",,50000.0,
2017,X08,Mantenimiento urbano,,,422404.4,275272.15
2017,X08,Mantenimiento urbano,HIDRANTES DISTRITO SAN BLAS-CANILLEJAS. INSTALACIÓN,,2878.36,2878.36
2017,X08,Mantenimiento urbano,PAVIMENTACIÓN ACERAS BARRIOS EN DISTRITO SAN BLAS-CANILLEJAS. FASE I,,135918.33,119056.06
2017,X08,Mantenimiento urbano,PAVIMENTACIÓN CALZADAS BARRIOS EN DISTRITO SAN BLAS-CANILLEJAS. FASE I,,39407.48,37069.23
2017,X08,Mantenimiento urbano,MOBILIARIO AREA MAYORES DISTRITO SAN BLAS-CANILLEJAS. INSTALACIÓN,,18399.07,18398.93
2017,X08,Mantenimiento urbano,BANCOS EN LA AVENIDA ARCENTALES. INSTALACIÓN (ID: 5484),,42700.0,
2017,X08,Mantenimiento urbano,MOBILIARIO URBANO EN ÁREAS INFANTILES DISTRITO SAN BLAS,,97869.57,97869.57
2017,X08,Mantenimiento urbano,RENOVACIÓN MOBILIARIO EN ÁREAS INFANTILES DISTRITO SAN BLAS-CANILLEJAS,,85231.59,
2017,X09,Medio ambiente,,,6630396.28,155214.58
2017,X09,Medio ambiente,FINCA DE TORRE ARIAS. REMODELACIÓN DEL ENTORNO,,275402.58,107353.42
2017,X09,Medio ambiente,EDIFICIO SEDE DISTRITO SAN BLAS-CANILLEJAS. PANELES SOLARES Y REFORMA ELÉCTRICA,,170000.0,
2017,X09,Medio ambiente,"IFS-ACONDICIONAMIENTO ZONAS VERDES, URBANIZACION  ENTORNO ESTADIO ""LA PEINETA""",,5900000.0,
2017,X09,Medio ambiente,INSTALACIÓN APARCABICIS PROXIMIDAD CENTROS EDUCATIVOS SAN BLAS (I.D. 3781),,4304.65,
2017,X09,Medio ambiente,INSTALACIÓN APARCABICIS EN CALZADA DISTRITO SAN BLAS-CANILLEJAS (I.D.: 5038),,10761.62,
2017,X09,Medio ambiente,"HUERTOS URBANOS Y JARDINES COMESTIBLES, SAN BLAS-CANILLEJAS. REGENERACIÓN (ID: 4353)",,100000.0,2601.5
2017,X09,Medio ambiente,POLÍGONO G SAN BLAS-CANILLEJAS. REPARACIÓN MACETEROS Y MURETES LATERALES,,100000.0,
2017,X09,Medio ambiente,MÁS ÁRBOLES EN EL DISTRITO DE SAN BLAS-CANILLEJAS (ID: 472),,15000.0,5961.73
2017,X09,Medio ambiente,ZONA ARBOLADA EN CALLE PEATONAL ENTRE C/PIRRA Y DEYANIRA. ADECUACIÓN (ID: 1804),,19000.0,13370.5
2017,X09,Medio ambiente,ZONA AJARDINADA EN PASEO PEATONAL ENTRE C/ PIRRA Y DEYANIRA. ADECUACIÓN (ID: 3712),,10000.0,
2017,X09,Medio ambiente,PARQUES CANINOS DISTRITO SAN BLAS-CANILLEJAS. ADAPTACIÓN Y ACONDICIONAMIENTO (ID:3305),,858.0,858.0
2017,X09,Medio ambiente,PUNTOS DE RECARGA VEHÍCULOS ELÉCTRICOS. INSTALACIÓN DISTRITO SAN BLAS (ID: 27),,23927.94,23927.94
2017,X09,Medio ambiente,PUNTO RECARGA VEHÍCULOS ELÉCTRICOS EDIFICIO SEDE DISTRITO SAN BLAS. INSTALACIÓN (ID: 27),,1141.49,1141.49
2017,X03,Protección y promoción social,,,1359800.0,33339.17
2017,X03,Protección y promoción social,EQUIPAMIENTO CENTROS DE MAYORES DISTRITO SAN BLAS-CANILLEJAS,,36131.8,
2017,X03,Protección y promoción social,EQUIPAMIENTO CENTRO DE MAYORES ANTONIO MACHADO,,23449.74,23449.73
2017,X03,Protección y promoción social,ELEMENTOS MODULARES PARA ALOJAMIENTO TEMPORAL EN SITUACION DE EMERGENCIA SOCIAL,,15000.0,
2017,X03,Protección y promoción social,"CENTRO DE SERVICIOS SOCIALES EN SAN BLAS, C/POBLADURA DEL VALLE, 13. CONSTRUCCIÓN",,80000.0,
2017,X03,Protección y promoción social,"IFS-CENTRO DE DÍA MUNICIPAL ESFINGE C/ ESFINGE, 35. OBRAS DE ADAPTACIÓN Y ACCESIBILIDAD",,50000.0,
2017,X03,Protección y promoción social,EQUIPAMIENTO CENTROS FAMILIA E INFANCIA DISTRITO SAN BLAS-CANILLEJAS,,5000.0,
2017,X03,Protección y promoción social,EQUIPAMIENTO CENTRO DE MAYORES CANILLEJAS,,1862.9,1862.9
2017,X03,Protección y promoción social,EQUIPAMIENTO CENTRO DE MAYORES PABLO CASALS,,197.17,197.17
2017,X03,Protección y promoción social,EQUIPAMIENTO CENTRO DE MAYORES CASTILLO DE UCLES,,38.48,38.48
2017,X03,Protección y promoción social,EQUIPAMIENTO CENTRO DE MAYORES CIUDAD PEGASO,,319.91,319.91
2017,X03,Protección y promoción social,EQUIPAMIENTO CENTROS SERVICIOS SOCIALES DISTRITO SAN BLAS-CANILLEJAS,,12529.02,
2017,X03,Protección y promoción social,EQUIPAMIENTO CENTRO SERVICIOS SOCIALES TORRE ARIAS,,2497.44,2497.44
2017,X03,Protección y promoción social,EQUIPAMIENTO CENTRO SERVICIOS SOCIALES PABLO CASALS,,4973.54,4973.54
2017,X03,Protección y promoción social,IFS-CENTRO DE MAYORES ESFINGE. OBRAS DE ACONDICIONAMIENTO Y EFICIENCIA ENERGÉTICA,,240000.0,
2017,X03,Protección y promoción social,IFS-CENTRO DE MAYORES PABLO CASALS. ACONDICIONAMIENTO FACHADAS,,200000.0,
2017,X03,Protección y promoción social,IFS-CENTRO DE SERVICIOS SOCIALES TORRE ARIAS. ADECUACIÓN SISTEMA DE CLIMATIZACIÓN,,120000.0,
2017,X03,Protección y promoción social,IFS-CENTRO DE MAYORES MORA DE RUBIELOS. ADECUACIÓN LUCERNARIO Y ACCESOS A CUBIERTA,,120000.0,
2017,X03,Protección y promoción social,"IFS-CENTRO SERVICIOS SOCIALES TORRE ARIAS. PAVIMENTO, TECNOLOGÍA LED Y FILTROS SOLARES",,200000.0,
2017,X03,Protección y promoción social,IFS-CENTRO SERVICIOS SOCIALES PABLO CASALS. LUMINARIAS LED Y COLOCACIÓN FILTROS SOLARES,,200000.0,
2017,X03,Protección y promoción social,IFS-CENTRO INTEGRADO PABLO CASALS. INSTALACIÓN CABLEADO Y ACONDICIONAMIENTO ALMACÉN,,16000.0,
2017,X03,Protección y promoción social,IFS-CENTRO MAYORES CASTILLO DE UCLÉS. ACONDICIONAMIENTO ASCENSORES Y ASEOS MINUSVÁLIDOS,,12500.0,
2017,X03,Protección y promoción social,IFS-CENTRO DE MAYORES CIUDAD PEGASO. OBRAS DE MEJORA SALA PELUQUERÍA Y PODOLOGÍA,,6000.0,
2017,X03,Protección y promoción social,IFS-CENTRO DE MAYORES ESFINGE. OBRAS DE ACONDICIONAMIENTO SALÓN DE ACTOS Y OTRAS,,13300.0,
2017,X05,Educación,,,3059736.69,728480.37
2017,X05,Educación,EQUIPAMIENTO ESCUELA DE MÚSICA ANTONIO MACHADO,,19498.18,19498.18
2017,X05,Educación,EQUIPAMIENTO ESCUELA INFANTIL HIEDRA,,461.52,461.52
2017,X05,Educación,COLEGIO PÚBLICO JULIÁN MARÍAS. OBRAS DE CONSERVACIÓN,,8900.0,3310.92
2017,X05,Educación,ESCUELA INFANTIL LA DEL MANOJO DE ROSAS. OBRAS DE CONSERVACIÓN,,46078.13,45501.27
2017,X05,Educación,ESCUELA INFANTIL LA ALEGRÍA DE LA HUERTA. OBRAS DE CONSERVACIÓN,,3200.0,1207.48
2017,X05,Educación,ESCUELA INFANTIL HIEDRA. MATERIAL DIDÁCTICO,,881.99,881.99
2017,X05,Educación,ESCUELA INFANTIL LAS LEANDRAS. OBRAS DE CONSERVACIÓN,,122008.3,43674.9
2017,X05,Educación,OBRAS DE CONSERVACIÓN CENTROS DOCENTES DE ENSEÑANZA DISTRITO DE SAN BLAS-CANILLEJAS,,520046.86,
2017,X05,Educación,COLEGIO PÚBLICO ALAMEDA. OBRAS DE ACONDICIONAMIENTO,,7702.44,5750.0
2017,X05,Educación,COLEGIO PÚBLICO ÁLVARO DE BAZÁN. OBRAS DE ACONDICIONAMIENTO,,20555.91,10935.89
2017,X05,Educación,ESCUELA INFANTIL LAS MERCEDES. OBRAS DE MEJORA,,4558.23,3287.93
2017,X05,Educación,"COLEGIO PÚBLICO MARIANO JOSÉ DE LARRA. ACONDICIONAMIENTO CUBIERTAS, ASCENSOR Y OTRAS",,246453.42,20496.56
2017,X05,Educación,COLEGIO PÚBLICO MARQUÉS DE SUANCES. REFORMA DE ASEOS,,39000.0,16817.87
2017,X05,Educación,COLEGIO PÚBLICO MARÍA MOLINER (ANTIGUO SANTA MARTA DE BABIO). OBRAS DE PARAMENTO Y CARPINTERÍA,,548333.64,33401.43
2017,X05,Educación,ESCUELA INFANTIL HIEDRA. OBRAS DE IMPERMEABILIZACIÓN DE CUBIERTAS Y OTROS,,161265.0,132506.23
2017,X05,Educación,ESCUELA INFANTIL LAS MERCEDES. OBRAS DE IMPERMEABILIZACIÓN Y OTRAS,,4558.23,
2017,X05,Educación,CENTRO EDUCACIÓN ESPECIAL FUNDACIÓN GOYENECHE. OBRAS DE CONSERVACIÓN,,80078.3,1744.92
2017,X05,Educación,COLEGIO PÚBLICO ALBERTO ALCOCER. OBRAS ACONDICIONAMIENTO DE PUERTAS Y VENTANAS,,89376.77,10953.72
2017,X05,Educación,COLEGIO PÚBLICO REPÚBLICA DE CHILE. OBRAS ACONDICIONAMIENTO CUBIERTA Y OTRAS,,138735.0,122058.98
2017,X05,Educación,COLEGIO PÚBLICO RAMÓN MARÍA DEL VALLE INCLÁN. OBRAS ADECUACIÓN CALDERAS Y OTRAS,,149703.56,
2017,X05,Educación,COLEGIO PÚBLICO CIUDAD PEGADO. OBRAS ACONDICIONAMIENTO ASEOS PATIO Y OTRAS,,225267.45,59153.62
2017,X05,Educación,"COLEGIO PÚBLICO MARÍA MOLINER. SANEAMIENTO PLANTA BAJA, ESCALERAS Y PAVIMENTACIÓN GIMNASIO",,217368.59,125566.21
2017,X05,Educación,COLEGIO PÚBLICO EL SOL. OBRAS CUBIERTA ZONA CENTRAL Y SUSTITUCIÓN ACERAS Y PASEOS,,305952.24,
2017,X05,Educación,COLEGIO PÚBLICO PADRE COLOMA. REFORMA INTEGRAL PATIO Y CAMBIO PAVIMENTO,,72229.73,71270.75
2017,X05,Educación,COLEGIO PÚBLICO CARMEN CABEZUELO. OBRAS DE ACONDICIONAMIENTO DE INSTALACIONES,,27523.2,
2017,X04,Salud pública,,,1649.59,1649.59
2017,X04,Salud pública,"CENTRO ATENCIÓN DROGODEPENDIENTES DE SAN BLAS, C/ ALCALÁ, 527. INSTALACIONES TÉCNICAS",,1649.59,1649.59
2017,X01,Protección Civil y seguridad ciudadana,,,2735607.15,2735542.12
2017,X01,Protección Civil y seguridad ciudadana,"PARQUE BOMBEROS Nº 7, AVDA. DE HELLÍN, 52. OBRAS DE REFORMA INTEGRAL",,2664638.08,2664573.05
2017,X01,Protección Civil y seguridad ciudadana,EQUIPAMIENTO UNIDAD INTEGRAL POLICÍA MUNICIPAL DISTRITO SAN BLAS-CANILLEJAS,,113.26,113.26
2017,X01,Protección Civil y seguridad ciudadana,UNIDAD INTEGRAL POLICÍA SAN BLAS-CANILLEJAS. OBRAS DE ACONDICIONAMIENTO ZONAS EXTERIORES,,54102.5,54102.5
2017,X01,Protección Civil y seguridad ciudadana,"PARQUE DE BOMBEROS Nº 7, AV. HELLÍN, 52. MOBILIARIO",,16753.31,16753.31
2017,X12,Otros bienes públicos de carácter social,,,5981.37,5981.37
2017,X12,Otros bienes públicos de carácter social,EQUIPAMIENTO OFICINA ATENCIÓN AL CIUDADANO LÍNEA MADRID DISTRITO SAN BLAS-CANILLEJAS,,5981.37,5981.37
2018,X10,Cultura,,,1675095.19,253523.46
2018,X10,Cultura,PALACETE QUINTA DE LOS MOLINOS. ADECUACIÓN PARA CENTRO ACTIVIDADES CULTURALES,,67509.54,67507.64
2018,X10,Cultura,IFS-CENTRO CULTURAL BUERO VALLEJO Y BIBLIOTECA CANILLEJAS. INSTALACIÓN ELÉCTRICA Y ADECUACIÓN LUMINARIAS,,79456.53,62886.87
2018,X10,Cultura,IFS-CENTRO CULTURAL JOSE LUIS LÓPEZ VÁZQUEZ. PANELES FOTOVOLTAICOS Y REFORMA INSTALACIÓN ELÉCTRICA,,68969.85,68969.83
2018,X10,Cultura,BIBLIOTECA PÚBLICA CANILLEJAS. EQUIPOS DE COMUNICACIÓN,,331.97,331.97
2018,X10,Cultura,BIBLIOTECA PÚBLICA SAN BLAS. EQUIPOS DE COMUNICACIÓN,,165.99,165.99
2018,X10,Cultura,BIBLIOTECA PÚBLICA SAN BLAS. SEÑALIZACIÓN,,5445.0,5445.0
2018,X10,Cultura,PALACETE QUINTA DE LOS MOLINOS. RESTAURACIÓN LUCERNARIO,,48216.31,48216.16
2018,X10,Cultura,"IFS-EDIFICIO C/ MONTAMARTA, 7. ACONDICIONAMIENTO PARA CENTRO CULTURAL",,345000.0,
2018,X10,Cultura,"IFS-CENTRO CULTURAL Y DE MAYORES ANTONIO MACHADO.ADECUACIÓN ESPACIOS ASCENSORES, ACCESOS Y OTRAS",,345000.0,
2018,X10,Cultura,"IFS-AUDITORIO PARQUE EL PARAÍSO. IMPERMEABILIZACIÓN, ACONDICIONAMIENTO Y MEJORA CUBIERTAS",,370000.0,
2018,X10,Cultura,"IFS-CENTRO CULTURAL MIGUEL DE CERVANTES. ADECUACIÓN SANEAMIENTO, SUELO ESCENARIO, ASEOS Y OTRAS",,345000.0,
2018,X11,"Deportes, juventud y esparcimiento",,,11074876.58,4301055.04
2018,X11,"Deportes, juventud y esparcimiento",EQUIPAMIENTO CENTRO DEPORTIVO SAN BLAS,,13000.0,9680.0
2018,X11,"Deportes, juventud y esparcimiento",DEPORTIVO BÁSICO ESFINGE. SUSTITUCIÓN CERRAMIENTO PERIMETRAL,,33200.0,
2018,X11,"Deportes, juventud y esparcimiento","INSTALACIÓN DEPORTIVA LAS ROSAS, C/ CALABRIA. CONSTRUCCIÓN",,103991.0,
2018,X11,"Deportes, juventud y esparcimiento",CENTRO DEPORTIVO SAN BLAS. REFORMA DE VASOS Y GALERÍAS DE LAS PISCINAS,,189677.0,189676.96
2018,X11,"Deportes, juventud y esparcimiento",IFS-CENTRO DEPORTIVO SAN BLAS. REFORMA DE VASOS Y GALERÍAS DE LAS PISCINAS,,1896765.65,1895085.66
2018,X11,"Deportes, juventud y esparcimiento",IFS-CENTRO DEPORTIVO SAN BLAS. ADECUACIÓN DE INSTALACIONES GENERALES.,,239722.61,238377.53
2018,X11,"Deportes, juventud y esparcimiento",IFS-DEPORTIVO BÁSICO ESFINGE. OBRAS DE ADECUACIÓN CERRAMIENTO,,7534.32,5646.0
2018,X11,"Deportes, juventud y esparcimiento",IFS-CENTRO DEPORTIVO SAN BLAS. OBRAS ADAPTACIÓN SISTEMAS DETECCIÓN DE INCENCIOS,,71474.55,39302.16
2018,X11,"Deportes, juventud y esparcimiento",IFS-DEPORTIVO BÁSICO QUINTA DE LOS MOLINOS II. OBRAS ACONDICIONAMIENTO CAMPO FÚTBOL,,199352.67,180379.02
2018,X11,"Deportes, juventud y esparcimiento",CENTRO DEPORTIVO SAN BLAS. SUBSANACIÓN DE PATOLOGÍAS EN PISCINA CUBIERTA,,60817.08,60817.08
2018,X11,"Deportes, juventud y esparcimiento",CENTRO DEPORTIVO SAN BLAS. REFORMA Y AMPLIACIÓN DE VESTUARIO Y CAFETERÍA,,41159.7,
2018,X11,"Deportes, juventud y esparcimiento",CENTRO DEPORTIVO SAN BLAS. REFORMA INSTALACIONES Y ADAPTACIÓN NORMATIVA PISCINAS,,111182.0,111181.99
2018,X11,"Deportes, juventud y esparcimiento",IFS-CENTRO DEPORTIVO SAN BLAS. SUBSANACIÓN DE PATOLOGÍAS EN PISCINA CUBIERTA,,3250000.0,
2018,X11,"Deportes, juventud y esparcimiento",IFS-CENTRO DEPORTIVO SAN BLAS. REFORMA PABELLÓN CUBIERTO Y LÍNEA DE VIDA,,450000.0,
2018,X11,"Deportes, juventud y esparcimiento",IFS-CENTRO DEPORTIVO SAN BLAS. REFORMA INSTALACIONES Y ADAPTACIÓN NORMATIVA PISCINAS,,1112000.0,1111731.97
2018,X11,"Deportes, juventud y esparcimiento",IFS-CENTRO DEPORTIVO DE SAN BLAS. SUBSANACIÓN DE PATOLOGÍAS EN VESTUARIOS Y ALMACÉN,,2200000.0,
2018,X11,"Deportes, juventud y esparcimiento",IFS-DEPORTIVO BÁSICO GUADALAJARA. SUSTITUCIÓN CÉSPED ARTIFICIAL,,345000.0,229307.05
2018,X11,"Deportes, juventud y esparcimiento",IFS-ESPACIO POLIVALENTE EURÍPIDES. OBRAS DE ACONDICIONAMIENTO,,100000.0,
2018,X11,"Deportes, juventud y esparcimiento",IFS-DEPORTIVO BÁSICO AMBULATORIO. ACONDICIONAMIENTO PAVIMENTO PISTAS,,200000.0,
2018,X11,"Deportes, juventud y esparcimiento","IFS-DEPORTIVO BÁSICO ARCOS DE JALÓN. CUBRICIÓN, ALUMBRADO Y PAVIMENTACIÓN PISTA",,200000.0,
2018,X11,"Deportes, juventud y esparcimiento",IFS-CENTRO DEPORTIVO PEPU HERNÁNDEZ. SUSTITUCIÓN DEL CÉSPED ARTIFICIAL,,250000.0,229869.62
2018,X14,Sectores productivos,,,63249.12,63242.11
2018,X14,Sectores productivos,EQUIPAMIENTO VIVERO DE EMPRESAS DE SAN BLAS,,66.0,59.0
2018,X14,Sectores productivos,IFS-VIVERO DE EMPRESAS DE SAN BLAS. OBRAS DE REFORMA,,55746.66,55746.66
2018,X14,Sectores productivos,VIVERO DE EMPRESAS DE SAN BLAS. EQUIPOS PARA PROCESO DE DATOS,,7436.46,7436.45
2018,X00,Inversiones de carácter general,,,5481941.92,1471029.26
2018,X00,Inversiones de carácter general,PALACIO FINCA TORRE ARIAS. OBRAS DERIVADAS INSPECCIÓN TÉCNICA EDIFICIOS,,74636.82,74636.82
2018,X00,Inversiones de carácter general,"IFS-""CASAS DE MATADERO"" FINCA TORRE ARIAS. SUBSANACIÓN DE PATOLOGÍAS",,450599.99,410817.34
2018,X00,Inversiones de carácter general,IFS-CABALLERIZAS DE LA FINCA TORRE ARIAS. SUBSANACIÓN DE PATOLOGÍA EN FORJADO,,974999.99,936285.1
2018,X00,Inversiones de carácter general,IFS-EDIFICIO SEDE DISTRITO SAN BLAS. ACONDICIONAMIENTO ACCESIBILIDAD AL EDIFICIO,,15808.86,8488.72
2018,X00,Inversiones de carácter general,IFS-PALACIO TORRE ARIAS. SUBSANACIÓN DE PATOLOGÍAS Y CONSOLIDACIÓN FORJADOS Y MUROS,,3400000.0,
2018,X00,Inversiones de carácter general,IFS-EDIFICIO SEDE DISTRITO SAN BLAS. PANELES FOTOVOLTAICOS Y REFORMA ELÉCTRICA (ID: 450),,180000.0,
2018,X00,Inversiones de carácter general,"EDIFICIO CALLE MONTAMARTA, 7. ADOPCIÓN MEDIDAS DE SEGURIDAD",,38685.83,38685.83
2018,X00,Inversiones de carácter general,EQUIPAMIENTO SERVICIOS ADMINISTRATIVOSA DISTRITO SAN BLAS-CANILLEJAS,,2191.07,2096.09
2018,X00,Inversiones de carácter general,SERVICIOS ADMINISTRATIVOS DISTRITO SAN BLAS. EQUIPOS PARA PROCESO DE DATOS,,19.36,19.36
2018,X00,Inversiones de carácter general,"IFS-SEDE DISTRITO SAN BLAS-CANILLEJAS. OPTIMIZACIÓN CLIMATIZACIÓN, ACONDICIONAMIENTO COMEDOR Y OTRAS",,345000.0,
2018,X06,Urbanismo,,,858346.37,453219.2
2018,X06,Urbanismo,"ADQUISICIÓN SUELO UE 5, APE 20.10 COLONIA FIN DE SEMANA. ZONA VERDE Y VIARIO",,359799.77,181910.1
2018,X06,Urbanismo,PLAZA CÍVICA. OBRAS DE URBANIZACIÓN,,26205.16,
2018,X06,Urbanismo,NUEVA CONEXIÓN CN-II Y DISTRIBUIDOR ESTE. ADQUISICIÓN DE SUELO,,140456.3,140456.3
2018,X06,Urbanismo,ADQUISICIÓN DE SUELO C/ ILIADA C/V. PITÁGORAS,,98.81,
2018,X06,Urbanismo,ADQUISICIÓN DE SUELO NORTE TORRE ARIAS,,209026.0,105925.21
2018,X06,Urbanismo,ÁREA DE PLANEAMIENTO REMITIDO EMILIO MUÑOZ 20.04,,1722.84,1722.84
2018,X06,Urbanismo,"CALLE SANTA LEONOR, 28. OBRAS DE URBANIZACIÓN",,18181.82,16216.85
2018,X06,Urbanismo,ADECUACIÓN VIALES Y ACCESIBILIDAD EN DISTRITO SAN BLAS-CANILLEJAS,,6987.9,6987.9
2018,X06,Urbanismo,"C/ MARQUESADO DE SANTA MARTA, 15 A 21. OBRAS ACCESORIAS DE URBANIZACIÓN",,95867.77,
2018,X07,Infraestructuras,,,351493.31,198442.84
2018,X07,Infraestructuras,IFS-CARRIL BICI PARALELO A LA A-2 DESDE M-40 HASTA EL CENTRO (ID: 534),,147735.42,90705.38
2018,X07,Infraestructuras,IFS-INFRAESTRUCTURA CICLISTA COLONIA FIN DE SEMANA-CIUDAD PEGASO.CONSTRUCCIÓN(ID: 4756),,196963.56,100943.13
2018,X07,Infraestructuras,PLAN APARCAMIENTO DISUASORIO EN SUPERFICIE CANILLEJAS,,6794.33,6794.33
2018,X08,Mantenimiento urbano,,,2650863.61,18863.61
2018,X08,Mantenimiento urbano,PAVIMENTACIÓN ACERAS BARRIOS EN DISTRITO SAN BLAS-CANILLEJAS. FASE I,,16862.26,16862.26
2018,X08,Mantenimiento urbano,PAVIMENTACIÓN CALZADAS BARRIOS EN DISTRITO SAN BLAS-CANILLEJAS. FASE I,,2001.35,2001.35
2018,X08,Mantenimiento urbano,IFS-CALZADAS EN EL DISTRITO SAN BLAS-CANILLEJAS. REHABILITACIÓN (ID: 793),,332000.0,
2018,X08,Mantenimiento urbano,IFS-ENTORNO DE LA AVDA. ARCENTALES . ADECUACIÓN DE VIALES,,2300000.0,
2018,X09,Medio ambiente,,,7113439.04,422947.47
2018,X09,Medio ambiente,FINCA DE TORRE ARIAS. REMODELACIÓN DEL ENTORNO,,105040.38,58372.04
2018,X09,Medio ambiente,"IFS-ACONDICIONAMIENTO ZONAS VERDES, URBANIZACION  ENTORNO ESTADIO ""LA PEINETA""",,5920285.88,319554.93
2018,X09,Medio ambiente,FUENTES DE AGUA POTABLE DISTRITO SAN BLAS-CANILLEJAS. INSTALACIÓN (ID: 558),,25276.76,
2018,X09,Medio ambiente,IFS-PARQUE QUINTA TORRE ARIAS. CONSOLIDACIÓN PUENTES Y RESTAURACIÓN MURO DE CIERRE,,494515.0,
2018,X09,Medio ambiente,PARQUE QUINTA TORRE ARIAS. MAQUINARIA DE JARDINERÍA,,21300.0,
2018,X09,Medio ambiente,EQUIPAMIENTO PARQUE QUINTA DE TORRE ARIAS,,2000.0,
2018,X09,Medio ambiente,IFS-ZONA VERDE EN ÁMBITO ESTADIO WANDA METROPOLITABO. AJARDINAMIENTO,,18090.0,18089.5
2018,X09,Medio ambiente,ACONDICIONAMIENTO PARCELAS PARA HUERTOS URBANOS DISTRITO SAN BLAS-CANILLEJAS,,26931.02,26931.0
2018,X09,Medio ambiente,"IFS-MEJORA INFRAESTRUCTURAS ZONAS VERDES DISTRITO SAN BLAS-CANILLEJAS (ID 17: 1804,4147)",,500000.0,
2018,X03,Protección y promoción social,,,196494.21,170652.87
2018,X03,Protección y promoción social,EQUIPAMIENTO CENTRO DE SERVICIOS SOCIALES TORRE ARIAS,,1102.0,1101.1
2018,X03,Protección y promoción social,"CENTRO DE SERVICIOS SOCIALES EN SAN BLAS, C/POBLADURA DEL VALLE, 13. CONSTRUCCIÓN",,49341.88,49341.88
2018,X03,Protección y promoción social,"IFS-CENTRO DE DÍA MUNICIPAL ESFINGE C/ ESFINGE, 35. OBRAS DE ADAPTACIÓN Y ACCESIBILIDAD",,48274.09,48274.09
2018,X03,Protección y promoción social,IFS-CENTRO INTEGRADO PABLO CASALS. INSTALACIÓN CABLEADO Y ACONDICIONAMIENTO ALMACÉN,,15666.43,10891.76
2018,X03,Protección y promoción social,IFS-CENTRO DE MAYORES ESFINGE. OBRAS DE ACONDICIONAMIENTO SALÓN DE ACTOS Y OTRAS,,12863.56,5361.03
2018,X03,Protección y promoción social,IFS-CENTRO SOCIAL PARA ADOLESCENTES PALACETE QUINTA MOLINOS. MOBILIARIO,,44469.0,30905.76
2018,X03,Protección y promoción social,CENTRO DE MAYORES CIUDAD PEGASO. ADOPCIÓN MEDIDAS DE SEGURIDAD,,24777.25,24777.25
2018,X05,Educación,,,5128962.16,2017862.58
2018,X05,Educación,EQUIPAMIENTO ESCUELA DE MÚSICA ANTONIO MACHADO,,2521.57,2521.57
2018,X05,Educación,EQUIPAMIENTO ESCUELA INFANTIL HIEDRA,,504.86,504.86
2018,X05,Educación,"COLEGIO PÚBLICO MARIANO JOSÉ DE LARRA. ACONDICIONAMIENTO CUBIERTAS, ASCENSOR Y OTRAS",,225957.0,191588.95
2018,X05,Educación,COLEGIO PÚBLICO MARÍA MOLINER (ANTIGUO SANTA MARTA DE BABIO). OBRAS DE PARAMENTO Y CARPINTERÍA,,285455.0,269815.22
2018,X05,Educación,COLEGIO PÚBLICO RAMÓN MARÍA DEL VALLE INCLÁN. OBRAS ADECUACIÓN CALDERAS Y OTRAS,,71371.0,69232.32
2018,X05,Educación,COLEGIO PÚBLICO EL SOL. OBRAS CUBIERTA ZONA CENTRAL Y SUSTITUCIÓN ACERAS Y PASEOS,,117587.0,117586.88
2018,X05,Educación,OTRO EQUIPAMIENTO ESCUELA INFANTIL LA ALEGRÍA DE LA HUERTA,,1706.04,1706.01
2018,X05,Educación,OTRO EQUIPAMIENTO ESCUELA INFANTIL LAS LEANDRAS,,1939.07,1939.04
2018,X05,Educación,OTRO EQUIPAMIENTO ESCUELA INFANTIL HIEDRA,,494.88,494.88
2018,X05,Educación,OTRO EQUIPAMIENTO ESCUELA INFANTIL LAS MERCEDES,,959.65,959.65
2018,X05,Educación,OTRO EQUIPAMIENTO ESCUELA INFANTIL LA DEL MANOJO DE ROSAS,,466.09,466.09
2018,X05,Educación,"IFS-ESCUELA INFANTIL LAS MERCEDES. CLIMATIZACIÓN, ACONDICIONAMIENTO ACCESO A CUBIERTA Y OTRAS",,100000.0,
2018,X05,Educación,IFS-COLEGIO PÚBLICO ALAMEDA. INSTALACIÓN ELÉCTRICA Y AISLAMIENTO TÉRMICO EN CUBIERTA,,245000.0,44053.05
2018,X05,Educación,IFS-COLEGIO PÚBLICO ALBERTO ALCOCER. ACONDICIONAMIENTO ALMACÉN Y REPARACIÓN CERRAMIENTO,,150000.0,
2018,X05,Educación,IFS-COLEGIO PÚBLICO ÁLVARO DE BAZÁN. LÍNEA DE VIDA Y ACONDICIONAMIENTO CUARTO INSTALACIONES,,100000.0,
2018,X05,Educación,"IFS-COLEGIO PÚBLICO CIUDAD PEGASO. ADECUACIÓN SANEAMIENTO, CALDERA, ACCESO A CUBIERTA Y OTRAS",,160000.0,
2018,X05,Educación,"IFS-ESCUELA INFANTIL HIEDRA. ACONDICIONAMIENTO COCINA, SUSTITUCIÓN PUERTAS Y PAVIMENTACIÓN PATIO",,200000.0,93750.57
2018,X05,Educación,"IFS-ESCUELA INFANTIL LAS LEANDRAS. ACONDICIONAMIENTO PUERTAS, VENTANAS E INSTALACIÓN ELÉCTRICA",,170000.0,104925.49
2018,X05,Educación,"IFS-COLEGIO PÚBLICO EL SOL. ADECUACIÓN CALDERA Y ACONDICIONAMIENTO MURO, GIMANSIO Y PATIO",,345000.0,
2018,X05,Educación,"IFS-COLEGIO PÚBLICO JULIÁN MARÍAS. ACONDICIONAMIENTO ZONA ALMACÉN, SANEAMIENTO COCINA Y OTRAS",,200000.0,87678.57
2018,X05,Educación,"IFS-COLEGIO PÚBLICO MARÍA MOLINERA. ACONDICIONAMIENTO COCINA, CUARTO CUADROS ELÉCTRICOS Y OTRAS",,300000.0,69569.43
2018,X05,Educación,"IFS-COLEGIO PÚBLICO MARIANO JOSÉ DE LARRA. ADECUACIÓN CALDERA, SANEAMIENTO COCINA Y OTRAS",,315000.0,219541.96
2018,X05,Educación,"IFS-COLEGIO PÚBLICO MARQUÉS DE SUANCES. ACONDICIONAMIENTO PUERTA VEHÍCULOS, PATIOS Y ASEOS",,345000.0,178618.49
2018,X05,Educación,IFS-COLEGIO PÚBLICO RAMÓN MARÍA DEL VALLE INCLÁN. ACONDICIONAMIENTO DE ASEOS INFANTIL,,50000.0,
2018,X05,Educación,"IFS-COLEGIO PÚBLICO REPÚBLICA DE CHILE. ACONDICIONAMIENTO COCINA, ASEOS, CALDERA Y OTRAS",,250000.0,146870.65
2018,X05,Educación,IFS-COLEGIO PÚBLICO REPÚBLICA DE PANAMÁ. ACONDICIONAMIENTO ZONA DE HUERTO Y CALEFACCIÓN,,145000.0,59999.5
2018,X05,Educación,IFS-COLEGIO PÚBLICO PADRE COLOMA. ACONDICIONAMIENTO ASEOS LÍNEA DE VIDA Y CUBIERTA,,200000.0,82326.64
2018,X05,Educación,IFS-COLEGIO PÚBLICO ALAMEDA. ACONDICIONAMIENTO DE PATIOS (ID: 835),,100000.0,69120.12
2018,X05,Educación,IFS-COLEGIO PÚBLICO ALBERTO ALCOCER. ACONDICIONAMIENTO DE PATIOS (ID: 835),,100000.0,
2018,X05,Educación,IFS-COLEGIO PÚBLICO CIUDAD PEGASO. ACONDICIONAMIENTO DE PATIOS (ID: 835),,95000.0,
2018,X05,Educación,IFS-COLEGIO PÚBLICO FUNDACIÓN GOYENECHE. ACONDICIONAMIENTO DE PATIOS (ID: 835),,100000.0,93489.83
2018,X05,Educación,IFS-COLEGIO PÚBLICO JULIÁN MARÍAS. ACONDICIONAMIENTO DE PATIOS (ID: 835),,80000.0,
2018,X05,Educación,IFS-COLEGIO PÚBLICO MARIANO JOSÉ DE LARRA. ACONDICIONAMIENTO DE PATIOS (ID: 835),,30000.0,
2018,X05,Educación,IFS-COLEGIO PÚBLICO RAMÓN MARÍA DEL VALLE INCLÁN. ACONDICIONAMIENTO DE PATIOS (ID: 835),,345000.0,
2018,X05,Educación,IFS-COLEGIO PÚBLICO REPÚBLICA DE CHILE. ACONDICIONAMIENTO DE PATIOS (ID: 835),,95000.0,50442.63
2018,X05,Educación,IFS-COLEGIO PÚBLICO REPÚBLICA DE PANAMÁ. ACONDICIONAMIENTO DE PATIOS (ID: 835),,200000.0,60660.18
2018,X04,Salud pública,,,70324.41,69773.53
2018,X04,Salud pública,"EQUIPAMIENTO CENTRO DE ATENCIÓN A DROGODEPENDIENTES DE SAN BLAS, C/ ALCALÁ, 527",,1031.77,1031.77
2018,X04,Salud pública,CENTRO DE ATENCIÓN A LAS ADICCIONES (CAD) DE SAN BLAS. REPOSICIÓN SISTEMA ALARMA,,15163.63,14860.36
2018,X04,Salud pública,CENTRO DE ATENCIÓN A LAS ADICCIOINES (CAD) DE SAN BLAS. INSTALACIONES TÉCNICAS,,5729.01,5729.01
2018,X04,Salud pública,IFS-CENTRO ATENCIÓN DROGODEPENDIENTES SAN BLAS. OBRAS DE REFORMA Y ACCESIBILIDAD,,48400.0,48152.39
2018,X01,Protección Civil y seguridad ciudadana,,,1272409.43,1112409.42
2018,X01,Protección Civil y seguridad ciudadana,"PARQUE BOMBEROS Nº 7, AVDA. DE HELLÍN, 52. OBRAS DE REFORMA INTEGRAL",,1000551.73,1000551.73
2018,X01,Protección Civil y seguridad ciudadana,"PARQUE BOMBEROS Nº 7, AVENIDA DE HELLÍN, 52. OBRAS DE REFORMA ESTRUCTURAL",,83019.9,83019.9
2018,X01,Protección Civil y seguridad ciudadana,"PARQUE PROVISIONAL DE BOMBEROS Nº 7, C/ AQUITANIA, 36. DESMONTAJE CASETAS",,24041.2,24041.2
2018,X01,Protección Civil y seguridad ciudadana,BASE 19 SAMUR. INSTALACIÓN LÍNEAS DE VIDA,,4796.6,4796.59
2018,X01,Protección Civil y seguridad ciudadana,IFS-UNIDAD INTEGRAL DE POLICÍA MUNICIPAL SAN BLAS-CANILLEJAS. ACONDICIONAMIENTO VESTUARIOS,,160000.0,
2019,X10,Cultura,,,3060228.59,1538955.48
2019,X10,Cultura,EQUIPAMIENTO CENTRO CULTURAL ANTONIO MACHADO,,183.0,
2019,X10,Cultura,"IFS-EDIFICIO C/ MONTAMARTA, 7. ACONDICIONAMIENTO PARA CENTRO CULTURAL",,818029.0,
2019,X10,Cultura,"IFS-CENTRO CULTURAL Y DE MAYORES ANTONIO MACHADO.ADECUACIÓN ESPACIOS ASCENSORES, ACCESOS Y OTRAS",,344977.78,288487.37
2019,X10,Cultura,"IFS-AUDITORIO PARQUE EL PARAÍSO. IMPERMEABILIZACIÓN, ACONDICIONAMIENTO Y MEJORA CUBIERTAS",,344986.14,344785.84
2019,X10,Cultura,"IFS-CENTRO CULTURAL MIGUEL DE CERVANTES. ADECUACIÓN SANEAMIENTO, SUELO ESCENARIO, ASEOS Y OTRAS",,343335.75,338100.04
2019,X10,Cultura,"IFS-LOCALES EN C/ SEBASTIÁN FRANCISCO, 2-4 C/V. SAN FAUSTINO. ADQUISICIÓN",,578000.0,547748.31
2019,X10,Cultura,CENTRO CULTURAL ANTONIO MACHADO. DESFIBRILADOR,,1350.0,
2019,X10,Cultura,AUDITORIO PARQUE PARAISO. DESFIBRILADOR,,1350.0,
2019,X10,Cultura,EQUIPAMIENTO AUDITORIO PARQUE PARAISO,,183.0,
2019,X10,Cultura,CENTRO CULTURAL ANTONIO MACHADO. ADECUACIÓN CLIMATIZACIÓN Y PUERTAS,,19833.92,19833.92
2019,X10,Cultura,"IFS-CENTRO CULTURAL Y DEPORTIVO CIUDAD PEGASO. PAVIMENTO PISTAS FÚTBOL,CUBIERTA ESCENARIO Y OTRAS",,113000.0,
2019,X10,Cultura,"IFS-CENTRO CULTURAL BUERO VALLEJO. ADECUACIÓN TUBERÍAS, SALÓN DE ACTOS, ELECTRICIDAD Y OTRAS",,345000.0,
2019,X10,Cultura,IFS-CENTRO CULTURAL Y DEPORTIVO CIUDAD PEGASO. ACONDICIONAMIENTO RED SANEAMIENTO Y OTRAS,,150000.0,
2019,X11,"Deportes, juventud y esparcimiento",,,13109087.2,5185848.32
2019,X11,"Deportes, juventud y esparcimiento",OBRAS DE CONSERVACIÓN INSTALACIONES DEPORTIVAS DISTRITO DE SAN BLAS-CANILLEJAS,,109.0,
2019,X11,"Deportes, juventud y esparcimiento",DEPORTIVO BÁSICO ESFINGE. SUSTITUCIÓN CERRAMIENTO PERIMETRAL,,33194.98,33194.98
2019,X11,"Deportes, juventud y esparcimiento","INSTALACIÓN DEPORTIVA LAS ROSAS, C/ CALABRIA. CONSTRUCCIÓN",,138626.18,138626.18
2019,X11,"Deportes, juventud y esparcimiento",CENTRO DEPORTIVO SAN BLAS. REFORMA Y AMPLIACIÓN DE VESTUARIO Y CAFETERÍA,,41159.7,41159.7
2019,X11,"Deportes, juventud y esparcimiento",IFS-CENTRO DEPORTIVO SAN BLAS. SUBSANACIÓN DE PATOLOGÍAS EN PISCINA CUBIERTA,,3249727.95,2434769.51
2019,X11,"Deportes, juventud y esparcimiento",IFS-CENTRO DEPORTIVO SAN BLAS. REFORMA PABELLÓN CUBIERTO Y LÍNEA DE VIDA,,449978.14,448589.31
2019,X11,"Deportes, juventud y esparcimiento",IFS-CENTRO DEPORTIVO SAN BLAS. REFORMA INSTALACIONES Y ADAPTACIÓN NORMATIVA PISCINAS,,82.78,
2019,X11,"Deportes, juventud y esparcimiento",IFS-CENTRO DEPORTIVO DE SAN BLAS. SUBSANACIÓN DE PATOLOGÍAS EN VESTUARIOS Y ALMACÉN,,2199528.32,1529551.53
2019,X11,"Deportes, juventud y esparcimiento",IFS-ESPACIO POLIVALENTE EURÍPIDES. OBRAS DE ACONDICIONAMIENTO,,67005.12,56044.43
2019,X11,"Deportes, juventud y esparcimiento",IFS-DEPORTIVO BÁSICO AMBULATORIO. ACONDICIONAMIENTO PAVIMENTO PISTAS,,187355.4,187149.1
2019,X11,"Deportes, juventud y esparcimiento","IFS-DEPORTIVO BÁSICO ARCOS DE JALÓN. CUBRICIÓN, ALUMBRADO Y PAVIMENTACIÓN PISTA",,795306.65,195306.54
2019,X11,"Deportes, juventud y esparcimiento",CENTRO DEPORTIVO SAN BLAS. OBRAS ADECUACIÓN PAVIMENTO,,79998.94,79610.15
2019,X11,"Deportes, juventud y esparcimiento",IFS-CENTRO DEPORTIVO SAN BLAS. REFORMA PABELLÓN DE GIMNASIA Y EDIFICIO DE OFICINAS,,2800000.0,
2019,X11,"Deportes, juventud y esparcimiento",EQUIPAMIENTO DEPORTIVO BÁSICO LUCANO,,11500.0,
2019,X11,"Deportes, juventud y esparcimiento",CENTRO DEPORTIVO PEPU HERNÁNDEZ. ADECUACIÓN FACHADA,,36300.0,32632.85
2019,X11,"Deportes, juventud y esparcimiento",ESPACIO POLIVALENTE EURÍPIDES. ADECUACIÓN CLIMATIZACIÓN,,9214.04,9214.04
2019,X11,"Deportes, juventud y esparcimiento",IFS-DEPORTIVO BÁSICO CIUDAD PEGASO I. INSTALACIÓN LÍNEA Y NUEVA ACOMETIDA ELÉCTRICA,,180000.0,
2019,X11,"Deportes, juventud y esparcimiento",IFS-DEPORTIVO BÁSICO LUCANO. AMPLIACIÓN CAMPO DE FÚTBOL Y ACONDICIONAMIENTO PISTA POLIVALENTE,,700000.0,
2019,X11,"Deportes, juventud y esparcimiento",IFS-DEPORTIVO BÁSICO LAS ROSAS. ACONDICIONAMIENTO PISTAS E ILUMINACIÓN LED,,345000.0,
2019,X11,"Deportes, juventud y esparcimiento",IFS-DEPORTIVO BÁSICO QUINTA DE LOS MOLINOS. ACONDICIONAMIENTO DE PISTA PARA LANZAMIENTOS,,345000.0,
2019,X11,"Deportes, juventud y esparcimiento",IFS-CENTRO DEPORTIVO SAN BLAS. ACONDICIONAMIENTO Y ADECUACIÓN CALDERA,,500000.0,
2019,X11,"Deportes, juventud y esparcimiento",IFS-DEPORTIVO BÁSICO MEDIO AMPOSTA. ACONDICIONAMIENTO PISTAS Y VESTUARIOS,,345000.0,
2019,X11,"Deportes, juventud y esparcimiento","IFS-DEPORTIVO BÁSICO EUTERPE. ACONDICIONAMIENTO FACHADA, CUBIERTA Y OTRAS",,250000.0,
2019,X11,"Deportes, juventud y esparcimiento",IFS-CENTRO DEPORTIVO PEPU HERNÁNDEZ. ACONDICIONAMIENTO FACHADA Y CENTRO DE TRANSFORMACIÓN,,345000.0,
2019,X00,Inversiones de carácter general,,,63081342.16,57291676.93
2019,X00,Inversiones de carácter general,EQUIPAMIENTO SERVICIOS ADMINISTRATIVOS DISTRITO SAN BLAS-CANILLEJAS,,15500.0,7025.87
2019,X00,Inversiones de carácter general,OBRAS DE CONSERVACIÓN EDIFICIOS DISTRITO DE SAN BLAS-CANILLEJAS,,4593.04,
2019,X00,Inversiones de carácter general,IFS-PALACIO TORRE ARIAS. SUBSANACIÓN DE PATOLOGÍAS Y CONSOLIDACIÓN FORJADOS Y MUROS,,3399998.93,2118810.83
2019,X00,Inversiones de carácter general,IFS-EDIFICIO SEDE DISTRITO SAN BLAS. PANELES FOTOVOLTAICOS Y REFORMA ELÉCTRICA (ID: 450),,179900.19,165840.23
2019,X00,Inversiones de carácter general,"IFS-SEDE DISTRITO SAN BLAS-CANILLEJAS. OPTIMIZACIÓN CLIMATIZACIÓN, ACONDICIONAMIENTO COMEDOR Y OTRAS",,345000.0,
2019,X00,Inversiones de carácter general,IFS-CABALLERIZAS Y CASA DE JARDINEROS FINCA TORRE ARIAS. SUBSANACIÓN DE PATOLOGÍAS,,1500000.0,
2019,X00,Inversiones de carácter general,IFS-PALACIO DE LA FINCA TORRE ARIAS. SUBSANACIÓN DE PATOLOGÍAS EN CARPINTERÍAS EXTERIORES Y TORRE,,2300000.0,
2019,X00,Inversiones de carácter general,IFS-FINCA TORRE ARIAS. SUBSANACIÓN DE PATOLOGÍAS EN RED GENERAL DE SANEAMIENTO,,300000.0,
2019,X00,Inversiones de carácter general,"EDIFICIO C/DE JULIÁN CAMARILLO, 6 C/V C/ALBARRACÍN, 33. ADQUISICIÓN",,55035000.0,55000000.0
2019,X00,Inversiones de carácter general,EDIFICIO SEDE DISTRITO SAN BLAS-CANILLEJAS. DESFIBRILADOR,,1350.0,
2019,X06,Urbanismo,,,10874111.3,8844766.77
2019,X06,Urbanismo,"ADQUISICIÓN SUELO UE 5, APE 20.10 COLONIA FIN DE SEMANA. ZONA VERDE Y VIARIO",,177889.67,
2019,X06,Urbanismo,PLAZA CÍVICA. OBRAS DE URBANIZACIÓN,,26205.16,26204.92
2019,X06,Urbanismo,ÁREA DE PLANEAMIENTO REMITIDO EMILIO MUÑOZ 20.04,,2174.0,
2019,X06,Urbanismo,"ADQUISICIÓN SUELO AV. SÉPTIMA, CIUDAD PEGASO. ZONA VERDE",,2573752.0,2573752.0
2019,X06,Urbanismo,"C/ MARQUESADO DE SANTA MARTA, 15 A 21. OBRAS ACCESORIAS DE URBANIZACIÓN",,95867.77,95867.57
2019,X06,Urbanismo,ADQUISICIÓN DE SUELO SECTOR SAN BLAS II,,5564259.72,5504260.79
2019,X06,Urbanismo,"ADQUISICIÓN SUELO UE-5, PARCELA D. COLONIA FIN DE SEMANA",,1288962.98,644681.49
2019,X06,Urbanismo,"DEMOLICIÓN EDIFICACIONES Y ACONDICIONAMIENTO PARCELA C/ ALBALÁ, 6 A",,45000.0,
2019,X06,Urbanismo,IFS-CALLE ARACNE. ADECUACIÓN APARCAMIENTOS EN BATERÍA Y REMODELACIÓN,,600000.0,
2019,X06,Urbanismo,IFS-CALLE ESFINGE. ACONDICIONAMIENTO DE SOLAR,,500000.0,
2019,X07,Infraestructuras,,,183612.92,147292.18
2019,X07,Infraestructuras,ANILLO VERDE CICLISTA DISTRITO SAN BLAS-CANILLEJAS. OBRAS DE REMODELACIÓN,,118237.39,118237.39
2019,X07,Infraestructuras,CARRIL BICI PARALELO A LA A-2 DESDE M-40 HASTA EL CENTRO (ID: 534),,17017.79,6831.77
2019,X07,Infraestructuras,INFRAESTRUCTURA CICLISTA COLONIA FIN DE SEMANA-CIUDAD PEGASO.CONSTRUCCIÓN(ID: 4756),,48357.74,22223.02
2019,X08,Mantenimiento urbano,,,2795522.0,531162.48
2019,X08,Mantenimiento urbano,PAVIMENTACIÓN CALZADAS BARRIOS EN DISTRITO SAN BLAS-CANILLEJAS. FASE I,,2962.12,2962.12
2019,X08,Mantenimiento urbano,IFS-CALZADAS EN EL DISTRITO SAN BLAS-CANILLEJAS. REHABILITACIÓN (ID: 793),,262765.63,262765.41
2019,X08,Mantenimiento urbano,IFS-ENTORNO DE LA AVDA. ARCENTALES . ADECUACIÓN DE VIALES,,2299821.67,261738.93
2019,X08,Mantenimiento urbano,CALZADAS EN EL DISTRITO SAN BLAS-CANILLEJAS. REHABILITACIÓN (ID: 793),,26276.56,
2019,X08,Mantenimiento urbano,HIDRANTES DISTRITO DE SAN BLAS-CANILLEJAS. INSTALACIÓN,,3696.02,3696.02
2019,X08,Mantenimiento urbano,IFS-JUEGOS INFANTILES EN EL PARQUE DEL PARAÍSO. INSTALACIÓN (ID 18: 1686),,200000.0,
2019,X09,Medio ambiente,,,9058729.2,4761342.88
2019,X09,Medio ambiente,FINCA DE TORRE ARIAS. REMODELACIÓN DEL ENTORNO,,99276.68,75500.2
2019,X09,Medio ambiente,FUENTES DE AGUA POTABLE DISTRITO SAN BLAS-CANILLEJAS. INSTALACIÓN (ID: 558),,36572.95,35285.44
2019,X09,Medio ambiente,IFS-PARQUE QUINTA TORRE ARIAS. CONSOLIDACIÓN PUENTES Y RESTAURACIÓN MURO DE CIERRE,,511356.18,
2019,X09,Medio ambiente,PARQUE QUINTA TORRE ARIAS. MAQUINARIA DE JARDINERÍA,,21084.25,21084.25
2019,X09,Medio ambiente,EQUIPAMIENTO PARQUE QUINTA DE TORRE ARIAS,,1121.15,1121.15
2019,X09,Medio ambiente,ACONDICIONAMIENTO PARCELAS PARA HUERTOS URBANOS DISTRITO SAN BLAS-CANILLEJAS,,142.37,142.37
2019,X09,Medio ambiente,"IFS-MEJORA INFRAESTRUCTURAS ZONAS VERDES DISTRITO SAN BLAS-CANILLEJAS (ID 17: 1804,4147)",,499367.54,320898.69
2019,X09,Medio ambiente,"ACONDICIONAMIENTO ZONAS VERDES, URBANIZACION  ENTORNO ESTADIO ""LA PEINETA""",,4276808.08,4270090.65
2019,X09,Medio ambiente,BANCOS Y PAPELERAS EN EL PARQUE QUINTA DE TORRE ARIAS. INSTALACIÓN,,8000.0,7766.69
2019,X09,Medio ambiente,IFS-ZONA VERDE EN ÁMBITO ESTADIO WANDA METROPOLITANO. AJARDINAMIENTO,,745000.0,
2019,X09,Medio ambiente,IFS-CREACION DE UNA ZONA SEMIFORESTAL ENTRE LA CALLE ESTOCOLMO Y LA M-40,,1490000.0,
2019,X09,Medio ambiente,IFS-PARQUE DEL PARAÍSO. OBRAS DE ADECUACIÓN Y MEJORA (ID 18: 409),,500000.0,
2019,X09,Medio ambiente,IFS-PARQUE CANINO EN AVENIDA DE CANILLEJAS A VICÁLVARO. ADECUACIÓN (ID 18: 3146),,20000.0,17963.56
2019,X09,Medio ambiente,"IFS-ZONA ESTANCIAL EN AVENIDA DE ARCENTALES, 28. ADECUACIÓN",,500000.0,11489.88
2019,X09,Medio ambiente,IFS-ZONA VERDE C/ ALBERIQUE. ACONDICIONAMIENTO Y MEJORA,,350000.0,
2019,X03,Protección y promoción social,,,2257304.37,37790.8
2019,X03,Protección y promoción social,"CENTRO DE SERVICIOS SOCIALES EN SAN BLAS, C/POBLADURA DEL VALLE, 13. CONSTRUCCIÓN",,988069.02,3654.3
2019,X03,Protección y promoción social,IFS-CENTRO SOCIAL PARA ADOLESCENTES PALACETE QUINTA MOLINOS. MOBILIARIO,,11872.52,11872.52
2019,X03,Protección y promoción social,EQUIPAMIENTO NUEVO ESPACIO DE IGUALDAD DE SAN BLAS,,14418.83,14418.83
2019,X03,Protección y promoción social,IFS-PALACETE QUINTA DE LOS MOLINOS. INSTALACIÓN DE LÁMINAS SOLARES,,4000.0,2830.4
2019,X03,Protección y promoción social,"INMUEBLES EN PLAZA EURÍPIDES, 1. ADQUISICIÓN",,10000.0,
2019,X03,Protección y promoción social,"IFS-INMUEBLES EN PLAZA EURÍPIDES, 1. ADQUISICIÓN",,181500.0,
2019,X03,Protección y promoción social,CENTROS DE MAYORES DEL DISTRITO SAN BLAS-CANILLEJAS. ADQUISICIÓN DE BANDERAS,,300.0,272.25
2019,X03,Protección y promoción social,EQUIPAMIENTO CENTROS DE DÍA Y MAYORES DEL DISTRITO DE SAN BLAS-CANILLEJAS,,850.0,
2019,X03,Protección y promoción social,CENTROS SERVICIOS SOCIALES DISTRITO SAN BLAS-CANILLEJAS. SISTEMAS ALARMA ANTI-AGRESIÓN,,1551.5,
2019,X03,Protección y promoción social,CENTRO SERVICIOS SOCIALES TORRE ARIAS. SISTEMA ALARMA ANTI-AGRESIÓN,,3448.5,3448.5
2019,X03,Protección y promoción social,CENTRO DE MAYORES PABLO CASALS. ADECUACIÓN INSTALACIÓN RED DE DATOS Y ELÉCTRICA,,641.65,641.65
2019,X03,Protección y promoción social,CENTRO DE MAYORES CIUDAD PEGASO. ADECUACIÓN INSTALACIÓN RED DE DATOS Y ELÉCTRICA,,652.35,652.35
2019,X03,Protección y promoción social,"IFS-CENTRO DE MAYORES PABLO CASALS. ACONDICIONAMIENTO FACHADAS, CUBIERTA Y OTRAS",,345000.0,
2019,X03,Protección y promoción social,"IFS-CENTRO DE DÍA MAYORES ESFINGE. ADECUACIÓN INSTALACIONES, SANEAMIENTO Y OTRAS",,345000.0,
2019,X03,Protección y promoción social,IFS-CENTRO SOCIO COMUNITARIO SANTA MARTA DE BABIO. ACONDICIONAMIENTO ESPACIOS Y OTRAS,,150000.0,
2019,X03,Protección y promoción social,"IFS-CENTRO DE MAYORES CASTILLO DE UCLÉS. ADECUACIÓN ENTRADA, CALDERA Y OTRAS",,200000.0,
2019,X05,Educación,,,3482241.57,1125729.11
2019,X05,Educación,EQUIPAMIENTO ESCUELA DE MÚSICA ANTONIO MACHADO,,20434.5,11173.84
2019,X05,Educación,OBRAS DE CONSERVACIÓN CENTROS DOCENTES DE ENSEÑANZA DISTRITO SAN BLAS-CANILLEJAS,,114.98,
2019,X05,Educación,OTRO EQUIPAMIENTO ESCUELA INFANTIL LA ALEGRÍA DE LA HUERTA,,104.45,104.45
2019,X05,Educación,OTRO EQUIPAMIENTO ESCUELA INFANTIL LAS LEANDRAS,,156.67,156.67
2019,X05,Educación,OTRO EQUIPAMIENTO ESCUELA INFANTIL LAS MERCEDES,,52.22,52.22
2019,X05,Educación,OTRO EQUIPAMIENTO ESCUELA INFANTIL LA DEL MANOJO DE ROSAS,,356.97,356.97
2019,X05,Educación,"IFS-ESCUELA INFANTIL LAS MERCEDES. CLIMATIZACIÓN, ACONDICIONAMIENTO ACCESO A CUBIERTA Y OTRAS",,13110.52,13110.51
2019,X05,Educación,IFS-COLEGIO PÚBLICO ALAMEDA. INSTALACIÓN ELÉCTRICA Y AISLAMIENTO TÉRMICO EN CUBIERTA,,121835.76,106536.51
2019,X05,Educación,IFS-COLEGIO PÚBLICO ALBERTO ALCOCER. ACONDICIONAMIENTO ALMACÉN Y REPARACIÓN CERRAMIENTO,,134190.07,123917.04
2019,X05,Educación,IFS-COLEGIO PÚBLICO ÁLVARO DE BAZÁN. LÍNEA DE VIDA Y ACONDICIONAMIENTO CUARTO INSTALACIONES,,44096.39,44096.39
2019,X05,Educación,"IFS-COLEGIO PÚBLICO CIUDAD PEGASO. ADECUACIÓN SANEAMIENTO, CALDERA, ACCESO A CUBIERTA Y OTRAS",,56905.31,19927.2
2019,X05,Educación,"IFS-ESCUELA INFANTIL HIEDRA. ACONDICIONAMIENTO COCINA, SUSTITUCIÓN PUERTAS Y PAVIMENTACIÓN PATIO",,28565.24,
2019,X05,Educación,"IFS-ESCUELA INFANTIL LAS LEANDRAS. ACONDICIONAMIENTO PUERTAS, VENTANAS E INSTALACIÓN ELÉCTRICA",,10554.84,
2019,X05,Educación,"IFS-COLEGIO PÚBLICO EL SOL. ADECUACIÓN CALDERA Y ACONDICIONAMIENTO MURO, GIMANSIO Y PATIO",,191445.62,190933.7
2019,X05,Educación,"IFS-COLEGIO PÚBLICO JULIÁN MARÍAS. ACONDICIONAMIENTO ZONA ALMACÉN, SANEAMIENTO COCINA Y OTRAS",,9463.99,
2019,X05,Educación,"IFS-COLEGIO PÚBLICO MARÍA MOLINERA. ACONDICIONAMIENTO COCINA, CUARTO CUADROS ELÉCTRICOS Y OTRAS",,157112.48,
2019,X05,Educación,"IFS-COLEGIO PÚBLICO MARIANO JOSÉ DE LARRA. ADECUACIÓN CALDERA, SANEAMIENTO COCINA Y OTRAS",,79349.44,
2019,X05,Educación,"IFS-COLEGIO PÚBLICO MARQUÉS DE SUANCES. ACONDICIONAMIENTO PUERTA VEHÍCULOS, PATIOS Y ASEOS",,28517.54,
2019,X05,Educación,"IFS-COLEGIO PÚBLICO REPÚBLICA DE CHILE. ACONDICIONAMIENTO COCINA, ASEOS, CALDERA Y OTRAS",,31855.84,14345.3
2019,X05,Educación,IFS-COLEGIO PÚBLICO REPÚBLICA DE PANAMÁ. ACONDICIONAMIENTO ZONA DE HUERTO Y CALEFACCIÓN,,21200.85,
2019,X05,Educación,IFS-COLEGIO PÚBLICO PADRE COLOMA. ACONDICIONAMIENTO ASEOS LÍNEA DE VIDA Y CUBIERTA,,26647.41,
2019,X05,Educación,IFS-COLEGIO PÚBLICO ALAMEDA. ACONDICIONAMIENTO DE PATIOS (ID: 835),,29789.03,
2019,X05,Educación,IFS-COLEGIO PÚBLICO ALBERTO ALCOCER. ACONDICIONAMIENTO DE PATIOS (ID: 835),,90967.83,81574.11
2019,X05,Educación,IFS-COLEGIO PÚBLICO CIUDAD PEGASO. ACONDICIONAMIENTO DE PATIOS (ID: 835),,49175.1,2626.55
2019,X05,Educación,IFS-COLEGIO PÚBLICO FUNDACIÓN GOYENECHE. ACONDICIONAMIENTO DE PATIOS (ID: 835),,5055.16,
2019,X05,Educación,IFS-COLEGIO PÚBLICO RAMÓN MARÍA DEL VALLE INCLÁN. ACONDICIONAMIENTO DE PATIOS (ID: 835),,270062.43,270061.9
2019,X05,Educación,IFS-COLEGIO PÚBLICO REPÚBLICA DE CHILE. ACONDICIONAMIENTO DE PATIOS (ID: 835),,40344.34,16054.59
2019,X05,Educación,IFS-COLEGIO PÚBLICO REPÚBLICA DE PANAMÁ. ACONDICIONAMIENTO DE PATIOS (ID: 835),,34757.37,
2019,X05,Educación,ESCUELA INFANTIL EN CANILLEJAS. CONSTRUCCIÓN (ID: 539),,46879.2,12232.13
2019,X05,Educación,ESCUELAS INFANTILES DISTRITO SAN BLAS-CANILLEJAS. DESFIBRILADORES,,6745.0,
2019,X05,Educación,ESCUELAS INFANTILES DISTRITO SAN BLAS-CANILLEJAS. OTRO MOBILIARIO Y ENSERES,,910.0,
2019,X05,Educación,COLEGIO PÚBLICO ALBERTO ALCOCER. ACONDICIONAMIENTO PATIO INFANTIL,,6885.02,5427.67
2019,X05,Educación,IFS-COLEGIO PÚBLICO RAMÓN Mª DEL VALLE INCLÁN. ACONDICIONAMIENTOS VARIOS,,500000.0,
2019,X05,Educación,IFS-COLEGIO PÚBLICO CIUDAD PEGASO. ACONDICIONAMIENTO DE CUBIERTA,,345000.0,
2019,X05,Educación,"IFS-COLEGIO PÚBLICO EL SOL. CERRAMIENTO PISTA, MEJORAS EVACUACIÓN AGUA Y OTRAS",,300000.0,
2019,X05,Educación,IFS-COLEGIO PÚBLICO EL SOL. ADECUACIÓN DE CALDERA POR GAS,,214000.0,213041.36
2019,X05,Educación,"IFS-COLEGIO PÚBLICO REPÚBLICA DE CHILE. ADECUACIÓN PISTAS, SOLADO PATIO, CUBIERTA Y OTRAS",,345000.0,
2019,X05,Educación,IFS-COLEGIO PÚBLICO MARÍA MOLINER II. ACONDICIONAMIENTO ZONA TERRIZA PATIO,,100000.0,
2019,X05,Educación,IFS-COLEGIO PÚBLICO REPÚBLICA DE CHILE. ADECUACIÓN DE CALDERA POR GAS,,20600.0,
2019,X05,Educación,IFS-COLEGIO PÚBLICO CIUDAD PEGASO. ADECUACIÓN CALDERA,,100000.0,
2019,X04,Salud pública,,,71251.16,71191.68
2019,X04,Salud pública,"CENTRO ATENCIÓN A LAS ADICCIONES (CAD) DE SAN BLAS, C/ ALCALÁ, 527. MAQUINARIA",,180.53,180.53
2019,X04,Salud pública,FRIGORIFICO DE VACUNAS PARA EL CMSc DE SAN BLAS,,1899.7,1899.7
2019,X04,Salud pública,CENTRO MUNICIPAL DE SALUD COMUNITARIA DE SAN BLAS. INSTALACIONES,,14870.51,14870.51
2019,X04,Salud pública,EQUIPAMIENTO CENTRO MUNICIPAL DE SALUD COMUNITARIA SAN BLAS,,2613.47,2613.47
2019,X04,Salud pública,"EQUIPAMIENTO CENTRO DE ATENCIÓN A LAS ADICCIONES (CAD) SAN BLAS, C/ ALCALÁ, 527",,3286.95,3286.95
2019,X04,Salud pública,IFS-CENTRO ATENCIÓN DROGODEPENDIENTES DE SAN BLAS. OBRAS DE REFORMA,,48400.0,48340.52
2019,X02,"Tráfico, estacionamiento y transporte público",,,25000.0,
2019,X02,"Tráfico, estacionamiento y transporte público",NUEVO PASO DE PEATONES CON ELEMENTO DE REGULACIÓN EN LA PLAZA DE ALSACIA. INSTALACIÓN (ID: 8848),,25000.0,
2019,X01,Protección Civil y seguridad ciudadana,,,122677.7,118719.27
2019,X01,Protección Civil y seguridad ciudadana,IFS-UNIDAD INTEGRAL DE POLICÍA MUNICIPAL SAN BLAS-CANILLEJAS. ACONDICIONAMIENTO VESTUARIOS,,122677.7,118719.27
2019,X12,Otros bienes públicos de carácter social,,,1792.67,1552.89
2019,X12,Otros bienes públicos de carácter social,EQUIPAMIENTO OFICINA ATENCIÓN AL CIUDADANO LÍNEA MADRID SAN BLAS-CANILLEJAS,,1792.67,1552.89
2020,X10,Cultura,,,255261.66,133078.05
2020,X10,Cultura,EQUIPAMIENTO CENTROS CULTURALES DISTRITO SAN BLAS-CANILLEJAS,,24165.0,
2020,X10,Cultura,"LOCALES EN C/ SEBASTIÃN FRANCISCO, 2-4 C/V. SAN FAUSTINO. ADQUISICIÃN",,1854.29,1854.29
2020,X10,Cultura,"IFS-LOCALES EN C/ SEBASTIÃN FRANCISCO, 2-4 C/V. SAN FAUSTINO. ADQUISICIÃN",,30000.0,
2020,X10,Cultura,PLACAS CONMEMORATIVAS EN EL DISTRITO DE SAN BLAS-CANILLEJAS,,1000.0,
2020,X10,Cultura,EQUIPAMIENTO CENTROS CULTURALES DISTRITO-SAN BLAS CANILLEJAS,,25835.0,
2020,X10,Cultura,CENTRO CULTURAL ANTONIO MACHADO. OBRAS DE CONSERVACIÃN,,40079.81,39715.5
2020,X10,Cultura,CENTRO CULTURAL JOSÃ LUIS LÃPEZ VÃZQUEZ. OBRAS DE ACONDICIONAMIENTO,,47207.31,46874.68
2020,X10,Cultura,CENTRO CULTURAL Y DE MAYORES ANTONIO MACHADO. OBRAS DE CONSERVACIÃN,,14875.8,8399.19
2020,X10,Cultura,AUDITORIO PARQUE PARAISO. ADAPTACIÃN A NORMATIVA ELÃCTRICA,,338.51,
2020,X10,Cultura,CENTRO CULTURAL BUERO VALLEJO. ADAPTACIÃN A NORMATIVA ELÃCTRICA,,1015.34,
2020,X10,Cultura,CENTRO CULTURAL Y DE MAYORES ANTONIO MACHADO. ADAPTACIÃN A NORMATIVA ELÃCTRICA,,32457.78,
2020,X10,Cultura,CENTRO SOCIOCULTURAL MIGUEL DE CERVANTES. ADAPTACIÃN A NORMATIVA ELÃCTRICA,,136.95,
2020,X10,Cultura,"CENTRO CULTURAL Y DE MAYORES ANTONIO MACHADO.ADECUACIÃN ESPACIOS ASCENSORES, ACCESOS Y OTRAS",,36295.87,36234.39
2020,X11,"Deportes, juventud y esparcimiento",,,5448217.06,4119011.96
2020,X11,"Deportes, juventud y esparcimiento",EQUIPAMIENTO CENTRO DEPORTIVO SAN BLAS,,18150.0,
2020,X11,"Deportes, juventud y esparcimiento",CENTRO DEPORTIVO SAN BLAS. SUBSANACIÃN DE PATOLOGÃAS EN PISCINA CUBIERTA,,814958.43,814958.39
2020,X11,"Deportes, juventud y esparcimiento",CENTRO DEPORTIVO DE SAN BLAS. SUBSANACIÃN DE PATOLOGÃAS EN VESTUARIOS Y ALMACÃN,,858242.6,858242.52
2020,X11,"Deportes, juventud y esparcimiento",CENTRO DEPORTIVO SAN BLAS. REFORMA PABELLÃN DE GIMNASIA Y EDIFICIO DE OFICINAS,,279403.31,
2020,X11,"Deportes, juventud y esparcimiento",CENTRO DEPORTIVO PEPU HERNÃNDEZ. SUBSANACIÃN DE PATOLOGIAS FACHADA,,323907.67,280407.81
2020,X11,"Deportes, juventud y esparcimiento",IFS-CENTRO DEPORTIVO SAN BLAS. REFORMA PABELLÃN DE GIMNASIA Y EDIFICIO DE OFICINAS,,2799998.01,2022950.35
2020,X11,"Deportes, juventud y esparcimiento",EQUIPAMIENTO DEPORTIVO BÃSICO LUCANO,,6500.0,
2020,X11,"Deportes, juventud y esparcimiento",OBRAS DE CONSERVACIÃN INSTALACIONES DEPORTIVAS DEL DISTRITO SAN BLAS-CANILLEJAS,,17480.18,
2020,X11,"Deportes, juventud y esparcimiento",DEPORTIVO BÃSICO ESFINGE. ADECUACIÃN CERRAMIENTO PISTA,,18397.74,18065.11
2020,X11,"Deportes, juventud y esparcimiento",DEPORTIVO BÃSICO EUTERPE. ACONDICIONAMIENTO FACHADA Y PROTECCIÃN PLACAS SOLARES,,46132.84,44974.92
2020,X11,"Deportes, juventud y esparcimiento",DEPORTIVO BÃSICO ARCAUTE. ADECUACIÃN DE PISTA Y ENTORNO,,58452.25,57786.99
2020,X11,"Deportes, juventud y esparcimiento",DEPORTIVO BÃSICO LUCANO. OBRAS DE MEJORA EN ACCESOS Y VESTUARIOS,,4536.99,
2020,X11,"Deportes, juventud y esparcimiento",CENTRO DEPORTIVO SAN BLAS. MATERIAL QUIRÃRGICO Y UTENSILIOS BOTIQUÃN,,1400.0,1398.16
2020,X11,"Deportes, juventud y esparcimiento",CENTRO DEPORTIVO SAN BLAS. ACONDICIONAMIENTO PAVIMENTO PABELLÃN CIRCULAR,,176328.0,
2020,X11,"Deportes, juventud y esparcimiento",ESPACIO POLIVALENTE EURÃPIDES. OBRAS DE CONSERVACIÃN,,9559.16,9550.22
2020,X11,"Deportes, juventud y esparcimiento",CENTRO DEPORTIVO Y SOCIOCULTURAL CIUDAD PEGASO. OBRAS DE CONSERVACIÃN,,10677.49,10677.49
2020,X11,"Deportes, juventud y esparcimiento",CENTRO DEPORTIVO Y SOCIOCULTURAL CIUDAD PEGASO. ADAPTACIÃN A NORMATIVA ELÃCTRICA,,4092.39,
2020,X00,Inversiones de carácter general,,,5604402.03,3846659.36
2020,X00,Inversiones de carácter general,EQUIPAMIENTO SERVICIOS ADMINISTRATIVOS DISTRITO SAN BLAS-CANILLEJAS,,8000.0,
2020,X00,Inversiones de carácter general,"EDIFICIO C/ALBARRACÃN, 33, SEDE SERVICIOS DE TRÃFICO. OBRAS DE ACONDICIONAMIENTO HIGIÃNICO SANITARIO",,260770.0,260767.91
2020,X00,Inversiones de carácter general,PALACIO TORRE ARIAS. SUBSANACIÃN DE PATOLOGÃAS Y CONSOLIDACIÃN FORJADOS Y MUROS,,1210326.32,1210325.77
2020,X00,Inversiones de carácter general,IFS-CABALLERIZAS Y CASA DE JARDINEROS FINCA TORRE ARIAS. SUBSANACIÃN DE PATOLOGÃAS,,1388364.31,1027946.29
2020,X00,Inversiones de carácter general,IFS-PALACIO DE LA FINCA TORRE ARIAS. SUBSANACIÃN DE PATOLOGÃAS EN CARPINTERÃAS EXTERIORES Y TORRE,,1699342.04,1099340.02
2020,X00,Inversiones de carácter general,IFS-FINCA TORRE ARIAS. SUBSANACIÃN DE PATOLOGÃAS EN RED GENERAL DE SANEAMIENTO,,299999.99,209242.08
2020,X00,Inversiones de carácter general,"EDIFICIO C/DE JULIÃN CAMARILLO, 6 C/V C/ALBARRACÃN, 33. ADQUISICIÃN",,23366.47,23324.98
2020,X00,Inversiones de carácter general,SERVICIOS ADMINISTRATIVOS DISTRITO SAN BLAS-CANILLEJAS. MOBILIARIO,,15000.0,
2020,X00,Inversiones de carácter general,SERVICIOS ADMINISTRATIVOS DISTRITO SAN BLAS-CANILLEJAS. MAMPARAS DE PROTECCIÃN,,15712.31,15712.31
2020,X00,Inversiones de carácter general,OBRAS CONSERVACIÃN EDIFICIOS DISTRITO SAN BLAS-CANILLEJAS,,682915.98,
2020,X00,Inversiones de carácter general,EDIFICIO SEDE DEL DISTRITO SAN BLAS-CANILLEJAS. ADAPTACIÃN A NORMATIVA ELÃCTRICA,,604.61,
2020,X06,Urbanismo,,,1466163.1,1124699.78
2020,X06,Urbanismo,"ADQUISICIÃN DE SUELO EN C/ BUTRÃN, 17",,452511.25,452511.25
2020,X06,Urbanismo,ÃREA DE PLANEAMIENTO REMITIDO EMILIO MUÃOZ 20.04,,1990.5,1990.5
2020,X06,Urbanismo,"ADQUISICIÃN SUELO UE-5, PARCELA D. COLONIA FIN DE SEMANA",,644682.0,615186.87
2020,X06,Urbanismo,"ADQUISICIÃN SUELO UE 5, APE 20.10 COLONIA FIN DE SEMANA. ZONA VERDE Y VIARIO",,177889.67,
2020,X06,Urbanismo,"DEMOLICIÃN EDIFICACIONES Y ACONDICIONAMIENTO PARCELA C/ ALBALÃ, 6 A",,55089.44,55011.16
2020,X06,Urbanismo,PLAZA CÃVICA. OBRAS DE URBANIZACIÃN,,0.24,
2020,X06,Urbanismo,VÃAS PÃBLICAS DISTRITO SAN BLAS-CANILLEJAS. OBRAS DE MEJORA ACCESIBILIDAD,,131312.5,
2020,X06,Urbanismo,"C/ FENELÃN, S/N. ADECUACIÃN PASO DE VEHÃCULOS",,2687.5,
2020,X07,Infraestructuras,,,434987.66,434987.66
2020,X07,Infraestructuras,ANILLO VERDE CICLISTA DISTRITO SAN BLAS-CANILLEJAS. OBRAS DE REMODELACIÃN,,434987.66,434987.66
2020,X08,Mantenimiento urbano,,,1604874.75,1526155.84
2020,X08,Mantenimiento urbano,CALZADAS Y ACERAS EN EL DISTRITO SAN BLAS-CANILLEJAS. REHABILITACIÃN (ID 18: 793),,26170.45,26170.45
2020,X08,Mantenimiento urbano,ENTORNO DE LA AVDA. ARCENTALES . ADECUACIÃN DE VIALES,,1507729.0,1499985.39
2020,X08,Mantenimiento urbano,EQUIPAMIENTO SERVICIOS VÃAS PÃBLICAS DEL DISTRITO SAN BLAS-CANILLEJAS,,200.0,
2020,X08,Mantenimiento urbano,"CALLE ALBARRACÃN, DISTRITO DE SAN BLAS-CANILLEJAS. AMPLIACIÃN DE ACERAS Y ACCESIBILIDAD",,70775.3,
2020,X09,Medio ambiente,,,1587049.8,731036.17
2020,X09,Medio ambiente,CREACION DE UNA ZONA SEMIFORESTAL ENTRE LA CALLE ESTOCOLMO Y LA M-40,,34265.29,34265.29
2020,X09,Medio ambiente,FUENTES DE AGUA POTABLE DISTRITO SAN BLAS-CANILLEJAS. INSTALACIÃN (ID: 558),,787.0,
2020,X09,Medio ambiente,FINCA DE TORRE ARIAS. REMODELACIÃN DEL ENTORNO,,298967.16,149495.36
2020,X09,Medio ambiente,PARQUE QUINTA TORRE ARIAS. ADQUISICIÃN Y REPOSICIÃN DE MAQUINARIA,,12088.62,6683.85
2020,X09,Medio ambiente,IFS-PARQUE QUINTA TORRE ARIAS. CONSOLIDACIÃN PUENTES Y RESTAURACIÃN MURO DE CIERRE,,441678.18,175941.31
2020,X09,Medio ambiente,"MEJORA INFRAESTRUCTURAS ZONAS VERDES DISTRITO SAN BLAS-CANILLEJAS (ID 17: 1804,4147)",,44375.04,14375.04
2020,X09,Medio ambiente,IFS-ZONA VERDE EN ÃMBITO ESTADIO WANDA METROPOLITANO. AJARDINAMIENTO (ID 20: 14887),,741898.63,337285.44
2020,X09,Medio ambiente,IFS-PARQUE DEL PARAÃSO. OBRAS DE ADECUACIÃN Y MEJORA (ID 18: 409),,11489.88,11489.88
2020,X09,Medio ambiente,IFS-PARQUE CANINO EN AVENIDA DE CANILLEJAS A VICÃLVARO. ADECUACIÃN (ID 18: 3146),,1500.0,1500.0
2020,X03,Protección y promoción social,,,901960.94,851557.66
2020,X03,Protección y promoción social,EQUIPAMIENTO CENTRO DE MAYORES PABLO CASALS,,9693.55,
2020,X03,Protección y promoción social,CENTROS DE MAYORES DEL DISTRITO SAN BLAS-CANILLEJAS. MOBILIARIO,,12056.35,
2020,X03,Protección y promoción social,ESPACIO IGUALDAD LUCÃA SÃNCHEZ SAORNIL. ADQUISICIÃN MOBILIARIO DIVERSO,,600.16,
2020,X03,Protección y promoción social,"CENTRO DE SERVICIOS SOCIALES EN SAN BLAS, C/POBLADURA DEL VALLE, 13. CONSTRUCCIÃN",,348279.64,348279.64
2020,X03,Protección y promoción social,"LOCAL AVDA. INSTITUTICÃN LIBRE DE ENSEÃANZA, 5. OBRAS DE REFORMA",,22470.21,22470.21
2020,X03,Protección y promoción social,"IFS-LOCAL AVDA. INSTITUTICÃN LIBRE DE ENSEÃANZA, 5. OBRAS DE REFORMA",,399982.49,399776.72
2020,X03,Protección y promoción social,CENTROS DE DÃA DE MENORES DEL DISTRITO SAN BLAS-CANILLEJAS. MOBILIARIO,,3000.0,
2020,X03,Protección y promoción social,CENTROS DE SERVICIOS SOCIALES DEL DISTRITO DE SAN BLAS-CANILLEJAS. MOBILIARIO,,7943.65,
2020,X03,Protección y promoción social,EQUIPAMIENTO CENTROS DE MAYORES DISTRITO DE SAN BLAS-CANILLEJAS,,9306.45,
2020,X03,Protección y promoción social,CENTRO SERVICIOS SOCIALES TORRE ARIAS. MAMPARAS Y ELEMENTOS PROTECTORES,,3963.96,3963.96
2020,X03,Protección y promoción social,CENTRO SERVICIOS SOCIALES PABLO CASALS. MAMPARAS Y ELEMENTOS PROTECTORES,,4568.96,4568.96
2020,X03,Protección y promoción social,CENTRO DE MAYORES CASTILLO DE UCLÃS. OBRAS DE ACONDICIONAMIENTO,,42168.26,41503.0
2020,X03,Protección y promoción social,"ESPACIO INCLUSIÃN C/ ARCOS DE JALÃN, 34, EDIFICIO 3. OBRAS DE ACONDICIONAMIENTO",,31369.87,30995.17
2020,X03,Protección y promoción social,CENTRO SERVICIOS SOCIALES TORRE ARIAS. ADAPTACIÃN A NORMATIVA ELÃCTRICA,,983.13,
2020,X03,Protección y promoción social,CENTRO DE MAYORES CASTILLO DE UCLÃS. ADAPTACIÃN A NORMATIVA ELÃCTRICA,,813.95,
2020,X03,Protección y promoción social,CENTRO DE MAYORES PABLO CASALS. ADAPTACIÃN A NORMATIVA ELÃCTRICA,,2468.31,
2020,X03,Protección y promoción social,CENTRO DE DÃA Y MAYORES ESFINGE. ADAPTACIÃN A NORMATIVA ELÃCTRICA,,2292.0,
2020,X05,Educación,,,732659.85,247917.63
2020,X05,Educación,ESCUELA INFANTIL LAS MERCEDES. OBRAS DE ACONDICIONAMIENTO,,27323.77,19736.02
2020,X05,Educación,"EQUIPAMIENTO ESCUELA INFANTIL LA COLINA, C/NUESTRA SEÃORA DE ARACELI, 2",,1339.47,1339.47
2020,X05,Educación,"EQUIPAMIENTO ESCUELA INFANTIL HIEDRA, C/AMPOSTA, 34",,1339.47,1339.47
2020,X05,Educación,ESCUELA INFANTIL EN CANILLEJAS. CONSTRUCCIÃN (ID 18: 539),,220000.0,39908.7
2020,X05,Educación,OBRAS DE CONSERVACIÃN CENTROS DOCENTES DE ENSEÃANZA DISTRITO SAN BLAS-CANILLEJAS,,245376.84,
2020,X05,Educación,COLEGIO PÃBLICO MARÃA MOLINER. ADECUACIÃN CERRAJERÃA EXTERIOR,,13169.42,13169.42
2020,X05,Educación,COLEGIO PÃBLICO RAMÃN MARÃA DEL VALLE INCLÃN. ADECUACIÃN FALSOS TECHOS,,605.55,
2020,X05,Educación,COLEGIO PÃBLICO CIUDAD PEGASO. OBRAS DE CONSERVACIÃN,,8460.51,7390.2
2020,X05,Educación,ESCUELA INFANTIL LAS LEANDRAS. ADECUACIÃN SISTEMA DE CALEFACCIÃN Y OTRAS,,28775.3,28442.67
2020,X05,Educación,CENTRO EDUCACIÃN ESPECIAL FUNDACIÃN GOYENECHE. ADAPTACIÃN A NORMATIVA ELÃCTRICA,,316.14,
2020,X05,Educación,COLEGIO PÃBLICO ALBERTO ALCOCER. ADAPTACIÃN A NORMATIVA ELÃCTRICA,,4062.45,
2020,X05,Educación,COLEGIO PÃBLICO CIUDAD PEGASO. ADAPTACIÃN A NORMATIVA ELÃCTRICA,,4773.51,
2020,X05,Educación,COLEGIO PÃBLICO JULIÃN MARÃAS. ADAPTACIÃN A NORMATIVA ELÃCTRICA,,761.72,
2020,X05,Educación,COLEGIO PÃBLICO LA ALAMEDA. ADAPTACIÃN A NORMATIVA ELÃCTRICA,,1431.52,
2020,X05,Educación,COLEGIO PÃBLICO MARIANO JOSÃ DE LARRA. ADAPTACIÃN A NORMATIVA ELÃCTRICA,,4578.94,
2020,X05,Educación,COLEGIO PÃBLICO MARÃA MOLINER. ADAPTACIÃN A NORMATIVA ELÃCTRICA,,22129.84,
2020,X05,Educación,COLEGIO PÃBLICO MARQUÃS DE SUANZES. ADAPTACIÃN A NORMATIVA ELÃCTRICA,,1136.81,
2020,X05,Educación,COLEGIO PÃBLICO RAMÃN MARÃA DEL VALLE INCLÃN. ADAPTACIÃN A NORMATIVA ELÃCTRICA,,645.67,
2020,X05,Educación,ESCUELA INFANTIL LA ALEGRÃA DE LA HUERTA. ADECUACIÃN ESTRUCTURA DEL LUCERNARIO,,13037.63,12697.47
2020,X05,Educación,COLEGIO PÃBLICO REPÃBLICA DE CHILE. ADAPTACIÃN A NORMATIVA ELÃCTRICA,,4949.98,
2020,X05,Educación,CENTRO EDUCACIÃN ESPECIAL FUNDACIÃN GOYENECHE. OBRAS DE ACONDICIONAMIENTO,,45259.4,40708.3
2020,X05,Educación,"COLEGIO PÃBLICO CIUDAD PEGASO. ADECUACIÃN SANEAMIENTO, CALDERA, ACCESO A CUBIERTA Y OTRAS",,36637.37,36637.37
2020,X05,Educación,COLEGIO PÃBLICO CIUDAD PEGASO. ACONDICIONAMIENTO DE PATIOS (ID: 835),,46548.54,46548.54
2020,X04,Salud pública,,,33694.01,33694.01
2020,X04,Salud pública,"CENTRO DE ATENCIÃN A LAS ADICCIONES (CAD) SAN BLAS, C/ ALCALÃ, 527. MAQUINARIA",,2395.8,2395.8
2020,X04,Salud pública,"EQUIPAMIENTO CENTRO ATENCIÃN A LAS ADICCIONES (CAD) SAN BLAS, C/ ALCALÃ, 527",,4762.69,4762.69
2020,X04,Salud pública,CENTRO ATENCIÃN ADICCIONES (CAD) SAN BLAS. ELEMENTOS Y SEÃALIZACIÃN PROTECCIÃN,,5610.42,5610.42
2020,X04,Salud pública,CENTRO MUNICIPAL DE SALUD SAN BLAS. ELEMENTOS Y SEÃALIZACIÃN PROTECCIÃN,,7917.6,7917.6
2020,X04,Salud pública,CENTRO ATENCIÃN A LAS ADICCIONES (CAD) SAN BLAS. INSTALACIONES TÃCNICAS,,13007.5,13007.5
2020,X02,"Tráfico, estacionamiento y transporte público",,,18000.0,
2020,X02,"Tráfico, estacionamiento y transporte público",SEÃALIZACIÃN VIARIO EN CALLES CON POCA VISIBILIDAD DISTRITO DE SAN BLAS-CANILLEJAS (ID 18: 633),,18000.0,
2020,X12,Otros bienes públicos de carácter social,,,75354.18,74482.06
2020,X12,Otros bienes públicos de carácter social,OFICINA ATENCIÃN AL CIUDADANO SAN BLAS. ELEMENTOS PROTECTORES HIGIÃNICO-SANITARIOS,,718.74,718.74
2020,X12,Otros bienes públicos de carácter social,OFICINA ATENCIÃN AL CIUDADANO LÃNEA MADRID SAN BLAS-CANILLEJAS. SEÃALIZACIÃN,,1366.09,1366.09
2020,X12,Otros bienes públicos de carácter social,CENTRO DE ASOCIACIONES DISTRITO SAN BLAS-CANILLEJAS. OBRAS DE ACONDICIONAMIENTO,,73269.35,72397.23
2021,X10,Cultura,,,1416094.0,828709.94
2021,X10,Cultura,CASA DEL RELOJ QUINTA DE LOS MOLINOS. ADECUACIÓN OBSERVATORIO PATRIMONIO CULTURAL,,1250000.0,820523.81
2021,X10,Cultura,"EDIFICIO MUNICIPAL C/ MONTAMARTA, 7. OBRAS DE ACONDICIONAMIENTO PARA CENTRO CULTURAL",,6709.93,6709.93
2021,X10,Cultura,CENTRO CULTURAL Y DE MAYORES ANTONIO MACHADO. MEJORA DE LA ACCESIBILIDAD Y ELIMINACIÓN DE BARRERAS,,1142.87,
2021,X10,Cultura,CENTRO CULTURAL Y DE MAYORES ANTONIO MACHADO.ADAPTACIÓN A NORMATIVA AIRE ACONDICIONADO PLANTA SÓTANO,,912.59,
2021,X10,Cultura,EQUIPAMIENTO CENTROS CULTURALES DISTRITO SAN BLAS-CANILLEJAS,,126510.34,
2021,X10,Cultura,BIBLIOTECA PÚBLICA CANILLEJAS. SEÑALIZACIÓN,,1476.2,1476.2
2021,X10,Cultura,CENTRO CULTURAL BUERO VALLEJO. ADAPTACIÓN A NORMATIVA ELÉCTRICA,,999.34,
2021,X10,Cultura,CENTRO CULTURAL Y DE MAYORES ANTONIO MACHADO. ADAPTACIÓN A NORMATIVA ELÉCTRICA,,27295.35,
2021,X10,Cultura,CENTRO SOCIOCULTURAL MIGUEL DE CERVANTES. ADAPTACIÓN A NORMATIVA ELÉCTRICA,,134.79,
2021,X10,Cultura,CENTRO CULTURAL Y DE MAYORES ANTONIO MACHADO.ADAPTACIÓN A NORMATIVA AIRE ACONDICIONADO AUDITORIO,,912.59,
2021,X11,"Deportes, juventud y esparcimiento",,,2947228.89,2234145.59
2021,X11,"Deportes, juventud y esparcimiento",CENTRO DEPORTIVO SAN BLAS. EQUIPAMIENTO DEPORTIVO DE ALTA COMPETICIÓN,,250000.0,
2021,X11,"Deportes, juventud y esparcimiento",CENTRO DEPORTIVO SAN BLAS. REFORMA PABELLÓN DE GIMNASIA Y EDIFICIO DE OFICINAS,,1652450.82,1652437.54
2021,X11,"Deportes, juventud y esparcimiento",OBRAS DE CONSERVACIÓN INSTALACIONES DEPORTIVAS DEL DISTRITO SAN BLAS-CANILLEJAS,,29.35,
2021,X11,"Deportes, juventud y esparcimiento",DEPORTIVO BÁSICO ESFINGE. ADECUACIÓN CERRAMIENTO PISTA,,183.82,
2021,X11,"Deportes, juventud y esparcimiento",DEPORTIVO BÁSICO EUTERPE. ACONDICIONAMIENTO FACHADA Y PROTECCIÓN PLACAS SOLARES,,275.75,
2021,X11,"Deportes, juventud y esparcimiento",DEPORTIVO BÁSICO ARCAUTE. ADECUACIÓN DE PISTA Y ENTORNO,,367.64,
2021,X11,"Deportes, juventud y esparcimiento",DEPORTIVO BÁSICO LUCANO. OBRAS DE MEJORA EN ACCESOS Y VESTUARIOS,,4388.18,4204.36
2021,X11,"Deportes, juventud y esparcimiento",DEPORTIVO BÁSICO MEDIO AMPOSTA. ACONDICIONAMIENTO DE PISTAS Y VESTUARIOS,,1526.68,
2021,X11,"Deportes, juventud y esparcimiento",OBRAS DE MEJORA Y ACONDICIONAMIENTO INSTALACIONES DEPORTIVAS DISTRITO DE SAN BLAS CANILLEJAS,,415577.64,
2021,X11,"Deportes, juventud y esparcimiento",DEPORTIVO BÁSICO CIUDAD PEGASO III. OBRAS DE MEJORA,,912.59,
2021,X11,"Deportes, juventud y esparcimiento",EQUIPAMIENTO CENTRO DEPORTIVO SAN BLAS,,20905.17,20905.17
2021,X11,"Deportes, juventud y esparcimiento",CENTRO DEPORTIVO SAN BLAS. SUBSANACIÓN DE PATOLOGÍAS EN PISCINA CUBIERTA,,299451.01,299451.01
2021,X11,"Deportes, juventud y esparcimiento",EQUIPAMIENTO DEPORTIVO BÁSICO LUCANO,,6446.39,6446.39
2021,X11,"Deportes, juventud y esparcimiento",CENTRO DEPORTIVO SAN BLAS. ADECUACIÓN ESTRUCTURA DE CUBIERTA EN PABELLÓN CIRCULAR,,230608.43,230608.42
2021,X11,"Deportes, juventud y esparcimiento",EQUIPAMIENTO CENTROS DEPORTIVOS DISTRITO SAN BLAS-CANILLEJEAS,,32562.31,
2021,X11,"Deportes, juventud y esparcimiento",CENTRO DEPORTIVO SAN BLAS. ADQUISICIÓN DE CARPAS-SOMBRILLAS,,960.74,960.74
2021,X11,"Deportes, juventud y esparcimiento",DEPORTIVO BÁSICO LAS ROSAS. OBRAS DE ACONDICIONAMIENTO,,793.2,
2021,X11,"Deportes, juventud y esparcimiento",CENTRO DEPORTIVO PEPU HERNÁNDEZ. INSTALACIÓN LÍNEA DE VIDA EN CUBIERTA PABELLÓN,,22000.0,19131.96
2021,X11,"Deportes, juventud y esparcimiento",DEPORTIVO BÁSICO CIUDAD PEGASO I. OBRAS DE MEJORA,,912.59,
2021,X11,"Deportes, juventud y esparcimiento",DEPORTIVO BÁSICO LUCANO (ANTONIO PALACIOS). OBRAS DE MEJORA,,682.32,
2021,X11,"Deportes, juventud y esparcimiento",CENTRO DEPORTIVO SAN BLAS. MEJORA REDES DE ABASTECIMIENTO,,1142.87,
2021,X11,"Deportes, juventud y esparcimiento",CENTRO SOCIO CULTURAL Y DEPORTIVO CIUDAD PEGASO. REHABILITACIÓN Y MEJORA,,1023.47,
2021,X11,"Deportes, juventud y esparcimiento",CENTRO DEPORTIVO Y SOCIOCULTURAL CIUDAD PEGASO. ADAPTACIÓN A NORMATIVA ELÉCTRICA,,4027.92,
2021,X00,Inversiones de carácter general,,,2569659.84,1268384.38
2021,X00,Inversiones de carácter general,"EDIFICIO C/ALBARRACÍN, 33. MEJORA PLAN AUTOPROTECCIÓN Y PREVENCIÓN RIESGOS LABORALES",,100000.0,4676.65
2021,X00,Inversiones de carácter general,SERVICIOS ADMINISTRATIVOS DISTRITO SAN BLAS-CANILLEJAS. MOBILIARIO Y EQUIPOS DE OFICINA,,10000.0,
2021,X00,Inversiones de carácter general,OBRAS DE MEJORA Y ACONDICIONAMIENTO EDIFICIOS DISTRITO DE SAN BLAS CANILLEJAS,,549196.21,
2021,X00,Inversiones de carácter general,EQUIPAMIENTO SERVICIOS ADMINISTRATIVOS DISTRITO SAN BLAS-CANILLEJAS,,7500.0,
2021,X00,Inversiones de carácter general,PALACIO TORRE ARIAS. SUBSANACIÓN DE PATOLOGÍAS Y CONSOLIDACIÓN FORJADOS Y MUROS,,234174.91,234174.64
2021,X00,Inversiones de carácter general,CABALLERIZAS Y CASA DE JARDINEROS FINCA TORRE ARIAS. SUBSANACIÓN DE PATOLOGÍAS,,360417.95,349815.09
2021,X00,Inversiones de carácter general,PALACIO DE LA FINCA TORRE ARIAS. SUBSANACIÓN DE PATOLOGÍAS EN CARPINTERÍAS EXTERIORES Y TORRE,,650378.19,650378.16
2021,X00,Inversiones de carácter general,EQUIPAMIENTO SERVICIOS VÍAS PÚBLICAS DISTRITO SAN BLAS-CANILLEJEAS,,3000.0,
2021,X00,Inversiones de carácter general,SERVICIOS ADMINISTRATIVOS DISTRITO SAN BLAS-CANILLEJAS. EQUIPOS PARA PROCESO DE DATOS,,500.0,
2021,X00,Inversiones de carácter general,OBRAS CONSERVACIÓN EDIFICIOS DISTRITO SAN BLAS-CANILLEJAS,,623865.65,
2021,X00,Inversiones de carácter general,EDIFICIO SEDE SAN BLAS-CANILLEJAS. MEJORA DE LA ACCESIBILIDAD Y RED DE RECOGIDA DE AGUAS PLUVIALES,,682.32,
2021,X00,Inversiones de carácter general,EDIFICIO SEDE DEL DISTRITO SAN BLAS-CANILLEJAS. ADAPTACIÓN A NORMATIVA ELÉCTRICA,,604.61,
2021,X00,Inversiones de carácter general,SEDE INFORMÁTICA AYUNTAMIENTO DE MADRID. CONSTRUCCIÓN MARQUESINA PARKING SUPERFICIE,,29340.0,29339.84
2021,X06,Urbanismo,,,2361113.97,1478151.39
2021,X06,Urbanismo,"ADQUISICIÓN SUELO UE 5, APE 20.10 COLONIA FIN DE SEMANA. ZONA VERDE Y VIARIO",,461379.62,257405.68
2021,X06,Urbanismo,"PARCELA CALLE ESFINGE, CIRCE Y NÉCTAR. ACONDICIONAMIENTO PARA APARCAMIENTO",,582570.74,582215.25
2021,X06,Urbanismo,DIVERSAS CALLES BARRIO SIMANCAS REMODELACIÓN Y RENOVACIÓN DE PAVIMENTOS,,208832.21,
2021,X06,Urbanismo,ÁREA DE PLANEAMIENTO REMITIDO EMILIO MUÑOZ 20.04,,1990.5,1990.5
2021,X06,Urbanismo,"ADQUISICIÓN SUELO C/ JULIO, 5, COLONIA FIN DE SEMANA",,147998.71,147998.71
2021,X06,Urbanismo,"DEMOLICIÓN EDIFICACIONES Y ADOPCIÓN MEDIDAS DE SEGURIDAD EN INMUEBLE C/ BUTRÓN, 17",,57623.55,4527.73
2021,X06,Urbanismo,APE 20.10 UE5 COOPERACIÓN MARZO 13-15,,108141.0,30148.0
2021,X06,Urbanismo,ÁREA DE PLANEAMIENTO ESPECÍFICO 20.10 COLONIA FINA DE SEMANA UNIDAD DE EJECUCIÓN Nº 1,,585000.0,308332.17
2021,X06,Urbanismo,VARIAS CALLES DISTRITO SAN BLAS-CANILLEJAS. OBRAS DE MEJORA ACCESIBILIDAD,,126665.88,73189.44
2021,X06,Urbanismo,C/ LUCANO. ADECUACIÓN PASO DE VEHÍCULOS,,2687.48,
2021,X06,Urbanismo,C/ ALBARRACÍN. OBRAS ADECUACIÓN ACERAS A NORMATIVA DE ACCESIBILIDAD,,78224.28,72343.91
2021,X07,Infraestructuras,,,106970.04,106970.03
2021,X07,Infraestructuras,ANILLO VERDE CICLISTA DISTRITO SAN BLAS-CANILLEJAS. OBRAS DE REMODELACIÓN,,106970.04,106970.03
2021,X08,Mantenimiento urbano,,,4042455.68,2867700.01
2021,X08,Mantenimiento urbano,CALZADAS Y ACERAS EN EL DISTRITO SAN BLAS-CANILLEJAS. REHABILITACIÓN (ID 18: 793),,509000.0,387684.72
2021,X08,Mantenimiento urbano,"PLAZA ALSACIA, CAMINO DE REJAS, CAMPEZO, DEYANIRA, SAN NARCISO Y OTRAS. REHABILITACIÓN CALZADAS",,548320.64,548320.38
2021,X08,Mantenimiento urbano,"CALLES SEPTIEMBRE, OCTUBRE, AINSA, MARSELLA, RUMANÍA,SAN MARINO Y OTRAS. RENOVACIÓN CAPA DE RODADURA",,928950.35,902303.8
2021,X08,Mantenimiento urbano,AVENIDA DE GUADALAJARA. MEJORA BASE PAVIMENTO,,116355.16,114104.33
2021,X08,Mantenimiento urbano,HIDRANTES EN EL DISTRITO DE SAN BLAS-CANILLEJAS. INSTALACIÓN,,4900.5,4900.5
2021,X08,Mantenimiento urbano,"ÁREA DE JUEGO INFANTIL SINGULAR EN C/SOFÍA, SAN BLAS-CANILLEJAS. INSTALACIÓN",,233652.23,233652.23
2021,X08,Mantenimiento urbano,ÁREAS DEPORTIVAS ELEMENTALES DISTRITO SAN BLAS-CANILLEJAS. INSTALACIÓN,,143432.27,143432.25
2021,X08,Mantenimiento urbano,JUEGOS PARA ÁREAS INFANTILES DETERIORADAS DISTRITO SAN BLAS-CANILLEJAS,,153002.53,153002.53
2021,X08,Mantenimiento urbano,VARIAS CALLES DEL DISTRITO DE SAN BLAS-CANILLEJAS. ADECUACIÓN Y MEJORA DE ACERAS (ID 19: 11408),,1154842.0,380299.27
2021,X08,Mantenimiento urbano,"MERCADILLO SAN BLAS-CANILLEJAS, C/ SAN ROMÁN DEL VALLE. OBRAS MEJORA URBANIZACIÓN",,250000.0,
2021,X09,Medio ambiente,,,1540746.92,1353187.39
2021,X09,Medio ambiente,FINCA DE TORRE ARIAS. REMODELACIÓN DEL ENTORNO,,496971.59,495698.16
2021,X09,Medio ambiente,PARQUE DEL PARAÍSO. OBRAS DE ADECUACIÓN Y MEJORA (ID 18: 409),,339995.0,236478.64
2021,X09,Medio ambiente,PARQUE QUINTA TORRE ARIAS. CONSOLIDACIÓN PUENTES Y RESTAURACIÓN MURO DE CIERRE,,329451.86,329451.86
2021,X09,Medio ambiente,PARQUE QUINTA DE LOS MOLINOS. OBRAS DE MEJORA PLANTACIONES,,30666.0,30665.2
2021,X09,Medio ambiente,PARQUE QUINTA TORRE ARIAS. ADQUISICIÓN Y REPOSICIÓN DE MAQUINARIA,,83230.87,12765.5
2021,X09,Medio ambiente,ZONA VERDE EN ÁMBITO ESTADIO WANDA METROPOLITANO. AJARDINAMIENTO (ID 20: 14887),,188464.0,188463.72
2021,X09,Medio ambiente,ZONA NORTE FRENTE AL ESTADO WANDA METROPOLITANO. ACTUACIONES DE AJARDINAMIENTO Y ARBOLADO,,48400.77,48097.5
2021,X09,Medio ambiente,REPARACIÓN Y CLAUSURA DE ALCORQUES EN EL DISTRITO DE SAN BLAS-CANILLEJAS (ID 18:1558),,11566.83,11566.81
2021,X09,Medio ambiente,"ZONA VERDE AV. ARAGÓN, DISTRITO SAN BLAS-CANILLEJAS. INSTALACIÓN NODO DE COMPOSTAJE",,12000.0,
2021,X03,Protección y promoción social,,,3842604.96,2701847.75
2021,X03,Protección y promoción social,EQUIPAMIENTO CENTRO DE SERVICIOS SOCIALES PABLO CASALS,,11691.63,11691.63
2021,X03,Protección y promoción social,"CENTRO DE SERVICIOS SOCIALES EN SAN BLAS, C/POBLADURA DEL VALLE, 13. CONSTRUCCIÓN",,3468561.0,2368278.74
2021,X03,Protección y promoción social,EQUIPAMIENTO CENTRO DE MAYORES PABLO CASALS,,9693.55,9693.55
2021,X03,Protección y promoción social,CENTRO DE DÍA Y DE MAYORES PABLO CASALS. OBRAS DE REHABILITACIÓN Y CONSERVACIÓN,,317667.1,284777.71
2021,X03,Protección y promoción social,EQUIPAMIENTO ESPACIO DE IGUALDAD LUCÍA SÁNCHEZ SAORNIL,,59.46,
2021,X03,Protección y promoción social,CENTROS DE MAYORES DEL DISTRITO SAN BLAS-CANILLEJAS. MOBILIARIO,,92.5,
2021,X03,Protección y promoción social,CENTRO DE MAYORES CANILLEJAS. MOBILIARIO,,907.5,907.5
2021,X03,Protección y promoción social,EQUIPAMIENTO CENTROS DE SERVICIOS SOCIALES DISTRITO SAN BLAS-CANILLEJAS,,308.37,
2021,X03,Protección y promoción social,CENTRO SERVICIOS SOCIALES TORRE ARIAS. ADAPTACIÓN A NORMATIVA ELÉCTRICA,,940.59,
2021,X03,Protección y promoción social,CENTRO DE MAYORES CASTILLO DE UCLÉS. ADAPTACIÓN A NORMATIVA ELÉCTRICA,,801.13,
2021,X03,Protección y promoción social,CENTRO DE DÍA Y MAYORES ESFINGE. ADAPTACIÓN A NORMATIVA ELÉCTRICA,,1604.16,
2021,X03,Protección y promoción social,CENTRO DE DÍA Y MAYORES MORA DE RUBIELOS. SUSTITUCIÓN LUCERNARIO DE CUBIERTA,,29135.1,26498.62
2021,X03,Protección y promoción social,"CENTRO DE DÍA Y MAYORES ESFINGE. MEJORAS EN ACCESIBILIDAD, SEGURIDAD Y CUBIERTA",,1142.87,
2021,X05,Educación,,,786971.21,580779.7
2021,X05,Educación,ESCUELA INFANTIL EN CANILLEJAS. CONSTRUCCIÓN (ID 18: 539),,451569.25,451563.36
2021,X05,Educación,ESCUELA INFANTIL LAS LEANDRAS. OBRAS ADECUACIÓN CLIMATIZACIÓN,,912.59,
2021,X05,Educación,EQUIPAMIENTO ESCUELA INFANTIL HIEDRA,,17574.29,271.29
2021,X05,Educación,EQUIPAMIENTO ESCUELA INFANTIL LAS LEANDRAS,,508.81,508.81
2021,X05,Educación,EQUIPAMIENTO ESCUELA INFANTIL LAS MERCEDES,,288.71,288.71
2021,X05,Educación,OBRAS DE CONSERVACIÓN CENTROS DOCENTES DE ENSEÑANZA DISTRITO SAN BLAS-CANILLEJAS,,92516.34,
2021,X05,Educación,EQUIPAMIENTO ESCUELA INFANTIL LA ALEGRÍA DE LA HUERTA,,475.65,475.65
2021,X05,Educación,EQUIPAMIENTO ESCUELA INFANTIL LA DEL MANOJO DE ROSAS,,662.6,662.6
2021,X05,Educación,ESCUELA DE MÚSICA ANTONIO MACHADO. MEDIDORES CO2 (DIÓXIDO DE CARBONO),,856.68,856.68
2021,X05,Educación,COLEGIO PÚBLICO RAMÓN MARÍA DEL VALLE INCLÁN. ADECUACIÓN FALSOS TECHOS,,460.56,
2021,X05,Educación,OBRAS DE MEJORA Y ACONDICIONAMIENTO CENTROS DOCENTES DISTRITO DE SAN BLAS CANILLEJAS,,11338.62,
2021,X05,Educación,ESCUELA INFANTIL HIEDRA. ADECUACIÓN ELEMENTOS DE EVACUACIÓN Y DISTRIBUCIÓN DE AGUAS,,123001.04,83234.89
2021,X05,Educación,ESCUELA INFANTIL LAS MERCEDES. ADECUACIÓN DE CALDERA,,11437.2,10753.48
2021,X05,Educación,ESCUELA INFANTIL LAS MERCEDES. OBRAS DE ACONDICIONAMIENTO,,267.25,267.24
2021,X05,Educación,CENTRO EDUCACIÓN ESPECIAL FUNDACIÓN GOYENECHE. ADAPTACIÓN A NORMATIVA ELÉCTRICA,,311.07,
2021,X05,Educación,COLEGIO PÚBLICO ALBERTO ALCOCER. ADAPTACIÓN A NORMATIVA ELÉCTRICA,,3673.25,
2021,X05,Educación,COLEGIO PÚBLICO CIUDAD PEGASO. ADAPTACIÓN A NORMATIVA ELÉCTRICA,,4643.79,
2021,X05,Educación,COLEGIO PÚBLICO JULIÁN MARÍAS. ADAPTACIÓN A NORMATIVA ELÉCTRICA,,652.9,
2021,X05,Educación,COLEGIO PÚBLICO LA ALAMEDA. ADAPTACIÓN A NORMATIVA ELÉCTRICA,,1347.49,
2021,X05,Educación,COLEGIO PÚBLICO MARIANO JOSÉ DE LARRA. ADAPTACIÓN A NORMATIVA ELÉCTRICA,,4162.92,
2021,X05,Educación,COLEGIO PÚBLICO MARÍA MOLINER. ADAPTACIÓN A NORMATIVA ELÉCTRICA,,21371.62,
2021,X05,Educación,COLEGIO PÚBLICO MARQUÉS DE SUANZES. ADAPTACIÓN A NORMATIVA ELÉCTRICA,,1118.56,
2021,X05,Educación,COLEGIO PÚBLICO RAMÓN MARÍA DEL VALLE INCLÁN. ADAPTACIÓN A NORMATIVA ELÉCTRICA,,635.3,
2021,X05,Educación,COLEGIO PÚBLICO REPÚBLICA DE CHILE. ADAPTACIÓN A NORMATIVA ELÉCTRICA,,4375.14,
2021,X05,Educación,COLEGIO PÚBLICO MARQUÉS DE SUANCES. OBRAS DE ACONDICIONAMIENTO ASEOS,,32809.58,31896.99
2021,X13,Otros bienes públicos de carácter económico,,,2081999.47,1005741.43
2021,X13,Otros bienes públicos de carácter económico,"EDIFICIO A1 C/ARCOS JALÓN, 34. REHABILITACIÓN PARA CENTRO TECNOLOGÍAS INNOVACIÓN Y COMUNICACIÓN",,1500000.0,1005741.43
2021,X13,Otros bienes públicos de carácter económico,ESPACIO SAN BLAS CAMPUS DIGITAL. ADQUISICIÓN DE MOBILIARIO Y ENSERES,,550000.0,
2021,X13,Otros bienes públicos de carácter económico,ESPACIO SAN BLAS CAMPUS DIGITAL. OBRAS DE ACONDICIONAMIENTO,,31999.47,
2021,X04,Salud pública,,,41078.03,41078.03
2021,X04,Salud pública,"CENTRO ATENCIÓN A LAS ADICCIONES (CAD) SAN BLAS, C/ALCALÁ, 527. MAQUINARIA",,3960.0,3960.0
2021,X04,Salud pública,OTRO EQUIPAMIENTO CENTRO MUNICIPAL DE SALUD COMUNITARIA DE SAN BLAS,,5656.75,5656.75
2021,X04,Salud pública,CENTRO DE ATENCIÓN A LAS ADICCIONES (CAD) SAN BLAS. SEÑALIZACIÓN,,145.2,145.2
2021,X04,Salud pública,CENTRO MUNICIPAL DE SALUD COMUNITARIA DE SAN BLAS. SEÑALIZACIÓN,,671.55,671.55
2021,X04,Salud pública,CENTRO DE ATENCIÓN A LAS ADICCIONES (CAD) SAN BLAS. OBRAS DE REFORMA,,7856.4,7856.4
2021,X04,Salud pública,"CENTRO MUNICIPAL DE SALUD COMUNITARIA DE SAN BLAS, C/POBLADURA DEL VALLE, 13. INSTALACIONES TÉCNICAS",,13709.35,13709.35
2021,X04,Salud pública,"CENTRO DE ATENCIÓN A LAS ADICCIONES (CAD) DE SAN BLAS, C/ ALCALÁ, 527. INSTALACIONES TÉCNICAS",,9078.78,9078.78
2021,X02,"Tráfico, estacionamiento y transporte público",,,18150.0,
2021,X02,"Tráfico, estacionamiento y transporte público",SEÑALIZACIÓN VIARIO EN CALLES CON POCA VISIBILIDAD DISTRITO DE SAN BLAS-CANILLEJAS (ID 18: 633),,18150.0,
2021,X01,Protección Civil y seguridad ciudadana,,,26951.11,16404.89
2021,X01,Protección Civil y seguridad ciudadana,BASE 19 SAMUR-PROTECCIÓN CIVIL. ADECUACIÓN PUERTAS Y MOTORES E INSTALACIÓN SISTEMA SEGURIDAD,,9827.62,
2021,X01,Protección Civil y seguridad ciudadana,"PARQUE DE BOMBEROS Nº 7, AVDA. HELLÍN, 52. INSTALACIONES",,15000.0,14423.67
2021,X01,Protección Civil y seguridad ciudadana,"EQUIPAMIENTO PARQUE DE BOMBEROS 7, AVDA. HELLÍN, 50-52",,2123.49,1981.22
2021,X12,Otros bienes públicos de carácter social,,,582.01,418.66
2021,X12,Otros bienes públicos de carácter social,OFICINA ATENCIÓN CIUDADANO LÍNEA MADRID SAN BLAS. ELEMENTOS PROTECCIÓN HIGIÉNICO-SANITARIOS,,418.66,418.66
2021,X12,Otros bienes públicos de carácter social,EQUIPAMIENTO OFICINA ATENCIÓN AL CIUDADANO LÍNEA MADRID DE SAN BLAS-CANILLEJAS,,163.35,
2022,X10,Cultura,,,2451933.99,1988824.26
2022,X10,Cultura,CASA DEL RELOJ QUINTA DE LOS MOLINOS. ADECUACIÓN OBSERVATORIO PATRIMONIO CULTURAL,,1379066.84,1379066.76
2022,X10,Cultura,"EDIFICIO MUNICIPAL C/ MONTAMARTA, 7. OBRAS DE ACONDICIONAMIENTO PARA CENTRO CULTURAL",,339394.0,301888.05
2022,X10,Cultura,CENTRO CULTURAL Y DE MAYORES ANTONIO MACHADO. MEJORA DE LA ACCESIBILIDAD Y ELIMINACIÓN DE BARRERAS,,229484.15,68238.95
2022,X10,Cultura,CENTRO CULTURAL Y DE MAYORES ANTONIO MACHADO.ADAPTACIÓN A NORMATIVA AIRE ACONDICIONADO PLANTA SÓTANO,,37242.37,2825.11
2022,X10,Cultura,CENTRO CULTURAL Y DE MAYORES ANTONIO MACHADO. OBRAS DE REFORMA Y ADECUACIÓN DEL ESCENARIO,,50000.0,
2022,X10,Cultura,EQUIPAMIENTO CENTRO CULTURAL ANTONIO MACHADO,,51003.21,9793.74
2022,X10,Cultura,EQUIPAMIENTO CENTRO CULTURAL BUERO VALLEJO,,33893.42,11854.37
2022,X10,Cultura,EQUIPAMIENTO CENTRO CULTURAL CIUDAD PEGASO,,20993.29,9890.54
2022,X10,Cultura,EQUIPAMIENTO BIBLIOTECA PÚBLICA SAN BLAS,,14200.0,
2022,X10,Cultura,EQUIPAMIENTO CENTROS CULTURALES DISTRITO SAN BLAS-CANILLEJAS,,18241.19,
2022,X10,Cultura,EQUIPAMIENTO CENTRO SOCIOCULTURAL MIGUEL DE CERVANTES,,28253.18,7430.85
2022,X10,Cultura,CENTRO CULTURAL BUERO VALLEJO. ADAPTACIÓN A NORMATIVA ELÉCTRICA,,1015.34,1015.34
2022,X10,Cultura,CENTRO CULTURAL Y DE MAYORES ANTONIO MACHADO. ADAPTACIÓN A NORMATIVA ELÉCTRICA,,32121.09,32121.09
2022,X10,Cultura,CENTRO SOCIOCULTURAL MIGUEL DE CERVANTES. ADAPTACIÓN A NORMATIVA ELÉCTRICA,,136.95,136.95
2022,X10,Cultura,BIBLIOTECA PÚBLICA CANILLEJAS. MOBILIARIO Y ENSERES,,1274.86,
2022,X10,Cultura,CENTRO CULTURAL JOSÉ LUIS LÓPEZ VÁZQUEZ. OBRAS DE SUBSANACIÓN DE PATOLOGÍAS,,97999.99,97999.99
2022,X10,Cultura,EQUIPAMIENTO CENTRO CULTURAL JOSÉ LUIS LÓPEZ VÁZQUEZ,,26737.71,8407.07
2022,X10,Cultura,AUDITORIO PARQUE PARAISO. ADAPTACIÓN A NORMATIVA ELÉCTRICA,,284.4,284.4
2022,X10,Cultura,"CENTRO CULTURAL AUDITORIO PARQUE PARAISO. OBRAS REPARACIÓN INSTALACIÓN ELÉCTRICA, HUMEDADES Y OTRAS",,74092.0,57871.05
2022,X10,Cultura,BIBLIOTECA POPULAR EN EL CENTRO CULTURAL JOSÉ LUIS LÓPEZ VÁZQUEZ. OBRAS DE ADAPTACIÓN (ID 19: 11268),,16500.0,
2022,X11,"Deportes, juventud y esparcimiento",,,4256562.15,3873339.22
2022,X11,"Deportes, juventud y esparcimiento",CENTRO DEPORTIVO SAN BLAS. EQUIPAMIENTO DEPORTIVO DE ALTA COMPETICIÓN,,250000.0,
2022,X11,"Deportes, juventud y esparcimiento",CENTRO DEPORTIVO SAN BLAS. REFORMA PABELLÓN DE GIMNASIA Y EDIFICIO DE OFICINAS,,2523615.64,2523613.92
2022,X11,"Deportes, juventud y esparcimiento",CENTRO DEPORTIVO SAN BLAS. ACONDICIONAMIENTO ACCESOS Y ELIMINACIÓN DE BARRERAS ARQUITECTÓNICAS,,500000.0,500000.0
2022,X11,"Deportes, juventud y esparcimiento","PABELLÓN DEPORTIVO EN CALLE MÓNACO, 10, DISTRITO SAN BLAS-CANILLEJAS. CONSTRUCCIÓN",,45815.33,32070.74
2022,X11,"Deportes, juventud y esparcimiento",OBRAS DE CONSERVACIÓN INSTALACIONES DEPORTIVAS DEL DISTRITO SAN BLAS-CANILLEJAS,,867.24,
2022,X11,"Deportes, juventud y esparcimiento",DEPORTIVO BÁSICO MEDIO AMPOSTA. ACONDICIONAMIENTO DE PISTAS Y VESTUARIOS,,210854.0,191507.8
2022,X11,"Deportes, juventud y esparcimiento",OBRAS DE MEJORA Y ACONDICIONAMIENTO INSTALACIONES DEPORTIVAS DISTRITO DE SAN BLAS CANILLEJAS,,34533.08,
2022,X11,"Deportes, juventud y esparcimiento",DEPORTIVO BÁSICO CIUDAD PEGASO III. OBRAS DE MEJORA,,19600.14,19575.85
2022,X11,"Deportes, juventud y esparcimiento",CENTRO DEPORTIVO SAN BLAS. MEJORA REDES DE ABASTECIMIENTO DEL CONJUNTO,,59333.0,42708.73
2022,X11,"Deportes, juventud y esparcimiento",EQUIPAMIENTO CENTRO DEPORTIVO SAN BLAS,,22821.87,22821.87
2022,X11,"Deportes, juventud y esparcimiento",CENTRO DEPORTIVO PEPU HERNÁNDEZ. INSTALACIÓN LÍNEA DE VIDA EN CUBIERTA PABELLÓN,,394.18,102.82
2022,X11,"Deportes, juventud y esparcimiento",DEPORTIVO BÁSICO CIUDAD PEGASO I. OBRAS DE MEJORA,,31467.07,29036.05
2022,X11,"Deportes, juventud y esparcimiento",CENTRO DEPORTIVO SAN BLAS. MEJORA REDES DE ABASTECIMIENTO,,954.79,637.82
2022,X11,"Deportes, juventud y esparcimiento",CENTRO SOCIO CULTURAL Y DEPORTIVO CIUDAD PEGASO. REHABILITACIÓN Y MEJORA,,103636.7,93288.06
2022,X11,"Deportes, juventud y esparcimiento",CENTRO DEPORTIVO Y SOCIOCULTURAL CIUDAD PEGASO. ADAPTACIÓN A NORMATIVA ELÉCTRICA,,4092.39,4092.39
2022,X11,"Deportes, juventud y esparcimiento",CENTRO DEPORTIVO PEPU HERNÁNDEZ. SUBSANACIÓN DE PATOLOGIAS FACHADA,,32390.0,27771.4
2022,X11,"Deportes, juventud y esparcimiento",EQUIPAMIENTO CENTROS DEPORTIVOS DISTRITO SAN BLAS-CANILLEJAS,,3978.13,
2022,X11,"Deportes, juventud y esparcimiento",DEPORTIVO BÁSICO QUINTA DE LOS MOLINOS I. OBRAS DE REFORMA,,13893.19,
2022,X11,"Deportes, juventud y esparcimiento",ESPACIO DEPORTIVO URBAN ZONE. ADECUACIÓN INSTALACIONES ALUMBRADO EXTERIOR,,17697.34,14127.92
2022,X11,"Deportes, juventud y esparcimiento",DEPORTIVO BÁSICO POLÍGONO LAS ROSAS. OBRAS DE ACONDICIONAMIENTO,,255444.92,254666.31
2022,X11,"Deportes, juventud y esparcimiento",CENTRO DEPORTIVO PEPU HERNÁNDEZ. ADECUACIÓN CÉSPED ARTIFICIAL,,173.14,173.14
2022,X11,"Deportes, juventud y esparcimiento","DEPORTIVO BÁSICO ESFINGE. MEJORA ACCESIBILIDAD,PAVIMENTO DE PISTAS Y OTRAS ACTUACIONES (ID 17: 6725)",,125000.0,117144.4
2022,X14,Sectores productivos,,,310979.89,152228.19
2022,X14,Sectores productivos,EQUIPAMIENTO VIVERO DE EMPRESAS DE SAN BLAS,,55693.12,49372.44
2022,X14,Sectores productivos,"MERCADILLO SAN BLAS-CANILLEJAS, C/ SAN ROMÁN DEL VALLE. OBRAS MEJORA URBANIZACIÓN",,247344.38,94913.36
2022,X14,Sectores productivos,VIVERO DE EMPRESAS DE SAN BLAS. OBRAS DE REFORMA,,7942.39,7942.39
2022,X00,Inversiones de carácter general,,,441679.26,63523.28
2022,X00,Inversiones de carácter general,"EDIFICIO C/ALBARRACÍN, 33. MEJORA PLAN AUTOPROTECCIÓN Y PREVENCIÓN RIESGOS LABORALES",,51692.0,
2022,X00,Inversiones de carácter general,OBRAS DE MEJORA Y ACONDICIONAMIENTO EDIFICIOS DISTRITO DE SAN BLAS CANILLEJAS,,25491.82,
2022,X00,Inversiones de carácter general,SEDE INFORMÁTICA AYUNTAMIENTO DE MADRID. ADECUACIÓN DE NUEVA SALA DE CIBERSEGURIDAD,,237160.0,
2022,X00,Inversiones de carácter general,EQUIPAMIENTO SERVICIOS ADMINISTRATIVOS DISTRITO SAN BLAS-CANILLEJAS,,8000.0,
2022,X00,Inversiones de carácter general,OBRAS CONSERVACIÓN EDIFICIOS DISTRITO SAN BLAS-CANILLEJAS,,45730.83,
2022,X00,Inversiones de carácter general,EDIFICIO SEDE DEL DISTRITO SAN BLAS-CANILLEJAS. ADAPTACIÓN A NORMATIVA ELÉCTRICA,,604.61,604.61
2022,X00,Inversiones de carácter general,SERVICIOS ADMINISTRATIVOS DISTRITO SAN BLAS-CANILLEJAS. MOBILIARIO Y EQUIPOS DE OFCINA,,10000.0,
2022,X00,Inversiones de carácter general,EDIFICIO SEDE INFORMATICA AYUNTAMIENTO DE MADRID. OBRAS DE RECUPERACION DE ESPACIOS,,63000.0,62918.67
2022,X06,Urbanismo,,,3416128.37,3095686.2
2022,X06,Urbanismo,"ADQUISICIÓN SUELO UE 5, APE 20.10 COLONIA FIN DE SEMANA. ZONA VERDE Y VIARIO",,51782.26,
2022,X06,Urbanismo,"PARCELA CALLE ESFINGE, CIRCE Y NÉCTAR. ACONDICIONAMIENTO PARA APARCAMIENTO",,229068.43,225757.18
2022,X06,Urbanismo,ÁREA DE PLANEAMIENTO ESPECÍFICO APE 20.10 UE5 COOPERACIÓN CALLE DE MARZO 13-15,,158068.17,2113.33
2022,X06,Urbanismo,DIVERSAS CALLES BARRIO SIMANCAS REMODELACIÓN Y RENOVACIÓN DE PAVIMENTOS,,208601.75,99207.93
2022,X06,Urbanismo,"ADQUISICIÓN DE SUELO CAMINO VIEJO DE COSLADA A BARAJAS, 12",,1904727.73,1904727.73
2022,X06,Urbanismo,"DEMOLICIÓN EDIFICACIONES Y ADOPCIÓN MEDIDAS DE SEGURIDAD EN INMUEBLE C/ BUTRÓN, 17",,34465.07,34465.07
2022,X06,Urbanismo,ÁREA DE PLANEAMIENTO ESPECÍFICO 20.10 COLONIA FINA DE SEMANA UNIDAD DE EJECUCIÓN Nº 1,,235457.21,235457.21
2022,X06,Urbanismo,VARIAS CALLES DISTRITO SAN BLAS-CANILLEJAS. OBRAS DE MEJORA ACCESIBILIDAD,,341.68,341.68
2022,X06,Urbanismo,"ADQUISICIÓN DE SUELO EN C/ BUTRÓN, 17",,37955.04,37955.04
2022,X06,Urbanismo,"ADQUISICIÓN DE SUELO EN LA CALLE DEL BUTRÓN, 19",,555661.03,555661.03
2022,X07,Infraestructuras,,,42302.72,
2022,X07,Infraestructuras,ANTIGUA PASARELA MANTEROLA. RECONSTRUCCIÓN E INSTALACIÓN SOBRE RÍO MANZANARES EN AV. ARCENTALES,,42302.72,
2022,X08,Mantenimiento urbano,,,5587932.89,4884320.47
2022,X08,Mantenimiento urbano,ZONAS DE EJERCICIO PARA MAYORES EN SOMBRA SAN BLAS-CANILLEJAS. INSTALACIÓN (ID 20: 14901),,175000.0,
2022,X08,Mantenimiento urbano,CALZADAS Y ACERAS EN EL DISTRITO SAN BLAS-CANILLEJAS. REHABILITACIÓN (ID 18: 793),,130900.0,
2022,X08,Mantenimiento urbano,POLÍGONO INDUSTRIAL SAN BLAS-CANILLEJAS. OBRAS DE PAVIMENTACIÓN Y MEJORA,,621175.45,522225.78
2022,X08,Mantenimiento urbano,"PLAZA ALSACIA, CAMINO DE REJAS, CAMPEZO, DEYANIRA, SAN NARCISO Y OTRAS. REHABILITACIÓN CALZADAS",,49963.28,49963.28
2022,X08,Mantenimiento urbano,CALLE SAN ROMUALDO Y OTRAS DISTRITO SAN BLAS-CANILLEJAS. RENOVACIÓN PAVIMENTOS EN CALZADAS,,1009795.57,927026.26
2022,X08,Mantenimiento urbano,"CALLES MIAMI, ALEGRÍA DE ORIA, IQUITOS, SUECIA, CAPRI Y OTRAS. RENOVACIÓN DE PAVIMENTOS EN CALZADAS",,1116897.51,1116897.47
2022,X08,Mantenimiento urbano,"CALLES ALBASANZ, LAGUARDIA Y OTRAS DISTRITO DE SAN BLAS-CANILLEJAS. RENOVACIÓN PAVIMENTOS CALZADAS",,1446376.98,1446033.11
2022,X08,Mantenimiento urbano,PLAN CAMINO ESCOLAR SEGURO C/ MIGUEL FLETA. ADECUACIÓN VÍAS PÚBLICAS,,90506.8,90498.81
2022,X08,Mantenimiento urbano,AVENIDA 25 DE SEPTIEMBRE CON CALLE ALCALÁ. REHABILITACIÓN ACERAS (ID 20: 14055),,150000.0,
2022,X08,Mantenimiento urbano,ACCESOS CARRIL BICI ZONA NORTE LAS ROSAS. ASFALTADO (ID 20: 14815),,80000.0,22651.56
2022,X08,Mantenimiento urbano,JUEGOS PARA ÁREAS INFANTILES DETERIORADAS DISTRITO SAN BLAS-CANILLEJAS,,55569.5,55569.5
2022,X08,Mantenimiento urbano,VARIAS CALLES DEL DISTRITO DE SAN BLAS-CANILLEJAS. ADECUACIÓN Y MEJORA DE ACERAS (ID 19: 11408),,590405.45,582112.36
2022,X08,Mantenimiento urbano,CIRCUITOS DEPORTIVOS BIOSALUDABLES DISTRITO SAN BLAS-CANILLEJAS. INSTALACIÓN (ID 20: 12181),,71342.35,71342.34
2022,X09,Medio ambiente,,,1280818.65,1143879.27
2022,X09,Medio ambiente,CREACION DE UNA ZONA SEMIFORESTAL ENTRE LA CALLE ESTOCOLMO Y LA M-40,,248001.49,153772.93
2022,X09,Medio ambiente,MEJORA RED DE AGUA REGENERADA PARA LAS ZONAS VERDES DEL ESTADIO CÍVITAS METROPOLITANO,,18408.52,18408.52
2022,X09,Medio ambiente,FINCA DE TORRE ARIAS. REMODELACIÓN DEL ENTORNO,,143742.0,143016.87
2022,X09,Medio ambiente,PARQUE DEL PARAÍSO. OBRAS DE ADECUACIÓN Y MEJORA (ID 18: 409),,366639.83,366639.27
2022,X09,Medio ambiente,PARQUE QUINTA TORRE ARIAS. ADQUISICIÓN Y REPOSICIÓN DE MAQUINARIA,,78447.5,71685.29
2022,X09,Medio ambiente,"ZONA VERDE AV. ARAGÓN, DISTRITO SAN BLAS-CANILLEJAS. INSTALACIÓN NODO DE COMPOSTAJE",,8962.57,8962.57
2022,X09,Medio ambiente,PARQUES Y ZONAS VERDES DEL DISTRITO DE SAN BLAS-CANILLEJAS. ADAPTACIÓN DE RECORRIDOS TERAPÉUTICOS,,2586.31,2586.31
2022,X09,Medio ambiente,"ZONA ESTANCIAL EN AVENIDA DE ARCENTALES, 28. ADECUACIÓN",,370503.45,335288.63
2022,X09,Medio ambiente,ZONAS VERDES DISTRITO SAN BLAS-CANILLEJAS. INSTALACIÓN Y ACONDICIONAMIENTO DE PARQUES CANINOS,,43526.98,43518.88
2022,X03,Protección y promoción social,,,2845342.62,2717433.82
2022,X03,Protección y promoción social,"LOCALES EN LA PLAZA DE EURÍPIDES, 1. ADQUISICIÓN",,211106.81,205825.0
2022,X03,Protección y promoción social,"EQUIPAMIENTO CENTRO DE SERVICIOS SOCIALES EN C/ POBLADURA DEL VALLE, 13",,62684.59,
2022,X03,Protección y promoción social,EQUIPAMIENTO EDIFICIO TIC DISTRITO SAN BLAS-CANILLEJAS,,240569.0,197561.73
2022,X03,Protección y promoción social,"CENTRO DE SERVICIOS SOCIALES EN SAN BLAS, C/POBLADURA DEL VALLE, 13. CONSTRUCCIÓN",,2190287.22,2187354.71
2022,X03,Protección y promoción social,CENTRO DE DÍA Y DE MAYORES PABLO CASALS. OBRAS DE REHABILITACIÓN Y CONSERVACIÓN,,573.42,572.09
2022,X03,Protección y promoción social,EQUIPAMIENTO ESPACIO DE IGUALDAD LUCÍA SÁNCHEZ SAORNIL,,122.04,122.04
2022,X03,Protección y promoción social,CENTRO SERVICIOS SOCIALES TORRE ARIAS. ADAPTACIÓN A NORMATIVA ELÉCTRICA,,956.08,956.08
2022,X03,Protección y promoción social,CENTRO DE MAYORES CASTILLO DE UCLÉS. ADAPTACIÓN A NORMATIVA ELÉCTRICA,,813.95,813.95
2022,X03,Protección y promoción social,CENTRO DE DÍA Y MAYORES ESFINGE. ADAPTACIÓN A NORMATIVA ELÉCTRICA,,2282.53,2282.53
2022,X03,Protección y promoción social,CENTRO DE DÍA Y MAYORES MORA DE RUBIELOS. SUSTITUCIÓN LUCERNARIO DE CUBIERTA,,641.48,247.99
2022,X03,Protección y promoción social,"CENTRO DE DÍA Y MAYORES ESFINGE. MEJORAS EN ACCESIBILIDAD, SEGURIDAD Y CUBIERTA",,99804.08,93368.34
2022,X03,Protección y promoción social,CENTROS DE MAYORES DISTRITO DE SAN BLAS-CANILLEJAS. EQUIPOS AUDIOVISUALES Y DE PROYECCIÓN,,7172.06,
2022,X03,Protección y promoción social,CENTRO DE MAYORES CIUDAD PEGASO. EQUIPOS AUDIOVISUALES Y OTRO MOBILIARIO Y ENSERES,,11027.94,11027.94
2022,X03,Protección y promoción social,"ESCUELA DE COMPETENCIAS DIGITALES, SAN BLAS-CANILLEJAS. EQUIPOS AUDIOVISUALES",,14835.81,14835.81
2022,X03,Protección y promoción social,CENTRO DE MAYORES PABLO CASALS. ADAPTACIÓN A NORMATIVA ELÉCTRICA,,2465.61,2465.61
2022,X05,Educación,,,4214597.92,3789750.65
2022,X05,Educación,"EQUIPAMIENTO ESCUELA INFANTIL C/ JOSEFA VALCÁRCEL, 21, DISTRITO SAN BLAS-CANILLEJAS",,266676.26,48218.91
2022,X05,Educación,EQUIPAMIENTO ESCUELA DE MÚSICA ANTONIO MACHADO,,35.58,
2022,X05,Educación,ESCUELA INFANTIL EN CANILLEJAS. CONSTRUCCIÓN (ID 18: 539),,3084430.38,3084141.65
2022,X05,Educación,COLEGIO PÚBLICO REPÚBLICA DE CHILE. OBRAS DE ACONDICIONAMIENTO,,181076.98,152974.9
2022,X05,Educación,"COLEGIO PÚBLICO RAMÓN MARÍA DEL VALLE INCLÁN. ADECUACIÓN PISTAS DEPORTIVAS, RED RIEGO Y FUENTE AGUA",,128039.23,120735.81
2022,X05,Educación,COLEGIO PÚBLICO CIUDAD PEGASO. SUBSANACIÓN DEFICIENCIAS INSPECCIÓN TÉCNICA EDIFICIOS,,91867.81,88221.62
2022,X05,Educación,"CENTRO EDUCACIÓN ESPECIAL FUNDACIÓN GOYENECHE. CONSERVACIÓN, INSTALACIÓN LÍNEA VIDA CUBIERTA Y OTRAS",,53435.22,25790.07
2022,X05,Educación,ESCUELA INFANTIL HIEDRA. OBRAS DE ACONDICIONAMIENTO DE PATIO,,42357.25,30697.69
2022,X05,Educación,ESCUELA INFANTIL LAS MERCEDES. ADECUACIÓN DE PATIOS Y MEJORA CERRAMIENTO PERIMETRAL,,58323.52,50590.68
2022,X05,Educación,EQUIPAMIENTO ESCUELA INFANTIL HIEDRA,,20043.23,16896.38
2022,X05,Educación,EQUIPAMIENTO ESCUELA INFANTIL LAS LEANDRAS,,11755.15,6457.99
2022,X05,Educación,EQUIPAMIENTO ESCUELA INFANTIL LAS MERCEDES,,7940.02,4364.6
2022,X05,Educación,COLEGIO PÚBLICO CIUDAD PEGASO. OBRAS DE CONSERVACIÓN,,178.16,178.16
2022,X05,Educación,OBRAS DE CONSERVACIÓN CENTROS DOCENTES DE ENSEÑANZA DISTRITO SAN BLAS-CANILLEJAS,,92783.14,
2022,X05,Educación,EQUIPAMIENTO ESCUELA INFANTIL LA ALEGRÍA DE LA HUERTA,,11755.15,6457.99
2022,X05,Educación,EQUIPAMIENTO ESCUELA INFANTIL LA DEL MANOJO DE ROSAS,,11755.15,6457.99
2022,X05,Educación,COLEGIO PÚBLICO RAMÓN MARÍA DEL VALLE INCLÁN. ADECUACIÓN FALSOS TECHOS,,211.16,211.16
2022,X05,Educación,ESCUELA INFANTIL HIEDRA. ADECUACIÓN ELEMENTOS DE EVACUACIÓN Y DISTRIBUCIÓN DE AGUAS,,312.16,286.39
2022,X05,Educación,ESCUELA INFANTIL LAS MERCEDES. ADECUACIÓN DE CALDERA,,211.1,211.1
2022,X05,Educación,CENTRO EDUCACIÓN ESPECIAL FUNDACIÓN GOYENECHE. ADAPTACIÓN A NORMATIVA ELÉCTRICA,,311.07,311.07
2022,X05,Educación,COLEGIO PÚBLICO ALBERTO ALCOCER. ADAPTACIÓN A NORMATIVA ELÉCTRICA,,3673.25,3673.25
2022,X05,Educación,COLEGIO PÚBLICO CIUDAD PEGASO. ADAPTACIÓN A NORMATIVA ELÉCTRICA,,4643.79,4643.79
2022,X05,Educación,COLEGIO PÚBLICO JULIÁN MARÍAS. ADAPTACIÓN A NORMATIVA ELÉCTRICA,,652.9,652.9
2022,X05,Educación,COLEGIO PÚBLICO LA ALAMEDA. ADAPTACIÓN A NORMATIVA ELÉCTRICA,,1347.49,1347.49
2022,X05,Educación,COLEGIO PÚBLICO MARIANO JOSÉ DE LARRA. ADAPTACIÓN A NORMATIVA ELÉCTRICA,,4162.92,4162.92
2022,X05,Educación,COLEGIO PÚBLICO MARÍA MOLINER. ADAPTACIÓN A NORMATIVA ELÉCTRICA,,21371.62,21371.62
2022,X05,Educación,COLEGIO PÚBLICO MARQUÉS DE SUANZES. ADAPTACIÓN A NORMATIVA ELÉCTRICA,,1118.56,1118.56
2022,X05,Educación,COLEGIO PÚBLICO RAMÓN MARÍA DEL VALLE INCLÁN. ADAPTACIÓN A NORMATIVA ELÉCTRICA,,635.3,635.3
2022,X05,Educación,COLEGIO PÚBLICO REPÚBLICA DE CHILE. ADAPTACIÓN A NORMATIVA ELÉCTRICA,,4375.14,4375.14
2022,X05,Educación,COLEGIO PÚBLICO MARQUÉS DE SUANCES. OBRAS DE ACONDICIONAMIENTO ASEOS,,358.66,358.66
2022,X05,Educación,ESCUELA INFANTIL LAS LEANDRAS. OBRAS ADECUACIÓN INSTALACIÓN DE CLIMATIZACIÓN,,108760.57,104206.86
2022,X13,Otros bienes públicos de carácter económico,,,3575855.01,3097828.97
2022,X13,Otros bienes públicos de carácter económico,"EDIFICIO A1 C/ARCOS JALÓN, 34. REHABILITACIÓN PARA CENTRO TECNOLOGÍAS INNOVACIÓN Y COMUNICACIÓN",,1949210.84,1947512.09
2022,X13,Otros bienes públicos de carácter económico,ESPACIO SAN BLAS CAMPUS DIGITAL. ADQUISICIÓN DE MOBILIARIO Y ENSERES,,456647.16,
2022,X13,Otros bienes públicos de carácter económico,ESPACIO SAN BLAS CAMPUS DIGITAL. OBRAS DE ACONDICIONAMIENTO,,1151997.01,1150316.88
2022,X13,Otros bienes públicos de carácter económico,CENTRO TECNOLOGÍA CAMPUS DIGITAL SAN BLAS. OBRAS INSTALACIÓN CIRCUITO CERRADO TELEVISIÓN Y ALARMA,,18000.0,
2022,X04,Salud pública,,,8781.65,8754.34
2022,X04,Salud pública,CMSc CENTRO MUNICIPAL DE SALUD COMUNITARIA DE SAN BLAS. SEÑALIZACIÓN,,1423.77,1410.11
2022,X04,Salud pública,EQUIPAMIENTO CMSc CENTRO MUNICIPAL DE SALUD COMUNITARIA DE SAN BLAS,,5934.12,5934.12
2022,X04,Salud pública,CENTRO DE ATENCIÓ A LAS ADICCIONES (CAD) SAN BLAS. SEÑALIZACIÓN,,1423.76,1410.11
2022,X02,"Tráfico, estacionamiento y transporte público",,,18150.0,
2022,X02,"Tráfico, estacionamiento y transporte público",SEÑALIZACIÓN VIARIO EN CALLES CON POCA VISIBILIDAD DISTRITO DE SAN BLAS-CANILLEJAS (ID 18: 633),,18150.0,
2022,X01,Protección Civil y seguridad ciudadana,,,7999.68,7999.68
2022,X01,Protección Civil y seguridad ciudadana,BASE 19 SAMUR-PROTECCIÓN CIVIL. ADECUACIÓN PUERTAS Y MOTORES E INSTALACIÓN SISTEMA SEGURIDAD,,7999.68,7999.68
2022,X12,Otros bienes públicos de carácter social,,,5032.35,3611.81
2022,X12,Otros bienes públicos de carácter social,EQUIPAMIENTO OFICINA ATENCIÓN AL CIUDADANO LÍNEA MADRID DE SAN BLAS-CANILLEJAS,,5032.35,3611.81
2023,X10,Cultura,,,2316405.44,848284.49
2023,X10,Cultura,BIBLIOTECA PÚBLICA SAN BLAS. OTRO MOBILIARIO Y ENSERES,,12549.11,10793.2
2023,X10,Cultura,BIBLIOTECA PÚBLICA CANILLEJAS. OTRO MOBILIARIO Y ENSERES,,930.49,930.49
2023,X10,Cultura,INTERVENCIONES COMPARTIENDO MUROS ARTE PÚBLICO MADRID. MURAL ARTÍSTICO DISTRITO SAN BLAS-CANILLEJAS,,21780.0,21780.0
2023,X10,Cultura,CASA DEL RELOJ QUINTA DE LOS MOLINOS. ADECUACIÓN OBSERVATORIO PATRIMONIO CULTURAL,,423958.28,423958.25
2023,X10,Cultura,"EDIFICIO MUNICIPAL C/ MONTAMARTA, 7. OBRAS DE ACONDICIONAMIENTO PARA CENTRO CULTURAL",,1188032.57,63136.51
2023,X10,Cultura,EQUIPAMIENTO ESPACIO DE DESARROLLO E INNOVACIÓN  PATRIMONIAL (EDIP) DEL DISTRITO SAN BLAS-CANILLEJAS,,313748.69,
2023,X10,Cultura,ESPACIO DE DESARROLLO E INNOVACIÓN PATRIMONIAL (EDIP) SAN BLAS-CANILLEJAS. EQUIPOS PROCESO DE DATOS,,17061.0,
2023,X10,Cultura,CENTRO CULTURAL JOSÉ LUIS LÓPEZ VÁZQUEZ. OBRAS DE ACONDICIONAMIENTO,,183.82,183.82
2023,X10,Cultura,CENTRO CULTURAL Y DE MAYORES ANTONIO MACHADO. MEJORA DE LA ACCESIBILIDAD Y ELIMINACIÓN DE BARRERAS,,135734.75,135734.75
2023,X10,Cultura,CENTRO CULTURAL Y DE MAYORES ANTONIO MACHADO.ADAPTACIÓN A NORMATIVA AIRE ACONDICIONADO PLANTA SÓTANO,,30954.73,30954.73
2023,X10,Cultura,CENTRO CULTURAL Y DE MAYORES ANTONIO MACHADO. OBRAS DE REFORMA Y ADECUACIÓN DEL ESCENARIO,,46222.0,46222.0
2023,X10,Cultura,CENTRO CULTURAL BUERO VALLEJO. ADAPTACIÓN A NORMATIVA ACCESIBILIDAD Y REFORMA CÚPULA,,125250.0,114590.74
2023,X11,"Deportes, juventud y esparcimiento",,,2450039.55,1911662.96
2023,X11,"Deportes, juventud y esparcimiento",CENTRO DEPORTIVO SAN BLAS. EQUIPAMIENTO DEPORTIVO DE ALTA COMPETICIÓN,,218739.26,218739.26
2023,X11,"Deportes, juventud y esparcimiento",CENTRO DEPORTIVO SAN BLAS. REFORMA PABELLÓN DE GIMNASIA Y EDIFICIO DE OFICINAS,,795978.89,795978.89
2023,X11,"Deportes, juventud y esparcimiento",CENTRO DEPORTIVO SAN BLAS. ACONDICIONAMIENTO ACCESOS Y ELIMINACIÓN DE BARRERAS ARQUITECTÓNICAS,,1141174.48,640871.75
2023,X11,"Deportes, juventud y esparcimiento","PABELLÓN DEPORTIVO EN CALLE MÓNACO, 10, DISTRITO SAN BLAS-CANILLEJAS. CONSTRUCCIÓN",,13744.59,13744.59
2023,X11,"Deportes, juventud y esparcimiento",OBRAS DE CONSERVACIÓN INSTALACIONES DEPORTIVAS DEL DISTRITO SAN BLAS-CANILLEJAS,,1.34,
2023,X11,"Deportes, juventud y esparcimiento",DEPORTIVO BÁSICO ESFINGE. ADECUACIÓN CERRAMIENTO PISTA,,177.89,177.89
2023,X11,"Deportes, juventud y esparcimiento",DEPORTIVO BÁSICO EUTERPE. ACONDICIONAMIENTO FACHADA Y PROTECCIÓN PLACAS SOLARES,,283.64,283.64
2023,X11,"Deportes, juventud y esparcimiento",DEPORTIVO BÁSICO ARCAUTE. ADECUACIÓN DE PISTA Y ENTORNO,,285.23,285.23
2023,X11,"Deportes, juventud y esparcimiento",DEPORTIVO BÁSICO LUCANO. OBRAS DE MEJORA EN ACCESOS Y VESTUARIOS,,184.02,184.02
2023,X11,"Deportes, juventud y esparcimiento",DEPORTIVO BÁSICO MEDIO AMPOSTA. ACONDICIONAMIENTO DE PISTAS Y VESTUARIOS,,59427.1,58363.34
2023,X11,"Deportes, juventud y esparcimiento",OBRAS DE MEJORA Y ACONDICIONAMIENTO INSTALACIONES DEPORTIVAS DISTRITO DE SAN BLAS CANILLEJAS,,86.56,
2023,X11,"Deportes, juventud y esparcimiento",DEPORTIVO BÁSICO CIUDAD PEGASO III. OBRAS DE MEJORA,,239.4,239.4
2023,X11,"Deportes, juventud y esparcimiento",CENTRO DEPORTIVO SAN BLAS. MEJORA REDES DE ABASTECIMIENTO DEL CONJUNTO,,19819.5,15659.5
2023,X11,"Deportes, juventud y esparcimiento",EQUIPAMIENTO CENTROS DEPORTIVOS DEL DISTRITO DE SAN BLAS-CANILLEJAS,,30188.37,
2023,X11,"Deportes, juventud y esparcimiento",EQUIPAMIENTO CENTRO DEPORTIVO SAN BLAS,,19437.63,19437.63
2023,X11,"Deportes, juventud y esparcimiento",DEPORTIVO BÁSICO PEGASO I. OBRAS DE REPARACIÓN DE PAVIMENTO,,66789.34,66756.41
2023,X11,"Deportes, juventud y esparcimiento",DEPORTIVO BÁSICO CIUDAD PEGASO III. OBRAS DE PAVIMENTACIÓN,,65382.31,65335.34
2023,X11,"Deportes, juventud y esparcimiento",CENTRO DEPORTIVO SAN BLAS. MAQUINARIA DE LIMPIEZA,,18100.0,15606.07
2023,X14,Sectores productivos,,,155661.44,120766.75
2023,X14,Sectores productivos,EQUIPAMIENTO VIVERO DE EMPRESAS DE SAN BLAS,,3230.42,3124.81
2023,X14,Sectores productivos,"MERCADILLO SAN BLAS-CANILLEJAS, C/ SAN ROMÁN DEL VALLE. OBRAS MEJORA URBANIZACIÓN",,152431.02,117641.94
2023,X00,Inversiones de carácter general,,,401234.41,168075.22
2023,X00,Inversiones de carácter general,"EDIFICIO C/ALBARRACÍN, 33. MEJORA PLAN AUTOPROTECCIÓN Y PREVENCIÓN RIESGOS LABORALES",,67722.0,15442.06
2023,X00,Inversiones de carácter general,EQUIPAMIENTO SERVICIOS ADMINISTRATIVOS DEL DISTRITO DE SAN BLAS-CANILLEJAS,,1500.0,160.45
2023,X00,Inversiones de carácter general,SERVICIOS ADMINISTRATIVOS DISTRITO SAN BLAS-CANILLEJAS. MOBILIARIO Y EQUIPOS DE OFICINA,,5000.0,3849.01
2023,X00,Inversiones de carácter general,OBRAS DE MEJORA Y ACONDICIONAMIENTO EDIFICIOS DISTRITO DE SAN BLAS CANILLEJAS,,135188.71,
2023,X00,Inversiones de carácter general,SEDE INFORMÁTICA AYUNTAMIENTO DE MADRID. ADECUACIÓN DE NUEVA SALA DE CIBERSEGURIDAD,,148623.7,148623.7
2023,X00,Inversiones de carácter general,SEDE INFORMÁTICA AYUNTAMIENTO DE MADRID. AMPLIACIÓN SALA JUNTAS DE GERENCIA,,43200.0,
2023,X06,Urbanismo,,,1213853.51,977651.31
2023,X06,Urbanismo,"ADQUISICIÓN SUELO UE 5, APE 20.10 COLONIA FIN DE SEMANA. ZONA VERDE Y VIARIO",,131800.98,
2023,X06,Urbanismo,ADQUISICIÓN DE SUELO. AVENIDA ARAGÓN 313,,3100.0,
2023,X06,Urbanismo,"PARCELA CALLE ESFINGE, CIRCE Y NÉCTAR. ACONDICIONAMIENTO PARA APARCAMIENTO",,84782.16,84782.16
2023,X06,Urbanismo,"DEMOLICIÓN EDIFICACIONES EN C/ BUTRÓN, 19",,31399.45,31399.45
2023,X06,Urbanismo,"PARCELA EN LA AVENIDA NIZA, 24. OBRAS DE URBANIZACIÓN",,518665.18,518442.9
2023,X06,Urbanismo,ÁREA DE PLANEAMIENTO ESPECÍFICO APE 20.10 UE5 COOPERACIÓN CALLE DE MARZO 13-15,,120020.92,36628.02
2023,X06,Urbanismo,DIVERSAS CALLES BARRIO SIMANCAS REMODELACIÓN Y RENOVACIÓN DE PAVIMENTOS,,109393.82,96644.06
2023,X06,Urbanismo,VÍAS PÚBLICAS DEL DISTRITO DE SAN BLAS-CANILLEJAS. OBRAS DE REMODELACIÓN,,5000.0,553.14
2023,X06,Urbanismo,"VÍAS PÚBLICAS BARRIO DE SIMANCAS, SAN BLAS-CANILLEJAS. ELIMINACIÓN DE BARRERAS ARQUITECTÓNICAS",,209691.0,209201.58
2023,X07,Infraestructuras,,,208249.9,52878.4
2023,X07,Infraestructuras,ANTIGUA PASARELA MANTEROLA. RECONSTRUCCIÓN E INSTALACIÓN SOBRE RÍO MANZANARES EN AV. ARCENTALES,,52878.4,52878.4
2023,X07,Infraestructuras,"CALLES ALCALÁ, SAN MARIANO, BOLTAÑA Y NICOLASA GÓMEZ. ADECUACIÓN ZONA DE APARCAMIENTO",,155371.5,
2023,X08,Mantenimiento urbano,,,4726427.05,4676580.06
2023,X08,Mantenimiento urbano,ZONAS DE EJERCICIO PARA MAYORES EN SOMBRA SAN BLAS-CANILLEJAS. INSTALACIÓN (ID 20: 14901),,122073.14,122073.12
2023,X08,Mantenimiento urbano,CALZADAS Y ACERAS EN EL DISTRITO SAN BLAS-CANILLEJAS. REHABILITACIÓN (ID 18: 793),,56333.85,56333.85
2023,X08,Mantenimiento urbano,POLÍGONO INDUSTRIAL SAN BLAS-CANILLEJAS. OBRAS DE PAVIMENTACIÓN Y MEJORA,,1147069.58,1108660.46
2023,X08,Mantenimiento urbano,"PLAZA ALSACIA, CAMINO DE REJAS, CAMPEZO, DEYANIRA, SAN NARCISO Y OTRAS. REHABILITACIÓN CALZADAS",,67592.92,67592.92
2023,X08,Mantenimiento urbano,"CALLES SEPTIEMBRE, OCTUBRE, AINSA, MARSELLA, RUMANÍA,SAN MARINO Y OTRAS. RENOVACIÓN CAPA DE RODADURA",,151577.14,151577.14
2023,X08,Mantenimiento urbano,AVENIDA DE GUADALAJARA. MEJORA BASE PAVIMENTO,,18284.12,18284.12
2023,X08,Mantenimiento urbano,CALLE SAN ROMUALDO. PAVIMENTACIÓN Y MEJORA DE ACERAS,,415031.54,415027.1
2023,X08,Mantenimiento urbano,C/ JULIA GARCÍA BOUTÁN. PAVIMENTACIÓN Y ADECUACIÓN DE ACERAS,,774121.18,773360.72
2023,X08,Mantenimiento urbano,"CALLE DE SOFÍA, DISTRITO DE SAN BLAS-CANILLEJAS. ACONDICIONAMIENTO DE ACERAS",,43353.5,43353.5
2023,X08,Mantenimiento urbano,CALLE SAN ROMUALDO Y OTRAS DISTRITO SAN BLAS-CANILLEJAS. RENOVACIÓN PAVIMENTOS EN CALZADAS,,405414.85,405414.85
2023,X08,Mantenimiento urbano,"CALLES MIAMI, ALEGRÍA DE ORIA, IQUITOS, SUECIA, CAPRI Y OTRAS. RENOVACIÓN DE PAVIMENTOS EN CALZADAS",,456658.17,456658.17
2023,X08,Mantenimiento urbano,"CALLES ALBASANZ, LAGUARDIA Y OTRAS DISTRITO DE SAN BLAS-CANILLEJAS. RENOVACIÓN PAVIMENTOS CALZADAS",,387199.78,387199.78
2023,X08,Mantenimiento urbano,PLAN CAMINO ESCOLAR SEGURO C/ MIGUEL FLETA. ADECUACIÓN VÍAS PÚBLICAS,,8979.24,
2023,X08,Mantenimiento urbano,AVENIDA 25 DE SEPTIEMBRE CON CALLE ALCALÁ. REHABILITACIÓN ACERAS (ID 20: 14055),,310567.32,310229.07
2023,X08,Mantenimiento urbano,ACCESOS CARRIL BICI ZONA NORTE LAS ROSAS. ASFALTADO (ID 20: 14815),,81519.76,81294.43
2023,X08,Mantenimiento urbano,CALLE DE GASCUEÑA. RENOVACIÓN DE PAVIMENTOS Y ACONDICIONAMIENTO ACERADOS,,280650.96,279520.83
2023,X09,Medio ambiente,,,1973396.3,1396934.51
2023,X09,Medio ambiente,CREACION DE UNA ZONA SEMIFORESTAL ENTRE LA CALLE ESTOCOLMO Y LA M-40,,1072445.38,1072315.53
2023,X09,Medio ambiente,MEJORA RED DE AGUA REGENERADA PARA LAS ZONAS VERDES DEL ESTADIO CÍVITAS METROPOLITANO,,66620.57,3764.99
2023,X09,Medio ambiente,MERCADILLO PERIÓDICO DISTRITO SAN BLAS-CANILLEJAS. IMPLANTACIÓN FUENTE DE BEBER,,4771.95,4771.53
2023,X09,Medio ambiente,FUENTES BEBEDERO EN EL DISTRITO SAN BLAS-CANILLEJAS. INSTALACIÓN,,298.22,298.22
2023,X09,Medio ambiente,FINCA DE TORRE ARIAS. REMODELACIÓN DEL ENTORNO,,47940.2,47940.2
2023,X09,Medio ambiente,PARQUES QUINTAS TORRE ARIAS-MOLINOS. ADECUACIÓN PUERTA CERRAMIENTO NO HISTÓRICO Y CONEXIÓN PEATONAL,,513475.43,
2023,X09,Medio ambiente,FINCA TORRE ARIAS. REPARACIÓN DE DAÑOS,,68870.0,68869.84
2023,X09,Medio ambiente,PARQUE DEL PARAÍSO. OBRAS DE ADECUACIÓN Y MEJORA (ID 18: 409),,152488.47,152488.44
2023,X09,Medio ambiente,PLANTACIONES ARBÓREAS EN PARQUES DISTRITO DE SAN BLAS-CANILLEJAS. MEJORA ESTÉTICA Y MEDIO AMBIENTAL,,46486.08,46485.76
2023,X03,Protección y promoción social,,,299308.53,133596.16
2023,X03,Protección y promoción social,"CENTRO ""PROGRAMA A TIEMPO"". SEÑALÉTICA",,100.91,100.91
2023,X03,Protección y promoción social,"LOCALES EN LA PLAZA DE EURÍPIDES, 1. ADQUISICIÓN",,5000.0,806.5
2023,X03,Protección y promoción social,"EQUIPAMIENTO CENTRO DE SERVICIOS SOCIALES EN C/ POBLADURA DEL VALLE, 13",,76432.0,76431.99
2023,X03,Protección y promoción social,CENTRO DE MAYORES CASTILLO DE UCLÉS. OBRAS DE ACONDICIONAMIENTO,,183.82,183.82
2023,X03,Protección y promoción social,CENTROS DE ATENCIÓN SOCIAL DEL DISTRITO DE SAN BLAS-CANILLEJAS. INSTALACIÓN CARTELES DE METACRILATO,,446.01,445.98
2023,X03,Protección y promoción social,CENTRO DE MAYORES PABLO CASALS. OBRAS DE AMPLIACIÓN DE ESPACIOS,,20000.0,18481.17
2023,X03,Protección y promoción social,EQUIPAMIENTO EDIFICIO TIC DISTRITO SAN BLAS-CANILLEJAS,,179237.79,19237.79
2023,X03,Protección y promoción social,ESCUELA DE COMPETENCIAS SAN BLAS DIGITAL. ADQUISICIÓN MATERIAL INFORMÁTICO,,17908.0,17908.0
2023,X05,Educación,,,879283.18,870703.23
2023,X05,Educación,"EQUIPAMIENTO ESCUELA INFANTIL C/ JOSEFA VALCÁRCEL, 21, DISTRITO SAN BLAS-CANILLEJAS",,155723.54,150930.65
2023,X05,Educación,EQUIPAMIENTO ESCUELA INFANTIL SAN BLAS,,4924.7,3792.02
2023,X05,Educación,EQUIPAMIENTO ESCUELA DE MÚSICA ANTONIO MACHADO,,184.42,184.42
2023,X05,Educación,ESCUELA INFANTIL EN CANILLEJAS. CONSTRUCCIÓN (ID 18: 539),,592674.86,592674.86
2023,X05,Educación,COLEGIO PÚBLICO REPÚBLICA DE CHILE. ADECUACIÓN CALDERA Y CUARTO DE CALDERAS,,92515.9,92515.9
2023,X05,Educación,ESCUELA INFANTIL LAS LEANDRAS. OBRAS ADECUACIÓN CLIMATIZACIÓN,,254.77,254.77
2023,X05,Educación,COLEGIO PÚBLICO REPÚBLICA DE CHILE. OBRAS DE ACONDICIONAMIENTO,,1934.74,1934.74
2023,X05,Educación,"COLEGIO PÚBLICO RAMÓN MARÍA DEL VALLE INCLÁN. ADECUACIÓN PISTAS DEPORTIVAS, RED RIEGO Y FUENTE AGUA",,1368.04,1368.04
2023,X05,Educación,COLEGIO PÚBLICO CIUDAD PEGASO. SUBSANACIÓN DEFICIENCIAS INSPECCIÓN TÉCNICA EDIFICIOS,,981.58,981.58
2023,X05,Educación,"CENTRO EDUCACIÓN ESPECIAL FUNDACIÓN GOYENECHE. CONSERVACIÓN, INSTALACIÓN LÍNEA VIDA CUBIERTA Y OTRAS",,27645.15,24990.77
2023,X05,Educación,ESCUELA INFANTIL HIEDRA. OBRAS DE ACONDICIONAMIENTO DE PATIO,,452.32,452.32
2023,X05,Educación,ESCUELA INFANTIL LAS MERCEDES. ADECUACIÓN DE PATIOS Y MEJORA CERRAMIENTO PERIMETRAL,,623.16,623.16
2023,X13,Otros bienes públicos de carácter económico,,,1517219.36,1283384.01
2023,X13,Otros bienes públicos de carácter económico,"EDIFICIO A1 C/ARCOS JALÓN, 34. REHABILITACIÓN PARA CENTRO TECNOLOGÍAS INNOVACIÓN Y COMUNICACIÓN",,799200.78,796950.22
2023,X13,Otros bienes públicos de carácter económico,ESPACIO SAN BLAS CAMPUS DIGITAL. ADQUISICIÓN DE MOBILIARIO Y ENSERES,,428215.41,426531.07
2023,X13,Otros bienes públicos de carácter económico,ESPACIO SAN BLAS CAMPUS DIGITAL. OBRAS DE ACONDICIONAMIENTO,,275894.22,45993.77
2023,X13,Otros bienes públicos de carácter económico,CENTRO TECNOLOGÍA CAMPUS DIGITAL SAN BLAS. OBRAS INSTALACIÓN CIRCUITO CERRADO TELEVISIÓN Y ALARMA,,13908.95,13908.95
2023,X04,Salud pública,,,28871.39,28871.39
2023,X04,Salud pública,"CENTRO ATENCIÓN A LAS ADICCIONES (CAD) SAN BLAS, C/ALCALÁ, 527. MAQUINARIA",,950.66,950.66
2023,X04,Salud pública,CENTRO MUNICIPAL DE SALUD COMUNITARIA (CMSc) DE SAN BLAS. MAQUINARIA,,550.0,550.0
2023,X04,Salud pública,CMSc CENTRO MUNICIPAL DE SALUD COMUNITARIA DE SAN BLAS.INSTALACIONES TÉCNICAS,,17888.65,17888.65
2023,X04,Salud pública,CENTRO ATENCIÓN A LAS ADICCIONES (CAD) SAN BLAS. INSTALACIONES TÉCNICAS,,3443.36,3443.36
2023,X04,Salud pública,OTRO EQUIPAMIENTO CENTRO DE ATENCIÓN A LAS ADICCIONES (CAD) SAN BLAS,,4153.21,4153.21
2023,X04,Salud pública,OTRO EQUIPAMIENTO CENTRO MUNICIPAL DE SALUD COMUNITARIA DE SAN BLAS,,392.37,392.37
2023,X04,Salud pública,CENTRO DE ATENCIÓN A LAS ADICCIONES (CAD) SAN BLAS. SEÑALIZACIÓN,,746.57,746.57
2023,X04,Salud pública,CMSc CENTRO MUNICIPAL DE SALUD COMUNITARIA DE SAN BLAS. SEÑALIZACIÓN,,746.57,746.57
2024,X10,Cultura,,,2608661.64,1632279.51
2024,X10,Cultura,"EDIFICIO MUNICIPAL C/ MONTAMARTA, 7. OBRAS DE ACONDICIONAMIENTO PARA CENTRO CULTURAL",,2239332.13,1602369.29
2024,X10,Cultura,EQUIPAMIENTO ESPACIO DE DESARROLLO E INNOVACIÓN  PATRIMONIAL (EDIP) DEL DISTRITO SAN BLAS-CANILLEJAS,,321444.75,
2024,X10,Cultura,ESPACIO DE DESARROLLO E INNOVACIÓN PATRIMONIAL (EDIP) SAN BLAS-CANILLEJAS. EQUIPOS PROCESO DE DATOS,,17061.0,
2024,X10,Cultura,EQUIPAMIENTO BIBLIOTECA PÚBLICA SAN BLAS,,15646.72,15533.98
2024,X10,Cultura,BIBLIOTECA PÚBLICA CANILLEJAS. SEÑALÉTICA EXTERIOR,,2208.76,2208.76
2024,X10,Cultura,BIBLIOTECA PÚBLICA JOSÉ HIERRO. SEÑALÉTICA EXTERIOR,,3552.58,3552.58
2024,X10,Cultura,BELENES NAPOLITANOS PARA EXPOSICIÓN EN CENTROS CULTURALES DISTRITO SAN BLAS CANILLEJAS. ADQUISICIÓN,,8000.0,7610.9
2024,X10,Cultura,CENTROS CULTURALES DISTRITO SAN BLAS-CANILLEJAS. INSTALACIÓN DE BANDERAS,,1415.7,1004.0
2024,X11,"Deportes, juventud y esparcimiento",,,7881801.33,7649456.96
2024,X11,"Deportes, juventud y esparcimiento",CENTRO DEPORTIVO SAN BLAS. REFORMA PABELLÓN DE GIMNASIA Y EDIFICIO DE OFICINAS,,21470.95,21470.95
2024,X11,"Deportes, juventud y esparcimiento",CENTRO DEPORTIVO SAN BLAS. ACONDICIONAMIENTO ACCESOS Y ELIMINACIÓN DE BARRERAS ARQUITECTÓNICAS,,940547.9,940546.9
2024,X11,"Deportes, juventud y esparcimiento","PABELLÓN DEPORTIVO EN CALLE MÓNACO, 10, DISTRITO SAN BLAS-CANILLEJAS. CONSTRUCCIÓN",,5753594.0,5752593.98
2024,X11,"Deportes, juventud y esparcimiento",CENTRO DEPORTIVO SAN BLAS. MEJORA REDES DE ABASTECIMIENTO DEL CONJUNTO,,4159.02,4066.28
2024,X11,"Deportes, juventud y esparcimiento",EQUIPAMIENTO CENTRO DEPORTIVO SAN BLAS,,2783.0,2783.0
2024,X11,"Deportes, juventud y esparcimiento",CENTRO DEPORTIVO SAN BLAS. REFORMA DE VASOS Y GALERÍAS DE LAS PISCINAS,,125578.39,125578.39
2024,X11,"Deportes, juventud y esparcimiento",CENTRO DEPORTIVO SAN BLAS. OBRAS DE REFORMA DEL PABELLÓN ANTONIO MATA,,8950.1,8950.1
2024,X11,"Deportes, juventud y esparcimiento",CENTRO DEPORTIVO SAN BLAS. SUBSANACIÓN PATOLOGÍAS RED SANEAMIENTO Y OBRAS CONEXIÓN ENTRE EDIFICIOS,,564388.99,561140.53
2024,X11,"Deportes, juventud y esparcimiento",CENTRO DEPORTIVO SAN BLAS. INSTALACIÓN LECTOR DE TARJETAS Y QR INTEGRADO,,2125.97,2125.97
2024,X11,"Deportes, juventud y esparcimiento",CENTROS DEPORTIVOS DISTRITO SAN BLAS-CANILLEJAS. INSTALACIÓN TORRES ILUMINACIÓN TELESCÓPICAS MÓVILES,,12200.0,
2024,X11,"Deportes, juventud y esparcimiento",EQUIPAMIENTO CENTROS DEPORTIVOS DEL DISTRITO SAN BLAS CANILLEJAS,,77548.51,
2024,X11,"Deportes, juventud y esparcimiento",OBRAS DE MEJORA EN INSTALACIONES DEPORTIVAS DEL DISTRITO DE SAN BLAS-CANILLEJAS,,1477.03,
2024,X11,"Deportes, juventud y esparcimiento",CENTRO DEPORTIVO SAN BLAS. MEJORA DE LA CLIMATIZACIÓN EN EL PABELLÓN DE GIMNASIA,,21237.01,21237.01
2024,X11,"Deportes, juventud y esparcimiento",CENTRO DEPORTIVO SAN BLAS. OBRAS DE RENOVACIÓN DE VESTUARIOS DEL PERSONAL,,147843.93,143480.36
2024,X11,"Deportes, juventud y esparcimiento",DEPORTIVO BÁSICO MEDIO AMPOSTA. INSTALACIÓN PUERTAS DE SEGURIDAD EN VESTUARIOS,,17442.03,17442.03
2024,X11,"Deportes, juventud y esparcimiento",CENTRO DEPORTIVO SAN BLAS. OBRAS DE ADECUACIÓN DEL SISTEMA DE RIEGO,,128700.0,
2024,X11,"Deportes, juventud y esparcimiento",CENTRO DEPORTIVO SAN BLAS. OBRAS DE ADECUACIÓN PARA USO DE UNIDAD DEPORTIVA CUBOFIT,,50000.0,46797.13
2024,X11,"Deportes, juventud y esparcimiento",CENTROS DEPORTIVOS DISTRITO SAN BLAS-CANILLEJAS. INSTALACIÓN DE BANDERAS,,1754.5,1244.33
2024,X14,Sectores productivos,,,925.65,925.65
2024,X14,Sectores productivos,VIVERO DE EMPRESAS DE SAN BLAS. CARTELERÍA EXTERIOR,,925.65,925.65
2024,X00,Inversiones de carácter general,,,431937.66,253198.39
2024,X00,Inversiones de carácter general,"EDIFICIO C/ALBARRACÍN, 33. MEJORA PLAN AUTOPROTECCIÓN Y PREVENCIÓN RIESGOS LABORALES",,133000.0,6746.83
2024,X00,Inversiones de carácter general,EQUIPAMIENTO SERVICIOS ADMINISTRATIVOS DISTRITO SAN BLAS-CANILLEJAS,,2175.6,
2024,X00,Inversiones de carácter general,OBRAS CONSERVACIÓN EDIFICIOS DISTRITO SAN BLAS-CANILLEJAS,,4785.31,
2024,X00,Inversiones de carácter general,SERVICIOS DE TECNOLOGÍAS DEL TRÁFICO. MAMPARAS Y MOBILIARIO,,9633.15,301.29
2024,X00,Inversiones de carácter general,EDIFICIO SEDE DEL DISTRITO SAN BLAS-CANILLEJAS. INSTALACIÓN DE BANDERAS,,435.6,308.94
2024,X00,Inversiones de carácter general,OBRAS DE MEJORA EN EDIFICIOS DEL DISTRITO DE SAN BLAS-CANILLEJAS,,5462.63,
2024,X00,Inversiones de carácter general,EDIFICIO SEDE DEL DISTRITO DE SAN BLAS-CANILLEJAS. OBRAS DE SOLADO Y MEJORA EN EL SALÓN DE ACTOS,,169945.37,168824.14
2024,X00,Inversiones de carácter general,SERVICIOS ADMINISTRATIVOS DISTRITO SAN BLAS-CANILLEJAS. MOBILARIO Y EQUIPOS DE OFICINA,,500.0,
2024,X00,Inversiones de carácter general,MEJORA DE LAS INSTALACIONES EN EDIFICIO SEDE INFORMÁTICA AYUNTAMIENTO DE MADRID,,96000.0,77017.19
2024,X00,Inversiones de carácter general,OBRAS DE CONSERVACIÓN EN EDIFICIO SEDE INFORMÁTICA AYUNTAMIENTO DE MADRID,,10000.0,
2024,X06,Urbanismo,,,5114367.51,3793972.09
2024,X06,Urbanismo,"ADQUISICIÓN SUELO UE 5, APE 20.10 COLONIA FIN DE SEMANA. ZONA VERDE Y VIARIO",,131800.98,
2024,X06,Urbanismo,ÁREA DE PLANEAMIENTO ESPECÍFICO APE 20.10 UE5 COOPERACIÓN CALLE DE MARZO 13-15,,83392.9,
2024,X06,Urbanismo,CALLE JULIO 23 EN EL AMBITO AP20.10 COLONIA FIN DE SEMANA. OBRAS ACCESORIAS DE URBANIZACIÓN,,5046.77,61.75
2024,X06,Urbanismo,ESPACIOS LIBRES EN EL ENTORNO DE LA CIUDAD DEPORTIVA DE SAN BLAS. REMODELACIÓN DE LA URBANIZACIÓN,,300000.0,
2024,X06,Urbanismo,SISTEMA DE COMPENSACIÓN UNIDAD DE EJECUCIÓN AUC 20-07 MARIO ROSO DE LUNA,,31436.86,31436.86
2024,X06,Urbanismo,ADQUISICIÓN DE SUELO EN ÁMBITO DEL CERRO DE LAS PERDICES,,4200000.0,3586806.25
2024,X06,Urbanismo,URBANIZACIÓN SOLARES DESUSO EN ZONAS RENATURALIZADAS O ESTANCIALES DISTRITO SAN BLAS-CANILLEJAS,,150000.0,
2024,X06,Urbanismo,VÍAS PÚBLICAS DEL DISTRITO DE SAN BLAS CANILLEJAS. REMODELACIÓN,,3000.0,
2024,X06,Urbanismo,C/ VALDECANILLAS Y ALEDAÑAS BARRIO DE SIMANCAS. OBRAS MEJORA ACCESIBILIDAD,,209690.0,175667.23
2024,X07,Infraestructuras,,,66768.13,
2024,X07,Infraestructuras,"CALLES ALCALÁ, SAN MARIANO, BOLTAÑA Y NICOLASA GÓMEZ. ADECUACIÓN ZONA DE APARCAMIENTO",,66768.13,
2024,X08,Mantenimiento urbano,,,2957589.77,2869880.51
2024,X08,Mantenimiento urbano,POLÍGONO INDUSTRIAL SAN BLAS-CANILLEJAS. OBRAS DE PAVIMENTACIÓN Y MEJORA,,225062.86,225062.86
2024,X08,Mantenimiento urbano,C/ JULIA GARCÍA BOUTÁN. PAVIMENTACIÓN Y ADECUACIÓN DE ACERAS,,213925.83,213925.83
2024,X08,Mantenimiento urbano,PLAN CAMINO ESCOLAR SEGURO C/ MIGUEL FLETA. ADECUACIÓN VÍAS PÚBLICAS,,-33147.44,-33147.44
2024,X08,Mantenimiento urbano,AVENIDA 25 DE SEPTIEMBRE CON CALLE ALCALÁ. REHABILITACIÓN ACERAS (ID 20: 14055),,74290.36,74290.36
2024,X08,Mantenimiento urbano,CALLE RIBADUMIA DISTRITO SAN BLAS-CANILLEJAS. ADECUACIÓN DE VIALES Y MEJORA DE LA ACCESIBILIDAD,,27650.97,27650.96
2024,X08,Mantenimiento urbano,"CALLE ESFINGE Y OTRAS, DISTRITO DE SAM BLAS-CANILLEJAS. MEJORA DE LAS CONDICIONES DE RODADURA",,98159.7,95417.62
2024,X08,Mantenimiento urbano,"CALLE ALIAGA Y OTRAS, DISTRITO DE SAN BLAS-CANILLEJAS. MEJORA DE LAS CONDICIONES DE RODADURA",,277342.5,277342.5
2024,X08,Mantenimiento urbano,"CALLE MAYO Y OTRAS, DISTRITO SAN BLAS-CANILLEJAS. MEJORA DE LAS CONDICIONES DE RODADURA",,432437.24,432437.24
2024,X08,Mantenimiento urbano,ENTORNO COLEGIO PÚBLICO RAMÓN MARÍA DEL VALLE INCLÁN. ADECUACIÓN DE VÍAS Y ESPACIOS PÚBLICOS,,217000.0,217000.0
2024,X08,Mantenimiento urbano,ENTORNO ESCOLAR C/ BORGOÑA. ADECUACIÓN DE VÍAS Y ESPACIOS PÚBLICOS,,497546.5,497546.5
2024,X08,Mantenimiento urbano,ENTORNO PLAZA DE SAN CRISTOBAL. ADECUACIÓN DE VIALES Y MEJORA DE LA ACCESIBILIDAD,,647615.91,647615.91
2024,X08,Mantenimiento urbano,CALLE SANTA TECLA. ADECUACIÓN DE VIALES Y MEJORA DE LA ACCESIBILIDAD,,279705.34,194738.17
2024,X09,Medio ambiente,,,2834837.86,2804056.88
2024,X09,Medio ambiente,MEJORA RED DE AGUA REGENERADA PARA LAS ZONAS VERDES DEL ESTADIO CÍVITAS METROPOLITANO,,253007.0,230475.64
2024,X09,Medio ambiente,FUENTES BEBEDERO EN EL DISTRITO SAN BLAS-CANILLEJAS. INSTALACIÓN,,6720.78,6709.02
2024,X09,Medio ambiente,PARQUES QUINTAS TORRE ARIAS-MOLINOS. ADECUACIÓN PUERTA CERRAMIENTO NO HISTÓRICO Y CONEXIÓN PEATONAL,,402870.0,400220.6
2024,X09,Medio ambiente,PARQUE DEL PARAÍSO. OBRAS DE ADECUACIÓN Y MEJORA (ID 18: 409),,2076214.0,2071542.61
2024,X09,Medio ambiente,PLANTACIONES ARBÓREAS EN PARQUES DISTRITO DE SAN BLAS-CANILLEJAS. MEJORA ESTÉTICA Y MEDIO AMBIENTAL,,507.58,507.58
2024,X09,Medio ambiente,PARQUE DE CANILLEJAS. OBRAS DE REFORMA INTEGRAL,,20000.0,19989.55
2024,X09,Medio ambiente,ZONA VERDE ENTRE LA AVENIDAD DE NIZA Y LA CALLE SUECIA. REHABILITACIÓN,,20000.0,19989.55
2024,X09,Medio ambiente,EQUIPOS RECARGA VEHÍCULOS ELÉCTRICOS EN SEDE INFORMÁTICA DEL AYUNTAMIENTO DE MADRID (IAM),,1545.45,1545.45
2024,X09,Medio ambiente,PARQUE DE LA QUINTA DE TORRE ARIAS.OBRAS DE APEO Y PROTECCIÓN DEL MURO OESTE,,9793.34,9793.34
2024,X09,Medio ambiente,ZONA VERDE EN EL BARRIO DE REJAS. OBRAS DE ACONDICIONAMIENTO (ID 21: 17683),,20000.0,19989.55
2024,X09,Medio ambiente,REPOBLACIÓN CON ESPECIES ARBÓREAS FORESTALES EN DIVERSAS PARCELAS DEL DISTRITO DE HORTALEZA,,1835.35,1835.35
2024,X09,Medio ambiente,REPOBLACIÓN CON ESPECIES ARBÓREAS FORESTALES EN DIVERSAS PARCELAS DEL DISTRITO SAN BLAS-CANILLEJAS,,1184.11,1184.11
2024,X09,Medio ambiente,QUINTA DE TORRE ARIAS. MAQUINARIA,,21160.25,20274.53
2024,X03,Protección y promoción social,,,328871.11,119832.82
2024,X03,Protección y promoción social,EQUIPAMIENTO EDIFICIO TIC DISTRITO SAN BLAS-CANILLEJAS,,180000.0,
2024,X03,Protección y promoción social,EQUIPAMIENTO CENTRO DE MAYORES ANTONIO MACHADO,,2101.77,
2024,X03,Protección y promoción social,EQUIPAMIENTO CENTRO DE MAYORES CASTILLO DE UCLÉS,,6156.48,
2024,X03,Protección y promoción social,EQUIPAMIENTO CENTRO DE MAYORES PABLO CASALS,,4653.66,
2024,X03,Protección y promoción social,EQUIPAMIENTO CENTRO DE MAYORES CIUDAD PEGASO,,780.45,
2024,X03,Protección y promoción social,EQUIPAMIENTO CENTRO DE MAYORES ESFINGE,,6674.36,
2024,X03,Protección y promoción social,EQUIPAMIENTO DEL ESPACIO DE IGUALDAD LUCÍA SÁNCHEZ SAORNIL,,728.08,
2024,X03,Protección y promoción social,CENTRO DE SERVICIOS SOCIALES LUZ CASANOVA. OBRAS DE SUBSANANCIÓN DE PATOLOGÍAS,,5187.38,5158.7
2024,X03,Protección y promoción social,EQUIPAMIENTO CENTROS DE MAYORES DEL DISTRITO DE SAN BLAS-CANILLEJAS,,7633.28,
2024,X03,Protección y promoción social,EQUIPAMIENTO CENTRO DE SERVICIOS SOCIALES LUZ CASANOVA,,105626.05,105626.04
2024,X03,Protección y promoción social,CENTROS DE SERVICIOS SOCIALES DISTRITO SAN BLAS-CANILLEJAS. INSTALACIÓN DE BANDERAS,,968.0,686.48
2024,X03,Protección y promoción social,EQUIPAMIENTO AGENCIA DE ZONA SAN BLAS PARA POLÍTICAS ACTIVAS DE EMPLEO,,8361.6,8361.6
2024,X05,Educación,,,578003.2,480125.78
2024,X05,Educación,"EQUIPAMIENTO ESCUELA INFANTIL C/ JOSEFA VALCÁRCEL, 21, DISTRITO SAN BLAS-CANILLEJAS",,30000.0,14783.69
2024,X05,Educación,EQUIPAMIENTO ESCUELA DE MÚSICA ANTONIO MACHADO,,5275.0,4939.15
2024,X05,Educación,EQUIPAMIENTO ESCUELA INFANTIL HIEDRA,,8992.72,8992.72
2024,X05,Educación,EQUIPAMIENTO ESCUELA INFANTIL LAS MERCEDES,,21794.88,2843.74
2024,X05,Educación,"ESCUELA INFANTIL HIEDRA. OBRAS ADECUACIÓN CLIMATIZACIÓN, INSTALACIÓN ZONAS DE SOMBRA Y OTRAS",,100000.0,49469.32
2024,X05,Educación,CENTROS DOCENTES DISTRITO SAN BLAS-CANILLEJAS. RENOVACIÓN Y MEJORA EFICIENCIA ENERGÉTICA,,639.54,
2024,X05,Educación,"ESCUELA INFANTIL LA DEL MANOJO DE ROSAS. MEJORA INSTALACIONES, TOLDOS Y EFICIENCIA ENERGÉTICA",,48358.61,38160.85
2024,X05,Educación,"ESCUELA INFANTIL LAS LEANDRAS. RENOVACIÓN PARAMENTOS, SANITARIOS Y MEJORA EFICIENCIA ENERGÉTICA",,47017.38,47017.38
2024,X05,Educación,"ESCUELA INFANTIL LA ALEGRÍA DE LA HUERTA. MEJORA PERSIANAS, TOLDOS Y EFICIENCIA ENERGÉTICA",,37999.89,37999.3
2024,X05,Educación,ESCUELA INFANTIL LAS MERCEDES. RENOVACIÓN CUBIERTA Y TOLDOS PARA MEJORA EFICIENCIA ENERGÉTICA,,47996.48,47982.11
2024,X05,Educación,ESCUELA INFANTIL LAS GOLONDRINAS.MEJORA CONDICIONES DE ACCESIBILIDAD Y PROTECCIÓN CONTRA INCENDIOS,,17988.1,17522.68
2024,X05,Educación,"COLEGIO PÚBLICO VALLE INCLÁN, ÁMBITO GRAN SAN BLAS. OBRAS MEJORA DEL PATIO",,209690.0,208818.78
2024,X05,Educación,CENTROS DOCENTES DISTRITO SAN BLAS-CANILLEJAS. INSTALACIÓN DE BANDERAS,,2250.6,1596.06
2024,X13,Otros bienes públicos de carácter económico,,,225115.14,225115.14
2024,X13,Otros bienes públicos de carácter económico,ESPACIO SAN BLAS CAMPUS DIGITAL. OBRAS DE ACONDICIONAMIENTO,,225115.14,225115.14
2024,X04,Salud pública,,,63360.97,60577.84
2024,X04,Salud pública,"CENTRO ATENCIÓN A LAS ADICCIONES (CAD) SAN BLAS, C/ALCALÁ, 527. MAQUINARIA",,2860.44,2860.44
2024,X04,Salud pública,EQUIPAMIENTO CMSc CENTRO MUNICIPAL DE SALUD COMUNITARIA DE SAN BLAS,,1125.28,1125.28
2024,X04,Salud pública,CENTRO MUNICIPAL DE SALUD COMUNITARIA SAN BLAS. INSTALACIONES TÉCNICAS,,6938.49,5588.37
2024,X04,Salud pública,"CENTRO ATENCIÓN A LAS ADICCIONES (CAD) SAN BLAS, C/ ALCALÁ, 527. INSTALACIONES TÉCNICAS",,1350.11,
2024,X04,Salud pública,"EQUIPAMIENTO CENTRO ATENCIÓN A LAS ADICCIONES (CAD) SAN BLAS, C/ ALCALÁ, 527",,2700.8,2700.8
2024,X04,Salud pública,CENTRO MUNICIPAL DE SALUD COMUNITARIA DE SAN BLAS. OBRAS DE REFORMA,,48385.85,48302.95
2024,X01,Protección Civil y seguridad ciudadana,,,288335.53,91519.87
2024,X01,Protección Civil y seguridad ciudadana,UNIDAD INTEGRAL DE POLICÍA MUNICIPAL Y BASE DEL SAMUR DE SAN BLAS-CANILLEJAS. CONSTRUCCIÓN,,185079.84,30025.75
2024,X01,Protección Civil y seguridad ciudadana,COMISARÍA INTEGRAL POLICÍA MUNICIPAL DISTRITO SAN BLAS-CANILLEJAS. MOBILIARIO Y EQUIPOS DE OFICINA,,8969.5,
2024,X01,Protección Civil y seguridad ciudadana,PARQUE DE BOMBEROS Nº 7 DISTRITO SAN BLAS-CANILLEJAS. OTRO MOBILIARIO Y ENSERES,,71124.44,38332.37
2024,X01,Protección Civil y seguridad ciudadana,PARQUE DE BOMBEROS NÚMERO 7. SEÑALIZACIÓN,,3796.98,3796.98
2024,X01,Protección Civil y seguridad ciudadana,"EQUIPAMIENTO GIMNASIO PARQUE BOMBEROS NÚMERO 7, DISTRITO SAN BLAS-CANILLEJAS",,19364.77,19364.77
2024,X12,Otros bienes públicos de carácter social,,,3107.41,3107.41
2024,X12,Otros bienes públicos de carácter social,OFICINA DE ATENCIÓN A LA CIUDADANÍA LÍNEA MADRID DE SAN BLAS-CANILLEJAS. SEÑALIZACIÓN,,689.7,689.7
2024,X12,Otros bienes públicos de carácter social,EQUIPAMIENTO OFICINA DE ATENCIÓN AL CIUDADANO LÍNEA MADRID DE SAN BLAS-CANILLEJAS,,2417.71,2417.71
2025,X10,Cultura,,,1423315.32,1301792.12
2025,X10,Cultura,"EDIFICIO MUNICIPAL C/ MONTAMARTA, 7. OBRAS DE ACONDICIONAMIENTO PARA CENTRO CULTURAL",,1388705.38,1279631.58
2025,X10,Cultura,EQUIPAMIENTO CENTRO CULTURAL ANTONIO MACHADO,,6631.67,6631.62
2025,X10,Cultura,EQUIPAMIENTO CENTRO CULTURAL BUERO VALLEJO,,2881.17,2881.15
2025,X10,Cultura,EQUIPAMIENTO CENTRO CULTURAL CIUDAD PEGASO,,2209.85,2209.83
2025,X10,Cultura,EQUIPAMIENTO CENTRO SOCIOCULTURAL MIGUEL DE CERVANTES,,3009.31,3009.28
2025,X10,Cultura,EQUIPAMIENTO CENTRO CULTURAL JOSÉ LUIS LÓPEZ VÁZQUEZ,,2668.43,2668.39
2025,X10,Cultura,BIBLIOTECA PÚBLICA CANILLEJAS. ELEMENTOS DE ACCESIBILIDAD PARA EL SERVICIO,,400.0,387.2
2025,X10,Cultura,BIBLIOTECA PÚBLICA JOSÉ HIERRO. SEÑALÉTICA,,2790.86,1792.29
2025,X10,Cultura,BIBLIOTECA PÚBLICA CANILLEJAS. SEÑALÉTICA,,4018.65,2580.78
2025,X10,Cultura,EQUIPAMIENTO CENTROS CULTURALES DEL DISTRITO DE SAN BLAS-CANILLEJAS,,10000.0,
2025,X11,"Deportes, juventud y esparcimiento",,,9342610.6,8935889.51
2025,X11,"Deportes, juventud y esparcimiento","PABELLÓN DEPORTIVO EN CALLE MÓNACO, 10, DISTRITO SAN BLAS-CANILLEJAS. CONSTRUCCIÓN",,6748945.37,6748939.75
2025,X11,"Deportes, juventud y esparcimiento",OBRAS DE MEJORA Y ACONDICIONAMIENTO INSTALACIONES DEPORTIVAS DISTRITO DE SAN BLAS CANILLEJAS,,50969.73,
2025,X11,"Deportes, juventud y esparcimiento",EQUIPAMIENTO CENTRO DEPORTIVO SAN BLAS,,53286.77,53286.71
2025,X11,"Deportes, juventud y esparcimiento",CENTRO DE DEPORTES ACUÁTICO. CONSTRUCCIÓN,,885624.91,885624.91
2025,X11,"Deportes, juventud y esparcimiento",CENTRO DEPORTIVO SAN BLAS. OBRAS DE REFORMA DEL PABELLÓN ANTONIO MATA,,731732.88,499999.76
2025,X11,"Deportes, juventud y esparcimiento",CENTRO DEPORTIVO SAN BLAS. OBRAS DE REFORMA DE ASEOS DEL PABELLÓN CIRCULAR,,202535.5,79865.88
2025,X11,"Deportes, juventud y esparcimiento","DEPORTIVO BÁSICO MEDIO AMPOSTA, ÁMBITO GRAN SAN BLAS. REFORMA VESTUARIOS Y CERRAMIENTO",,209591.0,209527.2
2025,X11,"Deportes, juventud y esparcimiento",CENTRO DEPORTIVO SAN BLAS. ADECUACIÓN INSTALACIONES TÉRMICAS Y OTRAS MEJORAS,,399398.48,399397.0
2025,X11,"Deportes, juventud y esparcimiento",CENTRO DEPORTIVO SAN BLAS. SUBSANACIÓN PATOLOGÍAS RED SANEAMIENTO Y OBRAS CONEXIÓN ENTRE EDIFICIOS,,2555.32,1277.66
2025,X11,"Deportes, juventud y esparcimiento",CENTRO DEPORTIVO SAN BLAS. ADQUISICIÓN SILLA PISCINA PARA PERSONAS CON MOVILIDAD REDUCIDA,,7927.63,7927.63
2025,X11,"Deportes, juventud y esparcimiento","EQUIPAMIENTO CENTRO DEPORTIVO SAN BLAS. CANASTAS ABATIBLES, CORTINAS Y OTROS",,50043.01,50043.01
2025,X14,Sectores productivos,,,418.1,418.1
2025,X14,Sectores productivos,EQUIPAMIENTO VIVERO DE EMPRESAS DE SAN BLAS,,120.0,120.0
2025,X14,Sectores productivos,VIVERO DE EMPRESAS DE SAN BLAS. SEÑALÉTICA,,298.1,298.1
2025,X00,Inversiones de carácter general,,,63042.0,50178.68
2025,X00,Inversiones de carácter general,EQUIPAMIENTO SERVICIOS ADMINISTRATIVOS DEL DISTRITO SAN BLAS-CANILLEJAS,,6500.0,
2025,X00,Inversiones de carácter general,OBRAS DE MEJORA EN EDIFICIOS DEL DISTRITO DE SAN BLAS-CANILLEJAS,,0.32,
2025,X00,Inversiones de carácter general,EDIFICIO SEDE DEL DISTRITO DE SAN BLAS-CANILLEJAS. OBRAS DE SOLADO Y MEJORA EN EL SALÓN DE ACTOS,,2141.68,2141.68
2025,X00,Inversiones de carácter general,SERVICIOS ADMINISTRATIVOS DISTRITO SAN BLAS-CANILLEJAS. MOBILARIO Y EQUIPOS DE OFICINA,,4000.0,
2025,X00,Inversiones de carácter general,OBRAS DE CONSERVACIÓN EDIFICIO SEDE INFORMÁTICA AYUNTAMIENTO DE MADRID,,50400.0,48037.0
2025,X06,Urbanismo,,,6402471.16,5282665.27
2025,X06,Urbanismo,"ADQUISICIÓN SUELO UE 5, APE 20.10 COLONIA FIN DE SEMANA. ZONA VERDE Y VIARIO",,131800.98,
2025,X06,Urbanismo,ÁREA DE PLANEAMIENTO ESPECÍFICO APE 20.10 UE5 COOPERACIÓN CALLE DE MARZO 13-15,,83392.9,
2025,X06,Urbanismo,ÁMBITO DE LA AVENIDA DE NIZA Y ZONAS ADYACENTES. OBRAS DE RENATURALIZACIÓN,,85.02,
2025,X06,Urbanismo,"PARCELA G, DISTRITO SAN BLAS-CANILLEJAS, CALLES DEPORTISTAS, ALBAIDA Y OTRAS. REGENERACIÓN URBANA",,8072.38,5324.33
2025,X06,Urbanismo,CALLE JULIO 23 EN EL AMBITO AP20.10 COLONIA FIN DE SEMANA. OBRAS ACCESORIAS DE URBANIZACIÓN,,4985.02,4195.12
2025,X06,Urbanismo,ÁREA PLANEAMIENTO ESPECÍFICO 20.10 COLONIA FIN SEMANA UE-5. URBANIZACIÓN AVDA. FERMINA SEVILLANO 5-9,,387117.0,247293.94
2025,X06,Urbanismo,AVENIDA DE ARAGÓN 404. OBRAS ACCESORIAS DE URBANIZACIÓN,,452672.96,
2025,X06,Urbanismo,AVENIDA DE ARAGÓN 406. OBRAS ACCESORIAS DE URBANIZACIÓN,,325992.73,71810.71
2025,X06,Urbanismo,ESPACIOS LIBRES EN EL ENTORNO DE LA CIUDAD DEPORTIVA DE SAN BLAS. REMODELACIÓN DE LA URBANIZACIÓN,,3620000.0,3620000.0
2025,X06,Urbanismo,SISTEMA DE COMPENSACIÓN UNIDAD DE EJECUCIÓN AUC 20-07 MARIO ROSO DE LUNA,,26945.88,26945.88
2025,X06,Urbanismo,"ADQUISICIÓN DE SUELO CALLE ISANDRO, 14",,760000.0,718285.4
2025,X06,Urbanismo,"PARCELA CALLE RÁVENA, 10, C/V CALLE BULGARIA, C/V CALLE TOSCANA. OBRAS DE URBANIZACIÓN",,601406.29,588809.89
2025,X08,Mantenimiento urbano,,,2585665.73,2396250.9
2025,X08,Mantenimiento urbano,CALLE RIBADUMIA DISTRITO SAN BLAS-CANILLEJAS. ADECUACIÓN DE VIALES Y MEJORA DE LA ACCESIBILIDAD,,173060.27,169978.95
2025,X08,Mantenimiento urbano,IFS-MUROS DE LA CALLE DE LOS MARINEROS. ADECUACIÓN DE RAMPA Y ACCESIBILIDAD,,320615.96,148317.08
2025,X08,Mantenimiento urbano,"IFS-CALLE VEINTICINCO DE SEPTIEMBRE, DISTRITO DE SAN BLAS-CANILLEJAS. MEJORA DE CONDICIONES DE RODADURA",,424030.58,421720.86
2025,X08,Mantenimiento urbano,ENTORNO COLEGIO PÚBLICO RAMÓN MARÍA DEL VALLE INCLÁN. ADECUACIÓN DE VÍAS Y ESPACIOS PÚBLICOS,,576844.41,576348.16
2025,X08,Mantenimiento urbano,ENTORNO ESCOLAR C/ BORGOÑA. ADECUACIÓN DE VÍAS Y ESPACIOS PÚBLICOS,,9145.35,9145.35
2025,X08,Mantenimiento urbano,ENTORNO PLAZA DE SAN CRISTOBAL. ADECUACIÓN DE VIALES Y MEJORA DE LA ACCESIBILIDAD,,447731.92,437664.96
2025,X08,Mantenimiento urbano,ÁREAS INFANTILES INTEGRACIÓN DISTRITO SAN BLAS. TRANSFORMACIÓN E INSTALACIÓN (ID 21: 17328),,172319.13,172319.13
2025,X08,Mantenimiento urbano,"CALLE BOLTAÑA, DISTRITO DE SAN BLAS-CANILLEJAS. MEJORA DE LAS CONDICIONES DE RODADURA",,173812.05,172921.15
2025,X08,Mantenimiento urbano,"IFS-CALLE TROYA, DISTRITO SAN BLAS-CANILLEJAS. MEJORA DE LAS CONDICIONES DE RODADURA",,288106.06,287835.26
2025,X09,Medio ambiente,,,606103.84,604235.67
2025,X09,Medio ambiente,FUENTES BEBEDERO EN EL DISTRITO SAN BLAS-CANILLEJAS. INSTALACIÓN,,279.7,88.12
2025,X09,Medio ambiente,"FUENTE DUBHE, CONMEMORATIVA ESCUDO HISTÓRICO DE MADRID EN DISTRITO SAN BLAS-CANILLEJAS. INSTALACIÓN",,15637.91,15637.91
2025,X09,Medio ambiente,ZONA VERDE EN CALLE DÉDALO. EJECUCIÓN PARQUE BIOCONECTA,,10940.0,10939.09
2025,X09,Medio ambiente,ZONA VERDE EN EL BARRIO DE REJAS. OBRAS DE ACONDICIONAMIENTO (ID 21: 17683),,573954.48,572278.8
2025,X09,Medio ambiente,EQUIPOS RECARGA VEHÍCULOS ELÉCTRICOS EN SEDE DISTRITO SAN BLAS-CANILLEJAS. MEJORA INSTALACIÓN,,2582.12,2582.12
2025,X09,Medio ambiente,"EQUIPOS RECARGA VEHÍCULOS ELÉCTRICOS DEPENDENCIAS CALLE ALBARRACÍN, 33. MEJORA INSTALACIÓN",,2709.63,2709.63
2025,X03,Protección y promoción social,,,403035.92,286459.65
2025,X03,Protección y promoción social,EQUIPAMIENTO EDIFICIO TIC DISTRITO SAN BLAS-CANILLEJAS,,132953.35,132953.35
2025,X03,Protección y promoción social,EQUIPAMIENTO CENTROS DE MAYORES DISTRITO SAN BLAS-CANILLEJAS,,27713.55,
2025,X03,Protección y promoción social,EQUIPAMIENTO CENTRO DE SERVICIOS SOCIALES TORRE ARIAS,,40000.0,18128.73
2025,X03,Protección y promoción social,EQUIPAMIENTO CENTRO DE MAYORES ANTONIO MACHADO,,2114.46,
2025,X03,Protección y promoción social,EQUIPAMIENTO CENTRO DE MAYORES CASTILLO DE UCLÉS,,2730.92,
2025,X03,Protección y promoción social,EQUIPAMIENTO CENTRO DE MAYORES PABLO CASALS,,3135.47,
2025,X03,Protección y promoción social,EQUIPAMIENTO CENTRO DE MAYORES CIUDAD PEGASO,,197.91,
2025,X03,Protección y promoción social,CENTRO DE MAYORES Y DÍA LAS ROSAS. CONSTRUCCIÓN,,189324.77,134619.77
2025,X03,Protección y promoción social,EQUIPAMIENTO CENTRO DE MAYORES ESFINGE,,4107.69,
2025,X03,Protección y promoción social,EQUIPAMIENTO DEL ESPACIO DE IGUALDAD LUCÍA SÁNCHEZ SAORNIL,,757.8,757.8
2025,X05,Educación,,,90162.65,90085.89
2025,X05,Educación,EQUIPAMIENTO ESCUELA DE MÚSICA ANTONIO MACHADO,,1553.92,1553.92
2025,X05,Educación,EQUIPAMIENTO ESCUELA INFANTIL HIEDRA,,251.68,174.92
2025,X05,Educación,EQUIPAMIENTO ESCUELA INFANTIL LAS MERCEDES,,25072.35,25072.35
2025,X05,Educación,EQUIPAMIENTO ESCUELA INFANTIL LA DEL MANOJO DE ROSAS,,4643.68,4643.68
2025,X05,Educación,"ESCUELA INFANTIL HIEDRA. OBRAS ADECUACIÓN CLIMATIZACIÓN, INSTALACIÓN ZONAS DE SOMBRA Y OTRAS",,50295.5,50295.5
2025,X05,Educación,"ESCUELA INFANTIL LA DEL MANOJO DE ROSAS. MEJORA INSTALACIONES, TOLDOS Y EFICIENCIA ENERGÉTICA",,7943.8,7943.8
2025,X05,Educación,ESCUELA INFANTIL LA ALEGRÍA DE LA HUERTA. SEÑALIZACIÓN,,401.72,401.72
2025,X04,Salud pública,,,24701.67,24701.67
2025,X04,Salud pública,"CENTRO ATENCIÓN A LAS ADICCIONES (CAD) SAN BLAS, C/ALCALÁ, 527. MAQUINARIA",,1137.04,1137.04
2025,X04,Salud pública,CMSc CENTRO MUNICIPAL DE SALUD COMUNITARIA DE SAN BLAS.INSTALACIONES TÉCNICAS,,16740.35,16740.35
2025,X04,Salud pública,EQUIPAMIENTO CMSc CENTRO MUNICIPAL DE SALUD COMUNITARIA DE SAN BLAS,,508.51,508.51
2025,X04,Salud pública,CENTRO MUNICIPAL DE SALUD COMUNITARIA SAN BLAS. INSTALACIONES TÉCNICAS,,1350.11,1350.11
2025,X04,Salud pública,"CENTRO ATENCIÓN A LAS ADICCIONES (CAD) SAN BLAS, C/ ALCALÁ, 527. INSTALACIONES TÉCNICAS",,4965.66,4965.66
2025,X01,Protección Civil y seguridad ciudadana,,,272024.35,226209.01
2025,X01,Protección Civil y seguridad ciudadana,UNIDAD INTEGRAL DE POLICÍA MUNICIPAL Y BASE DEL SAMUR DE SAN BLAS-CANILLEJAS. CONSTRUCCIÓN,,164664.96,118849.62
2025,X01,Protección Civil y seguridad ciudadana,COMISARÍA INTEGRAL POLICÍA MUNICIPAL DISTRITO SAN BLAS-CANILLEJAS. MOBILIARIO Y EQUIPOS DE OFICINA,,6521.9,6521.9
2025,X01,Protección Civil y seguridad ciudadana,PARQUE DE BOMBEROS Nº 7 DISTRITO SAN BLAS-CANILLEJAS. OTRO MOBILIARIO Y ENSERES,,99297.6,99297.6
2025,X01,Protección Civil y seguridad ciudadana,EQUIPAMIENTO COMISARÍA INTEGRAL POLICÍA MUNICIPAL DEL DISTRITO DE SAN BLAS-CANILLEJAS,,1539.89,1539.89
2025,X12,Otros bienes públicos de carácter social,,,3720.75,3720.75
2025,X12,Otros bienes públicos de carácter social,EQUIPAMIENTO OFICINA DE ATENCIÓN A LA CIUDADANÍA (OAC) SAN BLAS-CANILLEJAS. LÍNEA MADRID,,3611.85,3611.85
2025,X12,Otros bienes públicos de carácter social,"OFICINA DE ATENCIÓN A LA CIUDADANÍA LÍNEA MADRID DE SAN BLAS-CANILLEJAS, 4. SEÑALIZACIÓN",,108.9,108.9
2026,X10,Cultura,,,947127.75,
2026,X10,Cultura,"EDIFICIO MUNICIPAL C/ MONTAMARTA, 7. OBRAS DE ACONDICIONAMIENTO PARA CENTRO CULTURAL",,2.75,
2026,X10,Cultura,"AUDITORIO DEL PARQUE PARAISO, BARRIO GRAN SAN BLAS. OBRAS DE ACONDICIONAMIENTO",,207125.0,
2026,X10,Cultura,"CENTRO CULTURAL BUERO VALLEJO. OBRAS DE MEJORA EN CUBIERTAS, FACHADA Y OTRAS",,450000.0,
2026,X10,Cultura,CENTRO CULTURAL CIUDAD PEGASO. OBRAS DE CLIMATIZACIÓN,,290000.0,
2026,X11,"Deportes, juventud y esparcimiento",,,6735403.97,1248113.34
2026,X11,"Deportes, juventud y esparcimiento","PABELLÓN DEPORTIVO EN CALLE MÓNACO, 10, DISTRITO SAN BLAS-CANILLEJAS. CONSTRUCCIÓN",,729650.0,
2026,X11,"Deportes, juventud y esparcimiento",CENTRO DE DEPORTES ACUÁTICO. CONSTRUCCIÓN,,144271.95,144271.95
2026,X11,"Deportes, juventud y esparcimiento",CENTRO DEPORTIVO SAN BLAS. OBRAS DE REFORMA DEL PABELLÓN ANTONIO MATA,,3000000.0,512575.46
2026,X11,"Deportes, juventud y esparcimiento",CENTRO DEPORTIVO SAN BLAS. OBRAS DE REFORMA DE ASEOS DEL PABELLÓN CIRCULAR,,444898.17,442579.15
2026,X11,"Deportes, juventud y esparcimiento","DEPORTIVO BÁSICO MEDIO AMPOSTA, ÁMBITO GRAN SAN BLAS. REFORMA VESTUARIOS Y CERRAMIENTO",,3498.34,3498.34
2026,X11,"Deportes, juventud y esparcimiento",CENTRO DEPORTIVO SAN BLAS. ADECUACIÓN INSTALACIONES TÉRMICAS Y OTRAS MEJORAS,,295000.0,145188.44
2026,X11,"Deportes, juventud y esparcimiento","DEPORTIVO BÁSICO LUCANO (ANTONIO PALACIOS). ADECUACIÓN CAMPO FÚTBOL, CERRAMIENTO Y OTRAS",,990000.0,
2026,X11,"Deportes, juventud y esparcimiento",EQUIPAMIENTO AUDIOVISUAL NUEVO PABELLÓN POLIDEPORTIVO LAS ROSAS,,17814.88,
2026,X11,"Deportes, juventud y esparcimiento",NUEVO PABELLÓN POLIDEPORTIVO LAS ROSAS. ADQUISICIÓN DE MOBILIARIO DE OFICINA,,131187.0,
2026,X11,"Deportes, juventud y esparcimiento",EQUIPAMIENTO DEPORTIVO NUEVO PABELLÓN POLIDEPORTIVO LAS ROSAS,,285830.7,
2026,X11,"Deportes, juventud y esparcimiento",NUEVO PABELLÓN POLIDEPORTIVO LAS ROSAS. INSTALACIÓN DE TORNOS DE ACCESO,,43704.0,
2026,X11,"Deportes, juventud y esparcimiento",NUEVO PABELLÓN POLIDEPORTIVO LAS ROSAS. ADQUISICIÓN DE FREGADORAS Y ASPIRADORAS,,47675.81,
2026,X11,"Deportes, juventud y esparcimiento","DEPORTIVO BÁSICO GUADALAJARA. OBRAS ADECUACIÓN CAMPOS FÚTBOL 7, VESTUARIOS E INSTALACIÓN ELÉCTRICA",,580000.0,
2026,X11,"Deportes, juventud y esparcimiento",CENTRO DEPORTIVO FERNANDO CARRO-LAS ROSAS. OTRO MOBILIARIO Y ENSERES,,21873.12,
2026,X00,Inversiones de carácter general,,,200162.0,10276.48
2026,X00,Inversiones de carácter general,QUINTA DE TORRE ARIAS. REHABILITACIÓN EDIFICACIONES,,132662.0,10276.48
2026,X00,Inversiones de carácter general,EQUIPAMIENTO SERVICIOS ADMINISTRATIVOS DEL DISTRITO SAN BLAS-CANILLEJAS,,5500.0,
2026,X00,Inversiones de carácter general,EDIFICIO SEDE INFORMÁTICA AYUNTAMIENTO DE MADRID. OBRAS Y CONSERVACIÓN,,62000.0,
2026,X06,Urbanismo,,,7331020.35,3117367.41
2026,X06,Urbanismo,"ADQUISICIÓN SUELO UE 5, APE 20.10 COLONIA FIN DE SEMANA. ZONA VERDE Y VIARIO",,86506.63,
2026,X06,Urbanismo,DIVERSAS CALLES BARRIO SIMANCAS REMODELACIÓN Y RENOVACIÓN DE PAVIMENTOS,,29212.01,29212.01
2026,X06,Urbanismo,VÍAS PÚBLICAS DEL DISTRITO DE SAN BLAS-CANILLEJAS. OBRAS DE REMODELACIÓN,,5000.0,
2026,X06,Urbanismo,ÁMBITO DE LA AVENIDA DE NIZA Y ZONAS ADYACENTES. OBRAS DE RENATURALIZACIÓN,,2090976.34,839155.4
2026,X06,Urbanismo,"PARCELA G, DISTRITO SAN BLAS-CANILLEJAS, CALLES DEPORTISTAS, ALBAIDA Y OTRAS. REGENERACIÓN URBANA",,570438.59,20438.58
2026,X06,Urbanismo,CALLE JULIO 23 EN EL AMBITO AP20.10 COLONIA FIN DE SEMANA. OBRAS ACCESORIAS DE URBANIZACIÓN,,789.9,
2026,X06,Urbanismo,ÁREA PLANEAMIENTO ESPECÍFICO 20.10 COLONIA FIN SEMANA UE-5. URBANIZACIÓN AVDA. FERMINA SEVILLANO 5-9,,83392.9,
2026,X06,Urbanismo,AVENIDA DE ARAGÓN 404. OBRAS ACCESORIAS DE URBANIZACIÓN,,452672.96,
2026,X06,Urbanismo,AVENIDA DE ARAGÓN 406. OBRAS ACCESORIAS DE URBANIZACIÓN,,254182.02,26996.35
2026,X06,Urbanismo,ESPACIOS LIBRES EN EL ENTORNO DE LA CIUDAD DEPORTIVA DE SAN BLAS. REMODELACIÓN DE LA URBANIZACIÓN,,3757849.0,2201565.07
2026,X07,Infraestructuras,,,262656.8,2656.8
2026,X07,Infraestructuras,"CALLES ALCALÁ, SAN MARIANO, BOLTAÑA Y NICOLASA GÓMEZ. ADECUACIÓN ZONA DE APARCAMIENTO",,262656.8,2656.8
2026,X08,Mantenimiento urbano,,,480140.07,176352.73
2026,X08,Mantenimiento urbano,"ÁREA DE JUEGO INCLUSIVA PARQUE AJOFRÍN (C/ AJOFRÍN, 2). RENOVACIÓN Y TRANSFORMACIÓN",,167421.1,167421.09
2026,X08,Mantenimiento urbano,CALLE RIBADUMIA DISTRITO SAN BLAS-CANILLEJAS. ADECUACIÓN DE VIALES Y MEJORA DE LA ACCESIBILIDAD,,8931.64,8931.64
2026,X08,Mantenimiento urbano,IFS-MUROS DE LA CALLE DE LOS MARINEROS. ADECUACIÓN DE RAMPA Y ACCESIBILIDAD,,30000.0,
2026,X08,Mantenimiento urbano,"IFS-CALLE VEINTICINCO DE SEPTIEMBRE, DISTRITO DE SAN BLAS-CANILLEJAS. MEJORA DE CONDICIONES DE RODADURA",,2309.72,
2026,X08,Mantenimiento urbano,"GLORIETA RICARDO VELÁZQUEZ BOSCO, DISTRITO SAN BLAS-CANILLEJAS. MEJORA CONDICIONES DE RODADURA",,55080.57,
2026,X08,Mantenimiento urbano,"IFS-C/DE ESPARTA, VICENTE JIMÉNEZ Y OTRAS DISTRITO DE SAN BLAS-CANILLEJAS. MEJORA CONDICIONES RODADURA",,216397.04,
2026,X09,Medio ambiente,,,2092086.99,127054.47
2026,X09,Medio ambiente,CENTROS CARGA ENERGÍA ELÉCTRICA E HIDRÓGENO VEHÍCULOS SIN EMISIONES. DISTRITO SAN BLAS-CANILLEJAS,,7149.67,
2026,X09,Medio ambiente,"FUENTE DUBHE, CONMEMORATIVA ESCUDO HISTÓRICO DE MADRID EN DISTRITO SAN BLAS-CANILLEJAS. INSTALACIÓN",,238018.99,703.03
2026,X09,Medio ambiente,"PUNTO LIMPIO FIJO SAN BLAS-CANILLEJAS, C/ SAN ROMUALDO 20. ADQUISICIÓN CONTENEDORES METÁLICOS",,6776.0,
2026,X09,Medio ambiente,PARQUE QUINTA DE LOS MOLINOS. OBRAS DE REHABILITACIÓN MUROS,,250000.0,11830.07
2026,X09,Medio ambiente,PARQUE DE LA QUINTA DE TORRE ARIAS. MAQUINARIA,,1929.95,
2026,X09,Medio ambiente,PARQUE DE LA QUINTA DE TORRE ARIAS. REHABILITACIÓN DE MURO,,500000.0,
2026,X09,Medio ambiente,PARQUE DE CANILLEJAS. OBRAS DE REFORMA INTEGRAL,,150000.0,
2026,X09,Medio ambiente,ZONA VERDE ENTRE LA AVENIDAD DE NIZA Y LA CALLE SUECIA. REHABILITACIÓN,,77500.0,
2026,X09,Medio ambiente,ZONA VERDE EN CALLE DÉDALO. EJECUCIÓN PARQUE BIOCONECTA,,668369.0,22022.69
2026,X09,Medio ambiente,ÁREAS CANINAS EN ZONAS VERDES DEL DISTRITO DE SAN BLAS-CANILLEJAS. OBRAS DE ACONDICIONAMIENTO,,188744.2,88899.5
2026,X09,Medio ambiente,ESPECIES VEGETALES AUTÓCTONAS Y PÉRGOLAS VEGETADAS DISTRITO SAN BLAS-CANILLEJAS (ID 24: 20767),,1499.6,1499.6
2026,X09,Medio ambiente,PARQUES DISTRITO SAN BLAS-CANILLEJAS. REPLANTACIÓN DE ÁRBOLES Y ADECUACIÓN DEL RIEGO  (ID 24: 21374),,2099.58,2099.58
2026,X03,Protección y promoción social,,,1443385.96,48381.75
2026,X03,Protección y promoción social,EQUIPAMIENTO CENTROS DE MAYORES DISTRITO SAN BLAS-CANILLEJAS,,0.16,
2026,X03,Protección y promoción social,EQUIPAMIENTO CENTRO DE SERVICIOS SOCIALES TORRE ARIAS,,16257.0,16256.47
2026,X03,Protección y promoción social,EQUIPAMIENTO CENTRO DE MAYORES ANTONIO MACHADO,,1568.78,1568.78
2026,X03,Protección y promoción social,EQUIPAMIENTO CENTRO DE MAYORES CASTILLO DE UCLÉS,,4270.14,4270.14
2026,X03,Protección y promoción social,EQUIPAMIENTO CENTRO DE MAYORES PABLO CASALS,,3473.55,3473.35
2026,X03,Protección y promoción social,EQUIPAMIENTO CENTRO DE MAYORES CIUDAD PEGASO,,582.54,582.54
2026,X03,Protección y promoción social,CENTRO DE MAYORES Y DÍA LAS ROSAS. CONSTRUCCIÓN,,375976.2,
2026,X03,Protección y promoción social,EQUIPAMIENTO CENTRO DE MAYORES ESFINGE,,4981.83,4981.67
2026,X03,Protección y promoción social,CENTRO DE DÍA Y DE MAYORES PABLO CASALS. OBRAS DE REHABILITACIÓN Y CONSERVACIÓN,,275.76,
2026,X03,Protección y promoción social,"SERVICIOS EMPLEO CALLE MONTAMARTA, 7. OBRAS INSTALACIÓN DE REJA Y PUERTA DE SEGURIDAD EN PLANTA BAJA",,6000.0,
2026,X03,Protección y promoción social,"IFS-CENTRO DE MAYORES CASTILLO DE UCLÉS. OBRAS VALLADO EN SOPORTAL, FALSO TECHO Y PASAMANOS",,40000.0,
2026,X03,Protección y promoción social,CENTRO DE MAYORES CIUDAD PEGASO. OBRAS DIVERSAS DE REFORMA Y MEJORA (ID 24: 22093),,990000.0,17248.8
2026,X05,Educación,,,413127.25,544.5
2026,X05,Educación,EQUIPAMIENTO ESCUELA DE MÚSICA ANTONIO MACHADO,,544.5,544.5
2026,X05,Educación,EQUIPAMIENTO ESCUELA INFANTIL LAS LEANDRAS,,15457.75,
2026,X05,Educación,COLEGIO PÚBLICO REPÚBLICA DE CHILE. OBRAS ADECUACIÓN ESPACIOS Y OTRAS DE CONSERVACIÓN,,207125.0,
2026,X05,Educación,IFS-ESCUELA INFANTIL LA DEL MANOJO DE ROSAS. OBRAS DE SUSTITUCIÓN DE PERSIANAS,,60000.0,
2026,X05,Educación,IFS-ESCUELA INFANTIL HIEDRA. OBRAS DE REPARACIÓN SOLADO EN ACCESO PRINCIPAL,,20000.0,
2026,X05,Educación,IFS-COLEGIO PÚBLICO MARÍA MOLINER. OBRAS DE REPARACIÓN FACHADAS Y OTRAS INSPECCIÓN TÉCNICA DE EDIFICIOS,,60000.0,
2026,X05,Educación,IFS-COLEGIO PÚBLICO REPÚBLICA DE CHILE. OBRAS REPARACIÓN FACHADAS Y OTRAS INSPECCIÓN TÉCNICA EDIFICIOS,,50000.0,
2026,X04,Salud pública,,,36133.27,108.0
2026,X04,Salud pública,CMSc CENTRO MUNICIPAL DE SALUD COMUNITARIA DE SAN BLAS.INSTALACIONES TÉCNICAS,,2452.95,
2026,X04,Salud pública,CENTRO ATENCIÓN A LAS ADICCIONES (CAD) SAN BLAS. INSTALACIONES CENTRALES TÉRMICAS Y CALDERAS,,30820.98,
2026,X04,Salud pública,EQUIPAMIENTO CENTRO DE ATENCIÓN A LAS ADICCIONES (CAD) SAN BLAS,,1240.84,108.0
2026,X04,Salud pública,CENTRO MUNICIPAL DE SALUD COMUNITARIA DE SAN BLAS. MAQUINARIA PREVENCIÓN Y PROMOCIÓN DE LA SALUD,,1618.5,
2026,X01,Protección Civil y seguridad ciudadana,,,11273.06,
2026,X01,Protección Civil y seguridad ciudadana,UNIDAD INTEGRAL DE POLICÍA MUNICIPAL Y BASE DEL SAMUR DE SAN BLAS-CANILLEJAS. CONSTRUCCIÓN,,11273.06,
