Año,Id Línea,Nombre Línea,Inversión,Inversión,Presupuesto Gasto,Gasto Real
2011,X00,Inversiones de carácter general,,,4997980.45,4982369.13
2011,X00,Inversiones de carácter general,"EDIFICIO PZ. DE LA VILLA, 4. ACONDICIONAMIENTO",,649589.51,649589.51
2011,X00,Inversiones de carácter general,"EDIFICIO C/ SACRAMENTO, 7 Y 9. REFORMA",,738202.93,738202.93
2011,X00,Inversiones de carácter general,"EDIFICIO C/ MAYOR, 69. OBRAS DE ACONDICIONAMIENTO",,26207.99,26207.99
2011,X00,Inversiones de carácter general,OBRAS CONSERVACIÓN EDIFICIOS DISTRITO CENTRO,,4972.82,
2011,X00,Inversiones de carácter general,"SEÑALIZACIÓN EDIFICIO PLAZA DE LA VILLA, 4",,5000.0,2097.0
2011,X00,Inversiones de carácter general,"ACONDICIONAMIENTO EDIFICIO PLAZA DE LA VILLA, 4",,39840.97,32109.35
2011,X00,Inversiones de carácter general,"EDIFICIO C/ALCALÁ, 45. ADAPTACIÓN A IMAGEN CORPORATIVA OFICINA + MADRID",,99593.86,99593.86
2011,X00,Inversiones de carácter general,"EDIFICIO C/ SACRAMENTO, 3 Y 5. ACONDICIONAMIENTO",,4977.75,4977.75
2011,X00,Inversiones de carácter general,"EDIFICIO C/ BAILÉN, 41. ACONDICIONAMIENTO",,3767.73,3767.73
2011,X00,Inversiones de carácter general,"EDIFICIO C/ SEÑORES DE LUZÓN, 3. ADECUACIÓN",,5896.96,5896.96
2011,X00,Inversiones de carácter general,"EDIFICIO AGENCIA TRIBUTARIA, C/ SACRAMENTO, 1. ACONDICIONAMIENTO",,25164.46,25164.46
2011,X00,Inversiones de carácter general,"EDIFICO C/ ALCALÁ, 45. OBRAS INSTALACIÓN ENCENDIDO AUTOMÁTICO",,515254.01,515254.01
2011,X00,Inversiones de carácter general,"PATRONATO DE TURISMO, CASA DE LA PANADERÍA. SUBSANACIÓN DE PATOLOGÍAS",,4297.71,4297.71
2011,X00,Inversiones de carácter general,EDIFICIO C/ MAYOR 69. REHABILITACIÓN,,2682332.56,2682332.56
2011,X00,Inversiones de carácter general,"EDIFICIO C/ BARQUILLO, 17. REFORMA INSTALACIÓN ELÉCTRICA",,74825.88,74825.88
2011,X00,Inversiones de carácter general,"EDIFICIO PLAZA VILLA, 4. ACONDICIONAMIENTO LOCALES AUXILIARES PRESIDENCIA PLENO",,28986.77,28986.77
2011,X00,Inversiones de carácter general,"EDIFICO C/ ALCALÁ, 21. INSTALACIÓN LÁMINAS DE PROTECCIÓN SOLAR",,2425.53,2425.53
2011,X00,Inversiones de carácter general,"EDIFICIO C/ MAYOR, 71. OBRAS DE ADECUACIÓN DE ESPACIOS",,23028.63,23028.63
2011,X00,Inversiones de carácter general,QUIOSCO DE BEBIDAS EN PARQUE DE ATENAS. OBRAS DE ACONDICIONAMIENTO,,58413.56,58413.56
2011,X00,Inversiones de carácter general,"CAFÉ TERRAZA PARQUE CASINO DE LA REINA, C/ RONDA DE TOLEDO, 9. CONSERVACIÓN",,200.82,200.82
2011,X00,Inversiones de carácter general,"SEÑALIZACIÓN EDIFICIO SACRAMENTO, 9",,5000.0,4996.12
2011,X10,Cultura,,,31834573.91,31717558.96
2011,X10,Cultura,"EDIFICIO PLAZA DE LA VILLA, 4. ILUMINACIÓN INTERIOR DESARROLLO MUSEOGRÁFICO",,120640.64,120640.64
2011,X10,Cultura,DESARROLLO MUSEOGRÁFICO MUSEO DE LOS ORÍGENES,,398945.0,397610.59
2011,X10,Cultura,CUARTEL CONDE DUQUE. RESTAURACIÓN,,82276.02,81169.42
2011,X10,Cultura,SERRERÍA BELGA. ACTUACIONES ARQUITECTÓNICAS,,3718604.09,3662564.19
2011,X10,Cultura,EQUIPAMIENTO BIBLIOTECA CONDE DUQUE,,76771.55,76735.28
2011,X10,Cultura,"ESTATUA MIGUEL DE CERVANTES, PZA. DE LAS CORTES. OBRAS DE CIMENTACIÓN",,58978.37,58978.37
2011,X10,Cultura,NUEVO EQUIPAMIENTO BIBLIOTECA EN PALACIO IVÁN DE VARGAS. PUESTA EN MARCHA,,237965.8,237965.8
2011,X10,Cultura,"OFICINAS EXPOSICIONES CONDE DUQUE, C/CONDE DUQUE, 9. ADQUISICIÓN MOBILIARIO",,39727.3,39410.36
2011,X10,Cultura,DESARROLLO MUSEOGRÁFICO EN EL MUSEO DE HISTORIA,,7198.68,7198.68
2011,X10,Cultura,"VESTÍBULO MUSEO DE HISTORIA, C/FUENCARRAL, 78. ADQUISICIÓN DE BIENES",,114351.32,84604.36
2011,X10,Cultura,ADECUACIÓN DE TEATRO MUNICIPAL Y ANEJOS EN PATIO SUR DE CONDE DUQUE,,1842186.7,1841883.89
2011,X10,Cultura,REHABILITACIÓN DE LA HEMEROTECA MUNICIPAL EN LA CRUJÍA NORTE DE CONDE DUQUE,,3559102.45,3558935.16
2011,X10,Cultura,REHABILITACIÓN DEL ARCHIVO DE LA VILLA EN PATIO NORTE DE CONDE DUQUE,,3395288.52,3394872.29
2011,X10,Cultura,INSTALACIONES EN SALAS DE EXPOSICIONES EN PATIO SUR DE CONDE DUQUE,,2978509.88,2978315.5
2011,X10,Cultura,ADECUACIÓN FUNCIONAL SALÓN DE ACTOS CULTURALES CRUJÍA SUR DEL CONDE DUQUE,,3617446.48,3617264.46
2011,X10,Cultura,REHABILITACIÓN FACHADAS HISTÓRICAS Y CUBIERTAS ANTIGUO CUARTEL CONDE DUQUE,,1128677.37,1128028.63
2011,X10,Cultura,REHABILITACIÓN BIBLIOTECA PÚBLICA Bº ARGÜELLES PATIO CENTRAL CONDE DUQUE,,4852856.38,4850644.72
2011,X10,Cultura,REHABILITACIÓN Y ADECUACIÓN ENERGÉTICA AUDITORIO PATIO CENTRAL  CONDE DUQUE,,3208397.68,3205639.5
2011,X10,Cultura,MUSEO MUNICIPAL. REHABILITACIÓN,,1251768.0,1230539.48
2011,X10,Cultura,CENTRO ARTESANAL DEL LIBRO. ADAPTACIÓN  EDIFICIO C/CONCEPCIÓN JERÓNIMA,,45459.86,45459.86
2011,X10,Cultura,REHABILITACIÓN Y RENOVACIÓN INSTALACIONES CENTRALES EDIFICIO CONDE DUQUE,,1015928.03,1015603.99
2011,X10,Cultura,"SALA DE EXPOSICIONES LA PALOMA, C/ TOLEDO, 108. OBRAS DE CONSERVACIÓN",,4011.58,4011.58
2011,X10,Cultura,"CENTRO CULTURAL CLARA DEL REY, C/ PALMA, 36. OBRAS DE CONSERVACIÓN",,4109.05,4109.05
2011,X10,Cultura,"CENTRO CULTURAL LAVAPIES, C/ OLIVAR, 46. OBRAS DE CONSERVACIÓN",,6499.88,6499.88
2011,X10,Cultura,"CENTRO CULTURAL PUERTA DE TOLEDO, AV. GRAN VÍA SAN FRANCISCO, 2. CONSERVACIÓN",,944.6,944.6
2011,X10,Cultura,"EDIFICIO C/ CUESTA  D.RAMÓN, 4. ACONDICIONAMIENTO SALA EXPOSICIONES DON DE MARÍA",,67928.68,67928.68
2011,X01,Protección Civil y seguridad ciudadana,,,137971.12,137966.67
2011,X01,Protección Civil y seguridad ciudadana,"PARQUE DE BOMBEROS Nº 6, C/IMPERIAL, 8. INSTALACIÓN BOMBA A PRESIÓN",,12774.1,12774.1
2011,X01,Protección Civil y seguridad ciudadana,"UNIDAD INTEGRAL POLICIA, PZ.S.TORRES ACOSTA.IMPLANTACIÓN IMAGEN CORPORATIVA",,99458.91,99458.91
2011,X01,Protección Civil y seguridad ciudadana,EDIFICIO C/ NAO. INSTALACIONES SEGURIDAD,,5208.11,5208.11
2011,X01,Protección Civil y seguridad ciudadana,PARQUE DE BOMBEROS Nº 6. ADECUACIÓN INSTALACIONES DE CLIMATIZACIÓN,,15100.0,15096.61
2011,X01,Protección Civil y seguridad ciudadana,PARQUE DE BOMBEROS Nº 6. ADECUACIÓN INSTALACIONES DE LA COCINA,,5430.0,5428.94
2011,X14,Sectores productivos,,,375379.37,304478.61
2011,X14,Sectores productivos,ACONDICIONAMIENTO DE LOCAL PARA CENTRO DE INNOVACIÓN EN LA CIUDAD DE MADRID,,120432.96,54038.08
2011,X14,Sectores productivos,EQUIPAMIENTO DIVERSO MADRID INTERNACIONAL LAB,,248184.59,243678.82
2011,X14,Sectores productivos,SEÑALIZACIÓN. MADRID INTERNATIONAL LAB,,6761.82,6761.71
2011,X09,Medio ambiente,,,1029923.17,1008278.6
2011,X09,Medio ambiente,"RECUPERACIÓN TALUD DE ZONA VERDE CATALOGADA ""JARDINES DE VIRGEN DEL PUERTO",,1029923.17,1008278.6
2011,X08,Mantenimiento urbano,,,2876256.18,2876256.17
2011,X08,Mantenimiento urbano,RENOVACIÓN INTEGRAL INSTALACIONES Y PAVIMENTOS. PRIS Z-1 DISTRITO CENTRO,,2330084.3,2330084.3
2011,X08,Mantenimiento urbano,ADAPTACIÓN INSTALACIONES ALUMBRADO PÚBLICO A NORMATIVA. CENTRO,,233103.4,233103.4
2011,X08,Mantenimiento urbano,MEJORA RODADURA Y DISMINUCIÓN EMISIONES SONORAS VÍAS PÚBLICAS. DTO. CENTRO,,308201.84,308201.84
2011,X08,Mantenimiento urbano,INSTALACIÓN PLACAS IDENTIFICATIVAS DE CALLES Y BOLARDOS DISTRITO CENTRO,,4866.64,4866.63
2011,X03,Protección y promoción social,,,2275630.6,2088992.48
2011,X03,Protección y promoción social,EQUIPAMIENTO NUEVO CENTRO DE DÍA DE MAYORES ESCUELAS PÍAS,,208100.0,126611.21
2011,X03,Protección y promoción social,"EQUIPAMIENTO NUEVO CENTRO DE MAYORES ANTÓN MARTÍN, C/ CABEZA, 14",,120000.0,87427.28
2011,X03,Protección y promoción social,CENTRO DE DÍA DE MAYORES SAN FRANCISCO EL GRANDE. ACONDICIONAMIENTO,,41792.69,41792.69
2011,X03,Protección y promoción social,"CENTRO DE MAYORES ANTÓN MARTÍN, C/ CABEZA, 14. OBRAS DE CONSERVACIÓN",,14919.99,14919.99
2011,X03,Protección y promoción social,"APARTAMENTOS TUTELADOS SAN FRANCISCO, C/JERTE, 1. OBRAS DE ACONDICIONAMIENTO",,33626.66,33626.66
2011,X03,Protección y promoción social,"EQUIPAMIENTO CENTRO DE MAYORES ANTÓN MARTÍN, C/ CABEZA, 14",,2500.0,2129.99
2011,X03,Protección y promoción social,"EQUIPAMIENTO CENTRO DE MAYORES DOS AMIGOS, C/ DOS AMIGOS, 4",,2500.0,2352.41
2011,X03,Protección y promoción social,"REHABILITACIÓN PARA CENTRO DE ATENCIÓN SOCIAL A MAYORES. C/ DOS AMIGOS, 4.",,1007416.13,989824.76
2011,X03,Protección y promoción social,"REHABILITACIÓN PARA CENTRO DE ATENCIÓN SOCIAL A MAYORES. C/ CABEZA, 14.",,516186.63,514436.12
2011,X03,Protección y promoción social,"EQUIPAMIENTO NUEVO CENTRO DE MAYORES DOS AMIGOS, C/ DOS AMIGOS, 4",,174500.0,121782.87
2011,X03,Protección y promoción social,"SEÑALIZACIÓN CENTRO DE MAYORES DOS AMIGOS, C/ DOS AMIGOS, 4",,3500.0,3500.0
2011,X03,Protección y promoción social,"SEÑALIZACIÓN CENTRO DE MAYORES ANTÓN MARTÍN, C/ CABEZA, 14",,3500.0,3500.0
2011,X03,Protección y promoción social,"CENTRO DE ATENCIÓN A LA INFANCIA CAI 1, C/ PALOMA, 23. CLIMATIZACIÓN",,58806.95,58806.95
2011,X03,Protección y promoción social,"CENTRO DE SERVICIOS SOCIALES LA PALOMA, C/ LA PALOMA, 37 Y 39. CONSERVACIÓN",,3445.6,3445.6
2011,X03,Protección y promoción social,"CENTRO DE DÍA DE MAYORES CASINO DE LA REINA, C/ CASINO, 3. CONSERVACIÓN",,10823.27,10823.27
2011,X03,Protección y promoción social,CENTRO DÍA DE ALZHEIMER CARMEN CONDE. SUPRESIÓN BARRERAS ARQUITECTÓNICAS,,1079.88,1079.88
2011,X03,Protección y promoción social,"CENTRAL SAMUR SOCIAL, CARRERA DE SAN FRANCISCO, 10. OBRAS DE CONSERVACIÓN",,213.9,213.9
2011,X03,Protección y promoción social,CENTRO DE MAYORES BENITO MARTÍN LOZANO. OBRAS DE CONSERVACIÓN DE CUBIERTA,,35144.61,35144.61
2011,X03,Protección y promoción social,CENTRO SERVICIOS SOCIALES Y COMUNITARIO CASINO REINA. ADECUACIÓN LUCERNARIO,,37574.29,37574.29
2011,X05,Educación,,,1060502.98,1057587.15
2011,X05,Educación,EQUIPAMIENTO RESIDENCIA INTERNADO SAN ILDEFONSO,,9100.0,6435.08
2011,X05,Educación,"COLEGIO PÚBLICO EMILIA PARDO BAZÁN, C/VENTORRILLO, 14. ACONDICIONAMIENTO",,66953.4,66953.4
2011,X05,Educación,EDIFICIO RESIDENCIA INTERNADO SAN ILDEFONSO. SUBSANANCIÓN PATOLOGÍAS,,77773.64,77773.64
2011,X05,Educación,"ESCUELA INFANTIL C/OLIVAR, 48. SUBSANACIÓN PATOLOGÍAS",,7216.47,7216.47
2011,X05,Educación,"EQUIPAMIENTO ESCUELA INFANTIL LA PALOMA, C/ TABERNILLAS, 2",,4752.43,4752.43
2011,X05,Educación,OBRAS CONSERVACIÓN COLEGIOS PÚBLICOS DISTRITO CENTRO,,103.12,
2011,X05,Educación,"COLEGIO PÚBLICO PALACIO VALDÉS, Pº. DEL PRADO, 38. OBRAS DE CONSERVACIÓN",,27545.73,27545.73
2011,X05,Educación,"COLEGIO PÚBLICO EMILIA PARDO BAZÁN, C/ VENTORRILLO, 14. OBRAS DE CONSERVACIÓN",,5042.9,5042.9
2011,X05,Educación,"COLEGIO PÚBLICO VÁZQUEZ DE MELLA, C/ BAILÉN, 18. ACONDICIONAMIENTO FACHADAS",,58901.8,58901.8
2011,X05,Educación,"COLEGIO PÚBLICO ISABEL LA CATÓLICA, C/ BARCELÓ, 2. OBRAS DE CONSERVACIÓN",,58064.33,58064.33
2011,X05,Educación,"COLEGIO PÚBLICO SAN ILDEFONSO, C/ ALFONSO VI, 1. OBRAS DE CONSERVACIÓN",,13185.84,13185.84
2011,X05,Educación,"CONSTRUCCIÓN ESCUELA INFANTIL EN BARRIO DE EMBAJADORES. C/OLIVAR, 48-50.",,403299.0,403151.21
2011,X05,Educación,"RESIDENCIA INTERNADO SAN ILDEFONSO, C/ ALFONSO, VI, 1. REFORMA",,59713.58,59713.58
2011,X05,Educación,"EQUIPAMIENTO NUEVA ESCUELA INFANTIL C/ OLIVAR, 48",,53888.54,53888.54
2011,X05,Educación,"EQUIPAMIENTO ESCUELA INFANTIL EL DUENDE, PZ. DOS DE MAYO, 2",,169.92,169.92
2011,X05,Educación,COLEGIO PÚBLICO VÁZQUEZ DE MELLA. REVESTIMIENTOS FACHADAS INTERIORES A PATIO,,58844.39,58844.39
2011,X05,Educación,COLEGIO PÚBLICO LA PALOMA. ADECUACIÓN AULAS DE EDUCACIÓN INFANTIL,,39731.56,39731.56
2011,X05,Educación,"COLEGIO PÚBLICO PI I MARGALL, PZ. DOS DE MAYO, 2. OBRAS DE CONSERVACIÓN",,80540.2,80540.2
2011,X05,Educación,"COLEGIO PÚBLICO SANTA MARÍA, RONDA DE TOLEDO, 9. ACONDICIONAMIENTO DE PATIOS",,12467.99,12467.99
2011,X05,Educación,"COLEGIO PÚBLICO ANTONIO MORENO ROSALES, C/ OLMO, 4. OBRAS DE CONSERVACIÓN",,16993.88,16993.88
2011,X05,Educación,"ESCUELA INFANTIL OSA MENOR, C/ MEJÍA LEQUERÍCA, 21. OBRAS DE CONSERVACIÓN",,3362.42,3362.42
2011,X05,Educación,"ESCUELA INFANTIL EL DUENDE, PZ. DOS DE MAYO, 2. OBRAS DE CONSERVACIÓN",,2851.84,2851.84
2011,X06,Urbanismo,,,10697996.68,10210456.1
2011,X06,Urbanismo,ÁREA DE REHABILITACIÓN PREFERENTE DE LAVAPIÉS. URBANIZACIÓN,,208334.0,14360.8
2011,X06,Urbanismo,"C/SANTA BÁRBARA, 1 Y 3. URBANIZACIÓN",,7672.41,
2011,X06,Urbanismo,PLAZA DE LAS CORTES. PLATAFORMA CENTRAL Y ADAPTACIÓN ITINERARIOS PEATONALES,,236000.0,
2011,X06,Urbanismo,ADQUISICIÓN DE SUELO C/DOCTOR FOURQUET. EQUIPAMIENTOS,,2616313.0,2616312.9
2011,X06,Urbanismo,ADQUISICIÓN DE SUELO C/OLIVAR. EQUIPAMIENTOS,,2593.51,2593.51
2011,X06,Urbanismo,"ADQUISICIÓN DE SUELO C/HUERTA DEL BAYO, 8",,1143631.0,1095420.65
2011,X06,Urbanismo,ADQUISICIÓN DE SUELO EN EL PASEO VIRGEN DEL PUERTO. ZONAS VERDES,,3971413.1,3971413.1
2011,X06,Urbanismo,MEJORA MOVILIDAD Y ACCESIBILIDAD DIVERSOS ÁMBITOS DISTRITO CENTRO,,16874.0,16874.0
2011,X06,Urbanismo,ADQUISICIÓN SUELO EN CUESTA DE LAS DESCARGAS. ZONAS VERDES,,8008.85,8008.85
2011,X06,Urbanismo,DERRIBOS ÁMBITO SANTA CATALINA APE 00.01,,61404.03,61404.03
2011,X06,Urbanismo,ESCUELAS PÍAS DE SAN ANTÓN. ADECUACIÓN ESPACIO LIBRE DE USO PÚBLICO INTERIOR,,58231.21,58231.21
2011,X06,Urbanismo,CONEXIÓN CICLISTA-PEATONAL JARDÍN HISTÓRICO CAMPO MORO Y ENTORNO PUENTE REY,,1265798.13,1265293.6
2011,X06,Urbanismo,PLATAFORMA PEATONAL-CICLISTA ENTRE MONUMENTOS RIBERA IZDA.MANZANARES NORTE,,1101723.44,1100543.45
2011,X11,"Deportes, juventud y esparcimiento",,,13175464.87,12619821.02
2011,X11,"Deportes, juventud y esparcimiento",CENTRO POLIVALENTE EN LA C/BARCELÓ. CONSTRUCCIÓN,,9606499.96,9077059.5
2011,X11,"Deportes, juventud y esparcimiento",ADECUACIÓN  EDIFICIO ESCUELAS PIAS PARA USOS SOCIALES Y EDUCATIVOS,,3443419.45,3417223.69
2011,X11,"Deportes, juventud y esparcimiento",OBRAS CONSERVACIÓN INSTALACIONES DEPORTIVAS DISTRITO CENTRO,,7.63,
2011,X11,"Deportes, juventud y esparcimiento","DEPORTIVO BÁSICO CASINO DE LA REINA, C/ CASINO, 3. OBRAS DE ACONDICIONAMIENTO",,56716.06,56716.06
2011,X11,"Deportes, juventud y esparcimiento",DEPORTIVO BÁSICO LA PALOMA. ACONDICIONAMIENTO DE FACHADAS INTERIORES,,33954.31,33954.31
2011,X11,"Deportes, juventud y esparcimiento","ALBERGUE JUVENIL, C/ MEJÍA LEQUERICA, 21. ADECUACIÓN DE ASEOS",,30078.39,30078.39
2011,X11,"Deportes, juventud y esparcimiento","ALBERGUE JUVENIL, C/ MEJÍA LEQUERÍA, 21. OBRAS DE CONSERVACIÓN",,4789.07,4789.07
2011,X12,Otros bienes públicos de carácter social,,,37656.07,37656.07
2011,X12,Otros bienes públicos de carácter social,"EDIFICIO C/ATOCHA, 70. ADECUACIÓN OFICINA ATENCIÓN AL CIUDADANO LÍNEA MADRID",,37656.07,37656.07
2011,X04,Salud pública,,,1366105.68,1272274.59
2011,X04,Salud pública,"ADQUISICIÓN DE EDIFICIO C/ EMBAJADORES, 18",,1062838.0,969006.91
2011,X04,Salud pública,"EDIFICIO C/ RIBERA DE CURTIDORES, 2. SUBSANACIÓN PATOLOGÍAS",,245007.28,245007.28
2011,X04,Salud pública,"EQUIPAMIENTO CENTRO DE SALUD BUCODENTAL, CARRERA DE SAN FRANCISCO, 16",,3931.2,3931.2
2011,X04,Salud pública,"CENTRO ASISTENCIAL C/ RIBERA DE CURTIDORES, 2. SUBSANACIÓN PATOLOGÍAS",,52550.93,52550.93
2011,X04,Salud pública,"CASA DE BAÑOS DE EMBAJADORES, GTA. DE EMBAJADORES, 2. OBRAS DE CONSERVACIÓN",,607.71,607.71
2011,X04,Salud pública,"CENTRO DE SALUD DE CENTRO, C/ NAVAS DE TOLOSA, 10. REFORMA",,1170.56,1170.56
2011,X02,"Tráfico, estacionamiento y transporte público",,,288166.04,288166.04
2011,X02,"Tráfico, estacionamiento y transporte público",SEMÁFOROS E INTERSECCIONES URBANAS DISTRITO CENTRO,,78996.26,78996.26
2011,X02,"Tráfico, estacionamiento y transporte público",SEMÁFOROS Y SEÑALIZACIÓN INTERSECCIONES URBANAS. DISTRITO CENTRO,,209169.78,209169.78
2011,X07,Infraestructuras,,,69646.56,69646.56
2011,X07,Infraestructuras,APARCAMIENTO PÚBLICO PZA.DE LAS CORTES. CONSTRUCCIÓN RAMPA NORTE DE ACCESO,,58896.56,58896.56
2011,X07,Infraestructuras,VÍA CICLISTA EJE PRADO-RECOLETOS. CONSTRUCCIÓN,,10750.0,10750.0
2012,X00,Inversiones de carácter general,,,172763.36,172288.66
2012,X00,Inversiones de carácter general,"EDIFICIO PZ. DE LA VILLA, 4. ACONDICIONAMIENTO",,1284.8,1284.8
2012,X00,Inversiones de carácter general,"EDIFICIO C/ SACRAMENTO, 7 Y 9. REFORMA",,71522.62,71522.62
2012,X00,Inversiones de carácter general,"EDIFICIO C/ MAYOR, 69. OBRAS DE ACONDICIONAMIENTO",,2560.25,2560.25
2012,X00,Inversiones de carácter general,"EDIFICIO C/ ALCALÁ, 45. ADAPTACIÓN DE ESPACIOS PLANTA 2ª",,16332.67,16332.67
2012,X00,Inversiones de carácter general,"EDIFICIO PLAZA DE LA VILLA, 4. OBRAS DE CONSERVACIÓN",,12234.04,12234.04
2012,X00,Inversiones de carácter general,"EDIFICIO C/ BARQUILLO, 17. OBRAS DE ADAPTACIÓN DE ESPACIOS",,28427.15,28427.15
2012,X00,Inversiones de carácter general,ACONDICIONAMIENTO EDIFICIO SEDE TRIBUNAL ECONÓMICO ADMINISTRATIVO,,1666.75,1666.75
2012,X00,Inversiones de carácter general,OBRAS CONSERVACIÓN EDIFICIOS DISTRITO CENTRO,,474.7,
2012,X00,Inversiones de carácter general,"EDIFICIO ESCUELAS PÍAS, C/ HORTALEZA, 69. ACONDICIONAMIENTO ESPACIOS COMUNES",,38260.38,38260.38
2012,X10,Cultura,,,5132839.62,3110445.8
2012,X10,Cultura,"EDIFICIO PLAZA DE LA VILLA, 4. ILUMINACIÓN INTERIOR DESARROLLO MUSEOGRÁFICO",,11961.84,11961.84
2012,X10,Cultura,BIBLIOTECA MUSICAL VICTOR ESPINÓS. SEÑALÉTICA,,34844.42,24043.67
2012,X10,Cultura,"EQUIPAMIENTO BIBLIOTECA VICTOR ESPINÓS, C/ CONDE DUQUE, 11",,8993.78,8993.78
2012,X10,Cultura,"EQUIPAMIENTO BIBLIOTECA HISTÓRICA, C/ CONDE DUQUE, 9",,2195.92,2195.92
2012,X10,Cultura,DESARROLLO MUSEOGRÁFICO MUSEO DE LOS ORÍGENES,,101334.41,21063.0
2012,X10,Cultura,"MUSEO DE HISTORIA C/FUENCARRAL, 78. DESARROLLO MUSEOGRÁFICO",,400000.0,
2012,X10,Cultura,"MUSEO DE ARTE CONTEMPORÁNEO, C/CONDEDUQUE, 9. DESARROLLO MUSEOGRÁFICO",,300000.0,
2012,X10,Cultura,"ESPACIO MEMORIA DE MADRID, C/CONDE DUQUE, 9. DESARROLLO MUSEOGRÁFICO",,200000.0,
2012,X10,Cultura,CUARTEL CONDE DUQUE. RESTAURACIÓN,,985226.23,75049.29
2012,X10,Cultura,SERRERÍA BELGA. ACTUACIONES ARQUITECTÓNICAS,,2966928.71,2867023.99
2012,X10,Cultura,MUSEO DE HISTORIA DE MADRID. REHABILITACIÓN ZONA CAPILLA,,21240.0,
2012,X10,Cultura,CENTRO DE APOYO AL LIBRO. INSTALACIONES DE CLIMATIZACIÓN,,20660.62,20660.62
2012,X10,Cultura,CENTRO CULTURAL PUERTA DE TOLEDO. SUSTITUCIÓN SISTEMA CLIMATIZACIÓN,,79453.69,79453.69
2012,X01,Protección Civil y seguridad ciudadana,,,94470.22,94469.67
2012,X01,Protección Civil y seguridad ciudadana,"BASE SAMUR Nº 15, PLAZA DE COLÓN. CLIMATIZACIÓN",,10828.22,10827.67
2012,X01,Protección Civil y seguridad ciudadana,"EDIFICIO SAN BERNARDO, 68. OBRAS DE DEMOLICIÓN",,83642.0,83642.0
2012,X08,Mantenimiento urbano,,,1603753.17,1603753.17
2012,X08,Mantenimiento urbano,RENOVACIÓN INTEGRAL INSTALACIONES Y PAVIMENTOS. PRIS Z-1 DISTRITO CENTRO,,1461056.15,1461056.15
2012,X08,Mantenimiento urbano,ADAPTACIÓN INSTALACIONES ALUMBRADO PÚBLICO A NORMATIVA. CENTRO,,142697.02,142697.02
2012,X03,Protección y promoción social,,,680533.2,436314.75
2012,X03,Protección y promoción social,"EQUIPAMIENTO CENTRAL SAMUR SOCIAL, CARRERA DE SAN FRANCISCO, 10",,2995.0,2995.0
2012,X03,Protección y promoción social,EQUIPAMIENTO NUEVO CENTRO DE DÍA DE MAYORES ESCUELAS PÍAS,,164955.32,14955.32
2012,X03,Protección y promoción social,"EQUIPAMIENTO NUEVO CENTRO DE MAYORES ANTÓN MARTÍN, C/ CABEZA, 14",,92332.0,56113.55
2012,X03,Protección y promoción social,CENTRO DE DÍA DE MAYORES SAN FRANCISCO EL GRANDE. ACONDICIONAMIENTO,,137607.58,137607.58
2012,X03,Protección y promoción social,"CENTRO DE MAYORES ANTÓN MARTÍN, C/ CABEZA, 14. OBRAS DE CONSERVACIÓN",,1698.64,1698.64
2012,X03,Protección y promoción social,"APARTAMENTOS TUTELADOS SAN FRANCISCO, C/JERTE, 1. OBRAS DE ACONDICIONAMIENTO",,4497.98,4497.98
2012,X03,Protección y promoción social,"CENTRO DE DÍA DE ALZHEIMER CARMEN CONDE,C/ AVE MARÍA, 6.OBRAS DE CONSERVACIÓN",,17642.05,17642.05
2012,X03,Protección y promoción social,CENTRO DE SERVICIOS SOCIALES LA PALOMA. SUSTITUCIÓN SISTEMA CLIMATIZACIÓN,,80792.76,80792.76
2012,X03,Protección y promoción social,"CENTRO DE MAYORES BENITO MARTÍN LOZANO, C/ SAN JOAQUÍN, 10. ACONDICIONAMIENTO",,120011.87,120011.87
2012,X03,Protección y promoción social,CENTRO DE FORMACIÓN OCUPACIONAL DE HOSTELERÍA C/ JERTE. REFORMA,,58000.0,
2012,X05,Educación,,,1833384.04,1414447.68
2012,X05,Educación,EQUIPAMIENTO RESIDENCIA INTERNADO SAN ILDEFONSO,,9000.0,6592.59
2012,X05,Educación,"COLEGIO PÚBLICO EMILIA PARDO BAZÁN, C/VENTORRILLO, 14. ACONDICIONAMIENTO",,6627.18,6627.18
2012,X05,Educación,EDIFICIO RESIDENCIA INTERNADO SAN ILDEFONSO. SUBSANANCIÓN PATOLOGÍAS,,7604.34,7604.34
2012,X05,Educación,"ESCUELA INFANTIL C/OLIVAR, 48. SUBSANACIÓN PATOLOGÍAS",,684.77,684.77
2012,X05,Educación,"COLEGIO PÚBLICO JOAQUÍN COSTA, Pº. PONTONES, 8. ADOPCIÓN MEDIDAS SEGURIDAD",,24787.93,24787.93
2012,X05,Educación,COLEGIO PÚBLICO NUESTRA SEÑORA DE LA PALOMA. ADOPCIÓN MEDIDAS DE SEGURIDAD,,22821.23,22821.23
2012,X05,Educación,"COLEGIO PÚBLICO SAN ILDEFONSO, C/ ALFONSO VI, 1. ADOPCIÓN MEDIDAS DE SEGURIDAD",,898946.02,898946.02
2012,X05,Educación,"EQUIPAMIENTO ESCUELA INFANTIL LA PALOMA, C/ TABERNILLAS, 2",,2937.65,2937.65
2012,X05,Educación,"EQUIPAMIENTO ESCUELA INFANTIL OSA MENOR, C/ MEJÍA LEQUERICA, 21",,42.36,42.36
2012,X05,Educación,"EQUIPAMIENTO ESCUELA INFANTIL EL OLIVAR, C/ OLIVAR, 48",,106.24,106.24
2012,X05,Educación,"EQUIPAMIENTO NUEVA ESCUELA INFANTIL ESCUELAS PÍAS, C/ SANTA BRÍGIDA, 14",,161494.32,14799.91
2012,X05,Educación,"EQUIPAMIENTO NUEVA ESCUELA DE MÚSICA ESCUELAS PÍAS, C/ SANTA BRÍGIDA, 14",,240696.0,
2012,X05,Educación,OBRAS CONSERVACIÓN COLEGIOS PÚBLICOS DISTRITO CENTRO,,29138.54,
2012,X05,Educación,"COLEGIO PÚBLICO PALACIO VALDÉS, Pº. DEL PRADO, 38. OBRAS DE CONSERVACIÓN",,11694.75,11694.75
2012,X05,Educación,"COLEGIO PÚBLICO EMILIA PARDO BAZÁN, C/ VENTORRILLO, 14. OBRAS DE CONSERVACIÓN",,25241.25,25241.25
2012,X05,Educación,"COLEGIO PÚBLICO VÁZQUEZ DE MELLA, C/ BAILÉN, 18. ACONDICIONAMIENTO FACHADAS",,92752.91,92752.91
2012,X05,Educación,"COLEGIO PÚBLICO ISABEL LA CATÓLICA, C/ BARCELÓ, 2. OBRAS DE CONSERVACIÓN",,16739.73,16739.73
2012,X05,Educación,"COLEGIO PÚBLICO PI I MARGALL, PZA. DOS DE MAYO, 2. OBRAS DE ACONDICIONAMIENTO",,79835.15,79835.15
2012,X05,Educación,"COLEGIO PÚBLICO ISABEL LA CATÓLICA, C/ BARCELÓ, 2. OBRAS DE ACONDICIONAMIENTO",,57932.91,57932.91
2012,X05,Educación,COLEGIO PÚBLICO NTRA.SRA.DE LA PALOMA.SUSTITUCIÓN SOLADO COCINA Y COMEDOR,,54765.89,54765.89
2012,X05,Educación,"ESCUELA INFANTIL LA PALOMA, C/ TABERNILLAS, 2. OBRAS DE CONSERVACIÓN",,24882.13,24882.13
2012,X05,Educación,"ESCUELA INFANTIL EL OLIVAR, C/ OLIVAR, 48. OBRAS DE CONSERVACIÓN",,5335.77,5335.77
2012,X05,Educación,"ESCUELA INFANTIL ESCUELAS PÍAS, C/ SANTA BRÍGIDA, 14. OBRAS DE ACONDICIONAMIENTO",,59316.97,59316.97
2012,X06,Urbanismo,,,6197140.57,3828816.87
2012,X06,Urbanismo,ÁREA DE REHABILITACIÓN PREFERENTE DE LAVAPIÉS. URBANIZACIÓN,,4383487.86,3220898.38
2012,X06,Urbanismo,C/ ATOCHA (EJE ATOCHA-CAMINO REAL). URBANIZACIÓN E INFRAESTRUCTURAS,,860000.0,
2012,X06,Urbanismo,EDIFICIO CASA DUQUESA DE SUECA. ADQUISICIÓN,,63150.95,63150.95
2012,X06,Urbanismo,"EDIFICIO C/LUNA, 32. ADQUISICIÓN",,281583.17,281583.17
2012,X06,Urbanismo,"C/SANTA BÁRBARA, 1 Y 3. URBANIZACIÓN",,7672.41,
2012,X06,Urbanismo,PLAZA DE LAS CORTES. PLATAFORMA CENTRAL Y ADAPTACIÓN ITINERARIOS PEATONALES,,236000.0,
2012,X06,Urbanismo,ADQUISICIÓN DE SUELO C/DOCTOR FOURQUET. EQUIPAMIENTOS,,87159.4,71751.67
2012,X06,Urbanismo,ADQUISICIÓN DE SUELO C/OLIVAR. EQUIPAMIENTOS,,1086.78,1086.27
2012,X06,Urbanismo,"ADQUISICIÓN DE SUELO C/HUERTA DEL BAYO, 8",,277000.0,190346.43
2012,X11,"Deportes, juventud y esparcimiento",,,15581815.52,13906861.07
2012,X11,"Deportes, juventud y esparcimiento",CENTRO POLIVALENTE EN LA C/BARCELÓ. CONSTRUCCIÓN,,15451104.03,13831261.92
2012,X11,"Deportes, juventud y esparcimiento",ADECUACIÓN  EDIFICIO ESCUELAS PIAS PARA USOS SOCIALES Y EDUCATIVOS,,105.49,105.49
2012,X11,"Deportes, juventud y esparcimiento","EQUIPAMIENTO ALBERGUE JUVENIL C/ MEJÍA LEQUERICA, 21",,29928.0,29907.0
2012,X11,"Deportes, juventud y esparcimiento",OBRAS CONSERVACIÓN INSTALACIONES DEPORTIVAS DISTRITO CENTRO,,55091.34,
2012,X11,"Deportes, juventud y esparcimiento","DEPORTIVO BÁSICO CASINO DE LA REINA, C/ CASINO, 3. OBRAS DE ACONDICIONAMIENTO",,29881.46,29881.46
2012,X11,"Deportes, juventud y esparcimiento","DEPORTIVO BÁSICO CONDE DUQUE, C/ SANTA CRUZ DE MARCENADO, 23. CONSERVACIÓN",,15705.2,15705.2
2012,X12,Otros bienes públicos de carácter social,,,9544.35,9544.35
2012,X12,Otros bienes públicos de carácter social,OFICINA ATENCIÓN AL CIUDADANO LÍNEA MADRID DISTRITO CENTRO. CONSERVACIÓN,,9544.35,9544.35
2012,X04,Salud pública,,,1723010.36,1708962.23
2012,X04,Salud pública,"ADQUISICIÓN DE EDIFICIO C/ EMBAJADORES, 18",,162919.67,148871.54
2012,X04,Salud pública,"EDIFICIO C/ RIBERA DE CURTIDORES, 2. SUBSANACIÓN PATOLOGÍAS",,1530866.36,1530866.36
2012,X04,Salud pública,"EQUIPAMIENTO CENTRO DE SALUD BUCODENTAL, CARRERA DE SAN FRANCISCO, 16",,9828.61,9828.61
2012,X04,Salud pública,"CENTRO DE SALUD DE CENTRO, C/ NAVAS DE TOLOSA, 10. OBRAS DE REFORMA",,19395.72,19395.72
2012,X02,"Tráfico, estacionamiento y transporte público",,,95010.67,95010.67
2012,X02,"Tráfico, estacionamiento y transporte público",SEMÁFOROS E INTERSECCIONES URBANAS DISTRITO CENTRO,,95010.67,95010.67
2013,X00,Inversiones de carácter general,,,1793562.25,1692247.47
2013,X00,Inversiones de carácter general,"EDIFICIO C/ ALCALÁ, 45. ADAPTACIÓN DE ESPACIOS PLANTA 2ª",,350.84,350.84
2013,X00,Inversiones de carácter general,"EDIFICIO C/ BARQUILLO, 17. OBRAS DE ADAPTACIÓN DE ESPACIOS",,2743.45,2743.45
2013,X00,Inversiones de carácter general,OBRAS CONSERVACIÓN EDIFICIOS DISTRITO CENTRO,,9414.82,
2013,X00,Inversiones de carácter general,"EDIFICIO C/ SACRAMENTO, 5. OBRAS DE CONSERVACIÓN",,13506.71,13506.71
2013,X00,Inversiones de carácter general,"EDIFICIO ESCUELAS PÍAS, C/ HORTALEZA, 69. CONSERVACIÓN ESPACIOS COMUNES",,218.04,218.04
2013,X00,Inversiones de carácter general,"EDIFICIO CASA DE LA CARNICERÍA, PZA. MAYOR, 3. OBRAS DE CONSERVACIÓN",,4743.88,4743.88
2013,X00,Inversiones de carácter general,"EDIFICIO C/ ALCALÁ, 21. OBRAS DE ADECUACIÓN",,4850.3,4850.3
2013,X00,Inversiones de carácter general,"EDIFICIO C/ MAYOR, 69. ADAPTACIÓN DE ESPACIOS",,3250.45,3250.45
2013,X00,Inversiones de carácter general,"EDIFICIO C/ ALCALÁ, 45. OBRAS DE ACONDICIONAMIENTO",,49519.09,48824.91
2013,X00,Inversiones de carácter general,"EDIFICIO PLAZA DE LA VILLA, 5. MEJORA CUBIERTA PATIO DE CRISTALES",,137125.2,132031.68
2013,X00,Inversiones de carácter general,"EDIFICIO C/ BAILÉN, 41. SUBSANACIÓN DEFICIENCIAS INSPECCIÓN TÉCNICA EDIFICIOS",,4631.74,1373.28
2013,X00,Inversiones de carácter general,"EDIFICIO C/ MAYOR, 83. REPOSICIÓN DE PAVIMENTO",,17967.89,1687.2
2013,X00,Inversiones de carácter general,"IGLESIA DE LAS MARAVILLAS, C/ DOS DE MAYO, 11. ADOPCIÓN MEDIDAS DE SEGURIDAD",,99414.03,99414.03
2013,X00,Inversiones de carácter general,"EDIFICIO C/ EMBAJADORES, 18. ADOPCIÓN MEDIDAS DE SEGURIDAD",,437387.02,437387.02
2013,X00,Inversiones de carácter general,EDIFICIO CASA DUQUESA DE SUECA. ADOPCIÓN MEDIDAS DE SEGURIDAD,,977361.06,910787.96
2013,X00,Inversiones de carácter general,"EDIFICIO SEDE DISTRITO CENTRO, C/ MAYOR, 72. OBRAS DE CONSERVACIÓN",,21435.37,21435.37
2013,X00,Inversiones de carácter general,"ADQUISIC. EQUIPAMIENTO OFICINA ATENCIÓN INTEGRAL CONTRIBUYENTE C/SACRAMENTO, 3",,9642.36,9642.35
2013,X10,Cultura,,,802818.53,761730.65
2013,X10,Cultura,"EQUIPAMIENTO BIBLIOTECA VICTOR ESPINÓS, C/ CONDE DUQUE, 11",,13093.22,13093.22
2013,X10,Cultura,"EQUIPAMIENTO BIBLIOTECA HISTÓRICA, C/ CONDE DUQUE, 9",,71734.95,71734.95
2013,X10,Cultura,SERRERÍA BELGA. ACTUACIONES ARQUITECTÓNICAS,,3073.61,3073.61
2013,X10,Cultura,"EDIFICIO C/CONDE DUQUE, 9 Y 11. ADAPTACIÓN ESPACIO SERVICIO BIBLIOTECAS PÚBLICAS",,29571.25,29571.25
2013,X10,Cultura,EDIFICIO CONDE DUQUE. SEÑALIZACIÓN DE EMERGENCIA,,3894.97,3894.97
2013,X10,Cultura,"EQUIPAMIENTO ARCHIVO DE VILLA, C/ CONDE DUQUE, 11",,348941.8,348894.62
2013,X10,Cultura,"EQUIPAMIENTO BIBLIOTECA DIGITAL MEMORIA DE MADRID, C/ CONDE DUQUE, 9 Y 11",,2929.17,2929.17
2013,X10,Cultura,"EQUIPAMIENTO BIBLIOTECA IVÁN DE VARGAS, C/ SAN JUSTO, 5",,1078.9,1078.9
2013,X10,Cultura,"EQUIPAMIENTO IMPRENTA ARTESANAL, C/ CONCEPCIÓN JERÓNIMA, 15",,9175.65,9175.65
2013,X10,Cultura,"EQUIPAMIENTO HEMEROTECA MUNICIPAL, C/ CONDE DUQUE, 9 Y 11",,10101.35,10101.35
2013,X10,Cultura,CENTRO CULTURAL CONDE DUQUE. SISTEMAS DE ILUMINACIÓN,,3027.35,3027.35
2013,X10,Cultura,CENTRO CULTURAL CONDE DUQUE. ESTORES Y CORTINAS ESPECIALES,,58873.03,58873.03
2013,X10,Cultura,CENTRO CULTURAL CONDE DUQUE. ACONDICIONAMIENTO ACCESIBILIDAD Y SEGURIDAD,,41040.7,
2013,X10,Cultura,CENTRO CULTURAL CONDE DUQUE. ADAPTACIÓN 2º PLANTA BIBLIOTECA VICTOR ESPINÓS,,77072.61,77072.61
2013,X10,Cultura,CENTRO DE LAS ARTES DEL LIBRO. MEJORA EFICIENCIA ENERGÉTICA,,49538.04,49538.04
2013,X10,Cultura,CENTRO CULTURAL CONDE DUQUE. ACONDICIONAMIENTO SALA DE ENSAYO,,7865.0,7865.0
2013,X10,Cultura,"SALA DE EXPOSICIONES DON DE MARÍA, C/ CUESTA RAMÓN, 4. OBRAS DE CONSERVACIÓN",,17989.57,17989.57
2013,X10,Cultura,CENTRO CULTURAL PUERTA DE TOLEDO. OBRAS DE ACONDICIONAMIENTO,,25823.53,25823.53
2013,X10,Cultura,"CENTRO CULTURAL CLARA DEL REY, C/ PALMA, 36. PROTECCIÓN CONTRA INCENDIOS",,27993.83,27993.83
2013,X01,Protección Civil y seguridad ciudadana,,,15261.23,5346.8
2013,X01,Protección Civil y seguridad ciudadana,PARQUE DE BOMBEROS Nº 3. SUBSNACIÓN DEFICIENCIAS INSPECCIÓN TÉCNICA DE EDIFICIOS,,1293.0,1293.0
2013,X01,Protección Civil y seguridad ciudadana,PARQUE DE BOMBEROS Nº 6. SUBSANACIÓN DEFICIENCIAS INSPECCIÓN TÉCNICA DE EDIFICIOS,,1293.0,1293.0
2013,X01,Protección Civil y seguridad ciudadana,"EQUIPAMIENTO PARQUE DE BOMBEROS Nº 3, GLORIETA PUERTA DE TOLEDO, 6",,6825.13,1380.4
2013,X01,Protección Civil y seguridad ciudadana,"EQUIPAMIENTO PARQUE DE BOMBEROS Nº 6, C/ IMPERIAL, 8",,5850.1,1380.4
2013,X08,Mantenimiento urbano,,,1422966.03,1422966.03
2013,X08,Mantenimiento urbano,RENOVACIÓN INTEGRAL INSTALACIONES Y PAVIMENTOS. PRIS Z-1 DISTRITO CENTRO,,1422966.03,1422966.03
2013,X03,Protección y promoción social,,,169842.32,166093.25
2013,X03,Protección y promoción social,"CENTRO DE MAYORES ANTÓN MARTÍN, C/ CABEZA, 14. OBRAS DE CONSERVACIÓN",,9.68,9.68
2013,X03,Protección y promoción social,"CENTRO DE MAYORES SAN FRANCISCO, C/ JERTE, 3. ADOPCIÓN MEDIDAS DE SEGURIDAD",,3660.65,
2013,X03,Protección y promoción social,"CENTRO DE DÍA DE ALZHEIMER CARMEN CONDE, C/ AVE MARÍA, 6. OBRAS DE CONSERVACIÓN",,100.55,100.55
2013,X03,Protección y promoción social,"CENTRO ATENCIÓN INFANCIA CAI 1, C/ PALOMA, 23. OBRAS DE CONSERVACIÓN",,11618.65,11618.65
2013,X03,Protección y promoción social,CENTRO DE SERVICIOS SOCIALES MARAVILLAS. OBRAS DE ACONDICIONAMIENTO,,60365.09,60365.09
2013,X03,Protección y promoción social,"CENTRO DE MAYORES DOS AMIGOS, C/ DOS AMIGOS, 4. OBRAS DE CONSERVACIÓN",,17246.29,17246.29
2013,X03,Protección y promoción social,"EQUIPAMIENTO CENTRAL SAMUR-SOCIAL, CARRERA DE SAN FRANCISCO, 10",,5219.21,5219.21
2013,X03,Protección y promoción social,"EQUIPAMIENTO CENTRO DE MAYORES SAN FRANCISCO, C/JERTE, 3",,247.06,158.64
2013,X03,Protección y promoción social,"APARTAMENTOS PARA MAYORES SAN FRANCISCO EL GRANDE, C/JERTE, 3. CONSERVACIÓN",,71375.14,71375.14
2013,X05,Educación,,,485228.21,470278.62
2013,X05,Educación,"EQUIPAMIENTO ESCUELA INFANTIL LA PALOMA, C/ TABERNILLAS, 2",,5252.86,5182.94
2013,X05,Educación,"EQUIPAMIENTO ESCUELA INFANTIL OSA MENOR, C/ MEJÍA LEQUERICA, 21",,3098.25,3098.25
2013,X05,Educación,"EQUIPAMIENTO ESCUELA INFANTIL EL OLIVAR, C/ OLIVAR, 48",,399.3,399.3
2013,X05,Educación,"ESCUELA INFANTIL LA PALOMA, C/ TABERNILLAS, 2. OBRAS DE CONSERVACIÓN",,141.8,141.8
2013,X05,Educación,"ESCUELA DE MÚSICA ESCUELAS PÍAS, C/ SANTA BRÍGIDA, 13. OBRAS DE CONSERVACIÓN",,11783.26,11783.26
2013,X05,Educación,"EQUIPAMIENTO ESCUELA INFANTIL ESCUELAS PÍAS, C/ SANTA BRÍGIDA, 14",,1628.54,408.3
2013,X05,Educación,"EQUIPAMIENTO RESIDENCIA INTERNADO SAN ILDEFONSO, C/ ALFONSO VI, 1",,9000.0,7248.15
2013,X05,Educación,"EQUIPAMIENTO ESCUELA DE MÚSICA ESCUELAS PÍAS, C/ SANTA BRÍGIDA, 14",,64430.0,63228.84
2013,X05,Educación,OBRAS CONSERVACIÓN COLEGIOS Y OTROS CENTROS EDUCATIVOS DISTRITO CENTRO,,10706.42,
2013,X05,Educación,"COLEGIO PÚBLICO VÁZQUEZ DE MELLA, C/ BAILÉN, 18. MEJORAS SEGURIDAD",,16489.85,16489.85
2013,X05,Educación,COLEGIO PÚBLICO EMILIA PARDO BAZÁN. OBRAS DE CONSERVACIÓN,,17138.42,17138.42
2013,X05,Educación,COLEGIO PÚBLICO ISABEL LA CATÓLICA. OBRAS DE CONSERVACIÓN,,30632.33,30632.33
2013,X05,Educación,"COLEGIO PÚBLICO SANTA MARÍA, C/RONDA DE TOLEDO, 7. REPARACIÓN DE CUBIERTAS",,137169.17,137169.17
2013,X05,Educación,"COLEGIO PÚBLICO PI I MARGALL, PZA. DOS DE MAYO, 2. MEJORAS SEGURIDAD",,29933.34,29933.34
2013,X05,Educación,"COLEGIO PÚBLICO NUESTRA SEÑORA DE LA PALOMA, C/ TABERNILLAS, 2, CONSERVACIÓN",,15726.91,15726.91
2013,X05,Educación,COLEGIO PÚBLICO SAN ILDEFONSO. REHABILITACIÓN FACHADA,,112772.3,112772.3
2013,X05,Educación,"COLEGIO PÚBLICO SAN ILDEFONSO, C/ ALFONSO VI, 1. OBRAS DE CONSERVACIÓN",,18858.82,18858.82
2013,X05,Educación,"COLEGIO PÚBLICO PALACIO VALDÉS, Pº PRADO, 38. OBRAS DE CONSERVACIÓN",,66.64,66.64
2013,X06,Urbanismo,,,197689.86,184301.74
2013,X06,Urbanismo,EDIFICIO CASA DUQUESA DE SUECA. ADQUISICIÓN,,146524.0,146523.15
2013,X06,Urbanismo,"EDIFICIO C/LUNA, 32. ADQUISICIÓN",,3261.06,3261.06
2013,X06,Urbanismo,"C/SANTA BÁRBARA, 1 Y 3. URBANIZACIÓN",,7672.41,
2013,X06,Urbanismo,"DEMOLICIÓN EDIFICACIONES EN C/ LUNA, 32",,17210.69,17210.69
2013,X06,Urbanismo,"PASEO RECOLETOS, 37 AL 41. OBRAS DE URBANIZACIÓN",,21000.0,15321.95
2013,X06,Urbanismo,"EDIFICIO C/CABEZA, 14. ADQUISICIÓN",,2021.7,1984.89
2013,X11,"Deportes, juventud y esparcimiento",,,11140423.8,11127945.91
2013,X11,"Deportes, juventud y esparcimiento",CENTRO POLIVALENTE EN LA C/BARCELÓ. CONSTRUCCIÓN,,10916595.95,10909274.76
2013,X11,"Deportes, juventud y esparcimiento",OBRAS CONSERVACIÓN INSTALACIONES DEPORTIVAS DISTRITO CENTRO,,5156.7,
2013,X11,"Deportes, juventud y esparcimiento","DEPORTIVO BÁSICO CONDE DUQUE, C/ SANTA CRUZ DE MARCENADO, 23. CONSERVACIÓN",,16047.69,16047.69
2013,X11,"Deportes, juventud y esparcimiento",CENTRO COMUNITARIO CASINO DE LA REINA. CLIMATIZACIÓN,,70117.06,70117.06
2013,X11,"Deportes, juventud y esparcimiento",CENTRO COMUNITARIO CASINO DE LA REINA. REHABILITACIÓN CASITA,,44472.46,44472.46
2013,X11,"Deportes, juventud y esparcimiento",DEPORTIVO BÁSICO NUESTRA SEÑORA DE LA APLOMA. OBRAS DE CONSERVACIÓN,,37005.96,37005.96
2013,X11,"Deportes, juventud y esparcimiento","CENTRO DEPORTIVO ESCUELAS DE SAN ANTÓN, C/ FARMACIA, 13. OBRAS DE CONSERVACIÓN",,7339.9,7339.9
2013,X11,"Deportes, juventud y esparcimiento","DEPORTIVO BÁSICO PARQUE ATENAS, Pº VIRGEN DEL PUERTO. REPARACIÓN VALLADO",,25674.45,25674.45
2013,X11,"Deportes, juventud y esparcimiento","DEPORTIVO BÁSICO CASINO DE LA REINA, C/ CASINO, 3. OBRAS DE CONSERVACIÓN",,170.3,170.3
2013,X11,"Deportes, juventud y esparcimiento","ALBERGUE JUVENIL C/ MEJÍA LEQUERICA, 21. OBRAS DE CONSERVACIÓN",,17843.33,17843.33
2013,X04,Salud pública,,,60412.64,60198.38
2013,X04,Salud pública,"ADQUISICIÓN DE EDIFICIO C/ EMBAJADORES, 18",,5167.73,5167.73
2013,X04,Salud pública,CASA DE BAÑOS GLORIETA DE EMBAJADORES. OBRAS DE CONSERVACIÓN,,19727.33,19727.33
2013,X04,Salud pública,"EQUIPAMIENTO CENTRO MADRID SALUDDISTRITO CENTRO, C/NAVAS DE TOLOSA, 10",,2586.86,2586.86
2013,X04,Salud pública,"CENTRO MADRID SALUD DISTRITO CENTRO, C/ NAVAS DE TOLOSA, 10. SEÑALIZACIÓN",,1396.34,1396.34
2013,X04,Salud pública,"CENTRO MADRID SALUD JOVEN, C/ NAVAS DE TOLOSA, 10. SEÑALIZACIÓN",,1396.34,1396.34
2013,X04,Salud pública,ADQUISICIÓN EQUIPAMIENTO CENTRO MADRID SALUD C/ FÚCAR,,6299.35,6085.09
2013,X04,Salud pública,"CENTRO MADRID SALUD CENTRO, C/ NAVAS DE TOLOSA, 10. OBRAS DE REFORMA",,23838.69,23838.69
2013,X02,"Tráfico, estacionamiento y transporte público",,,197971.71,197971.71
2013,X02,"Tráfico, estacionamiento y transporte público",SEMÁFOROS E INTERSECCIONES URBANAS DISTRITO CENTRO,,197971.71,197971.71
2014,X00,Inversiones de carácter general,,,2192638.95,1876176.25
2014,X00,Inversiones de carácter general,OBRAS CONSERVACIÓN EDIFICIOS DISTRITO CENTRO,,173092.92,
2014,X00,Inversiones de carácter general,"EDIFICIO PLAZA DE LA VILLA, 5. MEJORA CUBIERTA PATIO DE CRISTALES",,225822.27,225822.27
2014,X00,Inversiones de carácter general,"EDIFICIO C/ BAILÉN, 41. SUBSANACIÓN DEFICIENCIAS INSPECCIÓN TÉCNICA EDIFICIOS",,5243.51,5243.51
2014,X00,Inversiones de carácter general,"EDIFICIO C/ MAYOR, 83. REPOSICIÓN DE PAVIMENTO",,18292.95,18289.33
2014,X00,Inversiones de carácter general,"EDIFICIO C/ EMBAJADORES, 18. ADOPCIÓN MEDIDAS DE SEGURIDAD",,24328.37,24328.37
2014,X00,Inversiones de carácter general,EDIFICIO CASA DUQUESA DE SUECA. ADOPCIÓN MEDIDAS DE SEGURIDAD,,434437.81,431705.57
2014,X00,Inversiones de carácter general,IGLESIA DE LAS MARAVILLAS. RESTAURACIÓN,,2989.12,2989.12
2014,X00,Inversiones de carácter general,"EDIFICIO PLAZA DE LA VILLA, 5. OBRAS DE ADAPTACIÓN DE ESPACIOS",,100000.0,
2014,X00,Inversiones de carácter general,EDIFICIO SEDE PRESIDENCIA DEL PLENO. SEÑALIZACIÓN,,1200.0,
2014,X00,Inversiones de carácter general,EDIFICIO PALACIO DUQUESA DE SUECA. SUBSANACIÓN DE PATOLOGÍAS,,100000.0,100000.0
2014,X00,Inversiones de carácter general,"CASA DE LA PANADERÍA, PZA. MAYOR, 27. SUBSANACIÓN DE PATOLOGÍAS",,247832.3,247832.3
2014,X00,Inversiones de carácter general,"EDIFICIO C/ ALCALÁ, 45. OBRAS DE ADAPTACIÓN DE ESPACIOS",,20567.49,20505.47
2014,X00,Inversiones de carácter general,"CASA DE LA CARNICERÍA, PZA. MAYOR, 3. REPARACIÓN DE CUBIERTAS",,563111.58,534934.45
2014,X00,Inversiones de carácter general,APARCAMIENTO C/ SACRAMENTO. OBRAS DE MEJORA Y ACONDICIONAMIENTO,,54609.37,54609.37
2014,X00,Inversiones de carácter general,"EDIFICIO C/ FUCAR, 6. ADOPCIÓN DE MEDIDAS DE SEGURIDAD",,220810.93,209616.16
2014,X00,Inversiones de carácter general,EDIFICIO SEDE DISTRITO. C/ MAYOR. OBRAS DE CONSERVACIÓN,,300.33,300.33
2014,X10,Cultura,,,1734440.7,1503805.56
2014,X10,Cultura,CUARTEL CONDE DUQUE. RESTAURACIÓN,,262340.41,96060.31
2014,X10,Cultura,EDIFICIO CONDE DUQUE. SEÑALIZACIÓN DE EMERGENCIA,,18000.0,12531.2
2014,X10,Cultura,CENTRO CULTURAL PUERTA DE TOLEDO. OBRAS DE ACONDICIONAMIENTO,,39806.57,39806.57
2014,X10,Cultura,RESTAURACIÓN DE LA MURALLA ISLÁMICA,,20479.25,20479.25
2014,X10,Cultura,BIBLIOTECA PÚBLICA BARCELÓ. INSTALACIONES DE SEGURIDAD,,7498.0,6056.05
2014,X10,Cultura,"EQUIPAMIENTO NUEVA BIBLIOTECA PÚBLICA BARCELÓ, C/ BARCELÓ, 4",,191067.15,191067.13
2014,X10,Cultura,EQUIPAMIENTO IMPRENTA MUNICIPAL,,2000.0,1565.4
2014,X10,Cultura,BIBLIOTECA EDIFICIO CONDE DUQUE. SEÑALIZACIÓN,,14912.41,14912.2
2014,X10,Cultura,"BIBLIOTECA EDIFICIO C/BARCELÓ, 4. SEÑALIZACIÓN",,9567.62,9567.56
2014,X10,Cultura,"BIBLIOTECA IVÁN DE VARGAS, C/ SAN JUSTO, 5. SEÑALIZACIÓN",,58.23,58.22
2014,X10,Cultura,"BIBLIOTECA MUSICAL VÍCTOR ESPINÓS, C/ CONDE DUQUE, 9. ADQUISICIÓN DE PARTITURAS",,1000.0,997.14
2014,X10,Cultura,"BIBLIOTECA HISTÓRICA, C/ CONDE DUQUE, 9. ADQUISICIÓN DE LIBROS ANTIGUOS",,1998.6,1998.6
2014,X10,Cultura,MUSEO DE HISTORIA DE MADRID. MONTAJE EXPOSICIÓN PERMANENTE,,1057251.03,1006366.33
2014,X10,Cultura,"BIBLIOTECA PÚBLICA MARIO VARGAS LLOSA, C/ BARCELÓ, 2. INSTALACIÓN CENTRAL ALARMAS",,5793.07,
2014,X10,Cultura,IFS-CENTRO CULTURAL CLARA DEL REY. INSTALACIÓN BOMBA DE CALOR Y ADECUACIÓN ESCALERA,,41470.46,41153.42
2014,X10,Cultura,IFS-CENTRO CULTURAL LAVAPIÉS.ADECUACIÓN SÓTANO Y CALDERAS PARA AHORRO ENERGÉTICO,,28709.9,28703.23
2014,X10,Cultura,IFS-SALA DE EXPOSICIONES LA PALOMA. ADAPTACIÓN ENFRIADORA PARA AHORRO ENERGÉTICO,,29905.84,29900.79
2014,X10,Cultura,CENTRO CULTURAL CLARA DEL REY. OBRAS ADAPTACIÓN ACCESO,,2582.16,2582.16
2014,X01,Protección Civil y seguridad ciudadana,,,973490.29,194306.74
2014,X01,Protección Civil y seguridad ciudadana,"EQUIPAMIENTO PARQUE DE BOMBEROS Nº 3, GLORIETA PUERTA DE TOLEDO, 6",,7687.95,7687.95
2014,X01,Protección Civil y seguridad ciudadana,"EQUIPAMIENTO PARQUE DE BOMBEROS Nº 6, C/ IMPERIAL, 8",,6831.29,6831.29
2014,X01,Protección Civil y seguridad ciudadana,"PARQUE DE BOMBEROS Y SAMUR C/SAN BERNARDO, 68. CONSTRUCCIÓN",,471356.5,25120.76
2014,X01,Protección Civil y seguridad ciudadana,"PARQUE DE BOMBEROS Nº 3, C/ RONDA DE SEGOVIA, 95. INSTALACIÓN COCINA INDUSTRIAL",,18331.62,18331.62
2014,X01,Protección Civil y seguridad ciudadana,"PARQUE DE BOMBEROS Nº 6, C/ IMPERIAL, 8. OBRAS DE REFORMA",,4603.66,4603.66
2014,X01,Protección Civil y seguridad ciudadana,"PARQUE DE BOMBEROS Nº 3, DISTRITO CENTRO. OBRAS DE REFORMA",,464679.27,131731.46
2014,X14,Sectores productivos,,,944685.17,246887.56
2014,X14,Sectores productivos,IFS-CENTRO MADRID INTERNATIONAL LAB. EXIGENCIAS INSPECCIÓN TÉCNICA DE EDIFICIOS,,125000.0,77437.48
2014,X14,Sectores productivos,IFS-MERCADO DE LA CEBADA. EXIGENCIAS INSPECCIÓN TÉCNICA DE EDIFICIOS,,320000.0,169450.08
2014,X14,Sectores productivos,PROYECTO DE EJECUCIÓN PARA EL MERCADO TEMPORAL DE BARCELÓ,,499685.17,
2014,X09,Medio ambiente,,,66500.0,66043.71
2014,X09,Medio ambiente,JARDINES PLAZA ARQUITECTO RIBERA. ADECUACIÓN,,21500.0,21500.0
2014,X09,Medio ambiente,IFS-PARQUE MADRID RÍO. ADECUACIÓN TUNEL DE BONAPARTE A NORMATIVA ACCESIBILIDAD,,45000.0,44543.71
2014,X08,Mantenimiento urbano,,,1200332.29,775633.02
2014,X08,Mantenimiento urbano,RENOVACIÓN INTEGRAL INSTALACIONES Y PAVIMENTOS. PRIS Z-1 DISTRITO CENTRO,,496353.61,496353.61
2014,X08,Mantenimiento urbano,ADAPTACIÓN INSTALACIONES ALUMBRADO PÚBLICO A NORMATIVA. CENTRO,,3555.07,3555.07
2014,X08,Mantenimiento urbano,HIDRANTES DISTRITO CENTRO. INSTALACIÓN,,3749.34,3749.34
2014,X08,Mantenimiento urbano,"IFS-CANTÓN DE LIMPIEZA C/COSTANILLA DESAMPARADOS, 15. INSPECCIÓN TÉCNICA EDIFICIOS",,250000.0,30292.74
2014,X08,Mantenimiento urbano,"IFS-PARQUE DE LIMPIEZA C/ REYES, 14. EXIGENCIAS INSPECCIÓN TÉCNICA DE EDIFICIOS",,9000.0,4941.0
2014,X08,Mantenimiento urbano,"IFS-PARQUE LIMPIEZA C/SANTA CRUZ MARCENADO, 23.EXIGENCIAS INSPECCIÓN TÉCNICA EDIFICIOS",,40000.0,21908.24
2014,X08,Mantenimiento urbano,IFS-CANTÓN DE LIMPIEZA PLAZA DE LA CEBADA. EXIGENCIAS INSPECCIÓN TÉCNICA  EDIFICIOS,,330000.0,147159.42
2014,X08,Mantenimiento urbano,MURALLA ÁRABE. SEÑALIZACIÓN,,7329.27,7329.27
2014,X08,Mantenimiento urbano,PLAZA MAYOR. ADECUACIÓN GLOBAL DE EDIFICIOS Y SUPERFICIES ABIERTAS Y CUBIERTAS,,60345.0,60344.33
2014,X03,Protección y promoción social,,,937205.73,882715.66
2014,X03,Protección y promoción social,"CENTRO DE MAYORES SAN FRANCISCO, C/ JERTE, 3. ADOPCIÓN MEDIDAS DE SEGURIDAD",,171093.81,171093.81
2014,X03,Protección y promoción social,EDIFICIO EN LA C/ DOS AMIGOS. OBRAS DE REFORMA Y ACONDICIONAMIENTO,,14507.51,14507.51
2014,X03,Protección y promoción social,"EDIFICIO C/ SACRAMENTO, 7. ACONDICIONAMIENTO LOCALES 5 Y 6",,30117.69,30117.69
2014,X03,Protección y promoción social,"CENTRAL SAMUR SOCIAL. ADECUACIÓN FACHADAS, CUBIERTAS Y LUCERNARIO",,85694.7,85694.56
2014,X03,Protección y promoción social,EQUIPAMIENTO UNIDAD CENTRAL DEL SAMUR SOCIAL,,22226.14,22226.14
2014,X03,Protección y promoción social,CENTRO DE MAYORES ANTÓN MARTÍN. MEJORAS PROMOCIÓN ACCESIBILIDAD,,16000.0,
2014,X03,Protección y promoción social,CENTRO DE DÍA DE ALZHEIMER CARMEN CONDE. ADECUACIÓN NORMATIVA DE SEGURIDAD,,26800.0,26748.59
2014,X03,Protección y promoción social,ALOJAMIENTO MAYORES C/JERTE.ACRISTALAMIENTO TERRAZAS Y SOLUCIONES ARQUITECTÓNICAS,,147009.23,140271.42
2014,X03,Protección y promoción social,IFS-CENTRO SOCIAL MARAVILLAS.ASEOS DISCAPACITADOS Y CALDERAS PARA AHORRO ENERGÉTICO,,71204.43,70769.33
2014,X03,Protección y promoción social,IFS-APARTAMENTOS TUTELADOS PARA MAYORES DISTRITO CENTRO. ACONDICIONAMIENTO GENERAL,,85113.09,84659.11
2014,X03,Protección y promoción social,IFS-CENTRO DE MAYORES SAN FRANCISCO. REORDENACIÓN DE ESPACIOS,,29984.3,29923.54
2014,X03,Protección y promoción social,IFS-CENTRO DE MAYORES SAN FRANCISCO. INSTALACIÓN ASCENSOR,,29881.8,29881.12
2014,X03,Protección y promoción social,IFS-CENTRO DE MAYORES DOS AMIGOS. MEDIDAS DE AHORRO ENERGÉTICO,,19814.56,19807.76
2014,X03,Protección y promoción social,"CENTRO DE DÍA DE MAYORES SAN FRANCISCO, C/ FARMACIA, 13. OBRAS DE CONSERVACIÓN",,33945.93,33945.93
2014,X03,Protección y promoción social,CENTRO MAYORES ANTÓN MARTÍN. OBRAS DE CONSERVACIÓN,,14518.73,14518.73
2014,X03,Protección y promoción social,CENTRO DE SERVICIOS SOCIALES PUERTA DE TOLEDO. OBRAS DE CONSERVACIÓN,,19685.99,19685.99
2014,X03,Protección y promoción social,"CENTRO ATENCIÓN INFANCIA CAI 1, C/ PALOMA, 23. OBRAS DE REMODELACIÓN",,36668.8,36668.8
2014,X03,Protección y promoción social,CENTRO DE MAYORES BENITO MARTÍN LOZANO. INSTALACIÓN DE ENFRIADORAS,,29939.02,29939.02
2014,X03,Protección y promoción social,CENTRO DE MAYORES SAN FRANCISCO. ADECUACIÓN ZONAS Y MEJORA ALUMBRADO,,35000.0,22256.61
2014,X03,Protección y promoción social,CENTRO DE MAYORES DOS AMIGOS. ADECUACIÓN PUERTA ACCESO Y VENTANAS A PATIO,,18000.0,
2014,X05,Educación,,,733597.86,666508.28
2014,X05,Educación,"EQUIPAMIENTO ESCUELA INFANTIL LA PALOMA, C/ TABERNILLAS, 2",,8722.67,8094.26
2014,X05,Educación,"EQUIPAMIENTO RESIDENCIA INTERNADO SAN ILDEFONSO, C/ ALFONSO VI, 1",,5000.0,980.0
2014,X05,Educación,"EQUIPAMIENTO ESCUELA DE MÚSICA ESCUELAS PÍAS, C/ SANTA BRÍGIDA, 14",,90600.0,34745.81
2014,X05,Educación,OBRAS CONSERVACIÓN COLEGIOS Y OTROS CENTROS EDUCATIVOS DISTRITO CENTRO,,4915.78,
2014,X05,Educación,COLEGIO PÚBLICO ISABEL LA CATÓLICA. OBRAS DE CONSERVACIÓN,,11717.79,11717.79
2014,X05,Educación,COLEGIO PÚBLICO ANTONIO MORENO ROSALES. ADOPCIÓN MEDIDAS DE SEGURIDAD,,6278.64,6278.64
2014,X05,Educación,"ESCUELA INFANTIL LA VERBENA DE LA PALOMA C/ TABERNILLAS, 2. INSTALACIÓN PÉRGOLA",,7260.0,7260.0
2014,X05,Educación,ESCUELA INFANTIL EL DUENDE. MESA CALIENTE PARA COCINA,,2765.85,2765.46
2014,X05,Educación,"EQUIPAMIENTO ESCUELA INFANTIL EL DUENDE, PZA. DOS DE MAYO, 2",,8809.04,7494.9
2014,X05,Educación,EQUIPAMIENTO ESCUELA INFANTIL EL OLIVAR,,1467.66,1421.6
2014,X05,Educación,OTRO EQUIPAMIENTO ESCUELA INFANTIL LA PALOMA,,74.0,74.0
2014,X05,Educación,"COLEGIO PÚBLICO PALACIO VALDÉS, Pº DEL PRADO, 38. OBRAS DE CONSERVACIÓN",,34029.05,34029.05
2014,X05,Educación,"COLEGIO PÚBLICO ISABEL LA CATÓLICA, C/ BARCELÓ, 2. REPARACIÓN DE CUBIERTA",,112543.78,112543.78
2014,X05,Educación,COLEGIO PÚBLICO NUESTRA SEÑORA DE LA PALOMA. OBRAS DE CONSERVACIÓN,,17075.08,17075.08
2014,X05,Educación,ESCUELA INFANTIL EL DUENDE. OBRAS DE ACONDICIONAMIENTO,,18335.64,18335.64
2014,X05,Educación,ESCUELA INFANTIL LA PALOMA. OBRAS DE ACONDICIONAMIENTO,,46789.03,46789.03
2014,X05,Educación,"COLEGIO PÚBLICO VÁZQUEZ DE MELLA, C/ BAILÉN, 18 . REPARACIÓN CORNISA Y FACHADA",,79205.04,79205.04
2014,X05,Educación,COLEGIO PÚBLICO SAN ILDEFONSO. OBRAS DE ACONDICIONAMIENTO,,29961.75,29961.75
2014,X05,Educación,COLEGIO PÚBLICO PI Y MARGALL. OBRAS DE ACONDICIONAMIENTO,,51081.7,50771.09
2014,X05,Educación,COLEGIO PÚBLICO VÁZQUEZ DE MELLA. OBRAS DE ACONDICIONAMIENTO,,87687.39,87687.39
2014,X05,Educación,COLEGIO PÚBLICO SAN TA MARÍA. OBRAS DE CONSERVACIÓN,,37116.16,37116.16
2014,X05,Educación,"COLEGIO PÚBLICO EMILIA PARDO BAZÁN, C/ VENTORRILLO, 14. ACONDICIONAMIENTO",,53176.81,53176.81
2014,X05,Educación,"ESCUELA INFANTIL ESCUELAS PÍAS DE SAN ANTÓN, C/ SANTA BRÍGIDA, 12. CONSERVACIÓN",,18985.0,18985.0
2014,X06,Urbanismo,,,3197589.07,2090011.37
2014,X06,Urbanismo,"EDIFICIO C/LUNA, 32. ADQUISICIÓN",,1870155.78,1870155.78
2014,X06,Urbanismo,"ADQUISICIÓN DE SUELO C/HUERTA DEL BAYO, 8",,219856.14,219855.59
2014,X06,Urbanismo,"DEMOLICIÓN EDIFICACIONES EN C/ LUNA, 32",,42720.15,
2014,X06,Urbanismo,ENTORNO DEL BARRIO DE CHUECA. OBRAS DE REMODELACIÓN,,21780.0,
2014,X06,Urbanismo,"ADQUISICIÓN SUELO C/ SANTIAGO EL VERDE, 13",,1043077.0,
2014,X11,"Deportes, juventud y esparcimiento",,,12534278.92,12503140.16
2014,X11,"Deportes, juventud y esparcimiento",CENTRO POLIVALENTE EN LA C/BARCELÓ. CONSTRUCCIÓN,,12390268.78,12390268.76
2014,X11,"Deportes, juventud y esparcimiento",OBRAS CONSERVACIÓN INSTALACIONES DEPORTIVAS DISTRITO CENTRO,,31127.21,
2014,X11,"Deportes, juventud y esparcimiento","DEPORTIVO BÁSICO CASINO DE LA REINA, C/ CASINO, 3. OBRAS DE CONSERVACIÓN",,5236.29,5236.29
2014,X11,"Deportes, juventud y esparcimiento",IFS-CENTRO COMUNITARIO CASINO REINA.ACONDICIONAMIENTO FACHADAS Y TECHO GUARDERÍA,,26956.1,26953.19
2014,X11,"Deportes, juventud y esparcimiento",IFS-ALBERGUE JUVENIL MEJÍA LEQUERICA. ACONDICIONAMIENTO GENERAL,,18509.91,18501.29
2014,X11,"Deportes, juventud y esparcimiento",DEPORTIVO BÁSICO PARQUE DE ATENAS. OBRAS EN PISTA ELEMENTAL,,50709.5,50709.5
2014,X11,"Deportes, juventud y esparcimiento","ALBERGUE JUVENIL MEJÍA LEQUERICA, C/ MEJÍA LEQUERICA, 21. OBRAS DE CONSERVACIÓN",,11471.13,11471.13
2014,X04,Salud pública,,,134305.76,98201.0
2014,X04,Salud pública,"IFS-CENTRO MÉDICO URGENCIAS C/NAVAS TOLOSA,10. EXIGENCIAS INSPECCIÓN TÉCNICA EDIFICIOS",,32550.0,17869.81
2014,X04,Salud pública,IFS-CENTRO EMERGENCIA DROGODEPENDIENTES FUCAR.EXIGENCIAS INSPECCIÓN TÉCNICA EDIFICIOS,,40000.0,18575.43
2014,X04,Salud pública,"EVACUATORIO DEL RASTRO, C/ RIBERA DE CURTIDORES, 2. OBRAS DE CONSERVACIÓN",,1272.42,1272.42
2014,X04,Salud pública,"CENTRO MADRID SALUD JOVEN, C/ NAVAS DE TOLOSA, 10. OBRAS DE REFORMA",,60483.34,60483.34
2014,X02,"Tráfico, estacionamiento y transporte público",,,38012.3,20264.01
2014,X02,"Tráfico, estacionamiento y transporte público",SEMÁFOROS E INTERSECCIONES URBANAS DISTRITO CENTRO,,1116.87,1116.87
2014,X02,"Tráfico, estacionamiento y transporte público",APARCAMIENTO PÚBLICO PLAZA DEL CARMEN. ADOPCIÓN MEDIDAS DE SEGURIDAD,,36895.43,19147.14
2015,X00,Inversiones de carácter general,,,3493140.16,2797121.6
2015,X00,Inversiones de carácter general,IGLESIA DE LAS MARAVILLAS. RESTAURACIÓN,,1090371.0,540866.28
2015,X00,Inversiones de carácter general,"EDIFICIO PLAZA DE LA VILLA, 5. OBRAS DE ADAPTACIÓN DE ESPACIOS",,1317773.49,1233580.3
2015,X00,Inversiones de carácter general,EDIFICIO PALACIO DUQUESA DE SUECA. SUBSANACIÓN DE PATOLOGÍAS,,100135.95,100135.57
2015,X00,Inversiones de carácter general,"CASA DE LA PANADERÍA, PZA. MAYOR, 27. SUBSANACIÓN DE PATOLOGÍAS",,113562.96,113562.94
2015,X00,Inversiones de carácter general,"EDIFICIO C/ FUCAR, 6. ADOPCIÓN DE MEDIDAS DE SEGURIDAD",,9756.37,4553.82
2015,X00,Inversiones de carácter general,MOBILIARIO Y ENSERES SERVICIOS ADMINISTRATIVOS DISTRITO CENTRO,,2500.0,
2015,X00,Inversiones de carácter general,"EDIFICIO C/ ALCALÁ, 21. OBRAS DE ADAPTACIÓN DE LAS PLANTAS 5ª y 7ª",,15258.15,15258.15
2015,X00,Inversiones de carácter general,"EDIFICIO C/ MAYOR, 71. OBRAS DE REDISTRIBUCIÓN DE ESPACIOS",,23791.55,23791.5
2015,X00,Inversiones de carácter general,"EDIFICIO C/ ALCALÁ, 45. OBRAS DE ACCESIBILIDAD",,17565.47,17565.37
2015,X00,Inversiones de carácter general,"EDIFICIO CALLE MAYOR, 71. MEJORAS",,1127.0,809.49
2015,X00,Inversiones de carácter general,"EDIFICIO PLAZA DE LA VILLA, 4. MEJORAS",,4200.0,3839.89
2015,X00,Inversiones de carácter general,"EDIFICIO PLAZA DE LA VILLA, 4. SEÑALIZACIÓN",,1700.0,1303.53
2015,X00,Inversiones de carácter general,"EDIFICIO C/ FUCAR, 6. OBRAS DERIVADAS DE LA INSPECCIÓN TÉCNICA DE EDIFICIOS",,290668.81,290668.81
2015,X00,Inversiones de carácter general,"EDIFICIO C/ SAN BERNARDO, 68. CENTRO DE TRANSFORMACIÓN",,244.42,244.42
2015,X00,Inversiones de carácter general,"EDIFICIO ESCUELAS PÍAS DE SAN FERNANDO, C/TRIBULETE, 14. SUBSANACIÓN DE PATOLOGÍAS",,105606.55,105606.55
2015,X00,Inversiones de carácter general,"EDIFICIO C/ RIBERA DE CURTIDORES, 2. OBRAS DERIVADAS INSPECCIÓN TÉCNICA DE EDIFICIOS",,9707.78,9707.78
2015,X00,Inversiones de carácter general,"EDIFICIO PZA. DE LA VILLA, 5. INSPECCIÓN TÉCNICA EDIFICIOS Y REGLAMENTO ELECTROTÉCNICO",,149396.74,149396.74
2015,X00,Inversiones de carácter general,"IFS-EDIFICIO C/BARCO, 20. ADECUACIÓN CARPINTERÍA METÁLICA Y MEDIANERA",,145000.0,104090.09
2015,X00,Inversiones de carácter general,IFS-PLAZA DE LA VILLA 4. REFORMA ACOMETIDA Y DISTRIBUCIÓN INTERIOR,,30000.0,29951.81
2015,X00,Inversiones de carácter general,"EDIFICIO PASEO DEL PRADO, 30. ADOPCIÓN MEDIDAS DE SEGURIDAD",,8360.5,8360.49
2015,X00,Inversiones de carácter general,OBRAS DE CONSERVACIÓN EDIFICIOS DISTRITO DE CENTRO,,11577.5,
2015,X00,Inversiones de carácter general,EDIFICIO SEDE DISTRITO CENTRO. OBRAS DE CONSERVACIÓN,,19835.92,19835.92
2015,X00,Inversiones de carácter general,IFS-EDIFICIO SEDE DISTRITO CENTRO. ADAPTACIÓN A NORMATIVA Y EFICIENCIA ENERGÉTICA,,25000.0,23992.15
2015,X10,Cultura,,,2346947.02,1160549.1
2015,X10,Cultura,CUARTEL CONDE DUQUE. RESTAURACIÓN,,169062.0,88140.86
2015,X10,Cultura,MUSEO DE HISTORIA DE MADRID. REHABILITACIÓN ZONA CAPILLA,,640300.0,377991.8
2015,X10,Cultura,CENTRO CULTURAL PUERTA DE TOLEDO. OBRAS DE ACONDICIONAMIENTO,,66220.89,66220.88
2015,X10,Cultura,RESTAURACIÓN DE LA MURALLA ISLÁMICA,,486200.0,306312.7
2015,X10,Cultura,BIBLIOTECA MARIO VARGAS LLOSA. INSTALACIÓN ALARMA,,4131.0,4130.43
2015,X10,Cultura,CENTRO CULTURAL CONDE DUQUE. SISTEMA DE VIDEOVIGILANCIA,,8600.0,8580.12
2015,X10,Cultura,"EQUIPAMIENTO MUSEO DE SAN ISIDRO, PZA. DE SAN ANDRÉS, 2",,43190.65,43190.65
2015,X10,Cultura,RESTAURACIÓN DE LA MURALLA CRISTIANA DE MADRID,,25000.0,13915.0
2015,X10,Cultura,CENTRO CULTURAL LAVAPIÉS. EQUIPOS ILUMINACIÓN Y SONIDO,,4209.61,
2015,X10,Cultura,CENTRO CULTURAL PUERTA DE TOLEDO. EQUIPOS ILUMINACIÓN Y SONIDO,,8438.61,
2015,X10,Cultura,EQUIPAMIENTO BIBLIOTECA PÚBLICA MARIO VARGAS LLOSA,,1482.25,
2015,X10,Cultura,BIBLIOTECA HISTÓRICA. MOBILIARIO Y ENSERES,,17500.0,16378.91
2015,X10,Cultura,BIBLIOTECA MUSICAL VICTOR ESPINÓS. MOBILIARIO Y ENSERES,,3000.0,509.94
2015,X10,Cultura,HEMEROTECA MUNICIPAL. MOBILIARIO Y ENSERES,,5900.0,
2015,X10,Cultura,"EQUIPAMIENTO IMPRENTA MUNICIPAL, C/ CONCEPCIÓN JERÓNIMA, 15",,2000.0,
2015,X10,Cultura,BIBLIOTECA HISTÓRICA. LIBROS ANTIGUOS DESCATALOGADOS. PATRIMONIO BIBLIOGRÁFICO,,25000.0,20178.0
2015,X10,Cultura,BIBLIOTECA MUSICAL VÍCTOR ESPINÓS. PARTITURAS,,3000.0,2471.97
2015,X10,Cultura,BIBLIOTECA MUSICAL VÍCTOR ESPINÓS. INSTRUMENTOS MUSICALES,,17500.0,17481.29
2015,X10,Cultura,HEMEROTECA MUNICIPAL. OTROS BIENES PARA EL FUNCIONAMIENTO DEL SERVICIO,,350.0,318.84
2015,X10,Cultura,ARCHIVO DE VILLA. MOBILIARIO Y ENSERES,,22500.0,20686.16
2015,X10,Cultura,"""TERTULIA VALLE INCLÁN EN CAFÉ GRANJA EL HENAR"" DE ARTURO SOUTO. MUSEO ARTE CONTEMPORÁNEO",,21773.95,21773.95
2015,X10,Cultura,MUSEO DE HISTORIA DE MADRID. BIENES CULTURALES PARA LAS COLECCIONES,,10604.7,9789.0
2015,X10,Cultura,MUSEO DE SAN ISIDRO. LOS ORÍGENES DE MADRID. BIENES CULTURALES PARA LAS COLECCIONES,,10620.0,10620.0
2015,X10,Cultura,MUSEO DE HISTORIA DE MADRID. EQUIPAMIENTO DE ESPACIOS INTERNOS Y DE USO PÚBLICO,,88009.0,56220.54
2015,X10,Cultura,MUSEO DE HISTORIA DE MADRID. EQUIPOS DE COMUNICACIÓN,,1679.96,
2015,X10,Cultura,CENTRO CULTURAL CONDE DUQUE. EQUIPOS DE COMUNICACIÓN,,2500.0,791.34
2015,X10,Cultura,MUSEO DE SAN ISIDRO. LOS ORÍGENES DE MADRID. EXPOSICIÓN PERMANENTE,,495000.0,
2015,X10,Cultura,EQUIPAMIENTO BIBLIOTECA PÚBLICA CONDE DUQUE,,6788.1,
2015,X10,Cultura,EQUIPAMIENTO BIBLIOTECA PÚBLICA IVÁN DE VARGAS,,4361.52,2897.42
2015,X10,Cultura,"EDIFICIO C/CUESTA DE SAN RAMÓN, 4. ADECUACIÓN CENTRO INTERPRETACIÓN MURALLAS",,60500.0,
2015,X10,Cultura,CENTROS CULTURALES DITRITO CENTRO. MEJORA INSTALACIONES ILUMINACIÓN Y SONIDO,,7896.23,
2015,X10,Cultura,CENTRO CULTURAL CLARA DEL REY. EQUIPOS ILUMINACIÓN Y SONIDO,,628.55,
2015,X10,Cultura,IFS-CENTRO CULTURAL LAVAPIÉS. ADECUACIÓN DE LA CARPINTERÍA METÁLICA,,83000.0,71949.3
2015,X01,Protección Civil y seguridad ciudadana,,,3656540.4,3636535.81
2015,X01,Protección Civil y seguridad ciudadana,"EQUIPAMIENTO PARQUE DE BOMBEROS Nº 6, C/ IMPERIAL, 8",,787.71,
2015,X01,Protección Civil y seguridad ciudadana,"PARQUE DE BOMBEROS Y SAMUR C/SAN BERNARDO, 68. CONSTRUCCIÓN",,2486524.01,2486523.96
2015,X01,Protección Civil y seguridad ciudadana,"PARQUE DE BOMBEROS Nº 3, DISTRITO CENTRO. OBRAS DE REFORMA",,522021.97,522021.96
2015,X01,Protección Civil y seguridad ciudadana,IFS-EDIFICIO EN PZA. STA. M.ª TORRES ACOSTA. ADECUACIÓN INSTALACIÓN DE CLIMATIZACIÓN,,90000.0,72100.51
2015,X01,Protección Civil y seguridad ciudadana,VIDEOVIGILANCIA POR CIRCUITO CERRADO DE TELEVISIÓN EN EL ENTORNO DE LA GRAN VÍA,,556419.0,555889.38
2015,X01,Protección Civil y seguridad ciudadana,"EQUIPAMIENTO PARQUE DE BOMBEROS Nº 3, C/ RONDA DE SEGOVIA, 95",,787.71,
2015,X14,Sectores productivos,,,300833.53,274327.15
2015,X14,Sectores productivos,PROYECTO DE EJECUCIÓN PARA EL MERCADO TEMPORAL DE BARCELÓ,,300833.53,274327.15
2015,X09,Medio ambiente,,,3092514.29,18606.29
2015,X09,Medio ambiente,JARDINES PLAZA ARQUITECTO RIBERA. ADECUACIÓN,,1543558.0,
2015,X09,Medio ambiente,IFS-PARQUE MADRID RÍO. ADECUACIÓN TUNEL DE BONAPARTE A NORMATIVA ACCESIBILIDAD,,456.29,456.29
2015,X09,Medio ambiente,IFS-TALUDES EN EL PARQUE DE LA CORNISA. ACONDICIONAMIENTO,,527000.0,18150.0
2015,X09,Medio ambiente,JARDINES DE SABATINI. ADECUACIÓN,,1021500.0,
2015,X08,Mantenimiento urbano,,,1748988.12,1578474.55
2015,X08,Mantenimiento urbano,RENOVACIÓN INTEGRAL INSTALACIONES Y PAVIMENTOS. PRIS Z-1 DISTRITO CENTRO,,250742.71,250742.71
2015,X08,Mantenimiento urbano,PLAZA MAYOR. ADECUACIÓN GLOBAL DE EDIFICIOS Y SUPERFICIES ABIERTAS Y CUBIERTAS,,1498245.41,1327731.84
2015,X03,Protección y promoción social,,,1070264.75,899971.37
2015,X03,Protección y promoción social,"CENTRAL SAMUR SOCIAL. ADECUACIÓN FACHADAS, CUBIERTAS Y LUCERNARIO",,227256.24,227243.64
2015,X03,Protección y promoción social,EQUIPAMIENTO UNIDAD CENTRAL DEL SAMUR SOCIAL,,1570.0,1570.0
2015,X03,Protección y promoción social,EQUIPAMIENTO PARA LA CENTRAL DEL SAMUR SOCIAL,,1999.5,1999.5
2015,X03,Protección y promoción social,MOBILIARIO Y ENSERES CENTROS DE MAYORES DISTRITO CENTRO,,16171.54,
2015,X03,Protección y promoción social,"EQUIPAMIENTO CENTRO DE MAYORES SAN FRANCISCO, C/ JERTE, 3",,23574.46,19023.88
2015,X03,Protección y promoción social,MOBILIARIO Y ENSERES CENTROS DE SERVICIOS SOCIALES DITRITO CENTRO,,10000.0,
2015,X03,Protección y promoción social,CENTRO DE MAYORES SAN FRANCISCO. OBRAS DE CONSERVACIÓN,,6636.97,6636.97
2015,X03,Protección y promoción social,CENTRO SERVICIOS SOCIALES MARAVILLAS. OBRAS DE CONSERVACIÓN,,10939.17,10939.17
2015,X03,Protección y promoción social,CENTRO DÍA DE MAYORES CASINO DE LA REINA. OBRAS DE CLIMATIZACIÓN Y OTRAS MEJORAS,,60334.06,60334.06
2015,X03,Protección y promoción social,CENTRO DE DÍA ESCUELAS DE SAN ANTÓN. OBRAS DE CONSERVACIÓN,,21916.79,21916.79
2015,X03,Protección y promoción social,CENTRO DE MAYORES BENITO MARTÍN LOZANO. OBRAS DE ACONDICIONAMIENTO,,50609.58,50609.57
2015,X03,Protección y promoción social,CENTRO DE ATENCIÓN A LA INFANCIA Nº 1. OBRAS DE CARPINTERÍA Y OTRAS,,48331.61,48055.36
2015,X03,Protección y promoción social,CENTRO DE MAYORES SAN FRANCISCO. SUSTITUCIÓN MURO DE CERRAMIENTO,,204015.16,200449.36
2015,X03,Protección y promoción social,CENTRO DE DÍA DE ALZHEIMER CARMEN CONDE. ADAPTACIÓN ASEOS Y OTRAS MEJORAS,,30841.41,30841.4
2015,X03,Protección y promoción social,IFS-CENTRO DE MAYORES SAN FRANCISCO EL GRANDE. DIVERSAS OBRAS DE MEJORA,,90000.0,88796.23
2015,X03,Protección y promoción social,IFS-CENTRO DE MAYORES BENITO MARTÍN LOZANO. OBRAS DE REFORMA Y MEJORA,,42000.0,23038.01
2015,X03,Protección y promoción social,IFS-CENTRO DE MAYORES DOS AMIGOS. OBRAS DE MEJORA,,26000.0,17696.56
2015,X03,Protección y promoción social,IFS-CENTRO DE SERVICIOS SOCIALES MARAVILLAS. OBRAS DE MEJORA Y OBTENCIÓN DE ECONOMÍAS,,15000.0,8738.09
2015,X03,Protección y promoción social,IFS-CENTRO DE MAYORES ANTÓN MARTÍN. OBRAS DE MEJORA,,55000.0,14015.22
2015,X03,Protección y promoción social,IFS-CENTRO SERVICIOS SOCIALES LA PALOMA. ADECUACIÓN DEPENDENCIAS Y EFICIENCIA ENERGÉTICA,,125000.0,64999.3
2015,X03,Protección y promoción social,CENTRO DE HOSTELERÍA AGENCIA DE EMPLEO. EQUIPAMIENTO POLITICAS ACTIVAS EMPLEO,,3068.26,3068.26
2015,X05,Educación,,,1016397.24,907864.46
2015,X05,Educación,EQUIPAMIENTO ESCUELA INFANTIL EL DUENDE,,291.77,291.77
2015,X05,Educación,OBRAS DE CONSERVACIÓN CENTROS DOCENTES DE ENSEÑANZA DISTRITO CENTRO,,55892.38,
2015,X05,Educación,"EQUIPAMIENTO ESCUELA INFANTIL LA PALOMA, C/ TABERNILLAS, 2",,6463.99,6463.99
2015,X05,Educación,"EQUIPAMIENTO ESCUELA INFANTIL OSA MENOR, C/ MEJÍA LEQUERICA, 21",,4000.0,
2015,X05,Educación,OTRO EQUIPAMIENTO ESCUELA INFANTIL LA PALOMA,,1676.36,1676.36
2015,X05,Educación,COLEGIO PÚBLICO PI Y MARGALL. OBRAS DE ACONDICIONAMIENTO,,48518.13,48518.13
2015,X05,Educación,RESIDENCIA INTERNADO SAN ILDEFONSO. OTRO MOBILIARIO Y ENSERES,,17000.0,1815.22
2015,X05,Educación,EQUIPAMIENTO NUEVA ESCUELA INFANTIL ESCUELAS PÍAS,,101338.51,78353.49
2015,X05,Educación,ESCUELA INFANTIL ESCUELAS DE SAN ANTÓN (CENTRO V). PLACA IDENTIFICATIVA,,565.07,565.07
2015,X05,Educación,ESCUELA DE MÚSICA ESCUELAS PÍAS. ADQUISICIÓN DE INTRUMENTOS,,19382.51,19382.51
2015,X05,Educación,ESCUELA INFANTIL OSA MENOR. PLACA IDENTIFICATIVA,,566.13,566.13
2015,X05,Educación,ESCUELA INFANTIL LA PALOMA. PLACA IDENTIFICATIVA,,565.07,565.07
2015,X05,Educación,ESCUELA INFANTIL EL DUENDE. PLACA IDENTIFICATIVA,,565.07,565.07
2015,X05,Educación,ESCUELA INFANTIL EL OLIVAR. PLACA IDENTIFICATIVA,,565.07,565.07
2015,X05,Educación,"EQUIPAMIENTO ESCUELA MUNICIPAL DE ARTE DRAMÁTICO, C/ MEJÍA LEQUERICA, 21",,90.75,90.75
2015,X05,Educación,"ESCUELA INFANTIL ESCUELAS PÍAS SAN ANTÓN, C/ SANTA BRÍGIDA, 12. ACONDICIONAMIENTO",,68497.97,68497.97
2015,X05,Educación,ESCUELA INFANTIL LA PALOMA. OBRAS DE CONSERVACIÓN,,16249.33,16249.33
2015,X05,Educación,ESCUELA INFANTIL EL DUENDE. OBRAS DE CONSERVACIÓN,,13092.26,13092.26
2015,X05,Educación,"COLEGIO PÚBLICO PALACIO VALDÉS, Pº DEL PRADO, 38. OBRAS DE ACONDICIONAMIENTO",,60494.8,60494.8
2015,X05,Educación,COLEGIO PÚBLICO SANTA MARÍA. OBRAS DE ACONDICIONAMIENTO,,60251.21,60250.78
2015,X05,Educación,COLEGIO PÚBLICO NUESTRA SEÑORA DE LA PALOMA. OBRAS DE ACONDICIONAMIENTO,,25357.3,25357.3
2015,X05,Educación,COLEGIO PÚBLICO ANTONIO MORENO ROSALES. ELIMINACIÓN DE HUMEDADES,,32988.02,32987.58
2015,X05,Educación,COLEGIO PÚBLICO ISABEL LA CATÓLICA. OBRAS DE ACONDICIONAMIENTO,,67414.58,67414.14
2015,X05,Educación,COLEGIO PÚBLICO SAN ILDEFONSO. ADECUACIÓN INSTALACIÓN CALEFACCIÓN,,31366.44,31366.44
2015,X05,Educación,"COLEGIO PÚBLICO VÁZQUEZ DE MELLA, C/ BAILÉN, 18. OBRAS DE ACONDICIONAMIENTO",,68761.97,68761.54
2015,X05,Educación,"COLEGIO PÚBLICO EMILIA PARDO BAZÁN, C/ VENTORRILLO, 14. OBRAS DE REFORMA",,65705.71,60211.66
2015,X05,Educación,ESCUELA INFANTIL ESCUELAS PÍAS SAN ANTÓN. OBRAS DE CONSERVACIÓN,,32222.41,32220.62
2015,X05,Educación,COLEGIO PÚBLICO NUESTRA SEÑORA DE LA PALOMA. ADECUACIÓN FACHADA,,112229.46,108237.15
2015,X05,Educación,COLEGIO PÚBLICO SAN ILDEFONSO. OBRAS DE REFORMA,,29524.7,29524.7
2015,X05,Educación,COLEGIO PÚBLICO ANTONIO MORENO ROSALES. INSTALACIÓN CALEFACCIÓN Y OTRAS MEJORAS,,29860.66,29860.66
2015,X05,Educación,"ESCUELA INFANTIL EL OLIVAR, C/ OLIVAR, 48. OBRAS DE ACONDICIONAMIENTO",,33101.67,33101.23
2015,X05,Educación,ESCUELA INFANTIL LA PALOMA. MOBILIARIO PARA AULAS Y PARQUE EXTERIOR,,4019.5,3039.23
2015,X05,Educación,"OTRO EQUIPAMIENTO ESCUELA INFANTIL EL DUENDE, PZA. DOS DE MAYO, 2",,2480.5,2480.5
2015,X05,Educación,ESCUELA DE MÚSICA ESCUELAS PÍAS. OBRAS DE CONSERVACIÓN,,5297.94,5297.94
2015,X06,Urbanismo,,,2996580.6,1980215.23
2015,X06,Urbanismo,"EDIFICIO C/LUNA, 32. ADQUISICIÓN",,1964813.88,1690423.08
2015,X06,Urbanismo,"ADQUISICIÓN DE SUELO C/HUERTA DEL BAYO, 8",,86524.12,617.18
2015,X06,Urbanismo,ENTORNO DEL BARRIO DE CHUECA. OBRAS DE REMODELACIÓN,,104173.0,21680.78
2015,X06,Urbanismo,"ADQUISICIÓN SUELO C/ SANTIAGO EL VERDE, 13",,691069.6,267494.19
2015,X06,Urbanismo,PLAZA DE ESPAÑA. OBRAS DE REMODELACIÓN,,150000.0,
2015,X11,"Deportes, juventud y esparcimiento",,,160273.0,150989.11
2015,X11,"Deportes, juventud y esparcimiento","DEPORTIVO BÁSICO CASINO DE LA REINA, C/ CASINO, 3. OBRAS DE ACONDICIONAMIENTO",,27643.55,27643.55
2015,X11,"Deportes, juventud y esparcimiento",PISTAS DEPORTIVAS C/ EMBAJADORES. CONSTRUCCIÓN,,19200.0,18081.05
2015,X11,"Deportes, juventud y esparcimiento",OBRAS DE CONSERVACIÓN INSTALACIONES DEPORTIVAS DEL DISTRITO CENTRO,,6238.61,
2015,X11,"Deportes, juventud y esparcimiento",DEPORTIVO BÁSICO PARQUE DE ATENAS. OBRAS EN VALLADO EXTERIOR,,23328.27,23328.27
2015,X11,"Deportes, juventud y esparcimiento",DEPORTIVO BÁSICO NUESTRA SEÑORA DE LA PALOMA. OBRAS DE MEJORA,,29862.57,29862.57
2015,X11,"Deportes, juventud y esparcimiento",IFS-CENTRO COMUNITARIO Y CASITA CASINO DE LA REINA. OBRAS DE MEJORA Y OBTENCIÓN DE ECONOMÍAS,,54000.0,52073.67
2015,X12,Otros bienes públicos de carácter social,,,1931.24,1931.24
2015,X12,Otros bienes públicos de carácter social,EQUIPAMIENTO OFICINA ATENCIÓN AL CIUDADANO LÍNEA MADRID DISTRITO CENTRO,,1931.24,1931.24
2015,X04,Salud pública,,,111995.87,99166.17
2015,X04,Salud pública,"CENTRO ATENCIÓN DROGODEPENDIENTES C/ FÚCAR, 8. SUBSANACIÓN DE PATOLOGÍAS",,17696.36,4866.66
2015,X04,Salud pública,CENTRO EMERGENCIAS SOCIOSANITARIAS. OBRAS DE ACONDICIONAMIENTO,,61048.54,61048.54
2015,X04,Salud pública,CENTRO MADRID SALUD DISTRITO CENTRO. ADQUISICIÓN DE MAQUINARIA,,3957.92,3957.92
2015,X04,Salud pública,"CENTRO MADRID SALUD CENTRO, C/ NAVAS DE TOLOSA, 10. INSTALACIONES TÉCNICAS",,24676.9,24676.9
2015,X04,Salud pública,"EQUIPAMIENTO CENTRO MADRID SALUD DISTRITO CENTRO, C/ NAVAS DE TOLOSA, 10",,4616.15,4616.15
2015,X02,"Tráfico, estacionamiento y transporte público",,,88321.65,88321.65
2015,X02,"Tráfico, estacionamiento y transporte público",APARCAMIENTO PÚBLICO PLAZA DEL CARMEN. ADOPCIÓN MEDIDAS DE SEGURIDAD,,88321.65,88321.65
2016,X00,Inversiones de carácter general,,,106130465.04,105925375.1
2016,X00,Inversiones de carácter general,IGLESIA DE LAS MARAVILLAS. RESTAURACIÓN,,393294.0,393275.88
2016,X00,Inversiones de carácter general,"EDIFICIO PLAZA DE LA VILLA, 5. OBRAS DE ADAPTACIÓN DE ESPACIOS",,188015.35,188015.35
2016,X00,Inversiones de carácter general,"EDIFICIO C/ SAN BERNARDO, 68. CENTRO DE TRANSFORMACIÓN",,46810.96,46810.96
2016,X00,Inversiones de carácter general,"EDIFICIO PZA. DE LA VILLA, 5. INSPECCIÓN TÉCNICA EDIFICIOS Y REGLAMENTO ELECTROTÉCNICO",,221036.53,221036.53
2016,X00,Inversiones de carácter general,EDIFICIO CASA DE LA DUQUESA DE SUECA. OBRAS DERIVADAS INSPECCIÓN TÉCNICA DE EDIFICIOS,,300000.0,99684.95
2016,X00,Inversiones de carácter general,SISTEMA INTEGRAL GRABACIÓN Y REPRODUCCIÓN SESIONES PLENARIAS DISTRITO CENTRO,,7238.91,7238.91
2016,X00,Inversiones de carácter general,"EDIFICIO C/ ALCALÁ, 45. ADQUISICIÓN",,104000000.0,104000000.0
2016,X00,Inversiones de carácter general,"EDIFICIO C/ MAYOR, 71. CLIMATIZACIÓN SOPORTES RACKS",,18228.95,15725.08
2016,X00,Inversiones de carácter general,"CENTRO ATENCIÓN DROGODEPENDIENTES C/FUCAR, 8. OBRAS DE DEMOLICIÓN",,284438.06,282293.84
2016,X00,Inversiones de carácter general,"SEDE TRIBUNAL ECONÓMICO ADMINISTRATIVO, C/ MAYOR, 83. OBRAS DE ACONDICIONAMIENTO",,10728.69,10728.69
2016,X00,Inversiones de carácter general,EDIFICIO CASA DUQUESA DE SUECA. SUBSANACIÓN DE PATOLOGÍAS,,515246.83,515246.83
2016,X00,Inversiones de carácter general,IFS-SEDE JUNTA MUNICIPAL DISTRITO CENTRO. MEJORA INSTALACIONES Y EFICIENCIA ENERGÉTICA,,141000.0,140891.32
2016,X00,Inversiones de carácter general,"EDIFICACIONES C/ DEL ESPEJO, 14. OBRAS DE CONSERVACIÓN",,4426.76,4426.76
2016,X10,Cultura,,,2255518.33,1809916.98
2016,X10,Cultura,CUARTEL CONDE DUQUE. RESTAURACIÓN,,50244.41,40401.71
2016,X10,Cultura,CENTRO CULTURAL LAVAPIÉS. EQUIPOS ILUMINACIÓN Y SONIDO,,32662.3,32662.3
2016,X10,Cultura,CENTRO CULTURAL PUERTA DE TOLEDO. EQUIPOS ILUMINACIÓN Y SONIDO,,8438.61,8438.61
2016,X10,Cultura,MUSEO DE SAN ISIDRO. LOS ORÍGENES DE MADRID. EXPOSICIÓN PERMANENTE,,699418.29,494015.7
2016,X10,Cultura,CENTRO CULTURAL CLARA DEL REY. EQUIPOS ILUMINACIÓN Y SONIDO,,628.55,628.55
2016,X10,Cultura,"IFS-BIBLIOTECA IVÁN DE VARGAS. INSTALACIONES DE CLIMATIZACIÓN, EFICIENCIA ENERGÉTICA Y SOSTENIBILIDAD",,50000.0,
2016,X10,Cultura,"IFS-MUSEO DE HISTORIA, C/FUENCARRAL, 78. REORDENACIÓN DE ESPACIOS Y ACONDICIONAMIENTO",,60000.0,56148.05
2016,X10,Cultura,"IFS-ENTORNO DE LA MURALLA CRISTIANA, C/ALMENDRO 3, 15 Y 17.  CERRAMIENTO PARCELA Y MUROS PERIMETRALES",,50000.0,49229.19
2016,X10,Cultura,IFS-EDIFICIO DON DE MARÍA. CLIMATIZACIÓN,,61000.0,44799.63
2016,X10,Cultura,EQUIPAMIENTO BIBLIOTECA HISTÓRICA MUNICIPAL,,19407.9,16979.13
2016,X10,Cultura,EQUIPAMIENTO HEMEROTECA MUNICIPAL,,13899.0,12140.9
2016,X10,Cultura,BIBLIOTECA HISTÓRICA MUNICIPAL. ADQUISICION LIBROS,,5000.0,4659.2
2016,X10,Cultura,BIBLIOTECA MUSICAL VÍCTOR ESPINÓS. ADQUISICIÓN INSTRUMENTOS Y PARTITURAS,,25980.03,25980.03
2016,X10,Cultura,CENTRO CULTURAL CONDE DUQUE. DOTACIONES PARA LOS SERVICIOS DE VIGILANCIA Y CONTROL,,5500.0,5029.88
2016,X10,Cultura,BIBLIOTECA PÚBLICA MARIO VARGAS LLOSA. SISTEMA DE AUTOPRÉSTAMO,,26090.57,26090.57
2016,X10,Cultura,EQUIPAMIENTO BIBLIOTECA MUSICAL VÍCTOR ESPINÓS,,4000.0,3344.66
2016,X10,Cultura,BIBLIOTECA PÚBLICA CONDE DUQUE. DOTACIÓN DE MOBILIARIO Y ENSERES,,6685.25,6685.25
2016,X10,Cultura,BIBLIOTECA PÚBLICA IVÁN DE VARGAS. DOTACIÓN DE MOBILIARIO Y ENSERES,,1439.9,1439.9
2016,X10,Cultura,BIBLIOTECA PÚBLICA MARIO VARGAS LLOSA. DOTACIÓN DE MOBILIARIO Y ENSERES,,1452.0,1452.0
2016,X10,Cultura,EQUIPAMIENTO IMPRENTA MUNICIPAL-ARTES DEL LIBRO,,20000.0,11849.62
2016,X10,Cultura,BIBLIOTECA PÚBLICA CONDE DUQUE. EQUIPOS COMUNICACIÓN PARA DISCAPACITADOS AUDITIVOS,,533.03,533.03
2016,X10,Cultura,BIBLIOTECA PÚBLICA IVÁN DE VARGAS. EQUIPOS DE COMUNICACIÓN DISCAPACITADOS AUDITIVOS,,533.03,533.03
2016,X10,Cultura,BIBLIOTECA PÚBLICA MARIO VARGAS LLOSA. EQUIPOS COMUNICACIÓN DISCAPACITADOS AUDITIVOS,,533.03,533.03
2016,X10,Cultura,BIBLIOTECA MUSICAL VÍCTOR ESPINÓS. RESTAURACIÓN PIANO FORTE DE MESA,,6850.0,6850.0
2016,X10,Cultura,EQUIPAMIENTO ARCHIVO DE LA VILLA,,85004.56,81936.36
2016,X10,Cultura,MUSEO DE HISTORIA DE MADRID. BIENES CULTURALES,,260947.58,260947.58
2016,X10,Cultura,MUSEO DE ARTE CONTEMPORÁNEO. BIENES CULTURALES,,26812.0,26812.0
2016,X10,Cultura,MUSEO DE SAN ISIDRO. BIENES CULTURALES,,42250.78,42250.78
2016,X10,Cultura,MUSEO DE SAN ISIDRO. INSTALACIONES DE SEGURIDAD,,54887.55,54650.99
2016,X10,Cultura,MUSEO DE HISTORIA DE MADRID. EQUIPAMIENTO ESPACIOS INTERNOS Y USOS PUBLICOS,,104531.82,102301.97
2016,X10,Cultura,MUSEO SAN ISIDRO. MOBILIARIO TÉCNICO DE ALMACENAJE ESPECIALIZADO,,35860.01,22175.85
2016,X10,Cultura,EQUIPAMIENTO CENTRO CULTURAL CONDE DUQUE,,5266.0,4764.86
2016,X10,Cultura,MUSEO DE ARTE CONTEMPORÁNEO. MONTAJE EXPOSICIÓN PERMANENTE,,14258.0,12067.87
2016,X10,Cultura,MUSEO DE SAN ISIDRO. EQUIPOS DE COMUNICACIÓN,,3500.0,3040.78
2016,X10,Cultura,MUSEO DE SAN ISIDRO. LIBROS TÉCNICOS ESPECIALIZADOS,,5151.85,5151.85
2016,X10,Cultura,IFS-MURALLA CRISTIANA DE MADRID. RESTAURACIÓN,,61000.0,56378.62
2016,X10,Cultura,IFS-CERCA FELIPE IV. CONSOLIDACIÓN,,61000.0,55569.42
2016,X10,Cultura,IFS-CENTRO CULTURAL PUERTA DE TOLEDO.OBRAS DE MEJORA INSTALACIONES,,17000.0,16744.57
2016,X10,Cultura,IFS-CENTRO CULTURAL CLARA DEL REY. ADECUACIÓN TEJADO DE MICROCEMENTO,,54000.0,52515.38
2016,X10,Cultura,IFS-CAPILLA DEL MUSEO DE HISTORIA. ADECUACIÓN DE CÚPULA Y TAMBOR,,61000.0,59993.85
2016,X10,Cultura,"IFS-CENTRO ARTES DEL LIBRO . INSTALACIONES DE ILUMINACIÓN, EFICIENCIA ENERGÉTICA Y SOSTENIBILIDAD",,20000.0,
2016,X10,Cultura,CENTRO CULTURAL CONDE DUQUE. INSTALACIONES DE SEGURIDAD,,3816.15,3816.15
2016,X10,Cultura,IFS-MUSEO DE LOS ORÍGENES. REFORMA INSTALACIÓN DE CLIMATIZACIÓN Y  ADAPTACIÓN A LA NORMATIVA VIGENTE,,100000.0,9438.0
2016,X10,Cultura,CENTRO SOCIOCULTURAL LAVAPIÉS. OBRAS DE REPARACIÓN,,17879.49,17879.49
2016,X10,Cultura,CENTRO SOCIOCULTURAL CLARA DEL REY. OBRAS DE REFORMA,,29327.74,29327.74
2016,X10,Cultura,BIBLIOTECA PÚBLICA MARIO VARGAS LLOSA. OBRAS DE CONSERVACIÓN,,12461.94,12461.94
2016,X10,Cultura,SALA DE EXPOSICIONES LA PALOMA. OBRAS DE ACONDICIONAMIENTO,,29266.96,29266.96
2016,X01,Protección Civil y seguridad ciudadana,,,402896.63,371284.34
2016,X01,Protección Civil y seguridad ciudadana,"PARQUE DE BOMBEROS Y SAMUR C/SAN BERNARDO, 68. CONSTRUCCIÓN",,232529.0,232528.54
2016,X01,Protección Civil y seguridad ciudadana,"PARQUE BOMBEROS Nº 3, RONDA DE SEGOVIA, 95. OBRAS DE ADECUACIÓN Y REFORMA",,43239.2,43236.62
2016,X01,Protección Civil y seguridad ciudadana,EQUIPAMIENTO UNIDAD INTEGRAL POLICÍA MUNICIPAL DISTRITO CENTRO-NORTE,,7719.8,7719.8
2016,X01,Protección Civil y seguridad ciudadana,EQUIPAMIENTO UNIDAD INTEGRAL POLICÍA MUNICIPAL DISTRITO CENTRO-SUR,,13876.28,13876.28
2016,X01,Protección Civil y seguridad ciudadana,"PARQUE DE BOMBEROS Nº 3, C/ RONDA DE SEGOVIA, 95. INSTALACIONES",,2041.27,2041.27
2016,X01,Protección Civil y seguridad ciudadana,PARQUE DE BOMBEROS 6. MOBILIARIO,,103491.08,71881.83
2016,X14,Sectores productivos,,,26506.37,26506.37
2016,X14,Sectores productivos,PROYECTO DE EJECUCIÓN PARA EL MERCADO TEMPORAL DE BARCELÓ,,26506.37,26506.37
2016,X09,Medio ambiente,,,2642551.29,764359.08
2016,X09,Medio ambiente,JARDINES PLAZA ARQUITECTO RIBERA. ADECUACIÓN,,402059.86,402059.75
2016,X09,Medio ambiente,IFS-TALUDES EN EL PARQUE DE LA CORNISA. ACONDICIONAMIENTO,,256431.26,256419.67
2016,X09,Medio ambiente,JARDINES DE SABATINI. ADECUACIÓN,,21049.99,21049.99
2016,X09,Medio ambiente,IFS-DIVERSAS ZONAS AJARDINADAS DEL DISTRITO DE CENTRO. AUTOMATIZACIÓN DE RIEGOS,,487780.0,15706.59
2016,X09,Medio ambiente,PUNTOS LIMPIOS DE PROXIMIDAD EN EL DISTRITO DE CENTRO,,4029.3,4029.3
2016,X09,Medio ambiente,PARCELAS DISTRITO CENTRO. ACONDICIONAMIENTO PARA IMPLANTACIÓN HUERTOS URBANOS,,1316.88,1316.88
2016,X09,Medio ambiente,TALUDES EN EL PARQUE DE LA CORNISA. ACONDICIONAMIENTO,,13816.0,13816.0
2016,X09,Medio ambiente,PARQUE CASINO DE LA REINA. OBRAS DE MEJORA DE LAS INFRAESTRUCTURAS,,21538.0,21538.0
2016,X09,Medio ambiente,IFS-JARDÍN FLORAL DE LA PLAZA DE LA VILLA.REMODELACIÓN INTEGRAL Y EFICIENCIA EN EL RIEGO,,200000.0,9849.4
2016,X09,Medio ambiente,IFS-PARQUE DE LA CORNISA. ACONDICIONAMIENTO DE TALUDES,,534530.0,18573.5
2016,X09,Medio ambiente,IFS-PLAZA DE ORIENTE. RECUPERACIÓN DE VIARIO Y EVACUACIÓN DE PLUVIALES,,700000.0,
2016,X08,Mantenimiento urbano,,,377915.16,316457.19
2016,X08,Mantenimiento urbano,PLAZA MAYOR. ADECUACIÓN GLOBAL DE EDIFICIOS Y SUPERFICIES ABIERTAS Y CUBIERTAS,,267033.25,266999.44
2016,X08,Mantenimiento urbano,PAVIMENTACIÓN ACERAS BARRIOS EN DISTRITO CENTRO. FASE I,,39762.96,12403.77
2016,X08,Mantenimiento urbano,PAVIMENTACIÓN CALZADAS BARRIOS EN DISTRITO CENTRO. FASE I,,71118.95,37053.98
2016,X03,Protección y promoción social,,,767868.84,457007.9
2016,X03,Protección y promoción social,CENTRO DE SERVICIOS SOCIALES PUERTA DE TOLEDO. OBRAS DE CONSERVACIÓN,,13230.15,13230.15
2016,X03,Protección y promoción social,"EQUIPAMIENTO CENTRO DE MAYORES SAN FRANCISCO, C/ JERTE, 3",,6784.54,6784.54
2016,X03,Protección y promoción social,"EQUIPAMIENTO CENTRO DE MAYORES ANTÓN MARTÍN, C/ CABEZA, 14",,2382.49,2382.49
2016,X03,Protección y promoción social,"EQUIPAMIENTO CENTRO DE MAYORES BENITO MARTÍN LOZANO, C/ SANTA BRÍGICA, 12",,1744.17,1744.17
2016,X03,Protección y promoción social,"EQUIPAMIENTO CENTRO DE MAYORES DOS AMIGOS, C/ DOS AMIGOS, 4",,1335.84,1335.84
2016,X03,Protección y promoción social,CENTRO COMUNITARIO CASINO DE LA REINA. MOBILIARIO Y ENSERES,,1227.52,1227.52
2016,X03,Protección y promoción social,CENTRO DE SERVICIOS SOCIALES MARAVILLAS. MOBILIARIO Y ENSERES,,2432.37,2432.37
2016,X03,Protección y promoción social,CENTRO DE SERVICIOS SOCIALES PUERTA DE TOLEDO. MOBILIARIO Y ENSERES,,1346.74,1346.74
2016,X03,Protección y promoción social,CENTRO DE MAYORES DOS AMIGOS. MEJORA INSTALACIONES DE ILUMINACIÓN,,15767.75,15767.75
2016,X03,Protección y promoción social,APARTAMENTOS MUNICIPALES PARA MAYORES SAN FRANCISCO. OBRAS ACONDICIONAMIENTO INTERIOR,,26280.18,26280.18
2016,X03,Protección y promoción social,"IFS-CENTRO ATENCION A LA INFANCIA C/PALOMA, 23. ACONDICIONAMIENTO TERRAZA",,15000.0,14466.99
2016,X03,Protección y promoción social,IFS-CENTRO DE DÍA Y MAYORES ESCUELAS SAN ANTÓN . OBRAS DE MEJORA INSTALACIONES,,18000.0,17717.76
2016,X03,Protección y promoción social,IFS-CENTRO DE MAYORES BENITO MARTIN LOZANO. OBRAS DE MEJORA INSTALACIONES,,19000.0,18927.22
2016,X03,Protección y promoción social,IFS-APARTAMENTOS TUTELADOS C/JERTE. IMPERMEABILIZACIÓN DE AZOTEA,,55000.0,54606.56
2016,X03,Protección y promoción social,"IFS-ESPACIO DE IGUALDAD EN EL DISTRITO CENTRO, C/ PALMA, 30. OBRAS DE ADAPTACIÓN",,200000.0,5090.53
2016,X03,Protección y promoción social,CENTRO COMUNITARIO CASINO DE LA REINA. OBRAS DE ACONDICIONAMIENTO,,50861.21,50861.21
2016,X03,Protección y promoción social,APARTAMENTOS TUTELADOS DE MAYORES C/ JERTE. OBRAS DE CONSERVACIÓN,,5912.02,5912.02
2016,X03,Protección y promoción social,"CENTRO DE MAYORES SAN FRANCISCO, C/ JERTE, 3. OBRAS DE REFORMA",,50131.93,50131.49
2016,X03,Protección y promoción social,CENTRO ATENCIÓN INFANCIA CAI I CENTRO. OBRAS DE REFORMA,,45453.43,45451.63
2016,X03,Protección y promoción social,CENTRO DE DÍA CASINO DE LA REINA. OBRAS DE REFORMA,,74941.57,74941.57
2016,X03,Protección y promoción social,CENTRO DE MAYORES ANTÓN MARTÍN. OBRAS DE CONSERVACIÓN,,24750.93,24750.93
2016,X03,Protección y promoción social,CENTRO DE MAYORES BENITO MARTÍN LOZANO. OBRAS DE REPARACIÓN,,21618.24,21618.24
2016,X03,Protección y promoción social,"EDIFICIO C/ RIBERA DE CURTIDORES, 2. ADAPTACIÓN PARA ESPACIO DE IGUALDAD",,114667.76,
2016,X05,Educación,,,981270.01,848221.86
2016,X05,Educación,EQUIPAMIENTO ESCUELA INFANTIL EL DUENDE,,259.19,259.19
2016,X05,Educación,EQUIPAMIENTO ESCUELA INFANTIL ESCUELAS DE SAN ANTÓN,,439.42,
2016,X05,Educación,EQUIPAMIENTO ESCUELA INFANTIL LA PALOMA,,12881.18,521.15
2016,X05,Educación,COLEGIO PÚBLICO NUESTRA SEÑORA DE LA PALOMA. OBRAS DE CONSERVACIÓN,,58684.6,58636.11
2016,X05,Educación,ESCUELA INFANTIL EL DUENDE. OBRAS DE ACONDICIONAMIENTO,,28728.58,28728.58
2016,X05,Educación,COLEGIO PÚBLICO VÁZQUEZ DE MELLA. OBRAS DE ACONDICIONAMIENTO,,36693.9,36693.9
2016,X05,Educación,EQUIPAMIENTO ESCUELA INFANTIL OSA MENOR,,1388.16,206.91
2016,X05,Educación,RESIDENCIA INTERNADO SAN ILDEFONSO. MOBILIARIO Y ENSERES,,9700.07,
2016,X05,Educación,ESCUELA INFANTIL LA PALOMA. MATERIAL DIDÁCTICO,,881.99,
2016,X05,Educación,IFS-COLEGIO PÚBLICO ISABEL LA CATÓLICA.  ADAPTACIÓN A NORMATIVA ELÉCTRICA,,18791.0,18790.05
2016,X05,Educación,ESCUELA INFANTIL LA PALOMA. MOBILIARIO Y ENSERES,,5678.63,4985.21
2016,X05,Educación,ESCUELA INFANTIL OSA MENOR. MOBILIARIO Y ENSERES,,790.74,790.74
2016,X05,Educación,ESCUELA INFANTIL EL OLIVAR. MOBILIARIO Y ENSERES,,790.74,790.74
2016,X05,Educación,ESCUELA INFANTIL SAN ANTÓN. MOBILIARIO Y ENSERES,,790.74,790.73
2016,X05,Educación,OBRAS DE CONSERVACIÓN CENTROS DOCENTES DE ENSEÑANZA DISTRITO DE CENTRO,,89475.16,
2016,X05,Educación,ESCUELA INFANTIL LA PALOMA. REPARACIÓN PARAMENTOS FACHADA Y PATIOS,,56622.32,56620.52
2016,X05,Educación,COLEGIO PÚBLICO PALACIO VALDÉS. OBRAS DE REFORMA,,71950.67,71942.97
2016,X05,Educación,ESCUELA INFANTIL ESCUELAS PÍAS SAN ANTÓN. OBRAS DE REPARACIÓN,,24910.08,24910.08
2016,X05,Educación,COLEGIO PÚBLICO PI Y MARGALL. OBRAS DE REFORMA,,55017.01,55017.0
2016,X05,Educación,ESCUELA INFANTIL OSA MENOR. OBRAS DE REFORMA,,26421.5,26421.5
2016,X05,Educación,ESCUELA INFANTIL EL OLIVAR. OBRAS DE CONSERVACIÓN,,17238.85,17238.85
2016,X05,Educación,COLEGIO PÚBLICO PALACIO VALDÉS. OBRAS DE CONSERVACIÓN,,17714.79,17714.79
2016,X05,Educación,COLEGIO PÚBLICO ISABEL LA CATÓLICA. ADECUACIÓN CUBIERTA,,9920.85,9920.85
2016,X05,Educación,IFS-ESCUELA INFANTIL EL DUENDE. ADECUACIÓN  INSTALACIÓN ELÉCTRICA Y EFICIENCIA ENERGETICA,,16000.0,15761.42
2016,X05,Educación,IFS-RESIDENCIA INTERNADO SANI ILDEFONSO. ADAPTACIÓN AULAS EN SÓTANOS,,200000.0,189088.26
2016,X05,Educación,IFS-ESCUELA INFANTIL LA PALOMA. ADECUACIÓN VIERTEAGUAS Y AMPLIACIÓN ZONA JUEGOS,,18000.0,17790.88
2016,X05,Educación,IFS-COLEGIO PÚBLICO LA PALOMA. ADECUACIÓN  ENTRADA Y PASILLOS,,25000.0,24581.9
2016,X05,Educación,IFS-COLEGIO PÚBLICO VÁZQUEZ DE MELLA . OBRAS DE ADECUACIÓN PATIO Y PISTAS DE JUEGO,,26000.0,25816.2
2016,X05,Educación,"IFS-COLEGIO PÚBLICO SAN ILDEFONSO Y RESIDENCIA. IMPERMEABILIZACIÓN CUBIERTAS, AZOTEA Y OTROS",,35000.0,29674.8
2016,X05,Educación,IFS-COLEGIO PÚBLICO ANTONIO MORENO ROSALES. ADECUACIÓN INSTALACIONES,,55000.0,54291.49
2016,X05,Educación,COLEGIO PÚBLICO EMILIA PARDO BAZÁN. MEJORA EFICIENCIA ENERGÉTICA,,28908.92,28860.44
2016,X05,Educación,COLEGIO PÚBLICO PI Y MARGALL. MEJORA EFICIENCIA ENERGÉTICA,,29241.77,29193.28
2016,X05,Educación,ESCUELA INFANTIL EL DUENDE. OTRO MOBILIARIO Y ENSERES,,2349.15,2183.32
2016,X06,Urbanismo,,,633062.44,606188.34
2016,X06,Urbanismo,"ADQUISICIÓN DE SUELO C/HUERTA DEL BAYO, 8",,75569.34,70029.85
2016,X06,Urbanismo,"EDIFICIO C/CABEZA, 14. ADQUISICIÓN",,852.56,507.46
2016,X06,Urbanismo,"ADQUISICIÓN SUELO C/ SANTIAGO EL VERDE, 13",,427798.59,409531.78
2016,X06,Urbanismo,CALLE ATOCHA Y PLAZA DE JACINTO BENAVENTE. REURBANIZACIÓN,,21538.0,21538.0
2016,X06,Urbanismo,ADECUACIÓN VIALES Y ACCESIBILIDAD EN DISTRITO CENTRO,,25003.95,23080.49
2016,X06,Urbanismo,"INFRAESTRUCTURA TRANSPORTE, APARCAMIENTO Y REMODELACIÓN ENTORNO SEVILLA-CANALEJAS",,21300.0,21296.0
2016,X06,Urbanismo,IFS-ENTORNO DE LA MURALLA ISLÁMICA. ADECUACIÓN,,61000.0,60204.76
2016,X11,"Deportes, juventud y esparcimiento",,,244496.07,195318.29
2016,X11,"Deportes, juventud y esparcimiento","IFS-ALBERGUE JUVENIL C/MEJÍA LEQUERICA, 21. OBRAS DE MEJORA INSTALACIONES",,21000.0,20877.64
2016,X11,"Deportes, juventud y esparcimiento",DEPORTIVO BÁSICO PARQUE ATENAS. REPARACIÓN PISTA FÚTBOL SALA,,60368.5,60355.49
2016,X11,"Deportes, juventud y esparcimiento",PISTA DEPORTIVA PARQUE DE LA CORNISA. ADECUACIÓN,,112434.47,63554.45
2016,X11,"Deportes, juventud y esparcimiento","CALLE MESÓN DE PAREDES, 57.  ADECUACIÓN ZONA DE ESCALADA",,21307.41,21202.38
2016,X11,"Deportes, juventud y esparcimiento",DEPORTIVO BÁSICO CONDE DUQUE. OBRAS DE ACONDICIONAMIENTO,,29385.69,29328.33
2016,X12,Otros bienes públicos de carácter social,,,371.23,371.23
2016,X12,Otros bienes públicos de carácter social,OFICINA ATENCIÓN A LA CIUDADANÍA LÍNEA MADRID CENTRO. SEÑALIZACIÓN,,371.23,371.23
2016,X04,Salud pública,,,2138502.33,950609.26
2016,X04,Salud pública,IFS-CENTRO DE ATENCIÓN BÁSICA SOCIOSANITARIA PARA DROGODEPENDIENTES DE MADRID SALUD. REHABILITACIÓN,,2080000.0,892171.93
2016,X04,Salud pública,EQUIPAMIENTO SERVICIOS SALUBRIDAD PÚBLICA DISTRITO DE CENTRO,,600.0,535.0
2016,X04,Salud pública,CASA DE BAÑOS DE EMBAJADORES. OBRAS DE DESHUMECTACIÓN,,29958.8,29958.8
2016,X04,Salud pública,CASA DE BAÑOS DE EMBAJADORES. OBRAS DE ACONDICIONAMIENTO,,27943.53,27943.53
2017,X00,Inversiones de carácter general,,,7150188.4,4185267.25
2017,X00,Inversiones de carácter general,EQUIPAMIENTO SERVICIOS ADMINISTRATIVOS DISTRITO CENTRO,,700.0,681.64
2017,X00,Inversiones de carácter general,EDIFICIO CASA DE LA DUQUESA DE SUECA. OBRAS DERIVADAS INSPECCIÓN TÉCNICA DE EDIFICIOS,,3568475.64,2954099.19
2017,X00,Inversiones de carácter general,SISTEMA INTEGRAL GRABACIÓN Y REPRODUCCIÓN SESIONES PLENARIAS DISTRITO CENTRO,,4819.77,4819.77
2017,X00,Inversiones de carácter general,EDIFICIO CASA DUQUESA DE SUECA. SUBSANACIÓN DE PATOLOGÍAS,,46972.22,46972.22
2017,X00,Inversiones de carácter general,"EDIFICIO PLAZA DE LA VILLA, 5. ADECUACIÓN ACOMETIDA AGUA",,2000.0,1679.14
2017,X00,Inversiones de carácter general,CASA DUQUESA DE SUECA. ACONDICIONAMIENTO,,128396.6,
2017,X00,Inversiones de carácter general,"EDIFICIO C/ SAN BERNARDO,68. ACONDICIONAMIENTO PLANTAS TERCERA A SEXTA",,171346.18,171345.25
2017,X00,Inversiones de carácter general,"C/ COSTANILLA DE LOS DESAMPARADOS, 15. OBRAS DEMOLICIÓN EDIFICIO",,246121.26,246121.26
2017,X00,Inversiones de carácter general,"EDIFICIO PLAZA JACINTO BENAVENTE, 2. OBRAS DE REFORMA",,445169.44,445168.51
2017,X00,Inversiones de carácter general,"EDIFICIO C/ BARQUILLO, 17. OBRAS DE REFORMA",,6077.19,6077.19
2017,X00,Inversiones de carácter general,"EDIFICIO C/ ALCALÁ, 45. OBRAS DE REFORMA",,41896.0,41896.0
2017,X00,Inversiones de carácter general,"EDIFICIO C/ MAYOR, 83. OBRAS DE REFORMA",,24140.0,
2017,X00,Inversiones de carácter general,"EDIFICIO PLAZA DE LA VILLA, 5. ADECUACIÓN DE ESPACIOS Y CARPINTERÍA",,160000.0,159935.91
2017,X00,Inversiones de carácter general,"IFS-EDIFICIO C/ BARCO, 20-22. REFORMA DE INSTALACIONES",,350000.0,22641.4
2017,X00,Inversiones de carácter general,"IFS-APARCAMIENTO EN C/ SACRAMENTO, 4. SUBSANACIÓN PATOLOGÍAS",,280000.0,
2017,X00,Inversiones de carácter general,IFS-EDIFICIO C/SACRAMENTO 3 Y 5. ADECUACIÓN ESPACIOS,,149061.0,
2017,X00,Inversiones de carácter general,"IFS-EDIFICIO PLAZA DE LA VILLA, 5. REDISTRIBUCIÓN DE ESPACIOS Y ACONDICIONAMIENTO INTERIOR",,350000.0,
2017,X00,Inversiones de carácter general,"IFS-EDIFICIO SITO EN LA C/ BARQUILLO, 17. REFORMA DESPACHOS E INSTALACIONES",,50000.0,49998.17
2017,X00,Inversiones de carácter general,"IFS-EDIFICIO DE LA C/ ALCALÁ, 45. REFORMA DE DESPACHOS E INSTALACIONES",,260000.0,
2017,X00,Inversiones de carácter general,"IFS-EDIFICIO C/ MAYOR, 71. OBRAS DE REFORMA EN LA CUBIERTA",,93158.0,
2017,X00,Inversiones de carácter general,"IFS-EDIFICIO EN C/ SACRAMENTO, 1. MEJORA INSTALACIÓN DE CLIMATIZACIÓN",,175000.0,
2017,X00,Inversiones de carácter general,EDIFICIOS PARA PRESTACIÓN DE SERVICIOS DISTRITO CENTRO. SISTEMAS DE SEGURIDAD,,17914.0,
2017,X00,Inversiones de carácter general,OBRAS DE CONSERVACION EDIFICIOS DISTRITO DE CENTRO,,379991.65,
2017,X00,Inversiones de carácter general,EDIFICIOS PARA PRESTACIÓN DE SERVICIOS DISTRITO CENTRO. MEJORA INSTALACIONES,,3169.45,
2017,X00,Inversiones de carácter general,IFS-EDIFICIO SEDE DISTRITO CENTRO. ADECUACIÓN INSTALACIONES  Y EFICIENCIA ENERGÉTICA,,89000.0,
2017,X00,Inversiones de carácter general,IFS-JUNTA MUNICIPAL DISTRITO CENTRO. ADECUACIÓN DE SALÓN DE PLENOS Y OTRAS ACTUACIONES,,50000.0,
2017,X00,Inversiones de carácter general,INSTALACION PANELES DIGITALES EN ACCESO PRINCIPAL INMUEBLES OAIC C/ SACRAMENTO,,21780.0,
2017,X00,Inversiones de carácter general,"REPOSICIÓN EQUIPO DE SEGURIDAD PARA CONTROL ACCESO EN C/ SACRAMENTO, 5",,35000.0,33831.6
2017,X10,Cultura,,,3185759.78,1521329.98
2017,X10,Cultura,CUARTEL CONDE DUQUE. RESTAURACIÓN,,250000.0,168749.4
2017,X10,Cultura,MUSEO DE HISTORIA DE MADRID. REHABILITACIÓN ZONA CAPILLA,,1599.72,
2017,X10,Cultura,RESTAURACIÓN DE LA MURALLA ISLÁMICA,,1466.41,
2017,X10,Cultura,MUSEO DE HISTORIA DE MADRID. EQUIPOS DE COMUNICACIÓN,,2560.87,2560.87
2017,X10,Cultura,MUSEO DE SAN ISIDRO. LOS ORÍGENES DE MADRID. EXPOSICIÓN PERMANENTE,,153820.39,122732.39
2017,X10,Cultura,EQUIPAMIENTO ARCHIVO DE LA VILLA,,21531.95,21531.95
2017,X10,Cultura,MUSEO DE SAN ISIDRO. INSTALACIONES DE SEGURIDAD,,12000.0,11660.08
2017,X10,Cultura,MUSEO DE HISTORIA DE MADRID. SEÑALIZACIÓN,,481.35,481.35
2017,X10,Cultura,CENTRO CULTURAL CONDE DUQUE. SEÑALIZACIÓN,,481.35,481.35
2017,X10,Cultura,IMPRENTA MUNICIPAL-ARTES DEL LIBRO. ADQUISICIÓN COLECCIÓN OLMO-VILAS,,750000.0,750000.0
2017,X10,Cultura,BIBLIOTECA PÚBLICA MARIO VARGAS LLOSA. INSTALACIÓN DE CARRILES PARA EXPOSICIONES,,1518.32,1518.32
2017,X10,Cultura,EQUIPAMIENTO BIBLIOTECA CONDE DUQUE,,1457.79,1457.79
2017,X10,Cultura,EQUIPAMIENTO BIBLIOTECA IVÁN DE VARGAS,,759.69,759.69
2017,X10,Cultura,"EQUIPAMIENTO BIBLIOTECA MUSICAL ""VÍCTOR ESPINÓS""",,718.28,718.28
2017,X10,Cultura,BIBLIOTECA PÚBLICA CONDE DUQUE. EQUIPOS DE COMUNICACIÓN,,1843.38,1511.4
2017,X10,Cultura,BIBLIOTECA PÚBLICA MARIO VARGAS LLOSA. SEÑALIZACIÓN,,1512.5,1512.5
2017,X10,Cultura,"BIBLIOTECA MUSICAL ""VÍCTOR ESPINÓS"". ADQUISICIÓN DE INTRUMENTOS Y PARTITURAS",,20000.0,19171.24
2017,X10,Cultura,EQUIPAMIENTO BIBLIOTECA DIGITAL,,3486.63,3486.63
2017,X10,Cultura,BIBLIOTECA HISTÓRICA. ADQUISICIÓN DE LIBROS,,6000.0,4885.65
2017,X10,Cultura,HEMEROTECA MUNICIPAL. OBRAS DE RESTAURACIÓN DE BIENES,,2371.6,2371.6
2017,X10,Cultura,BIBLIOTECA DIGITAL. CREACIÓN PÁGINA WEB,,900.0,
2017,X10,Cultura,ARCHIVO DE VILLA. APLICACIÓN PARA WEB PROGRAMA GESTIÓN ARCHIVÍSTICA,,13915.0,13915.0
2017,X10,Cultura,MUSEO DE HISTORIA DE MADRID. ADQUISICIÓN DE BIENES CULTURALES,,155419.82,150587.88
2017,X10,Cultura,MUSEO DE SAN ISIDRO. ADQUISICIÓN DE BIENES CULTURALES,,29805.59,29805.59
2017,X10,Cultura,MUSEO DE ARTE CONTEMPORÁNEO. ADQUISICIÓN DE BIENES CULTURALES,,32678.88,32678.88
2017,X10,Cultura,EQUIPAMIENTO MUSEO DE HISTORIA,,52067.06,50218.46
2017,X10,Cultura,EQUIPAMIENTO MUSEO DE SAN ISIDRO,,13833.35,
2017,X10,Cultura,EQUIPAMIENTO MUSEO DE ARTE CONTEMPÓRANEO,,2475.06,1555.06
2017,X10,Cultura,BIBLIOTECA TÉCNICA MUSEO DE SAN ISIDRO. FONDOS BIBLIOGRÁFICOS,,5445.23,5445.23
2017,X10,Cultura,"EQUIPAMIENTO SERVICIOS MUSEOS Y COLECCIONES, C/CONDE DUQUE, 9 Y 11",,826.68,826.68
2017,X10,Cultura,MUSEO DE ARTE CONTEMPORÁNEO. INSTALACIONES PARA IMPLANTACIÓN PROYECTO MUSEOGRÁFICO,,19965.0,19965.0
2017,X10,Cultura,BUSTO EN BRONCE DE CLARA CAMPOAMOR. INSTALACIÓN,,65010.0,65010.0
2017,X10,Cultura,BIEN CULTURAL HOMENAJE VÍCTIMAS ATENTADOS DE PARÍS. INSTALACIÓN EN PZA. VILLA DE PARÍS,,2299.0,2299.0
2017,X10,Cultura,IFS-MURALLAS DE MADRID. OBRAS DE RESTAURACIÓN,,200000.0,
2017,X10,Cultura,MUSEO DE SAN ISIDRO. ADECUACIÓN PARAMENTOS EN ZONAS NO EXPOSITIVAS,,8398.81,8398.8
2017,X10,Cultura,IFS-CUARTEL CONDE DUQUE. OBRAS DE ACCESIBILIDAD Y LÍNEA DE VIDA,,81260.0,
2017,X10,Cultura,IFS-CASA DE LA VILLA. ACONDICIONAMIENTO DE LOS ESPACIOS PÚBLICOS,,200000.0,
2017,X10,Cultura,IFS-MUSEO DE ARTE CONTEMPORÁNEO. OBRAS DE ACONDICIONAMIENTO,,400000.0,
2017,X10,Cultura,MUSEO DE LOS ORÍGENES. REFORMA INSTALACIÓN DE CLIMATIZACIÓN Y  ADAPTACIÓN A LA NORMATIVA VIGENTE,,200000.0,
2017,X10,Cultura,IFS-MUSEO DE LOS ORÍGENES. CLIMATIZACIÓN Y ADAPTACIÓN NORMATIVA,,442620.0,
2017,X10,Cultura,CREACIÓN MURAL ARTÍSTICO Y RECREATIVO EN PARQUE CASINO DE LA REINA (ID: 4828),,4500.0,4337.85
2017,X10,Cultura,CENTRO SOCIOCULTURAL CLARA DEL REY. OBRAS DE MEJORA INSTALACIONES,,1252.71,1252.71
2017,X10,Cultura,CENTRO SOCIOCULTURAL LAVAPIÉS. OBRAS DE MEJORA INSTALACIONES,,691.15,691.15
2017,X10,Cultura,CENTRO CULTURAL PUERTA DE TOLEDO. OBRAS DE MEJORA INSTALACIONES,,2786.21,2786.21
2017,X10,Cultura,IFS-CENTRO CULTURAL LAVAPIÉS. REMODELACIÓN PATIO INTERIOR,,16000.0,15965.99
2017,X01,Protección Civil y seguridad ciudadana,,,503701.06,425357.87
2017,X01,Protección Civil y seguridad ciudadana,"PARQUE BOMBEROS Nº 3, RONDA DE SEGOVIA, 95. OBRAS DE ADECUACIÓN Y REFORMA",,16842.86,16842.86
2017,X01,Protección Civil y seguridad ciudadana,UNIDAD INTEGRAL POLICÍA MUNICIPAL CENTRO SUR. OBRAS DE REFORMA,,36297.32,36297.32
2017,X01,Protección Civil y seguridad ciudadana,"PARQUE DE BOMBEROS C/ SAN BERNARDO, 68. OBRAS DE ACONDICIONAMIENTO",,351826.49,351826.49
2017,X01,Protección Civil y seguridad ciudadana,UNIDAD INTEGRAL POLICÍA MUNICIPAL CENTRO NORTE. INSTALACIONES,,429.36,429.36
2017,X01,Protección Civil y seguridad ciudadana,PARQUE DE BOMBEROS C/ SAN BERNARDO Nº 68. MOBILIARIO,,98305.03,19961.84
2017,X14,Sectores productivos,,,255416.29,44233.23
2017,X14,Sectores productivos,IFS-MERCADO DE LOS MOSTENSES. OBRAS DE ACCESIBILIDAD Y SUPRESIÓN DE BARRERAS,,60500.0,
2017,X14,Sectores productivos,SALA DE EXPOSICIONES LA PALOMA. ADECUACIÓN PARA CENTRO PROMOCIÓN ECONOMÍA SOCIAL,,194916.29,44233.23
2017,X09,Medio ambiente,,,4189731.57,1101287.51
2017,X09,Medio ambiente,JARDINES PLAZA ARQUITECTO RIBERA. ADECUACIÓN,,1004726.54,1001468.66
2017,X09,Medio ambiente,IFS-DIVERSAS ZONAS AJARDINADAS DEL DISTRITO DE CENTRO. AUTOMATIZACIÓN DE RIEGOS,,385000.0,
2017,X09,Medio ambiente,IFS-JARDÍN FLORAL DE LA PLAZA DE LA VILLA.REMODELACIÓN INTEGRAL Y EFICIENCIA EN EL RIEGO,,134749.0,
2017,X09,Medio ambiente,IFS-PARQUE DE LA CORNISA. ACONDICIONAMIENTO DE TALUDES,,629000.0,
2017,X09,Medio ambiente,"PARQUE BOMBEROS C/SAN BERNARDO, 68. PANELES SOLARES Y REFORMA ELÉCTRICA",,40000.0,
2017,X09,Medio ambiente,"EDIFICIO C/ ALCALÁ, 45. PANELES SOLARES Y REFORMA INSTALACIÓN ELÉCTRICA",,110000.0,
2017,X09,Medio ambiente,IFS-ÁRBOLES DE SOMBRA EN PLAZAS DEL DISTRITO CENTRO. REMODELACIÓN URBANIZACIÓN  (ID: 4387),,300000.0,
2017,X09,Medio ambiente,NUEVOS PUNTOS LIMPIOS DE PROXIMIDAD DISTRITO CENTRO. ADAPTACIÓN (ID: 4887),,74346.59,74346.59
2017,X09,Medio ambiente,INSTALACIÓN APARCABICIS PROXIMIDAD CENTROS EDUCATIVOS CENTRO (I.D. 3781),,6456.97,
2017,X09,Medio ambiente,INSTALACIÓN APARCABICIS EN CALZADA DISTRITO CENTRO (I.D.: 5038),,15066.27,
2017,X09,Medio ambiente,FUENTES DE AGUA POTABLE EN EL DISTRITO CENTRO. INSTALACIÓN,,102897.03,
2017,X09,Medio ambiente,FUENTES DE AGUA POTABLE EN EL DISTRITO CENTRO. INSTALACIÓN (ID: 73),,51448.52,
2017,X09,Medio ambiente,URINARIOS PÚBLICOS EN LOS JARDINES DE SABATINI. INSTALACIÓN,,20000.0,
2017,X09,Medio ambiente,"HUERTO URBANO EN LA EXPLANADA DE LA CORRALA-MESÓN DE PAREDES, 63.ADECUACIÓN (ID: 4306)",,5000.0,5000.0
2017,X09,Medio ambiente,JARDINES DE SABATINI. REMODELACIÓN,,79568.39,
2017,X09,Medio ambiente,PARQUE DE LA CORNISA. ESTUDIO ARQUEOLÓGICO,,30000.0,
2017,X09,Medio ambiente,JARDINES DE CONDE DUQUE. ADECUACIÓN,,20472.26,20472.26
2017,X09,Medio ambiente,IFS-PARQUE CASINO DE LA REINA. REMODELACIÓN,,1151000.0,
2017,X09,Medio ambiente,"(MÁS) ZONAS VERDES (PARQUES, JARDINES, ÁRBOLES, ETC.) EN DISTRITO CENTRO(ID: 3189)",,30000.0,
2017,X08,Mantenimiento urbano,,,811193.79,132384.7
2017,X08,Mantenimiento urbano,PLAZA MAYOR. ADECUACIÓN GLOBAL DE EDIFICIOS Y SUPERFICIES ABIERTAS Y CUBIERTAS,,1447.0,1446.86
2017,X08,Mantenimiento urbano,PAVIMENTACIÓN ACERAS BARRIOS EN DISTRITO CENTRO. FASE I,,33905.82,29699.41
2017,X08,Mantenimiento urbano,PAVIMENTACIÓN CALZADAS BARRIOS EN DISTRITO CENTRO. FASE I,,9526.31,8961.06
2017,X08,Mantenimiento urbano,"IFS-CANTÓN DE LIMPIEZA C/BAILÉN, S/N. OBRAS VARIAS DE REFORMA",,45000.0,
2017,X08,Mantenimiento urbano,IFS-PUERTA DEL SOL. ADECUACIÓN URBANÍSTICA,,350000.0,
2017,X08,Mantenimiento urbano,ILUMINACIÓN INTEGRAL DE LA PLAZA MAYOR,,300212.28,21175.0
2017,X08,Mantenimiento urbano,HIDRANTES DISTRITO DE CENTRO. INSTALACIÓN,,4698.5,4698.5
2017,X08,Mantenimiento urbano,MOBILIARIO AREA MAYORES DISTRITO CENTRO. INSTALACIÓN,,32456.58,32456.57
2017,X08,Mantenimiento urbano,MOBILIARIO URBANO EN ÁREAS INFANTILES DISTRITO CENTRO,,33947.3,33947.3
2017,X03,Protección y promoción social,,,1418468.44,453784.39
2017,X03,Protección y promoción social,CENTRO COMUNITARIO CASINO DE LA REINA. MOBILIARIO Y ENSERES,,2838.72,2838.72
2017,X03,Protección y promoción social,CENTRO DE SERVICIOS SOCIALES MARAVILLAS. MOBILIARIO Y ENSERES,,1066.31,1066.31
2017,X03,Protección y promoción social,"EDIFICIO C/ RIBERA DE CURTIDORES, 2. ADAPTACIÓN PARA ESPACIO DE IGUALDAD",,194065.67,194065.67
2017,X03,Protección y promoción social,CENTRO DE OCIO ADOLESCENTE EN EL PARQUE DEL EMIR MOHAMED I. MOBILIARIO Y ENSERES,,3917.62,3917.62
2017,X03,Protección y promoción social,EQUIPAMIENTO CENTRO DE EMERGENCIAS PARA FAMILIAS,,134360.98,133949.59
2017,X03,Protección y promoción social,EQUIPAMIENTO CENTRAL DEL SAMUR SOCIAL,,22831.0,22830.98
2017,X03,Protección y promoción social,CENTRO DE EMERGENCIAS PARA FAMILIAS SAMUR SOCIAL. SEÑALIZACIÓN,,7000.0,
2017,X03,Protección y promoción social,"IFS-APARTAMENTOS MUNICIPALES PARA MAYORES ""SAN FRANCISCO""C/ JERTE, 3. ADAPTACIÓN",,80000.0,
2017,X03,Protección y promoción social,"EQUIPAMIENTO ESPACIO IGUALDAD C/ RIBERA DE CURTIDORES, 2",,15000.0,888.04
2017,X03,Protección y promoción social,CENTROS DE MAYORES DISTRITO CENTRO. MOBILIARIO Y ENSERES,,19014.0,
2017,X03,Protección y promoción social,CENTROS DE SERVICIOS SOCIALES CENTRO. MOBILIARIO Y ENSERES,,0.38,
2017,X03,Protección y promoción social,CENTRO SERVICIOS SOCIALES PUERTA DE TOLEDO. MOBILIARIO Y ENSERES,,5406.34,5406.34
2017,X03,Protección y promoción social,APARTAMENTOs MUNICIPALES PARA MAYORES SAN FRANCISCO. OBRAS DE CONSERVACIÓN,,29753.68,29753.68
2017,X03,Protección y promoción social,CENTRO SERVICIOS SOCIALES PUERTA DE TOLEDO. OBRAS DE MEJORA INSTALACIONES,,4082.11,4082.11
2017,X03,Protección y promoción social,CENTRO ATENCIÓN INFANCIA CAI I. CENTRO. OBRAS DE MEJORA INSTALACIONES,,248.38,248.38
2017,X03,Protección y promoción social,APARTAMENTOS MUNICIPALES PARA MAYORES SAN FRANCISCO. OBRAS DE MEJORA INSTALACIONES,,248.39,248.39
2017,X03,Protección y promoción social,CENTRO DE DÍA Y ALZHEIMER CARMEN CONDE. OBRAS DE MEJORA INSTALACIONES,,4020.93,4020.93
2017,X03,Protección y promoción social,CENTRO DE DÍA CASINO DE LA REINA. OBRAS DE MEJORA INSTALACIONES,,1706.28,1706.28
2017,X03,Protección y promoción social,IFS-CENTRO DE DÍA ESCUELAS DE SAN ANTON. OBRAS DE REPARACIÓN.,,60000.0,
2017,X03,Protección y promoción social,IFS-CENTRO DE MAYORES BENITO MARTÍN LOZANO. ACCESIBILIDAD ASEOS Y EFICIENCIA ENERGÉTICA,,60000.0,
2017,X03,Protección y promoción social,IFS-CENTRO COMUNITARIO PLAZA DOS DE MAYO 1. OBRAS DE ADECUACIÓN,,350000.0,
2017,X03,Protección y promoción social,IFS-ESPACIO RIBERA DE CURTIDORES 2. OBRAS DE ACONDICIONAMIENTO  Y ACCESIBILIDAD,,150000.0,
2017,X03,Protección y promoción social,IFS-CENTRO DE MAYORES DOS AMIGOS. CERRAMIENTO E INSTALACIONES DE LUZ Y CALEFACCIÓN,,80000.0,
2017,X03,Protección y promoción social,IFS-CENTRO DE MAYORES BENITO MARTÍN LOZANO. ADAPTACIÓN CHIMENEA,,25000.0,22972.93
2017,X03,Protección y promoción social,IFS-CENTRO DE DÍA Y  ALZHEIMER CARMEN CONDE.OBRAS DE  EFICIENCIA ENERGÉTICA,,30000.0,
2017,X03,Protección y promoción social,IFS-CENTRO DE DÍA CASINO DE LA REINA. OBRAS DE MEJORA EN SISTEMAS DE SEGURIDAD PASIVA,,25000.0,24899.05
2017,X03,Protección y promoción social,IFS-CENTRO DE MAYORES SAN FRANCISCO EL GRANDE. OBRAS DE EFICIENCIA ENERGÉTICA.,,50000.0,
2017,X03,Protección y promoción social,IFS-CENTRO DE SERVICIOS SOCIALES PUERTA DE TOLEDO. OBRAS VARIAS DE MEJORA,,60000.0,
2017,X03,Protección y promoción social,"EQUIPAMIENTO DE CENTRO DE LA AGENCIA PARA EL EMPLEO JERTE, C/ JERTE, 3",,889.37,889.37
2017,X03,Protección y promoción social,"ESCUELA MUNICIPAL DE HOSTELERIA, C/ JERTE, 3. AQUISICIÓN DE MAQUINARIA",,2018.28,
2017,X05,Educación,,,1982487.38,1302132.77
2017,X05,Educación,EQUIPAMIENTO ESCUELA INFANTIL ESCUELAS DE SAN ANTÓN,,1195.43,1195.43
2017,X05,Educación,EQUIPAMIENTO ESCUELA INFANTIL LA PALOMA,,12360.03,12360.03
2017,X05,Educación,EQUIPAMIENTO ESCUELA INFANTIL EL OLIVAR,,1549.41,1549.41
2017,X05,Educación,EQUIPAMIENTO ESCUELA INFANTIL OSA MENOR,,19301.57,19301.57
2017,X05,Educación,ESCUELA INFANTIL LA PALOMA. MATERIAL DIDÁCTICO,,881.99,881.99
2017,X05,Educación,ESCUELA INFANTIL LA PALOMA. MOBILIARIO Y ENSERES,,600.0,97.47
2017,X05,Educación,ESCUELA INFANTIL EL OLIVAR. MOBILIARIO Y ENSERES,,16858.69,16858.69
2017,X05,Educación,COLEGIO PÚBLICO ISABEL LA CATÓLICA. ADECUACIÓN CUBIERTA,,89283.42,89283.42
2017,X05,Educación,EQUIPAMIENTO ESCUELA INFANTIL DE SAN ANTON,,150.0,
2017,X05,Educación,RESIDENCIA INTERNADO COLEGIO SAN ILDEFONSO. MOBILIARIO Y ENSERES,,8318.06,2750.46
2017,X05,Educación,ESCUELA MUNICIPAL DE MÚSICA DE SAN ANTON. EQUIPOS MULTIFUNCIÓN,,6400.0,
2017,X05,Educación,"ESCUELA INFANTIL C/ RODAS, 20-22. CONSTRUCCIÓN",,100000.0,68059.83
2017,X05,Educación,ESCUELAS INFANTILES DISTRITO CENTRO. MOBILIARIO Y ENSERES,,8141.31,
2017,X05,Educación,OBRAS DE CONSERVACION CENTROS DOCENTES DE ENSEÑANZA DISTRITO DE CENTRO,,462245.58,
2017,X05,Educación,COLEGIO PÚBLICO Y RESIDENCIA INTERNADO SAN ILDEFONSO. ADAPTACIÓN ASEOS NIÑOS,,68991.92,63400.28
2017,X05,Educación,COLEGIO PÚBLICO ANTONIO MORENO ROSALES. OBRAS DE MEJORA,,68991.92,68991.71
2017,X05,Educación,COLEGIO PÚBLICO EMILIA PARDO BAZÁN. ADAPTACIÓN ASEOS NIÑOS Y VENTANAS,,77615.91,
2017,X05,Educación,COLEGIO PÚBLICO ISABEL LA CATÓLICA. OBRAS DE REFORMA,,94863.89,94332.9
2017,X05,Educación,COLEGIO PÚBLICO PALACIO VALDÉS. OBRAS DE ACONDICIONAMIENTO,,68991.92,68818.96
2017,X05,Educación,ESCUELA INFANTIL EL OLIVAR. OBRAS DE ACONDICIONAMIENTO EN COCINA,,28147.17,27966.94
2017,X05,Educación,ESCUELA INFANTIL OSA MENOR. OBRAS DE ACONDICIONAMIENTO ESPACIOS,,18523.17,18284.71
2017,X05,Educación,COLEGIO PÚBLICO SANTA MARÍA. OBRAS DE ACONDICIONAMIENTO PATIOS,,38135.6,
2017,X05,Educación,ESCUELA DE MÚSICA ESCUELAS PÍAS DE SAN ANTÓN. OBRAS DE ACONDICIONAMIENTO,,262570.0,262569.98
2017,X05,Educación,EQUIPAMIENTO MUSICAL PARA LOS CENTROS CULTURALES DEL DISTRITO CENTRO (ID: 4120),,36176.0,27994.91
2017,X05,Educación,ESCUELA MUNICIPAL DE ARTE DRAMÁTICO. OBRAS DE MEJORA INSTALACIONES,,194.39,194.39
2017,X05,Educación,IFS-COLEGIO PÚBLICO VAZQUEZ DE MELLA. OBRAS DE MEJORA Y OTRAS DE EFICIENCIA ENERGÉTICA.,,192000.0,191184.51
2017,X05,Educación,IFS-COLEGIO PÚBLICO NUESTRA SEÑORA DE LA PALOMA. OBRAS DE REPARACIÓN INSTALACIÓN ELÉCTRICA,,63000.0,59340.01
2017,X05,Educación,IFS-COLEGIO PÚBLICO PI Y MARGALL. ACONDICIONAMIENTO Y ACCESIBILIDAD EN BAÑOS Y COCINA,,136000.0,135961.49
2017,X05,Educación,IFS-ESCUELA INFANTIL SAN ANTÓN. OBRAS DE ADECUACIÓN,,55000.0,52803.38
2017,X05,Educación,IFS-COLEGIO PÚBLICO SAN ILDEFONSO. ADECUACIÓN CONDICIONES DE ACCESIBILIDAD,,28000.0,
2017,X05,Educación,IFS-ESCUELA INFANTIL EL DUENDE. OBRAS DE MEJORA Y ACCESIBILIDAD,,18000.0,17950.3
2017,X06,Urbanismo,,,6860839.74,1041148.98
2017,X06,Urbanismo,"ADQUISICIÓN DE SUELO C/HUERTA DEL BAYO, 8",,10735.21,3377.92
2017,X06,Urbanismo,"EDIFICIO C/CABEZA, 14. ADQUISICIÓN",,345.1,345.1
2017,X06,Urbanismo,ENTORNO DEL BARRIO DE CHUECA. OBRAS DE REMODELACIÓN,,4202243.85,985309.35
2017,X06,Urbanismo,"ADQUISICIÓN SUELO C/ SANTIAGO EL VERDE, 13",,19784.4,184.72
2017,X06,Urbanismo,CALLE ATOCHA Y PLAZA DE JACINTO BENAVENTE. REURBANIZACIÓN,,2043405.12,
2017,X06,Urbanismo,ADECUACIÓN VIALES Y ACCESIBILIDAD EN DISTRITO CENTRO,,12087.78,9370.14
2017,X06,Urbanismo,EJE VIARIO C/ MAGDALENA-DUQUE DE ALBA-SAN MILLAN-PZA. CEBADA Y OTROS. REURBANIZACIÓN,,10851.28,
2017,X06,Urbanismo,CALLE DEL ÁLAMO Y AMANIEL (ENTORNO CONDE DUQUE). REURBANIZACIÓN,,21387.0,21386.75
2017,X06,Urbanismo,ÁMBITO DEL VIADUCTO. MEJORA PAISAJE URBANO,,40000.0,
2017,X06,Urbanismo,GRAN VÍA. AMPLIACIÓN DE ACERAS,,500000.0,21175.0
2017,X11,"Deportes, juventud y esparcimiento",,,857681.88,274003.18
2017,X11,"Deportes, juventud y esparcimiento","CENTRO DEPORTIVO C/COSTANILLA DESAMPARADOS, 15 C/V A C/FÚCAR, 6. CONSTRUCCIÓN",,40813.19,
2017,X11,"Deportes, juventud y esparcimiento",CENTRO DEPORTIVO LA CEBADA. CONSTRUCCIÓN,,120553.15,34222.51
2017,X11,"Deportes, juventud y esparcimiento",PISTA DEPORTIVA PLAZA DEL CAMPILLO DEL MUNDO NUEVO. CONSTRUCCIÓN,,36242.54,36242.54
2017,X11,"Deportes, juventud y esparcimiento",DEPORTIVOS BÁSICOS DISTRITO CENTRO. INSTALACIÓN MESAS DE PING-PONG,,4164.3,
2017,X11,"Deportes, juventud y esparcimiento",DEPORTIVO BÁSICO PARQUE DE ATENAS. INSTALACIÓN MESAS PING-PONG,,1917.85,1917.85
2017,X11,"Deportes, juventud y esparcimiento",DEPORTIVO BÁSICO PARQUE DE LA CORNISA. INSTALACION MESAS PING-PONG,,1917.85,1917.85
2017,X11,"Deportes, juventud y esparcimiento",OBRAS DE CONSERVACION INSTALACIONES DEPORTIVAS DISTRITO DE CENTRO,,87073.0,
2017,X11,"Deportes, juventud y esparcimiento",IFS-INSTALACIÓN DEPORTIVA LA PALOMA.OBRAS DE ACONDICIONAMIENTO Y MEJORA PISTAS DEPORTIVAS,,200000.0,199702.43
2017,X11,"Deportes, juventud y esparcimiento",IFS-PISTA DEPORTIVA C/EMBAJADORES Nº 18. OBRAS DE ADECUACIÓN,,70000.0,
2017,X11,"Deportes, juventud y esparcimiento",IFS-DEPORTIVO BÁSICO CONDE DUQUE. AMPLIACIÓN ÁREA DEPORTIVA,,145000.0,
2017,X11,"Deportes, juventud y esparcimiento",IFS-PISTA DEPORTIVA PLAZA DE GABRIEL MIRÓ. ACONDICIONAMIENTO Y ACCESIBILIDAD,,150000.0,
2017,X12,Otros bienes públicos de carácter social,,,188416.64,84677.43
2017,X12,Otros bienes públicos de carácter social,EQUIPAMIENTO OFICINA ATENCIÓN AL CIUDADANO LÍNEA MADRID DISTRITO CENTRO,,1916.64,1916.64
2017,X12,Otros bienes públicos de carácter social,"LOCALES PÚBLICOS VACÍOS, BIENES COMUNES EN RED, DISTRITO CENTRO. ADAPTACIÓN (ID: 5362)",,467.15,
2017,X12,Otros bienes públicos de carácter social,LOCAL PÚBLICO VACÍO C/ RIBERA CURTIDORES 8 (CENTRO) BIENES COMUNES RED. ADAPTACIÓN (ID: 5362),,39343.57,39343.57
2017,X12,Otros bienes públicos de carácter social,"LOCAL PÚBLICO VACÍO TRAVESÍA COMADRE, 5 (CENTRO) BIENES COMUNES RED. ADAPTACIÓN (ID: 5362)",,4817.55,
2017,X12,Otros bienes públicos de carácter social,"LOCAL C/AMPARO, 17 Y 19 BAJO INTERIOR. BIENES COMUNES EN RED. ADAPTACIÓN (ID: 5362)",,45012.31,
2017,X12,Otros bienes públicos de carácter social,"LOCAL PLAZA CASCORRO, 11. BIENES COMUNES EN RED. ADAPTACIÓN (ID: 5362)",,34125.67,34125.67
2017,X12,Otros bienes públicos de carácter social,"LOCAL C/ TRIBULETE, 19, LOCAL 1. BIENES COMUNES EN RED. ADAPTACIÓN (ID: 5362)",,25683.62,
2017,X12,Otros bienes públicos de carácter social,"LOCAL C/ TRIBULETE, 19, LOCAL 2. BIENES COMUNES EN RED. ADAPTACIÓN (ID: 5362)",,26550.13,
2017,X12,Otros bienes públicos de carácter social,OFICINA ATENCIÓN AL CIUDADANO LÍNEA MADRID DISTRITO CENTRO. OBRAS DE ACCESIBILIDAD,,4000.0,3748.76
2017,X12,Otros bienes públicos de carácter social,"OAIC, C/ SACRAMENTO, 3. INSTALACIÓN PUERTA AUTOMÁTICA EN ACCESO",,6500.0,5542.79
2017,X04,Salud pública,,,1238883.2,1172894.95
2017,X04,Salud pública,CENTRO MADRID SALUD DISTRITO CENTRO. ADQUISICIÓN DE MAQUINARIA,,1243.88,1243.88
2017,X04,Salud pública,IFS-CENTRO DE ATENCIÓN BÁSICA SOCIOSANITARIA PARA DROGODEPENDIENTES DE MADRID SALUD. REHABILITACIÓN,,1171651.07,1171651.07
2017,X04,Salud pública,EQUIPAMIENTO CASA DE BAÑOS GLORIETA DE EMBAJADORES,,688.25,
2017,X04,Salud pública,IFS-CASA BAÑOS DE C/EMBAJADORES. OBRAS DE EFICIENCIA ENERGÉTICA.,,65300.0,
2017,X02,"Tráfico, estacionamiento y transporte público",,,682000.0,151931.23
2017,X02,"Tráfico, estacionamiento y transporte público",NUEVAS ÁREAS PRIORIDAD RESIDENCIAL EN EL DISTRITO CENTRO. IMPLANTACIÓN,,530000.0,
2017,X02,"Tráfico, estacionamiento y transporte público",C/GRAN VÍA. SEGURIDAD EN AMPLIACIÓN ESPACIO PEATÓN NAVIDAD 2017,,152000.0,151931.23
2018,X00,Inversiones de carácter general,,,11405805.94,4115180.3
2018,X00,Inversiones de carácter general,EQUIPAMIENTO SERVICIOS ADMINISTRATIVOS DISTRITO CENTRO,,300.0,254.1
2018,X00,Inversiones de carácter general,IGLESIA DE LAS MARAVILLAS. RESTAURACIÓN,,2812.0,
2018,X00,Inversiones de carácter general,EDIFICIO CASA DE LA DUQUESA DE SUECA. OBRAS DERIVADAS INSPECCIÓN TÉCNICA DE EDIFICIOS,,1615972.36,1615972.35
2018,X00,Inversiones de carácter general,"EDIFICIO C/ SAN BERNARDO,68. ACONDICIONAMIENTO PLANTAS TERCERA A SEXTA",,33654.0,33653.4
2018,X00,Inversiones de carácter general,"EDIFICIO PLAZA JACINTO BENAVENTE, 2. OBRAS DE REFORMA",,44448.81,44448.81
2018,X00,Inversiones de carácter general,"EDIFICIO C/ MAYOR, 83. OBRAS DE REFORMA",,24139.0,24138.02
2018,X00,Inversiones de carácter general,"EDIFICIO PLAZA DE LA VILLA, 5. ADECUACIÓN DE ESPACIOS Y CARPINTERÍA",,2583.47,2583.47
2018,X00,Inversiones de carácter general,"IFS-EDIFICIO C/ BARCO, 20-22. REFORMA DE INSTALACIONES",,326995.83,326994.29
2018,X00,Inversiones de carácter general,"IFS-APARCAMIENTO EN C/ SACRAMENTO, 4. SUBSANACIÓN PATOLOGÍAS",,279462.82,279191.36
2018,X00,Inversiones de carácter general,IFS-EDIFICIO C/SACRAMENTO 3 Y 5. ADECUACIÓN ESPACIOS,,148578.17,148578.17
2018,X00,Inversiones de carácter general,"IFS-EDIFICIO PLAZA DE LA VILLA, 5. REDISTRIBUCIÓN DE ESPACIOS Y ACONDICIONAMIENTO INTERIOR",,349926.28,116410.36
2018,X00,Inversiones de carácter general,"IFS-EDIFICIO DE LA C/ ALCALÁ, 45. REFORMA DE DESPACHOS E INSTALACIONES",,259991.19,259991.09
2018,X00,Inversiones de carácter general,"IFS-EDIFICIO C/ MAYOR, 71. OBRAS DE REFORMA EN LA CUBIERTA",,93101.78,93101.78
2018,X00,Inversiones de carácter general,"IFS-EDIFICIO EN C/ SACRAMENTO, 1. MEJORA INSTALACIÓN DE CLIMATIZACIÓN",,174982.42,174982.41
2018,X00,Inversiones de carácter general,IFS-EDIFICIO SEDE DISTRITO CENTRO. ADECUACIÓN INSTALACIONES  Y EFICIENCIA ENERGÉTICA,,88527.75,88527.75
2018,X00,Inversiones de carácter general,IFS-JUNTA MUNICIPAL DISTRITO CENTRO. ADECUACIÓN DE SALÓN DE PLENOS Y OTRAS ACTUACIONES,,47221.88,47221.88
2018,X00,Inversiones de carácter general,"IFS-EDIFICIO PLAZA DE LA VILLA 5 Y 6, MAYOR, 69 Y Cº HORMIGERAS, 133. MEJORA PLAN DE AUTOPROTECCIÓN",,21000.0,20798.19
2018,X00,Inversiones de carácter general,"IFS-EDIFICIO CALLE BAILEN, 41. CORTINAS DE CONTROL DE HUMOS EN LAS VÍAS DE EVACUACIÓN",,16000.0,4840.0
2018,X00,Inversiones de carácter general,"IFS-EDIFICIO C/HERMANOS ÁLVAREZ QUINTERO,3. ADECUACIÓN SISTEMA INTEGRAL DE SEGURIDAD",,121000.0,
2018,X00,Inversiones de carácter general,"EDIFICIO C/ BARQUILLO, 17. SEÑALÍTICA",,2000.0,1216.69
2018,X00,Inversiones de carácter general,"EDIFICIO C/ RIBERA DE CURTIDORES, 2. ADECUACIÓN INSTALACIÓN ELÉCTRICA",,179922.15,36913.91
2018,X00,Inversiones de carácter general,"EDIFICIO C/ BARCO, 20-22. REFORMA DE INSTALACIONES",,34757.42,34757.42
2018,X00,Inversiones de carácter general,"EDIFICIO C/ MAYOR, 71. OBRAS DE REFORMA EN LA CUBIERTA",,8983.61,8983.61
2018,X00,Inversiones de carácter general,"SOLAR C/ FÚCAR, 8. REFORMA Y CONSOLIDACIÓN DEL TERRENO Y MEDIANERIAS",,149910.76,
2018,X00,Inversiones de carácter general,"IFS-LOCAL C/ SACRAMENTO, 7 . ACONDICIONAMIENTO Y MODERNIZACIÓN DE INSTALACIONES",,182600.0,3479.0
2018,X00,Inversiones de carácter general,IFS-CASA DUQUESA DE SUECA. OBRAS RECONSTRUCCIÓN CUERPO ESTE,,2400000.0,12477.87
2018,X00,Inversiones de carácter general,"IFS-EDIFICIO C/ MAYOR, 58. OBRAS DE REFORMA",,400000.0,10730.62
2018,X00,Inversiones de carácter general,"IFS-EDIFICIO C/ SACRAMENTO, 3 Y 5. OBRAS DE REFORMA",,95000.0,94988.56
2018,X00,Inversiones de carácter general,"IFS-LOCAL C/ SACRAMENTO, 7. OBRAS DE REFORMA DE INSTALACIONES",,120000.0,8956.47
2018,X00,Inversiones de carácter general,"IFS-EDIFICIO C/ ALCALÁ, 45. OBRAS DE REFORMA DE FACHADA E ILUMINACIÓN",,300000.0,49362.75
2018,X00,Inversiones de carácter general,"IFS-EDIFICIO C/ BARQUILLO, 17. OBRAS DE REFORMA DE CLIMATIZACIÓN Y PAVIMENTACIÓN",,340000.0,339992.24
2018,X00,Inversiones de carácter general,IFS-BIBLIOTECA UNED ESCUELAS PÍAS DE SAN FERNANDO. SUBSANACIÓN DE PATOLOGÍAS,,3250000.0,
2018,X00,Inversiones de carácter general,"IFS-EDIFICIO C/ ALCALÁ, 45. PANELES SOLARES TÉRMICOS Y REFORMA ELÉCTRICA (ID: 1517)",,110000.0,109975.77
2018,X00,Inversiones de carácter general,"EDIFICIO CALLE LUNA, 32. ADOPCIÓN MEDIDAS DE SEGURIDAD",,5731.81,5731.81
2018,X00,Inversiones de carácter general,EDIFICIOS DISTRITO DE CENTRO. MEJORA INSTALACIONES,,0.63,
2018,X00,Inversiones de carácter general,IFS-EDIFICIO SEDE DISTRITO CENTRO. RENOVACIÓN DE INSTALACIONES DE CLIMATIZACIÓN,,60000.0,45978.32
2018,X00,Inversiones de carácter general,IFS-DIVERSOS EDIFICIOS DISTRITO CENTRO. MEJORA INSTALACIONES ANTINTRUSIÓN,,20201.8,20201.8
2018,X00,Inversiones de carácter general,ADQUISICIÓN APARATOS DE MEDICIÓN CONDICIONES AMBIENTALES PARA INSPECCIÓN TRIBUTARIA,,6000.0,4833.03
2018,X00,Inversiones de carácter general,"SUSTITUCION DE ELEVADOR DISCAPACITADO EN LA OAIC, C/ SACRAMENTO",,72000.0,44913.0
2018,X00,Inversiones de carácter general,REPOSICIÓN DE PLATAFORMAS ELEVADORAS PARA PERSONAL CON DISCAPACIDAD EN ATM,,18000.0,
2018,X10,Cultura,,,5228840.37,1507165.16
2018,X10,Cultura,CUARTEL CONDE DUQUE. RESTAURACIÓN,,158404.0,157072.43
2018,X10,Cultura,RESTAURACIÓN DE LA MURALLA ISLÁMICA,,1211.91,1211.91
2018,X10,Cultura,EQUIPAMIENTO HEMEROTECA MUNICIPAL,,10000.0,8998.89
2018,X10,Cultura,MUSEO DE SAN ISIDRO. INSTALACIONES DE SEGURIDAD,,2500.0,
2018,X10,Cultura,BIBLIOTECA PÚBLICA CONDE DUQUE. EQUIPOS DE COMUNICACIÓN,,331.97,331.97
2018,X10,Cultura,IFS-MUSEO DE LOS ORÍGENES. CLIMATIZACIÓN Y ADAPTACIÓN NORMATIVA,,417608.59,233443.07
2018,X10,Cultura,"ESCULTURA ""EL MADRILES"". ADQUISICIÓN REPRODUCCIÓN EN BRONCE",,90200.0,90200.0
2018,X10,Cultura,IFS-MEMORIAL DEPORTADOS MADRILEÑOS/AS,,285000.0,
2018,X10,Cultura,IFS-CENTRO CÍVICO Y CULTURAL ESPACIO MALASAÑA. ADAPTACIÓN 3ª A  PLANTA C/SAN BERNARDO 68 (ID: 3219),,2100000.0,
2018,X10,Cultura,IFS-BIBLIOTECA PÚBLICA IVÁN DE VARGAS. SISTEMA DE AUTOPRÉSTAMO,,39283.0,39282.29
2018,X10,Cultura,BIBLIOTECA HISTÓRICA: ADQUISICIÓN DE LIBROS,,1000.0,
2018,X10,Cultura,BIBLIOTECA MUSICAL VICTOR ESPINOS. ADQUISICIÓN DE PIANOS,,18000.0,16832.78
2018,X10,Cultura,"IFS-BIBLIOTECA MUSICAL ""VÍCTOR ESPINÓS"": ADQUISICIÓN DE LIBROS Y PARTITURAS MUSICALES",,27050.0,9748.15
2018,X10,Cultura,"BIBLIOTECA MUSICAL ""VÍCTOR ESPINÓS"": REPARACIÓN Y REPOSICIÓN INSTRUMENTOS MUSICALES",,4250.0,3998.93
2018,X10,Cultura,BIBLIOTECA DIGITAL. NUEVA FUNCIONALIDAD PARA ESTADÍSTICAS SISTEMA DE GESTIÒN,,22000.0,21011.65
2018,X10,Cultura,IFS-EQUIPAMIENTO ARCHIVO DE VILLA,,40000.0,33442.43
2018,X10,Cultura,EQUIPAMIENTO ARCHIVO DE VILLA,,5000.0,4676.65
2018,X10,Cultura,IFS-EQUIPAMIENTO MUSEO DE HISTORIA DE MADRID,,26013.0,23925.98
2018,X10,Cultura,IFS-EQUIPAMIENTO MUSEO DE SAN ISIDRO,,28263.0,27955.6
2018,X10,Cultura,MUSEO DE SAN ISIDRO. MONITORIZACIÓN CONDICIONES AMBIENTALES,,73.54,
2018,X10,Cultura,EQUIPAMIENTO SALAS EXPOSICIONES CONDE DUQUE,,542.38,542.38
2018,X10,Cultura,INTERVENCION MUSEOGRAFICA EXPOSICIÓN PERMANENTE IMPRENTA-ARTES DEL LIBREO,,5190.0,5189.96
2018,X10,Cultura,MUSEOGRAFÍA MUSEO DE HISTORIA. RENOVACIÓN SALA CONTEMPORÁNEA,,4460.0,
2018,X10,Cultura,MUSEOGRAFÍA CENTRO CULTURAL CONDE DUQUE. RENOVACIÓN SALA EXPOSICIONES,,750.0,726.0
2018,X10,Cultura,MUSEO DE ARTE CONTEMPORÁNEO. PRODUCCIÓN AUDIOVISUAL SOBRE CEESEPE Y MUSEOGRAFÍA,,12040.0,12039.5
2018,X10,Cultura,TEATRO DE AUTÓMATAS. REPARACIÓN Y PUESTA EN FUNCIONAMIENTO,,111590.0,75823.08
2018,X10,Cultura,PLACA CONMEMORATIVA VÍCTIMAS ESPAÑOLAS ATENTADOS EN PARIS. INSTALACIÓN,,500.0,
2018,X10,Cultura,PLACA CONMEMORATIVA A EUGENIO MORALES TOMILLO. INSTALACIÓN,,500.0,
2018,X10,Cultura,CORPÓREO EN HOMENAJE A LGTB EN PLAZA PEDRO ZEROLO,,18150.0,
2018,X10,Cultura,IFS-MONUMENTO TIERNO GALVÁN,,110000.0,
2018,X10,Cultura,IFS-MONUMENTO A LAS VÍCTIMAS DEL COLECTIVO LGTB,,60000.0,
2018,X10,Cultura,IFS-INTERVENCIONES SINGULARES EN MUROS Y FACHADAS DEL DISTRITO CENTRO,,41440.72,
2018,X10,Cultura,IFS-ESUELAS PÍAS DE SAN FERNANDO.OBRAS DE CONSOLIDACIÓN,,205000.0,
2018,X10,Cultura,IFS-MURALLA EN LA CALLE BAILÉN. OBRAS DE RESTAURACIÓN,,80000.0,44675.14
2018,X10,Cultura,MUSEO DE LOS ORÍGENES. CLIMATIZACIÓN Y ADAPTACIÓN NORMATIVA,,1970.0,1936.0
2018,X10,Cultura,"PINTURAS MURALES FACHADA CASA DE LA PANADERÍA, PLAZA MAYOR. OBRAS DE RESTAURACIÓN",,4000.0,3998.8
2018,X10,Cultura,IFS-CENTRO DE LAS ARTES DEL LIBRO: REFORMA  ILUMINACION Y OTRAS  EN INSTALACIONES,,40000.0,31636.44
2018,X10,Cultura,IFS-BIBLIOTECA IVÁN DE VARGAS. OBRAS DE  EFICIENCIA ENERGETICA Y ADAPTACIÓN A NORMATIVA,,50000.0,
2018,X10,Cultura,IFS-MUSEO DE HISTORIA. OBRAS  VARIAS DE EFICIENCIA ENERGETICA,,18000.0,
2018,X10,Cultura,IFS-MUSEO DE LOS ORÍGENES. OBRAS DE ACCESIBILIDAD Y EFICIENCIA ENERGETICA,,20000.0,
2018,X10,Cultura,"IFS-PINTURAS MURALES FACHADA CASA DE LA PANADERÍA, PLAZA MAYOR. OBRAS DE RESTAURACIÓN",,45000.0,44984.81
2018,X10,Cultura,IFS-PANELES FOTOVOLTAICOS EN LA BIBLIOTECA IVÁN DE VARGAS. INSTALACIÓN,,18000.0,
2018,X10,Cultura,IFS-CUARTEL CONDE DUQUE. OBRAS DE ACONDICIONAMIENTO DE ACCESIBILIDAD Y LÍNEAS DE VIDA,,160028.0,159234.87
2018,X10,Cultura,"IFS-EDIFICIO CONDE DUQUE. OBRAS REPARACIÓN DEL SANEAMIENTO, CLIMATIZACIÓN Y AISLAMIENTO",,186633.0,185264.32
2018,X10,Cultura,IFS-PABELLÓN BONAPARTE.ADECUACION,,205000.0,
2018,X10,Cultura,IFS-BIBLIOTECA ANA MARÍA MATUTE. OBRAS EFICIENCIA ENERGÉTICA Y ACCESIBILIDAD,,50000.0,
2018,X10,Cultura,IFS-PANELES FOTOVOLTAICOS EN LA BIBLIOTECA ANGEL GÓNZALEZ. INSTALACIÓN,,98000.0,
2018,X10,Cultura,PLACAS CONMEMORATIVAS EN EL DISTRITO CENTRO,,3200.0,2100.0
2018,X10,Cultura,IFS-CENTRO SOCIOCULTURAL LAVAPIÉS. ADECUACIÓN CLIMATIZACIÓN Y PREVENCIÓN DE INCENDIOS,,100000.0,99957.02
2018,X10,Cultura,"IFS-CENTRO SOCIOCULTURAL CLARA DEL REY. REPARACIÓN SANEAMIENTO, HUMEDADES, SOLADOS Y FACHADA",,30000.0,29967.13
2018,X10,Cultura,"IFS-BIBLIOTECA BARCEÓ. ACTUACIONES EN BAÑOS, CARPINTERÍAS Y OTRAS MEJORAS",,40000.0,39967.32
2018,X10,Cultura,IFS-CENTRO CULTURAL PUERTA DE TOLEDO. INSTALACIONES DE CLIMATIZACIÓN Y REPARACIÓN HUMEDADES,,59357.26,33762.56
2018,X10,Cultura,IFS-SALA EXPOSICIONES LA PALOMA. INSTALACIONES PREVENCIÓN DE INCENDIOS Y TERMO,,18300.0,18251.62
2018,X10,Cultura,IFS-CENTRO CULTURAL LAVAPIÉS.  IMPERMEABILIZACIÓN TERRAZA Y CARPINTERÍA,,45000.0,44975.48
2018,X10,Cultura,IFS-CENTRO SOCIOCULTURAL CLARA DEL REY. ADAPTACIÓN INSTALACIÓN ELÉCTRICA,,50000.0,
2018,X10,Cultura,IFS-DEPORTIVO BÁSICO CASINO DE LA REINA. ADECUACIÓN DE ESCENARIO DEL ANFITEATRO (ID: 3093),,60000.0,
2018,X01,Protección Civil y seguridad ciudadana,,,298670.34,243920.44
2018,X01,Protección Civil y seguridad ciudadana,PARQUE DE BOMBEROS C/ SAN BERNARDO Nº 68. MOBILIARIO,,78343.19,78343.19
2018,X01,Protección Civil y seguridad ciudadana,"IFS-PARQUE BOMBEROS C/SAN BERNARDO, 68. PANELES FOTOVOLTAICOS Y REFORMA ELÉCTRICA (ID: 450)",,40000.0,39989.97
2018,X01,Protección Civil y seguridad ciudadana,"PARQUE DE BOMBEROS Nº 3, RONDA SEGOVIA, 95. OTRO MOBILIARIO Y ENSERES",,1905.15,1905.15
2018,X01,Protección Civil y seguridad ciudadana,"IFS-PARQUE DE BOMBEROS Nº 6, CENTRO. ADECUACIÓN CLIMATIZACIÓN, LÍNEA DE VIDA Y OTROS",,50000.0,
2018,X01,Protección Civil y seguridad ciudadana,IFS-BASE SAMUR 15. ADECUACIÓN ESPACIOS Y OTROS,,70000.0,66114.77
2018,X01,Protección Civil y seguridad ciudadana,"IFS-INSTALACIONES SAMUR C/ SAN BERNARDO, 68. OBRAS DE ADECUACIÓN Y MEJORA",,58422.0,57567.36
2018,X14,Sectores productivos,,,209116.77,209115.71
2018,X14,Sectores productivos,IFS-MERCADO DE LOS MOSTENSES. OBRAS DE ACCESIBILIDAD Y SUPRESIÓN DE BARRERAS,,41631.25,41631.25
2018,X14,Sectores productivos,SALA DE EXPOSICIONES LA PALOMA. ADECUACIÓN PARA CENTRO PROMOCIÓN ECONOMÍA SOCIAL,,163390.52,163390.42
2018,X14,Sectores productivos,OFICINA DE ATENCIÓN AL INVERSOR EXTRANJERO. CENTRALITA ANTIINTRUSIÓN,,4095.0,4094.04
2018,X09,Medio ambiente,,,2189896.54,476882.83
2018,X09,Medio ambiente,IFS-DIVERSAS ZONAS AJARDINADAS DEL DISTRITO DE CENTRO. AUTOMATIZACIÓN DE RIEGOS,,342390.88,71969.13
2018,X09,Medio ambiente,IFS-JARDÍN FLORAL DE LA PLAZA DE LA VILLA.REMODELACIÓN INTEGRAL Y EFICIENCIA EN EL RIEGO,,117044.05,92517.5
2018,X09,Medio ambiente,FUENTES DE AGUA POTABLE EN EL DISTRITO CENTRO. INSTALACIÓN (ID: 73),,215932.96,
2018,X09,Medio ambiente,JARDINES DE SABATINI. REMODELACIÓN,,58836.0,28050.69
2018,X09,Medio ambiente,IFS-PARQUE CASINO DE LA REINA. REMODELACIÓN,,1115499.14,251699.62
2018,X09,Medio ambiente,"(MÁS) ZONAS VERDES (PARQUES, JARDINES, ÁRBOLES, ETC.) EN DISTRITO CENTRO(ID: 3189)",,17594.0,17593.4
2018,X09,Medio ambiente,JARDÍN FLORAL DE LA PLAZA DE LA VILLA.REMODELACIÓN INTEGRAL Y EFICIENCIA EN EL RIEGO,,13068.0,
2018,X09,Medio ambiente,ACONDICIONAMIENTO PARCELAS PARA HUERTOS URBANOS DISTRITO CENTRO,,9531.51,9531.51
2018,X09,Medio ambiente,IFS-PLAZA DEL DOS DE MAYO. REHABILITACIÓN,,200000.0,4014.53
2018,X09,Medio ambiente,IFS-PARQUE DE LA CORNISA. DRENAJE Y ADECUACIÓN ESPACIOS ZONA INFANTIL,,30000.0,453.75
2018,X09,Medio ambiente,IFS-PLAZA VILLA DE PARÍS. REMODELACIÓN PARA SOLUCIONES CANINAS (ID: 89),,20000.0,302.5
2018,X09,Medio ambiente,IFS-PLAZOLETA SAN GREGORIO. RENATURALIZACIÓN Y AMPLIACIÓN ZONA INFANTIL (ID: 727),,50000.0,750.2
2018,X08,Mantenimiento urbano,,,2203243.53,87763.51
2018,X08,Mantenimiento urbano,PAVIMENTACIÓN ACERAS BARRIOS EN DISTRITO CENTRO. FASE I,,4206.41,4206.41
2018,X08,Mantenimiento urbano,PAVIMENTACIÓN CALZADAS BARRIOS EN DISTRITO CENTRO. FASE I,,483.81,483.81
2018,X08,Mantenimiento urbano,"IFS-CANTÓN DE LIMPIEZA C/ REYES, 14. OBRAS DE REFORMA",,60000.0,59976.06
2018,X08,Mantenimiento urbano,IFS-MEJORA DE LA EFICIENCIA LUMÍNICA EN LA  PLAZA MAYOR,,700000.0,
2018,X08,Mantenimiento urbano,HIDRANTES EN EL DISTRITO CENTRO. INSTALACIÓN,,3553.31,3553.31
2018,X08,Mantenimiento urbano,IFS-PLAZAS DE NELSON MANDELA Y LA CORRALA. REMODELACIÓN Y ARBOLADO (ID17: 4387),,300000.0,
2018,X08,Mantenimiento urbano,IFS-C/ PALMA Y C/ SAN VICENTE FERRER. REMODELACIÓN,,600000.0,9008.45
2018,X08,Mantenimiento urbano,IFS-PLAZA DE LAVAPIÉS. OBRAS DE REMODELACIÓN (ID: 1422),,525000.0,10535.47
2018,X08,Mantenimiento urbano,IFS-MERCADO DEL RASTRO. SEÑALIZACIÓN INFORMATIVA Y TURÍSTICO-CULTURAL.,,10000.0,
2018,X03,Protección y promoción social,,,1547582.76,1135895.34
2018,X03,Protección y promoción social,"IFS-APARTAMENTOS MUNICIPALES PARA MAYORES ""SAN FRANCISCO""C/ JERTE, 3. ADAPTACIÓN",,79992.33,79966.3
2018,X03,Protección y promoción social,CENTROS DE MAYORES DISTRITO CENTRO. MOBILIARIO Y ENSERES,,79.59,
2018,X03,Protección y promoción social,CENTROS DE SERVICIOS SOCIALES CENTRO. MOBILIARIO Y ENSERES,,40.11,
2018,X03,Protección y promoción social,IFS-CENTRO DE DÍA ESCUELAS DE SAN ANTON. OBRAS DE REPARACIÓN.,,49255.36,49255.36
2018,X03,Protección y promoción social,IFS-CENTRO DE MAYORES BENITO MARTÍN LOZANO. ACCESIBILIDAD ASEOS Y EFICIENCIA ENERGÉTICA,,49054.17,49054.17
2018,X03,Protección y promoción social,IFS-CENTRO COMUNITARIO PLAZA DOS DE MAYO 1. OBRAS DE ADECUACIÓN,,235502.8,234312.67
2018,X03,Protección y promoción social,IFS-ESPACIO RIBERA DE CURTIDORES 2. OBRAS DE ACONDICIONAMIENTO  Y ACCESIBILIDAD,,48475.75,48475.75
2018,X03,Protección y promoción social,IFS-CENTRO DE MAYORES DOS AMIGOS. CERRAMIENTO E INSTALACIONES DE LUZ Y CALEFACCIÓN,,79760.51,79758.74
2018,X03,Protección y promoción social,IFS-CENTRO DE DÍA Y  ALZHEIMER CARMEN CONDE.OBRAS DE  EFICIENCIA ENERGÉTICA,,28818.46,28758.59
2018,X03,Protección y promoción social,IFS-CENTRO DE MAYORES SAN FRANCISCO EL GRANDE. OBRAS DE EFICIENCIA ENERGÉTICA.,,39016.62,39016.62
2018,X03,Protección y promoción social,IFS-CENTRO DE SERVICIOS SOCIALES PUERTA DE TOLEDO. OBRAS VARIAS DE MEJORA,,59884.12,59884.12
2018,X03,Protección y promoción social,"ESCUELA MUNICIPAL DE HOSTELERIA, C/ JERTE, 3. AQUISICIÓN DE MAQUINARIA",,2018.28,2018.28
2018,X03,Protección y promoción social,CENTRO DE ATENCIÓN INTEGRAL SOCIOSANITARIA. SEÑALIZACIÓN,,4600.0,4449.0
2018,X03,Protección y promoción social,"CONSEJO DE MUJERES, C/ SEÑORES DE LUZÓN, 3 - 2º PISO. INSTALACIONES",,3682.03,
2018,X03,Protección y promoción social,"EQUIPAMIENTO ESPACIO ENCUENTRO FEMINISTA C/ RIBERA CURTIDORES, 2",,5000.0,4993.83
2018,X03,Protección y promoción social,"IFS-ESPACIO DE ENCUENTRO FEMINISTA C/RIBERA CURTIDORES,2.ADQUISICIÓN MOBILIARIO DE OFICINA",,13000.0,
2018,X03,Protección y promoción social,CENTRO DE MAYORES BENITO MARTÍN LOZANO. ADQUISICIÓN COCINA INDUSTRIAL,,18087.41,18087.41
2018,X03,Protección y promoción social,"IFS-ESPACIO DE ENCUENTRO FEMINISTA C/RIBERA CURTIDORES, 2. ADQUISICIÓN OTRO MOBILIARIO",,17000.0,4283.75
2018,X03,Protección y promoción social,EQUIPAMIENTO CENTRO DE MAYORES ANTÓN MARTÍN,,956.0,956.0
2018,X03,Protección y promoción social,"EQUIPAMIENTO ESPACIO DE ENCUENTRO FEMINISTA C/ RIBERA DE CURTIDORES, 2",,539.0,538.99
2018,X03,Protección y promoción social,EQUIPAMIENTO CENTRO SOCIAL COMUNITARIO CASINO DE LA REINA,,400.0,399.0
2018,X03,Protección y promoción social,ALOJAMIENTOS TUTELADOS C/ JERTE. MEJORA INSTALACIONES SEGURIDAD ASCENSORES,,299.31,299.31
2018,X03,Protección y promoción social,CENTRO DE MAYORES SAN FRANCISCO. MEJORA INSTALACIONES SEGURIDAD ASCENSORES,,1375.87,1375.87
2018,X03,Protección y promoción social,CENTRO DE DÍA MAYORES ESCUELAS SAN ANTÓN. MEJORA INSTALACIONES SEGURIDAD ASCENSOR,,1234.02,1234.02
2018,X03,Protección y promoción social,"IFS-EDIFICIO C/RIBERA DE CURTIDORES, 2. REHABILITACIÓN PARA LUGAR DE ENCUENTRO FEMINISTA",,39055.96,39055.96
2018,X03,Protección y promoción social,IFS-CENTRO DÍA DE ALZHEIMER CARMEN CONDE. REPOSICIÓN INSTALACIONES DE CLIMATIZACIÓN Y OTRAS,,60000.0,
2018,X03,Protección y promoción social,IFS-CENTRO SERVICIOS SOCIALES MARAVILLAS. ADECUACIÓN CLIMATIZACIÓN Y DETECCIÓN INCENDIOS,,48363.99,48363.99
2018,X03,Protección y promoción social,IFS-CENTRO DE MAYORES ANTÓN MARTÍN. REPOSICIÓN INSTALACIÓN DE ILUMINACIÓN Y ELECTRICIDAD,,20000.0,19991.67
2018,X03,Protección y promoción social,IFS-CENTRO DE MAYORES DOS AMIGOS. REPOSICIÓN INSTALACIONES DE CLIMATIZACIÓN Y OTRAS,,100000.0,
2018,X03,Protección y promoción social,IFS-CENTRO MAYORES BENITO MARTÍN LOZANO. ACONDICIONAMIENTOS DIVERSOS,,10000.0,9969.29
2018,X03,Protección y promoción social,"IFS-ALOJAMIENTOS TUTELADOS C/ JERTE, 1. MEJORA CLIMATIZACIÓN E IMPERMEABILIZACIÓN DE CUBIERTA",,130000.0,129976.75
2018,X03,Protección y promoción social,IFS-CENTRO DE MAYORES SAN FRANCISCO. ADECUACIÓN CLIMATIZACIÓN Y PREVENCIÓN DE INCENDIOS,,130000.0,129889.89
2018,X03,Protección y promoción social,IFS-CENTRO SERVICIOS SOCIALES PUERTA DE TOLEDO. INSTALACIONES DE CLIMATIZACIÓN E ILUMINACIÓN,,20000.0,19998.07
2018,X03,Protección y promoción social,"IFS-CENTRO SOCIAL COMUNITARIO Y GUARDERÍA CASINO REINA.CALDERA, HUMEDADES, AISLAMIENTO Y OTRAS",,60000.0,
2018,X03,Protección y promoción social,"IFS-CENTRO DE DÍA Y MAYORES CASINO DE LA REINA.PROTECCIÓN CONTRA INCENDIOS,ACCESIBILIDAD Y OTRAS",,60000.0,
2018,X03,Protección y promoción social,IFS-CENTRO ATENCIÓN INFANCIA CAI 1. INSTALACIONES DE CLIMATIZACIÓN Y PREVENCIÓN INCENDIOS,,20000.0,19985.35
2018,X03,Protección y promoción social,"IFS-CENTRA DE DÍA Y MAYORES SAN ANTÓN. ACONDICIONAMIENTO, NORMATIVA CONTRA INCENDIOS Y OTRAS",,10000.0,9980.32
2018,X03,Protección y promoción social,"IFS-CENTRO COMUNITARIO PLAZA DOS DE MAYO, 1. ADECUACIÓN CONDICIONES DE ACCESIBILIDAD",,60000.0,
2018,X03,Protección y promoción social,IFS-CENTRO DE MAYORES BENITO MARTÍN LOZANO. ACONDICIONAMIENTO COCINA,,40000.0,
2018,X03,Protección y promoción social,"EQUIPAMIENTO CENTRO DE FORMACIÓN OCUPACIONAL DE HOSTELERIA, C/ JERTE, 3",,88.33,88.33
2018,X03,Protección y promoción social,"CENTRO FORMACIÓN OCUPACIONAL DE HOSTELERIA, C/ JERTE, 3. EQUIPOS DE PROCESOS DE DATOS",,1477.94,1477.94
2018,X03,Protección y promoción social,"CENTRO FORMACIÓN OCUPACIONAL DE HOSTELERÍA, C/JERTE,3. ADAPTACIÓN ACCESIBILIDAD",,524.8,
2018,X05,Educación,,,4297904.1,1820721.74
2018,X05,Educación,EQUIPAMIENTO ESCUELA INFANTIL ESCUELAS DE SAN ANTÓN,,15325.62,15325.62
2018,X05,Educación,RESIDENCIA INTERNADO SAN ILDEFONSO. MOBILIARIO Y ENSERES,,52900.0,31344.09
2018,X05,Educación,"ESCUELA INFANTIL C/ RODAS, 20-22. CONSTRUCCIÓN",,6786.77,6786.77
2018,X05,Educación,ESCUELAS INFANTILES DISTRITO CENTRO. MOBILIARIO Y ENSERES,,1000.0,
2018,X05,Educación,IFS-COLEGIO PÚBLICO SAN ILDEFONSO. ADECUACIÓN CONDICIONES DE ACCESIBILIDAD,,27576.94,27576.94
2018,X05,Educación,OTRO EQUIPAMIENTO ESCUELA INFANTIL EL OLIVAR,,308.55,308.55
2018,X05,Educación,OTRO EQUIPAMIENTO ESCUELA INFANTIL RODAS,,50265.15,1132.47
2018,X05,Educación,EQUIPAMIENTO ESCUELA DE MÚSICA Y DANZA DEL DISTRITO DE CENTRO,,83106.81,40900.35
2018,X05,Educación,ESCUELA DE MUSICA SAN ANTON. PROGRAMA DOMÓTICO,,6400.0,
2018,X05,Educación,"IFS-ESCUELA INFANTIL C/ RODAS, 20-22. CONSTRUCCIÓN",,2296707.0,243388.18
2018,X05,Educación,ESCUELA DE MÚSICA Y DANZA DEL DISTRITO DE CENTRO. OBRAS DE ACONDICIONAMIENTO,,117075.38,116725.79
2018,X05,Educación,ESCUELA DE MÚSICA Y DANZA DISTRITO CENTRO. MEJORA INSTALACIONES SEGURIDAD ASCENSOR,,690.17,690.17
2018,X05,Educación,IFS-COLEGIO PÚBLICO EMILIA PARDO BAZAN. AMPLIACIÓN DE AULAS Y ADECUACIÓN TERRAZA,,180000.0,179904.89
2018,X05,Educación,IFS-COLEGIO PÚBLICO ISABEL LA CATOLICA. IMPERMEABILIZACIÓN Y ADECUACIÓN ESCALERAS,,165000.0,157099.03
2018,X05,Educación,"IFS-COLEGIO PÚBLICO NUESTRA SEÑORA DE LA PALOMA. MEJORA INSTALACIÓN ELÉCTRICA,VENTANAS Y PATIO",,196300.0,196292.21
2018,X05,Educación,IFS-COLEGIO PÚBLICO PALACIO VALDÉS. REPARACIÓN DE HUMEDADES Y MEDIDAS DE SEGURIDAD,,67800.0,67789.96
2018,X05,Educación,IFS-COLEGIO PÚBLICO PI I MARGALL. REPOSICIÓN DE INSTALACIÓN DE CALEFACCIÓN Y REFORMA DE ACCESO,,75511.43,75511.43
2018,X05,Educación,IFS-COLEGIO PÚBLICO SAN ILDEFONSO.ADECUACIÓN PROTECCIÓN CONTRA INCENDIOS Y SEGURIDAD,,65400.0,65299.97
2018,X05,Educación,IFS-COLEGIO PÚBLICO VAZQUEZ DE MELLA. REPARACIÓN DE HUMEDADES EN PLANTA BAJA,,48195.92,48195.92
2018,X05,Educación,IFS-ESCUELA INFANTIL EL DUENDE. ACONDICIONAMIENTO ALICATADOS Y SOLADOS,,38000.0,37970.45
2018,X05,Educación,IFS-ESCUELA INFANTIL EL OLIVAR. ACONDICIONAMIENTO DIVERSOS,,15000.0,14942.31
2018,X05,Educación,IFS-RESIDENCIA INTERNADO SAN ILDEFONSO. REPARACIÓN DE CUBIERTA Y MEDIDAS DE SEGURIDAD,,299814.04,299814.04
2018,X05,Educación,IFS-ESCUELA INFANTIL NUESTRA SEÑORA DE LA PALOMA. REHABILITACIÓN INSTALACIONES Y PATIOS,,295000.0,
2018,X05,Educación,IFS-ESCUELA INFANTIL OSA MENOR. REPOSICIÓN DE INSTALACIONES DE CLIMATIZACIÓN Y ELECTRICIDAD,,123740.32,123740.32
2018,X05,Educación,IFS-ESCUELA INFANTIL SAN ANTÓN. ACONDICIONAMIENTOS DIVERSOS,,10000.0,9992.34
2018,X05,Educación,IFS-COLEGIO PÚBLICO EMILIA PARDO BAZAN. OBRAS DE REPARACIÓN Y ADECUACIÓN DE INSTALACIONES,,60000.0,59989.94
2018,X06,Urbanismo,,,23801261.65,11741749.77
2018,X06,Urbanismo,"ADQUISICIÓN DE SUELO C/HUERTA DEL BAYO, 8",,7011.79,
2018,X06,Urbanismo,ENTORNO DEL BARRIO DE CHUECA. OBRAS DE REMODELACIÓN,,2366242.0,2341696.58
2018,X06,Urbanismo,"ADQUISICIÓN SUELO C/ SANTIAGO EL VERDE, 13",,18796.0,1857.79
2018,X06,Urbanismo,CALLE ATOCHA Y PLAZA DE JACINTO BENAVENTE. REURBANIZACIÓN,,2691380.0,2691377.6
2018,X06,Urbanismo,ADECUACIÓN VIALES Y ACCESIBILIDAD EN DISTRITO CENTRO,,2717.65,2717.65
2018,X06,Urbanismo,GRAN VÍA. AMPLIACIÓN DE ACERAS,,6380688.92,6380688.22
2018,X06,Urbanismo,"IFS-CARRERA DE SAN JERÓNIMO, CEDACEROS, ARLABAN Y VIRGEN DE LOS PELIGROS. REMODELACIÓN",,2870936.0,
2018,X06,Urbanismo,IFS-PLAZA DE PEDRO ZEROLO . REURBANIZACIÓN,,3339000.0,18090.0
2018,X06,Urbanismo,IFS-EJE VIARIO C/ MAGDALENA-DUQUE DE ALBA-SAN MILLAN-PZA. CEBADA Y OTROS. REURBANIZACIÓN,,3979394.0,259630.09
2018,X06,Urbanismo,IFS-CALLE DEL ÁLAMO Y AMANIEL (ENTORNO CONDE DUQUE). REURBANIZACIÓN,,2098754.0,11308.82
2018,X06,Urbanismo,PASO DE PEATONES EN C/ ALCALÁ A LA ALTURA DEL Nº 40. ADECUACIÓN,,46341.29,34383.02
2018,X11,"Deportes, juventud y esparcimiento",,,1490515.01,1105242.56
2018,X11,"Deportes, juventud y esparcimiento","CENTRO DEPORTIVO C/COSTANILLA DESAMPARADOS, 15 C/V A C/FÚCAR, 6. CONSTRUCCIÓN",,293171.29,291720.88
2018,X11,"Deportes, juventud y esparcimiento",CENTRO DEPORTIVO LA CEBADA. CONSTRUCCIÓN,,168412.48,168412.48
2018,X11,"Deportes, juventud y esparcimiento",IFS-DEPORTIVO BÁSICO CONDE DUQUE. AMPLIACIÓN ÁREA DEPORTIVA,,144903.78,144902.96
2018,X11,"Deportes, juventud y esparcimiento",IFS-PISTA DEPORTIVA PLAZA DE GABRIEL MIRÓ. ACONDICIONAMIENTO Y ACCESIBILIDAD,,149969.29,149969.29
2018,X11,"Deportes, juventud y esparcimiento","IFS-ALBERGUE JUVENIL MEJIA LEQUERICA,21. ADAPTACIÓN A NORMATIVA DE INCENDIOS",,2500.0,2086.71
2018,X11,"Deportes, juventud y esparcimiento","IFS-ALBERGUE JUVENIL DE MEJIA LEQUERICA,21. ADAPTACIÓN PLATAFORMA PARA MOVILIDAD REDUCIDA",,2000.0,1870.5
2018,X11,"Deportes, juventud y esparcimiento",IFS-DEPORTIVO BÁSICO LA CORNISA. ADECUACIÓN DE CANCHA PARA VOLEY Y BALONCESTO,,39687.84,39687.84
2018,X11,"Deportes, juventud y esparcimiento",IFS-PLAZA SOLEDAD TORRES ACOSTA. ADECUACIÓN ZONA DEPORTIVA,,130000.0,
2018,X11,"Deportes, juventud y esparcimiento",IFS-CENTRO DEPORTIVO ESCUELAS PÍAS. INSTALACIONES DE CLIMATIZACIÓN Y EFICIENCIA ENERGÉTICA,,110000.0,109806.23
2018,X11,"Deportes, juventud y esparcimiento",IFS-CENTRO DEPORTIVO ESCUELAS PÍAS. INSTALACIÓN LÍNEA DE VIDA EN CUBIERTA Y OTRAS MEJORAS,,34870.33,34867.54
2018,X11,"Deportes, juventud y esparcimiento",IFS-DEPORTIVO BÁSICO NUESTRA SEÑORA DE LA PALOMA. REMODELACIÓN ASEOS Y ZONA SUPERIOR,,75000.0,74945.0
2018,X11,"Deportes, juventud y esparcimiento",IFS-DEPORTIVO BÁSICO PARQUE ATENAS. ADECUACIÓN ESPACIO DE ALMACENAJE,,20000.0,19999.9
2018,X11,"Deportes, juventud y esparcimiento",IFS-CENTRO DE OCIO PARA ADOLESCENTES DON DE MARÍA. ADAPTACIÓN DE ESPACIO Y ACCESIBILIDAD,,20000.0,19961.72
2018,X11,"Deportes, juventud y esparcimiento","IFS-PISTA DEPORTIVA C/ EMBAJADORES, 18. OBRAS DE ADECUACIÓN",,70000.0,47011.51
2018,X11,"Deportes, juventud y esparcimiento",IFS-DEPORTIVO BÁSICO CASINO DE LA REINA. OBRAS DE REHABILITACIÓN,,230000.0,
2018,X12,Otros bienes públicos de carácter social,,,5000.0,4817.55
2018,X12,Otros bienes públicos de carácter social,"OBRAS DE ADECUACIÓN LOCAL EN RED TRAVESIA COMADRE, 5",,5000.0,4817.55
2018,X04,Salud pública,,,515620.91,110710.93
2018,X04,Salud pública,EQUIPAMIENTO CASA DE BAÑOS GLORIETA DE EMBAJADORES,,959.89,959.89
2018,X04,Salud pública,IFS-CASA BAÑOS DE C/EMBAJADORES. OBRAS DE EFICIENCIA ENERGÉTICA.,,65073.91,65073.91
2018,X04,Salud pública,CENTRO DE ATENCIÓN BÁSICA SOCIOSANITARIA PARA DROGODEPENDIENTES DE MADRID SALUD. REHABILITACIÓN,,204888.0,
2018,X04,Salud pública,IFS-EVACUATORIO PLAZA DE CIBELES. REHABILITACIÓN INTEGRAL,,125000.0,10468.92
2018,X04,Salud pública,IFS-EVACUATORIO PARQUE ATENAS. REHABILITACIÓN DE ACCESOS,,30000.0,28802.22
2018,X04,Salud pública,"IFS-EVACUATORIO RASTRO. REHABILITACIÓN INSTALACIONES, SOLADOS Y OTRAS",,30000.0,
2018,X04,Salud pública,IFS-CASA DE BAÑOS EMBAJADORES. INSTALACIONES CLIMATIZACIÓN Y AGUA CALIENTE SANITARIA,,59501.11,5207.99
2018,X04,Salud pública,"CMS CENTRO MUNICIPAL DE SALUD JOVEN, C/ NAVAS DE TOLOSA, 10. MAQUINARIA",,198.0,198.0
2019,X00,Inversiones de carácter general,,,7368396.44,4995128.74
2019,X00,Inversiones de carácter general,EQUIPAMIENTO SERVICIOS ADMINISTRATIVOS DISTRITO CENTRO,,8445.0,1443.52
2019,X00,Inversiones de carácter general,OBRAS DE CONSERVACIÓN EDIFICIOS DISTRITO DE CENTRO,,16203.53,
2019,X00,Inversiones de carácter general,"EDIFICIO C/ ALCALÁ, 45. OBRAS DE REFORMA",,65077.03,65045.55
2019,X00,Inversiones de carácter general,"IFS-EDIFICIO C/HERMANOS ÁLVAREZ QUINTERO,3. ADECUACIÓN SISTEMA INTEGRAL DE SEGURIDAD",,62207.42,62207.42
2019,X00,Inversiones de carácter general,"EDIFICIO C/ RIBERA DE CURTIDORES, 2. ADECUACIÓN INSTALACIÓN ELÉCTRICA",,143008.24,143006.69
2019,X00,Inversiones de carácter general,"SOLAR C/ FÚCAR, 8. REFORMA Y CONSOLIDACIÓN DEL TERRENO Y MEDIANERIAS",,149910.76,149810.81
2019,X00,Inversiones de carácter general,"IFS-LOCAL C/ SACRAMENTO, 7 . ACONDICIONAMIENTO Y MODERNIZACIÓN DE INSTALACIONES",,178779.94,178752.64
2019,X00,Inversiones de carácter general,"IFS-EDIFICIO C/ MAYOR, 58. OBRAS DE REFORMA",,389139.24,388269.53
2019,X00,Inversiones de carácter general,"IFS-LOCAL C/ SACRAMENTO, 7. OBRAS DE REFORMA DE INSTALACIONES",,110851.0,110849.95
2019,X00,Inversiones de carácter general,"IFS-EDIFICIO C/ ALCALÁ, 45. OBRAS DE REFORMA DE FACHADA E ILUMINACIÓN",,250626.91,250624.62
2019,X00,Inversiones de carácter general,IFS-BIBLIOTECA UNED ESCUELAS PÍAS DE SAN FERNANDO. SUBSANACIÓN DE PATOLOGÍAS,,3249003.42,3245656.1
2019,X00,Inversiones de carácter general,"EDIFICIO CALLE LUNA, 32. ADOPCIÓN MEDIDAS DE SEGURIDAD",,21125.44,
2019,X00,Inversiones de carácter general,"IFS-EDIFICIO PLAZA DE LA VILLA, 5. AMAESTRAMIENTO DE LLAVES",,19000.0,7861.08
2019,X00,Inversiones de carácter general,"EDIFICIO PLAZA DE LA VILLA, 4. SUBSANACIÓN DE PATOLOGÍAS",,21401.61,21400.44
2019,X00,Inversiones de carácter general,"EDIFICIO PLAZA DE LA VILLA, 5. REDISTRIBUCIÓN DE ESPACIOS Y ACONDICIONAMIENTO INTERIOR",,262690.92,6648.76
2019,X00,Inversiones de carácter general,"EDIFICIO C/ ALCALÁ, 45. OBRAS DE REFORMA DE FACHADA E ILUMINACIÓN",,28232.0,28231.77
2019,X00,Inversiones de carácter general,"EDIFICIO PLAZA JACINTO BENAVENTE, 2. OBRAS DE MEJORA",,34462.0,
2019,X00,Inversiones de carácter general,"CASA DE CISNEROS. PLAZA DE LA VILLA, 4. SUBSANACIÓN PATOLOGÍAS EN EL ARTESONADO",,75194.54,13517.21
2019,X00,Inversiones de carácter general,"EDIFICIO CALLE BARCO, 20. OBRAS DE REFORMA",,50000.0,
2019,X00,Inversiones de carácter general,"EDIFICIO C/ MAYOR, 71. ADECUACIÓN DE ESPACIOS",,97678.0,70554.96
2019,X00,Inversiones de carácter general,"EDIFICIO Pº DEL PRADO, 30. ADECUACIÓN CARPINTERÍA EXTERIOR",,175998.15,159998.14
2019,X00,Inversiones de carácter general,"IFS-EDIFICIO C/ ALCALÁ, 45. REFORMA DE CLIMATIZACIÓN E INSTALACIONES",,800000.0,
2019,X00,Inversiones de carácter general,"IFS-EDIFICIO C/ BARQUILLO, 17. REFORMA DE GARAJE E INSTALACIONES VARIAS",,200000.0,9926.57
2019,X00,Inversiones de carácter general,"IFS-EDIFICIO C/ ALCALÁ, 45. REFORMA CLIMATIZACIÓN Y LUMINARIA EMERGENCIAS PLANTAS 6ª Y 7ª",,699000.0,
2019,X00,Inversiones de carácter general,"IFS-EDIFICIO C/ BAILÉN, 41. OBRAS PARA EVACUACIÓN HUMOS Y PROTECCIÓN CONTRA INCENDIOS",,107690.0,
2019,X00,Inversiones de carácter general,DIVERSOS EDIFICIOS DISTRITO CENTRO. ADECUACIÓN ASCENSORES A INSPECCIONES TÉCNICAS,,9000.0,8470.0
2019,X00,Inversiones de carácter general,IFS-EDIFICIO SEDE DISTRITO CENTRO. ADECUACIÓN ESPACIOS E INSTALACIONES CLIMATIZACIÓN E INCENCIOS,,40000.0,
2019,X00,Inversiones de carácter general,"OFICINA CALL CENTER, C/ SACRAMENTO, 3. ADQUISICIÓN DE MOBILIARIO",,5000.0,
2019,X00,Inversiones de carácter general,S.G. ATENCIÓN AL CONTRIBUYENTE E INFORMÁTICA TRIBUTARIA. SOFTWARE DIGITALIZACIÓN,,17970.0,17965.11
2019,X00,Inversiones de carácter general,"CALL CENTER EDIFICIO C/ SACRAMENTO, 3. SEÑALIZACIÓN ACCESIBILIDAD",,10501.29,10501.29
2019,X00,Inversiones de carácter general,EDIFICIOS C/ SACRAMENTO 1 Y 5. REFORMA ELEMENTOS DOTACIONALES PARA ACCESIBILIDAD,,70200.0,44386.58
2019,X10,Cultura,,,5123128.2,3170755.86
2019,X10,Cultura,CUARTEL CONDE DUQUE. ADECUACIÓN PROTECCIÓN CONTRA INCENDIOS,,41850.0,
2019,X10,Cultura,CUARTEL CONDE DUQUE. MONITORIZACIÓN DE CLIMATIZACIÓN,,18150.0,18029.0
2019,X10,Cultura,MUSEO DE SAN ISIDRO. INSTALACIONES DE SEGURIDAD,,2449.65,2449.65
2019,X10,Cultura,MUSEO DE HISTORIA DE MADRID. SEÑALIZACIÓN,,8000.0,
2019,X10,Cultura,IFS-CENTRO CÍVICO Y CULTURAL ESPACIO MALASAÑA. ADAPTACIÓN 3ª A  PLANTA C/SAN BERNARDO 68 (ID: 3219),,2099999.89,2099999.89
2019,X10,Cultura,IFS-EQUIPAMIENTO MUSEO DE SAN ISIDRO,,7250.0,250.0
2019,X10,Cultura,CORPÓREO EN HOMENAJE A LGTB EN PLAZA PEDRO ZEROLO,,17908.0,17908.0
2019,X10,Cultura,IFS-MONUMENTO TIERNO GALVÁN,,200000.0,
2019,X10,Cultura,IFS-MONUMENTO A LAS VÍCTIMAS DEL COLECTIVO LGTB,,150000.0,
2019,X10,Cultura,IFS-ESUELAS PÍAS DE SAN FERNANDO.OBRAS DE CONSOLIDACIÓN,,197786.13,196308.81
2019,X10,Cultura,IFS-MURALLA EN LA CALLE BAILÉN. OBRAS DE RESTAURACIÓN,,35318.55,35296.72
2019,X10,Cultura,IFS-CENTRO DE LAS ARTES DEL LIBRO: REFORMA  ILUMINACION Y OTRAS  EN INSTALACIONES,,1778.4,714.93
2019,X10,Cultura,IFS-BIBLIOTECA IVÁN DE VARGAS. OBRAS DE  EFICIENCIA ENERGETICA Y ADAPTACIÓN A NORMATIVA,,36908.02,36899.66
2019,X10,Cultura,IFS-MUSEO DE LOS ORÍGENES. OBRAS DE ACCESIBILIDAD Y EFICIENCIA ENERGETICA,,19978.6,10227.94
2019,X10,Cultura,IFS-PANELES FOTOVOLTAICOS EN LA BIBLIOTECA IVÁN DE VARGAS. INSTALACIÓN,,17996.67,16003.56
2019,X10,Cultura,IFS-PABELLÓN BONAPARTE.ADECUACION,,38118.18,37948.1
2019,X10,Cultura,IFS-BIBLIOTECA ANA MARÍA MATUTE. OBRAS EFICIENCIA ENERGÉTICA Y ACCESIBILIDAD,,49986.95,48772.52
2019,X10,Cultura,IFS-PANELES FOTOVOLTAICOS EN LA BIBLIOTECA ANGEL GÓNZALEZ. INSTALACIÓN,,91450.09,88275.19
2019,X10,Cultura,PLACAS CONMEMORATIVAS EN EL DISTRITO CENTRO,,441.0,441.0
2019,X10,Cultura,IFS-CENTRO CULTURAL PUERTA DE TOLEDO. INSTALACIONES DE CLIMATIZACIÓN Y REPARACIÓN HUMEDADES,,25594.7,25594.55
2019,X10,Cultura,IFS-CENTRO SOCIOCULTURAL CLARA DEL REY. ADAPTACIÓN INSTALACIÓN ELÉCTRICA,,29360.29,29360.29
2019,X10,Cultura,IFS-DEPORTIVO BÁSICO CASINO DE LA REINA. ADECUACIÓN DE ESCENARIO DEL ANFITEATRO (ID: 3093),,59999.31,59999.31
2019,X10,Cultura,MEMORIAL A HOMBRES Y MUJERES DE MADRID DEPORTADOS A CAMPOS CONCENTRACIÓN NAZIS,,300000.0,
2019,X10,Cultura,"CUADROS Y PLACAS DE ALCALDES DE MADRID EN PLAZA DE LA VILLA, 4",,40000.0,
2019,X10,Cultura,CENTRO CÍVICO Y CULTURAL ESPACIO MALASAÑA. ADAPTACIÓN 3ª A  PLANTA C/SAN BERNARDO 68 (ID: 3219),,209000.0,208960.07
2019,X10,Cultura,CUARTEL CONDE DUQUE. ADECUACIÓN ESPACIOS SEGUNDA PLANTA,,48570.19,36660.18
2019,X10,Cultura,IFS-TEATRO VALLE INCLÁN. SUBSANACIÓN DE PATOLOGÍAS FACHADA,,500000.0,
2019,X10,Cultura,"HEMEROTECA MUNICIPAL, C/ CONDE DUQUE, 11. ADOPCIÓN MEDIDAS DE SEGURIDAD",,28550.59,
2019,X10,Cultura,IFS-EQUIPAMIENTO BIBLIOTECA MUSICAL VÍCTOR ESPINÓS,,4000.0,3769.96
2019,X10,Cultura,IFS-EQUIPAMIENTO HEMEROTECA MUNICIPAL,,9000.0,8711.36
2019,X10,Cultura,IFS-ADQUISICIÓN DE ESCÁNER PARA LA BIBLIOTECA DIGITAL,,16000.0,15185.5
2019,X10,Cultura,IFS-BIBLIOTECA DIGITAL. ADQUISICIÓN EQUIPO DE PROCESO DE DATOS,,30000.0,
2019,X10,Cultura,BIBLIOTECA TÉCNICA DE APOYO AL ESTUDIO Y LA INVESTIGACIÓN. SEÑALIZACIÓN,,478.49,478.49
2019,X10,Cultura,BIBLIOTECA MUSICAL VÍCTOR ESPINÓS. RESTAURACIÓN INSTRUMENTOS MUSICALES,,11000.0,9240.88
2019,X10,Cultura,IFS-BIBLIOTECA MUSICAL VÍCTOR ESPINÓS: ADQUISICIÓN INSTRUMENTOS MUSICALES,,18000.0,17951.49
2019,X10,Cultura,BIBLIOTECA DIGITAL: MEJORAS SISTEMA DE GESTIÓN,,7100.0,
2019,X10,Cultura,BIBLIOTECA DIGITAL. PLATAFORMA MEMORIADEMADRID,,5500.0,5275.6
2019,X10,Cultura,IFS-EQUIPAMIENTO ARCHIVO DE LA VILLA,,11000.0,10732.39
2019,X10,Cultura,IFS-MUSEO DE SAN ISIDRO. MONITORIZACIÓN CONDICIONES AMBIENTALES DE SALAS,,61000.0,
2019,X10,Cultura,MUSEO DE HISTORIA. RENOVACIÓN MUSEOGRAFÍA BELÉN NAPOLITANO Y CORRAL COMEDIAS PRÍNCIPE,,14822.5,14822.5
2019,X10,Cultura,CITAS LITERARIAS DE ESCRITORAS EN EL BARRIO DE LAS LETRAS (ID: 709),,58949.0,15843.25
2019,X10,Cultura,IFS-INTERVENCIÓN CON VIDRIO EN EL MURO MEDIANERO DE LA PZA.SANTA MARÍA DE LA SOLEDAD TORRES ACOSTA,,48158.0,
2019,X10,Cultura,IFS-MURALLA ISLÁMICA. INSTALACIÓN DE SOPORTES INFORMATIVOS,,18150.0,1969.88
2019,X10,Cultura,ESUELAS PÍAS DE SAN FERNANDO.OBRAS DE CONSOLIDACIÓN,,19650.0,19613.89
2019,X10,Cultura,MURALLA EN LA CALLE BAILÉN. OBRAS DE RESTAURACIÓN,,8000.0,7939.04
2019,X10,Cultura,IFS-CERRAMIENTO CASINO DE LA REINA. RESTAURACION,,48400.0,
2019,X10,Cultura,"IFS-MURALLA CRISTIANA, C/ ALMENDRO 15-17. REPARACIÓN VERJA",,48400.0,
2019,X10,Cultura,IFS-MURALLA CALLE BAILEN. ACONDICIONAMIENTO,,48400.0,
2019,X10,Cultura,CENTRO CULTURAL CONDE DUQUE. ARCO DETECTOR DE METALES,,4600.0,
2019,X10,Cultura,CENTRO CULTURAL CONDE DUQUE. EQUIPO DE INSPECCIÓN PARA CONTRAL DE ACCESOS (ESCÁNER),,21175.0,
2019,X10,Cultura,PABELLÓN BONAPARTE.ADECUACION,,3850.0,2017.2
2019,X10,Cultura,IMPRENTA MUNICIPAL-ARTES DEL LIBRO. ADECUACIÓN SISTEMA CLIMATIZACIÓN,,15000.0,
2019,X10,Cultura,CUARTEL CONDE DUQUE. ADECUACIÓN RED SANEAMIENTO CAMERINOS,,24553.08,24493.58
2019,X10,Cultura,MUSEO DE ARTE CONTEMPORÁNEO. OBRAS DE ACONDICIONAMIENTO,,18150.0,18056.71
2019,X10,Cultura,CUARTEL CONDE DUQUE. ADECUACIÓN ALUMBRADO EMERGENCIA EN SALÓN DE ACTOS,,23846.92,23846.92
2019,X10,Cultura,PLACAS CONMEMORATIVAS DISTRITO CENTRO,,1000.0,707.85
2019,X10,Cultura,IFS-CENTRO SOCIOCULTURAL LAVAPIÉS. ADECUACIÓN SALÓN DE ACTOS Y ADECUACIÓN ESPACIOS,,80000.0,
2019,X10,Cultura,IFS-BIBLIOTECA PÚBLICA BARCELÓ. MEJORA CARPINTERÍA Y OTROS,,48500.0,
2019,X10,Cultura,"IFS-CENTRO CULTURAL PUERTA DE TOLEDO. ADECUACIÓN ILUMINACIÓN, CARPINTERÍA Y SALÓN DE ACTOS",,120000.0,
2019,X01,Protección Civil y seguridad ciudadana,,,332863.71,47403.04
2019,X01,Protección Civil y seguridad ciudadana,"IFS-PARQUE DE BOMBEROS Nº 6, CENTRO. ADECUACIÓN CLIMATIZACIÓN, LÍNEA DE VIDA Y OTROS",,48363.71,47403.04
2019,X01,Protección Civil y seguridad ciudadana,IFS-ACTUALIZACIÓN CÁMARAS DOMO POLICÍA MUNICIPAL CALLE MONTERA,,66500.0,
2019,X01,Protección Civil y seguridad ciudadana,IFS-CAMBIO DE CÁMARAS POLICÍA MUNICIPAL EN LAVAPIES,,168000.0,
2019,X01,Protección Civil y seguridad ciudadana,IFS-MIGRACION PARCIAL RED WIFI POLICÍA MUNICIPAL LAVAPIÉS A RED CABLEADA,,50000.0,
2019,X09,Medio ambiente,,,1830750.5,1194192.28
2019,X09,Medio ambiente,FUENTES DE AGUA POTABLE EN EL DISTRITO CENTRO. INSTALACIÓN (ID: 73),,236694.0,115165.84
2019,X09,Medio ambiente,JARDINES DE SABATINI. REMODELACIÓN,,30785.23,30785.23
2019,X09,Medio ambiente,ACONDICIONAMIENTO PARCELAS PARA HUERTOS URBANOS DISTRITO CENTRO,,503.55,503.55
2019,X09,Medio ambiente,IFS-PLAZA DEL DOS DE MAYO. REHABILITACIÓN,,195637.36,156426.13
2019,X09,Medio ambiente,IFS-PARQUE DE LA CORNISA. DRENAJE Y ADECUACIÓN ESPACIOS ZONA INFANTIL,,29534.15,27722.34
2019,X09,Medio ambiente,IFS-PLAZA VILLA DE PARÍS. REMODELACIÓN PARA SOLUCIONES CANINAS (ID: 89),,18997.08,17402.66
2019,X09,Medio ambiente,IFS-PLAZOLETA SAN GREGORIO. RENATURALIZACIÓN Y AMPLIACIÓN ZONA INFANTIL (ID: 727),,49222.87,46143.61
2019,X09,Medio ambiente,DIVERSAS ZONAS AJARDINADAS DEL DISTRITO DE CENTRO. AUTOMATIZACIÓN DE RIEGOS,,238329.71,154662.26
2019,X09,Medio ambiente,PARQUE CASINO DE LA REINA. REMODELACIÓN,,646046.55,645380.66
2019,X09,Medio ambiente,IFS-JARDINES CONDE DUQUE. ADECUACIÓN,,275000.0,
2019,X09,Medio ambiente,IFS-ESPACIOS VERDES EN EL DISTRITO CENTRO. ADECUACIÓN (ID: 12014),,110000.0,
2019,X08,Mantenimiento urbano,,,3282047.47,938663.14
2019,X08,Mantenimiento urbano,PAVIMENTACIÓN CALZADAS BARRIOS EN DISTRITO CENTRO. FASE I,,716.05,716.05
2019,X08,Mantenimiento urbano,HIDRANTES DISTRITO DE CENTRO. INSTALACIÓN,,5751.88,5751.88
2019,X08,Mantenimiento urbano,IFS-MEJORA DE LA EFICIENCIA LUMÍNICA EN LA  PLAZA MAYOR,,700000.0,
2019,X08,Mantenimiento urbano,IFS-PLAZAS DE NELSON MANDELA Y LA CORRALA. REMODELACIÓN Y ARBOLADO (ID17: 4387),,225280.92,61172.1
2019,X08,Mantenimiento urbano,IFS-C/ PALMA Y C/ SAN VICENTE FERRER. REMODELACIÓN,,562725.12,451826.68
2019,X08,Mantenimiento urbano,IFS-PLAZA DE LAVAPIÉS. OBRAS DE REMODELACIÓN (ID: 1422),,514013.29,412836.22
2019,X08,Mantenimiento urbano,IFS-MERCADO DEL RASTRO. SEÑALIZACIÓN INFORMATIVA Y TURÍSTICO-CULTURAL.,,6360.21,6360.21
2019,X08,Mantenimiento urbano,APARCABICICLETAS EN EL DISTRITO CENTRO. INSTALACIÓN (ID: 2902),,7200.0,
2019,X08,Mantenimiento urbano,IFS-ENTORNO DE CENTROS EDUCATIVOS DISTRITO CENTRO. MEJORA MOVILIDAD Y SEGURIDAD VIAL,,370000.0,
2019,X08,Mantenimiento urbano,"IFS-MEJORA ACCESOS Y SEGURIDAD EN C/ YESEROS, ENTRE BAILÉN Y VISTILLAS",,200000.0,
2019,X08,Mantenimiento urbano,"IFS-ASFALTADO Y RENOVACIÓN DE ACERAS EN LAVAPIES, ENTORNO CALLE SANTA ISABEL (ID: 10675)",,330000.0,
2019,X08,Mantenimiento urbano,IFS-PLAZA DE TIRSO DE MOLINA. AJARDINAMIENTO Y ADECUACIÓN INSTALACIONES INFANTILES (ID: 11420),,110000.0,
2019,X08,Mantenimiento urbano,IFS-ZONAS INFANTILES EN PLAZAS DEL DISTRITO CENTRO. INSTALACIÓN,,250000.0,
2019,X03,Protección y promoción social,,,1292449.71,396652.06
2019,X03,Protección y promoción social,EQUIPAMIENTO CENTRO DE SERVICIOS SOCIALES PUERTA DE TOLEDO,,197.33,197.33
2019,X03,Protección y promoción social,EQUIPAMIENTO CENTRO DE SERVICIOS SOCIALES MARAVILLAS,,1459.7,1459.7
2019,X03,Protección y promoción social,"CONSEJO DE MUJERES, C/ SEÑORES DE LUZÓN, 3 - 2º PISO. INSTALACIONES",,3682.03,3682.03
2019,X03,Protección y promoción social,"IFS-ESPACIO DE ENCUENTRO FEMINISTA C/RIBERA CURTIDORES,2.ADQUISICIÓN MOBILIARIO DE OFICINA",,10743.8,10064.78
2019,X03,Protección y promoción social,"IFS-ESPACIO DE ENCUENTRO FEMINISTA C/RIBERA CURTIDORES, 2. ADQUISICIÓN OTRO MOBILIARIO",,10000.0,9578.36
2019,X03,Protección y promoción social,EQUIPAMIENTO CENTRO DE MAYORES ANTÓN MARTÍN,,1135.94,1135.94
2019,X03,Protección y promoción social,EQUIPAMIENTO CENTRO SOCIAL COMUNITARIO CASINO DE LA REINA,,3163.03,3163.03
2019,X03,Protección y promoción social,IFS-CENTRO DÍA DE ALZHEIMER CARMEN CONDE. REPOSICIÓN INSTALACIONES DE CLIMATIZACIÓN Y OTRAS,,59655.55,59655.55
2019,X03,Protección y promoción social,IFS-CENTRO DE MAYORES DOS AMIGOS. REPOSICIÓN INSTALACIONES DE CLIMATIZACIÓN Y OTRAS,,59430.14,59430.14
2019,X03,Protección y promoción social,"IFS-CENTRO SOCIAL COMUNITARIO Y GUARDERÍA CASINO REINA.CALDERA, HUMEDADES, AISLAMIENTO Y OTRAS",,59971.93,59971.93
2019,X03,Protección y promoción social,"IFS-CENTRO DE DÍA Y MAYORES CASINO DE LA REINA.PROTECCIÓN CONTRA INCENDIOS,ACCESIBILIDAD Y OTRAS",,59657.37,59657.37
2019,X03,Protección y promoción social,"IFS-CENTRO COMUNITARIO PLAZA DOS DE MAYO, 1. ADECUACIÓN CONDICIONES DE ACCESIBILIDAD",,7489.9,5242.93
2019,X03,Protección y promoción social,IFS-CENTRO DE MAYORES BENITO MARTÍN LOZANO. ACONDICIONAMIENTO COCINA,,39949.37,39949.37
2019,X03,Protección y promoción social,"CENTRO FORMACIÓN OCUPACIONAL DE HOSTELERÍA, C/JERTE,3. ADAPTACIÓN ACCESIBILIDAD",,524.8,524.8
2019,X03,Protección y promoción social,EQUIPAMIENTO CENTROS DE SERVICIOS SOCIALES DISTRITO CENTRO,,2240.56,
2019,X03,Protección y promoción social,EQUIPAMIENTO CENTRO DE MAYORES SAN FRANCISCO,,1278.84,1278.84
2019,X03,Protección y promoción social,EQUIPAMIENTO CENTRO DE MAYORES BENITO MARTÍN LOZANO,,14524.6,14524.6
2019,X03,Protección y promoción social,IFS-CENTROS DE DÍA Y MAYORES DISTRITO CENTRO. SEÑALIZACIÓN,,50000.0,
2019,X03,Protección y promoción social,CENTROS SERVICIOS SOCIALES DISTRITO CENTRO. SISTEMAS ALARMAS ANTI-AGRESIÓN,,3.89,
2019,X03,Protección y promoción social,CENTRO SERVICIOS SOCIALES PUERTA DE TOLEDO. SISTEMAS ALARMAS ANTI-AGRESIÓN,,4712.16,4712.16
2019,X03,Protección y promoción social,CENTRO SERVICIOS SOCIALES MARAVILLAS. SISTEMAS ALARMAS ANTI-AGRESIÓN,,9079.94,9079.94
2019,X03,Protección y promoción social,CENTRO SOCIAL COMUNITARIO CASINO DE LA REINA. SISTEMAS ALARMAS ANTI-AGRESIÓN,,7304.01,7304.01
2019,X03,Protección y promoción social,"ESPACIO DE ENCUENTRO FEMINISTA C/ RIBERA DE CURTIDORES, 2. OBRAS DE ADECUACIÓN",,21344.18,21344.18
2019,X03,Protección y promoción social,CENTRO COMUNITARIO PLAZA DOS DE MAYO. ADECUACIÓN CONDICIONES DE ACCESIBILIDAD,,47052.29,19381.96
2019,X03,Protección y promoción social,IFS-CENTRO DÍA ALZHEIMER CARMEN CONDE. REPARACIÓN HUMEDADES Y OTROS,,94000.0,
2019,X03,Protección y promoción social,IFS-CENTRO SERVICIOS SOCIALES MARAVILLAS. OBRAS DE ADECUACIÓN,,120000.0,
2019,X03,Protección y promoción social,"IFS-CENTRO DE MAYORES ANTÓN MARTÍN. ADECUACIÓN COMEDOR, PATIO Y OTRAS",,45000.0,
2019,X03,Protección y promoción social,IFS-CENTRO DE MAYORES DOS AMIGOS. ACONDICIONAMIENTO SALAS COMUNES Y SALA DE PINTURA,,40000.0,
2019,X03,Protección y promoción social,IFS-CENTRO DE MAYORES BENITO MARTÍN LOZANO. ADECUACIÓN CLIMATIZACIÓN,,80000.0,
2019,X03,Protección y promoción social,"IFS-ALOJAMIENTOS TUTELADOS C/ JERTE, 1. MEJORA INSTALACIÓN CLIMATIZACIÓN Y OTROS",,81000.0,
2019,X03,Protección y promoción social,IFS-CENTRO DE MAYORES SAN FRANCISCO. REPARACIÓN DE HUMEDADES Y OTROS,,60000.0,
2019,X03,Protección y promoción social,IFS-CENTRO SERVICIOS SOCIALES PUERTA DE TOLEDO.ADECUACIÓN CLIMATIZACIÓN Y MEDIDAS CONTRA INCENDIOS,,100000.0,
2019,X03,Protección y promoción social,IFS-CENTRO SOCIAL COMUNITARIO Y GUARDERÍA CASINO DE LA REINA.ADECUACIÓN DEL CENTRO Y LA CASITA,,42000.0,
2019,X03,Protección y promoción social,IFS-CENTRO DE DÍA Y MAYORES CASINO DE LA REINA. ADECUACIÓN INSTALACIÓN ELÉCTRICA Y SOLADOS,,60000.0,
2019,X03,Protección y promoción social,"IFS-CENTRO ATENCIÓN A LA INFANCIA Nº 1. REPARACIÓN HUMEDADES, ASEO MINUSVÁLIDOS Y LUMINARIAS",,45000.0,
2019,X03,Protección y promoción social,IFS-CENTRO DE DÍA ESCUELAS DE SAN ANTÓN. ADECUCIÓN SISTEMAS SEGURIDAD Y CALEFACCIÓN,,44000.0,
2019,X03,Protección y promoción social,"CF JERTE. ADQUISICION TV, PROYECTOR, ALTAVOCES Y CAJA DE CONEXION",,1535.24,
2019,X03,Protección y promoción social,"CENTRO DE FORMACIÓN OCUPACIONAL DE HOSTELERÍA, C/ JERTE., 3. AQUISICIÓN PAE",,5313.11,5313.11
2019,X05,Educación,,,4392973.45,2326720.68
2019,X05,Educación,EQUIPAMIENTO ESCUELA INFANTIL LA PALOMA,,13000.0,12905.74
2019,X05,Educación,OTRO EQUIPAMIENTO ESCUELA INFANTIL LA PALOMA,,256.83,256.83
2019,X05,Educación,RESIDENCIA INTERNADO SAN ILDEFONSO. MOBILIARIO Y ENSERES,,40000.0,39822.63
2019,X05,Educación,ESCUELA INFANTIL LA PALOMA. MATERIAL DIDÁCTICO,,11500.0,4353.58
2019,X05,Educación,OBRAS DE CONSERVACIÓN CENTROS DOCENTES DE ENSEÑANZA DISTRITO DE CENTRO,,141474.82,
2019,X05,Educación,OTRO EQUIPAMIENTO ESCUELA INFANTIL EL OLIVAR,,104.45,104.45
2019,X05,Educación,OTRO EQUIPAMIENTO ESCUELA INFANTIL RODAS,,40106.08,36106.4
2019,X05,Educación,EQUIPAMIENTO ESCUELA DE MÚSICA Y DANZA DEL DISTRITO DE CENTRO,,71287.63,61124.46
2019,X05,Educación,"IFS-ESCUELA INFANTIL C/ RODAS, 20-22. CONSTRUCCIÓN",,1844618.82,1046304.17
2019,X05,Educación,IFS-ESCUELA INFANTIL NUESTRA SEÑORA DE LA PALOMA. REHABILITACIÓN INSTALACIONES Y PATIOS,,291337.88,291323.05
2019,X05,Educación,OTRO EQUIPAMIENTO ESCUELA INFANTIL EL DUENDE,,104.45,104.45
2019,X05,Educación,OTRO EQUIPAMIENTO ESCUELA INFANTIL ESCUELAS DE SAN ANTÓN,,52.22,52.22
2019,X05,Educación,OTRO EQUIPAMIENTO ESCUELA INFANTIL OSA MENOR,,104.49,104.49
2019,X05,Educación,IFS-RESIDENCIA INTERNADO SAN ILDEFONSO. MOBILIARIO Y ENSERES,,18000.0,6055.55
2019,X05,Educación,ESCUELA MUNICIPAL DE ARTE DRAMÁTICO. MATERIAL AUDIOVISUAL,,3550.0,2870.49
2019,X05,Educación,COLEGIO PÚBLICO PALACIO VALDÉS. ADECUACIÓN ELEMENTOS CONTRA INCENDIOS Y LUMINARIAS,,103441.34,103441.33
2019,X05,Educación,COLEGIO PÚBLICO NUESTRA SEÑORA DE LA PALOMA. OBRAS MEJORA PAVIMENTACIÓN Y HUMEDADES,,90296.44,90296.44
2019,X05,Educación,"COLEGIO PÚBLICO EMILIA PARDO BAZÁN. OBRAS MEJORA ILUMINACIÓN, HUMEDADES Y OTRAS",,75322.25,75322.25
2019,X05,Educación,COLEGIO PÚBLICO PI Y MARGALL. MEJORA PATIO INTERIOR Y CUBIERTA,,72988.31,72988.3
2019,X05,Educación,"ESCUELA INFANTIL NUESTRA SEÑORA DE LA PALOMA. ADECUACIÓN COCINA, VESTUARIOS Y LAVANDERÍA",,29443.35,29443.35
2019,X05,Educación,"COLEGIO PÚBLICO SAN ILDEFONSO. ADECUACIÓN FACHADAS, BAÑOS Y MEJORA EFICIENCIA ENERGÉTICA",,168178.92,164601.11
2019,X05,Educación,"RESIDENCIA INTERNADO SAN ILDEFONSO. MEJORA EFICIENCIA ENERGÉTICA, FACHADAS Y BAÑOS",,61824.01,59744.44
2019,X05,Educación,"COLEGIO PÚBLICO VÁZQUEZ DE MELLA. ADECUACIÓN SOLADOS, ASEO PATIO Y OTRAS",,103557.9,103557.9
2019,X05,Educación,COLEGIO PÚBLICO ANTONIO MORENO ROSALES. OBRAS DE CONSERVACIÓN Y MEJORA,,318023.26,46478.2
2019,X05,Educación,ESCUELA DE MÚSICA Y DANZA MARÍA DOLORES PRADERA. ADECUACIÓN,,79400.0,79358.85
2019,X05,Educación,"IFS-COLEGIO PÚBLICO ISABEL LA CATÓLICA.ADECUACIÓN PAVIMENTO COCINA, TERRAZAS PLANTA BAJA Y OTRAS",,50000.0,
2019,X05,Educación,"IFS-COLEGIO PÚBLICO PALACIO VALDÉS.ADECUACIÓN CASA DEL CONSERJE, FACHADA EXTERIOR Y SEGURIDAD",,400000.0,
2019,X05,Educación,IFS-ESCUELA INFANTIL EL DUENDE. REPARACIÓN HUMEDADES Y OTROS,,15000.0,
2019,X05,Educación,"IFS-ESCUELA INFANTIL EL OLIVAR. MEJORA PATIO, SISTEMAS SEGURIDAD Y OTRAS",,30000.0,
2019,X05,Educación,IFS-ESCUELA INFANTIL OSA MENOR. REPARACIÓN HUMEDADES Y OTROS,,25000.0,
2019,X05,Educación,IFS-ESCUELA INFANTIL SAN ANTÓN. MEDIDAS CONTRA INCENDIOS Y ADECUACIÓN SÓTANO,,45000.0,
2019,X05,Educación,"IFS-COLEGIO PÚBLICO MORENO ROSALES. ADECUACIÓN FACHADA, PAVIMENTO Y OTRAS",,250000.0,
2019,X06,Urbanismo,,,16092005.49,8311561.77
2019,X06,Urbanismo,CALLE ATOCHA Y PLAZA DE JACINTO BENAVENTE. REURBANIZACIÓN,,2893870.38,2824495.99
2019,X06,Urbanismo,EJE VIARIO C/ MAGDALENA-DUQUE DE ALBA-SAN MILLAN-PZA. CEBADA Y OTROS. REURBANIZACIÓN,,414851.87,
2019,X06,Urbanismo,CALLE DEL ÁLAMO Y AMANIEL (ENTORNO CONDE DUQUE). REURBANIZACIÓN,,318678.9,318678.9
2019,X06,Urbanismo,GRAN VÍA. AMPLIACIÓN DE ACERAS,,1066612.75,1066398.07
2019,X06,Urbanismo,"IFS-CARRERA DE SAN JERÓNIMO, CEDACEROS, ARLABAN Y VIRGEN DE LOS PELIGROS. REMODELACIÓN",,2870935.92,
2019,X06,Urbanismo,IFS-PLAZA DE PEDRO ZEROLO . REURBANIZACIÓN,,3292601.35,
2019,X06,Urbanismo,IFS-EJE VIARIO C/ MAGDALENA-DUQUE DE ALBA-SAN MILLAN-PZA. CEBADA Y OTROS. REURBANIZACIÓN,,3132381.4,3054354.65
2019,X06,Urbanismo,IFS-CALLE DEL ÁLAMO Y AMANIEL (ENTORNO CONDE DUQUE). REURBANIZACIÓN,,2087444.82,1047634.16
2019,X06,Urbanismo,PLAZA CAMPILLO MUNDO NUEVO. 2 C/V.MIRA EL SOL. OBRAS ACCESORIAS DE URBANIZACIÓN,,14628.1,
2019,X11,"Deportes, juventud y esparcimiento",,,2737444.87,777012.18
2019,X11,"Deportes, juventud y esparcimiento","CENTRO DEPORTIVO C/COSTANILLA DESAMPARADOS, 15 C/V A C/FÚCAR, 6. CONSTRUCCIÓN",,100000.0,52073.63
2019,X11,"Deportes, juventud y esparcimiento",CENTRO DEPORTIVO LA CEBADA. CONSTRUCCIÓN,,1919081.47,349999.87
2019,X11,"Deportes, juventud y esparcimiento",IFS-PLAZA SOLEDAD TORRES ACOSTA. ADECUACIÓN ZONA DEPORTIVA,,129974.18,129974.18
2019,X11,"Deportes, juventud y esparcimiento","IFS-PISTA DEPORTIVA C/ EMBAJADORES, 18. OBRAS DE ADECUACIÓN",,3549.4,3549.4
2019,X11,"Deportes, juventud y esparcimiento",IFS-DEPORTIVO BÁSICO CASINO DE LA REINA. OBRAS DE REHABILITACIÓN,,221510.82,188102.72
2019,X11,"Deportes, juventud y esparcimiento",IFS-CENTRO DEPORTIVO S.JUAN BAUTISTA.IMPLANTACIÓN PANELES TÉRMICOS Y FOTOVOLTÁICOS (ID:9331),,210000.0,
2019,X11,"Deportes, juventud y esparcimiento",OBRAS DE CONSERVACIÓN INSTALACIONES DEPORTIVAS DISTRITO DE CENTRO,,2516.62,
2019,X11,"Deportes, juventud y esparcimiento",CENTRO DEPORTIVO ESCUELAS DE SAN ANTÓN. ADECUACIÓN CALDERA,,53312.38,53312.38
2019,X11,"Deportes, juventud y esparcimiento",IFS-CENTRO DEPORTIVO ESCUELAS PÍAS. MEJORA EFICIENCIA ENERGÉTICA,,40000.0,
2019,X11,"Deportes, juventud y esparcimiento",IFS-DEPORTIVO BÁSICO NUESTRA SEÑORA DE LA PALOMA. REPARACIÓN HUMEDADES Y OTROS,,40000.0,
2019,X11,"Deportes, juventud y esparcimiento",IFS-CENTRO DE OCIO PARA ADOLESCENTES DON DE MARÍA. MEJORA CERRAMIENTOS Y CERRAJERÍA,,17500.0,
2019,X12,Otros bienes públicos de carácter social,,,119191.9,108539.61
2019,X12,Otros bienes públicos de carácter social,"LOCALES PÚBLICOS VACÍOS, BIENES COMUNES EN RED, DISTRITO CENTRO. ADAPTACIÓN (ID: 5362)",,9065.88,
2019,X12,Otros bienes públicos de carácter social,EQUIPAMIENTO OFICINA ATENCIÓN AL CIUDADANO LÍNEA MADRID CENTRO,,2860.9,2860.9
2019,X12,Otros bienes públicos de carácter social,"LOCALES C/ TRIBULETE, 19. BIENES COMUNES EN RED. ADAPTACIÓN (ID 17: 5362)",,60117.91,58533.83
2019,X12,Otros bienes públicos de carácter social,"LOCAL CALLE AMPARO, 17, 19, 21. OBRAS DE ADAPTACIÓN EN RED (ID 17: 5362)",,47147.21,47144.88
2019,X04,Salud pública,,,439919.79,296571.59
2019,X04,Salud pública,IFS-EVACUATORIO PLAZA DE CIBELES. REHABILITACIÓN INTEGRAL,,114300.64,114300.63
2019,X04,Salud pública,"IFS-EVACUATORIO RASTRO. REHABILITACIÓN INSTALACIONES, SOLADOS Y OTRAS",,29990.25,29990.25
2019,X04,Salud pública,IFS-CASA DE BAÑOS EMBAJADORES. INSTALACIONES CLIMATIZACIÓN Y AGUA CALIENTE SANITARIA,,54293.12,54293.12
2019,X04,Salud pública,"IFS-CASA DE  BAÑOS EMBAJADORES. ADECUACIÓN CLIMATIZACIÓN, AGUA CALIENTE SANITARIA Y ASEOS",,178000.0,39159.28
2019,X04,Salud pública,CENTRO MUNICIPAL DE SALUD COMUNITARIA DE CENTRO. ADQUISICIÓN MAQUINARIA,,188.0,188.0
2019,X04,Salud pública,"EQUIPAMIENTO CENTRO MUNICIPAL DE SALUD JOVEN, C/ NAVAS DE TOLOSA, 10",,3129.86,3129.86
2019,X04,Salud pública,CENTRO MADRID SALUD COMUNITARIA CENTRO. INSTALACIONES TÉCNICAS,,11617.92,11617.92
2019,X04,Salud pública,IFS-CENTRO MADRID SALUD CENTRO. OBRAS DE REFORMA,,48400.0,43892.53
2019,X02,"Tráfico, estacionamiento y transporte público",,,320843.04,320842.86
2019,X02,"Tráfico, estacionamiento y transporte público",PANELES VIALES PERIFÉRICOS ÁREA CENTRAL CERO EMISIONES,,320843.04,320842.86
2019,X07,Infraestructuras,,,7912349.0,
2019,X07,Infraestructuras,IFS-VIADUCTO DE BAILEN. RENOVACION APOYOS DEL TABLERO SOBRE  LOS ARCOS,,1000000.0,
2019,X07,Infraestructuras,APARCAMIENTO SANTO DOMINGO. CONSTRUCCIÓN,,321534.0,
2019,X07,Infraestructuras,IFS-APARCAMIENTO EN LA PLAZA DE SANTO DOMINGO. CONSTRUCCIÓN,,6590815.0,
2020,X00,Inversiones de carácter general,,,3641536.28,3544250.59
2020,X00,Inversiones de carácter general,"IFS-EDIFICIO C/ BARQUILLO, 17. REFORMA DE GARAJE E INSTALACIONES VARIAS",,190069.38,190017.95
2020,X00,Inversiones de carácter general,"EDIFICIO CALLE MAYOR, 71. ADECUACIÃN ASCENSOR",,11200.0,11132.0
2020,X00,Inversiones de carácter general,"EDIFICIO C/ MAYOR, 69. ADECUACIÃN SISTEMA PROTECCIÃN CONTRA INCENDIOS",,2500.0,2328.39
2020,X00,Inversiones de carácter general,"EDIFICIO CALLE MAYOR, 69. SEÃALIZACIÃN",,3238.1,2816.88
2020,X00,Inversiones de carácter general,"EDIFICIO CALLE LUNA, 32. ADOPCIÃN MEDIDAS DE SEGURIDAD",,21125.44,21125.44
2020,X00,Inversiones de carácter general,EDIFICIOS ÃREA DE HACIENDA Y PERSONAL. CARTELES PARA FACHADAS,,7000.0,
2020,X00,Inversiones de carácter general,"EDIFICIO PLAZA DE LA VILLA, 5. REDISTRIBUCIÃN DE ESPACIOS Y ACONDICIONAMIENTO INTERIOR",,29174.31,29096.58
2020,X00,Inversiones de carácter general,"CASA DE CISNEROS. PLAZA DE LA VILLA, 4. SUBSANACIÃN PATOLOGÃAS EN EL ARTESONADO",,250477.3,250457.66
2020,X00,Inversiones de carácter general,"EDIFICIO PÂº DEL PRADO, 30. ADECUACIÃN CARPINTERÃA EXTERIOR",,15514.93,15514.93
2020,X00,Inversiones de carácter general,"EDIFICIO C/ ALCALÃ, 45. REFORMA DE CLIMATIZACIÃN E INSTALACIONES",,76982.6,76982.6
2020,X00,Inversiones de carácter general,"EDIFICIO C/ BARQUILLO, 17. REFORMA DE GARAJE E INSTALACIONES VARIAS",,20027.01,20027.01
2020,X00,Inversiones de carácter general,"EDIFICIO C/ ALCALÃ, 45. REFORMA CLIMATIZACIÃN Y LUMINARIA EMERGENCIAS PLANTAS 6Âª Y 7Âª",,57651.89,57651.89
2020,X00,Inversiones de carácter general,"CASA DE CISNEROS, PLAZA DE LA VILLA, 4. OBRAS REFORMA DE CUBIERTA",,541345.21,533532.86
2020,X00,Inversiones de carácter general,"EDIFICIO C/ ALCALÃ, 45. ADECUACIÃN ESPACIOS",,196747.82,196744.35
2020,X00,Inversiones de carácter general,"LOCAL 3 C/ SACRAMENTO, 7. ADECUACIÃN DESPACHOS SINDICATOS",,188241.03,185430.95
2020,X00,Inversiones de carácter general,"EDIFICIO PLAZA DE LA VILLA, 5. INTERVENCIÃN Y ADECUACIÃN ARQUEOLÃGICA",,143290.23,143290.19
2020,X00,Inversiones de carácter general,"EDIFICIO C/ MAYOR, 71. IMPERMEABILIZACIÃN CUBIERTA",,27219.46,27219.46
2020,X00,Inversiones de carácter general,"EDIFICIO C/ ALCALÃ, 45. ADECUACIÃN CARPINTERÃA EXTERIOR",,46797.63,46797.63
2020,X00,Inversiones de carácter general,"EDIFICIO C/ MAYOR, 71. ADECUACIÃN SISTEMA CLIMATIZACIÃN",,133000.0,132918.62
2020,X00,Inversiones de carácter general,"EDIFICIO C/ SACRAMENTO, 7. ADECUACIÃN MURO Y RED DE SANEAMIENTO",,54845.04,34659.41
2020,X00,Inversiones de carácter general,"IFS-EDIFICIO C/ ALCALÃ, 45. REFORMA DE CLIMATIZACIÃN E INSTALACIONES",,799999.92,799997.54
2020,X00,Inversiones de carácter general,"IFS-EDIFICIO C/ ALCALÃ, 45. REFORMA CLIMATIZACIÃN Y LUMINARIA EMERGENCIAS PLANTAS 6Âª Y 7Âª",,698733.11,698733.06
2020,X00,Inversiones de carácter general,MAMPARAS PROTECTORAS EN PUESTOS DE TRABAJO DEL DISTRITO CENTRO. INSTALACIÃN,,7530.0,7527.41
2020,X00,Inversiones de carácter general,SERVICIOS ADMINISTRATIVOS DISTRITO CENTRO. MEDIDORES CO2 (DIÃXIDO DE CARBONO),,1500.0,
2020,X00,Inversiones de carácter general,OBRAS DE CONSERVACIÃN DE EDIFICIOS DISTRITO CENTRO,,21330.04,
2020,X00,Inversiones de carácter general,EDIFICIO SEDE DISTRITO CENTRO. ADECUACIÃN SOLADOS Y ADAPTACIÃN DESPACHOS,,55999.63,20251.58
2020,X00,Inversiones de carácter general,IFS-EDIFICIO SEDE DISTRITO CENTRO. ADECUACIÃN ESPACIOS E INSTALACIONES CLIMATIZACIÃN E INCENCIOS,,39996.2,39996.2
2020,X10,Cultura,,,3521957.04,2942382.7
2020,X10,Cultura,MUSEO DE HISTORIA DE MADRID. OBRAS DE ACONDICIONAMIENTO,,32600.0,
2020,X10,Cultura,EQUIPAMIENTO ARCHIVO DE VILLA,,36009.0,25403.95
2020,X10,Cultura,IFS-EQUIPAMIENTO MUSEO DE SAN ISIDRO,,6484.75,6484.75
2020,X10,Cultura,IFS-CERRAMIENTO CASINO DE LA REINA. RESTAURACION,,45639.65,45639.65
2020,X10,Cultura,CENTRO CULTURAL CONDE DUQUE. ARCO DETECTOR DE METALES,,4598.0,4598.0
2020,X10,Cultura,MEMORIAL ESCULTÃRICO POR LA CULTURA DEMOCRÃTICA Y EL RESPETO A LOS DERECHOS HUMANOS,,300000.0,
2020,X10,Cultura,CUADROS Y PLACAS DE ALCALDES EN PLAZA DE LA VILLA NÂº 4,,40000.0,39600.0
2020,X10,Cultura,"BIBLIOTECA HISTÃRICA MUNICIPAL. AMPLIACIÃN PATRIMONIO BIBLIOGRÃFICO ""COLECCIÃN MADRID""",,24000.0,19945.99
2020,X10,Cultura,BIBLIOTECA MUSICAL VÃCTOR ESPINÃS. ADQUISICIÃN INSTRUMENTOS Y PARTITURAS,,21000.0,5618.68
2020,X10,Cultura,HEMEROTECA MUNICIPAL. REPARACIÃN RAÃLES DE LAS ESTANTERÃAS,,13000.0,12903.43
2020,X10,Cultura,MUSEO HISTORIA. OLEOS PREPARATORIOS ZACARÃAS GONZÃLEZ PARA ORATORIO CABALLERO DE GRACIA,,80000.0,
2020,X10,Cultura,"MUSEO ARTE CONTEMPORÃNEO. ESCULTURA ALFREDO RODRÃGUEZ ""SIN TÃTULO""",,6534.0,6534.0
2020,X10,Cultura,MUSEO ARTE CONTEMPORÃNEO. OBRA DE PAULA GARCÃA-MASEDO,,3823.6,3823.6
2020,X10,Cultura,"MUSEO ARTE CONTEMPORÃNEO. OBRAS DE ANA BUENAVENTURA ""SIN TÃTULO""",,10000.0,10000.0
2020,X10,Cultura,"MUSEO ARTE CONTEMPORÃNEO. OBRA DE GABRIELA BETTINI ""EL PROCESO MURAL 4""",,4743.2,4743.2
2020,X10,Cultura,"MUSEO ARTE CONTEMPORÃNEO. OBRA DE MIREN DOIZ ""LA FORMA DADA X; VIII Y VI""",,4543.55,4543.55
2020,X10,Cultura,MUSEO DE HISTORIA DE MADRID. PROYECTOR WESTREX DEL ANTIGUO CINE RÃO DE VALLECAS,,1000.0,1000.0
2020,X10,Cultura,MUSEO DE SAN ISIDRO. OLEO SOBRE CINC DE HIPÃLITO GONZÃLEZ SOBRE SAN ISIDRO Y SUS MILAGROS,,15000.0,15000.0
2020,X10,Cultura,IMPRENTA MUNICIPAL-ARTES DEL LIBRO. XILOGRAFÃAS Y DIBUJOS MANUAL MESONERO ROMANOS,,12886.5,12886.5
2020,X10,Cultura,"MUSEO HISTORIA MADRID. LIBRO DE CARLOS LEBRUN, RETRATOS POLÃTICOS DE LA REVOLUCIÃN DE ESPAÃA",,1350.0,1350.0
2020,X10,Cultura,ESTANDARTE TERCIOPELO CON LA IMAGEN DE LA VIRGEN DE LA PALOMA PARA ACTOS CULTURALES,,6700.0,6655.0
2020,X10,Cultura,CENTRO CULTURAL CONDE DUQUE. EQUIPO DE INSPECCIÃN PARA CONTROL ACCESOS (ESCÃNER),,21114.5,
2020,X10,Cultura,IMPRENTA MUNICIPAL-ARTES DEL LIBRO. ADECUACIÃN SISTEMA CLIMATIZACIÃN,,22264.0,19481.0
2020,X10,Cultura,MUSEO DE SAN ISIDRO. OBRAS ADECUACIÃN PARA SOSTENIBILIDAD,,45000.0,
2020,X10,Cultura,CUARTEL CONDE DUQUE. ADECUACIÃN PROTECCIÃN CONTRA INCENDIOS,,63000.0,55546.56
2020,X10,Cultura,CUARTEL CONDE DUQUE. ADECUACIÃN INSTALACIÃN ELÃCTRICA E ILUMINACIÃN,,0.5,
2020,X10,Cultura,MUSEO DE ARTE CONTEMPORÃNEO. OBRAS DE ACONDICIONAMIENTO,,1600.0,
2020,X10,Cultura,CENTRO CULTURAL CONDE DUQUE. OBRAS ADAPTACIÃN SALA DE EXPOSICIONES,,25777.0,25776.28
2020,X10,Cultura,CENTRO CULTURAL CONDE DUQUE. OBRAS DE CONSOLIDACIÃN BÃVEDAS,,48400.0,47995.61
2020,X10,Cultura,CENTRO CULTURAL CONDE DUQUE. ADECUACIÃN BAJANTES Y CUBIERTAS,,48400.0,
2020,X10,Cultura,"IFS-MURALLA CRISTIANA, C/ ALMENDRO 15-17. REPARACIÃN VERJA",,48244.77,48244.77
2020,X10,Cultura,IFS- MURALLA CALLE BAILEN. ACONDICIONAMIENTO,,48394.29,48394.28
2020,X10,Cultura,"HEMEROTECA MUNICIPAL, C/ CONDE DUQUE, 11. ADOPCIÃN MEDIDAS DE SEGURIDAD",,428488.04,427268.03
2020,X10,Cultura,PEBETERO HOMENAJE A LAS VÃCTIMAS FALLECIDAS POR COVID. FABRICACIÃN E INSTALACIÃN,,149812.49,144292.58
2020,X10,Cultura,CENTRO CÃVICO Y CULTURAL ESPACIO MALASAÃA. ADAPTACIÃN 3Âª A  PLANTA C/SAN BERNARDO 68 (ID: 3219),,93445.46,93445.46
2020,X10,Cultura,CUARTEL CONDE DUQUE. ADECUACIÃN ESPACIOS SEGUNDA PLANTA,,1061030.87,1061028.42
2020,X10,Cultura,TEATRO VALLE INCLÃN. SUBSANACIÃN DE PATOLOGÃAS FACHADA,,3042.5,3042.5
2020,X10,Cultura,IFS-TEATRO VALLE INCLÃN. SUBSANACIÃN DE PATOLOGÃAS FACHADA,,499939.81,499939.81
2020,X10,Cultura,IFS-CENTRO SOCIOCULTURAL LAVAPIÃS. ADECUACIÃN SALÃN DE ACTOS Y ADECUACIÃN ESPACIOS,,78981.18,78045.12
2020,X10,Cultura,IFS-BIBLIOTECA PÃBLICA BARCELÃ. MEJORA CARPINTERÃA Y OTROS,,45273.15,43585.03
2020,X10,Cultura,"IFS-CENTRO CULTURAL PUERTA DE TOLEDO. ADECUACIÃN ILUMINACIÃN, CARPINTERÃA Y SALÃN DE ACTOS",,119836.23,119566.95
2020,X01,Protección Civil y seguridad ciudadana,,,320325.2,274546.31
2020,X01,Protección Civil y seguridad ciudadana,UNIDAD INTEGRAL POLICÃA MUNICIPAL CENTRO NORTE. ACONDICIONAMIENTO CARPINTERÃAS EXTERIORES,,50000.0,42504.6
2020,X01,Protección Civil y seguridad ciudadana,IFS-ACTUALIZACIÃN CÃMARAS DOMO POLICÃA MUNICIPAL CALLE MONTERA,,66500.0,53708.17
2020,X01,Protección Civil y seguridad ciudadana,IFS-CAMBIO DE CÃMARAS POLICÃA MUNICIPAL EN LAVAPIES,,168000.0,142737.99
2020,X01,Protección Civil y seguridad ciudadana,IFS-MIGRACION PARCIAL RED WIFI POLICÃA MUNICIPAL LAVAPIÃS A RED CABLEADA,,17675.2,17675.2
2020,X01,Protección Civil y seguridad ciudadana,PARQUE DE BOMBEROS NÂº 3. INSTALACIONES DE CALEFACCIÃN Y AGUA CALIENTE SANITARIA,,18150.0,17920.35
2020,X14,Sectores productivos,,,17020.0,15428.34
2020,X14,Sectores productivos,SEDE MADRID INVESTMENT ATTRACTION (MIA). INSTALACIÃN PUERTA DE VIDRIO TEMPLADO,,2500.0,2419.03
2020,X14,Sectores productivos,MADRID INTERNACIONAL LAB. ADQUISICIÃN SISTEMA DE AUDIO PORTÃTIL ESPECIALIZADO,,14520.0,13009.31
2020,X13,Otros bienes públicos de carácter económico,,,1500.0,
2020,X13,Otros bienes públicos de carácter económico,CENTRO INNOVACIÃN MADRID INTERNATIONAL LAB. INSTALACIONES CONTRA INCENDIOS,,1500.0,
2020,X09,Medio ambiente,,,1761276.09,493881.41
2020,X09,Medio ambiente,FUENTES DE AGUA POTABLE EN EL DISTRITO CENTRO. INSTALACIÃN,,383749.65,
2020,X09,Medio ambiente,FUENTES DE AGUA POTABLE EN EL DISTRITO CENTRO. INSTALACIÃN (ID: 73),,151684.78,76526.97
2020,X09,Medio ambiente,JARDINES DE SABATINI. REMODELACIÃN,,801680.53,
2020,X09,Medio ambiente,PLAZA VILLA DE PARÃS. VALLADO ZONA AJARDINADA,,44537.0,37759.89
2020,X09,Medio ambiente,IFS-JARDINES CONDE DUQUE. ADECUACIÃN,,271220.04,271214.4
2020,X09,Medio ambiente,IFS-ESPACIOS VERDES EN EL DISTRITO CENTRO. ADECUACIÃN (ID: 12014),,108404.09,108380.15
2020,X08,Mantenimiento urbano,,,826870.64,733159.31
2020,X08,Mantenimiento urbano,IFS-ENTORNO DE CENTROS EDUCATIVOS DISTRITO CENTRO. MEJORA MOVILIDAD Y SEGURIDAD VIAL,,352654.75,346433.03
2020,X08,Mantenimiento urbano,RECINTOS FERIALES DISTRITO CENTRO. OBRAS DE ACOMETIDA,,31000.0,30295.94
2020,X08,Mantenimiento urbano,"IFS-MEJORA ACCESOS Y SEGURIDAD EN C/ YESEROS, ENTRE BAILÃN Y VISTILLAS",,196522.45,196521.79
2020,X08,Mantenimiento urbano,PLAZAS DE NELSON MANDELA Y LA CORRALA. REMODELACIÃN Y ARBOLADO (ID17: 4387),,85905.47,
2020,X08,Mantenimiento urbano,IFS-PLAZA DE TIRSO DE MOLINA. AJARDINAMIENTO Y ADECUACIÃN INSTALACIONES INFANTILES (ID: 11420),,108509.68,107630.26
2020,X08,Mantenimiento urbano,IFS-ZONAS INFANTILES EN PLAZAS DEL DISTRITO CENTRO. INSTALACIÃN,,52278.29,52278.29
2020,X03,Protección y promoción social,,,708428.23,624723.71
2020,X03,Protección y promoción social,EQUIPAMIENTO CENTRAL SAMUR SOCIAL,,17768.85,16629.03
2020,X03,Protección y promoción social,EQUIPAMIENTO CENTRO DE SERVICIOS SOCIALES PUERTA DE TOLEDO,,4717.49,
2020,X03,Protección y promoción social,EQUIPAMIENTO CENTRO DE SERVICIOS SOCIALES MARAVILLAS,,923.23,
2020,X03,Protección y promoción social,EQUIPAMIENTO CENTRO SOCIAL COMUNITARIO CASINO DE LA REINA,,6156.48,
2020,X03,Protección y promoción social,EQUIPAMIENTO CENTRO DE MAYORES SAN FRANCISCO,,1930.07,
2020,X03,Protección y promoción social,IFS-CENTRO DE MAYORES DOS AMIGOS. ACONDICIONAMIENTO SALAS COMUNES Y SALA DE PINTURA,,32447.32,32238.9
2020,X03,Protección y promoción social,EQUIPAMIENTO CENTROS DE MAYORES Y SERVICIOS SOCIALES DISTRITO CENTRO,,607.23,
2020,X03,Protección y promoción social,EQUIPAMIENTO CENTRO DE DÃA DE MAYORES CASINO DE LA REINA,,665.5,
2020,X03,Protección y promoción social,IFS-CENTROS DE DÃA Y MAYORES DISTRITO CENTRO. SEÃALIZACIÃN,,15337.34,15337.34
2020,X03,Protección y promoción social,CENTROS SERVICIOS SOCIALES DISTRITO CENTRO. MEDIDORES CO2 (DIÃXIDO DE CARBONO),,3500.0,
2020,X03,Protección y promoción social,"CENTRO COMUNITARIO PLAZA DOS DE MAYO, 1. ADECUACIÃN CONDICIONES DE ACCESIBILIDAD",,2246.97,1872.48
2020,X03,Protección y promoción social,CENTRO COMUNITARIO PLAZA DOS DE MAYO. ADECUACIÃN CONDICIONES DE ACCESIBILIDAD,,27670.33,27670.33
2020,X03,Protección y promoción social,IFS-CENTRO DÃA ALZHEIMER CARMEN CONDE. REPARACIÃN HUMEDADES Y OTROS,,93999.84,93999.8
2020,X03,Protección y promoción social,IFS-CENTRO SERVICIOS SOCIALES MARAVILLAS. OBRAS DE ADECUACIÃN,,118224.53,118224.48
2020,X03,Protección y promoción social,"IFS-CENTRO DE MAYORES ANTÃN MARTÃN. ADECUACIÃN COMEDOR, PATIO Y OTRAS",,15087.77,15087.77
2020,X03,Protección y promoción social,IFS-CENTRO DE MAYORES BENITO MARTÃN LOZANO. ADECUACIÃN CLIMATIZACIÃN,,31927.45,31927.45
2020,X03,Protección y promoción social,"IFS-ALOJAMIENTOS TUTELADOS C/ JERTE, 1. MEJORA INSTALACIÃN CLIMATIZACIÃN Y OTROS",,56297.63,
2020,X03,Protección y promoción social,IFS-CENTRO DE MAYORES SAN FRANCISCO. REPARACIÃN DE HUMEDADES Y OTROS,,44552.88,44470.67
2020,X03,Protección y promoción social,IFS-CENTRO SERVICIOS SOCIALES PUERTA DE TOLEDO.ADECUACIÃN CLIMATIZACIÃN Y MEDIDAS CONTRA INCENDIOS,,75115.82,75115.77
2020,X03,Protección y promoción social,IFS-CENTRO SOCIAL COMUNITARIO Y GUARDERÃA CASINO DE LA REINA.ADECUACIÃN DEL CENTRO Y LA CASITA,,41951.98,41782.64
2020,X03,Protección y promoción social,IFS-CENTRO DE DÃA Y MAYORES CASINO DE LA REINA. ADECUACIÃN INSTALACIÃN ELÃCTRICA Y SOLADOS,,59973.52,56473.48
2020,X03,Protección y promoción social,"IFS-CENTRO ATENCIÃN A LA INFANCIA NÂº 1. REPARACIÃN HUMEDADES, ASEO MINUSVÃLIDOS Y LUMINARIAS",,24183.4,23452.68
2020,X03,Protección y promoción social,IFS-CENTRO DE DÃA ESCUELAS DE SAN ANTÃN. ADECUCIÃN SISTEMAS SEGURIDAD Y CALEFACCIÃN,,30440.89,30440.89
2020,X03,Protección y promoción social,"CENTRO DE FORMACIÃN JERTE, C/ JERTE, 3. ADQUISICIÃN EQUIPOS",,2701.71,
2020,X05,Educación,,,2731965.45,2423569.27
2020,X05,Educación,EQUIPAMIENTO RESIDENCIA INTERNADO SAN ILDEFONSO,,58000.0,43873.95
2020,X05,Educación,"EQUIPAMIENTO ESCUELA INFANTIL LA PALOMA, C/ TABERNILLAS, 2",,337.47,337.47
2020,X05,Educación,OTRO EQUIPAMIENTO ESCUELA INFANTIL RODAS,,3999.68,3999.68
2020,X05,Educación,"IFS-ESCUELA INFANTIL EL OLIVAR. MEJORA PATIO, SISTEMAS SEGURIDAD Y OTRAS",,17178.64,17176.68
2020,X05,Educación,"EQUIPAMIENTO ESCUELA INFANTIL RODAS, C/RODAS, 20",,1078.62,1078.62
2020,X05,Educación,EQUIPAMIENTO ESCUELA DE MÃSICA Y DANZA DEL DISTRITO DE CENTRO,,18960.18,18960.18
2020,X05,Educación,EQUIPAMIENTO ESCUELA DE MÃSICA Y DANZA MÂª DOLORES PRADERA,,1786.68,1786.68
2020,X05,Educación,ESCUELA MUNICIPAL DE ARTE DRAMÃTICO. INSTALACIÃN MAMPARAS DE PROTECCIÃN,,570.0,474.32
2020,X05,Educación,"ESCUELA INFANTIL C/ RODAS, 20-22. CONSTRUCCIÃN",,1207823.03,999821.32
2020,X05,Educación,ESCUELAS INFANTILES DISTRITO CENTRO. MEDIDORES CO2 (DIÃXIDO DE CARBONO),,2500.0,
2020,X05,Educación,COLEGIO PÃBLICO ANTONIO MORENO ROSALES. OBRAS DE CONSERVACIÃN Y MEJORA,,271545.06,271530.64
2020,X05,Educación,"COLEGIO PÃBLICO PALACIO VALDÃS.ADECUACIÃN CASA DEL CONSERJE, FACHADA EXTERIOR Y SEGURIDAD",,33184.06,
2020,X05,Educación,OBRAS DE CONSERVACION CENTROS DOCENTES DE ENSEÃANZA DISTRITO DE CENTRO,,3418.62,
2020,X05,Educación,ESCUELA INFANTIL OSA MENOR. OBRAS DE ACONDICIONAMIENTO,,48399.83,47192.84
2020,X05,Educación,COLEGIO PÃBLICO ISABEL LA CATÃLICA. OBRAS DE ADECUACIÃN COCINA Y COMEDOR,,11080.74,11080.74
2020,X05,Educación,COLEGIO PÃBLICO PI I MARGALL. OBRAS DE ADECUACIÃN COCINA Y ASEOS,,6221.43,6221.43
2020,X05,Educación,COLEGIO PÃBLICO ANTONIO MORENO ROSALES. OBRAS SUBSANACIÃN INSPECCIÃN TÃCNICA EDIFICIOS,,232958.66,214146.26
2020,X05,Educación,EQUIPAMIENTO ESCUELAS INFANTILES DISTRITO CENTRO,,5000.0,446.55
2020,X05,Educación,ESCUELA MUNICIPAL DE ARTE DRAMÃTICO. ADECUACIÃN CLIMATIZACIÃN Y OTRAS,,178000.0,172537.19
2020,X05,Educación,"IFS-COLEGIO PÃBLICO ISABEL LA CATÃLICA.ADECUACIÃN PAVIMENTO COCINA, TERRAZAS PLANTA BAJA Y OTRAS",,49691.68,48973.81
2020,X05,Educación,"IFS-COLEGIO PÃBLICO PALACIO VALDÃS.ADECUACIÃN CASA DEL CONSERJE, FACHADA EXTERIOR Y SEGURIDAD",,257320.49,243002.94
2020,X05,Educación,IFS-ESCUELA INFANTIL EL DUENDE. REPARACIÃN HUMEDADES Y OTROS,,13797.16,13797.16
2020,X05,Educación,IFS-ESCUELA INFANTIL OSA MENOR. REPARACIÃN HUMEDADES Y OTROS,,24537.46,24537.39
2020,X05,Educación,IFS-ESCUELA INFANTIL SAN ANTÃN. MEDIDAS CONTRA INCENDIOS Y ADECUACIÃN SÃTANO,,36601.65,35653.78
2020,X05,Educación,"IFS-COLEGIO PÃBLICO MORENO ROSALES. ADECUACIÃN FACHADA, PAVIMENTO Y OTRAS",,247974.31,246939.64
2020,X06,Urbanismo,,,2389160.69,1597580.74
2020,X06,Urbanismo,PLAZA CAMPILLO MUNDO NUEVO. 2 C/V.MIRA EL SOL. OBRAS ACCESORIAS DE URBANIZACIÃN,,14628.1,12903.09
2020,X06,Urbanismo,"CARRERA DE SAN JERÃNIMO, CEDACEROS, ARLABAN Y VIRGEN DE LOS PELIGROS. REMODELACIÃN",,2006783.79,1216928.85
2020,X06,Urbanismo,CALLE DEL ÃLAMO Y AMANIEL (ENTORNO CONDE DUQUE). REURBANIZACIÃN,,136262.93,136262.93
2020,X06,Urbanismo,EJE VIARIO C/ MAGDALENA-DUQUE DE ALBA-SAN MILLAN-PZA. CEBADA Y OTROS. REURBANIZACIÃN,,231485.87,231485.87
2020,X11,"Deportes, juventud y esparcimiento",,,5430786.38,5427775.97
2020,X11,"Deportes, juventud y esparcimiento","CENTRO DEPORTIVO C/COSTANILLA DESAMPARADOS, 15 C/V A C/FÃCAR, 6. CONSTRUCCIÃN",,900000.0,899999.98
2020,X11,"Deportes, juventud y esparcimiento",CENTRO DEPORTIVO LA CEBADA. CONSTRUCCIÃN,,4198434.13,4198434.12
2020,X11,"Deportes, juventud y esparcimiento",IFS-CENTRO DEPORTIVO S.JUAN BAUTISTA.IMPLANTACIÃN PANELES TÃRMICOS Y FOTOVOLTÃICOS (ID:9331),,209961.8,209961.71
2020,X11,"Deportes, juventud y esparcimiento",OBRAS DE CONSERVACIÃN INSTALACIONES DEPORTIVAS DISTRITO DE CENTRO,,734.66,
2020,X11,"Deportes, juventud y esparcimiento",DEPORTIVO BÃSICO CASINO DE LA REINA. OBRAS DE MEJORA,,31600.34,31506.06
2020,X11,"Deportes, juventud y esparcimiento",IFS-CENTRO DEPORTIVO ESCUELAS PÃAS. MEJORA EFICIENCIA ENERGÃTICA,,39931.02,37762.07
2020,X11,"Deportes, juventud y esparcimiento",IFS-DEPORTIVO BÃSICO NUESTRA SEÃORA DE LA PALOMA. REPARACIÃN HUMEDADES Y OTROS,,32625.45,32613.07
2020,X11,"Deportes, juventud y esparcimiento",IFS-CENTRO DE OCIO PARA ADOLESCENTES DON DE MARÃA. MEJORA CERRAMIENTOS Y CERRAJERÃA,,17498.98,17498.96
2020,X12,Otros bienes públicos de carácter social,,,22988.75,22459.96
2020,X12,Otros bienes públicos de carácter social,OFICINA ATENCIÃN AL CIUDADANO CENTRO. ELEMENTOS PROTECTORES HIGIÃNICO-SANITARIOS,,838.53,838.53
2020,X12,Otros bienes públicos de carácter social,OFICINA ATENCIÃN AL CIUDADANO LÃNEA MADRID CENTRO. SEÃALIZACIÃN,,1677.06,1677.06
2020,X12,Otros bienes públicos de carácter social,"INSTALACIÃN EQUIPOS CLIMATIZACIÃN ZONA ATENCIÃN CONTRIBUYENTE C/ SACRAMENTO,3",,7500.0,6975.0
2020,X12,Otros bienes públicos de carácter social,"OFICINA DE ATENCIÃN INTEGRAL AL CIUDADANO, C/ SACRAMENTO, 3. MAMPARAS",,2477.48,2477.48
2020,X12,Otros bienes públicos de carácter social,"OFICINA DE ATENCIÃN INTEGRAL AL CONTRIBUYENTE, C/ ALCALÃ, 45. MAMPARAS",,2477.48,2477.48
2020,X12,Otros bienes públicos de carácter social,"DEPENDENCIAS DE ATENCIÃN AL CIUDADANO, C/ SACRAMENTO, 1 Y 5. MAMPARAS",,7159.1,7155.31
2020,X12,Otros bienes públicos de carácter social,"OFICINA ATENCIÃN INTEGRAL AL CIUDADANO, C/ SACRAMENTO, 3. ELEMENTOS SEPARACIÃN",,859.1,859.1
2020,X04,Salud pública,,,212976.07,212949.03
2020,X04,Salud pública,"IFS-CASA DE  BAÃOS EMBAJADORES. ADECUACIÃN CLIMATIZACIÃN, AGUA CALIENTE SANITARIA Y ASEOS",,138793.87,138766.83
2020,X04,Salud pública,EQUIPAMIENTO CENTRO DE ATENCIÃN INTEGRAL SOCIOSANITARIA BÃSICA,,14200.56,14200.56
2020,X04,Salud pública,CENTRO MUNICIPAL SALUD COMUNITARIA CENTRO. ELEMENTOS Y SEÃALIZACIÃN PROTECCIÃN,,9170.09,9170.09
2020,X04,Salud pública,CENTRO ATENCIÃN INTEGRAL SOCIOSANITARIA. ELEMENTOS Y SEÃALIZACIÃN PROTECCIÃN,,2870.04,2870.04
2020,X04,Salud pública,CENTRO MADRID SALUD COMUNITARIA CENTRO. OBRAS DE ACONDICIONAMIENTO,,47941.51,47941.51
2020,X07,Infraestructuras,,,6181192.42,1381794.81
2020,X07,Infraestructuras,IFS-APARCAMIENTO EN LA PLAZA DE SANTO DOMINGO. CONSTRUCCIÃN,,6181192.42,1381794.81
2021,X00,Inversiones de carácter general,,,1865986.47,1744931.98
2021,X00,Inversiones de carácter general,CASA DUQUESA DE SUECA. OBRAS RECONSTRUCCIÓN CUERPO ESTE,,800000.0,799998.63
2021,X00,Inversiones de carácter general,"EDIFICIO SEDE UNED, C/ TRIBULETE, 14. SUBSANACION PATOLOGIAS FACHADA E INSTALACION GRUPO ELECTROGENO",,119503.65,118899.0
2021,X00,Inversiones de carácter general,EDIFICIO CALLE BARCO 20-22. OBRAS DE REFORMA,,486475.88,486475.33
2021,X00,Inversiones de carácter general,EQUIPAMIENTO SERVICIOS ADMINISTRATIVOS DISTRITO CENTRO,,3145.88,
2021,X00,Inversiones de carácter general,"EDIFICIO CALLE LUNA, 32. ADOPCIÓN MEDIDAS DE SEGURIDAD",,6738.33,5031.68
2021,X00,Inversiones de carácter general,"EDIFICIO CALLE MAYOR, 69. SEÑALIZACIÓN",,800.0,496.1
2021,X00,Inversiones de carácter general,"EDIFICIO C/ MAYOR, 71. REPARACIÓN DE ASCENSOR",,15000.0,13552.0
2021,X00,Inversiones de carácter general,"CASA DE CISNEROS, C/ SACRAMENTO, 2. RESTAURACIÓN PORTÓN DE ENTRADA",,18100.0,17889.85
2021,X00,Inversiones de carácter general,"EDIFICIO PLAZA DE LA VILLA, 5. INTERVENCIÓN Y ADECUACIÓN ARQUEOLÓGICA",,4767.59,4767.59
2021,X00,Inversiones de carácter general,"EDIFICIO PLAZA DE LA ViLLA, 4. OBRAS DE REFORMA",,40176.96,35037.35
2021,X00,Inversiones de carácter general,"EDIFICIO CALLA ALCALÁ, 45. OBRAS REFORMA DE DESPACHOS",,35700.71,34314.81
2021,X00,Inversiones de carácter general,"EDIFICIO C/ MAYOR, 71. OBRAS IMPERMEABILIZACIÓN CUBIERTAS PLANAS",,27375.19,22970.07
2021,X00,Inversiones de carácter general,"EDIFICIO C/ SACRAMENTO, 3 Y 5. SUSTITUCIÓN CALDERAS",,149758.74,149491.01
2021,X00,Inversiones de carácter general,"EDIFICIO CALLE BARQUILLO, 17. OBRAS REFORMA DE DESPACHOS",,9263.46,9263.46
2021,X00,Inversiones de carácter general,SERVICIOS ADMINISTRATIVOS DISTRITO CENTRO. MEDIDORES CO2 (DIÓXIDO DE CARBONO),,733.77,733.74
2021,X00,Inversiones de carácter general,EDIFICIO SEDE DISTRITO CENTRO. ADECUACIÓN SOLADOS Y ADAPTACIÓN DESPACHOS,,40900.53,40900.53
2021,X00,Inversiones de carácter general,OBRAS DE CONSERVACION EDIFICIOS DEL DISTRITO CENTRO,,102434.94,
2021,X00,Inversiones de carácter general,QUIOSCO DE BEBIDAS Y ANEXOS EN PARQUE CASINO DE LA REINA. OBRAS DE MANTENIMIENTO Y ADECUACIÓN,,5110.84,5110.83
2021,X10,Cultura,,,2707737.16,1125381.57
2021,X10,Cultura,CUARTEL CONDE DUQUE. ADECUACIÓN PROTECCIÓN CONTRA INCENDIOS,,211600.0,
2021,X10,Cultura,CUARTEL CONDE DUQUE. MONITORIZACIÓN DE CLIMATIZACIÓN,,205000.0,
2021,X10,Cultura,MUSEO DE HISTORIA DE MADRID. OBRAS DE ACONDICIONAMIENTO,,468700.0,25999.88
2021,X10,Cultura,"CENTRO DE LAS ARTES DEL LIBRO. REFORMA INSTALACIONES CLIMATIZACIÓN, ELÉCTRICA E ILUMINACIÓN",,128850.0,
2021,X10,Cultura,CENTRO CULTURAL CONDE DUQUE. OBRAS DE REFORMA PARA SERVICIO DE BIBLIOTECAS,,469235.99,280946.9
2021,X10,Cultura,EQUIPAMIENTO CENTROS CULTURALES DEL DISTRITO CENTRO,,4032.18,
2021,X10,Cultura,MEMORIAL EN HOMENAJE A LOS DEPORTADOS A CAMPOS DE CONCENTRACIÓN NAZIS,,284086.2,
2021,X10,Cultura,BIBLIOTECA MUSICAL VÍCTOR ESPINÓS. ADQUISICIÓN PURIFICADORES AIRE,,3700.0,3436.5
2021,X10,Cultura,BIBLIOTECA MUSICAL VÍCTOR ESPINÓS. EQUIPOS DE COMUNICACIÓN,,3600.0,3558.99
2021,X10,Cultura,BIBLIOTECA MUSICAL VÍCTOR ESPINÓS. ADQUISICIÓN DE PARTITURAS E INSTRUMENTOS,,2400.0,2398.0
2021,X10,Cultura,CENTRO ESTUDIO Y PROMOCIÓN MÚSICA TORREÓN CONDE DUQUE. INSTRUMENTOS MUSICALES,,3600.0,3530.74
2021,X10,Cultura,BIBLIOTECA HISTÓRICA. ADQUISICIÓN EDICIÓN ESPECIAL LIBRO CENTENARIO FALLECIMIENTO EMILIA PARDO BAZÁN,,1000.0,977.5
2021,X10,Cultura,"MUSEO SAN ISIDRO. ADQUISICIÓN OLEO SOBRE LIENZO ""SAN ISIDRO""",,10000.0,10000.0
2021,X10,Cultura,"MUSEO DE HISTORIA DE MADRID. ADQUISICIÓN LOTE DIBUJOS, XILOGRAFÍAS Y PINTURAS DE JUAN COMBA",,5540.0,5540.0
2021,X10,Cultura,MUSEO DE HISTORIA DE MADRID. ADQUISICIÓN ARCHIVO FOTOGRÁFICO DE MADRID DE ANTONIO ALCOBA,,5180.0,5180.0
2021,X10,Cultura,"MUSEO DE HISTORIA DE MADRID. ADQUISICIÓN LOTE DIBUJOS ILUSTRATIVOS DE ""EPISODIOS NACIONALES""",,1500.0,1500.0
2021,X10,Cultura,"MUSEO DE SAN ISIDRO. LITOGRAFÍAS ""HISTORIA DE LA CRUZADA ESPAÑOLA""",,9000.0,9000.0
2021,X10,Cultura,"MUSEO ARTE CONTEMPORÁNEO. FOTOGRAFÍAS Y VÍDEO ""SERIE BEST BOOTHS"" DE CRISTINA GARRIDO",,14520.0,14520.0
2021,X10,Cultura,"MUSEO ARTE CONTEMPORÁNEO. ESCULTURA ""REGRESO A KAPUR"" DE MARTA SÁNCHEZ LUENGO",,3500.0,3500.0
2021,X10,Cultura,"MUSEO SAN ISIDRO. EDICIÓN DOCUMENTAL ""CONSTITUCIONES REAL CAPILLA SEÑOR SAN ISIDRO DE MADRID""",,1200.0,1200.0
2021,X10,Cultura,"MUSEO ARTE CONTEMPORÁNEO. OBRAS DE MARTA DE GONZALO Y DE PUBLIO PÉREZ PRIETO ""SOIS""",,18000.0,18000.0
2021,X10,Cultura,"MUSEO ARTE CONTEMPORÁNEO. OBRA DE JUAN CARLOS ARGÜELLO GARZO ""MUELLE"" TITULADA ""ABSTRACCIÓN""",,3659.99,3659.99
2021,X10,Cultura,MUSEO SAN ISIDRO. TALLA ANÓNIMA DEL SIGLO XVII REPRESENTANDO A SAN ISIDRO,,3000.0,3000.0
2021,X10,Cultura,"MUSEO SAN ISIDRO. OLEO DE MANUEL FERNÁNDEZ ACEVEDO ""APARICIÓN VIRGEN DE LA ALMUDENA A SAN ISIDRO""",,2922.72,2922.72
2021,X10,Cultura,IMPRENTA MUNICIPAL-ARTES DEL LIBRO. ADQUISICIÓN DE DIVERSOS OBJETOS PAPELERÍA DISTINTOS DECENIOS,,5000.0,5000.0
2021,X10,Cultura,"IMPRENTA MUNICIPAL-ARTES DEL LIBRO. ADQUISICIÓN DE LÁMINAS, GRABADOS, PLANOS, MINIATURAS, ETC.",,14950.0,14950.0
2021,X10,Cultura,"MUSEO ARTE CONTEMPORÁNEO. OBRA DE BENE BERGADO ""FILTRO I""",,4628.25,4628.25
2021,X10,Cultura,"MUSEO ARTE CONTEMPORÁNEO. INSTALACIÓN DE TAMARA ARROYO ""EUDAIMONIA""",,12240.0,12240.0
2021,X10,Cultura,"MUSEO ARTE CONTEMPORÁNEO. OBRA DE ROSA BRUN ""HARTLEY""",,4050.0,4050.0
2021,X10,Cultura,"MUSEO ARTE CONTEMPORÁNEO. OBRA DE ALMUDENA LOBERA ""VASE III"" (MELTEC SPACE)",,4840.0,4840.0
2021,X10,Cultura,"MUSEO ARTE CONTEMPORÁNEO. DIBUJOS DE ANDRÉS RÁBADO ""EL ROTO""",,6050.0,6050.0
2021,X10,Cultura,MUSEO DE HISTORIA DE MADRID. ADQUISICIÓN DE OBRAS DEL PINTOR JOAQUÍN MUÑOZ MORILLEJO,,2700.0,2700.0
2021,X10,Cultura,MUSEO DE HISTORIA DE MADRID. ADQUISICIÓN DIBUJO ANTEPROYECTO FACHADA BASÍLICA NUESTRA SEÑORA ATOCHA,,2500.0,2500.0
2021,X10,Cultura,MUSEO DE HISTORIA DE MADRID. ADQUISICIÓN DIBUJOS Y FOTOGRAFÍA DE JUAN COMBA,,2880.0,2880.0
2021,X10,Cultura,"MUSEO DE HISTORIA DE MADRID. ADQUISICIÓN PINTURA DE CECILIO PLÁ ""EL CANALILLO""",,8800.0,8800.0
2021,X10,Cultura,MUSEO DE HISTORIA DE MADRID. ADQUISICIÓN FONDOS DEL CERAMISTA ALFREDO RUIZ DE LUNA GONZÁLEZ,,5000.0,5000.0
2021,X10,Cultura,MUSEO DE HISTORIA DE MADRID. ADQUISICIÓN XILOGRAFÍAS SOBRE DIBUJOS DE JUAN COMBA,,440.0,440.0
2021,X10,Cultura,MUSEO DE HISTORIA DE MADRID. ADQUISICIÓN FOTOGRAFÍAS Y PLATO DE LOZA DE LA FÁBRICA DE VALDEMORILLO,,1210.0,1210.0
2021,X10,Cultura,"MUSEO ARTE CONTEMPORÁNEO. ESCULTURA DE INMA HERRERA ""PERGAMENO II""",,3085.5,3085.5
2021,X10,Cultura,"MUSEO ARTE CONTEMPORÁNEO. ESTAMPA DE INMA HERRERA ""ARAS I""",,4114.0,4114.0
2021,X10,Cultura,"MUSEO ARTE CONTEMPORÁNEO. ESCULTURA DE BELÉN URIEL ""RAYO VERDE""",,8712.0,
2021,X10,Cultura,MUSEO HISTORIA. OLEOS PREPARATORIOS ZACARÍAS GONZÁLEZ PARA ORATORIO CABALLERO DE GRACIA,,80000.0,80000.0
2021,X10,Cultura,MUSEO DE SAN ISIDRO. LOS ORÍGENES DE MADRID. ADQUISICIÓN LIBROS ESPECIALIZADOS PARA COLECCIÓN,,10000.0,9999.41
2021,X10,Cultura,MUSEO DE SAN ISIDRO. LOS ORÍGENES DE MADRID. SISTEMAS ILUMINACIÓN SALAS,,18150.0,16577.0
2021,X10,Cultura,IMPRENTA MUNICIPAL-ARTES DEL LIBRO. MOBILIARIO,,18150.0,18030.74
2021,X10,Cultura,MUSEO DE SAN ISIDRO. LOS ORÍGENES DE MADRID. MUSEOGRAFÍA ESPACIOS TEMÁTICOS DEDICADOS AL SANTO,,18150.0,17635.75
2021,X10,Cultura,MUSEO DE SAN ISIDRO. LOS ORÍGENES DE MADRID. ADECUACIÓN PANELADO SALA EXPOSICIONES TEMPORALES,,18150.0,18145.69
2021,X10,Cultura,"MURALLA CRISTIANA. CONSOLIDACIÓN, RESTAURACIÓN Y ACONDICIONAMIENTO SOLAR (ID 20: 12696)",,49414.23,48710.13
2021,X10,Cultura,"MONUMENTO AL CABO NOVAL, PLAZA DE ORIENTE. CONSOLIDACIÓN Y RESTAURACIÓN",,47093.0,47092.58
2021,X10,Cultura,MUSEO DE SAN ISIDRO. OBRAS ADECUACIÓN PARA SOSTENIBILIDAD,,109895.05,69386.68
2021,X10,Cultura,CERRAMIENTO CASINO DE LA REINA. RESTAURACION,,47226.0,47225.64
2021,X10,Cultura,IGLESIA DE LAS MARAVILLAS. ACONDICIONAMIENTO,,45928.0,99.66
2021,X10,Cultura,CENTRO CULTURAL CONDE DUQUE. OBRAS DE ACONDICIONAMIENTO Y MEJORA,,47088.0,47087.27
2021,X10,Cultura,TEATRO VALLE INCLÁN. SUSTITUCIÓN DE LAMINAS SOLARES,,74960.0,74954.44
2021,X10,Cultura,BIBLIOTECA LA CHATA. OBRAS DE SUBANACIÓN DE PATOLOGÍAS,,139706.27,138346.79
2021,X10,Cultura,EQUIPAMIENTO CENTRO CULTURAL CLARA DEL REY,,19379.63,1310.7
2021,X10,Cultura,EQUIPAMIENTO CENTRO SOCIOCULTURAL LAVAPIÉS,,1588.19,1588.19
2021,X10,Cultura,BIBLIOTECAS PÚBLICAS DISTRITO CENTRO. MEDIDORES CO2 (DIÓXIDO DE CARBONO),,122.29,122.29
2021,X10,Cultura,CENTROS CULTURALES Y SALAS DE EXPOSICIONES DISTRITO CENTRO. MEDIDORES CO2 (DIÓXIDO DE CARBONO),,489.19,489.16
2021,X10,Cultura,SALA EXPOSICIONES LA PALOMA. REPARACIÓN DE DAÑOS,,7220.48,7220.48
2021,X01,Protección Civil y seguridad ciudadana,,,128328.03,113229.1
2021,X01,Protección Civil y seguridad ciudadana,UNIDAD INTEGRAL POLICÍA MUNICIPAL CENTRO NORTE. ACONDICIONAMIENTO CARPINTERÍAS EXTERIORES,,124289.47,109461.13
2021,X01,Protección Civil y seguridad ciudadana,"EQUIPAMIENTO PARQUE DE BOMBEROS 3, GLORIETA PUERTA DE TOLEDO, 6",,4038.56,3767.97
2021,X13,Otros bienes públicos de carácter económico,,,111564.46,96766.76
2021,X13,Otros bienes públicos de carácter económico,CENTRO INNOVACIÓN MADRID INTERNATIONAL LAB. INSTALACIONES TÉCNICAS,,1160.0,1070.53
2021,X13,Otros bienes públicos de carácter económico,CENTRO INNOVACIÓN MADRID INTERNATIONAL LAB. INSTALACIÓN LÍNEA DE VIDA,,8908.13,5470.81
2021,X13,Otros bienes públicos de carácter económico,CENTRO INNOVACIÓN MADRID INTERNATIONAL LAB. OBRAS MEDIDAS DE PROTECCIÓN EN FACHADAS,,10103.54,
2021,X13,Otros bienes públicos de carácter económico,CENTRO INNOVACIÓN MADRID INTERNATIONAL LAB. INSTALACIONES DE ILUMINACIÓN,,17491.84,16341.63
2021,X13,Otros bienes públicos de carácter económico,"EQUIPAMIENTO CENTRO DE INNOVACIÓN ""PUERTA INNOVACIÓN""",,26608.57,26608.5
2021,X13,Otros bienes públicos de carácter económico,"EDIFICIO PUERTA DE INNOVACIÓN, C/ TOLEDO, 108. ADAPTACIÓN HUB TECNOLÓGICO AEROESPACIAL",,47292.38,47275.29
2021,X09,Medio ambiente,,,979115.49,843289.56
2021,X09,Medio ambiente,"PANEL INFORMATIVO VIAJE DE AGUA ÁRABE, PLAZA DE LOS CARROS. INSTALACIÓN",,27560.0,22385.0
2021,X09,Medio ambiente,REPARACIÓN Y CLAUSURA DE ALCORQUES EN EL DISTRITO CENTRO,,12271.77,12271.75
2021,X09,Medio ambiente,ZONAS AJARDINADAS DEL DISTRITO CENTRO. OBRAS DE REMODELACIÓN,,129834.71,
2021,X09,Medio ambiente,ZONA AJARDINADA PARKING SANTO DOMINGO. OBRAS DE REMODELACIÓN,,88107.64,87351.24
2021,X09,Medio ambiente,ZONA VERDE ANEXA AL COLEGIO PÚBLICO SANTA MARÍA (PARCELA 12790). ACONDICIONAMIENTO DE MURO,,132644.74,132644.74
2021,X09,Medio ambiente,JARDINES DE CONDE DUQUE. OBRAS DE CERRAMIENTO,,88696.63,88696.63
2021,X09,Medio ambiente,ZONAS AJARDINADAS DE LA PLAZA DE LA PAJA. REMODELACIÓN,,500000.0,499940.2
2021,X08,Mantenimiento urbano,,,6696071.95,6076307.01
2021,X08,Mantenimiento urbano,"CALLES BARQUILLO, COLEGIATA, CONCEPCIÓN JERÓNIMA Y DUQUE DE RIVAS. RENOVACIÓN CAPA DE RODADURA",,63986.71,61971.35
2021,X08,Mantenimiento urbano,ENTORNO DE LA CALLE SANTA ISABEL. RENOVACIÓN DE ACERAS Y CALZADAS,,500000.0,499202.6
2021,X08,Mantenimiento urbano,HIDRANTES EN EL DISTRITO CENTRO. INSTALACIÓN,,5120.1,5120.1
2021,X08,Mantenimiento urbano,"CALLES DE ATOCHA,CAVA ALTA,BAJA, DIVINO PASTOR,MADERA,LEGANITOS Y OTRAS. REHABILITACIÓN CALZADAS",,437396.42,437396.42
2021,X08,Mantenimiento urbano,"CALLES AVE MARÍA,BORDADORES, DE LAS FUENTES, HILERAS, LUNA Y OTRAS. RENOVACIÓN CAPA DE RODADURA",,56316.53,56316.53
2021,X08,Mantenimiento urbano,TÚNEL RONDA DE ATOCHA. MEJORA CONDICIONES DE RODADURA Y SEGURIDAD,,88422.72,80259.38
2021,X08,Mantenimiento urbano,"BARRIO DE LA JUSTICIA, C/ALMIRANTE, PRIM  Y OTRAS DEL DISTRITO CENTRO. REMODELACIÓN VIARIA",,1718725.0,1620725.0
2021,X08,Mantenimiento urbano,CALLE ALCALÁ. TRAMO CEDACEROS - CIBELES. OBRAS DE REMODELACIÓN,,3417199.0,2917199.0
2021,X08,Mantenimiento urbano,PLAZAS DE NELSON MANDELA Y LA CORRALA. REMODELACIÓN Y ARBOLADO (ID17: 4387),,85905.47,85905.47
2021,X08,Mantenimiento urbano,ZONAS INFANTILES EN LA PLAZA DE SANTA BÁRBARA. INSTALACIÓN,,95000.0,87876.76
2021,X08,Mantenimiento urbano,ÁREA CANINA JARDINES ARQUITECTO RIBERA. RENOVACIÓN,,50000.0,46683.76
2021,X08,Mantenimiento urbano,KIOSCOS DE FLORES DE LA PLAZA TIRSO DE MOLINA. RENOVACIÓN,,88000.0,87650.65
2021,X08,Mantenimiento urbano,ZONAS INFANTILES EN PLAZA DE SANTA ANA. RENOVACIÓN,,90000.0,89999.99
2021,X03,Protección y promoción social,,,113336.34,107339.77
2021,X03,Protección y promoción social,EQUIPAMIENTO CENTRAL SAMUR SOCIAL,,26428.82,20450.27
2021,X03,Protección y promoción social,"CENTRAL SAMUR SOCIAL, CARRERA DE SAN FRANCISCO, 10. INSTALACIONES",,2359.5,2359.5
2021,X03,Protección y promoción social,CENTROS DE MAYORES Y OTROS DE  ATENCIÓN SOCIAL DISTRITO CENTRO. OTRO MOBILIARIO Y ENSERES,,17.23,
2021,X03,Protección y promoción social,CENTRO SERVICIOS SOCIALES PUERTA DE TOLEDO. OTRO MOBILIARIO Y ENSERES,,4717.49,4717.49
2021,X03,Protección y promoción social,CENTRO SERVICIOS SOCIALES MARAVILLAS. OTRO MOBILIARIO Y ENSERES,,1513.23,1513.23
2021,X03,Protección y promoción social,CENTRO DE MAYORES SAN FRANCISCO. OTRO MOBILIARIO Y ENSERES,,6156.48,6156.48
2021,X03,Protección y promoción social,CENTRO DÍA DE MAYORES CASINO DE LA REINA. OTRO MOBILIARIO Y ENSERES,,665.5,665.5
2021,X03,Protección y promoción social,CENTRO SOCIAL COMUNITARIO CASINO DE LA REINA. OTRO MOBILIARIO Y ENSERES,,1930.07,1930.07
2021,X03,Protección y promoción social,ESPACIO ENCUENTRO FEMINISTA DISTRITO CENTRO. MEDIDORES CO2 (DIÓXIDO DE CARBONO),,122.29,122.29
2021,X03,Protección y promoción social,CENTROS SERVICIOS SOCIALES DISTRITO CENTRO. MEDIDORES CO2 (DIÓXIDO DE CARBONO),,366.89,366.87
2021,X03,Protección y promoción social,CENTROS DÍA Y APARTAMENTOS PARA MAYORES DISTRITO CENTRO. MEDIDORES CO2 (DIÓXIDO DE CARBONO),,366.89,366.87
2021,X03,Protección y promoción social,CENTROS ATENCIÓN A LA INFANCIA DISTRITO CENTRO. MEDIDORES CO2 (DIÓXIDO DE CARBONO),,244.58,244.58
2021,X03,Protección y promoción social,CENTRO DE MAYORES BENITO MARTÍN LOZANO. OBRAS DE CONSERVACIÓN DE INSTALACIONES,,374.5,374.5
2021,X03,Protección y promoción social,CENTRO ATENCIÓN A LA INFANCIA DISTRITO CENTRO. REPARACIÓN DE DAÑOS,,4262.14,4262.13
2021,X03,Protección y promoción social,CENTRO DE SERVICIOS SOCIALES PUERTA DE TOLEDO. REPARACIÓN DE DAÑOS,,2978.33,2978.33
2021,X03,Protección y promoción social,"ALOJAMIENTOS TUTELADOS C/ JERTE, 1. MEJORA INSTALACIONES CLIMATIZACIÓN Y OTRAS",,56297.63,56296.89
2021,X03,Protección y promoción social,"CENTRO DE FORMACIÓN JERTE, C/ JERTE, 3. ADQUISICIÓN EQUIPOS",,2701.71,2701.71
2021,X03,Protección y promoción social,"CENTRO DE FORMACIÓN JERTE, C/JERTE,3. ADQUISICIÓN MAQUINARIA",,1605.56,1605.56
2021,X03,Protección y promoción social,CENTRO DE FORMACIÓN JERTE. ADQUISICIÓN APARATOS MEDICIÓN CO2 MEDIDAS SEGURIDAD,,227.5,227.5
2021,X05,Educación,,,1952253.37,1668223.87
2021,X05,Educación,EQUIPAMIENTO ESCUELA INFANTIL EL DUENDE,,511.83,272.25
2021,X05,Educación,EQUIPAMIENTO ESCUELA INFANTIL ESCUELAS DE SAN ANTÓN,,374.01,374.01
2021,X05,Educación,EQUIPAMIENTO ESCUELA INFANTIL LA PALOMA,,9426.76,2771.76
2021,X05,Educación,EQUIPAMIENTO RESIDENCIA INTERNADO SAN ILDEFONSO,,69300.0,63371.52
2021,X05,Educación,OBRAS DE CONSERVACIÓN CENTROS DOCENTES DE ENSEÑANZA DISTRITO CENTRO,,77909.41,
2021,X05,Educación,ESCUELA INFANTIL EL DUENDE. OBRAS DE ADECUACIÓN ESTRUCTURAL,,277823.04,277823.04
2021,X05,Educación,EQUIPAMIENTO ESCUELA INFANTIL EL OLIVAR,,11179.8,186.95
2021,X05,Educación,EQUIPAMIENTO ESCUELA INFANTIL OSA MENOR,,203.52,203.52
2021,X05,Educación,"ESCUELA INFANTIL C/ RODAS, 20-22. CONSTRUCCIÓN",,192517.28,192517.28
2021,X05,Educación,ESCUELA INFANTIL LA PALOMA. ADOPCIÓN MEDIDAS DE SEGURIDAD,,1278.64,1278.64
2021,X05,Educación,EQUIPAMIENTO ESCUELA INFANTIL RODAS,,31977.88,
2021,X05,Educación,ESCUELA INFANTIL LA BRUJA AVERÍA - LOLO RICO. SEÑALIZACIÓN,,591.61,591.61
2021,X05,Educación,ESCUELA DE MÚSICA Y DANZA Mª DOLORES PRADERA. MEDIDORES CO2 (DIÓXIDO DE CARBONO),,856.68,856.68
2021,X05,Educación,ESCUELA MUNICIPAL DE ARTE DRAMÁTICO. ELEMENTOS REGULADORES DE LA VENTILACIÓN,,857.0,856.68
2021,X05,Educación,"ESCUELA INFANTIL C/RODAS, DISTRITO CENTRO. OTRO MOBILIARIO Y ENSERES",,10000.0,1181.75
2021,X05,Educación,ESCUELAS INFANTILES DISTRITO CENTRO. MEDIDORES CO2 (DIÓXIDO DE CARBONO),,733.78,733.74
2021,X05,Educación,COLEGIO PÚBLICO PALACIO VALDÉS. OBRAS INTERVENCIÓN DE EMERGENCIA EN CORNISA,,10203.65,9565.05
2021,X05,Educación,"ESCUELA INFANTIL OSA MENOR. ADAPTACIÓN MEDIDAS SANIDAD, CLIMATIZACIÓN Y OTRAS",,39941.79,39886.92
2021,X05,Educación,COLEGIO PÚBLICO PALACIO VALDÉS. OBRAS DE REPARACIÓN Y CONSERVACIÓN EN CORNISA,,83736.72,81350.27
2021,X05,Educación,COLEGIO PÚBLICO SAN ILDEFONSO. OBRAS DE CONSERVACIÓN Y MEJORA DEL AISLAMIENTO,,102962.02,102633.17
2021,X05,Educación,ESCUELA INFANTIL LA BRUJA AVERÍA - LOLO RICO. OBRAS DE ACONDICIONAMIENTO,,41123.37,41123.37
2021,X05,Educación,OBRAS DE MEJORA Y ACONDICIONAMIENTO CENTROS DOCENTES DISTRITO CENTRO,,121377.71,
2021,X05,Educación,COLEGIO PÚBLICO PI I MARGALL. OBRAS DE ACONDICIONAMIENTO Y ADAPTACIÓN A NORMATIVA,,348675.5,346537.46
2021,X05,Educación,ESCUELA INFANTIL LA PALOMA. ADECUACIÓN PATIO Y ADAPTACIÓN A NORMATIVA,,349946.79,341032.07
2021,X05,Educación,EQUIPAMIENTO ESCUELAS INFANTILES DEL DISTRITO CENTRO,,5000.0,2988.7
2021,X05,Educación,ESCUELAS MÚSICA Y DANZA DISTRITO CENTRO. MEDIDORES CO2 (DIÓXIDO DE CARBONO),,122.29,122.29
2021,X05,Educación,ESCUELA MUNICIPAL DE ARTE DRAMÁTICO. MEDIDORES CO2 (DIÓXIDO DE CARBONO),,122.29,122.29
2021,X05,Educación,ESCUELA MUNICIPAL DE ARTE DRAMÁTICO. REFORMA SALA DE CALDERAS,,163500.0,159842.85
2021,X06,Urbanismo,,,18208575.05,16377116.67
2021,X06,Urbanismo,"CALLE IMPERIAL, 8. OBRAS ACCESORIAS DE URBANIZACIÓN",,13820.57,
2021,X06,Urbanismo,PUERTA DEL SOL. OBRAS DE REMODELACIÓN,,1571228.53,6655.0
2021,X06,Urbanismo,ENTORNO PLAZA DE LOS MOSTENSES. REMODELACIÓN Y MEJORA MOVILIDAD,,39642.5,
2021,X06,Urbanismo,PLAZA DE ESPAÑA. OBRAS DE REMODELACIÓN,,14254117.25,14241045.32
2021,X06,Urbanismo,"ADQUISICIÓN DE SUELO CALLE ALGECIRAS, 7",,1733292.0,1733291.98
2021,X06,Urbanismo,"PARCELA C/ LUNA, 32. ADOPCIÓN DE MEDIDAS DE SEGURIDAD",,56000.0,
2021,X06,Urbanismo,"CARRERA DE SAN JERÓNIMO, CEDACEROS, ARLABAN Y VIRGEN DE LOS PELIGROS. REMODELACIÓN",,540474.2,396124.37
2021,X11,"Deportes, juventud y esparcimiento",,,12095428.59,12084864.69
2021,X11,"Deportes, juventud y esparcimiento","CENTRO DEPORTIVO C/COSTANILLA DESAMPARADOS, 15 C/V A C/FÚCAR, 6. CONSTRUCCIÓN",,3000000.0,3000000.0
2021,X11,"Deportes, juventud y esparcimiento",OBRAS DE CONSERVACIÓN INSTALACIONES DEPORTIVAS DEL DISTRITO CENTRO,,186.29,
2021,X11,"Deportes, juventud y esparcimiento",CENTRO DEPORTIVO LA CEBADA. CONSTRUCCIÓN,,8889076.91,8889076.78
2021,X11,"Deportes, juventud y esparcimiento",ALBERGUE JUVENIL MEJÍA LEQUERICA. INSTALACIONES,,1415.7,1415.7
2021,X11,"Deportes, juventud y esparcimiento",ALBERGUE JUVENIL MEJÍA LEQUERICA. SUMINISTRO E INSTALACIÓN DE PUERTA DE ACCESO,,10013.69,
2021,X11,"Deportes, juventud y esparcimiento",CENTROS DE OCIO PARA ADOLESCENTES DISTRITO CENTRO. MEDIDORES CO2 (DIÓXIDO DE CARBONO),,122.29,122.29
2021,X11,"Deportes, juventud y esparcimiento",DEPORTIVO BÁSICO NUESTRA SEÑORA DE LA PALOMA. ADECUACIÓN ZONA INFANTIL,,26138.64,26138.62
2021,X11,"Deportes, juventud y esparcimiento",CENTRO DEPORTIVO ESCUELAS DE SAN ANTÓN. ADECUACIÓN CUBIERTA,,15675.07,15675.07
2021,X11,"Deportes, juventud y esparcimiento",DEPORTIVO BÁSICO ATENAS. ACONDICIONAMIENTO PISTAS E ILUMINACIÓN,,150000.0,149691.18
2021,X11,"Deportes, juventud y esparcimiento",DEPORTIVO BÁSICO CASINO DE LA REINA. ADQUISICIÓN E INSTALACIÓN PORTERÍAS FÚTBOL SALA/BALONMANO,,2800.0,2745.05
2021,X12,Otros bienes públicos de carácter social,,,5253.82,5224.78
2021,X12,Otros bienes públicos de carácter social,OFICINA ATENCIÓN CIUDADANO LÍNEA MADRID CENTRO. ELEMENTOS PROTECCIÓN HIGIÉNICO-SANITARIOS,,817.96,817.96
2021,X12,Otros bienes públicos de carácter social,EQUIPAMIENTO OFICINA ATENCIÓN AL CIUDADANO LÍNEA MADRID DE CENTRO,,4435.86,4406.82
2021,X04,Salud pública,,,85245.19,84474.55
2021,X04,Salud pública,CENTRO DE ATENCIÓN INTEGRAL SOCIOSANITARIA NOCTURNO. INSTALACIONES,,8141.79,8126.66
2021,X04,Salud pública,CASA DE BAÑOS GLORIETA DE EMBAJADORES. OBRAS DE REFORMA EN CHIMENEA,,36395.63,35728.9
2021,X04,Salud pública,CENTRO MUNICIPAL DE SALUD COMUNITARIA CENTRO. ADQUISICIÓN MAQUINARIA,,3321.45,3321.45
2021,X04,Salud pública,CENTRO MUNICIPAL DE SALUD COMUNITARIA DE CENTRO. SEÑALIZACIÓN,,592.9,592.9
2021,X04,Salud pública,CENTRO MUNICIPAL DE SALUD COMUNITARIA DE CENTRO. REPARACIÓN DE CUBIERTA,,36793.42,36704.64
2021,X07,Infraestructuras,,,3805113.34,3803176.24
2021,X07,Infraestructuras,APARCAMIENTO EN LA PLAZA DE SANTO DOMINGO. CONSTRUCCIÓN,,3805113.34,3803176.24
2022,X00,Inversiones de carácter general,,,3043901.5,2963973.48
2022,X00,Inversiones de carácter general,CASA DUQUESA DE SUECA. OBRAS RECONSTRUCCIÓN CUERPO ESTE,,1713312.69,1699963.86
2022,X00,Inversiones de carácter general,"EDIFICIO C/BARQUILLO, 17. REFORMA SISTEMA DE CONTROL DE CLIMATIZACIÓN",,31887.21,
2022,X00,Inversiones de carácter general,"EDIFICIO SEDE UNED, C/ TRIBULETE, 14. SUBSANACION PATOLOGIAS FACHADA E INSTALACION GRUPO ELECTROGENO",,122550.92,122295.23
2022,X00,Inversiones de carácter general,EDIFICIO CALLE BARCO 20-22. OBRAS DE REFORMA,,341580.45,341578.87
2022,X00,Inversiones de carácter general,"CASA DE CISNEROS, PLAZA DE LA VILLA, 4. SUBSANACIÓN PATOLOGÍAS CARPINTERÍA EXTERIOR",,355292.0,333490.85
2022,X00,Inversiones de carácter general,EQUIPAMIENTO SERVICIOS ADMINISTRATIVOS DISTRITO CENTRO,,2991.37,2991.37
2022,X00,Inversiones de carácter general,QUIOSCO DE BEBIDAS Y ANEXOS PARQUE CASINO DE LA REINA. CONSERVACIÓN Y SUBSANACIÓN DE DAÑOS,,65980.0,65966.0
2022,X00,Inversiones de carácter general,EDIFICIO SEDE DISTRITO CENTRO. OBRAS DE ACECUACIÓN DE LAS INSTALACIONES Y ESPACIOS,,335513.73,325481.97
2022,X00,Inversiones de carácter general,"EDIFICIO PLAZA DE LA VILLA, 4. RESTAURACIÓN DE LÁMPARA Y FAROLES",,7500.0,7495.95
2022,X00,Inversiones de carácter general,"EDIFICIO PLAZA DE LA VILLA, 4. OBRAS DE INSTALACIÓN SISTEMA DE CLIMATIZACIÓN",,18150.0,18126.53
2022,X00,Inversiones de carácter general,"EDIFICIO CALLE ALCALÁ, 45. OBRAS DE REFORMA",,8090.45,7832.95
2022,X00,Inversiones de carácter general,"EDIFICIO C/ MAYOR, 71. OBRAS DE SUBSANACIÓN DE PATOLOGÍAS",,25320.58,24091.84
2022,X00,Inversiones de carácter general,SERVICIOS ADMINISTRATIVOS DISTRITO DE CENTRO. MOBILIARIO DE OFICINA,,5991.24,4956.4
2022,X00,Inversiones de carácter general,EQUIPAMIENTO SERVICIOS ADMINISTRATIVOS DISTRITO DE CENTRO,,1370.0,1369.03
2022,X00,Inversiones de carácter general,QUIOSCO DE FLORES Y PRENSA EN PLAZA DE SANTA BÁRBARA. OBRAS DE ACONDICIONAMIENTO,,8370.86,8332.63
2022,X10,Cultura,,,3254176.75,1760186.04
2022,X10,Cultura,MUSEO SAN ISIDRO. ADQUISICIÓN DE TABLAS DEL SIGLO XVIII DE SAN ISIDRO Y SANTA MARÍA DE LA CABEZA,,3600.0,3600.0
2022,X10,Cultura,"MUSEO ARTE CONTEMPORÁNEO. ADQUISICIÓN DE GRABADOS DE JUAN LÓPEZ ""REMNANTS 1 Y 2""",,14520.0,14520.0
2022,X10,Cultura,MUSEO HISTORIA DE MADRID. REINSTALACION MUSEOGRÁFICA MAQUETA DE MADRID DE 1830,,34507.95,
2022,X10,Cultura,CUARTEL CONDE DUQUE. ADECUACIÓN PROTECCIÓN CONTRA INCENDIOS,,2675.13,
2022,X10,Cultura,CUARTEL CONDE DUQUE. MONITORIZACIÓN DE CLIMATIZACIÓN,,350899.34,296757.41
2022,X10,Cultura,MUSEO DE HISTORIA DE MADRID. OBRAS DE ACONDICIONAMIENTO,,46480.1,
2022,X10,Cultura,"CENTRO DE LAS ARTES DEL LIBRO. REFORMA INSTALACIONES CLIMATIZACIÓN, ELÉCTRICA E ILUMINACIÓN",,383372.45,172347.07
2022,X10,Cultura,"MONUMENTO HOMENAJE A LAS VÍCTIMAS DEL CAMPO DE CONCENTRACIÓN DE MAUTHAUSEN,C/SACRAMENTO.INSTALACIÓN",,50000.0,42445.7
2022,X10,Cultura,CUARTEL CONDE DUQUE. OBRAS PARA LA TERMORREGULACIÓN Y ADECUACIÓN DE ESPACIOS,,14050.0,
2022,X10,Cultura,CENTRO CULTURAL CONDE DUQUE. OBRAS DE REFORMA PARA SERVICIO DE BIBLIOTECAS,,235189.09,188213.21
2022,X10,Cultura,CENTRO SOCIOCULTURAL CLARA DEL REY. OTRO MOBILIARIO Y ENSERES,,29995.3,14265.3
2022,X10,Cultura,CENTROS CULTURALES DISTRITO CENTRO. EQUIPAMIENTO PROGRAMACIÓN CULTURAL,,4940.64,
2022,X10,Cultura,"EDIFICIO C/ AMANIEL, 29-31. ACONDICIONAMIENTO PARA CENTRO CULTURAL CLARA DEL REY",,303864.02,303864.02
2022,X10,Cultura,EQUIPAMIENTO BIBLIOTECA MUSICAL VÍCTOR ESPINÓS,,15000.0,6579.63
2022,X10,Cultura,MEMORIAL EN HOMENAJE A LOS DEPORTADOS A CAMPOS DE CONCENTRACIÓN NAZIS,,220000.0,211510.46
2022,X10,Cultura,BIBLIOTECA MUSICAL VÍCTOR ESPINÓS. ADQUISICIÓN DE PARTITURAS E INSTRUMENTOS,,25350.0,25139.85
2022,X10,Cultura,"MUSEO ARTE CONTEMPORÁNEO. ESCULTURA DE BELÉN URIEL ""RAYO VERDE""",,8712.0,8712.0
2022,X10,Cultura,"MURALLA CRISTIANA. CONSOLIDACIÓN, RESTAURACIÓN Y ACONDICIONAMIENTO SOLAR (ID 20: 12696)",,50000.0,
2022,X10,Cultura,MUSEO DE SAN ISIDRO. OBRAS ADECUACIÓN PARA SOSTENIBILIDAD,,86695.0,39075.99
2022,X10,Cultura,IGLESIA DE LAS MARAVILLAS. ACONDICIONAMIENTO,,1340.64,
2022,X10,Cultura,BIBLIOTECA PÚBLICA BENITO PÉREZ GALDÓS. MOBILIARIO Y ENSERES,,1198.41,
2022,X10,Cultura,BIBLIOTECA HISTÓRICA MUNICIPAL. ARMARIO IGNÍFUGO PARA LA CONSERVACIÓN DE COLECCIONES,,6000.0,3784.03
2022,X10,Cultura,HEMEROTECA MUNICIPAL. COLECCIÓN PUBLICACIONES INFANTILES Y JUVENILES (TEBEOS) DEL SIGLO XX,,18000.0,14999.0
2022,X10,Cultura,BIBLIOTECA HISTÓRICA MUNICIPAL. ADQUISICIÓN DE LIBROS,,18000.0,17774.0
2022,X10,Cultura,BIBLIOTECA HISTÓRICA. MEDIDOR CONDICIONES AMBIENTALES PARA CONSERVACIÓN PATRIMONIO BIBLIOGRÁFICO,,7000.0,3501.16
2022,X10,Cultura,HEREMOTECA MUNICIPAL. ARMARIOS COMPACTOS CON SISTEMA DE TRACCIÓN,,18000.0,3043.15
2022,X10,Cultura,ARCHIVO DE LA VILLA. MOBILIARIO Y ENSERES,,5000.0,3277.45
2022,X10,Cultura,MUSEO SAN ISIDRO. LOS ORÍGENES DE MADRID. ADQUISICION DE WALKIE TALKIES,,4000.0,3811.5
2022,X10,Cultura,"MUSEO ARTE CONTEMPORÁNEO. OBRA AUDIOVISUAL DE CRISTINA LUCAS ""THE PEOPLE THAT IS MISSING""",,23232.0,23232.0
2022,X10,Cultura,"MUSEO DE ARTE CONTEMPORÁNEO. ADQUISICIÓN OBRA PICTÓRICA DE COSTUS ""CAÑOS DE LA MECA 2""",,23958.0,23958.0
2022,X10,Cultura,"MUSEO ARTE CONTEMPORÁNEO. ESCULTURA Y MONOTIPO DE LEONOR SERRANO ""ARABESQUE Nº 5""",,16577.0,16577.0
2022,X10,Cultura,"MUSEO DE ARTE CONTEMPORÁNEO. ADQUISICIÓN ESCULTURA DE LUGÁN ""INTERMITENCIAS LUMINOSAS""",,16335.0,16335.0
2022,X10,Cultura,"MUSEO ARTE CONTEMPORÁNEO. ADQUISICIÓN DE VÍDEO DE HELENA CABELLO Y ANA CARCELLER ""A/O CASO CÉSPEDES""",,12100.0,12100.0
2022,X10,Cultura,"MUSEO ARTE CONTEMPORÁNEO. ADQUISICIÓN DE DIBUJO DE ELENA ALONSO ""KIND AND SHARP""",,15125.0,15125.0
2022,X10,Cultura,"MUSEO ARTE CONTEMPORÁNEO. ADQUISICIÓN DE ESCULTURA DE JULIA SPINOLA ""BRAZO-CHORRO""",,13552.0,13552.0
2022,X10,Cultura,"MUSEO ARTE CONTEMPORÁNEO. ADQUISICIÓN ESCULTURA DE GERARDO APARICIO ""CASA RADIANTE""",,13285.8,13285.8
2022,X10,Cultura,"MUSEO ARTE CONTEMPORÁNEO. INSTALACIÓN DE MATETO MATÉ ""PAISAJE DE 20 DE NOVIEMBRE DE 1975""",,14326.4,14326.4
2022,X10,Cultura,"MUSEO ARTE CONTEMPORÁNEO. ADQUISICIÓN ESCULTURA DE BELÉN URIEL ""NSEO""",,18000.0,18000.0
2022,X10,Cultura,"MUSEO ARTE CONTEMPORÁNEO. ADQUISICIÓN PINTURA DE JOSÉ DÍAZ ""BOSS MONSTER""",,12100.0,12100.0
2022,X10,Cultura,"MUSEO ARTE CONTEMPORÁNEO. PINTURA Y ESCULTURA ISABEL VILLAR ""DESNUDO CAMPO VIOLETA"" Y "" EN JARDÍN""",,14374.8,14374.8
2022,X10,Cultura,"MUSEO ARTE CONTEMPORÁNEO. ADQUISICIÓN MONOTIPO DE LEONOR SERRANO ""ARABESQUE STUDIES Nº 1, 2, 3 Y 6""",,7260.0,7260.0
2022,X10,Cultura,"MUSEO DE HISTORIA DE MADRID. ADQUISICIÓN DE BODEGÓN ""MERIENDA"" DE AUTOR DESCONOCIDO",,14520.0,14520.0
2022,X10,Cultura,"MUSEO DE SAN ISIDRO. ADQUISICIÓN ÓLEO DE CECILIO PLÁ ""ESTUDIO PARA CUADRO DE SAN ISIDRO""",,10000.0,10000.0
2022,X10,Cultura,"MUSEO HISTORIA DE MADRID. ADQUISICIÓN OLEO ""RETRATO ANTONIO ALCALÁ GALIANO"" DE MANUEL MIRANDA",,1500.0,1500.0
2022,X10,Cultura,MUSEO DE ARTE CONTEMPORÁNEO. ADQUISICIÓN DOS OBRAS VIDEOGRÁFICAS Y TRES DIBUJOS DE DIEGO DEL POZO,,17168.0,17168.0
2022,X10,Cultura,MUSEO DE ARTE CONTEMPORÁNEO. ADQUISICIÓN DOS OBRAS VIDEOGRÁFICAS DE MARÍA RUIDO,,16940.0,16940.0
2022,X10,Cultura,MUSEO DE ARTE CONTEMPORÁNEO. ADQUISICIÓN CUATRO PIEZAS TEXTILES Y PINTURA DE MÓNICA MAYS,,16758.5,16758.5
2022,X10,Cultura,MUSEO DE SAN ISIDRO. LOS ORÍGENES DE MADRID. ENMARCADO DE DIVERSOS ÓLEOS Y CARTELES,,11428.45,11428.45
2022,X10,Cultura,IMPRENTA MUNICIPAL-ARTES DEL LIBRO. ADQUISICIÓN DE PRENSA IMPERIAL PRESS DE 1858,,13000.0,13000.0
2022,X10,Cultura,MUSEO DE HISTORIA DE MADRID. SEÑALÉTICA,,10000.0,9903.85
2022,X10,Cultura,MUSEO DE SAN ISIDRO. LOS ORÍGENES DE MADRID. ADQUISICIÓN DE LIBROS PARA BIBLIOTECAS TÉCNICAS,,5000.0,4999.38
2022,X10,Cultura,MUSEO DE SAN ISIDRO. LOS ORÍGENES DE MADRID. RESTAURACIÓN ÓLEOS,,11132.0,11132.0
2022,X10,Cultura,MUSEO DE SAN ISIDRO. LOS ORIGENES DE MADRID. REPOSICIÓN EQUIPO DE GRABACIÓN,,4500.0,4125.56
2022,X10,Cultura,IMPRENTA MUNICIPAL-ARTES DEL LIBRO. REPARACIÓN DE CHIBALETES DEL TALLER DE CAJA,,7992.05,7992.05
2022,X10,Cultura,ESCULTURA FELIPE II EN PLAZA DE LA ARMERÍA. INSTALACIÓN,,35000.0,
2022,X10,Cultura,ESCULTURA DEL PERRO PACO. INSTALACIÓN C/ DE LAS HUERTAS CON LA CALLE DE JESÚS,,17182.0,17061.0
2022,X10,Cultura,CASA DE LA VILLA. OBRAS DE RESTAURACION,,14507.9,14507.9
2022,X10,Cultura,MUSEO ARTE CONTEMPORÁNEO EN CONDE DUQUE. ACONDICIONAMIENTO NUEVAS SALAS,,877000.0,
2022,X10,Cultura,"PLACAS CONMEMORATIVAS DISTRITO CENTRO,HOMENAJE A VÍCTIMAS EN CAMPOS CONCENTRACIÓN NAZIS.INSTALACIÓN",,4000.0,3770.64
2022,X10,Cultura,CENTRO CULTURAL LAVAPIES. ADQUISICIÓN E INSTALACIÓN TELÓN PARA EL SALÓN DE ACTOS,,4515.83,4515.83
2022,X10,Cultura,CENTRO SOCIOCULTURAL CLARA DEL REY. ADQUISICIÓN E INSTALACIÓN DE ESTORES,,3415.95,3415.95
2022,X01,Protección Civil y seguridad ciudadana,,,953895.51,910674.05
2022,X01,Protección Civil y seguridad ciudadana,RENOVACIÓN CÁMARAS VIDEOVIGILANCIA POLICÍA MUNICIPAL ENTORNO C/ BALLESTA,,42013.88,
2022,X01,Protección Civil y seguridad ciudadana,UNIDAD INTEGRAL POLICÍA MUNICIPAL CENTRO SUR. MOBILIARIO,,2904.0,2758.8
2022,X01,Protección Civil y seguridad ciudadana,UNIDAD INTEGRAL POLICÍA MUNICIPAL CENTRO NORTE. MOBILIARIO,,2904.0,2758.8
2022,X01,Protección Civil y seguridad ciudadana,CÁMARAS VIDEOVIGILANCIA POLICÍA MUNICIPAL EN CHUECA Y OTRAS AMPLIACIÓN DISTRITO CENTRO,,887923.63,887923.63
2022,X01,Protección Civil y seguridad ciudadana,BASE 2 SAMUR-PROTECCIÓN CIVIL. OBRAS INSTALACIÓN DE PUERTAS AUTOMÁTICAS,,18150.0,17232.82
2022,X14,Sectores productivos,,,740823.0,736114.9
2022,X14,Sectores productivos,"EDIFICIO SEDE MADRID INTERNACIONAL LAB, C/BAILÉN, 41. OBRAS DE ADECUACIÓN FACHADA Y ENVOLVENTE",,700000.0,699999.45
2022,X14,Sectores productivos,SEDE MADRID INVESTMENT ATTRACTION (MIA). INSTALACIONES DE SEGURIDAD,,1823.0,1822.13
2022,X14,Sectores productivos,EDIFICIO SEDE MADRID INTERNACIONAL LAB. OBRAS DE REFORMA Y MEJORA,,39000.0,34293.32
2022,X13,Otros bienes públicos de carácter económico,,,457648.71,364965.3
2022,X13,Otros bienes públicos de carácter económico,CENTRO INNOVACIÓN MADRID INTERNATIONAL LAB. INSTALACIONES DOMÓTICAS,,47446.0,39916.29
2022,X13,Otros bienes públicos de carácter económico,EQUIPAMIENTO CENTRO INNOVACIÓN MADRID INTERNATIONAL LAB,,256000.0,250342.93
2022,X13,Otros bienes públicos de carácter económico,CENTRO INNOVACIÓN MADRID INTERNATIONAL LAB. INSTALACIONES PROTECCIÓN CONTRA INCENDIOS,,15750.29,11496.89
2022,X13,Otros bienes públicos de carácter económico,CENTRO INNOVACIÓN MADRID INTERNATIONAL LAB. ADQUISICIÓN PANTALLAS TECNOLOGÍCAS PARA EVENTOS,,38000.0,
2022,X13,Otros bienes públicos de carácter económico,CENTRO INNOVACIÓN PUERTA INNOVACIÓN. ADQUISICIÓN PANTALLA TECNOLÓGICA PARA EVENTOS,,30000.0,
2022,X13,Otros bienes públicos de carácter económico,EQUIPAMIENTO CENTRO DE INNOVACIÓN PUERTA INNOVACIÓN,,7837.42,7837.42
2022,X13,Otros bienes públicos de carácter económico,CENTRO INNOVACIÓN PUERTA DE INNOVACIÓN. OBRAS DE REFORMA,,12400.0,11680.53
2022,X13,Otros bienes públicos de carácter económico,CENTRO MADRID INTERNATIONAL LAB (iLAB). OBRAS DE REFORMA,,50215.0,43691.24
2022,X09,Medio ambiente,,,2677413.05,1792614.09
2022,X09,Medio ambiente,ZONA VERDE PLAZA DE LA CORRALA. OBRAS DE REMODELACIÓN,,503000.0,315607.21
2022,X09,Medio ambiente,PARQUE DE LA CORNISA. OBRAS DE REMODELACIÓN,,772618.29,435867.56
2022,X09,Medio ambiente,PLAZA GENERAL VARA DEL REY. REMODELACIÓN ÁREA ESTANCIAL Y REORDENACIÓN APARCAMIENTO,,650000.0,569398.7
2022,X09,Medio ambiente,ZONA VERDE PLAZA DE MINISTRILES. ADECUACIÓN ÁREA INFANTIL,,448255.79,186360.21
2022,X09,Medio ambiente,PARQUE CASINO DE LA REINA. OBRAS MEJORA PISTA DE BAILE,,7147.07,7147.07
2022,X09,Medio ambiente,JARDINES DE CONDE DUQUE. OBRAS DE CERRAMIENTO,,39483.85,39482.21
2022,X09,Medio ambiente,PARQUES Y ZONAS VERDES DEL DISTRITO DE CENTRO. ADAPTACIÓN DE RECORRIDOS TERAPÉUTICOS,,3017.74,3017.74
2022,X09,Medio ambiente,ZONAS VERDES DISTRITO CENTRO. INSTALACIÓN Y ACONDICIONAMIENTO DE PARQUES CANINOS,,73910.23,56552.24
2022,X09,Medio ambiente,ZONA VERDE ANEXA AL COLEGIO PÚBLICO SANTA MARÍA. REMODELACIÓN,,179980.08,179181.15
2022,X08,Mantenimiento urbano,,,10181098.06,9578586.29
2022,X08,Mantenimiento urbano,"CALLE DEL NOVICIADO, DE LA PAZ, DEL PRADO, SEGOVIA Y PLAZA DE SANTA CRUZ. ADECUACIÓN DE VIALES",,597270.7,596517.37
2022,X08,Mantenimiento urbano,C/ MANZANA. ADECUACIÓN DE ACERAS Y MEJORA DE LA ACCESIBILIDAD,,173941.52,34078.51
2022,X08,Mantenimiento urbano,CALLE DEL LEÓN Y OTRAS DISTRITO CENTRO. RENOVACIÓN PAVIMENTOS EN CALZADAS,,576865.63,576775.4
2022,X08,Mantenimiento urbano,"C/LAVAPIÉS, SAN CARLOS, OLIVAR Y CABEZA, DISTRITO CENTRO. RENOVACIÓN DE PAVIMENTOS EN CALZADAS",,332629.97,332629.97
2022,X08,Mantenimiento urbano,"GLORIETA EMPERADOR CARLOS V, CALLE RELOJ Y OTRAS DISTRITO DE CENTRO. RENOVACIÓN PAVIMENTOS CALZADAS",,517879.06,517879.06
2022,X08,Mantenimiento urbano,CALLE BAILEN EN EL ENTORNO AL MUSEO DE COLECCIONES REALES. ADECUACIÓN ACCESOS,,100000.0,
2022,X08,Mantenimiento urbano,TÚNEL DE PUERTA DE TOLEDO. ACONDICIONAMIENTO DE INSTALACIONES Y MEDIDAS DE SEGURIDAD,,115460.56,99286.43
2022,X08,Mantenimiento urbano,TECNOLOGÍA LED EN LAS FAROLAS DEL DISTRITO DE CENTRO. IMPLANTACIÓN,,55889.09,52409.21
2022,X08,Mantenimiento urbano,VIALES ENTORNO DE MALASAÑA. OBRAS DE ACCESIBILIDAD EN ACERAS Y CALZADAS (ID 20: 14402),,980000.0,704618.61
2022,X08,Mantenimiento urbano,"CALLES DE ATOCHA,CAVA ALTA,BAJA, DIVINO PASTOR,MADERA,LEGANITOS Y OTRAS. REHABILITACIÓN CALZADAS",,234933.35,234933.35
2022,X08,Mantenimiento urbano,"CALLES AVE MARÍA,BORDADORES, DE LAS FUENTES, HILERAS, LUNA Y OTRAS. RENOVACIÓN CAPA DE RODADURA",,319449.92,319449.92
2022,X08,Mantenimiento urbano,TÚNEL RONDA DE ATOCHA. MEJORA CONDICIONES DE RODADURA Y SEGURIDAD,,2923.26,2923.26
2022,X08,Mantenimiento urbano,"BARRIO DE LA JUSTICIA, C/ALMIRANTE, PRIM  Y OTRAS DEL DISTRITO CENTRO. REMODELACIÓN VIARIA",,1829197.0,1825663.12
2022,X08,Mantenimiento urbano,CALLE ALCALÁ. TRAMO CEDACEROS - CIBELES. OBRAS DE REMODELACIÓN,,4258658.0,4207005.98
2022,X08,Mantenimiento urbano,PARQUE DE ATENAS. CREACIÓN ÁREA DE CALISTENIA,,86000.0,74416.1
2022,X03,Protección y promoción social,,,297576.72,243839.57
2022,X03,Protección y promoción social,EQUIPAMIENTO CENTRAL SAMUR SOCIAL,,3072.57,
2022,X03,Protección y promoción social,EQUIPAMIENTO UNIDAD DE ESTANCIAS BREVES PARA FAMILIAS,,1224.76,1021.48
2022,X03,Protección y promoción social,CENTRO DE MAYORES PALACIO DE LA DUQUESA DE SUECA. OBRAS DE SUBSANACIÓN DE PATOLOGÍAS,,127269.72,89088.8
2022,X03,Protección y promoción social,ALBERGUE MEJÍA LEQUERICA. INSTALACIONES,,4888.4,4888.4
2022,X03,Protección y promoción social,"SEDE CONSEJO DE LAS MUJERES, C/ SEÑORES DE LUZÓN, 3. SUSTITUCIÓN DE CALDERA",,3691.3,3691.3
2022,X03,Protección y promoción social,CENTROS DE MAYORES DEL DISTRITO CENTRO. OTRO MOBILIARIO Y ENSERES,,5937.1,
2022,X03,Protección y promoción social,CENTROS DE MAYORES DEL DISTRITO CENTRO. ADQUISICIÓN DE MAMPARAS PROTECTORAS,,9062.9,9062.9
2022,X03,Protección y promoción social,CENTRO DE MAYORES SAN FRANCISCO. ADECUACIÓN SALA DE CALDERAS,,22699.12,21420.04
2022,X03,Protección y promoción social,"CENTRO DE DÍA MAYORES ESCUELAS PÍAS DE SAN ANTÓN. MEJORAS SANITARIAS, ASCENSOR Y OTRAS",,19650.02,19052.44
2022,X03,Protección y promoción social,"CENTRO SERVICIOS SOCIALES MARAVILLAS. MEJORA CUBIERTA, INSTALACIONES Y ACCESIBILIDAD",,100000.0,95533.38
2022,X03,Protección y promoción social,"EQUIPAMIENTO PARA PAE.CENTRO DE FORMACIÓN OCUPACIONAL DE HOSTELERÍA, C/ JERTE, 3.",,80.83,80.83
2022,X05,Educación,,,2270505.35,2071805.1
2022,X05,Educación,EQUIPAMIENTO ESCUELA INFANTIL EL DUENDE,,183.4,183.4
2022,X05,Educación,EQUIPAMIENTO ESCUELA INFANTIL ESCUELAS DE SAN ANTÓN,,5023.92,2783.23
2022,X05,Educación,EQUIPAMIENTO ESCUELA INFANTIL LA PALOMA,,12085.87,9663.79
2022,X05,Educación,EQUIPAMIENTO RESIDENCIA INTERNADO SAN ILDEFONSO,,48000.0,5991.53
2022,X05,Educación,EQUIPAMIENTO ESCUELA DE MÚSICA Y DANZA MARÍA DOLORES PRADERA,,426.93,
2022,X05,Educación,EQUIPAMIENTO ESCUELA MUNICIPAL DE ARTE DRAMÁTICO,,925.65,925.65
2022,X05,Educación,ESCUELA INFANTIL LA BRUJA AVERÍA-LOLO RICO. OBRAS DE MEJORA Y REFORMA,,101130.29,101130.22
2022,X05,Educación,OBRAS DE CONSERVACIÓN CENTROS DOCENTES DE ENSEÑANZA DISTRITO CENTRO,,31658.3,
2022,X05,Educación,ESCUELA INFANTIL EL DUENDE. OBRAS DE ADECUACIÓN ESTRUCTURAL,,39008.55,27159.02
2022,X05,Educación,"ESCUELA INFANTIL EL DUENDE, C/PALMA, 36. OBRAS DE AMPLIACIÓN Y MEJORA",,634646.83,549849.81
2022,X05,Educación,EQUIPAMIENTO ESCUELA INFANTIL EL OLIVAR,,14718.43,12782.41
2022,X05,Educación,EQUIPAMIENTO ESCUELA INFANTIL OSA MENOR,,5023.92,2783.23
2022,X05,Educación,OBRAS DE ACONDICIONAMIENTO Y MEJORA CENTROS DOCENTES DE ENSEÑANZA DISTRITO DE CENTRO,,10693.3,
2022,X05,Educación,COLEGIO PÚBLICO SAN ILDEFONSO. SUBSANACIÓN DEFICIENCIAS INSPECCIÓN TÉCNICA DE EDIFICIOS,,413549.1,413549.1
2022,X05,Educación,EQUIPAMIENTO ESCUELA INFANTIL RODAS,,29194.82,29194.82
2022,X05,Educación,EQUIPAMIENTO ESCUELAS INFANTILES DEL DISTRITO CENTRO,,3326.17,3326.17
2022,X05,Educación,RESIDENCIA INTERNADO SAN ILDEFONSO. ADQUISICIÓN DE ORDENADORES PORTÁTILES,,16237.4,16237.4
2022,X05,Educación,COLEGIO PÚBLICO VÁZQUEZ DE MELLA. CONSERVACIÓN Y SUBSANACIÓN INSPECCIÓN TÉCNICA EDIFICIOS,,174714.04,174611.14
2022,X05,Educación,ESCUELA INFANTIL SAN ANTÓN. OBRAS SUBSANACIÓN REQUERIMIENTOS DE SANIDAD,,44723.69,41902.22
2022,X05,Educación,COLEGIO PÚBLICO NUESTRA SEÑORA DE LA PALOMA. OBRAS CONSERVACIÓN Y ADECUACIÓN A NORMATIVA,,129266.61,129106.2
2022,X05,Educación,COLEGIO PÚBLICO PI I MARGALL. OBRAS DE CONSERVACIÓN Y REPARACIÓN,,159549.56,159549.56
2022,X05,Educación,ESCUELA INFANTIL NUESTRA SEÑORA DE LA PALOMA. CONSERVACIÓN INSTALACIONES AGUA CALIENTE SANITARIA,,26003.7,25155.39
2022,X05,Educación,"EDIFICIO C/ MEJÍA LEQUERICA, 21. OBRAS REHABILITACIÓN DE FACHADA",,370414.87,365920.81
2022,X06,Urbanismo,,,13904481.53,10739861.1
2022,X06,Urbanismo,"CALLE IMPERIAL, 8. OBRAS ACCESORIAS DE URBANIZACIÓN",,13820.57,
2022,X06,Urbanismo,PUERTA DEL SOL. OBRAS DE REMODELACIÓN,,7845500.0,5576958.1
2022,X06,Urbanismo,ENTORNO PLAZA DE LOS MOSTENSES. REMODELACIÓN Y MEJORA MOVILIDAD,,772737.51,772737.51
2022,X06,Urbanismo,PLAZA DE PONTEJOS Y SU ENTORNO. OBRAS DE REMODELACIÓN DE LA URBANIZACIÓN,,20000.0,19999.99
2022,X06,Urbanismo,PLAZA DE ESPAÑA. OBRAS DE REMODELACIÓN,,3611629.12,3611053.85
2022,X06,Urbanismo,"ADQUISICIÓN DE SUELO EN LA RONDA DE SEGOVIA, 15",,375000.0,336226.34
2022,X06,Urbanismo,"PARCELA C/ LUNA, 32. ADOPCIÓN DE MEDIDAS DE SEGURIDAD",,350124.43,350122.96
2022,X06,Urbanismo,"DEMOLICIÓN EDIFICACIÓN Y ACONDICIONAMIENTO DE PARCELA EN C/ ALGECIRAS, 7",,72780.65,72762.35
2022,X06,Urbanismo,CALLE FUENCARRAL. OBRAS DE PEATONALIZACIÓN,,842889.25,
2022,X11,"Deportes, juventud y esparcimiento",,,10290045.96,10287450.86
2022,X11,"Deportes, juventud y esparcimiento","CENTRO DEPORTIVO C/COSTANILLA DESAMPARADOS, 15 C/V A C/FÚCAR, 6. CONSTRUCCIÓN",,7620598.4,7620576.35
2022,X11,"Deportes, juventud y esparcimiento",CENTRO JUVENIL MEJÍA LEQUERICA. REFORMA ANTIGUA CASA DEL CONSERJE Y OTRAS MEJORAS,,990000.0,989973.69
2022,X11,"Deportes, juventud y esparcimiento",CENTRO DEPORTIVO LA CEBADA. CONSTRUCCIÓN,,1571774.56,1571774.56
2022,X11,"Deportes, juventud y esparcimiento",DEPORTIVO BÁSICO CASINO DE LA REINA. OBRAS ADECUACIÓN DE GRADERÍO,,8842.0,8796.82
2022,X11,"Deportes, juventud y esparcimiento",ALBERGUE JUVENIL MEJÍA LEQUERICA. SUMINISTRO E INSTALACIÓN DE PUERTA DE ACCESO,,10000.0,9861.5
2022,X11,"Deportes, juventud y esparcimiento",DEPORTIVO BÁSICO CONDE DUQUE. OBRAS DE MEJORA Y EFICIENCIA ENERGÉTICA,,33458.0,32360.93
2022,X11,"Deportes, juventud y esparcimiento",DEPORTIVO BÁSICO NUESTRA SEÑORA DE LA PALOMA. OBRAS DE SOMBREAMIENTO,,54000.0,52734.48
2022,X11,"Deportes, juventud y esparcimiento",DEPORTIVO BÁSICO NUESTRA SEÑORA DE LA PALOMA. PORTERÍA DE FÚTBOL SALA/BALONMANO,,1373.0,1372.53
2022,X12,Otros bienes públicos de carácter social,,,9762.28,5861.24
2022,X12,Otros bienes públicos de carácter social,EQUIPAMIENTO OFICINA ATENCIÓN AL CIUDADANO LÍNEA MADRID DE CENTRO,,9707.83,5806.79
2022,X12,Otros bienes públicos de carácter social,OFICINA ATENCIÓN AL CIUDADANO LÍNEA MADRID CENTRO. SEÑALIZACIÓN,,54.45,54.45
2022,X04,Salud pública,,,53963.67,53936.35
2022,X04,Salud pública,"CENTRO JOVEN DE MADRID SALUD, C/NAVAS DE TOLOSA, 10. SEÑALIZACIÓN",,1423.77,1410.11
2022,X04,Salud pública,"EQUIPAMIENTO CENTRO JOVEN DE MADRID SALUD, C/NAVAS DE TOLOSA,10",,16913.77,16913.77
2022,X04,Salud pública,"CENTRO MUNICIPAL DE SALUD COMUNITARIA DE CENTRO, C/ NAVAS DE TOLOSA, 10. ADQUISICIÓN DE MAQUINARIA",,19210.21,19210.21
2022,X04,Salud pública,EQUIPAMIENTO CMSc CENTRO MUNICIPAL DE SALUD COMUNITARIA DE CENTRO,,4813.63,4813.63
2022,X04,Salud pública,CMSc CENTRO MUNICIPAL DE SALUD COMUNITARIA DE CENTRO. SEÑALIZACIÓN,,1423.77,1410.11
2022,X04,Salud pública,"CENTRO JOVEN DE MADRID SALUD, C/NAVAS DE TOLOSA,10. INSTALACIONES TÉCNICAS",,5089.26,5089.26
2022,X04,Salud pública,CENTRO MUNICIPAL DE SALUD COMUNITARIA DE CENTRO. INSTALACIONES TÉCNICAS,,5089.26,5089.26
2023,X00,Inversiones de carácter general,,,1666400.14,1635207.56
2023,X00,Inversiones de carácter general,"EDIFICIO PLAZA DE LA VILLA, 4, CASA DE CISNEROS. RESTAURACIÓN DE LÁMPARAS",,12000.0,11011.0
2023,X00,Inversiones de carácter general,"EDIFICIO CALLE MAYOR, 71. OBRAS DE RENOVACIÓN DE LUMINARIAS DE EMERGENCIA",,17425.0,17034.02
2023,X00,Inversiones de carácter general,"EDIFICIOS PLAZA DE LA VILLA, 5 Y 6. OBRAS DE VENTILACIÓN DE SÓTANOS",,3762.68,3762.68
2023,X00,Inversiones de carácter general,"EDIFICIO CALLE LUNA, 32. ADOPCIÓN DE MEDIDAS DE SEGURIDAD",,96438.33,90925.0
2023,X00,Inversiones de carácter general,CASA DUQUESA DE SUECA. OBRAS RECONSTRUCCIÓN CUERPO ESTE,,753662.34,753662.33
2023,X00,Inversiones de carácter general,"EDIFICIO C/BARQUILLO, 17. REFORMA SISTEMA DE CONTROL DE CLIMATIZACIÓN",,31887.21,31806.63
2023,X00,Inversiones de carácter general,"EDIFICIO SEDE UNED, C/ TRIBULETE, 14. SUBSANACION PATOLOGIAS FACHADA E INSTALACION GRUPO ELECTROGENO",,24510.18,24510.18
2023,X00,Inversiones de carácter general,EDIFICIO CALLE BARCO 20-22. OBRAS DE REFORMA,,63774.45,63774.45
2023,X00,Inversiones de carácter general,"CASA DE CISNEROS, PLAZA DE LA VILLA, 4. SUBSANACIÓN PATOLOGÍAS CARPINTERÍA EXTERIOR",,71058.31,68762.67
2023,X00,Inversiones de carácter general,"EDIFICIO CALLE ALCALÁ, 45, 3ª PLANTA. OBRAS DE REFORMA",,215720.54,215720.54
2023,X00,Inversiones de carácter general,"EDIFICIO C/ MAYOR, 71. OBRAS DE SUBSANACIÓN DE PATOLOGÍAS EN BAJANTE Y DEMOLICIÓN DE TABIQUERÍA",,25748.05,25747.94
2023,X00,Inversiones de carácter general,EQUIPAMIENTO SERVICIOS ADMINISTRATIVOS DISTRITO CENTRO,,4355.0,4157.78
2023,X00,Inversiones de carácter general,SERVICIOS ADMINISTRATIVOS DEL DISTRITO DE CENTRO. EXTINTORES,,443.49,312.74
2023,X00,Inversiones de carácter general,EDIFICIOS ADSCRITOS AL DISTRITO DE CENTRO. SEÑALIZACIÓN,,1000.0,
2023,X00,Inversiones de carácter general,QUIOSCO DE BEBIDAS Y ANEXOS PARQUE CASINO DE LA REINA. CONSERVACIÓN Y SUBSANACIÓN DE DAÑOS,,6527.04,6527.04
2023,X00,Inversiones de carácter general,EDIFICIO SEDE DISTRITO CENTRO. OBRAS DE ACECUACIÓN DE LAS INSTALACIONES Y ESPACIOS,,268780.08,262323.02
2023,X00,Inversiones de carácter general,OBRAS DE ACONDICIONAMIENTO Y MEJORA DE EDIFICIOS DEL DISTRITO CENTRO,,6818.76,
2023,X00,Inversiones de carácter general,EDIFICIOS DEL DISTRITO DE CENTRO. OBRAS DE ADAPTACIÓN SISTEMAS DE ALARMA,,14488.68,14488.68
2023,X00,Inversiones de carácter general,EDIFICIO SEDE DEL DISTRITO DE CENTRO. INSTALACIONES DE CLIMATIZACIÓN,,48000.0,40680.86
2023,X10,Cultura,,,1327505.6,1202899.79
2023,X10,Cultura,"EDIFICIO PLAZA DE LA VILLA. BIENES PATRIMONIO HISTÓRICO, ARTÍSTICO Y CULTURAL",,1000.0,
2023,X10,Cultura,BIBLIOTECA MUSICAL VÍCTOR ESPINÓS. ADQUISICIÓN  DE INSTRUMENTOS MUSICALES,,18000.0,17736.75
2023,X10,Cultura,BIBLIOTECA PÚBLICA IVÁN DE VARGAS. EQUIPOS DE MEGAFONÍA,,1151.12,1151.12
2023,X10,Cultura,"BIBLIOTECAS Y HEMEROTECA C/CONDE DUQUE,9-11. PLACAS CONMEMORATIVAS A LOS GESTORES DE SUS COLECCIONES",,1300.0,1270.5
2023,X10,Cultura,BIBLIOTECA IVÁN DE VARGAS. INSTALACIÓN PLACA CONMEMORATIVA A MIGUEL TÉBAR,,500.0,471.9
2023,X10,Cultura,BIBLIOTECA HISTÓRICA MUNICIPAL. ADQUISICIÓN FACSIMIL AUTÓGRAFOS DE MIGUEL DE CERVANTES,,900.0,812.8
2023,X10,Cultura,"BIBLIOTECA HISTÓRICA MUNICIPAL. LIBRO ""RECOPILACIÓN PRAGMÁTICAS Y LEYES DEL REYNO"" DEL AÑO 1550",,14000.0,14000.0
2023,X10,Cultura,ARCHIVO DE VILLA. ADQUISICIÓN DE ESCANER,,86000.0,85910.0
2023,X10,Cultura,ARCHIVO DE VILLA. REPOSICIÓN DE ESTANTERÍAS COMPACTAS,,75000.0,71874.0
2023,X10,Cultura,ARCHIVO DE LA VILLA. PLACA CONMEMORATIVA A LOS GESTORES DEL FONDO DOCUMENTAL,,650.0,605.0
2023,X10,Cultura,ARCHIVO DE VILLA. MOBILIARIO Y OTROS ENSERES ADAPTADOS PARA MEJORA ACCESIBILIDAD,,1650.0,
2023,X10,Cultura,ARCHIVO DE VILLA. BUCLES MAGNÉTICOS PARA MEJORA ACCESIBILIDAD,,850.0,
2023,X10,Cultura,ARCHIVO DE VILLA. MOBILIARIO TÉCNICO DE ALMACENAJE ESPECIALIZADO,,8000.0,7616.95
2023,X10,Cultura,MUSEO SAN ISIDRO. ADQUISICIÓN DE TABLAS DEL SIGLO XVIII DE SAN ISIDRO Y SANTA MARÍA DE LA CABEZA,,184.03,184.03
2023,X10,Cultura,"MUSEO ARTE CONTEMPORÁNEO. ADQUISICIÓN DE GRABADOS DE JUAN LÓPEZ ""REMNANTS 1 Y 2""",,122.69,122.69
2023,X10,Cultura,"MUSEO DE ARTE CONTEMPORÁNEO. ADQUISICIÓN ESCULTURA ""ST/1984"" DE ADOLFO SCHLOSSER",,24000.0,24000.0
2023,X10,Cultura,"MUSEO DE ARTE CONTEMPORÁNEO. ADQUISICIÓN OBRA PICTÓRICA ""ÍZNAR"" DE MANUEL BARBADILLO",,46282.5,46282.5
2023,X10,Cultura,"MUSEO DE ARTE CONTEMPORÁNEO. ADQUISICIÓN OBRA PICTÓRICA ""LONA I"" DE NACHO CRIADO",,53240.0,53240.0
2023,X10,Cultura,"MUSEO DE HISTORIA DE MADRID. ADQUISICIÓN PINTURA ""PUERTA DE ALCALÁ, 1911"" DE ENRIQUE SIMONET",,3798.6,3327.33
2023,X10,Cultura,"MUSEO DE ARTE CONTEMPORÁNEO. ADQUISICIÓN OBRA PICTÓRICA ""VENTANA DE PALOS DE MOGUER"" DE MARÍA MORENO",,26620.0,26620.0
2023,X10,Cultura,"MUSEO DE ARTE CONTEMPORÁNEO. ADQUISICIÓN DE ESCULTURA ""QUORUM SENSING"" DE ASUNCIÓN MOLINOS",,27830.0,27830.0
2023,X10,Cultura,"MUSEO DE ARTE CONTEMPORÁNEO. ADQUISICIÓN DE ESCULTURA ""REJA"" DE EUSEBIO SEMPERE",,39639.6,39639.6
2023,X10,Cultura,"MUSEO DE SAN ISIDRO. ADQUISICIÓN DE DOS TALLAS DE SAN ISIDRO Y SANTA MARÍA DE LA CABEZA, ANÓNIMAS",,14950.0,14950.0
2023,X10,Cultura,"MUSEO ARTE CONTEMPORÁNEO.  DOCUMENTO TINTA ""POR DETRÁS DEL MIEDO DE NUESTROS PUEBLOS"" CONCHA JEREZ",,33880.0,33880.0
2023,X10,Cultura,"MUSEO HISTORIA MADRID. ADQUISICIÓN CUADRO ""DOMINGO DE RAMOS EN LOS JERÓNIMOS"" JOSÉ RIBERA BLÁZQUEZ",,4000.0,4000.0
2023,X10,Cultura,MUSEO DE HISTORIA DE MADRID. ADQUISICIÓN ARCHIVO FOTOGRÁFICO DE MIGUEL F. HERNÁNDEZ SANTOS,,14999.0,14999.0
2023,X10,Cultura,MUSEO SAN ISIDRO. ADQUISICIÓN CUADRO TÉCNICA MIXTA SAN ISIDRO EN EL MILAGRO DE LA FUENTE. ANÓNIMO,,800.0,800.0
2023,X10,Cultura,MUSEO SAN ISIDRO. ADQUISICIÓN MEDALLÓN DOS RELIEVES EN MARFIL DE SAN ISIDRO Y LA PIEDAD,,1800.0,1800.0
2023,X10,Cultura,MUSEO ARTE CONTEMPORÁNEO. OBRA PARTIDOS POLÍTICOS DESAPARECIDOS DEL ARTISTA ALEXANDER APÓSTOL,,16335.0,16335.0
2023,X10,Cultura,"MUSEO ARTE CONTEMPORÁNEO. FOTOGRAFÍAS LAZA, LAS PEDROÑERAS"" Y OTRAS DE CRISTÓBAL HARA",,17969.27,17969.27
2023,X10,Cultura,"MUSEO ARTE CONTEMPORÁNEO. OBRA LA FAISANA, DE LA ARTISTA BELÉN RODRÍGUEZ",,13370.5,13370.5
2023,X10,Cultura,"MUSEO ARTE CONTEMPORÁNEO. ADQUISICIÓN DE DOS ÓLEOS, DE LA ARTISTA ELVIRA AMOR",,16335.0,16335.0
2023,X10,Cultura,"MUSEO ARTE CONTEMPORÁNEO. OBRA DOS FIGURAS ESTÁN CONECTADAS A UN ÁRBOL, DE LA ARTISTA MARÍA GÓMEZ",,15989.77,15989.77
2023,X10,Cultura,IMPRENTA MUNICIPAL-ARTES DEL LIBRO. EJEMPLARES PARA LA COLECCIÓN HISTÓRICO ARTÍSTICA,,1400.0,1400.0
2023,X10,Cultura,MUSEO HISTORIA DE MADRID. REINSTALACION MUSEOGRÁFICA MAQUETA DE MADRID DE 1830,,50000.0,
2023,X10,Cultura,MUSEO DE SAN ISIDRO. LOS ORÍGENES DE MADRID. ADQUISICIÓN FONDOS BIBLIOGRÁFICOS BIBLIOTECAS TÉCNICAS,,6760.61,6760.61
2023,X10,Cultura,MUSEO DE SAN ISIDRO. LOS ORÍGENES DE MADRID. MOBILIARIO TÉCNICO DE ALMACENAJE ESPECIALIZADO,,4500.0,4017.2
2023,X10,Cultura,MUSEO DE HISTORIA DE MADRID. MEDIDORES TEMPERATURA Y HUMEDAD PARA CONSERVACIÓN COLECCIÓN PERMANENTE,,5000.0,3973.04
2023,X10,Cultura,MUSEO DE SAN ISIDRO. LOS ORÍGENES DE MADRID. RENOVACIÓN MUSEOGRÁFICA,,20000.0,16927.9
2023,X10,Cultura,MUSEO DE SAN ISIDRO. OBRAS DE ADECUACIÓN PARA SOSTENIBILIDAD,,6931.13,6931.13
2023,X10,Cultura,CUARTEL CONDE DUQUE. ADECUACIÓN PROTECCIÓN CONTRA INCENDIOS,,2675.13,
2023,X10,Cultura,CUARTEL CONDE DUQUE. MONITORIZACIÓN DE CLIMATIZACIÓN,,27765.72,27765.72
2023,X10,Cultura,MUSEO DE HISTORIA DE MADRID. OBRAS DE ACONDICIONAMIENTO,,1813.79,
2023,X10,Cultura,"CENTRO DE LAS ARTES DEL LIBRO. REFORMA INSTALACIONES CLIMATIZACIÓN, ELÉCTRICA E ILUMINACIÓN",,136324.55,136324.55
2023,X10,Cultura,"MONUMENTO HOMENAJE A LAS VÍCTIMAS DEL CAMPO DE CONCENTRACIÓN DE MAUTHAUSEN,C/SACRAMENTO.INSTALACIÓN",,5534.01,5534.01
2023,X10,Cultura,CUARTEL CONDE DUQUE. OBRAS PARA LA TERMORREGULACIÓN Y ADECUACIÓN DE ESPACIOS,,27041.16,6276.99
2023,X10,Cultura,BIBLIOTECA IVÁN DE VARGAS. ACONDICIONAMIENTO INSTALACIÓN PROTECCIÓN INCENDIOS Y OTRAS,,48000.0,46714.01
2023,X10,Cultura,MUSEO SAN ISIDRO. LOS ORÍGENES DE MADRID. SUBSANACIÓN INSTALACIÓN CONTRA INCENDIOS,,48000.0,47357.8
2023,X10,Cultura,CENTRO CULTURAL CONDE DUQUE. OBRAS DE REFORMA PARA SERVICIO DE BIBLIOTECAS,,105671.36,90436.46
2023,X10,Cultura,CENTRO SOCIOCULTURAL CLARA DEL REY. OTRO MOBILIARIO Y ENSERES,,9065.59,9065.59
2023,X10,Cultura,CENTROS CULTURALES DISTRITO CENTRO. EQUIPAMIENTO PROGRAMACIÓN CULTURAL,,51.87,
2023,X10,Cultura,EQUIPAMIENTO CENTRO CULTURAL LAVAPIÉS,,2348.13,2348.13
2023,X10,Cultura,PLACAS CONMEMORATIVAS EN EL DISTRITO CENTRO. INSTALACIÓN,,5075.0,2536.64
2023,X10,Cultura,CENTROS CULTURALES DEL DISTRITO DE CENTRO. EXTINTORES,,68.97,48.64
2023,X10,Cultura,EQUIPOS AUDIOVISUALES Y DE COMUNICACIÓN PARA ACTIVIDADES CULTURALES DEL DISTRITO DE CENTRO,,12100.0,
2023,X10,Cultura,ESCENARIO PORTÁTIL PARA ACTIVIDADES CULTURALES DEL DISTRITO DE CENTRO,,15428.0,14388.0
2023,X10,Cultura,"EDIFICIO C/ AMANIEL, 29-31. ACONDICIONAMIENTO PARA CENTRO CULTURAL CLARA DEL REY",,56493.64,54995.9
2023,X10,Cultura,CENTRO CULTURAL CLARA DEL REY - MUSEO ABC. ADECUACIÓN CLIMATIZACIÓN Y ELIMINACIÓN HUMEDADES,,129989.46,129981.74
2023,X10,Cultura,CENTRO CULTURAL LAVAPIÉS. OBRAS DE ADECUACIÓN Y CONSERVACIÓN,,18320.4,15992.02
2023,X01,Protección Civil y seguridad ciudadana,,,81867.27,79286.07
2023,X01,Protección Civil y seguridad ciudadana,PARQUE DE BOMBEROS Nº 3. OBRAS DE ACONDICIONAMIENTO,,47271.35,44690.15
2023,X01,Protección Civil y seguridad ciudadana,RENOVACIÓN CÁMARAS VIDEOVIGILANCIA POLICÍA MUNICIPAL ENTORNO C/ BALLESTA,,34595.92,34595.92
2023,X14,Sectores productivos,,,2006192.99,628651.73
2023,X14,Sectores productivos,ESPACIO BAILÉN DESARROLLO TURÍSTICO SOSTENIBLE. EQUIPAMIENTO TECNOLÓGICO,,1481375.0,
2023,X14,Sectores productivos,OFICINA DE MADRID INVESTMENT ATTRACTION. PUNTOS DE ANCLAJE PARA SEGURIDAD EN VENTANAS,,15000.0,
2023,X14,Sectores productivos,OFICINA DE MADRID INVESTMENT ATTRACTION. INSTALACIÓN DE DETECTORES EN DESPACHOS,,2000.0,
2023,X14,Sectores productivos,OFICINA DE MADRID INVESTMENT ATTRACTION. OBRAS DE MEJORA,,3000.0,
2023,X14,Sectores productivos,MADRID INTERNATIONAL LAB. EQUIPOS DE COMUNICACIÓN,,1110.67,59527.62
2023,X14,Sectores productivos,PUERTA INNOVACIÓN. EQUIPOS DE COMUNICACIÓN,,1110.67,69294.23
2023,X14,Sectores productivos,"EDIFICIO SEDE MADRID INTERNACIONAL LAB, C/BAILÉN, 41. OBRAS DE ADECUACIÓN FACHADA Y ENVOLVENTE",,502596.65,499829.88
2023,X13,Otros bienes públicos de carácter económico,,,111718.17,33718.15
2023,X13,Otros bienes públicos de carácter económico,CENTRO INNOVACIÓN MADRID INTERNATIONAL LAB. INSTALACIONES DOMÓTICAS,,48499.0,
2023,X13,Otros bienes públicos de carácter económico,CENTRO MADRID INTERNATIONAL LAB. MEDIDAS SEGURIDAD EN ACCESO A LUCERNARIOS,,4501.0,
2023,X13,Otros bienes públicos de carácter económico,CENTRO MADRID INTERNATIONAL LAB. INSTALACIONES DE SEGURIDAD,,22000.0,
2023,X13,Otros bienes públicos de carácter económico,CENTRO MADRID INTERNATIONAL LAB. OBRAS DE MEJORA,,3000.0,
2023,X13,Otros bienes públicos de carácter económico,EQUIPAMIENTO CENTRO INNOVACIÓN MADRID INTERNATIONAL LAB,,10300.86,10300.85
2023,X13,Otros bienes públicos de carácter económico,CENTRO DE INNOVACIÓN MADRID INTERNATIONAL LAB. INSTALACIONES TÉCNICAS,,4354.0,4354.0
2023,X13,Otros bienes públicos de carácter económico,PUERTA INNOVACIÓN. INSTALACIONES TÉCNICAS,,1943.76,1943.76
2023,X13,Otros bienes públicos de carácter económico,CENTRO DE INNOVACIÓN MADRID INTERNACIONAL LAB (ILAB). SEÑALÉTICA,,17119.55,17119.54
2023,X09,Medio ambiente,,,1218748.07,1154081.34
2023,X09,Medio ambiente,MIRADOR DE LOS JARDINES DE LA PLAZA DE GABRIEL MIRÓ. ADOPCIÓN DE MEDIDAS DE SEGURIDAD,,120120.05,116578.1
2023,X09,Medio ambiente,PLANTACIONES ARBÓREAS EN LOS PARQUES DEL DISTRITO DE CENTRO. MEJORA ESTÉTICA Y MEDIO AMBIENTAL,,63011.8,62580.54
2023,X09,Medio ambiente,ZONA VERDE PLAZA DE LA CORRALA. OBRAS DE REMODELACIÓN,,185463.52,180248.27
2023,X09,Medio ambiente,PARQUE DE LA CORNISA. OBRAS DE REMODELACIÓN,,409898.0,384542.82
2023,X09,Medio ambiente,PLAZA GENERAL VARA DEL REY. REMODELACIÓN ÁREA ESTANCIAL Y REORDENACIÓN APARCAMIENTO,,135068.96,133868.41
2023,X09,Medio ambiente,ZONA VERDE PLAZA DE MINISTRILES. ADECUACIÓN ÁREA INFANTIL,,305185.74,276263.2
2023,X08,Mantenimiento urbano,,,5055074.61,4836730.45
2023,X08,Mantenimiento urbano,MOBILIARIO URBANO ÁREAS DE MAYORES DISTRITO CENTRO. REPOSICIÓN,,30518.3,30518.28
2023,X08,Mantenimiento urbano,"CALLES BARQUILLO, COLEGIATA, CONCEPCIÓN JERÓNIMA Y DUQUE DE RIVAS. RENOVACIÓN CAPA DE RODADURA",,11589.11,11589.11
2023,X08,Mantenimiento urbano,"CALLE DEL NOVICIADO, DE LA PAZ, DEL PRADO, SEGOVIA Y PLAZA DE SANTA CRUZ. ADECUACIÓN DE VIALES",,147815.97,147815.97
2023,X08,Mantenimiento urbano,C/ MANZANA. ADECUACIÓN DE ACERAS Y MEJORA DE LA ACCESIBILIDAD,,209509.27,162808.71
2023,X08,Mantenimiento urbano,CALLE SANTA CRUZ DE MARCENADO. PAVIMENTACIÓN Y MEJORA ACERAS,,307797.04,301886.09
2023,X08,Mantenimiento urbano,CALLE DEL LEÓN Y OTRAS DISTRITO CENTRO. RENOVACIÓN PAVIMENTOS EN CALZADAS,,348655.23,348655.23
2023,X08,Mantenimiento urbano,"C/LAVAPIÉS, SAN CARLOS, OLIVAR Y CABEZA, DISTRITO CENTRO. RENOVACIÓN DE PAVIMENTOS EN CALZADAS",,269945.93,269945.93
2023,X08,Mantenimiento urbano,"GLORIETA EMPERADOR CARLOS V, CALLE RELOJ Y OTRAS DISTRITO DE CENTRO. RENOVACIÓN PAVIMENTOS CALZADAS",,911315.3,911315.29
2023,X08,Mantenimiento urbano,CALLE CALATRAVA. RENOVACIÓN DE PAVIMENTOS Y ACONDICIONAMIENTO ACERADOS,,137010.39,112027.31
2023,X08,Mantenimiento urbano,CALLE DE SEGOVIA. RENOVACIÓN DE PAVIMENTOS Y ACONDICIONAMIENTO ACERADOS,,153604.23,148118.83
2023,X08,Mantenimiento urbano,CAMINOS ESCOLARES SEGUROS ENTORNO ESCUELA INFANTIL OSA MENOR. ADECUACIÓN VIALES,,210476.45,210476.45
2023,X08,Mantenimiento urbano,CALLE BAILEN EN EL ENTORNO AL MUSEO DE COLECCIONES REALES. ADECUACIÓN ACCESOS,,1974058.14,1879584.77
2023,X08,Mantenimiento urbano,TÚNEL DE PUERTA DE TOLEDO. ACONDICIONAMIENTO DE INSTALACIONES Y MEDIDAS DE SEGURIDAD,,16174.13,1013.21
2023,X08,Mantenimiento urbano,TECNOLOGÍA LED EN LAS FAROLAS DEL DISTRITO DE CENTRO. IMPLANTACIÓN,,11354.89,11354.89
2023,X08,Mantenimiento urbano,ENTORNO DE LA CALLE SANTA ISABEL. RENOVACIÓN DE ACERAS Y CALZADAS,,48167.44,29782.84
2023,X08,Mantenimiento urbano,VIALES ENTORNO DE MALASAÑA. OBRAS DE ACCESIBILIDAD EN ACERAS Y CALZADAS (ID 20: 14402),,267082.79,259837.54
2023,X03,Protección y promoción social,,,454734.25,414636.91
2023,X03,Protección y promoción social,EDIFICIO SEDE DE LA CENTRAL DEL SAMUR SOCIAL DARÍO PÉREZ MADERA. SEÑALÉTICA,,822.8,822.8
2023,X03,Protección y promoción social,"EQUIPAMIENTO CENTRO DE APOYO A LAS FAMILIAS Nº 1, DISTRITO DE CENTRO",,484.41,484.41
2023,X03,Protección y promoción social,EQUIPAMIENTO CENTRAL SAMUR SOCIAL,,6907.46,6907.46
2023,X03,Protección y promoción social,EQUIPAMIENTO UNIDAD DE ESTANCIAS BREVES PARA FAMILIAS,,522.72,522.72
2023,X03,Protección y promoción social,OTRO EQUIPAMIENTO DE LA CENTRAL DE  SAMUR SOCIAL,,12897.39,7263.51
2023,X03,Protección y promoción social,OTRO EQUIPAMIENTO UNIDAD DE ESTANCIAS BREVES PARA FAMILIAS,,4204.79,3071.46
2023,X03,Protección y promoción social,EQUIPAMIENTO ALBERGUE MUNICIPAL MEJÍA LEQUERICA,,7247.6,3615.78
2023,X03,Protección y promoción social,CENTRO DE MAYORES PALACIO DE LA DUQUESA DE SUECA. OBRAS DE SUBSANACIÓN DE PATOLOGÍAS,,181433.81,181433.2
2023,X03,Protección y promoción social,CENTROS DE MAYORES DEL DISTRITO CENTRO. ADQUISICIÓN DE MOBILIARIO Y ENSERES,,1149.34,
2023,X03,Protección y promoción social,CENTROS DE MAYORES DEL DISTRITO CENTRO. ELECTRODOMÉSTICOS Y OTRO MOBILIARIO,,5850.66,5850.66
2023,X03,Protección y promoción social,CENTROS DE MAYORES DEL DISTRTO DE CENTRO. EXTINTORES,,1152.86,812.97
2023,X03,Protección y promoción social,EQUIPAMIENTO CENTROS DE SERVICIOS SOCIALES DEL DISTRITO DE CENTRO,,70.5,
2023,X03,Protección y promoción social,EQUIPAMIENTO CENTRO DE SERVICIOS SOCIALES PUERTA DE TOLEDO,,400.47,400.47
2023,X03,Protección y promoción social,EQUIPAMIENTO CENTRO DE SERVICIOS SOCIALES MARAVILLAS,,416.03,416.03
2023,X03,Protección y promoción social,CENTROS DE SERVICIOS SOCIALES DEL DISTRITO DE CENTRO. EXTINTORES,,1182.52,833.88
2023,X03,Protección y promoción social,CENTRO DE MAYORES SAN FRANCISCO. ACONDICIONAMIENTO Y MEJORA ACCESIBILIDAD,,129990.89,129983.44
2023,X03,Protección y promoción social,"EDIFICIO PLAZA DEL DOS DE MAYO, 1. OBRAS ADECUACIÓN PARA CENTRO DE SERVICIOS SOCIALES",,100000.0,72218.12
2023,X05,Educación,,,1266193.29,1071540.56
2023,X05,Educación,EQUIPAMIENTO ESCUELA INFANTIL EL DUENDE,,166120.76,122250.43
2023,X05,Educación,EQUIPAMIENTO ESCUELA INFANTIL ESCUELAS DE SAN ANTÓN,,872.41,872.41
2023,X05,Educación,EQUIPAMIENTO ESCUELA INFANTIL LA PALOMA,,25486.59,14794.19
2023,X05,Educación,EQUIPAMIENTO RESIDENCIA INTERNADO SAN ILDEFONSO,,107700.0,8522.85
2023,X05,Educación,ESCUELA INFANTIL EL DUENDE. SEÑALIZACIÓN,,588.42,588.42
2023,X05,Educación,EQUIPAMIENTO ESCUELA DE MÚSICA Y DANZA MARÍA DOLORES PRADERA,,2213.07,2213.07
2023,X05,Educación,EQUIPAMIENTO ESCUELA MUNICIPAL DE ARTE DRAMÁTICO,,4368.34,4368.34
2023,X05,Educación,ESCUELA INFANTIL LA BRUJA AVERÍA-LOLO RICO. OBRAS DE MEJORA Y REFORMA,,1269.75,1269.75
2023,X05,Educación,OBRAS DE CONSERVACIÓN CENTROS DOCENTES DE ENSEÑANZA DISTRITO CENTRO,,341.53,
2023,X05,Educación,ESCUELA INFANTIL EL DUENDE. OBRAS DE ADECUACIÓN ESTRUCTURAL,,43313.07,42658.47
2023,X05,Educación,"ESCUELA INFANTIL EL DUENDE, C/PALMA, 36. OBRAS DE AMPLIACIÓN Y MEJORA",,847110.32,811084.2
2023,X05,Educación,ESCUELAS INFANTILES DISTRITO CENTRO. ADQUISICIÓN DE OTRO MOBILIARIO Y ENSERES,,1354.6,
2023,X05,Educación,ESCUELA INFANTIL LA PALOMA. ADQUISICIÓN DE OTRO MOBILIARIO Y ENSERES,,645.4,1061.42
2023,X05,Educación,COLEGIO PÚBLICO ISABEL LA CATÓLICA. OBRAS DE INSTALACIÓN DE SISTEMA ANTI-PALOMAS EN FACHADAS,,17000.0,16983.88
2023,X05,Educación,ESCUELAS INFANTILES DEL DISTRITO DE CENTRO. EXTINTORES,,551.77,528.72
2023,X05,Educación,CENTROS EDUCATIVOS DEL DISTRITO DE CENTRO. OBRAS DE ADAPTACIÓN SISTEMAS DE ALARMA,,32570.0,29864.76
2023,X05,Educación,"ESCUELA MUNICIPAL DE ARTE DRAMÁTICO, C/ MEJÍA LEQUERICA, 21. EXTINTORES",,187.26,132.05
2023,X05,Educación,RESIDENCIA INTERNADO SAN ILDEFONSO. OBRAS DE INSTALACIÓN DE MALLAS DE CELOSÍA EN VENTANAS,,14500.0,14347.6
2023,X06,Urbanismo,,,16724484.95,15577882.69
2023,X06,Urbanismo,"CALLE IMPERIAL, 8. OBRAS ACCESORIAS DE URBANIZACIÓN",,13820.57,11706.36
2023,X06,Urbanismo,PUERTA DEL SOL. OBRAS DE REMODELACIÓN,,11223775.98,10795741.56
2023,X06,Urbanismo,ENTORNO PLAZA DE LOS MOSTENSES. REMODELACIÓN Y MEJORA MOVILIDAD,,4277697.0,3716561.18
2023,X06,Urbanismo,PLAZA DE PONTEJOS Y SU ENTORNO. OBRAS DE REMODELACIÓN DE LA URBANIZACIÓN,,1209191.4,1053873.59
2023,X11,"Deportes, juventud y esparcimiento",,,11229726.32,10604948.58
2023,X11,"Deportes, juventud y esparcimiento","CENTRO DEPORTIVO C/COSTANILLA DESAMPARADOS, 15 C/V A C/FÚCAR, 6. CONSTRUCCIÓN",,9366061.8,8901842.06
2023,X11,"Deportes, juventud y esparcimiento",CENTRO JUVENIL MEJÍA LEQUERICA. REFORMA ANTIGUA CASA DEL CONSERJE Y OTRAS MEJORAS,,659744.97,509844.91
2023,X11,"Deportes, juventud y esparcimiento",CENTRO DEPORTIVO LA CEBADA. PANTALLAS ACÚSTICAS EN CLIMATIZACIÓN Y OBRAS DE SEGURIDAD EN CUBIERTA,,99919.55,92042.0
2023,X11,"Deportes, juventud y esparcimiento",CENTRO DEPORTIVO ESCUELAS DE SAN ANTÓN. SUBSANACIÓN DE PATOLOGÍAS EN LA FACHADA,,1100000.0,1098474.56
2023,X11,"Deportes, juventud y esparcimiento",OBRAS DE CONSERVACIÓN DE INTALACIONES DEPORTIVAS DEL DISTRITO DE CENTRO,,1000.0,
2023,X11,"Deportes, juventud y esparcimiento","DEPORTIVO BÁSICO NUESTRA SEÑORA DE LA PALOMA ""EL CAMPITO"". PORTERÍA DE FÚTBOL SALA/BALONMANO",,1500.0,1372.52
2023,X11,"Deportes, juventud y esparcimiento",DEPORTIVO BÁSICO PARQUE DE ATENAS. PORTERÍA DE FÚTBOL SALA/BALONMANO,,1500.0,1372.53
2023,X12,Otros bienes públicos de carácter social,,,39969.76,39964.08
2023,X12,Otros bienes públicos de carácter social,"OFICINA DE ATENCIÓN AL CONSUMIDOR EN CALLE ATOCHA, 70. REPARACIÓN CLIMATIZACIÓN",,39969.76,39964.08
2023,X04,Salud pública,,,117948.39,116288.64
2023,X04,Salud pública,CASA DE BAÑOS DE EMBAJADORES. OBRAS ADECUACIÓN Y REPARACIÓN ASCENSOR,,43231.13,41571.39
2023,X04,Salud pública,"CENTRO JOVEN DE MADRID SALUD, C/NAVAS DE TOLOSA, 10. MAQUINARIA",,1542.75,1542.75
2023,X04,Salud pública,CMSc CENTRO MUNICIPAL DE SALUD COMUNITARIA DE CENTRO. MAQUINARIA,,1119.25,1119.25
2023,X04,Salud pública,"OTRO EQUIPAMIENTO CENTRO JOVEN DE MADRID SALUD, C/NAVAS DE TOLOSA,10",,5058.21,5058.21
2023,X04,Salud pública,OTRO EQUIPAMIENTO CMSc CENTRO MUNICIPAL DE SALUD COMUNITARIA DE CENTRO,,9514.55,9514.55
2023,X04,Salud pública,"CENTRO JOVEN DE MADRID SALUD, C/NAVAS DE TOLOSA, 10. SEÑALIZACIÓN",,746.57,746.57
2023,X04,Salud pública,"CENTRO JOVEN DE MADRID SALUD, C/NAVAS DE TOLOSA, 10. OBRAS DE REFORMA",,56735.93,56735.92
2024,X00,Inversiones de carácter general,,,5659722.55,5326100.39
2024,X00,Inversiones de carácter general,"CASA DE CISNEROS, PLAZA DE LA VILLA, 4. OBRAS DE SUBSANACIÓN DE PATOLOGÍAS",,248867.09,
2024,X00,Inversiones de carácter general,"EDIFICIO CALLE MAYOR, 71. OBRAS DE SUBSANACIÓN DE PATOLOGÍAS EN FACHADAS",,1580381.25,1500101.15
2024,X00,Inversiones de carácter general,"EDIFICIO PLAZA DE LA VILLA, 4. OBRAS DE ADECUACIÓN DE CLIMATIZACIÓN",,34500.0,33415.03
2024,X00,Inversiones de carácter general,"SALA PRENSA GARAJE C/ SACRAMENTO, 4. MEJORAS Y ACTUALIZACIÓN INSTALACIONES",,48500.0,47996.28
2024,X00,Inversiones de carácter general,EDIFICIO PALACIO CAÑETE. SUSTITUCIÓN LÍNEAS DE VIDA,,23594.59,23594.46
2024,X00,Inversiones de carácter general,"EDIFICIO CALLE BARQUILLO, 17. OBRAS DE REFORMA",,162652.76,160410.24
2024,X00,Inversiones de carácter general,"EDIFICIO ESCUELAS PÍAS DE SAN FERNANDO, C/ TRIBULETE, 14. SUBSANACIÓN DE PATOLOGÍAS EN LUCERNARIOS",,326284.57,326284.35
2024,X00,Inversiones de carácter general,"EDIFICIO C/ ALCALÁ, 45. ADAPTACIÓN A NORMATIVA DE LA INSTALACIÓN DE CLIMATIZACIÓN",,2670309.95,2670055.74
2024,X00,Inversiones de carácter general,"EDIFICIO C/ BARCO, 20. ACONDICIONAMIENTO DE ASEOS Y RENOVACIÓN INSTALACIÓN DE FONTANERÍA",,499996.14,499996.04
2024,X00,Inversiones de carácter general,SERVICIOS ADMINISTRATIVOS JUNTA MUNICIPAL DEL DISTRITO CENTRO. EQUIPOS DE COMUNICACIÓN  Y MOBILIARIO,,2036.2,1913.11
2024,X00,Inversiones de carácter general,EDIFICIO SEDE DEL DISTRITO CENTRO. BUCLES DE INDUCCIÓN PORTÁTILES,,2600.0,2432.58
2024,X00,Inversiones de carácter general,JUNTA MUNICIPAL DEL DISTRITO CENTRO. OBRAS DE ACONDICIONAMIENTO Y RENOVACIÓN DE INSTALACIONES,,60000.0,59901.41
2024,X10,Cultura,,,1054565.18,920322.45
2024,X10,Cultura,ARCHIVO DE VILLA. MOBILIARIO Y OTROS ENSERES ADAPTADOS PARA MEJORA ACCESIBILIDAD,,1650.0,153.42
2024,X10,Cultura,ARCHIVO DE VILLA. BUCLES MAGNÉTICOS PARA MEJORA ACCESIBILIDAD,,850.0,398.96
2024,X10,Cultura,CUARTEL CONDE DUQUE. OBRAS PARA LA TERMORREGULACIÓN Y ADECUACIÓN DE ESPACIOS,,97210.24,80426.09
2024,X10,Cultura,PLACAS CONMEMORATIVAS EN EL DISTRITO CENTRO. INSTALACIÓN,,6250.0,4468.29
2024,X10,Cultura,EQUIPAMIENTO BIBLIOTECA PÚBLICA IVÁN DE VARGAS,,3097.6,3097.6
2024,X10,Cultura,CASA DE LA VILLA. OBRAS DE RESTAURACION,,211622.13,211622.11
2024,X10,Cultura,"EDIFICIO PLAZA DE LA VILLA, 4. CUADROS RETRATOS DE REGIDORES DEL AYUNTAMIENTO DE MADRID",,13200.0,13200.0
2024,X10,Cultura,"BIENES PATRIMONIO HISTÓRICO ARTÍSTICO PRESIDENCIA DEL PLENO, PZA. DE LA VILLA, 4",,248.0,
2024,X10,Cultura,"EDIFICIO PLAZA DE LA VILLA, 4. RESTAURACIÓN DE LÁMPARAS, FAROLES Y OTROS BIENES",,13552.0,13552.0
2024,X10,Cultura,BIBLIOTECA PÚBLICA BENITO PÉREZ GALDÓS. MATERIAL PARA ORGANIZACIÓN DE EVENTOS FOMENTO LECTURA,,870.0,
2024,X10,Cultura,BIBLIOTECA HISTÓRICA MUNICIPAL. ADQUISICIÓN DE OBRAS DE FONDO ANTIGUO,,14000.0,13900.0
2024,X10,Cultura,BIBLIOTECA PÚBLICA BENITO PÉREZ GALDÓS. SEÑALÉTICA EXTERIOR,,434.06,434.06
2024,X10,Cultura,BIBLIOTECA PÚBLICA BENITO PÉREZ GALDÓS. SEÑALÉTICA,,6259.19,6259.19
2024,X10,Cultura,BIBLIOTECA PÚBLICA IVÁN DE VARGAS. MATERIAL PARA ORGANIZACIÓN DE EVENTOS FOMENTO LECTURA,,2450.0,1152.83
2024,X10,Cultura,INSTITUCIONES BIBLIOGRÁFICAS CONDE DUQUE. DISPOSITIVOS DE HUMEDAD Y TEMPERATURA,,8000.0,6107.17
2024,X10,Cultura,BIBLIOTECA MUSICAL VÍCTOR ESPINOS. ADQUISICIÓN DE INSTRUMENTOS Y PARTITURAS,,18000.0,16598.99
2024,X10,Cultura,HEMEROTECA MUNICIPAL. BALDAS PARA ESTANTERÍAS MÓVILES COMPACTAS,,10500.0,9011.35
2024,X10,Cultura,BIBLIOTECA TÉCNICA CONDE DUQUE. CARROS PARA TRASLADO DE COLECCIÓN BIBLIOGRÁFICA,,2000.0,1510.08
2024,X10,Cultura,ARCHIVO DE VILLA. MOBILIARIO Y EQUIPOS DE OFICINA,,2800.0,2120.04
2024,X10,Cultura,ARCHIVO DE VILLA. EQUIPOS PROCESO DE DATOS,,6475.0,6437.2
2024,X10,Cultura,MUSEO ARTE CONTEMPORÁNEO. ADQUISICIÓN OBRAS PAISAJE PIRENAICO Y OTRAS DE CARLOS FORNS BADA,,12088.0,12088.0
2024,X10,Cultura,MUSEO ARTE CONTEMPORÁNEO. ADQUISICIÓN ESCULTURA ESTADIO SEXUAL INDIFERENCIADO TERESA SOLAR ABBOUD,,22627.0,22627.0
2024,X10,Cultura,"MUSEO DE ARTE CONTEMPORÁNEO. ADQUISICIÓN DE INSTALACIÓN DE AN WEI ""24/7 DE 2023""",,7732.0,7732.0
2024,X10,Cultura,"MUSEO HISTORIA DE MADRID. BOCETO ""ENTERRAMIENTOS DE LA MONCLOA DE 1808"" ATRIBUIDO A VICENTE PALMAROL",,1800.0,1800.0
2024,X10,Cultura,"MUSEO DE ARTE CONTEMPORÁNEO. DIBUJO ""PARTITURA PARA UNA LECTURA SILENCIOSA"" DE ALMUDENA LOBERA",,5142.5,5142.5
2024,X10,Cultura,"MUSEO DE SAN ISIDRO. ADQUISICIÓN DE ÓLEO ""SAN ISIDRO ORANDO Y DOS MILAGROS"" DEL SIGLO XVIII",,1200.0,1200.0
2024,X10,Cultura,"MUSEO DE ARTE CONTEMPORÁNEO. ADQUISICIÓN DE OBRA ""LA MEDUSA"" DE JAVIER DE JUAN",,16445.0,16445.0
2024,X10,Cultura,"MUSEO SAN ISIDRO. ADQUISICIÓN DE ÓLEO SOBRE COBRE ""SAN ISIDRO EN EL MILAGRO DE LA FUENTE"" SIGLO XVII",,1200.0,1200.0
2024,X10,Cultura,IMPRENTA MUNICIPAL-ARTES DEL LIBRO. COLECCIÓN DE MINIATURAS MOGOLAS DEL SIGLO XVIII Y XIX,,9265.0,9265.0
2024,X10,Cultura,IMPRENTA MUNICIPAL-ARTES DEL LIBRO. ADQUISICIÓN DE PLANCHA DE FOTOGRABADO Y  GRABADO DE LA CATRINA,,1200.0,1200.0
2024,X10,Cultura,MUSEO HISTORIA DE MADRID. ÓLEO RETRATO DE JUAN DE TARQUIS DE JOSÉ GUTIÉRREZ,,4200.0,4200.0
2024,X10,Cultura,"MUSEO HISTORIA DE MADRID. ""RETRATO DE MARÍA JOSEFA SORIA VILLA Y SU HIJA JOSÉ GUTIÉRREZ DE LA VEGA",,4200.0,4200.0
2024,X10,Cultura,MUSEO HISTORIA DE MADRID. ADQUISICIÓN DE GRUPO ESCULTÓRICO TERRACOTA ESCENA DE BAILE S.XIX,,5400.0,5400.0
2024,X10,Cultura,MUSEO ARTE CONTEMPORÁNEO. ADQUISICIÓN DIBUJOS ÉPOCA DE LA II GUERRA MUNDIAL DE ROBERTA GONZÁLEZ,,14000.0,14000.0
2024,X10,Cultura,MUSEO SAN ISIDRO. ADQUISICIÓN DE TÓTEMS RETROILUMINADOS,,10700.0,8591.0
2024,X10,Cultura,MUSEO HISTORIA DE MADRID. PLANERO ARCHIVADOR PARA CONSERVACIÓN DE COLECCIÓN DE TEXTILES,,15000.0,13142.46
2024,X10,Cultura,MUSEO DE HISTORIA. RENOVACIÓN MUSEOGRAFÍA DE SALA DE CARTOGRAFÍA,,550.0,
2024,X10,Cultura,PLACA DE MÁRMOL HOMENAJE A LOS CRONISTAS DE LA VILLA. INSTALACIÓN EN ANTIGUAS CASAS CONSISTORIALES,,10648.0,10648.0
2024,X10,Cultura,MUSEO DE HISTORIA DE MADRID. RESTAURACIÓN DE PORTADA,,76663.19,
2024,X10,Cultura,MUSEO DE SAN ISIDRO. LOS ORÍGENES DE MADRID. ACONDICIONAMIENTO DEL JARDIN ARQUEOBOTÁNICO,,46581.19,46355.12
2024,X10,Cultura,MUSEO DE SAN ISIDRO. LOS ORÍGENES DE MADRID. OBRAS DE ADECUACIÓN ESPACIOS,,24455.08,24304.38
2024,X10,Cultura,CENTRO SOCIO CULTURAL CASA DEL CURA. INSTALACIONES TÉCNICAS,,1500.0,1210.81
2024,X10,Cultura,CENTROS CULTURALES DEL DISTRITO CENTRO. MOBILIARIO Y ENSERES,,800.0,
2024,X10,Cultura,CENTRO CULTURAL CLARA DEL REY. EQUIPAMIENTO PARA PROGRAMACIÓN CULTURAL,,3700.0,3629.72
2024,X10,Cultura,ELEMENTOS TRANSPORTE Y ALMACENAJE DE ESCENARIO PORTÁTIL ACTIVIDADES CULTURALES DISTRITO CENTRO,,4300.0,4299.98
2024,X10,Cultura,ADQUISICIÓN DE DIVERSOS BIENES PARA DESARROLLO DE ACTIVIDADES CULTURALES DEL DISTRITO DE CENTRO,,3700.0,3650.21
2024,X10,Cultura,CENTROS CULTURALES DISTRITO CENTRO.MEJORA CONDICIONES DE ACCESIBILIDAD Y ADECUACIÓN DE INSTALACIONES,,250.76,
2024,X10,Cultura,CENTRO CULTURAL PUERTA DE TOLEDO. MEJORA CONDICIONES DE ACCESIBILIDAD Y ADECUACIÓN INSTALACIONES,,269865.7,247658.41
2024,X10,Cultura,CENTRO CULTURAL CLARA DEL REY. MEJORA CONDICIONES DE ACCESIBILIDAD Y ADECUACIÓN DE INSTALACIONES,,59883.54,59883.48
2024,X01,Protección Civil y seguridad ciudadana,,,541680.88,497826.44
2024,X01,Protección Civil y seguridad ciudadana,COMISARÍA INTEGRAL DE LA POLICÍA MUNICIPAL DISTRITO CENTRO-NORTE. MOBILIARIO Y EQUIPOS DE OFICINA,,4124.7,
2024,X01,Protección Civil y seguridad ciudadana,CÁMARAS VIDEOVIGILANCIA POLICÍA MUNICIPAL EN PLAZA DOS DE MAYO. INSTALACIÓN,,427889.83,427889.83
2024,X01,Protección Civil y seguridad ciudadana,PARQUES DE BOMBEROS Nº. 3 Y 6 DISTRITO CENTRO. OTRO MOBILIARIO Y ENSERES,,87450.93,47721.19
2024,X01,Protección Civil y seguridad ciudadana,PARQUE DE BOMBEROS NÚMERO 6. SEÑALIZACIÓN,,3796.98,3796.98
2024,X01,Protección Civil y seguridad ciudadana,"EQUIPAMIENTO GIMNASIOS PARQUES BOMBEROS NÚMERO 3 Y 6, DISTRITO CENTRO",,18418.44,18418.44
2024,X14,Sectores productivos,,,2481375.0,
2024,X14,Sectores productivos,ESPACIO BAILÉN DESARROLLO TURÍSTICO SOSTENIBLE. EQUIPAMIENTO TECNOLÓGICO,,1481375.0,
2024,X14,Sectores productivos,ESPACIO BAILÉN DESARROLLO TURÍSTICO SOSTENIBLE. OBRAS DE ADECUACIÓN,,1000000.0,
2024,X13,Otros bienes públicos de carácter económico,,,12721.33,12721.33
2024,X13,Otros bienes públicos de carácter económico,EQUIPAMIENTO CENTRO DE INNOVACIÓN PUERTA INNOVACIÓN,,559.97,559.97
2024,X13,Otros bienes públicos de carácter económico,EQUIPAMIENTO CENTRO DE INNOVACIÓN MADRID INTERNATIONAL LAB,,1578.99,1578.99
2024,X13,Otros bienes públicos de carácter económico,CENTRO PUERTA DE INNOVACIÓN. ADQUISICIÓN DE CABINAS ACÚSTICAS,,10582.37,10582.37
2024,X09,Medio ambiente,,,870822.2,864080.51
2024,X09,Medio ambiente,PLANTACIONES ARBÓREAS EN LOS PARQUES DEL DISTRITO DE CENTRO. MEJORA ESTÉTICA Y MEDIO AMBIENTAL,,241.24,241.24
2024,X09,Medio ambiente,ZONA VERDE PLAZA DE LA CORRALA. OBRAS DE REMODELACIÓN,,428.56,428.56
2024,X09,Medio ambiente,PARQUE DE LA CORNISA. OBRAS DE REMODELACIÓN,,850000.0,843606.16
2024,X09,Medio ambiente,"EQUIPOS DE RECARGA VEHÍCULOS ELÉCTRICOS EN SEDE ÁREA DE ECONOMÍA, INNOVACIÓN Y HACIENDA",,10817.5,10817.5
2024,X09,Medio ambiente,"EQUIPOS RECARGA VEHÍCULOS ELÉCTRICOS EN SEDE TESORERÍA MUNICIPAL C/ BARQUILLO, 17",,7334.9,7334.9
2024,X09,Medio ambiente,"ZONA AJARDINADA PASEO DE RECOLETOS, 33. SISTEMA DE PROTECCIÓN",,2000.0,1652.15
2024,X08,Mantenimiento urbano,,,1638507.73,1357948.78
2024,X08,Mantenimiento urbano,CALLE SANTA CRUZ DE MARCENADO. PAVIMENTACIÓN Y MEJORA ACERAS,,70035.62,70035.62
2024,X08,Mantenimiento urbano,CALLE CALATRAVA. RENOVACIÓN DE PAVIMENTOS Y ACONDICIONAMIENTO ACERADOS,,15796.54,15796.54
2024,X08,Mantenimiento urbano,CAMINOS ESCOLARES SEGUROS ENTORNO ESCUELA INFANTIL OSA MENOR. ADECUACIÓN VIALES,,207232.46,204754.24
2024,X08,Mantenimiento urbano,PLAZA DE MATUTE EN EL DISTRITO CENTRO. OBRAS DE REHABILITACIÓN,,50000.0,
2024,X08,Mantenimiento urbano,"CALLES DE ATOCHA,CAVA ALTA,BAJA, DIVINO PASTOR,MADERA,LEGANITOS Y OTRAS. REHABILITACIÓN CALZADAS",,111841.46,111841.46
2024,X08,Mantenimiento urbano,"CALLES AVE MARÍA,BORDADORES, DE LAS FUENTES, HILERAS, LUNA Y OTRAS. RENOVACIÓN CAPA DE RODADURA",,77811.37,77811.37
2024,X08,Mantenimiento urbano,TÚNEL RONDA DE ATOCHA. MEJORA CONDICIONES DE RODADURA Y SEGURIDAD,,15332.65,15332.65
2024,X08,Mantenimiento urbano,"CALLE SANTA CRUZ DE MARCENADO Y OTRAS, DISTRITO DE CENTRO. MEJORA DE LAS CONDICIONES DE RODADURA",,78022.29,69176.01
2024,X08,Mantenimiento urbano,ENTORNO ESCOLAR CALLE HORTALEZA. ADECUACIÓN DE VÍAS Y ESPACIOS PÚBLICOS,,151453.46,109863.44
2024,X08,Mantenimiento urbano,"CALLE CAMPOAMOR Y OTRAS, DISTRITO CENTRO. MEJORA DE LAS CONDICIONES DE RODADURA",,524974.61,383748.08
2024,X08,Mantenimiento urbano,C/ HERMENEGILDO Y OTRAS DISTRITO CENTRO. ADECUACIÓN VIALES Y RENOVACIÓN INTEGRAL,,336007.27,299589.37
2024,X03,Protección y promoción social,,,496776.35,64492.65
2024,X03,Protección y promoción social,EQUIPAMIENTO UNIDAD DE ESTANCIAS BREVES PARA FAMILIAS,,4989.84,4960.36
2024,X03,Protección y promoción social,EQUIPAMIENTO CENTRO DE SERVICIOS SOCIALES PUERTA DE TOLEDO,,920.44,796.0
2024,X03,Protección y promoción social,EQUIPAMIENTO CENTRO SOCIAL COMUNITARIO CASINO DE LA REINA,,1396.28,1396.28
2024,X03,Protección y promoción social,CENTRO DE BIENESTAR SOCIAL EN EL PALACIO DE LA DUQUESA DE SUECA. OBRAS DE ACONDICIONAMIENTO,,42475.72,17817.76
2024,X03,Protección y promoción social,"APARTAMENTOS PARA MAYORES SAN FRANCISCO, CALLE JERTE, 3. OBRAS DE SUBSANACIÓN DE PATOLOGÍAS",,400000.0,
2024,X03,Protección y promoción social,EQUIPAMIENTO CENTRO ACOGIDA TEMPORAL MIGRANTES ALBERGUE MEJÍA LEQUERICA,,19630.51,12454.9
2024,X03,Protección y promoción social,CENTROS SOCIALES COMUNITARIOS DEL DISTRITO CENTRO. DESFIBRILADORES,,3200.0,3131.48
2024,X03,Protección y promoción social,CENTROS DE SERVICIOS SOCIALES DEL DISTRITO CENTRO. MOBILIARIO Y ENSERES,,4100.0,4086.24
2024,X03,Protección y promoción social,CENTROS DE MAYORES DEL DISTRITO CENTRO. DESFIBRILADORES,,6400.0,6262.96
2024,X03,Protección y promoción social,CENTROS DE MAYORES DEL DISTRITO CENTRO. MOBILIARIO Y ENSERES,,1700.0,1664.96
2024,X03,Protección y promoción social,EQUIPAMIENTO CENTRO SOCIAL COMUNITARIO CASA DEL CURA,,1396.28,1396.28
2024,X03,Protección y promoción social,CENTROS DE SERVICIOS SOCIALES DEL DISTRITO CENTRO. BUCLES DE INDUCCIÓN PORTÁTILES,,650.0,608.15
2024,X03,Protección y promoción social,CENTRO FORMACIÓN Y EMPLEO JERTE. ADQUISICIÓN MAQUINARIA,,9917.28,9917.28
2024,X05,Educación,,,1315191.97,1195446.5
2024,X05,Educación,EQUIPAMIENTO ESCUELA INFANTIL EL DUENDE,,31003.34,24196.6
2024,X05,Educación,EQUIPAMIENTO ESCUELA INFANTIL LA PALOMA,,5521.23,5253.82
2024,X05,Educación,EQUIPAMIENTO ESCUELA DE MÚSICA Y DANZA MARÍA DOLORES PRADERA,,6150.0,5390.3
2024,X05,Educación,EQUIPAMIENTO NUEVO Y DE REPOSICIÓN RESIDENCIA INTERNADO SAN ILDEFONSO,,162965.71,91082.34
2024,X05,Educación,COLEGIO PÚBLICO PI I MARGALL. ADOPCIÓN DE MEDIDAS DE SEGURIDAD,,192671.96,192671.96
2024,X05,Educación,"EQUIPAMIENTO CENTRO DE EDUCACIÓN DE ADULTOS C/ CASINO, 5",,651.58,222.27
2024,X05,Educación,ESCUELA INFANTIL LA BRUJA AVERÍA-LOLO RICO. OBRAS DE REPARACIONES Y ACONDICIONAMIENTO,,202378.15,202378.12
2024,X05,Educación,ESCUELAS INFANTILES DEL DISTRITO CENTRO. MOBILIARIO Y ENSERES,,5000.0,326.7
2024,X05,Educación,CENTRO DE EDUCACIÓN INFANTIL Y PRIMARIA PALACIO VALDÉS. OBRAS DE MEJORA,,58000.0,57977.94
2024,X05,Educación,CENTRO DE EDUCACIÓN INFANTIL Y PRIMARIA VÁZQUEZ DE MELLA. OBRAS DE ACONDICIONAMIENTO,,167350.0,150764.24
2024,X05,Educación,CENTRO DE EDUCACIÓN INFANTIL Y PRIMARIA EMILIA PARDO BAZÁN. OBRAS DE ACONDICIONAMIENTO,,185000.0,184022.1
2024,X05,Educación,RESIDENCIA INTERNADO SAN ILDEFONSO. SUSTITUCIÓN DE CALDERA EN VIVIENDA DE CONSERJE,,4000.0,3370.99
2024,X05,Educación,COLEGIO PÚBLICO ISABEL LA CATÓLICA. MEJORA CONDICIONES DE HABITABILIDAD Y CONFORT,,10000.0,
2024,X05,Educación,COLEGIO PÚBLICO ANTONIO MORENO ROSALES. OBRAS DE INSTALACIÓN DE VIDEOPORTERO Y ALARMA,,14500.0,14208.27
2024,X05,Educación,CENTROS DOCENTES DISTRITO CENTRO. ADECUACIÓN ESPACIOS Y MEJORA INSTALACIONES,,4049.09,
2024,X05,Educación,COLEGIO PÚBLICO NUESTRA SEÑORA DE LA PALOMA. OBRAS DE ADECUACIÓN ESPACIOS Y MEJORA INSTALACIONES,,119932.5,119920.34
2024,X05,Educación,COLEGIO PÚBLICO PI I MARGALL. ADECUACIÓN ESPACIOS Y ADAPTACIÓN A NORMATIVA PROTECCIÓN INCENDIOS,,59976.25,59902.76
2024,X05,Educación,ESCUELA INFANTIL OSA MENOR. OBRAS DE RENOVACIÓN DE INSTALACIONES Y ADAPTACIÓN A LA NORMATIVA,,44976.95,43380.83
2024,X05,Educación,"ESCUELA INFANTIL SAN ANTÓN. RENOVACIÓN DE INSTALACIONES, FONTANERÍA, CELOSÍA EXTERIOR Y OTRAS",,41065.21,40376.92
2024,X06,Urbanismo,,,2855000.0,2504609.15
2024,X06,Urbanismo,PLAZA TIRSO DE MOLINA Y CALLES ALEDAÑAS. REMODELACIÓN Y MEJORA CONFIGURACIÓN DEL ESPACIO URBANO,,150000.0,
2024,X06,Urbanismo,"SOLAR EN C/ ALGECIRAS, 7-A. ADOPCIÓN DE MEDIDAS DE SEGURIDAD",,205000.0,204609.16
2024,X06,Urbanismo,ZONAS ADYACENTES JARDINES DE SABATINI CON LA PLAZA DE ESPAÑA.REURBANIZACIÓN Y ACONDICIONAMIENTO,,2500000.0,2299999.99
2024,X11,"Deportes, juventud y esparcimiento",,,14560457.29,14217715.62
2024,X11,"Deportes, juventud y esparcimiento","CENTRO DEPORTIVO C/COSTANILLA DESAMPARADOS, 15 C/V A C/FÚCAR, 6. CONSTRUCCIÓN",,13346773.89,13338122.92
2024,X11,"Deportes, juventud y esparcimiento",CENTRO JUVENIL MEJÍA LEQUERICA. REFORMA ANTIGUA CASA DEL CONSERJE Y OTRAS MEJORAS,,305238.44,305238.44
2024,X11,"Deportes, juventud y esparcimiento",ALBERGUE JUVENIL MEJÍA LEQUERICA. OBRAS DE REPARACIÓN EN CUBIERTA,,127280.21,40720.51
2024,X11,"Deportes, juventud y esparcimiento",CENTRO DEPORTIVO LA CEBADA. OBRAS DE REFORMAS VARIAS,,259345.69,259272.26
2024,X11,"Deportes, juventud y esparcimiento",DEPORTIVO BÁSICO PARQUE DE ATENAS. INSTALACIÓN CANASTAS ANTIVANDÁLICAS,,6000.0,
2024,X11,"Deportes, juventud y esparcimiento",TENIS DE MESA EN EL JARDÍN HEROÍNAS DE SÁLVORA. INSTALACIÓN,,4000.0,
2024,X11,"Deportes, juventud y esparcimiento",DEPORTIVO BÁSICO CASINO DE LA REINA. SUMINISTRO E INSTALACIÓN DE BANCOS,,2819.06,2815.65
2024,X11,"Deportes, juventud y esparcimiento",INSTALACIÓN DEPORTIVA BÁSICA EL CAMPITO. OBRAS DE ADECUACIÓN,,139000.0,133120.39
2024,X11,"Deportes, juventud y esparcimiento",DEPORTIVO BASICO PLAZA DEL CAMPILLO DEL MUNDO NUEVO. REPARACIÓN Y MEJORA PISTA DE PATINAJE,,35000.0,29196.63
2024,X11,"Deportes, juventud y esparcimiento","DEPORTIVO BÁSICO C/EMBAJADORES,18. ACONDICIONAMIENTO SUPERFICIE, INSTALACIONES DE ALUMBRADO Y OTRAS",,200000.0,
2024,X11,"Deportes, juventud y esparcimiento","ALBERGUE JUVENIL C/ MEJÍA LEQUERICA, 21. OBRAS INSTALACIÓN DE CLIMATIZACIÓN",,135000.0,109228.82
2024,X12,Otros bienes públicos de carácter social,,,1274.32,65.0
2024,X12,Otros bienes públicos de carácter social,EQUIPAMIENTO OFICINA DE ATENCIÓN AL CIUDADANO LÍNEA MADRID DE CENTRO,,1274.32,65.0
2024,X04,Salud pública,,,437078.24,346826.85
2024,X04,Salud pública,"EQUIPAMIENTO CENTRO JOVEN DE MADRID SALUD, C/NAVAS DE TOLOSA,10",,1996.34,1996.34
2024,X04,Salud pública,EQUIPAMIENTO CMSc CENTRO MUNICIPAL DE SALUD COMUNITARIA DE CENTRO,,7091.14,7091.14
2024,X04,Salud pública,"CENTRO JOVEN DE MADRID SALUD, C/NAVAS DE TOLOSA,10. INSTALACIONES TÉCNICAS",,1350.11,
2024,X04,Salud pública,EQUIPAMIENTO SERVICIOS DE SALUBRIDAD DEL DISTRITO DE CENTRO,,250.0,190.6
2024,X04,Salud pública,CMSc CENTRO MUNICIPAL DE SALUD COMUNITARIA DE CENTRO. INSTALACIONES TÉCNICAS,,1350.11,
2024,X04,Salud pública,CENTRO MUNICIPAL SALUD COMUNITARIA CENTRO Y CENTRO JOVEN CENTRO. REFORMA,,425040.54,337548.77
2025,X00,Inversiones de carácter general,,,5697413.07,5398229.24
2025,X00,Inversiones de carácter general,QUIOSCO DE BEBIDAS Y ANEXOS PARQUE CASINO DE LA REINA. CONSERVACIÓN Y SUBSANACIÓN DE DAÑOS,,13107.65,13107.65
2025,X00,Inversiones de carácter general,"CASA DE CISNEROS, PLAZA DE LA VILLA, 4. OBRAS DE SUBSANACIÓN DE PATOLOGÍAS",,818848.93,818792.72
2025,X00,Inversiones de carácter general,"EDIFICIO CALLE MAYOR, 71. OBRAS DE SUBSANACIÓN DE PATOLOGÍAS EN FACHADAS",,119357.69,95727.9
2025,X00,Inversiones de carácter general,"EDIFICIO C/ ESPÍRITU SANTO, 34.  OBRAS DE SUBSANACIÓN DE PATOLOGÍAS",,163337.36,163337.36
2025,X00,Inversiones de carácter general,"EDIFICIO PLAZA DE LA VILLA, 5. OBRAS DE SUBSANACIÓN DE PATOLOGÍAS EN CUBIERTAS",,368573.51,218559.72
2025,X00,Inversiones de carácter general,CASA DE CISNEROS. OBRAS DE REFORMA DE LA SALA DE LA JUNTA DE PORTAVOCES,,396793.57,396793.57
2025,X00,Inversiones de carácter general,EQUIPAMIENTO SERVICIOS ADMINISTRATIVOS DEL DISTRITO CENTRO,,6810.16,5662.8
2025,X00,Inversiones de carácter general,"EDIFICIO PLAZA DE LA VILLA, 4. OBRAS DE ADECUACIÓN DE CLIMATIZACIÓN",,46800.0,44986.89
2025,X00,Inversiones de carácter general,"EDIFICIO CALLE BARQUILLO, 17. OBRAS DE REFORMA",,16855.22,16855.22
2025,X00,Inversiones de carácter general,"EDIFICIO C/ ALCALÁ, 45. ADAPTACIÓN A NORMATIVA DE LA INSTALACIÓN DE CLIMATIZACIÓN",,3694423.12,3572607.9
2025,X00,Inversiones de carácter general,"EDIFICIO C/ BARCO, 20. ACONDICIONAMIENTO DE ASEOS Y RENOVACIÓN INSTALACIÓN DE FONTANERÍA",,47005.86,47005.86
2025,X00,Inversiones de carácter general,BANDERAS PARA DIVERSOS EDIFICIOS ADSCRITOS AL DISTRITO DE CENTRO,,5500.0,4791.65
2025,X10,Cultura,,,5013713.21,4014220.41
2025,X10,Cultura,PLACAS CONMEMORATIVAS EN EL DISTRITO CENTRO. INSTALACIÓN,,1633.46,
2025,X10,Cultura,EQUIPAMIENTO IMPRENTA MUNICIPAL,,12000.0,
2025,X10,Cultura,EQUIPAMIENTO BIBLIOTECA MUSICAL VÍCTOR ESPINÓS,,8000.0,7865.0
2025,X10,Cultura,EQUIPAMIENTO MUSEO DE SAN ISIDRO,,6768.24,6768.24
2025,X10,Cultura,BIBLIOTECA DIGITAL MEMORIADEMADRID. ESCÁNER,,57968.65,54825.52
2025,X10,Cultura,MUSEO MUNICIPAL DE ARTE CONTEMPORÁNEO. AMPLIACIÓN FONDO OBRAS DE ARTE,,320000.0,171298.7
2025,X10,Cultura,MUSEO DE ARTE CONTEMPORANEO. OBRAS DE ACONDICIONAMIENTO,,17545.0,17545.0
2025,X10,Cultura,"EDIFICIO PASEO DEL PRADO, 30. REFORMA PARA CENTRO CULTURAL",,3749595.58,2999235.16
2025,X10,Cultura,EQUIPAMIENTO CENTROS CULTURALES DEL DISTRITO CENTRO,,1001.08,
2025,X10,Cultura,IGLESIA DE LAS MARAVILLAS. ACONDICIONAMIENTO,,1110.36,1110.36
2025,X10,Cultura,CASA DE LA VILLA. OBRAS DE RESTAURACION,,32839.0,32762.58
2025,X10,Cultura,BIBLIOTECA PÚBLICA BENITO PÉREZ GALDÓS. MATERIAL PARA ORGANIZACIÓN DE EVENTOS FOMENTO LECTURA,,570.71,570.71
2025,X10,Cultura,BIBLIOTECA PÚBLICA IVÁN DE VARGAS. MATERIAL PARA ORGANIZACIÓN DE EVENTOS FOMENTO LECTURA,,451.75,451.75
2025,X10,Cultura,MUSEO DE HISTORIA DE MADRID. RESTAURACIÓN DE PORTADA,,191762.66,186695.23
2025,X10,Cultura,"EDIFICIO PLAZA DE LA VILLA, 4. RESTAURACIÓN DE LÁMPARAS, FAROLES Y OTROS",,12000.0,
2025,X10,Cultura,"CONJUNTO ESCULTÓRICO DAOÍZ Y VELARDE, PLAZA DEL DOS DE MAYO. OBRAS DE RESTAURACIÓN",,12100.0,12100.0
2025,X10,Cultura,CASAS CONSISTORIALES. REHABILITACIÓN,,918.42,918.42
2025,X10,Cultura,TUNEL DE BONAPARTE. ACONDICIONAMIENTO,,5064.71,
2025,X10,Cultura,ARCHIVO DE LA VILLA DE MADRID. ADQUISICIÓN DE ESCÁNER CILÍNDRICO DE RODILLO,,9000.0,
2025,X10,Cultura,EQUIPAMIENTO DEL ARCHIVO DE VILLA,,81000.0,77706.2
2025,X10,Cultura,MUSEO DE SAN ISIDRO. ADQUISICIÓN DE ÚTILES Y HERRAMIENTAS,,6000.0,5973.77
2025,X10,Cultura,EQUIPAMIENTO MUSEO DE HISTORIA DE MADRID,,4351.4,4351.4
2025,X10,Cultura,"MUSEO DE SAN ISIDRO. ADQUISICIÓN DE ÓLEO ""SAN ISIDRO DANDO DE COMER A LAS PALOMAS""  SIGLO XVII",,16469.7,16469.7
2025,X10,Cultura,MUSEO HISTORIA DE MADRID. ADQUISICIÓN JUEGO DE TAZA Y PLATO DE COBRE CON BAÑO PLATEADO,,302.5,302.5
2025,X10,Cultura,"MUSEO ARTE CONTEMPORÁNEO. ADQUISICIÓN ESCULTURA ""HERMÉS"" DEL ARTISTA RAFAEL CANOGAR",,55105.82,55105.82
2025,X10,Cultura,MUSEO DE HISTORIA DE MADRID. ADQUISICIÓN LOTE 23 FOTOGRAFÍAS DE AMADOR CUESTA,,2145.0,2145.0
2025,X10,Cultura,MUSEO DE HISTORIA DE MADRID. ADQUISICIÓN LOTE DE FOTOGRAFÍAS DE PRIETO,,4225.5,4225.5
2025,X10,Cultura,MUSEO DE HISTORIA DE MADRID. ADQUISICION LOTE FOTOGRAFÍAS DE LUIS PACHECO (VANDEL),,2629.5,2629.5
2025,X10,Cultura,IMPRENTA MUNICIPAL-ARTES DEL LIBRO. ADQUISICIÓN DE OBJETOS  DE ENCUADERNACIÓN E IMPRENTA,,15490.0,15490.0
2025,X10,Cultura,MUSEO DE SAN ISIDRO. LOS ORÍGENES DE MADRID. FONDOS BIBLIOGRÁFICOS ESPECIALIZADOS,,4992.9,4992.9
2025,X10,Cultura,IMPRENTA MUNICIPAL. CONTENEDORES CONSERVACIÓN CÉDULAS MATERIAL TIPOGRÁFICO,,18000.0,
2025,X10,Cultura,MUSEO HISTORIA DE MADRID. MUSEOGRAFÍA DE LA MAQUETA DE LEÓN GIL DE PALACIO,,74299.45,73949.15
2025,X10,Cultura,RENOVACIÓN MUSEOGRÁFICA DEL TEMPLO DE DEBOD,,500.0,
2025,X10,Cultura,IMPRENTA MUNICIPAL. RENOVACIÓN DE MUSEOGRAFÍA,,2000.0,
2025,X10,Cultura,MUSEO DE HISTORIA DE MADRID. RENOVACIÓN DE MUSEOGRAFÍA,,11000.0,3557.4
2025,X10,Cultura,MUSEO DE HISTORIA. ACONDICIONAMIENTO DE ASCENSORES HIDRAÚLICOS PARA MEJORA EFICIENCIA ENERGÉTICA,,12100.0,3622.52
2025,X10,Cultura,BIBLIOTECA MUSICAL VÍCTOR ESPINÓS. ADQUISICIÓN COLECCIÓN DOCTOR JACINTO TORRES MULAS,,15000.0,14999.0
2025,X10,Cultura,BIBLIOTECA HISTÓRICA MUNICIPAL. ADQUISICIÓN PIEZAS DOCUMENTALES Y OBRAS PARA COLECCIÓN BIBLIOGRÁFICA,,11300.0,7110.0
2025,X10,Cultura,BIBLIOTECA PÚBLICA IVÁN DE VARGAS. SEÑALÉTICA,,2268.38,1456.76
2025,X10,Cultura,"BIBLIOTECA PÚBLICA BENITO PÉREZ GALDÓS, CALLE CONDE DUQUE, 9. SEÑALÉTICA",,1193.91,766.73
2025,X10,Cultura,BIBLIOTECA MUSICAL VÍCTOR ESPINÓS. INSTRUMENTOS MUSICALES Y PARTITURAS,,33000.0,29287.21
2025,X10,Cultura,"DEPENDENCIAS SERVICIOS DEPORTE,C/SAN BERNARDO, 68. ELEMENTOS PARA EXPOSICIONES PROMOCIÓN DEPORTIVA",,16968.0,16967.35
2025,X10,Cultura,"PLACAS STOLPERSTEINE HOMENAJE VÍCTIMAS IDEOLOGÍA NAZI EN C/ SALITRE, 26. INSTALACIÓN",,491.55,491.5
2025,X10,Cultura,"PLACAS STOLPERSTEINE HOMENAJE VÍCTIMAS IDEOLOGÍA NAZI EN C/ SALITRE, 42. INSTALACIÓN",,491.55,491.5
2025,X10,Cultura,"PLACAS STOLPERSTEINE HOMENAJE VÍCTIMAS IDEOLOGÍA NAZI EN C/ DOCTOR FOURQUET, 22. INSTALACIÓN",,491.55,491.5
2025,X10,Cultura,"PLACAS STOLPERSTEINE HOMENAJE VÍCTIMAS IDEOLOGÍA NAZI EN C/ SALITRE, 58. INSTALACIÓN",,491.55,491.5
2025,X10,Cultura,"PLACAS STOLPERSTEINE HOMENAJE VÍCTIMAS IDEOLOGÍA NAZI EN C/ AMPARO, 91. INSTALACIÓN",,491.54,491.5
2025,X10,Cultura,"PLACAS STOLPERSTEINE HOMENAJE VÍCTIMAS IDEOLOGÍA NAZI EN C/ SANTIAGO EL VERDE, 15. INSTALACIÓN",,491.53,491.49
2025,X10,Cultura,"PLACAS STOLPERSTEINE HOMENAJE VÍCTIMAS IDEOLOGÍA NAZI EN C/ ATOCHA, 8. INSTALACIÓN",,491.53,491.5
2025,X10,Cultura,"PLACAS STOLPERSTEINE HOMENAJE VÍCTIMAS IDEOLOGÍA NAZI EN C/ AVE MARÍA, 22. INSTALACIÓN",,491.53,491.51
2025,X10,Cultura,"PLACAS STOLPERSTEINE HOMENAJE VÍCTIMAS IDEOLOGÍA NAZI EN Pº BAJO VIRGEN DEL PUERTO, 25. INSTALACIÓN",,491.53,491.51
2025,X10,Cultura,"PLACA CONMEMORATIVA A PALOMA GÓMEZ BORRERO, CALLE LIBERTAD, 6. INSTALACIÓN",,945.16,677.6
2025,X10,Cultura,CENTROS CULTURALES DEL DISTRITO CENTRO. ADQUISICIÓN DE DESFIBRILADORES,,5000.0,4697.22
2025,X10,Cultura,EQUIPAMIENTO CENTRO CULTURAL PUERTA DE TOLEDO,,1998.92,1998.92
2025,X10,Cultura,EQUIPAMIENTO PARA ACTIVIDADES CULTURALES CENTRO CULTURAL CLARA DEL REY,,3248.0,3221.02
2025,X10,Cultura,EQUIPAMIENTO PARA ACTIVIDADES CULTURALES CENTRO CULTURAL PUERTA DE TOLEDO,,3248.0,3242.8
2025,X10,Cultura,"CENTRO CULTURAL PUERTA DE TOLEDO. MODERNIZACIÓN ELEMENTOS DE ILUMINACIÓN, SONIDO Y OTROS",,37000.0,35695.0
2025,X10,Cultura,CENTROS CULTURALES DEL DISTRITO DE CENTRO. REPOSICIÓN SEÑALÉTICA,,8300.0,8144.56
2025,X10,Cultura,CENTRO CULTURAL CLARA DEL REY. OBRAS DE INSTALACIÓN DE LA CLIMATIZACIÓN,,118877.59,118864.7
2025,X01,Protección Civil y seguridad ciudadana,,,149502.7,118719.6
2025,X01,Protección Civil y seguridad ciudadana,COMISARÍA INTEGRAL DISTRITO CENTRO SUR. SEÑALIZACIÓN EXTERIOR,,30783.09,
2025,X01,Protección Civil y seguridad ciudadana,COMISARÍA INTEGRAL DE LA POLICÍA MUNICIPAL DISTRITO CENTRO-NORTE. MOBILIARIO Y EQUIPOS DE OFICINA,,2940.3,2940.3
2025,X01,Protección Civil y seguridad ciudadana,PARQUES DE BOMBEROS Nº. 3 Y 6 DISTRITO CENTRO. OTRO MOBILIARIO Y ENSERES,,94185.78,94185.78
2025,X01,Protección Civil y seguridad ciudadana,EQUIPAMIENTO COMISARÍA INTEGRAL POLICÍA MUNICIPAL DEL DISTRITO DE CENTRO-SUR,,1539.89,1539.89
2025,X01,Protección Civil y seguridad ciudadana,EQUIPAMIENTO COMISARÍA INTEGRAL POLICÍA MUNICIPAL DEL DISTRITO DE CENTRO-NORTE,,1539.89,1539.89
2025,X01,Protección Civil y seguridad ciudadana,COMISARÍA INTEGRAL DISTRITO CENTRO NORTE. SEÑALIZACIÓN EXTERIOR,,18513.75,18513.74
2025,X09,Medio ambiente,,,199907.35,39859.58
2025,X09,Medio ambiente,PARQUE DE LA CORNISA. OBRAS DE REMODELACIÓN,,23180.3,23180.29
2025,X09,Medio ambiente,PLAZA DE LOS CARROS. MEJORA CANALIZACIÓN DE AGUA Y SANEAMIENTO DE HUMEDADES,,6763.9,6763.9
2025,X09,Medio ambiente,ESPACIO VECINAL C/ DEL ALMENDRO CON LA C/ DE LA CAVA BAJA. ACONDICIONAMIENTO ZONA VERDE Y ESTANCIAL,,164902.24,4854.48
2025,X09,Medio ambiente,EQUIPOS RECARGA VEHÍCULOS ELÉCTRICOS UNIDAD INTEGRAL POLICÍA MUNICIPAL DISTRITO CENTRO-NORTE. MEJORA,,5060.91,5060.91
2025,X08,Mantenimiento urbano,,,4270287.03,3738175.52
2025,X08,Mantenimiento urbano,IFS-PLAZUELA DE SAN GINÉS Y ENTORNO. ADECUACIÓN DE VIALES Y MEJORA DE LA ACCESIBILIDAD,,116594.91,91871.17
2025,X08,Mantenimiento urbano,"CALLE LARRA, DISTRITO DE CENTRO. MEJORA DE LAS CONDICIONES DE RODADURA",,77111.76,77111.76
2025,X08,Mantenimiento urbano,"IFS-CALLE CONDE DUQUE, DISTRITO CENTRO. MEJORA DE LAS CONDICIONES DE RODADURA",,182006.35,164347.25
2025,X08,Mantenimiento urbano,"IFS-CALLE HORTALEZA, DISTRITO CENTRO. MEJORA DE LAS CONDICIONES DE RODADURA",,382345.58,230424.24
2025,X08,Mantenimiento urbano,ENTORNO CENTRO DE MAYORES DOS AMIGOS. OBRAS DE MEJORA DE LA ACCESIBILIDAD,,173595.48,
2025,X08,Mantenimiento urbano,PLAZA DE MATUTE EN EL DISTRITO CENTRO. OBRAS DE REHABILITACIÓN,,1105384.82,1105384.82
2025,X08,Mantenimiento urbano,"PLAZA DEL RASTRILLO, DISTRITO CENTRO. OBRAS DE REHABILITACIÓN",,759000.0,758999.95
2025,X08,Mantenimiento urbano,IFS-CALLE DE SANTA ISABEL Y ENTORNO. ACONDICIONAMIENTO PLATAFORMAS DE ACCESIBILIDAD UNIVERSAL,,633208.16,513195.98
2025,X08,Mantenimiento urbano,ENTORNO ESCOLAR CALLE HORTALEZA. ADECUACIÓN DE VÍAS Y ESPACIOS PÚBLICOS,,-3858.67,-3858.67
2025,X08,Mantenimiento urbano,C/ HERMENEGILDO Y OTRAS DISTRITO CENTRO. ADECUACIÓN VIALES Y RENOVACIÓN INTEGRAL,,77046.8,77046.8
2025,X08,Mantenimiento urbano,CALLE SAN HERMENEGILDO Y ALEDAÑAS. ADECUACIÓN DE VIALES,,19214.42,19214.41
2025,X08,Mantenimiento urbano,IFS-CALLE DEL PRADO. ADECUACIÓN DE VIALES Y MEJORA DE LA ACCESIBILIDAD,,402432.64,402432.63
2025,X08,Mantenimiento urbano,CALLE DEL PRADO. ADECUACIÓN DE VIALES Y MEJORA DE LA ACCESIBILIDAD,,40219.63,40219.63
2025,X08,Mantenimiento urbano,PLAZA COMPLEJO ESCUELAS PÍAS DE SAN ANTÓN. OBRAS DE VALLADO PERIMETRAL,,34305.16,31117.05
2025,X08,Mantenimiento urbano,"IFS-CALLE DE MIRA AL RÍO BAJA, Bº EMBAJADORES. ACONDICIONAMIENTO PLATAFORMA DE ACCESIBILIDAD UNIVERSAL",,149421.73,149272.99
2025,X08,Mantenimiento urbano,CALLE DE SANTA ISABEL Y ENTORNO. ACONDICIONAMIENTO PLATAFORMAS DE ACCESIBILIDAD UNIVERSAL,,27258.26,
2025,X08,Mantenimiento urbano,PLAZAS Y PARQUES INFANTILES BARRIO DE EMBAJADORES. REPOSICIÓN DE MOBILIARIO URBANO,,95000.0,81395.51
2025,X03,Protección y promoción social,,,1273841.34,1186024.24
2025,X03,Protección y promoción social,CENTRO DE SERVICIOS SOCIALES MARAVILLAS. MOBILIARIO Y ENSERES,,387.2,387.2
2025,X03,Protección y promoción social,EQUIPAMIENTO CENTRAL DEL SAMUR SOCIAL DARÍO PÉREZ MADERA,,8276.4,8276.4
2025,X03,Protección y promoción social,CENTRO DE BIENESTAR SOCIAL EN EL PALACIO DE LA DUQUESA DE SUECA. OBRAS DE ACONDICIONAMIENTO,,103206.43,40689.64
2025,X03,Protección y promoción social,CENTRO MULTIFUNCIONAL C/FÚCAR C/V COSTANILLA DE LOS DESAMPARADOS. ACONDICIONAMIENTO DE ESPACIOS,,37982.44,36971.9
2025,X03,Protección y promoción social,"CENTRO DE DÍA MAYORES ESCUELAS PÍAS DE SAN ANTÓN. MEJORAS SANITARIAS, ASCENSOR Y OTRAS",,3904.52,3904.52
2025,X03,Protección y promoción social,"CENTRO SERVICIOS SOCIALES MARAVILLAS. MEJORA CUBIERTA, INSTALACIONES Y ACCESIBILIDAD",,19483.63,19483.63
2025,X03,Protección y promoción social,CENTROS DE SERVICIOS SOCIALES DEL DISTRITO CENTRO. MOBILIARIO Y ENSERES,,897.43,
2025,X03,Protección y promoción social,CENTROS DE MAYORES DEL DISTRITO CENTRO. MOBILIARIO Y ENSERES,,2181.01,
2025,X03,Protección y promoción social,EQUIPAMIENTO CENTRO DE ATENCIÓN A LA INFANCIA 1,,361.78,361.78
2025,X03,Protección y promoción social,EQUIPAMIENTO CENTRO DE ACOGIDA TEMPORTAL MIGRANTES ALBERGUE MEJÍA LEQUERICA,,12382.56,12382.56
2025,X03,Protección y promoción social,"IFS-CENTRO ATENCIÓN INTEGRAL SOCIOSANITARIA, C/ HERMANOS ÁLVAREZ QUINTERO, 3 Y 7. OBRAS DE REFORMA",,799923.58,799923.45
2025,X03,Protección y promoción social,"CENTRO SERVICIOS SOCIALES EN LOCALES C/ TRIBULETE, 19. MOBILIARIO Y ENSERES",,4715.37,4715.37
2025,X03,Protección y promoción social,CENTRO DE MAYORES ANTÓN MARTÍN. MOBILIARIO Y ENSERES,,419.0,418.99
2025,X03,Protección y promoción social,CENTRO DE MAYORES BENITO MARTÍN LOZANO. MOBILIARIO Y ENSERES,,299.99,299.99
2025,X03,Protección y promoción social,CENTRO DE MAYORES SAN FRANCISCO. REPOSICIÓN SEÑALÉTICA,,500.0,350.85
2025,X03,Protección y promoción social,"CENTRO ATENCIÓN INFANCIA Nº 1, CENTRO. IMPERMEABILIZACIÓN CUBIERTA Y ADECUACIÓN CLIMATIZACIÓN",,276500.0,256732.9
2025,X03,Protección y promoción social,"EQUIPAMIENTO CENTRO DE FORMACIÓN Y EMPLEO JERTE, C/JERTE,3",,2420.0,1125.06
2025,X05,Educación,,,1751258.51,1625900.21
2025,X05,Educación,EQUIPAMIENTO ESCUELA INFANTIL EL DUENDE,,20928.55,17694.46
2025,X05,Educación,EQUIPAMIENTO ESCUELA INFANTIL LA PALOMA,,7226.73,6662.22
2025,X05,Educación,EQUIPAMIENTO ESCUELA MUNICIPAL DE ARTE DRAMÁTICO,,13918.67,13918.67
2025,X05,Educación,ESCUELA INFANTIL LA PALOMA. MOBILIARIO Y ENSERES,,2983.62,2983.62
2025,X05,Educación,EQUIPAMIENTO ESCUELA INFANTIL FÚCAR,,132318.0,132192.7
2025,X05,Educación,OTRO EQUIPAMIENTO ESCUELA INFANTIL FÚCAR,,7481.3,5935.23
2025,X05,Educación,EQUIPAMIENTO NUEVO Y DE REPOSICIÓN RESIDENCIA INTERNADO SAN ILDEFONSO,,68815.01,48829.9
2025,X05,Educación,RESIDENCIA INTERNADO SAN ILDEFONSO. OBRAS DE REHABILITACIÓN,,617.55,
2025,X05,Educación,COLEGIO PÚBLICO NUESTRA SEÑORA DE LA PALOMA. OBRAS CONSERVACIÓN Y ADECUACIÓN A NORMATIVA,,25685.67,25685.67
2025,X05,Educación,COLEGIO PÚBLICO PI I MARGALL. ADOPCIÓN DE MEDIDAS DE SEGURIDAD,,2196.65,2196.65
2025,X05,Educación,ESCUELA INFANTIL LA BRUJA AVERÍA-LOLO RICO. OBRAS DE REPARACIONES Y ACONDICIONAMIENTO,,19942.08,19942.08
2025,X05,Educación,ESCUELAS INFANTILES DEL DISTRITO CENTRO. MOBILIARIO Y ENSERES,,16.38,
2025,X05,Educación,EQUIPAMIENTO ESCUELA INFANTIL LA BRUJA AVERÍA-LOLO RICO,,726.0,606.71
2025,X05,Educación,ESCUELA INFANTIL LA PALOMA. SEÑALIZACIÓN,,401.72,401.72
2025,X05,Educación,ESCUELA INFANTIL OSA MENOR. SEÑALIZACIÓN,,401.72,401.72
2025,X05,Educación,OBRAS DE REFORMA Y MEJORA EN CENTROS EDUCATIVOS DEL DISTRITO CENTRO,,24378.32,
2025,X05,Educación,IFS-COLEGIO PÚBLICO VÁZQUEZ DE MELLA. OBRAS DE REPARACIÓN Y MEJORA DE LAS CONDICIONES ACÚSTICAS,,137189.29,133864.57
2025,X05,Educación,COLEGIO PÚBLICO PI I MARGALL. OBRAS DE INSTALACIÓN DE SISTEMA VIDEOPORTERO,,5432.39,5432.39
2025,X05,Educación,IFS-RESIDENCIA INTERNADO SAN ILDEFONSO. OBRAS DE REHABILITACIÓN,,517498.86,517466.96
2025,X05,Educación,"IFS-COLEGIO PÚBLICO ISABEL LA CATÓLICA. OBRAS DE MEJORA, ACONDICIONAMIENTO Y ADAPTACIÓN A NORMATIVA",,149967.39,148481.74
2025,X05,Educación,"COLEGIO PÚBLICO ISABEL LA CATÓLICA. OBRAS DE MEJORA, ACONDICIONAMIENTO Y ADAPTACIÓN A NORMATIVA",,32.61,
2025,X05,Educación,"IFS-COLEGIO PÚBLICO PI I MARGALL. OBRAS DE MEJORA, ACONDICIONAMIENTO Y ADAPTACIÓN A NORMATIVA",,149906.75,146041.89
2025,X05,Educación,"COLEGIO PÚBLICO PI I MARGALL. OBRAS DE MEJORA, ACONDICIONAMIENTO Y ADAPTACIÓN A NORMATIVA",,93.25,
2025,X05,Educación,IFS-COLEGIO PÚBLICO NUESTRA SEÑORA DE LA PALOMA. OBRAS DE ACONDICIONAMIENTO Y ADAPTACIÓN A NORMATIVA,,199971.12,199971.11
2025,X05,Educación,COLEGIO PÚBLICO NUESTRA SEÑORA DE LA PALOMA. OBRAS DE ACONDICIONAMIENTO Y ADAPTACIÓN A NORMATIVA,,3028.88,2245.64
2025,X05,Educación,"IFS-COLEGIO PÚBLICO EMILIA PARDO BAZÁN. OBRAS DE MEJORA, ACONDICIONAMIENTO Y ADAPTACIÓN A NORMATIVA",,169989.85,169985.45
2025,X05,Educación,"COLEGIO PÚBLICO EMILIA PARDO BAZÁN. OBRAS DE MEJORA, ACONDICIONAMIENTO Y ADAPTACIÓN A NORMATIVA",,10.15,
2025,X05,Educación,CENTROS DOCENTES DISTRITO CENTRO. OBRAS CONSERVACIÓN Y MEJORA CONDICIONES SEGURIDAD,,3100.0,
2025,X05,Educación,IFS-CENTROS DOCENTES DISTRITO CENTRO. OBRAS CONSERVACIÓN Y MEJORA CONDICIONES SEGURIDAD,,31995.61,
2025,X05,Educación,IFS-COLEGIO PÚBLICO MORENO ROSALES. INSTALACIÓN SISTEMA ANTIAVES Y OTRAS DE CONSERVACIÓN,,20004.39,19959.11
2025,X05,Educación,IFS-COLEGIO PÚBLICO VÁZQUEZ DE MELLA. OBRAS CONSERVACIÓN Y ADAPTACIÓN NORMATIVA,,5000.0,5000.0
2025,X05,Educación,IFS-CENTROS DOCENTES DISTRITO CENTRO. OBRAS ADAPTACIÓN A NORMATIVA DE SALUBRIDAD PÚBLICA,,30000.0,
2025,X06,Urbanismo,,,9366778.81,9260287.58
2025,X06,Urbanismo,PLAZA TIRSO DE MOLINA Y CALLES ALEDAÑAS. REMODELACIÓN Y MEJORA CONFIGURACIÓN DEL ESPACIO URBANO,,2764116.27,2657625.41
2025,X06,Urbanismo,ZONAS ADYACENTES JARDINES DE SABATINI CON LA PLAZA DE ESPAÑA.REURBANIZACIÓN Y ACONDICIONAMIENTO,,5222466.17,5222466.11
2025,X06,Urbanismo,ESTRUCTURA Y ELEMENTOS DE SOMBRA EN LA PUERTA DEL SOL,,485211.0,485210.73
2025,X06,Urbanismo,IFS-PUERTA DEL SOL. OBRAS DE ADAPTACIÓN DE BANCOS PARA ANCLAJE DE ELEMENTOS DE SOMBRA,,894985.37,894985.33
2025,X11,"Deportes, juventud y esparcimiento",,,2037628.7,1616895.52
2025,X11,"Deportes, juventud y esparcimiento","CENTRO DEPORTIVO C/COSTANILLA DESAMPARADOS, 15 C/V A C/FÚCAR, 6. CONSTRUCCIÓN",,1537813.51,1490615.76
2025,X11,"Deportes, juventud y esparcimiento","DEPORTIVO BÁSICO C/ EMBAJADORES, 18. OBRAS DE ACONDICIONAMIENTO ESPACIO LIBRE DE PARCELA",,356546.53,21615.15
2025,X11,"Deportes, juventud y esparcimiento",DEPORTIVO BÁSICO NUESTRA SEÑORA DE LA PALOMA. OBRAS DE SOMBREAMIENTO,,10478.5,10478.5
2025,X11,"Deportes, juventud y esparcimiento",ALBERGUE JUVENIL MEJÍA LEQUERICA. OBRAS DE REPARACIÓN EN CUBIERTA,,90475.79,82941.89
2025,X11,"Deportes, juventud y esparcimiento",CENTRO DEPORTIVO LA CEBADA. OBRAS DE REFORMAS VARIAS,,1619.65,1619.65
2025,X11,"Deportes, juventud y esparcimiento",PARQUE DEL CASINO CASINO DE LA REINA. INSTALACIÓN ZONA DE CALISTENIA,,25694.72,
2025,X11,"Deportes, juventud y esparcimiento",CENTRO DEPORTIVO Y MULTIFUNCIONAL FÚCAR-COSTANILLA DE LOS DESAMPARADOS. INSTALACIÓN DE ALARMA,,15000.0,9624.57
2025,X12,Otros bienes públicos de carácter social,,,28035.9,12490.23
2025,X12,Otros bienes públicos de carácter social,"EQUIPAMIENTO CASA DEL VOLUNTARIADO, C/ FÚCAR, 6",,18029.0,2483.33
2025,X12,Otros bienes públicos de carácter social,EQUIPAMIENTO OFICINA DE ATENCIÓN AL CIUDADANO LÍNEA MADRID DE CENTRO,,1209.32,1209.32
2025,X12,Otros bienes públicos de carácter social,EQUIPAMIENTO OFICINA DE ATENCIÓN A LA CIUDADANÍA (OAC) CENTRO. LÍNEA MADRID,,477.95,477.95
2025,X12,Otros bienes públicos de carácter social,OFICINA DE ATENCIÓN A LA CIUDADANÍA LÍNEA MADRID DE CENTRO. SEÑALIZACIÓN,,254.1,254.1
2025,X12,Otros bienes públicos de carácter social,"OAIC C/ ALCALÁ,45. ELEMENTOS DE ACCESIBILIDAD",,4032.77,4032.77
2025,X12,Otros bienes públicos de carácter social,"OAIC C/SACRAMENTO,3. ELEMENTOS DE ACCESIBILIDAD",,4032.76,4032.76
2025,X04,Salud pública,,,182005.83,180984.97
2025,X04,Salud pública,"EQUIPAMIENTO CENTRO JOVEN DE MADRID SALUD, C/NAVAS DE TOLOSA,10",,730.59,730.59
2025,X04,Salud pública,EQUIPAMIENTO CMSc CENTRO MUNICIPAL DE SALUD COMUNITARIA DE CENTRO,,11366.05,11361.02
2025,X04,Salud pública,"CENTRO JOVEN DE MADRID SALUD, C/NAVAS DE TOLOSA,10. INSTALACIONES TÉCNICAS",,1350.11,1350.11
2025,X04,Salud pública,CMSc CENTRO MUNICIPAL DE SALUD COMUNITARIA DE CENTRO. INSTALACIONES TÉCNICAS,,4978.18,4978.18
2025,X04,Salud pública,CENTRO MUNICIPAL SALUD COMUNITARIA CENTRO Y CENTRO JOVEN CENTRO. REFORMA,,135098.05,134082.22
2025,X04,Salud pública,CMSc CENTRO MUNICIPAL DE SALUD COMUNITARIA DE CENTRO. OBRAS DE REFORMA,,28482.85,28482.85
2026,X00,Inversiones de carácter general,,,4517456.63,759428.39
2026,X00,Inversiones de carácter general,"EDIFICIO PLAZA DE LA VILLA, 4. ACTUACIONES DE REFORMA",,31000.0,16798.81
2026,X00,Inversiones de carácter general,"EDIFICIO C/ MAYOR, 71. OBRAS DE INSTALACIÓN DETECTORES ELECTRÓNICOS EN CABINAS DE ASCENSORES",,3700.0,3479.96
2026,X00,Inversiones de carácter general,"CASA DE CISNEROS, PLAZA DE LA VILLA, 4. OBRAS DE SUBSANACIÓN DE PATOLOGÍAS",,899854.79,599100.91
2026,X00,Inversiones de carácter general,"EDIFICIO CALLE MAYOR, 71. OBRAS DE SUBSANACIÓN DE PATOLOGÍAS EN FACHADAS",,23611.0,23611.0
2026,X00,Inversiones de carácter general,"EDIFICIO C/ ESPÍRITU SANTO, 34.  OBRAS DE SUBSANACIÓN DE PATOLOGÍAS",,1500000.0,
2026,X00,Inversiones de carácter general,"EDIFICIO PLAZA DE LA VILLA, 5. OBRAS DE SUBSANACIÓN DE PATOLOGÍAS EN CUBIERTAS",,150013.79,57100.17
2026,X00,Inversiones de carácter general,CASA DE CISNEROS. OBRAS DE REFORMA DE LA SALA DE LA JUNTA DE PORTAVOCES,,700000.0,59337.54
2026,X00,Inversiones de carácter general,"EDIFICIO PLAZA SANTA MARÍA SOLEDAD TORRES ACOSTA, 1. OBRAS DE REFORMA EN CUBIERTAS Y FACHADAS",,18029.0,
2026,X00,Inversiones de carácter general,"IFS-EDIFICIO C/MAYOR,83,TRIBUNAL ECONÓMICO ADMINISTRATIVO DE MADRID. SUBSANACIÓN PATOLOGÍAS EN FACHADAS",,300000.0,
2026,X00,Inversiones de carácter general,"IFS-EDIFICIO ADMINISTRATIVO C/DEL BARCO, 20-22. OBRAS DE ACONDICIONAMIENTO Y REFORMA INTERIOR",,800000.0,
2026,X00,Inversiones de carácter general,EQUIPAMIENTO SERVICIOS ADMINISTRATIVOS DEL DISTRITO CENTRO,,2000.0,
2026,X00,Inversiones de carácter general,OBRAS DE REPARACIÓN Y CONSERVACIÓN EDIFICIOS DEL DISTRITO CENTRO,,14543.92,
2026,X00,Inversiones de carácter general,EDIFICIO SEDE DEL DISTRITO DE CENTRO. OBRAS DE CONSERVACIÓN Y MANTENIMIENTO,,74704.13,
2026,X10,Cultura,,,7351939.96,1947085.97
2026,X10,Cultura,BIBLIOTECA DIGITAL MEMORIADEMADRID. ESCÁNER,,63572.0,63571.2
2026,X10,Cultura,BIBLIOTECA DIGITAL MEMORIADEMADRID. ADQUISICIÓN E INSTALACIÓN DE ESTOR OPACO,,1000.0,
2026,X10,Cultura,IFS-HEMEROTECA MUNICIPAL. OTRO MOBILIARIO Y ENSERES,,23000.0,
2026,X10,Cultura,IFS-BIBLIOTECA DIGITAL MEMORIADEMADRID. OTRO MOBILIARIO Y ENSERES,,9000.0,
2026,X10,Cultura,IFS-BIBLIOTECA MUSICAL VÍCTOR ESPINÓS. ARCHIVADOR PLANERO,,7000.0,
2026,X10,Cultura,MUSEO MUNICIPAL DE ARTE CONTEMPORÁNEO. AMPLIACIÓN FONDO OBRAS DE ARTE,,139200.0,139200.0
2026,X10,Cultura,MUSEO HISTORIA MADRID. ADQUISICIÓN VÍDEO VINCULADO ERMITA DEL SANTO Y A FRESCOS REALIZADOS POR GOYA,,4658.5,4658.5
2026,X10,Cultura,MUSEO DE ARTE CONTEMPORÁNEO DE MADRID. ADQUISICIÓN DE MOBILIARIO DE ALMACENAJE,,18150.0,
2026,X10,Cultura,MUSEO DE HISTORIA DE MADRID. ADQUISICIÓN DE PANELES DE SEPARACIÓN,,17500.0,
2026,X10,Cultura,SALAS DE EXPOSICIONES DE CONDE DUQUE. ADQUISICIÓN DE MÁQUINAS HUMIDIFICADORAS,,11000.0,
2026,X10,Cultura,IFS-MUSEO DE ARTE CONTEMPORÁNEO. ADQUISICIÓN DE OBRAS DE ARTE,,250000.0,
2026,X10,Cultura,IFS-MUSEO DE ARTE CONTEMPORÁNEO. ADQUISICIÓN DE SISTEMA DE ALMACENAJE,,60000.0,
2026,X10,Cultura,IFS-MUSEO DE HISTORIA DE MADRID. TAQUILLAS PARA VISITANTES,,18150.0,
2026,X10,Cultura,IMPRENTA MUNICIPAL-ARTES DEL LIBRO. EQUIPAMIENTO AUDIOVISUAL PARA ACTUALIZACIÓN DIGITAL,,19168.91,10699.6
2026,X10,Cultura,MUSEO SAN ISIDRO. EQUIPAMIENTO AUDIOVISUAL PARA ACTUALIZACIÓN DIGITAL,,39659.41,29056.67
2026,X10,Cultura,MUSEO DE HISTORIA DE MADRID. DESARROLLO RECORRIDOS INTERACTIVOS POR LA EXPOSICIÓN PERMANENTE,,5929.0,
2026,X10,Cultura,TEMPLO DE DEBOD. DESARROLLO CONTENIDOS PRODUCCIONES AUDIOVISUALES,,3121.8,
2026,X10,Cultura,MUSEO DE ARTE CONTEMPORANEO. OBRAS DE ACONDICIONAMIENTO,,49159.58,
2026,X10,Cultura,BUSTO DE CLARA CAMPOAMOR. RESTAURACIÓN,,3629.08,3629.08
2026,X10,Cultura,FUENTE DE CIBELES. OBRAS DE RESTAURACIÓN,,397176.78,
2026,X10,Cultura,PLACAS CONMEMORATIVAS A ESCRITORAS EN EL BARRIO DE LAS LETRAS,,54054.53,
2026,X10,Cultura,"IFS-CONJUNTO ESCULTÓRICO ""DAOIZ Y VELARDE"". RESTAURACIÓN",,165000.0,
2026,X10,Cultura,"EDIFICIO PASEO DEL PRADO, 30. REFORMA PARA CENTRO CULTURAL",,5644535.68,1696270.92
2026,X10,Cultura,CENTRO CULTURAL CLARA DEL REY-MUSEO ABC. OBRAS SUBSANACIÓN PATOLOGÍAS EN PATIO,,80337.51,
2026,X10,Cultura,EQUIPAMIENTO CENTROS CULTURALES DEL DISTRITO CENTRO,,10337.18,
2026,X10,Cultura,PLACAS CONMEMORATIVAS DISTRITO CENTRO. INSTALACIÓN,,7600.0,
2026,X10,Cultura,CENTRO CULTURAL LAVAPIÉS. OBRAS DE REPARACIÓN Y ACONDICIONAMIENTO,,150000.0,
2026,X10,Cultura,IFS-CENTRO CULTURAL CLARA DEL REY. OBRAS ACONDICIONAMIENTO Y CONSERVACIÓN CUBIERTA,,100000.0,
2026,X01,Protección Civil y seguridad ciudadana,,,34607.45,34607.38
2026,X01,Protección Civil y seguridad ciudadana,COMISARÍA INTEGRAL DISTRITO CENTRO SUR. SEÑALIZACIÓN EXTERIOR,,30783.09,30783.02
2026,X01,Protección Civil y seguridad ciudadana,"CENTRAL SAMUR SOCIAL, CARRERA DE SAN FRANCISCO, 10. ADOPCIÓN DE MEDIDAS DE SEGURIDAD",,3824.36,3824.36
2026,X09,Medio ambiente,,,510693.88,190473.45
2026,X09,Medio ambiente,"EQUIPOS RECARGA DE VEHÍCULOS ELÉCTRICOS EN APARCAMIENTO DE LA C/ SACRAMENTO, 4. MEJORA INSTALACIÓN",,37145.04,37145.04
2026,X09,Medio ambiente,CENTROS CARGA ENERGÍA ELÉCTRICA E HIDRÓGENO VEHÍCULOS SIN EMISIONES. DISTRITO CENTRO,,7051.64,
2026,X09,Medio ambiente,PLAZA DE LOS CARROS. MEJORA CANALIZACIÓN DE AGUA Y SANEAMIENTO DE HUMEDADES,,48400.0,
2026,X09,Medio ambiente,ESPECIES VEGETALES AUTÓCTONAS Y PÉRGOLAS VEGETADAS DISTRITO CENTRO (ID 24: 20767),,899.77,899.77
2026,X09,Medio ambiente,PARQUES DISTRITO CENTRO. REPLANTACIÓN DE ÁRBOLES Y ADECUACIÓN DEL RIEGO  (ID 24: 21374),,299.95,299.95
2026,X09,Medio ambiente,JARDINES PLAZA ARQUITECTO RIBERA. OBRAS DE REHABILITACIÓN Y REORDENACIÓN (ID 24: 21903),,20000.0,19989.6
2026,X09,Medio ambiente,PARQUE CASINO DE LA REINA. OBRAS MEJORA PISTA DE BAILE,,1420.87,
2026,X09,Medio ambiente,ESPACIO VECINAL C/ DEL ALMENDRO CON LA C/ DE LA CAVA BAJA. ACONDICIONAMIENTO ZONA VERDE Y ESTANCIAL,,159922.18,132139.09
2026,X09,Medio ambiente,"ZONAS VERDES DEL DISTRITO CENTRO. VALLADOS, ACABADOS Y  ELEMENTOS DE INSTALACIONES",,100000.0,
2026,X09,Medio ambiente,"ZONA VERDE CALLE DEL ALMENDRO, 3. OBRAS DE ADECUACIÓN INTERIOR DEL AJARDINAMIENTO",,100000.0,
2026,X09,Medio ambiente,ZONAS VERDES DEL DISTRITO CENTRO. NUEVAS INSTALACIONES,,20000.0,
2026,X09,Medio ambiente,RECINTO CAFÉ TERRAZA PARQUE CASINO DE LA REINA. CERRAMIENTO Y ACTUACIONES DE CONSERVACIÓN,,15554.43,
2026,X08,Mantenimiento urbano,,,3145077.98,1847990.3
2026,X08,Mantenimiento urbano,IFS-PLAZUELA DE SAN GINÉS Y ENTORNO. ADECUACIÓN DE VIALES Y MEJORA DE LA ACCESIBILIDAD,,24723.74,
2026,X08,Mantenimiento urbano,"CALLE LARRA, DISTRITO DE CENTRO. MEJORA DE LAS CONDICIONES DE RODADURA",,19750.33,571.22
2026,X08,Mantenimiento urbano,"IFS-CALLE CONDE DUQUE, DISTRITO CENTRO. MEJORA DE LAS CONDICIONES DE RODADURA",,17659.1,
2026,X08,Mantenimiento urbano,"IFS-CALLE HORTALEZA, DISTRITO CENTRO. MEJORA DE LAS CONDICIONES DE RODADURA",,151921.34,
2026,X08,Mantenimiento urbano,ENTORNO CENTRO DE MAYORES DOS AMIGOS. OBRAS DE MEJORA DE LA ACCESIBILIDAD,,173595.48,90405.72
2026,X08,Mantenimiento urbano,"IFS-C/GRAN VÍA, FUENCARRAL Y OTRAS DEL DISTRITO CENTRO. MEJORA Y RENOVACIÓN CONDICIONES DE RODADURA",,615311.48,
2026,X08,Mantenimiento urbano,PLAZA DE MATUTE EN EL DISTRITO CENTRO. OBRAS DE REHABILITACIÓN,,143254.73,143254.72
2026,X08,Mantenimiento urbano,"PLAZA DEL RASTRILLO, DISTRITO CENTRO. OBRAS DE REHABILITACIÓN",,1708849.6,1510294.12
2026,X08,Mantenimiento urbano,IFS-CALLE DE SANTA ISABEL Y ENTORNO. ACONDICIONAMIENTO PLATAFORMAS DE ACCESIBILIDAD UNIVERSAL,,120012.18,103464.52
2026,X08,Mantenimiento urbano,RECINTOS FERIALES DISTRITO CENTRO. MEJORA ACOMETIDAS DE AGUA Y PAVIMENTACIÓN,,49000.0,
2026,X08,Mantenimiento urbano,VÍAS PÚBLICAS DEL DISTRITO CENTRO. REPARACIÓN Y MEJORA DE PAVIMENTOS EN ACCESOS Y SUPERFICIES,,91000.0,
2026,X08,Mantenimiento urbano,CALLE DE LA PALOMA. ADECUACIÓN Y MEJORA DEL PAVIMENTO PARA CREACIÓN DE ÁREA INFANTIL,,30000.0,
2026,X03,Protección y promoción social,,,4103795.05,34764.43
2026,X03,Protección y promoción social,EQUIPAMIENTO CENTRO DE MAYORES FÚCAR,,328394.92,
2026,X03,Protección y promoción social,EQUIPAMIENTO CENTRAL DEL SAMUR SOCIAL DARÍO PÉREZ MADERA,,25000.08,
2026,X03,Protección y promoción social,CENTRO DE BIENESTAR SOCIAL EN EL PALACIO DE LA DUQUESA DE SUECA. OBRAS DE ACONDICIONAMIENTO,,3034499.63,13050.94
2026,X03,Protección y promoción social,"APARTAMENTOS PARA MAYORES SAN FRANCISCO, CALLE JERTE, 3. OBRAS DE SUBSANACIÓN DE PATOLOGÍAS",,673881.79,
2026,X03,Protección y promoción social,"CENTRO ATENCIÓN INTEGRAL SOCIOSANITARIA, C/ HERMANOS ÁLVAREZ QUINTERO, 3 Y 7. OBRAS DE REFORMA",,16750.59,16750.59
2026,X03,Protección y promoción social,CENTRO MULTIFUNCIONAL C/FÚCAR C/V COSTANILLA DE LOS DESAMPARADOS. ACONDICIONAMIENTO DE ESPACIOS,,7516.09,1648.47
2026,X03,Protección y promoción social,CENTROS DE MAYORES DISTRITO CENTRO. REPOSICIÓN MOBILIARIO Y ENSERES,,1185.57,
2026,X03,Protección y promoción social,CENTRO DE MAYORES ANTÓN MARTÍN. REPOSICIÓN MOBILIARIO Y ENSERES,,3314.43,3314.43
2026,X03,Protección y promoción social,CENTROS DE SERVICIOS SOCIALES DISTRITO CENTRO. REPOSICIÓN MOBILIARIO Y ENSERES,,1894.86,
2026,X03,Protección y promoción social,CENTRO SOCIAL COMUNITARIO ANNETE CABELLI. REPOSICIÓN DE MOBILIARIO Y ENSERES,,605.14,
2026,X03,Protección y promoción social,CENTRO SOCIAL COMUNITARIO ANNETTE CABELLI. OBRAS DE CONSERVACIÓN,,10751.95,
2026,X05,Educación,,,1206124.99,39157.3
2026,X05,Educación,EQUIPAMIENTO ESCUELA INFANTIL LA PALOMA,,4265.35,
2026,X05,Educación,EQUIPAMIENTO ESCUELA DE MÚSICA Y DANZA MARÍA DOLORES PRADERA,,2178.0,2178.0
2026,X05,Educación,EQUIPAMIENTO ESCUELA MUNICIPAL DE ARTE DRAMÁTICO,,20986.24,10544.74
2026,X05,Educación,ESCUELA INFANTIL LA PALOMA. OBRAS DE ACONDICIONAMIENTO,,89000.0,
2026,X05,Educación,EQUIPAMIENTO ESCUELA INFANTIL OSA MENOR,,9318.82,
2026,X05,Educación,EQUIPAMIENTO ESCUELA INFANTIL FÚCAR,,18701.41,11697.13
2026,X05,Educación,OTRO EQUIPAMIENTO ESCUELA INFANTIL FÚCAR,,1546.07,1546.07
2026,X05,Educación,EQUIPAMIENTO NUEVO Y DE REPOSICIÓN RESIDENCIA INTERNADO SAN ILDEFONSO,,3201.18,1773.36
2026,X05,Educación,EQUIPAMIENTO RESIDENCIA SAN ILDEFONSO,,17333.91,
2026,X05,Educación,OBRAS DE ACONDICIONAMIENTO Y MEJORA CENTROS DOCENTES DE ENSEÑANZA DISTRITO DE CENTRO,,5176.01,
2026,X05,Educación,COLEGIO PÚBLICO SAN ILDEFONSO. SUBSANACIÓN DEFICIENCIAS INSPECCIÓN TÉCNICA DE EDIFICIOS,,11418.0,11418.0
2026,X05,Educación,RESIDENCIA INTERNADO SAN ILDEFONSO. OBRAS DE REHABILITACIÓN,,400000.0,
2026,X05,Educación,ESCUELAS INFANTILES DEL DISTRITO CENTRO. ADQUISICIÓN DE MOBILIARIO Y ENSERES,,2000.0,
2026,X05,Educación,ESCUELA INFANTIL LA PALOMA. REPOSICIÓN MOBILARIO Y ENSERES,,3000.0,
2026,X05,Educación,COLEGIO PÚBLICO PI I MARGALL. OBRAS DE ACONDICIONAMIENTO,,130000.0,
2026,X05,Educación,COLEGIO PÚBLICO VÁZQUEZ DE MELLA. OBRAS DE CLIMATIZACIÓN Y ADAPTACIÓN NORMATIVA PROTECCION INCENDIOS,,60000.0,
2026,X05,Educación,OBRAS DE REPARACIÓN Y CONSERVACIÓN CENTROS EDUCATIVOS DISTRITO CENTRO,,150000.0,
2026,X05,Educación,IFS-COLEGIOS PÚBLICOS DISTRITO CENTRO. OBRAS SUSTITUCIÓN INSTALACIONES DE CALEFACCIÓN,,60000.0,
2026,X05,Educación,COLEGIO PÚBLICO NUESTRA SEÑORA DE LA PALOMA. OBRAS DE REFORMA DE LOS ASEOS (ID 24: 21159),,130000.0,
2026,X05,Educación,COLEGIO PÚBLICO VÁZQUEZ DE MELLA. ACONDICIONAMIENTO CLIMÁTICO (ID 24: 22444),,88000.0,
2026,X06,Urbanismo,,,6238824.0,1990504.13
2026,X06,Urbanismo,"ADQUISICIÓN DE SUELO EN LA RONDA DE SEGOVIA, 15",,20000.0,
2026,X06,Urbanismo,PLAZA DE JACINTO BENAVENTE. OBRAS DE REMODELACIÓN DE LA URBANIZACIÓN,,4950000.0,1183249.48
2026,X06,Urbanismo,PLAZA TIRSO DE MOLINA Y CALLES ALEDAÑAS. REMODELACIÓN Y MEJORA CONFIGURACIÓN DEL ESPACIO URBANO,,852824.0,807254.65
2026,X06,Urbanismo,IFS-PLAZA DEL CARMEN. ADAPTACIÓN DE CONJUNTO MONUMENTAL Y MEJORA DE LA  CALIDAD DEL ESPACIO URBANO,,56000.0,
2026,X06,Urbanismo,"IFS-PLAZA DE LAS CORTES. REHABILITACIÓN PERIMETRO, MEJORA ACCESIBILIDAD Y CALIDAD DEL PAISAJE URBANO",,360000.0,
2026,X11,"Deportes, juventud y esparcimiento",,,683800.49,
2026,X11,"Deportes, juventud y esparcimiento",PARQUE CASINO DE LA REINA. OBRAS DE ADECUACIÓN ESPACIO PARA ZONA DE CALISTENIA,,79445.57,
2026,X11,"Deportes, juventud y esparcimiento",DEPORTIVO BÁSICO CASINO DE LA REINA. OBRAS ADECUACIÓN DE GRADERÍO,,1621.67,
2026,X11,"Deportes, juventud y esparcimiento","DEPORTIVO BÁSICO C/ EMBAJADORES, 18. OBRAS DE ACONDICIONAMIENTO ESPACIO LIBRE DE PARCELA",,224133.25,
2026,X11,"Deportes, juventud y esparcimiento","DEPORTIVO BÁSICO CASINO DE LA REINA, BARRIO EMBAJADORES. OBRAS REPARACIÓN Y MEJORA",,95000.0,
2026,X11,"Deportes, juventud y esparcimiento",CENTRO DEPORTIVO SAN ANTÓN. OBRAS DE CONSERVACIÓN Y REPARACIÓN,,200000.0,
2026,X11,"Deportes, juventud y esparcimiento",CENTRO MULTIFUNCIONAL ESCUELAS DE SAN ANTÓN. SEÑALÉTICA,,3600.0,
2026,X11,"Deportes, juventud y esparcimiento",IFS-CENTRO MULTIFUNCIONAL C/ FUCAR. ACONDICIONAMIENTO GARITA CONSERJE Y OTRAS,,80000.0,
2026,X12,Otros bienes públicos de carácter social,,,349422.66,
2026,X12,Otros bienes públicos de carácter social,"EQUIPAMIENTO CASA DEL VOLUNTARIADO, C/ FÚCAR, 6",,26000.0,
2026,X12,Otros bienes públicos de carácter social,"CENTRO MUNICIPAL DE VOLUNTARIADO, CALLE FÚCAR, 6. SEÑALÉTICA INTERIOR Y EXTERIOR",,7000.0,
2026,X12,Otros bienes públicos de carácter social,OFICINA ATENCIÓN CIUDADANÍA LINEA MADRID CENTRO. OBRAS ACONDICIONAMIENTO INSTALACIÓN CLIMATIZACIÓN,,295000.0,
2026,X12,Otros bienes públicos de carácter social,"CENTRO MUNICIPAL DE VOLUNTARIADO, CALLE FÚCAR, 6. OBRAS DE ACONDICIONAMIENTO",,6000.0,
2026,X12,Otros bienes públicos de carácter social,"SUMINISTRO E INSTALACIÓN DE PUERTA AUTOMÁTICA ACRISTALADA, OAIC C/ SACRAMENTO, 3",,15422.66,
2026,X04,Salud pública,,,58005.2,
2026,X04,Salud pública,"EQUIPAMIENTO CENTRO JOVEN DE MADRID SALUD, C/NAVAS DE TOLOSA,10",,259.13,
2026,X04,Salud pública,CENTRO MUNICIPAL SALUD COMUNITARIA CENTRO. OBRAS DE REFORMA,,44352.97,
2026,X04,Salud pública,EQUIPAMIENTO CENTRO DE ATENCIÓN INTEGRAL SOCIOSANITARIA,,6593.1,
2026,X04,Salud pública,CMSc CENTRO MUNICIPAL SALUD COMUNITARIA DE CENTRO. MAQUINARIA PREVENCIÓN Y PROMOCIÓN SALUD,,6800.0,
