Año,Id Línea,Nombre Línea,Inversión,Inversión,Presupuesto Gasto,Gasto Real
2011,X10,Cultura,,,1586593.53,1586450.48
2011,X10,Cultura,CENTRO CULTURAL DE ENTREVÍAS. INSTALACIÓN LÁMINAS PROTECCIÓN SOLAR FACHADA,,43998.52,43998.52
2011,X10,Cultura,"CENTRO CULTURAL POZO DEL TÍO RAIMUNDO, AV. GLORIETAS, 19. CONSERVACIÓN",,81478.2,81478.2
2011,X10,Cultura,"CENTRO CULTURAL ALBERTO SÁNCHEZ, C/ RISCO DE PELOCHE, 14. CONSERVACIÓN",,13049.05,13049.05
2011,X10,Cultura,CENTRO CULTURAL DE ENTREVÍAS. CONSTRUCCIÓN,,1225848.37,1225848.37
2011,X10,Cultura,INSTALACIÓN Y PAISAJÍSTICA EN RECUERDO VÍCTIMAS 11-M EN POZO TÍO RAIMUNDO,,183495.29,183352.24
2011,X10,Cultura,CENTRO CULTURAL TALLERES DE CREATIVIDAD. CONSERVACIÓN,,2107.95,2107.95
2011,X10,Cultura,"AUDITORIO ENTREVÍAS, C/ RONDA DEL SUR, S/N. CONSERVACIÓN",,8812.64,8812.64
2011,X10,Cultura,"CENTRO CULTURAL ENTREVÍAS, C/CONCEJO DE TEVERGA, 1. OBRAS DE CONSERVACIÓN",,7273.99,7273.99
2011,X10,Cultura,"CENTRO CULTURAL LOPE DE VEGA, C/ CONCEJO DE TEVERGA, 1. OBRAS CONSERVACIÓN",,2323.84,2323.84
2011,X10,Cultura,"CENTRO CULTURAL TALLERES DE CREATIVIDAD, C/ SIERRA CARBONERA, 74. REFORMA",,18205.68,18205.68
2011,X06,Urbanismo,,,1285081.85,1101445.14
2011,X06,Urbanismo,"C/ JOSÉ PAULETE, 24. OBRAS DE URBANIZACIÓN",,105593.22,
2011,X06,Urbanismo,COLONIAS SAN FCO.JAVIER-NUESTRA SRA.DE LOS ÁNGELES.CIERRE REDES DE SERVICIOS,,21240.0,21239.99
2011,X06,Urbanismo,UNIDAD VECINAL 4 DE ENTREVÍAS. URBANIZACIÓN,,25747.27,
2011,X06,Urbanismo,COLONIA LA VIÑA DE ENTREVÍAS. URBANIZACIÓN,,40979.59,
2011,X06,Urbanismo,ADQUISICIÓN DE SUELO EN Bº STA. CATALINA MANZANARES SUR. ZONA VERDE,,86440.66,86440.66
2011,X06,Urbanismo,"POLÍGONO DE COOPERACIÓN C/RAMÍREZ TOMÉ, SAN MIGUEL Y OTRAS",,7442.28,
2011,X06,Urbanismo,ADQUISICIÓN DE SUELO SIERRA TOLEDANA  APR 13.01,,375218.09,371348.13
2011,X06,Urbanismo,ADQUISICIÓN DE SUELO C/PUERTO DE CANFRANC. VIARIO,,74735.91,74735.91
2011,X06,Urbanismo,"CALLES RODRÍGUEZ ESPINOSA, 23 Y SIERRA BERMEJA, 30. URBANIZACIÓN",,4.38,
2011,X06,Urbanismo,MEJORA MOVILIDAD Y ACCESIBILIDAD DIVERSOS ÁMBITOS DTO.PUENTE DE VALLECAS,,16874.0,16874.0
2011,X06,Urbanismo,"ADQUISICIÓN DE SUELO C/PEIRONCELY, 5",,376953.14,376953.14
2011,X06,Urbanismo,ADQUISICIÓN SUELO AV. ALBUFERA A.P.D. 14/2 NORTE. EQUIPAMIENTOS,,58882.38,58882.38
2011,X06,Urbanismo,"DERRIBO Y VALLADO SIERRA TOLEDANA, A.P.R. 13.01",,41872.36,41872.36
2011,X06,Urbanismo,DERRIBO Y VALLADO DOCTOR SÁNCHEZ API 13.15,,53098.57,53098.57
2011,X08,Mantenimiento urbano,,,1927248.65,1927248.65
2011,X08,Mantenimiento urbano,RENOVACIÓN INTEGRAL INSTALACIONES Y PAVIMENTOS. PRIS Z-5 DTO.PUENTE VALLECAS,,1407045.55,1407045.55
2011,X08,Mantenimiento urbano,ADAPTACIÓN INSTALACIONES ALUMBRADO PÚBLICO A NORMATIVA. PUENTE VALLECAS,,40331.73,40331.73
2011,X08,Mantenimiento urbano,MEJORA RODADURA Y DISMINUCIÓN EMISIONES SONORAS VÍAS PÚBLICAS. PTE. VALLECAS,,283941.07,283941.07
2011,X08,Mantenimiento urbano,INSTALACIÓN PLACAS IDENTIFICATIVAS DE CALLES Y BOLARDOS DISTRITO PUENTE DE VALLECAS,,999.98,999.98
2011,X08,Mantenimiento urbano,MEJORA PAVIMENTACIÓN ESPACIOS PÚBLICOS DISTRITO PUENTE VALLECAS. PLAN BARRIO,,194930.32,194930.32
2011,X09,Medio ambiente,,,2462956.41,2177450.21
2011,X09,Medio ambiente,CENTRO MANTENIMIENTO ZONA INFERIOR RÍO MANZANARES. RECONSTRUCCIÓN,,85500.31,
2011,X09,Medio ambiente,RECOGIDA NEUMÁTICA RESIDUOS EN COLONIAS S.FCO.JAVIER Y NTRA.SRA.ÁNGELES,,1271742.54,1171741.48
2011,X09,Medio ambiente,"CENTRAL TERMOELÉCTRICA N.SRA.ÁNGELES:ELECTRICIDAD,CALEFACCIÓN,AGUA CALIENTE",,1105713.56,1005708.73
2011,X03,Protección y promoción social,,,1326721.34,1222239.54
2011,X03,Protección y promoción social,EQUIPAMIENTO NUEVO CENTRO DE DÍA DE MAYORES SIERRA JAVALAMBRE,,130000.0,68883.14
2011,X03,Protección y promoción social,EQUIPAMIENTO NUEVO CENTRO DE MAYORES PUERTO DE NAVACERRADA,,177800.0,134753.05
2011,X03,Protección y promoción social,"CENTRO DE MAYORES SAN DIEGO, C/ JAVIER DE MIGUEL, 10. OBRAS DE CONSERVACIÓN",,744.93,744.93
2011,X03,Protección y promoción social,"CENTRO DE MAYORES ALTO DEL ARENAL, C/ SIERRA SALVADA, 30. CONSERVACIÓN",,20371.67,20371.67
2011,X03,Protección y promoción social,"CENTRO DE MAYORES CASA DEL BULEVAR, C/ PEÑA GORBEA, 22. CONSERVACIÓN",,37307.05,37307.05
2011,X03,Protección y promoción social,CENTRO DE DÍA DE MAYORES C/SIERRA DE JAVALAMBRE. CONSTRUCCIÓN,,206462.58,206462.58
2011,X03,Protección y promoción social,"CONSTRUCCIÓN CENTRO DE ATENCIÓN SOCIAL A MAYORES,C/PUERTO DE NAVACERRADA, 1",,528424.73,528419.4
2011,X03,Protección y promoción social,EQUIPAMIENTO CENTRO DE DÍA Y MAYORES SIERRA DE JAVALAMBRE,,104190.49,104190.48
2011,X03,Protección y promoción social,EQUIPAMIENTO CENTRO DE MAYORES C/ SIERRA JAVALAMBRE,,7500.0,7438.74
2011,X03,Protección y promoción social,"EQUIPAMIENTO CENTRO DE MAYORES C/ PUERTO DE NAVACERRADA, 1",,10500.0,10274.66
2011,X03,Protección y promoción social,CENTRO DE MAYORES C/ SIERRA DE LOS FILABRES. SEÑALIZACIÓN,,2835.0,2822.03
2011,X03,Protección y promoción social,"CENTRO DE MAYORES C/ PUERTO DE NAVACERRADA, 1. SEÑALIZACIÓN",,5500.0,5486.92
2011,X03,Protección y promoción social,"CENTRO DE MAYORES PABLO NERUDA, C/ GERARDO DIEGO, 8. ACONDICIONAMIENTO",,40624.47,40624.47
2011,X03,Protección y promoción social,"CENTRO DE MAYORES RAMÓN PÉREZ DE AYALA, C/MARISMAS, 24. CONSERVACIÓN",,24488.74,24488.74
2011,X03,Protección y promoción social,"CENTRO DE MAYORES ENTREVÍAS, C/ YUSTE, 8. OBRAS DE CONSERVACIÓN",,29800.58,29800.58
2011,X03,Protección y promoción social,AGENCIA DE ZONA PUENTE DE VALLECAS. EQUIPAMIENTO POLÍTICAS ACTIVAS DE EMPLEO,,171.1,171.1
2011,X00,Inversiones de carácter general,,,26139.21,26138.1
2011,X00,Inversiones de carácter general,OBRAS CONSERVACIÓN EDIFICIOS DISTRITO PUENTE DE VALLECAS,,1.11,
2011,X00,Inversiones de carácter general,"EDIFICIO SEDE DISTRITO PUENTE DE VALLECAS, AV. ALBUFERA, 42. CONSERVACIÓN",,26138.1,26138.1
2011,X11,"Deportes, juventud y esparcimiento",,,348439.0,348437.35
2011,X11,"Deportes, juventud y esparcimiento",OBRAS CONSERVACIÓN INSTALACIONES DEPORTIVAS DISTRITO PUENTE DE VALLECAS,,1.65,
2011,X11,"Deportes, juventud y esparcimiento","DEPORTIVO BÁSICO LOS ARBOLITOS, C/ RONDA DEL SUR, S/N. OBRAS DE CONSERVACIÓN",,145.51,145.51
2011,X11,"Deportes, juventud y esparcimiento","POLIDEPORTIVO PALOMERAS, AV. ALBUFERA, 321. CONSERVACIÓN",,54185.41,54185.41
2011,X11,"Deportes, juventud y esparcimiento","POLIDEPORTIVO PUENTE DE VALLECAS, C/ PAYASO FOFÓ, 7. CONSERVACIÓN",,151108.08,151108.08
2011,X11,"Deportes, juventud y esparcimiento","POLIDEPORTIVO ALBERTO GARCÍA, C/ REGUERA DE TOMATEROS, 39. CONSERVACIÓN",,36321.78,36321.78
2011,X11,"Deportes, juventud y esparcimiento","POLIDEPORTIVO ENTREVÍAS, C/ RONDA DEL SUR, 4. CONSERVACIÓN",,44867.73,44867.73
2011,X11,"Deportes, juventud y esparcimiento",DEPORTIVO BÁSICO COLONIA DE LOS TAXISTAS. CONSERVACIÓN,,11658.96,11658.96
2011,X11,"Deportes, juventud y esparcimiento","DEPORTIVO BÁSICO HERMANOS TRUEBA, C/HERMANOS TRUEBA, 30. CONSERVACIÓN",,7828.0,7828.0
2011,X11,"Deportes, juventud y esparcimiento","DEPORTIVO BÁSICO FRANCISCO LAGUNA, C/FRANCISCO LAGUNA, 36. CONSERVACIÓN",,3529.57,3529.57
2011,X11,"Deportes, juventud y esparcimiento","DEPORTIVO BÁSICO CAZORLA, C/IBOR, 3. CONSERVACIÓN",,145.51,145.51
2011,X11,"Deportes, juventud y esparcimiento","DEPORTIVO BÁSICO ANDÉVALO, C/ANDÉVALO, 6. CONSERVACIÓN",,4597.78,4597.78
2011,X11,"Deportes, juventud y esparcimiento","DEPORTIVO BÁSICO NOVECENTO, C/NOVECENTO, 6. CONSERVACIÓN",,145.51,145.51
2011,X11,"Deportes, juventud y esparcimiento","DEPORTIVO BÁSICO COLONIA SIERRA DEL VALLE, C/PAYASO FOFÓ, 7. CONSERVACIÓN",,145.51,145.51
2011,X11,"Deportes, juventud y esparcimiento","DEPORTIVO BÁSICO JESÚS DIVINO OBERO, C/HUMANES S/N. CONSERVACIÓN",,932.07,932.07
2011,X11,"Deportes, juventud y esparcimiento",DEPORTIVO BÁSICO RAMÓN PÉREZ DE AYALA. CONSERVACIÓN,,3820.17,3820.17
2011,X11,"Deportes, juventud y esparcimiento","DEPORTIVO BÁSICO PARQUE LA VIÑA, C/CONCEJO DE TEVERGA, 2. CONSERVACIÓN",,5306.33,5306.33
2011,X11,"Deportes, juventud y esparcimiento","DEPORTIVO BÁSICO LUIS BUÑUEL, C/LUIS BUÑUEL, 38. CONSERVACIÓN",,3171.4,3171.4
2011,X11,"Deportes, juventud y esparcimiento","DEPORTIVO BÁSICO SAN ANSELMO, C/SAN ANSELMO, 22. CONSERVACIÓN",,659.72,659.72
2011,X11,"Deportes, juventud y esparcimiento",DEPORTIVO BÁSICO MIGUEL HERNÁNDEZ. CONSERVACIÓN,,3596.48,3596.48
2011,X11,"Deportes, juventud y esparcimiento","DEPORTIVO BÁSICO PUERTO CORLITE, C/PUERTO CORLITE, 8. CONSERVACIÓN",,2227.89,2227.89
2011,X11,"Deportes, juventud y esparcimiento",DEPORTIVO BÁSICO PUERTO MONASTERIO. CONSERVACIÓN,,183.67,183.67
2011,X11,"Deportes, juventud y esparcimiento","DEPORTIVO BÁSICO PUERTO VELATE, C/PUERTO VELATE, 9. CONSERVACIÓN",,218.72,218.72
2011,X11,"Deportes, juventud y esparcimiento","DEPORTIVO BÁSICO IMAGEN, C/ IMAGEN, 23. OBRAS DE CONSERVACIÓN",,1405.2,1405.2
2011,X11,"Deportes, juventud y esparcimiento","DEPORTIVO BÁSICO CARLOS SOLÉ, C/ CARLOS SOLÉ, 11 - 19. OBRAS DE CONSERVACIÓN",,9515.82,9515.82
2011,X11,"Deportes, juventud y esparcimiento","DEPORTIVO BÁSICO PARQUE MARCHAMALO, PARQUE MARCHAMALO.OBRAS CONSERVACIÓN",,2108.78,2108.78
2011,X11,"Deportes, juventud y esparcimiento","DEPORTIVO BÁSICO PUERTO BALBARÁN, C/ PUERTO DE BALBARÁN, 2 Y 8. CONSERVACIÓN",,498.18,498.18
2011,X11,"Deportes, juventud y esparcimiento","DEPORTIVO BÁSICO JOSÉ DURÁN, AV. PARQUE DE PALOMERAS BAJAS, 10. CONSERVACIÓN",,113.57,113.57
2011,X05,Educación,,,1240729.32,1240728.18
2011,X05,Educación,"COLEGIO TRABENCO, C/ REGUERA DE TOMATEROS, 103. OBRAS DE ACONDICIONAMIENTO",,345130.12,345130.12
2011,X05,Educación,"COLEGIO PÚBLICO CARLOS SAINZ DE LOS TERREROS, C/ CARTAMA, 1. CONSERVACIÓN",,81606.37,81606.37
2011,X05,Educación,"COLEGIO PÚBLICO SANTO DOMINGO, C/ SAN FELIÚ DE GUIXOLS, 7. CONSERVACIÓN",,20169.03,20169.03
2011,X05,Educación,"COLEGIO PÚBLICO MESONERO ROMANOS, C/ PONT DE MOLINS, 31. CONSERVACIÓN",,7577.38,7577.38
2011,X05,Educación,EQUIPAMIENTO ESCUELA INFANTIL PUENTE DE VALLECAS Nº 13,,9911.99,9911.99
2011,X05,Educación,"EQUIPAMIENTO ESCUELA INFANTIL PUENTE DE VALLECAS Nº 14, C/ COCHERÓN VILLA, 29",,10189.21,10189.21
2011,X05,Educación,OBRAS CONSERVACIÓN COLEGIOS PÚBLICOS DISTRITO PUENTE DE VALLECAS,,1.14,
2011,X05,Educación,"COLEGIO PÚBLICO MADRID SUR, C/ PUERTO BALBARÁN, 133. CONSERVACIÓN",,11821.54,11821.54
2011,X05,Educación,"COLEGIO PÚBLICO CONCHA ESPINA, C/ GERARDO DIEGO, 6. CONSERVACIÓN",,102168.66,102168.66
2011,X05,Educación,"COLEGIO PÚBLICO AGUSTINA DÍEZ, C/ VESUBIO, 5. CONSERVACIÓN",,8777.66,8777.66
2011,X05,Educación,"COLEGIO PÚBLICO VIRGEN DEL CERRO, C/ MOHERNANDO, 1. CONSERVACIÓN",,34632.12,34632.12
2011,X05,Educación,"COLEGIO PÚBLICO FRAY JUNÍPERO SERRA, C/ ALMONACID, 16. CONSERVACIÓN",,20446.24,20446.24
2011,X05,Educación,"COLEGIO PÚBLICO AMOS ACERO, C/ RODRÍGUEZ ESPINOSA, 54. CONSERVACIÓN",,1973.51,1973.51
2011,X05,Educación,"COLEGIO PÚBLICO JAVIER DE MIGUEL, C/PUERTO DE VILLAMALA, 11. CONSERVACIÓN",,30382.94,30382.94
2011,X05,Educación,"COLEGIO PÚBLICO EDUARDO ROJO, C/ EDUARDO ROJO, 7. OBRAS DE ACONDICIONAMIENTO",,73983.79,73983.79
2011,X05,Educación,"COLEGIO PÚBLICO JAIME BALMÉS, C/ SIERRA SOLANA, 2. OBRAS DE ACONDICIONAMIENTO",,43899.07,43899.07
2011,X05,Educación,"COLEGIO PÚBLICO ARAGÓN, C/ RAFAEL ALBERTÍ, 2. CONSERVACIÓN",,22705.71,22705.71
2011,X05,Educación,"COLEGIO PÚBLICO SAN PABLO, PZA. DE PEÑA MORRAZ, 1. CONSERVACIÓN",,9854.59,9854.59
2011,X05,Educación,"COLEGIO PÚBLICO GARCÍA MORENTE, C/ RONDA DEL SUR, S/N. CONSERVACIÓN",,23324.8,23324.8
2011,X05,Educación,"COLEGIO PÚBLICO PALOMERAS BAJAS, C/ FELIPE DE DIEGO, 6. CONSERVACIÓN",,51708.36,51708.36
2011,X05,Educación,"COLEGIO PÚBLICO FRANCISCO GINER, C/ MEMBEZAR, 25. CONSERVACIÓN",,95161.5,95161.5
2011,X05,Educación,"COLEGIO PÚBLICO FRANCISCO RUANO, C/ ALMURADIEL, 150. CONSERVACIÓN",,20878.23,20878.23
2011,X05,Educación,"COLEGIO PÚBLICO JOSE Mª DE PEREDA, C/ MESTANZA, S/N. CONSERVACIÓN",,34396.4,34396.4
2011,X05,Educación,"COLEGIO PÚBLICO LA RIOJA, C/ LEÓN FELIPE, 3. CONSERVACIÓN",,14230.3,14230.3
2011,X05,Educación,"COLEGIO PÚBLICO DOCTOR TOLOSA LATOUR, C/ ASTURIANOS, 4. CONSERVACIÓN",,10332.8,10332.8
2011,X05,Educación,"COLEGIO PÚBLICO PADRE MARIANA, C/ RONDA DEL SUR, 145. CONSERVACIÓN",,56842.42,56842.42
2011,X05,Educación,"COLEGIO PÚBLICO MANUEL NUÑEZ ARENAS, C/ MARTOS, 120.  ACONDICIONAMIENTO",,42242.45,42242.45
2011,X05,Educación,"COLEGIO PÚBLICO ASTURIAS, C/LOS ASTURIANOS S/N. ACONDICIONAMIENTO",,2511.15,2511.15
2011,X05,Educación,"COLEGIO PÚBLICO EL MADROÑO, C/ LAS MARISMAS, 14. ACONDICIONAMIENTO",,4761.07,4761.07
2011,X05,Educación,"COLEGIO PÚBLICO MANUEL SIUROT, PZ. SIERRA MINISTRA, 3. CONSERVACIÓN",,6081.47,6081.47
2011,X05,Educación,CENTRO DE EDUCACIÓN ESPECIAL PUENTE DE VALLECAS.  ACONDICIONAMIENTO,,43027.3,43027.3
2011,X04,Salud pública,,,65225.95,65225.95
2011,X04,Salud pública,EQUIPAMIENTO CENTRO ATENCIÓN DROGODEPENDIENTES DE PUENTE DE VALLECAS,,820.1,820.1
2011,X04,Salud pública,"CENTRO SALUD PUENTE DE VALLECAS, C/CONCORDIA, 15. OBRAS DE REFORMA",,64405.85,64405.85
2011,X02,"Tráfico, estacionamiento y transporte público",,,23129.12,23129.12
2011,X02,"Tráfico, estacionamiento y transporte público",SEMÁFOROS E INTERSECCIONES URBANAS DISTRITO DE PUENTE DE VALLECAS,,3021.17,3021.17
2011,X02,"Tráfico, estacionamiento y transporte público",SEMÁFOROS Y SEÑALIZACIÓN INTERSECCIONES URBANAS. DISTRITO PUENTE VALLECAS,,20107.95,20107.95
2012,X10,Cultura,,,172887.77,172887.77
2012,X10,Cultura,CENTRO CULTURAL DE ENTREVÍAS. INSTALACIÓN LÁMINAS PROTECCIÓN SOLAR FACHADA,,4339.0,4339.0
2012,X10,Cultura,"CENTRO CULTURAL POZO DEL TÍO RAIMUNDO, AV. GLORIETAS, 19. CONSERVACIÓN",,21188.92,21188.92
2012,X10,Cultura,"CENTRO CULTURAL ALBERTO SÁNCHEZ, C/ RISCO DE PELOCHE, 14. CONSERVACIÓN",,25171.46,25171.46
2012,X10,Cultura,"CENTRO CULTURAL ALBERTO SÁNCHEZ, C/ RISCO DE PELOCHE, 14. ACONDICIONAMIENTO",,40048.82,40048.82
2012,X10,Cultura,CENTRO CULTURAL TALLERES DE CREATIVIDAD. OBRAS DE ACONDICIONAMIENTO,,79541.34,79541.34
2012,X10,Cultura,"CENTRO CULTURAL LOPE DE VEGA, C/ CONCEJO DE TEVERGA, 1. CONSERVACIÓN",,2598.23,2598.23
2012,X06,Urbanismo,,,2122947.89,1721778.57
2012,X06,Urbanismo,"C/ JOSÉ PAULETE, 24. OBRAS DE URBANIZACIÓN",,105593.22,69325.0
2012,X06,Urbanismo,COLONIAS SAN FCO.JAVIER-NUESTRA SRA.DE LOS ÁNGELES.CIERRE REDES DE SERVICIOS,,754928.68,483127.39
2012,X06,Urbanismo,"DEMOLICIÓN EDIFICACIÓN C/ JESÚS CARRIZO, 2",,19359.53,19359.53
2012,X06,Urbanismo,"DEMOLICIÓN EDIFICACIÓN C/ GARGANTA DE AÍSA, 24",,7217.64,7217.64
2012,X06,Urbanismo,UNIDAD VECINAL 4 DE ENTREVÍAS. URBANIZACIÓN,,25747.27,
2012,X06,Urbanismo,COLONIA LA VIÑA DE ENTREVÍAS. URBANIZACIÓN,,40979.59,
2012,X06,Urbanismo,"ADQUISICIÓN SUELO AMPLIACIÓN AVENÍDA ALBUFERA, M-303",,1340.75,1340.75
2012,X06,Urbanismo,ADQUISICIÓN DE SUELO EN Bº STA. CATALINA MANZANARES SUR. ZONA VERDE,,321322.43,321322.43
2012,X06,Urbanismo,"ADQUISICIÓN DE SUELO C/ENRIQUE VELASCO, 19. VIARIO",,249446.55,249446.55
2012,X06,Urbanismo,ADQUISICIÓN DE SUELO AVDA. PABLO NERUDA,,49617.62,49617.62
2012,X06,Urbanismo,"POLÍGONO DE COOPERACIÓN C/RAMÍREZ TOMÉ, SAN MIGUEL Y OTRAS",,7442.28,
2012,X06,Urbanismo,ADQUISICIÓN SUELO C/DOCTOR SÁNCHEZ Y OTRAS API 13.15,,145157.07,145096.72
2012,X06,Urbanismo,ADQUISICIÓN DE SUELO SIERRA TOLEDANA  APR 13.01,,344351.22,325481.49
2012,X06,Urbanismo,ADQUISICIÓN SUELO EN API 13.06 LA VIÑA,,13960.54,13960.19
2012,X06,Urbanismo,ADQUISICIÓN SUELO EN EL API 13.01 JOSEFA DÍAZ-JOSÉ PAULETE,,36483.5,36483.26
2012,X08,Mantenimiento urbano,,,1175047.18,1075047.18
2012,X08,Mantenimiento urbano,RENOVACIÓN INTEGRAL INSTALACIONES Y PAVIMENTOS. PRIS Z-5 DTO.PUENTE VALLECAS,,1069804.32,1069804.32
2012,X08,Mantenimiento urbano,HIDRANTES DISTRITO PUENTE DE VALLECAS. INSTALACIÓN,,5242.86,5242.86
2012,X08,Mantenimiento urbano,APARATOS DE GIMNASIA PARA MAYORES EN PARQUES DISTRITO PUENTE DE VALLECAS,,100000.0,
2012,X09,Medio ambiente,,,85500.31,61616.99
2012,X09,Medio ambiente,CENTRO MANTENIMIENTO ZONA INFERIOR RÍO MANZANARES. RECONSTRUCCIÓN,,85500.31,61616.99
2012,X03,Protección y promoción social,,,260339.13,224936.63
2012,X03,Protección y promoción social,"CENTRO DE MAYORES C/PUERTO DE NAVACERRADA, 1. ADECUACIÓN REDES DE SERVICIO",,8804.98,8804.98
2012,X03,Protección y promoción social,EQUIPAMIENTO NUEVO CENTRO DE DÍA DE MAYORES SIERRA JAVALAMBRE,,40132.09,34859.99
2012,X03,Protección y promoción social,EQUIPAMIENTO NUEVO CENTRO DE MAYORES PUERTO DE NAVACERRADA,,75486.0,45355.6
2012,X03,Protección y promoción social,"CENTRO DE MAYORES SAN DIEGO, C/ JAVIER DE MIGUEL, 10. OBRAS DE CONSERVACIÓN",,10729.76,10729.76
2012,X03,Protección y promoción social,"CENTRO DE MAYORES ALTO DEL ARENAL, C/ SIERRA SALVADA, 30. CONSERVACIÓN",,26666.1,26666.1
2012,X03,Protección y promoción social,"CENTRO DE MAYORES PABLO NERUDA, C/ GERARDO DIEGO, 8. OBRAS DE CONSERVACIÓN",,4164.44,4164.44
2012,X03,Protección y promoción social,CENTRO DE SERVICIOS SOCIALES RAMÓN PÉREZ DE AYALA. OBRAS DE CONSERVACIÓN,,4867.51,4867.51
2012,X03,Protección y promoción social,"CENTRO DE MAYORES ENTREVÍAS, C/ YUSTE, 8. OBRAS DE ACONDICIONAMIENTO",,47358.76,47358.76
2012,X03,Protección y promoción social,"CENTRO DE MAYORES NAVACERRADA, C/ PUERTO DE NAVACERRADA, 1. CONSERVACIÓN",,7354.74,7354.74
2012,X03,Protección y promoción social,CENTRO DE MAYORES PABLO NERUDA. CLIMATIZACIÓN,,34774.75,34774.75
2012,X00,Inversiones de carácter general,,,48263.17,48263.15
2012,X00,Inversiones de carácter general,OBRAS CONSERVACIÓN EDIFICIOS DISTRITO PUENTE DE VALLECAS,,0.02,
2012,X00,Inversiones de carácter general,"EDIFICIO SEDE DISTRITO PUENTE DE VALLECAS, AV. ALBUFERA, 42. CONSERVACIÓN",,16491.31,16491.31
2012,X00,Inversiones de carácter general,EDIFICIO SEDE DISTRITO PUENTE DE VALLECAS. SUSTITUCIÓN BOMBA DE CALOR,,31771.84,31771.84
2012,X11,"Deportes, juventud y esparcimiento",,,368439.0,368438.98
2012,X11,"Deportes, juventud y esparcimiento",OBRAS CONSERVACIÓN INSTALACIONES DEPORTIVAS DISTRITO PUENTE DE VALLECAS,,0.02,
2012,X11,"Deportes, juventud y esparcimiento","POLIDEPORTIVO ENTREVÍAS, C/ RONDA DEL SUR, 4. OBRAS DE CONSERVACIÓN",,16412.56,16412.56
2012,X11,"Deportes, juventud y esparcimiento",POLIDEPORTIVO ENTREVÍAS. CENTRALIZACIÓN Y NORMALIZACIÓN CUADRO ELÉCTRICO,,37300.64,37300.64
2012,X11,"Deportes, juventud y esparcimiento","POLIDEPORTIVO ALBERTO GARCÍA, C/REGUERA DE TOMATEROS. ACONDICIONAMIENTO",,74354.59,74354.59
2012,X11,"Deportes, juventud y esparcimiento","POLIDEPORTIVO PUENTE DE VALLECAS, C/ PAYASO FOFÓ, 7. ACONDICIONAMIENTO",,97027.62,97027.62
2012,X11,"Deportes, juventud y esparcimiento",POLIDEPORTIVO PUENTE DE VALLECAS. SUBSANACIÓN DEFICIENCIAS ELÉCTRICAS,,44910.24,44910.24
2012,X11,"Deportes, juventud y esparcimiento","POLIDEPORTIVO PALOMERAS, AV. TRANVÍA DE ARGANDA, S/N. ACONDICIONAMIENTO",,56177.95,56177.95
2012,X11,"Deportes, juventud y esparcimiento",DEPORTIVOS BÁSICOS DISTRITO PUENTE VALLECAS.REPARACIÓN ELEMENTOS PELIGROSOS,,42255.38,42255.38
2012,X05,Educación,,,792318.68,792318.64
2012,X05,Educación,"COLEGIO TRABENCO, C/ REGUERA DE TOMATEROS, 103. OBRAS DE ACONDICIONAMIENTO",,29548.76,29548.76
2012,X05,Educación,"EQUIPAMIENTO ESCUELA INFANTIL PUENTE VALLECAS, Nº 13, C/MARÍA TERESA ROBLEDO, 3",,11266.65,11266.65
2012,X05,Educación,"EQUIPAMIENTO ESCUELA INFANTIL PUENTE VALLECAS Nº 14, C/COHERÓN DE LA VILLA, 29",,12187.19,12187.19
2012,X05,Educación,OBRAS CONSERVACIÓN COLEGIOS Y OTROS CENTROS EDUCATIVOS DTO.PUENTE VALLECAS,,0.04,
2012,X05,Educación,"COLEGIO PÚBLICO VIRGEN DEL CERRO, C/ MOHERNANDO, 1. OBRAS DE CONSERVACIÓN",,6092.68,6092.68
2012,X05,Educación,"COLEGIO PÚBLICO EDUARDO ROJO, C/ EDUARDO ROJO, 2. OBRAS DE CONSERVACIÓN",,1338.66,1338.66
2012,X05,Educación,"COLEGIO PÚBLICO GARCÍA MORENTE, C/ RONDA DEL SUR, S/N. OBRAS DE CONSERVACIÓN",,3262.69,3262.69
2012,X05,Educación,"COLEGIO PÚBLICO JOSÉ MARÍA PEREDA, C/ MESTANZA, 94. OBRAS DE CONSERVACIÓN",,9465.71,9465.71
2012,X05,Educación,"COLEGIO PÚBLICO FAY JUNÍPERO SERRA, C/ ALMONACID, 16. OBRAS DE CONSERVACIÓN",,15371.18,15371.18
2012,X05,Educación,"COLEGIO PÚBLICO JAIME BALMES, C/ SIERRA DE LA SOLANA, 2. OBRAS DE CONSERVACIÓN",,23139.54,23139.54
2012,X05,Educación,"COLEGIO PÚBLICO PADRE MARIANA, C/ RONDA DEL SUR, 145. OBRAS DE CONSERVACIÓN",,15409.36,15409.36
2012,X05,Educación,"COLEGIO PÚBLICO LA RIOJA, C/ LEÓN DE FELIPE, 3. OBRAS DE CONSERVACIÓN",,12873.94,12873.94
2012,X05,Educación,"COLEGIO PÚBLICO MANUEL SIUROT, PZ. SIERRA MINISTRA, 3. OBRAS DE CONSERVACIÓN",,9941.67,9941.67
2012,X05,Educación,"COLEGIO PÚBLICO SAN PABLO, PZ. PEÑA MORRAZ, 1. OBRAS DE CONSERVACIÓN",,16281.0,16281.0
2012,X05,Educación,"COLEGIO PÚBLICO JAVIER DE MIGUEL, C/ PUERTO DE VIÑAMALA, 11. CONSERVACIÓN",,17384.61,17384.61
2012,X05,Educación,"COLEGIO PÚBLICO CONCHA ESPINA, C/ GERARDO DIEGO, 6. OBRAS DE CONSERVACIÓN",,23457.02,23457.02
2012,X05,Educación,"COLEGIO PÚBLICO DOCTOR TOLOSA LATOUR, C/ ASTURIANO, 4. OBRAS DE CONSERVACIÓN",,10443.96,10443.96
2012,X05,Educación,"COLEGIO PÚBLICO FRANCISCO GINER DE LOS RÍOS, C/ MEMBEZAR, 25. CONSERVACIÓN",,19144.31,19144.31
2012,X05,Educación,"COLEGIO PÚBLICO PALOMERAS BAJAS, C/ FELIPE DE DIEGO, 6. OBRAS DE CONSERVACIÓN",,5544.67,5544.67
2012,X05,Educación,"COLEGIO PÚBLICO MESONERO ROMANOS, C/ PONTS DE MOLINS, 31. CONSERVACIÓN",,4404.2,4404.2
2012,X05,Educación,"COLEGIO PÚBLICO ARAGÓN, AV. RAFAEL ALBERTI, 2. OBRAS DE CONSERVACIÓN",,3978.37,3978.37
2012,X05,Educación,"COLEGIO PÚBLICO AMÓS ACERO, C/ RODRÍGUEZ ESPINOSA, 54. OBRAS DE CONSERVACIÓN",,1419.8,1419.8
2012,X05,Educación,"COLEGIO PÚBLICO EL MADROÑO, C/ MARISMAS, 14. OBRAS DE CONSERVACIÓN",,4138.9,4138.9
2012,X05,Educación,"COLEGIO PÚBLICO AGUSTINA DÍEZ, C/ VESUBIO, 5. OBRAS DE CONSERVACIÓN",,11286.18,11286.18
2012,X05,Educación,"COLEGIO PÚBLICO SANTO DOMINGO, C/ FELIU DE GUIXOLS, 7. OBRAS DE CONSERVACIÓN",,18688.72,18688.72
2012,X05,Educación,"COLEGIO PÚBLICO CARLOS SAINZ DE LOS TERREROS, C/ CARTAMA, 1. CONSERVACIÓN",,73940.47,73940.47
2012,X05,Educación,"COLEGIO PÚBLICO MADRID SUR, C/ PUERTO DE BALBARÁN, 133. OBRAS DE CONSERVACIÓN",,11792.55,11792.55
2012,X05,Educación,"COLEGIO PÚBLICO ASTURIAS, C/ ASTURIANOS, S/N. OBRAS DE CONSERVACIÓN",,17423.55,17423.55
2012,X05,Educación,CENTRO DE EDUCACIÓN ESPECIAL PUENTE DE VALLECAS. OBRAS DE CONSERVACIÓN,,11554.93,11554.93
2012,X05,Educación,"COLEGIO PÚBLICO PADRE MARIANA, C/ RONDA DEL SUR, 145. REFORMA DEL ARENERO",,42378.87,42378.87
2012,X05,Educación,"COLEGIO PÚBLICO CARLOS SAINZ DE LOS TERREROS, C/ CARTAMA, 1. ACONDICIONAMIENTO",,41745.34,41745.34
2012,X05,Educación,COLEGIO PÚBLICO MESONERO ROMANOS. SUBSANACIÓN DEFICIENCIAS ELÉCTRICAS,,38315.58,38315.58
2012,X05,Educación,COLEGIO PÚBLICO GARCÍA MORENTE. SUBSANACIÓN DEFICIENCIAS ELÉCTRICAS,,49492.86,49492.86
2012,X05,Educación,COLEGIO PÚBLICO FRANCISCO GINER  RÍOS.SUBSANACIÓN DEFICIENCIAS ELÉCTRICAS,,34563.23,34563.23
2012,X05,Educación,COLEGIO PÚBLICO DOCTOR TOLOSA LATOUR. SUBSANACIÓN DEFICIENCIAS ELÉCTRICAS,,36828.53,36828.53
2012,X05,Educación,COLEGIO PÚBLICO ARAGÓN. SUBSANACIÓN DEFICIENCIAS ELÉCTRICAS,,55666.5,55666.5
2012,X05,Educación,"COLEGIO PÚBLICO PALOMERAS BAJAS, C/ FELIPE DE DIEGO, 6. ACONDICIONAMIENTO",,58717.64,58717.64
2012,X05,Educación,"COLEGIO PÚBLICO MADRID SUR, C/ PUERTO DE BALBARÁN, 133. ACONDICIONAMIENTO",,33828.82,33828.82
2012,X04,Salud pública,,,90811.86,64174.56
2012,X04,Salud pública,"EQUIPAMIENTO UNIDAD TÉCNICA DE MERCAMADRID, CRTA. M-40, SALIDA 20",,362.5,362.5
2012,X04,Salud pública,"CENTRO MADRID SALUD PUENTE DE VALLECAS, C/ CONCORDIA, 5. INSTALACIONES",,89080.56,62443.26
2012,X04,Salud pública,"CENTRO DE SALUD PUENTE DE VALLECAS, C/CONCORDIA, 15. OBRAS DE REFORMA",,1368.8,1368.8
2012,X02,"Tráfico, estacionamiento y transporte público",,,215156.49,215156.49
2012,X02,"Tráfico, estacionamiento y transporte público",SEMÁFOROS E INTERSECCIONES URBANAS DISTRITO DE PUENTE DE VALLECAS,,215156.49,215156.49
2013,X01,Protección Civil y seguridad ciudadana,,,56660.19,1380.4
2013,X01,Protección Civil y seguridad ciudadana,"PARQUE DE BOMBEROS 8, PUENTE DE VALLECAS. OBRAS DE REFORMA",,46585.0,
2013,X01,Protección Civil y seguridad ciudadana,"EQUIPAMIENTO PARQUE DE BOMBEROS Nº 8, C/ PÍO FELIPE, S/N",,10075.19,1380.4
2013,X10,Cultura,,,74274.81,74274.81
2013,X10,Cultura,"CENTRO CULTURAL POZO DEL TÍO RAIMUNDO, AV. GLORIETAS, 19. CONSERVACIÓN",,20009.39,20009.39
2013,X10,Cultura,"CENTRO CULTURAL ALBERTO SÁNCHEZ, C/ RISCO DE PELOCHE, 14. ACONDICIONAMIENTO",,6835.31,6835.31
2013,X10,Cultura,"CENTRO CULTURAL LOPE DE VEGA, C/ CONCEJO DE TEVERGA, 1. CONSERVACIÓN",,33089.7,33089.7
2013,X10,Cultura,"BIBLIOTECA PÚBLICA VALLECAS, C/ PUERTO MONASTERIO, 1. OBRAS DE CONSERVACIÓN",,2776.72,2776.72
2013,X10,Cultura,"CENTRO CULTURAL TALLERES DE CREATIVIDAD, C/ SIERRA CARBONERA, 74. CONSERVACIÓN",,11563.69,11563.69
2013,X06,Urbanismo,,,5434707.48,5312681.28
2013,X06,Urbanismo,"C/ JOSÉ PAULETE, 24. OBRAS DE URBANIZACIÓN",,36268.22,6908.42
2013,X06,Urbanismo,COLONIAS SAN FCO.JAVIER-NUESTRA SRA.DE LOS ÁNGELES.CIERRE REDES DE SERVICIOS,,427605.0,425589.92
2013,X06,Urbanismo,"DEMOLICIÓN EDIFICACIÓN C/ GARGANTA DE AÍSA, 24",,46143.62,38135.22
2013,X06,Urbanismo,UNIDAD VECINAL 4 DE ENTREVÍAS. URBANIZACIÓN,,25747.27,
2013,X06,Urbanismo,COLONIA LA VIÑA DE ENTREVÍAS. URBANIZACIÓN,,40979.59,
2013,X06,Urbanismo,"ADQUISICIÓN DE SUELO C/ENRIQUE VELASCO, 19. VIARIO",,36776.11,36776.11
2013,X06,Urbanismo,ADQUISICIÓN DE SUELO AVDA. PABLO NERUDA,,300104.15,300104.15
2013,X06,Urbanismo,ADQUISICIÓN SUELO C/DOCTOR SÁNCHEZ Y OTRAS API 13.15,,347477.55,347477.55
2013,X06,Urbanismo,ADQUISICIÓN DE SUELO SIERRA TOLEDANA  APR 13.01,,27608.03,27608.03
2013,X06,Urbanismo,ADQUISICIÓN SUELO EN API 13.06 LA VIÑA,,86.85,86.85
2013,X06,Urbanismo,"AVENIDA ALBUFERA, 125. OBRAS DE URBANIZACIÓN",,91400.0,75483.94
2013,X06,Urbanismo,"DEMOLICIÓN EDIFICACIÓN TRAVESÍA AMADEO I , Nº 2",,43399.83,43399.83
2013,X06,Urbanismo,ADQUISICIÓN DE SUELO EN EL ARENAL Y ARROYO DEL PALOMAR DE LA RIBERA,,2449184.54,2449184.54
2013,X06,Urbanismo,ADQUISICIÓN DE SUELO EL ARENAL Y ARROYO DEL PALOMAR DE LA RIBERA,,1561926.72,1561926.72
2013,X08,Mantenimiento urbano,,,1235526.11,1235526.11
2013,X08,Mantenimiento urbano,RENOVACIÓN INTEGRAL INSTALACIONES Y PAVIMENTOS. PRIS Z-5 DTO.PUENTE VALLECAS,,871653.67,871653.67
2013,X08,Mantenimiento urbano,ADAPTACIÓN INSTALACIONES ALUMBRADO PÚBLICO A NORMATIVA. PUENTE VALLECAS,,363872.44,363872.44
2013,X09,Medio ambiente,,,23883.32,20917.96
2013,X09,Medio ambiente,CENTRO MANTENIMIENTO ZONA INFERIOR RÍO MANZANARES. RECONSTRUCCIÓN,,23883.32,20917.96
2013,X03,Protección y promoción social,,,283725.75,282723.68
2013,X03,Protección y promoción social,"CENTRO DE MAYORES ENTREVÍAS, C/ YUSTE, 8. OBRAS DE ACONDICIONAMIENTO",,203003.72,203003.72
2013,X03,Protección y promoción social,"EQUIPAMIENTO CENTRO DE MAYORES EL POZO, AV. DE LAS GLORIETAS, 19",,250.0,132.42
2013,X03,Protección y promoción social,CENTRO DE EMERGENCIAS CEMUS-SAMUR SOCIAL. REFORMA DE INSTALACIONES,,800.0,689.41
2013,X03,Protección y promoción social,"EQUIPAMIENTO CENTRO DE MAYORES PABLO NERUDA, C/ GERARDO DIEGO, 8",,3392.34,2618.44
2013,X03,Protección y promoción social,"CENTRO DE MAYORES CASA DEL BULEVAR, C/ PEÑA GORBEA, 22. CONSERVACIÓN",,15883.15,15883.15
2013,X03,Protección y promoción social,"CENTRO DE MAYORES SAN DIEGO, C/ JAVIER DE MIGUEL, 10. OBRAS DE ACONDICIONAMIENTO",,40448.3,40448.3
2013,X03,Protección y promoción social,"CENTRO DE MAYORES ALTO DEL ARENAL, C/ SIERRA SALVADA, 30. OBRAS DE CONSERVACIÓN",,19117.93,19117.93
2013,X03,Protección y promoción social,EQUIPAMIENTO AGENCIA ZONA DE PUENTE DE VALLECAS,,830.31,830.31
2013,X00,Inversiones de carácter general,,,4894.25,
2013,X00,Inversiones de carácter general,OBRAS CONSERVACIÓN EDIFICIOS DISTRITO PUENTE DE VALLECAS,,0.09,
2013,X00,Inversiones de carácter general,"EDIFICIO C/ PUERTA DE BAÑOS, 2. ADOPCIÓN MEDIDAS DE SEGURIDAD",,4894.16,
2013,X11,"Deportes, juventud y esparcimiento",,,396364.37,396363.31
2013,X11,"Deportes, juventud y esparcimiento","POLIDEPORTIVO ENTREVÍAS, C/ RONDA DEL SUR, 4. OBRAS DE CONSERVACIÓN",,25525.43,25525.43
2013,X11,"Deportes, juventud y esparcimiento","CENTRO DEPORTIVO ENTREVÍAS, C/ RONDA DEL SUR, 4. ADOPCIÓN MEDIDAS DE SEGURIDAD",,27925.37,27925.37
2013,X11,"Deportes, juventud y esparcimiento",OBRAS CONSERVACIÓN INSTALACIONES DEPORTIVAS PUENTE DE VALLECAS,,1.05,
2013,X11,"Deportes, juventud y esparcimiento","POLIDEPORTIVO ALBERTO GARCÍA,  / REGUERA DE TOMATEROS. CONSERVACIÓN",,17477.6,17477.6
2013,X11,"Deportes, juventud y esparcimiento","POLIDEPORTIVO PUENTE DE VALLECAS, C/ PAYASO FOFÓ, 7. OBRAS DE CONSERVACIÓN",,90295.55,90295.55
2013,X11,"Deportes, juventud y esparcimiento","POLIDEPORTIVO PALOMERAS, C/ TRANVÍA DE ARGANDA S/N. ACONDICIONAMIENTO",,175663.15,175663.15
2013,X11,"Deportes, juventud y esparcimiento",DEPORTIVO BÁSICO RAMÓN PÉREZ DE AYALA. OBRAS DE ACONDICIONAMIENTO,,35447.57,35447.57
2013,X11,"Deportes, juventud y esparcimiento","DEPORTIVO BÁSICO LOS ARBOLITOS, C/ RONDA DEL SUR, S/N. OBRAS DE CONSERVACIÓN",,3183.79,3183.79
2013,X11,"Deportes, juventud y esparcimiento","DEPORTIVO BÁSICO LUIS BUÑUEL, C/ LUIS BUÑUEL, 38. OBRAS DE CONSERVACIÓN",,3100.31,3100.31
2013,X11,"Deportes, juventud y esparcimiento","DEPORTIVO BÁSICO COLONIA SIERRA DEL VALLE, C/ PAYASO FOFÓ, 7. CONSERVACIÓN",,4375.76,4375.76
2013,X11,"Deportes, juventud y esparcimiento","DEPORTIVO BÁSICO MIGUEL HERNÁNDEZ, AV. MIGUEL HERNÁNDEZ, 36-38. CONSERVACIÓN",,2198.45,2198.45
2013,X11,"Deportes, juventud y esparcimiento","DEPORTIVO BÁSICO ANDÉVALO, C/ ANDÉVALO, 6. OBRAS DE CONSERVACIÓN",,1991.91,1991.91
2013,X11,"Deportes, juventud y esparcimiento",DEPORTIVO BÁSICO COLONIA DE LOS TAXISTAS. OBRAS DE CONSERVACIÓN,,3402.53,3402.52
2013,X11,"Deportes, juventud y esparcimiento","DEPORTIVO BÁSICO PUERTO CORLITE, C/ PUERTO DE CORLITE, 8. OBRAS DE CONSERVACIÓN",,583.42,583.42
2013,X11,"Deportes, juventud y esparcimiento","DEPORTIVO BÁSICO FRANCISCO LAGUNA, C/ FRANCISCO LAGUNA, 36. CONSERVACIÓN",,3796.52,3796.52
2013,X11,"Deportes, juventud y esparcimiento","DEPORTIVO BÁSICO HERMANOS TRUEBA, C/ HERMANOS TRUEBA, 30. CONSERVACIÓN",,1395.96,1395.96
2013,X05,Educación,,,818153.71,817902.76
2013,X05,Educación,"COLEGIO PÚBLICO VIRGEN DEL CERRO, C/ MOHERNANDO, 1. OBRAS DE CONSERVACIÓN",,55436.2,55436.2
2013,X05,Educación,"COLEGIO PÚBLICO JOSÉ MARÍA PEREDA, C/ MESTANZA, 94. OBRAS DE CONSERVACIÓN",,31476.51,31476.51
2013,X05,Educación,"COLEGIO PÚBLICO JAIME BALMES, C/ SIERRA DE LA SOLANA, 2. OBRAS DE CONSERVACIÓN",,14100.11,14100.11
2013,X05,Educación,"COLEGIO PÚBLICO PADRE MARIANA, C/ RONDA DEL SUR, 145. OBRAS DE CONSERVACIÓN",,5503.02,5503.02
2013,X05,Educación,"COLEGIO PÚBLICO MANUEL SIUROT, PZ. SIERRA MINISTRA, 3. OBRAS DE CONSERVACIÓN",,13050.45,13050.45
2013,X05,Educación,"COLEGIO PÚBLICO CONCHA ESPINA, C/ GERARDO DIEGO, 6. OBRAS DE CONSERVACIÓN",,12913.08,12913.08
2013,X05,Educación,"COLEGIO PÚBLICO DOCTOR TOLOSA LATOUR, C/ ASTURIANO, 4. OBRAS DE CONSERVACIÓN",,7159.65,7159.65
2013,X05,Educación,"COLEGIO PÚBLICO FRANCISCO GINER DE LOS RÍOS, C/ MEMBEZAR, 25. CONSERVACIÓN",,12649.35,12649.35
2013,X05,Educación,"COLEGIO PÚBLICO PALOMERAS BAJAS, C/ FELIPE DE DIEGO, 6. OBRAS DE CONSERVACIÓN",,52360.45,52360.45
2013,X05,Educación,"COLEGIO PÚBLICO AGUSTINA DÍEZ, C/ VESUBIO, 5. OBRAS DE CONSERVACIÓN",,80835.08,80835.08
2013,X05,Educación,"COLEGIO PÚBLICO CARLOS SAINZ DE LOS TERREROS, C/ CARTAMA, 1. CONSERVACIÓN",,4789.55,4789.55
2013,X05,Educación,"COLEGIO PÚBLICO MADRID SUR, C/ PUERTO DE BALBARÁN, 133. ACONDICIONAMIENTO",,69559.77,69559.77
2013,X05,Educación,"EQUIPAMIENTO ESCUELA INFANTIL LUISA FERNANDA, C/ COCHERÓN DE LA VILLA, 29",,1627.33,1627.33
2013,X05,Educación,"EQUIPAMIENTO ESCUELA INFANTIL EL CASERÍO, C/ Mª TERESA ROBLEDO, 3",,1028.38,1028.38
2013,X05,Educación,CONSERVACIÓN COLEGIOS Y OTROS CENTROS EDUCATIVOS DISTRITO PUENTE VALLECAS,,250.95,
2013,X05,Educación,"COLEGIO PÚBLICO GARCÍA MORENTE, C/ RONDA DEL SUR S/N. OBRAS DE CONSERVACIÓN",,10290.31,10290.31
2013,X05,Educación,"COLEGIO PÚBLICO FRANCISCO RUANO, C/ ALMURADIEL, 150. OBRAS DE CONSERVACIÓN",,16390.18,16390.18
2013,X05,Educación,"COLEGIO PÚBLICO MANUEL NUÑEZ ARENAS, C/ MARTOS, 120. CONSERVACIÓN",,61587.56,61587.56
2013,X05,Educación,"COLEGIO PÚBLICO FRAY JUNÍPERO SERRA, C/ ALMONACID, 16. OBRAS DE CONSERVACIÓN",,3785.1,3785.1
2013,X05,Educación,"COLEGIO PÚBLICO EL MADROÑO, C/ LAS MARISMAS, 14. OBRAS DE CONSERVACIÓN",,9276.1,9276.1
2013,X05,Educación,"COLEGIO PÚBLICO SANTO DOMINGO, C/ SAN FELIÚ DE GUIXOLS, 7. CONSERVACIÓN",,69825.25,69825.25
2013,X05,Educación,"COLEGIO PÚBLICO MESONERO ROMANOS, C/ PONT DE MOLINS, 31. CONSERVACIÓN",,32674.91,32674.91
2013,X05,Educación,"COLEGIO PÚBLICO SAN PABLO, PZA. PEÑA MORRAZ, 1. OBRAS DE CONSERVACIÓN",,25089.07,25089.07
2013,X05,Educación,"COLEGIO PÚBLICO LA RIOJA, C/ LEÓN FELIPE, 3. OBRAS DE CONSERVACIÓN",,87181.59,87181.59
2013,X05,Educación,"COLEGIO PÚBLICO ARAGÓN, AV. RAFAEL ALBERTI, 2. OBRAS DE ACONDICIONAMIENTO",,31356.02,31356.02
2013,X05,Educación,"COLEGIO PÚBLICO ASTURIAS, C/ ASTURIANOS, 2. OBRAS DE ACONDICIONAMIENTO",,42013.09,42013.09
2013,X05,Educación,"COLEGIO PÚBLICO AMOS ACERO, C/ RODRÍGUEZ ESPINOSA, 54. OBRAS DE CONSERVACIÓN",,6296.13,6296.13
2013,X05,Educación,"CENTRO EDUCACIÓN ESPECIAL VALLECAS, CRTA. VALENCIA, KM. 7,4. CONSERVACIÓN",,19605.45,19605.45
2013,X05,Educación,"COLEGIO PÚBLICO JAVIER DE MIGUEL, C/ PUERTO DE VIÑAMALA, 11. ACONDICIONAMIENTO",,40043.07,40043.07
2013,X02,"Tráfico, estacionamiento y transporte público",,,121056.08,121056.08
2013,X02,"Tráfico, estacionamiento y transporte público",SEMÁFOROS E INTERSECCIONES URBANAS DISTRITO DE PUENTE DE VALLECAS,,121056.08,121056.08
2014,X01,Protección Civil y seguridad ciudadana,,,834148.01,759389.28
2014,X01,Protección Civil y seguridad ciudadana,"PARQUE DE BOMBEROS 8, PUENTE DE VALLECAS. OBRAS DE REFORMA",,445375.0,431214.76
2014,X01,Protección Civil y seguridad ciudadana,"EQUIPAMIENTO PARQUE DE BOMBEROS Nº 8, C/ PÍO FELIPE, S/N",,10543.45,10543.45
2014,X01,Protección Civil y seguridad ciudadana,"EQUIPAMIENTO ESCUELA DE BOMBEROS, C/ BOADA, S/N",,4854.35,4854.35
2014,X01,Protección Civil y seguridad ciudadana,"PARQUE DE BOMBEROS Nº 8, C/BOADA, 4. INSTALACIONES",,73375.21,12909.89
2014,X01,Protección Civil y seguridad ciudadana,IFS-UNIDAD INTEGRAL DE POLICÍA PUENTE DE VALLECAS. OBRAS DE REFORMA,,300000.0,299866.83
2014,X10,Cultura,,,203803.26,203803.19
2014,X10,Cultura,"CENTRO CULTURAL TALLERES DE CREATIVIDAD, C/ SIERRA CARBONERA, 74. CONSERVACIÓN",,12236.63,12236.63
2014,X10,Cultura,"BIBLIOTECA VALLECAS, C/ PUERTO MONASTERIO, 1. SEÑALIZACIÓN",,880.91,880.91
2014,X10,Cultura,"BIBLIOTECA PORTAZGO, C/CANTALAPIEDRA, 11. SEÑALIZACIÓN",,880.91,880.91
2014,X10,Cultura,"BIBLIOTECA POZO DEL TÍO RAIMUNDO, AV.DE LAS GLORIETAS, 19. SEÑALIZACIÓN",,880.91,880.91
2014,X10,Cultura,"CENTRO CULTURAL ALBERTO SÁNCHEZ, C/ RISCO DE PELOCHE, 14. OBRAS DE CONSERVACIÓN",,1450.72,1450.72
2014,X10,Cultura,"AUDITORIO ENTREVÍAS, C/ RONDA DEL SUR S/N. OBRAS DE ACONDICIONAMIENTO",,29913.34,29913.34
2014,X10,Cultura,BIBLIOTECA PÚBLICA VALLECAS. OBRAS DE CONSERVACIÓN,,3614.48,3614.48
2014,X10,Cultura,IFS-BIBLIOTECA PUENTE DE VALLECAS. INSTALACIÓN BOMBAS DE CALOR,,35739.04,35738.98
2014,X10,Cultura,IFS-CENTRO CULTURAL ALBERTO SÁNCHEZ. INSTALACIÓN EQUIPOS DE AIRE ACONDICIONADO,,49489.97,49489.97
2014,X10,Cultura,IFS-CENTRO CULTURAL TALLERES DE CREATIVIDAD. INSTALACIÓN BOMBA DE CALOR,,3213.98,3213.97
2014,X10,Cultura,IFS-CENTRO CULTURAL EL POZO. OBRAS DE ACONDICIONAMIENTO,,65502.37,65502.37
2014,X14,Sectores productivos,,,58900.0,58899.7
2014,X14,Sectores productivos,IFS-MERCADO DE NUMANCIA. OBRAS DE REFORMA,,58900.0,58899.7
2014,X06,Urbanismo,,,2651130.26,2527913.92
2014,X06,Urbanismo,COLONIAS SAN FCO.JAVIER-NUESTRA SRA.DE LOS ÁNGELES.CIERRE REDES DE SERVICIOS,,270213.99,270213.99
2014,X06,Urbanismo,UNIDAD VECINAL 4 DE ENTREVÍAS. URBANIZACIÓN,,25747.27,
2014,X06,Urbanismo,COLONIA LA VIÑA DE ENTREVÍAS. URBANIZACIÓN,,40979.59,
2014,X06,Urbanismo,ADQUISICIÓN DE SUELO EN Bº STA. CATALINA MANZANARES SUR. ZONA VERDE,,81525.76,81525.76
2014,X06,Urbanismo,ADQUISICIÓN DE SUELO SIERRA TOLEDANA  APR 13.01,,75403.5,63382.48
2014,X06,Urbanismo,ADQUISICIÓN DE SUELO EN EL ARENAL Y ARROYO DEL PALOMAR DE LA RIBERA,,195702.7,195702.7
2014,X06,Urbanismo,ADQUISICIÓN DE SUELO EL ARENAL Y ARROYO DEL PALOMAR DE LA RIBERA,,124806.14,124806.14
2014,X06,Urbanismo,"DEMOLICIÓN EDIFICACIÓN C/ PICO CUADRAMÓN, 7",,51359.79,42446.11
2014,X06,Urbanismo,"ADQUISICIÓN DE SUELO AV. DE ENTREVÍAS C/V. C/SIERRA CONTRAVIESA, 2",,2449.25,2449.25
2014,X06,Urbanismo,"DERRIBOS CARRETERA DE VICÁLVARO A VALLECAS C/V BRUNO ABUNDEZ, 54",,257667.14,257667.14
2014,X06,Urbanismo,"ADQUISICIÓN DE SUELO C/ ENRIQUE VELASCO, 50",,207789.88,207789.88
2014,X06,Urbanismo,"DEMOLICIÓN EDIFICIO C/ PEDRO ESCUDERO, 26",,9268.56,7652.54
2014,X06,Urbanismo,"DEMOLICIÓN RESTOS DE EDIFICACIÓN C/ HIGINIO RODRÍGUEZ, Nº 39 AL 47",,28643.88,23665.83
2014,X06,Urbanismo,DEMOLICIÓN PARCELAS DEL API 13.02 COLONIA SAN FRANCISCO JAVIER,,29835.5,24657.36
2014,X06,Urbanismo,"DEMOLICIÓN RESTO DE EDIFICACIÓN C/ SIERRA TOLEDANA, 44 Y 46",,44291.45,25468.62
2014,X06,Urbanismo,"DEMOLICIÓN EDIFICACIONES C/ PICO CUADRAMÓN, 13-15 Y C/ SIERRA TOLEDANA, 48",,28555.55,23595.81
2014,X06,Urbanismo,ADQUISICIÓN DE SUELO C/ PEIRONCELY C/V. A MIGUEL DE LA ROCA,,592043.63,592043.63
2014,X06,Urbanismo,ADQUISICIÓN DE SUELO C/ RAMÍREZ TOMÉ,,584846.68,584846.68
2014,X07,Infraestructuras,,,29606.92,29606.91
2014,X07,Infraestructuras,TORRES EVACUACIÓN COLONIAS S.FCO.JAVIER Y NTRA.SRA.ÁNGELES. MEDIDAS SEGURIDAD,,29606.92,29606.91
2014,X08,Mantenimiento urbano,,,520006.42,482394.21
2014,X08,Mantenimiento urbano,RENOVACIÓN INTEGRAL INSTALACIONES Y PAVIMENTOS. PRIS Z-5 DTO.PUENTE VALLECAS,,339051.16,339051.16
2014,X08,Mantenimiento urbano,HIDRANTES DISTRITO PUENTE DE VALLECAS. INSTALACIÓN,,2454.52,2454.52
2014,X08,Mantenimiento urbano,ADAPTACIÓN INSTALACIONES ALUMBRADO PÚBLICO A NORMATIVA. PUENTE VALLECAS,,113781.91,113781.91
2014,X08,Mantenimiento urbano,IFS-PARQUE DE LIMPIEZAS C/LAGARTERA. EXIGENCIAS INSPECCIÓN TÉCNICA DE EDIFICIOS,,38000.0,17579.96
2014,X08,Mantenimiento urbano,IFS-CANTÓN DE LIMPIEZA C/MEJORANA. EXIGENCIAS INSPECCIÓN TÉCNICA DE EDIFICIOS,,20000.0,2807.83
2014,X08,Mantenimiento urbano,MUSEO ESCULTURA AL AIRE LIBRE DE PALOMERAS BAJAS. SEÑALIZACIÓN,,6718.83,6718.83
2014,X09,Medio ambiente,,,17500.0,16999.99
2014,X09,Medio ambiente,IFS-PARQUE LINEAL DEL MANZANARES. ASFALTADO LOOP CARRIL- BICI,,17500.0,16999.99
2014,X03,Protección y promoción social,,,873007.61,872855.42
2014,X03,Protección y promoción social,"CENTRO DE MAYORES SAN DIEGO, C/ JAVIER DE MIGUEL, 10. OBRAS DE CONSERVACIÓN",,13886.61,13886.61
2014,X03,Protección y promoción social,"CENTRO DE EMERGENCIAS CEMUS-SAMUR SOCIAL, C// RAFAEL ALBERTI, 49. INSTALACIONES",,500.0,347.88
2014,X03,Protección y promoción social,"CENTRO SERVICIOS SOCIALES LOS YÉBENES, C/ LOS YÉBENES, 241. ACONDICIONAMIENTO",,51809.45,51809.45
2014,X03,Protección y promoción social,"CENTRO SERVICIOS SOCIALES ENTREVÍAS, C/ YUSTE, 8. OBRAS DE CONSERVACIÓN",,33877.41,33877.41
2014,X03,Protección y promoción social,"CENTRO SERVICIOS SOCIALES RAMÓN PÉREZ AYALA, C/ MARISMAS, 24. CONSERVACIÓN",,30447.03,30447.03
2014,X03,Protección y promoción social,"CENTRO SERVICIOS SOCIALES CASA DEL BULEVAR, C/ PEÑA GORBEA, 22. CONSERVACIÓN",,106651.66,106651.66
2014,X03,Protección y promoción social,CENTRO DE MAYORES PABLO NERUDA. OBRAS DE ACONDICIONAMIENTO,,63832.74,63832.74
2014,X03,Protección y promoción social,CENTRO DE MAYORES ALTO DEL ARENAL. OBRAS DE CONSERVACIÓN,,13992.15,13992.15
2014,X03,Protección y promoción social,IFS-CENTRO SERVICIOS SOCIALES RAMÓN PÉREZ DE AYALA. ACONDICIONAMIENTO PRIMERA PLANTA,,171621.54,171621.54
2014,X03,Protección y promoción social,IFS-CENTRO DE MAYORES ALTO DEL ARENAL. MEJORA DE LA ACCESIBILIDAD,,9601.25,9601.25
2014,X03,Protección y promoción social,IFS-CENTRO DE MAYORES CASA DEL BULEVAR. OBRAS DE ACONDICIONAMIENTO,,67984.39,67984.38
2014,X03,Protección y promoción social,IFS-CENTRO DE MAYORES SAN DIEGO. ACONDICIONAMIENTO TERRAZA EXTERIOR Y FACHADAS,,143440.46,143440.41
2014,X03,Protección y promoción social,IFS-CENTRO MAYORES PABLO NERUDA.SISTEMAS PROTECCIÓN CONTRA INCENDIOS Y CLIMATIZACIÓN,,92711.93,92711.92
2014,X03,Protección y promoción social,IFS-CENTRO DE MAYORES ENTREVÍAS. OBRAS DE ACCESIBILIDAD Y CLIMATIZACIÓN,,72650.99,72650.99
2014,X00,Inversiones de carácter general,,,57619.4,57618.41
2014,X00,Inversiones de carácter general,OBRAS CONSERVACIÓN EDIFICIOS DISTRITO PUENTE DE VALLECAS,,0.99,
2014,X00,Inversiones de carácter general,"EDIFICIO C/ PUERTA DE BAÑOS, 2. ADOPCIÓN MEDIDAS DE SEGURIDAD",,4894.16,4894.16
2014,X00,Inversiones de carácter general,EDIFICIO SEDE DISTRITO PUENTE DE VALLECAS. OBRAS DE ACONDICIONAMIENTO,,52724.25,52724.25
2014,X11,"Deportes, juventud y esparcimiento",,,1397021.77,1335961.8
2014,X11,"Deportes, juventud y esparcimiento",OBRAS CONSERVACIÓN INSTALACIONES DEPORTIVAS DISTRITO PUENTE DE VALLECAS,,0.67,
2014,X11,"Deportes, juventud y esparcimiento",DEPORTIVO BÁSICO COLONIA DE LOS TAXISTAS. OBRAS DE CONSERVACIÓN,,13736.41,13736.41
2014,X11,"Deportes, juventud y esparcimiento","CENTRO DEPORTIVO ENTREVÍAS, C/ RONDA DEL SUR, 4. SUBSANACIÓN DE PATOLOGÍAS",,730233.77,730107.59
2014,X11,"Deportes, juventud y esparcimiento",IFS-CENTRO DEPORTIVO PUENTE DE VALLECAS. REPARACIÓN DE LA PISCINA,,288000.0,231337.17
2014,X11,"Deportes, juventud y esparcimiento","CENTRO DEPORTIVO ALBERTO GARCÍA, C/ REGUERA DE TOMATEROS, 39. CONSERVACIÓN",,86840.92,86840.92
2014,X11,"Deportes, juventud y esparcimiento","CENTRO DEPORTIVO PUENTE DE VALLECAS, C/ PAYASO FOFÓ, 7. OBRAS DE CONSERVACIÓN",,111238.03,111238.03
2014,X11,"Deportes, juventud y esparcimiento","CENTRO DEPORTIVO ENTREVÍAS, C/ RONDA DEL SUR, 4. OBRAS DE CONSERVACIÓN",,15735.58,15735.58
2014,X11,"Deportes, juventud y esparcimiento","CENTRO DEPORTIVO PALOMERAS, C/ TRANVÍA DE ARGANDA S/N. OBRAS DE CONSERVACIÓN",,58099.1,58099.1
2014,X11,"Deportes, juventud y esparcimiento","DEPORTIVO BÁSICO RONDA DEL SUR, C/ RONDA DEL SUR, 231. OBRAS DE CONSERVACIÓN",,20460.3,20460.3
2014,X11,"Deportes, juventud y esparcimiento","DEPORTIVO BÁSICO LOS ARBOLITOS, C/ RONDA DEL SUR S/N. OBRAS DE CONSERVACIÓN",,21422.84,21422.84
2014,X11,"Deportes, juventud y esparcimiento",DEPORTIVO BÁSICO PARQUE MARCHAMALO. OBRAS DE CONSERVACIÓN,,288.42,288.42
2014,X11,"Deportes, juventud y esparcimiento",DEPORTIVO BÁSICO LUIS BUÑUEL. OBRAS DE CONSERVACIÓN,,8367.52,8367.52
2014,X11,"Deportes, juventud y esparcimiento",DEPORTIVO BÁSICO PARQUE LA VIÑA. OBRAS DE CONSERVACIÓN,,3654.19,3654.19
2014,X11,"Deportes, juventud y esparcimiento",DEPORTIVO BÁSICO MIGUEL HERNÁNDEZ. OBRAS DE CONSERVACIÓN,,1746.61,1746.61
2014,X11,"Deportes, juventud y esparcimiento",DEPORTIVO BÁSICO HERMANOS TRUEBA. OBRAS DE CONSERVACIÓN,,455.7,455.7
2014,X11,"Deportes, juventud y esparcimiento",DEPORTIVO BÁSICO FRANCISCO LAGUNA. OBRAS DE CONSERVACIÓN,,9614.84,9614.84
2014,X11,"Deportes, juventud y esparcimiento",DEPORTIVO BÁSICO COLONIA SIERRA DEL VALLE. OBRAS DE CONSERVACIÓN,,798.81,798.81
2014,X11,"Deportes, juventud y esparcimiento",DEPORTIVO BÁSICO JESÚS DIVINO OBRERO. OBRAS DE CONSERVACIÓN,,144.21,144.21
2014,X11,"Deportes, juventud y esparcimiento",DEPORTIVO BÁSICO ANDÉVALO. OBRAS DE CONSERVACIÓN,,985.93,985.93
2014,X11,"Deportes, juventud y esparcimiento",DEPORTIVO BÁSICO SAN ANSELMO. OBRAS DE CONSERVACIÓN,,197.92,197.92
2014,X11,"Deportes, juventud y esparcimiento",EQUIPAMIENTO POLIDEPORTIVOS DEL  DISTRITO PUENTE DE VALLECAS,,4270.29,
2014,X11,"Deportes, juventud y esparcimiento","EQUIPAMIENTO CENTRO DEPORTIVO PALOMERAS, C/ TRANVÍA DE ARGANDA, 4",,20729.71,20729.71
2014,X05,Educación,,,895234.05,895207.83
2014,X05,Educación,"COLEGIO PÚBLICO VIRGEN DEL CERRO, C/ MOHERNANDO, 1. OBRAS DE CONSERVACIÓN",,10950.86,10950.86
2014,X05,Educación,"COLEGIO PÚBLICO FRANCISCO GINER DE LOS RÍOS, C/ MEMBEZAR, 25. CONSERVACIÓN",,9598.99,9598.99
2014,X05,Educación,"COLEGIO PÚBLICO PALOMERAS BAJAS, C/ FELIPE DE DIEGO, 6. OBRAS DE CONSERVACIÓN",,26615.99,26615.99
2014,X05,Educación,"COLEGIO PÚBLICO ARAGÓN, AV. RAFAEL ALBERTI, 2. OBRAS DE CONSERVACIÓN",,19619.36,19619.36
2014,X05,Educación,"COLEGIO PÚBLICO AGUSTINA DÍEZ, C/ VESUBIO, 5. OBRAS DE CONSERVACIÓN",,118385.37,118385.37
2014,X05,Educación,"EQUIPAMIENTO ESCUELA INFANTIL LUISA FERNANDA, C/ COCHERÓN DE LA VILLA, 29",,4028.18,4026.68
2014,X05,Educación,"COLEGIO PÚBLICO FRANCISCO RUANO, C/ ALMURADIEL, 150. OBRAS DE CONSERVACIÓN",,40286.34,40286.34
2014,X05,Educación,"COLEGIO PÚBLICO FRAY JUNÍPERO SERRA, C/ ALMONACID, 16. OBRAS DE CONSERVACIÓN",,14893.33,14893.33
2014,X05,Educación,"COLEGIO PÚBLICO EL MADROÑO, C/ LAS MARISMAS, 14. OBRAS DE CONSERVACIÓN",,15480.48,15480.48
2014,X05,Educación,"COLEGIO PÚBLICO ASTURIAS, C/ ASTURIANOS, 2. OBRAS DE ACONDICIONAMIENTO",,56181.1,56181.1
2014,X05,Educación,"COLEGIO PÚBLICO JAVIER DE MIGUEL, C/ PUERTO DE VIÑAMALA, 11. ACONDICIONAMIENTO",,27353.33,27353.33
2014,X05,Educación,COLEGIO PÚBLICO FRANCISCO RUANO. ADOPCIÓN MEDIDAS DE SEGURIDAD,,4628.47,4628.46
2014,X05,Educación,CONSERVACIÓN COLEGIOS Y OTROS CENTROS EDUCATIVOS DISTRITO PUENTE DE VALLECAS,,23.21,
2014,X05,Educación,"COLEGIO PÚBLICO SANTO DOMINGO, C/ SAN FELIU DE GUIXOLS, 7. OBRAS DE CONSERVACIÓN",,17380.97,17380.97
2014,X05,Educación,"ESCUELA INFANTIL LUISA FERNANDA, C/ COCHERÓN DE LA VILLA, 29. CONSERVACIÓN",,1778.01,1778.01
2014,X05,Educación,"COLEGIO PÚBLICO MANUEL NÚÑEZ ARENAS, C/ MARTOS, 120. OBRAS DE ACONDICIONAMIENTO",,37086.48,37086.48
2014,X05,Educación,"COLEGIO PÚBLICO MESONERO ROMANOS, C/ PONT DE MOLINS, 31. OBRAS DE CONSERVACIÓN",,1366.88,1366.88
2014,X05,Educación,"EQUIPAMIENTO ESCUELA INFANTIL EL CASERÍO, C/ Mª TERESA DE ROBLEDO, 3",,3507.4,3505.9
2014,X05,Educación,"COLEGIO PÚBLICO DOCTOR TOLOSA LATOUR, C/ ASTURIANOS, 4. OBRAS DE CONSERVACIÓN",,27329.31,27329.31
2014,X05,Educación,"COLEGIO PÚBLICO JAIME BALMÉS, C/ SIERRA SOLANA, 2. OBRAS DE CONSERVACIÓN",,30910.03,30910.03
2014,X05,Educación,"COLEGIO PÚBLICO LA RIOJA, C/ LEÓN FELIPE, 3. OBRAS DE ACONDICIONAMIENTO",,32005.61,32005.61
2014,X05,Educación,"COLEGIO PÚBLICO PADRE MARIANA, C/ RONDA DEL SUR, 145. OBRAS DE ACONDICIONAMIENTO",,24997.31,24997.31
2014,X05,Educación,"CENTRO EDUCACIÓN ESPECIAL PUENTE DE VALLECAS, CRTA. VALENCIA KM. 7,4. REFORMA",,98211.5,98211.5
2014,X05,Educación,"COLEGIO PÚBLICO JOSÉ MARÍA DE PEREDA, C/ MESTANZA, 94. ACONDICIONAMIENTO",,60762.96,60762.96
2014,X05,Educación,"COLEGIO PÚBLICO SAN PABLO, C/ PEÑA MORRAZ, 1. OBRAS DE CONSERVACIÓN",,44300.83,44300.83
2014,X05,Educación,"COLEGIO PÚBLICO AMOS ACERO, C/ RODRÍGUEZ ESPINOSA, 54. ACONDICIONAMIENTO",,32043.0,32043.0
2014,X05,Educación,"COLEGIO PÚBLICO CONCHA ESPINA, C/ GERARDO DIEGO, 6. OBRAS DE REFORMA",,49349.1,49349.1
2014,X05,Educación,"ESCUELA INFANTIL EL CASERÍO, C/ MARÍA TERESA ROBLEDO, 3. OBRAS DE CONSERVACIÓN",,9122.41,9122.41
2014,X05,Educación,COLEGIO PÚBLICO SANTO DOMINGO. OBRAS DE REFORMA COCINA,,47163.43,47163.43
2014,X05,Educación,COLEGIO PÚBLICO CARLOS SÁINZ DE LOS TERREROS. ADECUACIÓN DE CUBIERTA,,29873.81,29873.81
2014,X04,Salud pública,,,71859.57,71859.57
2014,X04,Salud pública,"CENTRO MADRID SALUD RETIRO, C/CONCORDIA, 15. SEÑALIZACIÓN",,3499.93,3499.93
2014,X04,Salud pública,CENTRO MADRID SALUD PUENTE DE VALLECAS. OBRAS DE REFORMA,,60358.15,60358.15
2014,X04,Salud pública,CENTRO ATENCIÓN DROGODEPENDIENTES PUENTE DE VALLECAS. OBRAS DE REFORMA,,8001.49,8001.49
2015,X01,Protección Civil y seguridad ciudadana,,,1832827.36,1827308.1
2015,X01,Protección Civil y seguridad ciudadana,"PARQUE DE BOMBEROS 8, PUENTE DE VALLECAS. OBRAS DE REFORMA",,1610261.82,1610162.33
2015,X01,Protección Civil y seguridad ciudadana,"PARQUE DE BOMBEROS Nº 8, C/BOADA, 4. INSTALACIONES",,60465.32,60465.19
2015,X01,Protección Civil y seguridad ciudadana,"EQUIPAMIENTO PARQUE DE BOMBEROS Nº 8, C/ PÍO FELIPE, 24",,787.71,
2015,X01,Protección Civil y seguridad ciudadana,PARQUE DE BOMBEROS 8. OBRAS INSPECCIÓN TÉCNICA EDIFICIOS Y ORGANISMO CONTROL,,161312.51,156680.58
2015,X12,Otros bienes públicos de carácter social,,,7388.46,7388.46
2015,X12,Otros bienes públicos de carácter social,EQUIPAMIENTO OFICINA ATENCIÓN AL CIUDADANO LÍNEA MADRID DISTRITO PUENTE DE VALLECAS,,7388.46,7388.46
2015,X10,Cultura,,,508133.71,477843.85
2015,X10,Cultura,EQUIPAMIENTO BIBLIOTECA PÚBLICA POZO DEL TÍO RAIMUNDO,,4658.5,
2015,X10,Cultura,EQUIPAMIENTO BIBLIOTECA PÚBLICA DE VALLECAS,,3323.82,2343.72
2015,X10,Cultura,CENTRO CULTURAL ALBERTO SÁNCHEZ. OBRAS DE CONSERVACIÓN,,46723.38,46723.34
2015,X10,Cultura,"CENTRO CULTURAL ALBERTO SÁNCHEZ, C/ RISCO DE PELOCHE, 14. OBRAS DE ACONDICIONAMIENTO",,51960.76,51960.76
2015,X10,Cultura,IFS-BIBLIOTECA C/SIERRA DE CAMEROS. OBRAS VARIAS DE REFORMA Y MEJORA,,49207.46,49207.46
2015,X10,Cultura,IFS-CENTRO CULTURAL ALBERTO SÁNCHEZ. OBRAS VARIAS DE REFORMA Y MEJORA,,62885.93,58234.72
2015,X10,Cultura,"IFS-CENTRO SOCIOCULTURAL TALLERES CREATIVIDAD. REFORMAS, MEJORAS Y EFICIENCIA ENERGÉTICA",,138934.16,138934.15
2015,X10,Cultura,IFS-CENTRO CULTURAL EL POZO. ADECUACIÓN ASEOS A NORMATIVA DE ACCESIBILIDAD,,69195.05,69195.05
2015,X10,Cultura,CENTRO CULTURAL LOPE DE VEGA. OBRAS DE CONSERVACIÓN,,46357.01,46357.01
2015,X10,Cultura,BIBLIOTECA VALLECAS. OBRAS DE CONSERVACIÓN,,14887.64,14887.64
2015,X10,Cultura,EQUIPAMIENTO CENTRO CULTURAL LOPE DE VEGA,,2000.0,
2015,X10,Cultura,EQUIPAMIENTO CENTRO CULTURAL EL POZO,,3000.0,
2015,X10,Cultura,EQUIPAMIENTO CENTRO CULTURAL ALBERTO SÁNCHEZ,,15000.0,
2015,X06,Urbanismo,,,2488089.37,1188014.6
2015,X06,Urbanismo,UNIDAD VECINAL 4 DE ENTREVÍAS. URBANIZACIÓN,,25747.27,
2015,X06,Urbanismo,COLONIA LA VIÑA DE ENTREVÍAS. URBANIZACIÓN,,40979.59,
2015,X06,Urbanismo,ADQUISICIÓN SUELO C/DOCTOR SÁNCHEZ Y OTRAS API 13.15,,182470.25,182470.25
2015,X06,Urbanismo,ADQUISICIÓN DE SUELO SIERRA TOLEDANA  APR 13.01,,599818.3,599775.34
2015,X06,Urbanismo,ADQUISICIÓN DE SUELO EN EL ARENAL Y ARROYO DEL PALOMAR DE LA RIBERA,,86278.66,86278.66
2015,X06,Urbanismo,ADQUISICIÓN DE SUELO EL ARENAL Y ARROYO DEL PALOMAR DE LA RIBERA,,55022.79,55022.79
2015,X06,Urbanismo,"ADQUISICIÓN DE SUELO AV. DE ENTREVÍAS C/V. C/SIERRA CONTRAVIESA, 2",,19260.0,
2015,X06,Urbanismo,ADQUISICIÓN DE SUELO C/ PEIRONCELY C/V. A MIGUEL DE LA ROCA,,6812.56,
2015,X06,Urbanismo,"ADQUISICIÓN DE SUELO C/ ENRIQUE VELASCO, 16",,775119.23,
2015,X06,Urbanismo,"DEMOLICIÓN EDIFICACIÓN C/ PICO CUADRAMÓN, 9",,22723.59,18779.83
2015,X06,Urbanismo,DEMOLICIÓN Y ACONDICIONAMIENTO SOLARES C/ PUERTO DE LA BONAIGUA FRENTE Nº 32 A 60,,49953.97,41284.27
2015,X06,Urbanismo,DEMOLICIÓN Y ACONDICIONAMIENTO SOLARES C/ MARTÍNEZ DE LA RIVA FRENTE Nº 139 A 141,,29952.42,24754.07
2015,X06,Urbanismo,"ADQUISICIÓN DE SUELO C/ SIERRA DE MEIRA, 64 Y C/ PICO CEJO, 51",,166621.12,166621.12
2015,X06,Urbanismo,DEMOLICIÓN Y VALLADO PARCELAS MUNICIPALES AV. ALBUFERA C/V.CRTA. VICÁLVARO A VALLECAS,,207653.5,13028.27
2015,X06,Urbanismo,"C/MONTES PIRINEOS, 2 C/V C/JAVIER DE MIGUEL. OBRAS DE URBANIZACIÓN",,3973.64,
2015,X06,Urbanismo,"AVENIDA DE LA DEMOCRACIA, 13. OBRAS DE URBANIZACIÓN",,215702.48,
2015,X07,Infraestructuras,,,944236.42,944236.42
2015,X07,Infraestructuras,CALLE 30. REHABILITACIÓN ESTRUCTURA NUDO SUR II,,92644.73,92644.73
2015,X07,Infraestructuras,CALLE 30. REHABILITACIÓN ESTRUCTURA NUDO SUR III,,113634.42,113634.42
2015,X07,Infraestructuras,CALLE 30. REHABILITACIÓN PUENTE DE VALLECAS,,734675.72,734675.72
2015,X07,Infraestructuras,ANILLO VERDE CICLISTA DISTRITO PUENTE DE VALLECAS. OBRAS DE REMODELACIÓN,,3281.55,3281.55
2015,X03,Protección y promoción social,,,591081.27,544161.0
2015,X03,Protección y promoción social,CENTRO DE MAYORES ALTO DEL ARENAL. OBRAS DE CONSERVACIÓN,,1829.33,1829.33
2015,X03,Protección y promoción social,CENTRO DE MAYORES ENTREVÍAS. OBRAS DE ACONDICIONAMIENTO,,37557.99,37557.99
2015,X03,Protección y promoción social,IFS-CENTRO MAYORES ENTREVÍAS. MEJORA CARPINTERÍA METÁLICA  FACHADA Y EFICIENCIA ENERGÉTICA,,188120.89,164563.91
2015,X03,Protección y promoción social,IFS-CENTRO DE MAYORES CASA DEL BULEVAR. ADECUACIÓN SISTEMA DE CLIMATIZACIÓN,,147782.12,147782.1
2015,X03,Protección y promoción social,IFS-CENTRO DE MAYORES PUERTO DE NAVACERRADA. ADECUACIÓN SANEAMIENTO COCINA Y COMEDOR,,29897.25,29897.25
2015,X03,Protección y promoción social,IFS-CENTRO MAYORES ALTO ARENAL. PAVIMENTOS Y ADECUACIÓN A NORMATIVA DE ACCESIBILIDAD,,32206.69,32206.69
2015,X03,Protección y promoción social,CENTRO DE DÍA DE MAYORES FÁTIMA DE MADRID. OBRAS DE CONSERVACIÓN,,5742.88,5742.88
2015,X03,Protección y promoción social,CENTRO DE MAYORES NAVACERRADA. OBRAS DE CONSERVACIÓN,,11956.54,11956.54
2015,X03,Protección y promoción social,CENTRO SERVICIOS SOCIALES RAMÓN PÉREZ DE AYALA. OBRAS DE CONSERVACIÓN,,7462.91,7462.91
2015,X03,Protección y promoción social,"CENTRO DE DÍA DE MAYORES PABLO NERUDA, C/ GERARDO DIEGO, 8. OBRAS DE CONSERVACIÓN",,14705.9,14705.9
2015,X03,Protección y promoción social,"CENTRO DE MAYORES CASA DEL BULEVAR, C/ PEÑA GORBEA, 22. OBRAS DE CONSERVACIÓN",,15003.76,15003.76
2015,X03,Protección y promoción social,"CENTRO DE MAYORES SAN DIEGO, C/ JAVIER DE MIGUEL, 10. OBRAS ACCESIBILIDAD EN ASEOS",,37685.3,37685.3
2015,X03,Protección y promoción social,"CENTRO DE MAYORES ENTREVÍAS, C/ YUSTE, 8. OBRAS DE REFORMA",,6129.71,6129.71
2015,X03,Protección y promoción social,EQUIPAMIENTO CENTRO DE MAYORES RAMÓN PÉREZ DE AYALA,,55000.0,31636.73
2015,X00,Inversiones de carácter general,,,195076.57,195075.52
2015,X00,Inversiones de carácter general,"EDIFICIO C/ JOSÉ SERRANO, 19. OBRAS DE CONSERVACIÓN",,10291.36,10291.36
2015,X00,Inversiones de carácter general,EDIFICIO SEDE DISTRITO PUENTE VALLECAS. OBRAS DE ACONDICIONAMIENTO,,102629.53,102629.53
2015,X00,Inversiones de carácter general,"IFS-SEDE DISTRITO PUENTE VALLECAS. ADECUACIÓN SEGUNDA PLANTA, ELECTRICIDAD Y CLIMATIZACIÓN",,82154.63,82154.63
2015,X00,Inversiones de carácter general,OBRAS DE CONSERVACIÓN EDIFICIOS DISTRITO DE PUENTE DE VALLECAS,,1.05,
2015,X11,"Deportes, juventud y esparcimiento",,,1076929.59,443303.24
2015,X11,"Deportes, juventud y esparcimiento","CENTRO DEPORTIVO ENTREVÍAS, C/ RONDA DEL SUR, 4. SUBSANACIÓN DE PATOLOGÍAS",,70191.59,70191.58
2015,X11,"Deportes, juventud y esparcimiento",DEPORTIVO BÁSICO PARQUE MARCHAMALO. OBRAS DE CONSERVACIÓN,,995.39,995.39
2015,X11,"Deportes, juventud y esparcimiento",DEPORTIVO BÁSICO PARQUE LA VIÑA. OBRAS DE CONSERVACIÓN,,232.38,232.38
2015,X11,"Deportes, juventud y esparcimiento",DEPORTIVO BÁSICO HERMANOS TRUEBA. OBRAS DE CONSERVACIÓN,,599.56,599.56
2015,X11,"Deportes, juventud y esparcimiento",DEPORTIVO BÁSICO FRANCISCO LAGUNA. OBRAS DE CONSERVACIÓN,,1463.08,1463.08
2015,X11,"Deportes, juventud y esparcimiento",DEPORTIVO BÁSICO JESÚS DIVINO OBRERO. OBRAS DE CONSERVACIÓN,,2082.47,2082.47
2015,X11,"Deportes, juventud y esparcimiento",DEPORTIVO BÁSICO ANDÉVALO. OBRAS DE CONSERVACIÓN,,5426.86,5426.86
2015,X11,"Deportes, juventud y esparcimiento",IFS-INSTALACIONES DEPORTIVAS PARQUE LINEAL DEL MANZANARES. MEJORA DEL CAMPO DE FUTBOL 11,,650000.0,18000.0
2015,X11,"Deportes, juventud y esparcimiento",DEPORTIVO BÁSICO PARQUE LUIS BUÑUEL. OBRAS DE CONSERVACIÓN,,3504.86,3504.86
2015,X11,"Deportes, juventud y esparcimiento",DEPORTIVO BÁSICO PUERTO VELATE. OBRAS DE CONSERVACIÓN,,1630.35,1630.35
2015,X11,"Deportes, juventud y esparcimiento",DEPORTIVO BÁSICO RAMÓN PÉREZ DE AYALA. OBRAS DE CONSERVACIÓN,,1255.32,1255.32
2015,X11,"Deportes, juventud y esparcimiento",CENTRO DEPORTIVO ENTREVÍAS. OTRO MOBILIARIO Y ENSERES,,2000.0,385.94
2015,X11,"Deportes, juventud y esparcimiento",CENTRO DEPORTIVO PUENTE DE VALLECAS. SEÑALIZACIÓN,,950.0,940.53
2015,X11,"Deportes, juventud y esparcimiento",OBRAS DE CONSERVACIÓN INSTALACIONES DEPORTIVAS DISTRITO DE PUENTE DE VALLECAS,,2.81,
2015,X11,"Deportes, juventud y esparcimiento","CENTRO DEPORTIVO ALBERTO GARCÍA, C/ REGUERA DE TOMATEROS, 39. ACONDICIONAMIENTO",,61959.42,61959.42
2015,X11,"Deportes, juventud y esparcimiento","CENTRO DEPORTIVO PUENTE DE VALLECAS, C/ PAYASO FOFÓ, 7. OBRAS DE ACONDICIONAMIENTO",,110248.47,110248.47
2015,X11,"Deportes, juventud y esparcimiento",CENTRO DEPORTIVO ENTREVÍAS. OBRAS DE CONSERVACIÓN,,45300.21,45300.21
2015,X11,"Deportes, juventud y esparcimiento",CENTRO DEPORTIVO PALOMERAS. OBRAS DE CONSERVACIÓN,,34535.86,34535.86
2015,X11,"Deportes, juventud y esparcimiento",DEPORTIVO BÁSICO CARLOS SOLÉ. OBRAS DE CONSERVACIÓN,,1700.16,1700.16
2015,X11,"Deportes, juventud y esparcimiento",CENTRO DEPORTIVO PALOMERAS. OBRAS DE ACONDICIONAMIENTO,,54938.9,54938.9
2015,X11,"Deportes, juventud y esparcimiento",DEPORTIVO BÁSICO SIERRA DEL VALLE. OBRAS DE CONSERVACIÓN,,17960.65,17960.65
2015,X11,"Deportes, juventud y esparcimiento",DEPORTIVO BÁSICO COLONIA LOS TAXISTAS. OBRAS DE CONSERVACIÓN,,5837.92,5837.92
2015,X11,"Deportes, juventud y esparcimiento",DEPORTIVO BÁSICO IMAGEN. OBRAS DE CONSERVACIÓN,,4113.33,4113.33
2015,X05,Educación,,,797763.6,797760.48
2015,X05,Educación,"COLEGIO PÚBLICO AGUSTINA DÍEZ, C/ VESUBIO, 5. OBRAS DE CONSERVACIÓN",,17766.02,17766.02
2015,X05,Educación,"COLEGIO PÚBLICO FRAY JUNÍPERO SERRA, C/ ALMONACID, 16. OBRAS DE CONSERVACIÓN",,45590.25,45590.25
2015,X05,Educación,"COLEGIO PÚBLICO SAN PABLO, PZA. PEÑA MORRAZ, 1. OBRAS DE CONSERVACIÓN",,42106.91,42106.91
2015,X05,Educación,COLEGIO PÚBLICO GARCÍA MORENTE. ADOPCIÓN MEDIDAS DE SEGURIDAD,,8935.09,8935.09
2015,X05,Educación,"COLEGIO PÚBLICO MANUEL NÚÑEZ DE ARENAS, C/ MARTOS, 120. OBRAS DE CONSERVACIÓN",,17380.16,17380.16
2015,X05,Educación,"COLEGIO PÚBLICO EDUARDO ROJO, C/ EDUARDO ROJO, 5. OBRAS DE CONSERVACIÓN",,67141.75,67141.75
2015,X05,Educación,"CENTRO EDUCACIÓN ESPECIAL VALLECAS, CTRA. VALENCIA KM. 7,4. OBRAS DE CONSERVACIÓN",,3940.64,3940.64
2015,X05,Educación,COLEGIO PÚBLICO EL MADROÑO. OBRAS DE CONSERVACIÓN,,23440.09,23440.09
2015,X05,Educación,COLEGIO PÚBLICO DOCTOR TOLOSA LATOUR. OBRAS DE CONSERVACIÓN,,3670.51,3670.51
2015,X05,Educación,COLEGIO PÚBLICO MANUEL SIUROT. OBRAS DE CONSERVACIÓN,,78326.54,78326.54
2015,X05,Educación,COLEGIO PÚBLICO MESONERO ROMANOS. OBRAS DE CONSERVACIÓN,,2492.43,2492.43
2015,X05,Educación,CENTRO EDUCACIÓN ESPECIAL PUENTE DE VALLECAS. OBRAS DE ACONDICIONAMIENTO,,44644.94,44644.94
2015,X05,Educación,ESCUELA INFANTIL EL CASERÍO. INSTALACIÓN LOSETAS DE CAUCHO,,1888.0,1887.6
2015,X05,Educación,EQUIPAMIENTO ESCUELA INFANTIL CASERÍO,,199.65,199.65
2015,X05,Educación,OTRO EQUIPAMIENTO ESCUELA INFANTIL LUISA FERNANDA,,2538.6,2538.6
2015,X05,Educación,ESCUELA INFANTIL EL CASERÍO. PLACA IDENTIFICATIVA,,566.13,566.13
2015,X05,Educación,ESCUELA INFANTIL LUISA FERNANDA. PLACA IDENTIFICATIVA,,566.13,566.13
2015,X05,Educación,OBRAS CONSERVACIÓN CENTROS DOCENTES DE ENSEÑANZA DISTRITO PUENTE DE VALLECAS,,2.72,
2015,X05,Educación,"COLEGIO PÚBLICO JAVIER DE MIGUEL, C/ JAVIER DE MIGUEL, 90. OBRAS DE CONSERVACIÓN",,3844.87,3844.87
2015,X05,Educación,COLEGIO PÚBLICO ARAGÓN. OBRAS DE ACONDICIONAMIENTO,,77482.05,77482.05
2015,X05,Educación,COLEGIO PÚBLICO CONCHA ESPINA. OBRAS DE CONSERVACIÓN,,31670.18,31670.18
2015,X05,Educación,COLEGIO PÚBLICO JOSÉ MARÍA DE PEREDA. OBRAS DE CONSERVACIÓN,,14284.59,14284.59
2015,X05,Educación,COLEGIO PÚBLICO LA RIOJA. OBRAS DE ACONDICIONAMIENTO,,33423.08,33423.08
2015,X05,Educación,COLEGIO PÚBLICO VIRGEN DEL CERRO. OBRAS DE CONSERVACIÓN,,41148.23,41148.23
2015,X05,Educación,COLEGIO PÚBLICO ASTURIAS. OBRAS DE CONSERVACIÓN,,1324.51,1324.51
2015,X05,Educación,ESCUELA INFANTIL LUISA FERNANDA. OBRAS DE CONSERVACIÓN,,3188.7,3188.7
2015,X05,Educación,COLEGIO PÚBLICO JAIME BALMES. OBRAS DE CONSERVACIÓN,,48474.37,48474.37
2015,X05,Educación,COLEGIO PÚBLICO AMOS ACERO. OBRAS DE CONSERVACIÓN,,11711.09,11711.09
2015,X05,Educación,COLEGIO PÚBLICO PALOMERAS BAJAS. OBRAS DE CONSERVACIÓN,,22317.13,22317.13
2015,X05,Educación,COLEGIO PÚBLICO PADRE MARIANA. OBRAS DE CONSERVACIÓN,,38997.74,38997.74
2015,X05,Educación,COLEGIO PÚBLICO FRANCISCO RUANO. OBRAS DE CONSERVACIÓN,,1662.13,1662.13
2015,X05,Educación,COLEGIO PÚBLICO SANTO DOMINGO. OBRAS DE CONSERVACIÓN,,16183.62,16183.62
2015,X05,Educación,COLEGIO PÚBLICO CARLOS SAINZ TERREROS. OBRAS DE CONSERVACIÓN,,32398.08,32398.08
2015,X05,Educación,COLEGIO PÚBLICO SAN PABLO. OBRAS DE ACONDICIONAMIENTO,,53107.05,53107.05
2015,X05,Educación,ESCUELA INFANTIL EL CASERÍO. OBRAS DE CONSERVACIÓN,,5349.62,5349.62
2015,X04,Salud pública,,,29003.87,29003.87
2015,X04,Salud pública,CENTRO ATENCIÓN DROGODEPENDIENTES DE VALLECAS. ADQUISICIÓN DE MAQUINARIA,,141.86,141.86
2015,X04,Salud pública,"EQUIPAMIENTO CENTRO ATENCIÓN DROGODEPENDIENTES DE VALLECAS, C/ CONCORDIA, 17",,68.0,68.0
2015,X04,Salud pública,"CENTRO ATENCIÓN DROGODEPENDIENTES VALLECAS, C/ CONCORDIA, 17. OBRAS DE REFORMA",,28794.01,28794.01
2016,X01,Protección Civil y seguridad ciudadana,,,38796.48,22022.32
2016,X01,Protección Civil y seguridad ciudadana,PARQUE DE BOMBEROS 8. OBRAS INSPECCIÓN TÉCNICA EDIFICIOS Y ORGANISMO CONTROL,,4631.93,4005.27
2016,X01,Protección Civil y seguridad ciudadana,MUSEO DE LOS BOMBEROS. OBRAS DE ADECUACIÓN,,16147.5,
2016,X01,Protección Civil y seguridad ciudadana,EQUIPAMIENTO UNIDAD INTEGRAL POLICÍA MUNICIPAL DISTRITO PUENTE DE VALLECAS,,15975.78,15975.78
2016,X01,Protección Civil y seguridad ciudadana,"PARQUE DE BOMBEROS Nº 8, C/ PÍO FELIPE, 24. INSTALACIONES",,2041.27,2041.27
2016,X12,Otros bienes públicos de carácter social,,,4316.89,4316.89
2016,X12,Otros bienes públicos de carácter social,OFICINA ATENCIÓN A LA CIUDADANÍA LÍNEA MADRID NUMANCIA. SEÑALIZACIÓN,,679.78,679.78
2016,X12,Otros bienes públicos de carácter social,OFICINA ATENCIÓN AL CIUDADANO LÍNEA MADRID PUENTE DE VALLECAS. MOBILIARIO ADAPTADO,,1363.09,1363.09
2016,X12,Otros bienes públicos de carácter social,OTRO EQUIPAMIENTO OFICINA ATENCIÓN AL CIUDADANO LÍNEA MADRID DISTRITO PUENTE VALLECAS,,1947.75,1947.75
2016,X12,Otros bienes públicos de carácter social,EQUIPAMIENTO OFICINA ATENCIÓN AL CIUDADANO LÍNEA MADRID DISTRITO PUENTE VALLECAS,,76.04,76.04
2016,X12,Otros bienes públicos de carácter social,OFICINA ATENCIÓN A LA CIUDADANÍA LÍNEA MADRID PUENTE DE VALLECAS. SEÑALIZACIÓN,,250.23,250.23
2016,X10,Cultura,,,561895.88,546530.48
2016,X10,Cultura,CENTRO CULTURAL LOPE DE VEGA. OBRAS DE CONSERVACIÓN,,47677.75,47677.75
2016,X10,Cultura,EQUIPAMIENTO CENTRO CULTURAL LOPE DE VEGA,,2000.0,1058.15
2016,X10,Cultura,EQUIPAMIENTO CENTRO CULTURAL EL POZO,,1668.13,1668.13
2016,X10,Cultura,EQUIPAMIENTO CENTRO CULTURAL ALBERTO SÁNCHEZ,,15000.0,14750.69
2016,X10,Cultura,SEÑALIZACIÓN BIBLIOTECA PÚBLICA POZO DEL TÍO RAIMUNDO,,5293.19,5293.19
2016,X10,Cultura,BIBLIOTECA PÚBLICA POZO DEL TÍO RAIMUNDO. DOTACIÓN DE MOBILIARIO Y ENSERES,,19720.58,19720.58
2016,X10,Cultura,BIBLIOTECA PÚBLICA VALLECAS. DOTACIÓN DE MOBILIARIO Y ENSERES,,961.95,961.95
2016,X10,Cultura,CENTRO CULTURAL EL POZO. OBRAS DE CONSERVACIÓN,,7115.62,7115.62
2016,X10,Cultura,CENTRO SOCIOCULTURAL ALBERTO SÁNCHEZ. OBRAS DE ACONDICIONAMIENTO,,107191.86,107191.86
2016,X10,Cultura,CENTRO CULTURAL EL POZO. ESCALERAS DE EMERGENCIA Y CIERRAPUERTAS,,105368.35,99066.56
2016,X10,Cultura,AUDITORIO AL AIRE LIBRE ENTREVÍAS. OBRAS DE CONSERVACIÓN,,3851.28,3851.28
2016,X10,Cultura,CENTRO SOCIOCULTURAL TALLERES DE CREATIVIDAD. OBRAS DE ACONDICIONAMIENTO,,58184.7,58184.7
2016,X10,Cultura,CENTRO SOCIOCULTURAL TALLERES DE CREATIVIDAD. OBRAS DE CONSERVACIÓN,,15362.47,15362.47
2016,X10,Cultura,"IFS-CENTRO CULTURAL EL POZO. OBRAS DE DE ACCESIBILIDAD,REFORMA TEATRO Y DISTRIBUCION INTERIOR",,170000.0,162188.71
2016,X10,Cultura,CENTRO CULTURAL EL POZO. SEÑALIZACIÓN,,2500.0,2438.84
2016,X14,Sectores productivos,,,81638.7,74996.9
2016,X14,Sectores productivos,IFS-VIVERO DE EMPRESAS DE VALLECAS. HABILITACIÓN DE ESPACIOS DE COWORKING,,60500.0,53858.2
2016,X14,Sectores productivos,"MERCADILLO PUENTE DE VALLECAS, C/BUENOS AIRES, 17. OBRAS DE ADECUACIÓN",,21138.7,21138.7
2016,X06,Urbanismo,,,5786060.85,5090485.66
2016,X06,Urbanismo,UNIDAD VECINAL 4 DE ENTREVÍAS. URBANIZACIÓN,,25747.27,
2016,X06,Urbanismo,COLONIA LA VIÑA DE ENTREVÍAS. URBANIZACIÓN,,40979.59,
2016,X06,Urbanismo,ADQUISICIÓN DE SUELO SIERRA TOLEDANA  APR 13.01,,33360.35,33360.35
2016,X06,Urbanismo,"ADQUISICIÓN DE SUELO AV. DE ENTREVÍAS C/V. C/SIERRA CONTRAVIESA, 2",,19259.67,19259.67
2016,X06,Urbanismo,ADQUISICIÓN DE SUELO C/ PEIRONCELY C/V. A MIGUEL DE LA ROCA,,6812.56,6812.56
2016,X06,Urbanismo,"ADQUISICIÓN DE SUELO C/ ENRIQUE VELASCO, 16",,532836.25,211299.37
2016,X06,Urbanismo,DEMOLICIÓN Y VALLADO PARCELAS MUNICIPALES AV. ALBUFERA C/V.CRTA. VICÁLVARO A VALLECAS,,157318.24,157318.24
2016,X06,Urbanismo,"C/MONTES PIRINEOS, 2 C/V C/JAVIER DE MIGUEL. OBRAS DE URBANIZACIÓN",,3973.64,3785.26
2016,X06,Urbanismo,"AVENIDA DE LA DEMOCRACIA, 13. OBRAS DE URBANIZACIÓN",,215702.48,
2016,X06,Urbanismo,"ADQUISICIÓN DE SUELO C/ CALERO PITA Y C/ MIGUEL ROCA, 33",,682924.79,682924.79
2016,X06,Urbanismo,"ADQUISICIÓN DE SUELO C/ ARBOLEDA, 20",,3951772.95,3951772.95
2016,X06,Urbanismo,"C/ MONTE URGULL, 2-4-6-8. OBRAS DE URBANIZACIÓN",,20247.93,
2016,X06,Urbanismo,ADECUACIÓN VIALES Y ACCESIBILIDAD EN DISTRITO PUENTE DE VALLECAS,,45125.13,20927.47
2016,X06,Urbanismo,PLAZA DE PUERTO RUBIO (PLAZA VIEJA) CON EL BULEVAR DE PEÑA GORBEA. CONEXIÓN,,50000.0,3025.0
2016,X07,Infraestructuras,,,69496.28,69496.28
2016,X07,Infraestructuras,CALLE 30. REHABILITACIÓN PUENTE DE VALLECAS,,69496.28,69496.28
2016,X08,Mantenimiento urbano,,,619037.51,500771.47
2016,X08,Mantenimiento urbano,RENOVACIÓN INTEGRAL INSTALACIONES Y PAVIMENTOS. PRIS Z-5 DTO.PUENTE VALLECAS,,192979.79,192979.79
2016,X08,Mantenimiento urbano,PAVIMENTACIÓN CALZADAS BARRIOS EN DISTRITO PUENTE DE VALLECAS. FASE I,,161834.62,84318.09
2016,X08,Mantenimiento urbano,IFS-CANTÓN LIMPIEZA C/JOSEFA DÍAZ 13. MEJORA AISLAMIENTO DE LA ENVOLVENTE Y AGUA CALIENTE SANITARIA,,145000.0,144999.48
2016,X08,Mantenimiento urbano,"IFS-CANTÓN LIMPIEZA C/JOSÉ PAULETE,43. MUELLE DE DESCARGA EN ALTURA PARA CONTENEDORES DE 30 M3.",,60000.0,59999.89
2016,X08,Mantenimiento urbano,PAVIMENTACIÓN ACERAS BARRIOS EN DISTRITO PUENTE DE VALLECAS. FASE I,,59223.1,18474.22
2016,X09,Medio ambiente,,,3900238.1,60365.59
2016,X09,Medio ambiente,IFS-PARQUE DEL CERRO DEL TÍO PÍO.OBRAS DE MEJORA EN LA RED DE RIEGO AUTOMÁTICO,,1363560.0,21054.0
2016,X09,Medio ambiente,PUNTOS LIMPIOS DE PROXIMIDAD EN EL DISTRITO DE PUENTE DE VALLECAS,,1343.1,1343.1
2016,X09,Medio ambiente,IFS-PARQUE LINEAL DEL MANZANARES. ADAPTACIÓN Y REORDENACIÓN DEL ARBORETO BOTÁNICO.,,250000.0,19999.99
2016,X09,Medio ambiente,IFS-JARDINES DEL CAMPO DEL TORO.REMODELACIÓN Y EFICIENCIA EN EL RIEGO,,888555.0,17968.5
2016,X09,Medio ambiente,IFS-JARDINES DE CAMPO DE LA PALOMA. REMODELACIÓN,,1396780.0,
2016,X03,Protección y promoción social,,,2563625.66,2507965.89
2016,X03,Protección y promoción social,EQUIPAMIENTO CENTRO DE MAYORES SAN DIEGO,,6932.38,6932.38
2016,X03,Protección y promoción social,EQUIPAMIENTO CENTRO DE MAYORES RAMÓN PÉREZ DE AYALA,,17531.69,17531.69
2016,X03,Protección y promoción social,"EDIFICIO C/ PEÑA GORBEA, 22. ADQUISICIÓN",,1854032.04,1854032.04
2016,X03,Protección y promoción social,EQUIPAMIENTO CENTRO DE MAYORES CASA BULEVAR,,4697.47,4697.47
2016,X03,Protección y promoción social,CENTRO DE MAYORES EL POZO. SEÑALIZACIÓN,,2500.0,2469.22
2016,X03,Protección y promoción social,CENTRO DE SERVICIOS SOCIALES ENTREVÍAS. OBRAS DE REPARACIÓN,,44502.21,44502.21
2016,X03,Protección y promoción social,CENTRO DE MAYORES SAN DIEGO. OBRAS DE ACONDICIONAMIENTO,,48846.4,48846.4
2016,X03,Protección y promoción social,CENTRO DE DÍA MAYORES PABLO NERUDA. OBRAS DE CONSERVACIÓN,,19739.77,19739.76
2016,X03,Protección y promoción social,CENTRO DE SERVICIOS SOCIALES RAMÓN PÉREZ AYALA. OBRAS DE CONSERVACIÓN,,13205.27,13205.27
2016,X03,Protección y promoción social,IFS-CENTRO DE SERVICIOS SOCIALES ENTREVÍAS. INSTALACIONES DE ILUMINACIÓN INTERIOR,,90000.0,81912.91
2016,X03,Protección y promoción social,IFS-CENTRO DE MAYORES CASA DEL BULEVAR. ADAPTACIÓN A NORMATIVA DE ACCESIBILIDAD EN ASCENSOR Y ASEOS,,200000.0,153871.08
2016,X03,Protección y promoción social,"IFS-CENTRO SOCIAL RAMÓN PÉREZ AYALA.IMPERMEABILIZACION CUBIERTAS Y LUCERNARIOS, UNIDADES AIRE Y REFORMA",,240000.0,238587.03
2016,X03,Protección y promoción social,EQUIPAMIENTO CENTRO DE MAYORES ENTREVÍAS,,4441.91,4441.91
2016,X03,Protección y promoción social,EQUIPAMIENTO CENTRO DE MAYORES PABLO NERUDA,,2011.15,2011.15
2016,X03,Protección y promoción social,"EQUIPAMIENTO ESPACIO COWORKING PARA ATENCIÓN SOCIAL, C/CONCEJO DE TEVERJA, 1",,4435.47,4435.47
2016,X03,Protección y promoción social,EQUIPAMIENTO CENTRO MAYORES ALTO DEL ARENAL,,1368.95,1368.95
2016,X03,Protección y promoción social,CENTRO DE DÍA MAYORES FÁTIMA DE MADRID. OBRAS DE CONSERVACIÓN,,9380.95,9380.95
2016,X00,Inversiones de carácter general,,,216123.83,213981.67
2016,X00,Inversiones de carácter general,SISTEMA INTEGRAL GRABACIÓN Y REPRODUCCIÓN SESIONES PLENARIAS DISTRITO PUENTE VALLECAS,,7238.91,7238.91
2016,X00,Inversiones de carácter general,"EDIFICIO C/ RODRÍGUEZ ESPINOSA, 13. ADOPCIÓN MEDIDAS DE SEGURIDAD",,33536.09,33536.09
2016,X00,Inversiones de carácter general,IFS-SEDE DISTRITO PUENTE DE VALLECAS.ACONDICIONAMIENTO INTERIOR EN PLANTA BAJA Y SÓTANO,,140000.0,137857.84
2016,X00,Inversiones de carácter general,EQUIPAMIENTO SERVICIOS ADMINISTRATIVOS DISTRITO PUENTE DE VALLECAS,,19181.45,19181.45
2016,X00,Inversiones de carácter general,EDIFICIO SEDE DISTRITO PUENTE DE VALLECAS. OBRAS DE CONSERVACIÓN,,16167.38,16167.38
2016,X11,"Deportes, juventud y esparcimiento",,,2865224.63,2148937.27
2016,X11,"Deportes, juventud y esparcimiento",DEPORTIVO BÁSICO RAMÓN PÉREZ DE AYALA. OBRAS DE ACONDICIONAMIENTO,,35087.23,35087.23
2016,X11,"Deportes, juventud y esparcimiento",IFS-INSTALACIONES DEPORTIVAS PARQUE LINEAL DEL MANZANARES. MEJORA DEL CAMPO DE FUTBOL 11,,347270.0,347270.0
2016,X11,"Deportes, juventud y esparcimiento",CENTRO DEPORTIVO ENTREVÍAS. OBRAS DE CONSERVACIÓN,,27959.55,27959.55
2016,X11,"Deportes, juventud y esparcimiento",CENTRO DEPORTIVO PALOMERAS. SUBSANACIÓN PATOLOGÍAS PISCINA CUBIERTA,,319890.79,319890.79
2016,X11,"Deportes, juventud y esparcimiento",CENTRO DEPORTIVO PALOMERAS. ADOPCIÓN MEDIDAS DE SEGURIDAD,,100832.52,
2016,X11,"Deportes, juventud y esparcimiento",INSTALACIONES DEPORTIVAS PARQUE LINEAL DEL MANZANARES. MEJORA DEL CAMPO DE FUTBOL 11,,41641.73,41641.73
2016,X11,"Deportes, juventud y esparcimiento",CENTRO DEPORTIVO PALOMERAS. MATERIAL VALORACIÓN CONDICIÓN FÍSICA Y SALUD PERSONAS,,165.41,165.41
2016,X11,"Deportes, juventud y esparcimiento",CENTRO DEPORTIVO ALBERTO GARCÍA. ADECUACIÓN A ACCESIBILIDAD UNIVERSAL,,240.79,240.79
2016,X11,"Deportes, juventud y esparcimiento",CENTRO DEPORTIVO PUENTE DE VALLECAS. ADECUACIÓN A ACCESIBILIDAD UNIVERSAL,,240.79,240.79
2016,X11,"Deportes, juventud y esparcimiento",CENTRO DEPORTIVO ALBERTO GARCÍA. EQUIPOS DE COMUNICACIÓN,,1372.14,1372.14
2016,X11,"Deportes, juventud y esparcimiento",CENTRO DEPORTIVO ENTREVÍAS. EQUIPOS DE COMUNICACIÓN,,1829.52,1829.52
2016,X11,"Deportes, juventud y esparcimiento",CENTRO DEPORTIVO PALOMERAS. EQUIPOS DE COMUNICACIÓN,,1829.52,1829.52
2016,X11,"Deportes, juventud y esparcimiento",CENTRO DEPORTIVO PUENTE DE VALLECAS. EQUIPOS DE COMUNICACIÓN,,686.07,686.07
2016,X11,"Deportes, juventud y esparcimiento","CENTRO DEPORTIVO VALLECAS, C/ ARROYO DEL OLIVAR. ACONDICIONAMIENTO PISCINA",,65930.53,65930.53
2016,X11,"Deportes, juventud y esparcimiento","CENTRO DEPORTIVO PALOMERAS, C/ TRANVÍA DE ARGANDA, 4. OBRAS DE CONSERVACIÓN",,67196.86,67196.86
2016,X11,"Deportes, juventud y esparcimiento",CENTRO DEPORTIVO ALBERTO GARCÍA. OBRAS DE CONSERVACIÓN,,48029.67,48029.67
2016,X11,"Deportes, juventud y esparcimiento",CENTRO DEPORTIVO ALBERTO GARCÍA. OBRAS ADECUACIÓN PAVIMENTO,,179779.7,179779.62
2016,X11,"Deportes, juventud y esparcimiento",CENTRO DEPORTIVO PUENTE DE VALLECAS. OBRAS DE CONSERVACIÓN,,74929.76,74929.76
2016,X11,"Deportes, juventud y esparcimiento",DEPORTIVO BÁSICO CARLOS SOLÉ. ADECUACIÓN PISTAS DE PÁDEL,,102252.78,102252.78
2016,X11,"Deportes, juventud y esparcimiento",DEPORTIVO BÁSICO MIGUEL HERNÁNDEZ. OBRAS DE ACONDICIONAMIENTO,,111807.96,111807.95
2016,X11,"Deportes, juventud y esparcimiento",DEPORTIVO BÁSICO PARQUE MADRID SUR. OBRAS DE CONSERVACIÓN,,8571.4,8571.4
2016,X11,"Deportes, juventud y esparcimiento",DEPORTIVO BÁSICO SIERRA DEL VALLE. OBRAS DE REFORMA,,93737.43,93737.43
2016,X11,"Deportes, juventud y esparcimiento",DEPORTIVO BÁSICO COLONIA JESÚS DIVINO OBRERO. OBRAS DE ACONDICIONAMIENTO,,139792.21,139792.21
2016,X11,"Deportes, juventud y esparcimiento",CENTRO DEPORTIVO ALBERTO GARCÍA. REPARACIÓN PISTA DE PATINAJE,,179623.13,179618.35
2016,X11,"Deportes, juventud y esparcimiento",CENTRO DEPORTIVO PALOMERAS. REPARACIÓN PISTAS DE PÁDEL,,198068.35,198058.6
2016,X11,"Deportes, juventud y esparcimiento",DEPORTIVO BÁSICO JOSÉ DURÁN. OBRAS DE CONSERVACIÓN,,10422.63,10422.63
2016,X11,"Deportes, juventud y esparcimiento",DEPORTIVO BÁSICO PARQUE MARCHAMALO. OBRAS DE ACONDICIONAMIENTO,,27454.46,27454.46
2016,X11,"Deportes, juventud y esparcimiento",CENTRO DEPORTIVO ALBERTO GARCÍA. SUSTITUCIÓN CLIMATIZADORA,,19360.0,11616.0
2016,X11,"Deportes, juventud y esparcimiento",CENTRO DEPORTIVO PALOMERAS. REPARACIÓN PISTA OLÍMPICA DE ATLETISMO,,601879.0,
2016,X11,"Deportes, juventud y esparcimiento",CENTRO DEPORTIVO PUENTE DE VALLECAS. ADECUACIÓN SISTEMA DE CLORACIÓN,,14520.0,8712.0
2016,X11,"Deportes, juventud y esparcimiento",DEPORTIVO BÁSICO LOS ARBOLITOS. ADECUACIÓN CAMPO RUGBY,,16577.0,16577.0
2016,X11,"Deportes, juventud y esparcimiento",EQUIPAMIENTO CENTRO DEPORTIVO ALBERTO GARCÍA,,4918.4,4909.18
2016,X11,"Deportes, juventud y esparcimiento",EQUIPAMIENTO CENTRO DEPORTIVO PUENTE DE VALLECAS,,4668.4,4668.4
2016,X11,"Deportes, juventud y esparcimiento",CENTRO DEPORTIVO PUENTE DE VALLECAS. MOBILIARIO,,16658.9,16658.9
2016,X05,Educación,,,784119.15,780374.44
2016,X05,Educación,COLEGIO PÚBLICO EL MADROÑO. OBRAS DE CONSERVACIÓN,,38439.33,38439.33
2016,X05,Educación,OBRAS CONSERVACIÓN CENTROS DOCENTES DE ENSEÑANZA DISTRITO PUENTE DE VALLECAS,,1605.36,
2016,X05,Educación,COLEGIO PÚBLICO JOSÉ MARÍA DE PEREDA. OBRAS DE CONSERVACIÓN,,20532.93,20532.93
2016,X05,Educación,COLEGIO PÚBLICO LA RIOJA. OBRAS DE ACONDICIONAMIENTO,,41936.43,41052.64
2016,X05,Educación,COLEGIO PÚBLICO VIRGEN DEL CERRO. OBRAS DE CONSERVACIÓN,,2812.25,2812.25
2016,X05,Educación,COLEGIO PÚBLICO PALOMERAS BAJAS. OBRAS DE CONSERVACIÓN,,2815.89,2815.89
2016,X05,Educación,COLEGIO PÚBLICO CARLOS SAINZ TERREROS. OBRAS DE CONSERVACIÓN,,17374.09,17374.09
2016,X05,Educación,ESCUELA INFANTIL EL CASERÍO. OBRAS DE CONSERVACIÓN,,6167.87,6167.87
2016,X05,Educación,EQUIPAMIENTO ESCUELA INFANTIL LUISA FERNANDA,,675.18,
2016,X05,Educación,COLEGIO PÚBLICO SANTO DOMINGO. OBRAS DE ACONDICIONAMIENTO,,53689.49,53689.49
2016,X05,Educación,"COLEGIO PÚBLICO AGUSTINA DÍEZ, C/ VESUBIO, 5 . OBRAS DE CONSERVACIÓN",,14103.72,14103.72
2016,X05,Educación,COLEGIO PÚBLICO EDUARDO ROJO. OBRAS DE CONSERVACIÓN,,12446.82,12446.82
2016,X05,Educación,COLEGIO PÚBLICO ARAGÓN. OBRAS DE REPARACIÓN,,33859.84,33859.84
2016,X05,Educación,COLEGIO PÚBLICO CONCHA ESPINA. OBRAS DE REPARACIÓN,,26134.89,26134.89
2016,X05,Educación,COLEGIO PÚBLICO AMÓS ACERO. OBRAS DE CONSERVACIÓN,,7806.11,7696.91
2016,X05,Educación,COLEGIO PÚBLICO JAIME BALMES. OBRAS DE ACONDICIONAMIENTO,,29989.09,29989.09
2016,X05,Educación,COLEGIO PÚBLICO AGUSTINA DÍEZ. OBRAS DE REFORMA,,43871.41,43871.41
2016,X05,Educación,COLEGIO PÚBLICO PADRE MARIANA. OBRAS PAVIMENTACIÓN PISTAS DEPORTIVAS,,58712.9,58712.89
2016,X05,Educación,COLEGIO PÚBLICO FRANCISCO GINER DE LOS RÍOS. OBRAS DE ACONDICIONAMIENTO,,38869.72,38869.72
2016,X05,Educación,COLEGIO PÚBLICO DOCTOR TOLOSA LATOUR. OBRAS DE ACONDICIONAMIENTO,,65295.94,65295.94
2016,X05,Educación,COLEGIO PÚBLICO ASTURIAS. OBRAS DE ACONDICIONAMIENTO,,48122.41,48122.41
2016,X05,Educación,COLEGIO PÚBLICO JAVIER DE MIGUEL. OBRAS DE CONSERVACIÓN,,14509.12,14509.12
2016,X05,Educación,COLEGIO PÚBLICO MADRID SUR. OBRAS DE CONSERVACIÓN,,19166.11,19166.11
2016,X05,Educación,COLEGIO PÚBLICO FRAY JUNÍPERO SERRA. OBRAS DE CONSERVACIÓN,,11465.26,11465.26
2016,X05,Educación,COLEGIO PÚBLICO MANUEL NÚÑEZ ARENAS. OBRAS DE ACONDICIONAMIENTO,,55100.65,55100.65
2016,X05,Educación,COLEGIO PÚBLICO MESONERO ROMANOS. OBRAS DE ACONDICIONAMIENTO,,65204.23,65204.23
2016,X05,Educación,CENTRO DE EDUCACIÓN ESPECIAL VALLECAS. OBRAS DE ACONDICIONAMIENTO,,53412.11,52940.94
2016,X04,Salud pública,,,7352.15,7314.55
2016,X04,Salud pública,"EQUIPAMIENTO CENTRO ATENCIÓN DROGODEPENDIENTES DE VALLECAS, C/ CONCORDIA, 17",,6080.95,6080.95
2016,X04,Salud pública,EQUIPAMIENTO SERVICIOS SALUBRIDAD PÚBLICA DISTRITO PUENTE DE VALLECAS,,400.0,362.4
2016,X04,Salud pública,CENTRO ATENCIÓN DE DROGODEPENDIENTES DE VALLECAS. ADQUISICIÓN MAQUINARIA,,871.2,871.2
2017,X01,Protección Civil y seguridad ciudadana,,,783380.28,783380.28
2017,X01,Protección Civil y seguridad ciudadana,MUSEO DE LOS BOMBEROS. OBRAS DE ADECUACIÓN,,769768.32,769768.32
2017,X01,Protección Civil y seguridad ciudadana,UNIDAD INTEGRAL POLICÍA MUNICIPAL PUENTE DE VALLECAS. INSTALACIONES,,1858.02,1858.02
2017,X01,Protección Civil y seguridad ciudadana,PARQUE DE BOMBEROS Nº 8. INSTALACIONES DE CLIMATIZACIÓN,,11753.94,11753.94
2017,X12,Otros bienes públicos de carácter social,,,997.55,997.55
2017,X12,Otros bienes públicos de carácter social,EQUIPAMIENTO OFICINA ATENCIÓN AL CIUDADANO LÍNEA MADRID DISTRITO PUENTE VALLECAS,,997.55,997.55
2017,X10,Cultura,,,1037402.86,349804.09
2017,X10,Cultura,"IFS-BIBLIOTECA PÚBLICA C/PUERTO DEL MONASTERIO, 1. SUBSANACIÓN DE PATOLOGÍAS",,19370.0,9633.31
2017,X10,Cultura,BIBLIOTECA PÚBLICA POZO DEL TÍO RAIMUNDO. EQUIPOS DE COMUNICACIÓN,,669.79,503.8
2017,X10,Cultura,BIBLIOTECA PÚBLICA PORTAZGO. EQUIPOS DE COMUNICACIÓN,,669.79,503.8
2017,X10,Cultura,BIBLIOTECA PÚBLICA VALLECAS. EQUIPOS DE COMUNICACIÓN,,669.79,503.8
2017,X10,Cultura,BIBLIOTECA PÚBLICA POZO DEL TÍO RAIMUNDO. SEÑALIZACIÓN,,6192.17,6192.17
2017,X10,Cultura,"BIBLIOTECA PUENTE DE VALLECAS, C/MONTE URGULL. CONTRUCCIÓN",,99831.32,99831.32
2017,X10,Cultura,ESCUELA MUNICIPAL DE AJEDREZ PUENTE VALLECAS. MOBILIARIO Y ENSERES (ID: 4118),,12000.0,8000.0
2017,X10,Cultura,CENTRO CULTURAL ALBERTO SÁNCHEZ. CERRAMIENTO DEL PORCHE,,75000.0,72747.92
2017,X10,Cultura,AUDITORIO PARQUE ENTREVÍAS. OBRAS DE REMODELACIÓN,,168000.0,25136.04
2017,X10,Cultura,AUDITORIO EL POZO. OBRAS DE REMODELACIÓN,,140000.0,64605.87
2017,X10,Cultura,"IFS-CENTRO CULTURAL ALBERTO SÁNCHEZ. MEJORA ENVOLVENTE EDIFICIO,EFICIENCIA Y ACCESIBILIDAD",,145000.0,
2017,X10,Cultura,IFS-CENTRO CULTURAL LOPE DE VEGA.EFICIENCIA INSTALACIONES ILUMINACIÓN Y ADECUACIÓN ACCESOS,,45000.0,
2017,X10,Cultura,IFS-CENTRO CULTURAL TALLERES DE CREATIVIDAD. EFICIENCIA INSTALACIONES DE CLIMATIZACIÓN,,45000.0,29883.38
2017,X10,Cultura,IFS-BIBLIOTECA SIERRA CAMEROS. ADAPTACIÓN SALA DE ESTUDIO,,25000.0,
2017,X10,Cultura,IFS-CENTRO SOCIOCULTURAL ALBERTO SÁNCHEZ. OBRAS DE MEJORA Y ADAPTACIÓN A NORMATIVA,,25000.0,
2017,X10,Cultura,IFS-CENTRO CULTURAL EL POZO. OBRAS DE REHABILITACIÓN Y EFICIENCIA ENERGÉTICA,,200000.0,20686.77
2017,X10,Cultura,IFS-CENTRO SOCIOCULTURAL TALLERES DE CREATIVIDAD. ADECUACIÓN DE INSTALACIONES,,30000.0,11575.91
2017,X14,Sectores productivos,,,2137912.82,706694.91
2017,X14,Sectores productivos,EQUIPAMIENTO VIVERO DE EMPRESAS DE PUENTE DE VALLECAS,,1488.3,1488.3
2017,X14,Sectores productivos,"MERCADILLO PUENTE DE VALLECAS, C/BUENOS AIRES, 17. OBRAS DE ADECUACIÓN",,1109505.0,659543.65
2017,X14,Sectores productivos,IFS-VIVERO DE EMPRESAS PUENTE DE VALLECAS. INSTALACIÓN PÉRGOLA EN EL JARDÍN,,60500.0,
2017,X14,Sectores productivos,IFS-MERCADO DE NUMANCIA. OBRAS DE ADAPTACIÓN ASEO ACCESIBLE,,36000.0,18930.86
2017,X14,Sectores productivos,"EDIFICIO C/ FRANCISCO LAGUNA, 38. ADECUACIÓN PARA CENTRO PROMOCIÓN ECONOMÍA SOCIAL",,930419.52,26732.1
2017,X06,Urbanismo,,,3627327.28,513118.01
2017,X06,Urbanismo,APR 13.01 SIERRA TOLEDANA. URBANIZACIÓN,,21281.29,
2017,X06,Urbanismo,UNIDAD VECINAL 4 DE ENTREVÍAS. URBANIZACIÓN,,25747.27,
2017,X06,Urbanismo,COLONIA LA VIÑA DE ENTREVÍAS. URBANIZACIÓN,,40979.59,
2017,X06,Urbanismo,ADQUISICIÓN SUELO C/DOCTOR SÁNCHEZ Y OTRAS API 13.15,,2272.01,988.36
2017,X06,Urbanismo,ADQUISICIÓN DE SUELO SIERRA TOLEDANA  APR 13.01,,89424.8,
2017,X06,Urbanismo,"ADQUISICIÓN DE SUELO C/ ENRIQUE VELASCO, 16",,569917.97,394249.64
2017,X06,Urbanismo,"AVENIDA DE LA DEMOCRACIA, 13. OBRAS DE URBANIZACIÓN",,215702.48,
2017,X06,Urbanismo,"ADQUISICIÓN DE SUELO C/ CALERO PITA Y C/ MIGUEL ROCA, 33",,530884.82,
2017,X06,Urbanismo,"C/ MONTE URGULL, 2-4-6-8. OBRAS DE URBANIZACIÓN",,20247.93,
2017,X06,Urbanismo,ADECUACIÓN VIALES Y ACCESIBILIDAD EN DISTRITO PUENTE DE VALLECAS,,152069.12,117880.01
2017,X06,Urbanismo,PLAZA DE PUERTO RUBIO (PLAZA VIEJA) CON EL BULEVAR DE PEÑA GORBEA. CONEXIÓN,,296500.0,
2017,X06,Urbanismo,ADQUISICION DE SUELO C/ JUAN LIMÓN 9,,124800.0,
2017,X06,Urbanismo,"C/ DOCTOR SALGADO ENTRE C/ SIERRA DE MEIRA, 65 Y PICO CEJO, 51. OBRAS DE URBANIZACIÓN",,55000.0,
2017,X06,Urbanismo,IFS-CONEXIÓN PEATONAL ENTRE C/MÉNDEZ ÁLVARO Y AV.SAN DIEGO. MEJORA (ID: 1211),,200000.0,
2017,X06,Urbanismo,IFS-BULEVARD Y LA PLAZA VIEJA DE PUENTE DE VALLECAS. REMODELACIÓN  (ID: 2348),,300000.0,
2017,X06,Urbanismo,IFS-ELIMINACIÓN BARRERAS ARQUITECTÓNICAS DISTRITO DE PUENTE DE VALLECAS (ID: 5193),,686000.0,
2017,X06,Urbanismo,IFS-PLAZA PUERTO RUBIO-PEÑA GORBEA. CONEXIÓN,,296500.0,
2017,X07,Infraestructuras,,,758900.0,70466.16
2017,X07,Infraestructuras,ANILLO VERDE CICLISTA DISTRITO PUENTE DE VALLECAS. OBRAS DE REMODELACIÓN,,396900.0,
2017,X07,Infraestructuras,INFRAESTRUCTURAS LIGERAS -  ECOMOVILIDAD AL COLE . BICILLECAS (ID: 4751),,50000.0,49644.03
2017,X07,Infraestructuras,IFS-ITINERARIOS CICLISTAS DISTRITO PUENTE DE VALLECAS. MEJORA (ID: 5462),,212000.0,2793.13
2017,X07,Infraestructuras,APARCAMIENTOS SUBTERRÁNEOS EN EL DISTRITO PUENTE DE VALLECAS. CONSTRUCCIÓN,,40000.0,
2017,X07,Infraestructuras,APARCAMIENTOS PARA RESIDENTES EN EL DISTRITO PUENTE DE VALLECAS. CONSTRUCCIÓN,,40000.0,
2017,X07,Infraestructuras,"APARCAMIENTO SUBTERRÁNEO CAMINO DE VALDERRIBAS, PUENTE DE VALLECAS. CONSTRUCCIÓN",,10000.0,9014.5
2017,X07,Infraestructuras,"APARCAMIENTO PARA RESIDENTES HUMANES, PUENTE DE VALLECAS. CONSTRUCCIÓN",,10000.0,9014.5
2017,X08,Mantenimiento urbano,,,1645587.39,171983.29
2017,X08,Mantenimiento urbano,PAVIMENTACIÓN CALZADAS BARRIOS EN DISTRITO PUENTE DE VALLECAS. FASE I,,21677.55,20391.33
2017,X08,Mantenimiento urbano,PAVIMENTACIÓN ACERAS BARRIOS EN DISTRITO PUENTE DE VALLECAS. FASE I,,50499.43,44234.38
2017,X08,Mantenimiento urbano,CONEXIÓN PEATONAL PUENTE VALLECAS-PARQUE ENRIQUE TIERNO GALVÁN. MEJORA(ID: 4111),,700000.0,
2017,X08,Mantenimiento urbano,IFS-PAVIMENTACIÓN CALLES DISTRITO PUENTE DE VALLECAS. MEJORA (ID: 2970),,680000.0,3577.88
2017,X08,Mantenimiento urbano,MOBILIARIO AREA MAYORES DISTRITO PUENTE VALLECAS. INSTALACIÓN,,57998.57,57998.43
2017,X08,Mantenimiento urbano,MICRO-INSTALACIONES DEPORTIVAS EN PARQUES DISTRITO DE PUENTE DE VALLECAS (ID: 540),,17444.09,
2017,X08,Mantenimiento urbano,MOBILIARIO URBANO EN ÁREAS INFANTILES DISTRITO PUENTE DE VALLECAS,,45781.27,45781.27
2017,X08,Mantenimiento urbano,RENOVACIÓN MOBILIARIO EN ÁREAS INFANTILES DISTRITO PUENTE DE VALLECAS,,72186.48,
2017,X09,Medio ambiente,,,5047563.57,78805.4
2017,X09,Medio ambiente,IFS-PARQUE DEL CERRO DEL TÍO PÍO.OBRAS DE MEJORA EN LA RED DE RIEGO AUTOMÁTICO,,1345000.0,
2017,X09,Medio ambiente,IFS-ADECUACIÓN INSTALACIONES IMPULSIÓN DEPÓSITO AGUA REGENERADA PARQUE AZORÍN,,181700.0,11446.6
2017,X09,Medio ambiente,NUEVOS PUNTOS LIMPIOS DE PROXIMIDAD DISTRITO PUENTE DE VALLECAS. ADAPTACIÓN (ID: 4887),,24782.2,24782.2
2017,X09,Medio ambiente,INSTALACIÓN APARCABICIS PROXIMIDAD CENTROS EDUCATIVOS PUENTE VALLECAS (I.D. 3781),,4304.65,
2017,X09,Medio ambiente,INSTALACIÓN APARCABICIS EN CALZADA DISTRITO PUENTE DE VALLECAS (I.D.: 5038),,10761.62,
2017,X09,Medio ambiente,FUENTES DE AGUA POTABLE EN EL DISTRITO PUENTE DE VALLECAS. INSTALACIÓN (ID: 558),,181.06,
2017,X09,Medio ambiente,PARQUE DEL SOTO DE ENTREVÍAS. REHABILITACIÓN,,21126.6,21126.6
2017,X09,Medio ambiente,IFS-PARQUE DEL SOTO DE ENTREVÍAS. REHABILITACIÓN,,982477.44,
2017,X09,Medio ambiente,IFS-JARDINES DEL CAMPO DEL TORO. REMODELACIÓN,,975780.0,
2017,X09,Medio ambiente,IFS-JARDINES DEL CAMPO DE LA PALOMA. REMODELACIÓN,,1480000.0,
2017,X09,Medio ambiente,ZONA VERDE PZA. PADRE LLANOS EN POZO TÍO RAIMUNDO. ORDENACIÓN DE USOS,,20900.0,20900.0
2017,X09,Medio ambiente,PARQUES CANINOS DISTRITO PUENTE DE VALLECAS. ADAPTACIÓN Y ACONDICIONAMIENTO (ID: 3305),,550.0,550.0
2017,X03,Protección y promoción social,,,1238733.84,134165.72
2017,X03,Protección y promoción social,"CENTRO DE SERVICIOS SOCIALES ENTREVIAS, C/ YUSTE, 8. AMPLIACIÓN",,69198.84,
2017,X03,Protección y promoción social,CENTRO INTEGRADO DE ALZHEIMER Y SERVICIOS SOCIALES C/ RÍO ESMERALDA. CONSTRUCCIÓN,,135679.0,
2017,X03,Protección y promoción social,CENTRO SERVICIOS SOCIALES SAN DIEGO. REORDENACIÓN DE ESPACIOS,,205000.0,9380.84
2017,X03,Protección y promoción social,IFS-SAMUR SOCIAL RAFAEL ALBERTI. OBRAS DE ADAPTACIÓN A NORMATIVA ELÉCTRICA,,75000.0,
2017,X03,Protección y promoción social,"IFS-CENTRO DE APOYO A LAS FAMILIAS C/CONDE RODRÍGUEZ SAN PEDRO, 59. SUBSANACIÓN PATOLOGÍA DE GRIETAS",,33856.0,
2017,X03,Protección y promoción social,ESPACIO DE IGUALDAD DISTRITO PUENTE DE VALLECAS. MÁQUINAS FOTOGRÁFICAS,,700.0,598.95
2017,X03,Protección y promoción social,EQUIPAMIENTO ESPACIO PARA COLECTIVOS MUJERES Y GÉNERO PUENTE VALLECAS (ID: 4994),,11300.0,10877.17
2017,X03,Protección y promoción social,"LOCALES C/ MONTES PIRINEOS, 3. ADECUACIÓN PARA AULAS TALLERES",,95000.0,
2017,X03,Protección y promoción social,IFS-CENTRO DE MAYORES CASA DEL BULEVAR. EFICIENCIA INSTALACIONES CALEFACCIÓN Y CLIMATIZACIÓN,,150000.0,113308.76
2017,X03,Protección y promoción social,IFS-CENTRO DE MAYORES ENTREVÍAS. ADAPTACIÓN A NORMATIVA DE ACCESIBILIDAD Y TECNOLOGÍA LED,,75000.0,
2017,X03,Protección y promoción social,IFS-CENTRO DE MAYORES PABLO NERUDA. OBRAS DE ADAPTACIÓN A NORMATIVA DE ACCESIBILIDAD,,40000.0,
2017,X03,Protección y promoción social,IFS-CENTRO DE MAYORES ALTO DEL ARENAL.EFICIENCIA ENERGÉTICA INSTALACIONES DE CLIMATIZACIÓN,,30000.0,
2017,X03,Protección y promoción social,IFS-CENTRO DE MAYORES NAVACERRADA. OBRAS DE EFICIENCIA ENERGÉTICA EN ASEOS Y VESTUARIOS,,30000.0,
2017,X03,Protección y promoción social,IFS-CENTRO DE MAYORES FÁTIMA DE MADRID. EFICIENCIA INSTALACIONES AGUA CALIENTE SANITARIA,,50000.0,
2017,X03,Protección y promoción social,IFS-CENTRO DE MAYORES PABLO NERUDA. ADECUACIÓN ITINERARIOS DE EMERGENCIA E ILUMINACIÓN,,8000.0,
2017,X03,Protección y promoción social,IFS-CENTRO DE SERVICIOS SOCIALES RAMÓN PÉREZ AYALA. REORDENACIÓN DE ESPACIOS,,95000.0,
2017,X03,Protección y promoción social,IFS-CENTRO DE MAYORES ALTO DEL ARENAL. SUSTITUCIÓN FALSO TECHO. EFICIENCIA Y SOSTENIBILIDAD,,15000.0,
2017,X03,Protección y promoción social,IFS-CENTRO DE MAYORES PUERTO DE NAVACERRADA. ADECUACIÓN INSTALACIONES PARA PLACAS SOLARES,,120000.0,
2017,X00,Inversiones de carácter general,,,836819.77,4819.77
2017,X00,Inversiones de carácter general,OBRAS DE CONSERVACIÓN EDIFICIOS DISTRITO DE PUENTE DE VALLECAS,,630000.0,
2017,X00,Inversiones de carácter general,SISTEMA INTEGRAL GRABACIÓN Y REPRODUCCIÓN SESIONES PLENARIAS DISTRITO PUENTE VALLECAS,,4819.77,4819.77
2017,X00,Inversiones de carácter general,OBRAS DE REPARACIONES URGENTES EN EDIFICIOS DISTRITO PUENTE DE VALLECAS,,22000.0,
2017,X00,Inversiones de carácter general,"IFS-EDIFICIO JUNTA MUNICIPAL PUENTE DE VALLECAS. SEGURIDAD, INSTALACIONES Y ACONDICIONAMIENTO",,180000.0,
2017,X11,"Deportes, juventud y esparcimiento",,,12050187.76,3867182.23
2017,X11,"Deportes, juventud y esparcimiento",EQUIPAMIENTO CENTRO DEPORTIVO PALOMERAS,,1900.0,1702.8
2017,X11,"Deportes, juventud y esparcimiento",EQUIPAMIENTO CENTRO DEPORTIVO ENTREVÍAS,,1900.0,1702.8
2017,X11,"Deportes, juventud y esparcimiento",CENTRO DEPORTIVO PUENTE DE VALLECAS. SEÑALIZACIÓN,,1173.7,1173.7
2017,X11,"Deportes, juventud y esparcimiento",OBRAS DE CONSERVACIÓN INSTALACIONES DEPORTIVAS DISTRITO DE PUENTE DE VALLECAS,,150083.56,
2017,X11,"Deportes, juventud y esparcimiento",CENTRO DEPORTIVO PALOMERAS. SUBSANACIÓN PATOLOGÍAS PISCINA CUBIERTA,,31740.33,31740.33
2017,X11,"Deportes, juventud y esparcimiento",CENTRO DEPORTIVO PALOMERAS. ADOPCIÓN MEDIDAS DE SEGURIDAD,,100832.52,
2017,X11,"Deportes, juventud y esparcimiento",CENTRO DEPORTIVO ALBERTO GARCÍA. SUSTITUCIÓN CLIMATIZADORA,,7744.0,7744.0
2017,X11,"Deportes, juventud y esparcimiento",CENTRO DEPORTIVO PALOMERAS. REPARACIÓN PISTA OLÍMPICA DE ATLETISMO,,599976.35,387535.47
2017,X11,"Deportes, juventud y esparcimiento",CENTRO DEPORTIVO PUENTE DE VALLECAS. ADECUACIÓN SISTEMA DE CLORACIÓN,,958187.44,728473.52
2017,X11,"Deportes, juventud y esparcimiento",EQUIPAMIENTO CENTRO DEPORTIVO ALBERTO GARCÍA,,1900.0,1702.8
2017,X11,"Deportes, juventud y esparcimiento",EQUIPAMIENTO CENTRO DEPORTIVO PUENTE DE VALLECAS,,1900.0,1702.77
2017,X11,"Deportes, juventud y esparcimiento","CENTRO JUVENIL CALLE SIERRA CARBONARA, 32 A. DISTRITO PUENTE DE VALLECAS. SEÑALIZACIÓN",,266.2,266.2
2017,X11,"Deportes, juventud y esparcimiento",CENTRO DEPORTIVO MUNICIPAL PALOMERAS. SUBSANACIÓN DE PATOLOGÍAS,,361.67,361.67
2017,X11,"Deportes, juventud y esparcimiento","DEPORTIVO BÁSICO PALOMERAS BAJAS,  C/PUERTO BARBARÁN. REFORMA CAMPO DE FÚTBOL",,699.04,699.04
2017,X11,"Deportes, juventud y esparcimiento","IFS-CENTRO DEPORTIVO ALBERTO GARCÍA C/REGUERA DE TOMATEROS, 39 B.OBRAS DE ACCESIBILIDAD",,80000.0,
2017,X11,"Deportes, juventud y esparcimiento","IFS-CENTRO DEPORTIVO ENTREVÍAS, RONDA SUR, 4. OBRAS DE ACCESIBILIDAD",,160000.0,
2017,X11,"Deportes, juventud y esparcimiento",IFS-CENTRO DEPORTIVO PALOMERAS. REPARACIÓN FACHADAS DE LA PISCINA CUBIERTA,,340000.0,
2017,X11,"Deportes, juventud y esparcimiento",IFS-CENTRO DEPORTIVO MUNICIPAL PALOMERAS. SUBSANACIÓN DE PATOLOGÍAS,,362160.0,
2017,X11,"Deportes, juventud y esparcimiento",IFS-CENTRO DEPORTIVO ALBERTO GARCÍA. SUBSANACIÓN PATOLOGÍA DE GRIETAS,,18314.0,9877.24
2017,X11,"Deportes, juventud y esparcimiento","IFS-DEPORTIVO BÁSICO PALOMERAS BAJAS,  C/PUERTO BARBARÁN. REFORMA CAMPO DE FÚTBOL",,700000.0,
2017,X11,"Deportes, juventud y esparcimiento","IFS-CENTRO DEPORTIVO ENTREVÍAS EN C/ RONDA DEL SUR, 4. REFORMAS EN VASOS DE PISCINAS Y VESTUARIOS",,1970920.0,29491.1
2017,X11,"Deportes, juventud y esparcimiento",CAMPO FÚTBOL EL POZO DISTRITO PUENTE DE VALLECAS. CÉSPED ARTIFICIAL,,350000.0,344816.92
2017,X11,"Deportes, juventud y esparcimiento",PISTAS DEPORTIVAS C/PUERTO BALBARÁN. INSTALACIÓN DE ASEOS PÚBLICOS,,70000.0,47800.2
2017,X11,"Deportes, juventud y esparcimiento",DEPORTIVO BÁSICO CAMPO AZUL. CONSTRUCCIÓN,,122000.0,91568.35
2017,X11,"Deportes, juventud y esparcimiento",DEPORTIVO BÁSICO LOS ARBOLITOS. ADECUACIÓN VESTUARIO,,120000.0,
2017,X11,"Deportes, juventud y esparcimiento",CENTRO DEPORTIVO PALOMERAS.OBRAS EN TECHADO PISTA TENIS 2,,145000.0,139564.91
2017,X11,"Deportes, juventud y esparcimiento",CENTROS DEPORTIVOS DISTRITO PUENTE DE VALLECAS. ADECUACIÓN CLIMATIZADORAS,,80212.53,
2017,X11,"Deportes, juventud y esparcimiento",CENTRO DEPORTIVO ALBERTO GARCÍA. ADECUACIÓN CLIMATIZADORAS,,171634.95,171634.95
2017,X11,"Deportes, juventud y esparcimiento",CENTRO DEPORTIVO PALOMERAS. ADECUACIÓN CLIMATIZADORAS,,227698.68,227698.68
2017,X11,"Deportes, juventud y esparcimiento",CENTRO DEPORTIVO ENTREVÍAS. ADECUACIÓN CLIMATIZADORAS,,140453.84,140453.84
2017,X11,"Deportes, juventud y esparcimiento",CENTRO DEPORTIVO PALOMERAS. REPARACION PISTA OLÍMPICA DE ATLETISMO,,23.65,
2017,X11,"Deportes, juventud y esparcimiento",DEPORTIVO BÁSICO LOS ARBOLITOS. ADECUACIÓN CAMPO DE RUGBY,,319.51,
2017,X11,"Deportes, juventud y esparcimiento",DEPORTIVO BÁSICO COLONIA SIERRA DEL VALLE. OBRAS DE REPARACIONES URGENTES,,568.3,
2017,X11,"Deportes, juventud y esparcimiento",DEPORTIVO BÁSICO SAN ANSELMO. OBRAS DE REPARACIONES URGENTES,,747.7,
2017,X11,"Deportes, juventud y esparcimiento",DEPORTIVO BÁSICO PUERTO CORLITE. OBRAS DE REPARACIONES URGENTES,,4932.21,
2017,X11,"Deportes, juventud y esparcimiento",DEPORTIVO BÁSICO EL BOSCO. OBRAS DE REPARACIONES URGENTES,,364.1,
2017,X11,"Deportes, juventud y esparcimiento",DEPORTIVO BÁSICO FRANCISCO LAGUNA. OBRAS DE REPARACIONES URGENTES,,6329.36,
2017,X11,"Deportes, juventud y esparcimiento",DEPORTIVO BÁSICO ANDÉVALO. OBRAS DE REPARACIONES URGENTES,,1395.0,
2017,X11,"Deportes, juventud y esparcimiento",DEPORTIVO BÁSICO COLONIA DE LOS TAXISTAS. OBRAS DE REPARACIONES URGENTES,,8472.98,
2017,X11,"Deportes, juventud y esparcimiento",DEPORTIVO BÁSICO IMAGEN. OBRAS DE REPARACIONES URGENTES,,15879.29,
2017,X11,"Deportes, juventud y esparcimiento",DEPORTIVO BÁSICO PARQUE DE LA VIÑA. OBRAS DE REPARACIONES URGENTES,,10403.51,
2017,X11,"Deportes, juventud y esparcimiento",DEPORTIVO BÁSICO RAMÓN PÉREZ DE AYALA. OBRAS DE REPARACIONES URGENTES,,1353.69,
2017,X11,"Deportes, juventud y esparcimiento",DEPORTIVO BÁSICO NOVECENTO. OBRAS DE REPARACIONES URGENTES,,2679.59,
2017,X11,"Deportes, juventud y esparcimiento",DEPORTIVO BÁSICO COLEGIO PÚBLICO ARAGÓN. OBRAS DE REPARACIONES URGENTES,,10669.95,
2017,X11,"Deportes, juventud y esparcimiento",DEPORTIVO BÁSICO PARQUE LUIS BUÑUEL. OBRAS DE REPARACIONES URGENTES,,7399.71,
2017,X11,"Deportes, juventud y esparcimiento",DEPORTIVO BÁSICO PARQUE MARCHAMALO. OBRAS DE REPARACIONES URGENTES,,3524.09,
2017,X11,"Deportes, juventud y esparcimiento",DEPORTIVO BÁSICO PUERTO COSTABONA. OBRAS DE REPARACIONES URGENTES,,7679.43,
2017,X11,"Deportes, juventud y esparcimiento",DEPORTIVO BÁSICO SIERRA DEL VALLE. OBRAS DE REPARACIONES URGENTES,,499.92,
2017,X11,"Deportes, juventud y esparcimiento",DEPORTIVO BÁSICO YESERO. OBRAS DE REPARACIONES URGENTES,,3229.66,
2017,X11,"Deportes, juventud y esparcimiento",CENTRO DEPORTIVO PALOMERAS. TECHADO PISTAS,,390000.0,344999.73
2017,X11,"Deportes, juventud y esparcimiento",CENTRO DEPORTIVO PALOMERAS. CERRAMIENTO PISTAS BALONMANO Y BALONCESTO,,247374.0,221066.61
2017,X11,"Deportes, juventud y esparcimiento",CENTRO DEPORTIVO PALOMERAS. PAVIMENTACIÓN PISTAS BALONMANO Y BALONCESTO,,206000.0,177381.16
2017,X11,"Deportes, juventud y esparcimiento","DEPORTIVO BÁSICO C/ HERMANOS TRUEBA, 30. OBRAS DE REPARACIÓN",,160000.0,145543.04
2017,X11,"Deportes, juventud y esparcimiento",DEPORTIVO BÁSICO C/ HUMANES. TECHADO PISTA,,227781.0,226704.84
2017,X11,"Deportes, juventud y esparcimiento",CENTRO DEPORTIVO PALOMERAS. CERRAMIENTO CAMPOS DE FÚTBOL,,76626.0,51190.55
2017,X11,"Deportes, juventud y esparcimiento",CENTRO DEPORTIVO PALOMERAS. PAVIMENTACIÓN CAMPOS DE FÚTBOL,,100000.0,83801.66
2017,X11,"Deportes, juventud y esparcimiento",CENTRO DEPORTIVO ENTREVÍAS. OBRAS DE TECHADO EN LAS PISTAS DEPORTIVAS,,234000.0,233679.9
2017,X11,"Deportes, juventud y esparcimiento",CENTROS DEPORTIVOS DISTRITO PUENTE DE VALLECAS. ÚTILES Y HERRAMIENTAS,,7003.16,
2017,X11,"Deportes, juventud y esparcimiento",CENTRO DEPORTIVO ALBERTO GARCÍA. ÚTILES Y HERRAMIENTAS,,2749.43,2749.43
2017,X11,"Deportes, juventud y esparcimiento",CENTRO DEPORTIVO ENTREVÍAS. ÚTILIES Y HERRAMIENTAS,,3039.41,3039.41
2017,X11,"Deportes, juventud y esparcimiento",CENTRO DEPORTIVO PALOMERAS. ÚTILES Y HERRAMIENTAS,,4458.57,4458.57
2017,X11,"Deportes, juventud y esparcimiento",CENTRO DEPORTIVO PUENTE DE VALLECAS. ÚTILES Y HERRAMIENTAS,,2749.43,2749.43
2017,X11,"Deportes, juventud y esparcimiento",CENTROS DEPORTIVOS DISTRITO PUENTE DE VALLECAS. SEÑALIZACIÓN,,1719.69,
2017,X11,"Deportes, juventud y esparcimiento",CENTRO DEPORTIVO ALBERTO GARCÍA. SEÑALIZACIÓN,,1101.1,1101.1
2017,X11,"Deportes, juventud y esparcimiento",CENTRO DEPORTIVO ENTREVÍAS. SEÑALIZACIÓN,,411.4,411.4
2017,X11,"Deportes, juventud y esparcimiento",CENTRO DEPORTIVO PALOMERAS. SEÑALIZACIÓN,,594.11,594.11
2017,X11,"Deportes, juventud y esparcimiento",IFS-CENTRO DEPORTIVO ALBERTO GARCIA. TECNOLOGÍA LED Y ADAPTACIÓN VESTUARIOS,,250000.0,
2017,X11,"Deportes, juventud y esparcimiento",IFS-CENTRO DEPORTIVO  ALBERTO GARCIA. ADECUACIÓN CERRAMIENTO PISCINA CLIMATIZADA,,130000.0,
2017,X11,"Deportes, juventud y esparcimiento",IFS-CENTRO DEPORTIVO PALOMERAS. EFICIENCIA INSTALACIONES AGUA CALIENTE SANITARIA Y CALDERA,,220000.0,
2017,X11,"Deportes, juventud y esparcimiento",IFS-CENTRO DEPORTIVO PALOMERAS. MEJORA CERRAMIENTOS Y CUBIERTAS,,343000.0,
2017,X11,"Deportes, juventud y esparcimiento",IFS-DEPORTIVO PALOMERAS. EFICIENCIA CLIMATIZACIÓN PABELLÓN EDIFICIO VESTUARIOS PISCINAS,,125000.0,
2017,X11,"Deportes, juventud y esparcimiento",IFS-DEPORTIVO PALOMERAS. EFICIENCIA ENERGÉTICA INSTALACIONES ILUMINACIÓN PISTAS EXTERIORES,,250000.0,
2017,X11,"Deportes, juventud y esparcimiento",IFS-CENTRO DEPORTIVO ENTREVIAS. MEJORA DE LA ENVOLVENTE DEL EDIFICIO,,220000.0,
2017,X11,"Deportes, juventud y esparcimiento",IFS-CENTRO DEPORTIVO PALOMERAS.CUBIERTA PISTA DE TENIS,,180000.0,
2017,X11,"Deportes, juventud y esparcimiento",IFS-CENTRO DEPORTIVO ENTREVIAS. ADAPTACIÓN DOS PISTAS DE PÁDEL,,100000.0,
2017,X11,"Deportes, juventud y esparcimiento",IFS-CENTRO DEPORTIVO ALBERTO GARCIA. ADECUACIÓN INSTALACIONES Y ACCESIBILIDAD,,140000.0,
2017,X11,"Deportes, juventud y esparcimiento",IFS-CENTRO DEPORTIVO ENTREVÍAS. ADECUACIÓN INSTALACIONES,,13000.0,
2017,X11,"Deportes, juventud y esparcimiento",IFS-CENTRO DEPORTIVO PALOMERAS. OBRAS DE ACCESIBILIDAD,,142500.0,
2017,X11,"Deportes, juventud y esparcimiento",IFS-CENTRO DEPORTIVO PALOMERAS. REFORMAS EN CAFETERÍAS Y BOTIQÍN,,250000.0,
2017,X11,"Deportes, juventud y esparcimiento",IFS-CENTRO DEPORTIVO PUENTE DE VALLECAS. REFORMA QUIOSCO Y PISCINA DE VERANO,,87500.0,
2017,X11,"Deportes, juventud y esparcimiento",IFS-CENTRO DEPORTIVO PUENTE DE VALLECAS. ADECUACIÓN A NORMATIVA VASO PISCINA DE VERANO,,345000.0,
2017,X11,"Deportes, juventud y esparcimiento",IFS-CENTRO DEPORTIVO PUENTE DE VALLECAS. ADECUACIÓN ESCALERA METÁLICA Y RECORRIDOS ACCESIBLES,,100000.0,
2017,X11,"Deportes, juventud y esparcimiento",IFS-DEPORTIVO BÁSICO C/PUERTO MONASTERIO. ADECUACIÓN PISTAS Y CERRAMIENTO,,140050.0,
2017,X11,"Deportes, juventud y esparcimiento",IFS-DEPORTIVO BÁSICO JOSÉ DURÁN. INSTALACIÓN CÉSPED ARTIFICIAL EN CAMPO DE FÚTBOL 11,,345000.0,
2017,X05,Educación,,,2990675.18,1444246.8
2017,X05,Educación,OBRAS CONSERVACIÓN CENTROS DOCENTES DE ENSEÑANZA DISTRITO PUENTE DE VALLECAS,,950000.0,
2017,X05,Educación,ESCUELA INFANTIL LUISA FERNANDA. OBRAS DE CONSERVACIÓN,,17600.0,17599.6
2017,X05,Educación,EQUIPAMIENTO ESCUELA INFANTIL LUISA FERNANDA,,675.18,675.18
2017,X05,Educación,COLEGIO PÚBLICO JAIME BALMES. OBRAS DE ACONDICIONAMIENTO,,9163.66,9163.66
2017,X05,Educación,COLEGIO PÚBLICO FRANCISCO GINER DE LOS RÍOS. OBRAS DE ACONDICIONAMIENTO,,12173.29,12173.29
2017,X05,Educación,COLEGIO PÚBLICO AGUSTINA DÍEZ. ADECUACIÓN SOLADOS AULAS,,8249.0,8248.74
2017,X05,Educación,COLEGIO PÚBLICO ASTURIAS. SUBSANACIÓN DEFICIENCIAS INSTALACIÓN ELÉCTRICA,,24147.15,24147.15
2017,X05,Educación,COLEGIO PÚBLICO FRAY JUNÍPERO SERRA. ADECUACIÓN DE SOLADOS AULAS,,20000.0,19876.37
2017,X05,Educación,COLEGIO PÚBLICO LA RIOJA. ACOMETIDAS DE AGUA PARA PROTECCIÓN INCENDIOS Y OTRAS,,68300.0,68292.97
2017,X05,Educación,COLEGIO PÚBLICO MESONERO ROMANOS. OBRAS ACCESIBILIDAD PATIO Y REPARACIÓN PAVIMENTO,,7168.11,7168.11
2017,X05,Educación,COLEGIO PÚBLICO SAN PABLO. ACOMETIDA AGUA PARA INSTALACIÓN PROTECCIÓN INCENDIOS,,1034.84,1034.84
2017,X05,Educación,COLEGIO PÚBLICO FRANCISCO RUANO. OBRAS DE MEJORA,,19800.0,19739.81
2017,X05,Educación,COLEGIO PÚBLICO JAVIER DE MIGUEL. OBRAS DE ACONDICIONAMIENTO,,22801.83,22801.83
2017,X05,Educación,COLEGIO PÚBLICO PADRE MARIANA. OBRAS DE ACONDICIONAMIENTO,,41773.7,41773.7
2017,X05,Educación,COLEGIO PÚBLICO PALOMERAS BAJAS. OBRAS DE ACONDICIONAMIENTO,,35129.76,9254.43
2017,X05,Educación,"COLEGIO PÚBLICO VIRGEN DEL CERRO. PISTAS DEPORTIVAS, DEFICIENCIAS ELÉCTRICAS Y OTRAS",,93266.0,93265.9
2017,X05,Educación,COLEGIO PÚBLICO MESONERO ROMANOS. ADECUACIÓN FALSO TECHO Y LUMINARIAS,,50000.0,49905.85
2017,X05,Educación,COLEGIO PÚBLICO DOCTOR TOLOSA LATOUR. PAVIMENTACIÓN PISTAS DEPORTIVAS,,41058.0,41057.65
2017,X05,Educación,COLEGIO PÚBLICO ARAGÓN. ADECUACIÓN PISTAS DEPORTIVAS Y OTRAS,,35304.0,35303.95
2017,X05,Educación,COLEGIO PÚBLICO ASTURIAS. PAVIMENTACIÓN PISTAS DEPORTIVAS,,43465.0,43464.81
2017,X05,Educación,CENTRO DE EDUCACION ESPECIAL PUENTE DE VALLECAS. ACOMETIDA DE GAS PARA COCINA,,39000.0,
2017,X05,Educación,COLEGIO PÚBLICO EDUARDO ROJO. ACONDICIONAMIENTO PATIO,,19200.0,19145.77
2017,X05,Educación,COLEGIO PÚBLICO MIGUEL SIUROT. OBRAS DE ACONDICIONAMIENTO,,75649.1,75649.1
2017,X05,Educación,COLEGIO PÚBLICO MADRID SUR. OBRAS DE CERRAJERÍA Y ACONDICIONAMIENTO PUNTUAL,,33900.0,33773.4
2017,X05,Educación,COLEGIO PÚBLICO MANUEL NÚÑEZ ARENAS. OBRAS DE CERRAJERÍA Y ACONDICIONAMIENTO PUNTUAL,,60000.0,59754.95
2017,X05,Educación,COLEGIO PÚBLICO CONCHA ESPINA. OBRAS DE ADECUACIÓN DE LA CASETA DEL CONSERJE,,34840.0,34839.35
2017,X05,Educación,COLEGIO PÚBLICO CARLOS SÁINZ TERREROS. ADECUACIÓN PERSIANAS Y LÍNEAS DE VIDA,,50000.0,49986.99
2017,X05,Educación,COLEGIO PÚBLICO MESONERO ROMANOS. ADECUACIÓN CALDERA,,89976.56,71653.28
2017,X05,Educación,"EDIFICIO C/ CONCORDIA, 15. ADAPTACIÓN PARA ESCUELA DE MÚSICA",,50000.0,
2017,X05,Educación,IFS-COLEGIO PÚBLICO AMÓS ACERO. MEJORA ENVOLVENTE DE LA FACHADA,,10000.0,9901.13
2017,X05,Educación,IFS-COLEGIO PÚBLICO ARAGÓN. OBRAS DE ADECUACIÓN Y ACCESIBILIDAD EN ZONA INFANTIL.,,167000.0,
2017,X05,Educación,IFS-CENTRO DE  EDUCACIÓN ESPECIAL PUENTE DE VALLECAS. SUSTITUCIÓN CALDERAS,,80000.0,79821.59
2017,X05,Educación,IFS-COLEGIO PÚBLICO CONCHA ESPINA. MEJORAS ENVOLVENTE FACHADA Y EFICIENCIA ENERGÉTICA,,195000.0,192851.74
2017,X05,Educación,IFS-COLEGIO PÚBLICO EL MADROÑO. CARPINTERÍA INTERIOR DE PATIO,,55000.0,35049.27
2017,X05,Educación,IFS-COLEGIO PÚBLICO FRANCISCO GINER DE LOS RIOS. ADECUACIÓN INSTALACIONES DE ILUMINACIÓN,,70000.0,69995.35
2017,X05,Educación,IFS-COLEGIO PÚBLICO FRANCISCO RUANO. ADECUACIÓN CALDERA Y PISTAS DEPORTIVAS,,90000.0,
2017,X05,Educación,IFS-COLEGIO PÚBLICO FRAY JUNÍPERO. EFICIENCIA ENERGÉTICA EN INSTALACIONES Y ACCESIBILIDAD,,90000.0,56898.91
2017,X05,Educación,IFS-COLEGIO PÚBLICO JAIME BALMES. MEJORA DE LA ENVOLVENTE DE LA FACHADA,,25000.0,10720.75
2017,X05,Educación,IFS-COLEGIO PÚBLICO JAVIER DE MIGUEL. MEJORA ENVOLVENTE DE LA FACHADA ZONA CONSERJERIA,,42000.0,30064.76
2017,X05,Educación,IFS-COLEGIO PÚBLICO LA RIOJA. MEJORA ENVOLVENTE DE LA FACHADA,,20000.0,19379.29
2017,X05,Educación,IFS-COLEGIO PÚBLICO MESONEROS ROMANOS. MEJORA ENVOLVENTE DE LA FACHADA,,70000.0,
2017,X05,Educación,IFS-COLEGIO PÚBLICO SAN PABLO. MEJORA DE LA ENVOLVENTE DE LA FACHADA,,20000.0,9150.33
2017,X05,Educación,IFS-COLEGIO PÚBLICO SANTO DOMINGO. INSTALACIÓN ELÉCTRICA Y VENTILACIÓN ACCESO ANFITEATRO,,8000.0,4125.74
2017,X05,Educación,IFS-COLEGIO PÚBLICO  VIRGEN DEL CERRO. OBRAS DE ACCESIBILIDAD EN EXTERIORES,,25000.0,8214.74
2017,X05,Educación,IFS-COLEGIO PÚBLICO ASTURIAS. MEJORA ENVOLVENTE DE LA FACHADA,,10000.0,9462.97
2017,X05,Educación,IFS-CENTRO DE EDUCACION ESPECIAL PUENTE DE VALLECAS. ACOMETIDA DE GAS PARA COCINA,,60000.0,38859.55
2017,X04,Salud pública,,,2320.62,2229.87
2017,X04,Salud pública,SERVICIOS DE SALUBRIDAD DISTRITO PUENTE DE VALLECAS. ÚTILES Y HERRAMIENTAS,,600.0,509.25
2017,X04,Salud pública,"CENTRO DE ATENCIÓN DROGODEPENDIENTES DE VALLECAS, C/ CONCORDIA,17. MAQUINARIA",,813.12,813.12
2017,X04,Salud pública,"EQUIPAMIENTO CENTRO DE ATENCIÓN DROGODEPENDIENTES DE VALLECAS, C/CONCORDIA,17",,907.5,907.5
2017,X02,"Tráfico, estacionamiento y transporte público",,,10700.0,10348.34
2017,X02,"Tráfico, estacionamiento y transporte público",SEMÁFORO FRENTE AL CENTRO DE REHABILITACIÓN DEL LESIONADO MEDULAR. INSTALACIÓN,,10700.0,10348.34
2018,X01,Protección Civil y seguridad ciudadana,,,2555411.46,653827.82
2018,X01,Protección Civil y seguridad ciudadana,UNIDAD INTEGRAL POLICÍA MUNICIPAL PUENTE DE VALLECAS. ADECUACIÓN DE MARQUESINA,,15685.54,15138.23
2018,X01,Protección Civil y seguridad ciudadana,BASE 18 SAMUR. INSTALACIÓN LÍNEAS DE VIDA,,3157.12,3157.12
2018,X01,Protección Civil y seguridad ciudadana,"PARQUE DE BOMBEROS Nº 8, C/ PIO FELIPE, 24. OTRO MOBILIARIO Y ENSERES",,47.8,47.8
2018,X01,Protección Civil y seguridad ciudadana,"IFS-PARQUE DE BOMBEROS Nº 8, PUENTE DE VALLECAS. OBRA DE REHABILITACIÓN INTEGRAL",,1900000.0,31596.9
2018,X01,Protección Civil y seguridad ciudadana,IFS-UNIDAD INTEGRAL POLICÍA MUNICIPAL PUENTE DE VALLECAS. OBRAS DE REFORMA EN PLANTA BAJA,,636521.0,603887.77
2018,X10,Cultura,,,1505777.58,800195.73
2018,X10,Cultura,"IFS-BIBLIOTECA PÚBLICA C/PUERTO DEL MONASTERIO, 1. SUBSANACIÓN DE PATOLOGÍAS",,9736.69,8572.1
2018,X10,Cultura,BIBLIOTECA PÚBLICA POZO DEL TÍO RAIMUNDO. EQUIPOS DE COMUNICACIÓN,,165.99,165.99
2018,X10,Cultura,BIBLIOTECA PÚBLICA PORTAZGO. EQUIPOS DE COMUNICACIÓN,,165.99,165.99
2018,X10,Cultura,BIBLIOTECA PÚBLICA VALLECAS. EQUIPOS DE COMUNICACIÓN,,165.99,165.99
2018,X10,Cultura,AUDITORIO PARQUE ENTREVÍAS. OBRAS DE REMODELACIÓN,,72837.0,72836.85
2018,X10,Cultura,"IFS-CENTRO CULTURAL ALBERTO SÁNCHEZ. MEJORA ENVOLVENTE EDIFICIO,EFICIENCIA Y ACCESIBILIDAD",,144609.87,144609.82
2018,X10,Cultura,IFS-CENTRO CULTURAL LOPE DE VEGA.EFICIENCIA INSTALACIONES ILUMINACIÓN Y ADECUACIÓN ACCESOS,,41246.2,41246.2
2018,X10,Cultura,IFS-BIBLIOTECA SIERRA CAMEROS. ADAPTACIÓN SALA DE ESTUDIO,,24662.06,24662.06
2018,X10,Cultura,IFS-CENTRO SOCIOCULTURAL ALBERTO SÁNCHEZ. OBRAS DE MEJORA Y ADAPTACIÓN A NORMATIVA,,24682.69,24361.07
2018,X10,Cultura,IFS-CENTRO CULTURAL EL POZO. OBRAS DE REHABILITACIÓN Y EFICIENCIA ENERGÉTICA,,160705.1,160674.89
2018,X10,Cultura,IFS-CENTRO CULTURAL LOPE DE VEGA. ADECUACIÓN ESPACIOS PARA CULTIVOS URBANOS Y CENTRO DE TALLERES,,200000.0,
2018,X10,Cultura,"IFS-CENTRO CULTURAL LOPE DE VEGA. ADECUACIÓN SALA DE EXPOSICIONES,ESCENARIO Y MEJORA CALDERAS",,345000.0,261248.97
2018,X10,Cultura,IFS-CENTRO CULTURAL LOPE DE VEGA. INSTALACIÓN DE LÍNEA DE VIDA,,16800.0,16628.76
2018,X10,Cultura,"IFS-CENTRO CULTURAL ALBERTO SÁNCHEZ. ACCESIBILIDAD, ADECUACIÓN CARPINERÍA Y PAVIMENTACIÓN",,90000.0,
2018,X10,Cultura,"IFS-CENTRO CULTURAL EL POZO. MEJORA INSTALACIONES, REPARACIÓN CUBIERTA Y ADAPTACIÓN BAÑOS",,200000.0,
2018,X10,Cultura,"IFS-CENTRO CULTURAL TALLERES DE CREATIVIDAD.ADAPTACIÓN ASCENSOR A NORMATIVA,ASEO ACCESIBLE Y OTRAS",,70000.0,
2018,X10,Cultura,IFS-AUDITORIO ENTREVÍAS. REFORMA DE ESCENARIO,,45000.0,44857.04
2018,X10,Cultura,"IFS-AUDITORIO EL POZO. REFORMA ESCENARIO, VESTUARIOS Y CERRAMIENTO",,60000.0,
2018,X14,Sectores productivos,,,1479822.53,179626.04
2018,X14,Sectores productivos,EQUIPAMIENTO VIVERO DE EMPRESAS DE PUENTE DE VALLECAS,,66.0,59.0
2018,X14,Sectores productivos,"MERCADILLO PUENTE DE VALLECAS, C/BUENOS AIRES, 17. OBRAS DE ADECUACIÓN",,63212.51,63212.51
2018,X14,Sectores productivos,IFS-VIVERO DE EMPRESAS PUENTE DE VALLECAS. INSTALACIÓN PÉRGOLA EN EL JARDÍN,,34879.25,34879.25
2018,X14,Sectores productivos,"EDIFICIO C/ FRANCISCO LAGUNA, 38. ADECUACIÓN PARA CENTRO PROMOCIÓN ECONOMÍA SOCIAL",,221186.1,50472.32
2018,X14,Sectores productivos,VIVERO DE EMPRESAS PUENTE DE VALLECAS. MOBILIARIO EXTERIOR,,4000.0,3823.0
2018,X14,Sectores productivos,VIVERO DE EMPRESAS DE PUENTE DE VALLECAS. EQUIPOS PARA PROCESO DE DATOS,,19603.67,19603.64
2018,X14,Sectores productivos,"IFS-EDIFICIO C/ FRANCISCO LAGUNA, 38. ADECUACIÓN PARA CENTRO PROMOCIÓN ECONOMÍA SOCIAL",,1136875.0,7576.32
2018,X06,Urbanismo,,,3303982.98,1203808.29
2018,X06,Urbanismo,APR 13.01 SIERRA TOLEDANA. URBANIZACIÓN,,430053.0,
2018,X06,Urbanismo,"AV. SANTA CATALINA, S/N. OBRAS ACCESORIAS DE URBANIZACIÓN",,34710.74,
2018,X06,Urbanismo,"C/ MANUEL CANO, 2. OBRAS ACCESORIAS DE URBANIZACIÓN",,4132.23,
2018,X06,Urbanismo,UNIDAD VECINAL 4 DE ENTREVÍAS. URBANIZACIÓN,,25747.27,
2018,X06,Urbanismo,COLONIA LA VIÑA DE ENTREVÍAS. URBANIZACIÓN,,40979.59,
2018,X06,Urbanismo,ADQUISICIÓN SUELO C/DOCTOR SÁNCHEZ Y OTRAS API 13.15,,1284.0,1283.65
2018,X06,Urbanismo,ADQUISICIÓN DE SUELO SIERRA TOLEDANA  APR 13.01,,145230.09,139147.03
2018,X06,Urbanismo,"ADQUISICIÓN DE SUELO C/ ENRIQUE VELASCO, 16",,46334.61,41794.32
2018,X06,Urbanismo,"ADQUISICIÓN DE SUELO C/ CALERO PITA Y C/ MIGUEL ROCA, 33",,637232.36,633838.36
2018,X06,Urbanismo,"C/ MONTE URGULL, 2-4-6-8. OBRAS DE URBANIZACIÓN",,20247.93,
2018,X06,Urbanismo,ADECUACIÓN VIALES Y ACCESIBILIDAD EN DISTRITO PUENTE DE VALLECAS,,34189.11,34189.11
2018,X06,Urbanismo,IFS-PLAZA PUERTO RUBIO-PEÑA GORBEA. CONEXIÓN,,296500.0,34292.34
2018,X06,Urbanismo,"ADQUISICIÓN DE SUELO EN C/CALLEJO, 19",,53633.19,53633.19
2018,X06,Urbanismo,"DERRIBO EDIFICACIÓN C/ SIERRA TOLEDANA, 48. FINCA 90",,180116.16,180116.13
2018,X06,Urbanismo,"DERRIBO EDIFICACIÓN CALLE AMADEO, 1, 1-3 Y OTROS",,91996.97,76030.55
2018,X06,Urbanismo,"C/ BRÍGIDA ALONSO, 6. OBRAS ACCESORIAS DE URBANIZACIÓN",,9504.13,9483.61
2018,X06,Urbanismo,"C/ DR. SALGADO ENTRE C/ SIERRA DE MEIRA, 64 Y C/ PICO CEJO, 51. URBANIZACIÓN",,52091.6,
2018,X06,Urbanismo,IFS-BULEVAR Y LA PLAZA VIEJA DE PUENTE DE VALLECAS. REMODELACION (ID 17: 2348 ),,300000.0,
2018,X06,Urbanismo,IFS-CONEXIÓN PEATONAL C/ MENDEZ ALVARO - AVDA. SAN DIEGO. MEJORA (ID 17: 1211 ),,900000.0,
2018,X07,Infraestructuras,,,2968206.88,122265.91
2018,X07,Infraestructuras,IFS-ITINERARIOS CICLISTAS DISTRITO PUENTE DE VALLECAS. MEJORA (ID: 5462),,209206.88,122265.91
2018,X07,Infraestructuras,IFS-ITINERARIO DE MIRADORES EN EL DISTRITO PUENTE DE VALLECAS (ID: 311 Y 840),,2759000.0,
2018,X08,Mantenimiento urbano,,,1869561.42,480955.22
2018,X08,Mantenimiento urbano,PAVIMENTACIÓN CALZADAS BARRIOS EN DISTRITO PUENTE DE VALLECAS. FASE I,,1100.91,1100.91
2018,X08,Mantenimiento urbano,PAVIMENTACIÓN ACERAS BARRIOS EN DISTRITO PUENTE DE VALLECAS. FASE I,,6265.05,6265.05
2018,X08,Mantenimiento urbano,IFS-PAVIMENTACIÓN CALLES DISTRITO PUENTE DE VALLECAS. MEJORA (ID: 2970),,676195.46,473589.26
2018,X08,Mantenimiento urbano,IFS-ELIMINACION BARRERAS ARQUITECTÓNICAS DISTRITO PUENTE DE VALLECAS  (ID 17: 5193 ),,686000.0,
2018,X08,Mantenimiento urbano,IFS-ACERAS Y CALZADAS EN EL DISTRITO DE PUENTE DE VALLECAS. REHABILITACIÓN (ID: 2441),,500000.0,
2018,X09,Medio ambiente,,,9780725.01,674421.83
2018,X09,Medio ambiente,IFS-PARQUE DEL CERRO DEL TÍO PÍO.OBRAS DE MEJORA EN LA RED DE RIEGO AUTOMÁTICO,,1289132.39,131717.75
2018,X09,Medio ambiente,IFS-ADECUACIÓN INSTALACIONES IMPULSIÓN DEPÓSITO AGUA REGENERADA PARQUE AZORÍN,,119010.52,96306.22
2018,X09,Medio ambiente,FUENTES DE AGUA POTABLE EN EL DISTRITO PUENTE DE VALLECAS. INSTALACIÓN (ID: 558),,18957.82,
2018,X09,Medio ambiente,IFS-PARQUE DEL SOTO DE ENTREVÍAS. REHABILITACIÓN,,895018.31,172970.08
2018,X09,Medio ambiente,IFS-JARDINES DEL CAMPO DEL TORO. REMODELACIÓN,,887560.46,5952.01
2018,X09,Medio ambiente,IFS-JARDINES DEL CAMPO DE LA PALOMA. REMODELACIÓN,,1348401.55,132155.54
2018,X09,Medio ambiente,IFS-ADECUACIÓN A NORMATIVA DE LA ANTIGUA RED DE ALCANTARILLADO MUNICIPAL EN C/ MONTES PIRINEOS,,60000.0,30922.54
2018,X09,Medio ambiente,IFS-PARQUE SIERRA DEL VALLE Y ALEDAÑOS. REHABILITACIÓN Y ORDENACIÓN DE USOS,,2110000.0,
2018,X09,Medio ambiente,IFS-ZONA VERDE PLAZA PADRE LLANOS. REHABILITACIÓN DE USOS,,1415000.0,
2018,X09,Medio ambiente,ACONDICIONAMIENTO DE PARCELA PARA HUERTO URBANO EN AV. SANTA CATALINA,,2267.23,2267.23
2018,X09,Medio ambiente,ACONDICIONAMIENTO DE PARCELA PARA HUERTO URBANO EN C/ SIERRA DEL VALLE,,2267.23,2267.23
2018,X09,Medio ambiente,PARQUE RONDA DEL SUR-SANTA CATALINA. ORDENACIÓN DE USOS,,21235.0,21235.0
2018,X09,Medio ambiente,PARQUE ENTREVÍAS FORESTAL. MEJORA DE CAMINOS E INSTALACIÓN HIDRANTES,,21169.0,21168.95
2018,X09,Medio ambiente,PARQUE DEL CERRO DEL TÍO PÍO. REMODELACIÓN (ID: 67),,21580.0,21580.0
2018,X09,Medio ambiente,IFS-PARQUE DEL CERRO DEL TÍO PÍO. REMODELACIÓN (ID: 67),,1481580.0,
2018,X09,Medio ambiente,IFS-ZONA VERDE PZA. DE LA CONSTITUCIÓN. ACTUACIONES DE REMODELACIÓN,,47545.5,
2018,X09,Medio ambiente,"IFS-ENTORNO C/ VILLALOBOS. ACONDICIONAMIENTO ZONA VERDE, PAVIMENTOS Y OTRAS",,40000.0,35879.28
2018,X03,Protección y promoción social,,,791227.48,759721.69
2018,X03,Protección y promoción social,EQUIPAMIENTO CENTRO DE MAYORES PABLO NERUDA,,1000.0,550.0
2018,X03,Protección y promoción social,"CENTRO DE SERVICIOS SOCIALES ENTREVIAS, C/ YUSTE, 8. AMPLIACIÓN",,66989.0,66512.32
2018,X03,Protección y promoción social,"IFS-CENTRO DE APOYO A LAS FAMILIAS C/CONDE RODRÍGUEZ SAN PEDRO, 59. SUBSANACIÓN PATOLOGÍA DE GRIETAS",,33855.99,33853.68
2018,X03,Protección y promoción social,"LOCALES C/ MONTES PIRINEOS, 3. ADECUACIÓN PARA AULAS TALLERES",,94322.0,94321.46
2018,X03,Protección y promoción social,IFS-CENTRO DE MAYORES CASA DEL BULEVAR. EFICIENCIA INSTALACIONES CALEFACCIÓN Y CLIMATIZACIÓN,,18946.15,18945.94
2018,X03,Protección y promoción social,IFS-CENTRO DE MAYORES ENTREVÍAS. ADAPTACIÓN A NORMATIVA DE ACCESIBILIDAD Y TECNOLOGÍA LED,,74476.56,74476.55
2018,X03,Protección y promoción social,IFS-CENTRO DE MAYORES PABLO NERUDA. OBRAS DE ADAPTACIÓN A NORMATIVA DE ACCESIBILIDAD,,35600.68,35600.68
2018,X03,Protección y promoción social,IFS-CENTRO DE MAYORES ALTO DEL ARENAL.EFICIENCIA ENERGÉTICA INSTALACIONES DE CLIMATIZACIÓN,,29967.56,29967.56
2018,X03,Protección y promoción social,IFS-CENTRO DE MAYORES FÁTIMA DE MADRID. EFICIENCIA INSTALACIONES AGUA CALIENTE SANITARIA,,47134.38,47134.38
2018,X03,Protección y promoción social,IFS-CENTRO DE MAYORES PABLO NERUDA. ADECUACIÓN ITINERARIOS DE EMERGENCIA E ILUMINACIÓN,,4758.0,4758.0
2018,X03,Protección y promoción social,IFS-CENTRO DE SERVICIOS SOCIALES RAMÓN PÉREZ AYALA. REORDENACIÓN DE ESPACIOS,,94927.39,94927.37
2018,X03,Protección y promoción social,IFS-CENTRO DE MAYORES ALTO DEL ARENAL. SUSTITUCIÓN FALSO TECHO. EFICIENCIA Y SOSTENIBILIDAD,,14865.87,14865.87
2018,X03,Protección y promoción social,IFS-CENTRO DE MAYORES PUERTO DE NAVACERRADA. ADECUACIÓN INSTALACIONES PARA PLACAS SOLARES,,49948.9,49948.89
2018,X03,Protección y promoción social,EDIFICIO SEDE CENTRO MUNICIPAL URGENCIAS SOCIALES. INSTALACIONES,,5760.0,5759.6
2018,X03,Protección y promoción social,IFS-CENTRO MUNICIPAL DE URGENCIAS SOCIALES. ADECUACIÓN DE VALLADO,,10000.0,9494.63
2018,X03,Protección y promoción social,IFS-CENTRO MUNICIPAL DE URGENCIAS SOCIALES.ADAPTACIÓN A NORMATIVA ELÉCTRICA,,15000.0,12093.95
2018,X03,Protección y promoción social,"CENTRO DE ALZHEIMER EN LA AVENIDA DE LA ALBUFERA, 438. CONSTRUCCION",,51875.0,49092.7
2018,X03,Protección y promoción social,IFS-CENTRO SERVICIOS SOCIALES RAMÓN PÉREZ DE AYALA. ESPACIO PARA PROGRAMA APOYO ADOLESCENTES,,125000.0,100708.61
2018,X03,Protección y promoción social,IFS-CENTRO SERVICIOS SOCIALES RAMÓN PÉREZ DE AYALA. INSTALACIÓN LÍNEA DE VIDA,,8400.0,8371.63
2018,X03,Protección y promoción social,IFS-CENTRO SERVICIOS SOCIALES ENTREVÍAS. INSTALACIÓN LÍNEA DE VIDA,,8400.0,8337.87
2018,X00,Inversiones de carácter general,,,306385.72,264433.35
2018,X00,Inversiones de carácter general,"IFS-EDIFICIO JUNTA MUNICIPAL PUENTE DE VALLECAS. SEGURIDAD, INSTALACIONES Y ACONDICIONAMIENTO",,171385.72,171385.72
2018,X00,Inversiones de carácter general,"IFS-LOCAL C/ JOSÉ SERRANO, 19. OBRAS DE ACONDICIONAMIENTO Y REFORMA INSTALACIONES",,135000.0,93047.63
2018,X11,"Deportes, juventud y esparcimiento",,,19066277.18,8064129.14
2018,X11,"Deportes, juventud y esparcimiento",CENTRO DEPORTIVO PALOMERAS. ADOPCIÓN MEDIDAS DE SEGURIDAD,,100832.52,100832.52
2018,X11,"Deportes, juventud y esparcimiento","IFS-CENTRO DEPORTIVO ALBERTO GARCÍA C/REGUERA DE TOMATEROS, 39 B.OBRAS DE ACCESIBILIDAD",,79926.39,79926.39
2018,X11,"Deportes, juventud y esparcimiento","IFS-CENTRO DEPORTIVO ENTREVÍAS, RONDA SUR, 4. OBRAS DE ACCESIBILIDAD",,159951.72,155337.68
2018,X11,"Deportes, juventud y esparcimiento",IFS-CENTRO DEPORTIVO PALOMERAS. REPARACIÓN FACHADAS DE LA PISCINA CUBIERTA,,340000.0,339999.75
2018,X11,"Deportes, juventud y esparcimiento",IFS-CENTRO DEPORTIVO MUNICIPAL PALOMERAS. SUBSANACIÓN DE PATOLOGÍAS,,361787.51,361783.34
2018,X11,"Deportes, juventud y esparcimiento",IFS-CENTRO DEPORTIVO ALBERTO GARCÍA. SUBSANACIÓN PATOLOGÍA DE GRIETAS,,8436.76,8433.77
2018,X11,"Deportes, juventud y esparcimiento","IFS-DEPORTIVO BÁSICO PALOMERAS BAJAS,  C/PUERTO BARBARÁN. REFORMA CAMPO DE FÚTBOL",,695077.88,629032.42
2018,X11,"Deportes, juventud y esparcimiento","IFS-CENTRO DEPORTIVO ENTREVÍAS EN C/ RONDA DEL SUR, 4. REFORMAS EN VASOS DE PISCINAS Y VESTUARIOS",,1941428.16,1941205.9
2018,X11,"Deportes, juventud y esparcimiento",PISTAS DEPORTIVAS C/PUERTO BALBARÁN. INSTALACIÓN DE ASEOS PÚBLICOS,,3064.0,3063.02
2018,X11,"Deportes, juventud y esparcimiento",DEPORTIVO BÁSICO CAMPO AZUL. CONSTRUCCIÓN,,29801.0,29008.69
2018,X11,"Deportes, juventud y esparcimiento",DEPORTIVO BÁSICO LOS ARBOLITOS. ADECUACIÓN VESTUARIO,,13189.0,
2018,X11,"Deportes, juventud y esparcimiento",CENTRO DEPORTIVO PALOMERAS.OBRAS EN TECHADO PISTA TENIS 2,,4837.0,
2018,X11,"Deportes, juventud y esparcimiento",DEPORTIVO BÁSICO COLONIA SIERRA DEL VALLE. OBRAS DE REPARACIONES URGENTES,,569.0,568.3
2018,X11,"Deportes, juventud y esparcimiento",DEPORTIVO BÁSICO SAN ANSELMO. OBRAS DE REPARACIONES URGENTES,,748.0,747.7
2018,X11,"Deportes, juventud y esparcimiento",DEPORTIVO BÁSICO PUERTO CORLITE. OBRAS DE REPARACIONES URGENTES,,4933.0,4932.21
2018,X11,"Deportes, juventud y esparcimiento",DEPORTIVO BÁSICO EL BOSCO. OBRAS DE REPARACIONES URGENTES,,365.0,364.1
2018,X11,"Deportes, juventud y esparcimiento",DEPORTIVO BÁSICO FRANCISCO LAGUNA. OBRAS DE REPARACIONES URGENTES,,6330.0,6329.36
2018,X11,"Deportes, juventud y esparcimiento",DEPORTIVO BÁSICO ANDÉVALO. OBRAS DE REPARACIONES URGENTES,,1395.0,1395.0
2018,X11,"Deportes, juventud y esparcimiento",DEPORTIVO BÁSICO COLONIA DE LOS TAXISTAS. OBRAS DE REPARACIONES URGENTES,,8473.0,8472.98
2018,X11,"Deportes, juventud y esparcimiento",DEPORTIVO BÁSICO IMAGEN. OBRAS DE REPARACIONES URGENTES,,15880.0,15879.29
2018,X11,"Deportes, juventud y esparcimiento",DEPORTIVO BÁSICO PARQUE DE LA VIÑA. OBRAS DE REPARACIONES URGENTES,,10404.0,10403.51
2018,X11,"Deportes, juventud y esparcimiento",DEPORTIVO BÁSICO RAMÓN PÉREZ DE AYALA. OBRAS DE REPARACIONES URGENTES,,1354.0,1353.69
2018,X11,"Deportes, juventud y esparcimiento",DEPORTIVO BÁSICO NOVECENTO. OBRAS DE REPARACIONES URGENTES,,2680.0,2679.59
2018,X11,"Deportes, juventud y esparcimiento",DEPORTIVO BÁSICO COLEGIO PÚBLICO ARAGÓN. OBRAS DE REPARACIONES URGENTES,,10670.0,10669.95
2018,X11,"Deportes, juventud y esparcimiento",DEPORTIVO BÁSICO PARQUE LUIS BUÑUEL. OBRAS DE REPARACIONES URGENTES,,7400.0,7399.71
2018,X11,"Deportes, juventud y esparcimiento",DEPORTIVO BÁSICO PARQUE MARCHAMALO. OBRAS DE REPARACIONES URGENTES,,3525.0,3524.09
2018,X11,"Deportes, juventud y esparcimiento",DEPORTIVO BÁSICO PUERTO COSTABONA. OBRAS DE REPARACIONES URGENTES,,7680.0,7679.43
2018,X11,"Deportes, juventud y esparcimiento",DEPORTIVO BÁSICO SIERRA DEL VALLE. OBRAS DE REPARACIONES URGENTES,,500.0,499.92
2018,X11,"Deportes, juventud y esparcimiento",DEPORTIVO BÁSICO YESERO. OBRAS DE REPARACIONES URGENTES,,3230.0,3229.66
2018,X11,"Deportes, juventud y esparcimiento",CENTRO DEPORTIVO PALOMERAS. CERRAMIENTO PISTAS BALONMANO Y BALONCESTO,,21455.0,5204.87
2018,X11,"Deportes, juventud y esparcimiento",CENTRO DEPORTIVO PALOMERAS. PAVIMENTACIÓN PISTAS BALONMANO Y BALONCESTO,,16150.0,15896.72
2018,X11,"Deportes, juventud y esparcimiento",CENTRO DEPORTIVO PALOMERAS. CERRAMIENTO CAMPOS DE FÚTBOL,,3853.0,3721.39
2018,X11,"Deportes, juventud y esparcimiento",CENTRO DEPORTIVO PALOMERAS. PAVIMENTACIÓN CAMPOS DE FÚTBOL,,11843.0,5662.38
2018,X11,"Deportes, juventud y esparcimiento",IFS-CENTRO DEPORTIVO ALBERTO GARCIA. TECNOLOGÍA LED Y ADAPTACIÓN VESTUARIOS,,249999.87,249999.84
2018,X11,"Deportes, juventud y esparcimiento",IFS-CENTRO DEPORTIVO  ALBERTO GARCIA. ADECUACIÓN CERRAMIENTO PISCINA CLIMATIZADA,,129999.91,129998.84
2018,X11,"Deportes, juventud y esparcimiento",IFS-CENTRO DEPORTIVO PALOMERAS. EFICIENCIA INSTALACIONES AGUA CALIENTE SANITARIA Y CALDERA,,202793.25,199632.27
2018,X11,"Deportes, juventud y esparcimiento",IFS-CENTRO DEPORTIVO PALOMERAS. MEJORA CERRAMIENTOS Y CUBIERTAS,,342990.22,321910.52
2018,X11,"Deportes, juventud y esparcimiento",IFS-DEPORTIVO PALOMERAS. EFICIENCIA CLIMATIZACIÓN PABELLÓN EDIFICIO VESTUARIOS PISCINAS,,100455.03,93866.26
2018,X11,"Deportes, juventud y esparcimiento",IFS-DEPORTIVO PALOMERAS. EFICIENCIA ENERGÉTICA INSTALACIONES ILUMINACIÓN PISTAS EXTERIORES,,249998.77,248793.45
2018,X11,"Deportes, juventud y esparcimiento",IFS-CENTRO DEPORTIVO ENTREVIAS. MEJORA DE LA ENVOLVENTE DEL EDIFICIO,,219995.73,205437.87
2018,X11,"Deportes, juventud y esparcimiento",IFS-CENTRO DEPORTIVO PALOMERAS.CUBIERTA PISTA DE TENIS,,179986.91,177586.11
2018,X11,"Deportes, juventud y esparcimiento",IFS-CENTRO DEPORTIVO ENTREVIAS. ADAPTACIÓN DOS PISTAS DE PÁDEL,,99997.0,99996.99
2018,X11,"Deportes, juventud y esparcimiento",IFS-CENTRO DEPORTIVO ALBERTO GARCIA. ADECUACIÓN INSTALACIONES Y ACCESIBILIDAD,,139999.95,133289.86
2018,X11,"Deportes, juventud y esparcimiento",IFS-CENTRO DEPORTIVO ENTREVÍAS. ADECUACIÓN INSTALACIONES,,7535.93,3865.18
2018,X11,"Deportes, juventud y esparcimiento",IFS-CENTRO DEPORTIVO PALOMERAS. OBRAS DE ACCESIBILIDAD,,127656.8,120074.35
2018,X11,"Deportes, juventud y esparcimiento",IFS-CENTRO DEPORTIVO PALOMERAS. REFORMAS EN CAFETERÍAS Y BOTIQÍN,,249999.41,226897.54
2018,X11,"Deportes, juventud y esparcimiento",IFS-CENTRO DEPORTIVO PUENTE DE VALLECAS. REFORMA QUIOSCO Y PISCINA DE VERANO,,84875.37,57245.34
2018,X11,"Deportes, juventud y esparcimiento",IFS-CENTRO DEPORTIVO PUENTE DE VALLECAS. ADECUACIÓN A NORMATIVA VASO PISCINA DE VERANO,,344998.56,332574.89
2018,X11,"Deportes, juventud y esparcimiento",IFS-CENTRO DEPORTIVO PUENTE DE VALLECAS. ADECUACIÓN ESCALERA METÁLICA Y RECORRIDOS ACCESIBLES,,99999.94,99794.39
2018,X11,"Deportes, juventud y esparcimiento",IFS-DEPORTIVO BÁSICO C/PUERTO MONASTERIO. ADECUACIÓN PISTAS Y CERRAMIENTO,,138775.43,138775.43
2018,X11,"Deportes, juventud y esparcimiento",IFS-DEPORTIVO BÁSICO JOSÉ DURÁN. INSTALACIÓN CÉSPED ARTIFICIAL EN CAMPO DE FÚTBOL 11,,344818.59,318351.5
2018,X11,"Deportes, juventud y esparcimiento","CASA DE LA JUVENTUD C/ RÍO ESMERALDA, 15. CONSTRUCCIÓN",,63388.0,
2018,X11,"Deportes, juventud y esparcimiento","CENTRO DEPORTIVO ENTREVÍAS EN C/ RONDA DEL SUR, 4. REFORMAS EN VASOS DE PISCINAS Y VESTUARIOS",,177677.95,177677.95
2018,X11,"Deportes, juventud y esparcimiento",IFS-CENTRO DEPORTIVO ALBERTO GARCÍA. SUBSANACIÓN PATOLOGÍAS EN CERRAMIENTOS Y PAVIMENTOS,,220000.0,
2018,X11,"Deportes, juventud y esparcimiento",IFS-CENTRO DEPORTIVO PALOMERAS. SUBSANACIÓN PATOLOGÍAS EN PISCINA DE VERANO,,3550000.0,
2018,X11,"Deportes, juventud y esparcimiento",IFS-DEPORTIVO BÁSICO LOS ARBOLITOS. ADECUACIÓN VESTUARIO,,344878.0,13189.0
2018,X11,"Deportes, juventud y esparcimiento","CENTRO DEPORTIVO PUENTE VALLECAS. MEJORAS EN CUARTO CALDERAS, ACCESIBILIDAD Y OTRAS",,30687.62,30687.62
2018,X11,"Deportes, juventud y esparcimiento",IFS-DEPORTIVO BÁSICO LOS ARBOLITOS. ADECUACIÓN CAMPO DE RUGBY,,1700000.0,64297.93
2018,X11,"Deportes, juventud y esparcimiento",IFS-INSTALACIÓN DEPORTIVA C/ PUERTO COSTABONA. REMODELACIÓN PISTAS DE TENIS Y VESTUARIOS,,345000.0,
2018,X11,"Deportes, juventud y esparcimiento","IFS-DEPORTIVO BÁSICO FRANCISCO LAGUNA. REMODELACIÓN PAVIMENTOS, CERRAMIENTOS Y ALUMBRADO",,250000.0,
2018,X11,"Deportes, juventud y esparcimiento","IFS-CENTRO DEPORTIVO RONDA DEL SUR. REMODELACIÓN PAVIMENTOS, CERRAMIENTOS Y VESTUARIOS",,340000.0,
2018,X11,"Deportes, juventud y esparcimiento",IFS-CENTRO DEPORTIVO ENTREVÍAS. REMODELACIÓN INSTALACIONES DE FÚTBOL Y VESTUARIOS,,340000.0,261108.5
2018,X11,"Deportes, juventud y esparcimiento",IFS-CENTRO DEPORTIVO ALBERTO GARCÍA. REMOLACIÓN INSTALACIONES DE FÚTBOL Y VESTUARIOS,,340000.0,238040.41
2018,X11,"Deportes, juventud y esparcimiento",IFS-CENTRO DEPORTIVO ENTREVÍAS. REMODELACIÓN CERRAMIENTOS Y PAVIMENTOS,,182000.0,108850.03
2018,X11,"Deportes, juventud y esparcimiento",IFS-CENTRO DEPORTIVO PALOMERAS. REMODELACIÓN INSTALACIONES DE RIEGO EN PISTA DE ATLETISMO,,40000.0,28796.48
2018,X11,"Deportes, juventud y esparcimiento","IFS-CENTRO DEPORTIVO ALBERTO GARCÍA. REMODELACIÓN PAVIMENTOS, ALUMBRADO Y CERRAMIENTO",,175000.0,
2018,X11,"Deportes, juventud y esparcimiento",IFS-PISTAS DE PATINAJE MONOPATÍN C/ FRANCISCO LAGUNA. OBRAS DE REMODELACIÓN,,340000.0,
2018,X11,"Deportes, juventud y esparcimiento",IFS-CENTRO DEPORTIVO PALOMERAS. REMODELACIÓN CERRAMIENTOS Y PAVIMENTOS,,300000.0,108039.17
2018,X11,"Deportes, juventud y esparcimiento",IFS-CENTRO DEPORTIVO ENTREVÍAS.INSTALACIONES CALDERA Y EXIGENCIAS INSPECCIÓN TÉCNICA EDIFICIOS,,200000.0,
2018,X11,"Deportes, juventud y esparcimiento","IFS-POLIDEPORTIVO PUENTE VALLECAS.ADECUACIÓN PISCINA VERANO:PÉRGOLA, MUROS, ACCESIBILIDAD Y OTROS",,150000.0,110114.09
2018,X11,"Deportes, juventud y esparcimiento","IFS-POLIDEPORTIVO PUENTE DE VALLECAS. CLIMATIZADORES, VESTUARIOS, IMPERMEBAILIZACIÓN Y VARIOS",,345000.0,
2018,X11,"Deportes, juventud y esparcimiento",IFS-CENTRO DEPORTIVO PALOMERAS. ADECUACIÓN DE CUBIERTA Y PASARELA COMUNICACIÓN,,345000.0,
2018,X11,"Deportes, juventud y esparcimiento",IFS-CENTRO DEPORTIVO PALOMERAS. ADECUACIÓN DEL PABELLÓN DE DIRECCIÓN,,345000.0,
2018,X11,"Deportes, juventud y esparcimiento",IFS-CENTRO DEPORTIVO PALOMERAS. ADECUACIÓN INSTALACIONES,,150000.0,
2018,X11,"Deportes, juventud y esparcimiento",IFS-CENTRO DEPORTIVO PALOMERAS. ACONDICIONAMIENTO AULA Y REVESTIMIENTO PISCINA DE APRENDIZAJE,,100000.0,
2018,X11,"Deportes, juventud y esparcimiento",IFS-POLIDEPORTIVO ALBERTO GARCÍA. MEJORA CLIMATIZACIÓN EN PABELLÓN Y EJECUCIÓN DE RAMPA,,160000.0,
2018,X11,"Deportes, juventud y esparcimiento",IFS-CENTRO DEPORTIVO PUENTE DE VALLECAS. ADAPTACIÓN A NORMATIVA ELÉCTRICA PISCINA DE VERANO,,50000.0,
2018,X11,"Deportes, juventud y esparcimiento",IFS-CENTRO DEPORTIVO PUENTE DE VALLECAS. ADAPTACIÓN A NORMATIVA ELÉCTRICA PISCINA DE INVIERNO,,50000.0,
2018,X11,"Deportes, juventud y esparcimiento",IFS-CENTRO DEPORTIVO PALOMERAS. OBRAS ACONDICIONAMIENTO NORMATIVA ELÉCTRICA PISCINA DE VERANO,,50000.0,
2018,X11,"Deportes, juventud y esparcimiento",IFS-CENTRO DEPORTIVO PALOMERAS. ADAPTACIÓN A NORMATIVA ELÉCTRICA PISCINA DE INVIERNO,,50000.0,
2018,X11,"Deportes, juventud y esparcimiento",IFS-CENTRO DEPORTIVO PALOMERAS. ADECUACIÓN INSTALACIONES DE FÚTBOL,,340000.0,
2018,X11,"Deportes, juventud y esparcimiento",IFS-DEPORTIVO BÁSICO PUERTO BALBARÁN. ADECUACIÓN PISTAS DEPORTIVAS,,200000.0,
2018,X11,"Deportes, juventud y esparcimiento","IFS-DEPORTIVO BÁSICO JOSÉ DURÁN. ADECUACIÓN PISTAS DEPORTIVAS, ENTORNO CAMPO FÚTBOL Y OTRAS",,300000.0,
2018,X11,"Deportes, juventud y esparcimiento",IFS-DEPORTIVO BÁSICO EN PARQUE ENTREVÍAS. REMODELACIÓN ZONA PETANCA Y PATINAJE,,300000.0,
2018,X05,Educación,,,1646441.94,1252752.05
2018,X05,Educación,OTRO EQUIPAMIENTO ESCUELA INFANTIL LUISA FERNANDA,,1753.11,1753.08
2018,X05,Educación,COLEGIO PÚBLICO PALOMERAS BAJAS. OBRAS DE ACONDICIONAMIENTO,,25876.0,25875.33
2018,X05,Educación,COLEGIO PÚBLICO MANUEL NÚÑEZ ARENAS. OBRAS DE CERRAJERÍA Y ACONDICIONAMIENTO PUNTUAL,,24950.0,24948.76
2018,X05,Educación,COLEGIO PÚBLICO MESONERO ROMANOS. ADECUACIÓN CALDERA,,18314.0,18313.63
2018,X05,Educación,IFS-COLEGIO PÚBLICO ARAGÓN. OBRAS DE ADECUACIÓN Y ACCESIBILIDAD EN ZONA INFANTIL.,,135406.71,124809.52
2018,X05,Educación,IFS-COLEGIO PÚBLICO FRANCISCO RUANO. ADECUACIÓN CALDERA Y PISTAS DEPORTIVAS,,83946.32,83946.32
2018,X05,Educación,IFS-COLEGIO PÚBLICO MESONEROS ROMANOS. MEJORA ENVOLVENTE DE LA FACHADA,,69361.07,69361.07
2018,X05,Educación,OTRO EQUIPAMIENTO ESCUELA INFANTIL EL CASERÍO,,1939.07,1939.04
2018,X05,Educación,EQUIPAMIENTO ESCUELA INFANTIL EL CASERÍO,,2613.66,2613.66
2018,X05,Educación,COLEGIO PÚBLICO ARAGÓN. OBRAS DE REPARACIÓN DE CALEFACCIÓN,,25982.0,21000.82
2018,X05,Educación,COLEGIO PÚBLICO PADRE MARIANA. ADECUACIÓN COCINA,,18000.0,16645.17
2018,X05,Educación,"IFS-COLEGIO PÚBLICO CARLOS SAINZ TERREROS.MEJORA ITINERARIOS, CUBIERTA Y PAVIMENTO PISTA DEPORTIVA",,60000.0,
2018,X05,Educación,IFS-COLEGIO PÚBLICO ARAGÓN. OBRAS DE ACONDICIONAMIENTO PARA ADAPTACIÓN A NORMATIVA ELÉCTRICA,,30000.0,25644.39
2018,X05,Educación,IFS-COLEGIO PÚBLICO CARLOS SAINZ DE LOS TERREROS. ADAPTACIÓN A NORMATIVA ELÉCTRICA,,30000.0,29855.09
2018,X05,Educación,IFS-COLEGIO PÚBLICO DOCTOR TOLOSA LATOUR. ADAPTACIÓN A NORMATIVA ELÉCTRICA,,30000.0,29746.58
2018,X05,Educación,IFS-COLEGIO PÚBLICO GINER DE LOS RIOS. ADAPTACIÓN A NORMATIVA ELÉCTRICA,,30000.0,7049.62
2018,X05,Educación,IFS-COLEGIO PÚBLICO JAVIER DE MIGUEL. ADAPTACIÓN A NORMATIVA ELÉCTRICA,,30000.0,12305.42
2018,X05,Educación,IFS-COLEGIO PÚBLICO MESONERO ROMANOS. ADAPTACIÓN A NORMATIVA ELÉCTRICA,,30000.0,23563.48
2018,X05,Educación,IFS-COLEGIO PÚBLICO VIRGEN DEL CERRO. PAVIMENTACIÓN DE LA PISTA DEPORTIVA,,100000.0,
2018,X05,Educación,IFS-COLEGIO PÚBLICO JOSÉ MARÍA PEREDA. PAVIMENTACIÓN PISTA DEPORTIVA Y PROTECIÓN CONTRA INCENDIOS,,70000.0,59707.73
2018,X05,Educación,IFS-COLEGIO PÚBLICO FRAY JUNÍPERO SERRA. PAVIMENTACIÓN DE LA PISTA DEPORTIVA,,100000.0,70855.49
2018,X05,Educación,IFS-COLEGIO PÚBLICO SAN PABLO. PAVIMENTACIÓN DE LA PISTA DEPORTIVA,,45000.0,44982.7
2018,X05,Educación,IFS-COLEGIO PÚBLICO MESONERO ROMANOS. PAVIMENTACIÓN DE LA PISTA DEPORTIVA,,45000.0,44995.3
2018,X05,Educación,IFS-COLEGIO PÚBICO SANTO DOMINGO. PAVIMENTACIÓN DE LA PISTA DEPORTIVA,,45000.0,44757.86
2018,X05,Educación,IFS-COLEGIO PÚBLICO AGUSTINA DIEZ. PAVIMENTACIÓN DE LA PISTA DEPORTIVA,,100000.0,74670.37
2018,X05,Educación,IFS-COLEGIO PÚBLICO DOCTOR TOLOSA LATOUR. ADECUACIÓN DE CARPINTERÍA EXTERIOR,,120000.0,119990.29
2018,X05,Educación,IFS-COLEGIO PÚBLICO ASTURIAS. ADECUACIÓN DE CARPINTERÍA EXTERIOR,,100000.0,99978.48
2018,X05,Educación,IFS-COLEGIO PÚBLICO LA RIOJA. MEJORA DE PERSIANAS,,20000.0,19967.69
2018,X05,Educación,IFS-COLEGIO PÚBLICO AMOS ACERO. ACONDICIONAMIENTO INSTALACIONES CALDERA,,45000.0,7526.12
2018,X05,Educación,IFS-COLEGIO PÚBLICO FRANCISCO GINER DE LOS RÍOS. ACONDICIONAMIENTO INSTALACIONES CALDERA,,50000.0,49984.66
2018,X05,Educación,IFS-COLEGIO PÚBLICO MANUEL SIUROT. ACONDICIONAMIENTO INSTALACIONES CALDERA,,70000.0,69936.49
2018,X05,Educación,IFS-COLEGIO PÚBLICO ARAGÓN. ACONDICIONAMIENTO INSTALACIONES CALDERA,,60000.0,
2018,X05,Educación,IFS-COLEGIO PÚBLICO EDUARDO ROJO. INSTALACIÓN DE LÍNEA DE VIDA,,4000.0,3729.42
2018,X05,Educación,IFS-COLEGIO PÚBLICO TOLOSA LATOUR. INSTALACIÓN DE LÍNEA DE VIDA,,10600.0,10085.51
2018,X05,Educación,IFS-COLEGIO PÚBLICO LA RIOJA. INSTALACIÓN DE LÍNEA DE VIDA,,6500.0,6037.17
2018,X05,Educación,IFS-COLEGIO PÚBLICO PADRE MARIANA. INSTALACIÓN DE LÍNEA DE VIDA,,7200.0,6175.79
2018,X04,Salud pública,,,39347.5,38228.5
2018,X04,Salud pública,CENTRO MUNICIPAL DE SALUD COMUNITARIA PUENTE VALLECAS. INSTALACIONES TÉCNICAS,,17847.5,17847.5
2018,X04,Salud pública,IFS-CENTRO ATENCIÓN DROGODEPENDIENTES VALLECAS. OBRAS DE REFORMA,,21500.0,20381.0
2019,X01,Protección Civil y seguridad ciudadana,,,6584208.17,1981538.16
2019,X01,Protección Civil y seguridad ciudadana,"IFS-PARQUE DE BOMBEROS Nº 8, PUENTE DE VALLECAS. OBRA DE REHABILITACIÓN INTEGRAL",,1868217.11,1868180.11
2019,X01,Protección Civil y seguridad ciudadana,IFS-UNIDAD INTEGRAL POLICÍA MUNICIPAL PUENTE DE VALLECAS. OBRAS DE REFORMA EN PLANTA BAJA,,32633.01,
2019,X01,Protección Civil y seguridad ciudadana,"PARQUE DE BOMBEROS Nº 8, PUENTE DE VALLECAS. OBRA DE REHABILITACIÓN INTEGRAL",,113358.05,113358.05
2019,X01,Protección Civil y seguridad ciudadana,IFS-CÁMARAS VIDEOVIGILANCIA PÚBLICAS POLICÍA MUNICIPAL DISTRITO PUENTE DE VALLECAS,,1000000.0,
2019,X01,Protección Civil y seguridad ciudadana,IFS-BASE 18 SAMUR-PROTECCIÓN CIVIL. OBRAS DE ACONDICIONAMIENTO,,70000.0,
2019,X01,Protección Civil y seguridad ciudadana,"IFS-PARQUE DE BOMBEROS Nº 8, PUENTE DE VALLECAS. OBRA DE REHABILITACIÓN INTEGRAL (II FASE)",,3500000.0,
2019,X12,Otros bienes públicos de carácter social,,,21424.58,21424.58
2019,X12,Otros bienes públicos de carácter social,EQUIPAMIENTO OFICINA ATENCIÓN AL CIUDADANO LÍNEA MADRID NUMANCIA,,10143.29,10143.29
2019,X12,Otros bienes públicos de carácter social,EQUIPAMIENTO OFICINA ATENCIÓN AL CIUDADANO LÍNEA MADRID PUENTE DE VALLECAS,,10170.51,10170.51
2019,X12,Otros bienes públicos de carácter social,"OFICINA ATENCIÓN AL CIUDADANO LÍNEA MADRID NUMANCIA, PUENTE DE VALLECAS. SEÑALIZACIÓN",,1110.78,1110.78
2019,X10,Cultura,,,1513393.45,159261.09
2019,X10,Cultura,IFS-CENTRO CULTURAL LOPE DE VEGA. ADECUACIÓN ESPACIOS PARA CULTIVOS URBANOS Y CENTRO DE TALLERES,,109285.41,
2019,X10,Cultura,"IFS-CENTRO CULTURAL LOPE DE VEGA. ADECUACIÓN SALA DE EXPOSICIONES,ESCENARIO Y MEJORA CALDERAS",,36159.28,12384.57
2019,X10,Cultura,"IFS-CENTRO CULTURAL ALBERTO SÁNCHEZ. ACCESIBILIDAD, ADECUACIÓN CARPINERÍA Y PAVIMENTACIÓN",,85378.36,
2019,X10,Cultura,"IFS-CENTRO CULTURAL EL POZO. MEJORA INSTALACIONES, REPARACIÓN CUBIERTA Y ADAPTACIÓN BAÑOS",,176225.65,65844.39
2019,X10,Cultura,"IFS-CENTRO CULTURAL TALLERES DE CREATIVIDAD.ADAPTACIÓN ASCENSOR A NORMATIVA,ASEO ACCESIBLE Y OTRAS",,69168.36,18227.04
2019,X10,Cultura,"IFS-AUDITORIO EL POZO. REFORMA ESCENARIO, VESTUARIOS Y CERRAMIENTO",,29271.92,29271.92
2019,X10,Cultura,IFS-ESPACIO MULTIUSOS  BAJO EL PUENTE DE VALLECAS. ADAPTACIÓN INTERCAMBIADOR Y PARADAS (ID: 9752),,968000.0,
2019,X10,Cultura,CENTRO SOCIOCULTURAL TALLERES DE CREATIVIDAD. ADECUACIÓN CUARTOS DE BAÑO,,39904.47,33533.17
2019,X14,Sectores productivos,,,1366583.64,72800.08
2019,X14,Sectores productivos,"EDIFICIO C/ FRANCISCO LAGUNA, 38. ADECUACIÓN PARA CENTRO PROMOCIÓN ECONOMÍA SOCIAL",,236095.45,14055.04
2019,X14,Sectores productivos,VIVERO DE EMPRESAS DE PUENTE DE VALLECAS. EQUIPOS PARA PROCESO DE DATOS,,1221.49,1221.48
2019,X14,Sectores productivos,"IFS-EDIFICIO C/ FRANCISCO LAGUNA, 38. ADECUACIÓN PARA CENTRO PROMOCIÓN ECONOMÍA SOCIAL",,1129266.7,57523.56
2019,X06,Urbanismo,,,19328957.9,17234520.37
2019,X06,Urbanismo,APR 13.01 SIERRA TOLEDANA. URBANIZACIÓN,,289616.91,41305.29
2019,X06,Urbanismo,"AV. SANTA CATALINA, S/N. OBRAS ACCESORIAS DE URBANIZACIÓN",,34710.74,
2019,X06,Urbanismo,"C/ MANUEL CANO, 2. OBRAS ACCESORIAS DE URBANIZACIÓN",,4132.23,
2019,X06,Urbanismo,UNIDAD VECINAL 4 DE ENTREVÍAS. URBANIZACIÓN,,25747.27,25745.17
2019,X06,Urbanismo,COLONIA LA VIÑA DE ENTREVÍAS. URBANIZACIÓN,,40979.59,
2019,X06,Urbanismo,ADQUISICIÓN SUELO C/DOCTOR SÁNCHEZ Y OTRAS API 13.15,,8300.0,2025.51
2019,X06,Urbanismo,ADQUISICIÓN DE SUELO EN EL ARENAL Y ARROYO DEL PALOMAR DE LA RIBERA,,9803352.86,9803352.86
2019,X06,Urbanismo,ADQUISICIÓN DE SUELO EL ARENAL Y ARROYO DEL PALOMAR DE LA RIBERA,,6251925.33,6251925.33
2019,X06,Urbanismo,"C/ MONTE URGULL, 2-4-6-8. OBRAS DE URBANIZACIÓN",,20247.93,20247.93
2019,X06,Urbanismo,"C/ DR. SALGADO ENTRE C/ SIERRA DE MEIRA, 64 Y C/ PICO CEJO, 51. URBANIZACIÓN",,55000.0,
2019,X06,Urbanismo,IFS-CONEXIÓN PEATONAL C/ MENDEZ ALVARO - AVDA. SAN DIEGO. MEJORA (ID 17: 1211 ),,899361.27,601771.22
2019,X06,Urbanismo,IFS-AVENIDA DE LA DEMOCRACIA EN EL TRAMO DE PUENTE DE VALLECAS. REMODELACIÓN,,1330000.0,
2019,X06,Urbanismo,PLAZA PUERTO RUBIO-PEÑA GORBEA. CONEXIÓN,,176499.32,157330.05
2019,X06,Urbanismo,"ADQUISICIÓN DE SUELO CALLE JUAN LIMÓN, 1",,84533.72,74385.41
2019,X06,Urbanismo,"DEMOLICIÓN EDIFICACIONES Y ACONDICIONAMIENTO SOLAR C/ ENRIQUE VELASCO, 16",,258809.48,256431.6
2019,X06,Urbanismo,"DEMOLICIÓN EDIFICACIONES Y ACONDICIONAMIENTO PARCELA C/ RUZAFA, 4 A 10",,45741.25,
2019,X07,Infraestructuras,,,6162565.02,36260.57
2019,X07,Infraestructuras,"APARCAMIENTO SUBTERRÁNEO CAMINO DE VALDERRIBAS, PUENTE DE VALLECAS. CONSTRUCCIÓN",,129317.06,
2019,X07,Infraestructuras,IFS-ITINERARIO DE MIRADORES EN EL DISTRITO PUENTE DE VALLECAS (ID: 311 Y 840),,2746932.15,
2019,X07,Infraestructuras,ITINERARIOS CICLISTAS DISTRITO PUENTE DE VALLECAS. MEJORA (ID: 5462),,36315.81,36260.57
2019,X07,Infraestructuras,IFS-C/CONVENIO. TRAMO C/MENDEZ ÁLVARO-AVDA. SAN DIEGO. REURBANIZACIÓN - ITINERARIO PEATONAL,,3250000.0,
2019,X08,Mantenimiento urbano,,,2126709.6,572795.07
2019,X08,Mantenimiento urbano,PAVIMENTACIÓN CALZADAS BARRIOS EN DISTRITO PUENTE DE VALLECAS. FASE I,,1629.43,1629.43
2019,X08,Mantenimiento urbano,IFS-ACERAS Y CALZADAS EN EL DISTRITO DE PUENTE DE VALLECAS. REHABILITACIÓN (ID: 2441),,349788.62,349752.6
2019,X08,Mantenimiento urbano,IFS-ELIMINACION BARRERAS ARQUITECTÓNICAS DISTRITO PUENTE DE VALLECAS  (ID 17: 4881 ),,686000.0,174623.48
2019,X08,Mantenimiento urbano,PAVIMENTACIÓN CALLES DISTRITO PUENTE DE VALLECAS. MEJORA (ID: 2970),,49312.68,46789.56
2019,X08,Mantenimiento urbano,ACERAS Y CALZADAS EN EL DISTRITO DE PUENTE DE VALLECAS. REHABILITACIÓN (ID: 2441),,34978.87,
2019,X08,Mantenimiento urbano,ÁREA DE MAYORES EN PALOMERAS BAJAS - MADRID SUR. INSTALACIÓN (ID: 2427),,25000.0,
2019,X08,Mantenimiento urbano,IFS-PARQUES INFANTILES DEL DISTRITO DE PUENTE DE VALLECAS. INSTALACIÓN DE NUEVO MOBILIARIO (ID: 11397),,840000.0,
2019,X08,Mantenimiento urbano,IFS-MOBILIARIO URBANO AVENIDA PEÑA PRIETA. INSTALACIÓN,,46000.0,
2019,X08,Mantenimiento urbano,IFS-MOBILIARIO URBANO PLAZA PUERTO RUBIO. INSTALACIÓN,,46000.0,
2019,X08,Mantenimiento urbano,IFS-MOBILIARIO URBANO TRAVESÍA PEDRO LABORDE. INSTALACIÓN,,48000.0,
2019,X09,Medio ambiente,,,14280398.14,3917857.37
2019,X09,Medio ambiente,FUENTES DE AGUA POTABLE EN EL DISTRITO PUENTE DE VALLECAS. INSTALACIÓN (ID: 558),,36231.17,14595.73
2019,X09,Medio ambiente,PARQUE DEL SOTO DE ENTREVÍAS. REHABILITACIÓN,,452449.81,452448.73
2019,X09,Medio ambiente,IFS-PARQUE SIERRA DEL VALLE Y ALEDAÑOS. REHABILITACIÓN Y ORDENACIÓN DE USOS,,2016402.96,394472.05
2019,X09,Medio ambiente,IFS-ZONA VERDE PLAZA PADRE LLANOS. REHABILITACIÓN DE USOS,,1288769.54,840923.45
2019,X09,Medio ambiente,IFS-PARQUE DEL CERRO DEL TÍO PÍO. REMODELACIÓN (ID: 67),,1308688.33,397468.18
2019,X09,Medio ambiente,IFS-ZONA VERDE PZA. DE LA CONSTITUCIÓN. ACTUACIONES DE REMODELACIÓN,,46886.76,46886.76
2019,X09,Medio ambiente,ADECUACIÓN INSTALACIONES IMPULSIÓN DEPÓSITO AGUA REGENERADA PARQUE AZORÍN,,22704.29,22704.29
2019,X09,Medio ambiente,PARQUE DEL CERRO DEL TÍO PÍO.OBRAS DE MEJORA EN LA RED DE RIEGO AUTOMÁTICO,,785676.0,785674.87
2019,X09,Medio ambiente,IFS-PARQUE LINEAL DEL MANZANARES.IMPERMEABILIZACIÓN DE FUENTES SINGULARES,,500000.0,8000.0
2019,X09,Medio ambiente,IFS-PARQUE AMOS ACERO. OBRAS DE REMODELACIÓN,,1000000.0,
2019,X09,Medio ambiente,IFS-PARQUE GARRIGUES WALKER.REHABILITACION Y ORDENACION DE USOS,,1450000.0,
2019,X09,Medio ambiente,IFS-PARQUE LINEAL DEL MANZANARES.OBRAS DE ADECUACIÓN DEL APARCAMIENTO,,600000.0,6000.0
2019,X09,Medio ambiente,JARDINES DEL CAMPO DEL TORO. REMODELACIÓN,,1052257.64,182485.37
2019,X09,Medio ambiente,JARDINES DEL CAMPO DE LA PALOMA. REMODELACIÓN,,783931.64,766197.94
2019,X09,Medio ambiente,IFS-PARQUE FORESTAL DE ENTREVIAS.MEJORA DE CAMINOS E INSTALACION DE HIDRANTES,,1471700.0,
2019,X09,Medio ambiente,IFS-PARQUE RONDA DEL SUR-SANTA CATALINA.REHABILITACION Y ORDENACION DE USOS,,1218700.0,
2019,X09,Medio ambiente,PASEO VERDE M-30 Y A-3 EN PUENTE DE VALLECAS. REHABILITACIÓN Y CONEXIÓN (ID: 11646),,100000.0,
2019,X09,Medio ambiente,DIVERSAS CALLES DE PUENTE DE VALLECAS. REPOSICIÓN DE ARBOLADO EN ALCORQUES VACÍOS (ID: 9134),,50000.0,
2019,X09,Medio ambiente,IFS-ZONA VERDE AVENIDA BUENOS AIRES - CALLE SIERRA DE TOLOÑO. ADECUACIÓN,,48000.0,
2019,X09,Medio ambiente,IFS-ESPACIOS AJARDINADOS ALREDEDOR DEPORTIVO PUERTO BALBARÁN Y DEPORTIVO PALOMERAS BAJAS. ADECUACIÓN,,48000.0,
2019,X03,Protección y promoción social,,,2079446.01,236485.08
2019,X03,Protección y promoción social,CENTRO DE SERVICIOS SOCIALES SAN DIEGO. AMPLIACIÓN,,1077984.0,217415.98
2019,X03,Protección y promoción social,"CENTRO DE SERVICIOS SOCIALES ENTREVIAS, C/ YUSTE, 8. AMPLIACIÓN",,203025.94,19069.1
2019,X03,Protección y promoción social,IFS-EQUIPAMIENTO NUEVO CENTRO DE OCIO PARA ADOLESCENTES EN PUENTE DE VALLECAS,,5000.0,
2019,X03,Protección y promoción social,IFS-EQUIPAMIENTO NUEVO CENTRO DE OCIO PARA ADOLESCENTES EN CHAMARTÍN,,5000.0,
2019,X03,Protección y promoción social,CENTRO MUNICIPAL URGENCIAS SOCIALES (CEMUS). ELIMINACIÓN FIBROCEMENTO CUBIERTA,,50000.0,
2019,X03,Protección y promoción social,"IFS-CENTRO MUNICIPAL URGENCIAS SOCIALES (CEMUS) C/RAFAEL ALBERTI, 49. OBRAS DE REFORMA",,160000.0,
2019,X03,Protección y promoción social,CENTROS SERVICIOS SOCIALES DISTRITO PUENTE DE VALLECAS. SISTEMAS ALARMA ANTI-AGRESIÓN,,32000.0,
2019,X03,Protección y promoción social,"IFS-CENTRO DE MAYORES ENTREVIAS. CUBIERTA CHAPA, SANEAMIENTO, CONSULTA PODOLOGÍA Y OTRAS",,345000.0,
2019,X03,Protección y promoción social,"IFS-CENTRO SERVICIOS SOCIALES RAMÓN PÉREZ DE AYALA. CARPINTERÍA, ADECUACIÓN ELÉCTRICA Y OTRAS",,200000.0,
2019,X03,Protección y promoción social,"CASA DE EMPLEO VALLECAS. ADQUISICION PROYETORES, ALTAVOCES, PANTALLA Y CAJA DE CONEXION",,1436.07,
2019,X00,Inversiones de carácter general,,,133353.56,14468.25
2019,X00,Inversiones de carácter general,EDIFICIO SEDE DEL DISTRITO DE PUENTE DE VALLECAS. CONSTRUCCIÓN,,28885.31,
2019,X00,Inversiones de carácter general,"IFS-LOCAL C/ JOSÉ SERRANO, 19. OBRAS DE ACONDICIONAMIENTO Y REFORMA INSTALACIONES",,14468.25,14468.25
2019,X00,Inversiones de carácter general,"EDIFICIO C/AHIJONES, S/N. SUBSANACIÓN PATOLOGÍAS",,90000.0,
2019,X11,"Deportes, juventud y esparcimiento",,,15593277.89,8974740.34
2019,X11,"Deportes, juventud y esparcimiento",DEPORTIVO BÁSICO LOS ARBOLITOS. ADECUACIÓN CAMPO DE RUGBY,,123500.0,123181.16
2019,X11,"Deportes, juventud y esparcimiento","CASA DE LA JUVENTUD C/ RÍO ESMERALDA, 15. CONSTRUCCIÓN",,220147.22,55431.23
2019,X11,"Deportes, juventud y esparcimiento",IFS-CENTRO DEPORTIVO ALBERTO GARCÍA. SUBSANACIÓN PATOLOGÍAS EN CERRAMIENTOS Y PAVIMENTOS,,220000.0,219909.1
2019,X11,"Deportes, juventud y esparcimiento",IFS-CENTRO DEPORTIVO PALOMERAS. SUBSANACIÓN PATOLOGÍAS EN PISCINA DE VERANO,,3515278.42,3515278.41
2019,X11,"Deportes, juventud y esparcimiento",IFS-DEPORTIVO BÁSICO LOS ARBOLITOS. ADECUACIÓN VESTUARIO,,331573.6,
2019,X11,"Deportes, juventud y esparcimiento",IFS-DEPORTIVO BÁSICO LOS ARBOLITOS. ADECUACIÓN CAMPO DE RUGBY,,1192892.07,1189637.03
2019,X11,"Deportes, juventud y esparcimiento",IFS-INSTALACIÓN DEPORTIVA C/ PUERTO COSTABONA. REMODELACIÓN PISTAS DE TENIS Y VESTUARIOS,,344504.7,338915.0
2019,X11,"Deportes, juventud y esparcimiento","IFS-DEPORTIVO BÁSICO FRANCISCO LAGUNA. REMODELACIÓN PAVIMENTOS, CERRAMIENTOS Y ALUMBRADO",,248345.92,192408.66
2019,X11,"Deportes, juventud y esparcimiento","IFS-CENTRO DEPORTIVO RONDA DEL SUR. REMODELACIÓN PAVIMENTOS, CERRAMIENTOS Y VESTUARIOS",,339976.14,330536.85
2019,X11,"Deportes, juventud y esparcimiento",IFS-CENTRO DEPORTIVO ENTREVÍAS. REMODELACIÓN INSTALACIONES DE FÚTBOL Y VESTUARIOS,,47877.35,45838.24
2019,X11,"Deportes, juventud y esparcimiento",IFS-CENTRO DEPORTIVO ENTREVÍAS. REMODELACIÓN CERRAMIENTOS Y PAVIMENTOS,,73118.72,73097.76
2019,X11,"Deportes, juventud y esparcimiento","IFS-CENTRO DEPORTIVO ALBERTO GARCÍA. REMODELACIÓN PAVIMENTOS, ALUMBRADO Y CERRAMIENTO",,164006.97,164006.97
2019,X11,"Deportes, juventud y esparcimiento",IFS-PISTAS DE PATINAJE MONOPATÍN C/ FRANCISCO LAGUNA. OBRAS DE REMODELACIÓN,,221040.36,221040.36
2019,X11,"Deportes, juventud y esparcimiento",IFS-CENTRO DEPORTIVO PALOMERAS. REMODELACIÓN CERRAMIENTOS Y PAVIMENTOS,,179988.43,158620.64
2019,X11,"Deportes, juventud y esparcimiento",IFS-CENTRO DEPORTIVO ENTREVÍAS.INSTALACIONES CALDERA Y EXIGENCIAS INSPECCIÓN TÉCNICA EDIFICIOS,,188385.61,188385.61
2019,X11,"Deportes, juventud y esparcimiento","IFS-POLIDEPORTIVO PUENTE DE VALLECAS. CLIMATIZADORES, VESTUARIOS, IMPERMEBAILIZACIÓN Y VARIOS",,343964.72,341798.23
2019,X11,"Deportes, juventud y esparcimiento",IFS-CENTRO DEPORTIVO PALOMERAS. ADECUACIÓN DE CUBIERTA Y PASARELA COMUNICACIÓN,,330670.8,231279.07
2019,X11,"Deportes, juventud y esparcimiento",IFS-CENTRO DEPORTIVO PALOMERAS. ADECUACIÓN DEL PABELLÓN DE DIRECCIÓN,,283027.25,190196.5
2019,X11,"Deportes, juventud y esparcimiento",IFS-CENTRO DEPORTIVO PALOMERAS. ADECUACIÓN INSTALACIONES,,149719.1,111131.03
2019,X11,"Deportes, juventud y esparcimiento",IFS-CENTRO DEPORTIVO PALOMERAS. ACONDICIONAMIENTO AULA Y REVESTIMIENTO PISCINA DE APRENDIZAJE,,98894.12,98894.12
2019,X11,"Deportes, juventud y esparcimiento",IFS-POLIDEPORTIVO ALBERTO GARCÍA. MEJORA CLIMATIZACIÓN EN PABELLÓN Y EJECUCIÓN DE RAMPA,,150789.56,150622.58
2019,X11,"Deportes, juventud y esparcimiento",IFS-CENTRO DEPORTIVO PUENTE DE VALLECAS. ADAPTACIÓN A NORMATIVA ELÉCTRICA PISCINA DE VERANO,,13565.94,13565.94
2019,X11,"Deportes, juventud y esparcimiento",IFS-CENTRO DEPORTIVO PUENTE DE VALLECAS. ADAPTACIÓN A NORMATIVA ELÉCTRICA PISCINA DE INVIERNO,,19153.79,19153.79
2019,X11,"Deportes, juventud y esparcimiento",IFS-CENTRO DEPORTIVO PALOMERAS. OBRAS ACONDICIONAMIENTO NORMATIVA ELÉCTRICA PISCINA DE VERANO,,46710.01,46710.0
2019,X11,"Deportes, juventud y esparcimiento",IFS-CENTRO DEPORTIVO PALOMERAS. ADAPTACIÓN A NORMATIVA ELÉCTRICA PISCINA DE INVIERNO,,42354.1,30548.24
2019,X11,"Deportes, juventud y esparcimiento",IFS-CENTRO DEPORTIVO PALOMERAS. ADECUACIÓN INSTALACIONES DE FÚTBOL,,305087.72,304927.44
2019,X11,"Deportes, juventud y esparcimiento",IFS-DEPORTIVO BÁSICO PUERTO BALBARÁN. ADECUACIÓN PISTAS DEPORTIVAS,,119425.5,99661.54
2019,X11,"Deportes, juventud y esparcimiento","IFS-DEPORTIVO BÁSICO JOSÉ DURÁN. ADECUACIÓN PISTAS DEPORTIVAS, ENTORNO CAMPO FÚTBOL Y OTRAS",,298430.85,298430.85
2019,X11,"Deportes, juventud y esparcimiento",IFS-DEPORTIVO BÁSICO EN PARQUE ENTREVÍAS. REMODELACIÓN ZONA PETANCA Y PATINAJE,,102246.8,72650.45
2019,X11,"Deportes, juventud y esparcimiento",PISCINA EN EL CENTRO DEPORTIVO CERRO CABEZUELO. CONSTRUCCIÓN,,79651.48,
2019,X11,"Deportes, juventud y esparcimiento",CENTRO DEPORTIVO PALOMERAS. SUBSANACIÓN PATOLOGÍAS EN PISCINA DE VERANO,,148883.54,148883.54
2019,X11,"Deportes, juventud y esparcimiento",IFS-CENTRO DEPORTIVO PALOMERAS. SUBSANACIÓN PATOLOGÍAS PISCINA DE INVIERNO,,2850000.0,
2019,X11,"Deportes, juventud y esparcimiento",DEPORTIVO BÁSICO PUERTO DE BALBARÁN. CERRAMIENTO Y MEJORAS PISTAS,,206422.0,
2019,X11,"Deportes, juventud y esparcimiento",DEPORTIVO BÁSICO ANDÉVALO. OBRAS DE REFORMA Y ADECUACIÓN,,106422.0,
2019,X11,"Deportes, juventud y esparcimiento",CENTRO DEPORTIVO ÁNGEL NIETO. TABLERO-MARCADOR ELECTRÓNICA PABELLÓN,,7223.1,
2019,X11,"Deportes, juventud y esparcimiento",IFS-DEPORTIVO BÁSICO PARQUE LUIS BUÑUEL. PAVIMENTOS Y CERRAMIENTOS.,,50000.0,
2019,X11,"Deportes, juventud y esparcimiento",IFS-CENTRO DEPORTIVO PUENTE DE VALLECAS. OBRAS DE ADECUACIÓN CUBIERTA DEL PABELLÓN,,200000.0,
2019,X11,"Deportes, juventud y esparcimiento",IFS-CENTRO DEPORTIVO PALOMERAS. ADECUACIÓN PABELLÓN DIRECCIÓN Y SUSTITUCIÓN CALDERAS,,345000.0,
2019,X11,"Deportes, juventud y esparcimiento","IFS-CENTRO DEPORTIVO ENTREVIAS. ADECUACIÓN CAMPO FÚTBOL, ASEOS Y OTROS",,345000.0,
2019,X11,"Deportes, juventud y esparcimiento",IFS-DEPORTIVO BÁSICO COLONIA TAXISTAS. REPARACIÓN DE PAVIMENTOS Y CERRAMIENTOS,,290000.0,
2019,X11,"Deportes, juventud y esparcimiento",IFS-DEPORTIVO BÁSICO PARQUE DE LA VIÑA. REPARACIÓN DE PAVIMENTOS Y CERRAMIENTOS,,80000.0,
2019,X11,"Deportes, juventud y esparcimiento",IFS-DEPORTIVO BÁSICO CARLOS SOLÉ. ADECUACIÓN PISTA DE PÁDEL,,250000.0,
2019,X11,"Deportes, juventud y esparcimiento","IFS-CENTRO DEPORTIVO ALBERTO GARCÍA. ADECUACIÓN PISTA TENIS, DE PADEL Y PISCINA CLIMATIZADA",,250000.0,
2019,X11,"Deportes, juventud y esparcimiento",IFS-DEPORTIVO BÁSICO NOVECENTO. ADECUACIÓN PISTAS DEPORTIVAS,,345000.0,
2019,X11,"Deportes, juventud y esparcimiento",IFS-DEPORTIVO BÁSICO SAN ALSELMO. ADECUACIÓN PISTA DEPORTIVA,,150000.0,
2019,X11,"Deportes, juventud y esparcimiento",IFS-DEPORTIVO BÁSICO RONDA SUR. ADECUACIÓN Y VALLADO ZONA DE PETANCA,,175000.0,
2019,X05,Educación,,,2460176.85,1948099.69
2019,X05,Educación,OTRO EQUIPAMIENTO ESCUELA INFANTIL LUISA FERNANDA,,52.22,52.22
2019,X05,Educación,OTRO EQUIPAMIENTO ESCUELA INFANTIL EL CASERÍO,,156.67,156.67
2019,X05,Educación,IFS-COLEGIO PÚBLICO VIRGEN DEL CERRO. PAVIMENTACIÓN DE LA PISTA DEPORTIVA,,71224.45,59442.23
2019,X05,Educación,IFS-COLEGIO PÚBLICO ARAGÓN. ACONDICIONAMIENTO INSTALACIONES CALDERA,,59109.97,59073.08
2019,X05,Educación,PATIOS PARA CRECER JUGANDO. MOBILIARIO Y ENSERES (ID: 11875),,99633.54,
2019,X05,Educación,"IFS-COLEGIO PÚBLICO ARAGON. PAVIMENTACION PISTA DEPORTIVA, LINEAS DE VIDA Y BAÑOS",,235000.0,206446.85
2019,X05,Educación,IFS-COLEGIO PÚBLICO CARLOS SAINZ DE LOS TERREROS. PAVIMENTACION PISTA DEPORTIVA Y GRADERÍOS,,345000.0,317946.25
2019,X05,Educación,IFS-COLEGIO PÚBLICO CONCHA ESPINA. PAVIMENTACION ACCESOS Y ZONAS INFANTILES,,200000.0,84904.39
2019,X05,Educación,"IFS-COLEGIO PÚBLICO NUÑEZ ARENAS. ADECUACIÓN ELÉCTRICA, PAVIMENTACION PISTAS Y VARIOS",,300000.0,254684.22
2019,X05,Educación,"IFS-COLEGIO PÚBLICO PALOMERAS BAJAS. ADECUACION PATIOS, MUROS PERIMETRALES Y VARIOS",,100000.0,59819.48
2019,X05,Educación,"IFS-COLEGIO PÚBLICO FRANCISCO RUANO. VALLADO PERIMETRAL, PISTAS DEPORTIVAS Y CARPINTERIA",,280000.0,251133.49
2019,X05,Educación,"IFS-COLEGIO PÚBLICO JAVIER DE MIGUEL. ACONDICIONAMIENTO PISTA DEPORTIVA, LÍNEA VIDA Y OTROS",,100000.0,93880.66
2019,X05,Educación,"IFS-COLEGIO PÚBLICO PADRE MARIANA. ADECUACIÓN ASEOS, LUMINARIAS Y CARPINTERÍA EXTERIOR",,100000.0,75390.8
2019,X05,Educación,"IFS-COLEGIO PÚBLICO EDUARDO ROJO. ADECUACIÓN PAVIMENTACIÓN, CERRAMIENTO Y OTROS",,100000.0,96944.68
2019,X05,Educación,IFS-COLEGIO PÚBLICO JOSÉ MARÍA DE PEREDA. ADECUACIÓN NORMATIVA ELÉCTRICA,,30000.0,29646.15
2019,X05,Educación,"IFS-COLEGIO PÚBLICO SANTO DOMINGO. ADECUACIÓN NORMATIVA ELÉCTRICA, CARPINTERÍA Y OTRAS",,100000.0,96321.89
2019,X05,Educación,IFS-COLEGIO PÚBLICO LA RIOJA. ADECUACIÓN NORMATIVA ELÉCTRICA Y OTRAS,,70000.0,59950.33
2019,X05,Educación,"IFS-COLEGIO PÚBLICO DOCTOR TOLOSA LATOUR. ADECUACIÓN GIMNASIO, RAMPA E INSPECCIÓN TÉCNICA EDIFICIOS",,120000.0,77156.87
2019,X05,Educación,IFS-COLEGIO PÚBLICO ASTURIAS. ADECUACIÓN CARPINTERÍA Y VALLADO PERIMETRAL,,150000.0,125149.43
2019,X04,Salud pública,,,103873.74,103303.98
2019,X04,Salud pública,SERVICIOS DE SALUBRIDAD DISTRITO PUENTE DE VALLECAS. ÚTILES Y HERRAMIENTAS,,500.0,497.76
2019,X04,Salud pública,MAQUINARIA. FRIGORIFICO DE VACUNAS PARA EL CMSc DE PUENTE DE VALLECAS,,1899.7,1899.7
2019,X04,Salud pública,EQUIPAMIENTO CENTRO MUNICIPAL DE SALUD COMUNITARIA PUENTE DE VALLECAS,,1880.22,1880.22
2019,X04,Salud pública,"EQUIPAMIENTO CENTRO MUNICIPAL DE SALUD COMUNITARIA RETIRO, C/ CONCORDIA, 15",,4396.27,4396.27
2019,X04,Salud pública,"EQUIPAMIENTO CENTRO ATENCIÓN A LAS ADICCIONES (CAD) VALLECAS, C/ CONCORDIA, 17",,4205.55,4205.55
2019,X04,Salud pública,CENTRO DE ATENCIÓN A LAS ADICCIONES (CAD) DE VALLECAS. OBRAS DE REFORMA,,5445.0,5445.0
2019,X04,Salud pública,CENTRO MUNICIPAL DE SALUD COMUNITARIA PUENTE DE VALLECAS. OBRAS DE REFORMA,,6897.0,6897.0
2019,X04,Salud pública,IFS-CENTRO ATENCIÓN DROGODEPENDIENTES DE VALLECAS. OBRAS DE REFORMA,,30250.0,30191.92
2019,X04,Salud pública,IFS-CENTRO MADRID SALUD PUENTE DE VALLECAS Y RETIRO. OBRAS DE REFORMA,,48400.0,47890.56
2020,X01,Protección Civil y seguridad ciudadana,,,4866452.97,4526662.62
2020,X01,Protección Civil y seguridad ciudadana,PARQUE DE BOMBEROS NÂº 8. REFORMA TORRE MANIOBRAS Y DEPENDENCIAS FORMACIÃN BOMBEROS,,500000.0,499998.51
2020,X01,Protección Civil y seguridad ciudadana,IFS-CÃMARAS VIDEOVIGILANCIA PÃBLICAS POLICÃA MUNICIPAL DISTRITO PUENTE DE VALLECAS,,690085.19,444206.1
2020,X01,Protección Civil y seguridad ciudadana,IFS-BASE 18 SAMUR-PROTECCIÃN CIVIL. OBRAS DE ACONDICIONAMIENTO,,69999.3,69962.55
2020,X01,Protección Civil y seguridad ciudadana,"IFS-PARQUE DE BOMBEROS NÂº 8, PUENTE DE VALLECAS. OBRA DE REHABILITACIÃN INTEGRAL (II FASE)",,3499567.61,3405694.59
2020,X01,Protección Civil y seguridad ciudadana,"BASE SAMUR PUENTE VALLECAS, AVENIDA BUENOS AIRES, 17. CONSTRUCCIÃN",,45111.9,45111.9
2020,X01,Protección Civil y seguridad ciudadana,"UNIDAD INTEGRAL POLICÃA MUNICIPAL PUENTE VALLECAS, AVDA. BUENOS AIRES, 17. CONSTRUCCIÃN",,61688.97,61688.97
2020,X12,Otros bienes públicos de carácter social,,,2968.13,2968.13
2020,X12,Otros bienes públicos de carácter social,OFICINA ATENCIÃN AL CIUDADANO NUMANCIA. ELEMENTOS PROTECTORES HIGIÃNICO-SANITARIOS,,718.74,718.74
2020,X12,Otros bienes públicos de carácter social,OFICINA ATENCIÃN AL CIUDADANO PUENTE DE VALLECAS. ELEMENTOS PROTECTORES HIGIÃNICO-SANITARIOS,,718.74,718.74
2020,X12,Otros bienes públicos de carácter social,OFICINA ATENCIÃN AL CIUDADANO LÃNEA MADRID PUENTE DE VALLECAS. SEÃALIZACIÃN,,1530.65,1530.65
2020,X10,Cultura,,,13436.86,4386.3
2020,X10,Cultura,EQUIPAMIENTO CENTROS CULTURALES DISTRITO PUENTE DE VALLECAS,,5000.0,
2020,X10,Cultura,CENTROS CULTURALES DEL DISTRITO DE PUENTE DE VALLECAS. MAMPARAS DE PROTECCIÃN,,4742.58,4386.3
2020,X10,Cultura,CENTRO CULTURAL LOPE DE VEGA. ADECUACIÃN ESPACIOS PARA CULTIVOS URBANOS Y CENTRO DE TALLERES,,3694.28,
2020,X14,Sectores productivos,,,211448.04,47866.3
2020,X14,Sectores productivos,"EDIFICIO C/ FRANCISCO LAGUNA, 38. ADECUACIÃN PARA CENTRO PROMOCIÃN ECONOMÃA SOCIAL",,211448.04,47866.3
2020,X06,Urbanismo,,,3330439.16,2246281.8
2020,X06,Urbanismo,"ADQUISICIÃN DE SUELO C/ ENRIQUE VELASCO, 16",,27520.81,27520.81
2020,X06,Urbanismo,"ADQUISICIÃN DE SUELO EN C/CALLEJO, 19",,104502.75,104502.75
2020,X06,Urbanismo,"ADQUISICIÃN DE SUELO CALLE JUAN LIMÃN, 1",,199789.11,199789.11
2020,X06,Urbanismo,"EDIFICIO C/ PEIRONCELLY, 10. ADQUISICIÃN",,870000.0,730705.6
2020,X06,Urbanismo,"DEMOLICIÃN EDIFICACIONES Y ACONDICIONAMIENTO SOLAR C/ ENRIQUE VELASCO, 16",,192274.98,185317.38
2020,X06,Urbanismo,"DEMOLICIÃN EDIFICACIONES Y ACONDICIONAMIENTO PARCELA C/ RUZAFA, 4 A 10",,45480.96,45480.96
2020,X06,Urbanismo,C/ ENRIQUE VELASCO C/V. C/ PICOS DE EUROPA. OBRAS DE URBANIZACIÃN,,322396.71,322395.29
2020,X06,Urbanismo,"DERRIBO Y ACONDICIONAMIENTO EDIFICACIÃN C/ AMADEO I, 5 Y 7",,38417.92,
2020,X06,Urbanismo,"HUERTO DEL POZO, PUENTE VALLECAS. RENATURALIZACIÃN Y FOMENTO AGRICULTURA URBANA",,834534.72,358066.54
2020,X06,Urbanismo,PLAZA PUERTO RUBIO-PEÃA GORBEA. CONEXIÃN,,19163.0,18863.82
2020,X06,Urbanismo,APR 13.01 SIERRA TOLEDANA. URBANIZACIÃN,,382909.58,209770.11
2020,X06,Urbanismo,UNIDAD VECINAL 4 DE ENTREVÃAS. URBANIZACIÃN,,2.1,
2020,X06,Urbanismo,COLONIA LA VIÃA DE ENTREVÃAS. URBANIZACIÃN,,40979.59,40979.47
2020,X06,Urbanismo,"AV. SANTA CATALINA, S/N. OBRAS ACCESORIAS DE URBANIZACIÃN",,34710.74,
2020,X06,Urbanismo,"C/ MANUEL CANO, 2. OBRAS ACCESORIAS DE URBANIZACIÃN",,4132.23,
2020,X06,Urbanismo,CONEXIÃN PEATONAL C/ MENDEZ ALVARO - AVDA. SAN DIEGO. MEJORA (ID 17: 1211 ),,210734.0,
2020,X06,Urbanismo,PLAZA DEL PUERTO DE CANFRANC DISTRITO PUENTE DE VALLECAS. OBRAS DE REMODELACIÃN,,2889.96,2889.96
2020,X07,Infraestructuras,,,3799129.41,1305470.83
2020,X07,Infraestructuras,"APARCAMIENTO SUBTERRÃNEO CAMINO DE VALDERRIBAS, PUENTE DE VALLECAS. CONSTRUCCIÃN",,161647.0,
2020,X07,Infraestructuras,ANILLO VERDE CICLISTA DISTRITO PUENTE DE VALLECAS. OBRAS DE REMODELACIÃN,,699192.33,699192.31
2020,X07,Infraestructuras,IFS-C/CONVENIO. TRAMO C/MENDEZ ÃLVARO-AVDA. SAN DIEGO. REURBANIZACIÃN - ITINERARIO PEATONAL,,2938290.08,606278.52
2020,X08,Mantenimiento urbano,,,547130.18,461741.1
2020,X08,Mantenimiento urbano,ELIMINACION BARRERAS ARQUITECTÃNICAS DISTRITO PUENTE DE VALLECAS  (ID 17: 4881 ),,512213.0,426823.92
2020,X08,Mantenimiento urbano,ACERAS Y CALZADAS EN EL DISTRITO DE PUENTE DE VALLECAS. REHABILITACIÃN (ID: 2441),,34917.18,34917.18
2020,X09,Medio ambiente,,,4753996.39,3688483.7
2020,X09,Medio ambiente,IFS-PARQUE FORESTAL DE ENTREVIAS.MEJORA DE CAMINOS E INSTALACION DE HIDRANTES,,1319725.74,862017.03
2020,X09,Medio ambiente,IFS-PARQUE RONDA DEL SUR-SANTA CATALINA.REHABILITACION Y ORDENACION DE USOS,,1089857.26,815129.78
2020,X09,Medio ambiente,FUENTES DE AGUA POTABLE EN EL DISTRITO PUENTE DE VALLECAS. INSTALACIÃN (ID: 558),,25680.86,23183.49
2020,X09,Medio ambiente,PARQUE SIERRA DEL VALLE Y ALEDAÃOS. REHABILITACIÃN Y ORDENACIÃN DE USOS,,1040752.38,907088.77
2020,X09,Medio ambiente,ZONA VERDE PLAZA PADRE LLANOS. REHABILITACIÃN DE USOS,,84467.33,25505.85
2020,X09,Medio ambiente,JARDINES DEL CAMPO DEL TORO. REMODELACIÃN,,463712.48,463712.48
2020,X09,Medio ambiente,PARQUE DEL CERRO DEL TÃO PÃO. REMODELACIÃN (ID: 67),,608400.44,528177.62
2020,X09,Medio ambiente,HUERTO EL POZO. ADQUISICIÃN ÃTILES Y HERRAMIENTAS,,18000.0,17782.78
2020,X09,Medio ambiente,"PUNTO LIMPIO C/ JOSÃ PAULETE, 43. OBRAS DE VALLADO",,55000.0,45885.9
2020,X09,Medio ambiente,ZONA VERDE TRAVESÃA PEDRO LABORDE. MEJORA Y EQUIPAMIENTO,,48399.9,
2020,X03,Protección y promoción social,,,3303153.51,2479641.47
2020,X03,Protección y promoción social,IFS-EQUIPAMIENTO NUEVO CENTRO DE OCIO PARA ADOLESCENTES EN PUENTE DE VALLECAS,,4994.96,4994.96
2020,X03,Protección y promoción social,"IFS-CENTRO MUNICIPAL URGENCIAS SOCIALES (CEMUS) C/RAFAEL ALBERTI, 49. OBRAS DE REFORMA",,158169.92,158169.54
2020,X03,Protección y promoción social,"CENTRO DE SERVICIOS SOCIALES ENTREVÃAS, C/ YUSTE, 8. AMPLIACIÃN",,2201471.12,2201470.95
2020,X03,Protección y promoción social,CENTRO DE SERVICIOS SOCIALES SAN DIEGO. AMPLIACIÃN,,865435.9,47076.83
2020,X03,Protección y promoción social,EQUIPAMIENTO CENTROS DE SERVICIOS SOCIALES DISTRITO PUENTE DE VALLECAS,,5000.0,
2020,X03,Protección y promoción social,CENTROS SERVICIOS SOCIALES DISTRITO PUENTE DE VALLECAS. MAMPARAS PROTECTORAS,,66120.2,65967.78
2020,X03,Protección y promoción social,AGENCIA DE ZONA DE PUENTE DE VALLECAS. MAMPARAS Y BIOMBOS PROTECTORES,,1961.41,1961.41
2020,X00,Inversiones de carácter general,,,508230.07,496403.08
2020,X00,Inversiones de carácter general,EDIFICIO SEDE DEL DISTRITO DE PUENTE DE VALLECAS. CONSTRUCCIÃN,,136022.21,136021.24
2020,X00,Inversiones de carácter general,"EDIFICIO C/AHIJONES, S/N. SUBSANACIÃN PATOLOGÃAS",,317326.36,317326.35
2020,X00,Inversiones de carácter general,JUNTA MUNICIPAL DEL DISTRITO DE PUENTE DE VALLECAS. MAMPARAS DE PROTECCIÃN,,6481.5,5994.59
2020,X00,Inversiones de carácter general,EDIFICIO CENTRO CULTURAL LOPE DE VEGA. ADECUACIÃN ESPACIOS PARA SERVICIOS ADMINISTRATIVOS,,48400.0,37060.9
2020,X11,"Deportes, juventud y esparcimiento",,,5775091.45,5558573.5
2020,X11,"Deportes, juventud y esparcimiento","CASA DE LA JUVENTUD C/ RÃO ESMERALDA, 15. CONSTRUCCIÃN",,450000.0,449999.99
2020,X11,"Deportes, juventud y esparcimiento",PISCINA EN EL CENTRO DEPORTIVO CERRO CABEZUELO. CONSTRUCCIÃN,,90878.82,90878.82
2020,X11,"Deportes, juventud y esparcimiento",IFS-CENTRO DEPORTIVO PALOMERAS. SUBSANACIÃN PATOLOGÃAS PISCINA DE INVIERNO,,2850000.0,2850000.0
2020,X11,"Deportes, juventud y esparcimiento",EQUIPAMIENTO CENTROS DEPORTIVOS MUNICIPALES DISTRITO PUENTE DE VALLECAS,,15202.31,
2020,X11,"Deportes, juventud y esparcimiento",CENTROS DEPORTIVOS DEL DISTRITO DE PUENTE DE VALLECAS. MAMPARAS DE PROTECCIÃN,,6797.69,6287.02
2020,X11,"Deportes, juventud y esparcimiento","CENTROS DEPORTIVOS PUENTE VALLECAS.EQUIPOS COMUNICACIÃN ALERTAS SANITARIAS,EMERGENCIAS Y SEGURIDAD",,4000.0,
2020,X11,"Deportes, juventud y esparcimiento",DEPORTIVO BÃSICO PARQUE LUIS BUÃUEL. PAVIMENTOS Y CERRAMIENTOS.,,1542.13,
2020,X11,"Deportes, juventud y esparcimiento",CENTRO DEPORTIVO PUENTE DE VALLECAS. OBRAS DE ADECUACIÃN CUBIERTA DEL PABELLÃN,,2849.23,
2020,X11,"Deportes, juventud y esparcimiento",CENTRO DEPORTIVO PALOMERAS. ADECUACIÃN PABELLÃN DIRECCIÃN Y SUSTITUCIÃN CALDERAS,,1258.88,
2020,X11,"Deportes, juventud y esparcimiento","CENTRO DEPORTIVO ENTREVIAS. ADECUACIÃN CAMPO FÃTBOL, ASEOS Y OTROS",,1542.13,
2020,X11,"Deportes, juventud y esparcimiento",DEPORTIVO BÃSICO COLONIA TAXISTAS. REPARACIÃN DE PAVIMENTOS Y CERRAMIENTOS,,1825.38,
2020,X11,"Deportes, juventud y esparcimiento",DEPORTIVO BÃSICO PARQUE DE LA VIÃA. REPARACIÃN DE PAVIMENTOS Y CERRAMIENTOS,,1542.13,
2020,X11,"Deportes, juventud y esparcimiento","CENTRO DEPORTIVO ALBERTO GARCÃA. ADECUACIÃN PISTA TENIS, DE PADEL Y PISCINA CLIMATIZADA",,2391.88,
2020,X11,"Deportes, juventud y esparcimiento",DEPORTIVO BÃSICO NOVECENTO. ADECUACIÃN PISTAS DEPORTIVAS,,1825.38,
2020,X11,"Deportes, juventud y esparcimiento",DEPORTIVO BÃSICO SAN ALSELMO. ADECUACIÃN PISTA DEPORTIVA,,1542.13,
2020,X11,"Deportes, juventud y esparcimiento",DEPORTIVO BÃSICO RONDA SUR. ADECUACIÃN Y VALLADO ZONA DE PETANCA,,1825.38,
2020,X11,"Deportes, juventud y esparcimiento","DEPORTIVOS BÃSICOS DISTRITO PUENTE VALLECAS. CONTROL ACCESOS, AFORO Y SEGURIDAD",,48399.94,47190.0
2020,X11,"Deportes, juventud y esparcimiento","DEPORTIVO BÃSICO RAMÃN PÃREZ DE AYALA. CERRAMIENTO, TECHADO Y OTRAS",,276988.0,271893.5
2020,X11,"Deportes, juventud y esparcimiento",DEPORTIVO BÃSICO CAZORLA. REHABILITACIÃN DE PISTAS DEPORTIVAS,,120000.0,70737.58
2020,X11,"Deportes, juventud y esparcimiento",DEPORTIVO BÃSICO PALOMERAS BAJAS. ACONDICIONAMIENTO EXTERIOR Y CERRAMIENTO,,35000.0,28767.58
2020,X11,"Deportes, juventud y esparcimiento",DEPORTIVO BÃSICO IMÃGEN. ACONDICIONAMIENTO EXTERIOR Y CIRCUITO BIOSALUDABLE,,26485.0,
2020,X11,"Deportes, juventud y esparcimiento",IFS-DEPORTIVO BÃSICO PARQUE LUIS BUÃUEL. PAVIMENTOS Y CERRAMIENTOS.,,49976.45,48359.12
2020,X11,"Deportes, juventud y esparcimiento",IFS-CENTRO DEPORTIVO PUENTE DE VALLECAS. OBRAS DE ADECUACIÃN CUBIERTA DEL PABELLÃN,,135116.03,120082.75
2020,X11,"Deportes, juventud y esparcimiento",IFS-CENTRO DEPORTIVO PALOMERAS. ADECUACIÃN PABELLÃN DIRECCIÃN Y SUSTITUCIÃN CALDERAS,,319834.28,319834.07
2020,X11,"Deportes, juventud y esparcimiento","IFS-CENTRO DEPORTIVO ENTREVIAS. ADECUACIÃN CAMPO FÃTBOL, ASEOS Y OTROS",,233806.13,214877.46
2020,X11,"Deportes, juventud y esparcimiento",IFS-DEPORTIVO BÃSICO COLONIA TAXISTAS. REPARACIÃN DE PAVIMENTOS Y CERRAMIENTOS,,288275.74,274132.84
2020,X11,"Deportes, juventud y esparcimiento",IFS-DEPORTIVO BÃSICO PARQUE DE LA VIÃA. REPARACIÃN DE PAVIMENTOS Y CERRAMIENTOS,,79999.13,79999.12
2020,X11,"Deportes, juventud y esparcimiento","IFS-CENTRO DEPORTIVO ALBERTO GARCÃA. ADECUACIÃN PISTA TENIS, DE PADEL Y PISCINA CLIMATIZADA",,249065.55,249064.33
2020,X11,"Deportes, juventud y esparcimiento",IFS-DEPORTIVO BÃSICO NOVECENTO. ADECUACIÃN PISTAS DEPORTIVAS,,272063.71,245712.43
2020,X11,"Deportes, juventud y esparcimiento",IFS-DEPORTIVO BÃSICO SAN ALSELMO. ADECUACIÃN PISTA DEPORTIVA,,101497.45,95560.08
2020,X11,"Deportes, juventud y esparcimiento",IFS-DEPORTIVO BÃSICO RONDA SUR. ADECUACIÃN Y VALLADO ZONA DE PETANCA,,103560.57,95196.81
2020,X05,Educación,,,842456.22,730983.85
2020,X05,Educación,COLEGIO PÃBLICO PADRE MARIANA. ADECUACIÃN PISTAS DEPORTIVAS,,7252.0,
2020,X05,Educación,"EQUIPAMIENTO ESCUELA INFANTIL LUISA FERNANDA, C/COCHERÃN DE LA VILLA, 29",,446.49,446.49
2020,X05,Educación,COLEGIOS PÃBLICOS DEL BARRIO DE ENTREVÃAS.PATIOS ESCOLARES SALUDABLES E INCLUSIVOS(ID19:11875),,0.01,
2020,X05,Educación,COLEGIO PÃBLICO FRANCISCO RUANO. PATIO ESCOLAR SALUDABLE E INCLUSIVO (ID 19: 11875),,48815.91,48590.97
2020,X05,Educación,COLEGIO PÃBLICO FRANCISCO GINER DE LOS RÃOS. PATIO ESCOLAR SALUDABLE E INCLUSIVO (ID 19: 11875),,31963.04,31963.04
2020,X05,Educación,COLEGIO PÃBLICO JOSÃ MARÃA DE PEREDA. PATIO ESCOLAR SALUDABLE E INCLUSIVO (ID 19: 11875),,43573.9,43573.88
2020,X05,Educación,COLEGIO PÃBLICO MANUEL NÃÃEZ DE ARENAS. PATIO ESCOLAR SALUDABLE E INCLUSIVO (ID 19: 11875),,32601.58,32156.61
2020,X05,Educación,COLEGIO PÃBLICO PADRE MARIANA. PATIO ESCOLAR SALUDABLE E INCLUSIVO (ID 19: 11875),,28169.98,28169.98
2020,X05,Educación,COLEGIO PÃBLICO EDUARDO ROJO. PATIO ESCOLAR SALUDABLE E INCLUSIVO (ID 19: 11875),,59094.08,59094.08
2020,X05,Educación,COLEGIO PÃBLICO EL MADROÃO. PATIO ESCOLAR SALUDABLE E INCLUSIVO (ID 19: 11875),,50517.26,50380.52
2020,X05,Educación,COLEGIO PÃBLICO JAVIER DE MIGUEL. PATIO ESCOLAR SALUDABLE E INCLUSIVO (ID 19: 11875),,58126.84,58075.38
2020,X05,Educación,COLEGIO PÃBLICO PALOMERAS BAJAS. PATIO ESCOLAR SALUDABLE E INCLUSIVO (ID 19: 11875),,56415.86,56246.87
2020,X05,Educación,COLEGIO PÃBLICO SAN PABLO. PATIO ESCOLAR SALUDABLE E INCLUSIVO (ID 19: 11875),,35141.05,34917.61
2020,X05,Educación,COLEGIO PÃBLICO VIRGEN DEL CERRO. PATIO ESCOLAR SALUDABLE E INCLUSIVO (ID 19: 11875),,55580.49,55580.49
2020,X05,Educación,"IFS-COLEGIO PÃBLICO ARAGON. PAVIMENTACION PISTA DEPORTIVA, LINEAS DE VIDA Y BAÃOS",,28492.15,8833.19
2020,X05,Educación,IFS-COLEGIO PÃBLICO CARLOS SAINZ DE LOS TERREROS. PAVIMENTACION PISTA DEPORTIVA Y GRADERÃOS,,21924.29,21924.24
2020,X05,Educación,IFS-COLEGIO PÃBLICO CONCHA ESPINA. PAVIMENTACION ACCESOS Y ZONAS INFANTILES,,115086.02,100328.77
2020,X05,Educación,"IFS-COLEGIO PÃBLICO NUÃEZ ARENAS. ADECUACIÃN ELÃCTRICA, PAVIMENTACION PISTAS Y VARIOS",,45120.08,31829.38
2020,X05,Educación,"IFS-COLEGIO PÃBLICO PALOMERAS BAJAS. ADECUACION PATIOS, MUROS PERIMETRALES Y VARIOS",,39360.41,30832.25
2020,X05,Educación,"IFS-COLEGIO PÃBLICO FRANCISCO RUANO. VALLADO PERIMETRAL, PISTAS DEPORTIVAS Y CARPINTERIA",,10411.33,1504.09
2020,X05,Educación,"IFS-COLEGIO PÃBLICO JAVIER DE MIGUEL. ACONDICIONAMIENTO PISTA DEPORTIVA, LÃNEA VIDA Y OTROS",,6082.3,15.62
2020,X05,Educación,"IFS-COLEGIO PÃBLICO PADRE MARIANA. ADECUACIÃN ASEOS, LUMINARIAS Y CARPINTERÃA EXTERIOR",,24575.38,10112.56
2020,X05,Educación,"IFS-COLEGIO PÃBLICO EDUARDO ROJO. ADECUACIÃN PAVIMENTACIÃN, CERRAMIENTO Y OTROS",,3038.5,108.88
2020,X05,Educación,IFS-COLEGIO PÃBLICO JOSÃ MARÃA DE PEREDA. ADECUACIÃN NORMATIVA ELÃCTRICA,,300.36,
2020,X05,Educación,"IFS-COLEGIO PÃBLICO SANTO DOMINGO. ADECUACIÃN NORMATIVA ELÃCTRICA, CARPINTERÃA Y OTRAS",,3669.71,
2020,X05,Educación,IFS-COLEGIO PÃBLICO LA RIOJA. ADECUACIÃN NORMATIVA ELÃCTRICA Y OTRAS,,10019.06,2538.81
2020,X05,Educación,"IFS-COLEGIO PÃBLICO DOCTOR TOLOSA LATOUR. ADECUACIÃN GIMNASIO, RAMPA E INSPECCIÃN TÃCNICA EDIFICIOS",,1885.99,
2020,X05,Educación,IFS-COLEGIO PÃBLICO ASTURIAS. ADECUACIÃN CARPINTERÃA Y VALLADO PERIMETRAL,,24792.15,23760.14
2020,X04,Salud pública,,,32729.06,32229.06
2020,X04,Salud pública,SERVICIOS SALUBRIDAD PÃBLICA DISTRITO PUENTE DE VALLECAS. ÃTILES Y HERRAMIENTAS,,500.0,
2020,X04,Salud pública,"CENTRO ATENCIÃN A LAS ADICCIONES (CAD) VALLECAS, C/ CONCORDIA, 17. MAQUINARIA",,2696.09,2696.09
2020,X04,Salud pública,"EQUIPAMIENTO CENTRO ATENCIÃN A LAS ADICCIONES (CAD) VALLECAS, C/ CONCORDIA, 17",,18102.33,18102.33
2020,X04,Salud pública,CENTRO ATENCIÃN ADICCIONES (CAD) VALLECAS. ELEMENTOS Y SEÃALIZACIÃN PROTECCIÃN,,4983.44,4983.44
2020,X04,Salud pública,CENTRO MUNICIPAL SALUD PUENTE DE VALLECAS. ELEMENTOS Y SEÃALIZACIÃN PROTECCIÃN,,6447.2,6447.2
2021,X01,Protección Civil y seguridad ciudadana,,,3593291.3,3463174.73
2021,X01,Protección Civil y seguridad ciudadana,"BASE SAMUR PUENTE VALLECAS, AVENIDA BUENOS AIRES, 17. CONSTRUCCIÓN",,400073.46,399220.07
2021,X01,Protección Civil y seguridad ciudadana,"UNIDAD INTEGRAL POLICÍA MUNICIPAL PUENTE VALLECAS, AVDA. BUENOS AIRES, 17. CONSTRUCCIÓN",,350018.03,349724.7
2021,X01,Protección Civil y seguridad ciudadana,"PARQUE DE BOMBEROS Nº 8, PUENTE DE VALLECAS. OBRA DE REHABILITACIÓN INTEGRAL (II FASE)",,443870.0,439128.64
2021,X01,Protección Civil y seguridad ciudadana,PARQUE DE BOMBEROS Nº 8. REFORMA TORRE MANIOBRAS Y DEPENDENCIAS FORMACIÓN BOMBEROS,,2249573.0,2246871.57
2021,X01,Protección Civil y seguridad ciudadana,BASE 18 SAMUR-PROTECCIÓN CIVIL. ADECUACIÓN PUERTAS Y MOTORES E INSTALACIÓN SISTEMA SEGURIDAD,,4060.76,
2021,X01,Protección Civil y seguridad ciudadana,"MUSEO DE BOMBEROS, C/ BOADA, 4. ADQUISICIÓN DE ATRILES EXPOSITORES",,3676.12,3020.16
2021,X01,Protección Civil y seguridad ciudadana,EQUIPAMIENTO MUSEO DE BOMBEROS,,115000.0,
2021,X01,Protección Civil y seguridad ciudadana,"EQUIPAMIENTO PARQUE DE BOMBEROS 8, AVDA. PÍO FELIPE, 24",,27019.93,25209.59
2021,X12,Otros bienes públicos de carácter social,,,2994.58,2667.88
2021,X12,Otros bienes públicos de carácter social,OFICINA ATENCIÓN CIUDADANO LÍNEA MADRID PUENTE VALLECAS. ELEMENTOS PROTECCIÓN HIGIÉNICO-SANITARIOS,,418.66,418.66
2021,X12,Otros bienes públicos de carácter social,OFICINA ATENCIÓN CIUDADANO LÍNEA MADRID NUMANCIA. ELEMENTOS PROTECCIÓN HIGIÉNICO-SANITARIOS,,817.96,817.96
2021,X12,Otros bienes públicos de carácter social,EQUIPAMIENTO OFICINA ATENCIÓN AL CIUDADANO LÍNEA MADRID DE NUMANCIA,,1594.61,1431.26
2021,X12,Otros bienes públicos de carácter social,EQUIPAMIENTO OFICINA ATENCIÓN AL CIUDADANO LÍNEA MADRID DE PUENTE DE VALLECAS,,163.35,
2021,X10,Cultura,,,339612.01,125845.51
2021,X10,Cultura,BIBLIOTECA PÚBLICA DE VALLECAS. ADAPTACIÓN A NORMATIVA DE ACCESIBILIDAD,,99655.04,
2021,X10,Cultura,CENTRO CULTURAL LOPE DE VEGA. ADECUACIÓN ESPACIOS PARA CULTIVOS URBANOS Y CENTRO DE TALLERES,,3040.2,
2021,X10,Cultura,BIBLIOTECAS DEL DISTRITO DE PUENTE DE VALLECAS. LIBROS Y MATERIAL AUDIOVISUAL (ID 20: 16379),,50000.0,7582.39
2021,X10,Cultura,MONUMENTO A MARÍA DE VILLOTA EN EL DISTRITO PUENTE DE VALLECAS,,14000.0,13104.78
2021,X10,Cultura,CENTRO CULTURAL LOPE DE VEGA. ADECUACIÓN ESCALERA,,102775.54,102691.39
2021,X10,Cultura,MEMORIAL DE LA HISTORIA Y CULTURA DEL DISTRITO DE PUENTE DE VALLECAS. INSTALACIÓN (ID 18:2420),,17382.0,
2021,X10,Cultura,EQUIPAMIENTO CENTROS CULTURALES DISTRITO PUENTE DE VALLECAS,,32500.0,
2021,X10,Cultura,CENTROS CULTURALES DISTRITO PUENTE DE VALLECAS. PANTALLAS PUBLICITARIAS,,15000.0,
2021,X10,Cultura,CENTROS CULTURALES DISTRITO PUENTE DE VALLECAS. MEDIDORES CO2 (DIÓXIDO DE CARBONO),,3775.2,2466.95
2021,X10,Cultura,"CENTRO CULTURAL LOPE DE VEGA.ADECUACIÓN SISTEMA DE VENTILACIÓN,ADAPTACIÓN A NORMATIVA Y OTRAS",,1484.03,
2021,X06,Urbanismo,,,8039457.79,6694898.56
2021,X06,Urbanismo,"ADQUISICIÓN SUELO C/ JOSEFA DÍAZ, 7",,1001173.55,1001173.55
2021,X06,Urbanismo,APR 13.01 SIERRA TOLEDANA. URBANIZACIÓN,,2022643.1,1098634.85
2021,X06,Urbanismo,"AV. SANTA CATALINA, S/N. OBRAS ACCESORIAS DE URBANIZACIÓN",,34710.74,
2021,X06,Urbanismo,"C/ MANUEL CANO, 2. OBRAS ACCESORIAS DE URBANIZACIÓN",,12396.69,
2021,X06,Urbanismo,C/ DOCTOR SALGADO C/V C/ PICO CEJO. OBRAS DE URBANIZACIÓN ACCESORIAS,,64962.02,64962.02
2021,X06,Urbanismo,ADQUISICIÓN SUELO C/DOCTOR SÁNCHEZ Y OTRAS API 13.15,,391727.73,391727.73
2021,X06,Urbanismo,"ADQUISICIÓN DE SUELO CALLE JUAN LIMÓN, 1",,11746.99,11746.99
2021,X06,Urbanismo,"ADQUISICIÓN SUELO EN C/ IMAGEN, 25",,85144.15,85144.15
2021,X06,Urbanismo,"ADQUISICIÓN DE SUELO EN C/ IMAGEN, 25. EQUIPAMIENTOS",,609835.89,609835.89
2021,X06,Urbanismo,"EDIFICIO C/ PEIRONCELLY, 10. ADQUISICIÓN",,110000.0,104543.07
2021,X06,Urbanismo,"DERRIBO Y ACONDICIONAMIENTO EDIFICACIÓN C/ AMADEO I, 5 Y 7",,31222.11,31222.11
2021,X06,Urbanismo,"EDIFICACIÓN C/ PEIRONCELY, 10. TABICADO Y ADOPCIÓN MEDIDAS DE SEGURIDAD",,13048.0,12521.12
2021,X06,Urbanismo,"HUERTO DEL POZO, PUENTE VALLECAS. RENATURALIZACIÓN Y FOMENTO AGRICULTURA URBANA",,963288.54,874902.11
2021,X06,Urbanismo,"PARCELA MUNICIPAL C/ MAQUINILLA, 28. OBRAS DE URBANIZACIÓN ACCESO",,563252.34,561315.6
2021,X06,Urbanismo,"C/ SAN MOISÉS, 38 C/V TRAVESÍA DOCTOR SÁNCHEZ. OBRAS DE URBANIZACIÓN ACCESORIAS",,33382.51,33375.33
2021,X06,Urbanismo,C/ MONTE CALOBRO. OBRAS DE URBANIZACIÓN ACCESORIAS,,86181.73,77542.01
2021,X06,Urbanismo,PLAZA DEL PUERTO DE CANFRANC DISTRITO PUENTE DE VALLECAS. OBRAS DE REMODELACIÓN,,27111.0,17692.73
2021,X06,Urbanismo,ITINERARIO DE MIRADORES EN EL DISTRITO PUENTE DE VALLECAS (ID 18: 311 Y 840),,1834128.0,1718559.3
2021,X06,Urbanismo,C/ MORENO NAVARRO. OBRAS DE PEATONALIZACIÓN Y ACCESIBILIDAD,,43502.7,
2021,X06,Urbanismo,"C/ANTONIA CALAS,CASCO ANTIGUO PUENTE VALLECAS.ADECUACIÓN DEL ESPACIO PÚBLICO Y MEJORA ACCESIBILIDAD",,100000.0,
2021,X07,Infraestructuras,,,1608485.92,1608482.74
2021,X07,Infraestructuras,ANILLO VERDE CICLISTA DISTRITO PUENTE DE VALLECAS. OBRAS DE REMODELACIÓN,,158754.8,158754.8
2021,X07,Infraestructuras,"APARCAMIENTO SUBTERRÁNEO CAMINO DE VALDERRIBAS, PUENTE DE VALLECAS. CONSTRUCCIÓN",,81812.46,81812.21
2021,X07,Infraestructuras,C/CONVENIO. TRAMO C/MENDEZ ÁLVARO-AVDA. SAN DIEGO. REURBANIZACIÓN - ITINERARIO PEATONAL,,1367918.66,1367915.73
2021,X08,Mantenimiento urbano,,,2578405.57,2446936.87
2021,X08,Mantenimiento urbano,CALLES DE AVENIDA DE ENTREVÍAS Y PUERTO DE BALBARÁN. REHABILITACIÓN DE CALZADAS,,598683.09,593847.85
2021,X08,Mantenimiento urbano,AVENIDA ALBUFERA. RENOVACIÓN CAPA DE RODADURA,,455084.15,396529.39
2021,X08,Mantenimiento urbano,"AVENIDA DE LAS GLORIETAS,LEONOR GONZÁLEZ,MANUEL NOGUEIRO Y OTRAS. MEJORA BASE PAVIMENTO",,398986.23,349844.74
2021,X08,Mantenimiento urbano,HIDRANTES EN EL DISTRITO PUENTE DE VALLECAS. INSTALACIÓN,,4898.9,4898.9
2021,X08,Mantenimiento urbano,ÁREAS DEPORTIVAS ELEMENTALES DISTRITO PUENTE DE VALLECAS. INSTALACIÓN,,107666.98,107666.96
2021,X08,Mantenimiento urbano,JUEGOS PARA ÁREAS INFANTILES DETERIORADAS DISTRITO PUENTE DE VALLECAS,,59393.4,59393.39
2021,X08,Mantenimiento urbano,"POLÍGONO INDUSTRIAL PUENTE DE VALLECAS, AV. DEMOCRACIA. OBRAS DE REMODELACIÓN",,745570.5,745570.49
2021,X08,Mantenimiento urbano,CALLES DE ANDALUCES DEL POZO Y SAN CLAUDIO. MEJORA Y REHABILITACIÓN DE CALZADAS,,160035.64,141098.49
2021,X08,Mantenimiento urbano,CALLE DEL PADRE LLANOS. OBRAS DE ADECUACIÓN DE VIALES Y MEJORA DE LA ACCESIBILIDAD,,48086.68,48086.66
2021,X09,Medio ambiente,,,347419.63,285221.21
2021,X09,Medio ambiente,PARQUE GARRIGUES WALKER.REHABILITACION Y ORDENACION DE USOS,,200000.0,138558.9
2021,X09,Medio ambiente,PARQUE LINEAL DEL MANZANARES.IMPERMEABILIZACIÓN DE FUENTES SINGULARES,,0.36,
2021,X09,Medio ambiente,PARQUE FORESTAL DE ENTREVIAS.MEJORA DE CAMINOS E INSTALACION DE HIDRANTES,,25860.4,25859.82
2021,X09,Medio ambiente,ZONA VERDE ENTORNO C/ TEJAR DE LA PASTORA Y C/ SIERRA ELVIRA. OBRAS DE ACONDICIONAMIENTO,,66538.0,65781.64
2021,X09,Medio ambiente,REPARACIÓN Y CLAUSURA DE ALCORQUES EN EL DISTRITO DE PUENTE DE VALLECAS (ID 19: 9134),,11566.83,11566.81
2021,X09,Medio ambiente,ZONA VERDE TRAVESÍA PEDRO LABORDE. MEJORA Y EQUIPAMIENTO,,43454.04,43454.04
2021,X03,Protección y promoción social,,,1994944.34,1525434.14
2021,X03,Protección y promoción social,CENTRO DE SERVICIOS SOCIALES SAN DIEGO. AMPLIACIÓN,,1535507.19,1113928.1
2021,X03,Protección y promoción social,EQUIPAMIENTO CENTROS DE MAYORES DEL DISTRITO DE PUENTE DE VALLECAS,,991.89,
2021,X03,Protección y promoción social,EQUIPAMIENTO CENTRO DE MAYORES ENTREVÍAS,,5243.0,
2021,X03,Protección y promoción social,EQUIPAMIENTO CENTRO DE MAYORES PABLO NERUDA,,5172.75,5172.75
2021,X03,Protección y promoción social,EQUIPAMIENTO OFFICE CENTRO DE DÍA DE MAYORES ENTREVÍAS,,11086.02,6651.61
2021,X03,Protección y promoción social,CENTRO DE MAYORES ENTREVÍAS. ADQUISICIÓN MOBILIARIO Y MATERIAL AUDIOVISUAL,,13100.67,9200.39
2021,X03,Protección y promoción social,"CENTRO DE SERVICIOS SOCIALES ENTREVÍAS, C/ YUSTE, 8. AMPLIACIÓN",,197806.72,197806.72
2021,X03,Protección y promoción social,EQUIPAMIENTO CENTRO DE SERVICIOS SOCIALES DE ENTREVÍAS,,25533.0,
2021,X03,Protección y promoción social,EQUIPAMIENTO CENTRO DE MAYORES NAVACERRADA,,4222.9,4222.9
2021,X03,Protección y promoción social,CENTRO DE MAYORES ENTREVÍAS. OTRO MOBILIARIO Y ENSERES,,5935.05,5935.05
2021,X03,Protección y promoción social,CENTROS DE MAYORES DISTRITO PUENTE DE VALLECAS. MEDIDORES CO2 (DIÓXIDO DE CARBONO),,2516.8,1644.63
2021,X03,Protección y promoción social,CENTROS DE SERVICIOS SOCIALES DISTRITO PUENTE DE VALLECAS. MEDIDORES CO2 (DIÓXIDO DE CARBONO),,4041.4,3059.61
2021,X03,Protección y promoción social,CASA DE EMPLEO DE VALLECAS. OBRAS DE ACONDICIONAMIENTO Y ADECUACIÓN CLIMATIZACIÓN,,183786.95,177812.38
2021,X00,Inversiones de carácter general,,,225856.04,161633.66
2021,X00,Inversiones de carácter general,EDIFICIO SEDE DEL DISTRITO DE PUENTE DE VALLECAS. CONSTRUCCIÓN,,146174.51,144479.99
2021,X00,Inversiones de carácter general,EQUIPAMIENTO SERVICIOS ADMINISTRATIVOS DISTRITO PUENTE DE VALLECAS,,16150.0,13682.91
2021,X00,Inversiones de carácter general,SERVICIOS ADMINISTRATIVOS DISTRITO PUENTE DE VALLECAS. MEDIDORES CO2 (DIOXIDO DE CARBONO),,4670.6,3470.76
2021,X00,Inversiones de carácter general,OBRAS DE MEJORA Y ACONDICIONAMIENTO EDIFICIOS DISTRITO DE PUENTE DE VALLECAS,,58860.93,
2021,X11,"Deportes, juventud y esparcimiento",,,6558894.16,3315607.36
2021,X11,"Deportes, juventud y esparcimiento",VESTUARIOS CAMPOS DE RUGBY Y FÚTBOL EN ENTREVÍAS. CONSTRUCCIÓN,,41603.38,31647.14
2021,X11,"Deportes, juventud y esparcimiento",CENTRO DEPORTIVO PALOMERAS. OBRAS REFORMA CUBIERTA PISTAS DE PÁDEL,,476553.89,424375.58
2021,X11,"Deportes, juventud y esparcimiento",CREACIÓN RUTA DE ROCÓDROMOS ZONAS VERDES DISTRITO PUENTE DE VALLECAS  (ID 20: 16310),,125000.0,
2021,X11,"Deportes, juventud y esparcimiento",INSTALACIONES DEPORTIVAS BIOSALUDABLES EN EL DISTRITO DE PUENTE DE VALLECAS,,125000.0,
2021,X11,"Deportes, juventud y esparcimiento",OBRAS DE MEJORA Y ACONDICIONAMIENTO INSTALACIONES DEPORTIVAS DISTRITO DE PUENTE DE VALLECAS,,51171.06,
2021,X11,"Deportes, juventud y esparcimiento",DEPORTIVO BÁSICO YESEROS. REHABILITACIÓN PISTAS DEPORTIVAS,,247226.18,20877.73
2021,X11,"Deportes, juventud y esparcimiento",CENTRO DEPORTIVO VALLECAS. OBRAS DE MEJORA EN PISCINAS Y ACONDICIONAMIENTO VARIAS ZONAS,,422840.04,
2021,X11,"Deportes, juventud y esparcimiento","CENTRO DEPORTIVO WILFRED AGBONAVBARE.MEJORAS EN PISCINA CUBIERTA, CAMPO DE FÚTBOL Y ACCESIBILIDAD",,129625.22,
2021,X11,"Deportes, juventud y esparcimiento",DEPORTIVO BÁSICO IMAGEN. REHABILITACIÓN PISTAS DEPORTIVAS,,631712.77,246080.79
2021,X11,"Deportes, juventud y esparcimiento",DEPORTIVOS BÁSICOS DISTRITO DE PUENTE DE VALLECAS. MEJORA ACOMETIDA ELÉCTRICA E ILUMINACIÓN,,291208.52,
2021,X11,"Deportes, juventud y esparcimiento",DEPORTIVO BÁSICO SAN ANSELMO. MEJORA ACOMETIDA ELÉCTRICA E ILUMINACIÓN DE PISTAS,,19252.96,
2021,X11,"Deportes, juventud y esparcimiento",DEPORTIVO BÁSICO LOS ARBOLITOS. INSTALACIÓN MÓDULOS VESTUARIO PROVISIONAL CAMPO RUGBY,,150000.0,
2021,X11,"Deportes, juventud y esparcimiento",CENTRO DEPORTIVO PALOMERAS. ADOPCIÓN MEDIDAS DE SEGURIDAD,,12466.96,12466.96
2021,X11,"Deportes, juventud y esparcimiento",EQUIPAMIENTO CENTRO DEPORTIVO PUENTE DE VALLECAS,,22000.0,
2021,X11,"Deportes, juventud y esparcimiento","CASA DE LA JUVENTUD C/ RÍO ESMERALDA, 15. CONSTRUCCIÓN",,1400932.73,1400924.86
2021,X11,"Deportes, juventud y esparcimiento",CENTRO DEPORTIVO WILFRED AGBONAVBARE. DISPOSITIVOS DIGITALES PARA TRANSFORMACIÓN TECNOLÓGICA,,16428.83,3099.44
2021,X11,"Deportes, juventud y esparcimiento",CENTRO DEPORTIVO PALOMERAS. SUBSANACIÓN PATOLOGÍAS PISCINA DE INVIERNO,,284660.2,284660.2
2021,X11,"Deportes, juventud y esparcimiento",CENTRO DEPORTIVO ÁNGEL NIETO. OBRAS DE REFORMA ESCALERA,,79963.03,79136.14
2021,X11,"Deportes, juventud y esparcimiento",ROCÓDROMO EN EL PARQUE LINEAL DE PALOMERAS. CONSTRUCCIÓN (ID 19: 16310),,140000.0,138937.51
2021,X11,"Deportes, juventud y esparcimiento",DEPORTIVO BÁSICO PARQUE CAMPO DE LA PALOMA. CERRAMIENTO PISTAS DEPORTIVAS,,35553.88,34990.97
2021,X11,"Deportes, juventud y esparcimiento",DEPORTIVO BÁSICO PARQUE MADRID SUR. MEJORA ACOMETIDA ELÉCTRICA E ILUMINACIÓN DE PISTAS,,54595.2,45438.94
2021,X11,"Deportes, juventud y esparcimiento",DEPORTIVO BÁSICO MIGUEL HERNÁNDEZ. MEJORA ACOMETIDA ELÉCTRICA E ILUMINACIÓN DE PISTAS,,48513.49,42909.67
2021,X11,"Deportes, juventud y esparcimiento",DEPORTIVO BÁSICO PARQUE DE MARCHAMALO. MEJORA ACOMETIDA ELÉCTRICA E ILUMINACIÓN DE PISTAS,,32367.57,
2021,X11,"Deportes, juventud y esparcimiento",DEPORTIVO BÁSICO PARQUE LUIS BUÑUEL. MEJORA ACOMETIDA ELÉCTRICA E ILUMINACIÓN DE PISTAS,,46122.32,
2021,X11,"Deportes, juventud y esparcimiento",DEPORTIVO BÁSICO EL BOSCO. REHABILITACIÓN PISTAS DEPORTIVAS,,183362.0,182013.72
2021,X11,"Deportes, juventud y esparcimiento",CENTROS DEPORTIVOS DISTRITO PUENTE DE VALLECAS. MOBILIARIO,,51000.0,
2021,X11,"Deportes, juventud y esparcimiento",CENTROS DEPORTIVOS DISTRITO PUENTE DE VALLECAS. MEDIDORES CO2 (DIÓXIDO DE CARBONO),,3146.0,2055.79
2021,X11,"Deportes, juventud y esparcimiento",CENTROS DEPORTIVOS DISTRITO PUENTE DE VALLECAS. WALKIES Y MEGAFONÍA,,5512.51,
2021,X11,"Deportes, juventud y esparcimiento",CENTRO DEPORTIVO ÁNGEL NIETO. WALKIES Y MEGAFONÍA,,1985.61,1985.61
2021,X11,"Deportes, juventud y esparcimiento",CENTRO DEPORTIVO ENTREVÍAS. WALKIES Y MEGAFONÍA,,2525.63,2525.63
2021,X11,"Deportes, juventud y esparcimiento",CENTRO DEPORTIVO PALOMERAS. WALKIES Y MEGAFONÍA,,2131.3,2131.3
2021,X11,"Deportes, juventud y esparcimiento",CENTRO DEPORTIVO WILFRED AGBONAVBARE. WALKIES Y MEGAFONÍA,,4844.95,4844.95
2021,X11,"Deportes, juventud y esparcimiento",DEPORTIVO BÁSICO NOVECENTO. ADECUACIÓN PISTAS DEPORTIVAS,,7777.14,7777.14
2021,X11,"Deportes, juventud y esparcimiento","CENTRO DEPORTIVO DE ENTREVÍAS.MEJORA ENTORNO PISCINAS DE VERANO, RED DE DISTRIBUCIÓN DE AGUA Y OTRAS",,259656.36,
2021,X11,"Deportes, juventud y esparcimiento","DEPORTIVO BÁSICO PUERTO DE BALBARÁN. PISTAS DE SKATE Y PUMPTRACK, ADECUACIÓN CERRAMIENTO Y ALUMBRADO",,575359.82,205800.79
2021,X11,"Deportes, juventud y esparcimiento",DEPORTIVO BÁSICO RONDA SUR. ADECUACION VARIAS INSTALACIONES Y ESPACIOS,,167479.36,140926.5
2021,X11,"Deportes, juventud y esparcimiento",DEPORTIVO BÁSICO PUERTO VELATE. REHABILITACIÓN PISTAS DEPORTIVAS,,249375.31,
2021,X11,"Deportes, juventud y esparcimiento",DEPORTIVO BÁSICO ANDÉVALO. MEJORA ACOMETIDA ELÉCTICA E ILUMINACIÓN DE PISTAS,,28570.73,
2021,X11,"Deportes, juventud y esparcimiento",DEPORTIVO BÁSICO FRANCISCO LAGUNA. MEJORA ACOMETIDA ELÉCTRICA E ILUMINACIÓN DE PISTAS,,17353.02,
2021,X11,"Deportes, juventud y esparcimiento",DEPORTIVO BÁSICO PUERTO COSTABONA TENIS. MEJORA ACOMETIDA ELÉCTRICA E ILUMINACIÓN DE PISTAS,,12016.19,
2021,X11,"Deportes, juventud y esparcimiento",EQUIPAMIENTO PISCINAS VERANO CENTROS DEPORTIVOS PUENTE DE VALLECAS,,62000.0,
2021,X11,"Deportes, juventud y esparcimiento",EQUIPAMIENTO PISCINAS DE INVIERNO CENTROS DEPORTIVOS DISTRITO PUENTE DE VALLECAS,,40000.0,
2021,X05,Educación,,,3325640.52,1640515.0
2021,X05,Educación,OBRAS DE MEJORA Y ACONDICIONAMIENTO CENTROS DOCENTES DISTRITO DE PUENTE DE VALLECAS,,155012.2,
2021,X05,Educación,COLEGIO PÚBLICO JAIME BALMES. ACONDICIONAMIENTO FACHADAS Y PATIOS,,61364.03,12412.26
2021,X05,Educación,EQUIPAMIENTO ESCUELA INFANTIL LUISA FERNANDA,,20498.61,
2021,X05,Educación,EQUIPAMIENTO ESCUELA INFANTIL EL CASERÍO,,662.72,662.72
2021,X05,Educación,COLEGIO PÚBLICO MADRID SUR. ADOPCIÓN MEDIDAS DE SEGURIDAD,,7444.86,7444.86
2021,X05,Educación,ESCUELA INFANTIL EL CASERÍO. ACONDICIONAMIENTO ACCESOS,,102913.53,102877.78
2021,X05,Educación,PATIOS ESCOLARES SALUDABLES E INCLUSIVOS DISTRITO PUENTE VALLECAS,,61425.93,
2021,X05,Educación,COLEGIO PÚBLICO AGUSTINA DÍAZ. PATIOS ESCOLARES SALUDABLES E INCLUSIVOS,,46401.82,39393.54
2021,X05,Educación,COLEGIO PÚBLICO AMÓS ACERO. PATIOS ESCOLARES SALUDABLES E INCLUSIVOS,,41071.67,32018.07
2021,X05,Educación,COLEGIO PÚBLICO ARAGÓN. PATIOS ESCOLARES SALUDABLES E INCLUSIVOS,,55831.28,54320.64
2021,X05,Educación,COLEGIO PÚBLICO ASTURIAS. PATIOS ESCOLARES SALUDABLES E INCLUSIVOS,,41412.6,4812.48
2021,X05,Educación,COLEGIO PÚBLICO CARLOS SÁINZ DE LOS TERREROS. PATIOS ESCOLARES SALUDABLES E INCLUSIVOS,,48658.14,
2021,X05,Educación,COLEGIO PÚBLICO FRAY JUNÍPERO SERRA. PATIOS ESCOLARES SALUDABLES E INCLUSIVOS,,45790.71,839.87
2021,X05,Educación,COLEGIO PÚBLICO LA RIOJA. PATIOS ESCOLARES SALUDABLES E INCLUSIVOS,,56468.05,11680.41
2021,X05,Educación,COLEGIO PÚBLICO MESONERO ROMANOS. PATIOS ESCOLARES SALUDABLES E INCLUSIVOS,,56134.08,2690.35
2021,X05,Educación,COLEGIO PÚBLICO EDUCACIÓN ESPECIAL VALLECAS. PATIOS ESCOLARES SALUDABLES E INCLUSIVOS,,63926.52,53499.54
2021,X05,Educación,"CENTRO DE EDUCACIÓN ESPECIAL PUENTE VALLECAS.ADECUACIÓN CUBIERTA, EVACUACIÓN AGUAS Y LÍNEAS DE VIDA",,448833.63,2381.7
2021,X05,Educación,"COLEGIO PÚBLICO AGUSTINA DÍEZ.OBRAS DE EFICIENCIA ENERGÉTICA,CLIMATIZACIÓN,ZONAS DE SOMBRA Y OTRAS",,124378.07,121129.89
2021,X05,Educación,COLEGIO PÚBLICO AMÓS ACERO. OBRAS VARIAS DE MEJORA,,56342.71,
2021,X05,Educación,COLEGIO PÚBLICO ARAGÓN. OBRAS DE ACONDICIONAMIENTO DE INSTALACIONES,,31384.8,29829.23
2021,X05,Educación,"COLEGIO PÚBLICO ASTURIAS. ADECUACIÓN PATIOS, ACCESOS, INSTALACIONES Y OTRAS MEJORAS",,136224.46,
2021,X05,Educación,"COLEGIO PÚBLICO CARLOS SAINZ DE LOS TERREROS.EFICIENCIA ENERGÉTICA, CONDICIONES DE USO Y SANEAMIENTO",,201391.45,14916.88
2021,X05,Educación,"COLEGIO PÚBLICO CONCHA ESPINA.ADECUACIÓN CUBIERTA CASA CONSERJE,PATIOS Y ADAPTACIÓN A NORMATIVA",,298975.8,221316.68
2021,X05,Educación,"COLEGIO PÚBLICO DOCTOR TOLOSA LATOUR.ADECUACIÓN CUBIERTAS, ALUMBRADO Y RED DE SANEAMIENTO",,311663.91,301553.07
2021,X05,Educación,"COLEGIO PÚBLICO FRAY JUNÍPERO SERRA.ADECUACIÓN LÍNEAS DE VIDA,CALDERA,PATIOS Y OTRAS MEJORAS",,191234.63,152555.85
2021,X05,Educación,COLEGIO PÚBLICO GINER DE LOS RÍOS. ACONDICIONAMIENTO PISTAS DEPORTIVAS,,161259.69,137475.32
2021,X05,Educación,COLEGIO PÚBLICO LA RIOJA. MEJORA CARPINTERÍAS EXTERIORES Y ADAPTACIÓN ZONA DE SOMBRA,,101465.56,68784.25
2021,X05,Educación,"COLEGIO PÚBLICO MADRID SUR. ADECUACIÓN PATIOS: SEGURIDAD, SALUBRIDAD Y ACCESIBILIDAD",,50517.24,38734.46
2021,X05,Educación,"COLEGIO PÚBLICO SANTO DOMINGO. ADECUACIÓN PATIOS: SEGURIDAD, SALUBRIDAD Y ACCESIBILIDAD",,101398.97,36780.13
2021,X05,Educación,"COLEGIO PÚBLICO VIRGEN DEL CERRO.MEJORA ASEOS, SANEAMIENTO, GIMNASIO, ALUMBRADO Y OTRAS",,146403.53,99239.7
2021,X05,Educación,"ESCUELA INFANTIL EL CASERÍO. PROTECCIÓN CONTRA INCENDIOS, ALUMBRADO DE EMERGENCIA Y OTRAS MEJORAS",,31102.28,28437.61
2021,X05,Educación,"ESCUELA INFANTIL LUISA FERNANDA.PROTECCIÓN CONTRA INCENDIOS,ALUMBRADO DE EMERGENCIA Y OTRAS MEJORAS",,68047.04,64727.71
2021,X04,Salud pública,,,599425.37,597737.6
2021,X04,Salud pública,CENTRO MUNICIPAL DE SALUD COMUNITARIA DE PUENTE DE VALLECAS. SEÑALIZACIÓN,,1409.65,1409.65
2021,X04,Salud pública,SERVICIOS SALUBRIDAD PÚBLICA DISTRITO PUENTE DE VALLECAS. KIT ACEITES RECALENTADOS,,500.0,
2021,X04,Salud pública,CENTRO DE ATENCIÓN A LAS ADICCIONES (CAD) VALLECAS. INSTALACIONES TÉCNICAS,,2665.63,2665.63
2021,X04,Salud pública,EQUIPAMIENTO CENTRO DE ATENCIÓN A LAS ADICCIONES (CAD) VALLECAS,,1923.9,1923.9
2021,X04,Salud pública,CENTRO DE ATENCIÓN A LAS ADICCIONES (CAD) VALLECAS. SEÑALIZACIÓN,,217.8,217.8
2021,X04,Salud pública,CMSC PUENTE DE VALLECAS. REFORMA SUBSANACIÓN DEFICIENCIAS INSPECCIÓN TÉCNICA,,528846.76,528252.72
2021,X04,Salud pública,CENTRO DE ATENCIÓN A LAS ADICCIONES (CAD) VALLECAS. OBRAS DE ACONDICIONAMIENTO,,49239.98,49239.98
2021,X04,Salud pública,"CENTRO MUNICIPAL DE SALUD COMUNITARIA PUENTE DE VALLECAS, C/ CONCORDIA, 15. INSTALACIONES TÉCNICAS",,14621.65,14027.92
2022,X01,Protección Civil y seguridad ciudadana,,,5386016.31,5117694.63
2022,X01,Protección Civil y seguridad ciudadana,PARQUE DE BOMBEROS 8. OBRAS DE REFORMA,,770000.0,753955.19
2022,X01,Protección Civil y seguridad ciudadana,"BASE SAMUR PUENTE VALLECAS, AVENIDA BUENOS AIRES, 17. CONSTRUCCIÓN",,1199935.0,1199931.82
2022,X01,Protección Civil y seguridad ciudadana,"UNIDAD INTEGRAL POLICÍA MUNICIPAL PUENTE VALLECAS, AVDA. BUENOS AIRES, 17. CONSTRUCCIÓN",,3239273.31,3095707.81
2022,X01,Protección Civil y seguridad ciudadana,BASE 18 SAMUR-PROTECCIÓN CIVIL. ADECUACIÓN PUERTAS Y MOTORES E INSTALACIÓN SISTEMA SEGURIDAD,,3305.46,3305.45
2022,X01,Protección Civil y seguridad ciudadana,UNIDAD INTEGRAL POLICÍA MUNICIPAL PUENTE DE VALLECAS. MOBILIARIO,,7483.85,7483.85
2022,X01,Protección Civil y seguridad ciudadana,"MUSEO DE BOMBEROS, C/ BOADA 4. SALA INTERATIVA DE COMUNICACIONES Y ADECUACIÓN ELEMENTOS EXPOSITIVOS",,158274.69,51661.26
2022,X01,Protección Civil y seguridad ciudadana,PARQUE DE BOMBEROS Nº 8. OTRO MOBILIARIO Y ENSERES,,7744.0,5649.25
2022,X12,Otros bienes públicos de carácter social,,,12268.19,6818.35
2022,X12,Otros bienes públicos de carácter social,"OFICINA ATENCIÓN AL CIUDADANO LÍNEA MADRID NUMANCIA, PUENTE DE VALLECAS. SEÑALIZACIÓN",,54.45,54.45
2022,X12,Otros bienes públicos de carácter social,EQUIPAMIENTO OFICINA ATENCIÓN AL CIUDADANO LÍNEA MADRID DE NUMANCIA,,4945.27,2801.15
2022,X12,Otros bienes públicos de carácter social,EQUIPAMIENTO OFICINA ATENCIÓN AL CIUDADANO LÍNEA MADRID DE PUENTE DE VALLECAS,,7268.47,3962.75
2022,X10,Cultura,,,1366915.09,647108.65
2022,X10,Cultura,BIBLIOTECA PÚBLICA DE VALLECAS. ADAPTACIÓN A NORMATIVA DE ACCESIBILIDAD,,99447.32,91546.6
2022,X10,Cultura,AUDITORIO EL POZO. ACONDICIONAMIENTO DE LA SALA BAJO EL ESCENARIO,,39918.35,24842.66
2022,X10,Cultura,"BIBLIOTECA PUENTE VALLECAS.ADAPTACIÓN A NORMATIVA,ACCESIBILIDAD,RENOVACIÓN CUBIERTAS Y OTRAS MEJORAS",,129724.81,104932.91
2022,X10,Cultura,"CENTRO CULTURAL,DE MAYORES Y BIBLIOTECA EL POZO. MEJORA ACCESOS CUBIERTA,CERRAJERÍA Y OTRAS",,274988.58,233910.99
2022,X10,Cultura,"CENTRO CULTURAL LOPE DE VEGA. ESTRUCTURA PROTECCIÓN SOLEAMIENTO, MEJORA VENTILACIÓN Y OTRAS",,19717.64,
2022,X10,Cultura,CENTRO SOCIOCULTURAL ALBERTO SÁNCHEZ. OBRAS DE ADAPTACIÓN A NORMATIVA Y VARIAS DE ACONDICIONAMIENTO,,200527.36,
2022,X10,Cultura,CENTRO SOCIOCULTURAL ENTREVÍAS. OBRAS DE ACCESIBILIDAD Y OTRAS DE ACONDICIONAMIENTO Y MEJORA,,98118.12,95994.86
2022,X10,Cultura,"CENTRO CULTURAL ALBERTO SÁNCHEZ. OBRAS SOLADO, ALUMBRADO PATIO EXTERIOR Y SEÑALIZACIÓN EMERGENCIA",,35000.0,
2022,X10,Cultura,CENTRO CULTURAL POZO DEL TÍO RAIMUNDO. ACONDICIONAMIENTO Y MEJORA ACCESIBILIDAD SALÓN DE ACTOS,,20381.73,20099.64
2022,X10,Cultura,"CENTRO SOCIOCULTURAL TALLERES DE CREATIVIDAD. ADECUACIÓN SOLADO, BARANDILLAS DE PROTECCIÓN Y OTRAS",,15008.77,
2022,X10,Cultura,CENTRO SOCIOCULTURAL TALLERES DE CREATIVIDAD. OBRAS DE REPARACIÓN DE DAÑOS,,19658.0,
2022,X10,Cultura,CENTRO CULTURAL LOPE DE VEGA. ADECUACIÓN ESPACIOS PARA CULTIVOS URBANOS Y CENTRO DE TALLERES,,3040.2,
2022,X10,Cultura,BIBLIOTECAS DEL DISTRITO DE PUENTE DE VALLECAS. LIBROS Y MATERIAL AUDIOVISUAL (ID 20: 16379),,50000.0,47151.13
2022,X10,Cultura,EQUIPAMIENTO CENTROS CULTURALES DISTRITO PUENTE DE VALLECAS,,32500.0,
2022,X10,Cultura,CENTROS CULTURALES DISTRITO PUENTE DE VALLECAS. PANTALLAS PUBLICITARIAS,,15000.0,
2022,X10,Cultura,BIBLIOTECA PÚBLICA PORTAZGO. MOBILIARIO Y ENSERES,,1957.94,
2022,X10,Cultura,BIBLIOTECA PÚBLICA PORTAZGO. SEÑALÉTICA,,2879.8,2879.8
2022,X10,Cultura,EQUIPAMIENTO AUDIOVISUAL BIBLIOTECA PÚBLICA PORTAZGO,,1400.0,1221.31
2022,X10,Cultura,"EDIFICIO C/ PEIRONCELLY, 10. REHABILITACIÓN PARA DOTACIÓN CULTURAL",,300000.0,16940.0
2022,X10,Cultura,"PLACA CONMEMORATIVA PADRE JOSE Mª DE LLANOS, C/ MARTOS, 15. INSTALACIÓN",,1103.04,1103.04
2022,X10,Cultura,PLACA CONMEMORATIVA A LOS FUNDADORES DEL COLEGIO GREDOS SAN DIEGO. INSTALACIÓN,,971.15,971.15
2022,X10,Cultura,"PLACA CONMEMORATIVA ARQUITECTO MIGUEL DE PRADA, AUDITORIO ENTREVÍAS. INSTALACIÓN",,971.14,971.14
2022,X10,Cultura,PLACA CONMEMORATIVA CARRERA POPULAR SAN SILVESTRE VALLECANA. INSTALACIÓN,,971.14,971.14
2022,X10,Cultura,"MONOLITO MARÍA DE VILLOTA COMBA, C/ MELQUIADES BIENCITO, 10. PLACA CONMEMORATIVA Y MEJORA VALLADO",,3630.0,3572.28
2022,X14,Sectores productivos,,,198118.72,140836.53
2022,X14,Sectores productivos,EQUIPAMIENTO VIVERO DE EMPRESAS DE PUENTE DE VALLECAS,,198118.72,140836.53
2022,X06,Urbanismo,,,3538744.97,2940205.12
2022,X06,Urbanismo,APR 13.01 SIERRA TOLEDANA. URBANIZACIÓN,,2640529.3,2513879.69
2022,X06,Urbanismo,"AV. SANTA CATALINA, S/N. OBRAS ACCESORIAS DE URBANIZACIÓN",,34710.74,
2022,X06,Urbanismo,"C/ MANUEL CANO, 2. OBRAS ACCESORIAS DE URBANIZACIÓN",,12396.69,
2022,X06,Urbanismo,"C/ MELQUIADES BIENCINTO, 8. OBRAS ACCESORIAS DE URBANIZACIÓN",,17727.82,
2022,X06,Urbanismo,"VÍAS PÚBLICAS DEL DISTRITO DE PUENTE DE VALLECAS. OBRAS DE REMODELACIÓN, MEJORA Y ACCESIBILIDAD",,100000.0,
2022,X06,Urbanismo,"EDIFICIO C/ PEIRONCELLY, 10. ADQUISICIÓN",,349591.43,349591.42
2022,X06,Urbanismo,ITINERARIO DE MIRADORES EN EL DISTRITO PUENTE DE VALLECAS (ID 18: 311 Y 840),,20152.45,20152.45
2022,X06,Urbanismo,C/ MORENO NAVARRO. OBRAS DE PEATONALIZACIÓN Y ACCESIBILIDAD,,29194.3,28942.77
2022,X06,Urbanismo,"C/ANTONIA CALAS,CASCO ANTIGUO PUENTE VALLECAS.ADECUACIÓN DEL ESPACIO PÚBLICO Y MEJORA ACCESIBILIDAD",,25175.0,
2022,X06,Urbanismo,"DEMOLICIÓN DE LA EDIFICACIÓN Y ACONDICIONAMIENTO DEL SOLAR DE LA CALLE IMAGEN, 25",,34442.24,27638.79
2022,X06,Urbanismo,CASCO ANTIGUO PUENTE DE VALLECAS. MEJORA MOVILIDAD PEATONAL Y MOTORA,,274825.0,
2022,X07,Infraestructuras,,,42960.21,
2022,X07,Infraestructuras,PASO INFERIOR BAJO LÍNEA FERROCARRIL POLÍGONO INDUSTRIAL VILLA DE VALLECAS. DESDOBLAMIENTO,,42960.21,
2022,X08,Mantenimiento urbano,,,6783927.43,6094399.93
2022,X08,Mantenimiento urbano,APARATOS DE GIMNASIA ADULTOS Y MAYORES EN PALOMERAS BAJAS - MADRID SUR. INSTALACIÓN (ID 18: 2427),,105000.0,44381.18
2022,X08,Mantenimiento urbano,CALLES DE AVENIDA DE ENTREVÍAS Y PUERTO DE BALBARÁN. REHABILITACIÓN DE CALZADAS,,31227.98,31227.98
2022,X08,Mantenimiento urbano,CALLE SAN FACUNDO. OBRAS DE ADECUACIÓN DE VIALES Y MEJORA DE LA ACCESIBILIDAD,,264052.92,141841.91
2022,X08,Mantenimiento urbano,AVENIDA MIGUEL HERNÁNDEZ. PAVIMENTACIÓN Y ACONDICIONAMIENTO DE ACERAS,,206651.12,206651.02
2022,X08,Mantenimiento urbano,CALLE SANZ RASO Y OTRAS DISTRITO PUENTE VALLECAS. ADECUACIÓN DE ACERAS Y MEJORA DE LA ACCESIBILIDAD,,232715.63,26382.67
2022,X08,Mantenimiento urbano,"CALLES BENAMEJÍ, DE LA SERENA Y POZOHALCÓN. PAVIMENTACIÓN Y MEJORA DE ACERAS",,110000.0,110000.0
2022,X08,Mantenimiento urbano,"AVENIDA DE LA ALBUFERA, CALLE CONCORDIA Y OTRAS DISTRITO DE PUENTE DE VALLECAS. ADECUACIÓN DE ACERAS",,1373279.27,1365292.06
2022,X08,Mantenimiento urbano,CALLE EL BOSCO Y OTRAS DISTRITO PUENTE DE VALLECAS. RENOVACIÓN PAVIMENTOS EN CALZADAS,,892914.26,875146.36
2022,X08,Mantenimiento urbano,"CALLES ANTONIO MAIRENA, LA MANCHA Y OTRAS DISTRITO PUENTE VALLECAS. RENOVACIÓN PAVIMENTOS CALZADAS",,1476623.85,1343721.79
2022,X08,Mantenimiento urbano,TECNOLOGÍA LED EN LAS FAROLAS DEL DISTRITO DE PUENTE DE VALLECAS. IMPLANTACIÓN,,582961.91,450060.03
2022,X08,Mantenimiento urbano,"ALUMBRADO AVENIDA DE LA ALBUFERA, PUENTE DE VALLECAS. TECNOLOGÍA LED Y NUEVAS INFRAESTRUCTURAS",,195642.69,190847.27
2022,X08,Mantenimiento urbano,JUEGOS PARA ÁREAS INFANTILES DETERIORADAS DISTRITO PUENTE DE VALLECAS,,109615.53,109615.53
2022,X08,Mantenimiento urbano,"POLÍGONO INDUSTRIAL PUENTE DE VALLECAS, AV. DEMOCRACIA. OBRAS DE REMODELACIÓN",,512860.58,512799.52
2022,X08,Mantenimiento urbano,CALLES DE ANDALUCES DEL POZO Y SAN CLAUDIO. MEJORA Y REHABILITACIÓN DE CALZADAS,,9412.26,9412.26
2022,X08,Mantenimiento urbano,CALLE DEL PADRE LLANOS. OBRAS DE ADECUACIÓN DE VIALES Y MEJORA DE LA ACCESIBILIDAD,,556637.6,552688.53
2022,X08,Mantenimiento urbano,CIRCUITOS DEPORTIVOS BIOSALUDABLES DISTRITO PUENTE DE VALLECAS. INSTALACIÓN (ID 20: 12181),,97320.2,97320.19
2022,X08,Mantenimiento urbano,DIVERSAS CALLES DISTRITO PUENTE DE VALLECAS. ADECUACIÓN VIALES Y MEJORA ACCESIBILIDAD (ID 20: 14423),,27011.63,27011.63
2022,X09,Medio ambiente,,,3421041.24,2686391.81
2022,X09,Medio ambiente,PARQUE AMOS ACERO. OBRAS DE REMODELACIÓN,,625139.43,562440.52
2022,X09,Medio ambiente,PARQUE GARRIGUES WALKER.REHABILITACION Y ORDENACION DE USOS,,894115.26,894115.15
2022,X09,Medio ambiente,PARQUE FORESTAL RONDA DEL SUR-SANTA CATALINA. OBRAS DE MEJORA,,14996.43,14996.43
2022,X09,Medio ambiente,PARQUE LINEAL DEL MANZANARES.IMPERMEABILIZACIÓN DE FUENTES SINGULARES,,542000.0,
2022,X09,Medio ambiente,ZONA VERDE ENTORNO C/ TEJAR DE LA PASTORA Y C/ SIERRA ELVIRA. OBRAS DE ACONDICIONAMIENTO,,756537.78,756534.15
2022,X09,Medio ambiente,HUERTOS URBANOS ECOLÓGICOS DISTRITO PUENTE DE VALLECAS. ADAPTACIÓN (ID 18: 1614),,91194.66,91181.37
2022,X09,Medio ambiente,PARQUES Y ZONAS VERDES DEL DISTRITO DE PUENTE DE VALLECAS. ADAPTACIÓN DE RECORRIDOS TERAPÉUTICOS,,2262.7,2262.7
2022,X09,Medio ambiente,PARQUE LA VIÑA. OBRAS DE REHABILITACIÓN,,29922.32,29922.32
2022,X09,Medio ambiente,ZONAS VERDES DISTRITO PUENTE DE VALLECAS. INSTALACIÓN Y ACONDICIONAMIENTO DE PARQUES CANINOS,,40883.51,40883.19
2022,X09,Medio ambiente,REPOBLACIÓN FORESTAL EN LOS ALEDAÑOS DE LA M-30. DISTRITO DE PUENTE DE VALLECAS,,12279.8,12279.8
2022,X09,Medio ambiente,ENERGÍAS RENOVABLES. INSTALACIÓN FOTOVOLTAICA EN CENTRO DEPORTIVO ENTREVÍAS,,155854.07,125920.9
2022,X09,Medio ambiente,ENERGÍAS RENOVABLES. INSTALACIÓN FOTOVOLTAICA EN CENTRO DEPORTIVO WILFRED AGBONAVBARE,,155855.28,155855.28
2022,X09,Medio ambiente,DIVERSAS ZONAS VERDES DEL DISTRITO DE PUENTE DE VALLECAS. REMODELACIÓN Y REFORMA,,100000.0,
2022,X03,Protección y promoción social,,,2925527.12,2592240.08
2022,X03,Protección y promoción social,EQUIPAMIENTO CENTRO MUNICIPAL DE URGENCIAS SOCIALES (CEMUS),,5764.78,4547.87
2022,X03,Protección y promoción social,CENTRO DE SERVICIOS SOCIALES SAN DIEGO. AMPLIACIÓN,,2159671.17,2159668.42
2022,X03,Protección y promoción social,CENTRO DE MAYORES CASA DEL BULEVAR. MOBILIARIO Y EQUIPOS DE OFICINA,,22373.79,
2022,X03,Protección y promoción social,CENTRO DE MAYORES NAVACERRADA. MOBILIARIO Y EQUIPOS DE OFICINA,,3125.75,
2022,X03,Protección y promoción social,CENTRO DE MAYORES ALTO ARENAL. MOBILIARIO Y EQUIPOS DE OFICINA,,4962.04,
2022,X03,Protección y promoción social,CENTRO DE MAYORES EL POZO. MOBILIARIO Y EQUIPOS DE OFICINA,,5538.77,
2022,X03,Protección y promoción social,CENTRO DE MAYORES ENTREVÍAS. MOBILIARIO Y EQUIPOS DE OFICINA,,23127.74,
2022,X03,Protección y promoción social,CENTRO DE MAYORES PABLO NERUDA. MOBILIARIO Y EQUIPOS DE OFICINA,,6064.07,
2022,X03,Protección y promoción social,CENTRO DE MAYORES SAN DIEGO. MOBILIARIO Y EQUIPOS DE OFICINA,,2303.78,
2022,X03,Protección y promoción social,EQUIPAMIENTO CENTRO DE MAYORES SAN DIEGO,,46000.0,
2022,X03,Protección y promoción social,CENTRO DE MAYORES CASA DEL BULEVAR. OBRAS DE ACONDICIONAMIENTO EXTERIOR E INTERIOR,,39793.54,33369.83
2022,X03,Protección y promoción social,CENTRO DE SERVICIOS SOCIALES ENTREVÍAS.OBRAS ADECUACIÓN INSTALACIONES Y OTRAS DE ACONDICIONAMIENTO,,249702.05,223695.16
2022,X03,Protección y promoción social,CENTRO DE SERVICIOS SOCIALES PABLO NERUDA. ACONDICIONAMIENTO DE ESPACIOS Y ADECUACIÓN INSTALACIONES,,99335.95,86054.43
2022,X03,Protección y promoción social,"CENTRO SERVICIOS SOCIALES SAN DIEGO.ADECUACIÓN INSTALACIONES,EFICIENCIA ENERGÉTICA Y OTRAS MEJORAS",,19693.99,19395.95
2022,X03,Protección y promoción social,CENTRO DE MAYORES PUERTO DE NAVACERRADA. ADECUACIÓN INSTALACIÓN ELÉCTRICA Y OTRAS OBRAS DE MEJORA,,59781.93,
2022,X03,Protección y promoción social,CENTRO DE DÍA DE MAYORES FÁTIMA DE MADRID FÍSICO. OBRAS DE REPARACIÓN DE DAÑOS,,11183.5,
2022,X03,Protección y promoción social,EQUIPAMIENTO CENTRO DE MAYORES ENTREVÍAS,,4445.01,4445.01
2022,X03,Protección y promoción social,EQUIPAMIENTO CENTRO DE SERVICIOS SOCIALES DE ENTREVÍAS,,21646.88,21646.88
2022,X03,Protección y promoción social,CASA DE EMPLEO DE VALLECAS. OBRAS DE ACONDICIONAMIENTO Y ADECUACIÓN CLIMATIZACIÓN,,912.01,740.04
2022,X03,Protección y promoción social,CENTRO DE DÍA DE MAYORES ENTREVÍAS. ADQUISICIÓN  DE MOBILIARIO Y ENSERES,,38785.52,38676.49
2022,X03,Protección y promoción social,CENTROS DE MAYORES DISTRITO DE PUENTE DE VALLECAS. MOBILIARIO Y EQUIPOS DE OFICINA,,2314.85,
2022,X03,Protección y promoción social,EQUIPAMIENTO CENTRO DE SERVICIOS SOCIALES SAN DIEGO,,99000.0,
2022,X00,Inversiones de carácter general,,,5106432.68,3895648.06
2022,X00,Inversiones de carácter general,EDIFICIO SEDE DEL DISTRITO DE PUENTE DE VALLECAS. CONSTRUCCIÓN,,4802735.0,3702734.65
2022,X00,Inversiones de carácter general,EDIFICIO SEDE DISTRITO PUENTE DE VALLECAS.ADECUACIÓN INSTALACIONES CLIMATIZACIÓN Y RED SANEAMIENTO,,196093.43,192913.41
2022,X00,Inversiones de carácter general,OBRAS DE ACONDICIONAMIENTO Y MEJORA EDIFICIOS DEL DISTRITO DE PUENTE DE VALLECAS,,107604.25,
2022,X11,"Deportes, juventud y esparcimiento",,,5746897.24,4405987.8
2022,X11,"Deportes, juventud y esparcimiento",VESTUARIOS CAMPOS DE RUGBY Y FÚTBOL EN ENTREVÍAS. CONSTRUCCIÓN,,229393.84,160793.61
2022,X11,"Deportes, juventud y esparcimiento",CENTRO DEPORTIVO PALOMERAS. OBRAS REFORMA CUBIERTA PISTAS DE PÁDEL,,52178.31,28538.06
2022,X11,"Deportes, juventud y esparcimiento",CREACIÓN RUTA DE ROCÓDROMOS ZONAS VERDES DISTRITO PUENTE DE VALLECAS  (ID 20: 16310),,375000.0,369696.08
2022,X11,"Deportes, juventud y esparcimiento",INSTALACIONES DEPORTIVAS BIOSALUDABLES EN EL DISTRITO DE PUENTE DE VALLECAS,,375000.0,359766.88
2022,X11,"Deportes, juventud y esparcimiento",OBRAS DE MEJORA Y ACONDICIONAMIENTO INSTALACIONES DEPORTIVAS DISTRITO DE PUENTE DE VALLECAS,,21962.42,
2022,X11,"Deportes, juventud y esparcimiento",DEPORTIVO BÁSICO YESEROS. REHABILITACIÓN PISTAS DEPORTIVAS,,226098.94,213556.13
2022,X11,"Deportes, juventud y esparcimiento",CENTRO DEPORTIVO VALLECAS. OBRAS DE MEJORA EN PISCINAS Y ACONDICIONAMIENTO VARIAS ZONAS,,400582.28,273682.51
2022,X11,"Deportes, juventud y esparcimiento","CENTRO DEPORTIVO WILFRED AGBONAVBARE.MEJORAS EN PISCINA CUBIERTA, CAMPO DE FÚTBOL Y ACCESIBILIDAD",,129329.88,107340.69
2022,X11,"Deportes, juventud y esparcimiento",DEPORTIVO BÁSICO IMAGEN. REHABILITACIÓN PISTAS DEPORTIVAS,,385290.8,271332.93
2022,X11,"Deportes, juventud y esparcimiento",DEPORTIVO BÁSICO SAN ANSELMO. MEJORA ACOMETIDA ELÉCTRICA E ILUMINACIÓN DE PISTAS,,19003.45,13373.01
2022,X11,"Deportes, juventud y esparcimiento",DEPORTIVO BÁSICO LOS ARBOLITOS. INSTALACIÓN MÓDULOS VESTUARIO PROVISIONAL CAMPO RUGBY,,149111.54,116671.08
2022,X11,"Deportes, juventud y esparcimiento",EQUIPAMIENTO CENTRO DEPORTIVO ÁNGEL NIETO,,19359.5,4163.2
2022,X11,"Deportes, juventud y esparcimiento",EQUIPAMIENTO CENTRO DEPORTIVO VALLECAS,,14195.76,
2022,X11,"Deportes, juventud y esparcimiento",EQUIPAMIENTO CENTROS DEPORTIVOS DISTRITO PUENTE DE VALLECAS,,99684.58,
2022,X11,"Deportes, juventud y esparcimiento",EQUIPAMIENTO CENTRO DEPORTIVO PALOMERAS,,26058.01,7159.86
2022,X11,"Deportes, juventud y esparcimiento",EQUIPAMIENTO CENTRO DEPORTIVO ENTREVÍAS,,9385.59,4708.06
2022,X11,"Deportes, juventud y esparcimiento",EQUIPAMIENTO CENTRO DEPORTIVO WILFRED AGBONAVBARE,,1316.56,
2022,X11,"Deportes, juventud y esparcimiento",DEPORTIVO BÁSICO EL BOSCO. OBRAS DE ACONDICIONAMIENTO Y RENOVACIÓN DEL VALLADO PERIMETRAL,,14996.94,14797.1
2022,X11,"Deportes, juventud y esparcimiento",DEPORTIVO BÁSICO PARQUE DE LA VIÑA. OBRAS DE ACONDICIONAMIENTO Y ALUMBRADO EXTERIOR,,54962.82,5926.42
2022,X11,"Deportes, juventud y esparcimiento","CENTRO DEPORTIVO ÁNGEL NIETO.OBRAS DE ACONDICIONAMIENTO Y MEJORA VARIAS,ACCESIBILIDAD,SEGURIDAD, ETC",,368195.56,332622.26
2022,X11,"Deportes, juventud y esparcimiento","POLIDEPORTIVO ENTREVÍAS.REFORMA SALA CALDERA,SISTEMA CONTROL PISCINA,CLIMATIZACIÓN Y OTRAS MEJORAS",,119974.84,118376.13
2022,X11,"Deportes, juventud y esparcimiento","CENTRO DEPORTIVO PALOMERAS.OBRAS DE ACONDICIONAMIENTO Y MEJORA VARIAS,CLIMATIZACIÓN,ALUMBRADO, ETC",,432369.71,412627.97
2022,X11,"Deportes, juventud y esparcimiento","POLIDEPORTIVO VALLECAS.DESAMIANTADO Y OTRAS DE ACONDICIONAMIENTO: VASO PISCINA INFANTIL,PÉRGOLA,ETC",,491604.6,246199.17
2022,X11,"Deportes, juventud y esparcimiento","POLIDEPORTIVO WILFRED AGBONAVBARE.CONTROL ACCESOS,REFORMA SALA AEROBIC Y MUSCULACIÓN,FÚTBOL 11,ETC..",,99647.11,92189.43
2022,X11,"Deportes, juventud y esparcimiento",DEPORTIVO BÁSICO PEDRO ESCUDERO. OBRAS DE ACONDICIONAMIENTO Y DESAMIANTADO,,79300.17,73854.48
2022,X11,"Deportes, juventud y esparcimiento",DEPORTIVO BÁSICO RONDA SUR. OBRAS DE REPARACIÓN DE DAÑOS,,23543.0,
2022,X11,"Deportes, juventud y esparcimiento",CENTRO JUVENIL RÍO ESMERALDA. OBRAS DE ADECUACIÓN EN CAFETERÍA,,48399.06,
2022,X11,"Deportes, juventud y esparcimiento",CENTRO DEPORTIVO ÁNGEL NIETO. OBRAS DE REFORMA ESCALERA,,4152.8,4152.8
2022,X11,"Deportes, juventud y esparcimiento",ROCÓDROMO EN EL PARQUE LINEAL DE PALOMERAS. CONSTRUCCIÓN (ID 19: 16310),,649.81,
2022,X11,"Deportes, juventud y esparcimiento",DEPORTIVO BÁSICO PARQUE CAMPO DE LA PALOMA. CERRAMIENTO PISTAS DEPORTIVAS,,450.88,262.46
2022,X11,"Deportes, juventud y esparcimiento",DEPORTIVO BÁSICO PARQUE MADRID SUR. MEJORA ACOMETIDA ELÉCTRICA E ILUMINACIÓN DE PISTAS,,8888.24,3315.83
2022,X11,"Deportes, juventud y esparcimiento",DEPORTIVO BÁSICO MIGUEL HERNÁNDEZ. MEJORA ACOMETIDA ELÉCTRICA E ILUMINACIÓN DE PISTAS,,5335.81,4186.62
2022,X11,"Deportes, juventud y esparcimiento",DEPORTIVO BÁSICO PARQUE DE MARCHAMALO. MEJORA ACOMETIDA ELÉCTRICA E ILUMINACIÓN DE PISTAS,,32099.55,28660.57
2022,X11,"Deportes, juventud y esparcimiento",DEPORTIVO BÁSICO PARQUE LUIS BUÑUEL. MEJORA ACOMETIDA ELÉCTRICA E ILUMINACIÓN DE PISTAS,,45854.3,35100.78
2022,X11,"Deportes, juventud y esparcimiento",DEPORTIVO BÁSICO EL BOSCO. REHABILITACIÓN PISTAS DEPORTIVAS,,880.2,704.32
2022,X11,"Deportes, juventud y esparcimiento","CENTRO DEPORTIVO DE ENTREVÍAS.MEJORA ENTORNO PISCINAS DE VERANO, RED DE DISTRIBUCIÓN DE AGUA Y OTRAS",,259361.02,251400.4
2022,X11,"Deportes, juventud y esparcimiento","DEPORTIVO BÁSICO PUERTO DE BALBARÁN. PISTAS DE SKATE Y PUMPTRACK, ADECUACIÓN CERRAMIENTO Y ALUMBRADO",,369309.51,301948.26
2022,X11,"Deportes, juventud y esparcimiento",DEPORTIVO BÁSICO RONDA SUR. ADECUACION VARIAS INSTALACIONES Y ESPACIOS,,26257.52,24410.68
2022,X11,"Deportes, juventud y esparcimiento",DEPORTIVO BÁSICO PUERTO VELATE. REHABILITACIÓN PISTAS DEPORTIVAS,,249079.97,247726.68
2022,X11,"Deportes, juventud y esparcimiento",DEPORTIVO BÁSICO ANDÉVALO. MEJORA ACOMETIDA ELÉCTICA E ILUMINACIÓN DE PISTAS,,28321.21,25454.82
2022,X11,"Deportes, juventud y esparcimiento",DEPORTIVO BÁSICO FRANCISCO LAGUNA. MEJORA ACOMETIDA ELÉCTRICA E ILUMINACIÓN DE PISTAS,,17103.5,15737.74
2022,X11,"Deportes, juventud y esparcimiento",DEPORTIVO BÁSICO PUERTO COSTABONA TENIS. MEJORA ACOMETIDA ELÉCTRICA E ILUMINACIÓN DE PISTAS,,11766.68,11207.37
2022,X11,"Deportes, juventud y esparcimiento",CENTRO DEPORTIVO WILFRED AGBONAVBARE. SUBSANACIÓN DE PATOLOGÍAS EN VASOS COMPENSACIÓN PISCINAS,,138691.22,86408.43
2022,X11,"Deportes, juventud y esparcimiento",CENTRO DEPORTIVO ENTREVÍAS. ADECUACIÓN SISTEMA DE SANEAMIENTO,,60000.0,56380.78
2022,X11,"Deportes, juventud y esparcimiento",OBRAS DE ACONDICIONAMIENTO Y MEJORA INSTALACIONES DEPORTIVAS DEL DISTRITO DE PUENTE DE VALLECAS,,8948.25,
2022,X11,"Deportes, juventud y esparcimiento",EQUIPAMIENTO PISCINA CLIMATIZADA DEL CENTRO DEPORTIVO PALOMERAS,,74600.94,
2022,X11,"Deportes, juventud y esparcimiento",CENTROS DEPORTIVOS DISTRITO PUENTE DE VALLECAS. GRUAS ACCESO DISCAPACITADOS A PISCINAS,,38236.84,
2022,X11,"Deportes, juventud y esparcimiento",CENTRO DEPORTIVO VALLECAS. GRÚA ACCESO DISCAPACITADOS A PISCINA,,6931.93,6931.93
2022,X11,"Deportes, juventud y esparcimiento",CENTRO DEPORTIVO ÁNGEL NIETO. ARNÉS DE ASIENTO PARA PISCINAS,,681.23,681.23
2022,X11,"Deportes, juventud y esparcimiento",CENTRO DEPORTIVO PALOMERAS. OBRAS INSTALACIÓN ELEMENTOS DE SOMBRA EN PISCINA DE VERANO,,35000.0,26555.72
2022,X11,"Deportes, juventud y esparcimiento",CENTRO DEPORTIVO VALLECAS. MEJORA EDIFICIO DE OFICINAS Y ADECUACIÓN PISCINA INFANTIL,,48350.56,47385.32
2022,X11,"Deportes, juventud y esparcimiento",EQUIPAMIENTO CAFETERIA CENTRO DEPORTIVO PALOMERAS,,10000.0,
2022,X05,Educación,,,5478055.52,4195045.66
2022,X05,Educación,ESCUELA DE MÚSICA EN EL DISTRITO DE PUENTE DE VALLECAS. CONSTRUCCIÓN,,110186.58,81548.72
2022,X05,Educación,OBRAS DE MEJORA Y ACONDICIONAMIENTO CENTROS DOCENTES DISTRITO DE PUENTE DE VALLECAS,,45231.87,
2022,X05,Educación,COLEGIO PÚBLICO JAIME BALMES. ACONDICIONAMIENTO FACHADAS Y PATIOS,,8307.57,8307.57
2022,X05,Educación,OBRAS CONSERVACIÓN Y MEJORA CENTROS DOCENTES DE ENSEÑANZA DISTRITO DE PUENTE DE VALLECAS,,146218.55,
2022,X05,Educación,"COLEGIO PÚBLICO PALOMERAS BAJAS. ADECUACIÓN ASEOS, REJAS, LÍNEAS DE VIDA Y OTRAS",,252520.39,211001.98
2022,X05,Educación,"COLEGIO PÚBLICO MADRID SUR. OBRAS DE ADECUACIÓN ARENERO, FALSOS TECHOS, PAVIMENTO DE CAUCHO Y OTRAS",,189161.66,182356.77
2022,X05,Educación,"COLEGIO PÚBLICO CARLOS SÁINZ DE LOS TERREROS. MEJORA CARPINTERÍA, ELIMINACIÓN DE AMIANTO Y OTRAS",,134645.85,63251.38
2022,X05,Educación,"COLEGIO PÚBLICO AMÓS ACERO. REFORMA CARPINTERÍA, ADECUACIÓN DE INSTALACIONES Y OTRAS",,180238.54,171533.79
2022,X05,Educación,"COLEGIO PÚBLICO EDUARDO ROJO. MEJORA ASEOS, VALLAS, PUERTAS DE CALLE Y OTRAS",,155142.42,65544.04
2022,X05,Educación,"COLEGIO PÚBLICO EL MADROÑO. INSTALACIÓN DE LÍNEAS DE VIDA Y REJAS, RENOVACIÓN CANALONES Y OTRAS",,159584.75,142786.22
2022,X05,Educación,"COLEGIO PÚBLICO LA RIOJA. MEJORA CARPINTERÍA, TOLDO EN ACCESO Y OTRAS",,234746.66,214594.35
2022,X05,Educación,"ESCUELA INFANTIL LUISA FERNANDA. PROTECCIÓN CONTRA INCENDIOS, ALUMBRADO DE EMERGENCIA Y OTRAS",,111727.79,105672.58
2022,X05,Educación,OBRAS DE ACONDICIONAMIENTO Y MEJORA CENTROS EDUCATIVOS DEL DISTRITO DE PUENTE DE VALLECAS,,72441.03,
2022,X05,Educación,"COLEGIO PÚBLICO AGUSTINA DÍEZ. OBRAS DE DESAMIANTADO, MEJORA ACCESIBILIDAD,CARPINTERÍAS Y OTRAS",,99996.98,66258.52
2022,X05,Educación,"COLEGIO PÚBLICO ARAGÓN. OBRAS DE DESAMIANTADO, ACONDICIONAMIENTO ZONAS DE JUEGO Y OTRAS",,81832.07,79505.48
2022,X05,Educación,"COLEGIO PÚBLICO ASTURIAS. OBRAS DE DESAMIANTADO, MEJORA ACCESIBILIDAD,CARPINTERÍAS Y OTRAS",,179946.58,165583.27
2022,X05,Educación,"COLEGIO PÚBLICO CONCHA ESPINA. OBRAS DE DESAMIANTADO, ALUMBRADO EXTERIOR Y OTRAS MEJORAS",,109902.63,52233.39
2022,X05,Educación,COLEGIO PÚBLICO DOCTOR TOLOSA LATOUR. ACONDICIONAMIENTO ZONAS EXTERIORES E INTERIORES,,139666.47,119089.83
2022,X05,Educación,"COLEGIO PÚBLICO FRANCISCO RUANO. OBRAS DE DESAMIANTADO, ILUMINACIÓN LED Y OTRAS MEJORAS",,131896.42,120441.7
2022,X05,Educación,COLEGIO PÚBLICO GINER DE LOS RÍOS. OBRAS CLIMATIZACIÓN PLANTA ÚLTIMA Y PATIO CENTRAL Y OTRAS MEJORAS,,49884.77,1872.23
2022,X05,Educación,COLEGIO PÚBLICO JAIME BALMES. OBRAS DE DESAMIANTADO Y OTRAS DE ACONDICIONAMIENTO EXTERIOR E INTERIOR,,384172.55,167785.67
2022,X05,Educación,COLEGIO PÚBLICO JAVIER DE MIGUEL. OBRAS DE DESAMIANTADO Y OTRAS DE ACONDICIONAMIENTO Y MEJORA,,249562.04,203084.59
2022,X05,Educación,COLEGIO PÚBLICO JOSÉ MARÍA DE PEREDA. OBRAS DE DESAMIANTADO Y OTRAS DE ACONDICIONAMIENTO Y MEJORA,,249973.89,187977.93
2022,X05,Educación,COLEGIO PÚBLICO MANUEL NÚÑEZ DE ARENAS. OBRAS DE DESAMIANTADO Y OTRAS DE ACONDICIONAMIENTO Y MEJORA,,250731.02,226094.52
2022,X05,Educación,"COLEGIO PÚBLICO MESONERO ROMANOS.OBRAS ADECUACIÓN ESCALERAS,CUBIERTA,CARPINTERÍA,ALUMBRADO Y OTRAS",,49710.83,44936.96
2022,X05,Educación,"COLEGIO PÚBLICO PADRE MARIANA. OBRAS DE DESAMIANTADO, EFICIENCIA ENERGÉTICA, MEJORA TECHOSY PATIOS",,209993.98,154474.29
2022,X05,Educación,"COLEGIO PÚBLICO SAN PABLO. OBRAS DE DESAMIANTADO, ACCESIBILIDAD, SANEADO HUMEDADES Y PARAMENTOS",,49799.69,37917.18
2022,X05,Educación,"COLEGIO PÚBLICO SANTO DOMINGO. OBRAS DE ADECUACIÓN BAJANTES, PAVÉS Y OTRAS DE MEJORA",,49762.82,42414.97
2022,X05,Educación,"COLEGIO PÚBLICO VIRGEN DEL CERRO.DESAMIANTADO,ADAPTACIÓN NORMATIVA Y OTRAS DE ACONDICIONAMIENTO",,149714.19,71268.02
2022,X05,Educación,"CENTRO DE EDUCACIÓN ESPECIAL VALLECAS.REMODELACIÓN COMEDOR, ADECUACIÓN CARPINTERÍAS Y OTRAS MEJORAS",,49930.64,45961.56
2022,X05,Educación,"ESCUELA INFANTIL EL CASERÍO. SISTEMA DE CONTROL, ALUMBRADO Y OTRAS OBRAS DE MEJORA",,84081.4,82012.09
2022,X05,Educación,COLEGIO PÚBLICO FRAY JUNÍPERO SERRA. OBRAS DE REPARACIÓN DE DAÑOS,,5092.0,
2022,X05,Educación,EQUIPAMIENTO ESCUELA INFANTIL LUISA FERNANDA,,31021.79,25724.63
2022,X05,Educación,EQUIPAMIENTO ESCUELA INFANTIL EL CASERÍO,,11755.15,6457.99
2022,X05,Educación,PATIOS ESCOLARES SALUDABLES E INCLUSIVOS DISTRITO PUENTE VALLECAS,,12120.51,
2022,X05,Educación,COLEGIO PÚBLICO AGUSTINA DÍAZ. PATIOS ESCOLARES SALUDABLES E INCLUSIVOS,,702.27,702.27
2022,X05,Educación,COLEGIO PÚBLICO AMÓS ACERO. PATIOS ESCOLARES SALUDABLES E INCLUSIVOS,,717.07,717.07
2022,X05,Educación,COLEGIO PÚBLICO ARAGÓN. PATIOS ESCOLARES SALUDABLES E INCLUSIVOS,,781.11,781.11
2022,X05,Educación,COLEGIO PÚBLICO ASTURIAS. PATIOS ESCOLARES SALUDABLES E INCLUSIVOS,,35103.81,35103.81
2022,X05,Educación,COLEGIO PÚBLICO CARLOS SÁINZ DE LOS TERREROS. PATIOS ESCOLARES SALUDABLES E INCLUSIVOS,,25086.31,25086.31
2022,X05,Educación,COLEGIO PÚBLICO FRAY JUNÍPERO SERRA. PATIOS ESCOLARES SALUDABLES E INCLUSIVOS,,43123.58,43123.58
2022,X05,Educación,COLEGIO PÚBLICO LA RIOJA. PATIOS ESCOLARES SALUDABLES E INCLUSIVOS,,43618.01,43618.01
2022,X05,Educación,COLEGIO PÚBLICO MESONERO ROMANOS. PATIOS ESCOLARES SALUDABLES E INCLUSIVOS,,50689.24,50689.24
2022,X05,Educación,COLEGIO PÚBLICO EDUCACIÓN ESPECIAL VALLECAS. PATIOS ESCOLARES SALUDABLES E INCLUSIVOS,,1285.21,1285.21
2022,X05,Educación,"CENTRO DE EDUCACIÓN ESPECIAL PUENTE VALLECAS.ADECUACIÓN CUBIERTA, EVACUACIÓN AGUAS Y LÍNEAS DE VIDA",,379249.44,379249.44
2022,X05,Educación,"COLEGIO PÚBLICO AGUSTINA DÍEZ.OBRAS DE EFICIENCIA ENERGÉTICA,CLIMATIZACIÓN,ZONAS DE SOMBRA Y OTRAS",,712.08,712.08
2022,X05,Educación,COLEGIO PÚBLICO AMÓS ACERO. OBRAS VARIAS DE MEJORA,,55233.1,55233.1
2022,X05,Educación,COLEGIO PÚBLICO ARAGÓN. OBRAS DE ACONDICIONAMIENTO DE INSTALACIONES,,765.03,765.03
2022,X05,Educación,"COLEGIO PÚBLICO ASTURIAS. ADECUACIÓN PATIOS, ACCESOS, INSTALACIONES Y OTRAS MEJORAS",,101806.04,101806.04
2022,X05,Educación,"COLEGIO PÚBLICO CARLOS SAINZ DE LOS TERREROS.EFICIENCIA ENERGÉTICA, CONDICIONES DE USO Y SANEAMIENTO",,163380.55,163380.55
2022,X05,Educación,"COLEGIO PÚBLICO CONCHA ESPINA.ADECUACIÓN CUBIERTA CASA CONSERJE,PATIOS Y ADAPTACIÓN A NORMATIVA",,6043.84,6043.84
2022,X05,Educación,"COLEGIO PÚBLICO DOCTOR TOLOSA LATOUR.ADECUACIÓN CUBIERTAS, ALUMBRADO Y RED DE SANEAMIENTO",,9141.68,9141.68
2022,X05,Educación,"COLEGIO PÚBLICO FRAY JUNÍPERO SERRA.ADECUACIÓN LÍNEAS DE VIDA,CALDERA,PATIOS Y OTRAS MEJORAS",,906.29,906.29
2022,X05,Educación,COLEGIO PÚBLICO GINER DE LOS RÍOS. ACONDICIONAMIENTO PISTAS DEPORTIVAS,,3599.35,3599.35
2022,X05,Educación,COLEGIO PÚBLICO LA RIOJA. MEJORA CARPINTERÍAS EXTERIORES Y ADAPTACIÓN ZONA DE SOMBRA,,30768.72,30768.72
2022,X05,Educación,"COLEGIO PÚBLICO MADRID SUR. ADECUACIÓN PATIOS: SEGURIDAD, SALUBRIDAD Y ACCESIBILIDAD",,881.76,881.76
2022,X05,Educación,"COLEGIO PÚBLICO SANTO DOMINGO. ADECUACIÓN PATIOS: SEGURIDAD, SALUBRIDAD Y ACCESIBILIDAD",,54021.58,54021.58
2022,X05,Educación,"COLEGIO PÚBLICO VIRGEN DEL CERRO.MEJORA ASEOS, SANEAMIENTO, GIMNASIO, ALUMBRADO Y OTRAS",,30012.07,30012.07
2022,X05,Educación,"ESCUELA INFANTIL EL CASERÍO. PROTECCIÓN CONTRA INCENDIOS, ALUMBRADO DE EMERGENCIA Y OTRAS MEJORAS",,2448.05,2448.05
2022,X05,Educación,"ESCUELA INFANTIL LUISA FERNANDA.PROTECCIÓN CONTRA INCENDIOS,ALUMBRADO DE EMERGENCIA Y OTRAS MEJORAS",,7277.25,7277.25
2022,X04,Salud pública,,,66168.04,65640.72
2022,X04,Salud pública,CENTRO DE ATENCIÓN A LAS ADICCIONES (CAD) DE VALLECAS. SEÑALIZACIÓN,,1423.76,1410.11
2022,X04,Salud pública,EQUIPAMIENTO CMSc CENTRO MUNICIPAL DE SALUD COMUNITARIA PUENTE DE VALLECAS,,20710.49,20710.49
2022,X04,Salud pública,SERVICIOS SALUBRIDAD DISTRITO PUENTE DE VALLECAS. KIT PARA DETERMINACION CALIDAD ACEITES,,500.0,
2022,X04,Salud pública,CENTRO DE ATENCIÓN A LAS ADICCIONES (CAD) VALLECAS. ADQUISICIÓN MAQUINARIA,,4752.0,4752.0
2022,X04,Salud pública,EQUIPAMIENTO CENTRO DE ATENCIÓN A LAS ADICCIONES (CAD) DE VALLECAS,,1255.33,1255.33
2022,X04,Salud pública,CMSc CENTRO MUNICIPAL DE SALUD COMUNITARIA DE PUENTE DE VALLECAS. SEÑALIZACION,,1423.77,1410.11
2022,X04,Salud pública,CENTRO MUNICIPAL DE SALUD COMUNITARIA DE PUENTE DE VALLECAS. OBRAS ACONDICIONAMIENTO,,36102.69,36102.68
2023,X01,Protección Civil y seguridad ciudadana,,,3275336.73,3272805.91
2023,X01,Protección Civil y seguridad ciudadana,PARQUE DE BOMBEROS 8. OBRAS DE REFORMA,,139998.66,139998.66
2023,X01,Protección Civil y seguridad ciudadana,"BASE 26 SAMUR-PROTECCIÓN CIVIL, AVENIDA BUENOS AIRES, 17. OTRO MOBILIARIO Y ENSERES",,5927.94,5927.94
2023,X01,Protección Civil y seguridad ciudadana,"BASE SAMUR PUENTE VALLECAS, AVENIDA BUENOS AIRES, 17. CONSTRUCCIÓN",,437670.83,435247.07
2023,X01,Protección Civil y seguridad ciudadana,"UNIDAD INTEGRAL POLICÍA MUNICIPAL PUENTE VALLECAS, AVDA. BUENOS AIRES, 17. CONSTRUCCIÓN",,2691739.3,2691632.24
2023,X12,Otros bienes públicos de carácter social,,,71000.0,
2023,X12,Otros bienes públicos de carácter social,OFICINA ATENCIÓN AL CIUDADANO LÍNEA MADRID PUENTE DE VALLECAS. SEÑALIZACIÓN,,16000.0,
2023,X12,Otros bienes públicos de carácter social,OFICINA ATENCIÓN CIUDADANO LÍNEA MADRID PUENTE DE VALLECAS.INSTALACIÓN SUELO TÉCNICO ELEVADO,,55000.0,
2023,X10,Cultura,,,447817.15,422403.92
2023,X10,Cultura,INTERVENCIONES COMPARTIENDO MUROS ARTE PÚBLICO MADRID. MURAL ARTÍSTICO DISTRITO PUENTE DE VALLECAS,,21780.0,21780.0
2023,X10,Cultura,BIBLIOTECA PÚBLICA DE VALLECAS. ADAPTACIÓN A NORMATIVA DE ACCESIBILIDAD,,8351.72,8351.72
2023,X10,Cultura,AUDITORIO EL POZO. ACONDICIONAMIENTO DE LA SALA BAJO EL ESCENARIO,,15075.69,15065.89
2023,X10,Cultura,"BIBLIOTECA PUENTE VALLECAS.ADAPTACIÓN A NORMATIVA,ACCESIBILIDAD,RENOVACIÓN CUBIERTAS Y OTRAS MEJORAS",,24791.9,24612.67
2023,X10,Cultura,"CENTRO CULTURAL,DE MAYORES Y BIBLIOTECA EL POZO. MEJORA ACCESOS CUBIERTA,CERRAJERÍA Y OTRAS",,40051.58,39691.74
2023,X10,Cultura,"CENTRO CULTURAL LOPE DE VEGA. ESTRUCTURA PROTECCIÓN SOLEAMIENTO, MEJORA VENTILACIÓN Y OTRAS",,19717.64,
2023,X10,Cultura,CENTRO SOCIOCULTURAL ALBERTO SÁNCHEZ. OBRAS DE ADAPTACIÓN A NORMATIVA Y VARIAS DE ACONDICIONAMIENTO,,199886.33,199780.42
2023,X10,Cultura,CENTRO SOCIOCULTURAL ENTREVÍAS. OBRAS DE ACCESIBILIDAD Y OTRAS DE ACONDICIONAMIENTO Y MEJORA,,2123.26,1307.47
2023,X10,Cultura,"CENTRO CULTURAL ALBERTO SÁNCHEZ. OBRAS SOLADO, ALUMBRADO PATIO EXTERIOR Y SEÑALIZACIÓN EMERGENCIA",,34985.83,34924.85
2023,X10,Cultura,CENTRO CULTURAL POZO DEL TÍO RAIMUNDO. ACONDICIONAMIENTO Y MEJORA ACCESIBILIDAD SALÓN DE ACTOS,,271.45,271.45
2023,X10,Cultura,"CENTRO SOCIOCULTURAL TALLERES DE CREATIVIDAD. ADECUACIÓN SOLADO, BARANDILLAS DE PROTECCIÓN Y OTRAS",,15008.77,12051.07
2023,X10,Cultura,CENTRO SOCIOCULTURAL TALLERES DE CREATIVIDAD. OBRAS DE REPARACIÓN DE DAÑOS,,17704.47,17520.42
2023,X10,Cultura,CENTRO SOCIOCULTURAL ALBERTO SÁNCHEZ. SUBSANACIÓN INSTALACIÓN PREVENCIÓN INCENDIOS Y OTRAS,,48068.51,47046.22
2023,X14,Sectores productivos,,,48453.18,45588.26
2023,X14,Sectores productivos,EQUIPAMIENTO VIVERO DE EMPRESAS DE PUENTE DE VALLECAS,,48453.18,45588.26
2023,X06,Urbanismo,,,2836071.44,1187022.8
2023,X06,Urbanismo,"ADQUISICIÓN SUELO C/ JOSEFA DÍAZ, 7",,143908.74,143908.74
2023,X06,Urbanismo,"ADQUISICIÓN SUELO BARRIO DE SANTA CATALINA. APE. 12-01. FINCAS 6, 7 Y 8. MANZANARES SUR. TRAMO 1",,210000.0,
2023,X06,Urbanismo,"ADQUISICIÓN DE SUELO C/ MANUEL MAROTO, 18",,220000.0,210816.48
2023,X06,Urbanismo,"CALLE JOSEFA DÍAZ, 7. ADOPCIÓN DE MEDIDAS DE SEGURIDAD, TABICADO Y DEMOLICIONES PARCIALES",,10357.27,10357.27
2023,X06,Urbanismo,ADQUISICIÓN DE SUELO APE 13.03 COCHERÓN DE LA VILLA,,1269830.68,
2023,X06,Urbanismo,ADQUISICIÓN SUELO BARRIO DE SANTA CATALINA. APE. 12-01. FINCA 4. MANZANARES SUR. TRAMO 1,,14209.36,14209.36
2023,X06,Urbanismo,APR 13.01 SIERRA TOLEDANA. URBANIZACIÓN,,684881.55,684177.28
2023,X06,Urbanismo,"AV. SANTA CATALINA, S/N. OBRAS ACCESORIAS DE URBANIZACIÓN",,34710.74,
2023,X06,Urbanismo,"C/ MANUEL CANO, 2. OBRAS ACCESORIAS DE URBANIZACIÓN",,12396.69,12362.95
2023,X06,Urbanismo,C/ DOCTOR SALGADO C/V C/ PICO CEJO. OBRAS DE URBANIZACIÓN ACCESORIAS,,12662.01,12662.01
2023,X06,Urbanismo,"C/ MELQUIADES BIENCINTO, 8. OBRAS ACCESORIAS DE URBANIZACIÓN",,17727.82,13484.52
2023,X06,Urbanismo,"VÍAS PÚBLICAS DEL DISTRITO DE PUENTE DE VALLECAS. OBRAS DE REMODELACIÓN, MEJORA Y ACCESIBILIDAD",,99886.58,85044.19
2023,X06,Urbanismo,VÍAS PÚBLICAS DEL DISTRITO PUENTE DE VALLECAS. ACTUACIONES DE MEJORA,,105500.0,
2023,X07,Infraestructuras,,,615154.33,373075.57
2023,X07,Infraestructuras,PANTALLAS ACÚSTICAS EN INFRAESTRUCTURAS DE MOVILIDAD. INSTALACIÓN EN EL DISTRITO PUENTE DE VALLECAS,,5049.58,5049.58
2023,X07,Infraestructuras,CAMPUS SUR UNIVERSIDAD POLITÉCNICA DE MADRID Y ENTORNOS ESCOLARES VALLECAS. ZONAS DE BAJAS EMISIONES,,309567.3,67488.54
2023,X07,Infraestructuras,PASO INFERIOR BAJO LÍNEA FERROCARRIL POLÍGONO INDUSTRIAL VILLA DE VALLECAS. DESDOBLAMIENTO,,300537.45,300537.45
2023,X08,Mantenimiento urbano,,,5387603.4,5327490.45
2023,X08,Mantenimiento urbano,MOBILIARIO URBANO ÁREAS DE MAYORES DISTRITO PUENTE DE VALLECAS. REPOSICIÓN,,30518.29,30518.28
2023,X08,Mantenimiento urbano,APARATOS DE GIMNASIA ADULTOS Y MAYORES EN PALOMERAS BAJAS - MADRID SUR. INSTALACIÓN (ID 18: 2427),,57043.53,57043.53
2023,X08,Mantenimiento urbano,CALLES DE AVENIDA DE ENTREVÍAS Y PUERTO DE BALBARÁN. REHABILITACIÓN DE CALZADAS,,83201.96,83201.96
2023,X08,Mantenimiento urbano,AVENIDA ALBUFERA. RENOVACIÓN CAPA DE RODADURA,,63713.97,63713.97
2023,X08,Mantenimiento urbano,CALLE SAN FACUNDO. OBRAS DE ADECUACIÓN DE VIALES Y MEJORA DE LA ACCESIBILIDAD,,163418.58,163418.58
2023,X08,Mantenimiento urbano,"AVENIDA DE LAS GLORIETAS,LEONOR GONZÁLEZ,MANUEL NOGUEIRO Y OTRAS. MEJORA BASE PAVIMENTO",,56210.29,56210.29
2023,X08,Mantenimiento urbano,AVENIDA MIGUEL HERNÁNDEZ. PAVIMENTACIÓN Y ACONDICIONAMIENTO DE ACERAS,,125826.22,125807.93
2023,X08,Mantenimiento urbano,CALLE SANZ RASO Y OTRAS DISTRITO PUENTE VALLECAS. ADECUACIÓN DE ACERAS Y MEJORA DE LA ACCESIBILIDAD,,104972.28,104972.28
2023,X08,Mantenimiento urbano,"CALLES BENAMEJÍ, DE LA SERENA Y POZOHALCÓN. PAVIMENTACIÓN Y MEJORA DE ACERAS",,1163290.36,1163290.35
2023,X08,Mantenimiento urbano,"AVENIDA DE LA ALBUFERA, CALLE CONCORDIA Y OTRAS DISTRITO DE PUENTE DE VALLECAS. ADECUACIÓN DE ACERAS",,365392.63,365392.63
2023,X08,Mantenimiento urbano,CALLE EL BOSCO Y OTRAS DISTRITO PUENTE DE VALLECAS. RENOVACIÓN PAVIMENTOS EN CALZADAS,,368197.71,368197.7
2023,X08,Mantenimiento urbano,"CALLES ANTONIO MAIRENA, LA MANCHA Y OTRAS DISTRITO PUENTE VALLECAS. RENOVACIÓN PAVIMENTOS CALZADAS",,360761.38,360761.38
2023,X08,Mantenimiento urbano,PLAN CAMINO ESCOLAR SEGURO C/ MENDIVIL. ADECUACIÓN VÍAS PÚBLICAS,,593146.59,583965.54
2023,X08,Mantenimiento urbano,CALLE DE LA SIERRA MOLINA. RENOVACIÓN DE PAVIMENTOS Y ACONDICIONAMIENTO ACERADOS,,695773.78,669477.09
2023,X08,Mantenimiento urbano,CAMINOS ESCOLARES SEGUROS CALLE LEÓN FELIPE. ADECUACIÓN VIALES,,558242.02,558242.01
2023,X08,Mantenimiento urbano,TECNOLOGÍA LED EN LAS FAROLAS DEL DISTRITO DE PUENTE DE VALLECAS. IMPLANTACIÓN,,121098.39,101317.68
2023,X08,Mantenimiento urbano,"ALUMBRADO AVENIDA DE LA ALBUFERA, PUENTE DE VALLECAS. TECNOLOGÍA LED Y NUEVAS INFRAESTRUCTURAS",,4795.42,
2023,X08,Mantenimiento urbano,ALUMBRADO PÚBLICO DIVERSAS CALLES PUENTE DE VALLECAS.IMPLANTACIÓN TECNOLOGÍA LED (ID 21: 18878),,472000.0,471959.25
2023,X09,Medio ambiente,,,907252.02,904117.8
2023,X09,Medio ambiente,PARQUE DEL CERRO DEL TÍO PÍO. ADECUACIÓN ACCESOS (ID 21: 17667),,50000.0,48773.19
2023,X09,Medio ambiente,MERCADILLOS PERIÓDICOS DISTRITO PUENTE DE VALLECAS. IMPLANTACIÓN FUENTES DE BEBER,,7435.82,7432.25
2023,X09,Medio ambiente,FUENTES BEBEDERO EN EL DISTRITO PUENTE DE VALLECAS. INSTALACIÓN,,2684.0,2684.0
2023,X09,Medio ambiente,PARQUE AMOS ACERO. OBRAS DE REMODELACIÓN,,115513.26,115513.17
2023,X09,Medio ambiente,PARQUE GARRIGUES WALKER.REHABILITACION Y ORDENACION DE USOS,,70798.81,70798.81
2023,X09,Medio ambiente,ZONAS VERDES EN PUENTE DE VALLECAS. REFORESTACIÓN CON NUEVAS ESPECIES VEGETALES (ID: 11248),,48400.0,48339.5
2023,X09,Medio ambiente,PARQUE FORESTAL RONDA DEL SUR-SANTA CATALINA. OBRAS DE MEJORA,,439657.93,439634.28
2023,X09,Medio ambiente,PLANTACIONES ARBÓREAS EN PARQUES DISTRITO DE PUENTE DE VALLECAS. MEJORA ESTÉTICA Y MEDIO AMBIENTAL,,58638.7,58638.63
2023,X09,Medio ambiente,ZONA VERDE EN LA PLAZA DEL PADRE LLANOS. MEJORA DE LA ACCESIBILIDAD,,51156.0,51155.49
2023,X09,Medio ambiente,"BARRIOS PRODUCTORES, AGRICULTURA URBANA HUERTO FORMATIVO EL POZO. ÚTILES Y HERRAMIENTAS",,62967.5,61148.48
2023,X03,Protección y promoción social,,,1077425.36,831584.24
2023,X03,Protección y promoción social,"OFICINA DE GESTIÓN PRESTACIONES ECONÓMICAS 4, PUENTE DE VALLECAS. SEÑALÉTICA",,891.14,891.14
2023,X03,Protección y promoción social,EQUIPAMIENTO CENTRO MUNICIPAL DE URGENCIAS SOCIALES (CEMUS),,2616.66,2616.66
2023,X03,Protección y promoción social,OTRO EQUIPAMIENTO CENTRO MUNICIPAL DE URGENCIAS SOCIALES (CEMUS),,10252.4,10252.4
2023,X03,Protección y promoción social,EQUIPAMIENTO OFICINA GESTIÓN PRESTACIONES ECONÓMICAS SERVICIOS SOCIALES DISTRITO PUENTE DE VALLECAS,,14800.82,7877.54
2023,X03,Protección y promoción social,CENTRO DE SERVICIOS SOCIALES SAN DIEGO. AMPLIACIÓN,,598882.86,598882.86
2023,X03,Protección y promoción social,CENTRO DE MAYORES CASA DEL BULEVAR. MOBILIARIO Y EQUIPOS DE OFICINA,,17357.77,
2023,X03,Protección y promoción social,CENTRO DE MAYORES NAVACERRADA. MOBILIARIO Y EQUIPOS DE OFICINA,,1561.44,
2023,X03,Protección y promoción social,CENTRO DE MAYORES ALTO ARENAL. MOBILIARIO Y EQUIPOS DE OFICINA,,2911.41,
2023,X03,Protección y promoción social,CENTRO DE MAYORES EL POZO. MOBILIARIO Y EQUIPOS DE OFICINA,,4595.94,
2023,X03,Protección y promoción social,CENTRO DE MAYORES ENTREVÍAS. MOBILIARIO Y EQUIPOS DE OFICINA,,20293.37,
2023,X03,Protección y promoción social,CENTRO DE MAYORES PABLO NERUDA. MOBILIARIO Y EQUIPOS DE OFICINA,,1452.37,
2023,X03,Protección y promoción social,CENTRO DE MAYORES SAN DIEGO. MOBILIARIO Y EQUIPOS DE OFICINA,,1707.47,
2023,X03,Protección y promoción social,EQUIPAMIENTO CENTRO DE MAYORES SAN DIEGO,,7102.0,
2023,X03,Protección y promoción social,CENTROS DE MAYORES DEL DISTRITO PUENTE DE VALLECAS. EQUIPAMIENTO CAFETERÍAS Y COMEDORES,,2987.87,
2023,X03,Protección y promoción social,CENTRO DE MAYORES SAN DIEGO. EQUIPAMIENTO CAFETERÍA Y COMEDOR,,10389.06,10389.06
2023,X03,Protección y promoción social,CENTRO DE MAYORES CASA DEL BULEVAR. EQUIPAMIENTO CAFETERÍA Y COMEDOR,,3499.32,3499.32
2023,X03,Protección y promoción social,CENTRO DE MAYORES RÍO ESMERALDA. EQUIPAMIENTO CAFETERÍA Y COMEDOR,,28956.75,22566.71
2023,X03,Protección y promoción social,CENTRO DE MAYORES PABLO NERUDA. EQUIPAMIENTO CAFETERÍA Y COMEDOR,,6928.66,6928.66
2023,X03,Protección y promoción social,CENTRO DE MAYORES EL POZO. EQUIPAMIENTO CAFETERÍA Y COMEDOR,,2212.51,2212.51
2023,X03,Protección y promoción social,CENTRO DE MAYORES NAVACERRADA. EQUIPAMIENTO CAFETERÍA Y COMEDOR,,1471.54,1471.54
2023,X03,Protección y promoción social,CENTRO DE MAYORES ENTREVÍAS. EQUIPAMIENTO CAFETERÍA Y COMEDOR,,417.29,417.29
2023,X03,Protección y promoción social,CENTROS DE MAYORES DEL DISTRITO PUENTE DE VALLECAS. MOBILIARIO Y EQUIPOS DE OFICINA,,500.0,
2023,X03,Protección y promoción social,CENTRO DE MAYORES ENTREVÍAS. MATERIAL PARA EL GABINETE DE PODOLOGÍA,,16900.0,
2023,X03,Protección y promoción social,EQUIPAMIENTO CENTROS DE MAYORES DEL DISTRITO DE PUENTE DE VALLECAS,,453.61,
2023,X03,Protección y promoción social,CENTRO DE MAYORES ENTREVÍAS. MOBILIARIO PARA LA MEJORA EN LA PRESTACIÓN DEL SERVICIO,,1187.59,1187.59
2023,X03,Protección y promoción social,CENTRO DE MAYORES SAN DIEGO. MOBILIARIO PARA LA MEJORA EN LA PRESTACIÓN DEL SERVICIO,,1187.59,1187.59
2023,X03,Protección y promoción social,CENTRO DE MAYORES CASA DEL BULEVAR. MOBILIARIO PARA LA MEJORA EN LA PRESTACIÓN DEL SERVICIO,,2236.69,2236.69
2023,X03,Protección y promoción social,CENTRO DE MAYORES NAVACERRADA. MOBILIARIO PARA LA MEJORA EN LA PRESTACIÓN DEL SERVICIO,,1935.15,1935.15
2023,X03,Protección y promoción social,CENTRO DE MAYORES ALTO ARENAL. MOBILIARIO PARA LA MEJORA EN LA PRESTACIÓN DEL SERVICIO,,4495.01,4495.01
2023,X03,Protección y promoción social,CENTRO DE MAYORES PABLO NERUDA. MOBILIARIO PARA LA MEJORA EN LA PRESTACIÓN DEL SERVICIO,,2549.31,2549.31
2023,X03,Protección y promoción social,CENTRO DE MAYORES EL POZO. MOBILIARIO PARA LA MEJORA EN LA PRESTACIÓN DEL SERVICIO,,955.05,955.05
2023,X03,Protección y promoción social,EQUIPAMIENTO GABINETE DE PODOLOGÍA DEL CENTRO DE MAYORES SAN DIEGO,,14967.67,
2023,X03,Protección y promoción social,EQUIPAMIENTO CENTRO SERVICIOS SOCIALES SAN DIEGO,,26741.12,
2023,X03,Protección y promoción social,CENTRO DE SERVICIOS SOCIALES SAN DIEGO. MOBILIARIO Y EQUIPOS DE OFICINA,,72258.88,
2023,X03,Protección y promoción social,CENTRO DE MAYORES CASA DEL BULEVAR. OBRAS DE ACONDICIONAMIENTO EXTERIOR E INTERIOR,,6423.71,5755.66
2023,X03,Protección y promoción social,CENTRO DE SERVICIOS SOCIALES ENTREVÍAS.OBRAS ADECUACIÓN INSTALACIONES Y OTRAS DE ACONDICIONAMIENTO,,25840.52,22866.73
2023,X03,Protección y promoción social,CENTRO DE SERVICIOS SOCIALES PABLO NERUDA. ACONDICIONAMIENTO DE ESPACIOS Y ADECUACIÓN INSTALACIONES,,13281.17,1323.34
2023,X03,Protección y promoción social,"CENTRO SERVICIOS SOCIALES SAN DIEGO.ADECUACIÓN INSTALACIONES,EFICIENCIA ENERGÉTICA Y OTRAS MEJORAS",,262.43,262.43
2023,X03,Protección y promoción social,CENTRO DE MAYORES PUERTO DE NAVACERRADA. ADECUACIÓN INSTALACIÓN ELÉCTRICA Y OTRAS OBRAS DE MEJORA,,59781.93,59255.92
2023,X03,Protección y promoción social,CENTRO DE DÍA DE MAYORES FÁTIMA DE MADRID FÍSICO. OBRAS DE REPARACIÓN DE DAÑOS,,11177.28,11177.28
2023,X03,Protección y promoción social,CENTRO DE MAYORES SAN DIEGO. OBRAS ADECUACIÓN GABINETE DE PODOLOGÍA,,4750.0,2660.29
2023,X03,Protección y promoción social,CENTRO DE MAYORES ENTREVÍAS. OBRAS ADECUACIÓN ESPACIOS PARA PELUQUERÍA,,22252.0,2517.97
2023,X03,Protección y promoción social,"LOCAL C/ JOSÉ SERRANO, 19. OBRAS ADECUACIÓN OFICINA GESTIÓN PRESTACIONES SERVICIOS SOCIALES",,46000.0,43212.54
2023,X00,Inversiones de carácter general,,,5130234.95,4922974.05
2023,X00,Inversiones de carácter general,EDIFICIO SEDE DEL DISTRITO DE PUENTE DE VALLECAS. CONSTRUCCIÓN,,4927135.01,4920048.3
2023,X00,Inversiones de carácter general,"EQUIPAMIENTO Y MOBILIARIO NUEVA SEDE DEL DISTRITO PUENTE DE VALLECAS, AV.BUENOS AIRES, 17",,200000.0,
2023,X00,Inversiones de carácter general,EDIFICIO SEDE DISTRITO PUENTE DE VALLECAS.ADECUACIÓN INSTALACIONES CLIMATIZACIÓN Y RED SANEAMIENTO,,3099.94,2925.75
2023,X11,"Deportes, juventud y esparcimiento",,,2897361.23,2042308.01
2023,X11,"Deportes, juventud y esparcimiento",VESTUARIOS CAMPOS DE RUGBY Y FÚTBOL EN ENTREVÍAS. CONSTRUCCIÓN,,1205849.0,704230.97
2023,X11,"Deportes, juventud y esparcimiento",CENTRO DEPORTIVO PALOMERAS. OBRAS REFORMA CUBIERTA PISTAS DE PÁDEL,,66970.43,66970.43
2023,X11,"Deportes, juventud y esparcimiento",CREACIÓN RUTA DE ROCÓDROMOS ZONAS VERDES DISTRITO PUENTE DE VALLECAS  (ID 20: 16310),,1640.23,754.33
2023,X11,"Deportes, juventud y esparcimiento",INSTALACIONES DEPORTIVAS BIOSALUDABLES EN EL DISTRITO DE PUENTE DE VALLECAS,,14117.0,
2023,X11,"Deportes, juventud y esparcimiento",OBRAS DE MEJORA Y ACONDICIONAMIENTO INSTALACIONES DEPORTIVAS DISTRITO DE PUENTE DE VALLECAS,,962.57,
2023,X11,"Deportes, juventud y esparcimiento",DEPORTIVO BÁSICO YESEROS. REHABILITACIÓN PISTAS DEPORTIVAS,,8150.62,8150.62
2023,X11,"Deportes, juventud y esparcimiento",CENTRO DEPORTIVO VALLECAS. OBRAS DE MEJORA EN PISCINAS Y ACONDICIONAMIENTO VARIAS ZONAS,,120248.59,120248.59
2023,X11,"Deportes, juventud y esparcimiento","CENTRO DEPORTIVO WILFRED AGBONAVBARE.MEJORAS EN PISCINA CUBIERTA, CAMPO DE FÚTBOL Y ACCESIBILIDAD",,13362.31,13362.31
2023,X11,"Deportes, juventud y esparcimiento",DEPORTIVO BÁSICO IMAGEN. REHABILITACIÓN PISTAS DEPORTIVAS,,51864.53,51864.53
2023,X11,"Deportes, juventud y esparcimiento",DEPORTIVOS BÁSICOS DISTRITO DE PUENTE DE VALLECAS. MEJORA ACOMETIDA ELÉCTRICA E ILUMINACIÓN,,1.91,
2023,X11,"Deportes, juventud y esparcimiento",DEPORTIVO BÁSICO SAN ANSELMO. MEJORA ACOMETIDA ELÉCTRICA E ILUMINACIÓN DE PISTAS,,528.91,528.91
2023,X11,"Deportes, juventud y esparcimiento",DEPORTIVO BÁSICO LOS ARBOLITOS. INSTALACIÓN MÓDULOS VESTUARIO PROVISIONAL CAMPO RUGBY,,27230.97,27230.97
2023,X11,"Deportes, juventud y esparcimiento",EQUIPAMIENTO CENTRO DEPORTIVO ÁNGEL NIETO,,11083.44,561.44
2023,X11,"Deportes, juventud y esparcimiento",EQUIPAMIENTO CENTRO DEPORTIVO VALLECAS,,18538.79,1253.34
2023,X11,"Deportes, juventud y esparcimiento",EQUIPAMIENTO CENTROS DEPORTIVOS DISTRITO PUENTE DE VALLECAS,,94617.5,
2023,X11,"Deportes, juventud y esparcimiento",EQUIPAMIENTO CENTRO DEPORTIVO PALOMERAS,,18065.12,10175.11
2023,X11,"Deportes, juventud y esparcimiento",EQUIPAMIENTO CENTRO DEPORTIVO ENTREVÍAS,,9250.8,867.35
2023,X11,"Deportes, juventud y esparcimiento",EQUIPAMIENTO CENTRO DEPORTIVO WILFRED AGBONAVBARE,,1074.56,350.9
2023,X11,"Deportes, juventud y esparcimiento",DEPORTIVO BÁSICO EL BOSCO. OBRAS DE ACONDICIONAMIENTO Y RENOVACIÓN DEL VALLADO PERIMETRAL,,199.84,199.84
2023,X11,"Deportes, juventud y esparcimiento",DEPORTIVO BÁSICO PARQUE DE LA VIÑA. OBRAS DE ACONDICIONAMIENTO Y ALUMBRADO EXTERIOR,,49036.4,45812.98
2023,X11,"Deportes, juventud y esparcimiento","CENTRO DEPORTIVO ÁNGEL NIETO.OBRAS DE ACONDICIONAMIENTO Y MEJORA VARIAS,ACCESIBILIDAD,SEGURIDAD, ETC",,35327.98,13273.09
2023,X11,"Deportes, juventud y esparcimiento","POLIDEPORTIVO ENTREVÍAS.REFORMA SALA CALDERA,SISTEMA CONTROL PISCINA,CLIMATIZACIÓN Y OTRAS MEJORAS",,1598.71,1598.71
2023,X11,"Deportes, juventud y esparcimiento","CENTRO DEPORTIVO PALOMERAS.OBRAS DE ACONDICIONAMIENTO Y MEJORA VARIAS,CLIMATIZACIÓN,ALUMBRADO, ETC",,18142.82,3730.81
2023,X11,"Deportes, juventud y esparcimiento","POLIDEPORTIVO VALLECAS.DESAMIANTADO Y OTRAS DE ACONDICIONAMIENTO: VASO PISCINA INFANTIL,PÉRGOLA,ETC",,243440.18,233247.58
2023,X11,"Deportes, juventud y esparcimiento","POLIDEPORTIVO WILFRED AGBONAVBARE.CONTROL ACCESOS,REFORMA SALA AEROBIC Y MUSCULACIÓN,FÚTBOL 11,ETC..",,7124.19,6917.59
2023,X11,"Deportes, juventud y esparcimiento",DEPORTIVO BÁSICO PEDRO ESCUDERO. OBRAS DE ACONDICIONAMIENTO Y DESAMIANTADO,,5445.69,5126.39
2023,X11,"Deportes, juventud y esparcimiento",DEPORTIVO BÁSICO RONDA SUR. OBRAS DE REPARACIÓN DE DAÑOS,,23533.34,23533.33
2023,X11,"Deportes, juventud y esparcimiento",CENTROS DEPORTIVOS DISTRITO PUENTE DE VALLECAS. MOBILIARIO Y EQUIPOS DE OFICINA,,34950.89,
2023,X11,"Deportes, juventud y esparcimiento",CENTRO DEPORTIVO PALOMERAS. OBRAS REPARACIÓN INSTALACIONES PISCINA CLIMATIZADA,,27385.72,27284.77
2023,X11,"Deportes, juventud y esparcimiento",CENTRO DEPORTIVO WILFRED AGBONAVBARE. OBRAS REPARACIÓN INSTALACIONES PISCINA CLIMATIZADA,,21000.06,20999.41
2023,X11,"Deportes, juventud y esparcimiento",CENTRO DEPORTIVO ENTREVÍAS. ADECUACIÓN PISCINA DE INVIERNO Y OTRAS MEJORAS,,321219.49,284352.15
2023,X11,"Deportes, juventud y esparcimiento",CENTRO DEPORTIVO ANGEL NIETO. OBRAS ACONDICIONAMIENTO INSTALACIONES Y VARIOS,,187197.73,148882.15
2023,X11,"Deportes, juventud y esparcimiento","CENTRO DEPORTIVO VALLECAS. ACONDICIONAMIENTO PISCINA, VESTUARIOS Y OTRAS",,210097.99,172696.49
2023,X11,"Deportes, juventud y esparcimiento",CENTRO JUVENIL RÍO ESMERALDA. OBRAS DE ADECUACIÓN EN CAFETERÍA,,48102.92,48102.92
2023,X05,Educación,,,1606954.97,1136205.28
2023,X05,Educación,ESCUELA DE MÚSICA EN EL DISTRITO DE PUENTE DE VALLECAS. CONSTRUCCIÓN,,42833.74,42833.73
2023,X05,Educación,OBRAS DE MEJORA Y ACONDICIONAMIENTO CENTROS DOCENTES DISTRITO DE PUENTE DE VALLECAS,,0.08,
2023,X05,Educación,COLEGIO PÚBLICO JAIME BALMES. ACONDICIONAMIENTO FACHADAS Y PATIOS,,45607.42,
2023,X05,Educación,OBRAS CONSERVACIÓN Y MEJORA CENTROS DOCENTES DE ENSEÑANZA DISTRITO DE PUENTE DE VALLECAS,,3.27,
2023,X05,Educación,"COLEGIO PÚBLICO PALOMERAS BAJAS. ADECUACIÓN ASEOS, REJAS, LÍNEAS DE VIDA Y OTRAS",,41361.73,39830.96
2023,X05,Educación,"COLEGIO PÚBLICO MADRID SUR. OBRAS DE ADECUACIÓN ARENERO, FALSOS TECHOS, PAVIMENTO DE CAUCHO Y OTRAS",,6757.95,4501.98
2023,X05,Educación,"COLEGIO PÚBLICO CARLOS SÁINZ DE LOS TERREROS. MEJORA CARPINTERÍA, ELIMINACIÓN DE AMIANTO Y OTRAS",,71394.47,56947.39
2023,X05,Educación,"COLEGIO PÚBLICO AMÓS ACERO. REFORMA CARPINTERÍA, ADECUACIÓN DE INSTALACIONES Y OTRAS",,8701.02,4906.22
2023,X05,Educación,"COLEGIO PÚBLICO EDUARDO ROJO. MEJORA ASEOS, VALLAS, PUERTAS DE CALLE Y OTRAS",,88951.49,53126.89
2023,X05,Educación,"COLEGIO PÚBLICO EL MADROÑO. INSTALACIÓN DE LÍNEAS DE VIDA Y REJAS, RENOVACIÓN CANALONES Y OTRAS",,16798.53,16637.1
2023,X05,Educación,"COLEGIO PÚBLICO LA RIOJA. MEJORA CARPINTERÍA, TOLDO EN ACCESO Y OTRAS",,20061.04,16064.12
2023,X05,Educación,"ESCUELA INFANTIL LUISA FERNANDA. PROTECCIÓN CONTRA INCENDIOS, ALUMBRADO DE EMERGENCIA Y OTRAS",,5604.6,4923.69
2023,X05,Educación,OBRAS DE ACONDICIONAMIENTO Y MEJORA CENTROS EDUCATIVOS DEL DISTRITO DE PUENTE DE VALLECAS,,0.9,
2023,X05,Educación,"COLEGIO PÚBLICO AGUSTINA DÍEZ. OBRAS DE DESAMIANTADO, MEJORA ACCESIBILIDAD,CARPINTERÍAS Y OTRAS",,39732.78,39732.78
2023,X05,Educación,"COLEGIO PÚBLICO ARAGÓN. OBRAS DE DESAMIANTADO, ACONDICIONAMIENTO ZONAS DE JUEGO Y OTRAS",,69877.33,57469.26
2023,X05,Educación,"COLEGIO PÚBLICO ASTURIAS. OBRAS DE DESAMIANTADO, MEJORA ACCESIBILIDAD,CARPINTERÍAS Y OTRAS",,14251.66,12901.29
2023,X05,Educación,"COLEGIO PÚBLICO CONCHA ESPINA. OBRAS DE DESAMIANTADO, ALUMBRADO EXTERIOR Y OTRAS MEJORAS",,57601.06,50067.89
2023,X05,Educación,COLEGIO PÚBLICO DOCTOR TOLOSA LATOUR. ACONDICIONAMIENTO ZONAS EXTERIORES E INTERIORES,,20576.64,
2023,X05,Educación,"COLEGIO PÚBLICO FRANCISCO RUANO. OBRAS DE DESAMIANTADO, ILUMINACIÓN LED Y OTRAS MEJORAS",,10904.77,6719.95
2023,X05,Educación,COLEGIO PÚBLICO GINER DE LOS RÍOS. OBRAS CLIMATIZACIÓN PLANTA ÚLTIMA Y PATIO CENTRAL Y OTRAS MEJORAS,,48012.54,4898.65
2023,X05,Educación,COLEGIO PÚBLICO JAIME BALMES. OBRAS DE DESAMIANTADO Y OTRAS DE ACONDICIONAMIENTO EXTERIOR E INTERIOR,,214599.11,179263.76
2023,X05,Educación,COLEGIO PÚBLICO JAVIER DE MIGUEL. OBRAS DE DESAMIANTADO Y OTRAS DE ACONDICIONAMIENTO Y MEJORA,,45354.81,37631.31
2023,X05,Educación,COLEGIO PÚBLICO JOSÉ MARÍA DE PEREDA. OBRAS DE DESAMIANTADO Y OTRAS DE ACONDICIONAMIENTO Y MEJORA,,61725.99,61725.99
2023,X05,Educación,COLEGIO PÚBLICO MANUEL NÚÑEZ DE ARENAS. OBRAS DE DESAMIANTADO Y OTRAS DE ACONDICIONAMIENTO Y MEJORA,,23508.6,21299.89
2023,X05,Educación,"COLEGIO PÚBLICO MESONERO ROMANOS.OBRAS ADECUACIÓN ESCALERAS,CUBIERTA,CARPINTERÍA,ALUMBRADO Y OTRAS",,4743.02,3429.3
2023,X05,Educación,"COLEGIO PÚBLICO PADRE MARIANA. OBRAS DE DESAMIANTADO, EFICIENCIA ENERGÉTICA, MEJORA TECHOSY PATIOS",,54607.62,53389.99
2023,X05,Educación,"COLEGIO PÚBLICO SAN PABLO. OBRAS DE DESAMIANTADO, ACCESIBILIDAD, SANEADO HUMEDADES Y PARAMENTOS",,11882.51,7945.59
2023,X05,Educación,"COLEGIO PÚBLICO SANTO DOMINGO. OBRAS DE ADECUACIÓN BAJANTES, PAVÉS Y OTRAS DE MEJORA",,7347.85,4280.39
2023,X05,Educación,"COLEGIO PÚBLICO VIRGEN DEL CERRO.DESAMIANTADO,ADAPTACIÓN NORMATIVA Y OTRAS DE ACONDICIONAMIENTO",,78446.17,75156.52
2023,X05,Educación,"CENTRO DE EDUCACIÓN ESPECIAL VALLECAS.REMODELACIÓN COMEDOR, ADECUACIÓN CARPINTERÍAS Y OTRAS MEJORAS",,3938.09,1804.49
2023,X05,Educación,"ESCUELA INFANTIL EL CASERÍO. SISTEMA DE CONTROL, ALUMBRADO Y OTRAS OBRAS DE MEJORA",,2017.14,329.62
2023,X05,Educación,COLEGIO PÚBLICO FRAY JUNÍPERO SERRA. OBRAS DE REPARACIÓN DE DAÑOS,,5086.55,5086.55
2023,X05,Educación,COLEGIO PÚBLICO AMÓS ACERO. OBRAS ADAPTACIÓN A NORMATIVA DE LAS INSTALACIONES,,71082.87,38545.94
2023,X05,Educación,COLEGIO PÚBLICO EDUARDO ROJO. OBRAS ADAPTACIÓN A NORMATIVA DE LAS INSTALACIONES,,34952.37,
2023,X05,Educación,COLEGIO PÚBLICO JAIME BALMES. OBRAS ADAPTACIÓN A NORMATIVA DE LAS INSTALACIONES,,66598.23,62472.35
2023,X05,Educación,COLEGIO PÚBLICO LA RIOJA. OBRAS ADAPTACIÓN A NORMATIVA DE LAS INSTALACIONES,,90283.07,5326.76
2023,X05,Educación,COLEGIO PÚBLICO MADRID SUR. OBRAS ADAPTACIÓN A NORMATIVA DE LAS INSTALACIONES,,64678.43,63405.2
2023,X05,Educación,COLEGIO PÚBLICO MANUEL NÚÑEZ DE ARENAS. OBRAS ADAPTACIÓN A NORMATIVA DE LAS INSTALACIONES,,64864.71,15817.63
2023,X05,Educación,COLEGIO PÚBLICO PALOMERAS BAJAS. OBRAS ADAPTACIÓN A NORMATIVA DE LAS INSTALACIONES,,92204.81,87732.1
2023,X04,Salud pública,,,98193.9,97193.9
2023,X04,Salud pública,SERVICIOS SALUBRIDAD DISTRITO PUENTE DE VALLECAS. MATERIAL PARA TOMA DE MUESTRAS,,500.0,
2023,X04,Salud pública,PRÓRROGA CRÉDITO 001213/31101/62302,,500.0,
2023,X04,Salud pública,CENTRO DE ATENCIÓN A LAS ADICCIONES (CAD) DE VALLECAS. INSTALACIONES TÉCNICAS,,25773.54,25773.54
2023,X04,Salud pública,CMSc CENTRO MUNICIPAL DE SALUD COMUNITARIA PUENTE DE VALLECAS. INSTALACIONES TÉCNICAS,,17796.68,17796.68
2023,X04,Salud pública,OTRO EQUIPAMIENTO CENTRO DE ATENCIÓN A LAS ADICCIONES (CAD) VALLECAS,,1305.38,1305.38
2023,X04,Salud pública,OTRO EQUIPAMIENTO CMSc CENTRO MUNICIPAL DE SALUD COMUNITARIA PUENTE DE VALLECAS,,3359.63,3359.63
2023,X04,Salud pública,CENTRO DE ATENCIÓN A LAS ADICCIONES (CAD) DE VALLECAS. SEÑALIZACIÓN,,746.57,746.57
2023,X04,Salud pública,CENTRO MUNICIPAL DE SALUD COMUNITARIA DE PUENTE DE VALLECAS. SEÑALIZACIÓN,,746.57,746.57
2023,X04,Salud pública,CENTRO DE ATENCIÓN A LAS ADICCIONES (CAD) VALLECAS. OBRAS DE REFORMA,,47465.53,47465.53
2024,X01,Protección Civil y seguridad ciudadana,,,144970.51,105889.52
2024,X01,Protección Civil y seguridad ciudadana,COMISARÍA INTEGRAL POLICÍA MUNICIPAL DISTRITO PUENTE VALLECAS. MOBILIARIO Y EQUIPOS DE OFICINA,,15324.23,9036.64
2024,X01,Protección Civil y seguridad ciudadana,COMISARÍA INTEGRAL DE POLICÍA MUNICIPAL DEL DISTRITO DE PUENTE DE VALLECAS. PERSIANAS VENECIANAS,,9029.79,9029.53
2024,X01,Protección Civil y seguridad ciudadana,PARQUE DE BOMBEROS Nº 8 DISTRITO DE PUENTE DE VALLECAS. OTRO MOBILIARIO Y ENSERES,,80514.33,47721.19
2024,X01,Protección Civil y seguridad ciudadana,"EQUIPAMIENTO GIMNASIO PARQUE BOMBEROS NÚMERO 8, DISTRITO PUENTE DE VALLECAS",,31602.16,31602.16
2024,X01,Protección Civil y seguridad ciudadana,MUSEO DE BOMBEROS. ADQUISICIÓN DE MENINA BOMBERA,,8500.0,8500.0
2024,X12,Otros bienes públicos de carácter social,,,32251.38,31949.05
2024,X12,Otros bienes públicos de carácter social,EQUIPAMIENTO OFICINA DE ATENCIÓN AL CIUDADANO LÍNEA MADRID DE PUENTE DE VALLECAS,,29438.13,29135.8
2024,X12,Otros bienes públicos de carácter social,OFICINA DE ATENCIÓN A LA CIUDADANÍA LÍNEA MADRID DE PUENTE DE VALLECAS. SEÑALIZACIÓN,,2813.25,2813.25
2024,X10,Cultura,,,48887.07,44353.91
2024,X10,Cultura,CENTRO SOCIOCULTURAL TALLERES DE CREATIVIDAD. OBRAS DE REPARACIÓN DE DAÑOS,,368.08,184.04
2024,X10,Cultura,CENTROS CULTURALES DISTRITO PUENTE DE VALLECAS. MOBILIARIO Y ENSERES,,1000.0,
2024,X10,Cultura,CENTRO CULTURAL LOPE DE VEGA. ADECUACIÓN ESPACIOS PARA CULTIVOS URBANOS Y CENTRO DE TALLERES,,3040.2,
2024,X10,Cultura,BIBLIOTECA PÚBLICA POZO DEL TÍO RAIMUNDO. SEÑALÉTICA EXTERIOR,,2208.76,2208.76
2024,X10,Cultura,"BIBLIOTECA MUNICIPAL VALLECAS. OBRAS DE TRATAMIENTO HUMEDADES, ACONDICIONAMIENTO ESPACIOS Y OTRAS",,42270.03,41961.11
2024,X14,Sectores productivos,,,141877.17,141877.17
2024,X14,Sectores productivos,EQUIPAMIENTO VIVERO DE EMPRESAS DE PUENTE DE VALLECAS,,26516.35,26516.35
2024,X14,Sectores productivos,VIVERO DE EMPRESAS DE PUENTE DE VALLECAS. CARTELERÍA EXTERIOR,,1205.16,1205.16
2024,X14,Sectores productivos,VIVERO DE EMPRESAS DE PUENTE DE VALLECAS. INSTALACIONES TÉCNICAS,,1047.31,1047.31
2024,X14,Sectores productivos,VIVERO DE EMPRESAS DE PUENTE DE VALLECAS. EQUIPOS DE COMUNICACIÓN,,113108.35,113108.35
2024,X06,Urbanismo,,,1041164.92,993354.16
2024,X06,Urbanismo,"ADQUISICIÓN SUELO C/ JOSEFA DÍAZ, 7",,1530.0,1530.0
2024,X06,Urbanismo,"AV. SANTA CATALINA, S/N. OBRAS ACCESORIAS DE URBANIZACIÓN",,34710.74,
2024,X06,Urbanismo,"C/ PEIRONCELY, 10. ADOPCIÓN DE MEDIDAS DE SEGURIDAD Y OBRAS",,600.0,
2024,X06,Urbanismo,"ÁREA REHABILITACIÓN UVA VALLECAS, PUENTE DE VALLECAS. REGENERACIÓN Y RENOVACIÓN URBANA",,12500.0,
2024,X06,Urbanismo,ENTORNO DEL MERCADO NUEVA NUMANCIA. REURBANIZACIÓN Y ORDENACIÓN DEL ESPACIO PÚBLICO (ID 21: 18869),,991824.18,991824.16
2024,X07,Infraestructuras,,,4365954.58,2788929.4
2024,X07,Infraestructuras,PANTALLAS ACÚSTICAS EN INFRAESTRUCTURAS DE MOVILIDAD. INSTALACIÓN EN EL DISTRITO PUENTE DE VALLECAS,,236932.33,236932.33
2024,X07,Infraestructuras,CAMPUS SUR UNIVERSIDAD POLITÉCNICA DE MADRID Y ENTORNOS ESCOLARES VALLECAS. ZONAS DE BAJAS EMISIONES,,3059022.25,1596203.76
2024,X07,Infraestructuras,PASO INFERIOR BAJO LÍNEA FERROCARRIL POLÍGONO INDUSTRIAL VILLA DE VALLECAS. DESDOBLAMIENTO,,1070000.0,955793.31
2024,X08,Mantenimiento urbano,,,4830970.35,4488955.29
2024,X08,Mantenimiento urbano,CALLE SANZ RASO Y OTRAS DISTRITO PUENTE VALLECAS. ADECUACIÓN DE ACERAS Y MEJORA DE LA ACCESIBILIDAD,,256504.44,206243.51
2024,X08,Mantenimiento urbano,PLAN CAMINO ESCOLAR SEGURO C/ MENDIVIL. ADECUACIÓN VÍAS PÚBLICAS,,184708.22,184708.22
2024,X08,Mantenimiento urbano,CALLE DE LA SIERRA MOLINA. RENOVACIÓN DE PAVIMENTOS Y ACONDICIONAMIENTO ACERADOS,,1597.14,1597.14
2024,X08,Mantenimiento urbano,CAMINOS ESCOLARES SEGUROS CALLE LEÓN FELIPE. ADECUACIÓN VIALES,,460999.65,460876.88
2024,X08,Mantenimiento urbano,ALUMBRADO PÚBLICO DIVERSAS CALLES PUENTE DE VALLECAS.IMPLANTACIÓN TECNOLOGÍA LED (ID 21: 18878),,708000.0,497324.76
2024,X08,Mantenimiento urbano,CARRILES BICI DISTRITO PUENTE DE VALLECAS. RENOVACIÓN DEL PAVIMENTO EN VARIOS TRAMOS (ID 21: 18845),,454391.29,389747.05
2024,X08,Mantenimiento urbano,CALLES DE ANDALUCES DEL POZO Y SAN CLAUDIO. MEJORA Y REHABILITACIÓN DE CALZADAS,,18192.71,18192.71
2024,X08,Mantenimiento urbano,CALLE GARGANTA DE AISA Y OTRAS DISTRITO PUENTE DE VALLECAS. ADECUACIÓN VIALES Y MEJORA ACCESIBILIDAD,,368854.3,368854.3
2024,X08,Mantenimiento urbano,"CALLE IBOR Y OTRAS, DISTRITO DE PUENTE DE VALLECAS. MEJORA DE LAS CONDICIONES DE RODADURA",,225757.48,225757.48
2024,X08,Mantenimiento urbano,"CALLE TRANVÍA DE ARGANDA Y OTRAS, DISTRITO PUENTE DE VALLECAS. MEJORA DE LAS CONDICIONES DE RODADURA",,1133132.48,1133132.48
2024,X08,Mantenimiento urbano,"CALLE VECINOS DEL POZO Y OTRAS, DISTRITO PUENTE DE VALLECAS. MEJORA DE LAS CONDICIONES DE RODADURA",,226241.83,209930.89
2024,X08,Mantenimiento urbano,Cº POZO DEL TÍO RAIMUNDO ENTRE AV.ENTREVÍAS Y PASO INFERIOR FERROCARRIL PUENTE DE VALLECAS. MEJORAS,,119621.94,119621.0
2024,X08,Mantenimiento urbano,"CALLE SAN CLAUDIO, 25 A 61. ADECUACIÓN DE VIALES Y MEJORA DE LA ACCESIBILIDAD",,490588.92,490588.92
2024,X08,Mantenimiento urbano,CALLE SIERRA SALVADA 23 A 40. ADECUACIÓN DE VIALES Y MEJORA DE LA ACCESIBILIDAD,,182379.95,182379.95
2024,X09,Medio ambiente,,,421321.48,385385.64
2024,X09,Medio ambiente,FUENTES BEBEDERO EN EL DISTRITO PUENTE DE VALLECAS. INSTALACIÓN,,44009.82,43998.71
2024,X09,Medio ambiente,PLANTACIONES ARBÓREAS EN PARQUES DISTRITO DE PUENTE DE VALLECAS. MEJORA ESTÉTICA Y MEDIO AMBIENTAL,,2627.55,2627.55
2024,X09,Medio ambiente,PARQUE LA VIÑA. OBRAS DE REHABILITACIÓN,,155500.0,155496.29
2024,X09,Medio ambiente,REPOBLACIÓN CON ESPECIES ARBÓREAS FORESTALES EN DIVERSAS PARCELAS DEL DISTRITO DE PUENTE DE VALLECAS,,1184.11,1184.11
2024,X09,Medio ambiente,ZONAS AJARDINADAS DEL DISTRITO DE PUENTE DE VALLECAS. REMODELACIÓN,,25393.0,
2024,X09,Medio ambiente,"ZONA VERDE PLAZA SIERRA BERMEJA, DISTRITO PUENTE DE VALLECAS. REFORMA Y MODERNIZACIÓN",,192607.0,182078.98
2024,X03,Protección y promoción social,,,704255.09,671220.2
2024,X03,Protección y promoción social,CENTRO DE MAYORES CASA DEL BULEVAR. MOBILIARIO Y EQUIPOS DE OFICINA,,11105.83,11105.83
2024,X03,Protección y promoción social,CENTRO DE MAYORES NAVACERRADA. MOBILIARIO Y EQUIPOS DE OFICINA,,1434.57,1434.57
2024,X03,Protección y promoción social,CENTRO DE MAYORES ALTO ARENAL. MOBILIARIO Y EQUIPOS DE OFICINA,,2409.32,2409.32
2024,X03,Protección y promoción social,CENTRO DE MAYORES EL POZO. MOBILIARIO Y EQUIPOS DE OFICINA,,1499.83,1499.83
2024,X03,Protección y promoción social,CENTRO DE MAYORES ENTREVÍAS. MOBILIARIO Y EQUIPOS DE OFICINA,,12434.58,12434.58
2024,X03,Protección y promoción social,CENTRO DE MAYORES PABLO NERUDA. MOBILIARIO Y EQUIPOS DE OFICINA,,1444.22,1444.22
2024,X03,Protección y promoción social,CENTRO DE MAYORES SAN DIEGO. MOBILIARIO Y EQUIPOS DE OFICINA,,1572.45,1572.45
2024,X03,Protección y promoción social,CENTRO DE MAYORES ENTREVÍAS. MATERIAL PARA EL GABINETE DE PODOLOGÍA,,8015.48,8015.47
2024,X03,Protección y promoción social,EQUIPAMIENTO GABINETE DE PODOLOGÍA DEL CENTRO DE MAYORES SAN DIEGO,,8015.36,8015.34
2024,X03,Protección y promoción social,EQUIPAMIENTO CENTRO SERVICIOS SOCIALES SAN DIEGO,,11999.71,11999.69
2024,X03,Protección y promoción social,CENTRO DE SERVICIOS SOCIALES SAN DIEGO. MOBILIARIO Y EQUIPOS DE OFICINA,,33947.79,33947.79
2024,X03,Protección y promoción social,CENTRO DE MAYORES ENTREVÍAS. OBRAS ADECUACIÓN ESPACIOS PARA PELUQUERÍA,,10648.56,10648.56
2024,X03,Protección y promoción social,"LOCAL C/ JOSÉ SERRANO, 19. OBRAS ADECUACIÓN OFICINA GESTIÓN PRESTACIONES SERVICIOS SOCIALES",,438.42,438.42
2024,X03,Protección y promoción social,CENTROS DE MAYORES DISTRITO DE PUENTE DE VALLECAS. MOBILIARIO Y EQUIPOS DE OFICINA,,0.03,
2024,X03,Protección y promoción social,CENTRO DE MAYORES NAVACERRADA. OBRAS DE REFORMA,,424901.03,424852.52
2024,X03,Protección y promoción social,CENTROS DE MAYORES DEL DISTRITO PUENTE DE VALLECAS. MOBILIARIO Y ENSERES,,471.85,
2024,X03,Protección y promoción social,CENTRO DE MAYORES ENTREVÍAS. MOBILIARIO Y ENSERES,,3023.04,3023.02
2024,X03,Protección y promoción social,CENTRO DE MAYORES SAN DIEGO. MOBILIARIO Y ENSERES,,2297.26,2297.23
2024,X03,Protección y promoción social,CENTROS DE MAYORES DEL DISTRITO PUENTE DE VALLECAS. MAQUINARIA,,2974.0,2549.14
2024,X03,Protección y promoción social,CENTROS DE SERVICIOS SOCIALES DISTRITO PUENTE DE VALLECAS. MOBILIARIO Y ENSERES,,10000.0,
2024,X03,Protección y promoción social,"CENTRO DE MAYORES PABLO NERUDA. OBRAS DE ACCESIBILIDAD, ADECUACIÓN DE ESPACIOS Y OTRAS",,133947.14,133532.22
2024,X03,Protección y promoción social,AGENCIA DE ZONA PUENTE VALLECAS. ADQUISICIÓN DE CARTELERÍA Y GESTOR DE CONTENIDOS,,21674.62,
2024,X00,Inversiones de carácter general,,,651937.76,486211.69
2024,X00,Inversiones de carácter general,"EQUIPAMIENTO Y MOBILIARIO NUEVA SEDE DEL DISTRITO PUENTE DE VALLECAS, AV.BUENOS AIRES, 17",,277133.64,112646.42
2024,X00,Inversiones de carácter general,SERVICIOS ADMINISTRATIVOS DEL DISTRITO DE PUENTE DE VALLECAS. RELOJ CRONÓMETRO,,866.36,866.36
2024,X00,Inversiones de carácter general,EDIFICIO SEDE DISTRITO DE PUENTE DE VALLECAS. OBRAS E INSTALACIONES PARA IMPLANTACIÓN DE SEÑALÉTICA,,185936.21,185553.3
2024,X00,Inversiones de carácter general,EDIFICIO SEDE DEL DISTRITO DE PUENTE DE VALLECAS. OBRAS DE ACONDICIONAMIENTO EN LA SEGUNDA PLANTA,,188001.55,187145.61
2024,X11,"Deportes, juventud y esparcimiento",,,3891206.76,3521956.58
2024,X11,"Deportes, juventud y esparcimiento",VESTUARIOS CAMPOS DE RUGBY Y FÚTBOL EN ENTREVÍAS. CONSTRUCCIÓN,,495706.45,260647.35
2024,X11,"Deportes, juventud y esparcimiento",INSTALACIONES DEPORTIVAS BIOSALUDABLES EN EL DISTRITO DE PUENTE DE VALLECAS,,746.89,746.89
2024,X11,"Deportes, juventud y esparcimiento",EQUIPAMIENTO CENTRO DEPORTIVO ÁNGEL NIETO,,11153.98,11153.97
2024,X11,"Deportes, juventud y esparcimiento",EQUIPAMIENTO CENTRO DEPORTIVO VALLECAS,,17224.95,17224.95
2024,X11,"Deportes, juventud y esparcimiento",EQUIPAMIENTO CENTROS DEPORTIVOS DISTRITO PUENTE DE VALLECAS,,7.67,
2024,X11,"Deportes, juventud y esparcimiento",EQUIPAMIENTO CENTRO DEPORTIVO PALOMERAS,,6539.47,6539.47
2024,X11,"Deportes, juventud y esparcimiento",EQUIPAMIENTO CENTRO DEPORTIVO ENTREVÍAS,,7725.96,7725.96
2024,X11,"Deportes, juventud y esparcimiento",EQUIPAMIENTO CENTRO DEPORTIVO WILFRED AGBONAVBARE,,545.74,545.74
2024,X11,"Deportes, juventud y esparcimiento",CENTRO DEPORTIVO ENTREVÍAS. ADECUACIÓN PISCINA DE INVIERNO Y OTRAS MEJORAS,,215200.0,214864.15
2024,X11,"Deportes, juventud y esparcimiento",CENTRO DEPORTIVO ANGEL NIETO. OBRAS ACONDICIONAMIENTO INSTALACIONES Y VARIOS,,181806.0,172503.84
2024,X11,"Deportes, juventud y esparcimiento","CENTRO DEPORTIVO VALLECAS. ACONDICIONAMIENTO PISCINA, VESTUARIOS Y OTRAS",,423508.0,421071.71
2024,X11,"Deportes, juventud y esparcimiento",VESTUARIOS CAMPOS DE RUGBY Y FÚTBOL EN ENTREVÍAS. ACONDICIONAMIENTO,,39869.5,27908.65
2024,X11,"Deportes, juventud y esparcimiento",CENTRO DEPORTIVO WILFRED AGBONAVBARE. SUBSANACIÓN DE PATOLOGÍAS EN VASOS COMPENSACIÓN PISCINAS,,9686.5,9686.5
2024,X11,"Deportes, juventud y esparcimiento",CENTRO DEPORTIVO ANGEL NIETO. SUBSANACIÓN PATOLOGÍAS VASO DE PISCINA,,1000000.0,976299.52
2024,X11,"Deportes, juventud y esparcimiento",CENTRO DEPORTIVO VALLECAS VERANO. OBRAS DE ADECUACIÓN DE CERRAMIENTO PERIMETRAL,,359784.47,359538.12
2024,X11,"Deportes, juventud y esparcimiento",CENTROS DEPORTIVOS MUNICIPALES DISTRITO PUENTE DE VALLECAS. MOBILIARIO Y ENSERES,,61622.55,
2024,X11,"Deportes, juventud y esparcimiento",REFORMA Y REPOSICIÓN EN INSTALACIONES DEPORTIVAS DEL DISTRITO DE PUENTE DE VALLECAS,,2349.84,
2024,X11,"Deportes, juventud y esparcimiento",DEPORTIVO BÁSICO PALOMERAS BAJAS. REPOSICIÓN Y MEJORA DE LA ILUMINACIÓN DEL CAMPO DE FÚTBOL,,58302.19,58249.45
2024,X11,"Deportes, juventud y esparcimiento","CENTRO DEPORTIVO VALLECAS. ACONDICIONAMIENTO DE EDIFICIOS, PLAYAS Y DEPURADORA PISCINA OLÍMPICA",,698709.86,695239.34
2024,X11,"Deportes, juventud y esparcimiento",CENTRO DEPORTIVO ENTREVÍAS. OBRAS DE INSTALACIÓN DE VALLA CINEGÉTICA,,50108.2,49867.08
2024,X11,"Deportes, juventud y esparcimiento",CENTRO DEPORTIVO MUNICIPAL WILFRED AGBONAVBARE. OBRAS DE INSTALACIÓN DE VALLA CINEGÉTICA,,23191.76,22950.64
2024,X11,"Deportes, juventud y esparcimiento",DEPORTIVO BÁSICO RONDA SUR. OBRAS DE ACONDICIONAMIENTO Y MEJORA DEL VALLADO,,61242.15,60820.16
2024,X11,"Deportes, juventud y esparcimiento",EQUIPAMIENTO CENTRO JUVENIL POLIVALENTE RÍO ESMERALDA,,16002.0,
2024,X11,"Deportes, juventud y esparcimiento",CENTRO DEPORTIVO ANGEL NIETO. TRANSCEPTORES PARA COMUNICACIÓN INTERNA,,5875.16,5875.16
2024,X11,"Deportes, juventud y esparcimiento","CENTRO JUVENIL RÍO ESMERALDA. ACONDICIONAMIENTO DE CARPINTERÍA EXTERIOR, CERRAMIENTOS Y OTRAS",,144297.47,142497.93
2024,X05,Educación,,,2449750.79,2346467.81
2024,X05,Educación,OBRAS DE MEJORA Y ACONDICIONAMIENTO CENTROS DOCENTES DISTRITO DE PUENTE DE VALLECAS,,45607.42,
2024,X05,Educación,COLEGIO PÚBLICO JAIME BALMES. ACONDICIONAMIENTO FACHADAS Y PATIOS,,45607.42,45607.42
2024,X05,Educación,"COLEGIO PÚBLICO EDUARDO ROJO. MEJORA ASEOS, VALLAS, PUERTAS DE CALLE Y OTRAS",,15694.88,15694.88
2024,X05,Educación,OBRAS DE ACONDICIONAMIENTO Y MEJORA CENTROS EDUCATIVOS DEL DISTRITO DE PUENTE DE VALLECAS,,3433.86,
2024,X05,Educación,COLEGIO PÚBLICO DOCTOR TOLOSA LATOUR. ACONDICIONAMIENTO ZONAS EXTERIORES E INTERIORES,,4860.56,4860.56
2024,X05,Educación,COLEGIO PÚBLICO GINER DE LOS RÍOS. OBRAS CLIMATIZACIÓN PLANTA ÚLTIMA Y PATIO CENTRAL Y OTRAS MEJORAS,,39680.04,18205.09
2024,X05,Educación,COLEGIO PÚBLICO JAIME BALMES. OBRAS DE DESAMIANTADO Y OTRAS DE ACONDICIONAMIENTO EXTERIOR E INTERIOR,,4171.46,4171.46
2024,X05,Educación,COLEGIO PÚBLICO AMÓS ACERO. OBRAS ADAPTACIÓN A NORMATIVA DE LAS INSTALACIONES,,28456.95,28456.95
2024,X05,Educación,COLEGIO PÚBLICO EDUARDO ROJO. OBRAS ADAPTACIÓN A NORMATIVA DE LAS INSTALACIONES,,28363.89,28363.89
2024,X05,Educación,COLEGIO PÚBLICO JAIME BALMES. OBRAS ADAPTACIÓN A NORMATIVA DE LAS INSTALACIONES,,2430.31,2430.31
2024,X05,Educación,COLEGIO PÚBLICO LA RIOJA. OBRAS ADAPTACIÓN A NORMATIVA DE LAS INSTALACIONES,,84942.33,84942.33
2024,X05,Educación,COLEGIO PÚBLICO MADRID SUR. OBRAS ADAPTACIÓN A NORMATIVA DE LAS INSTALACIONES,,2372.85,2372.85
2024,X05,Educación,COLEGIO PÚBLICO MANUEL NÚÑEZ DE ARENAS. OBRAS ADAPTACIÓN A NORMATIVA DE LAS INSTALACIONES,,36547.97,36547.97
2024,X05,Educación,COLEGIO PÚBLICO PALOMERAS BAJAS. OBRAS ADAPTACIÓN A NORMATIVA DE LAS INSTALACIONES,,3381.3,3381.3
2024,X05,Educación,OBRAS DE REFORMA Y CONSERVACIÓN EN CENTROS DOCENTES DEL DISTRITO DE PUENTE DE VALLECAS,,9289.2,
2024,X05,Educación,COLEGIO PÚBLICO JAVIER DE MIGUEL. OBRAS DE CONSERVACIÓN Y SUBSANACIÓN DE DEFICIENCIAS VARIAS,,247661.51,246450.68
2024,X05,Educación,COLEGIO PÚBLICO FRANCISCO RUANO. OBRAS DE ACONDICIONAMIENTO Y MEJORA VALLADO,,78748.84,77810.75
2024,X05,Educación,CENTROS DOCENTES DISTRITO DE PUENTE DE VALLECAS. ADECUACIÓN INSTALACIONES Y OBRAS VARIAS DE MEJORA,,1386.72,
2024,X05,Educación,"COLEGIO PÚBLICO  ARAGÓN. MEJORA PROTECCIÓN CONTRA INCENDIOS,  ACTUACIONES EN FACHADA Y OTRAS",,137219.55,136768.72
2024,X05,Educación,COLEGIO PÚBLICO CARLOS SAINZ DE LOS TERREROS. INSTALACIONES DE SEGURIDAD Y OTRAS OBRAS DE MEJORA,,133504.84,133219.3
2024,X05,Educación,"COLEGIO PÚBLICO CONCHA ESPINA. ACONDICIONAMIENTO VALLADO, FACHADA, ESPACIOS, SEGURIDAD Y OTRAS",,206521.52,205987.58
2024,X05,Educación,"COLEGIO PÚBLICO DOCTOR TOLOSA LATOUR. ADECUACIÓN CUBIERTAS, INSTALACIONES DE SEGURIDAD Y OTRAS",,215778.37,215179.66
2024,X05,Educación,COLEGIO PÚBLICO GINER DE LOS RIOS. ACONDICIONAMIENTO INSTALACIONES DE SEGURIDAD Y OTRAS MEJORAS,,124448.92,122890.8
2024,X05,Educación,"COLEGIO PÚBLICO JAIME BALMES. ADECUACIÓN ZONAS INTERIORES Y EXTERIORES,CERRAMIENTO,ALARMA Y OTRAS",,117379.64,117127.91
2024,X05,Educación,"COLEGIO PÚBLICO JOSE MARÍA PEREDA. ADECUACIÓN PATIO INTERIOR, PROTECCIÓN CONTA INCENDIOS Y OTRAS",,204912.95,204394.32
2024,X05,Educación,"COLEGIO PÚBLICO PADRE MARIANA. ADECUACIÓN PARQUE INFANTIL, APARCAMIENTO, SEGURIDAD Y OTRAS MEJORAS",,176296.18,175521.65
2024,X05,Educación,"COLEGIO PÚBLICO SANTO DOMINGO. MEJORA EN CUBIERTA, PATIO, ZONA INFANTIL, SEGURIDAD Y OTRAS",,202068.59,199619.37
2024,X05,Educación,"CENTRO DE EDUCACIÓN ESPECIAL VALLECAS. MEJORAS EN CUBIERTA, FACHADA, PAVIMENTO EXTERIOR Y OTRAS",,248982.72,236462.06
2024,X04,Salud pública,,,66310.76,63429.68
2024,X04,Salud pública,SERVICIOS SALUBRIDAD DISTRITO PUENTE DE VALLECAS. MATERIAL PARA TOMA DE MUESTRAS,,344.37,344.37
2024,X04,Salud pública,CENTRO DE ATENCIÓN A LAS ADICCIONES (CAD) DE VALLECAS. INSTALACIONES TÉCNICAS,,1350.11,
2024,X04,Salud pública,EQUIPAMIENTO CMSc CENTRO MUNICIPAL DE SALUD COMUNITARIA PUENTE DE VALLECAS,,5887.77,5887.77
2024,X04,Salud pública,CENTRO DE ATENCIÓN A LAS ADICCIONES (CAD) VALLECAS. OBRAS DE ACONDICIONAMIENTO,,49204.89,49024.03
2024,X04,Salud pública,CENTRO MUNICIPAL DE SALUD COMUNITARIA DE PUENTE DE VALLECAS. INSTALACIONES TÉCNICAS,,9523.62,8173.51
2025,X01,Protección Civil y seguridad ciudadana,,,133105.4,133105.39
2025,X01,Protección Civil y seguridad ciudadana,COMISARÍA INTEGRAL POLICÍA MUNICIPAL DISTRITO PUENTE VALLECAS. MOBILIARIO Y EQUIPOS DE OFICINA,,4537.5,4537.5
2025,X01,Protección Civil y seguridad ciudadana,PARQUE DE BOMBEROS Nº 8 DISTRITO DE PUENTE DE VALLECAS. OTRO MOBILIARIO Y ENSERES,,69563.82,69563.82
2025,X01,Protección Civil y seguridad ciudadana,EQUIPAMIENTO COMISARÍA INTEGRAL POLICÍA MUNICIPAL DEL DISTRITO DE PUENTE DE VALLECAS,,5695.66,5695.66
2025,X01,Protección Civil y seguridad ciudadana,COMISARÍA INTEGRAL DISTRITO PUENTE DE VALLECAS. SEÑALIZACIÓN EXTERIOR,,28390.9,28390.9
2025,X01,Protección Civil y seguridad ciudadana,"DEPENDENCIAS POLICÍA MUNICIPAL EN C/ PUERTO CARDOSO, 7. SEÑALIZACIÓN EXTERIOR",,2814.95,2814.94
2025,X01,Protección Civil y seguridad ciudadana,BASE 26 SAMUR-PROTECCIÓN CIVIL. OBRAS DE INSTALACIÓN DE REJAS,,3990.26,3990.26
2025,X01,Protección Civil y seguridad ciudadana,CENTRO DEPORTIVO PALOMERAS. EQUIPAMIENTO SERVICIO DE MEDICINA DEPORTIVA,,18112.31,18112.31
2025,X12,Otros bienes públicos de carácter social,,,10659.82,10560.77
2025,X12,Otros bienes públicos de carácter social,EQUIPAMIENTO OFICINA DE ATENCIÓN A LA CIUDADANÍA (OAC) PUENTE DE VALLECAS. LÍNEA MADRID,,2413.95,2413.95
2025,X12,Otros bienes públicos de carácter social,EQUIPAMIENTO OFICINA DE ATENCIÓN AL CIUDADANO LÍNEA MADRID DE PUENTE DE VALLECAS,,302.33,302.33
2025,X12,Otros bienes públicos de carácter social,OFICINA DE ATENCIÓN A LA CIUDADANÍA LÍNEA MADRID DE PUENTE DE VALLECAS. SEÑALIZACIÓN,,601.68,601.68
2025,X12,Otros bienes públicos de carácter social,EQUIPAMIENTO OFICINA DE ATENCIÓN A LA CIUDADANÍA (OAC) NUMANCIA. LÍNEA MADRID,,2413.95,2413.95
2025,X12,Otros bienes públicos de carácter social,OFICINA DE ATENCIÓN A LA CIUDADANÍA LÍNEA MADRID DE NUMANCIA. SEÑALIZACIÓN,,181.5,181.5
2025,X12,Otros bienes públicos de carácter social,"OFICINA DE ATENCIÓN AL CIUDADANO LÍNEA MADRID DE NUMANCIA. CONSERVACIÓN, MEJORAS Y SISTEMA ALARMA",,4746.41,4647.36
2025,X10,Cultura,,,933370.37,892390.33
2025,X10,Cultura,EQUIPAMIENTO BIBLIOTECA PÚBLICA POZO DEL TÍO RAIMUNDO,,22698.8,22302.87
2025,X10,Cultura,CENTRO CULTURAL EL POZO DEL TÍO RAIMUNDO. OBRAS DE REFORMA,,419281.9,419281.9
2025,X10,Cultura,CENTROS CULTURALES DISTRITO PUENTE DE VALLECAS. MOBILIARIO Y ENSERES,,1000.0,
2025,X10,Cultura,CENTRO CULTURAL LOPE DE VEGA. ADECUACIÓN ESPACIOS PARA CULTIVOS URBANOS Y CENTRO DE TALLERES,,3040.2,
2025,X10,Cultura,"EDIFICIO C/ PEIRONCELLY, 10. REHABILITACIÓN PARA DOTACIÓN CULTURAL",,50000.0,16836.84
2025,X10,Cultura,CENTRO SOCIOCULTURAL TALLERES DE CREATIVIDAD. ADOPCIÓN DE MEDIDAS DE SEGURIDAD,,952.2,952.2
2025,X10,Cultura,"BIBLIOTECA MUNICIPAL VALLECAS. CONSERVACIÓN, MEJORAS Y SISTEMA ALARMA",,7742.28,7643.24
2025,X10,Cultura,"CENTRO CULTURAL LOPE DE VEGA. CONSERVACIÓN, MEJORAS Y SISTEMA ALARMA",,3672.13,3573.09
2025,X10,Cultura,"CENTRO CULTURAL POZO DEL TÍO RAIMUNDO. CONSERVACIÓN, MEJORAS Y SISTEMA ALARMA",,6763.68,6664.64
2025,X10,Cultura,"CENTRO SOCIOCULTURAL ALBERTO SÁNCHEZ. CONSERVACIÓN, MEJORAS Y SISTEMA ALARMA",,7416.71,7248.2
2025,X10,Cultura,"CENTRO SOCIOCULTURAL TALLERES CREATIVIDAD Y AULA AIRE LIBRE. CONSERVACIÓN, MEJORAS Y SISTEMA ALARMA",,5762.68,5663.64
2025,X10,Cultura,"CENTRO SOCIOCULTURAL ENTREVÍAS. CONSERVACIÓN, MEJORAS Y SISTEMA ALARMA",,4341.93,4242.89
2025,X10,Cultura,"IFS-CENTRO SOCIOCULTURAL ALBERTO SÁNCHEZ. CONSERVACIÓN, MEJORAS Y PROTECCIÓN CONTRA INCENDIOS",,82547.86,82538.96
2025,X10,Cultura,AUDITORIO AL AIRE LIBRE ENTREVÍAS. OBRAS DE REHABILITACIÓN,,300000.0,297896.86
2025,X10,Cultura,"PANELES INFORMATIVOS PUNTOS EMBLEMÁTICOS PUENTE DE VALLECAS. HISTORIA, ARTE Y CULTURA (ID 17: 2420)",,18150.0,17545.0
2025,X14,Sectores productivos,,,7072.16,7072.16
2025,X14,Sectores productivos,EQUIPAMIENTO VIVERO DE EMPRESAS DE PUENTE DE VALLECAS,,120.0,120.0
2025,X14,Sectores productivos,VIVERO DE EMPRESAS DE PUENTE DE VALLECAS. EQUIPOS DE COMUNICACIÓN,,5908.83,5908.83
2025,X14,Sectores productivos,VIVERO DE EMPRESAS DE PUENTE VALLECAS. SEÑALÉTICA,,1043.33,1043.33
2025,X06,Urbanismo,,,2019469.19,1377797.37
2025,X06,Urbanismo,"ADQUISICIÓN SUELO BARRIO DE SANTA CATALINA. APE. 12-01. FINCAS 6, 7 Y 8. MANZANARES SUR. TRAMO 1",,265000.0,260856.18
2025,X06,Urbanismo,"AV. SANTA CATALINA, S/N. OBRAS ACCESORIAS DE URBANIZACIÓN",,34710.74,
2025,X06,Urbanismo,"VÍAS PÚBLICAS DEL DISTRITO DE PUENTE DE VALLECAS. OBRAS DE REMODELACIÓN, MEJORA Y ACCESIBILIDAD",,1331.04,1331.04
2025,X06,Urbanismo,"ADQUISICIÓN DE SUELO EN ANILLO VERDE ENSANCHE DE VALLECAS, POLÍGONO 13-1",,107924.2,107924.2
2025,X06,Urbanismo,"DEMOLICIÓN DE INMUEBLE EN  PARCELA DE CALLE JOSEFA DÍAZ, 7",,250000.0,
2025,X06,Urbanismo,"CALLE DEL IBOR Y ENTORNO, BARRIO DE ENTREVÍAS. ACTUACIONES DE REGENERACIÓN URBANA",,7471.67,
2025,X06,Urbanismo,CALLES CONEXIÓN MARÍA TERESA ROBLEDO CON JAVIER DE MIGUEL. URBANIZACIÓN Y ADECUACIÓN ACCESIBILIDAD,,476218.78,130873.62
2025,X06,Urbanismo,"C/ PEIRONCELY, 10. ADOPCIÓN DE MEDIDAS DE SEGURIDAD Y OBRAS",,528.61,528.61
2025,X06,Urbanismo,ENTORNO DEL MERCADO NUEVA NUMANCIA. REURBANIZACIÓN Y ORDENACIÓN DEL ESPACIO PÚBLICO (ID 21: 18869),,876284.15,876283.72
2025,X07,Infraestructuras,,,8600100.3,8227256.22
2025,X07,Infraestructuras,CAMPUS SUR UNIVERSIDAD POLITÉCNICA DE MADRID Y ENTORNOS ESCOLARES VALLECAS. ZONAS DE BAJAS EMISIONES,,8600100.3,8227256.22
2025,X08,Mantenimiento urbano,,,7547698.52,7485429.87
2025,X08,Mantenimiento urbano,"MURO INTERBLOQUES CALLE CAZORLA, 3-27 Y AVENIDA MIGUEL HERNÁNDEZ. ADECUACIÓN",,192906.45,192906.45
2025,X08,Mantenimiento urbano,MURO CALLE CAZORLA. OBRAS DE MEJORA DE DRENAJE,,48382.71,48382.68
2025,X08,Mantenimiento urbano,"CALLE SAN CLAUDIO, 89 A 117. OBRAS DE MEJORA DE LA ACCESIBILIDAD",,595143.23,595123.98
2025,X08,Mantenimiento urbano,CALLE VEDRA Y OTRAS DEL DISTRITO DE PUENTE DE VALLECAS. OBRAS DE RENOVACIÓN DE ACERAS,,540111.33,540111.33
2025,X08,Mantenimiento urbano,"IFS-CALLE PINTOR SOROLLA, DISTRITO DE PUENTE DE VALLECAS. MEJORA DE LAS CONDICIONES DE RODADURA",,285797.0,264551.97
2025,X08,Mantenimiento urbano,ENTORNO COLEGIO PÚBLICO AGUSTINA DÍEZ. ADECUACIÓN DE VÍAS Y ESPACIOS PÚBLICOS,,731827.72,731827.72
2025,X08,Mantenimiento urbano,CALLE GARGANTA DE AISA Y OTRAS DISTRITO PUENTE DE VALLECAS. ADECUACIÓN VIALES Y MEJORA ACCESIBILIDAD,,1840054.09,1840054.09
2025,X08,Mantenimiento urbano,Cº POZO DEL TÍO RAIMUNDO ENTRE AV.ENTREVÍAS Y PASO INFERIOR FERROCARRIL PUENTE DE VALLECAS. MEJORAS,,1267494.64,1267490.17
2025,X08,Mantenimiento urbano,"CALLE SAN CLAUDIO, 25 A 61. ADECUACIÓN DE VIALES Y MEJORA DE LA ACCESIBILIDAD",,602489.57,602489.57
2025,X08,Mantenimiento urbano,ÁREAS INFANTILES INTEGRACIÓN DISTRITO PUENTE VALLECAS. TRANSFORMACIÓN E INSTALACIÓN (ID 21: 17328),,114393.43,114393.42
2025,X08,Mantenimiento urbano,"CALLE CAZORLA, DISTRITO DE PUENTE DE VALLECAS. MEJORA DE LAS CONDICIONES DE RODADURA",,388320.69,376075.01
2025,X08,Mantenimiento urbano,IFS-ENTORNO CENTRO DE MAYORES ENTREVÍAS. ADECUACIÓN DE VÍAS Y ESPACIOS PÚBLICOS,,383160.56,383160.56
2025,X08,Mantenimiento urbano,"IFS-CALLE CANDILEJAS, DISTRITO PUENTE DE VALLECAS. MEJORA DE LAS CONDICIONES DE RODADURA",,557617.1,528862.92
2025,X09,Medio ambiente,,,1996659.38,1942087.63
2025,X09,Medio ambiente,FUENTES BEBEDERO EN EL DISTRITO PUENTE DE VALLECAS. INSTALACIÓN,,1831.6,577.1
2025,X09,Medio ambiente,"ELEMENTOS DRENAJE URBANO SOSTENIBLE AV. SANTA CATALINA, 16. SOLUCIONES DE ESCORRENTÍA",,39761.81,39761.81
2025,X09,Medio ambiente,"ZONAS VERDES C/ IMAGEN,PUENTE DE VALLECAS. REHABILITACIÓN Y ADECUACIÓN ZONAS INFANTIL Y MAYORES",,50000.0,
2025,X09,Medio ambiente,"ZONA VERDE  EN PUERTO DE TARANCON C/V HERMANOS CAPRI, 21. OBRAS DE RENOVACIÓN",,298816.64,297939.9
2025,X09,Medio ambiente,PARQUE LA VIÑA. OBRAS DE REHABILITACIÓN,,1101928.16,1101926.52
2025,X09,Medio ambiente,"ZONA VERDE PLAZA SIERRA BERMEJA, DISTRITO PUENTE DE VALLECAS. REFORMA Y MODERNIZACIÓN",,3965.16,3965.16
2025,X09,Medio ambiente,ENERGÍAS RENOVABLES. INSTALACIÓN FOTOVOLTAICA EN EL CENTRO DEPORTIVO PALOMERAS,,184170.03,184165.35
2025,X09,Medio ambiente,EQUIPOS RECARGA VEHÍCULOS ELÉCTRICOS EN PARQUE DE BOMBEROS Nº 8. MEJORA INSTALACIONES,,9260.92,9260.92
2025,X09,Medio ambiente,"FUENTE PHECDA, CONMEMORATIVA ESCUDO HISTÓRICO DE MADRID EN DISTRITO PUENTE DE VALLECAS. INSTALACIÓN",,9979.05,9979.05
2025,X09,Medio ambiente,ESTACIÓN DE BOMBEO DEPÓSITO DE AGUA REGENERADA PARQUE AZORÍN. EQUIPOS DE IMPULSIÓN,,10200.71,10200.71
2025,X09,Medio ambiente,BOSQUE URBANO EN EL PARQUE DE CARLOS SOLÉ. ÁRBOLES SINGULARES CON CAJAS NIDO (ID 19: 15341),,36637.29,36008.66
2025,X09,Medio ambiente,ZONAS VERDES DEL DISTRITO PUENTE DE VALLECAS. OBRAS DE ACONDICIONAMIENTO,,108.01,
2025,X09,Medio ambiente,"ZONA VERDE EN AVENIDA MONTE IGUELDO, 71, PUENTE DE VALLECAS. OBRAS DE REHABILITACIÓN",,250000.0,248302.45
2025,X03,Protección y promoción social,,,944279.56,751082.59
2025,X03,Protección y promoción social,EQUIPAMIENTO CENTRO DE MAYORES SAN DIEGO,,12871.13,12317.7
2025,X03,Protección y promoción social,EQUIPAMIENTO CENTRO DE MAYORES ENTREVÍAS,,8613.74,7741.87
2025,X03,Protección y promoción social,EQUIPAMIENTO CENTRO DE MAYORES PABLO NERUDA,,15377.32,15286.72
2025,X03,Protección y promoción social,CENTRO DE SERVICIOS SOCIALES RAMÓN PÉREZ DE AYALA. SUBSANACIÓN DE PATOLOGÍAS,,130000.0,26810.89
2025,X03,Protección y promoción social,CENTRO MUNICIPAL DE URGENCIAS SOCIALES (CEMUS). CONSTRUCCIÓN,,224701.15,149990.69
2025,X03,Protección y promoción social,EQUIPAMIENTO CENTROS DE MAYORES DEL DISTRITO PUENTE DE VALLECAS,,5237.98,
2025,X03,Protección y promoción social,EQUIPAMIENTO CENTRO DE MAYORES NAVACERRADA,,1919.36,1919.36
2025,X03,Protección y promoción social,CENTRO DE MAYORES NAVACERRADA. OBRAS DE REFORMA,,747.73,747.73
2025,X03,Protección y promoción social,AGENCIA DE ZONA PUENTE VALLECAS. ADQUISICIÓN DE CARTELERÍA Y GESTOR DE CONTENIDOS,,20808.16,20808.16
2025,X03,Protección y promoción social,EQUIPAMIENTO CENTRO MUNICIPAL URGENCIAS SOCIALES (CEMUS),,10386.29,10386.29
2025,X03,Protección y promoción social,"IFS-BASE 18 SAMUR PROTECCIÓN CIVIL, AVENIDA RAFAEL ALBERTI, 49. OBRAS DE DEMOLICIÓN  (PARA CERMUS)",,155749.65,154277.77
2025,X03,Protección y promoción social,"CENTRO DE DÍA DE MAYORES FÁTIMA DE MADRID. CONSERVACIÓN, MEJORAS Y SISTEMA ALARMA",,1742.53,1643.48
2025,X03,Protección y promoción social,"CENTRO DE MAYORES ALTO ARENAL. CONSERVACIÓN, MEJORAS Y SISTEMA ALARMA",,6356.92,6257.88
2025,X03,Protección y promoción social,"CENTRO DE MAYORES NAVACERRADA. CONSERVACIÓN, MEJORAS Y SISTEMA ALARMA",,7347.24,7248.2
2025,X03,Protección y promoción social,"CENTRO DE SERVICIOS SOCIALES RAMÓN PÉREZ DE AYALA. CONSERVACIÓN, MEJORAS Y SISTEMA ALARMA",,8661.68,8562.64
2025,X03,Protección y promoción social,"CENTRO DE SERVICIOS SOCIALES Y MAYORES SAN DIEGO. CONSERVACIÓN, MEJORAS Y SISTEMA ALARMA",,101130.51,100574.32
2025,X03,Protección y promoción social,"CENTRO DE SERVICIOS SOCIALES Y MAYORES ENTREVÍAS. CONSERVACIÓN, MEJORAS Y SISTEMA ALARMA",,13594.27,13495.22
2025,X03,Protección y promoción social,"CENTRO DE SERVICIOS SOCIALES Y MAYORES PABLO NERUDA. CONSERVACIÓN, MEJORAS Y SISTEMA ALARMA",,9660.96,9561.91
2025,X03,Protección y promoción social,"CENTRO DE MAYORES CASA DEL BULEVAR. MEJORAS ACCESIBILIDAD UNIVERSAL, EVACUACIÓN Y OTRAS",,160000.0,159555.26
2025,X03,Protección y promoción social,EQUIPAMIENTO CENTROS DE FAMILIA E INFANCIA DEL DISTRITO PUENTE DE VALLECAS,,46.48,
2025,X03,Protección y promoción social,EQUIPAMIENTO CENTRO INTERGENERACIONAL RÍO ESMERALDA,,16942.52,14662.5
2025,X03,Protección y promoción social,EQUIPAMIENTO CENTRO DE MAYORES ALTO ARENAL,,1593.64,1593.64
2025,X03,Protección y promoción social,EQUIPAMIENTO CENTRO DE MAYORES EL POZO,,2161.34,2161.34
2025,X03,Protección y promoción social,EQUIPAMIENTO CENTRO DE MAYORES CASA DEL BULEVAR,,1593.64,1593.64
2025,X03,Protección y promoción social,CENTRO DE MAYORES NAVACERRADA. MAQUINARIA PARA COMEDOR Y CAFETERÍA,,8470.0,8470.0
2025,X03,Protección y promoción social,EQUIPAMIENTO CENTROS DE SERVICIOS SOCIALES DEL DISTRITO PUENTE DE VALLECAS,,1440.5,
2025,X03,Protección y promoción social,EQUIPAMIENTO CENTRO DE SERVICIOS SOCIALES PABLO NERUDA,,4172.06,4172.06
2025,X03,Protección y promoción social,AGENCIA DE PROXIMIDAD PUENTE DE VALLECAS. EQUIPOS PROCESOS DE DATOS,,192.71,192.71
2025,X03,Protección y promoción social,"EQUIPAMIENTO AGENCIA DE PROXIMIDAD DE PUENTE DE VALLECAS, AV.ALBUFERA,42",,12760.05,11050.61
2025,X00,Inversiones de carácter general,,,59671.83,48638.26
2025,X00,Inversiones de carácter general,EQUIPAMIENTO SERVICIOS ADMINISTRATIVOS DEL DISTRITO PUENTE DE VALLECAS,,1470.15,
2025,X00,Inversiones de carácter general,SERVICIOS ADMINISTRATIVOS DISTRITO PUENTE DE VALLECAS. INSTALACIONES TÉCNICAS,,12282.67,7858.53
2025,X00,Inversiones de carácter general,SERVICIOS ADMINISTRATIVOS DEL DISTRITO PUENTE DE VALLECAS. MOBILIARIO Y EQUIPOS DE OFICINA,,9717.33,4865.7
2025,X00,Inversiones de carácter general,OBRAS DE ACONDICIONAMIENTO EN EDIFICIOS DEL DISTRITO DE PUENTE DE VALLECAS,,0.45,
2025,X00,Inversiones de carácter general,"EDIFICIO PLAZA SIERRA MINISTRA, 3. CONSERVACIÓN, MEJORAS Y SISTEMA ALARMA",,5431.32,5332.28
2025,X00,Inversiones de carácter general,"LOCALES CALLE MONTES PIRINEOS, 17 AL 23. CONSERVACIÓN, MEJORAS Y SISTEMA ALARMA",,7606.7,7507.65
2025,X00,Inversiones de carácter general,"EDIFICIO SEDE DISTRITO PUENTE DE VALLECAS. OBRAS MEJORAS PUNTUALES, INSTALACIÓN MAMPARAS Y VARIOS",,23163.21,23074.1
2025,X11,"Deportes, juventud y esparcimiento",,,5531876.44,5385579.29
2025,X11,"Deportes, juventud y esparcimiento",VESTUARIOS CAMPOS DE RUGBY Y FÚTBOL EN ENTREVÍAS. CONSTRUCCIÓN,,713339.7,713315.68
2025,X11,"Deportes, juventud y esparcimiento",CENTRO DEPORTIVO VALLECAS. OBRAS DE MEJORA EN PISCINAS Y ACONDICIONAMIENTO VARIAS ZONAS,,79878.72,79878.72
2025,X11,"Deportes, juventud y esparcimiento",EQUIPAMIENTO CENTRO DEPORTIVO ÁNGEL NIETO,,51413.88,51413.71
2025,X11,"Deportes, juventud y esparcimiento",EQUIPAMIENTO CENTRO DEPORTIVO PALOMERAS,,9162.08,9162.08
2025,X11,"Deportes, juventud y esparcimiento",EQUIPAMIENTO CENTRO DEPORTIVO ENTREVÍAS,,63396.49,63396.49
2025,X11,"Deportes, juventud y esparcimiento",EQUIPAMIENTO CENTRO DEPORTIVO WILFRED AGBONAVBARE,,13538.95,13538.95
2025,X11,"Deportes, juventud y esparcimiento","POLIDEPORTIVO VALLECAS.DESAMIANTADO Y OTRAS DE ACONDICIONAMIENTO: VASO PISCINA INFANTIL,PÉRGOLA,ETC",,97010.75,97010.75
2025,X11,"Deportes, juventud y esparcimiento",VESTUARIOS CAMPOS DE RUGBY Y FÚTBOL EN ENTREVÍAS. ACONDICIONAMIENTO,,239064.4,239057.6
2025,X11,"Deportes, juventud y esparcimiento",DEPORTIVO BÁSICO PUERTO DE COSTABONA. OBRAS DE CONSERVACIÓN Y MEJORAS,,161976.24,161485.21
2025,X11,"Deportes, juventud y esparcimiento",CENTRO DEPORTIVO WILFRED AGBONAVBARE. OBRAS DE REHABILITACIÓN,,900000.0,877405.91
2025,X11,"Deportes, juventud y esparcimiento",EQUIPAMIENTO CENTROS DEPORTIVOS DEL DISTRITO PUENTE DE VALLECAS,,4613.19,
2025,X11,"Deportes, juventud y esparcimiento",OBRAS DE ACONDICIONAMIENTO Y MEJORA INSTALACIONES DEPORTIVAS DEL DISTRITO DE PUENTE DE VALLECAS,,1.48,
2025,X11,"Deportes, juventud y esparcimiento",CENTRO DEPORTIVO ANGEL NIETO. SUBSANACIÓN PATOLOGÍAS VASO DE PISCINA,,2738370.18,2738345.32
2025,X11,"Deportes, juventud y esparcimiento",CENTRO DEPORTIVO VALLECAS VERANO. OBRAS DE ADECUACIÓN DE CERRAMIENTO PERIMETRAL,,881.13,881.13
2025,X11,"Deportes, juventud y esparcimiento","CENTRO DEPORTIVO VALLECAS. ACONDICIONAMIENTO DE EDIFICIOS, PLAYAS Y DEPURADORA PISCINA OLÍMPICA",,1457.66,1457.66
2025,X11,"Deportes, juventud y esparcimiento",EQUIPAMIENTO CENTRO JUVENIL POLIVALENTE RÍO ESMERALDA,,15969.07,15969.07
2025,X11,"Deportes, juventud y esparcimiento",CENTRO DEPORTIVO PALOMERAS. MATERIAL DE ELECTROMEDICINA,,10009.12,10009.12
2025,X11,"Deportes, juventud y esparcimiento",EQUIPAMIENTO CENTRO JUVENIL EL SITIO DE MI RECREO,,1668.15,1668.15
2025,X11,"Deportes, juventud y esparcimiento",CENTRO DEPORTIVO WILFRED AGBONAVBARE. OBRAS DE DEMOLICIÓN Y CONSTRUCCIÓN DE NUEVOS VESTUARIOS,,84117.8,63059.69
2025,X11,"Deportes, juventud y esparcimiento",EQUIPAMIENTO CENTRO DEPORTIVO VALLECAS VERANO,,7698.82,7698.82
2025,X11,"Deportes, juventud y esparcimiento","CENTRO JUVENIL RÍO ESMERALDA. CONSERVACIÓN, MEJORAS Y SISTEMA ALARMA",,1742.53,1643.48
2025,X11,"Deportes, juventud y esparcimiento",OBRAS DE ACONDICIONAMIENTO EN CENTROS DEPORTIVOS DEL DISTRITO DE PUENTE DE VALLECAS,,93103.33,
2025,X11,"Deportes, juventud y esparcimiento",CENTRO DEPORTIVO VALLECAS VERANO. OBRAS DE CONSERVACIÓN Y MEJORAS EN PISCINA VERANO,,12682.87,12682.87
2025,X11,"Deportes, juventud y esparcimiento","CENTRO DEPORTIVO ENTREVÍAS. OBRAS DE ADECUACIÓN ZONAS ADMINISTRATIVAS, INSTALACIÓN ALARMA Y OTRAS",,123127.65,122938.8
2025,X11,"Deportes, juventud y esparcimiento","CENTRO DEPORTIVO PALOMERAS. OBRAS CONSERVACIÓN, INSTALACIÓN ALARMA, CASETA PREFABRICADA Y OTRAS",,34774.72,34636.21
2025,X11,"Deportes, juventud y esparcimiento","CENTRO DEPORTIVO WILFRED AGBONAVBARE. CONSERVACIÓN, INSTALACIÓN ALARMA, CASETA PREFABRICADA Y OTRAS",,25350.99,21464.55
2025,X11,"Deportes, juventud y esparcimiento",DEPORTIVO BÁSICO COLONIA SIERRA DEL VALLE. OBRAS DE CONSERVACIÓN Y REPARACIÓN DEL VALLADO,,31113.35,31079.74
2025,X11,"Deportes, juventud y esparcimiento",DEPORTIVO BÁSICO PARQUE LUIS BUÑUEL. OBRAS DE CONSERVACIÓN Y MANTENIMIENTO DEL VALLADO,,16413.19,16379.58
2025,X05,Educación,,,2952318.47,2879666.34
2025,X05,Educación,OBRAS DE ACONDICIONAMIENTO Y MEJORA CENTROS EDUCATIVOS DEL DISTRITO DE PUENTE DE VALLECAS,,0.01,
2025,X05,Educación,"COLEGIO PÚBLICO ARAGÓN. OBRAS DE DESAMIANTADO, ACONDICIONAMIENTO ZONAS DE JUEGO Y OTRAS",,27769.8,27769.8
2025,X05,Educación,"COLEGIO PÚBLICO ASTURIAS. OBRAS DE DESAMIANTADO, MEJORA ACCESIBILIDAD,CARPINTERÍAS Y OTRAS",,35431.05,35431.05
2025,X05,Educación,"COLEGIO PÚBLICO CONCHA ESPINA. OBRAS DE DESAMIANTADO, ALUMBRADO EXTERIOR Y OTRAS MEJORAS",,21594.65,21594.65
2025,X05,Educación,COLEGIO PÚBLICO DOCTOR TOLOSA LATOUR. ACONDICIONAMIENTO ZONAS EXTERIORES E INTERIORES,,26144.39,26144.39
2025,X05,Educación,COLEGIO PÚBLICO GINER DE LOS RÍOS. OBRAS CLIMATIZACIÓN PLANTA ÚLTIMA Y PATIO CENTRAL Y OTRAS MEJORAS,,7273.21,7273.21
2025,X05,Educación,COLEGIO PÚBLICO JAIME BALMES. OBRAS DE DESAMIANTADO Y OTRAS DE ACONDICIONAMIENTO EXTERIOR E INTERIOR,,74460.86,74460.86
2025,X05,Educación,COLEGIO PÚBLICO JAVIER DE MIGUEL. OBRAS DE DESAMIANTADO Y OTRAS DE ACONDICIONAMIENTO Y MEJORA,,49138.17,49138.17
2025,X05,Educación,COLEGIO PÚBLICO LA RIOJA. OBRAS DE ACONDICIONAMIENTO,,18639.61,18536.76
2025,X05,Educación,COLEGIO PÚBLICO SAN PABLO. OBRAS DE ACONDICIONAMIENTO,,64029.3,63888.97
2025,X05,Educación,EQUIPAMIENTO ESCUELA INFANTIL LUISA FERNANDA,,5018.82,5005.17
2025,X05,Educación,COLEGIO PÚBLICO JAIME BALMES. OBRAS DE ACONDICIONAMIENTO,,13010.88,12908.04
2025,X05,Educación,COLEGIO PÚBLICO ASTURIAS. OBRAS DE ACONDICIONAMIENTO,,16210.83,16107.99
2025,X05,Educación,COLEGIO PÚBLICO MESONERO ROMANOS. OBRAS DE ACONDICIONAMIENTO,,144898.96,144887.38
2025,X05,Educación,COLEGIO PÚBLICO PALOMERAS BAJAS. OBRAS DE ACONDICIONAMIENTO,,19899.15,19796.31
2025,X05,Educación,COLEGIO PÚBLICO FRANCISCO RUANO. OBRAS DE ACONDICIONAMIENTO,,145083.68,144067.23
2025,X05,Educación,IFS-COLEGIO PÚBLICO MANUEL NÚÑEZ DE ARENAS. REPARACIÓN CIMENTACIÓN Y OTRAS INSPECCIÓN TÉCNICA EDIFICIOS,,430000.0,397494.2
2025,X05,Educación,IFS-COLEGIO PÚBLICO FRANCISCO RUANO.REPARACIÓN RED SANEAMIENTO Y OTRAS INSPECCIÓN TÉCNICA EDIFICIOS,,180000.0,173348.89
2025,X05,Educación,COLEGIO PÚBLICO FRANCISCO RUANO. OBRAS DE ACONDICIONAMIENTO Y MEJORA VALLADO,,515.77,515.77
2025,X05,Educación,ESCUELA INFANTIL EL CASERÍO. SEÑALIZACIÓN,,401.72,401.72
2025,X05,Educación,OBRAS DE ACONDICIONAMIENTO CENTROS DOCENTES DE ENSEÑANZA DEL DISTRITO PUENTE DE VALLECAS,,8599.3,
2025,X05,Educación,COLEGIO PÚBLICO AGUSTINA DÍEZ. OBRAS DE ACONDICIONAMIENTO,,9435.57,9332.73
2025,X05,Educación,COLEGIO PÚBLICO AMÓS ACERO. OBRAS DE ACONDICIONAMIENTO,,9013.43,8910.59
2025,X05,Educación,COLEGIO PÚBLICO EDUARDO ROJO. OBRAS DE ACONDICIONAMIENTO,,9623.22,9520.38
2025,X05,Educación,COLEGIO PÚBLICO EL MADROÑO. OBRAS DE ACONDICIONAMIENTO,,10109.38,10006.54
2025,X05,Educación,COLEGIO PÚBLICO MADRID SUR. OBRAS DE ACONDICIONAMIENTO,,18585.55,18482.71
2025,X05,Educación,COLEGIO PÚBLICO MANUEL NÚÑEZ DE ARENAS. OBRAS DE ACONDICIONAMIENTO,,22338.68,22235.84
2025,X05,Educación,COLEGIO PÚBLICO SANTO DOMINGO. OBRAS ACONDICIONAMIENTO DE ACCESO AL CENTRO,,14715.9,14707.0
2025,X05,Educación,IFS-COLEGIO PÚBLICO MADRID SUR. OBRAS ACONDICIONAMIENTO DE BAÑOS Y OTRAS,,129137.99,129128.81
2025,X05,Educación,IFS-COLEGIO PÚBLICO PADRE MARIANA. OBRAS RENOVACIÓN ACOMETIDA DE SANEAMIENTO,,86409.67,86387.86
2025,X05,Educación,COLEGIO PÚBLICO LA RIOJA. OBRAS ADECUACIÓN DE ACCESO AL CENTRO Y CONSERJERÍA,,26110.17,26049.22
2025,X05,Educación,COLEGIO PÚBLICO JOSÉ MARÍA PEREDA. OBRAS DE ACONDICIONAMIENTO,,148718.75,148717.08
2025,X05,Educación,"IFS-COLEGIO PÚBLICO ARAGÓN. OBRAS REPARACIÓN PAVIMENTOS, FACHADAS Y OTRAS INSPECCIÓN TÉCNICA EDIFICIOS",,400000.0,397635.31
2025,X05,Educación,IFS-COLEGIO PÚBLICO JAVIER DE MIGUEL. REPARACIÓN IMPERMEABILIZACIÓN Y OTRAS INSPECCIÓN TÉCNICA EDIFICIOS,,150000.0,145804.41
2025,X05,Educación,"IFS-COLEGIO PÚBLICO SAN PABLO. MEJORA CUBIERTAS, SANEAMIENTO Y OTRAS INSPECCIÓN TÉCNICA EDIFICIOS",,250000.0,245165.54
2025,X05,Educación,IFS-COLEGIO PÚBLICO JOSÉ MARÍA DE PEREDA. REPARACIÓN VALLADO Y OTRAS INSPECCIÓN TÉCNICA EDIFICIOS,,130000.0,125723.24
2025,X05,Educación,IFS-COLEGIO PÚBLICO MESONEROS ROMANOS. MEJORA PARAMENTOS Y OTRAS INSPECCIÓN TÉCNICA EDIFICIOS,,100000.0,96847.66
2025,X05,Educación,IFS-CENTRO DE EDUCACIÓN ESPECIAL VALLECAS. REPARACIÓN CUBIERTAS Y OTRAS INSPECCIÓN TÉCNICA EDIFICIOS,,150000.0,146240.86
2025,X04,Salud pública,,,76444.0,75298.11
2025,X04,Salud pública,CENTRO DE ATENCIÓN A LAS ADICCIONES (CAD) DE VALLECAS. INSTALACIONES TÉCNICAS,,5456.49,5456.49
2025,X04,Salud pública,EQUIPAMIENTO CMSc CENTRO MUNICIPAL DE SALUD COMUNITARIA PUENTE DE VALLECAS,,34177.66,34138.43
2025,X04,Salud pública,EQUIPAMIENTO CENTRO DE ATENCIÓN A LAS ADICCIONES (CAD) VALLECAS,,2201.36,2094.7
2025,X04,Salud pública,CENTRO MUNICIPAL DE SALUD COMUNITARIA DE PUENTE DE VALLECAS. INSTALACIONES TÉCNICAS,,1350.11,1350.11
2025,X04,Salud pública,SERVICIOS SALUBRIDAD DEL DISTRITO PUENTE DE VALLECAS. ÚTILES Y HERRAMIENTAS,,1000.0,
2025,X04,Salud pública,CENTRO MUNICIPAL DE SALUD COMUNITARIA DE PUENTE DE VALLECAS. OBRAS DE REFORMA,,32258.38,32258.38
2026,X12,Otros bienes públicos de carácter social,,,7114.62,
2026,X12,Otros bienes públicos de carácter social,EQUIPAMIENTO OFICINA DE ATENCIÓN A LA CIUDADANÍA (OAC) PUENTE DE VALLECAS. LÍNEA MADRID,,7114.62,
2026,X10,Cultura,,,1809040.2,318909.49
2026,X10,Cultura,"EDIFICIO C/ PEIRONCELY, 10. REHABILITACIÓN PARA DOTACIÓN CULTURAL",,75000.0,29942.79
2026,X10,Cultura,CENTRO CULTURAL EL POZO DEL TÍO RAIMUNDO. OBRAS DE REFORMA,,1000000.0,288966.7
2026,X10,Cultura,CENTROS CULTURALES DISTRITO PUENTE DE VALLECAS. MOBILIARIO Y ENSERES,,1000.0,
2026,X10,Cultura,EQUIPAMIENTO CENTROS CULTURALES DEL DISTRITO PUENTE DE VALLECAS,,30000.0,
2026,X10,Cultura,CENTRO CULTURAL LOPE DE VEGA. ADECUACIÓN ESPACIOS PARA CULTIVOS URBANOS Y CENTRO DE TALLERES,,3040.2,
2026,X10,Cultura,"AUDITORIO AL AIRE LIBRE ENTREVÍAS. ACONDICIONAMIENTO EXTERIOR, CUBIERTAS PROTECCIÓN SOLAR Y OTRAS",,300000.0,
2026,X10,Cultura,"IFS-CENTRO SOCIOCULTURAL ALBERTO SÁNCHEZ.SUBSANACIÓN INSPECCIÓN TÉCNICA EDIFICIOS, INSTALACIONES Y OTRAS",,400000.0,
2026,X06,Urbanismo,,,1536684.55,388393.35
2026,X06,Urbanismo,"AV. SANTA CATALINA, S/N. OBRAS ACCESORIAS DE URBANIZACIÓN",,34710.74,
2026,X06,Urbanismo,"ADQUISICIÓN DE SUELO EN ANILLO VERDE ENSANCHE DE VALLECAS, POLÍGONO 13-1",,192716.25,
2026,X06,Urbanismo,"DEMOLICIÓN DE INMUEBLE EN  PARCELA DE CALLE JOSEFA DÍAZ, 7",,213912.4,213826.94
2026,X06,Urbanismo,"CALLE DEL IBOR Y ENTORNO, BARRIO DE ENTREVÍAS. ACTUACIONES DE REGENERACIÓN URBANA",,700000.0,43584.74
2026,X06,Urbanismo,ENTORNO PLAZA POZO DEL TÍO RAIMUNDO. OBRAS DE REGENERACIÓN URBANA,,50000.0,
2026,X06,Urbanismo,CALLES CONEXIÓN MARÍA TERESA ROBLEDO CON JAVIER DE MIGUEL. URBANIZACIÓN Y ADECUACIÓN ACCESIBILIDAD,,345345.16,130981.67
2026,X08,Mantenimiento urbano,,,4092483.17,1371866.65
2026,X08,Mantenimiento urbano,"ÁREA DE JUEGO INCLUSIVA TRAVESÍA DE HUMANES, 10. RENOVACIÓN Y TRANSFORMACIÓN",,50697.55,50697.55
2026,X08,Mantenimiento urbano,CARRILES BICI DISTRITO PUENTE DE VALLECAS. RENOVACIÓN DEL PAVIMENTO EN VARIOS TRAMOS (ID 21: 18845),,172679.35,
2026,X08,Mantenimiento urbano,"MURO INTERBLOQUES CALLE CAZORLA, 3-27 Y AVENIDA MIGUEL HERNÁNDEZ. ADECUACIÓN",,48226.61,48107.31
2026,X08,Mantenimiento urbano,MURO CALLE CAZORLA. OBRAS DE MEJORA DE DRENAJE,,2387.74,2387.74
2026,X08,Mantenimiento urbano,"CALLE SAN CLAUDIO, 89 A 117. OBRAS DE MEJORA DE LA ACCESIBILIDAD",,549019.45,433575.8
2026,X08,Mantenimiento urbano,CALLE VEDRA Y OTRAS DEL DISTRITO DE PUENTE DE VALLECAS. OBRAS DE RENOVACIÓN DE ACERAS,,687100.48,416162.41
2026,X08,Mantenimiento urbano,AVENIDA SANTA CATALINA. OBRAS DE REURBANIZACIÓN Y MEJORA DE LA ACCESIBILIDAD,,1500000.0,43049.98
2026,X08,Mantenimiento urbano,"IFS-CALLE PINTOR SOROLLA, DISTRITO DE PUENTE DE VALLECAS. MEJORA DE LAS CONDICIONES DE RODADURA",,21245.03,
2026,X08,Mantenimiento urbano,ENTORNO COLEGIO PÚBLICO AGUSTINA DÍEZ. ADECUACIÓN DE VÍAS Y ESPACIOS PÚBLICOS,,436474.69,338560.46
2026,X08,Mantenimiento urbano,CALLE ADRADA DE HAZA. ADECUACIÓN DE VIALES Y MEJORA DE LA ACCESIBILIDAD,,183945.08,39325.4
2026,X08,Mantenimiento urbano,"IFS-C/MANUEL LAGUNA, MOHERNANDO  Y OTRAS PUENTE DE VALLECAS. MEJORA Y RENOVACIÓN CONDICIONES RODADURA",,440707.19,
2026,X09,Medio ambiente,,,1585105.89,4466.11
2026,X09,Medio ambiente,CENTROS CARGA ENERGÍA ELÉCTRICA E HIDRÓGENO VEHÍCULOS SIN EMISIONES. DISTRITO PUENTE VALLECAS,,8527.74,
2026,X09,Medio ambiente,"ELEMENTOS DRENAJE URBANO SOSTENIBLE AV. SANTA CATALINA, 16. SOLUCIONES DE ESCORRENTÍA",,500000.0,
2026,X09,Medio ambiente,"PUNTO LIMPIO FIJO PUENTE DE VALLECAS, C/ JOSE PAULETE,  43. ADQUISICIÓN CONTENEDORES METÁLICOS",,13552.0,
2026,X09,Medio ambiente,ÁREAS CANINAS EN ZONAS VERDES DEL DISTRITO DE PUENTE DE VALLECAS. OBRAS DE ACONDICIONAMIENTO,,81843.79,1466.81
2026,X09,Medio ambiente,ESPECIES VEGETALES AUTÓCTONAS Y PÉRGOLAS VEGETADAS DISTRITO PUENTE DE VALLECAS (ID 24: 20767),,1499.6,1499.6
2026,X09,Medio ambiente,PARQUES DISTRITO PUENTE DE VALLECAS. REPLANTACIÓN DE ÁRBOLES Y ADECUACIÓN DEL RIEGO  (ID 24: 21374),,1499.7,1499.7
2026,X09,Medio ambiente,"ZONAS VERDES C/ IMAGEN,PUENTE DE VALLECAS. REHABILITACIÓN Y ADECUACIÓN ZONAS INFANTIL Y MAYORES",,450000.0,
2026,X09,Medio ambiente,"ZONA VERDE  EN PUERTO DE TARANCON C/V HERMANOS CAPRI, 21. OBRAS DE RENOVACIÓN",,743.06,
2026,X09,Medio ambiente,ZONAS VERDES DEL BARRIO DE NUMANCIA. REHABILITACIÓN Y ADECUACIÓN ÁREAS INFANTILES,,25488.0,
2026,X09,Medio ambiente,ZONAS VERDES DEL BARRIO DE PALOMERAS BAJAS. REHABILITACIÓN Y ADECUACIÓN ÁREAS INFANTILES,,25488.0,
2026,X09,Medio ambiente,ZONAS VERDES DEL BARRIO DE ENTREVÍAS. REHABILITACIÓN Y ADECUACIÓN ÁREAS INFANTILES,,25488.0,
2026,X09,Medio ambiente,ZONAS VERDES DEL BARRIO DE SAN DIEGO. REHABILITACIÓN Y ADECUACIÓN ÁREAS INFANTILES,,25488.0,
2026,X09,Medio ambiente,ZONAS VERDES DEL BARRIO DE PORTAZGO. REHABILITACIÓN Y ADECUACIÓN ÁREAS INFANTILES,,25488.0,
2026,X09,Medio ambiente,ZONAS VERDES DEL DISTRITO DE PUENTE DE VALLECAS. OBRAS DE REMODELACIÓN,,150000.0,
2026,X09,Medio ambiente,ZONA VERDE PEIRONCELY. OBRAS DE REHABILITACIÓN Y ACONDICIONAMIENTO ZONA PLAZA Y QUIOSCO,,250000.0,
2026,X03,Protección y promoción social,,,1416323.73,15942.46
2026,X03,Protección y promoción social,CENTRO DE SERVICIOS SOCIALES RAMÓN PÉREZ DE AYALA. SUBSANACIÓN DE PATOLOGÍAS,,17545.0,
2026,X03,Protección y promoción social,CENTRO MUNICIPAL DE URGENCIAS SOCIALES (CEMUS). CONSTRUCCIÓN,,39937.46,13955.03
2026,X03,Protección y promoción social,IFS-CENTRO DE MAYORES NAVACERRADA. OBRAS DE REFORMA DE LA INSTALACIÓN DEL AGUA CALIENTE SANITARIA,,100000.0,
2026,X03,Protección y promoción social,"IFS-CENTRO SERVICIOS SOCIALES RAMÓN PÉREZ AYALA. SUBSANACIÓN PATOLOGÍAS EN FACHADAS, EXTERIORES Y OTRAS",,300000.0,
2026,X03,Protección y promoción social,EQUIPAMIENTO CENTROS DE MAYORES DEL DISTRITO PUENTE DE VALLECAS,,18000.0,
2026,X03,Protección y promoción social,"CENTRO INTEGRAL DE ATENCIÓN A LA MUJER, C/ CONCEJO DE TEVERGA,  1. ADECUACIÓN DE ESPACIOS",,338853.84,
2026,X03,Protección y promoción social,"IFS-CENTRO DE MAYORES CASA DEL BULEVAR. SUBSANACIÓN INSPECCIÓN TÉCNICA EDIFICIOS, INSTALACIONES Y OTRAS",,300000.0,
2026,X03,Protección y promoción social,"IFS-CENTRO SERVICIOS SOCIALES, MAYORES PABLO NERUDA.SUBSANACIÓN INSPECCIÓN TÉCNICA EDIFICIOS Y OTRAS",,300000.0,
2026,X03,Protección y promoción social,AGENCIA DE PROXIMIDAD PUENTE DE VALLECAS. ADQUISICIÓN CARTELERÍA DIGITAL,,1987.43,1987.43
2026,X00,Inversiones de carácter general,,,521451.15,1470.15
2026,X00,Inversiones de carácter general,EQUIPAMIENTO SERVICIOS ADMINISTRATIVOS DEL DISTRITO PUENTE DE VALLECAS,,1470.15,1470.15
2026,X00,Inversiones de carácter general,OBRAS DE MEJORA EN EDIFICIOS DEL DISTRITO PUENTE VALLECAS,,519981.0,
2026,X11,"Deportes, juventud y esparcimiento",,,4380547.03,547674.81
2026,X11,"Deportes, juventud y esparcimiento",VESTUARIOS CAMPOS DE RUGBY Y FÚTBOL EN ENTREVÍAS. ACONDICIONAMIENTO,,610568.0,526283.94
2026,X11,"Deportes, juventud y esparcimiento",CENTRO DEPORTIVO ENTREVÍAS. REFORMA DE LA CUBIERTA DEL PABELLÓN POLIDEPORTIVO,,800000.0,
2026,X11,"Deportes, juventud y esparcimiento",CENTRO DEPORTIVO ÁNGEL NIETO. REFORMA INSTALACIONES PISCINA CLIMATIZADA Y AGUA CALIENTE SANITARIA,,17787.0,
2026,X11,"Deportes, juventud y esparcimiento",IFS-CENTRO DEPORTIVO ÁNGEL NIETO. REFORMA INSTALACIONES PISCINA CLIMATIZADA Y AGUA CALIENTE SANITARIA,,600000.0,
2026,X11,"Deportes, juventud y esparcimiento",DEPORTIVO BÁSICO PUERTO DE COSTABONA. OBRAS DE CONSERVACIÓN Y MEJORAS,,12956.06,10512.97
2026,X11,"Deportes, juventud y esparcimiento",CENTRO DEPORTIVO WILFRED AGBONAVBARE. OBRAS DE REHABILITACIÓN,,2904.0,2904.0
2026,X11,"Deportes, juventud y esparcimiento",CENTRO DEPORTIVO ANGEL NIETO. SUSTITUCIÓN SILLA GRÚA ELEVADORA DE PISCINA,,10000.0,
2026,X11,"Deportes, juventud y esparcimiento",EQUIPAMIENTO CENTROS DEPORTIVOS DEL DISTRITO PUENTE DE VALLECAS,,130823.1,
2026,X11,"Deportes, juventud y esparcimiento",CENTRO DEPORTIVO PALOMERAS. ADQUISICIÓN E INSTALACIÓN DE PÉRGOLAS PARA PISCINAS DE VERANO,,3986.95,3986.95
2026,X11,"Deportes, juventud y esparcimiento",CENTRO DEPORTIVO VALLECAS VERANO. ADQUISICIÓN E INSTALACIÓN DE PÉRGOLAS PARA PISCINAS DE VERANO,,3986.95,3986.95
2026,X11,"Deportes, juventud y esparcimiento",OBRAS DE ACONDICIONAMIENTO EN CENTROS DEPORTIVOS DEL DISTRITO PUENTE DE VALLECAS,,787534.97,
2026,X11,"Deportes, juventud y esparcimiento",DEPORTIVO BÁSICO CARLOS SOLÉ. OBRAS DE REHABILITACIÓN Y ACONDICIONAMIENTO,,400000.0,
2026,X11,"Deportes, juventud y esparcimiento","DEPORTIVO BÁSICO JOSÉ DURÁN. OBRAS ACONDICIONAMIENTO, CERRAMIENTO, MEJORA VESTUARIOS Y OTRAS",,200000.0,
2026,X11,"Deportes, juventud y esparcimiento","IFS-DEPORTIVO BÁSICO CERRO CABEZUELOS. ACONDICIONAMIENTO PISTAS PETANCA, VESTUARIOS, ASEOS Y OTRAS",,800000.0,
2026,X05,Educación,,,2712846.6,97515.72
2026,X05,Educación,OBRAS DE MEJORA Y ACONDICIONAMIENTO CENTROS DOCENTES DISTRITO DE PUENTE DE VALLECAS,,45015.73,
2026,X05,Educación,OBRAS CONSERVACIÓN Y MEJORA CENTROS DOCENTES DE ENSEÑANZA DISTRITO DE PUENTE DE VALLECAS,,24697.58,
2026,X05,Educación,"COLEGIO PÚBLICO EDUARDO ROJO. MEJORA ASEOS, VALLAS, PUERTAS DE CALLE Y OTRAS",,29166.09,29166.09
2026,X05,Educación,OBRAS DE ACONDICIONAMIENTO Y MEJORA CENTROS EDUCATIVOS DEL DISTRITO DE PUENTE DE VALLECAS,,12.25,
2026,X05,Educación,"COLEGIO PÚBLICO FRANCISCO RUANO. OBRAS DE DESAMIANTADO, ILUMINACIÓN LED Y OTRAS MEJORAS",,25970.1,25970.1
2026,X05,Educación,"CENTRO DE EDUCACIÓN ESPECIAL VALLECAS.REMODELACIÓN COMEDOR, ADECUACIÓN CARPINTERÍAS Y OTRAS MEJORAS",,10003.67,10003.67
2026,X05,Educación,COLEGIO PÚBLICO FRANCISCO RUANO. OBRAS DE ACONDICIONAMIENTO,,995.1,995.1
2026,X05,Educación,IFS-COLEGIO PÚBLICO MANUEL NÚÑEZ DE ARENAS. REPARACIÓN CIMENTACIÓN Y OTRAS INSPECCIÓN TÉCNICA EDIFICIOS,,31785.78,26745.07
2026,X05,Educación,IFS-COLEGIO PÚBLICO FRANCISCO RUANO.REPARACIÓN RED SANEAMIENTO Y OTRAS INSPECCIÓN TÉCNICA EDIFICIOS,,5200.3,4635.69
2026,X05,Educación,OBRAS ACONDICIONAMIENTO CENTROS DOCENTES DEL DISTRITO PUENTE DE VALLECAS,,550000.0,
2026,X05,Educación,IFS-COLEGIO PÚBLICO AMOS ACERO. SUBSANACIÓN DEFICIENCIAS INSPECCIÓN TÉCNICA EDIFICIOS Y OTRAS MEJORAS,,400000.0,
2026,X05,Educación,"IFS-COLEGIO PÚBLICO AGUSTINA DÍEZ. OBRAS ACONDICIONAMIENTO PAVIMENTOS, CUBIERTAS, RAMPAS Y OTRAS MEJORAS",,400000.0,
2026,X05,Educación,"IFS-COLEGIO PÚBLICO PADRE MARIANA. OBRAS ACONDICIONAMIENTO PAVIMENTOS, CUBIERTAS, RAMPAS Y OTRAS MEJORAS",,400000.0,
2026,X05,Educación,"IFS-COLEGIO PÚBLICO VIRGEN DEL CERRO. ACONDICIONAMIENTO PAVIMENTOS, CUBIERTAS, RAMPAS Y OTRAS MEJORAS",,400000.0,
2026,X05,Educación,"IFS-ESCUELA INFANTIL EL CASERÍO. OBRAS ACONDICIONAMIENTO PAVIMENTOS, CUBIERTAS, RAMPAS Y OTRAS MEJORAS",,300000.0,
2026,X05,Educación,COLEGIO PÚBLICO SAN PABLO. OBRAS DE MEJORA EN EL PATIO DE INFANTIL (ID 24: 21844),,90000.0,
2026,X04,Salud pública,,,10457.77,659.12
2026,X04,Salud pública,CENTRO DE ATENCIÓN A LAS ADICCIONES (CAD) DE VALLECAS. INSTALACIONES TÉCNICAS,,440.13,440.13
2026,X04,Salud pública,SERVICIOS SALUBRIDAD DISTRITO PUENTE VALLECAS. ÚTILES Y HERRAMIENTAS,,4000.0,
2026,X04,Salud pública,CMSc CENTRO MUNICIPAL SALUD COMUNITARIA PUENTE VALLECAS. INSTALACIONES TÉCNICAS,,2351.99,
2026,X04,Salud pública,EQUIPAMIENTO CMSc CENTRO MUNICIPAL DE SALUD COMUNITARIA PUENTE DE VALLECAS,,3036.18,
2026,X04,Salud pública,EQUIPAMIENTO CENTRO ATENCIÓN A LAS ADICCIONES (CAD) DE VALLECAS,,629.47,218.99
