Año,Id Línea,Nombre Línea,Inversión,Inversión,Presupuesto Gasto,Gasto Real
2011,X01,Protección Civil y seguridad ciudadana,,,329072.94,322265.24
2011,X01,Protección Civil y seguridad ciudadana,"PARQUE DE BOMBEROS Nº 2, C/RUFINO BLANCO, 4. OBRAS DE ACONDICIONAMIENTO",,315400.0,315400.0
2011,X01,Protección Civil y seguridad ciudadana,"PARQUE DE BOMBEROS Nº 8, C/ PIO FELIPE, S/N. OBRAS EN DEPÓSITO DE CARBURANTE",,6802.94,
2011,X01,Protección Civil y seguridad ciudadana,CENTRO INTEGRAL SEGURIDAD Y EMERGENCIAS. ADECUACIÓN INSTALACIONES NORMATIVA,,6870.0,6865.24
2011,X10,Cultura,,,1009200.51,1007919.33
2011,X10,Cultura,MEJORA DE ESPACIOS Y ADECUACIÓN DEL TEATRO Y CENTRO DE ARTE FERNÁN GÓMEZ,,985226.27,983945.09
2011,X10,Cultura,INSTALACIONES DE SEGURIDAD. CENTRO CULTURAL BUENAVISTA,,2962.84,2962.84
2011,X10,Cultura,"CENTRO CULTURAL BUENAVISTA, AV. TOREROS, 5. CLIMATIZACIÓN",,21011.4,21011.4
2011,X06,Urbanismo,,,10050819.0,10049899.06
2011,X06,Urbanismo,AVDA. CAMILO JOSÉ CELA C/V.C/FRANCISCO SANTOS Y C/ERASO. URBANIZACIÓN,,919.94,
2011,X06,Urbanismo,"LOCAL C/ NÚÑEZ DE BALBOA, 40. ADQUISICIÓN",,9999987.43,9999987.43
2011,X06,Urbanismo,APARCAMIENTO PÚBLICO PASEO RECOLETOS. URBANIZACIÓN ENTORNO VIARIO,,49911.63,49911.63
2011,X07,Infraestructuras,,,1343753.45,752448.53
2011,X07,Infraestructuras,REDES ALIMENTACIÓN ELÉCTRICA  PARA VEHICULOS EN APARCAMIENTOS C/SERRANO,,642106.24,141456.37
2011,X07,Infraestructuras,"ADECUACIÓN GALERIAS C/SERRANO: SEGURIDAD INCENDIOS, GASES Y CONTROL ACCESOS",,701647.21,610992.16
2011,X08,Mantenimiento urbano,,,2513688.73,2513688.73
2011,X08,Mantenimiento urbano,RENOVACIÓN INTEGRAL INSTALACIONES Y PAVIMENTOS. PRIS Z-2 DTO. SALAMANCA,,1949550.75,1949550.75
2011,X08,Mantenimiento urbano,ADAPTACIÓN INSTALACIONES ALUMBRADO PÚBLICO A NORMATIVA. SALAMANCA,,204931.73,204931.73
2011,X08,Mantenimiento urbano,MEJORA RODADURA Y DISMINUCIÓN EMISIONES SONORAS VÍAS PÚBLICAS. DTO.SALAMANCA,,358206.27,358206.27
2011,X08,Mantenimiento urbano,INSTALACIÓN PLACAS IDENTIFICATIVAS DE CALLES Y BOLARDOS DISTRITO SALAMANCA,,999.98,999.98
2011,X09,Medio ambiente,,,124773.2,95163.71
2011,X09,Medio ambiente,PARQUE QUINTA FUENTE DEL BERRO. REHABILITACIÓN,,94262.9,65613.41
2011,X09,Medio ambiente,INSTALACIÓN FUENTE ORNAMENTAL CALLE CORAZÓN DE MARÍA Y CAMILO JOSE CELA,,960.0,
2011,X09,Medio ambiente,ZONAS AJARDINADAS ENTORNO PARQUE FUENTE DEL BERRO. REMODELACIÓN,,29550.3,29550.3
2011,X03,Protección y promoción social,,,73942.76,73942.17
2011,X03,Protección y promoción social,CENTRO DE SERVICIOS SOCIALES GUINDALERA. OBRAS DE ACONDICIONAMIENTO,,69504.29,69504.29
2011,X03,Protección y promoción social,"CENTRO DE SERVICIOS SOCIALES GUINDALERA, C/PILAR DE ZARAGOZA, 28.INSTALACIONES",,1729.76,1729.17
2011,X03,Protección y promoción social,"CENTRO INTEGRADO PARA ENFERMOS ALZHEIMER ""MARGARITA RETUERTO"".INSTALACIONES",,2708.71,2708.71
2011,X11,"Deportes, juventud y esparcimiento",,,2463389.39,2458208.41
2011,X11,"Deportes, juventud y esparcimiento",OBRAS CONSERVACIÓN INSTALACIONES DEPORTIVAS DISTRITO SALAMANCA,,12.55,
2011,X11,"Deportes, juventud y esparcimiento","POLIDEPORTIVO GIMNASIO MOSCARDÓ, C/PILAR DE ZARAGOZA, 93. ACONDICIONAMIENTO",,98042.72,98042.72
2011,X11,"Deportes, juventud y esparcimiento","DEPORTIVO BÁSICO Bº FUENTE DEL BERRO, NUDO O´DONNEL-M-100. CONSTRUCCIÓN",,2173833.92,2173833.48
2011,X11,"Deportes, juventud y esparcimiento","DEPORTIVO BÁSICO TORRE ESPAÑA,C/O´DONNELL-NUDO M-30.ADECUACIÓN SANEAMIENTO",,26249.47,26249.47
2011,X11,"Deportes, juventud y esparcimiento",DIRECCIÓN OBRA DEPORTIVO BÁSICO Bº FUENTE DEL BERRO-NUDO O'DONNEL-M-100,,29635.0,26273.96
2011,X11,"Deportes, juventud y esparcimiento","EQUIPAMIENTO INSTALACIÓN DEPORTIVA BÁSICA ""TORRESPAÑA""",,7500.0,5826.44
2011,X11,"Deportes, juventud y esparcimiento",GIMNASIO MOSCARDÓ. ADQUISICIÓN APARATOS DE MUSCULACIÓN,,22500.0,22367.05
2011,X11,"Deportes, juventud y esparcimiento",DEPORTIVO BÁSICO TORRESPAÑA. ACONDICIONAMIENTO EDIFICIO CAFETERÍA,,53161.73,53161.73
2011,X11,"Deportes, juventud y esparcimiento",EQUIPAMIENTO POLIDEPORTIVO MOSCARDÓ,,52454.0,52453.56
2011,X05,Educación,,,110840.59,110802.48
2011,X05,Educación,OBRAS CONSERVACIÓN COLEGIOS PÚBLICOS DISTRITO SALAMANCA,,38.11,
2011,X05,Educación,COLEGIO PÚBLICO AMADOR DE LOS RÍOS. OBRAS DE MEJORA,,27711.24,27711.24
2011,X05,Educación,"COLEGIO PÚBLICO GUINDALERA, C/ BOSTON, 1. OBRAS DE CONSERVACIÓN",,20785.26,20785.26
2011,X05,Educación,"COLEGIO PÚBLICO REINA VICTORIA, C/PRÍNCIPE DE VERGARA, 61. CONSERVACIÓN",,9444.63,9444.63
2011,X05,Educación,"EQUIPAMIENTO ESCUELA INFANTIL RUIZ JIMÉNEZ, C/ JOSÉ PICÓN, 17",,11140.59,11140.59
2011,X05,Educación,"ESCUELA INFANTIL RUIZ JIMÉNEZ, C/ JOSÉ PICÓN, 17. OBRAS DE ACONDICIONAMIENTO",,41720.76,41720.76
2011,X00,Inversiones de carácter general,,,164783.94,164706.95
2011,X00,Inversiones de carácter general,OBRAS CONSERVACIÓN EDIFICIOS DISTRITO SALAMANCA,,73.33,
2011,X00,Inversiones de carácter general,"EDIFICIO SEDE DISTRITO  DE SALAMANCA, C/ VELÁZQUEZ, 52. OBRAS DE CONSERVACIÓN",,98799.98,98799.98
2011,X00,Inversiones de carácter general,"CANTÓN DE LIMPIEZA C/LONDRES, 63. DEMOLICIÓN",,49836.7,49836.7
2011,X00,Inversiones de carácter general,"EDIFICIO Pº RECOLETOS, 5. REFORMA",,8871.33,8871.33
2011,X00,Inversiones de carácter general,"EDIFICIO Pº RECOLETOS, 5. MEJORAS",,4202.6,4202.59
2011,X00,Inversiones de carácter general,EDIFICIO SEDE DISTRITO DE SALAMANCA. INSTALACIÓN SISTEMA  DE SEGURIDAD,,3000.0,2996.35
2011,X04,Salud pública,,,15345.68,15345.68
2011,X04,Salud pública,"EQUIPAMIENTO DEPARTAMENTO SALUD LABORAL DE LA MUJER, C/MONTESA, 22 EDIFICIO A",,14000.0,14000.0
2011,X04,Salud pública,"SERVICIO DE FARMACIA,C/ MONTESA, 22. ADQUISICIÓN BÁSCULAS ELECTRÓNICAS",,1345.68,1345.68
2011,X02,"Tráfico, estacionamiento y transporte público",,,235338.75,235338.75
2011,X02,"Tráfico, estacionamiento y transporte público",SEMÁFOROS E INTERSECCIONES URBANAS DISTRITO DE SALAMANCA,,88689.15,88689.15
2011,X02,"Tráfico, estacionamiento y transporte público",SEMÁFOROS Y SEÑALIZACIÓN INTERSECCIONES URBANAS. DISTRITO SALAMANCA,,146649.6,146649.6
2012,X01,Protección Civil y seguridad ciudadana,,,3183128.42,2910554.75
2012,X01,Protección Civil y seguridad ciudadana,"EQUIPAMIENTO PARQUE DE BOMBEROS Nº 2, C/ RUFINO BLANCO, 4",,85893.08,85893.07
2012,X01,Protección Civil y seguridad ciudadana,"PARQUE DE BOMBEROS Nº 2, C/RUFINO BLANCO, 4. OBRAS DE ACONDICIONAMIENTO",,2824661.68,2824661.68
2012,X01,Protección Civil y seguridad ciudadana,CENTRO INTEGRADO SEGURIDAD Y EMERGENCIAS. TRASLADO CENTRO PROCESO DATOS,,270000.0,
2012,X01,Protección Civil y seguridad ciudadana,"PARQUE DE BOMBEROS Nº 8, C/ PIO FELIPE, S/N. OBRAS EN DEPÓSITO DE CARBURANTE",,2573.66,
2012,X10,Cultura,,,20943.17,20933.16
2012,X10,Cultura,ADQUISICIÓN DE EQUIPAMIENTO CENTRO CULTURAL BUENAVISTA,,16293.49,16291.63
2012,X10,Cultura,ADQUISICIÓN EQUIPAMIENTO CENTRO CULTURAL QUINTA DEL BERRO,,1706.51,1698.36
2012,X10,Cultura,"CENTRO SOCIO CULTURAL MAESTRO ALONSO, C/MAESTRO ALONSO, 6. CONSERVACIÓN",,1908.4,1908.4
2012,X10,Cultura,"CENTRO CULTURAL QUINTA DEL BERRO, C/ ENRIQUE D ´ALMONTE, 1. CONSERVACIÓN",,1034.77,1034.77
2012,X06,Urbanismo,,,919.94,
2012,X06,Urbanismo,AVDA. CAMILO JOSÉ CELA C/V.C/FRANCISCO SANTOS Y C/ERASO. URBANIZACIÓN,,919.94,
2012,X08,Mantenimiento urbano,,,1371883.09,1371883.09
2012,X08,Mantenimiento urbano,RENOVACIÓN INTEGRAL INSTALACIONES Y PAVIMENTOS. PRIS Z-2 DTO. SALAMANCA,,1371883.09,1371883.09
2012,X09,Medio ambiente,,,28649.49,
2012,X09,Medio ambiente,PARQUE QUINTA FUENTE DEL BERRO. REHABILITACIÓN,,28649.49,
2012,X03,Protección y promoción social,,,92133.37,92133.37
2012,X03,Protección y promoción social,CENTRO DE SERVICIOS SOCIALES GUINDALERA. OBRAS DE ACONDICIONAMIENTO,,92133.37,92133.37
2012,X11,"Deportes, juventud y esparcimiento",,,507877.31,228885.09
2012,X11,"Deportes, juventud y esparcimiento",OBRAS CONSERVACIÓN INSTALACIONES DEPORTIVAS DISTRITO SALAMANCA,,1674.03,
2012,X11,"Deportes, juventud y esparcimiento","POLIDEPORTIVO GIMNASIO MOSCARDÓ, C/PILAR DE ZARAGOZA, 93. ACONDICIONAMIENTO",,37233.0,37233.0
2012,X11,"Deportes, juventud y esparcimiento",POLIDEPORTIVO MOSCARDÓ.REMODELACIÓN VESTUARIOS FEMENINOS PISCINA SAMARANCH,,64329.54,64329.54
2012,X11,"Deportes, juventud y esparcimiento",DEPORTIVO BÁSICO EVA DUARTE. PAVIMENTACIÓN PISTA MULTIUSOS,,35681.6,35681.6
2012,X11,"Deportes, juventud y esparcimiento","DEPORTIVO BÁSICO BOSTON, C/ BOSTON, S/N. OBRAS DE CONSERVACIÓN",,5959.14,5959.14
2012,X11,"Deportes, juventud y esparcimiento",DEPORTIVO BÁSICO TORRE ESPAÑA. TERMINACIÓN EDIFICIO NUDO SUR M-30 - O´DONNELL,,275000.0,5338.32
2012,X11,"Deportes, juventud y esparcimiento","DEPORTIVO BÁSICO BREOGAN, AV. BRASILIA, 11. ADECUACIÓN CESPED ARTIFICIAL",,88000.0,80343.49
2012,X05,Educación,,,109595.07,95390.2
2012,X05,Educación,OBRAS CONSERVACIÓN COLEGIOS PÚBLICOS DISTRITO SALAMANCA,,12439.17,
2012,X05,Educación,COLEGIO PÚBLICO AMADOR DE LOS RÍOS. OBRAS DE MEJORA,,26159.31,26159.31
2012,X05,Educación,"COLEGIO PÚBLICO GUINDALERA, C/ BOSTON, 1. OBRAS DE CONSERVACIÓN",,27960.96,27960.96
2012,X05,Educación,"COLEGIO PÚBLICO REINA VICTORIA, C/PRÍNCIPE DE VERGARA, 61. CONSERVACIÓN",,23440.56,23440.56
2012,X05,Educación,ADQUISICIÓN DE EQUIPAMIENTO ESCUELA INFANTIL RUIZ JIMENEZ,,14200.0,12434.3
2012,X05,Educación,"EQUIPAMIENTO ESCUELA INFANTIL RUIZ JIMÉNEZ, C/ JOSÉ PICÓN, 17",,5395.07,5395.07
2012,X00,Inversiones de carácter general,,,27595.07,27585.8
2012,X00,Inversiones de carácter general,EQUIPAMIENTO SERVICIOS ADMINISTRATIVOS DISTRITO DE SALAMANCA,,353.0,352.82
2012,X00,Inversiones de carácter general,OBRAS CONSERVACIÓN EDIFICIOS DISTRITO SALAMANCA,,9.09,
2012,X00,Inversiones de carácter general,"EDIFICIO SEDE DISTRITO  DE SALAMANCA, C/ VELÁZQUEZ, 52. OBRAS DE CONSERVACIÓN",,16482.41,16482.41
2012,X00,Inversiones de carácter general,"EDIFICIO C/ PEDRO HEREDIA, 36. OBRAS DE CONSERVACIÓN",,5860.65,5860.65
2012,X00,Inversiones de carácter general,"CANTÓN DE LIMPIEZA C/LONDRES, 63. DEMOLICIÓN",,4889.92,4889.92
2012,X04,Salud pública,,,71461.65,71461.65
2012,X04,Salud pública,"EQUIPAMIENTO SERVICIO DE FARMACIA, C/ MONTESA, 22 EDIFICIO A",,24084.5,24084.5
2012,X04,Salud pública,"EQUIPAMIENTO LABORATORIO ANÁLISIS CLÍNICOS, C/ MONTESA, 22",,12676.26,12676.26
2012,X04,Salud pública,"EDIFICIO MADRID SALUD, C/ MONTESA 22 -A. OBRAS DE REFORMA",,34700.89,34700.89
2012,X02,"Tráfico, estacionamiento y transporte público",,,59196.82,59196.82
2012,X02,"Tráfico, estacionamiento y transporte público",SEMÁFOROS E INTERSECCIONES URBANAS DISTRITO DE SALAMANCA,,59196.82,59196.82
2013,X01,Protección Civil y seguridad ciudadana,,,276327.56,232991.52
2013,X01,Protección Civil y seguridad ciudadana,"EQUIPAMIENTO PARQUE DE BOMBEROS Nº 2, C/ RUFINO BLANCO, 4",,129428.38,86636.84
2013,X01,Protección Civil y seguridad ciudadana,"PARQUE DE BOMBEROS Nº 2, C/RUFINO BLANCO, 4. OBRAS DE ACONDICIONAMIENTO",,86419.1,86419.1
2013,X01,Protección Civil y seguridad ciudadana,"PARQUE DE BOMBEROS Nº 2, C/ RUFINO BLANCO, 4. REFORMA DE INSTALACIONES",,60480.08,59935.58
2013,X10,Cultura,,,16063.15,16063.15
2013,X10,Cultura,"CENTRO CULTURAL QUINTA DEL BERRO, C/ ENRIQUE D'ALMONTE, 1. CONSERVACIÓN",,16037.34,16037.34
2013,X10,Cultura,"CENTRO SOCIO CULTURAL MAESTRO ALONSO, C/ MAESTRO ALONSO, 6. CONSERVACIÓN",,25.81,25.81
2013,X06,Urbanismo,,,919.94,
2013,X06,Urbanismo,AVDA. CAMILO JOSÉ CELA C/V.C/FRANCISCO SANTOS Y C/ERASO. URBANIZACIÓN,,919.94,
2013,X08,Mantenimiento urbano,,,1381691.23,1381691.23
2013,X08,Mantenimiento urbano,RENOVACIÓN INTEGRAL INSTALACIONES Y PAVIMENTOS. PRIS Z-2. DTO. SALAMANCA,,880323.49,880323.49
2013,X08,Mantenimiento urbano,ADAPTACIÓN INSTALACIONES ALUMBRADO PÚBLICO A NORMATIVA. SALAMANCA,,501367.74,501367.74
2013,X09,Medio ambiente,,,28649.49,27831.21
2013,X09,Medio ambiente,PARQUE QUINTA FUENTE DEL BERRO. REHABILITACIÓN,,28649.49,27831.21
2013,X03,Protección y promoción social,,,54851.82,54504.53
2013,X03,Protección y promoción social,"EQUIPAMIENTO CENTRO DE MAYORES GUINDALERA, C/ PILAR DE ZARAGOZA, 28",,389.84,238.39
2013,X03,Protección y promoción social,EQUIPAMIENTO CENTRO SERVICIOS SOCIALES GUINDALERA,,5500.0,5304.16
2013,X03,Protección y promoción social,CENTRO SERVICIOS SOCIALES GUINDALERA. OBRAS DE ACONDICIONAMIENTO,,34144.0,34144.0
2013,X03,Protección y promoción social,CENTRO DE DÍA DE MAYORES MARGARITA RETUERTO. OBRAS DE CONSERVACIÓN,,14817.98,14817.98
2013,X11,"Deportes, juventud y esparcimiento",,,708335.81,690311.77
2013,X11,"Deportes, juventud y esparcimiento",OBRAS CONSERVACIÓN INSTALACIONES DEPORTIVAS DISTRITO SALAMANCA,,181.64,
2013,X11,"Deportes, juventud y esparcimiento",DEPORTIVO BÁSICO TORRE ESPAÑA. TERMINACIÓN EDIFICIO NUDO SUR M-30 - O´DONNELL,,507942.28,490103.68
2013,X11,"Deportes, juventud y esparcimiento","DEPORTIVO BÁSICO Bº FUENTE DEL BERRO, NUDO O´DONNEL-M-100. CONSTRUCCIÓN",,110649.94,110649.94
2013,X11,"Deportes, juventud y esparcimiento","POLIDEPORTIVO GIMNASIO MOSCARDÓ, C/ PILAR DE ZARAGOZA, 93. CONSERVACIÓN",,17591.96,17591.96
2013,X11,"Deportes, juventud y esparcimiento","DEPORTIVO BÁSICO BREOGÁN, AV. BRASILIA S/N. OBRAS DE CONSERVACIÓN",,7217.63,7217.63
2013,X11,"Deportes, juventud y esparcimiento",POLIDEPORTIVO GIMNASIO MOSCARDÓ. SUSTITUCIÓN FILTROS PISCINA,,49119.74,49119.74
2013,X11,"Deportes, juventud y esparcimiento","DEPORTIVO BÁSICO TORRE ESPAÑA, C/ O'DONNELL NUDO M-30. OBRAS DE CONSERVACIÓN",,7400.13,7400.13
2013,X11,"Deportes, juventud y esparcimiento","DEPORTIVO BÁSICO EVA DUARTE, C/ DOCTOR GÓMEZ ULLA, 11. OBRAS DE CONSERVACIÓN",,482.49,482.49
2013,X11,"Deportes, juventud y esparcimiento",EQUIPAMIENTO CENTRO DEPORTIVO  MUNICIPAL GIMNASIO MOSCARDÓ,,7750.0,7746.2
2013,X05,Educación,,,70046.47,67611.43
2013,X05,Educación,"EQUIPAMIENTO ESCUELA INFANTIL RUIZ JIMÉNEZ, C/ JOSÉ PICÓN, 17",,849.14,849.14
2013,X05,Educación,OBRAS CONSERVACIÓN COLEGIOS Y OTROS CENTROS EDUCATIVOS DISTRITO SALAMANCA,,20.44,
2013,X05,Educación,"COLEGIO PÚBLICO AMADOR DE LOS RÍOS, Pº MARQUÉS DE ZAFRA, 16. CONSERVACIÓN",,13248.82,13248.82
2013,X05,Educación,"ESCUELA INFANTIL RUIZ JIMÉNEZ, C/ JOSÉ PICÓN, 17. OBRAS DE CONSERVACIÓN",,26040.65,26040.65
2013,X05,Educación,"COLEGIO PÚBLICO GUINDALERA, C/ BOSTÓN, 1. OBRAS DE CONSERVACIÓN",,16487.42,16487.42
2013,X05,Educación,"COLEGIO PÚBLICO REINA VICTORIA, C/ PRÍNCIPE DE VERGARA, 61. OBRAS DE CONSERVACIÓN",,5200.0,5199.99
2013,X05,Educación,EQUIPAMIENTO ESCUELA INFANTIL RUIZ JIMENEZ,,4200.0,4188.21
2013,X05,Educación,"COLEGIO PÚBLICO AMADOR DE LOS RÍOS, Pº MARQUÉS DE ZAFRA, 16. COLUMPIOS",,4000.0,1597.2
2013,X00,Inversiones de carácter general,,,605.72,589.23
2013,X00,Inversiones de carácter general,EQUIPAMIENTO SERVICIOS ADMINISTRATIVOS DISTRITO DE SALAMANCA,,510.0,508.2
2013,X00,Inversiones de carácter general,OBRAS CONSERVACIÓN EDIFICIOS DISTRITO SALAMANCA,,14.69,
2013,X00,Inversiones de carácter general,"EDIFICIO C/ PEDRO HEREDIA, 36. OBRAS DE CONSERVACIÓN",,81.03,81.03
2013,X04,Salud pública,,,92112.5,76230.92
2013,X04,Salud pública,"CENTRO DIAGNÓSTICO MÉDICO, C/ MONTESA, 22 - EDIFICIO A. SEÑALIZACIÓN",,1396.34,1396.34
2013,X04,Salud pública,"SERVICIO DE FARMACIA, C/ MONTESA, 22 EDIFICIO A. ADQUISICIÓN MAQUINARIA",,8404.17,8404.17
2013,X04,Salud pública,"LABORATORIO ANÁLISIS CLÍNICOS, C/ MONTESA, 22. ADQUISICIÓN DE MAQUINARIA",,8999.5,8999.5
2013,X04,Salud pública,CENTRO DIAGNÓSTICO MÉDICO. INSTALACIÓN SISTEMAS CLIMATIZACIÓN,,69940.31,54058.73
2013,X04,Salud pública,"EQUIPAMIENTO CENTRO DIAGNÓSTICO MÉDICO, C/ MONTESA, 22. EDIFICIO A",,858.4,858.4
2013,X04,Salud pública,CENTRO PROMOCIÓN DE HÁBITOS SALUDABLES. OBRAS DE REFORMA,,2513.78,2513.78
2013,X02,"Tráfico, estacionamiento y transporte público",,,49140.33,49140.33
2013,X02,"Tráfico, estacionamiento y transporte público",SEMÁFOROS E INTERSECCIONES URBANAS DISTRITO DE SALAMANCA,,49140.33,49140.33
2014,X01,Protección Civil y seguridad ciudadana,,,34507.62,34507.62
2014,X01,Protección Civil y seguridad ciudadana,"EQUIPAMIENTO PARQUE DE BOMBEROS Nº 2, C/ RUFINO BLANCO, 4",,11971.2,11971.2
2014,X01,Protección Civil y seguridad ciudadana,"PARQUE DE BOMBEROS Nº 2, C/ RUFINO BLANCO, 4. REFORMA DE INSTALACIONES",,544.5,544.5
2014,X01,Protección Civil y seguridad ciudadana,EQUIPAMIENTO CENTRO INTEGRAL SEGURIDAD Y EMERGENCIAS - SAMUR-PROTECCIÓN CIVIL,,2026.92,2026.92
2014,X01,Protección Civil y seguridad ciudadana,"UNIDAD INTEGRAL POLICÍA DISTRITO DE SALAMANCA,C/PEDRO HEREDIA, 36. IMPLANTACIÓN",,19965.0,19965.0
2014,X10,Cultura,,,247044.79,214701.33
2014,X10,Cultura,"ESCULTURA A BLAS DE LEZO, PZA. DEL DESCUBRIMIENTO. INSTALACIÓN",,17235.97,
2014,X10,Cultura,"BIBLIOTECA BUENAVISTA, AV. DE LOS TOREROS, 5. SEÑALIZACIÓN",,880.91,880.91
2014,X10,Cultura,ITINERARIO DE LA LIBERTAD DISTRITO DE SALAMANCA,,17183.31,9147.6
2014,X10,Cultura,"CENTRO CULTURAL BUENAVISTA, AV. TOREROS, 5. OBRAS DE CONSERVACIÓN",,10151.76,10116.22
2014,X10,Cultura,"CENTRO CULTURAL QUINTA DEL BERRO, C/ ENRIQUE D'ALMONTE, 1. CLIMATIZACIÓN",,125531.49,125531.49
2014,X10,Cultura,IFS-CENTRO CULTURAL BUENAVISTA. INSTALACIÓN CUBIERTA Y MEJORA EFICIENCIA ENERGÉTICA,,24061.35,24035.79
2014,X10,Cultura,IFS-CENTRO CULTURAL BUENAVISTA. EXIGENCIAS INSPECCIÓN TÉCNICA DE EDIFICIOS,,52000.0,44989.32
2014,X08,Mantenimiento urbano,,,439058.41,424575.2
2014,X08,Mantenimiento urbano,RENOVACIÓN INTEGRAL INSTALACIONES Y PAVIMENTOS. PRIS Z-2 DTO. SALAMANCA,,245783.21,245783.21
2014,X08,Mantenimiento urbano,ADAPTACIÓN INSTALACIONES ALUMBRADO PÚBLICO A NORMATIVA. SALAMANCA,,155367.6,155367.6
2014,X08,Mantenimiento urbano,HIDRANTES DISTRITO SALAMANCA. INSTALACIÓN,,7907.6,7907.6
2014,X08,Mantenimiento urbano,"IFS-CANTÓN DE LIMPIEZA C/JORGE JUAN, 48. EXIGENCIAS INSPECCIÓN TÉCNICA EDIFICIOS",,30000.0,15516.79
2014,X03,Protección y promoción social,,,261423.17,256780.79
2014,X03,Protección y promoción social,EQUIPAMIENTO CENTRO SERVICIOS SOCIALES GUINDALERA,,4243.32,
2014,X03,Protección y promoción social,CENTRO DE SERVICIOS SOCIALES GUINDALERA. CLIMATIZACIÓN,,46440.65,46439.81
2014,X03,Protección y promoción social,CENTRO SERVICIOS SOCIALES GUINDALERA. OBRAS DE CONSERVACIÓN,,303.54,303.54
2014,X03,Protección y promoción social,CENTRO DE DÍA Y RESIDENCIA DE MAYORES MARGARITA RETUERTO. ACONDICIONAMIENTO,,48000.0,47660.31
2014,X03,Protección y promoción social,CENTRO DE MAYORES LA GUINDALERA. ACCESIBILIDAD Y OTRAS MEJORAS,,55000.0,54965.71
2014,X03,Protección y promoción social,IFS-RESIDENCIA Y CENTRO DÍA MARGARITA RETUERTO.TERRAZA EXTERIOR Y OBTENCIÓN DE ECONOMÍAS,,52575.47,52551.44
2014,X03,Protección y promoción social,IFS-CENTRO DE SERVICIOS SOCIALES GUINDALERA. LUMINARIAS ENERGÉTICAMENTE EFICIENTES,,9629.77,9629.56
2014,X03,Protección y promoción social,IFS-RESIDENCIA-CENTRO DÍA MARGARITA RETUERTO.PAVIMENTO PLANTA 3ª.OBTENCIÓN DE ECONOMÍAS,,45230.42,45230.42
2014,X11,"Deportes, juventud y esparcimiento",,,145747.29,138467.0
2014,X11,"Deportes, juventud y esparcimiento",OBRAS CONSERVACIÓN INSTALACIONES DEPORTIVAS DISTRITO SALAMANCA,,2582.93,
2014,X11,"Deportes, juventud y esparcimiento",DEPORTIVO BÁSICO TORRE ESPAÑA. TERMINACIÓN EDIFICIO NUDO SUR M-30 - O´DONNELL,,388.41,388.41
2014,X11,"Deportes, juventud y esparcimiento",POLIDEPORTIVO MOSCARDÓ. MEJORA INSTALACIONES TÉCNICAS.,,543.29,543.29
2014,X11,"Deportes, juventud y esparcimiento","DEPORTIVO BÁSICO TORRESPAÑA, C/ O´DONNELL-NUDO M-30. OBRAS DE CONSERVACIÓN",,11135.45,11071.72
2014,X11,"Deportes, juventud y esparcimiento",CENTRO DEPORTIVO GIMNASIO MOSCARDÓ. CÉSPED ARTIFICIAL DE LA PISTA DE TENIS,,31806.02,31806.02
2014,X11,"Deportes, juventud y esparcimiento",PISTA DE PATINAJE DEPORTIVO BÁSICO EVA DUARTE. OBRAS DE CONSERVACIÓN,,4213.01,4213.01
2014,X11,"Deportes, juventud y esparcimiento",CENTRO DEPORTIVO GIMNASIO MOSCARDÓ. OBRAS DE ACONDICIONAMIENTO,,44994.79,44994.79
2014,X11,"Deportes, juventud y esparcimiento",DEPORTIVO BÁSICO BOSTON. OBRAS DE CONSERVACIÓN,,19.23,19.23
2014,X11,"Deportes, juventud y esparcimiento",CENTRO DEPORTIVO GIMNASIO MOSCARDÓ. OBRAS DE CONSERVACIÓN,,14520.14,9886.51
2014,X11,"Deportes, juventud y esparcimiento","DEPORTIVO BÁSICO TORRESPAÑA, C/ O´DONNELL-NUDO M-30. ACONDICIONAMIENTO",,35544.02,35544.02
2014,X05,Educación,,,82639.64,79167.71
2014,X05,Educación,OBRAS CONSERVACIÓN COLEGIOS Y OTROS CENTROS EDUCATIVOS DISTRITO SALAMANCA,,31.6,
2014,X05,Educación,"ESCUELA INFANTIL RUIZ JIMÉNEZ, C/ JOSÉ PICÓN, 17. RENOVACIÓN DE PAVIMENTOS",,19574.5,18543.55
2014,X05,Educación,COLEGIO PÚBLICO GUINDALERA. ADAPTACIÓN A NORMATIVA ELÉCTRICA,,16141.51,16007.26
2014,X05,Educación,COLEGIO PÚBLICO REINA VICTORIA. C/ PRÍNCIPA DE VERGARA. OBRAS DE ACONDICIONAMIENTO,,30881.2,30881.2
2014,X05,Educación,COLEGIO PÚBLICO AMADOR DE LOS RÍOS. OBRAS DE CONSERVACIÓN,,8374.19,8374.19
2014,X05,Educación,EQUIPAMIENTO ESCUELA INFANTIL RUIZ JIMÉNEZ,,7636.64,5361.51
2014,X00,Inversiones de carácter general,,,64977.5,62733.94
2014,X00,Inversiones de carácter general,EQUIPAMIENTO SERVICIOS ADMINISTRATIVOS DISTRITO DE SALAMANCA,,2688.73,2211.19
2014,X00,Inversiones de carácter general,OBRAS CONSERVACIÓN EDIFICIOS DISTRITO SALAMANCA,,1766.02,
2014,X00,Inversiones de carácter general,EDIFICIO SEDE DISTRITO SALAMANCA. OBRAS DE CONSERVACIÓN,,53.19,53.19
2014,X00,Inversiones de carácter general,IFS-EDIFICIO SEDE DISTRITO DE SALAMANCA. ASCENSORES ENERGÉTICAMENTE EFICIENTES,,60469.56,60469.56
2014,X04,Salud pública,,,47257.59,47257.59
2014,X04,Salud pública,"SERVICIO DE FARMACIA, C/ MONTESA, 22. EDIFICIO A. ADQUISICIÓN DE MAQUINARIA",,19774.48,19774.48
2014,X04,Salud pública,"EQUIPAMIENTO LABORATORIO ANÁLISIS CLÍNICOS C/ MONTESA, 22",,1952.26,1952.26
2014,X04,Salud pública,"EDIFICIO COMPLEJO SANITARIO MONTESA. C/ MONTESA, 22. OBRAS DE REFORMA",,25530.85,25530.85
2014,X02,"Tráfico, estacionamiento y transporte público",,,14130.08,14130.08
2014,X02,"Tráfico, estacionamiento y transporte público",SEMÁFOROS E INTERSECCIONES URBANAS DISTRITO DE SALAMANCA,,14130.08,14130.08
2015,X01,Protección Civil y seguridad ciudadana,,,793700.33,788216.24
2015,X01,Protección Civil y seguridad ciudadana,"UNIDAD INTEGRAL POLICÍA DISTRITO DE SALAMANCA,C/PEDRO HEREDIA, 36. IMPLANTACIÓN",,788217.82,788216.24
2015,X01,Protección Civil y seguridad ciudadana,EQUIPAMIENTO CENTRO INTEGRADO DE SEGURIDAD Y EMERGENCIAS (CISEM),,4694.8,
2015,X01,Protección Civil y seguridad ciudadana,"EQUIPAMIENTO PARQUE DE BOMBEROS Nº 2, C/ RUFINO BLANCO, 2",,787.71,
2015,X10,Cultura,,,161333.62,147825.02
2015,X10,Cultura,"ESCULTURA A BLAS DE LEZO, PZA. DEL DESCUBRIMIENTO. INSTALACIÓN",,17235.97,17235.97
2015,X10,Cultura,ITINERARIO DE LA LIBERTAD DISTRITO DE SALAMANCA,,6880.0,6879.7
2015,X10,Cultura,EQUIPAMIENTO BIBLIOTECA PÚBLICA BUENAVISTA,,3720.75,
2015,X10,Cultura,EQUIPAMIENTO CENTRO CULTURAL QUINTA DEL BERRO,,1000.0,
2015,X10,Cultura,CENTRO CULTURAL QUINTA DEL BERRO. OBRAS DE MEJORA EN SALA DE CALDERA,,24496.9,24496.9
2015,X10,Cultura,IFS-CENTRO CULTURAL MAESTRO ALONSO. EXIGENCIAS INSPECCIÓN TÉCNICA DE EDIFICIOS,,35000.0,34963.9
2015,X10,Cultura,IFS-CENTRO CULTURAL QUINTA DEL BERRO. MEJORA INSTALACIÓN DE CLIMATIZACIÓN,,28000.0,26804.98
2015,X10,Cultura,"IFS-CENTRO CULTURAL BUENA VISTA. ADECUACIÓN ILUMINACIÓN, ESPACIOS Y EFICIENCIA ENERGÉTICA",,15000.0,7572.26
2015,X10,Cultura,IFS-CENTRO CULTURAL QUINTA DEL BERRO. EXIGENCIAS INSPECCIÓN TÉCNICA DE EDIFICIOS,,30000.0,29871.31
2015,X06,Urbanismo,,,26061.22,25862.25
2015,X06,Urbanismo,"DEMOLICIÓN EDIFICACIONES C/ FUNDADORES, 26",,26061.22,25862.25
2015,X08,Mantenimiento urbano,,,164677.54,159697.16
2015,X08,Mantenimiento urbano,MUSEO DE ESCULTURA AL AIRE LIBRE DE LA CASTELLANA. SEÑALIZACIÓN,,14677.54,14677.54
2015,X08,Mantenimiento urbano,"IFS-CANTÓN DE LIMPIEZA DE LA C/. JORGE JUAN, 48.  REHABILITACIÓN DE FACHADA",,150000.0,145019.62
2015,X09,Medio ambiente,,,35000.0,34768.39
2015,X09,Medio ambiente,"IFS-CASA DEL RELOJ, QUINTA FUENTE DEL BERRO. REPARACIÓN CUBIERTA",,35000.0,34768.39
2015,X03,Protección y promoción social,,,173442.42,165291.99
2015,X03,Protección y promoción social,EQUIPAMIENTO CENTRO DE SERVICIOS SOCIALES GUINDALERA,,31781.05,25450.67
2015,X03,Protección y promoción social,CENTRO DE DÍA DE MAYORES MARGARITA RETUERTO. OBRAS DE REFORMA,,52544.83,52544.83
2015,X03,Protección y promoción social,CENTRO SERVICIOS SOCIALES GUINDALERA. ADECUACIÓN INSTALACION DISTRIBUCIÓN AGUA,,54116.54,53526.37
2015,X03,Protección y promoción social,IFS-CENTRO SERVICIOS SOCIALES GUINDALERA. MEJORAS FUNCIONALES Y ACCESIBILIDAD,,35000.0,33770.12
2015,X11,"Deportes, juventud y esparcimiento",,,362091.0,296062.96
2015,X11,"Deportes, juventud y esparcimiento",EQUIPAMIENTO CENTRO DEPORTIVO MUNICIPAL MOSCARDÓ,,9793.0,9661.25
2015,X11,"Deportes, juventud y esparcimiento",OBRAS DE CONSERVACIÓN INSTALACIONES DEPORTIVAS DISTRITO DE SALAMANCA,,14317.67,
2015,X11,"Deportes, juventud y esparcimiento",CENTRO DEPORTIVO GIMNASIO MOSCARDÓ. CALEFACCIÓN Y AGUA CALIENTE SANITARIA,,194643.14,156579.67
2015,X11,"Deportes, juventud y esparcimiento","CENTRO DEPORTIVO GIMNASIO MOSCARDÓ, C/ PILAR DE ZARAGOZA, 93. OBRAS DE CONSERVACIÓN",,20428.77,20427.97
2015,X11,"Deportes, juventud y esparcimiento",DEPORTIVO BÁSICO BOSTON. SUBSANACIÓN DEFICIENCIAS INSPECCIÓN TÉCNICA DE EDIFICIOS,,67137.33,67137.33
2015,X11,"Deportes, juventud y esparcimiento",DEPORTIVO BÁSICO TORRESPAÑA. OBRAS DE CONSERVACIÓN,,8044.02,8044.02
2015,X11,"Deportes, juventud y esparcimiento",DEPORTIVO BÁSICO PARQUE BREOGÁN. SUBSANACIÓN DEFICIENCIAS INSTALACIÓN ELÉCTRICA,,47727.07,34212.72
2015,X12,Otros bienes públicos de carácter social,,,1931.24,1931.24
2015,X12,Otros bienes públicos de carácter social,EQUIPAMIENTO OFICINA ATENCIÓN AL CIUDADANO LÍNEA MADRID DISTRITO SALAMANCA,,1931.24,1931.24
2015,X05,Educación,,,299121.86,298683.34
2015,X05,Educación,COLEGIO PÚBLICO AMADOR DE LOS RÍOS. OBRAS DE CONSERVACIÓN,,5176.8,5176.8
2015,X05,Educación,EQUIPAMIENTO ESCUELA INFANTIL RUIZ JIMÉNEZ,,466.79,466.79
2015,X05,Educación,ESCUELA INFANTIL RUIZ JIMÉNEZ. PLACA IDENTIFICATIVA,,565.07,565.07
2015,X05,Educación,OBRAS DE CONSERVACIÓN CENTROS DOCENTES DE ENSEÑANZA DISTRITO DE SALAMANCA,,418.47,
2015,X05,Educación,COLEGIO PÚBLICO AMADOR DE LOS RÍOS. OBRAS INSPECCIÓN TÉCNICA DE EDIFICIOS,,124495.05,124495.05
2015,X05,Educación,COLEGIO PÚBLICO GUINDALERA. OBRAS INSPECCIÓN TÉCNICA DE EDIFICIOS,,123866.9,123847.42
2015,X05,Educación,"ESCUELA INFANTIL RUIZ JIMÉNEZ, C/ JOSÉ PICÓN, 17. OBRAS DE PAVIMENTACIÓN Y OTRAS MEJORAS",,30402.63,30402.63
2015,X05,Educación,COLEGIO PÚBLICO REINA VICTORIA. OBRAS DE CONSERVACIÓN,,5028.35,5028.35
2015,X05,Educación,COLEGIO PÚBLICO GUINDALERA. OBRAS DE CONSERVACIÓN,,7611.8,7611.6
2015,X05,Educación,OTRO EQUIPAMIENTO ESCUELA INFANTIL RUIZ JIMÉNEZ,,1090.0,1089.63
2015,X00,Inversiones de carácter general,,,314690.7,300344.68
2015,X00,Inversiones de carácter general,EQUIPAMIENTO SERVICIOS ADMINISTRATIVOS DISTRITO DE SALAMANCA,,406.56,406.5
2015,X00,Inversiones de carácter general,"EDIFICIO C/PEDRO HEREDIA, 34-36. OBRAS DERIVADAS DE LA INSPECCIÓN TÉCNICA DE EDIFICIOS",,224442.41,224428.7
2015,X00,Inversiones de carácter general,OBRAS DE CONSERVACIÓN EDIFICIOS DISTRITO DE SALAMANCA,,103.21,
2015,X00,Inversiones de carácter general,EDIFICIO SEDE DISTRITO SALAMANCA. ADECUACIÓN FACHADA,,21738.52,21219.66
2015,X00,Inversiones de carácter general,IFS-EDIFICIO SEDE DISTRITO DE SALAMANCA. EXIGENCIAS INSPECCIÓN TÉCNICA DE EDIFICIOS,,45000.0,40498.26
2015,X00,Inversiones de carácter general,"IFS-SEDE DISTRITO DE SALAMANCA.  MEJORA ILUMINACIÓN, ESPACIOS Y EFICIENCIA ENERGÉTICA",,23000.0,13791.56
2015,X04,Salud pública,,,64634.57,56888.19
2015,X04,Salud pública,"SERVICIO DE FARMACIA, C/ MONTESA, 22. EDIFICIO A. ADQUISICIÓN DE MAQUINARIA",,20718.83,20718.83
2015,X04,Salud pública,"CENTRO DIAGNÓSTICO MÉDICO, C/ MONTESA, 22 EDIFICIO A. INSTALACIONES TÉCNICAS",,42916.28,35169.9
2015,X04,Salud pública,"CENTRO DE DIAGNÓSTICO MÉDICO, C/ MONTESA, 22 EDIFICIO A. SEÑALIZACIÓN",,999.46,999.46
2016,X01,Protección Civil y seguridad ciudadana,,,562384.81,552514.38
2016,X01,Protección Civil y seguridad ciudadana,EQUIPAMIENTO CENTRO INTEGRADO DE SEGURIDAD Y EMERGENCIAS (CISEM),,4694.8,4694.8
2016,X01,Protección Civil y seguridad ciudadana,UNIDAD INTEGRAL POLICÍA MUNICIPAL SALAMANCA. SEÑALIZACIÓN,,7230.96,7230.96
2016,X01,Protección Civil y seguridad ciudadana,"EDIFICIO C/ RUFINO BLANCO, 2. OBRAS DE ADECUACIÓN Y REFORMA",,500187.86,493021.96
2016,X01,Protección Civil y seguridad ciudadana,EQUIPAMIENTO UNIDAD INTEGRAL POLICÍA MUNICIPAL DISTRITO SALAMANCA,,15601.06,15601.06
2016,X01,Protección Civil y seguridad ciudadana,"CENTRO INTEGRADO SEGURIDAD Y EMERGENCIAS, C/RUFINO BLANCO. EQUIPOS DE COMUNICACIÓN",,34670.13,31965.6
2016,X10,Cultura,,,347037.22,124695.73
2016,X10,Cultura,EQUIPAMIENTO CENTRO CULTURAL QUINTA DEL BERRO,,10193.95,10193.95
2016,X10,Cultura,"DESARROLLO PÁGINA WEB ""CÁRCEL MUJERES VENTAS""",,11800.0,11749.1
2016,X10,Cultura,CENTRO CULTURAL BUENAVISTA. OBRAS DE ACONDICIONAMIENTO,,91376.97,49102.6
2016,X10,Cultura,IFS-CENTRO CULTURAL MAESTRO ALONSO.PROTECCIÓN ALGIBE Y GRUPO PRESIÓN DE INCENDIOS.MEJORA FACHADA PRINCIP,,20000.0,11913.94
2016,X10,Cultura,IFS-CENTRO CULTURAL QUINTA DEL BERRO. OBRAS DE MEJORA DE LAS CONDICIONES DE UTILIZACIÓN Y SEGURIDAD,,30000.0,17620.84
2016,X10,Cultura,IFS-CENTRO CULTURAL QUINTA DEL BERRO. REMODELACIÓN Y ACONDICIONAMIENTO DE LA COCINA DE LA PLANTA SÓTANO,,60000.0,
2016,X10,Cultura,BIBLIOTECA PÚBLICA BUENAVISTA. DOTACIÓN DE MOBILIARIO Y ENSERES,,3666.3,3666.3
2016,X10,Cultura,"IFS-MUSEO DE ESCULTURA AL AIRE LIBRE, Pº CASTELLANA. OBRAS DE ADAPTACIÓN",,120000.0,20449.0
2016,X06,Urbanismo,,,43842.18,20332.48
2016,X06,Urbanismo,ADECUACIÓN VIALES Y ACCESIBILIDAD EN DISTRITO SALAMANCA,,43842.18,20332.48
2016,X07,Infraestructuras,,,999244.98,9244.98
2016,X07,Infraestructuras,VÍA CICLISTA AVDA. TOREROS - CASTELLANA. CONSTRUCCIÓN,,9244.98,9244.98
2016,X07,Infraestructuras,IFS-VÍA CICLISTA AVDA. TOREROS - CASTELLANA. CONSTRUCCIÓN,,990000.0,
2016,X08,Mantenimiento urbano,,,1151206.83,203820.85
2016,X08,Mantenimiento urbano,HIDRANTES DISTRITO SALAMANCA. INSTALACIÓN,,12646.77,12646.77
2016,X08,Mantenimiento urbano,PAVIMENTACIÓN CALZADAS BARRIOS EN DISTRITO SALAMANCA. FASE I,,258722.83,134798.22
2016,X08,Mantenimiento urbano,PAVIMENTACIÓN ACERAS BARRIOS EN DISTRITO SALAMANCA. FASE I,,93837.23,29271.86
2016,X08,Mantenimiento urbano,IFS-VIARIOS DISTRITO DE SALAMANCA. MEJORA ACCESIBILIDAD Y CALIDAD ESTÁNDARES DE URBANIZACIÓN,,586000.0,21054.0
2016,X08,Mantenimiento urbano,BARRIO DE GUINDALERA VIEJA. MEJORA DEL ENTORNO URBANO Y ACCESIBILIDAD UNIVERSAL,,200000.0,6050.0
2016,X09,Medio ambiente,,,591096.88,19236.98
2016,X09,Medio ambiente,PARCELAS DISTRITO SALAMANCA. ACONDICIONAMIENTO PARA IMPLANTACIÓN HUERTOS URBANOS,,1316.88,1316.88
2016,X09,Medio ambiente,IFS-RIEGO EN AMPLIACIÓN ZONAS VERDES PARQUE DE LAS AVENIDAS Y AJARDINAMIENTO TALUD M30-PUENTE DE VENTAS,,589780.0,17920.1
2016,X03,Protección y promoción social,,,322265.57,206282.32
2016,X03,Protección y promoción social,EQUIPAMIENTO CENTRO SERVICIOS SOCIALES GUINDALERA,,12765.57,12765.57
2016,X03,Protección y promoción social,"IFS-RESIDENCIA MUNICIPAL PARA ENFERMOS ALZHEIMER MARGARITA RETUERTO, C/FRANCISCO ALTIMIRAS, 2. REFORMAS",,36000.0,35825.13
2016,X03,Protección y promoción social,IFS-CENTRO SERVICIOS SOCIALES GUINDALERA. REDISTRIBUCIÓN PUNTOS DE LUZ  Y SISTEMAS DE ILUMINACIÓN EFICIE,,20000.0,19961.61
2016,X03,Protección y promoción social,IFS-CENTRO SERVICIOS SOCIALES GUINDALERA.CUBIERTA LUCERNARIO CENTRAL Y PARTE METÁLICA PARA FILTRACIONES,,55000.0,19320.43
2016,X03,Protección y promoción social,EQUIPAMIENTO CENTRO DE MAYORES GUINDALERA,,3500.0,3012.48
2016,X03,Protección y promoción social,IFS-CENTRO SERVICIOS SOCIALES GUINDALERA. REDISTRIBUCIÓN DE ESPACIOS Y MEJORA CONDICIONES Y ACCESIBILIDA,,115000.0,37071.73
2016,X03,Protección y promoción social,IFS-CENTRO DE MAYORES MARGARITA RETUERTO. MEJORA CONDICIONES DE UTILIZACIÓN Y SEGURIDAD,,80000.0,78325.37
2016,X11,"Deportes, juventud y esparcimiento",,,134663.47,112854.09
2016,X11,"Deportes, juventud y esparcimiento",CENTRO DEPORTIVO GIMNASIO MOSCARDÓ. CALEFACCIÓN Y AGUA CALIENTE SANITARIA,,22436.87,22436.87
2016,X11,"Deportes, juventud y esparcimiento",DEPORTIVO BÁSICO PARQUE BREOGÁN. SUBSANACIÓN DEFICIENCIAS INSTALACIÓN ELÉCTRICA,,13514.34,13514.34
2016,X11,"Deportes, juventud y esparcimiento",DEPORTIVO BÁSICO TORRESPAÑA-FUENTE DEL BERRO.OBRAS REGLAMENTO ELECTROTÉCNICO DE BAJA TENSIÓN,,20163.71,723.77
2016,X11,"Deportes, juventud y esparcimiento",EQUIPAMIENTO CENTRO DEPORTIVO MUNICIPAL GIMNASIO MOSCARDÓ,,4793.0,4740.93
2016,X11,"Deportes, juventud y esparcimiento",CENTRO DEPORTIVO GIMNASIO MOSCARDÓ. REPARACIÓN CUBIERTA PABELLÓN PRINCIPAL,,73514.76,71197.39
2016,X11,"Deportes, juventud y esparcimiento",CENTRO DEPORTIVO GIMNASIO MOSCARDÓ. ADECUACIÓN A ACCESIBILIDAD UNIVERSAL,,240.79,240.79
2016,X12,Otros bienes públicos de carácter social,,,3034.42,3034.42
2016,X12,Otros bienes públicos de carácter social,EQUIPAMIENTO OFICINA ATENCIÓN AL CIUDADANO LÍNEA MADRID DISTRITO SALAMANCA,,1543.92,1543.92
2016,X12,Otros bienes públicos de carácter social,OFICINA ATENCIÓN AL CIUDADANO LÍNEA MADRID DISTRITO SALAMANCA. MOBILIARIO ADAPTADO,,1363.09,1363.09
2016,X12,Otros bienes públicos de carácter social,OFICINA ATENCIÓN A LA CIUDADANÍA LÍNEA MADRID SALAMANCA. SEÑALIZACIÓN,,127.41,127.41
2016,X05,Educación,,,82671.31,81913.86
2016,X05,Educación,COLEGIO PÚBLICO AMADOR DE LOS RÍOS. OBRAS DE ACONDICIONAMIENTO,,31184.3,31176.22
2016,X05,Educación,ESCUELA INFANTIL RUÍZ JIMÉNEZ. OBRAS DE ACONDICIONAMIENTO,,32249.82,32249.82
2016,X05,Educación,COLEGIO PÚBLICO GUINDALEA. OBRAS DE REPARACIÓN,,19237.19,18487.82
2016,X00,Inversiones de carácter general,,,337502.98,295296.87
2016,X00,Inversiones de carácter general,SISTEMA INTEGRAL GRABACIÓN Y REPRODUCCIÓN SESIONES PLENARIAS DISTRITO SALAMANCA,,7238.91,7238.91
2016,X00,Inversiones de carácter general,"EDIFICIO C/ NÚÑEZ DE BALBOA, 40. OBRAS DE DEMOLICIÓN INTERIOR",,263807.12,237997.58
2016,X00,Inversiones de carácter general,EQUIPAMIENTO SERVICIOS ADMINISTRATIVOS DISTRITO SALAMANCA,,737.0,729.73
2016,X00,Inversiones de carácter general,EDIFICIO SEDE DISTRITO SALAMANCA. INSTALACIÓN PLACA CONSTITUCIÓN ESPAÑOLA,,719.95,399.3
2016,X00,Inversiones de carácter general,"IFS-SEDE SALAMANCA.INSTALACIÓN CONTRAINCENDIOS, ALARMA DE INTRUSIÓN Y SECTORIZACIÓN SÓTANO Y PLANTA BAJA",,45000.0,29358.57
2016,X00,Inversiones de carácter general,IFS-EDIFICIO JUNTA DE DISTRITO DE SALAMANCA. EXIGENCIAS INSPECCIÓN TÉCNICA DE EDIFICIOS,,20000.0,19572.78
2016,X04,Salud pública,,,290329.22,229459.98
2016,X04,Salud pública,IFS-EQUIPO QUIRÚRGICO N.º 1 EN LA C/ MONTESA 22. EXIGENCIAS INSPECCIÓN TÉCNICA DE EDIFICIOS,,133768.0,124550.24
2016,X04,Salud pública,"CENTRO DE SALUD DISTRITO SALAMANCA, C/FUNDADORES, 26. CONSTRUCCIÓN",,50000.0,
2016,X04,Salud pública,"EQUIPAMIENTO LABORATORIO DE ANÁLISIS CLÍNICOS, C/ MONTESA, 22",,180.9,180.9
2016,X04,Salud pública,"EDIFICIO DE MADRID SALUD C/ MONTESA, 22 EDIFICIO A. OBRAS DE CONSERVACIÓN",,3009.45,3009.45
2016,X04,Salud pública,"SECCIÓN DIAGNÓSTICO POR IMAGEN, C/MONTESA, 22. EDIFICIO A. ADQUISICIÓN MAQUINARIA",,81156.01,79504.53
2016,X04,Salud pública,"SERVICIO DE FARMACIA, C/ MONTESA, 22 EDIFICIO A. ADQUISICIÓN DE MAQUINARIA",,22214.86,22214.86
2017,X01,Protección Civil y seguridad ciudadana,,,319860.85,319860.85
2017,X01,Protección Civil y seguridad ciudadana,"EDIFICIO C/ RUFINO BLANCO, 2. OBRAS DE ADECUACIÓN Y REFORMA",,303430.06,303430.06
2017,X01,Protección Civil y seguridad ciudadana,UNIDAD INTEGRAL POLICÍA MUNICIPAL SALAMANCA. OBRAS DE REFORMA,,16430.79,16430.79
2017,X10,Cultura,,,280150.17,92418.41
2017,X10,Cultura,EQUIPAMIENTO CENTRO CULTURAL QUINTA DEL BERRO,,310.91,267.24
2017,X10,Cultura,CENTRO CULTURAL BUENAVISTA. OBRAS DE ACONDICIONAMIENTO,,42216.38,42216.38
2017,X10,Cultura,BIBLIOTECA PÚBLICA BUENAVISTA. EQUIPOS DE COMUNICACIÓN,,669.79,503.8
2017,X10,Cultura,IFS-REPRODUCCIÓN ELEMENTOS ESCULTÓRICOS DE LA FUENTE DE LA SERENA,,60000.0,
2017,X10,Cultura,EQUIPAMIENTO CENTRO CULTURAL BUENAVISTA,,2953.09,2948.9
2017,X10,Cultura,CENTRO CULTURAL QUINTA DEL BERRO. INSTALACIONES DE SEGURIDAD,,19000.0,17303.61
2017,X10,Cultura,IFS-CENTRO CULTURAL PALACETE QUINTA DEL BERRO. ACONDICIONAMIENTO COCINA,,35000.0,
2017,X10,Cultura,IFS-CENTRO CULTURAL BUENAVISTA. MEJORA CLIMATIZACIÓN,,45000.0,
2017,X10,Cultura,"IFS-CENTRO CULTURAL BUENAVISTA. OBRAS DE MEJORA EN BIBLIOTECA, SALÓN DE ACTOS Y VARIOS",,40000.0,29178.48
2017,X10,Cultura,IFS-CENTRO CULTURAL QUINTA DEL BERRO. OBRAS ACONDICIONAMIENTO COCINA,,35000.0,
2017,X06,Urbanismo,,,147745.62,114528.54
2017,X06,Urbanismo,ADECUACIÓN VIALES Y ACCESIBILIDAD EN DISTRITO SALAMANCA,,147745.62,114528.54
2017,X07,Infraestructuras,,,1296990.09,705804.5
2017,X07,Infraestructuras,VÍA CICLISTA AVDA. TOREROS - CASTELLANA. CONSTRUCCIÓN,,151361.17,69242.58
2017,X07,Infraestructuras,IFS-VÍA CICLISTA AVDA. TOREROS - CASTELLANA. CONSTRUCCIÓN,,615628.92,615628.92
2017,X07,Infraestructuras,IFS-CRUCE O'DONNELL-ALCALÁ.HABILITACIÓN PASO BICICLETAS SENTIDO NORTE-SUR (ID: 3855),,50000.0,
2017,X07,Infraestructuras,IFS-CARRIL BICI C/ALCALÁ (VENTAS-MANUEL BECERRA). OBRAS DE MEJORA (ID: 4838),,230000.0,
2017,X07,Infraestructuras,IFS-PASARELA SOBRE TÚNEL DR.ESQUERDO.CONEXIÓN HERMOSILLA-Pº MAQUÉS DE ZAFRA(ID: 1768),,250000.0,20933.0
2017,X08,Mantenimiento urbano,,,2235688.17,210748.16
2017,X08,Mantenimiento urbano,PAVIMENTACIÓN CALZADAS BARRIOS EN DISTRITO SALAMANCA. FASE I,,34655.63,32599.34
2017,X08,Mantenimiento urbano,PAVIMENTACIÓN ACERAS BARRIOS EN DISTRITO SALAMANCA. FASE I,,80014.85,70088.07
2017,X08,Mantenimiento urbano,BARRIO DE GUINDALERA VIEJA. MEJORA DEL ENTORNO URBANO Y ACCESIBILIDAD UNIVERSAL,,693000.0,
2017,X08,Mantenimiento urbano,IFS-VIARIOS SALAMANCA. ACCESIBILIDAD Y CALIDAD URBANÍSTICA,,586000.0,
2017,X08,Mantenimiento urbano,IFS-BARRIO GUINDALERA VIEJA. ENTORNO URBANO Y ACCESIBILIDAD,,693000.0,
2017,X08,Mantenimiento urbano,HIDRANTES DISTRITO DE SALAMANCA. INSTALACIÓN,,4811.9,4811.9
2017,X08,Mantenimiento urbano,MOBILIARIO AREA MAYORES DISTRITO SALAMANCA. INSTALACIÓN,,67682.34,67682.33
2017,X08,Mantenimiento urbano,MICRO-INSTALACIONES DEPORTIVAS EN PARQUES DISTRITO DE SALAMANCA (ID: 540),,17444.09,
2017,X08,Mantenimiento urbano,MOBILIARIO URBANO EN ÁREAS INFANTILES DISTRITO SALAMANCA,,35566.52,35566.52
2017,X08,Mantenimiento urbano,RENOVACIÓN MOBILIARIO EN ÁREAS INFANTILES DISTRITO SALAMANCA,,23512.84,
2017,X09,Medio ambiente,,,3650687.71,498441.48
2017,X09,Medio ambiente,IFS-RIEGO EN AMPLIACIÓN ZONAS VERDES PARQUE DE LAS AVENIDAS Y AJARDINAMIENTO TALUD M30-PUENTE DE VENTAS,,350053.0,350053.0
2017,X09,Medio ambiente,CENTRO CULTURAL BUENAVISTA. PANELES SOLARES Y REFORMA INSTALACIÓN ELÉCTRICA,,40000.0,
2017,X09,Medio ambiente,INSTALACIÓN APARCABICIS PROXIMIDAD CENTROS EDUCATIVOS SALAMANCA (I.D. 3781),,4304.65,
2017,X09,Medio ambiente,INSTALACIÓN APARCABICIS EN CALZADA DISTRITO SALAMANCA (I.D.: 5038),,19370.91,
2017,X09,Medio ambiente,RIEGO EN AMPLIACIÓN ZONAS VERDES PARQUE DE LAS AVENIDAS Y AJARDINAMIENTO TALUD M30-PUENTE DE VENTAS,,53605.0,53604.83
2017,X09,Medio ambiente,IFS-INSTALACIÓN RIEGO EN AMPLIACIÓN ZONAS VERDES DEL PARQUE DE LAS AVENIDAS,,1316000.0,21000.0
2017,X09,Medio ambiente,"HUERTO URBANO PARQUE EVA PERON, DISTRITO DE SALAMANCA. ADECUACIÓN(ID: 3619)",,60000.0,1754.5
2017,X09,Medio ambiente,IFS-PARQUE BREOGÁN. OBRAS DE ADECUACIÓN Y MEJORA,,1666000.0,21175.0
2017,X09,Medio ambiente,NUEVOS ÁRBOLES EN LA AVENIDA DE LOS TOREROS DISTRITO DE SALAMANCA (ID: 5280),,15000.0,
2017,X09,Medio ambiente,ARBOLES EN LAS INTERSECCIONES DEL DISTRITO DE SALAMANCA (ID: 5394),,15000.0,
2017,X09,Medio ambiente,PARQUES CANINOS DISTRITO SALAMANCA. ADAPTACIÓN Y ACONDICIONAMIENTO (ID: 3305),,700.0,700.0
2017,X09,Medio ambiente,PUNTOS DE RECARGA DE VEHÍCULOS ELÉCTRICOS EN COMPLEJO JARDINES DEL DESCUBRIMIENTO,,60500.0,
2017,X09,Medio ambiente,PUNTOS DE RECARGA VEHÍCULOS ELÉCTRICOS. INSTALACIÓN DISTRITO SALAMANCA (ID: 27),,47855.9,47855.9
2017,X09,Medio ambiente,PUNTO RECARGA VEHÍCULOS ELÉCTRICOS EDIFICIO CENTRO DIAGNÓSTICO. INSTALACIÓN (ID: 27),,2298.25,2298.25
2017,X03,Protección y promoción social,,,373987.38,147994.71
2017,X03,Protección y promoción social,EQUIPAMIENTO CENTRO DE SERVICIOS SOCIALES GUINDALERA,,15000.0,12696.68
2017,X03,Protección y promoción social,IFS-CENTRO SERVICIOS SOCIALES GUINDALERA. REDISTRIBUCIÓN DE ESPACIOS Y MEJORA CONDICIONES Y ACCESIBILIDA,,77927.67,77857.53
2017,X03,Protección y promoción social,"IFS-RESIDENCIA ENFERMOS ALZHEIMER MARGARITA RETUERTO, C/FRANCISCO ALTIMIRAS,2. ADAPTACIÓN",,90000.0,
2017,X03,Protección y promoción social,IFS-CENTRO SERVICIOS SOCIALES LA GUINDALERA. PANELES FOTOVOLTAICOS Y REFORMA INSTALACIÓN ELÉCTRICA,,80000.0,
2017,X03,Protección y promoción social,CENTRO SERVICIOS SOCIALES GUINDALERA. BUTACAS PARA EL SALÓN DE ACTOS,,21000.0,19026.04
2017,X03,Protección y promoción social,CENTRO SERVICIOS SOCIALES GUINDALERA. ADECUACIÓN CLIMATIZACIÓN SALÓN DE ACTOS,,40059.71,38414.46
2017,X03,Protección y promoción social,CENTRO SERVICIOS SOCIALES GUINDALERA. OBRAS DE ADECUACIÓN SEGURIDAD Y ACCESIBILIDAD,,50000.0,
2017,X11,"Deportes, juventud y esparcimiento",,,1827305.44,200575.45
2017,X11,"Deportes, juventud y esparcimiento",DEPORTIVO BÁSICO TORRESPAÑA-FUENTE DEL BERRO.OBRAS REGLAMENTO ELECTROTÉCNICO DE BAJA TENSIÓN,,35336.92,35325.91
2017,X11,"Deportes, juventud y esparcimiento","IFS-GIMNASIO MOSCARDÓ C/PILAR DE ZARAGOZA, 93. OBRAS DE REFORMA Y MEJORA EN LA PISCINA",,700000.0,
2017,X11,"Deportes, juventud y esparcimiento",CENTRO DEPORTIVO GIMNASIO MOSCARDÓ. MATERIAL DE EXPLORACIÓN Y DIAGNÓSTICO,,14520.0,10012.75
2017,X11,"Deportes, juventud y esparcimiento","ESPACIO JUVENIL PARA ENSAYOS MUSICALES, C/NUDO M-30. ADECUACIÓN (ID: 4565)",,50000.0,
2017,X11,"Deportes, juventud y esparcimiento",PARQUE EVA DUARTE. ADECUACIÓN ZONA DEPORTIVA Y DE OCIO PARA JÓVENES (ID: 4689),,70000.0,
2017,X11,"Deportes, juventud y esparcimiento",EQUIPAMIENTO CENTRO DEPORTIVO GIMNASIO MOSCARDÓ,,1013.88,857.49
2017,X11,"Deportes, juventud y esparcimiento",OBRAS DE CONSERVACION INSTALACIONES DEPORTIVAS DISTRITO DE SALAMANCA,,335000.0,
2017,X11,"Deportes, juventud y esparcimiento",CENTRO DEPORTIVO GIMNASIO MOSCARDÓ. PANELES SOLARES PARA AGUA CALIENTE SANITARIA,,111349.78,110648.17
2017,X11,"Deportes, juventud y esparcimiento",CENTRO DEPORTIVO GIMNASIO MOSCARDÓ. REPARACIÓN PABELLÓN PRINCIPAL,,35923.41,34232.63
2017,X11,"Deportes, juventud y esparcimiento",DEPORTIVO BÁSICO BOSTON. OBRAS DE REPARACIÓN EN CUBIERTA,,82726.81,
2017,X11,"Deportes, juventud y esparcimiento",DEPORTIVO BÁSICO BOSTON. ADECUACIÓN PORTERÍAS,,1434.64,
2017,X11,"Deportes, juventud y esparcimiento",IFS-DEPORTIVO BÁSICO EVA DUARTE. ACONDICIONAMIENTO VESTUARIOS Y ZONAS DE OFICINA,,100000.0,
2017,X11,"Deportes, juventud y esparcimiento",IFS-CENTRO DEPORTIVO BREOGÁN. ACONDICIONAMIENTO VESTUARIOS Y ZONAS OFICINA,,100000.0,
2017,X11,"Deportes, juventud y esparcimiento",IFS-GIMNASIO MOSCARDÓ. ADECUACIÓN SISTEMAS DE AGUA CALIENTE SANITARIA Y CALEFACCIÓN,,60000.0,9498.5
2017,X11,"Deportes, juventud y esparcimiento","IFS-GIMNASIO MOSCARDÓ. ADECUACIÓN ZONAS EXTERIORES, PABELLÓN BALONCESTO Y VARIOS",,70000.0,
2017,X11,"Deportes, juventud y esparcimiento",IFS-GIMNASIO MOSCARDÓ. ADECUACIÓN PISCINA,,60000.0,
2017,X12,Otros bienes públicos de carácter social,,,4880.12,4880.12
2017,X12,Otros bienes públicos de carácter social,EQUIPAMIENTO OFICINA ATENCIÓN AL CIUDADANO LÍNEA MADRID DISTRITO SALAMANCA,,4880.12,4880.12
2017,X05,Educación,,,585463.91,292190.4
2017,X05,Educación,EQUIPAMIENTO ESCUELA INFANTIL RUIZ JIMÉNEZ,,463.91,463.91
2017,X05,Educación,OBRAS DE CONSERVACION CENTROS DOCENTES DE ENSEÑANZA DISTRITO DE SALAMANCA,,167626.98,
2017,X05,Educación,COLEGIO PÚBLICO REINA VICTORIA. INSTALACIÓN ENERGÍA SOLAR Y OTROS,,27071.35,24655.22
2017,X05,Educación,"COLEGIO PÚBLICO GUINDALERA. ACONDICIONAMIENTO FACHADAS, CUBIERTAS Y OTRAS",,80000.0,75617.39
2017,X05,Educación,"COLEGIO PÚBLICO AMADOR DE LOS RÍOS. ADECUACIÓN RED DE SANEAMIENTO, ACCESOS Y OTRAS",,60201.96,11176.99
2017,X05,Educación,ESCUELA INFANTIL RUIZ JIMÉNEZ. CONSERVACIÓN REVESTIMIENTOS VERTICALES Y OTRAS,,30099.71,30099.71
2017,X05,Educación,COLEGIO PÚBLICO REINA VICTORIA. CONSERVACIÓN FACHADAS INTERIORES Y OTRAS,,35000.0,
2017,X05,Educación,ESCUELA INFANTIL RUIZ JIMÉNEZ. OBRAS EN FACHADA Y CUBIERTA,,150000.0,123694.51
2017,X05,Educación,IFS-COLEGIO PÚBLICO REINA VICTORIA. OBRAS DE CONSERVACIÓN FACHADAS,,35000.0,26482.67
2017,X00,Inversiones de carácter general,,,349342.9,11241.66
2017,X00,Inversiones de carácter general,OBRAS DE CONSERVACIÓN EDIFICIOS DISTRITO DE SALAMANCA,,117521.91,
2017,X00,Inversiones de carácter general,SISTEMA INTEGRAL GRABACIÓN Y REPRODUCCIÓN SESIONES PLENARIAS DISTRITO SALAMANCA,,4819.77,4819.77
2017,X00,Inversiones de carácter general,EQUIPAMIENTO SERVICIOS ADMINISTRATIVOS DISTRITO SALAMANCA,,2001.22,2000.89
2017,X00,Inversiones de carácter general,EDIFICIO SEDE DISTRITO DE SALAMANCA. INSTALACIONES DE SEGURIDAD,,5000.0,4421.0
2017,X00,Inversiones de carácter general,IFS-EDIFICIO SEDE DISTRITO DE SALAMANCA. ACCESIBILIDAD Y MEJORAS EN PLANTA BAJA,,50000.0,
2017,X00,Inversiones de carácter general,IFS-EDIFICIO SEDE DISTRITO DE SALAMANCA. MEJORA CLIMATIZACIÓN,,70000.0,
2017,X00,Inversiones de carácter general,IFS-EDIFICIO SEDE SALAMANCA. MEJORA ACCESIBILIDAD Y CONDICIONES DE UTILIZACIÓN PLANTA BAJA,,30000.0,
2017,X00,Inversiones de carácter general,IFS-EDIFICIO SEDE DISTRITO DE SALAMANCA. OBRAS DE MEJORA DE LA CLIMATIZACIÓN,,70000.0,
2017,X04,Salud pública,,,589230.6,342736.0
2017,X04,Salud pública,"CENTRO DE SALUD DISTRITO SALAMANCA, C/FUNDADORES, 26. CONSTRUCCIÓN",,55500.0,
2017,X04,Salud pública,"LABORATORIO ANÁLISIS CLÍNICOS, C/ MONTESA, 22. EDIFICIO A. ADQUISICIÓN MAQUINARIA",,5224.09,5224.09
2017,X04,Salud pública,"SERVICIO DE FARMACIA, C/ MONTESA 22  EDIFICIO A. ADQUISICIÓN DE MAQUINARIA",,13116.28,13116.28
2017,X04,Salud pública,"COMPLEJO SANITARIO C/ MONTESA, 22. REFORMA SISTEMA ELÉCTRICO",,493618.94,302624.34
2017,X04,Salud pública,"SECCIÓN ESPECIALIDADES MÉDICAS, C/ MONTESA, 22. EDIFICIO A. ADQUISICIÓN MAQUINARIA",,21771.29,21771.29
2017,X02,"Tráfico, estacionamiento y transporte público",,,100000.0,
2017,X02,"Tráfico, estacionamiento y transporte público",CRUCE GOYA/ALCALÁ: SEMÁFORO SÓLO PEATÓN Y BICI TODAS DIRECCIONES. VIALES (ID: 2642),,100000.0,
2017,X14,Sectores productivos,,,110500.0,
2017,X14,Sectores productivos,EQUIPAMIENTO ESPACIO SOCIOCULTURAL EN EL MERCADO LA GUINDALERA (ID: 4622),,50000.0,
2017,X14,Sectores productivos,IFS-MERCADO DE LA GUINDALERA. OBRAS DE ACCESIBILIDAD Y SUPRESIÓN DE BARRERAS,,60500.0,
2018,X01,Protección Civil y seguridad ciudadana,,,322899.95,319667.09
2018,X01,Protección Civil y seguridad ciudadana,"PARQUE BOMBEROS Nº2, SALAMANCA. INSTALACIONES DE CLIMATIZACIÓN",,7617.0,7616.53
2018,X01,Protección Civil y seguridad ciudadana,"IFS-PARQUE DE BOMBEROS Nº 2, C/RUFINO BLANCO. SISTEMA DE ALIMENTACIÓN ININTERRUMPIDA",,6000.0,5804.37
2018,X01,Protección Civil y seguridad ciudadana,"PARQUE DE BOMBEROS Nº 2, C/ RUFINO BLANCO, 2. REPOSICIÓN OTRO MOBILIARIO Y ENSERES",,235.95,235.95
2018,X01,Protección Civil y seguridad ciudadana,"IFS-PARQUE BOMBEROS Nº 2, C/ RUFINO BLANCO, 2. OBRAS DE MEJORA ASCENSORES Y PORTONES",,309047.0,306010.24
2018,X10,Cultura,,,282462.76,177168.23
2018,X10,Cultura,BIBLIOTECA PÚBLICA BUENAVISTA. EQUIPOS DE COMUNICACIÓN,,165.99,165.99
2018,X10,Cultura,EQUIPAMIENTO CENTRO CULTURAL BUENAVISTA,,1113.2,1113.2
2018,X10,Cultura,IFS-CENTRO CULTURAL BUENAVISTA. MEJORA CLIMATIZACIÓN,,37522.89,37451.8
2018,X10,Cultura,IFS-CENTRO CULTURAL QUINTA DEL BERRO. OBRAS ACONDICIONAMIENTO COCINA,,16559.31,16475.42
2018,X10,Cultura,IFS-CENTRO CULTURAL BUENAVISTA. PANELES FOTOVOLTAICOS Y REFORMA ELÉCTRICA (ID: 1517),,50000.0,48718.4
2018,X10,Cultura,EQUIPAMIENTO CENTRO CULTURAL RAFAEL ALTAMIRA,,4457.07,3552.65
2018,X10,Cultura,CENTRO CULTURAL BUENAVISTA. MOBILIARIO Y EQUIPOS DE OFICINA,,904.0,903.87
2018,X10,Cultura,IFS-CENTRO CULTURAL BUENAVISTA. MEJORA DE CLIMATIZACIÓN,,91740.3,68786.9
2018,X10,Cultura,IFS-CENTRO CULTURAL BUENAVISTA. OBRAS EXTERIORES Y DE MEJORA DE LA ACCESIBILIDAD Y OTRAS,,50000.0,
2018,X10,Cultura,IFS-CENTRO CULTURAL QUINTA DEL BERRO. OBRAS DE MEJORAS VARIAS Y ACCESIBILIDAD,,30000.0,
2018,X06,Urbanismo,,,3025336.9,58979.94
2018,X06,Urbanismo,ADECUACIÓN VIALES Y ACCESIBILIDAD EN DISTRITO SALAMANCA,,33217.07,33217.07
2018,X06,Urbanismo,"C/ JUAN BRAVO, 3B-3C C/V.LAGASCA C/V.MALDONADO. OBRAS ACCESORIAS DE URBANIZACIÓN",,225619.83,25762.87
2018,X06,Urbanismo,"IFS-C/FRANCISCO SILVELA, COSLADA Y OTRAS DE GUINDALERA.ACCESIBILIDAD Y CALIDAD ESPACIO PÚBLICO",,459000.0,
2018,X06,Urbanismo,"IFS-ENTORNO PZA.BOSTÓN, PARQUE INFANTIL Y COLEGIO PÚBLICO GUINDALERA. OBRAS MEJORA URBANA",,449000.0,
2018,X06,Urbanismo,IFS-ENTORNO PLAZA BASILEA. OBRAS DE MEJORA URBANA,,469500.0,
2018,X06,Urbanismo,IFS-ENTORNO Pº MARQUÉS DE ZAFRA Y C/ AZULEJO. OBRAS DE MEJORA URBANA,,150000.0,
2018,X06,Urbanismo,IFS-ENTORNO C/ BOCÁNGEL Y DEMETRIO SÁNCHEZ. OBRAS DE MEJORA URBANA,,156000.0,
2018,X06,Urbanismo,IFS-CORREDOR PEATONAL EN LA CALLE BEJAR. OBRAS DE ADAPTACIÓN (ID: 398),,718000.0,
2018,X06,Urbanismo,IFS-C/ RAMÓN AGUINAGA Y OTRAS Bº FUENTE DEL BERRO. MEJORA URBANA PARA ADAPTACIÓN PLAZA ID: 2735),,365000.0,
2018,X07,Infraestructuras,,,3997023.69,3922762.73
2018,X07,Infraestructuras,VÍA CICLISTA AVDA. TOREROS - CASTELLANA. CONSTRUCCIÓN,,82118.59,71803.19
2018,X07,Infraestructuras,IFS-PASARELA SOBRE TÚNEL DR.ESQUERDO.CONEXIÓN HERMOSILLA-Pº MAQUÉS DE ZAFRA(ID: 1768),,226757.32,162811.76
2018,X07,Infraestructuras,CALLE 30. REHABILITACIÓN PUENTE DE LA PAZ (PARQUE AVENIDAS A TANATORIO),,1993754.22,1993754.22
2018,X07,Infraestructuras,CALLE 30. REHABILITACIÓN DE LOS PUENTES DE O'DONNELL,,1694393.56,1694393.56
2018,X08,Mantenimiento urbano,,,1092616.25,355712.0
2018,X08,Mantenimiento urbano,PAVIMENTACIÓN CALZADAS BARRIOS EN DISTRITO SALAMANCA. FASE I,,1760.02,1760.02
2018,X08,Mantenimiento urbano,PAVIMENTACIÓN ACERAS BARRIOS EN DISTRITO SALAMANCA. FASE I,,9926.78,9926.78
2018,X08,Mantenimiento urbano,IFS-VIARIOS SALAMANCA. ACCESIBILIDAD Y CALIDAD URBANÍSTICA,,585996.73,306013.28
2018,X08,Mantenimiento urbano,IFS-BARRIO GUINDALERA VIEJA. ENTORNO URBANO Y ACCESIBILIDAD,,489653.68,32732.88
2018,X08,Mantenimiento urbano,HIDRANTES EN EL DISTRITO DE SALAMANCA. INSTALACIÓN,,5279.04,5279.04
2018,X09,Medio ambiente,,,3345051.34,1900880.08
2018,X09,Medio ambiente,IFS-INSTALACIÓN RIEGO EN AMPLIACIÓN ZONAS VERDES DEL PARQUE DE LAS AVENIDAS,,1250000.0,849884.88
2018,X09,Medio ambiente,IFS-PARQUE BREOGÁN. OBRAS DE ADECUACIÓN Y MEJORA,,1591306.95,1012714.46
2018,X09,Medio ambiente,IFS-REHABILITACIÓN DEL VIAJE DE AGUA DE FUENTE DEL BERRO,,464000.0,17494.18
2018,X09,Medio ambiente,FUENTES DE AGUA POTABLE DISTRITO SALAMANCA. INSTALACIÓN (ID: 558),,18957.82,
2018,X09,Medio ambiente,ACONDICIONAMIENTO PARCELAS PARA HUERTOS URBANOS DISTRITO SALAMANCA,,18010.83,18010.82
2018,X09,Medio ambiente,HUERTO EN PARQUE SANCHO DÁVILA. ADQUISICIÓN DE HERRAMIENTAS,,416.24,416.24
2018,X09,Medio ambiente,HUERTO EN PARQUE SANCHO DÁVILA. ADQUISICIÓN ARMARIOS DE COMPOSTAJE,,2359.5,2359.5
2018,X03,Protección y promoción social,,,294939.75,229777.46
2018,X03,Protección y promoción social,EQUIPAMIENTO CENTRO SERVICIOS SOCIALES GUINDALERA,,11268.95,8995.96
2018,X03,Protección y promoción social,"IFS-RESIDENCIA ENFERMOS ALZHEIMER MARGARITA RETUERTO, C/FRANCISCO ALTIMIRAS,2. ADAPTACIÓN",,89998.86,89993.01
2018,X03,Protección y promoción social,IFS-CENTRO SERVICIOS SOCIALES LA GUINDALERA. PANELES FOTOVOLTAICOS Y REFORMA INSTALACIÓN ELÉCTRICA,,79963.23,79868.81
2018,X03,Protección y promoción social,CENTRO SERVICIOS SOCIALES GUINDALERA. OBRAS DE ADECUACIÓN SEGURIDAD Y ACCESIBILIDAD,,51458.55,48669.95
2018,X03,Protección y promoción social,CENTRO DE SERVICIOS SOCIALES GUINDALERA. MOBILIARIO Y EQUIPOS DE OFICINA,,1458.0,1457.57
2018,X03,Protección y promoción social,CENTRO DE SERVICIOS SOCIALES GUINDALERA. SUBSANACIÓN DEFICIENCIAS ELÉCTRICAS,,792.16,792.16
2018,X03,Protección y promoción social,IFS-CENTRO SERVICIOS SOCIALES GUINDALERA. ACONDICIONAMIENTO VESTUARIOS Y VARIOS,,30000.0,
2018,X03,Protección y promoción social,IFS-CENTRO SERVICIOS SOCIALES GUINDALERA. MEJORAS ACCESIBILIDAD PARA ADAPTACIÓN A NORMATIVA,,30000.0,
2018,X11,"Deportes, juventud y esparcimiento",,,1774293.4,1224074.12
2018,X11,"Deportes, juventud y esparcimiento","IFS-GIMNASIO MOSCARDÓ C/PILAR DE ZARAGOZA, 93. OBRAS DE REFORMA Y MEJORA EN LA PISCINA",,697317.53,697317.52
2018,X11,"Deportes, juventud y esparcimiento","ESPACIO JUVENIL PARA ENSAYOS MUSICALES, C/NUDO M-30. ADECUACIÓN (ID: 4565)",,41778.0,38834.42
2018,X11,"Deportes, juventud y esparcimiento",EQUIPAMIENTO CENTRO DEPORTIVO GIMNASIO MOSCARDÓ,,3247.93,3247.93
2018,X11,"Deportes, juventud y esparcimiento",IFS-DEPORTIVO BÁSICO EVA DUARTE. ACONDICIONAMIENTO VESTUARIOS Y ZONAS DE OFICINA,,99820.27,92689.78
2018,X11,"Deportes, juventud y esparcimiento",IFS-CENTRO DEPORTIVO BREOGÁN. ACONDICIONAMIENTO VESTUARIOS Y ZONAS OFICINA,,99559.98,98754.64
2018,X11,"Deportes, juventud y esparcimiento",DEPORTIVO BÁSICO EVA DUARTE. OBRAS DE ADECUACIÓN DE INSTALACIONES,,17685.0,17683.95
2018,X11,"Deportes, juventud y esparcimiento",DEPORTIVO BÁSICO BOSTON. ADECUACIÓN PISTAS,,42519.0,41987.17
2018,X11,"Deportes, juventud y esparcimiento",DEPORTIVO BÁSICO BREOGÁN. OBRAS DE REPARACIÓN,,1238.36,1238.36
2018,X11,"Deportes, juventud y esparcimiento",CENTRO DEPORTIVO MOSCARDÓ. ADAPTACIÓN NORMATIVA ELÉCTRICA,,3182.31,3182.31
2018,X11,"Deportes, juventud y esparcimiento","DEPORTIVO BÁSICO BOSTÓN. ACONDICIONAMIENTO VESTUARIOS, OFICINA Y ESPACIO EXTERIOR",,107847.9,107516.15
2018,X11,"Deportes, juventud y esparcimiento",DEPORTIVO BÁSICO EVA DUARTE. REPARACIÓN ESTRUCTURAL Y SUSTITUCIÓN CUBIERTA,,26721.51,26609.92
2018,X11,"Deportes, juventud y esparcimiento",IFS-GIMNASIO MOSCARDÓ. EXIGENCIAS INSPECCIÓN TÉCNICA EDIFICIOS EN FACHADAS Y OTRAS,,90000.0,
2018,X11,"Deportes, juventud y esparcimiento",IFS-GIMNASIO MOSCARDÓ. OBRAS MEJORA ACESIBILIDAD Y REPARACIÓN ESPACIO LIBRE PARCELA,,110000.0,
2018,X11,"Deportes, juventud y esparcimiento",IFS-GIMANSIO MOSCARDÓ. MEJORA SISTEMAS DISTRIBUCIÓN AGUA FRÍA Y CALIENTE SANITARIA,,71500.0,26862.74
2018,X11,"Deportes, juventud y esparcimiento",IFS-DEPORTIVO BÁSICO EVA DUARTE.MEJORA PISTAS EXTERIORES PÁDEL Y NORMATIVA ELÉCTRICA,,70000.0,
2018,X11,"Deportes, juventud y esparcimiento",IFS-DEPORTIVO BÁSICO BREOGÁN. RENOVACIÓN PISTAS DE PÁDEL 1 Y 2,,45000.0,
2018,X11,"Deportes, juventud y esparcimiento",IFS-DEPORTIVO BÁSICO TORRESPAÑA.MEJORA HABITABILIDAD EDIFICIO PRINCIPAL Y REPARACIÓN HUMEDADES,,30000.0,
2018,X11,"Deportes, juventud y esparcimiento",IFS-DEPORTIVO BÁSICO EVA DUARTE. ADAPTACIÓN PISTA DE SKATE EN ACTUAL PISTA DE PATINAJE (ID17: 4689),,97000.0,
2018,X11,"Deportes, juventud y esparcimiento",IFS-DEPORTIVO BÁSICO BOSTON. OBRAS DE REPARACIÓN EN CUBIERTA,,77356.94,68149.23
2018,X11,"Deportes, juventud y esparcimiento",IFS-OBRAS DE CONSERVACION INSTALACIONES DEPORTIVAS DISTRITO DE SALAMANCA,,42518.67,
2018,X05,Educación,,,297948.91,155128.15
2018,X05,Educación,EQUIPAMIENTO ESCUELA INFANTIL RUIZ JIMÉNEZ,,3673.17,3673.17
2018,X05,Educación,COLEGIO PÚBLICO REINA VICTORIA. OBRAS DE CONSERVACIÓN,,7729.18,7727.29
2018,X05,Educación,OBRAS DE CONSERVACION CENTROS DOCENTES DE ENSEÑANZA DISTRITO DE SALAMANCA,,77495.94,
2018,X05,Educación,OTRO EQUIPAMIENTO ESCUELA INFANTIL RUÍZ JIMÉNEZ,,1016.04,1016.04
2018,X05,Educación,ESCUELA INFANTIL RUIZ JIMÉNEZ. OBRAS DE ACONDICIONAMIENTO,,47767.68,40349.56
2018,X05,Educación,ESCUELA INFANTIL RUIZ JIMÉNEZ. OBRAS DE ACONDICIONAMIENTO PATIO EXTERIOR Y OTRAS,,57007.2,56688.98
2018,X05,Educación,IFS-COLEGIO PÚBLICO GUINDALERA. ACCESIBILIDAD Y HABITABILIDAD EDIFICIO INFANTIL Y PRIMARIA,,35000.0,12001.69
2018,X05,Educación,IFS-COLEGIO PÚBLICO GUINDALERA. OBRAS CONSERVACIÓN PATIO INFANTIL CON MEJORA ACCESIBILIDAD,,68259.7,33671.42
2018,X00,Inversiones de carácter general,,,2804507.83,518343.71
2018,X00,Inversiones de carácter general,EQUIPAMIENTO SERVICIOS ADMINISTRATIVOS DISTRITO SALAMANCA,,12690.13,5218.06
2018,X00,Inversiones de carácter general,IFS-EDIFICIO SEDE DISTRITO DE SALAMANCA. ACCESIBILIDAD Y MEJORAS EN PLANTA BAJA,,35264.65,28718.95
2018,X00,Inversiones de carácter general,IFS-EDIFICIO SEDE DISTRITO DE SALAMANCA. OBRAS DE MEJORA DE LA CLIMATIZACIÓN,,69922.72,69922.71
2018,X00,Inversiones de carácter general,"IFS-EDIFICIO C/ NÚÑEZ DE BALBOA, 40. REFORMA PARA IMPLANTACIÓN OFICINAS MUNICIPALES",,2502000.0,395729.65
2018,X00,Inversiones de carácter general,EDIFICIO SEDE DISTRITO SALAMANCA. INSTALACIONES DE CLIMATIZACIÓN,,21577.0,10786.61
2018,X00,Inversiones de carácter general,SERVICIOS ADMINISTRATIVOS DISTRITO SALAMANCA. EQUIPOS PARA PROCESO DE DATOS,,821.59,821.59
2018,X00,Inversiones de carácter general,EDIFICIO SEDE DISTRITO DE SALAMANCA. OBRAS DE MEJORA DE LA CLIMATIZACIÓN,,3235.27,3235.27
2018,X00,Inversiones de carácter general,OBRAS DE CONSERVACIÓN EDIFICIOS DISTRITO  SALAMANCA,,80084.64,
2018,X00,Inversiones de carácter general,EDIFICIO SEDE DISTRITO DE SALAMANCA. SUBSANACIÓN DEFICIENCIAS ELÉCTRICAS,,3911.83,3910.87
2018,X00,Inversiones de carácter general,IFS-EDIFICIO SEDE DISTRITO SALAMANCA. MEJORA DE LA ACCESIBILIDAD,,40000.0,
2018,X00,Inversiones de carácter general,IFS-EDIFICIO SEDE DISTRITO SALAMANCA. OBRAS DE ACONDICIONAMIENTO PUNTUAL Y EXTERIORES,,35000.0,
2018,X04,Salud pública,,,6501.57,6501.57
2018,X04,Salud pública,"SERVICIO DE FARMACIA, C/ MONTESA, 22 EDIFICIO A. ADQUISICIÓN DE MAQUINARIA",,2595.45,2595.45
2018,X04,Salud pública,"SECCIÓN ESPECIALIDADES MÉDICAS, C/  MONTESA, 22. EDIFICIO A. ADQUISICIÓN MAQUINARIA",,937.75,937.75
2018,X04,Salud pública,"CENTRO PROMOCIÓN DE HÁBITOS SALUDABLES, C/MONTESA, 22. EDIFICIO C. MAQUINARIA",,1068.67,1068.67
2018,X04,Salud pública,"CENTRO DE SALUD INTERNACIONAL, C/ MONTESA, 22. EDIFICIO A. ADQUISICIÓN MAQUINARIA",,1899.7,1899.7
2018,X14,Sectores productivos,,,87166.76,74846.48
2018,X14,Sectores productivos,IFS-MERCADO DE LA GUINDALERA. OBRAS DE ACCESIBILIDAD Y SUPRESIÓN DE BARRERAS,,45166.76,45166.76
2018,X14,Sectores productivos,IFS-MERCADO DE LA GUINDALERA. OBRAS DE ADAPTACIÓN ASEO ACCESIBLE,,42000.0,29679.72
2019,X01,Protección Civil y seguridad ciudadana,,,5200.0,
2019,X01,Protección Civil y seguridad ciudadana,IFS-BARANDILLA AUTOPORTANTE EN EDIFICIO C/ PEDRO HEREDIA 50,,5200.0,
2019,X10,Cultura,,,263812.82,157319.54
2019,X10,Cultura,EQUIPAMIENTO CENTRO CULTURAL RAFAEL ALTAMIRA,,856.38,856.38
2019,X10,Cultura,IFS-CENTRO CULTURAL BUENAVISTA. MEJORA DE CLIMATIZACIÓN,,22879.53,22879.36
2019,X10,Cultura,IFS-CENTRO CULTURAL BUENAVISTA. OBRAS EXTERIORES Y DE MEJORA DE LA ACCESIBILIDAD Y OTRAS,,49944.98,38883.15
2019,X10,Cultura,IFS-CENTRO CULTURAL QUINTA DEL BERRO. OBRAS DE MEJORAS VARIAS Y ACCESIBILIDAD,,29998.61,29723.46
2019,X10,Cultura,IFS-FUENTE DE LA SERENA. RESTAURACIÓN Y REPRODUCCIÓN ELEMENTOS ESCULTORICOS,,18150.0,17865.46
2019,X10,Cultura,CENTRO CULTURAL QUINTA DEL BERRO. OBRAS DE MEJORAS VARIAS Y ACCESIBILIDAD,,1983.32,1983.32
2019,X10,Cultura,IFS-CENTRO CULTURAL QUINTA FUENTE DEL BERRO. ADECUACIÓN CLIMATIZACIÓN Y LÍNEAS DE VIDA,,80000.0,
2019,X10,Cultura,IFS-CENTRO CULTURAL BUENAVISTA. MEJORA DE LA SALA DE CALDERAS Y CLIMATIZACIÓN,,60000.0,45128.41
2019,X06,Urbanismo,,,4677639.32,621363.92
2019,X06,Urbanismo,"C/ JUAN BRAVO, 3B-3C C/V.LAGASCA C/V.MALDONADO. OBRAS ACCESORIAS DE URBANIZACIÓN",,199856.96,145588.03
2019,X06,Urbanismo,"IFS-C/FRANCISCO SILVELA, COSLADA Y OTRAS DE GUINDALERA.ACCESIBILIDAD Y CALIDAD ESPACIO PÚBLICO",,397796.33,208794.86
2019,X06,Urbanismo,"IFS-ENTORNO PZA.BOSTÓN, PARQUE INFANTIL Y COLEGIO PÚBLICO GUINDALERA. OBRAS MEJORA URBANA",,8777.23,8777.23
2019,X06,Urbanismo,IFS-ENTORNO PLAZA BASILEA. OBRAS DE MEJORA URBANA,,11090.09,11090.09
2019,X06,Urbanismo,IFS-ENTORNO Pº MARQUÉS DE ZAFRA Y C/ AZULEJO. OBRAS DE MEJORA URBANA,,4345.76,
2019,X06,Urbanismo,IFS-ENTORNO C/ BOCÁNGEL Y DEMETRIO SÁNCHEZ. OBRAS DE MEJORA URBANA,,3067.11,
2019,X06,Urbanismo,IFS-CORREDOR PEATONAL EN LA CALLE BEJAR. OBRAS DE ADAPTACIÓN (ID: 398),,595362.87,242170.74
2019,X06,Urbanismo,"SKATE PLAZA EN LOS JARDINES DEL DESCUBRIMIENTO, PLAZA DE COLÓN. INSTALACIÓN",,3400.0,
2019,X06,Urbanismo,IFS-C/ RAMÓN AGUINAGA Y OTRAS Bº FUENTE DEL BERRO. MEJORA URBANA PARA ADAPTACIÓN PLAZA (ID: 2735),,4942.97,4942.97
2019,X06,Urbanismo,"IFS-ENTORNO PLAZA DE BOSTON.MEJORA ESPACIO URBANO,ACERAS,ZONAS VERDES INFANTILES",,535000.0,
2019,X06,Urbanismo,"IFS-ENTORNO PLAZA BASILEA. MEJORA ESPACIO URBANO,HUERTO URBANO,JUEGOS INFANTILES",,620000.0,
2019,X06,Urbanismo,"IFS-ENTORNO CALLES RAMÓN AGUINAGA,RUFINO BLANCO,VIZCONDE MATAMALA.MEJORA URBANA",,465000.0,
2019,X06,Urbanismo,IFS-ENTORNO PASEO MARQUÉS DE ZAFRA Y AZULEJO.MEJORA ESPACIO URBANO,,239000.0,
2019,X06,Urbanismo,"IFS-ENTORNO CALLE MÉJICO. MEJORA ENTORNO URBANO, ACCESIBILIDAD",,450000.0,
2019,X06,Urbanismo,IFS-BARRIO GUINDALERA. OBRAS MEJORA CRUCES,,80000.0,
2019,X06,Urbanismo,"IFS-ENTORNO CALLES ARDEMANS Y FERRER DEL RÍO.MEJORA ACCESIBILIDAD,ESPACIO PÚBLICO",,350000.0,
2019,X06,Urbanismo,IFS-ENTORNO DEL PARQUE FUENTE DEL BERRO. OBRAS DE MEJORA (ID: 8672),,250000.0,
2019,X06,Urbanismo,IFS-ACERAS DEL BARRIO DE FUENTE DEL BERRO. OBRAS DE AMPLIACIÓN (ID: 9917),,460000.0,
2019,X07,Infraestructuras,,,84961.58,84006.79
2019,X07,Infraestructuras,CALLE 30. REHABILITACIÓN DE LOS PUENTES DE O'DONNELL,,68680.4,68680.4
2019,X07,Infraestructuras,PASARELA SOBRE TÚNEL DR.ESQUERDO.CONEXIÓN HERMOSILLA-Pº MAQUÉS DE ZAFRA(ID: 1768),,16281.18,15326.39
2019,X08,Mantenimiento urbano,,,390897.04,122220.85
2019,X08,Mantenimiento urbano,PAVIMENTACIÓN CALZADAS BARRIOS EN DISTRITO SALAMANCA. FASE I,,2604.94,2604.94
2019,X08,Mantenimiento urbano,HIDRANTES DISTRITO DE SALAMANCA. INSTALACIÓN,,5874.28,5874.28
2019,X08,Mantenimiento urbano,VIARIOS SALAMANCA. ACCESIBILIDAD Y CALIDAD URBANÍSTICA,,181604.58,
2019,X08,Mantenimiento urbano,BARRIO GUINDALERA VIEJA. ENTORNO URBANO Y ACCESIBILIDAD,,152133.24,113741.63
2019,X08,Mantenimiento urbano,"CANTÓN DE LIMPIEZA C/ JORGE JUAN, 48. SUBSANACIÓN PATOLOGÍAS",,48680.0,
2019,X09,Medio ambiente,,,739232.08,578134.88
2019,X09,Medio ambiente,IFS-REHABILITACIÓN DEL VIAJE DE AGUA DE FUENTE DEL BERRO,,386479.31,328443.85
2019,X09,Medio ambiente,FUENTES DE AGUA POTABLE DISTRITO SALAMANCA. INSTALACIÓN (ID: 558),,36572.95,33096.02
2019,X09,Medio ambiente,INSTALACIÓN RIEGO EN AMPLIACIÓN ZONAS VERDES DEL PARQUE DE LAS AVENIDAS,,99407.0,99406.59
2019,X09,Medio ambiente,PARQUE BREOGÁN. OBRAS DE ADECUACIÓN Y MEJORA,,107193.82,107193.82
2019,X09,Medio ambiente,IFS-PARQUE QUINTA FUENTE DEL BERRO.  PANTALLA ACÚSTICA,,64500.0,9994.6
2019,X09,Medio ambiente,ÁRBOLES Y EN LA PLAZA DE FELIPE II. PLANTACIÓN (ID: 9815),,25079.0,
2019,X09,Medio ambiente,PARQUE EVA PERÓN. ADECUACIÓN ÁREAS INFANTILES E ILUMINACIÓN (ID: 11241),,20000.0,
2019,X03,Protección y promoción social,,,212611.85,49113.33
2019,X03,Protección y promoción social,EQUIPAMIENTO CENTRO SERVICIOS SOCIALES GUINDALERA,,3394.73,3301.18
2019,X03,Protección y promoción social,IFS-CENTRO SERVICIOS SOCIALES GUINDALERA. ACONDICIONAMIENTO VESTUARIOS Y VARIOS,,29921.22,27238.98
2019,X03,Protección y promoción social,IFS-CENTRO SERVICIOS SOCIALES GUINDALERA. MEJORAS ACCESIBILIDAD PARA ADAPTACIÓN A NORMATIVA,,16566.87,16196.11
2019,X03,Protección y promoción social,CENTRO DE DÍA Y ALZHEIMER MARGARITA RETUERTO. SUBSANACIÓN PATOLOGÍAS,,51320.0,
2019,X03,Protección y promoción social,CENTRO DE SERVICIOS SOCIALES GUINDALERA. BUCLE DE INDUCCION MAGNETICA,,600.0,
2019,X03,Protección y promoción social,CENTRO DE SERVICIOS SOCIALES GUINDALERA. SISTEMA DE ALARMA ANTI-AGRESIÓN,,8000.0,
2019,X03,Protección y promoción social,CENTRO DE SERVICIOS SOCIALES GUINDALERA. ADECUACIÓN SISTEMA ELÉCTRICO Y RED RIEGO,,2377.06,2377.06
2019,X03,Protección y promoción social,IFS-CENTRO SERVICIOS SOCIALES GUINDALERA. ADECUACIÓN CALDERAS,,100000.0,
2019,X03,Protección y promoción social,"CC QUINTA DEL BERRO. ADQUISICION DE PROYECTOR, PANTALLA Y ALTAVOCES",,431.97,
2019,X11,"Deportes, juventud y esparcimiento",,,1751325.2,516137.92
2019,X11,"Deportes, juventud y esparcimiento",EQUIPAMIENTO CENTRO DEPORTIVO GIMNASIO MOSCARDÓ,,5555.38,5555.38
2019,X11,"Deportes, juventud y esparcimiento",IFS-GIMNASIO MOSCARDÓ. EXIGENCIAS INSPECCIÓN TÉCNICA EDIFICIOS EN FACHADAS Y OTRAS,,76740.15,65749.09
2019,X11,"Deportes, juventud y esparcimiento",IFS-GIMANSIO MOSCARDÓ. MEJORA SISTEMAS DISTRIBUCIÓN AGUA FRÍA Y CALIENTE SANITARIA,,37210.18,37205.2
2019,X11,"Deportes, juventud y esparcimiento",IFS-DEPORTIVO BÁSICO EVA DUARTE.MEJORA PISTAS EXTERIORES PÁDEL Y NORMATIVA ELÉCTRICA,,65159.5,61810.51
2019,X11,"Deportes, juventud y esparcimiento",IFS-DEPORTIVO BÁSICO BREOGÁN. RENOVACIÓN PISTAS DE PÁDEL 1 Y 2,,44164.07,38421.45
2019,X11,"Deportes, juventud y esparcimiento",IFS-DEPORTIVO BÁSICO TORRESPAÑA.MEJORA HABITABILIDAD EDIFICIO PRINCIPAL Y REPARACIÓN HUMEDADES,,26820.96,23132.28
2019,X11,"Deportes, juventud y esparcimiento",IFS-DEPORTIVO BÁSICO EVA DUARTE. ADAPTACIÓN PISTA DE SKATE EN ACTUAL PISTA DE PATINAJE (ID17: 4689),,96977.92,
2019,X11,"Deportes, juventud y esparcimiento",IFS-DEPORTIVO BÁSICO BOSTON. OBRAS DE REPARACIÓN EN CUBIERTA,,9207.71,
2019,X11,"Deportes, juventud y esparcimiento","CENTRO DEPORTIVO MOSCARDÓ C/PILAR DE ZARAGOZA, 93. REFORMA PISCINA",,5325.98,4861.42
2019,X11,"Deportes, juventud y esparcimiento",CENTRO DEPORTIVO GIMNASIO MOSCARDÓ. MAQUINARIA,,31500.0,31470.66
2019,X11,"Deportes, juventud y esparcimiento",DEPORTIVO BÁSICO BREOGÁN. RENOVACIÓN PISTAS DE PÁDEL 1 Y 2,,9274.45,
2019,X11,"Deportes, juventud y esparcimiento",OBRAS DE CONSERVACION INSTALALACIONES DEPORTIVAS DISTRITO DE SALAMANCA,,242.6,
2019,X11,"Deportes, juventud y esparcimiento",CENTRO DEPORTIVO FUENTE DEL BERRO. OBRAS DE MEJORA INSTALACIONES,,58482.95,54090.37
2019,X11,"Deportes, juventud y esparcimiento",GIMNASIO MOSCARDÓ. REPOSICIÓN MÁQUINA DESHUMECTADORA PISCINA,,169663.35,169400.0
2019,X11,"Deportes, juventud y esparcimiento",IFS-DEPORTIVO BASICO EVA DUARTE. PAVIMENTOS E ILUMINACIÓN,,170000.0,
2019,X11,"Deportes, juventud y esparcimiento",IFS-DEPORTIVO BASICO TORRESPAÑA. PISTA DE FÚTBOL Y MEJORA DE GRADAS,,450000.0,
2019,X11,"Deportes, juventud y esparcimiento",IFS-DEPORTIVO BASICO TORRESPAÑA.  RENOVACIÓN DE PISTAS DE PÁDEL.,,80000.0,24441.56
2019,X11,"Deportes, juventud y esparcimiento",IFS-DEPORTIVO BASICO BREOGÁN. PISTA DE BALONCESTO Y RIEGO DEL CAMPO DE CÉSPED,,70000.0,
2019,X11,"Deportes, juventud y esparcimiento",IFS-POLIDEPORTIVO FUENTE DEL BERRO. MEJORA INSTALACIÓN DE AGUA CALIENTE SANITARIA,,90000.0,
2019,X11,"Deportes, juventud y esparcimiento",IFS-POLIDEPORTIVO FUENTE DEL BERRO. OBRAS DE MEJORA DE LA PLAYA DE PISCINA Y MURO CORTINA,,240000.0,
2019,X11,"Deportes, juventud y esparcimiento",IFS-DEPORTIVO BASICO BOSTON.ACOMETIDA DE AGUA Y ADECUACIÓN CUADRO ELÉCTRICO,,15000.0,
2019,X12,Otros bienes públicos de carácter social,,,685.32,685.32
2019,X12,Otros bienes públicos de carácter social,EQUIPAMIENTO OFICINA ATENCIÓN AL CIUDADANO LÍNEA MADRID SALAMANCA,,685.32,685.32
2019,X05,Educación,,,331483.67,111360.63
2019,X05,Educación,COLEGIO PÚBLICO AMADOR DE LOS RÍOS. OBRAS DE ACONDICIONAMIENTO,,56450.04,56449.36
2019,X05,Educación,OBRAS DE CONSERVACION CENTROS DOCENTES DE ENSEÑANZA DISTRITO DE SALAMANCA,,23570.27,
2019,X05,Educación,OTRO EQUIPAMIENTO ESCUELA INFANTIL RUÍZ JIMÉNEZ,,309.05,309.05
2019,X05,Educación,ESCUELA INFANTIL RUIZ JIMÉNEZ. OBRAS DE ACONDICIONAMIENTO,,4500.2,4500.2
2019,X05,Educación,IFS-COLEGIO PÚBLICO GUINDALERA. ACCESIBILIDAD Y HABITABILIDAD EDIFICIO INFANTIL Y PRIMARIA,,19355.62,17288.59
2019,X05,Educación,ESCUELA INFANTIL RUIZ JIMÉNEZ. DESFIBRILADORES,,1819.0,1818.87
2019,X05,Educación,COLEGIO PÚBLICO GUINDALERA. OBRAS DE MEJORA CONDICIONES HIGIENICAS EN COCINA,,5479.49,2597.7
2019,X05,Educación,IFS-COLEGIO PÚBLICO REINA VICTORIA. ACONDICIONAMIENTO COMEDOR,,35000.0,12798.3
2019,X05,Educación,IFS-CEIP AMADOR DE LOS RÍOS. ACONDICIONAMIENTO GENERAL DE COCINA.,,50000.0,
2019,X05,Educación,IFS-COLEGIO PÚBLICO REINA VICTORIA. RENOVACIÓN DEL PAVIMENTO Y ZONAS DE JUEGOS INFANTILES,,70000.0,
2019,X05,Educación,IFS-COLEGIO PÚBLICO AMADOR DE LOS RÍOS.  CERRAJERÍA EXTERIOR  Y RED DE SANEAMIENTO.,,30000.0,
2019,X05,Educación,IFS-COLEGIO PÚBLICO AMADOR DE LOS RÍOS. ACONDICIONAMIENTO EN COMEDOR,,35000.0,15598.56
2019,X00,Inversiones de carácter general,,,2319270.73,2232405.5
2019,X00,Inversiones de carácter general,OBRAS DE CONSERVACIÓN EDIFICIOS DISTRITO DE SALAMANCA,,82872.62,
2019,X00,Inversiones de carácter general,EQUIPAMIENTO SERVICIOS ADMINISTRATIVOS DISTRITO SALAMANCA,,5668.32,4578.64
2019,X00,Inversiones de carácter general,"IFS-EDIFICIO C/ NÚÑEZ DE BALBOA, 40. REFORMA PARA IMPLANTACIÓN OFICINAS MUNICIPALES",,2106220.02,2106219.23
2019,X00,Inversiones de carácter general,IFS-EDIFICIO SEDE DISTRITO SALAMANCA. MEJORA DE LA ACCESIBILIDAD,,39993.04,37789.2
2019,X00,Inversiones de carácter general,IFS-EDIFICIO SEDE DISTRITO SALAMANCA. OBRAS DE ACONDICIONAMIENTO PUNTUAL Y EXTERIORES,,34949.73,34252.5
2019,X00,Inversiones de carácter general,"EDIFICIO C/ NÚÑEZ DE BALBOA, 40. REFORMA PARA IMPLANTACIÓN OFICINAS MUNICIPALES",,38653.0,38652.69
2019,X00,Inversiones de carácter general,EDIFICIOS DISTRITO DE SALAMANCA. DESFIBRILADORES,,10914.0,10913.24
2019,X04,Salud pública,,,111263.66,111219.04
2019,X04,Salud pública,"SERVICIO DE FARMACIA, C/ MONTESA, 22 EDIFICIO A. ADQUISICIÓN DE MAQUINARIA",,17361.08,17361.08
2019,X04,Salud pública,FRIGORIFICO DE VACUNAS PARA EL CENTRO DE SALUD INTERNACIONAL DE MADRID SALUD,,1899.7,1899.7
2019,X04,Salud pública,COMPLEJO SANITARIO C/ MONTESA. ADQUISICION SAI,,7247.9,7247.9
2019,X04,Salud pública,"COMPLEJO SANITARIO C/ MONTESA, 22. INSTALACIONES",,2768.28,2768.28
2019,X04,Salud pública,"EQUIPAMIENTO UNIDAD TÉCNICA DE APOYO AL DIAGNÓSTICO, C/ MONTESA, 22 EDIFICIO A",,9066.87,9066.86
2019,X04,Salud pública,CENTRO DE PREVENCIÓN DE DETERIORO COGNITIVO. REPOSICIÓN CLIMATIZACIÓN,,24519.83,24519.83
2019,X04,Salud pública,IFS-CENTRO DIAGNÓSTICO MÉDICO COMPLEJO MONTESA. OBRAS DE REFORMA,,48400.0,48355.39
2020,X01,Protección Civil y seguridad ciudadana,,,5179.61,5179.61
2020,X01,Protección Civil y seguridad ciudadana,IFS-BARANDILLA AUTOPORTANTE EN EDIFICIO C/ PEDRO HEREDIA 50,,5179.61,5179.61
2020,X10,Cultura,,,412550.5,20240.71
2020,X10,Cultura,MONUMENTO VÃCTIMAS DEL TERRORISMO,,300000.0,
2020,X10,Cultura,INSTALACIÃN ARTÃSTICA DE PEDESTAL DE LA PLAZA DE COLÃN,,30000.0,
2020,X10,Cultura,CENTRO CULTURAL BUENAVISTA. OBRAS DE REFORMA Y AMPLIACIÃN,,58405.18,
2020,X10,Cultura,"PLACA CONMEMORATIVA ESTABLECIMIENTO ""FRUTAS VÃZQUEZ JR."",C/AYALA,11. INSTALACIÃN",,1000.0,998.25
2020,X10,Cultura,"PLACA CONMEMORATIVA DON JOSÃ FEDERICO DE CARVAJAL, C/OÂ´DONNELL,11. INSTALACIÃN",,948.0,
2020,X10,Cultura,"PLACA CONMEMORATIVA DON JOAQUÃN SALVADOR LAVADO TEJÃN ""QUINO"",C/ RAMÃN DE LA CRUZ.INSTALACIÃN",,802.0,
2020,X10,Cultura,CENTROS CULTURALES DISTRITO DE SALAMANCA. EQUIPOS DE PROTECCIÃN COLECTIVA,,6298.0,6296.68
2020,X10,Cultura,BIBLIOTECA PÃBLICA DAVID GISTAU SITA EN CENTRO CULTURAL BUENAVISTA. SEÃALIZACIÃN,,900.0,899.03
2020,X10,Cultura,"PLACA CONMEMORATIVA FACHADA MERCADO MUNICIPAL DE LA GUINDALERA, C/ERASO, 14. INSTALACIÃN",,1000.0,
2020,X10,Cultura,PLACA DE RECONOCIMIENTO A LA CONSTITUCIÃN ESPAÃOLA DE 1978 EN SEDE DISTRITO DE SALAMANCA,,1500.0,647.35
2020,X10,Cultura,CENTRO CULTURAL BUENAVISTA. ADAPTACIÃN A NORMATIVA ELÃCTRICA,,11697.32,11399.4
2020,X06,Urbanismo,,,578703.62,393471.03
2020,X06,Urbanismo,IFS-BARRIO GUINDALERA. OBRAS MEJORA CRUCES,,15591.48,
2020,X06,Urbanismo,"C/ BOCÃNGEL, 36 C/V. C/ VIZCONDE DE MATAMALA. OBRAS ACCESORIAS DE URBANIZACIÃN",,54132.23,
2020,X06,Urbanismo,"PÂº MARQUÃS DE ZAFRA, 52-58. OBRAS ACCESORIAS DE URBANIZACIÃN",,27446.28,
2020,X06,Urbanismo,"C/FRANCISCO SILVELA, COSLADA Y OTRAS DE GUINDALERA.ACCESIBILIDAD Y CALIDAD ESPACIO PÃBLICO",,150147.15,129691.31
2020,X06,Urbanismo,ENTORNO PÂº MARQUÃS DE ZAFRA Y C/ AZULEJO. OBRAS DE MEJORA URBANA,,4345.76,4345.76
2020,X06,Urbanismo,ENTORNO C/ BOCÃNGEL Y DEMETRIO SÃNCHEZ. OBRAS DE MEJORA URBANA,,3067.11,3067.11
2020,X06,Urbanismo,CORREDOR PEATONAL EN LA CALLE BEJAR. OBRAS DE ADAPTACIÃN (ID: 398),,295229.17,246435.41
2020,X06,Urbanismo,"ENTORNO CALLES ARDEMANS Y FERRER DEL RÃO.MEJORA ACCESIBILIDAD,ESPACIO PÃBLICO",,300.0,
2020,X06,Urbanismo,"IFS-ENTORNO CALLE MÃJICO. MEJORA ENTORNO URBANO, ACCESIBILIDAD",,4351.08,4351.08
2020,X06,Urbanismo,"IFS-ENTORNO CALLES ARDEMANS Y FERRER DEL RÃO.MEJORA ACCESIBILIDAD,ESPACIO PÃBLICO",,5580.36,5580.36
2020,X06,Urbanismo,IFS-VÃAS PÃBLICAS BÂº FUENTE DEL BERRO.PRIORIDAD PEATONAL Y MEJORA ACCESIBILIDAD GLOBAL(ID 19: 9917;8672),,18513.0,
2020,X08,Mantenimiento urbano,,,608647.26,589222.34
2020,X08,Mantenimiento urbano,BARRIO GUINDALERA VIEJA. ENTORNO URBANO Y ACCESIBILIDAD,,23056.73,19566.57
2020,X08,Mantenimiento urbano,VIARIOS SALAMANCA. ACCESIBILIDAD Y CALIDAD URBANÃSTICA,,181430.81,165496.42
2020,X08,Mantenimiento urbano,"CANTÃN DE LIMPIEZA C/ JORGE JUAN, 48. SUBSANACIÃN PATOLOGÃAS",,404159.72,404159.35
2020,X09,Medio ambiente,,,512774.85,502693.01
2020,X09,Medio ambiente,REHABILITACIÃN DEL VIAJE DE AGUA DE FUENTE DEL BERRO,,43412.86,33994.55
2020,X09,Medio ambiente,FUENTES DE AGUA POTABLE DISTRITO SALAMANCA. INSTALACIÃN (ID: 558),,18646.91,17983.39
2020,X09,Medio ambiente,"CENTRO INSPECCIÃN RECOGIDA DE RESIDUOS C/GENERAL DIAZ PORLIER, 33. DESAMIANTADO",,450715.08,450715.07
2020,X03,Protección y promoción social,,,83394.51,82164.39
2020,X03,Protección y promoción social,CENTRO DE DÃA Y ALZHEIMER MARGARITA RETUERTO. SUBSANACIÃN PATOLOGÃAS,,51320.0,51293.8
2020,X03,Protección y promoción social,EQUIPAMIENTO CENTRO DE MAYORES LA GUINDALERA,,15000.0,13842.4
2020,X03,Protección y promoción social,CENTROS DE ATENCIÃN SOCIAL DISTRITO DE SALAMANCA. EQUIPOS DE PROTECCIÃN COLECTIVA,,10040.0,9993.69
2020,X03,Protección y promoción social,CENTRO DE DÃA Y ALZHEIMER MARGARITA RETUERTO. OBRAS ADOPCIÃN MEDIDAS DE SEGURIDAD,,7034.51,7034.5
2020,X11,"Deportes, juventud y esparcimiento",,,135940.31,64884.64
2020,X11,"Deportes, juventud y esparcimiento",OBRAS DE CONSERVACION INSTALACIONES DEPORTIVAS DISTRITO DE SALAMANCA,,11975.65,
2020,X11,"Deportes, juventud y esparcimiento",EQUIPAMIENTO CENTRO DEPORTIVO GIMNASIO MOSCARDÃ,,9200.0,
2020,X11,"Deportes, juventud y esparcimiento",CENTROS DEPORTIVOS DISTRITO SALAMANCA. MAMPARAS Y ELEMENTOS PROTECCIÃN HIGIÃNICO-SANITARIOS,,5546.0,5483.68
2020,X11,"Deportes, juventud y esparcimiento",CENTRO DEPORTIVO FUENTE DEL BERRO. PROTECCIÃN SOLAR EN MURO CORTINA,,5090.49,5090.49
2020,X11,"Deportes, juventud y esparcimiento","LOCALES PARA SALAS DE ENSAYO, C/ ALCALDE SAINZ DE BARANDA, 94. OBRAS DE ADECUACIÃN",,72933.86,25992.56
2020,X11,"Deportes, juventud y esparcimiento",GIMNASIO MOSCARDÃ. REPOSICIÃN MÃQUINA DESHUMECTADORA PISCINA,,500.0,
2020,X11,"Deportes, juventud y esparcimiento",IFS-DEPORTIVO BASICO TORRESPAÃA. PISTA DE FÃTBOL Y MEJORA DE GRADAS,,26338.31,24390.7
2020,X11,"Deportes, juventud y esparcimiento",IFS-POLIDEPORTIVO FUENTE DEL BERRO. MEJORA INSTALACIÃN DE AGUA CALIENTE SANITARIA,,4356.0,3927.21
2020,X12,Otros bienes públicos de carácter social,,,3331.13,3331.13
2020,X12,Otros bienes públicos de carácter social,OFICINA ATENCIÃN AL CIUDADANO SALAMANCA. ELEMENTOS PROTECTORES HIGIÃNICO-SANITARIOS,,718.74,718.74
2020,X12,Otros bienes públicos de carácter social,OFICINA ATENCIÃN CIUDADANA LÃNEA MADRID SALAMANCA. MOBILIARIO,,1172.49,1172.49
2020,X12,Otros bienes públicos de carácter social,OFICINA ATENCIÃN AL CIUDADANO LÃNEA MADRID SALAMANCA. SEÃALIZACIÃN,,1439.9,1439.9
2020,X05,Educación,,,58758.0,56788.86
2020,X05,Educación,OBRAS DE CONSERVACION CENTROS DOCENTES DE ENSEÃANZA DISTRITO DE SALAMANCA,,1969.14,
2020,X05,Educación,COLEGIO PÃBLICO AMADOR DE LOS RÃOS. OBRAS DE REFORMA GENERAL DE COCINA,,56788.86,56788.86
2020,X00,Inversiones de carácter general,,,112785.98,33885.04
2020,X00,Inversiones de carácter general,EQUIPAMIENTO SERVICIOS ADMINISTRATIVOS DISTRITO SALAMANCA,,799.81,799.81
2020,X00,Inversiones de carácter general,SERVICIOS ADMINISTRATIVOS DISTRITO SALAMANCA. EQUIPOS DE PROTECCIÃN COLECTIVA,,15292.0,15264.35
2020,X00,Inversiones de carácter general,OBRAS DE CONSERVACIÃN EDIFICIOS DISTRITO DE SALAMANCA,,16694.17,
2020,X00,Inversiones de carácter general,EDIFICIO SEDE DISTRITO SALAMANCA. OBRAS DE REHABILITACIÃN GENERAL,,80000.0,17820.88
2020,X04,Salud pública,,,96926.28,96926.26
2020,X04,Salud pública,"SERVICIO DE FARMARCIA, C/ MONTESA, 22 EDIFICIO A. ADQUISICIÃN DE MAQUINARIA",,20232.49,20232.49
2020,X04,Salud pública,"SECCIÃN ESPECIALIDADES MÃDICAS, C/ MONTESA 22 EDIFICIO A. ADQUISICIÃN MAQUINARIA",,20169.49,20169.49
2020,X04,Salud pública,CENTRO MUNICIPAL DE SALUD COMUNITARIA SALAMANCA-RETIRO. MAQUINARIA,,397.0,396.98
2020,X04,Salud pública,"CENTRO PROMOCIÃN HÃBITOS SALUDABLES, C/ MONTESA, 22. EDIFICIO C. MAQUINARIA",,2962.08,2962.08
2020,X04,Salud pública,"SECCIÃN DIAGNÃSTICO POR IMAGEN, C/MONTESA, 22. EDIFICIO A. ADQUISICIÃN MAQUINARIA",,9782.85,9782.85
2020,X04,Salud pública,"LABORATORIO ANÃLISIS CLÃNICOS, C/ MONTESA, 22. EDIFICIO D. ADQUISICIÃN MAQUINARIA",,11313.5,11313.5
2020,X04,Salud pública,"EQUIPAMIENTO ESTUFAS PARA CARPAS MEDIDAS DE SEGURIDAD, EDIFICIO C/ MONTESA, 22",,2257.86,2257.86
2020,X04,Salud pública,CENTRO MUNICIPAL SALUD SALAMANCA-RETIRO. ELEMENTOS Y SEÃALIZACIÃN PROTECCIÃN,,5614.77,5614.77
2020,X04,Salud pública,"COMPLEJO SANITARIO MONTESA, C/ MONTESA 22. ELEMENTOS Y SEÃALIZACIÃN PROTECCIÃN",,22819.83,22819.83
2020,X04,Salud pública,"COMPLEJO SANITARIO MONTESA, C/MONTESA, 22. INSTALACIONES TÃCNICAS",,1376.41,1376.41
2021,X01,Protección Civil y seguridad ciudadana,,,116812.73,115926.83
2021,X01,Protección Civil y seguridad ciudadana,CENTRO INTEGRADO DE SEGURIDAD Y EMERGENCIAS. OBRAS ADECUACIÓN FALSO SUELO,,103590.52,103590.51
2021,X01,Protección Civil y seguridad ciudadana,"EQUIPAMIENTO PARQUE DE BOMBEROS 2 Y JEFATURA, C/ RUFINO BLANCO, 2 Y 4",,13222.21,12336.32
2021,X10,Cultura,,,2293092.68,977678.91
2021,X10,Cultura,CENTRO CULTURAL BUENAVISTA. OBRAS DE REFORMA Y AMPLIACIÓN,,1500000.0,505015.72
2021,X10,Cultura,MONUMENTO A LAS VICTIMAS DEL TERRORISMO,,1800.0,
2021,X10,Cultura,"PLACA CONMEMORATIVA DON JOSÉ FEDERICO DE CARVAJAL, C/O´DONNELL,11. INSTALACIÓN",,802.0,802.0
2021,X10,Cultura,"PLACA CONMEMORATIVA DON JOAQUÍN SALVADOR LAVADO TEJÓN ""QUINO"",C/ RAMÓN DE LA CRUZ.INSTALACIÓN",,802.0,802.0
2021,X10,Cultura,"PLACA CONMEMORATIVA MIGUEL HERNÁNDEZ EN C/ FRANCISCO NAVACERRADA, 4. INSTALACIÓN",,838.5,
2021,X10,Cultura,"PLACA CONMEMORATIVA EMILIA PARDO BAZÁN EN C/ GOYA, 26",,838.5,
2021,X10,Cultura,EQUIPAMIENTO CENTRO CULTURAL PASAJE DE COLÓN,,5553.0,
2021,X10,Cultura,CENTROS CULTURALES DISTRITO SALAMANCA. MEDIDORES CO2 (DIÓXIDO DE CARBONO),,360.0,359.37
2021,X10,Cultura,"PLACA CONMEMORATIVA FACHADA MERCADO MUNICIPAL DE LA GUINDALERA, C/ERASO, 14. INSTALACIÓN",,802.0,802.0
2021,X10,Cultura,CENTRO CULTURAL RAFAEL ALTAMIRA. REPOSICIÓN INSTALACIONES DE CLIMATIZACIÓN,,103130.0,
2021,X10,Cultura,CENTRO SOCIOCULTURAL Y CENTRO DE DÍA DE MAYORES MAESTRO ALONSO. MEJORA ACCESIBILIDAD,,4356.0,3927.21
2021,X10,Cultura,LOCALES PASAJE DE COLÓN. ADECUACIÓN PARA CENTRO CULTURAL,,653280.41,445891.04
2021,X10,Cultura,CENTRO CULTURAL MAESTRO ALONSO. OBRAS DE MEJORA Y SEGURIDAD,,20530.27,20079.57
2021,X06,Urbanismo,,,2021641.44,373087.21
2021,X06,Urbanismo,"ENTORNO PZA.BOSTÓN, PARQUE INFANTIL Y COLEGIO PÚBLICO GUINDALERA. OBRAS MEJORA URBANA",,494465.37,71818.48
2021,X06,Urbanismo,"ENTORNO C/ BOCÁNGEL, DEMETRIO SÁNCHEZ Y OTRAS. OBRAS DE MEJORA URBANA",,256000.0,76520.45
2021,X06,Urbanismo,"DEMOLICIÓN DE APARCAMIENTOS EN C/ PEYRE, 5",,21681.65,21681.65
2021,X06,Urbanismo,"C/ BOCÁNGEL, 36 C/V. C/ VIZCONDE DE MATAMALA. OBRAS ACCESORIAS DE URBANIZACIÓN",,54132.23,
2021,X06,Urbanismo,"Pº MARQUÉS DE ZAFRA, 52-58. OBRAS ACCESORIAS DE URBANIZACIÓN",,27446.28,
2021,X06,Urbanismo,ENTORNO CALLES ARDEMANS Y FERRER DEL RÍO.MEJORA ACCESIBILIDAD Y CALIDAD ESPACIO PÚBLICO,,525300.0,43816.16
2021,X06,Urbanismo,VÍAS PÚBLICAS Bº FUENTE DEL BERRO.PRIORIDAD PEATONAL Y MEJORA ACCESIBILIDAD GLOBAL(ID 19: 9917;8672),,25000.74,25000.74
2021,X06,Urbanismo,ENTORNO PLAZA BASILEA. OBRAS DE MEJORA URBANA,,612905.87,130019.88
2021,X06,Urbanismo,ACCESO C/ ERASO AL MERCADO GUINDALERA. OBRAS MEJORA DE ACCESIBILIDAD,,4709.3,4229.85
2021,X07,Infraestructuras,,,1585751.0,1379999.88
2021,X07,Infraestructuras,AREA INTERMODAL EN LA PLAZA DE FELIPE II. CONSTRUCCIÓN,,1585751.0,1379999.88
2021,X08,Mantenimiento urbano,,,4684508.27,3027157.71
2021,X08,Mantenimiento urbano,AVENIDA DE AMÉRICA Y CALLE CASTELLÓ. REHABILITACIÓN DE CALZADAS,,257303.15,250099.55
2021,X08,Mantenimiento urbano,"CALLE CONDE DE PEÑALVER, ANTONIO ACUÑA, AVENIDA TOREROS Y ROBERTO DOMINGO. MEJORA BASE PAVIMENTO",,423509.54,404082.27
2021,X08,Mantenimiento urbano,ÁREAS DEPORTIVAS ELEMENTALES DISTRITO SALAMANCA. INSTALACIÓN,,42721.66,42721.66
2021,X08,Mantenimiento urbano,JUEGOS PARA ÁREAS INFANTILES DETERIORADAS DISTRITO SALAMANCA,,102024.05,102024.05
2021,X08,Mantenimiento urbano,"CALLES DE CARDENAL BELLUGA, DIEGO DE LEÓN Y AVENIDA DE BONN. REHABILITACIÓN DE CALZADAS",,342866.55,328326.41
2021,X08,Mantenimiento urbano,"CALLES ERASO, FRANCISCO REMIRO, HERMOSILLA E ITURBE. RENOVACIÓN CAPA DE RODADURA",,373933.99,371486.34
2021,X08,Mantenimiento urbano,PLAZA DE BURDEOS Y ENTORNO. OBRAS DE REMODELACIÓN Y MEJORA DE LA ACCESIBILIDAD,,58817.9,58817.9
2021,X08,Mantenimiento urbano,"ACERAS, CALZADAS Y TÚNELES DEL DISTRITO DE SALAMANCA. REFORMA INTEGRAL (ID 19: 10378)",,374500.0,223141.38
2021,X08,Mantenimiento urbano,"CALLE ORTEGA Y GASSET, TRAMO: Pº CASTELLANA -PRÍNCIPE DE VERGARA. REMODELACIÓN",,2689861.14,1234350.7
2021,X08,Mantenimiento urbano,CAMINOS ESCOLARES Y ACCESO A MERCADOS MUNICIPALES DISTRITO DE SALAMANCA.MEJORA DE LA ACCESIBILIDAD,,18670.29,12107.45
2021,X08,Mantenimiento urbano,OTROS GASTOS DE INVERSIÓN EN VÍAS PUBLICAS DEL DISTRITO DE SALAMANCA,,300.0,
2021,X09,Medio ambiente,,,186166.03,185387.88
2021,X09,Medio ambiente,AVENIDA FELIPE II. REMODELACIÓN DE JARDINERAS,,18148.79,17690.2
2021,X09,Medio ambiente,REPARACIÓN Y CLAUSURA DE ALCORQUES EN EL DISTRITO DE SALAMANCA,,11566.83,11566.81
2021,X09,Medio ambiente,"CENTRO INSPECCIÓN RECOGIDA DE RESIDUOS C/GENERAL DIAZ PORLIER, 33. DESAMIANTADO",,42088.37,42088.37
2021,X09,Medio ambiente,"JARDINES DE AURORA AUÑÓN, BARRIO DE LA GUINDALERA. MEJORA DEL ESPACIO PÚBLICO",,114362.04,114042.5
2021,X03,Protección y promoción social,,,41901.66,8116.35
2021,X03,Protección y promoción social,CENTRO DE SERVICIOS SOCIALES GUINDALERA. MEDIDORES CO2 (DIÓXIDO DE CARBONO),,535.0,239.58
2021,X03,Protección y promoción social,CENTRO SERVICIOS SOCIALES GUINDALERA. MEJORAS INSTALACIÓN ELÉCTRICA,,1759.75,1625.4
2021,X03,Protección y promoción social,CENTO DE SERVICIOS SOCIALES LA GUINDALERA. OBRAS DE ADAPTACIÓN A NORMATIVA Y ACONDICIONAMIENTO,,39606.91,6251.37
2021,X11,"Deportes, juventud y esparcimiento",,,2357752.41,1438597.77
2021,X11,"Deportes, juventud y esparcimiento",CENTRO DEPORTIVO GIMNASIO MOSCARDÓ. OBRAS REFORMA PISCINA SAMARANCH,,1226841.01,1226841.01
2021,X11,"Deportes, juventud y esparcimiento",EQUIPAMIENTO CENTRO DEPORTIVO GIMNASIO MOSCARDÓ,,9064.74,9064.74
2021,X11,"Deportes, juventud y esparcimiento",EQUIPAMIENTO DEPORTIVO BÁSICO TORRESPAÑA-FUENTE DEL BERRO,,3168.0,3137.77
2021,X11,"Deportes, juventud y esparcimiento",CENTRO DEPORTIVO GIMNASIO MOSCARDÓ. DISPOSITIVOS DIGITALES PARA TRANSFORMACIÓN TECNOLÓGICA,,16428.83,3099.44
2021,X11,"Deportes, juventud y esparcimiento",DEPORTIVO BÁSICO TORRESPAÑA. ADECUACIÓN VALLADO PERIMETRAL,,25820.21,24730.24
2021,X11,"Deportes, juventud y esparcimiento",PISTA DE SKATE EN EL PARQUE EVA DUARTE DE PERÓN. OBRAS DE ADAPTACIÓN,,98000.0,
2021,X11,"Deportes, juventud y esparcimiento",CENTRO DEPORTIVO GIMNASIO MOSCARDÓ. EQUIPO DE CONTROL AUTOMÁTICO AGUA PISCINA,,10000.0,9833.39
2021,X11,"Deportes, juventud y esparcimiento",INSTALACIONES DEPORTIVAS DISTRITO DE SALAMANCA. MEDIDORES CO2 (DIÓXIDO DE CARBONO),,661.0,419.27
2021,X11,"Deportes, juventud y esparcimiento",DEPORTIVO BÁSICO PARQUE BREOGÁN. SEÑALÉTICA,,834.0,833.69
2021,X11,"Deportes, juventud y esparcimiento","LOCALES PARA SALAS DE ENSAYO, C/ ALCALDE SAINZ DE BARANDA, 94. OBRAS DE ADECUACIÓN",,47245.39,46933.6
2021,X11,"Deportes, juventud y esparcimiento",CENTRO DEPORTIVO FUENTE DEL BERRO. ADAPTACIÓN A NORMATIVA ELÉCTRICA,,3345.63,3211.27
2021,X11,"Deportes, juventud y esparcimiento",CENTRO DEPORTIVO GIMNASIO MOSCARDÓ. ADECUACIÓN SISTEMA VENTILACIÓN Y OTRAS MEJORAS,,26995.98,21162.36
2021,X11,"Deportes, juventud y esparcimiento",OBRAS DE MEJORA Y ACONDICIONAMIENTO INSTALACIONES DEPORTIVAS DISTRITO DE SALAMANCA,,292569.8,
2021,X11,"Deportes, juventud y esparcimiento",DEPORTIVO BÁSICO TORRESPAÑA. OBRAS DE ACONDICIONAMIENTO DEL CAMPO DE FÚTBOL,,502430.2,4976.22
2021,X11,"Deportes, juventud y esparcimiento",DEPORTIVO BÁSICO BREOGÁN. ACONDICIONAMIENTO PISTAS DE PÁDEL,,87447.62,84089.05
2021,X11,"Deportes, juventud y esparcimiento",CENTRO DEPORTIVO GIMNASIO MOSCARDÓ. REPOSICIÓN GRÚA Y SILLA SALVAESCALERAS ACCESO PISCINA,,6900.0,265.72
2021,X12,Otros bienes públicos de carácter social,,,447.7,418.66
2021,X12,Otros bienes públicos de carácter social,OFICINA ATENCIÓN CIUDADANO LÍNEA MADRID SALAMANCA. ELEMENTOS PROTECCIÓN HIGIÉNICO-SANITARIOS,,418.66,418.66
2021,X12,Otros bienes públicos de carácter social,EQUIPAMIENTO OFICINA ATENCIÓN AL CIUDADANO LÍNEA MADRID DE SALAMANCA,,29.04,
2021,X05,Educación,,,655827.08,254448.74
2021,X05,Educación,COLEGIO PÚBLICO AMADOR DE LOS RÍOS. REFORMA INTEGRAL DEL PATIO,,286072.93,96.53
2021,X05,Educación,EQUIPAMIENTO ESCUELA INFANTIL RUIZ JIMÉNEZ,,1839.08,1119.13
2021,X05,Educación,OBRAS DE CONSERVACIÓN CENTROS DOCENTES DE ENSEÑANZA DISTRITO DE SALAMANCA,,3462.31,
2021,X05,Educación,COLEGIO PÚBLICO GUINDALERA. OBRAS DE MEJORA,,7125.69,6337.77
2021,X05,Educación,OBRAS DE MEJORA Y ACONDICIONAMIENTO CENTROS  DE ENSEÑANZA DISTRITO DE SALAMANCA,,2080.84,
2021,X05,Educación,COLEGIO PÚBLICO AMADOR DE LOS RÍOS. ACONDICIONAMIENTO GIMNASIO Y ZONAS COMUNES,,179875.88,81575.44
2021,X05,Educación,ESCUELA INFANTIL RUIZ JIMÉNEZ. CLIMATIZACIÓN Y OTRAS MEJORAS,,111129.58,101361.62
2021,X05,Educación,COLEGIO PÚBLICO REINA VICTORIA. ADECUACIÓN Y MEJORA PAVIMENTACIÓN Y ZONA INFANTIL EN PATIO,,64240.77,63958.25
2021,X00,Inversiones de carácter general,,,105465.82,958.32
2021,X00,Inversiones de carácter general,SERVICIOS ADMINISTRATIVOS DISTRITO SALAMANCA. MEDIDORES CO2 (DIÓXIDO DE CARBONO),,2130.0,958.32
2021,X00,Inversiones de carácter general,EDIFICIO SEDE DISTRITO SALAMANCA. OBRAS DE REHABILITACIÓN GENERAL,,51011.75,
2021,X00,Inversiones de carácter general,OBRAS DE CONSERVACIÓN EDIFICIOS DEL DISTRITO DE SALAMANCA,,2461.25,
2021,X00,Inversiones de carácter general,OBRAS DE MEJORA Y ACONDICIONAMIENTO EDIFICIOS DISTRITO DE SALAMANCA,,49862.82,
2021,X04,Salud pública,,,147144.04,138787.25
2021,X04,Salud pública,"LABORATORIO ANÁLISIS CLÍNICOS, C/ MONTESA, 22. EDIFICIO D. ADQUISICIÓN MAQUINARIA",,8046.5,8046.5
2021,X04,Salud pública,"COMPLEJO SANITARIO C/ MONTESA, 22. OBRAS DE REFORMA",,47805.06,47805.05
2021,X04,Salud pública,"SERVICIO DE FARMACIA, C/MONTESA, 22 EDIFICIO A. ADQUISICIÓN DE MAQUINARIA",,2535.99,2535.99
2021,X04,Salud pública,"CENTRO DE DIAGNÓSTICO MÉDICO COMPLEJO MONTESA, C/MONTESA,22 EDIFICIO A. ADQUISICIÓN MAQUINARIA",,1570.58,1570.58
2021,X04,Salud pública,FRIGORIFICO PARA VACUNAS.C.SALUD INTERNACIONAL,,4672.92,4672.92
2021,X04,Salud pública,EQUIPAMIENTO CENTRO MUNICIPAL DE SALUD COMUNITARIA SALAMANCA-RETIRO,,19240.25,19240.25
2021,X04,Salud pública,CENTRO MUNICIPAL DE SALUD COMUNITARIA DE SALAMANCA RETIRO. SEÑALIZACIÓN,,145.2,145.2
2021,X04,Salud pública,"COMPLEJO SANITARIO MONTESA, C/ MONTESA,22. SEÑALIZACIÓN",,726.0,726.0
2021,X04,Salud pública,"COMPLEJO SANITARIO MONTESA, C/ MONTESA, 22. INSTALACIONES TÉCNICAS",,62401.54,54044.76
2021,X02,"Tráfico, estacionamiento y transporte público",,,52796.04,52795.51
2021,X02,"Tráfico, estacionamiento y transporte público",CRUCE SEMAFORIZADO C/SERRANO CON C/MALDONADO. INSTALACIÓN,,52796.04,52795.51
2022,X01,Protección Civil y seguridad ciudadana,,,803425.6,634713.74
2022,X01,Protección Civil y seguridad ciudadana,CENTRO INTEGRADO DE SEGURIDAD Y EMERGENCIAS (CISEM). OBRAS DE REFORMA,,635000.0,631954.94
2022,X01,Protección Civil y seguridad ciudadana,UNIDAD INTEGRAL POLICÍA MUNICIPAL SALAMANCA. MOBILIARIO,,2904.0,2758.8
2022,X01,Protección Civil y seguridad ciudadana,JEFATURA CUERPO DE BOMBEROS. SISTEMA DE ALIMENTACIÓN COMUNICACIONES,,165521.6,
2022,X10,Cultura,,,6773133.47,5251932.71
2022,X10,Cultura,CENTRO CULTURAL BUENAVISTA. OBRAS DE REFORMA Y AMPLIACIÓN,,3928325.72,3928323.63
2022,X10,Cultura,"CENTRO MULTIFUNCIONAL C/ FRANCISCO REMIRO, 21. CONSTRUCCION",,1571986.78,121325.37
2022,X10,Cultura,CASA DEL RELOJ FUENTE DEL BERRO. ACONDICIONAMIENTO PARA SALA DE LECTURA,,15000.0,80.57
2022,X10,Cultura,CENTRO CULTURAL RAFAEL ALTAMIRA. OBRAS DE RENOVACIÓN DE CALDERAS,,14000.0,7267.11
2022,X10,Cultura,CENTRO CULTURAL RAFAEL ALTAMIRA. OBRAS DE ACONDICIONAMIENTO PUNTUAL Y VARIOS,,10000.0,
2022,X10,Cultura,EQUIPAMIENTO CENTROS CULTURALES DISTRITO DE SALAMANCA,,214.77,
2022,X10,Cultura,"PLACA CONMEMORATIVA MIGUEL HERNÁNDEZ EN C/ FRANCISCO NAVACERRADA, 4. INSTALACIÓN",,838.3,838.3
2022,X10,Cultura,"PLACA CONMEMORATIVA EMILIA PARDO BAZÁN EN C/ GOYA, 26",,838.3,838.3
2022,X10,Cultura,CENTRO CULTURAL RAFAEL ALTAMIRA. REPOSICIÓN INSTALACIONES DE CLIMATIZACIÓN,,99750.0,98490.58
2022,X10,Cultura,LOCALES PASAJE DE COLÓN. ADECUACIÓN PARA CENTRO CULTURAL,,206938.37,178871.49
2022,X10,Cultura,"MEDALLÓN EN HOMENAJE A EDUARDO DATO E IRADIER, EN LA PLAZA DE LA INDEPENDENCIA. INSTALACIÓN",,7865.0,7774.25
2022,X10,Cultura,MUSEO DE ESCULTURAS AL AIRE LIBRE DEL PASEO DE LA CASTELLANA. ACCESIBILIDAD UNIVERSAL,,761619.0,761615.71
2022,X10,Cultura,"ESCULTURA ""DE MADRID AL CIELO""  DE MANUEL PAZ, EN LA PLAZA DE FELIPE II. INSTALACIÓN",,80000.0,76787.29
2022,X10,Cultura,PLACAS CONMEMORATIVAS EN DIVERSAS CALLES DISTRITO SALAMANCA. INSTALACIÓN,,7000.0,2364.34
2022,X10,Cultura,"EQUIPAMIENTO CENTRO CULTURAL EMILIA PARDO BAZÁN, PASAJE DE COLÓN",,50370.23,50370.23
2022,X10,Cultura,CENTRO CULTURAL EMILIA PARDO BAZÁN. EQUIPOS DE COMUNICACIÓN,,1272.0,1271.93
2022,X10,Cultura,CENTRO CULTURAL EMILIA PARDO BAZÁN. ADQUISICIÓN DE SISTEMAS DE PROYECCIÓN Y SONIDO,,14615.0,13281.53
2022,X10,Cultura,CENTRO CULTURAL EMILIA PARDO BAZÁN. SEÑALIZACIÓN,,2500.0,2432.08
2022,X06,Urbanismo,,,2699238.89,1176789.32
2022,X06,Urbanismo,"ENTORNO PZA.BOSTÓN, PARQUE INFANTIL Y COLEGIO PÚBLICO GUINDALERA. OBRAS MEJORA URBANA",,372117.63,350595.83
2022,X06,Urbanismo,"ENTORNO C/ BOCÁNGEL, DEMETRIO SÁNCHEZ Y OTRAS. OBRAS DE MEJORA URBANA",,178310.01,34861.37
2022,X06,Urbanismo,"CALLE MÉJICO, BARRIO DE LA GUINDALERA. OBRAS DE MEJORA URBANA (ID 20: 14583)",,450000.0,12920.52
2022,X06,Urbanismo,"C/ BOCÁNGEL, 36 C/V. C/ VIZCONDE DE MATAMALA. OBRAS ACCESORIAS DE URBANIZACIÓN",,54132.23,50447.79
2022,X06,Urbanismo,"Pº MARQUÉS DE ZAFRA, 52-58. OBRAS ACCESORIAS DE URBANIZACIÓN",,27446.28,15699.69
2022,X06,Urbanismo,ENTORNO CALLES ARDEMANS Y FERRER DEL RÍO.MEJORA ACCESIBILIDAD Y CALIDAD ESPACIO PÚBLICO,,486876.08,344350.22
2022,X06,Urbanismo,VÍAS PÚBLICAS Bº FUENTE DEL BERRO.PRIORIDAD PEATONAL Y MEJORA ACCESIBILIDAD GLOBAL(ID 19: 9917;8672),,517500.0,
2022,X06,Urbanismo,ENTORNO PLAZA BASILEA. OBRAS DE MEJORA URBANA,,512856.66,367913.9
2022,X06,Urbanismo,PLAZA DE DALÍ. REMODELACIÓN DE LA URBANIZACIÓN,,100000.0,
2022,X07,Infraestructuras,,,1538884.0,1538853.54
2022,X07,Infraestructuras,AREA INTERMODAL EN LA PLAZA DE FELIPE II. CONSTRUCCIÓN,,1538884.0,1538853.54
2022,X08,Mantenimiento urbano,,,10788002.93,9817108.28
2022,X08,Mantenimiento urbano,"AVENIDA DE BRUSELAS, 40 A 68. MEJORA DE LA ACCESIBILIDAD",,991385.22,924666.38
2022,X08,Mantenimiento urbano,CALLE HERMOSILLA. ADECUACIÓN DE ACERAS,,614622.39,476295.34
2022,X08,Mantenimiento urbano,AVENIDA BRUSELAS. PAVIMENTACIÓN Y ACONDICIONAMIENTO DE ACERAS,,78400.23,78400.21
2022,X08,Mantenimiento urbano,CALLE MARTÍNEZ IZQUIERDO. PAVIMENTACIÓN Y ACONDICIONAMIENTO DE ACERAS,,230887.96,41860.95
2022,X08,Mantenimiento urbano,"CALLES VELÁZQUEZ, FUENTE DEL BERRO Y OTRAS DISTRITO DE SALAMANCA. RENOVACIÓN PAVIMENTOS EN CALZADAS",,1334084.05,1136655.69
2022,X08,Mantenimiento urbano,PASEO RECOLETOS Y OTRAS DISTRITO SALAMANCA. RENOVACIÓN PAVIMENTOS EN CALZADAS,,716400.78,707021.02
2022,X08,Mantenimiento urbano,"C/GENERAL DÍAZ PORLIER, GENERAL PARDIÑAS, PADILLA Y MALDONADO. RENOVACIÓN DE PAVIMENTOS EN CALZADAS",,648771.59,594300.11
2022,X08,Mantenimiento urbano,PLAN CAMINO ESCOLAR SEGURO AVENIDA DE LOS TOREROS. ADECUACIÓN VÍAS PÚBLICAS,,25589.04,25353.68
2022,X08,Mantenimiento urbano,ACERAS DE LA CALLE BOCÁNGEL. OBRAS DE MEJORA Y ADECUACIÓN (ID 20: 12873),,185878.0,107577.7
2022,X08,Mantenimiento urbano,"CANTÓN DE LIMPIEZA C/ GENERAL DÍAZ PORLIER, 35. OBRAS DE REFORMA",,17906.48,17767.7
2022,X08,Mantenimiento urbano,"CALLES ERASO, FRANCISCO REMIRO, HERMOSILLA E ITURBE. RENOVACIÓN CAPA DE RODADURA",,11384.21,11384.21
2022,X08,Mantenimiento urbano,PLAZA DE BURDEOS Y ENTORNO. OBRAS DE REMODELACIÓN Y MEJORA DE LA ACCESIBILIDAD,,172544.9,171018.13
2022,X08,Mantenimiento urbano,"ACERAS, CALZADAS Y TÚNELES DEL DISTRITO DE SALAMANCA. REFORMA INTEGRAL (ID 19: 10378)",,65797.25,43508.3
2022,X08,Mantenimiento urbano,"CALLE ORTEGA Y GASSET, TRAMO: Pº CASTELLANA -PRÍNCIPE DE VERGARA. REMODELACIÓN",,5206326.3,5206325.61
2022,X08,Mantenimiento urbano,CAMINOS ESCOLARES Y ACCESO A MERCADOS MUNICIPALES DISTRITO DE SALAMANCA.MEJORA DE LA ACCESIBILIDAD,,6498.82,5172.76
2022,X08,Mantenimiento urbano,PLAZA DE ALFREDO MAHOU. MEJORA DE LA ACCESIBILIDAD,,309085.85,269800.49
2022,X08,Mantenimiento urbano,PASO DE CEBRA ENTRE C/JULIO CAMBA Y PLAZA DE TOROS DE LAS VENTAS. ADAPTACIÓN VIALES (ID 20: 13663),,72439.86,
2022,X08,Mantenimiento urbano,ACCESIBILIDAD ENTRE C/PEÑASCALES Y DOCTOR ESQUERDO. ELIMINACIÓN DE BARRERAS (ID 20: 15392),,100000.0,
2022,X09,Medio ambiente,,,36341.22,12034.02
2022,X09,Medio ambiente,"ZONA VERDE C/ ARDEMANS, 69. MEJORA ZONA INFANTIL",,24000.0,
2022,X09,Medio ambiente,PARQUES Y ZONAS VERDES DEL DISTRITO DE SALAMANCA. ADAPTACIÓN DE RECORRIDOS TERAPÉUTICOS,,2585.77,2585.77
2022,X09,Medio ambiente,ZONAS VERDES DISTRITO SALAMANCA. INSTALACIÓN Y ACONDICIONAMIENTO DE PARQUES CANINOS,,8355.45,8355.43
2022,X09,Medio ambiente,PARQUE DE LAS MUJERES DE VENTAS. REPARACIÓN PUERTA DE ACCESO,,1400.0,1092.82
2022,X03,Protección y promoción social,,,200850.73,173865.21
2022,X03,Protección y promoción social,CENTRO DE DÍA DE MAYORES MARGARITA RETUERTO. OBRAS DE SUBSANACIÓN DE PATOLOGÍAS,,120838.51,120838.51
2022,X03,Protección y promoción social,CENTROS DE MAYORES DISTRITO DE SALAMANCA. ADQUISICIÓN DE EQUIPOS INFORMÁTICOS,,23946.27,
2022,X03,Protección y promoción social,CENTRO DE SERVICIOS SOCIALES GUINDALERA. ADQUISICIÓN DE TABLETS,,23313.73,23313.72
2022,X03,Protección y promoción social,CENTRO DE SERVICIOS SOCIALES LA GUINDALERA. OBRAS DE ADAPTACIÓN A NORMATIVA Y ACONDICIONAMIENTO,,32752.22,29712.98
2022,X11,"Deportes, juventud y esparcimiento",,,4522527.81,4451638.39
2022,X11,"Deportes, juventud y esparcimiento",CENTRO DEPORTIVO GIMNASIO MOSCARDÓ. OBRAS REFORMA PISCINA SAMARANCH,,4273158.99,4273158.99
2022,X11,"Deportes, juventud y esparcimiento",OBRAS DE REFORMA INSTALACIONES DEPORTIVAS DEL DISTRITO DE SALAMANCA,,18652.4,
2022,X11,"Deportes, juventud y esparcimiento",DEPORTIVO BÁSICO PARQUE BREOGÁN. SUBSANACIÓN DEFICIENCIAS EN INSTALACIÓN ELÉCTRICA,,22137.64,
2022,X11,"Deportes, juventud y esparcimiento",DEPORTIVO BÁSICO EVA DUARTE. REPARACIÓN CIERRE PERIMETRAL Y ASEOS,,283.25,
2022,X11,"Deportes, juventud y esparcimiento",DEPORTIVO BÁSICO TORRESPAÑA-FUENTE DEL BERRO. REPARACIÓN DEPÓSITO AGUA CALIENTE SANITARIA,,14075.71,13863.03
2022,X11,"Deportes, juventud y esparcimiento",CENTRO DEPORTIVO FUENTE DEL BERRO. ACONDICIONAMIENTO PUNTUAL Y EXTERIOR,,34200.0,17600.13
2022,X11,"Deportes, juventud y esparcimiento",EQUIPAMIENTO CENTRO DEPORTIVO GIMNASIO MOSCARDÓ,,36945.0,29797.63
2022,X11,"Deportes, juventud y esparcimiento",PISTA DE SKATE EN EL PARQUE EVA DUARTE DE PERÓN. OBRAS DE ADAPTACIÓN,,87419.82,85647.02
2022,X11,"Deportes, juventud y esparcimiento",DEPORTIVO BÁSICO TORRESPAÑA. SUMINISTRO E INSTALACIÓN DE PORTERÍAS,,6635.0,6634.43
2022,X11,"Deportes, juventud y esparcimiento",CENTRO DEPORTIVO GIMNASIO MOSCARDÓ. SEÑALIZACIÓN,,1500.0,1352.78
2022,X11,"Deportes, juventud y esparcimiento",DEPORTIVO BÁSICO TORRESPAÑA. ÁRBOLES Y ARBUSTOS PROYECTO REFOREST (BOSQUE MIYAWAKI),,14520.0,14520.0
2022,X11,"Deportes, juventud y esparcimiento",CENTRO DEPORTIVO GIMNASIO MOSCARDÓ. CESPED ARTIFICIAL PARA SOLARIUM PISCINA,,3000.0,
2022,X11,"Deportes, juventud y esparcimiento",CENTRO DEPORTIVO GIMNASIO MOSCARDÓ. SUSTITUCIÓN FILTROS PISCINA,,10000.0,9064.38
2022,X12,Otros bienes públicos de carácter social,,,2756861.65,2751595.99
2022,X12,Otros bienes públicos de carácter social,"INMUEBLE EN CALLE POVEDILLA, 4. ADQUISICIÓN",,2754000.0,2750000.0
2022,X12,Otros bienes públicos de carácter social,EQUIPAMIENTO OFICINA ATENCIÓN AL CIUDADANO LÍNEA MADRID DE SALAMANCA,,2807.2,1541.54
2022,X12,Otros bienes públicos de carácter social,OFICINA ATENCIÓN AL CIUDADANO LÍNEA MADRID SALAMANCA. SEÑALIZACIÓN,,54.45,54.45
2022,X05,Educación,,,748190.21,584178.56
2022,X05,Educación,COLEGIO PÚBLICO AMADOR DE LOS RÍOS. REFORMA INTEGRAL DEL PATIO,,286240.62,246416.36
2022,X05,Educación,COLEGIO PÚBLICO GUINDALERA. MEJORA DEL PATIO Y DE LA ESCALERA DE ACCESO,,219670.0,152166.7
2022,X05,Educación,EQUIPAMIENTO ESCUELA INFANTIL RUIZ JIMÉNEZ,,8616.7,5041.28
2022,X05,Educación,OBRAS DE MEJORA Y ACONDICIONAMIENTO CENTROS  DE ENSEÑANZA DISTRITO DE SALAMANCA,,1277.67,
2022,X05,Educación,COLEGIO PÚBLICO AMADOR DE LOS RÍOS. ACONDICIONAMIENTO GIMNASIO Y ZONAS COMUNES,,146465.22,144212.62
2022,X05,Educación,ESCUELA INFANTIL RUIZ JIMÉNEZ. MECANISMOS DE SEGURIDAD PARA PUERTAS,,1500.0,1392.98
2022,X05,Educación,OBRAS DE CONSERVACIÓN CENTROS DOCENTES DE ENSEÑANZA DEL DISTRITO DE SALAMANCA,,25920.0,
2022,X05,Educación,COLEGIO PÚBLICO AMADOR DE LOS RÍOS. CONSERVACIÓN ACABADOS Y VARIOS,,58500.0,34948.62
2022,X00,Inversiones de carácter general,,,182247.78,174187.24
2022,X00,Inversiones de carácter general,EDIFICIO SEDE DISTRITO SALAMANCA. OBRAS DE REHABILITACIÓN GENERAL,,142186.29,134442.05
2022,X00,Inversiones de carácter general,OBRAS DE CONSERVACIÓN EDIFICIOS DEL DISTRITO DE SALAMANCA,,26.7,
2022,X00,Inversiones de carácter general,OBRAS DE MEJORA Y ACONDICIONAMIENTO EDIFICIOS DISTRITO DE SALAMANCA,,289.6,
2022,X00,Inversiones de carácter general,"EDIFICIO C/ NÚÑEZ DE BALBOA, 40. INSONORIZACIÓN INSTALACIÓN DE CLIMATIZACIÓN Y OTRAS",,39745.19,39745.19
2022,X04,Salud pública,,,200101.72,200033.42
2022,X04,Salud pública,CMSc CENTRO MUNICIPAL DE SALUD COMUNITARIA DE SALAMANCA-RETIRO. SEÑALIZACIÓN,,1423.77,1410.11
2022,X04,Salud pública,EQUIPAMIENTO CMSc CENTRO MUNICIPAL DE SALUD COMUNITARIA DE SALAMANCA-RETIRO,,4258.7,4258.7
2022,X04,Salud pública,"SERVICIO DE FARMACIA, C/MONTESA, 22 EDIFICIO A. ADQUISICIÓN DE MAQUINARIA",,6830.57,6830.57
2022,X04,Salud pública,"COMPLEJO SANITARIO MONTESA, C/ MONTESA, 22. INSTALACIONES TÉCNICAS",,8356.78,8356.78
2022,X04,Salud pública,CENTRO DE DIAGNÓSTICO MÉDICO COMPLEJO MONTESA. ADQUISICIÓN MAQUINARIA,,111935.88,111935.88
2022,X04,Salud pública,"EQUIPAMIENTO EDIFICIO A COMPLEJO SANITARIO MONTESA, C/ MONTESA, 22",,1120.41,1120.41
2022,X04,Salud pública,"EQUIPAMIENTO EDIFICIO B COMPLEJO SANITARIO MONTESA, C/ MONTESA,22",,10759.11,10759.11
2022,X04,Salud pública,"EQUIPAMIENTO EDIFICIO C COMPLEJO SANITARIO MONTESA, C/ MONTESA,22",,7669.3,7669.3
2022,X04,Salud pública,"EQUIPAMIENTO EDIFICIO D COMPLEJO SANITARIO MONTESA, C/ MONTESA,22",,6237.33,6237.33
2022,X04,Salud pública,"CENTRO DE PREVENCIÓN DEL DETERIORO COGNITIVO, C/MONTESA,22. SEÑALIZACIÓN",,1423.77,1410.11
2022,X04,Salud pública,CENTRO DE DIAGNÓSTICO MÉDICO COMPLEJO MONTESA. SEÑALIZACIÓN,,2847.54,2820.22
2022,X04,Salud pública,"CENTRO MADRID SALUD INTERNACIONAL, C/MONTESA,22 EDIFICIO A. SEÑALIZACIÓN",,1423.77,1410.11
2022,X04,Salud pública,"COMPLEJO SANITARIO C/ MONTESA, 22. OBRAS ACONDICIONAMIENTO",,35814.79,35814.79
2023,X01,Protección Civil y seguridad ciudadana,,,423901.79,423800.34
2023,X01,Protección Civil y seguridad ciudadana,CENTRO INTEGRADO DE SEGURIDAD Y EMERGENCIAS (CISEM). OBRAS DE REFORMA,,423901.79,423800.34
2023,X10,Cultura,,,6222512.91,4199072.08
2023,X10,Cultura,MONUMENTO A LAS VÍCTIMAS DEL TERRORISMO. INSTALACIÓN,,270486.0,264316.5
2023,X10,Cultura,PUERTA DE ALCALÁ. OBRAS DE CONSERVACIÓN Y RESTAURACIÓN,,2506694.18,2471724.79
2023,X10,Cultura,ESCULTURA MÓVIL DE EUSEBIO SEMPERE. CONSERVACIÓN Y RESTAURACIÓN,,11132.0,11132.0
2023,X10,Cultura,CENTRO CULTURAL BUENAVISTA. OBRAS DE REFORMA Y AMPLIACIÓN,,1105505.14,1105505.14
2023,X10,Cultura,"CENTRO MULTIFUNCIONAL C/ FRANCISCO REMIRO, 21. CONSTRUCCION",,1897357.18,62988.99
2023,X10,Cultura,PLACAS CONMEMORATIVAS DISTRITO DE SALAMANCA. INSTALACIÓN,,7000.0,985.61
2023,X10,Cultura,CENTROS CULTURALES DEL DISTRITO DE SALAMANCA. OTRO MOBILIARIO Y ENSERES,,20000.0,
2023,X10,Cultura,CENTRO CULTURAL BUENAVISTA. INSTALACIÓN DE ARCO ANTIHURTO,,5000.0,4906.55
2023,X10,Cultura,CASA DEL RELOJ FUENTE DEL BERRO. ACONDICIONAMIENTO PARA SALA DE LECTURA,,205503.65,127950.77
2023,X10,Cultura,CENTRO CULTURAL RAFAEL ALTAMIRA. OBRAS DE RENOVACIÓN DE CALDERAS,,4615.43,614.3
2023,X10,Cultura,CENTRO CULTURAL MAESTRO ALONSO. OBRAS MEJORA ACCESIBILIDAD Y SUSTITUCIÓN ASCENSOR,,152219.33,115965.55
2023,X10,Cultura,CENTRO CULTURAL RAFAEL ALTAMIRA. OBRAS DE ACONDICIONAMIENTO PUNTUAL Y VARIOS,,37000.0,32981.88
2023,X06,Urbanismo,,,303126.8,153236.2
2023,X06,Urbanismo,"CALLE DE PEYRE, 6 y 8. ADOPCIÓN MEDIDAS DE SEGURIDAD",,59851.04,42894.47
2023,X06,Urbanismo,ÁREA DE PLANEAMIENTO ESPECÍFICO 04.09 CLUB SANTIAGO. JUNTA DE COMPENSACIÓN,,6157.08,6157.08
2023,X06,Urbanismo,"CALLE DE FRANCISCO REMIRO, 29-31. OBRAS ACCESORIAS DE URBANIZACIÓN",,32809.92,
2023,X06,Urbanismo,"ENTORNO PZA.BOSTÓN, PARQUE INFANTIL Y COLEGIO PÚBLICO GUINDALERA. OBRAS MEJORA URBANA",,214.55,214.55
2023,X06,Urbanismo,"ENTORNO C/ BOCÁNGEL, DEMETRIO SÁNCHEZ Y OTRAS. OBRAS DE MEJORA URBANA",,103580.24,103521.76
2023,X06,Urbanismo,VÍAS PÚBLICAS Bº FUENTE DEL BERRO.PRIORIDAD PEATONAL Y MEJORA ACCESIBILIDAD GLOBAL(ID 18: 9917;8672),,69397.96,
2023,X06,Urbanismo,"CALLE MÉJICO, BARRIO DE LA GUINDALERA. OBRAS DE MEJORA URBANA (ID 20: 14583)",,31116.01,448.34
2023,X07,Infraestructuras,,,5049.59,5049.59
2023,X07,Infraestructuras,PANTALLAS ACÚSTICAS EN INFRAESTRUCTURAS DE MOVILIDAD. INSTALACIÓN EN EL DISTRITO SALAMANCA,,5049.59,5049.59
2023,X08,Mantenimiento urbano,,,3685806.59,3548908.03
2023,X08,Mantenimiento urbano,MOBILIARIO URBANO ÁREAS DE MAYORES DISTRITO SALAMANCA. REPOSICIÓN,,30518.29,30518.28
2023,X08,Mantenimiento urbano,AVENIDA DE AMÉRICA Y CALLE CASTELLÓ. REHABILITACIÓN DE CALZADAS,,26656.98,26656.98
2023,X08,Mantenimiento urbano,"AVENIDA DE BRUSELAS, 40 A 68. MEJORA DE LA ACCESIBILIDAD",,359591.23,359591.23
2023,X08,Mantenimiento urbano,"CALLE CONDE DE PEÑALVER, ANTONIO ACUÑA, AVENIDA TOREROS Y ROBERTO DOMINGO. MEJORA BASE PAVIMENTO",,67455.09,67455.09
2023,X08,Mantenimiento urbano,CALLE HERMOSILLA. ADECUACIÓN DE ACERAS,,732224.25,732224.25
2023,X08,Mantenimiento urbano,AVENIDA BRUSELAS. PAVIMENTACIÓN Y ACONDICIONAMIENTO DE ACERAS,,297734.25,229426.05
2023,X08,Mantenimiento urbano,CALLE MARTÍNEZ IZQUIERDO. PAVIMENTACIÓN Y ACONDICIONAMIENTO DE ACERAS,,288678.26,285795.33
2023,X08,Mantenimiento urbano,"CALLES FRANCISCO SILVELA Y DOCTOR ESQUERDO, ENTORNO TÚNEL BAJO PLAZA DE MANUEL BECERRA. PAVIMENTO",,425488.34,425433.75
2023,X08,Mantenimiento urbano,"CALLES VELÁZQUEZ, FUENTE DEL BERRO Y OTRAS DISTRITO DE SALAMANCA. RENOVACIÓN PAVIMENTOS EN CALZADAS",,307233.28,307233.28
2023,X08,Mantenimiento urbano,PASEO RECOLETOS Y OTRAS DISTRITO SALAMANCA. RENOVACIÓN PAVIMENTOS EN CALZADAS,,9379.76,
2023,X08,Mantenimiento urbano,"C/GENERAL DÍAZ PORLIER, GENERAL PARDIÑAS, PADILLA Y MALDONADO. RENOVACIÓN DE PAVIMENTOS EN CALZADAS",,54471.48,
2023,X08,Mantenimiento urbano,PLAN CAMINO ESCOLAR SEGURO AVENIDA DE LOS TOREROS. ADECUACIÓN VÍAS PÚBLICAS,,11028.5,11028.5
2023,X08,Mantenimiento urbano,TÚNEL C/FRANCISCO SILVELADOCTOR ESQUERDO BAJO PZA. MANUEL BECERRA. RENOVACIÓN VIGAS FRONTAL ACCESO,,256869.98,256869.98
2023,X08,Mantenimiento urbano,ACERAS DE LA CALLE BOCÁNGEL. OBRAS DE MEJORA Y ADECUACIÓN (ID 20: 12873),,133576.09,133576.09
2023,X08,Mantenimiento urbano,CALLE DE JORGE JUAN. RENOVACIÓN DE PAVIMENTOS Y ACONDICIONAMIENTO ACERADOS,,233398.97,233288.77
2023,X08,Mantenimiento urbano,CALLE DE FERRER DEL RÍO. RENOVACIÓN DE PAVIMENTOS Y ACONDICIONAMIENTO ACERADOS,,449547.48,449060.81
2023,X08,Mantenimiento urbano,"CANTÓN DE LIMPIEZA C/ GENERAL DÍAZ PORLIER, 35. OBRAS DE REFORMA",,749.64,749.64
2023,X08,Mantenimiento urbano,ACCESIBILIDAD ENTRE C/PEÑASCALES Y DOCTOR ESQUERDO. ELIMINACIÓN DE BARRERAS (ID 19: 15392),,1204.72,
2023,X09,Medio ambiente,,,117535.9,88514.19
2023,X09,Medio ambiente,PLAZA DE MANUEL BECERRA. HOMOLOGACIÓN SISTEMA DE DRENAJE DE AGUAS PLUVIALES,,20352.91,20352.91
2023,X09,Medio ambiente,PARQUE EVA DUARTE. PLANTACIONES ARBÓREAS PARA COMPENSACIÓN EMISIONES CO2,,10631.88,
2023,X09,Medio ambiente,PLANTACIONES ARBÓREAS EN LOS PARQUES DEL DISTRITO DE SALAMANCA. MEJORA ESTÉTICA Y MEDIO AMBIENTAL,,46486.1,46485.78
2023,X09,Medio ambiente,"ZONA VERDE C/ ARDEMANS, 69. MEJORA ZONA INFANTIL",,21686.01,21675.5
2023,X09,Medio ambiente,JARDINES GREGORIO ORDOÑEZ. OBRAS DE MEJORA DE LAS CONDICIONES DE SEGURIDAD,,18379.0,
2023,X03,Protección y promoción social,,,484868.93,408347.11
2023,X03,Protección y promoción social,CENTRO DE DÍA DE MAYORES MARGARITA RETUERTO. OBRAS DE SUBSANACIÓN DE PATOLOGÍAS,,176329.3,172718.26
2023,X03,Protección y promoción social,CENTRO DE SERVICIOS SOCIALES GUINDALERA. ESTORES PARA DOTACIÓN DE ESPACIOS Y EFICIENCIA ENERGÉTICA,,14000.0,
2023,X03,Protección y promoción social,RESIDENCIA DE MAYORES CON ALZHEIMER MARGARITA RETUERTO. ADOPCIÓN DE MEDIDAS DE SEGURIDAD,,111428.94,92578.28
2023,X03,Protección y promoción social,"CENTRO DE SERVICIOS SOCIALES GUINDALERA. OBRAS DE EFICIENCIA ENERGÉTICA, SEGURIDAD Y HABITABILIDAD",,183110.69,143050.57
2023,X11,"Deportes, juventud y esparcimiento",,,3645969.7,3411315.67
2023,X11,"Deportes, juventud y esparcimiento",CENTRO DEPORTIVO GIMNASIO MOSCARDÓ. OBRAS REFORMA PISCINA SAMARANCH,,2310000.0,2302707.75
2023,X11,"Deportes, juventud y esparcimiento",CENTRO DEPORTIVO GIMNASIO MOSCARDÓ. OBRAS DE REFORMA Y ACONDICIONAMIENTO DE PISTAS DEPORTIVAS,,737446.65,737446.13
2023,X11,"Deportes, juventud y esparcimiento",OBRAS DE REFORMA INSTALACIONES DEPORTIVAS DEL DISTRITO DE SALAMANCA,,4.16,
2023,X11,"Deportes, juventud y esparcimiento",DEPORTIVO BÁSICO PARQUE BREOGÁN. SUBSANACIÓN DEFICIENCIAS EN INSTALACIÓN ELÉCTRICA,,22041.34,124.63
2023,X11,"Deportes, juventud y esparcimiento",DEPORTIVO BÁSICO EVA DUARTE. REPARACIÓN CIERRE PERIMETRAL Y ASEOS,,1765.59,1222.86
2023,X11,"Deportes, juventud y esparcimiento",DEPORTIVO BÁSICO TORRESPAÑA-FUENTE DEL BERRO. REPARACIÓN DEPÓSITO AGUA CALIENTE SANITARIA,,96.68,96.68
2023,X11,"Deportes, juventud y esparcimiento",CENTRO DEPORTIVO FUENTE DEL BERRO. ACONDICIONAMIENTO PUNTUAL Y EXTERIOR,,55949.82,48549.8
2023,X11,"Deportes, juventud y esparcimiento",CENTRO DEPORTIVO GIMNASIO MOSCARDÓ. CÉPED ARTIFICIAL PARA SOLARIUM PISCINA,,2934.1,
2023,X11,"Deportes, juventud y esparcimiento",DEPORTIVO BÁSICO EVA DUARTE. OBRAS DE REFORMA,,63786.21,59864.97
2023,X11,"Deportes, juventud y esparcimiento","DEPORTIVO BÁSICO TORRESPAÑA. ADECUACIÓN CAMPO FÚTBOL, ZONA INFANTIL Y VESTUARIOS DE PERSONAL",,377196.36,247201.54
2023,X11,"Deportes, juventud y esparcimiento",DEPORTIVO BÁSICO BREOGÁN. ADECUACIÓN Y CERRAMIENTO DE LA PISTA DE BALONCESTO Y OTRAS MEJORAS,,58000.0,991.67
2023,X11,"Deportes, juventud y esparcimiento",DEPORTIVO BÁSICO TORRESPAÑA-FUENTE DEL BERRO. OBRAS INSTALACIÓN DE CLIMATIZACIÓN,,13748.79,10141.9
2023,X11,"Deportes, juventud y esparcimiento",DEPORTIVO BÁSICO EVA DUARTE. TAQUILLAS PARA LOS VESTUARIOS,,3000.0,2967.74
2023,X12,Otros bienes públicos de carácter social,,,4000.0,1305.23
2023,X12,Otros bienes públicos de carácter social,"INMUEBLE EN CALLE POVEDILLA, 4. ADQUISICIÓN",,4000.0,1305.23
2023,X05,Educación,,,203995.88,169839.45
2023,X05,Educación,COLEGIO PÚBLICO AMADOR DE LOS RÍOS. REFORMA INTEGRAL DEL PATIO,,73765.51,72029.44
2023,X05,Educación,COLEGIO PÚBLICO GUINDALERA. MEJORA DEL PATIO Y DE LA ESCALERA DE ACCESO,,83406.41,83406.41
2023,X05,Educación,"COLEGIO PÚBLICO AMADOR DE LOS RÍOS. CONSERVACIÓN, ACABADOS Y VARIOS",,456.98,
2023,X05,Educación,OBRAS DE CONSERVACIÓN DE CENTROS DOCENTES DE ENSEÑANZA DEL DISTRITO DE SALAMANCA,,31963.08,
2023,X05,Educación,CENTROS DE EDUCACIÓN DEL DISTRITO SALAMANCA. MOBILIARIO Y ENSERES CAMPAMANTOS DE VERANO,,14403.9,14403.6
2023,X00,Inversiones de carácter general,,,5815.11,
2023,X00,Inversiones de carácter general,EQUIPAMIENTO SERVICIOS ADMINISTRATIVOS DISTRITO DE SALAMANCA,,5500.0,
2023,X00,Inversiones de carácter general,EDIFICIO SERVICIOS ADMINISTRATIVOS DEL DISTRITO DE SALAMANCA. OBRAS REFORMA,,315.11,
2023,X04,Salud pública,,,196535.06,196082.96
2023,X04,Salud pública,DEPARTAMENTO SALUD LABORAL DE LA MUJER. ADQUISICIÓN MAQUINARIA,,51909.0,51909.0
2023,X04,Salud pública,"SERVICIO DE FARMARCIA, C/ MONTESA, 22 EDIFICIO A. ADQUISICIÓN DE MAQUINARIA",,29193.16,29193.16
2023,X04,Salud pública,CMSc CENTRO MUNICIPAL DE SALUD COMUNITARIA DE SALAMANCA-RETIRO. MAQUINARIA,,17061.0,17061.0
2023,X04,Salud pública,"EDIFICIO A COMPLEJO SANITARIO MONTESA, C/MONTESA, 22. MAQUINARIA",,2809.62,2809.62
2023,X04,Salud pública,"LABORATORIO ANÁLISIS CLÍNICOS, C/ MONTESA, 22. EDIFICIO D. ADQUISICIÓN MAQUINARIA",,12007.98,12007.98
2023,X04,Salud pública,"LABORATORIO ANÁLISIS CLÍNICOS, C/ MONTESA, 22. EDIFICIO D. INSTALACIONES TÉCNICAS",,8203.22,8203.22
2023,X04,Salud pública,"EDIFICIO A COMPLEJO SANITARIO MONTESA, C/MONTESA, 22.INSTALACIONES TÉCNÍCAS",,3417.04,3417.04
2023,X04,Salud pública,OTRO EQUIPAMIENTO CMSc CENTRO MUNICIPAL DE SALUD COMUNITARIA DE SALAMANCA-RETIRO,,1024.1,1024.1
2023,X04,Salud pública,"OTRO EQUIPAMIENTO SECCIÓN SALUD LABORAL DE LA MUJER, C/MONTESA, 22. EDIFICIO A",,515.35,515.35
2023,X04,Salud pública,"OTRO EQUIPAMIENTO LABORATORIO ANÁLISIS CLÍNICOS, C/ MONTESA, 22. EDIFICIO D",,4192.74,4192.74
2023,X04,Salud pública,"OTRO EQUIPAMIENTO CENTRO SALUD INTERNACIONAL, C/MONTESA, 22 EDIFICIO A",,1495.71,1495.71
2023,X04,Salud pública,"OTRO EQUIPAMIENTO DEPARTAMENTO DE DIAGNÓSTICO MÉDICO, C/ MONTESA, 22. EDIFICIO B",,3212.38,3212.38
2023,X04,Salud pública,CMSc CENTRO MUNICIPAL DE SALUD COMUNITARIA DE SALAMANCA-RETIRO. SEÑALIZACIÓN,,746.57,746.57
2023,X04,Salud pública,"COMPLEJO SANITARIO MONTESA, C/MONTESA,22. SEÑALIZACIÓN",,746.57,746.57
2023,X04,Salud pública,SERVICIO DE FARMARCIA. ACONDICIONAMIENTO ESPACIOS,,60000.62,59548.52
2024,X01,Protección Civil y seguridad ciudadana,,,651894.07,550852.65
2024,X01,Protección Civil y seguridad ciudadana,CENTRO INTEGRADO DE SEGURIDAD Y EMERGENCIAS (CISEM). OBRAS DE REFORMA,,216041.87,192870.53
2024,X01,Protección Civil y seguridad ciudadana,CENTRO INTEGRADO DE SEGURIDAD Y EMERGENCIAS (CISEM). ADECUACIÓN SISTEMA DE DETECCIÓN DE INCENDIOS,,179748.23,179697.74
2024,X01,Protección Civil y seguridad ciudadana,CENTRO INTEGRADO DE SEGURIDAD Y EMERGENCIAS (CISEM). MOBILIARIO Y EQUIPOS DE OFICINA,,113799.85,77315.37
2024,X01,Protección Civil y seguridad ciudadana,PARQUE DE BOMBEROS Nº 2 DISTRITO DE SALAMANCA. OTRO MOBILIARIO Y ENSERES,,98445.1,57109.99
2024,X01,Protección Civil y seguridad ciudadana,PARQUE DE BOMBEROS NÚMERO 2. SEÑALIZACIÓN,,6458.98,6458.98
2024,X01,Protección Civil y seguridad ciudadana,"EQUIPAMIENTO GIMNASIO PARQUE BOMBEROS NÚMERO 2, DISTRITO SALAMANCA",,37400.04,37400.04
2024,X10,Cultura,,,8478305.32,3892353.55
2024,X10,Cultura,PUERTA DE ALCALÁ. OBRAS DE CONSERVACIÓN Y RESTAURACIÓN,,517109.5,517109.5
2024,X10,Cultura,"CENTRO MULTIFUNCIONAL C/ FRANCISCO REMIRO, 21. CONSTRUCCION",,7652668.35,3122255.92
2024,X10,Cultura,CENTROS CULTURALES DEL DISTRITO DE SALAMANCA. OTRO MOBILIARIO Y ENSERES,,1505.79,
2024,X10,Cultura,CASA DEL RELOJ FUENTE DEL BERRO. ACONDICIONAMIENTO PARA SALA DE LECTURA,,76348.2,74267.08
2024,X10,Cultura,CENTRO CULTURAL MAESTRO ALONSO. OBRAS MEJORA ACCESIBILIDAD Y SUSTITUCIÓN ASCENSOR,,49211.09,49211.09
2024,X10,Cultura,"RESTAURACION TRÍPTICO MANUEL RIVERA, MUSEO ESCULTURA AL AIRE LIBRE DE LA CASTELLANA",,24550.3,20180.33
2024,X10,Cultura,PLACAS CONMEMORATIVAS EN EL DISTRITO DE SALAMANCA. INSTALACIÓN,,8000.0,999.4
2024,X10,Cultura,CENTRO CULTURAL BUENAVISTA. OTRO MOBILIARIO Y ENSERES,,10502.8,7350.51
2024,X10,Cultura,CENTRO CULTURAL QUINTA DEL BERRO-RAFAEL ALTAMIRA. OTRO MOBILIARIO Y ENSERES,,4047.45,2786.75
2024,X10,Cultura,SALA DE LECTURA CASITA DEL RELOJ. OTRO MOBILIARIO Y ENSERES,,14000.31,9596.45
2024,X10,Cultura,CENTRO CULTURAL EMILIA PARDO BAZÁN. OTRO MOBILIARIO Y ENSERES,,5705.15,3730.8
2024,X10,Cultura,"ESPACIO CULTURAL NÚÑEZ DE BALBOA, 40. OTRO MOBILIARIO Y ENSERES",,2238.5,1578.08
2024,X10,Cultura,CENTRO CULTURAL QUINTA DEL BERRO-RAFAEL ALTAMIRA. SUBSANACIÓN DE DEFICIENCIAS INSTALACIÓN ELÉCTRICA,,3791.96,3028.68
2024,X10,Cultura,CENTRO CULTURAL BUENAVISTA. OBRAS DE CONSERVACIÓN Y MEJORA,,108625.92,80258.96
2024,X06,Urbanismo,,,450046.58,96491.96
2024,X06,Urbanismo,"CALLE DE PEYRE, 6 y 8. ADOPCIÓN MEDIDAS DE SEGURIDAD",,16956.56,16956.56
2024,X06,Urbanismo,ÁREA DE PLANEAMIENTO ESPECÍFICO 04.09 CLUB SANTIAGO. JUNTA DE COMPENSACIÓN,,66713.6,31480.4
2024,X06,Urbanismo,"CALLE DE FRANCISCO REMIRO, 29-31. OBRAS ACCESORIAS DE URBANIZACIÓN",,32809.92,16460.74
2024,X06,Urbanismo,VÍAS PÚBLICAS Bº FUENTE DEL BERRO.PRIORIDAD PEATONAL Y MEJORA ACCESIBILIDAD GLOBAL(ID 18: 9917;8672),,5507.0,
2024,X06,Urbanismo,"CALLE MÉJICO, BARRIO DE LA GUINDALERA. OBRAS DE MEJORA URBANA (ID 20: 14583)",,24674.88,24674.88
2024,X06,Urbanismo,PLAZA DE SALVADOR DALÍ. REMODELACIÓN DE LA URBANIZACIÓN,,289975.46,
2024,X06,Urbanismo,"CALLE ORCASITAS, 1. OBRAS ACCESORIAS DE URBANIZACIÓN",,13409.16,6919.38
2024,X07,Infraestructuras,,,310913.45,310765.34
2024,X07,Infraestructuras,PANTALLAS ACÚSTICAS EN INFRAESTRUCTURAS DE MOVILIDAD. INSTALACIÓN EN EL DISTRITO SALAMANCA,,310913.45,310765.34
2024,X08,Mantenimiento urbano,,,4519868.35,4124384.17
2024,X08,Mantenimiento urbano,PASEO RECOLETOS Y OTRAS DISTRITO SALAMANCA. RENOVACIÓN PAVIMENTOS EN CALZADAS,,451551.32,451551.32
2024,X08,Mantenimiento urbano,"C/GENERAL DÍAZ PORLIER, GENERAL PARDIÑAS, PADILLA Y MALDONADO. RENOVACIÓN DE PAVIMENTOS EN CALZADAS",,162959.91,162959.91
2024,X08,Mantenimiento urbano,TÚNEL C/FRANCISCO SILVELADOCTOR ESQUERDO BAJO PZA. MANUEL BECERRA. RENOVACIÓN VIGAS FRONTAL ACCESO,,23122.65,1359.93
2024,X08,Mantenimiento urbano,ACCESIBILIDAD ENTRE C/PEÑASCALES Y DOCTOR ESQUERDO. ELIMINACIÓN DE BARRERAS (ID 19: 15392),,372341.0,5473.27
2024,X08,Mantenimiento urbano,"CALLES DE CARDENAL BELLUGA, DIEGO DE LEÓN Y AVENIDA DE BONN. REHABILITACIÓN DE CALZADAS",,40748.94,40748.94
2024,X08,Mantenimiento urbano,"CALLES ERASO, FRANCISCO REMIRO, HERMOSILLA E ITURBE. RENOVACIÓN CAPA DE RODADURA",,73018.3,73018.3
2024,X08,Mantenimiento urbano,CALLE CID. ADECUACIÓN DE VIALES Y MEJORA DE LA ACCESIBILIDAD,,428535.79,428535.77
2024,X08,Mantenimiento urbano,"CALLE LAGASCA Y OTRAS, DISTRITO DE SALAMANCA. MEJORA DE LAS CONDICIONES DE RODADURA",,847877.98,844426.78
2024,X08,Mantenimiento urbano,"TECNOLOGÍA LED, SOPORTES Y LUMINARIAS C/ FRANCISCO SILVELA Y OTRAS, DISTRITO SALAMANCA. INSTALACIÓN",,192559.39,190019.34
2024,X08,Mantenimiento urbano,PASO PEATONAL INFERIOR LAGASCA-PARQUE DEL RETIRO. ACONDICIONAMIENTO ESTÉTICO Y OTRAS MEJORAS,,394295.03,393831.86
2024,X08,Mantenimiento urbano,PUENTE DE VENTAS. ADECUACIÓN ESTÉTICA Y OTRAS MEJORAS,,1532858.04,1532458.75
2024,X09,Medio ambiente,,,292201.48,126157.78
2024,X09,Medio ambiente,PLAZA DE MANUEL BECERRA. HOMOLOGACIÓN SISTEMA DE DRENAJE DE AGUAS PLUVIALES,,163062.0,108390.41
2024,X09,Medio ambiente,PARQUE EVA DUARTE. PLANTACIONES ARBÓREAS PARA COMPENSACIÓN EMISIONES CO2,,10631.88,10631.88
2024,X09,Medio ambiente,PLANTACIONES ARBÓREAS EN LOS PARQUES DEL DISTRITO DE SALAMANCA. MEJORA ESTÉTICA Y MEDIO AMBIENTAL,,507.6,507.6
2024,X09,Medio ambiente,"ZONA VERDE EN LA CALLE DIEGO DE LEÓN, 56, DISTRITO DE SALAMANCA. OBRAS DE REMODELACIÓN",,3023.48,3023.48
2024,X09,Medio ambiente,DIVERSAS ZONAS VERDES DEL DISTRITO DE SALAMANCA. ACTUACIONES DE REMODELACIÓN ZONAS AJARDINADAS,,14976.52,
2024,X09,Medio ambiente,JARDINES DE GREGORIO ORDÓÑEZ. OBRAS DE MEJORA Y ORDENACIÓN DEL ESPACIO,,100000.0,3604.41
2024,X03,Protección y promoción social,,,349480.66,283214.7
2024,X03,Protección y promoción social,CENTRO DE SERVICIOS SOCIALES GUINDALERA. ESTORES PARA DOTACIÓN DE ESPACIOS Y EFICIENCIA ENERGÉTICA,,9848.81,9848.8
2024,X03,Protección y promoción social,RESIDENCIA DE MAYORES CON ALZHEIMER MARGARITA RETUERTO. ADOPCIÓN DE MEDIDAS DE SEGURIDAD,,48892.02,36527.63
2024,X03,Protección y promoción social,"CENTRO DE SERVICIOS SOCIALES GUINDALERA. OBRAS DE EFICIENCIA ENERGÉTICA, SEGURIDAD Y HABITABILIDAD",,41726.79,40260.85
2024,X03,Protección y promoción social,CENTRO DÍA MAYORES MARGARITA RETUERTO. SUBSANACIÓN HUMEDADES Y SUSTITUCIÓN APARATOS ELEVACIÓN,,233476.62,182967.73
2024,X03,Protección y promoción social,CENTRO DE SERVICIOS SOCIALES GUINDALERA. OBRAS DE SUBSANACIÓN DE DEFICIENCIAS INSTALACIÓN ELÉCTRICA,,6138.16,4272.79
2024,X03,Protección y promoción social,CENTRO DE SERVICIOS SOCIALES LA GUINDALERA. OBRAS DE ACONDICIONAMIENTO Y ADECUACIÓN,,9398.26,9336.9
2024,X11,"Deportes, juventud y esparcimiento",,,1549005.28,1497004.95
2024,X11,"Deportes, juventud y esparcimiento",CENTRO DEPORTIVO GIMNASIO MOSCARDÓ. OBRAS REFORMA PISCINA SAMARANCH,,1251402.58,1214683.92
2024,X11,"Deportes, juventud y esparcimiento",DEPORTIVO BÁSICO PARQUE BREOGÁN. SUBSANACIÓN DEFICIENCIAS EN INSTALACIÓN ELÉCTRICA,,19451.81,19451.81
2024,X11,"Deportes, juventud y esparcimiento","DEPORTIVO BÁSICO TORRESPAÑA. ADECUACIÓN CAMPO FÚTBOL, ZONA INFANTIL Y VESTUARIOS DE PERSONAL",,140770.27,135546.83
2024,X11,"Deportes, juventud y esparcimiento",DEPORTIVO BÁSICO BREOGÁN. ADECUACIÓN Y CERRAMIENTO DE LA PISTA DE BALONCESTO Y OTRAS MEJORAS,,50011.62,49100.81
2024,X11,"Deportes, juventud y esparcimiento",INSTALACIONES DEPORTIVAS DEL DISTRITO DE SALAMANCA. OTRO MOBILIARIO Y ENSERES,,5468.4,
2024,X11,"Deportes, juventud y esparcimiento","CENTRO DEPORTIVO GIMNASIO MOSCARDÓ, EDIFICIO SAMARANCH. OTRO MOBILIARIO Y ENSERES",,58016.6,56254.15
2024,X11,"Deportes, juventud y esparcimiento",DEPORTIVO BÁSICO BOSTON. OTRO MOBILIARIO Y ENSERES,,13554.0,13554.0
2024,X11,"Deportes, juventud y esparcimiento",CENTRO DEPORTIVO GIMNASIO MOSCARDÓ. EQUIPOS DE COMUNICACIÓN,,2200.0,2156.28
2024,X11,"Deportes, juventud y esparcimiento",OBRAS DE REFORMA EN CENTROS DEPORTIVOS DEL DISTRITO DE SALAMANCA,,1658.79,
2024,X11,"Deportes, juventud y esparcimiento",DEPORTIVO BÁSICO TORRESPAÑA-FUENTE DEL BERRO. ADECUACIÓN INSTALACIÓN ELÉCTRICA,,3446.21,3232.15
2024,X11,"Deportes, juventud y esparcimiento",CENTRO DEPORTIVO GIMNASIO MOSCARDÓ. OBRAS DE INSTALACIÓN DE CANASTAS EN PABELLÓN DE BALONCESTO,,3025.0,3025.0
2024,X12,Otros bienes públicos de carácter social,,,2418.65,
2024,X12,Otros bienes públicos de carácter social,EQUIPAMIENTO OFICINA DE ATENCIÓN AL CIUDADANO LÍNEA MADRID DE SALAMANCA,,2418.65,
2024,X05,Educación,,,206298.0,160948.43
2024,X05,Educación,COLEGIO PÚBLICO GUINDALERA. ADAPTACIÓN A NORMATIVA ELÉCTRICA,,1217.07,670.52
2024,X05,Educación,OBRAS DE REPARACIÓN Y REFORMA EN CENTROS DOCENTES DE ENSEÑANZA DEL DISTRITO DE SALAMANCA,,4125.64,
2024,X05,Educación,ESCUELA INFANTIL RUIZ JIMÉNEZ. ADAPTACIÓN A NORMATIVA ELÉCTRICA,,3219.99,3145.33
2024,X05,Educación,COLEGIO PÚBLICO REINA VICTORIA. ADAPTACIÓN A NORMATIVA ELÉCTRICA,,3616.99,3070.45
2024,X05,Educación,COLEGIO PÚBLICO AMADOR DE LOS RÍOS. ADAPTACIÓN A NORMATIVA ELÉCTRICA,,2618.31,2071.75
2024,X05,Educación,COLEGIO PÚBLICO REINA VICTORIA. ESCALERA DE EMERGENCIA  Y MEJORA CONDICIONES DE USO Y SEGURIDAD,,77294.03,45220.96
2024,X05,Educación,COLEGIOS PÚBLICOS DISTRITO DE SALAMANCA. ADECUACIÓN ESPACIOS Y MEJORA CONDICIONES DE USO Y SEGURIDAD,,838.55,
2024,X05,Educación,COLEGIO PÚBLICO AMADOR DE LOS RÍOS. ADECUACIÓN ESPACIOS Y MEJORA CONDICIONES DE USO Y SEGURIDAD,,113367.42,106769.42
2024,X00,Inversiones de carácter general,,,401391.94,374956.87
2024,X00,Inversiones de carácter general,"LOCAL CALLE POVEDILLA, 4. OBRAS DE REFORMA",,330000.0,330000.0
2024,X00,Inversiones de carácter general,SERVICIOS ADMINISTRATIVOS DEL DISTRITO DE SALAMANCA. MOBILIARIO Y EQUIPOS DE OFICINA,,922.0,921.45
2024,X00,Inversiones de carácter general,OBRAS DE REFORMA Y CONSERVACIÓN EN EDIFICIOS DEL DISTRITO DE SALAMANCA,,2207.67,
2024,X00,Inversiones de carácter general,EDIFICIO SEDE DISTRITO DE SALAMANCA. OBRAS DE SUBSANACIÓN DE DEFICIENCIAS INSTALACIÓN ELÉCTRICA,,6262.27,6178.59
2024,X00,Inversiones de carácter general,EDIFICIO SEDE DISTRITO SALAMANCA. ADECUACIÓN INSTALACIÓN CONTRA INCENDIOS Y REPARACIÓN HUMEDADES,,46000.0,29630.09
2024,X00,Inversiones de carácter general,EDIFICIO SEDE DEL DISTRITO DE SALAMANCA. INSTALACIONES DE CLIMATIZACIÓN,,16000.0,8226.74
2024,X04,Salud pública,,,280005.34,278313.98
2024,X04,Salud pública,SERVICIO DE FARMARCIA. ACONDICIONAMIENTO ESPACIOS,,452.1,452.1
2024,X04,Salud pública,"SECCIÓN DIAGNÓSTICO POR IMAGEN, C/MONTESA, 22. EDIFICIO A. ADQUISICIÓN MAQUINARIA",,83493.75,83438.09
2024,X04,Salud pública,"EQUIPAMIENTO CENTRO SALUD INTERNACIONAL, C/MONTESA, 22 EDIFICIO A",,1867.2,1867.2
2024,X04,Salud pública,"EQUIPAMIENTO CENTRO DE ESPECIALIDADES MÉDICAS, C/ MONTESA, 22  EDIFICIO B",,12263.27,12263.27
2024,X04,Salud pública,SERVICIOS SALUBRIDAD PÚBLICA DISTRITO DE SALAMANCA. FOTÓMETRO PARA CONTROL DE AGUAS,,939.0,938.96
2024,X04,Salud pública,"DEPARTAMENTO DE FARMACIA, C/ MONTESA, 22 EDIFICIO A. ADQUISICIÓN DE MAQUINARIA",,42182.91,42182.91
2024,X04,Salud pública,"CENTRO SALUD INTERNACIONAL, C/MONTESA, 22 EDIFICIO A. ADQUISICIÓN MAQUINARIA",,2358.0,2358.0
2024,X04,Salud pública,CENTRO MUNICIPAL DE SALUD COMUNITARIA DE SALAMANCA-RETIRO. MAQUINARIA,,127.32,
2024,X04,Salud pública,EDIFICIO A COMPLEJO SANITARIO MONTESA. INSTALACIONES TÉCNICAS,,14991.04,14991.04
2024,X04,Salud pública,CMSc CENTRO MUNICIPAL DE SALUD COMUNITARIA DE SALAMANCA-RETIRO. INSTALACIONES TÉCNICAS,,1350.11,
2024,X04,Salud pública,"EQUIPAMIENTO CENTRO PREVENCIÓN DETERIORO COGNITIVO,C/MONTESA,22 EDIFICIO D",,1592.57,1592.57
2024,X04,Salud pública,"EQUIPAMIENTO LABORATORIO DE ANÁLISIS CLÍNICOS, C/ MONTESA, 22 EDIFICIO C",,792.55,792.55
2024,X04,Salud pública,COMPLEJO SANITARIO MONTESA. REHABILITACIÓN Y CONSOLIDACIÓN MURO PERIMETRAL,,8857.2,8857.2
2024,X04,Salud pública,"COMPLEJO MONTESA. REHABILITACIÓN CUBIERTA, FACHADA Y SANEAMIENTO",,20566.85,20566.85
2024,X04,Salud pública,EDIFICIO A COMPLEJO SANITARIO MONTESA. OBRAS DE REFORMA,,46414.37,46256.14
2024,X04,Salud pública,LABORATORIO DE ANÁLISIS CLÍNICOS. APLICACIONES INFORMÁTICAS,,41757.1,41757.1
2025,X01,Protección Civil y seguridad ciudadana,,,133876.75,133876.75
2025,X01,Protección Civil y seguridad ciudadana,CENTRO INTEGRADO DE SEGURIDAD Y EMERGENCIAS (CISEM). MOBILIARIO Y EQUIPOS DE OFICINA,,17728.92,17728.92
2025,X01,Protección Civil y seguridad ciudadana,PARQUE DE BOMBEROS Nº 2 DISTRITO DE SALAMANCA. OTRO MOBILIARIO Y ENSERES,,103343.68,103343.68
2025,X01,Protección Civil y seguridad ciudadana,COMISARÍA INTEGRAL DISTRITO SALAMANCA. SEÑALIZACIÓN EXTERIOR,,12804.15,12804.15
2025,X10,Cultura,,,8990543.68,8713954.58
2025,X10,Cultura,PUERTA DE ALCALÁ. OBRAS DE CONSERVACIÓN Y RESTAURACIÓN,,11092.0,11091.91
2025,X10,Cultura,"CENTRO MULTIFUNCIONAL C/ FRANCISCO REMIRO, 21. CONSTRUCCION",,8471025.47,8338705.79
2025,X10,Cultura,MONUMENTO A LOS PERIODISTAS FALLECIDOS EN EJERCICIO DE SU PROFESIÓN. INSTALACIÓN C/JUAN BRAVO,,130000.0,24075.56
2025,X10,Cultura,MUSEO DE ESCULTURA AL AIRE LIBRE DE LA CASTELLANA. RESTAURACIÓN OBRAS,,46489.93,46489.92
2025,X10,Cultura,CENTROS CULTURALES DEL DISTRITO DE SALAMANCA. PANTALLAS INFORMATIVAS,,1291.98,
2025,X10,Cultura,CENTRO CULTURAL BUENAVISTA. ADQUISICIÓN DE MONITOR,,9432.47,9432.46
2025,X10,Cultura,CENTRO CULTURAL EMILIA PARDO BAZÁN. ADQUISICIÓN DE PANTALLAS LED,,61027.4,61027.4
2025,X10,Cultura,PLACAS CONMEMORATIVAS EN DIVERSAS CALLES DEL DISTRITO DE SALAMANCA. INSTALACIÓN,,8780.73,2180.88
2025,X10,Cultura,TEATRO EN EL CENTRO CULTURAL BUENAVISTA. INSTALACIONES TÉCNICAS,,198547.28,198547.22
2025,X10,Cultura,CENTROS CULTURALES DEL DISTRITO DE SALAMANCA.  MOBILIARIO Y ENSERES,,18754.55,
2025,X10,Cultura,CENTRO CULTURAL MAESTRO ALONSO. MOBILIARIO Y ENSERES,,678.18,678.18
2025,X10,Cultura,CENTRO CULTURAL BUENAVISTA. MOBILIARIO Y ENSERES,,18682.39,18682.39
2025,X10,Cultura,"ESPACIO CULTURAL NÚÑEZ DE BALBOA, 40. MOBILIARIO Y ENSERES",,1925.11,1925.11
2025,X10,Cultura,CENTRO CULTURAL QUINTA DEL BERRO - RAFAEL ALTAMIRA. MOBILIARIO Y ENSERES,,959.77,959.77
2025,X10,Cultura,CENTRO CULTURAL BUENAVISTA. OBRAS SUSTITUCIÓN DE PUERTA Y REFORMA DE CLIMATIZACIÓN,,11856.42,157.99
2025,X06,Urbanismo,,,1386968.16,1386964.76
2025,X06,Urbanismo,ÁREA DE PLANEAMIENTO ESPECÍFICO 04.09 CLUB SANTIAGO. JUNTA DE COMPENSACIÓN,,59263.68,59263.68
2025,X06,Urbanismo,"ENTORNO PZA.BOSTÓN, PARQUE INFANTIL Y COLEGIO PÚBLICO GUINDALERA. OBRAS MEJORA URBANA",,6988.94,6988.94
2025,X06,Urbanismo,PLAZA DE SALVADOR DALÍ. REMODELACIÓN DE LA URBANIZACIÓN,,1275000.0,1274996.6
2025,X06,Urbanismo,BULEVAR C/ JUAN BRAVO. OBRAS DE ADECUACIÓN PARA INSTALACIÓN DE ELEMENTO ESCULTÓRICO,,33432.57,33432.57
2025,X06,Urbanismo,ENTORNO CALLES ARDEMANS Y FERRER DEL RÍO.MEJORA ACCESIBILIDAD Y CALIDAD ESPACIO PÚBLICO,,4914.75,4914.75
2025,X06,Urbanismo,ENTORNO PLAZA BASILEA. OBRAS DE MEJORA URBANA,,7368.22,7368.22
2025,X07,Infraestructuras,,,5006996.47,5006996.35
2025,X07,Infraestructuras,CUBRICIÓN DEL VIARIO M-30 EN EL PUENTE DE VENTAS,,5006996.47,5006996.35
2025,X08,Mantenimiento urbano,,,2633834.77,2214626.41
2025,X08,Mantenimiento urbano,ACCESIBILIDAD ENTRE C/PEÑASCALES Y DOCTOR ESQUERDO. ELIMINACIÓN DE BARRERAS (ID 19: 15392),,445271.46,135476.3
2025,X08,Mantenimiento urbano,VÍAS PÚBLICAS Bº FUENTE DEL BERRO.PRIORIDAD PEATONAL Y MEJORA ACCESIBILIDAD GLOBAL(ID 18: 9917;8672),,5506.3,5506.3
2025,X08,Mantenimiento urbano,"IFS-CALLE MARÍA TERESA, DISTRITO SALAMANCA. MEJORA DE LAS CONDICIONES DE RODADURA",,17457.85,17245.57
2025,X08,Mantenimiento urbano,"IFS-CALLE PILAR DE ZARAGOZA, DISTRITO DE SALAMANCA. MEJORA DE LAS CONDICIONES DE RODADURA",,533866.9,524463.76
2025,X08,Mantenimiento urbano,IFS-ENTORNO CENTROS ESCOLARES DISTRITO DE SALAMANCA. ADECUACIÓN DE VÍAS Y ESPACIOS PÚBLICOS,,244116.28,242144.28
2025,X08,Mantenimiento urbano,CALLE CID. ADECUACIÓN DE VIALES Y MEJORA DE LA ACCESIBILIDAD,,183658.19,109018.6
2025,X08,Mantenimiento urbano,"CALLE LAGASCA Y OTRAS, DISTRITO DE SALAMANCA. MEJORA DE LAS CONDICIONES DE RODADURA",,966.56,966.56
2025,X08,Mantenimiento urbano,"TECNOLOGÍA LED, SOPORTES Y LUMINARIAS C/ FRANCISCO SILVELA Y OTRAS, DISTRITO SALAMANCA. INSTALACIÓN",,5481.7,5481.7
2025,X08,Mantenimiento urbano,PUENTE DE VENTAS. ADECUACIÓN ESTÉTICA Y OTRAS MEJORAS,,99678.23,99678.23
2025,X08,Mantenimiento urbano,ÁREAS INFANTILES INTEGRACIÓN DISTRITO SALAMANCA. TRANSFORMACIÓN E INSTALACIÓN (ID 21: 17328),,87172.26,87172.26
2025,X08,Mantenimiento urbano,PASO INFERIOR VEHÍCULOS AV. CAMILO JOSÉ CELA-C/CORAZÓN DE MARÍA BAJO A-2. OBRAS DE ACONDICIONAMIENTO,,729906.06,729500.58
2025,X08,Mantenimiento urbano,PASO CONEXIÓN ENTRE PASARELA AVENIDA DE AMÉRICA-AVENIDA BRUSELAS. OBRAS DE ADECUACIÓN,,48341.13,32670.14
2025,X08,Mantenimiento urbano,"CALLE ANTONIA RUIZ SORO, DISTRITO DE SALAMANCA. MEJORA DE LAS CONDICIONES DE RODADURA",,212342.15,205232.43
2025,X08,Mantenimiento urbano,"TECNOLOGÍA LED, SOPORTES Y LUMINARIAS EN LA CALLE NARVÁEZ, DISTRITO SALAMANCA. INSTALACIÓN",,20069.7,20069.7
2025,X09,Medio ambiente,,,204704.08,94218.38
2025,X09,Medio ambiente,"ZONA VERDE EN LA CALLE DIEGO DE LEÓN, 56, DISTRITO DE SALAMANCA. OBRAS DE REMODELACIÓN",,4581.0,
2025,X09,Medio ambiente,JARDINES DE AURORA AUÑÓN. OBRAS DE MEJORA Y AMPLIACIÓN DE ZONA INFANTIL,,95943.0,93.67
2025,X09,Medio ambiente,DIVERSAS ZONAS VERDES DEL DISTRITO DE SALAMANCA. ACTUACIONES DE REMODELACIÓN ZONAS AJARDINADAS,,19.0,
2025,X09,Medio ambiente,JARDINES DE GREGORIO ORDÓÑEZ. OBRAS DE MEJORA Y ORDENACIÓN DEL ESPACIO,,95335.0,85298.63
2025,X09,Medio ambiente,"EQUIPOS RECARGA VEHÍCULOS ELÉCTRICOS DEPENDENCIAS BOMBEROS C/ RUFINO BLANCO, 2. MEJORA INSTALACIONES",,8826.08,8826.08
2025,X03,Protección y promoción social,,,665779.34,500198.02
2025,X03,Protección y promoción social,CENTRO DÍA MAYORES MARGARITA RETUERTO. SUBSANACIÓN HUMEDADES Y SUSTITUCIÓN APARATOS ELEVACIÓN,,278173.89,114404.86
2025,X03,Protección y promoción social,RESIDENCIA DE MAYORES CON ALZHEIMER MARGARITA RETUERTO. ADECUACIÓN INSTALACIÓN ELÉCTRICA Y OTRAS,,44690.37,44502.38
2025,X03,Protección y promoción social,CENTRO DE SERVICIOS SOCIALES LA GUINDALERA. OBRAS DE ACONDICIONAMIENTO Y ADECUACIÓN,,11.8,11.8
2025,X03,Protección y promoción social,EQUIPAMIENTO CENTRO DE MAYORES LA GUINDALERA,,3050.0,2666.86
2025,X03,Protección y promoción social,EQUIPAMIENTO RESIDENCIA DE MAYORES MARGARITA RETUERTO PARA ADAPTACIÓN A UNIDAD CONVIVENCIA,,325643.3,325643.3
2025,X03,Protección y promoción social,CENTROS DE MAYORES DEL DISTRITO DE SALAMANCA. OTRO MOBILIARIO Y ENSERES,,839.9,
2025,X03,Protección y promoción social,CENTRO DE MAYORES MAESTRO ALONSO. OTRO MOBILIARIO Y ENSERES,,930.2,930.2
2025,X03,Protección y promoción social,CENTRO DE MAYORES LA GUINDALERA. OTRO MOBILIARIO Y ENSERES,,229.9,229.9
2025,X03,Protección y promoción social,PUNTO DE INTERCAMBIO DE LIBROS CENTROS DE MAYORES SALAMANCA. MOBILIARIO Y ENSERES (ID 24:20046),,1200.0,1004.3
2025,X03,Protección y promoción social,CENTRO DE SERVICIOS SOCIALES GUINDALERA. OBRAS DE INSTALACIÓN DE ALARMA,,4598.65,4420.41
2025,X03,Protección y promoción social,CENTRO DE SERVICIOS SOCIALES LA GUINDALERA. OBRAS DE REPARACIÓN,,6411.33,6384.01
2025,X11,"Deportes, juventud y esparcimiento",,,520296.44,440575.14
2025,X11,"Deportes, juventud y esparcimiento",EQUIPAMIENTO CENTRO DEPORTIVO GIMNASIO MOSCARDÓ,,48238.06,12841.13
2025,X11,"Deportes, juventud y esparcimiento",OBRAS DE REFORMA Y CONSERVACIÓN EN INSTALACIONES DEPORTIVAS DEL DISTRITO DE SALAMANCA,,10175.67,
2025,X11,"Deportes, juventud y esparcimiento",CENTRO DEPORTIVO FUENTE DEL BERRO. OBRAS DE IMPERMEABILIZACIÓN DE VESTUARIOS,,137095.82,131963.86
2025,X11,"Deportes, juventud y esparcimiento",CENTRO DEPORTIVO GIMNASIO MOSCARDÓ. OBRAS ACONDICIONAMIENTO VALLADO EN PISTAS DEPORTIVAS EXTERIORES,,330.37,
2025,X11,"Deportes, juventud y esparcimiento",EQUIPAMIENTO INSTALACIONES DEPORTIVAS DISTRITO DE SALAMANCA,,2547.64,
2025,X11,"Deportes, juventud y esparcimiento",EQUIPAMIENTO DEPORTIVO BÁSICO TORRESPAÑA-FUENTE DEL BERRO,,14224.91,14224.91
2025,X11,"Deportes, juventud y esparcimiento",OBRAS DE REFORMA EN CENTROS DEPORTIVOS DEL DISTRITO DE SALAMANCA,,28.45,
2025,X11,"Deportes, juventud y esparcimiento",CENTRO DEPORTIVO GIMNASIO MOSCARDÓ. OBRAS DE INSTALACIÓN DE CANASTAS EN PABELLÓN DE BALONCESTO,,43571.55,31621.55
2025,X11,"Deportes, juventud y esparcimiento",CENTRO DEPORTIVO GIMNASIO MOSCARDO. MATERIAL DE ELECTROMEDICINA,,6438.41,6438.41
2025,X11,"Deportes, juventud y esparcimiento",CENTRO DEPORTIVO GIMNASIO MOSCARDÓ. MATERIAL DE FISIOTERAPIA,,2150.0,1890.45
2025,X11,"Deportes, juventud y esparcimiento",IFS-DEPORTIVO BÁSICO PARQUE BREOGÁN. OBRAS DE SUSTITUCIÓN CÉSPED DEL CAMPO DE FÚTBOL 7,,185217.71,175669.21
2025,X11,"Deportes, juventud y esparcimiento",CENTRO DEPORTIVO GIMNASIO MOSCARDÓ. SILENCIADORES PARA LA DESHUMECTADORA,,15125.0,14495.8
2025,X11,"Deportes, juventud y esparcimiento",CENTRO DEPORTIVO GIMNASIO MOSCARDÓ. ADQUISICIÓN DE ELEVADOR ELÉCTRICO PARA PISCINA,,7510.39,7510.39
2025,X11,"Deportes, juventud y esparcimiento",CENTRO DEPORTIVO GIMNASIO MOSCARDÓ. OBRAS DE SUBSANACIÓN DE LA INSTALACIÓN ELÉCTRICA,,3335.72,2780.42
2025,X11,"Deportes, juventud y esparcimiento",DEPORTIVO BÁSICO TORRESPAÑA-FUENTE DEL BERRO. OBRAS DE CONSERVACIÓN Y MEJORA,,36175.54,33628.62
2025,X11,"Deportes, juventud y esparcimiento",CENTRO DEPORTIVO FUENTE DEL BERRO. ELEVADOR ELÉCTRICO PARA PISCINA,,8131.2,7510.39
2025,X12,Otros bienes públicos de carácter social,,,32684.25,32684.25
2025,X12,Otros bienes públicos de carácter social,EQUIPAMIENTO OFICINA DE ATENCIÓN AL CIUDADANO LÍNEA MADRID DE SALAMANCA,,2418.65,2418.65
2025,X12,Otros bienes públicos de carácter social,"EQUIPAMIENTO OFICINA DE ATENCIÓN A LA CIUDADANÍA (OAC) SALAMANCA, C/ POVEDILLA 4. LÍNEA MADRID",,25198.25,25198.25
2025,X12,Otros bienes públicos de carácter social,"OFICINA DE ATENCIÓN A LA CIUDADANÍA LÍNEA MADRID DE SALAMANCA EN C/ POVEDILLA, 4. SEÑALIZACIÓN",,5067.35,5067.35
2025,X05,Educación,,,567832.26,458883.6
2025,X05,Educación,COLEGIO PÚBLICO GUINDALERA. ADAPTACIÓN A NORMATIVA ELÉCTRICA,,806.25,806.25
2025,X05,Educación,"IFS-COLEGIO PÚBLICO AMADOR DE LOS RÍOS.REPARACIÓN SANEAMIENTO, ACABADOS, ILUMINACIÓN LED Y OTRAS MEJORAS",,268290.82,206295.17
2025,X05,Educación,"IFS-ESCUELA INFANTIL RUIZ JIMÉNEZ. OBRAS REPARACIÓN HUMEDADES, COCINA, LÍNEA DE VIDA Y OTRAS MEJORAS",,60730.42,36139.87
2025,X05,Educación,"IFS-COLEGIO PÚBLICO GUINDALERA.REPARACIÓN SANEAMIENTO,PÉRGOLAS, ADECUACIÓN LED Y OTRAS EDIFICIO INFANTIL",,215978.76,197312.05
2025,X05,Educación,OBRAS DE REPARACIÓN Y REFORMA EN CENTROS DOCENTES DE ENSEÑANZA DEL DISTRITO DE SALAMANCA,,1156.23,
2025,X05,Educación,COLEGIO PÚBLICO REINA VICTORIA. ADAPTACIÓN A NORMATIVA ELÉCTRICA,,4119.78,4119.78
2025,X05,Educación,COLEGIO PÚBLICO REINA VICTORIA. ESCALERA DE EMERGENCIA  Y MEJORA CONDICIONES DE USO Y SEGURIDAD,,14210.48,14210.48
2025,X05,Educación,COLEGIOS PÚBLICOS DISTRITO DE SALAMANCA. ADECUACIÓN ESPACIOS Y MEJORA CONDICIONES DE USO Y SEGURIDAD,,39.52,
2025,X05,Educación,OBRAS DE REPARACIÓN Y CONSERVACIÓN EN CENTROS EDUCATIVOS DEL DISTRITO DE SALAMANCA,,2500.0,
2025,X00,Inversiones de carácter general,,,851595.08,846881.5
2025,X00,Inversiones de carácter general,"LOCAL CALLE POVEDILLA, 4. OBRAS DE REFORMA",,814870.0,812950.38
2025,X00,Inversiones de carácter general,OBRAS DE REFORMA Y CONSERVACIÓN EN EDIFICIOS DEL DISTRITO DE SALAMANCA,,8.2,
2025,X00,Inversiones de carácter general,EDIFICIO SEDE DISTRITO SALAMANCA. ADECUACIÓN INSTALACIÓN CONTRA INCENDIOS Y REPARACIÓN HUMEDADES,,18693.49,18510.88
2025,X00,Inversiones de carácter general,EQUIPAMIENTO SERVICIOS ADMINISTRATIVOS JUNTA MUNICIPAL DEL DISTRITO DE SALAMANCA,,18000.0,15420.24
2025,X00,Inversiones de carácter general,OBRAS DE CONSERVACIÓN Y REFORMA EN EDIFICIOS DEL DISTRITO DE SALAMANCA,,23.39,
2025,X04,Salud pública,,,892250.14,769770.55
2025,X04,Salud pública,"LABORATORIO ANÁLISIS CLÍNICOS, C/ MONTESA, 22. EDIFICIO D. ADQUISICIÓN MAQUINARIA",,978.89,978.89
2025,X04,Salud pública,"SECCIÓN DIAGNÓSTICO POR IMAGEN, C/MONTESA, 22. EDIFICIO A. ADQUISICIÓN MAQUINARIA",,342201.54,342201.54
2025,X04,Salud pública,"COMPLEJO EDIFICIOS MADRID SALUD, C/ MONTESA, 22. ADECUACIÓN MURO DE CERRAMIENTO Y ACCESIBILIDAD",,300000.0,177790.82
2025,X04,Salud pública,"EQUIPAMIENTO DEPARTAMENTO DE FARMACIA, C/ MONTESA, 22 EDIFICIO A",,47047.28,47039.88
2025,X04,Salud pública,EQUIPAMIENTO CMSc CENTRO MUNICIPAL DE SALUD COMUNITARIA DE SALAMANCA-RETIRO,,2170.93,2122.79
2025,X04,Salud pública,"EQUIPAMIENTO CENTRO DE ESPECIALIDADES MÉDICAS, C/ MONTESA, 22  EDIFICIO B",,10679.73,10569.16
2025,X04,Salud pública,CENTRO MUNICIPAL DE SALUD COMUNITARIA DE SALAMANCA-RETIRO. MAQUINARIA,,1644.66,1644.66
2025,X04,Salud pública,EDIFICIO A COMPLEJO SANITARIO MONTESA. INSTALACIONES TÉCNICAS,,18119.7,18119.7
2025,X04,Salud pública,CMSc CENTRO MUNICIPAL DE SALUD COMUNITARIA DE SALAMANCA-RETIRO. INSTALACIONES TÉCNICAS,,1350.11,1350.11
2025,X04,Salud pública,"EQUIPAMIENTO CENTRO PREVENCIÓN DETERIORO COGNITIVO,C/MONTESA,22 EDIFICIO D",,262.39,262.39
2025,X04,Salud pública,"EQUIPAMIENTO LABORATORIO DE ANÁLISIS CLÍNICOS, C/ MONTESA, 22 EDIFICIO C",,4627.03,4627.03
2025,X04,Salud pública,EQUIPAMIENTO SERVICIOS DE SALUBRIDAD DEL DISTRITO DE SALAMANCA,,1681.9,1681.9
2025,X04,Salud pública,CENTRO DE DIAGNÓSTICO MÉDICO COMPLEJO MONTESA. OBRAS DE REFORMA,,18672.05,18672.05
2025,X04,Salud pública,"EQUIPAMIENTO SECCIÓN DIAGNÓSTICO POR IMAGEN, C/MONTESA, 22. EDIFICIO A",,3390.42,3286.12
2025,X04,Salud pública,"EQUIPAMIENTO CENTRO SALUD INTERNACIONAL, C/MONTESA, 22 EDIFICIO C",,6885.97,6885.97
2025,X04,Salud pública,"EQUIPAMIENTO DEPARTAMENTO DE SALUD LABORAL DE LA MUJER,",,3934.91,3934.91
2025,X04,Salud pública,"CENTRO DE ESPECIALIDADES MÉDICAS, C/ MONTESA, 22  EDIFICIO B. MAQUINARIA",,76191.89,76191.89
2025,X04,Salud pública,"DEPARTAMENTO DE FARMACIA, C/ MONTESA, 22 EDIFICIO A. ADQUISICIÓN MAQUINARIA",,52410.74,52410.74
2026,X01,Protección Civil y seguridad ciudadana,,,701401.28,
2026,X01,Protección Civil y seguridad ciudadana,CENTRO INTEGRADO DE SEGURIDAD Y EMERGENCIAS. OBRAS ADECUACIÓN INSTALACIÓN ELÉCTRICA.,,500000.0,
2026,X01,Protección Civil y seguridad ciudadana,COMISARÍA INTEGRAL DISTRITO DE SALAMANCA. MOBILIARIO OFICINA Y OTRO MOBILIARIO Y ENSERES,,1401.28,
2026,X01,Protección Civil y seguridad ciudadana,IFS-CENTRO INTEGRADO DE SEGURIDAD Y EMERGENCIAS. OBRAS ADECUACIÓN INSTALACIÓN ELÉCTRICA.,,200000.0,
2026,X10,Cultura,,,1156961.46,230669.03
2026,X10,Cultura,"CENTRO MULTIFUNCIONAL C/ FRANCISCO REMIRO, 21. CONSTRUCCION",,958934.61,83166.34
2026,X10,Cultura,PLACAS CONMEMORATIVAS DISTRITO DE SALAMANCA. INSTALACIÓN,,8000.0,287.5
2026,X10,Cultura,EQUIPAMIENTO CENTRO CULTURAL QUINTA DEL BERRO,,4679.35,2659.46
2026,X10,Cultura,MUSEO DE ESCULTURA AL AIRE LIBRE DE LA CASTELLANA. REPOSICIÓN DE BIENES,,5674.9,
2026,X10,Cultura,MONUMENTO A LOS PERIODISTAS FALLECIDOS EN EJERCICIO DE SU PROFESIÓN. INSTALACIÓN C/JUAN BRAVO,,95054.44,95054.44
2026,X10,Cultura,MUSEO DE ESCULTURA AL AIRE LIBRE DE LA CASTELLANA. RESTAURACIÓN OBRAS,,39334.0,39333.08
2026,X10,Cultura,LETRAS METÁLICAS EN SOPORTES PÉTREOS CONMEMORATIVOS EN BULEVAR C/ JUAN BRAVO. INSTALACIÓN,,7865.0,
2026,X10,Cultura,CENTROS CULTURALES DEL DISTRITO DE SALAMANCA. PANTALLAS INFORMATIVAS,,1.73,
2026,X10,Cultura,CENTRO CULTURAL BUENAVISTA. ADQUISICIÓN DE MONITOR,,189.07,
2026,X10,Cultura,CENTRO CULTURAL EMILIA PARDO BAZÁN. ADQUISICIÓN DE PANTALLAS LED,,3277.2,1449.5
2026,X10,Cultura,EQUIPAMIENTO CENTROS CULTURALES DISTRITO DE SALAMANCA,,10124.58,
2026,X10,Cultura,EQUIPAMIENTO CENTRO CULTURA BUENAVISTA,,10817.4,
2026,X10,Cultura,EQUIPAMIENTO CENTRO CULTURAL EMILIA PARDO BAZÁN,,2103.79,
2026,X10,Cultura,EQUIPAMIENTO CENTRO CULTURAL NÚÑEZ DE BALBOA,,2138.88,
2026,X10,Cultura,CENTRO CULTURAL EMILIA PARDO BAZÁN. OBRAS INSTALACIÓN ELÉCTRICA,,8766.51,8718.71
2026,X06,Urbanismo,,,570954.85,356288.55
2026,X06,Urbanismo,ÁREA DE PLANEAMIENTO ESPECÍFICO 04.09 CLUB SANTIAGO. JUNTA DE COMPENSACIÓN,,10778.74,10778.54
2026,X06,Urbanismo,"CALLE ERASO, 32. OBRAS ACCESORIAS Y COMPLEMENTARIAS DE URBANIZACIÓN",,48802.55,
2026,X06,Urbanismo,PLAZA DE SALVADOR DALÍ. REMODELACIÓN DE LA URBANIZACIÓN,,476033.0,313409.65
2026,X06,Urbanismo,BULEVAR C/ JUAN BRAVO. OBRAS DE ADECUACIÓN PARA INSTALACIÓN DE ELEMENTO ESCULTÓRICO,,35340.56,32100.36
2026,X07,Infraestructuras,,,26632617.5,12139927.84
2026,X07,Infraestructuras,CUBRICIÓN DEL VIARIO M-30 EN EL PUENTE DE VENTAS,,26632617.5,12139927.84
2026,X08,Mantenimiento urbano,,,3035125.26,244507.43
2026,X08,Mantenimiento urbano,ACCESIBILIDAD ENTRE C/PEÑASCALES Y DOCTOR ESQUERDO. ELIMINACIÓN DE BARRERAS (ID 19: 15392),,390000.0,206072.03
2026,X08,Mantenimiento urbano,VÍAS PÚBLICAS Bº FUENTE DEL BERRO.PRIORIDAD PEATONAL Y MEJORA ACCESIBILIDAD GLOBAL(ID 18: 9917;8672),,1201124.9,17727.29
2026,X08,Mantenimiento urbano,"IFS-CALLE MARÍA TERESA, DISTRITO SALAMANCA. MEJORA DE LAS CONDICIONES DE RODADURA",,212.28,
2026,X08,Mantenimiento urbano,"IFS-CALLE PILAR DE ZARAGOZA, DISTRITO DE SALAMANCA. MEJORA DE LAS CONDICIONES DE RODADURA",,9403.14,
2026,X08,Mantenimiento urbano,COLEGIO PÚBLICO AMADOR DE LOS RÍOS. OBRAS DE MEJORA DEL ENTORNO ESCOLAR (ID 21: 18016),,370275.21,18902.06
2026,X08,Mantenimiento urbano,IFS-ENTORNO CENTROS ESCOLARES DISTRITO DE SALAMANCA. ADECUACIÓN DE VÍAS Y ESPACIOS PÚBLICOS,,1972.0,1806.05
2026,X08,Mantenimiento urbano,"CALLE GOYA, DISTRITO SALAMANCA. MEJORA DE LAS CONDICIONES DE RODADURA",,227952.37,
2026,X08,Mantenimiento urbano,C/ BRUSELAS. ADECUACIÓN VIALES Y MEJORA DE LA ACCESIBILIDAD Y SEGURIDAD VIAL,,228714.71,
2026,X08,Mantenimiento urbano,"IFS-C/CONDE DE PEÑALVER, SERRANO  Y OTRAS DISTRITO SALAMANCA. MEJORA Y RENOVACIÓN CONDICIONES RODADURA",,200000.0,
2026,X08,Mantenimiento urbano,CALLES DETERIORADAS DE LA GUINDALERA. ADECUACIÓN DEL ESPACIO PÚBLICO Y ACCESIBILIDAD (ID 24: 19317),,387320.65,
2026,X08,Mantenimiento urbano,PLAZA DE BASILEA. ADQUISICIÓN E INSTALACIÓN DE ELEMENTOS PARA ÁREA BIOSALUDABLE,,18150.0,
2026,X09,Medio ambiente,,,667006.9,72683.57
2026,X09,Medio ambiente,CENTROS CARGA ENERGÍA ELÉCTRICA E HIDRÓGENO VEHÍCULOS SIN EMISIONES. DISTRITO SALAMANCA,,27073.59,
2026,X09,Medio ambiente,ZONA VERDE AURORA AUÑÓN. INSTALACIÓN SISTEMA DE NEBULIZACIÓN PARA PÉRGOLA,,17903.1,
2026,X09,Medio ambiente,PARQUE QUINTA FUENTE DEL BERRO. OBRAS DE REHABILITACIÓN MUROS,,250000.0,10022.58
2026,X09,Medio ambiente,ESPECIES VEGETALES AUTÓCTONAS Y PÉRGOLAS VEGETADAS DISTRITO SALAMANCA (ID 24: 20767),,299.93,299.93
2026,X09,Medio ambiente,PARQUES DISTRITO SALAMANCA. REPLANTACIÓN DE ÁRBOLES Y ADECUACIÓN DEL RIEGO  (ID 24: 21374),,299.95,299.95
2026,X09,Medio ambiente,"ZONA VERDE EN LA CALLE DIEGO DE LEÓN, 56, DISTRITO DE SALAMANCA. OBRAS DE REMODELACIÓN",,4581.0,
2026,X09,Medio ambiente,JARDINES DE AURORA AUÑÓN. OBRAS DE MEJORA Y AMPLIACIÓN DE ZONA INFANTIL,,129849.33,62061.11
2026,X09,Medio ambiente,IFS-ZONA VERDE ENTRE CALLES GENERAL PARDIÑAS Y DIEGO DE LEÓN. OBRAS DE REMODELACIÓN Y MEJORA,,237000.0,
2026,X03,Protección y promoción social,,,611553.42,111548.17
2026,X03,Protección y promoción social,EQUIPAMIENTO CENTRO DE SERVICIOS SOCIALES GUINDALERA,,1200.0,
2026,X03,Protección y promoción social,EQUIPAMIENTO CENTRO DE MAYORES FRANCISCO REMIRO,,119297.91,
2026,X03,Protección y promoción social,CENTRO DÍA MAYORES MARGARITA RETUERTO. SUBSANACIÓN HUMEDADES Y SUSTITUCIÓN APARATOS ELEVACIÓN,,163768.25,108903.81
2026,X03,Protección y promoción social,"CENTRO DE MAYORES C/FRANCISCO REMIRO, 21.DOTACIÓN DE MOBILIARIO, DIVERSOS MEDIOS TÉCNICOS Y OTROS",,267332.9,
2026,X03,Protección y promoción social,NUEVO EDIFICIO CALLE FRANCISCO REMIRO. SEÑALIZACIÓN,,3710.0,
2026,X03,Protección y promoción social,CENTROS DE SERVICIOS SOCIALES SOCIALES DISTRITO DE SALAMANCA. MOBILIARIO Y EQUIPOS DE OFICINA,,3600.0,
2026,X03,Protección y promoción social,RESIDENCIA DE MAYORES CON ALZHEIMER MARGARITA RETUERTO. ADECUACIÓN INSTALACIÓN ELÉCTRICA Y OTRAS,,2644.36,2644.36
2026,X03,Protección y promoción social,RESIDENCIA DE MAYORES CON ALZHEIMER MARGARITA RETUERTO. OBRAS MEJORA CONDICIONES DE ACCESIBILIDAD,,50000.0,
2026,X11,"Deportes, juventud y esparcimiento",,,339018.99,37056.92
2026,X11,"Deportes, juventud y esparcimiento",OBRAS DE CONSERVACIÓN INSTALACIONES DEPORTIVAS DISTRITO DE SALAMANCA,,3000.0,
2026,X11,"Deportes, juventud y esparcimiento",EQUIPAMIENTO CENTRO DEPORTIVO GIMNASIO MOSCARDÓ,,22092.7,13493.92
2026,X11,"Deportes, juventud y esparcimiento",DEPORTIVO BÁSICO TORRESPAÑA. ADQUISICIÓN DE CUBO GYM,,48544.07,
2026,X11,"Deportes, juventud y esparcimiento",OBRAS DE REFORMA Y CONSERVACIÓN EN INSTALACIONES DEPORTIVAS DEL DISTRITO DE SALAMANCA,,15903.34,
2026,X11,"Deportes, juventud y esparcimiento",CENTRO DEPORTIVO FUENTE DEL BERRO. OBRAS DE IMPERMEABILIZACIÓN DE VESTUARIOS,,14255.72,14255.72
2026,X11,"Deportes, juventud y esparcimiento",CENTRO DEPORTIVO GIMNASIO MOSCARDÓ. OBRAS ACONDICIONAMIENTO VALLADO EN PISTAS DEPORTIVAS EXTERIORES,,9840.94,9307.28
2026,X11,"Deportes, juventud y esparcimiento",EQUIPAMIENTO INSTALACIONES DEPORTIVAS DISTRITO DE SALAMANCA,,20018.01,
2026,X11,"Deportes, juventud y esparcimiento",EQUIPAMIENTO DEPORTIVO BÁSICO TORRESPAÑA-FUENTE DEL BERRO,,2120.82,
2026,X11,"Deportes, juventud y esparcimiento",EQUIPAMIENTO CENTRO DEPORTIVO FUENTE DEL BERRO,,2327.35,
2026,X11,"Deportes, juventud y esparcimiento",EQUIPAMIENTO DEPORTIVO BÁSICO EVA DUARTE,,916.04,
2026,X11,"Deportes, juventud y esparcimiento",IFS-DEPORTIVO BÁSICO BREOGÁN. OBRAS MEJORA PISTA FÚTBOL SALA Y DEFICIENCIAS INSPECCIÓN TÉCNICA EDIFICIOS,,100000.0,
2026,X11,"Deportes, juventud y esparcimiento","IFS-DEPORTIVO BÁSICO BOSTON. REPARACIÓN PISTA DEPORTIVA, MEJORA RECOGIDA DE AGUAS PLUVIALES Y OTRAS",,100000.0,
2026,X05,Educación,,,799103.49,1248.51
2026,X05,Educación,EQUIPAMIENTO ESCUELA INFANTIL RUIZ JIMÉNEZ,,1719.41,
2026,X05,Educación,"EQUIPAMIENTO NUEVA ESCUELA INFANTIL SALAMANCA, C/ FRANCISCO REMIRO, 21",,151964.67,789.13
2026,X05,Educación,"IFS-COLEGIO PÚBLICO AMADOR DE LOS RÍOS.REPARACIÓN SANEAMIENTO, ACABADOS, ILUMINACIÓN LED Y OTRAS MEJORAS",,6000.0,
2026,X05,Educación,"COLEGIO PÚBLICO AMADOR DE LOS RÍOS.REPARACIÓN SANEAMIENTO, ACABADOS, ILUMINACIÓN LED Y OTRAS MEJORAS",,400.0,69.65
2026,X05,Educación,"IFS-ESCUELA INFANTIL RUIZ JIMÉNEZ. OBRAS REPARACIÓN HUMEDADES, COCINA, LÍNEA DE VIDA Y OTRAS MEJORAS",,4100.0,
2026,X05,Educación,"COLEGIO PÚBLICO GUINDALERA.REPARACIÓN SANEAMIENTO,PÉRGOLAS, ADECUACIÓN LED Y OTRAS EDIFICIO INFANTIL",,11544.0,389.73
2026,X05,Educación,"IFS-COLEGIO PÚBLICO GUINDALERA.REPARACIÓN SANEAMIENTO,PÉRGOLAS, ADECUACIÓN LED Y OTRAS EDIFICIO INFANTIL",,18014.41,
2026,X05,Educación,OBRAS DE MEJORA Y CONSERVACIÓN CENTROS EDUCATIVOS DEL DISTRITO DE SALAMANCA,,20564.78,
2026,X05,Educación,COLEGIO PÚBLICO GUINDALERA. OBRAS DE MEJORA EN CUBIERTA Y FACHADAS DEL EDIFICIO INFANTIL,,111646.22,
2026,X05,Educación,COLEGIO PÚBLICO REINA VICTORA. OBRAS SUBSANACIÓN DEFICIENCIAS INSPECCIÓN TÉCNICA EDIFICIOS Y OTRAS,,3550.0,
2026,X05,Educación,IFS-COLEGIO PÚBLICO REINA VICTORA. OBRAS SUBSANACIÓN DEFICIENCIAS INSPECCIÓN TÉCNICA EDIFICIOS Y OTRAS,,130000.0,
2026,X05,Educación,COLEGIO PÚBLICO AMADOR DE LOS RÍOS. SUBSANACIÓN DEFICIENCIAS INSPECCIÓN TÉCNICA EDIFICIOS Y OTRAS,,19600.0,
2026,X05,Educación,IFS-COLEGIO PÚBLICO AMADOR DE LOS RÍOS. SUBSANACIÓN DEFICIENCIAS INSPECCIÓN TÉCNICA EDIFICIOS Y OTRAS,,320000.0,
2026,X00,Inversiones de carácter general,,,131589.13,
2026,X00,Inversiones de carácter general,EQUIPAMIENTO SERVICIOS ADMINISTRATIVOS DISTRITO DE SALAMANCA,,3000.0,
2026,X00,Inversiones de carácter general,OBRAS DE CONSERVACIÓN Y MEJORA EDIFICIOS DEL DISTRITO DE SALAMANCA,,8589.13,
2026,X00,Inversiones de carácter general,IFS-EDIFICIO SEDE DISTRITO DE SALAMANCA. OBRAS SUBSANACIÓN DEFICIENCIAS INSPECCIÓN TÉCNICA EDIFICIOS,,120000.0,
2026,X04,Salud pública,,,364779.48,265706.53
2026,X04,Salud pública,"COMPLEJO EDIFICIOS MADRID SALUD, C/ MONTESA, 22. ADECUACIÓN MURO DE CERRAMIENTO Y ACCESIBILIDAD",,281489.18,261562.28
2026,X04,Salud pública,"CENTRO SALUD INTERNACIONAL,C/MONTESA,22 EDIFICIO A. INSTALACIONES TÉCNICAS",,2351.99,
2026,X04,Salud pública,CENTRO DE DIAGNÓSTICO MÉDICO COMPLEJO MONTESA. INSTALACIONES TÉCNICAS,,2452.94,
2026,X04,Salud pública,"EQUIPAMIENTO DEPARTAMENTO DE FARMACIA, C/ MONTESA, 22 EDIFICIO A",,1530.69,
2026,X04,Salud pública,"EQUIPAMIENTO CENTRO SALUD INTERNACIONAL, C/MONTESA, 22 EDIFICIO A",,1362.15,
2026,X04,Salud pública,EQUIPAMIENTO CMSc CENTRO MUNICIPAL DE SALUD COMUNITARIA DE SALAMANCA-RETIRO,,83.49,
2026,X04,Salud pública,"EQUIPAMIENTO CENTRO PREVENCIÓN DETERIORO COGNITIVO,C/MONTESA,22 EDIFICIO B",,1271.58,
2026,X04,Salud pública,"EQUIPAMIENTO CENTRO DE ESPECIALIDADES MÉDICAS, C/ MONTESA, 22  EDIFICIO B",,1208.51,
2026,X04,Salud pública,"COMPLEJO SANITARIO C/ MONTESA, 22. OBRAS DE REFORMA",,47619.99,
2026,X04,Salud pública,"DEPARTAMENTO DE FARMACIA, C/MONTESA,22. MAQUINARIA PREVENCIÓN Y PROMOCIÓN SALUD MS",,23136.58,4144.25
2026,X04,Salud pública,EQUIPAMIENTO PREVENCIÓN Y PROMOCIÓN DE LA SALUD DEPARTAMENTO DE FARMACIA,,2272.38,
