Año,Id Línea,Nombre Línea,Inversión,Inversión,Presupuesto Gasto,Gasto Real
2011,X10,Cultura,,,4847.84,4847.84
2011,X10,Cultura,"CENTRO CULTURAL VILLA DE BARAJAS., C/ BOTICA, 10. OBRAS DE CONSERVACIÓN",,4847.84,4847.84
2011,X06,Urbanismo,,,365106.92,337964.3
2011,X06,Urbanismo,"AVENIDA ALAMEDA DE OSUNA, 60. URBANIZACIÓN",,3239.5,
2011,X06,Urbanismo,ADQUISICIÓN DE SUELO EN LA C/ AYERBE. VIARIO,,16924.07,16924.07
2011,X06,Urbanismo,POLÍGONO DE COOPERACIÓN C/ALAR DEL REY Y TRAVESÍA DE ALARO,,33671.93,24884.73
2011,X06,Urbanismo,"POLÍGONO COOPERACIÓN AV. GENERAL, C/SATURNO Y AYERBE",,2345.56,
2011,X06,Urbanismo,POLÍGONO COOPERACIÓN CALLE SIROCO,,12247.94,
2011,X06,Urbanismo,ADQUISICIÓN SUELO AV.HISPANIDAD-NUDO EISENHOWER. ZONAS VERDES,,42302.76,42302.76
2011,X06,Urbanismo,"CALLE ARIES, 21. URBANIZACIÓN",,17111.39,17111.39
2011,X06,Urbanismo,"CALLE SOTO HIDALGO, 1. URBANIZACIÓN",,10169.49,10163.8
2011,X06,Urbanismo,"CALLES BLANCAFORT, AERONAVE, Pº ALAMEDA DE OSUNA Y SATURNO. URBANIZACIÓN",,516.73,
2011,X06,Urbanismo,ADQUISICIÓN DE SUELO APERTURA C/ GÉMINIS,,2857.26,2857.26
2011,X06,Urbanismo,"DEMOLICIÓN EDIFICACIONES C/EMPEDRADA, 32 Y 34",,17945.25,17945.25
2011,X06,Urbanismo,"DEMOLICIÓN EDIFICACIONES EN C/ ORION, 40 Y 42",,40407.81,40407.81
2011,X06,Urbanismo,"DEMOLICIÓN EDIFICACIONES EN C/ FRAGUAS, S/N",,57741.2,57741.2
2011,X06,Urbanismo,"DEMOLICIÓN EDIFICACIONES C/SATURNO, 2, C/BARRIO CAMARILLAS, 10 Y 12 Y C/AYERBE,22",,66988.21,66988.21
2011,X06,Urbanismo,ADQUISICIÓN SUELO CERRO BUENOS AIRES Y CERRO DE LAS BARQUILLAS,,40637.82,40637.82
2011,X09,Medio ambiente,,,940193.31,761630.85
2011,X09,Medio ambiente,PARQUE CAPRICHO ALAMEDA DE OSUNA. RESTAURACIÓN MURO HISTÓRICO,,271957.0,203729.44
2011,X09,Medio ambiente,MEJORA EFICIENCIA ENERGÉTICA Y RECOGIDA DE RESIDUOS. PARQUE JUAN CARLOS I,,668236.31,557901.41
2011,X08,Mantenimiento urbano,,,844305.7,844305.7
2011,X08,Mantenimiento urbano,RENOVACIÓN INTEGRAL INSTALACIONES Y PAVIMENTOS. PRIS Z-6 DISTRITO BARAJAS,,664348.87,664348.87
2011,X08,Mantenimiento urbano,ADAPTACIÓN INSTALACIONES ALUMBRADO PÚBLICO A NORMATIVA. BARAJAS,,38762.72,38762.72
2011,X08,Mantenimiento urbano,MEJORA RODADURA Y DISMINUCIÓN EMISIONES SONORAS VÍAS PÚBLICAS DTO. BARAJAS,,140194.13,140194.13
2011,X08,Mantenimiento urbano,INSTALACIÓN PLACAS IDENTIFICATIVAS DE CALLES Y BOLARDOS DISTRITO BARAJAS,,999.98,999.98
2011,X03,Protección y promoción social,,,162433.94,162361.35
2011,X03,Protección y promoción social,"CENTRO DE SERVICIOS SOCIALES TERESA DE CALCUTA, PZ. DEL NAVÍO, 4. CONSERVACIÓN",,26095.61,26095.61
2011,X03,Protección y promoción social,"CENTRO DE FORMACIÓN OCUPACIONAL DE BARAJAS, AV. CANTABRIA, 6. REFORMA",,24591.79,24591.79
2011,X03,Protección y promoción social,ADQUISICIÓN EQUIPO TÉCNICO ESTUDIOS DE GRABACIÓN DE LA RADIO AE,,72.59,
2011,X03,Protección y promoción social,"EDIFICIO C/ MEDINA DE POMAR, 25. ACONDICIONAMIENTO PARA CENTRO ATENCIÓN SOCIAL",,111468.62,111468.62
2011,X03,Protección y promoción social,"CENTRO DE MAYORES ACUARIO, C/ ACUARIO, 27. OBRAS DE CONSERVACIÓN",,176.18,176.18
2011,X03,Protección y promoción social,"CENTRO DE MAYORES BARRIO AEROPUERTO, C/ FRÍAS, S/N. OBRAS DE CONSERVACIÓN",,29.15,29.15
2011,X05,Educación,,,204480.55,199431.9
2011,X05,Educación,"EQUIPAMIENTO ESCUELA INFANTIL BARAJAS Nº 3, C/ PINOS DE OSUNA, 3",,8209.26,8209.26
2011,X05,Educación,OBRAS CONSERVACIÓN COLEGIOS PÚBLICOS DISTRITO BARAJAS,,5048.65,
2011,X05,Educación,"COLEGIO PÚBLICO CIUDAD DE GUADALAJARA, C/ BERGANTÍN, 13. CONSERVACIÓN",,68809.68,68809.68
2011,X05,Educación,"COLEGIO PÚBLICO CIUDAD DE ZARAGOZA, C/ MANUEL AGUILAR MUÑOZ, 1. CONSERVACIÓN",,46039.65,46039.65
2011,X05,Educación,"COLEGIO PÚBLICO CALDERÓN DE LA BARCA, C/ CALDERÓN, 2 Y 4. CONSERVACIÓN",,47940.65,47940.65
2011,X05,Educación,ESCUELA INFANTIL BARAJAS Nº 2 LA CHULAPONA.  OBRAS DE CONSERVACIÓN,,11027.61,11027.61
2011,X05,Educación,"ESCUELA INFANTIL LA COLINA, C/ NUESTRA SEÑORA DE ARACELI, 2. CONSERVACIÓN",,492.89,492.89
2011,X05,Educación,ESCUELA INFANTIL BARAJAS Nº 3 EL BATEO. OBRAS DE CONSERVACIÓN,,1359.74,1359.74
2011,X05,Educación,"ESCUELA INFANTIL CORRALEJOS, C/BAHÍA DE PALMA, 13. INSTALACIÓN MÓDULOS PLADUR",,12882.15,12882.15
2011,X05,Educación,"EQUIPAMIENTO ESCUELA INFANTIL BARAJAS Nº 2, C/ BAHÍA DE PALMA, 13",,2538.14,2538.14
2011,X05,Educación,"CENTRO DE EDUCACIÓN DE ADULTOS BARAJAS, C/ PLUS ULTRA, 3. CONSERVACIÓN",,132.13,132.13
2011,X11,"Deportes, juventud y esparcimiento",,,86981.73,83818.11
2011,X11,"Deportes, juventud y esparcimiento",OBRAS CONSERVACIÓN INSTALACIONES DEPORTIVAS DISTRITO BARAJAS,,3163.62,
2011,X11,"Deportes, juventud y esparcimiento","PABELLÓN DEPORTIVO VILLA DE MADRID, C/ LOS BREZOS, 6. OBRAS DE CONSERVACIÓN",,157.41,157.41
2011,X11,"Deportes, juventud y esparcimiento","POLIDEPORTIVO BARAJAS, AV. LOGROÑO, 70. OBRAS DE ACONDICIONAMIENTO",,29194.92,29194.92
2011,X11,"Deportes, juventud y esparcimiento","CENTRO CULTURAL JUVENIL GLORIA FUERTES, AV. LOGROÑO, 179. CONSERVACIÓN",,529.69,529.69
2011,X11,"Deportes, juventud y esparcimiento",DEPORTIVO BÁSICO BARRIO DEL AEROPUERTO. OBRAS DE ACONDICIONAMIENTO,,53398.69,53398.69
2011,X11,"Deportes, juventud y esparcimiento","DEPORTIVO BÁSICO ALAMEDA DE OSUNA I, C/ BALANDRO, 1. OBRAS DE CONSERVACIÓN",,169.12,169.12
2011,X11,"Deportes, juventud y esparcimiento","DEPORTIVO BÁSICO DIANA, C/ GALEÓN, 25. OBRAS DE CONSERVACIÓN",,169.12,169.12
2011,X11,"Deportes, juventud y esparcimiento","DEPORTIVO BÁSICO GALÉON, C/ GALEÓN, 3. OBRAS DE CONSERVACIÓN",,84.56,84.56
2011,X11,"Deportes, juventud y esparcimiento","DEPORTIVO BÁSICO SOTO HIDALGO, C/ RIAÑO, 1. OBRAS DE CONSERVACIÓN",,84.56,84.56
2011,X11,"Deportes, juventud y esparcimiento","PABELLÓN JÓVENES BARRIO AEROPUERTO, C/ FRÍAS, 122. OBRAS DE CONSERVACIÓN",,30.04,30.04
2011,X00,Inversiones de carácter general,,,19817.87,13994.88
2011,X00,Inversiones de carácter general,OBRAS CONSERVACIÓN EDIFICIOS DISTRITO BARAJAS,,5822.99,
2011,X00,Inversiones de carácter general,"EDIFICIO SEDE DISTRITO BARAJAS, PZ. MERCURIO, 1. OBRAS DE CONSERVACIÓN",,13994.88,13994.88
2012,X10,Cultura,,,122381.32,122381.32
2012,X10,Cultura,CENTRO CULTURAL VILLA DE BARAJAS. REMODELACIÓN INTEGRAL SALÓN DE ACTOS,,122381.32,122381.32
2012,X06,Urbanismo,,,2439504.52,2412884.29
2012,X06,Urbanismo,"AVENIDA ALAMEDA DE OSUNA, 60. URBANIZACIÓN",,3239.5,
2012,X06,Urbanismo,ADQUISICIÓN DE SUELO EN LA C/ AYERBE. VIARIO,,2376964.66,2376964.66
2012,X06,Urbanismo,ADQUISICIÓN SUELO EN CALLE ORIÓN. VIARIO,,6656.0,6655.97
2012,X06,Urbanismo,POLÍGONO DE COOPERACIÓN C/ALAR DEL REY Y TRAVESÍA DE ALARO,,8787.2,
2012,X06,Urbanismo,"POLÍGONO COOPERACIÓN AV. GENERAL, C/SATURNO Y AYERBE",,2345.56,
2012,X06,Urbanismo,POLÍGONO COOPERACIÓN CALLE SIROCO,,12247.94,
2012,X06,Urbanismo,"DEMOLICIÓN EDIFICACIÓN C/ TRAVESÍA DE ALARÓ, 6",,29263.66,29263.66
2012,X09,Medio ambiente,,,68227.56,
2012,X09,Medio ambiente,PARQUE CAPRICHO ALAMEDA DE OSUNA. RESTAURACIÓN MURO HISTÓRICO,,68227.56,
2012,X08,Mantenimiento urbano,,,385126.19,385126.19
2012,X08,Mantenimiento urbano,RENOVACIÓN INTEGRAL INSTALACIONES Y PAVIMENTOS. PRIS Z-6 DISTRITO BARAJAS,,385126.19,385126.19
2012,X03,Protección y promoción social,,,84835.32,14835.32
2012,X03,Protección y promoción social,TALLER  OCUPACIONAL COMUNICACIÓN RADIOFÓNICA 2021. POLÍTICAS ACTIVAS DE EMPLEO,,828.49,828.49
2012,X03,Protección y promoción social,"CENTRO DE SERVICIOS SOCIALES TERESA DE CALCUTA, PZ. DEL NAVÍO, 4. CONSERVACIÓN",,4854.14,4854.14
2012,X03,Protección y promoción social,CENTRO SERVICIOS SOCIALES BARRIO AEROPUERTO. OBRAS DE CONSERVACIÓN,,8118.75,8118.75
2012,X03,Protección y promoción social,CENTRO DE FORMACIÓN OCUPACIONAL DE HOSTELERÍA BARAJAS. CONSTRUCCIÓN,,70000.0,
2012,X03,Protección y promoción social,"CENTRO DE FORMACIÓN OCUPACIONAL DE BARAJAS, AV. CANTABRIA, 6. REFORMA",,1033.94,1033.94
2012,X05,Educación,,,354632.28,350306.39
2012,X05,Educación,COLEGIO PÚBLICO CIUDAD DE ZARAGOZA. ADOPCIÓN MEDIDAS DE SEGURIDAD,,144104.72,144104.72
2012,X05,Educación,"EQUIPAMIENTO ESCUELA INFANTIL BARAJAS Nº 3, C/ PINOS DE OSUNA, 3",,14244.59,14244.59
2012,X05,Educación,"EQUIPAMIENTO ESCUELA INFANTIL BAHÍA DE PALMA, C/ BAHÍA DE PALMA, 13",,15240.3,15240.3
2012,X05,Educación,"EQUIPAMIENTO ESCUELA INFANTIL LA COLINA, C/ NUESTRA SEÑORA DE ARACELI, 2",,191.67,191.67
2012,X05,Educación,OBRAS CONSERVACIÓN COLEGIOS PÚBLICOS DISTRITO BARAJAS,,4325.89,
2012,X05,Educación,"COLEGIO PÚBLICO CIUDAD DE GUADALAJARA, C/ BERGANTÍN, 13. CONSERVACIÓN",,33204.83,33204.83
2012,X05,Educación,"COLEGIO PÚBLICO CIUDAD DE ZARAGOZA, C/ MANUEL AGUILAR MUÑOZ, 1. CONSERVACIÓN",,20399.0,20399.0
2012,X05,Educación,"COLEGIO PÚBLICO CALDERÓN DE LA BARCA, C/ CALDERÓN, 2 Y 4. CONSERVACIÓN",,4697.72,4697.72
2012,X05,Educación,ESCUELA INFANTIL BARAJAS Nº 2 LA CHULAPONA.  OBRAS DE CONSERVACIÓN,,29002.72,29002.72
2012,X05,Educación,"ESCUELA INFANTIL LA COLINA, C/ NUESTRA SEÑORA DE ARACELI, 2. CONSERVACIÓN",,5201.68,5201.68
2012,X05,Educación,ESCUELA INFANTIL BARAJAS Nº 3 EL BATEO. OBRAS DE CONSERVACIÓN,,5947.32,5947.32
2012,X05,Educación,"COLEGIO PÚBLICO CALDERÓN DE LA BARCA, C/ CALDERÓN 2 Y 4. ACONDICIONAMIENTO",,35250.99,35250.99
2012,X05,Educación,COLEGIO PÚBLICO CIUDAD DE ZARAGOZA. OBRAS DE ACONDICIONAMIENTO,,42820.85,42820.85
2012,X11,"Deportes, juventud y esparcimiento",,,101055.77,94589.64
2012,X11,"Deportes, juventud y esparcimiento",OBRAS CONSERVACIÓN INSTALACIONES DEPORTIVAS DISTRITO BARAJAS,,6466.13,
2012,X11,"Deportes, juventud y esparcimiento","PABELLÓN DEPORTIVO VILLA DE MADRID, C/ LOS BREZOS, 6. OBRAS DE CONSERVACIÓN",,9853.01,9853.01
2012,X11,"Deportes, juventud y esparcimiento","POLIDEPORTIVO BARAJAS, AV. LOGROÑO, 70. OBRAS DE ACONDICIONAMIENTO",,68835.72,68835.72
2012,X11,"Deportes, juventud y esparcimiento","DEPORTIVO BÁSICO ALHAURÍN, C/ALHAURÍN, 4. OBRAS DE CONSERVACIÓN",,1267.14,1267.14
2012,X11,"Deportes, juventud y esparcimiento","CENTRO CULTURAL JUVENIL GLORIA FUERTES, AV. LOGROÑO, 179. CONSERVACIÓN",,14633.77,14633.77
2012,X00,Inversiones de carácter general,,,2159900.2,2149065.68
2012,X00,Inversiones de carácter general,"EDIFICIO C/ RIBERA DEL SENA, 21. ADAPTACIÓN PARA SEDE DEL ÁREA DE URBANISMO",,2146893.18,2146893.18
2012,X00,Inversiones de carácter general,OBRAS CONSERVACIÓN EDIFICIOS DISTRITO BARAJAS,,10834.52,
2012,X00,Inversiones de carácter general,"EDIFICIO SEDE DISTRITO BARAJAS, PZ. MERCURIO, 1. OBRAS DE CONSERVACIÓN",,1563.01,1563.01
2012,X00,Inversiones de carácter general,"LOCAL C/ HERMANOS FALCÓ Y ALVÁREZ DE TOLEDO, 17. OBRAS DE CONSERVACIÓN",,609.49,609.49
2013,X01,Protección Civil y seguridad ciudadana,,,1303.0,1303.0
2013,X01,Protección Civil y seguridad ciudadana,UNIDAD POLICÍA BARAJAS. SUBSANACIÓN DEFICIENCIAS INSPECCIÓN TÉCNICA DE EDIFICIOS,,1303.0,1303.0
2013,X10,Cultura,,,145493.22,144009.61
2013,X10,Cultura,CENTRO CULTURAL VILLA DE BARAJAS. REMODELACIÓN INTEGRAL SALÓN DE ACTOS,,13554.42,13554.42
2013,X10,Cultura,"EQUIPAMIENTO BIBLIOTECA PÚBLICA GLORIA FUERTES, AV. LOGROÑO, 179",,13565.07,13565.07
2013,X10,Cultura,CASTILLO DE LA ALAMEDA. ADECUACIÓN ITINERARIOS Y MEJORA ACCESIBILIDAD,,60494.3,59010.69
2013,X10,Cultura,CASTILLO DE LA ALAMEDA. SEÑALIZACIÓN,,12521.79,12521.79
2013,X10,Cultura,"CENTRO CULTURAL VILLA DE BARAJAS, C/ BOTICA, 10. OBRAS DE ACONDICIONAMIENTO",,45357.64,45357.64
2013,X06,Urbanismo,,,607050.9,456232.33
2013,X06,Urbanismo,"AVENIDA ALAMEDA DE OSUNA, 60. URBANIZACIÓN",,3239.5,
2013,X06,Urbanismo,ADQUISICIÓN DE SUELO EN LA C/ AYERBE. VIARIO,,163920.77,163920.77
2013,X06,Urbanismo,ADQUISICIÓN SUELO EN CALLE ORIÓN. VIARIO,,138791.87,
2013,X06,Urbanismo,POLÍGONO DE COOPERACIÓN C/ALAR DEL REY Y TRAVESÍA DE ALARO,,8787.2,
2013,X06,Urbanismo,"DEMOLICIÓN EDIFICACIONES C/ CALDERA, 14, 15 Y 17 Y C/ VENUS, 4",,189468.94,189468.94
2013,X06,Urbanismo,ADQUISICIÓN SUELO AV.HISPANIDAD-NUDO EISENHOWER. ZONAS VERDES,,102842.62,102842.62
2013,X09,Medio ambiente,,,68227.56,59872.71
2013,X09,Medio ambiente,PARQUE CAPRICHO ALAMEDA DE OSUNA. RESTAURACIÓN MURO HISTÓRICO,,68227.56,59872.71
2013,X08,Mantenimiento urbano,,,269767.83,269767.83
2013,X08,Mantenimiento urbano,RENOVACIÓN INTEGRAL INSTALACIONES Y PAVIMENTOS. PRIS Z-6 DISTRITO BARAJAS,,269767.83,269767.83
2013,X03,Protección y promoción social,,,37097.48,25636.89
2013,X03,Protección y promoción social,"CENTRO DE SERVICIOS SOCIALES TERESA DE CALCUTA, PZ. DEL NAVÍO, 4. CONSERVACIÓN",,6904.02,6904.02
2013,X03,Protección y promoción social,"EQUIPAMIENTO CENTRO DE MAYORES ACUARIO, C/ ACUARIO, 27",,518.46,341.44
2013,X03,Protección y promoción social,CENTRO FORMACIÓN OCUPACIONAL BARAJAS. ADAPTACIÓN PLANTA 1ª PARA AGENCIA ZONA,,29675.0,18391.43
2013,X05,Educación,,,497098.24,495645.37
2013,X05,Educación,COLEGIO PÚBLICO CIUDAD DE ZARAGOZA. ADOPCIÓN MEDIDAS DE SEGURIDAD,,258224.77,258224.77
2013,X05,Educación,"EQUIPAMIENTO ESCUELA INFANTIL LA COLINA, C/ NUESTRA SEÑORA DE ARACELI, 2",,2893.11,2893.11
2013,X05,Educación,OBRAS CONSERVACIÓN COLEGIOS PÚBLICOS DISTRITO BARAJAS,,1413.55,
2013,X05,Educación,ESCUELA INFANTIL BARAJAS Nº 2 LA CHULAPONA.  OBRAS DE CONSERVACIÓN,,1950.74,1950.74
2013,X05,Educación,"ESCUELA INFANTIL LA COLINA, C/ NUESTRA SEÑORA DE ARACELI, 2. CONSERVACIÓN",,4252.94,4252.94
2013,X05,Educación,ESCUELA INFANTIL BARAJAS Nº 3 EL BATEO. OBRAS DE CONSERVACIÓN,,2682.69,2682.69
2013,X05,Educación,"COLEGIO PÚBLICO CALDERÓN DE LA BARCA, C/ CALDERÓN 2 Y 4. ACONDICIONAMIENTO",,58723.95,58723.95
2013,X05,Educación,COLEGIO PÚBLICO CIUDAD DE ZARAGOZA. OBRAS DE ACONDICIONAMIENTO,,63034.27,63034.27
2013,X05,Educación,"EQUIPAMIENTO ESCUELA INFANTIL EL BATEO, C/ PINOS DE OSUNA, 3",,9964.23,9964.23
2013,X05,Educación,"EQUIPAMIENTO ESCUELA INFANTIL LA CHULAPONA, C/ BAHÍA DE PALMA, 13",,3996.63,3996.63
2013,X05,Educación,"EQUIPAMIENTO ESCUELA DE MÚSICA EL CAPRICHO, C/ JOAQUÍN IBARRA, 28",,760.0,720.68
2013,X05,Educación,"COLEGIO PÚBLICO CIUDAD DE GUADALAJARA, C/ BERGANTÍN, 13. ACONDICIONAMIENTO",,85580.86,85580.86
2013,X05,Educación,"ESCUELA DE MÚSICA EL CAPRICHO, C/ JOAQUÍN IBARRA, 28. OBRAS DE CONSERVACIÓN",,3620.5,3620.5
2013,X11,"Deportes, juventud y esparcimiento",,,182650.7,182480.76
2013,X11,"Deportes, juventud y esparcimiento",OBRAS CONSERVACIÓN INSTALACIONES DEPORTIVAS DISTRITO BARAJAS,,79.47,
2013,X11,"Deportes, juventud y esparcimiento","POLIDEPORTIVO BARAJAS, AV. LOGROÑO, 70. OBRAS DE ACONDICIONAMIENTO",,77515.05,77515.05
2013,X11,"Deportes, juventud y esparcimiento","DEPORTIVO BÁSICO ALHAURÍN, C/ALHAURÍN, 4. OBRAS DE CONSERVACIÓN",,1385.33,1385.33
2013,X11,"Deportes, juventud y esparcimiento","PABELLÓN DEPORTIVO VILLA DE MADRID, C/ LOS BREZOS, 6. OBRAS DE ACONDICIONAMIENTO",,14511.64,14511.64
2013,X11,"Deportes, juventud y esparcimiento","DEPORTIVO BÁSICO ORIÓN-JUPITER, C/ ORIÓN, 52. OBRAS DE CONSERVACIÓN",,14822.74,14822.74
2013,X11,"Deportes, juventud y esparcimiento","DEPORTIVO BÁSICO EL CAPRICHO, Pº ALAMEDA DE OSUNA, 48. OBRAS DE CONSERVACIÓN",,2232.51,2232.51
2013,X11,"Deportes, juventud y esparcimiento","DEPORTIVO BÁSICO JOAQUÍN IBARRA, C/ JOAQUÍN IBARRA S/N. OBRAS DE CONSERVACIÓN",,17074.0,17074.0
2013,X11,"Deportes, juventud y esparcimiento",CENTRO DEPORTIVO BARAJAS. ADQUISICIÓN LIMPIA FONDOS AUTOMÁTICO,,5865.0,5774.53
2013,X11,"Deportes, juventud y esparcimiento","CENTRO CULTURAL JUVENIL GLORIA FUERTES, AV. LOGROÑO, 179. ACONDICIONAMIENTO",,49164.96,49164.96
2013,X00,Inversiones de carácter general,,,1205995.17,1199179.95
2013,X00,Inversiones de carácter general,"EDIFICIO C/ RIBERA DEL SENA, 21. ADAPTACIÓN PARA SEDE DEL ÁREA DE URBANISMO",,1199179.95,1199179.95
2013,X00,Inversiones de carácter general,OBRAS CONSERVACIÓN EDIFICIOS DISTRITO BARAJAS,,6815.22,
2014,X10,Cultura,,,329829.0,329774.63
2014,X10,Cultura,"BIBLIOTECA PÚBLICA GLORIA FUERTES, AV. LOGROÑO, 179. INSTALACIONES",,937.75,937.75
2014,X10,Cultura,EQUIPAMIENTO CENTROS CULTURALES DISTRITO DE BARAJAS,,54.35,
2014,X10,Cultura,"EQUIPAMIENTO CENTRO CULTURAL GLORIA FUERTES, AV. DE LOGROÑO, 79",,308.55,308.55
2014,X10,Cultura,"EQUIPAMIENTO CENTRO CULTURAL TERESA DE CALCULTA, PZA. DEL NAVÍO, 4",,308.55,308.55
2014,X10,Cultura,"EQUIPAMIENTO CENTRO CULTURAL VILLA DE BARAJAS, C/ BOTICA, 10",,308.55,308.55
2014,X10,Cultura,CENTRO CULTURAL Y BIBLIOTECA GLORIA FUERTES. OBRAS DE CONSERVACIÓN,,10357.54,10357.54
2014,X10,Cultura,IFS-CENTRO CULTURAL GLORIA FUERTES. MEDIDAS DE AHORRO Y EFICIENCIA ENERGÉTICA,,137469.72,137469.72
2014,X10,Cultura,IFS-CENTRO SOCIO CULTURAL TERESA. MEDIDAS DE AHORRO Y EFICIENCIA ENERGÉTICA,,68064.17,68064.17
2014,X10,Cultura,IFS-CENTRO CULTURAL VILLA DE BARAJAS. MEDIDAS DE AHORRO Y EFICIENCIA ENERGÉTICA,,112019.82,112019.8
2014,X06,Urbanismo,,,213407.21,201244.98
2014,X06,Urbanismo,ADQUISICIÓN DE SUELO EN LA C/ AYERBE. VIARIO,,24710.08,24710.08
2014,X06,Urbanismo,ADQUISICIÓN SUELO EN CALLE ORIÓN. VIARIO,,132573.76,129699.02
2014,X06,Urbanismo,POLÍGONO DE COOPERACIÓN C/ALAR DEL REY Y TRAVESÍA DE ALARO,,8787.2,
2014,X06,Urbanismo,"DEMOLICIÓN EDIFICACIONES C/ ARIES, 23, 25 Y 27-29",,13211.58,12711.29
2014,X06,Urbanismo,SUELO URBANIZABLE PROGRAMADO ENSANCHE DE BARAJAS 1.01,,34124.59,34124.59
2014,X09,Medio ambiente,,,308551.31,11737.0
2014,X09,Medio ambiente,CONEXIÓN REDES AGUA REGENERADA VALDEBEBAS-REJAS,,308551.31,11737.0
2014,X08,Mantenimiento urbano,,,219161.09,219161.09
2014,X08,Mantenimiento urbano,RENOVACIÓN INTEGRAL INSTALACIONES Y PAVIMENTOS. PRIS Z-6 DISTRITO BARAJAS,,214813.7,214813.7
2014,X08,Mantenimiento urbano,HIDRANTES DISTRITO BARAJAS. INSTALACIÓN,,4221.09,4221.09
2014,X08,Mantenimiento urbano,ADAPTACIÓN INSTALACIONES ALUMBRADO PÚBLICO A NORMATIVA. BARAJAS,,126.3,126.3
2014,X03,Protección y promoción social,,,53751.64,53751.63
2014,X03,Protección y promoción social,CENTRO SERVICIOS SOCIALES TERESA DE CALCULTA. OBRAS DE CONSERVACIÓN,,5704.36,5704.36
2014,X03,Protección y promoción social,IFS-CENTRO DE MAYORES ACUARIO. MEDIDAS DE AHORRO Y EFICIENCIA ENERGÉTICA,,23412.08,23412.08
2014,X03,Protección y promoción social,"EQUIPAMIENTO CENTRO DE FORMACIÓN DE BARAJAS, AV. CANTABRIA, 6",,24635.2,24635.19
2014,X05,Educación,,,318833.16,307387.27
2014,X05,Educación,EQUIPAMIENTO ESCUELA INFANTIL LA COLINA,,9635.24,4631.25
2014,X05,Educación,EQUIPAMIENTO ESCUELA DE MÚSICA EL CAPRICHO,,1749.66,1749.66
2014,X05,Educación,COLEGIO PÚBLICO CIUDAD DE ZARAGOZA. ADOPCIÓN MEDIDAS DE SEGURIDAD,,34759.26,34759.26
2014,X05,Educación,COLEGIO PÚBLICO CIUDAD DE ZARAGOZA. OBRAS DE ACONDICIONAMIENTO,,59681.01,59681.01
2014,X05,Educación,OBRAS CONSERVACIÓN COLEGIOS Y OTROS CENTROS EDUCATIVOS DISTRITO BARAJAS,,6159.42,
2014,X05,Educación,"COLEGIO PÚBLICO CALDERÓN DE LA BARCA, C/ CALDERÓN, 2 Y 4. OBRAS DE CONSERVACIÓN",,37150.67,37150.67
2014,X05,Educación,ESCUELA INFANTIL LA CHULAPONA. CERRAMIENTO PERIMETRAL,,93905.95,93905.95
2014,X05,Educación,COLEGIO PÚBLICO CIUDAD DE GUADALAJARA. OBRAS DE ACONDICIONAMIENTO,,45090.28,45090.28
2014,X05,Educación,ESCUELA INFANTIL LA COLINA. OBRAS DE ACONDICIONAMIENTO,,21859.17,21859.17
2014,X05,Educación,CENTRO EDUCACIÓN ADULTOS BARAJAS. OBRAS DE CONSERVACIÓN,,7813.5,7813.5
2014,X05,Educación,EQUIPAMIENTO ESCUELA INFANTIL EL BATEO,,166.64,165.14
2014,X05,Educación,EQUIPAMIENTO ESCUELA INFANTIL LA CHULAPONA,,862.36,581.38
2014,X11,"Deportes, juventud y esparcimiento",,,157186.0,156820.92
2014,X11,"Deportes, juventud y esparcimiento",OBRAS CONSERVACIÓN INSTALACIONES DEPORTIVAS DISTRITO BARAJAS,,186.15,
2014,X11,"Deportes, juventud y esparcimiento",EQUIPAMIENTO CENTRO DEPORTIVO DE BARAJAS,,4200.0,4021.07
2014,X11,"Deportes, juventud y esparcimiento",CENTRO DEPORTIVO DE BARAJAS. OBRAS DE CONSERVACIÓN,,29630.72,29630.72
2014,X11,"Deportes, juventud y esparcimiento",DEPORTIVO BÁSICO SOTO HIDALGO. OBRAS DE CONSERVACIÓN,,37866.11,37866.11
2014,X11,"Deportes, juventud y esparcimiento",DEPORTIVO BÁSICO ALAMEDA DE OSUNA I. OBRAS DE CONSERVACIÓN,,6700.56,6700.56
2014,X11,"Deportes, juventud y esparcimiento",DEPORTIVO BÁSICO PINOS DE OSUNA. OBRAS DE CONSERVACIÓN,,8570.21,8570.21
2014,X11,"Deportes, juventud y esparcimiento","DEPORTIVO BÁSICO PLAYA BOLNUEVO, C/ PLAYA BOLNUEVO, 1. OBRAS DE CONSERVACIÓN",,11486.34,11486.34
2014,X11,"Deportes, juventud y esparcimiento",DEPORTIVO BÁSICO ALAS. OBRAS DE CONSERVACIÓN,,2537.42,2537.42
2014,X11,"Deportes, juventud y esparcimiento",DEPORTIVO BÁSICO ALHAURÍN. OBRAS DE CONSERVACIÓN,,3787.59,3787.59
2014,X11,"Deportes, juventud y esparcimiento",DEPORTIVO BÁSICO BAHÍA DE SANTANDER II. OBRAS DE CONSERVACIÓN,,22059.78,22059.78
2014,X11,"Deportes, juventud y esparcimiento",DEPORTIVO BÁSICO BARRIO DEL AEROPUERTO. OBRAS DE CONSERVACIÓN,,3530.09,3530.09
2014,X11,"Deportes, juventud y esparcimiento",DEPORTIVO BÁSICO DIANA. OBRAS DE CONSERVACIÓN,,4805.87,4805.87
2014,X11,"Deportes, juventud y esparcimiento",DEPORTIVO BÁSICO EL CAPRICHO. OBRAS DE CONSERVACIÓN,,3523.75,3523.75
2014,X11,"Deportes, juventud y esparcimiento",DEPORTIVO BÁSICO GALEÓN. OBRAS DE CONSERVACIÓN,,2611.59,2611.59
2014,X11,"Deportes, juventud y esparcimiento",DEPORTIVO BÁSICO JOAQUÍN IBARRA. OBRAS DE CONSERVACIÓN,,1821.13,1821.13
2014,X11,"Deportes, juventud y esparcimiento",DEPORTIVO BÁSICO NUESTRA SEÑORA DE LORETO. OBRAS DE CONSERVACIÓN,,13868.69,13868.69
2014,X00,Inversiones de carácter general,,,321452.93,35105.82
2014,X00,Inversiones de carácter general,OBRAS CONSERVACIÓN EDIFICIOS DISTRITO BARAJAS,,103066.56,
2014,X00,Inversiones de carácter general,"EDIFICIO SEDE DISTRITO DE BARAJAS, PZA. MERCURIO, 1. OBRAS DE CONSERVACIÓN",,37385.54,35105.82
2014,X00,Inversiones de carácter general,IFS-EDIFICIO SEDE DISTRITO DE BARAJAS. MEDIDAS DE AHORRO Y EFICIENCIA ENERGÉTICA,,181000.83,
2014,X12,Otros bienes públicos de carácter social,,,2837.35,2837.35
2014,X12,Otros bienes públicos de carácter social,EQUIPAMIENTO OFICINA ATENCIÓN AL CIUDADANO LÍNEA MADRID BARAJAS,,2837.35,2837.35
2015,X01,Protección Civil y seguridad ciudadana,,,83657.7,83657.7
2015,X01,Protección Civil y seguridad ciudadana,UNIDAD INTEGRAL POLICÍA DISTRITO DE BARAJAS. OBRAS DE REFORMA,,83657.7,83657.7
2015,X10,Cultura,,,374849.11,302999.65
2015,X10,Cultura,CASTILLO DE LA ALAMEDA. AMPLIFICADORES DE SONIDO,,2400.8,2400.8
2015,X10,Cultura,EQUIPAMIENTO BIBLIOTECA PÚBLICA GLORIA FUERTES,,3127.85,
2015,X10,Cultura,CASTILLO DE LA ALAMEDA. OBRAS DE ILUMINACIÓN,,5000.0,4961.0
2015,X10,Cultura,"CENTRO CULTURAL VILLA DE BARAJAS, C/ BOTICA, 10. OBRAS DE CONSERVACIÓN",,20375.01,20306.86
2015,X10,Cultura,CENTRO CULTURAL GLORIA FUERTES. OBRAS DE CONSERVACIÓN,,13649.01,13507.94
2015,X10,Cultura,"CENTRO CULTURAL VILLA DE BARAJAS, C/ BOTICA, 7. OBRAS DE CONSERVACIÓN",,1796.44,1796.44
2015,X10,Cultura,IFS-CENTRO CULTURAL VILLA DE BARAJAS.AHORRO.EFICIENCIA ENERGETICA Y USO  ENERGÍAS RENOVABLES,,82500.0,61847.65
2015,X10,Cultura,"IFS-CENTRO CULTURAL GLORIA FUERTES.CLIMATIZACIÓN, ILUMINACIÓN Y EFICIENCIA ENERGETICA",,98000.0,80119.96
2015,X10,Cultura,"IFS-CENTRO SOCIO CULTURAL TERESA DE CALCUTA. CLIMATIZACIÓN, AHORRO Y EFICIENCIA ENERGETICA",,148000.0,118059.0
2015,X06,Urbanismo,,,3442617.95,3375457.81
2015,X06,Urbanismo,POLÍGONO DE COOPERACIÓN C/ALAR DEL REY Y TRAVESÍA DE ALARO,,8787.2,
2015,X06,Urbanismo,SUELO URBANIZABLE PROGRAMADO ENSANCHE DE BARAJAS 1.01,,57896.0,
2015,X06,Urbanismo,"DEMOLICIÓN EDIFICACIONES C/ RAMBLA, 13 Y C/ JOAQUÍN IBARRA, 32, 34 Y 36",,88493.17,88016.23
2015,X06,Urbanismo,ADQUISICIÓN DE SUELO OLIVAR DE LA HINOJOSA PAU I,,61728.83,61728.83
2015,X06,Urbanismo,"ADQUISICIÓN SUELO NUEVA AVENIDA ALAMEDA DE OSUNA, C/LA RIOJA,1 C/V SAN SEVERO",,3225712.75,3225712.75
2015,X09,Medio ambiente,,,8121336.0,2110085.69
2015,X09,Medio ambiente,CONEXIÓN REDES AGUA REGENERADA VALDEBEBAS-REJAS,,8121336.0,2110085.69
2015,X08,Mantenimiento urbano,,,4720.17,4720.17
2015,X08,Mantenimiento urbano,HIDRANTES DISTRITO BARAJAS. INSTALACIÓN,,4720.17,4720.17
2015,X03,Protección y promoción social,,,131749.39,66715.08
2015,X03,Protección y promoción social,CENTRO DE DÍA DE MAYORES ACUARIO. OBRAS DE CONSERVACIÓN,,2123.98,2123.98
2015,X03,Protección y promoción social,CENTRO SERVICIOS SOCIALES TERESA DE CALCUTA. OBRAS DE CONSERVACIÓN,,26797.87,26523.24
2015,X03,Protección y promoción social,"CENTRO DE MAYORES BARRIO AEROPUERTO, C/ MEDINA DE POMAR, 25. OBRAS DE CONSERVACIÓN",,34504.82,16033.92
2015,X03,Protección y promoción social,IFS-CENTRO DE MAYORES ACUARIO. CLIMATIZACION Y EFICIENCIA ENERGÉTICA,,58500.0,12294.63
2015,X03,Protección y promoción social,IFS-CENTRO SERVICIOS SOCIALES BARRIO AEROPUERTO. CLIMATIZACION  Y EFICIENCIA ENERGETICA,,8500.0,8416.59
2015,X03,Protección y promoción social,CENTRO FORMACIÓN OCUPACIONAL BARAJAS. PROTECCIÓN CONTRA INTRUSIÓN E INCENDIOS,,1322.72,1322.72
2015,X05,Educación,,,264777.92,225426.14
2015,X05,Educación,EQUIPAMIENTO ESCUELA INFANTIL LA COLINA,,6704.97,6704.97
2015,X05,Educación,EQUIPAMIENTO ESCUELA INFANTIL EL BATEO,,135.62,135.62
2015,X05,Educación,ESCUELA INFANTIL LA COLINA. PLACA IDENTIFICATIVA,,565.07,565.07
2015,X05,Educación,ESCUELA INFANTIL EL BATEO. PLACA IDENTIFICATIVA,,566.13,566.13
2015,X05,Educación,ESCUELA INFANTIL LA CHULAPONA. PLACA IDENTIFICATIVA,,566.13,566.13
2015,X05,Educación,EQUIPAMIENTO ESCUELA DE MÚSICA EL CÁPRICHO,,80.0,77.82
2015,X05,Educación,OBRAS DE CONSERVACIÓN CENTROS DOCENTES DE ENSEÑANANZA DISTRITO DE BARAJAS,,47.2,
2015,X05,Educación,ESCUELA INFANTIL LA CHULAPONA. OBRAS DE CONSERVACIÓN,,27648.51,16438.69
2015,X05,Educación,COLEGIO PÚBLICO CIUDAD DE ZARAGOZA. OBRAS DE CONSERVACIÓN,,78765.73,63375.14
2015,X05,Educación,"COLEGIO PÚBLICO CALDERÓN DE LA BARCA, C/ CALDERÓN, 2. OBRAS DE CONSERVACIÓN",,48642.99,46124.26
2015,X05,Educación,"COLEGIO PÚBLICO CIUDAD DE GUADALAJARA, C/ BERGANTÍN, 13. OBRAS DE CONSERVACIÓN",,35723.39,35637.69
2015,X05,Educación,"ESCUELA INFANTIL LA COLINA, C/ NUESTRA SEÑORA DE ARACELI, 2. OBRAS DE CONSERVACIÓN",,17713.27,16353.51
2015,X05,Educación,"ESCUELA INFANTIL EL BATEO, C/ PINOS DE OSUNA, 3. OBRAS DE CONSERVACIÓN",,5118.91,5102.08
2015,X05,Educación,ESCUELA DE MÚSICA EL CAPRICHO. OBRAS DE MEJORA,,42500.0,33779.03
2015,X11,"Deportes, juventud y esparcimiento",,,246636.0,92206.14
2015,X11,"Deportes, juventud y esparcimiento",PABELLÓN DEPORTIVO VILLA DE MADRID. MATERIAL DEPORTIVO,,3100.0,3097.6
2015,X11,"Deportes, juventud y esparcimiento",OBRAS DE CONSERVACIÓN INSTALACIONES DEPORTIVAS DISTRITO DE BARAJAS,,152003.71,
2015,X11,"Deportes, juventud y esparcimiento","CENTRO DEPORTIVO BARAJAS, AV. LOGROÑO, 70. OBRAS DE ACONDICIONAMIENTO",,62886.16,62383.09
2015,X11,"Deportes, juventud y esparcimiento","CENTRO DEPORTIVO PABELLÓN VILLA DE MADRID, C/ LOS BREZOS, 6. OBRAS DE CONSERVACIÓN",,21246.13,21162.18
2015,X11,"Deportes, juventud y esparcimiento",EQUIPAMIENTO CENTRO DEPORTIVO MUNICIPAL DE BARAJAS,,7400.0,5563.27
2015,X00,Inversiones de carácter general,,,237266.87,118935.24
2015,X00,Inversiones de carácter general,OBRAS DE CONSERVACIÓN EDIFICIOS DISTRITO DE BARAJAS,,40576.78,
2015,X00,Inversiones de carácter general,EDIFICIO SEDE DISTRITO BARAJAS. OBRAS DE CONSERVACIÓN,,21690.09,19096.72
2015,X00,Inversiones de carácter general,IFS-EDIFICIO SEDE DISTRITO DE BARAJAS. ADECUACIÓN FACHADA Y EFICIENCIA ENERGÉTICA,,150000.0,85542.46
2015,X00,Inversiones de carácter general,IFS-EDIFICIO SEDE DISTRITO DE BARAJAS. SISTEMA DE ILUMINACIÓN Y EFICIENCIA ENERGÉTICA,,25000.0,14296.06
2015,X12,Otros bienes públicos de carácter social,,,1808.94,1808.94
2015,X12,Otros bienes públicos de carácter social,EQUIPAMIENTO OFICINA ATENCIÓN AL CIUDADANO LÍNEA MADRID DISTRITO BARAJAS,,1808.94,1808.94
2016,X01,Protección Civil y seguridad ciudadana,,,23430.92,23430.92
2016,X01,Protección Civil y seguridad ciudadana,UNIDAD INTEGRAL POLICÍA MUNICIPAL BARAJAS. OBRAS DE ADECUACIÓN,,5839.94,5839.94
2016,X01,Protección Civil y seguridad ciudadana,EQUIPAMIENTO UNIDAD INTEGRAL POLICÍA MUNICIPAL DISTRITO BARAJAS,,17590.98,17590.98
2016,X10,Cultura,,,254030.64,241092.43
2016,X10,Cultura,"PALACIO ""EL CAPRICHO"". REHABILITACIÓN PARA DESARROLLO MUSEOGRÁFICO",,55400.0,55400.0
2016,X10,Cultura,CENTRO CULTURAL GLORIA FUERTES. OBRAS DE CONSERVACIÓN,,5760.96,5760.96
2016,X10,Cultura,"IFS-CASTILLO DE LA ALAMEDA. ADECUACIÓN RECINTOS FERIALES, ACCESOS Y GALERÍA INFORMATIVA",,30000.0,29688.58
2016,X10,Cultura,BIBLIOTECA PÚBLICA GLORIA FUERTES. DOTACIÓN DE MOBILIARIO Y ENSERES,,3109.7,3109.7
2016,X10,Cultura,CASTILLO DE LA ALAMEDA. PANELES INFORMATIVOS,,6832.19,6832.19
2016,X10,Cultura,"CENTRO CULTURAL VILLA DE BARAJAS. C/ BOTICA, 7. OBRAS DE CONSERVACIÓN",,3471.9,3471.9
2016,X10,Cultura,"CENTRO CULTURAL VILLA DE BARAJAS. C/ BOTICA, 10. OBRAS DE CONSERVACIÓN",,22450.75,22450.75
2016,X10,Cultura,CENTRO CULTURAL TERESA DE CALCUTA. OBRAS DE CONSERVACIÓN,,72005.14,72005.14
2016,X10,Cultura,IFS-CENTRO CULTURAL VILLA BARAJAS.EFICIENCIA ENERGÉTICA EN PATIO INTERIOR E INSTALACIONES DE CLIMATIZACI,,55000.0,42373.21
2016,X06,Urbanismo,,,7221948.79,6806736.37
2016,X06,Urbanismo,ADQUISICIÓN DE SUELO EN LA C/ AYERBE. VIARIO,,415592.02,9544.58
2016,X06,Urbanismo,ADQUISICIÓN SUELO EN CALLE ORIÓN. VIARIO,,628912.53,628912.53
2016,X06,Urbanismo,POLÍGONO DE COOPERACIÓN C/ALAR DEL REY Y TRAVESÍA DE ALARO,,8787.2,
2016,X06,Urbanismo,"DERRIBO EDIFICACIÓN C/ JOAQUÍN IBARRA, 34",,2498.93,2498.93
2016,X06,Urbanismo,ADQUISICIÓN SUELO APR 21.01 VÍA GASOLINA NORTE,,5611493.34,5611493.34
2016,X06,Urbanismo,DEMOLICIONES CAMINO LA MUÑOZA S/N,,553960.24,553960.24
2016,X06,Urbanismo,ADECUACIÓN VIALES Y ACCESIBILIDAD EN DISTRITO BARAJAS,,704.53,326.75
2016,X09,Medio ambiente,,,5665466.04,4029634.55
2016,X09,Medio ambiente,CONEXIÓN REDES AGUA REGENERADA VALDEBEBAS-REJAS,,3991019.4,3991019.38
2016,X09,Medio ambiente,IFS-PARQUE JUAN CARLOS I. ADECUACIÓN NORMATIVA Y MEJORA EFICIENCIA ENERGÉTICA ALUMBRADO PÚBLICO E INSTAL,,275500.0,6435.0
2016,X09,Medio ambiente,PARQUE JUAN CARLOS I. ADECUACIÓN DE ENTORNOS Y SUPRESIÓN DE BARRERAS ARQUITECTÓNICAS,,331703.5,11313.5
2016,X09,Medio ambiente,IFS-PARQUE JUAN CARLOS I. ADECUACIÓN A NORMATIVA DE LA CÁMARA DE BOMBEO DE LA RÍA (CÁMARA A),,122300.0,2466.67
2016,X09,Medio ambiente,IFS-PARQUE JUAN CARLOS I. MEJORA ACCESIBILIDAD Y ACONDICIONAMIENTO DEL ENTORNO DEL MIRADOR DE INVIERNO,,215800.0,6300.0
2016,X09,Medio ambiente,IFS-PARQUE JUAN CARLOS I. ACONDICIONAMIENTO DE TALUDES EN ZONA DE ANAGRAMA-TALUD M-40,,238000.0,7100.0
2016,X09,Medio ambiente,IFS-PARQUE JUAN CARLOS I. MEJORA DE LA PAVIMENTACIÓN EN Pº DE OTOÑO,,261500.0,5000.0
2016,X09,Medio ambiente,IFS-ZONA VERDE COLINDANTE CON LOS JARDINES DEL CAPRICHO. REMODELACIÓN,,229643.14,
2016,X08,Mantenimiento urbano,,,316029.59,139417.84
2016,X08,Mantenimiento urbano,PAVIMENTACIÓN ACERAS BARRIOS EN DISTRITO BARAJAS. FASE I,,120715.0,37656.2
2016,X08,Mantenimiento urbano,PAVIMENTACIÓN CALZADAS BARRIOS EN DISTRITO BARAJAS. FASE I,,195314.59,101761.64
2016,X03,Protección y promoción social,,,445159.99,190409.1
2016,X03,Protección y promoción social,"CENTRO DE MAYORES BARRIO AEROPUERTO, C/ MEDINA DE POMAR, 25. OBRAS DE CONSERVACIÓN",,18470.9,18470.9
2016,X03,Protección y promoción social,CENTRO DE DÍA DE MAYORES BARRIO AEROPUERTO. MOBILIARIO Y ENSERES,,1626.24,
2016,X03,Protección y promoción social,CENTRO DE MAYORES ACUARIO. OBRAS DE CONSERVACIÓN,,5575.24,5575.24
2016,X03,Protección y promoción social,CENTRO DE MAYORES BARRIO AEROPUERTO. OBRAS DE CONSERVACIÓN,,16488.61,16488.61
2016,X03,Protección y promoción social,IFS-CENTRO SERVICIOS SOCIALES GLORIA FUERTES. INSTALACIONES PROTECCIÓN SOLAR PARA OPTIMIZAR LA ENERGÍA,,65000.0,
2016,X03,Protección y promoción social,IFS-CENTRO DE MAYORES ACUARIO. EFICIENCIA ENERGÉTICA INSTALACIONES CLIMATIZACIÓN Y PARA EVITAR SOLEAMIEN,,138000.0,19724.22
2016,X03,Protección y promoción social,IFS-CENTRO SERVICIOS SOCIALES TERESA CALCUTA. EFICIENCIA ENERGÉTICA INSTALACIONES DE ILUMINACIÓN Y CLIMA,,199999.0,130150.13
2016,X05,Educación,,,958525.22,787553.57
2016,X05,Educación,EQUIPAMIENTO ESCUELA INFANTIL LA COLINA,,3327.92,3327.92
2016,X05,Educación,ESCUELA INFANTIL LA CHULAPONA. OBRAS DE CONSERVACIÓN,,17562.47,17104.35
2016,X05,Educación,COLEGIO PÚBLICO CIUDAD DE ZARAGOZA. OBRAS DE CONSERVACIÓN,,31995.2,31995.2
2016,X05,Educación,ESCUELA INFANTIL LA COLINA. MATERIAL DIDÁCTICO,,902.5,902.5
2016,X05,Educación,ESCUELA INFANTIL EL BATEO. OBRAS DE CONSERVACIÓN,,13504.88,13504.88
2016,X05,Educación,ESCUELA INFANTIL LA COLINA. OBRAS DE CONSERVACIÓN,,6694.75,5690.27
2016,X05,Educación,COLEGIO PÚBLICO CIUDAD DE GUADALAJARA. OBRAS DE CONSERVACIÓN,,51116.35,50927.01
2016,X05,Educación,COLEGIO PÚBLICO CALDERÓN DE LA BARCA. OBRAS DE ACONDICIONAMIENTO,,60883.16,60844.45
2016,X05,Educación,COLEGIO PÚBLICO CALDERÓN DE LA BARCA. INSTALACIONES DE CALEFACCIÓN,,3430.82,3430.82
2016,X05,Educación,ESCUELA DE MÚSICA EL CAPRICHO.  CARPINTERÍA,,92595.59,92595.59
2016,X05,Educación,ESCUELA DE MÚSICA EL CAPRICHO. OBRAS DE ADECUACIÓN INSTALACIÓN DE GAS,,6511.58,6511.58
2016,X05,Educación,IFS-ESCUELA DE MUSICA EL CAPRICHO. ACONDICIONAMIENTO ESPACIO LIBRE DE PARCELA Y NUEVO ACCESO AL EDIFICIO,,120000.0,
2016,X05,Educación,IFS-COLEGIO PÚBLICO ZARAGOZA. ADECUACIÓN COMEDOR Y OTRAS DEPENDENCIAS,,150000.0,104207.24
2016,X05,Educación,IFS-ESCUELA DE MÚSICA EL CAPRICHO. ACTUACIÓN GLOBAL FRENTE A HUMEDADES,,160000.0,156952.71
2016,X05,Educación,IFS-COLEGIO PÚBLICO CIUDAD DE GUADALAJARA. OBRAS DE ACONDICIONAMIENTO,,240000.0,239559.05
2016,X11,"Deportes, juventud y esparcimiento",,,805219.21,524404.25
2016,X11,"Deportes, juventud y esparcimiento",OBRAS DE CONSERVACIÓN INSTALACIONES DEPORTIVAS DISTRITO DE BARAJAS,,215.3,
2016,X11,"Deportes, juventud y esparcimiento",EQUIPAMIENTO CENTRO DEPORTIVO BARAJAS,,12805.28,12805.28
2016,X11,"Deportes, juventud y esparcimiento",CENTRO DEPORTIVO BARAJAS. OBRAS DE ADECUACIÓN CLIMATIZACIÓN,,184435.95,184435.95
2016,X11,"Deportes, juventud y esparcimiento",DEPORTIVO BÁSICO PABELLÓN VILLA DE MADRID. OBRAS DE CONSERVACIÓN,,4348.75,4348.75
2016,X11,"Deportes, juventud y esparcimiento",CENTRO DEPORTIVO BARAJAS. INSTALACIÓN CALDERAS,,128414.93,89247.18
2016,X11,"Deportes, juventud y esparcimiento",IFS-CENTRO DEPORTIVO BARAJAS. PROTECCIÓN SOLAR FACHADA: EFICIENCIA ENERGÉTICA EN CLIMATIZACIÓN INTERIOR,,130000.0,129613.49
2016,X11,"Deportes, juventud y esparcimiento",IFS-CENTRO DEPORTIVO DE BARAJAS. ACONDICIONAMIENTO INTERIOR Y EXTERIOR Y ADECUACIÓN A NORMATIVA,,145000.0,103953.6
2016,X11,"Deportes, juventud y esparcimiento",IFS-POLIDEPORTIVO DE BARAJAS.INSTALACIÓN SOLAR.CALDERAS Y PANELES SOLARES PARA CALENTAR PISCINAS Y DUCHA,,199999.0,
2016,X00,Inversiones de carácter general,,,432224.76,234543.33
2016,X00,Inversiones de carácter general,EDIFICIO SEDE DISTRITO BARAJAS. OBRAS DE CONSERVACIÓN,,1986.89,1986.89
2016,X00,Inversiones de carácter general,SISTEMA INTEGRAL GRABACIÓN Y REPRODUCCIÓN SESIONES PLENARIAS DISTRITO BARAJAS,,7238.87,7238.87
2016,X00,Inversiones de carácter general,IFS-BARRACONES C/ FRÍAS. REHABILITACIÓN INTEGRAL,,70000.0,
2016,X00,Inversiones de carácter general,IFS-SEDE DISTRITO BARAJAS.ACONDICIONAMIENTO INTERIOR E ILUMINACIÓN ENERGÉTICAMENTE EFICIENTE Y ANTICONTA,,153000.0,111129.16
2016,X00,Inversiones de carácter general,IFS-EDIFICIO SEDE DISTRITO DE BARAJAS. EFICIENCIA ENERGÉTICA EN LAS INSTALACIONES DE CLIMATIZACIÓN,,199999.0,114188.41
2016,X12,Otros bienes públicos de carácter social,,,1741.81,1741.81
2016,X12,Otros bienes públicos de carácter social,EQUIPAMIENTO OFICINA ATENCIÓN AL CIUDADANO LÍNEA MADRID DISTRITO BARAJAS,,683.31,683.31
2016,X12,Otros bienes públicos de carácter social,OTRO EQUIPAMIENTO OFICINA ATENCIÓN AL CIUDADANO LÍNEA MADRID DISTRITO BARAJAS,,931.09,931.09
2016,X12,Otros bienes públicos de carácter social,OFICINA ATENCIÓN A LA CIUDADANÍA LÍNEA MADRID BARAJAS. SEÑALIZACIÓN,,127.41,127.41
2017,X01,Protección Civil y seguridad ciudadana,,,133285.8,26519.87
2017,X01,Protección Civil y seguridad ciudadana,EQUIPAMIENTO UNIDAD INTEGRAL POLICÍA MUNICIPAL DISTRITO BARAJAS,,13285.8,13285.37
2017,X01,Protección Civil y seguridad ciudadana,PARQUE DE BOMBEROS Y CENTRO DE SALUD COMUNITARIO DISTRITO DE BARAJAS. CONSTRUCCIÓN,,120000.0,13234.5
2017,X10,Cultura,,,870132.61,558077.49
2017,X10,Cultura,"PALACIO ""EL CAPRICHO"". REHABILITACIÓN PARA DESARROLLO MUSEOGRÁFICO",,344309.32,281681.5
2017,X10,Cultura,IFS-CENTRO CULTURAL GLORIA FUERTES. PANELES FOTOVOLTAICOS Y REFORMA INSTALACIÓN ELÉCTRICA,,80000.0,
2017,X10,Cultura,BIBLIOTECA PÚBLICA GLORIA FUERTES. EQUIPOS DE COMUNICACIÓN,,835.78,503.8
2017,X10,Cultura,EQUIPAMIENTO BIBLIOTECA GLORIA FUERTES,,698.1,698.1
2017,X10,Cultura,AUDITORIO PARQUE JUAN CARLOS I. OBRAS DE REHABILITACIÓN,,150000.0,
2017,X10,Cultura,CENTRO CULTURAL GLORIA FUERTES. SUBSANACIÓN DEFICIENCIAS EN ASCENSOR,,4455.67,4455.67
2017,X10,Cultura,CENTRO CULTURAL TERESA DE CALCUTA. SUBSANACIÓN DEFICIENCIAS EN ASCENSOR,,16677.73,16677.72
2017,X10,Cultura,CENTRO SOCIO CULTURAL VILLA DE BARAJAS. SUBSANACIÓN DEFICIENCIAS EN ASCENSOR,,3212.71,3212.71
2017,X10,Cultura,IFS-CENTRO CULTURAL GLORIA FUERTES. OBRAS VARIAS DE ACONDICIONAMIENTO Y MEJORA,,65000.0,60765.96
2017,X10,Cultura,IFS-CENTRO CULTURAL TERESA DE CALCUTA. ADECUACIÓN INSTALACIONES Y EFICIENCIA ENRGÉTICA,,87000.0,72141.25
2017,X10,Cultura,"IFS-CENTRO CULTURAL VILLA BARAJAS, C/BOTICA,10. ADECUACIÓN INSTALACIONES Y TECNOLOGÍA LED",,106247.8,106245.78
2017,X10,Cultura,"IFS-CENTRO CULTURAL VILLA DE BARAJAS, C/BOTICA,7. ADECUACIÓN INSTALACIONES Y TECNOLOGÍA LED",,11695.5,11695.0
2017,X06,Urbanismo,,,3582226.7,319524.26
2017,X06,Urbanismo,ADQUISICIÓN DE SUELO EN LA C/ AYERBE. VIARIO,,417229.07,18.77
2017,X06,Urbanismo,ADQUISICIÓN SUELO EN CALLE ORIÓN. VIARIO,,28219.06,28219.06
2017,X06,Urbanismo,POLÍGONO DE COOPERACIÓN C/ALAR DEL REY Y TRAVESÍA DE ALARO,,8787.2,
2017,X06,Urbanismo,SUELO URBANIZABLE PROGRAMADO ENSANCHE DE BARAJAS 1.01,,57896.0,
2017,X06,Urbanismo,"ADQUISICIÓN SUELO NUEVA AVENIDA ALAMEDA DE OSUNA, C/LA RIOJA,1 C/V SAN SEVERO",,43059.73,43059.73
2017,X06,Urbanismo,ADQUISICIÓN SUELO APR 21.01 VÍA GASOLINA NORTE,,44038.8,
2017,X06,Urbanismo,ADECUACIÓN VIALES Y ACCESIBILIDAD EN DISTRITO BARAJAS,,2374.25,1840.44
2017,X06,Urbanismo,ADQUISICION SUELO APR 21.02 BARRIO DEL AEROPUERTO,,2600000.0,
2017,X06,Urbanismo,ADQUISICIÓN SUELO OLIVAR DE LA HINOJOSA PAU I. ACTUACIÓN INTEGRADA,,10381.8,
2017,X06,Urbanismo,"DEMOLICIÓN EDIFICACIÓN Y ACONDICIONAMIENTO SOLAR C/ ORÍON, 44 A 50",,48283.45,48283.45
2017,X06,Urbanismo,"C/ ORIÓN, 43 CV/. GÉMINIS, 35. OBRAS DE URBANIZACIÓN",,262401.14,187886.9
2017,X06,Urbanismo,CIRCUNVALACIÓN AL CASO HISTÓRICO DE BARAJAS POR LA CALLE AYERBE,,59556.2,10215.91
2017,X09,Medio ambiente,,,2478190.5,1073062.98
2017,X09,Medio ambiente,CONEXIÓN REDES AGUA REGENERADA VALDEBEBAS-REJAS,,345829.0,289399.35
2017,X09,Medio ambiente,IFS-PARQUE JUAN CARLOS I. ADECUACIÓN NORMATIVA Y MEJORA EFICIENCIA ENERGÉTICA ALUMBRADO PÚBLICO E INSTAL,,212679.0,212679.0
2017,X09,Medio ambiente,PARQUE JUAN CARLOS I. ADECUACIÓN DE ENTORNOS Y SUPRESIÓN DE BARRERAS ARQUITECTÓNICAS,,287560.36,250133.16
2017,X09,Medio ambiente,IFS-PARQUE JUAN CARLOS I. ADECUACIÓN A NORMATIVA DE LA CÁMARA DE BOMBEO DE LA RÍA (CÁMARA A),,101905.54,101905.54
2017,X09,Medio ambiente,IFS-PARQUE JUAN CARLOS I. MEJORA ACCESIBILIDAD Y ACONDICIONAMIENTO DEL ENTORNO DEL MIRADOR DE INVIERNO,,3000.0,
2017,X09,Medio ambiente,IFS-PARQUE JUAN CARLOS I. ACONDICIONAMIENTO DE TALUDES EN ZONA DE ANAGRAMA-TALUD M-40,,165571.26,165571.26
2017,X09,Medio ambiente,INSTALACIÓN APARCABICIS PROXIMIDAD CENTROS EDUCATIVOS BARAJAS (I.D. 3781),,4304.65,
2017,X09,Medio ambiente,INSTALACIÓN APARCABICIS EN CALZADA DISTRITO BARAJAS (I.D.: 5038),,10761.62,
2017,X09,Medio ambiente,BOSQUES URBANOS EN EL DISTRITO DE BARAJAS. PLANTACIÓN (ID: 1220),,10000.0,
2017,X09,Medio ambiente,REFORESTACIÓN PARCELA ALEDAÑA M-40 EN SU BIFURCACIÓN M-11. REDISTRIBUCIÓN ESPACIOS (ID: 84),,20812.0,20812.0
2017,X09,Medio ambiente,PARQUE JUAN CARLOS I. ACTUACIONES DE REHABILITACIÓN,,102684.6,19300.0
2017,X09,Medio ambiente,ESTUFA FRÍA DEL PARQUE JUAN CARLOS I. REMODELACIÓN,,245000.0,
2017,X09,Medio ambiente,IFS-PARQUE JUAN CARLOS I. ACCESIBILIDAD Y ACONDICIONAMIENTO ENTORNO MIRADOR DE INVIERNO,,215800.0,
2017,X09,Medio ambiente,IFS-PARQUE JUAN CARLOS I. MEJORA DE LA PAVIMENTACIÓN EN Pº DE OTOÑO.,,270600.0,
2017,X09,Medio ambiente,IFS-PIRÁMIDE V DEL PARQUE JUAN CARLOS I. REMODELACIÓN,,458850.0,9099.2
2017,X09,Medio ambiente,PARQUE CANINO EN DISTRITO DE BARAJAS. AJARDINAMIENTO  (ID: 1233),,20000.0,1331.0
2017,X09,Medio ambiente,PUNTO RECARGA VEHÍCULOS ELÉCTRICOS SEDE ÁREA DESARROLLO URBANO. INSTALACIÓN (ID: 27),,2832.47,2832.47
2017,X08,Mantenimiento urbano,,,544884.01,240654.52
2017,X08,Mantenimiento urbano,PAVIMENTACIÓN ACERAS BARRIOS EN DISTRITO BARAJAS. FASE I,,209210.76,90163.37
2017,X08,Mantenimiento urbano,PAVIMENTACIÓN CALZADAS BARRIOS EN DISTRITO BARAJAS. FASE I,,26162.16,24609.83
2017,X08,Mantenimiento urbano,PASOS DE PEATONES C/ALCAÑIZ. ADECUACIÓN (ID: 3294),,90000.0,
2017,X08,Mantenimiento urbano,ENSANCHAMIENTO ACERA AVENIDA DE LOGROÑO (ID: 4875),,58800.0,58799.95
2017,X08,Mantenimiento urbano,MOBILIARIO AREA MAYORES DISTRITO BARAJAS. INSTALACIÓN,,35225.76,35225.76
2017,X08,Mantenimiento urbano,INSTALACIONES PARQUE INFANTIL BARRRIO DEL AEROPUERTO.ADAPTACIÓN A NORMATIVA (ID: 4580),,26000.0,
2017,X08,Mantenimiento urbano,MICRO-INSTALACIONES DEPORTIVAS EN PARQUES DISTRITO DE BARAJAS (ID: 540),,17444.09,
2017,X08,Mantenimiento urbano,MOBILIARIO URBANO EN ÁREAS INFANTILES DISTRITO BARAJAS,,31855.61,31855.61
2017,X08,Mantenimiento urbano,RENOVACIÓN MOBILIARIO EN ÁREAS INFANTILES DISTRITO BARAJAS,,50185.63,
2017,X03,Protección y promoción social,,,480660.6,148264.27
2017,X03,Protección y promoción social,CENTRO DE DÍA DE MAYORES BARRIO AEROPUERTO. MOBILIARIO Y ENSERES,,1626.24,1626.24
2017,X03,Protección y promoción social,ESCUELA DE HOSTELERÍA DE BARAJAS. CONSTRUCCIÓN,,100000.0,
2017,X03,Protección y promoción social,CENTRO DE MAYORES BARRIO CORRALEJOS-CORONALES. CONSTRUCCIÓN,,50000.0,
2017,X03,Protección y promoción social,CENTROS MAYORES DISTRITO DE BARAJAS. MOBILIARIO Y ENSERES,,2644.97,
2017,X03,Protección y promoción social,CENTRO DE MAYORES ACUARIO. MOBILIARIO Y ENSERES,,2762.96,2762.96
2017,X03,Protección y promoción social,CENTRO DE MAYORES TERESA DE CALCUTA. MOBILIARIO Y ENSERES,,6592.07,6592.07
2017,X03,Protección y promoción social,CENTROS SERVICIOS SOCIALES DISTRITO DE BARAJAS. MOBILIARIO,,6747.82,
2017,X03,Protección y promoción social,CENTRO DE SERVICIOS SOCIALES TERESA DE CALCUTA. MOBILIARIO,,18252.18,18252.18
2017,X03,Protección y promoción social,CENTRO DE MAYORES ACUARIO. SUBSANACIÓN DEFICIENCIAS EN ASCENSOR,,1707.58,1707.58
2017,X03,Protección y promoción social,IFS-CENTRO DE MAYORES ACUARIO. OBRAS DE ACONDICIONAMIENTO Y MEJORA,,91738.91,38032.5
2017,X03,Protección y promoción social,IFS-CENTRO DE MAYORES BARRIO DEL AEROPUERTO. OBRAS DE MEJORA INSTALACIONES Y TECNOLOGÍA LED,,139736.86,20439.73
2017,X03,Protección y promoción social,CENTRO FORMACIÓN OCUPACIONAL DE BARAJAS. OBRAS AMPLIACIÓN CAPACIDAD ELÉCTRICA,,58851.01,58851.01
2017,X05,Educación,,,1799808.04,866545.35
2017,X05,Educación,EQUIPAMIENTO ESCUELA INFANTIL LA COLINA,,8606.86,8606.86
2017,X05,Educación,EQUIPAMIENTO ESCUELA DE MÚSICA EL CAPRICHO,,34304.87,34304.87
2017,X05,Educación,COLEGIO PÚBLICO CIUDAD DE ZARAGOZA. OBRAS DE ACONDICIONAMIENTO,,17671.68,15027.28
2017,X05,Educación,COLEGIO PÚBLICO CIUDAD DE GUADALAJARA. ADECUACIÓN INSTALACIÓN DEPORTIVA,,100000.0,
2017,X05,Educación,OBRAS DE CONSERVACIÓN CENTROS DOCENTES DE ENSEÑANZA DISTRITO DE BARAJAS,,190177.0,
2017,X05,Educación,COLEGIO PÚBLICO CIUDAD DE GUADALAJARA. ACONDICIONAMIENTO RAMPA Y PORCHE,,9666.07,9666.07
2017,X05,Educación,ESCUELA INFANTIL LA COLINA. OBRAS DE MEJORAS DE ELECTRICIDAD Y OTRAS,,7230.34,7230.34
2017,X05,Educación,ESCUELA INFANTIL LA CHULAPONA. OBRAS DE MEJORAS DE ELECTRICIDAD Y OTRAS,,5776.61,5776.61
2017,X05,Educación,ESCUELA INFANTIL EL BATEO. OBRAS DE MEJORAS DE ELECTRICIDAD Y OTRAS,,9877.84,9877.84
2017,X05,Educación,COLEGIO PÚBLICO CIUDAD DE GUADALAJARA. OBRAS DE MEJORAS DE ELECTRICIDAD Y OTRAS,,17436.95,16378.96
2017,X05,Educación,COLEGIO PÚBLICO CIUDAD DE ZARAGOZA. SUBSANCIÓN DEFICIENCIAS INSPECCIÓN TÉCNICA EDIFICIOS,,122340.51,122034.14
2017,X05,Educación,"ESCUELA MUNICIPAL ADULTOS BARAJAS, C/PLUS ULTRA,3.MEDIOS AUDIOVISUALES(ID: 4850)",,1250.0,714.0
2017,X05,Educación,"IFS-COLEGIO PÚBLICO CALDERÓN. OBRAS DE AISLAMIENTO TÉRMICO , VIDRIERAS Y TECNOLOGÍA LED",,220000.0,192509.58
2017,X05,Educación,"IFS-COLEGIO PÚBLICO GUADALAJARA. MEJORA VIDRIERAS, CUBIERTAS, CERRAMIENTO Y TECNOLOGÍA LED",,63000.0,62972.1
2017,X05,Educación,IFS-COLEGIO PÚBLICO MARGARET TATCHER. ACONDICIONAMIENTO EXTERIORES E INSTALACIÓN TOLDOS,,12469.31,12465.65
2017,X05,Educación,IFS-COLEGIO PÚBLICO CIUDAD DE ZARAGOZA. OBRAS VARIAS DE ACONDICIONAMIENTO Y MEJORA,,200000.0,115778.83
2017,X05,Educación,"IFS-ESCUELA DE MÚSICA EL CAPRICHO. REPARACIÓN MUROS, PAVIMENTOS Y ADECUACIÓN SALÓN ACTOS",,100000.0,20464.84
2017,X05,Educación,IFS-ESCUELA DE MÚSICA EL CAPRICHO. ACONDICIONAMIENTO NAVE ANEXA,,200000.0,
2017,X05,Educación,"IFS-ESCUELA DE MÚSICA EL CAPRICHO. PAVIMENTOS, CUBIERTA,  TECNOLOGÍA LED Y ADECUACIÓN EXTERIOR",,200000.0,88073.04
2017,X05,Educación,"IFS-ESCUELA ADULTOS C/PLUS ULTRA.OBRAS DE MEJORA,ADECUACIÓN INSTALACIONES Y TECNOLOGÍA LED",,55000.0,
2017,X05,Educación,"IFS-ESCUELA INFANTIL LA CHULAPONA. MEJORA INSTALACIONES DE ILUMINACIÓN, TECNOLOGÍA LED",,30000.0,29522.26
2017,X05,Educación,"IFS-ESCUELA INFANTIL EL BATEO. MEJORA INSTALACIONES DE ILUMINACIÓN, TECNOLOGÍA LED",,30000.0,29570.32
2017,X05,Educación,"IFS-ESCUELA INFANTIL LA COLINA. MEJORAS, ADECUACIÓN INSTALACIONES,  Y TECNOLOGÍA LED",,165000.0,85571.76
2017,X11,"Deportes, juventud y esparcimiento",,,1638090.79,923767.83
2017,X11,"Deportes, juventud y esparcimiento",OBRAS DE CONSERVACIÓN INSTALACIONES DEPORTIVAS DISTRITO DE BARAJAS,,190176.0,
2017,X11,"Deportes, juventud y esparcimiento","POLIDEPORTIVO C/MISTRAL, ENSANCHE DE BARAJAS. CONSTRUCCIÓN",,100000.0,26194.24
2017,X11,"Deportes, juventud y esparcimiento",ROCODROMO EN EL PARQUE JUAN CARLOS I. CONSTRUCCIÓN (ID: 633),,20000.0,16749.99
2017,X11,"Deportes, juventud y esparcimiento","CIRCUITO BMX PARA BICIS, ENSANCHE DE BARAJAS ""MILLA VERDE"". CONSTRUCCIÓN (ID: 4894)",,65000.0,63404.9
2017,X11,"Deportes, juventud y esparcimiento",QUIOSCO ESTANQUE PARQUE JUAN CARLOS I. ACONDICIONAMIENTO ALMACENAMIENTO PIRAGUAS,,26455.23,26455.23
2017,X11,"Deportes, juventud y esparcimiento",CENTRO DEPORTIVO BARAJAS. OBRAS DE ACONDICIONAMIENTO,,131354.72,131354.72
2017,X11,"Deportes, juventud y esparcimiento",CENTRO DEPORTIVO PABELLÓN VILLA DE MADRID. ADECUACIÓN SISTEMA AGUA CALIENTE SANITARIA,,2492.91,2492.91
2017,X11,"Deportes, juventud y esparcimiento",CENTRO DEPORTIVO PABELLÓN VILLA DE MADRID. ACCESIBILIDAD DUCHAS Y ASEOS MINUSVÁLIDOS,,198.49,
2017,X11,"Deportes, juventud y esparcimiento",CENTRO DEPORTIVO BARAJAS. OBRAS DE ACONDICIONAMIENTO EN PISTA DEPORTIVA Y OTROS,,53158.72,53158.72
2017,X11,"Deportes, juventud y esparcimiento",CENTRO DEPORTIVO PABELLÓN VILLA DE MADRID. SUBSANACIÓN DEFICIENCIAS ELÉCTRICAS,,25787.8,7113.13
2017,X11,"Deportes, juventud y esparcimiento",DEPORTIVO BÁSICO SOTO HIDALGO. ADECUACIÓN Y MEJORA,,5953.96,
2017,X11,"Deportes, juventud y esparcimiento",CENTRO DEPORTIVO BARAJAS. LIMPIAFONDOS Y OTRO EQUIPAMIENTO,,15000.0,14853.16
2017,X11,"Deportes, juventud y esparcimiento","IFS-CENTRO DEPORTIVO PABELLÓN VILLA DE MADRID. MEJORA PAVIMENTOS, CERRAMIENTO Y TECNOLOGÍA LED",,108611.55,73147.9
2017,X11,"Deportes, juventud y esparcimiento",IFS-CENTRO DEPORTIVO DE BARAJAS. OBRAS VARIAS DE MEJORA EN PISTA DE TENIS Y PABELLÓN,,344465.14,140307.98
2017,X11,"Deportes, juventud y esparcimiento",IFS-DEPORTIVO BÁSICO BARRIO AEROPUERTO. MEJORA ILUMINACIÓN Y CERRAMIENTO CAMPO FÚTBOL 11,,262977.85,247527.69
2017,X11,"Deportes, juventud y esparcimiento",IFS-DEPORTIVO BÁSICO BARRIO AEROPUERTO. MEJORA ILUMINACIÓN Y CERRAMIENTO PISTA POLIVALENTE,,121007.41,121007.26
2017,X11,"Deportes, juventud y esparcimiento",IFS-DEPORTIVO BÁSICO EL GALEÓN. MEJORAS EN INSTALACIONES DE ILUMINACIÓN Y CERRAMIENTO,,29010.77,
2017,X11,"Deportes, juventud y esparcimiento","IFS-""DEPORTIVO BÁSICO """"ALAS"""". MEJORAS EN INSTALACIONES DE ILUMINACIÓN Y CERRAMIENTO""",,13169.2,
2017,X11,"Deportes, juventud y esparcimiento","IFS-DEPORTIVO BÁSICO ALHAURÍN. ADECUACIÓN ILUMINACIÓN, ACCESIBILIDAD Y CERRAMIENTO",,42994.86,
2017,X11,"Deportes, juventud y esparcimiento",IFS-DEPORTIVO BÁSICO BAHÍA DE SANTANDER II. OBRAS DE ACONDICIONAMIENTO Y TECNOLOGÍA LED,,48276.18,
2017,X11,"Deportes, juventud y esparcimiento","IFS-DEPORTIVO BÁSICO ALAMEDA DE OSUNA. MEJORA INSTALACIÓN DE ILUMINACIÓN, TECNOLOGÍA LED",,25000.0,
2017,X11,"Deportes, juventud y esparcimiento",IFS-DEPORTIVO BÁSICO PINOS DE OSUNA. ADECUACIÓN ILUMINACIÓN Y CERRAMIENTO,,7000.0,
2017,X00,Inversiones de carácter general,,,515019.7,322454.57
2017,X00,Inversiones de carácter general,OBRAS DE CONSERVACIÓN EDIFICIOS DISTRITO DE BARAJAS,,50200.0,
2017,X00,Inversiones de carácter general,SISTEMA INTEGRAL GRABACIÓN Y REPRODUCCIÓN SESIONES PLENARIAS DISTRITO BARAJAS,,4819.7,4819.7
2017,X00,Inversiones de carácter general,EQUIPAMIENTO SERVICIOS ADMINISTRATIVOS DISTRITO BARAJAS,,10000.0,7672.96
2017,X00,Inversiones de carácter general,IFS-SEDE DISTRITO BARAJAS. INSTALACIONES DE CLIMATIZACIÓN E IMPERMEABILIZACIÓN CUBIERTA,,300000.0,170568.42
2017,X00,Inversiones de carácter general,"IFS-SEDE DISTRITO BARAJAS. MEJORA BAÑOS, SALA DE ESTUDIOS Y SISTEMA CONTROL CLIMATIZACIÓN",,150000.0,139393.49
2017,X12,Otros bienes públicos de carácter social,,,22431.36,22430.68
2017,X12,Otros bienes públicos de carácter social,EQUIPAMIENTO OFICINA ATENCIÓN AL CIUDADANO LÍNEA MADRID DISTRITO BARAJAS,,1247.27,1247.27
2017,X12,Otros bienes públicos de carácter social,OFICINA ATENCION AL CIUDADANO LÍNEA MADRID DE BARAJAS. OBRAS DE ACCESIBILIDAD,,21184.09,21183.41
2018,X01,Protección Civil y seguridad ciudadana,,,94680.6,94680.17
2018,X01,Protección Civil y seguridad ciudadana,PARQUE DE BOMBEROS Y CENTRO DE SALUD COMUNITARIO DISTRITO DE BARAJAS. CONSTRUCCIÓN,,89884.0,89883.57
2018,X01,Protección Civil y seguridad ciudadana,BASE 21 SAMUR. INSTALACIÓN LÍNEAS DE VIDA,,4796.6,4796.6
2018,X10,Cultura,,,4456709.06,1308127.42
2018,X10,Cultura,"PALACIO ""EL CAPRICHO"". REHABILITACIÓN PARA DESARROLLO MUSEOGRÁFICO",,227040.58,37949.51
2018,X10,Cultura,IFS-CENTRO CULTURAL GLORIA FUERTES. PANELES FOTOVOLTAICOS Y REFORMA INSTALACIÓN ELÉCTRICA,,79729.31,71827.72
2018,X10,Cultura,BIBLIOTECA PÚBLICA GLORIA FUERTES. EQUIPOS DE COMUNICACIÓN,,331.97,331.97
2018,X10,Cultura,MUSEO EL CAPRICHO. ADQUISICIÓN  BIENES PARA DESARROLLO MUSEOGRÁFICO,,11884.08,11884.08
2018,X10,Cultura,"IFS-""PALACIO """"EL CAPRICHO"""". REHABILITACIÓN PARA DESARROLLO MUSEOGRÁFICO""",,2998999.0,405849.55
2018,X10,Cultura,IFS-CENTRO CULTURAL GLORIA FUERTES. REPOSICION DE  MOBILIARIO Y ENSERES,,1500.0,
2018,X10,Cultura,IFS-CENTRO CULTURAL TERESA DE CALACUTA. REPOSICION DE  MOBILIARIO Y ENSERES,,9000.0,
2018,X10,Cultura,"IFS-CENTRO CULTURAL VILLA DE BARAJAS, 10. REPOSICION DE MOBILIARIO Y ENSERES",,6000.0,
2018,X10,Cultura,CENTRO CULTURAL TERESA DE CALCULTA. ENFRIADORAS CUBIERTA,,75459.15,75459.15
2018,X10,Cultura,IFS-CENTRO CULTURAL GLORIA FUERTES. ADECUACIÓN CLIMATIZACIÓN,,304800.0,189522.61
2018,X10,Cultura,IFS-CENTRO CULTURAL GLORIA FUERTES. ADECUACIÓN INSTALACIONES Y ACCESIBILIDAD,,90000.0,88983.87
2018,X10,Cultura,IFS-CENTRO CULTURAL TERESA DE CALCUTA. ADECUACIÓN INSTALACIONES Y SANEAMIENTO,,295702.89,132012.72
2018,X10,Cultura,"IFS-CENTRO CULTURAL VILLA DE BARAJAS. ADECUACIÓN CUBIERTA, FACHADA Y ACCESIBILIDAD",,340262.08,278319.94
2018,X10,Cultura,IFS-CENTRO CULTURAL VILLA DE BARAJAS. ADECUACIÓN ILUMINACIÓN Y ACCESIBILIDAD,,16000.0,15986.3
2018,X06,Urbanismo,,,3436824.4,624592.04
2018,X06,Urbanismo,ADQUISICIÓN DE SUELO EN LA C/ AYERBE. VIARIO,,453076.71,400744.21
2018,X06,Urbanismo,POLÍGONO DE COOPERACIÓN C/ALAR DEL REY Y TRAVESÍA DE ALARO,,5129.24,
2018,X06,Urbanismo,ADECUACIÓN VIALES Y ACCESIBILIDAD EN DISTRITO BARAJAS,,533.81,533.81
2018,X06,Urbanismo,ADQUISICION SUELO APR 21.02 BARRIO DEL AEROPUERTO,,2189720.13,
2018,X06,Urbanismo,ADQUISICIÓN SUELO OLIVAR DE LA HINOJOSA PAU I. ACTUACIÓN INTEGRADA,,10402.24,10402.24
2018,X06,Urbanismo,"C/ ORIÓN, 43 CV/. GÉMINIS, 35. OBRAS DE URBANIZACIÓN",,8033.17,8033.17
2018,X06,Urbanismo,CIRCUNVALACIÓN AL CASO HISTÓRICO DE BARAJAS POR LA CALLE AYERBE,,25459.0,25450.99
2018,X06,Urbanismo,"ADQUISICIÓN DE SUELO EN LA CALLE SAN SINFORIANO, 5",,171211.4,163429.07
2018,X06,Urbanismo,"C/ BENICARLÓ, 20. OBRAS ACCESORIAS DE URBANIZACIÓN",,16115.7,15998.55
2018,X06,Urbanismo,BARRIO DEL AEROPUERTO. REURBANIZACIÓN,,557143.0,
2018,X09,Medio ambiente,,,2248614.81,161251.61
2018,X09,Medio ambiente,PARQUE JUAN CARLOS I. ACTUACIONES DE REHABILITACIÓN,,78184.6,78184.6
2018,X09,Medio ambiente,IFS-PARQUE JUAN CARLOS I. ACCESIBILIDAD Y ACONDICIONAMIENTO ENTORNO MIRADOR DE INVIERNO,,206200.0,44678.87
2018,X09,Medio ambiente,IFS-PARQUE JUAN CARLOS I. MEJORA DE LA PAVIMENTACIÓN EN Pº DE OTOÑO.,,297400.0,
2018,X09,Medio ambiente,PARQUE CANINO EN DISTRITO DE BARAJAS. AJARDINAMIENTO  (ID: 1233),,20305.0,20304.69
2018,X09,Medio ambiente,FUENTES DE AGUA POTABLE DISTRITO BARAJAS. INSTALACIÓN (ID: 558),,25276.76,
2018,X09,Medio ambiente,IFS-PARQUE JUAN CARLOS I. REMODELACIÓN Y AJARDINAMIENTO JARDINES MONOTEMÁTICOS,,1109000.0,
2018,X09,Medio ambiente,IFS-PARQUE JUAN CARLOS I. REMODELACIÓN ZONA PIRÁMIDE V,,494165.0,
2018,X09,Medio ambiente,IFS-DIVERSAS ZONAS AJARDINADAS ENSANCHE DE BARAJAS. REMODELACIÓN,,18083.45,18083.45
2018,X08,Mantenimiento urbano,,,51719.02,25894.02
2018,X08,Mantenimiento urbano,PAVIMENTACIÓN ACERAS BARRIOS EN DISTRITO BARAJAS. FASE I,,12770.11,12770.11
2018,X08,Mantenimiento urbano,PAVIMENTACIÓN CALZADAS BARRIOS EN DISTRITO BARAJAS. FASE I,,1328.65,1328.65
2018,X08,Mantenimiento urbano,INSTALACIONES PARQUE INFANTIL BARRRIO DEL AEROPUERTO.ADAPTACIÓN A NORMATIVA (ID: 4580),,25825.0,
2018,X08,Mantenimiento urbano,PROLONGACIÓN RED AGUA POTABLE CON CRUCE DE CALZADA EN AVENIDA DE LOGROÑO,,11795.26,11795.26
2018,X03,Protección y promoción social,,,1313962.65,218441.59
2018,X03,Protección y promoción social,ESCUELA DE HOSTELERÍA DE BARAJAS. CONSTRUCCIÓN,,12753.0,10421.88
2018,X03,Protección y promoción social,CENTRO DE MAYORES BARRIO CORRALEJOS-CORONALES. CONSTRUCCIÓN,,59547.0,59545.3
2018,X03,Protección y promoción social,CENTRO DE MAYORES ACUARIO. REPOSICIÓN OTRO MOBILIARIO Y ENSERES,,2135.19,2098.65
2018,X03,Protección y promoción social,"IFS-CENTRO MAYORES ACUARIO. ADECUACIÓN FACHADA, ACCESIBILIDAD Y OTRAS",,147000.0,127273.67
2018,X03,Protección y promoción social,IFS-CENTRO MAYORES BARRIO AEROPUERTO. ADECUACIÓN ACCESIBILIDAD,,4500.0,4499.43
2018,X03,Protección y promoción social,"IFS-LOCAL ""A"" C/PLAYA DE SAN JUAN, 5B. OBRAS DE ADECUACION",,340000.0,
2018,X03,Protección y promoción social,"IFS-LOCAL ""C"" C/PLAYA DE SAN JUAN, 4P. OBRAS DE ADECUACION",,340000.0,
2018,X03,Protección y promoción social,"IFS-LOCAL ""E""C/PLAYA DE SAN JUAN 3I. OBRAS DE ADECUACION",,340000.0,
2018,X03,Protección y promoción social,IFS-CENTRO DE MAYORES ACUARIO. INSTALACIÓN DE PANELES FOTOVOLTAICOS,,52900.0,
2018,X03,Protección y promoción social,CENTRO DE FORMACIÓN OCUPACIONAL DE BARAJAS. ADQUISICIÓN EQUIPOS PROCESO DATOS,,14602.66,14602.66
2018,X03,Protección y promoción social,CENTRO DE FORMACIÓN OCUPACIONAL DE BARAJAS. ADAPTACIÓN ACCESIBILIDAD,,524.8,
2018,X05,Educación,,,1600113.06,1477920.49
2018,X05,Educación,EQUIPAMIENTO ESCUELA INFANTIL LA COLINA,,2063.29,2063.29
2018,X05,Educación,EQUIPAMIENTO ESCUELA DE MÚSICA EL CAPRICHO,,27383.09,23189.09
2018,X05,Educación,EQUIPAMIENTO ESCUELA INFANTIL LA CHULAPONA,,3957.33,3957.33
2018,X05,Educación,"IFS-COLEGIO PÚBLICO CALDERÓN. OBRAS DE AISLAMIENTO TÉRMICO , VIDRIERAS Y TECNOLOGÍA LED",,18524.67,18524.66
2018,X05,Educación,IFS-COLEGIO PÚBLICO CIUDAD DE ZARAGOZA. OBRAS VARIAS DE ACONDICIONAMIENTO Y MEJORA,,9599.93,4481.42
2018,X05,Educación,"IFS-ESCUELA DE MÚSICA EL CAPRICHO. REPARACIÓN MUROS, PAVIMENTOS Y ADECUACIÓN SALÓN ACTOS",,49282.04,49282.04
2018,X05,Educación,IFS-ESCUELA DE MÚSICA EL CAPRICHO. ACONDICIONAMIENTO NAVE ANEXA,,199825.05,191627.53
2018,X05,Educación,"IFS-ESCUELA DE MÚSICA EL CAPRICHO. PAVIMENTOS, CUBIERTA,  TECNOLOGÍA LED Y ADECUACIÓN EXTERIOR",,109448.75,97987.57
2018,X05,Educación,OTRO EQUIPAMIENTO ESCUELA INFANTIL LA CHULAPONA,,1472.99,1472.96
2018,X05,Educación,OTRO EQUIPAMIENTO ESCUELA INFANTIL EL BATEO,,2876.41,2876.41
2018,X05,Educación,OTRO EQUIPAMIENTO ESCUELA INFANTIL LA COLINA,,1904.51,1904.51
2018,X05,Educación,"COLEGIO PÚBLICO CALDERÓN. OBRAS DE AISLAMIENTO TÉRMICO , VIDRIERAS Y TECNOLOGÍA LED",,8775.0,8774.93
2018,X05,Educación,"IFS-COLEGIO PÚBLICO CALDERÓN. ACONDICIONAMIENTO  EXTERIOR, ACCESIBILIDAD Y OTRAS",,227000.0,210086.83
2018,X05,Educación,"IFS-COLEGIO  PÚBLICO GUADALAJARA. ACONDICIONAMIENTO EXTERIOR, ACCESIBILIDAD Y OTRAS",,345000.0,297513.6
2018,X05,Educación,"IFS-COLEGIO PÚBLICO MARGARET THATCHER. MEJORA SANEAMIENTO, CARPINTERÍA Y OTRAS",,75000.0,64271.92
2018,X05,Educación,"IFS-COLEGIO PÚBLICO CIUDAD DE ZARAGOZA. ACONDICIONAMIENTO EXTERIOR, ACCESIBILIDAD Y OTRAS",,345000.0,331552.91
2018,X05,Educación,IFS-ESCUELA INFANTIL LA CHULAPONA. ACONDICIONAMIENTO EXTERIOR Y ACCESIBILIDAD,,96000.0,95999.7
2018,X05,Educación,"IFS-ESCUELA INFANTIL EL BATEO. ACONDICIONAMIENTO EXTERIOR, ACCESIBILIDAD Y OTRAS",,32000.0,27421.19
2018,X05,Educación,IFS-ESCUELA MÚSICA EL CAPRICHO. ACONDICIONAMIENTO Y ACCESIBILIDAD,,45000.0,44932.6
2018,X11,"Deportes, juventud y esparcimiento",,,3065117.75,2449164.65
2018,X11,"Deportes, juventud y esparcimiento","POLIDEPORTIVO C/MISTRAL, ENSANCHE DE BARAJAS. CONSTRUCCIÓN",,172365.0,
2018,X11,"Deportes, juventud y esparcimiento",CENTRO DEPORTIVO PABELLÓN VILLA DE MADRID. SUBSANACIÓN DEFICIENCIAS ELÉCTRICAS,,18675.0,18674.66
2018,X11,"Deportes, juventud y esparcimiento",DEPORTIVO BÁSICO SOTO HIDALGO. ADECUACIÓN Y MEJORA,,5954.0,5953.96
2018,X11,"Deportes, juventud y esparcimiento",IFS-DEPORTIVO BÁSICO EL GALEÓN. MEJORAS EN INSTALACIONES DE ILUMINACIÓN Y CERRAMIENTO,,29007.94,29007.94
2018,X11,"Deportes, juventud y esparcimiento","IFS-""DEPORTIVO BÁSICO """"ALAS"""". MEJORAS EN INSTALACIONES DE ILUMINACIÓN Y CERRAMIENTO""",,11420.11,11420.11
2018,X11,"Deportes, juventud y esparcimiento","IFS-DEPORTIVO BÁSICO ALHAURÍN. ADECUACIÓN ILUMINACIÓN, ACCESIBILIDAD Y CERRAMIENTO",,30707.5,30707.5
2018,X11,"Deportes, juventud y esparcimiento",IFS-DEPORTIVO BÁSICO BAHÍA DE SANTANDER II. OBRAS DE ACONDICIONAMIENTO Y TECNOLOGÍA LED,,47526.03,47526.03
2018,X11,"Deportes, juventud y esparcimiento","IFS-DEPORTIVO BÁSICO ALAMEDA DE OSUNA. MEJORA INSTALACIÓN DE ILUMINACIÓN, TECNOLOGÍA LED",,24992.79,24992.79
2018,X11,"Deportes, juventud y esparcimiento",IFS-DEPORTIVO BÁSICO PINOS DE OSUNA. ADECUACIÓN ILUMINACIÓN Y CERRAMIENTO,,6999.62,6999.62
2018,X11,"Deportes, juventud y esparcimiento",CENTRO DEPORTIVO BARAJAS. REPARACIÓN PISCINA CUBIERTA,,23687.79,23687.79
2018,X11,"Deportes, juventud y esparcimiento",IFS-CENTRO DEPORTIVO PABELLÓN VILLA DE MADRID. ACONDICIONAMIENTO Y ACCESIBILIDAD,,228853.35,200666.28
2018,X11,"Deportes, juventud y esparcimiento",IFS-CENTRO DEPORTIVO BARAJAS. REPARACIÓN INTEGRAL CUBIERTA,,300790.57,300689.37
2018,X11,"Deportes, juventud y esparcimiento","IFS-CENTRO DEPORTIVO BARAJAS. ADECUACIÓN ASEOS, VESTUARIOS Y BOTIQUÍN",,290400.0,290399.43
2018,X11,"Deportes, juventud y esparcimiento",IFS-CENTRO DEPORTIVO BARAJAS. ACONDICIONAMIENTO PISCINAS,,153670.0,153572.64
2018,X11,"Deportes, juventud y esparcimiento",IFS-CENTRO DEPORTIVO BARAJAS. CONSERVACIÓN CERRAJERÍA Y OTRAS,,170791.5,152923.21
2018,X11,"Deportes, juventud y esparcimiento",IFS-CENTRO DEPORTIVO BARAJAS. MEJORA INSTALACIONES ELECTRICIDAD,,74463.88,74463.45
2018,X11,"Deportes, juventud y esparcimiento",IFS-DEPORTIVO BÁSICO DIANA. ADECUACIÓN INSTALACIONES E ILUMINACIÓN,,86683.97,9202.98
2018,X11,"Deportes, juventud y esparcimiento",IFS-DEPORTIVO BÁSICO EL GALEÓN. ADECUACIÓN INSTALACIONES E ILUMINACIÓN,,20093.07,15855.37
2018,X11,"Deportes, juventud y esparcimiento",IFS-DEPORTIVO BÁSICO SOTO HIDALGO. ADECUACIÓN PAVIMENTO PISTAS DEPORTIVAS,,260000.0,115594.29
2018,X11,"Deportes, juventud y esparcimiento","IFS-DEPORTIVO BÁSICO LOS CORONALES A. ADECUACIÓN CESPED ARTIFICIAL, ACCESIBILIDAD Y OTRAS",,340000.0,339995.08
2018,X11,"Deportes, juventud y esparcimiento","IFS-DEPORTIVO BÁSICO NUESTRA SEÑORA DE LORETO. ADECUACIÓN INSTALACIONES, CERRAMIENTO E ILUMINACIÓN",,45972.15,44990.25
2018,X11,"Deportes, juventud y esparcimiento",IFS-DEPORTIVO BÁSICO ALHAURÍN. ADECUACIÓN PAVIMENTO PISTAS DEPORTIVAS E INSTALACIONES,,96594.75,67529.44
2018,X11,"Deportes, juventud y esparcimiento",IFS-DEPORTIVO BÁSICO PLAYA DE BOLNUEVO. ADECUACIÓN INSTALACIONES E ILUMINACIÓN,,324730.68,243615.82
2018,X11,"Deportes, juventud y esparcimiento","IFS-DEPORTIVO BÁSICO BAHÍA DE SANTANDER II. ADECUACIÓN INSTALACIONES, ILUMINACIÓN Y ACCESIBILIDAD",,79427.0,71308.36
2018,X11,"Deportes, juventud y esparcimiento",IFS-DEPORTIVO BÁSICO ALAMEDA DE OSUNA I. ADECUACIÓN INSTALACIONES E ILUMINACIÓN,,10567.39,10547.88
2018,X11,"Deportes, juventud y esparcimiento","IFS-DEPORTIVO BÁSICO JOAQUÍN IBARRA. ADECUACIÓN INSTALACIONES, ILUMINACIÓN Y ACCESIBILIDAD",,94790.96,45826.25
2018,X11,"Deportes, juventud y esparcimiento",IFS-DEPORTIVO BÁSICO PINOS DE OSUNA. ADECUACIÓN INSTALACIONES,,32500.0,29977.55
2018,X11,"Deportes, juventud y esparcimiento",IFS-DEPORTIVO BÁSICO ALAMEDA DE OSUNA II. ADECUACIÓN PAVIMENTOS E ILUMINACIÓN,,83452.7,83036.6
2018,X00,Inversiones de carácter general,,,208211.33,74712.32
2018,X00,Inversiones de carácter general,IFS-SEDE DISTRITO BARAJAS. INSTALACIONES DE CLIMATIZACIÓN E IMPERMEABILIZACIÓN CUBIERTA,,83211.33,74712.32
2018,X00,Inversiones de carácter general,"IFS-EDIFICIO SEDE DISTRITO BARAJAS. ADECUACIÓN INSTALACIONES, ASEO Y ACCESIBILIDAD",,125000.0,
2019,X10,Cultura,,,5442131.0,1423022.43
2019,X10,Cultura,"PALACIO ""EL CAPRICHO"". REHABILITACIÓN PARA DESARROLLO MUSEOGRÁFICO",,756516.14,113877.93
2019,X10,Cultura,IFS-CENTRO CULTURAL TERESA DE CALACUTA. REPOSICION DE  MOBILIARIO Y ENSERES,,6048.63,6048.63
2019,X10,Cultura,"IFS-CENTRO CULTURAL VILLA DE BARAJAS, 10. REPOSICION DE MOBILIARIO Y ENSERES",,5916.78,5916.78
2019,X10,Cultura,"IFS-PALACIO ""EL CAPRICHO"". REHABILITACIÓN PARA DESARROLLO MUSEOGRÁFICO",,2593149.45,1217348.1
2019,X10,Cultura,IFS-RECINTO FERIAL BARAJAS. INSTALACIONES Y REPARACIONES VARIAS,,345000.0,
2019,X10,Cultura,IFS-CENTRO CULTURAL VILLA DE BARAJAS. ADQUISICIÓN DESFIBRILADORES,,10000.0,4504.6
2019,X10,Cultura,IFS-CENTRO CULTURAL TERESA DE CALCUTA. ADQUISICIÓN DESFIBRILADOR,,5000.0,2252.29
2019,X10,Cultura,IFS-CENTRO CULTURAL GLORIA FUERTES. ADQUISICIÓN DESFIBRILADOR,,5000.0,2252.29
2019,X10,Cultura,IFS-CENTRO CULTURAL TERESA DE CALCUTA. REPOSICIÓN OTRO MOBILIARIO Y ENSERES,,11000.0,
2019,X10,Cultura,IFS-CENTRO CULTURAL GLORIA FUERTES. REPOSICIÓN DE MOBILIARIO Y ENSERES,,13500.0,
2019,X10,Cultura,IFS-CENTRO CULTURAL VILLA DE BARAJAS. REPOSICION DE   MOBILIARIO Y ENSERES,,11000.0,
2019,X10,Cultura,IFS-CENTRO CULTURAL GLORIA FUERTES. ADECUACIÓN DE INSTALACIONES Y SANEAMIENTO,,345000.0,
2019,X10,Cultura,IFS-CENTRO CULTURAL GLORIA FUERTES. MEJORA INSTALACIÓN DE CLIMATIZACIÓN,,345000.0,
2019,X10,Cultura,IFS-CENTRO CULTURAL TERESA DE CALCUTA. ADECUACIÓN DE INSTALACIONES Y ACCESIBILIDAD,,150000.0,70821.81
2019,X10,Cultura,"IFS-CENTRO CULTURAL VILLA DE BARAJAS, C/BOTICA, 10. TRATAMIENTO HUMEDADES EN MUROS MEDIANEROS",,345000.0,
2019,X10,Cultura,"IFS-CENTRO CULTURAL VILLA DE BARAJAS, C/BOTICA, 10. REPARACIÓN FACHADAS PROTEGIDAS Y MUROS",,345000.0,
2019,X10,Cultura,"IFS-CENTRO CULTURAL VILLA DE BARAJAS, C/BOTICA, 7. REPARACIÓN DE INSTALACIONES",,150000.0,
2019,X06,Urbanismo,,,3343231.11,3103645.6
2019,X06,Urbanismo,POLÍGONO DE COOPERACIÓN C/ALAR DEL REY Y TRAVESÍA DE ALARO,,5129.24,
2019,X06,Urbanismo,SUELO URBANIZABLE PROGRAMADO ENSANCHE DE BARAJAS 1.01,,2130.0,
2019,X06,Urbanismo,ADQUISICION SUELO APR 21.02 BARRIO DEL AEROPUERTO,,2743838.0,2703930.95
2019,X06,Urbanismo,ADQUISICIÓN SUELO OLIVAR DE LA HINOJOSA PAU I. ACTUACIÓN INTEGRADA,,30658.88,30658.88
2019,X06,Urbanismo,"ADQUISICIÓN DE SUELO EN LA CALLE SAN SINFORIANO, 5",,10183.98,10183.78
2019,X06,Urbanismo,BARRIO DEL AEROPUERTO. REURBANIZACIÓN,,520000.0,358871.99
2019,X06,Urbanismo,ADQUISICIÓN SUELO APE 21.07/M IBERIA LINEAS AÉREAS DE ESPAÑA,,31291.01,
2019,X09,Medio ambiente,,,4463993.14,1362240.46
2019,X09,Medio ambiente,ESTACIÓN REGENERADORA DE AGUAS RESIDUALES DE REJAS. OBRAS ADECUACIÓN Y MEJORA,,15990.15,
2019,X09,Medio ambiente,ESTACIÓN REGENERADORA DE AGUAS RESIDUALES DE VALDEBEBAS. OBRAS DE ADECUACIÓN Y MEJORA,,12469.05,
2019,X09,Medio ambiente,PARQUE JUAN CARLOS I. ACTUACIONES DE REHABILITACIÓN,,104.0,
2019,X09,Medio ambiente,IFS-PARQUE JUAN CARLOS I. MEJORA DE LA PAVIMENTACIÓN EN Pº DE OTOÑO.,,270212.38,213224.86
2019,X09,Medio ambiente,FUENTES DE AGUA POTABLE DISTRITO BARAJAS. INSTALACIÓN (ID: 558),,37811.5,21887.78
2019,X09,Medio ambiente,IFS-PARQUE JUAN CARLOS I. REMODELACIÓN Y AJARDINAMIENTO JARDINES MONOTEMÁTICOS,,1009810.14,672299.12
2019,X09,Medio ambiente,IFS-PARQUE JUAN CARLOS I. REMODELACIÓN ZONA PIRÁMIDE V,,449649.93,278546.57
2019,X09,Medio ambiente,IFS-DIVERSAS ZONAS AJARDINADAS ENSANCHE DE BARAJAS. REMODELACIÓN,,908000.0,
2019,X09,Medio ambiente,IFS-PARQUE JUAN CARLOS I.MEJORA DE ALUMBRADO EN PASEOS SECUNDARIOS,,350000.0,6050.0
2019,X09,Medio ambiente,PARQUE JUAN CARLOS I. ACCESIBILIDAD Y ACONDICIONAMIENTO ENTORNO MIRADOR DE INVIERNO,,118945.99,115945.89
2019,X09,Medio ambiente,IFS-ESTUFA FRÍA DEL PARQUE JUAN CARLOS I. REMODELACIÓN,,245000.0,
2019,X09,Medio ambiente,IFS-PARQUE JUAN CARLOS I.RENOVACIÓN DE PAVIMENTOS EN EL ANILLO,,500000.0,6473.5
2019,X09,Medio ambiente,IFS-PARQUES CANINOS LA ALAMEDA DE OSUNA Y BARRIO DEL AEROPUERTO. ADECUACIÓN (ID 18: 2486),,51000.0,47812.74
2019,X09,Medio ambiente,IFS-PARKOUR PARK EN EL DISTRITO DE BARAJAS. ADECUACIÓN,,150000.0,
2019,X09,Medio ambiente,"IFS-ZONA VERDE EN C/ ACUARIO, 25. ACONDICIONAMIENTO URBANIZACIÓN",,345000.0,
2019,X08,Mantenimiento urbano,,,1966.52,1966.52
2019,X08,Mantenimiento urbano,PAVIMENTACIÓN CALZADAS BARRIOS EN DISTRITO BARAJAS. FASE I,,1966.52,1966.52
2019,X03,Protección y promoción social,,,2089230.0,1163737.67
2019,X03,Protección y promoción social,"IFS-LOCAL ""A"" C/PLAYA DE SAN JUAN, 5B. OBRAS DE ADECUACION",,300259.26,299559.41
2019,X03,Protección y promoción social,"IFS-LOCAL ""C"" C/PLAYA DE SAN JUAN, 4P. OBRAS DE ADECUACION",,337140.63,337140.2
2019,X03,Protección y promoción social,"IFS-LOCAL ""E""C/PLAYA DE SAN JUAN 3I. OBRAS DE ADECUACION",,317915.63,317914.3
2019,X03,Protección y promoción social,IFS-CENTRO DE MAYORES ACUARIO. INSTALACIÓN DE PANELES FOTOVOLTAICOS,,27532.34,27532.34
2019,X03,Protección y promoción social,CENTRO DE FORMACIÓN OCUPACIONAL DE BARAJAS. ADAPTACIÓN ACCESIBILIDAD,,524.8,524.8
2019,X03,Protección y promoción social,CENTRO SERVICIOS SOCIALES BARAJAS. SISTEMA ANTI-AGRESIÓN,,8000.0,7999.19
2019,X03,Protección y promoción social,IFS-ESPACIO DE IGUALDAD DE BARAJAS. ADQUISICIÓN DESFIBRILADOR,,5000.0,2252.29
2019,X03,Protección y promoción social,IFS-CENTRO DE MAYORES BARRIO DEL AEROPUERTO. ADQUISICIÓN DESFIBRILADOR,,5000.0,2252.29
2019,X03,Protección y promoción social,IFS-CENTRO DE MAYORES ACUARIO. ADQUISICIÓN DESFIBRILADOR,,5000.0,2252.3
2019,X03,Protección y promoción social,EQUIPAMIENTO CENTRO DE MAYORES TERESA DE CALCUTA,,13590.0,13573.66
2019,X03,Protección y promoción social,EQUIPAMIENTO CENTRO DE MAYORES ACUARIO,,4520.0,4408.15
2019,X03,Protección y promoción social,CENTRO DE MAYORES ACUARIO. OBRAS DE ADECUACIÓN Y MEJORA,,40000.0,32112.29
2019,X03,Protección y promoción social,IFS-CENTRO DE MAYORES BARRIO DEL AEROPUERTO. REPOSICION DE MOBILIARIO Y ENSERES,,12000.0,
2019,X03,Protección y promoción social,IFS-CENTRO COMUNITARIO ENSANCHE BARAJAS. ADQUISICIÓN DESFIBRILADOR,,5000.0,2252.29
2019,X03,Protección y promoción social,IFS-CENTRO COMUNITARIO ENSANCHE BARAJAS. MOBILIARIO Y ENSERES,,10500.0,
2019,X03,Protección y promoción social,IFS-CENTRO DE MAYORES ACUARIO A.  ACONDICIONAMIENTO E INSTALACIONES,,210000.0,92779.1
2019,X03,Protección y promoción social,IFS-CENTRO DE MAYORES ACUARIO B. MEJORA RAMPA ACCESO DE VEHICULOS,,345000.0,
2019,X03,Protección y promoción social,IFS-CENTRO DE MAYORES MEDINA DE POMAR.  ACONDICIONAMIENTO Y ACCESIBILIDAD,,75000.0,
2019,X03,Protección y promoción social,IFS-CENTRO DE MAYORES ACUARIO. ADECUACIÓN SISTEMA CLIMATIZACIÓN,,345000.0,
2019,X03,Protección y promoción social,CENTRO DE FORMACIÓN OCUPACIONAL DE BARAJAS. ADQUISICIÓN ORDENADOR 3D,,4936.45,4936.45
2019,X03,Protección y promoción social,CFO BARAJAS. ADQUISICION TVs PROFESIONALES,,1062.28,
2019,X03,Protección y promoción social,"CENTRO DE FORMACIÓN OCUPACIONAL DE BARAJAS, AV. CANTABRIA, 6. ADQUISICIÓN",,16248.61,16248.61
2019,X05,Educación,,,1679431.06,645557.63
2019,X05,Educación,EQUIPAMIENTO ESCUELA DE MÚSICA EL CAPRICHO,,35947.46,26586.2
2019,X05,Educación,OTRO EQUIPAMIENTO ESCUELA INFANTIL LA CHULAPONA,,104.45,104.45
2019,X05,Educación,OTRO EQUIPAMIENTO ESCUELA INFANTIL EL BATEO,,156.67,156.67
2019,X05,Educación,OTRO EQUIPAMIENTO ESCUELA INFANTIL LA COLINA,,356.97,356.97
2019,X05,Educación,"IFS-COLEGIO PÚBLICO CIUDAD DE ZARAGOZA. ACONDICIONAMIENTO, SANEADO Y OTRAS",,345000.0,274521.99
2019,X05,Educación,"IFS-COLEGIO PÚBLICO GUADALAJARA. ACONDICIONAMIENTO, REPARACIÓN Y ACCESIBILIDAD",,310000.0,
2019,X05,Educación,"IFS-COLEGIO PÚBLICO CALDERÓN DE LA BARCA. ACONDICIONAMIENTO, REPARACIÓN Y ACCESIBILIDAD",,186000.0,27665.43
2019,X05,Educación,"IFS-ESCUELA DE MÚSICA EL CAPRICHO. ACONDICIONAMIENTO, INSTALACIONES Y ACCESIBILIDAD",,180000.0,103928.35
2019,X05,Educación,IFS-COLEGIO PUBLICO CIUDAD DE ZARAGOZA.ACONDICIONAMIENTO DE PATIOS,,96865.51,59647.07
2019,X05,Educación,"IFS-COLEGIO PUBLICO MARGARET THATCHER. ADECUACIÓN INSTALACIONES, ACCESIBILIDAD Y OTRAS",,100000.0,34176.41
2019,X05,Educación,IFS-ESCUELA DE MUSICA EL CAPRICHO. REPARACIÓN DE SOLADO PATIO INTERIOR,,120000.0,22977.18
2019,X05,Educación,IFS-ESCUELA DE ADULTOS PLUS ULTRA. MEJORA INSTALACIONES,,100000.0,20979.91
2019,X05,Educación,IFS-ESCUELA INFANTIL LA COLINA. ACONDICIONAMIENTO DE INSTALACIONES Y PORCHE,,40000.0,5383.22
2019,X05,Educación,IFS-ESCUELA INFANTIL EL BATEO. ACONDICIONAMIENTO DE INSTALACIONES Y ACCESIBILIDAD,,35000.0,33499.61
2019,X05,Educación,IFS-ESCUELA INFANTIL LA CHULAPONA.  ACONDICIONAMIENTO DE INSTALACIONES Y ACCESIBILIDAD,,130000.0,35574.17
2019,X11,"Deportes, juventud y esparcimiento",,,3757806.43,630283.34
2019,X11,"Deportes, juventud y esparcimiento","POLIDEPORTIVO C/MISTRAL, ENSANCHE DE BARAJAS. CONSTRUCCIÓN",,203569.02,201508.18
2019,X11,"Deportes, juventud y esparcimiento",ROCODROMO EN EL PARQUE JUAN CARLOS I. CONSTRUCCIÓN (ID: 633),,61978.0,
2019,X11,"Deportes, juventud y esparcimiento",IFS-DEPORTIVO BÁSICO DIANA. ADECUACIÓN INSTALACIONES E ILUMINACIÓN,,76746.41,76746.4
2019,X11,"Deportes, juventud y esparcimiento",CENTRO DEPORTIVO BARAJAS. ADQUISICIÓN DE MAQUINARIA,,10200.0,10118.5
2019,X11,"Deportes, juventud y esparcimiento",IFS-CENTRO DEPORTIVO BARAJAS. REPARACIÓN CUBIERTA INSTALACIONES,,345000.0,160838.97
2019,X11,"Deportes, juventud y esparcimiento","IFS-CENTRO DEPORTIVO BARAJAS. ACONDICIONAMIENTO CARPINTERÍA, SANEAMIENTO Y OTRAS",,345000.0,181071.29
2019,X11,"Deportes, juventud y esparcimiento",IFS-CENTRO DEPORTIVO PABELLÓN VILLA DE MADRID. ACONDICIONAMIENTO DE INSTALACIONES,,210000.0,
2019,X11,"Deportes, juventud y esparcimiento",IFS-DEPORTIVO BASICO EL CAPRICHO. SUSTITUCIÓN DE CÉSPED ARTIFICIAL,,345000.0,
2019,X11,"Deportes, juventud y esparcimiento","IFS-DEPORTIVO BASICO EL CAPRICHO. REPARACIÓN VESTUARIOS, ACCESIBILIDAD Y OTRAS",,345000.0,
2019,X11,"Deportes, juventud y esparcimiento",IFS-DEPORTIVO BÁSICO ALAS. ADECUACIÓN DE PAVIMENTO Y CERRAMIENTO,,75000.0,
2019,X11,"Deportes, juventud y esparcimiento",IFS-DEPORTIVO BÁSICO BAHÍA DE SANTANDER II. OBRAS DE CERRAJERÍA,,50000.0,
2019,X11,"Deportes, juventud y esparcimiento",IFS-DEPORTIVO BÁSICO BARRIO DEL AEROPUERTO. INSTALACION DE  FUENTE,,5000.0,
2019,X11,"Deportes, juventud y esparcimiento",IFS-DEPORTIVO BASICO LOS CORONALES. OBRAS ADECUACION ACCESIBILIDAD,,120000.0,
2019,X11,"Deportes, juventud y esparcimiento",IFS-DEPORTIVO SOTO HIDALGO. ADECUACIÓN INSTALACIÓN ELÉCTRICA A TECNOLOGÍA LED,,150313.0,
2019,X11,"Deportes, juventud y esparcimiento",IFS-DEPORTIVO SOTO HIDALGO. CUBRICIÓN PISTA DEPORTIVA Y OTRAS,,345000.0,
2019,X11,"Deportes, juventud y esparcimiento","IFS-DEPORTIVO BÁSICO ORION-JUPITER. ADECUACIÓN PAVIMENTO, VESTUARIOS Y OTRAS",,150000.0,
2019,X11,"Deportes, juventud y esparcimiento",IFS-CENTRO  DEPORTIVO BÁSICO PLAYA BOLNUEVO. CUBRICIÓN PISTA DEPORTIVA,,345000.0,
2019,X11,"Deportes, juventud y esparcimiento",IFS-CENTRO  DEPORTIVO BÁSICO PLAYA BOLNUEVO. ALUMBRADO Y OTRAS,,25000.0,
2019,X11,"Deportes, juventud y esparcimiento","IFS-DEPORTIVO BÁSICO CIRCUITO BMX BARAJAS. ILUMINACIÓN, VALLADO Y OTRAS",,150000.0,
2019,X11,"Deportes, juventud y esparcimiento",IFS-DEPORTIVO BÁSICO BARRIO DEL AEROPUERTO. ADECUACIÓN Y SUSTITUCIÓN CÉSPED ARTIFICIAL,,400000.0,
2019,X00,Inversiones de carácter general,,,404715.91,23227.0
2019,X00,Inversiones de carácter general,EQUIPAMIENTO SERVICIOS ADMINISTRATIVOS DISTRITO BARAJAS,,10000.0,8511.09
2019,X00,Inversiones de carácter general,"IFS-EDIFICIO SEDE DISTRITO BARAJAS. ADECUACIÓN INSTALACIONES, ASEO Y ACCESIBILIDAD",,14715.91,14715.91
2019,X00,Inversiones de carácter general,IFS-EDIFICIO SEDE DISTRITO BARAJAS. ADECUACIÓN ESPACIOS E INSTALACIONES,,345000.0,
2019,X00,Inversiones de carácter general,IFS-EDIFICIO SEDE DISTRITO BARAJAS. INSTALACIONES DE SEGURIDAD,,35000.0,
2019,X12,Otros bienes públicos de carácter social,,,346144.6,1044.69
2019,X12,Otros bienes públicos de carácter social,EQUIPAMIENTO OFICINA ATENCIÓN AL CIUDADANO LÍNEA MADRID BARAJAS,,1144.6,1044.69
2019,X12,Otros bienes públicos de carácter social,IFS-COLEGIO PÚBLICO ZARAGOZA. HABILITACIÓN ESPACIO PARTICIPATIVO AL AIRE LIBRE,,345000.0,
2020,X01,Protección Civil y seguridad ciudadana,,,50000.0,
2020,X01,Protección Civil y seguridad ciudadana,UNIDAD INTEGRAL POLICÃA MUNICIPAL BARAJAS. OBRAS SUBSANACIÃN INSPECCIÃN TÃCNICA EDIFICIOS,,50000.0,
2020,X10,Cultura,,,2197199.94,1094516.82
2020,X10,Cultura,IFS-CENTRO CULTURAL VILLA DE BARAJAS. REPOSICION DE   MOBILIARIO Y ENSERES,,10997.97,10997.96
2020,X10,Cultura,"IFS-CENTRO CULTURAL VILLA DE BARAJAS, C/BOTICA, 10. TRATAMIENTO HUMEDADES EN MUROS MEDIANEROS",,83676.39,83667.24
2020,X10,Cultura,"PALACIO ""EL CAPRICHO"". REHABILITACIÃN PARA DESARROLLO MUSEOGRÃFICO",,1537114.0,444747.02
2020,X10,Cultura,CASTILLO DE LA ALAMEDA. MEJORA ILUMINACIÃN EXTERIOR,,48400.0,47599.57
2020,X10,Cultura,IFS-CENTRO CULTURAL TERESA DE CALCUTA. REPOSICIÃN OTRO MOBILIARIO Y ENSERES,,10999.6,10999.6
2020,X10,Cultura,IFS-CENTRO CULTURAL GLORIA FUERTES. REPOSICIÃN DE MOBILIARIO Y ENSERES,,13497.13,13497.13
2020,X10,Cultura,IFS-CENTRO CULTURAL GLORIA FUERTES. ADECUACIÃN DE INSTALACIONES Y SANEAMIENTO,,82893.08,82893.07
2020,X10,Cultura,IFS-CENTRO CULTURAL GLORIA FUERTES. MEJORA INSTALACIÃN DE CLIMATIZACIÃN,,177131.52,177131.52
2020,X10,Cultura,IFS-CENTRO CULTURAL TERESA DE CALCUTA. ADECUACIÃN DE INSTALACIONES Y ACCESIBILIDAD,,79115.78,75707.95
2020,X10,Cultura,"IFS-CENTRO CULTURAL VILLA DE BARAJAS, C/BOTICA, 10. REPARACIÃN FACHADAS PROTEGIDAS Y MUROS",,129715.99,129674.62
2020,X10,Cultura,"IFS-CENTRO CULTURAL VILLA DE BARAJAS, C/BOTICA, 7. REPARACIÃN DE INSTALACIONES",,23658.48,17601.14
2020,X06,Urbanismo,,,2910630.81,1855871.62
2020,X06,Urbanismo,ADQUISICION SUELO APR 21.02 BARRIO DEL AEROPUERTO,,1613688.46,1613688.46
2020,X06,Urbanismo,POLÃGONO DE COOPERACIÃN C/ALAR DEL REY Y TRAVESÃA DE ALARO,,5129.24,
2020,X06,Urbanismo,BARRIO DEL AEROPUERTO. REURBANIZACIÃN,,391982.9,242183.16
2020,X06,Urbanismo,CALLE AYERBE. REMODELACIÃN URBANIZACIÃN,,899830.21,
2020,X07,Infraestructuras,,,179736.07,107841.64
2020,X07,Infraestructuras,"APARCAMIENTO DISUASORIO BAJO CALZADA C/PLAYA DE RIAZOR,ENTRE C/ALCAÃIZ Y PLAYA AMÃRICA. CONSTRUCCIÃN",,179736.07,107841.64
2020,X09,Medio ambiente,,,2166035.82,1747482.81
2020,X09,Medio ambiente,ESTACIÃN REGENERADORA DE AGUAS RESIDUALES DE REJAS. OBRAS ADECUACIÃN Y MEJORA,,59395.88,58320.2
2020,X09,Medio ambiente,ESTACIÃN REGENERADORA DE AGUAS RESIDUALES DE VALDEBEBAS. OBRAS DE ADECUACIÃN Y MEJORA,,62481.98,53753.12
2020,X09,Medio ambiente,FUENTES DE AGUA POTABLE DISTRITO BARAJAS. INSTALACIÃN (ID: 558),,22582.26,20385.8
2020,X09,Medio ambiente,PARQUE JUAN CARLOS I. ACTUACIONES DE REHABILITACIÃN,,234860.0,214973.03
2020,X09,Medio ambiente,PARQUE JUAN CARLOS I.RENOVACIÃN DE PAVIMENTOS EN EL ANILLO,,10000.0,9801.0
2020,X09,Medio ambiente,IFS- PARQUE JUAN CARLOS I.MEJORA DE ALUMBRADO EN PASEOS SECUNDARIOS,,308999.87,305779.07
2020,X09,Medio ambiente,IFS-PARQUE JUAN CARLOS I.RENOVACIÃN DE PAVIMENTOS EN EL ANILLO,,444999.81,370399.99
2020,X09,Medio ambiente,PARQUE JUAN CARLOS I. REMODELACIÃN Y AJARDINAMIENTO JARDINES MONOTEMÃTICOS,,83949.81,83949.81
2020,X09,Medio ambiente,PARQUE JUAN CARLOS I. REMODELACIÃN ZONA PIRÃMIDE V,,28975.89,28975.89
2020,X09,Medio ambiente,IFS-PARQUES CANINOS LA ALAMEDA DE OSUNA Y BARRIO DEL AEROPUERTO. ADECUACIÃN (ID 18: 2486),,3000.0,3000.0
2020,X09,Medio ambiente,IFS-DIVERSAS ZONAS AJARDINADAS ENSANCHE DE BARAJAS. REMODELACIÃN,,906790.32,598144.9
2020,X03,Protección y promoción social,,,221700.91,168089.27
2020,X03,Protección y promoción social,IFS-CENTRO DE MAYORES BARRIO DEL AEROPUERTO. REPOSICION DE MOBILIARIO Y ENSERES,,11999.47,11999.47
2020,X03,Protección y promoción social,IFS-CENTRO COMUNITARIO ENSANCHE BARAJAS. MOBILIARIO Y ENSERES,,10498.11,10498.11
2020,X03,Protección y promoción social,IFS-CENTRO DE MAYORES MEDINA DE POMAR.  ACONDICIONAMIENTO Y ACCESIBILIDAD,,61478.22,58206.74
2020,X03,Protección y promoción social,ESPACIO IGUALDAD DISTRITO BARAJAS. ADQUISICIÃN MOBILIARIO DIVERSO,,33330.95,5904.03
2020,X03,Protección y promoción social,CENTRO COMUNITARIO ENSANCHE DE BARAJAS. OTRO MOBILIARIO Y ENSERES,,6500.0,6457.82
2020,X03,Protección y promoción social,IFS-CENTRO DE MAYORES ACUARIO. ADECUACIÃN SISTEMA CLIMATIZACIÃN,,91177.35,70526.13
2020,X03,Protección y promoción social,"CENTRO FORMACIÃN DE BARAJAS, AV. CANTABRIA, 6. MAMPARAS Y BIOMBOS PROTECTORES",,2286.9,2286.9
2020,X03,Protección y promoción social,"CENTRO DE FORMACIÃN DE BARAJAS, AV. DE CANTABRIA, 6. ADQUISICIÃN EQUIPOS",,2219.84,
2020,X03,Protección y promoción social,EQUIPAMIENTO CENTRO DE FORMACIÃN DE BARAJAS PARA POLÃTICAS ACTIVAS DE EMPLEO,,2210.07,2210.07
2020,X05,Educación,,,553647.31,526385.19
2020,X05,Educación,IFS-ESCUELA INFANTIL LA COLINA. ACONDICIONAMIENTO DE INSTALACIONES Y PORCHE,,34480.73,30089.76
2020,X05,Educación,EQUIPAMIENTO ESCUELA DE MÃSICA EL CAPRICHO,,9591.61,9591.61
2020,X05,Educación,COLEGIO PÃBLICO CIUDAD DE ZARAGOZA. ADECUACIÃN ELÃCTRICA PARA EFICIENCIA ENERGÃTICA,,22500.0,21819.22
2020,X05,Educación,COLEGIO PÃBLICO CALDERÃN DE LA BARCA. ADECUACIÃN CALDERA,,40000.0,38441.16
2020,X05,Educación,"IFS-COLEGIO PÃBLICO GUADALAJARA. ACONDICIONAMIENTO, REPARACIÃN Y ACCESIBILIDAD",,290021.34,289833.89
2020,X05,Educación,"IFS-COLEGIO PÃBLICO CALDERÃN DE LA BARCA. ACONDICIONAMIENTO, REPARACIÃN Y ACCESIBILIDAD",,157053.63,136609.55
2020,X11,"Deportes, juventud y esparcimiento",,,1853837.87,1837246.21
2020,X11,"Deportes, juventud y esparcimiento",IFS-DEPORTIVO BASICO LOS CORONALES. OBRAS ADECUACION ACCESIBILIDAD,,26779.43,26778.07
2020,X11,"Deportes, juventud y esparcimiento",CENTROS DEPORTIVOS MUNICIPALES DEL DISTRITO DE BARAJAS. MAQUINARIA,,1315.15,
2020,X11,"Deportes, juventud y esparcimiento",CENTRO DEPORTIVO BARAJAS. MAQUINARIA,,16784.85,16784.85
2020,X11,"Deportes, juventud y esparcimiento",DEPORTIVO SOTO HIDALGO. CUBRICIÃN PISTA DEPORTIVA Y OTRAS,,28150.0,28112.28
2020,X11,"Deportes, juventud y esparcimiento",DEPORTIVO BÃSICO BARRIO DEL AEROPUERTO. TRASLADO CASETAS VESTUARIOS,,6300.0,6283.61
2020,X11,"Deportes, juventud y esparcimiento",CENTRO DEPORTIVO BARAJAS. ADQUISICIÃN MAQUINARIA,,18150.0,17565.57
2020,X11,"Deportes, juventud y esparcimiento","IFS-CENTRO DEPORTIVO BARAJAS. ACONDICIONAMIENTO CARPINTERÃA, SANEAMIENTO Y OTRAS",,163926.72,163926.55
2020,X11,"Deportes, juventud y esparcimiento",IFS-CENTRO DEPORTIVO PABELLÃN VILLA DE MADRID. ACONDICIONAMIENTO DE INSTALACIONES,,109302.5,105585.84
2020,X11,"Deportes, juventud y esparcimiento",IFS-DEPORTIVO BASICO EL CAPRICHO. SUSTITUCIÃN DE CÃSPED ARTIFICIAL,,231286.1,231285.35
2020,X11,"Deportes, juventud y esparcimiento","IFS-DEPORTIVO BASICO EL CAPRICHO. REPARACIÃN VESTUARIOS, ACCESIBILIDAD Y OTRAS",,344998.41,344948.48
2020,X11,"Deportes, juventud y esparcimiento",IFS-DEPORTIVO BÃSICO ALAS. ADECUACIÃN DE PAVIMENTO Y CERRAMIENTO,,71166.11,71139.87
2020,X11,"Deportes, juventud y esparcimiento",IFS-DEPORTIVO BÃSICO BAHÃA DE SANTANDER II. OBRAS DE CERRAJERÃA,,5353.89,4562.55
2020,X11,"Deportes, juventud y esparcimiento",IFS-DEPORTIVO BÃSICO BARRIO DEL AEROPUERTO. INSTALACION DE  FUENTE,,4934.35,553.68
2020,X11,"Deportes, juventud y esparcimiento",IFS-DEPORTIVO SOTO HIDALGO. ADECUACIÃN INSTALACIÃN ELÃCTRICA A TECNOLOGÃA LED,,39111.54,39111.53
2020,X11,"Deportes, juventud y esparcimiento",IFS-DEPORTIVO SOTO HIDALGO. CUBRICIÃN PISTA DEPORTIVA Y OTRAS,,313216.69,313216.09
2020,X11,"Deportes, juventud y esparcimiento","IFS-DEPORTIVO BÃSICO ORION-JUPITER. ADECUACIÃN PAVIMENTO, VESTUARIOS Y OTRAS",,149999.99,149997.88
2020,X11,"Deportes, juventud y esparcimiento",IFS-CENTRO  DEPORTIVO BÃSICO PLAYA BOLNUEVO. CUBRICIÃN PISTA DEPORTIVA,,167238.17,166960.93
2020,X11,"Deportes, juventud y esparcimiento",IFS-CENTRO  DEPORTIVO BÃSICO PLAYA BOLNUEVO. ALUMBRADO Y OTRAS,,22280.53,18582.48
2020,X11,"Deportes, juventud y esparcimiento","IFS-DEPORTIVO BÃSICO CIRCUITO BMX BARAJAS. ILUMINACIÃN, VALLADO Y OTRAS",,133543.44,131850.6
2020,X00,Inversiones de carácter general,,,214602.0,208048.55
2020,X00,Inversiones de carácter general,EQUIPAMIENTO SERVICIOS ADMINISTRATIVOS DISTRITO BARAJAS,,5000.0,
2020,X00,Inversiones de carácter general,IFS-EDIFICIO SEDE DISTRITO BARAJAS. INSTALACIONES DE SEGURIDAD,,29533.98,29533.98
2020,X00,Inversiones de carácter general,"EDIFICIO C/ RIBERA DEL SENA, 21. OBRAS DE REFORMA",,41641.04,40949.37
2020,X00,Inversiones de carácter general,IFS-EDIFICIO SEDE DISTRITO BARAJAS. ADECUACIÃN ESPACIOS E INSTALACIONES,,138426.98,137565.2
2020,X12,Otros bienes públicos de carácter social,,,100912.6,100908.28
2020,X12,Otros bienes públicos de carácter social,OFICINA ATENCIÃN AL CIUDADANO BARAJAS. ELEMENTOS PROTECTORES HIGIÃNICO-SANITARIOS,,718.74,718.74
2020,X12,Otros bienes públicos de carácter social,EQUIPAMIENTO OFICINA ATENCIÃN AL CIUDADANO LÃNEA MADRID BARAJAS,,1461.44,1461.44
2020,X12,Otros bienes públicos de carácter social,OFICINA ATENCIÃN AL CIUDADANO LÃNEA MADRID BARAJAS. SEÃALIZACIÃN,,1154.34,1154.34
2020,X12,Otros bienes públicos de carácter social,IFS-COLEGIO PÃBLICO ZARAGOZA. HABILITACIÃN ESPACIO PARTICIPATIVO AL AIRE LIBRE,,97578.08,97573.76
2021,X01,Protección Civil y seguridad ciudadana,,,211652.79,174624.28
2021,X01,Protección Civil y seguridad ciudadana,UNIDAD INTEGRAL POLICÍA MUNICIPAL BARAJAS. OBRAS SUBSANACIÓN INSPECCIÓN TÉCNICA EDIFICIOS,,174639.93,174624.28
2021,X01,Protección Civil y seguridad ciudadana,UNIDAD INTEGRAL POLICÍA MUNICIPAL BARAJAS. MOBILIARIO PROTECCIÓN HIGIÉNICO-SANITARIA,,236.92,
2021,X01,Protección Civil y seguridad ciudadana,"EQUIPAMIENTO BASE 21 SAMUR-PROTECCIÓN CIVIL, C/ PLAYA DE AMÉRICA, 34",,19833.52,
2021,X01,Protección Civil y seguridad ciudadana,BASE 21 SAMUR-PROTECCIÓN CIVIL. ADECUACIÓN PUERTAS Y MOTORES E INSTALACIÓN SISTEMA SEGURIDAD,,16942.42,
2021,X10,Cultura,,,1774580.2,1370019.86
2021,X10,Cultura,"PALACIO ""EL CAPRICHO"". REHABILITACIÓN PARA DESARROLLO MUSEOGRÁFICO",,400000.0,70882.03
2021,X10,Cultura,CENTRO SOCIOCULTURAL GLORIA FUERTES. ADECUACIÓN INSTALACIONES CLIMATIZACIÓN Y PROTECCIÓN INCENDIOS,,476108.9,467293.92
2021,X10,Cultura,CENTRO SOCIOCULTURAL GLORIA FUERTES. ACONDICIONAMIENTO E IMPERMEABILIZACIÓN DE PATIO,,184050.33,173285.28
2021,X10,Cultura,MUSEO EL CAPRICHO. ADQUISICIÓN AZULEJO REPRESENTATIVO BATALLA DE ISSOS,,7000.0,7000.0
2021,X10,Cultura,MUSEO EL CAPRICHO. ADQUISICIÓN DE LIBROS Y OTROS BIENES CULTURALES,,24143.1,24143.09
2021,X10,Cultura,CASTILLO DE LA ALAMEDA. CONSOLIDACION,,48479.0,47851.02
2021,X10,Cultura,CENTRO SOCIOCULTURAL VILLA BARAJAS. ACONDICIONAMIENTO Y ADECUACIÓN PROTECCIÓN INCENDIOS,,479458.24,457094.9
2021,X10,Cultura,CENTRO SOCIOCULTURAL VILLA BARAJAS. OBRAS CLIMATIZACIÓN Y OTRAS,,50000.0,20625.47
2021,X10,Cultura,CENTRO SOCIOCULTURAL TERESA DE CALCULTA. ADECUACIÓN INSTALACIONES CLIMATIZACIÓN E INCENDIOS,,3483.23,
2021,X10,Cultura,CENTRO SOCIOCULTURAL TERESA DE CALCULTA. ACONDICIONAMIENTO FORJADO SANITARIO Y BAÑO,,101857.4,101844.15
2021,X06,Urbanismo,,,4150084.95,3352517.87
2021,X06,Urbanismo,ZONA VERDE ANEXA AL COLEGIO PÚBLICO CIUDAD DE GUADALAJARA. ACTUACIONES DE RENATURALIZACIÓN,,356901.78,355559.96
2021,X06,Urbanismo,ÁMBITO CAMINO DE LA MUÑOZA. EJECUCIÓN BOSQUE METROPOLITANO,,1378503.64,1079994.26
2021,X06,Urbanismo,ÁREA DE REHABILITACIÓN PREFERENTE  21.01 VÍA GASOLINA NORTE. URBANIZACIÓN,,750000.0,287519.18
2021,X06,Urbanismo,POLÍGONO DE COOPERACIÓN C/ALAR DEL REY Y TRAVESÍA DE ALARO,,5129.24,
2021,X06,Urbanismo,SUELO URBANIZABLE PROGRAMADO ENSANCHE DE BARAJAS 1.01,,5900.0,
2021,X06,Urbanismo,BARRIO DEL AEROPUERTO. REURBANIZACIÓN,,55.8,
2021,X06,Urbanismo,PARCELA PATRIMONIO MUNICIPAL SUELO C/ BAHÍA DE CÁDIZ C/V C/ BAHÍA DE CARTAGENA. RENATURALIZACIÓN,,61661.48,60804.14
2021,X06,Urbanismo,CALLE AYERBE. REMODELACIÓN URBANIZACIÓN,,1591933.01,1568640.33
2021,X07,Infraestructuras,,,71895.0,71894.42
2021,X07,Infraestructuras,"APARCAMIENTO DISUASORIO BAJO CALZADA C/PLAYA DE RIAZOR,ENTRE C/ALCAÑIZ Y PLAYA AMÉRICA. CONSTRUCCIÓN",,71895.0,71894.42
2021,X09,Medio ambiente,,,1518589.04,745516.86
2021,X09,Medio ambiente,ESTACIÓN REGENERADORA DE AGUAS RESIDUALES DE REJAS. OBRAS ADECUACIÓN Y MEJORA,,54975.46,
2021,X09,Medio ambiente,ESTACIÓN REGENERADORA DE AGUAS RESIDUALES DE VALDEBEBAS. OBRAS DE ADECUACIÓN Y MEJORA,,710871.8,
2021,X09,Medio ambiente,PARQUE JUAN CARLOS I. ACTUACIONES DE REHABILITACIÓN,,31277.0,31276.28
2021,X09,Medio ambiente,DIVERSAS ZONAS AJARDINADAS ENSANCHE DE BARAJAS. REMODELACIÓN,,56032.0,56031.88
2021,X09,Medio ambiente,TALUD C/ ARTEMISA. OBRAS DE REPARACIÓN,,96800.0,96260.18
2021,X09,Medio ambiente,REPARACIÓN Y CLAUSURA DE ALCORQUES EN EL DISTRITO DE BARAJAS (ID 18: 1558),,11566.84,11566.82
2021,X09,Medio ambiente,"PUNTO LIMPIO BARAJAS, C/ ALHAURÍN, 5. SUBSANACIÓN PATOLOGÍAS EN VALLADO",,81830.87,81830.85
2021,X09,Medio ambiente,"ZONA VERDE C/ ACUARIO, 25. OBRAS DE REMODELACIÓN INTEGRAL",,475235.07,468550.85
2021,X08,Mantenimiento urbano,,,1634447.77,1425134.1
2021,X08,Mantenimiento urbano,"CALLES DE BATEL, BENISODA, CANOA, GRAN PODER Y AVENIDA DE LOGROÑO. REHABILITACIÓN DE CALZADAS",,262840.33,162875.79
2021,X08,Mantenimiento urbano,CALLE ACUARIO Y OTRAS DEL DISTRITO DE BARAJAS. MEJORA Y REHABILITACIÓN DE CALZADAS,,141750.06,86978.64
2021,X08,Mantenimiento urbano,"CALLES PENÉLOPE, BREZOS, CANAL DE SUEZ, URANO, VELERO, ZODIACO Y OTRAS. RENOVACIÓN CAPA DE RODADURA",,529520.68,513798.49
2021,X08,Mantenimiento urbano,"CALLE GALEÓN,GÓNDOLA,BASELLA,BURRIANA,BRIONES,MURO,TRAMONTANA Y OTRAS. MEJORA BASE PAVIMENTO",,500587.42,461731.9
2021,X08,Mantenimiento urbano,ÁREAS DEPORTIVAS ELEMENTALES DISTRITO BARAJAS. INSTALACIÓN,,77601.46,77601.46
2021,X08,Mantenimiento urbano,JUEGOS PARA ÁREAS INFANTILES DETERIORADAS DISTRITO BARAJAS,,54498.59,54498.59
2021,X08,Mantenimiento urbano,CALLE ALCAÑIZ CON CALLE ARTEMISA. OBRAS DE ADECUACIÓN VIALES,,2239.3,2239.3
2021,X08,Mantenimiento urbano,"AVENIDA DE AMÉRICA, C/BAHÍA DE ALCUDIA, BANDE, BENISODA, BURRIANA Y OTRAS. ADECUACIÓN DE VIALES",,65409.93,65409.93
2021,X03,Protección y promoción social,,,18263.11,12042.47
2021,X03,Protección y promoción social,EQUIPAMIENTO ESPACIO DE IGUALDAD ANA ORANTES,,2379.17,
2021,X03,Protección y promoción social,CENTRO SERVICIOS SOCIALES TERESA DE CALCUTA. MOBILIARIO Y ENSERES,,3630.0,
2021,X03,Protección y promoción social,CENTRO DE MAYORES MEDINA POMAR. ADECUACIÓN A NORMATIVA DE PROTECCIÓN CONTRA INCENDIOS,,8990.3,8778.83
2021,X03,Protección y promoción social,"CENTRO DE FORMACIÓN DE BARAJAS, AV. DE CANTABRIA, 6. ADQUISICIÓN EQUIPOS",,2219.84,2219.84
2021,X03,Protección y promoción social,CENTRO DE FORMACIÓN DE BARAJAS. MAQUINARIA PARA MEDIDAS DE SEGURIDAD,,588.79,588.79
2021,X03,Protección y promoción social,CENTRO DE FORMACIÓN DE BARAJAS. APARATOS MEDICIÓN CO2 MEDIDAS SEGURIDAD,,455.01,455.01
2021,X05,Educación,,,781926.28,730798.19
2021,X05,Educación,EQUIPAMIENTO ESCUELA INFANTIL LA COLINA,,203.52,203.52
2021,X05,Educación,EQUIPAMIENTO ESCUELA INFANTIL EL BATEO,,390.43,390.43
2021,X05,Educación,EQUIPAMIENTO ESCUELA INFANTIL LA CHULAPONA,,475.65,475.65
2021,X05,Educación,ESCUELA DE MÚSICA EL CAPRICHO. MEDIDORES CO2 (DIÓXIDO DE CARBONO),,856.68,856.68
2021,X05,Educación,OBRAS DE MEJORA Y ACONDICIONAMIENTO CENTROS DOCENTES DE ENSEÑANZA DISTRITO DE BARAJAS,,30387.17,
2021,X05,Educación,"COLEGIO PÚBLICO CIUDAD DE ZARAGOZA. ACONDICIONAMIENTO INSTALACIÓN CALEFACCIÓN, COCINA Y VARIOS",,251889.14,247607.26
2021,X05,Educación,"COLEGIO PÚBLICO CIUDAD DE GUADALAJARA. MEJORAS EXTERIORES, PATIOS Y VARIOS",,205568.88,204929.93
2021,X05,Educación,"COLEGIO PÚBLICO CALDERÓN DE LA BARCA. ACONDICIONAMIENTO COCINA, EXTERIORES, ACCESIBILIDAD Y VARIOS",,75928.52,72245.19
2021,X05,Educación,ESCUELA INFANTIL LA COLINA. MEJORAS INTERIORES Y VARIOS,,64558.88,64551.93
2021,X05,Educación,"ESCUELA INFANTIL EL BATEO. MEJORAS EN PATIOS, EXTERIORES Y VARIOS",,46668.78,46660.5
2021,X05,Educación,"ESCUELA INFANTIL LA CHULAPONA. MEJORAS EXTERIORES, INSTALACIONES, ACCESIBILIDAD Y VARIOS",,19998.63,19997.4
2021,X05,Educación,ESCUELA DE MÚSICA EL CAPRICHO. OBRAS DE CONSERVACIÓN Y ACONDICIONAMIENTO,,80000.0,72879.7
2021,X05,Educación,ESCUELA DE ADULTOS PLUS ULTRA. ACONDICIONAMIENTO INSTALACIÓN ELÉCTRICA,,5000.0,
2021,X11,"Deportes, juventud y esparcimiento",,,3160086.91,2184328.0
2021,X11,"Deportes, juventud y esparcimiento",OBRAS DE MEJORA Y ACONDICIONAMIENTO INSTALACIONES DEPORTIVAS DISTRITO DE BARAJAS,,705510.34,
2021,X11,"Deportes, juventud y esparcimiento",DEPORTIVO BÁSICO CORONALES. OBRAS DE REPARACIÓN VESTUARIOS,,698174.64,643295.66
2021,X11,"Deportes, juventud y esparcimiento",DEPORTIVO BÁSICO BARRIO DEL AEROPUERTO. OBRAS DE REFORMA,,554810.13,521961.54
2021,X11,"Deportes, juventud y esparcimiento",CENTROS DEPORTIVO BARAJAS. MAQUINARIA,,13500.0,13491.48
2021,X11,"Deportes, juventud y esparcimiento",CENTRO DEPORTIVO BARAJAS. OBRAS DE REPARACIÓN Y ACONDICIONAMIENTO,,108263.69,54784.68
2021,X11,"Deportes, juventud y esparcimiento",CENTRO DEPORTIVO BARAJAS. OBRAS REPARACIÓN FILTRACIONES MURO Y RIEGO,,474773.53,397703.3
2021,X11,"Deportes, juventud y esparcimiento",CENTRO DEPORTIVO VILLA DE MADRID. OBRAS DE REPARACIÓN Y ACONDICIONAMIENTO,,182717.33,170322.0
2021,X11,"Deportes, juventud y esparcimiento",DEPORTIVO BÁSICO ALAMEDA DE OSUCNA II. ADECUACIÓN INSTALACIÓN PARKOUR,,381602.65,342401.87
2021,X11,"Deportes, juventud y esparcimiento",DEPORTIVO BÁSICO PLAYA DE BOLNUEVO. OBRAS DE REPARACIÓN Y ACONDICIONAMIENTO,,40734.6,40367.47
2021,X00,Inversiones de carácter general,,,41688.52,11973.44
2021,X00,Inversiones de carácter general,OBRAS DE MEJORA Y ACONDICIONAMIENTO DE EDIFICIOS DEL DISTRITO DE BARAJAS,,29690.08,
2021,X00,Inversiones de carácter general,EQUIPAMIENTO SERVICIOS ADMINISTRATIVOS DISTRITO DE BARAJAS,,3000.0,2975.0
2021,X00,Inversiones de carácter general,EDIFICIO SEDE DISTRITO DE BARAJAS. OBRAS DE REPARACIÓN,,8998.44,8998.44
2021,X12,Otros bienes públicos de carácter social,,,2353.45,2255.44
2021,X12,Otros bienes públicos de carácter social,OFICINA ATENCIÓN CIUDADANO LÍNEA MADRID BARAJAS. ELEMENTOS PROTECCIÓN HIGIÉNICO-SANITARIOS,,817.96,817.96
2021,X12,Otros bienes públicos de carácter social,EQUIPAMIENTO OFICINA ATENCIÓN AL CIUDADANO LÍNEA MADRID DE BARAJAS,,1535.49,1437.48
2022,X01,Protección Civil y seguridad ciudadana,,,31731.38,31586.17
2022,X01,Protección Civil y seguridad ciudadana,UNIDAD INTEGRAL POLICÍA MUNICIPAL BARAJAS. MOBILIARIO PROTECCIÓN HIGIÉNICO-SANITARIA,,161.11,161.11
2022,X01,Protección Civil y seguridad ciudadana,"EQUIPAMIENTO BASE 21 SAMUR-PROTECCIÓN CIVIL, C/ PLAYA DE AMÉRICA, 34",,14875.14,14875.14
2022,X01,Protección Civil y seguridad ciudadana,BASE 21 SAMUR-PROTECCIÓN CIVIL. ADECUACIÓN PUERTAS Y MOTORES E INSTALACIÓN SISTEMA SEGURIDAD,,13791.13,13791.12
2022,X01,Protección Civil y seguridad ciudadana,UNIDAD INTEGRAL POLICÍA MUNICIPAL BARAJAS. MOBILIARIO,,2904.0,2758.8
2022,X10,Cultura,,,2921124.77,1181996.25
2022,X10,Cultura,MUSEO EL CAPRICHO. CUADRO RETRATO HIJOS DEL IX DUQUE DE OSUNA DE WILLIAM BEECHEY,,50000.0,
2022,X10,Cultura,"MUSEO EL CAPRICHO. ADQUISICIÓN ""RETRATO DE LA REINA Mª ISABEL DE BRAGANZA"" DEL ARTISTA JUAN GÁLVEZ",,21000.0,
2022,X10,Cultura,PALACIO DE LOS DUQUES DE OSUNA EN EL PARQUE DEL CAPRICHO. DESARROLLO MUSEOGRÁFICO,,97500.0,34333.34
2022,X10,Cultura,"PALACIO ""EL CAPRICHO"". REHABILITACIÓN PARA DESARROLLO MUSEOGRÁFICO",,2213380.63,637748.84
2022,X10,Cultura,"CENTRO CULTURAL Y BIBLIOTECA GLORIA FUERTES. REFORMA, ACONDICIONAMIENTO EXTERIOR Y OTRAS",,133654.05,127083.63
2022,X10,Cultura,EQUIPAMIENTO BIBLIOTECA PÚBLICA GLORIA FUERTES,,5500.0,
2022,X10,Cultura,CASTILLO DE LA ALAMEDA. PANELES INFORMATIVOS,,7500.0,7319.63
2022,X10,Cultura,BIBLIOTECA PÚBLICA GLORIA FUERTES. SEÑALÉTICA,,532.4,532.4
2022,X10,Cultura,EQUIPAMIENTO AUDIOVISUAL BIBLIOTECA PÚBLICA GLORIA FUERTES,,1550.0,
2022,X10,Cultura,MUSEO EL CAPRICHO. ADQUISICION DE MOBILIARIO DE OFICINA,,8048.0,
2022,X10,Cultura,MUSEO EL CAPRICHO. ADQUISICIÓN GRABADO RETRATO DEL DUQUE DE OSUNA DE FERNANDO SELMA,,379.86,244.0
2022,X10,Cultura,MUSEO EL CAPRICHO. ADQUISICIÓN DE MEDALLA DEL III DUQUE DE OSUNA DEL SIGLO XVII,,237.89,237.89
2022,X10,Cultura,"MUSEO EL CAPRICHO. OBRAS ""RETRATO NIÑO CON PERRO"" Y ""RETRATO NIÑO CON NIDO"" DE FRANCISCO LACOMA",,14999.0,14999.0
2022,X10,Cultura,MUSEO EL CAPRICHO. ADQUISICIÓN DEL CUADRO RETRATO DEL ACTOR ISIDORO MÁIQUEZ,,3798.6,3659.93
2022,X10,Cultura,MUSEO EL CAPRICHO. ADQUISICIÓN ÓLEO FIGURAS EN UN PAISAJE DEL CÍRCULO DE SALVADOR ROSA,,1036.98,1036.98
2022,X10,Cultura,"MUSEO EL CAPRICHO. ADQUISICIÓN LIBRO ""COMPENDIO HISTORIAS DE ESPAÑA"" DE JERÓNIMO GUDIEL",,2000.0,2000.0
2022,X10,Cultura,"MUSEO EL CAPRICHO. ADQUISICIÓN DOCUMENTO ""PLEITO DUQUES DE OSUNA POR EL ESTADO DE BERLANGA""",,120.0,120.0
2022,X10,Cultura,MUSEO EL CAPRICHO. ADQUISICIÓN DE DIVERSOS BIENES: ABANICO Y PAREJA DE GRABADOS,,365.99,365.99
2022,X10,Cultura,MUSEO EL CAPRICHO. ADQUISICIÓN DE ESPEJO CON ESCUDO DE LOS TÉLLEZ GIRÓN BEAUFORT SPONTIN,,11000.0,11000.0
2022,X10,Cultura,MUSEO EL CAPRICHO. ADQUISICIÓN DE LOTE DE RETRATOS DE LA FAMILIA OSUNA,,629.2,629.2
2022,X10,Cultura,MUSEO EL CAPRICHO. RESTAURACIÓN DE ÓLEOS,,3133.9,3133.9
2022,X10,Cultura,MUSEO EL CAPRICHO. RESTAURACIÓN DE LÁMPARA ESTILO IMPERIO,,4489.1,4489.1
2022,X10,Cultura,EQUIPAMIENTO CENTRO SOCIOCULTURAL TERESA DE CALCUTA,,4901.0,4900.1
2022,X10,Cultura,"CENTRO CULTURAL Y DE MAYORES TERESA DE CALCUTA. REFORMA CUBIERTA, BAÑOS Y OTRAS",,139028.84,133885.64
2022,X10,Cultura,"CENTRO CULTURAL VILLA DE BARAJAS 10. ACONDICIONAMIENTO, REPARACIÓN EXTERIOR Y OTRAS",,52084.01,50037.03
2022,X10,Cultura,"CENTRO CULTURAL VILLA DE BARAJAS 7. MEJORA INSTALACIÓN CLIMATIZACIÓN, REPARACIÓN EXTERIOR Y OTRAS",,144255.32,144239.65
2022,X06,Urbanismo,,,6095907.09,5545554.82
2022,X06,Urbanismo,ZONA VERDE ANEXA AL COLEGIO PÚBLICO CIUDAD DE GUADALAJARA. ACTUACIONES DE RENATURALIZACIÓN,,516083.97,516061.35
2022,X06,Urbanismo,ÁMBITO CAMINO DE LA MUÑOZA. EJECUCIÓN BOSQUE METROPOLITANO,,112611.82,
2022,X06,Urbanismo,ÁMBITO CASTILLO DE LA ALAMEDA. OBRAS DE RENATURALIZACIÓN,,265162.92,4718.0
2022,X06,Urbanismo,ÁREA DE REHABILITACIÓN PREFERENTE  21.01 VÍA GASOLINA NORTE. URBANIZACIÓN,,1033416.16,856487.53
2022,X06,Urbanismo,"CALLE AYERBE, TRAMO C/FUENTE DE TORREJONA - C/EMPEDRADA. REMODELACIÓN DE LA URBANIZACIÓN",,700196.59,700196.59
2022,X06,Urbanismo,PARCELA PATRIMONIO MUNICIPAL SUELO C/ BAHÍA DE CÁDIZ C/V C/ BAHÍA DE CARTAGENA. RENATURALIZACIÓN,,80220.83,79876.55
2022,X06,Urbanismo,"ADQUISICIÓN DE SUELO EN AVENIDA DE AMÉRICA, 113",,3388214.8,3388214.8
2022,X09,Medio ambiente,,,4432091.37,322721.11
2022,X09,Medio ambiente,ESTACIÓN REGENERADORA DE AGUAS RESIDUALES DE REJAS. OBRAS ADECUACIÓN Y MEJORA,,627060.14,
2022,X09,Medio ambiente,ESTACIÓN REGENERADORA DE AGUAS RESIDUALES DE VALDEBEBAS. OBRAS DE ADECUACIÓN Y MEJORA,,1873014.0,60426.43
2022,X09,Medio ambiente,PARQUE JUAN CARLOS I. ACTUACIONES DE REHABILITACIÓN,,620000.0,99085.1
2022,X09,Medio ambiente,JARDÍN HISTÓRICO EL CAPRICHO ALAMEDA DE OSUNA. RESTAURACIÓN FORTÍN Y CASINO DE BAILE,,1107580.18,
2022,X09,Medio ambiente,GLORIETA PLAYA DE SAN LORENZO. ADECUACIÓN INSTALACIÓN HIDRÁULICA ORNAMENTAL,,57000.0,16477.61
2022,X09,Medio ambiente,ACTUACIONES EN CAUCES ZONAS DE DOMINIO PÚBLICO HIDRÁULICO. DISTRITO BARAJAS,,10955.86,10955.86
2022,X09,Medio ambiente,PARQUE JUAN CARLOS I. RENOVACIÓN Y MEJORA INSTALACIONES HIDRÁULICAS ORNAMENTALES,,63000.0,62407.05
2022,X09,Medio ambiente,PARQUE JUAN CARLOS I. ADECUACIÓN Y MEJORA EFICICIENCIA PIRÁMIDE SOLAR E INSTALACIONES ALUMBRADO,,100.0,
2022,X09,Medio ambiente,PARQUES Y ZONAS VERDES DEL DISTRITO DE BARAJAS. ADAPTACIÓN DE RECORRIDOS TERAPÉUTICOS,,15036.45,15036.45
2022,X09,Medio ambiente,ZONAS VERDES DISTRITO BARAJAS. INSTALACIÓN Y ACONDICIONAMIENTO DE PARQUES CANINOS,,58344.74,58332.61
2022,X08,Mantenimiento urbano,,,4638029.11,4309098.74
2022,X08,Mantenimiento urbano,"CALLES DE BATEL, BENISODA, CANOA, GRAN PODER Y AVENIDA DE LOGROÑO. REHABILITACIÓN DE CALZADAS",,7432.51,7432.51
2022,X08,Mantenimiento urbano,"CALLES MANUEL AGUILAR MUÑOZ, PLAYA DE BARLOVENTO Y OTRAS. PAVIMENTACIÓN Y MEJORA DE ACERAS",,22002.91,22002.91
2022,X08,Mantenimiento urbano,AVENIDA DE LOGROÑO Y OTRAS DISTRITO BARAJAS. RENOVACIÓN PAVIMENTOS EN CALZADAS,,1143673.22,1135100.84
2022,X08,Mantenimiento urbano,"CALLES MISTRAL, BAHÍA DE PALMA, CIERZO Y OTRAS. RENOVACIÓN DE PAVIMENTOS EN CALZADAS",,655854.78,544745.69
2022,X08,Mantenimiento urbano,"CALLES BRIONES, ARCADIA, BORNOS Y OTRAS DISTRITO DE BARAJAS. RENOVACIÓN PAVIMENTOS EN CALZADAS",,1462031.82,1400219.85
2022,X08,Mantenimiento urbano,"PLAN CAMINO ESCOLAR SEGURO C/ BREZOS, ANTONIO SANCHA Y OTRAS. ADECUACIÓN VÍAS PÚBLICAS",,52237.49,52217.76
2022,X08,Mantenimiento urbano,CALLE ALCAÑIZ CON CALLE ARTEMISA. OBRAS DE ADECUACIÓN VIALES,,425807.28,300544.58
2022,X08,Mantenimiento urbano,"AVENIDA DE AMÉRICA, C/BAHÍA DE ALCUDIA, BANDE, BENISODA, BURRIANA Y OTRAS. ADECUACIÓN DE VIALES",,741808.32,741512.97
2022,X08,Mantenimiento urbano,CIRCUITOS DEPORTIVOS BIOSALUDABLES DISTRITO BARAJAS. INSTALACIÓN (ID 20: 12181),,13180.78,13180.77
2022,X08,Mantenimiento urbano,"C/ BAHÍA DE MÁLAGA, 5. ADECUACIÓN DE VIALES Y VADOS DE ACCESO",,18000.0,13925.16
2022,X08,Mantenimiento urbano,C/ AYERBE. OBRAS DE REPARACIÓN Y PAVIMENTACIÓN,,86000.0,78215.7
2022,X08,Mantenimiento urbano,"C/ NAVÍO, 4. ADECUACIÓN PASOS DE VEHÍCULOS Y OTRAS MEJORAS",,10000.0,
2022,X03,Protección y promoción social,,,53142.03,52965.37
2022,X03,Protección y promoción social,EQUIPAMIENTO ESPACIO DE IGUALDAD ANA ORANTES,,2910.95,2910.94
2022,X03,Protección y promoción social,EQUIPAMIENTO CENTRO DE MAYORES TERESA DE CALCUTA,,5748.37,5673.68
2022,X03,Protección y promoción social,EQUIPAMIENTO CENTRO DE MAYORES ACUARIO,,8751.63,8691.94
2022,X03,Protección y promoción social,CENTRO SERVICIOS SOCIALES TERESA DE CALCUTA. MOBILIARIO Y ENSERES,,3501.28,3501.28
2022,X03,Protección y promoción social,ESPACIO DE IGUALDAD ANA ORANTES. OBRAS DE ACONDICIONAMIENTO E INSTALACIONES,,17992.31,17992.31
2022,X03,Protección y promoción social,CENTRO DE MAYORES MEDINA POMAR. OBRAS DE ACONDICIONAMIENTO E INSTALACIONES,,14237.49,14195.22
2022,X05,Educación,,,868009.12,641993.28
2022,X05,Educación,EQUIPAMIENTO ESCUELA INFANTIL LA COLINA,,7940.02,4364.6
2022,X05,Educación,EQUIPAMIENTO ESCUELA DE MÚSICA EL CAPRICHO,,889.44,
2022,X05,Educación,COLEGIO PÚBLICO CIUDAD DE GUADALAJARA. OBRAS DE CONSERVACIÓN Y ACONDICIONAMIENTO,,132447.93,127375.18
2022,X05,Educación,EQUIPAMIENTO ESCUELA INFANTIL EL BATEO,,11755.15,6457.99
2022,X05,Educación,EQUIPAMIENTO ESCUELA INFANTIL LA CHULAPONA,,11755.15,6457.99
2022,X05,Educación,OBRAS DE MEJORA Y ACONDICIONAMIENTO CENTROS DOCENTES DE ENSEÑANZA DISTRITO BARAJAS,,160259.98,
2022,X05,Educación,"ESCUELA INFANTIL LA CHULAPONA. CONSERVACIÓN ESPACIOS EXTERIORES, INSTALACIONES Y OTRAS",,73672.47,69037.6
2022,X05,Educación,"ESCUELA INFANTIL LA COLINA. CONSERVACIÓN ESPACIOS EXTERIORES, INSTALACIONES Y OTRAS",,58429.9,53406.04
2022,X05,Educación,"ESCUELA INFANTIL EL BATEO. CONSERVACIÓN PATIOS, EXTERIORES, INSTALACIONES Y OTRAS",,69238.08,69093.71
2022,X05,Educación,COLEGIO PÚBLICO MARGARET THATCHER. ACONDICIONAMIENTO Y CONSERVACIÓN INTERIOR Y EXTERIOR,,55331.79,48033.72
2022,X05,Educación,COLEGIO PÚBLICO CALDERÓN DE LA BARCA. OBRAS DE ACONDICIONAMIENTO Y CONSERVACIÓN,,99539.11,97852.08
2022,X05,Educación,COLEGIO PÚBLICO CIUDAD DE ZARAGOZA. OBRAS DE ACONDICIONAMIENTO Y CONSERVACIÓN,,113080.74,105887.43
2022,X05,Educación,"ESCUELA DE ADULTOS DE BARAJAS. ACONDICIONAMIENTO INSTALACIÓN ELÉCTRICA, SOLADO Y OTRAS",,23910.07,18493.59
2022,X05,Educación,"ESCUELA MÚSICA EL CAPRICHO. CONSERVACIÓN Y ACONDICIONAMIENTO ESPACIOS EXTERIORES, INTERIORES Y OTRAS",,49759.29,35533.35
2022,X11,"Deportes, juventud y esparcimiento",,,5158945.45,2747073.77
2022,X11,"Deportes, juventud y esparcimiento","CENTRO DEPORTIVO C/MISTRAL, 4. PISCINA DE VERANO, VESTUARIOS, CERRAMIENTO E INSTALACIONES",,360566.43,360566.36
2022,X11,"Deportes, juventud y esparcimiento",CENTRO DEPORTIVO DE BARAJAS. DIVERSAS OBRAS DE REFORMA,,587286.48,587272.85
2022,X11,"Deportes, juventud y esparcimiento",OBRAS DE MEJORA Y ACONDICIONAMIENTO INSTALACIONES DEPORTIVAS DISTRITO DE BARAJAS,,3464.04,
2022,X11,"Deportes, juventud y esparcimiento",OBRAS DE ACONDICIONAMIENTO Y REFORMA DEPORTIVOS BÁSICOS DEL DISTRITO DE BARAJAS,,872606.48,
2022,X11,"Deportes, juventud y esparcimiento","DEPORTIVO BÁSICO JOSÉ LUIS SÁNCHEZ JUEZ. MEJORA ACCESIBILIDAD, ADECUACIÓN GRADAS Y OTRAS",,67170.03,67170.03
2022,X11,"Deportes, juventud y esparcimiento","DEPORTIVO BÁSICO ORIÓN JÚPITER. OBRAS DE REFORMA, IMPERMEABILIZACIÓN Y OTRAS",,41856.61,36888.62
2022,X11,"Deportes, juventud y esparcimiento",CENTRO DEPORTIVO BARAJAS. ACONDICIONAMIENTO PARCELA ANEXA PARA USO DEPORTIVO,,1210000.0,197595.05
2022,X11,"Deportes, juventud y esparcimiento",CENTRO DEPORTIVO BARAJAS. ADECUACIÓN DE CUBIERTAS PARA PISTAS DE TENIS Y PÁDEL Y OTRAS,,889351.53,463097.28
2022,X11,"Deportes, juventud y esparcimiento",EQUIPAMIENTO CENTRO DEPORTIVO BARAJAS,,2424.2,2424.2
2022,X11,"Deportes, juventud y esparcimiento",EQUIPAMIENTO CENTROS DEPORTIVOS DISTRITO DE BARAJAS,,3351.91,
2022,X11,"Deportes, juventud y esparcimiento",EQUIPAMIENTO CENTRO DEPORTIVO PABELLÓN VILLA DE MADRID,,14065.74,14065.74
2022,X11,"Deportes, juventud y esparcimiento",CENTRO DEPORTIVO BARAJAS. OTRO MOBILIARIO Y ENSERES,,4858.15,4858.15
2022,X11,"Deportes, juventud y esparcimiento",OBRAS DE CONSERVACIÓN INSTALACIONES DEPORTIVAS DEL DISTRITO DE BARAJAS,,11053.73,
2022,X11,"Deportes, juventud y esparcimiento",DEPORTIVO BÁSICO ORIÓN JÚPITER. OBRAS PAVIMENTACIÓN PISTAS Y OTRAS,,44267.77,43275.13
2022,X11,"Deportes, juventud y esparcimiento","CENTRO DEPORTIVO VILLA DE MADRID. OBRAS DE REFORMA, SUSTITUCIÓN DE CALDERAS Y OTRAS",,56416.96,56235.22
2022,X11,"Deportes, juventud y esparcimiento",DEPORTIVO BÁSICO ALHAURÍN. ACONDICIONAMIENTO ZONA DE PETANCA Y OTRAS MEJORAS,,131158.81,129810.99
2022,X11,"Deportes, juventud y esparcimiento",DEPORTIVO BÁSICO AYERBE. ADECUACIÓN CÉSPED ARTIFICIAL Y OTRAS ACTUACIONES,,506623.77,479014.17
2022,X11,"Deportes, juventud y esparcimiento",DEPORTIVO BÁSICO BAHÍA DE SANTANDER II. ADECUACIÓN CERRAMIENTO Y OTRAS MEJORAS,,22906.22,22878.96
2022,X11,"Deportes, juventud y esparcimiento",DEPORTIVO BÁSICO BARRIO AEROPUERTO. MEJORA DEL VALLADO Y OTRAS ACTUACIONES,,224835.75,187769.31
2022,X11,"Deportes, juventud y esparcimiento",DEPORTIVO BÁSICO NUESTRA SEÑORA DE LORETO. SUSTITUCIÓN DE ARQUETA Y OTRAS MEJORAS,,9671.2,9340.73
2022,X11,"Deportes, juventud y esparcimiento","DEPORTIVO BÁSICO PLAYA BOLNUEVO. ADECUACIÓN CERRAMIENTO, ALUMBRADO Y OTRAS",,69206.3,69159.61
2022,X11,"Deportes, juventud y esparcimiento",CENTROS DEPORTIVOS DISTRITO DE BAJARAS. SEÑALIZACIÓN,,10064.97,
2022,X11,"Deportes, juventud y esparcimiento",CENTRO DEPORTIVO BARAJAS. SEÑALIZACIÓN,,14935.03,14935.03
2022,X11,"Deportes, juventud y esparcimiento","LOCAL CENTRO JUVENIL C/ PLAYA SAN JUAN, 31. ACONDICIONAMIENTO INTERIOR Y EXTERIOR",,803.34,716.34
2022,X00,Inversiones de carácter general,,,547823.78,183743.12
2022,X00,Inversiones de carácter general,OBRAS DE ACONDICIONAMIENTO Y REFORMA EN EDIFICIOS DEL DISTRITO DE BARAJAS,,339496.41,
2022,X00,Inversiones de carácter general,SERVICIOS ADMINISTRATIVOS DISTRITO DE BARAJAS. MOBILIARIO Y EQUIPOS DE OFICINA,,3000.0,
2022,X00,Inversiones de carácter general,OBRAS DE MEJORA DE EDIFICIOS DISTRITO DE BARAJAS,,8823.91,
2022,X00,Inversiones de carácter general,EDIFICIO SEDE DEL DISTRITO DE BARAJAS. OBRAS DE REPARACIÓN SALÓN DE PLENOS,,1014.42,1014.42
2022,X00,Inversiones de carácter general,"CENTRO DE DÍA Y MAYORES ACUARIO. REFORMA, ACONDICIONAMIENTO GIMNASIO Y OTRAS MEJORAS",,195489.04,182728.7
2022,X12,Otros bienes públicos de carácter social,,,9635.23,7103.91
2022,X12,Otros bienes públicos de carácter social,EQUIPAMIENTO OFICINA ATENCIÓN AL CIUDADANO LÍNEA MADRID DE BARAJAS,,5654.33,3123.01
2022,X12,Otros bienes públicos de carácter social,OFICINA ATENCIÓN AL CIUDADANO LÍNEA MADRID BARAJAS. ADQUISICIÓN E INSTALACIÓN DE MAMPARAS,,3926.45,3926.45
2022,X12,Otros bienes públicos de carácter social,OFICINA ATENCIÓN AL CIUDADANO LÍNEA MADRID BARAJAS. SEÑALIZACIÓN,,54.45,54.45
2023,X01,Protección Civil y seguridad ciudadana,,,130768.67,130768.67
2023,X01,Protección Civil y seguridad ciudadana,UNIDAD INTEGRAL POLICÍA MUNICIPAL BARAJAS. SUSTITUCIÓN PARCIAL DE CUBIERTA,,130768.67,130768.67
2023,X10,Cultura,,,2419883.86,2403496.55
2023,X10,Cultura,BIBLIOTECA PÚBLICA GLORIA FUERTES. OTRO MOBILIARIO Y ENSERES,,3450.89,3000.8
2023,X10,Cultura,MUSEO EL CAPRICHO. CUADRO RETRATO HIJOS DEL IX DUQUE DE OSUNA DE WILLIAM BEECHEY,,50000.0,49999.99
2023,X10,Cultura,"MUSEO EL CAPRICHO. ADQUISICIÓN ""RETRATO DE LA REINA Mª ISABEL DE BRAGANZA"" DEL ARTISTA JUAN GÁLVEZ",,22500.0,22500.0
2023,X10,Cultura,MUSEO EL CAPRICHO. ADQUISICIÓN DE ESFERA CELESTE AÑO 1800 DE WILLIAM Y TH. MARRIOT BARDIN,,9759.82,9759.82
2023,X10,Cultura,MUSEO EL CAPRICHO. ADQUISICIÓN DE RETRATO DE MAJO DE PRINCIPIOS SIGLO XIX. ANÓNIMO,,1461.36,1461.36
2023,X10,Cultura,"MUSEO EL CAPRICHO. ADQUISICIÓN OBRAS DE ARTE: ESCRIBANÍA, CANDELABROS Y RUECA",,42500.0,42500.0
2023,X10,Cultura,MUSEO EL CAPRICHO. ADQUISICIÓN DE BIOMBO ESTILO LUIS XVI DE PRINCIPIOS DEL SIGLO XIX,,11286.9,11286.9
2023,X10,Cultura,"MUSEO EL CAPRICHO. RETRATO DE CABALLERO DE LA CASA DUCAL DE OSUNA, DE JOSÉ GUTIERREZ DE LA VEGA",,3135.25,3135.25
2023,X10,Cultura,"MUSEO EL CAPRICHO. RETRATO DE SAN FRANCISCO DE BORJA, DE LA ESCUELA ESPAÑOLA DEL SIGLO XVIII",,243.56,243.56
2023,X10,Cultura,MUSEO EL CAPRICHO. ADQUISICIÓN TRAJE MASCULINO DE TRES PIEZAS DE FINALES DEL SIGLO XVIII,,3135.25,3135.25
2023,X10,Cultura,MUSEO EL CAPRICHO. ADQUISICIÓN TELESCOPIO DE MESA FECHADO EN EL SIGLO XIX,,1179.68,1179.68
2023,X10,Cultura,MUSEO EL CAPRICHO. BUSTO DE DAMA EN BISCUIT DE MARIA ANTONIETA DE 1783,,1694.08,1694.08
2023,X10,Cultura,"MUSEO EL CAPRICHO. ESTATUILLA DE MARIANO TÉLLEZ GIRÓN, XII DUQUE DE OSUNA DE UNIFORME",,975.98,975.98
2023,X10,Cultura,"MUSEO EL CAPRICHO. LIBRO TEATRO DE LA GLORIA, CONSAGRADO EXCMA. SRA. D.ª FELICE DE SANDOVAL ENRÍQUEZ",,725.96,725.96
2023,X10,Cultura,"MUSEO EL CAPRICHO. PAREJA GRABADOS COLOREADOS, PUBLICADOS POR J. HAVELL EN LONDRES ENTRE 1830 Y 1832",,365.99,365.99
2023,X10,Cultura,"MUSEO EL CAPRICHO. ADQUISICIÓN LITOGRAFÍAS, GRABADOS Y CALCOGRAFÍAS SIGLO XIX",,615.0,615.0
2023,X10,Cultura,MUSEO EL CAPRICHO. ADQUISICIÓN LIBROS HISTÓRICOS,,492.0,492.0
2023,X10,Cultura,"MUSEO EL CAPRICHO. ÓLEO SOBRE LIENZO JUERGA ANDALUZA EN SANLÚCAR DE BARRAMEDA"" SIGLO XIX",,4171.38,4171.38
2023,X10,Cultura,MUSEO EL CAPRICHO. GRABADO RETRATO DE NAPOLEÓN BONAPARTE EN MALMAISON POR GODEFROY,,613.44,613.44
2023,X10,Cultura,"MUSEO EL CAPRICHO. GRABADO DEL AUTORRETATRO DE GOYA PARA LA PORTADA DE LA SERIE ""LOS CAPRICHOS""",,487.99,487.99
2023,X10,Cultura,"MUSEO EL CAPRICHO. GRABADOS ""VISTAS DE LOS JARDINES DE VERSALLES"" DE PIERRE AVELINE (1654-1722)",,183.0,183.0
2023,X10,Cultura,"MUSEO EL CAPRICHO. PAREJA DE GRABADOS DE CUPIDOS CON ARCOS, DE ANGÉLICA KAUFFMANN (1741-1807)",,365.99,365.99
2023,X10,Cultura,"MUSEO EL CAPRICHO. PAREJA GRABADOS DE Mª LUISA Y CARLOS IV, DE ANTONIO CARNICERO Y JUAN BRUNETTI",,188.11,188.1
2023,X10,Cultura,"MUSEO EL CAPRICHO. CATÁLOGO RETRATOS ANTIGUOS DE PERSONAS ILUSTRES, DE VALENTÍN CARDERERA Y SOLANO",,109.8,109.8
2023,X10,Cultura,"MUSEO EL CAPRICHO. PAREJA DE JARRONES EN PORCELANA ""VIEJO PARIS"", VIDRIADA Y POLICROMADA",,361.71,361.71
2023,X10,Cultura,"MUSEO EL CAPRICHO. COPIA DEL RETRATO DE LA MARQUESA DE LLANO, DE MENGS",,4822.8,4822.8
2023,X10,Cultura,MUSEO EL CAPRICHO. TABAQUERA ESMALTE CON ESCENAS EN TAPA. ALEMANIA SIGLO XVIII,,725.96,725.96
2023,X10,Cultura,MUSEO EL CAPRICHO. CAJITA DE CAREY CON INCRUSTACIONES EN ORO CON RETRATO DE DAMA EN UN SOFÁ,,332.73,332.73
2023,X10,Cultura,MUSEO EL CAPRICHO. RETRATO DE NIÑO DEL CÍRCULO DE ZACARÍAS GONZÁLEZ VELÁZQUEZ DEL SIGLO XIX,,846.95,846.95
2023,X10,Cultura,MUSEO EL CAPRICHO. VISTA DEL REAL PALACIO DE MADRID DESDE LA CUESTA DE LA VEGA DE FERNANDO BRAMBILLA,,181.5,181.5
2023,X10,Cultura,MUSEO EL CAPRICHO. PAREJA DE CANDELEROS CARLOS IV DE PLATA DE SERVANDO DE LAMAS DE 1815,,846.95,846.95
2023,X10,Cultura,"MUSEO EL CAPRICHO. BORDADO CON LEYENDA ""APARICIÓN DE JESÚS A MARÍA MAGDALENA"" TRABAJO ESPAÑOL S. XIX",,205.7,205.7
2023,X10,Cultura,"MUSEO EL CAPRICHO. BORDADO PETIT-POINT ""SANTA ANA ENSEÑANDO A LEER A LA VIRGEN"" ESPAÑA S. XIX",,332.73,332.73
2023,X10,Cultura,"MUSEO EL CAPRICHO. BORDADO PUNTO DE CRUZ DE CUSTODIA FLORES Y LEYENDA ""LO YZO MARÍA HERRERO"". S. XIX",,217.79,217.79
2023,X10,Cultura,MUSEO EL CAPRICHO. ADQUISICIÓN DE UN ARPA FRANCESA DE LA CASA ERARD,,3660.3,3660.3
2023,X10,Cultura,MUSEO EL CAPRICHO. ADQUISICIÓN DE ABANICO LUIS XVI DE FINALES DEL SIGLO XVIII,,305.03,305.03
2023,X10,Cultura,MUSEO EL CAPRICHO. ADQUISICIÓN DE ABANICO CHINO DE BARAJA O BRISÉ,,671.06,671.06
2023,X10,Cultura,"MUSEO EL CAPRICHO. ADQUISICIÓN ABANICO FERNANDINO DEL PRIMER TERCIO SIGLO XIX, DE 21 CENTRÍMETROS",,244.02,244.02
2023,X10,Cultura,"MUSEO EL CAPRICHO. ADQUISICIÓN ABANICO FERNANDINO DEL PRIMER TERCIO SIGLO XIX, DE 20 CENTRÍMETROS",,244.02,244.02
2023,X10,Cultura,PALACIO DE LOS DUQUES DE OSUNA EN EL PARQUE DEL CAPRICHO. DESARROLLO MUSEOGRÁFICO,,1500.0,1407.15
2023,X10,Cultura,CASTILLO DE LA ALAMEDA DE OSUNA. RENOVACIÓN DE PANELES,,18000.0,5962.46
2023,X10,Cultura,"PALACIO ""EL CAPRICHO"". REHABILITACIÓN PARA DESARROLLO MUSEOGRÁFICO",,2163782.7,2159975.9
2023,X10,Cultura,PLACA CONMEMORATIVA MADRID CIUDAD AMIGA DE LA INFANCIA. INSTALACIÓN ENTORNO AEROPUERTO BARAJAS,,595.92,595.92
2023,X10,Cultura,CENTRO SOCIOCULTURAL GLORIA FUERTES. ADECUACIÓN INSTALACIONES CLIMATIZACIÓN Y PROTECCIÓN INCENDIOS,,31086.07,31086.07
2023,X10,Cultura,CENTRO SOCIOCULTURAL GLORIA FUERTES. ACONDICIONAMIENTO E IMPERMEABILIZACIÓN DE PATIO,,17808.17,17808.16
2023,X10,Cultura,"CENTRO CULTURAL Y BIBLIOTECA GLORIA FUERTES. REFORMA, ACONDICIONAMIENTO EXTERIOR Y OTRAS",,7280.72,7280.72
2023,X10,Cultura,CENTRO CULTURAL GLORIA FUERTES. ACONDICIONAMIENTO INSTALACIONES Y OTRAS MEJORAS,,6189.6,6189.6
2023,X06,Urbanismo,,,37015935.28,35896404.57
2023,X06,Urbanismo,ADQUISICIÓN DE SUELO EN EL PARAJE DE CERRO DE LA MESA,,28816211.44,28816211.44
2023,X06,Urbanismo,ZONA VERDE ANEXA AL COLEGIO PÚBLICO CIUDAD DE GUADALAJARA. ACTUACIONES DE RENATURALIZACIÓN,,105445.58,105445.58
2023,X06,Urbanismo,ÁMBITO CAMINO DE LA MUÑOZA. EJECUCIÓN BOSQUE METROPOLITANO,,112611.82,
2023,X06,Urbanismo,ÁMBITO CASTILLO DE LA ALAMEDA. OBRAS DE RENATURALIZACIÓN,,1494535.84,722808.77
2023,X06,Urbanismo,ÁREA DE REHABILITACIÓN PREFERENTE  21.01 VÍA GASOLINA NORTE. URBANIZACIÓN,,113873.6,113873.58
2023,X06,Urbanismo,"CALLE AYERBE, TRAMO C/FUENTE DE TORREJONA - C/EMPEDRADA. REMODELACIÓN DE LA URBANIZACIÓN",,6373257.0,6138065.2
2023,X07,Infraestructuras,,,5049.58,5049.58
2023,X07,Infraestructuras,PANTALLAS ACÚSTICAS EN INFRAESTRUCTURAS DE MOVILIDAD. INSTALACIÓN EN EL DISTRITO BARAJAS,,5049.58,5049.58
2023,X09,Medio ambiente,,,8572781.21,5078614.32
2023,X09,Medio ambiente,ESTACIÓN REGENERADORA DE AGUAS RESIDUALES DE REJAS. OBRAS ADECUACIÓN Y MEJORA,,427466.37,342983.71
2023,X09,Medio ambiente,ESTACIÓN REGENERADORA DE AGUAS RESIDUALES DE VALDEBEBAS. OBRAS DE ADECUACIÓN Y MEJORA,,7963145.22,4593913.78
2023,X09,Medio ambiente,ENERGÍAS RENOVABLES. INSTALACIÓN FOTOVOLTAICA EN CENTRO SOCIOCULTURAL TERESA DE CALCUTA,,56406.88,55954.49
2023,X09,Medio ambiente,HUERTOS URBANOS EN EL PARQUE CENTRAL DE VALDEBEBAS. OBRAS DE REMODELACIÓN,,40000.0,
2023,X09,Medio ambiente,FUENTES BEBEDERO EN EL DISTRITO BARAJAS. INSTALACIÓN,,298.22,298.22
2023,X09,Medio ambiente,JARDÍN HISTÓRICO EL CAPRICHO ALAMEDA DE OSUNA. REPARACIÓN DE DAÑOS,,25923.0,25922.93
2023,X09,Medio ambiente,JARDÍN CON ESPECIES DE ECOSISTEMAS MEDITERRÁNEOS ENTRE C/GÉMINIS Y ORIÓN. PLANTACIÓN (ID: 11330),,13055.45,13055.44
2023,X09,Medio ambiente,PLANTACIONES ARBÓREAS EN LOS PARQUES DEL DISTRITO DE BARAJAS. MEJORA ESTÉTICA Y MEDIO AMBIENTAL,,46486.07,46485.75
2023,X08,Mantenimiento urbano,,,2078971.34,2066133.45
2023,X08,Mantenimiento urbano,MOBILIARIO URBANO ÁREAS DE MAYORES DISTRITO BARAJAS. REPOSICIÓN,,15259.14,15259.14
2023,X08,Mantenimiento urbano,"CALLES DE BATEL, BENISODA, CANOA, GRAN PODER Y AVENIDA DE LOGROÑO. REHABILITACIÓN DE CALZADAS",,19770.71,19770.71
2023,X08,Mantenimiento urbano,CALLE ACUARIO Y OTRAS DEL DISTRITO DE BARAJAS. MEJORA Y REHABILITACIÓN DE CALZADAS,,19353.51,19353.51
2023,X08,Mantenimiento urbano,"CALLES PENÉLOPE, BREZOS, CANAL DE SUEZ, URANO, VELERO, ZODIACO Y OTRAS. RENOVACIÓN CAPA DE RODADURA",,70256.05,70256.05
2023,X08,Mantenimiento urbano,"CALLE GALEÓN,GÓNDOLA,BASELLA,BURRIANA,BRIONES,MURO,TRAMONTANA Y OTRAS. MEJORA BASE PAVIMENTO",,80385.96,80385.96
2023,X08,Mantenimiento urbano,"CALLES MANUEL AGUILAR MUÑOZ, PLAYA DE BARLOVENTO Y OTRAS. PAVIMENTACIÓN Y MEJORA DE ACERAS",,338906.01,338768.83
2023,X08,Mantenimiento urbano,AVENIDA DE LOGROÑO Y OTRAS DISTRITO BARAJAS. RENOVACIÓN PAVIMENTOS EN CALZADAS,,523411.59,523411.59
2023,X08,Mantenimiento urbano,"CALLES MISTRAL, BAHÍA DE PALMA, CIERZO Y OTRAS. RENOVACIÓN DE PAVIMENTOS EN CALZADAS",,190011.1,190011.08
2023,X08,Mantenimiento urbano,"CALLES BRIONES, ARCADIA, BORNOS Y OTRAS DISTRITO DE BARAJAS. RENOVACIÓN PAVIMENTOS EN CALZADAS",,374984.64,374984.64
2023,X08,Mantenimiento urbano,"PLAN CAMINO ESCOLAR SEGURO C/ BREZOS, ANTONIO SANCHA Y OTRAS. ADECUACIÓN VÍAS PÚBLICAS",,5181.01,
2023,X08,Mantenimiento urbano,CALLE DEL MONZÓN. RENOVACIÓN DE PAVIMENTOS Y ACONDICIONAMIENTO ACERADOS,,441451.62,433931.94
2023,X03,Protección y promoción social,,,73417.91,60093.68
2023,X03,Protección y promoción social,EQUIPAMIENTO ESPACIO DE IGUALDAD ANA ORANTES,,2192.88,2192.88
2023,X03,Protección y promoción social,CENTRO DE DÍA Y MAYORES ACUARIO. ACONDICIONAMIENTO INSTALACIONES Y OTRAS MEJORAS,,61231.26,47907.03
2023,X03,Protección y promoción social,CENTRO FORMACIÓN OCUPACIONAL BARAJAS. OBRAS REFORMA,,9993.77,9993.77
2023,X05,Educación,,,1125384.31,935947.27
2023,X05,Educación,EQUIPAMIENTO ESCUELA INFANTIL LA COLINA,,3237.77,3237.77
2023,X05,Educación,EQUIPAMIENTO ESCUELA DE MÚSICA EL CAPRICHO,,4610.56,4610.56
2023,X05,Educación,ESCUELA INFANTIL LA CHULAPONA. OBRAS DE REFORMA DE SANEAMIENTO EN ZONA DE COCINAS Y TRAMO POZO,,48108.01,38466.96
2023,X05,Educación,COLEGIO PÚBLICO CIUDAD DE GUADALAJARA. OBRAS DE CONSERVACIÓN Y ACONDICIONAMIENTO,,30130.1,30130.1
2023,X05,Educación,OBRAS DE MEJORA Y ACONDICIONAMIENTO CENTROS DOCENTES DE ENSEÑANZA DEL DISTRITO DE BARAJAS,,235.52,
2023,X05,Educación,ESCUELA INFANTIL LA COLINA. ACONDICIONAMIENTO INSTALACIONES Y OTRAS MEJORAS,,19839.43,19681.17
2023,X05,Educación,ESCUELA INFANTIL EL BATEO. ACONDICIONAMIENTO INSTALACIONES Y OTRAS MEJORAS,,28934.27,28934.05
2023,X05,Educación,ESCUELA INFANTIL LA CHULAPONA. ACONDICIONAMIENTO INSTALACIONES Y OTRAS MEJORAS,,28990.78,28427.66
2023,X05,Educación,"ESCUELAS INFANTILES DE BARAJAS. ACONDICIONAMIENTO ZONAS EXTERIORES, INTERIORES Y OTRAS MEJORAS",,49084.14,
2023,X05,Educación,ESCUELA INFANTIL LA CHULAPONA. ACONDICIONAMIENTO CERRAMIENTO PERIMETRAL Y OTRAS MEJORAS,,41216.88,35574.51
2023,X05,Educación,ESCUELA INFANTIL EL BATEO. ACONDICIONAMIENTO INSTALACIÓN PROTECCIÓN CONTRA INCENDIOS Y OTRAS,,76678.98,59182.51
2023,X05,Educación,COLEGIO PÚBLICO CIUDAD DE ZARAGOZA. OBRAS DE REPARACIÓN Y ACONDICIONAMIENTO,,250000.0,196886.8
2023,X05,Educación,COLEGIO PÚBLICO CALDERÓN DE LA BARCA. OBRAS DE REPARACIÓN Y ACONDICIONAMIENTO,,290000.0,275845.34
2023,X05,Educación,COLEGIO PÚBLICO CIUDAD DE GUADALAJARA. OBRAS DE REPARACIÓN Y ACONDICIONAMIENTO,,137113.87,120054.98
2023,X05,Educación,"COLEGIO PÚBLICO MARGARET TATCHER. OBRAS DE REPARACIÓN, EFICIENCIA ENERGÉTICA Y MEJORA",,95000.0,72710.86
2023,X05,Educación,ESCUELA DE MÚSICA EL CAPRICHO. ACONDICIONAMIENTO INSTALACIONES Y OTRAS MEJORAS,,22204.0,22204.0
2023,X11,"Deportes, juventud y esparcimiento",,,5394483.06,4932944.32
2023,X11,"Deportes, juventud y esparcimiento","CENTRO DEPORTIVO C/MISTRAL, 4. PISCINA DE VERANO, VESTUARIOS, CERRAMIENTO E INSTALACIONES",,3196203.08,2799586.2
2023,X11,"Deportes, juventud y esparcimiento",CENTRO DEPORTIVO DE BARAJAS. DIVERSAS OBRAS DE REFORMA,,116036.14,116036.14
2023,X11,"Deportes, juventud y esparcimiento",OBRAS DE MEJORA Y ACONDICIONAMIENTO INSTALACIONES DEPORTIVAS DISTRITO DE BARAJAS,,20.1,
2023,X11,"Deportes, juventud y esparcimiento",DEPORTIVO BÁSICO CORONALES. OBRAS DE REPARACIÓN VESTUARIOS,,33483.43,33483.43
2023,X11,"Deportes, juventud y esparcimiento",DEPORTIVO BÁSICO BARRIO DEL AEROPUERTO. OBRAS DE REFORMA,,67228.7,67228.7
2023,X11,"Deportes, juventud y esparcimiento",OBRAS DE ACONDICIONAMIENTO Y REFORMA DEPORTIVOS BÁSICOS DEL DISTRITO DE BARAJAS,,134.23,
2023,X11,"Deportes, juventud y esparcimiento","DEPORTIVO BÁSICO JOSÉ LUIS SÁNCHEZ JUEZ. MEJORA ACCESIBILIDAD, ADECUACIÓN GRADAS Y OTRAS",,170386.7,170386.7
2023,X11,"Deportes, juventud y esparcimiento","DEPORTIVO BÁSICO ORIÓN JÚPITER. OBRAS DE REFORMA, IMPERMEABILIZACIÓN Y OTRAS",,44159.07,44158.54
2023,X11,"Deportes, juventud y esparcimiento",CENTRO DEPORTIVO BARAJAS. ACONDICIONAMIENTO PARCELA ANEXA PARA USO DEPORTIVO,,1012404.95,967287.39
2023,X11,"Deportes, juventud y esparcimiento",CENTRO DEPORTIVO BARAJAS. ADECUACIÓN DE CUBIERTAS PARA PISTAS DE TENIS Y PÁDEL Y OTRAS,,557996.66,557582.17
2023,X11,"Deportes, juventud y esparcimiento",EQUIPAMIENTO CENTROS DEPORTIVOS DEL DISTRITO DE BARAJAS,,8300.0,
2023,X11,"Deportes, juventud y esparcimiento","INSTALACIONES DEPORTIVAS DISTRITO DE BARAJAS. OBRAS DE REFORMA, MEJORA Y ACONDICIONAMIENTO",,1433.07,
2023,X11,"Deportes, juventud y esparcimiento",PISTA DE PATINAJE CALLE ACUARIO. OBRAS DE MEJORA Y ACONDICIONAMIENTO,,4614.43,4614.43
2023,X11,"Deportes, juventud y esparcimiento",DEPORTIVO BÁSICO PINOS DE OSUNA. OBRAS DE MEJORA Y ACONDICIONAMIENTO,,36953.02,35000.68
2023,X11,"Deportes, juventud y esparcimiento",DEPORTIVO BÁSICO ALHAURÍN. OBRAS DE MEJORA Y ACONDICIONAMIENTO,,4999.48,4999.48
2023,X11,"Deportes, juventud y esparcimiento",DEPORTIVO BÁSICO BARRIO DEL AEROPUERTO. ADECUACIÓN PISTAS Y OTRAS MEJORAS,,23600.0,22937.81
2023,X11,"Deportes, juventud y esparcimiento","DEPORTIVO BÁSICO AYERBE. MEJORAS EN INSTALACIONES, SEGURIDAD Y OTRAS",,83530.0,77754.26
2023,X11,"Deportes, juventud y esparcimiento","PISCINA MISTRAL, DISTRITO DE BARAJAS. OTRO MOBILIARIO Y ENSERES",,33000.0,31888.39
2023,X00,Inversiones de carácter general,,,18000.58,840.95
2023,X00,Inversiones de carácter general,EQUIPAMIENTO SERVICIOS ADMINISTRATIVOS DEL DISTRITO DE BARAJAS,,3000.0,840.95
2023,X00,Inversiones de carácter general,OBRAS DE MEJORA Y ACONDICIONAMIENTO DE EDIFICIOS DEL DISTRITO DE BARAJAS,,3425.16,
2023,X00,Inversiones de carácter general,OBRAS DE ACONDICIONAMIENTO Y REFORMA EN EDIFICIOS DEL DISTRITO DE BARAJAS,,0.28,
2023,X00,Inversiones de carácter general,OBRAS DE MEJORA Y ACONDICIONAMIENTO EDIFICIOS DEL DISTRITO DE BARAJAS,,11575.14,
2024,X01,Protección Civil y seguridad ciudadana,,,4607.49,
2024,X01,Protección Civil y seguridad ciudadana,COMISARÍA INTEGRAL DE POLICÍA MUNICIPAL DISTRITO BARAJAS. MOBILIARIO Y EQUIPOS DE OFICINA,,4124.7,
2024,X01,Protección Civil y seguridad ciudadana,DEPENDENCIA POLICÍA MUNICIPAL T-4 AEROPUERTO ADOLFO SUAREZ BARAJAS. MOBILIARIO Y EQUIPOS OFICINA,,482.79,
2024,X10,Cultura,,,3493888.61,2537217.37
2024,X10,Cultura,"PALACIO ""EL CAPRICHO"". REHABILITACIÓN PARA DESARROLLO MUSEOGRÁFICO",,3466852.61,2510181.37
2024,X10,Cultura,MUSEO EL CAPRICHO. RETRATO DE ROSA CHACEL DE ANDRÉS CASTELLANO,,4950.0,4950.0
2024,X10,Cultura,MUSEO EL CAPRICHO. GRABADO DEL V DUQUE OSUNA DE JOHANN JAKOB SCHOLLENBERGER,,122.29,122.29
2024,X10,Cultura,"MUSEO EL CAPRICHO. ADQUISICIÓN DE LÁMINA ""BATALLA DE ISSOS"" DEL SIGLO XIX",,120.0,120.0
2024,X10,Cultura,"MUSEO EL CAPRICHO. ADQUISICIÓN PLANCHA ORIGINAL DEL GRABADO NÚMERO 33 DE LA OBRA ""LE CORRICOLO""",,287.86,287.86
2024,X10,Cultura,"MUSEO EL CAPRICHO. ADQUISICIÓN DE DIBUJO ""NIÑOS EN UN PAISAJE"" DE E.W. THOMSON",,244.0,244.0
2024,X10,Cultura,"MUSEO EL CAPRICHO. ADQUISICIÓN DE CAJA ILUSTRADA DE MARIL, CAREY Y ORO, ANÓNIMA DEL SIGLO XVIII",,1700.0,1700.0
2024,X10,Cultura,"MUSEO EL CAPRICHO. GRABADO ""LOGGIE DI RAFAELE NEL VATICANO, PILASTRA Nº V"" DE RAFAEL DE URBINO",,1242.15,1242.15
2024,X10,Cultura,"MUSEO EL CAPRICHO. GRABADO ""LOGGIE DI RAFAELE NEL VATICANO, PILASTRA Nº VII"" DE RAFAEL DE URBINO",,1242.15,1242.15
2024,X10,Cultura,MUSEO EL CAPRICHO. RESTAURACIÓN DE ATRIL DE MÚSICO,,1306.8,1306.8
2024,X10,Cultura,MUSEO EL CAPRICHO. RESTAURACIÓN DE ARPA DE SEBASTIÁN ERARD,,2238.5,2238.5
2024,X10,Cultura,MUSEO EL CAPRICHO. RESTAURACIÓN DEL ÓLEO SOBRE LIENZO JUERGA ANDALUZA,,2323.2,2323.2
2024,X10,Cultura,MUSEO EL CAPRICHO. RESTAURACIÓN DEL ÓLEO RETRATO DE CABALLERO DE LA CASA DUCAL DE OSUNA,,1560.9,1560.9
2024,X10,Cultura,"MUSEO EL CAPRICHO. RESTAURACIÓN  DE TRAJE DE TRES PIEZAS, LEVITA, CHALECO Y PANTALÓN",,3708.65,3708.65
2024,X10,Cultura,MUSEO EL CAPRICHO. RESTAURACIÓN DEL ÓLEO RETRATO DE SAN FRANCISCO DE BORJA,,1379.4,1379.4
2024,X10,Cultura,MUSEO EL CAPRICHO. RESTAURACIÓN DEL ÓLEO RETRATO DE MAJO,,2383.7,2383.7
2024,X10,Cultura,MUSEO EL CAPRICHO. RESTAURACIÓN DEL ÓLEO RETRATO DE NIÑO,,2226.4,2226.4
2024,X06,Urbanismo,,,1078528.7,1030846.4
2024,X06,Urbanismo,ZONA VERDE ANEXA AL COLEGIO PÚBLICO CIUDAD DE GUADALAJARA. ACTUACIONES DE RENATURALIZACIÓN,,0.15,0.15
2024,X06,Urbanismo,ÁMBITO CASTILLO DE LA ALAMEDA. OBRAS DE RENATURALIZACIÓN,,921528.55,919506.19
2024,X06,Urbanismo,PLAZA DE PAJARONES. REMODELACIÓN Y MEJORA DE LA CONFIGURACIÓN DEL ESPACIO URBANO (ID 21: 18598),,157000.0,111340.06
2024,X07,Infraestructuras,,,112559.75,112559.75
2024,X07,Infraestructuras,PANTALLAS ACÚSTICAS EN INFRAESTRUCTURAS DE MOVILIDAD. INSTALACIÓN EN EL DISTRITO BARAJAS,,112559.75,112559.75
2024,X09,Medio ambiente,,,43327742.94,41426390.73
2024,X09,Medio ambiente,ESTACIÓN REGENERADORA DE AGUAS RESIDUALES DE VALDEBEBAS. OBRAS DE ADECUACIÓN Y MEJORA,,21427806.0,21351352.11
2024,X09,Medio ambiente,FUENTES BEBEDERO EN EL DISTRITO BARAJAS. INSTALACIÓN,,8043.32,8034.37
2024,X09,Medio ambiente,JARDÍN CON ESPECIES DE ECOSISTEMAS MEDITERRÁNEOS ENTRE C/GÉMINIS Y ORIÓN. PLANTACIÓN (ID: 11330),,241000.0,170013.2
2024,X09,Medio ambiente,PLANTACIONES ARBÓREAS EN LOS PARQUES DEL DISTRITO DE BARAJAS. MEJORA ESTÉTICA Y MEDIO AMBIENTAL,,507.58,507.58
2024,X09,Medio ambiente,ESTACIÓN REGENERADORA DE AGUAS RESIDUALES DE REJAS. OBRAS DE ADECUACIÓN Y MEJORA,,21221668.0,19614622.64
2024,X09,Medio ambiente,JARDÍN HISTÓRICO EL CAPRICHO ALAMEDA DE OSUNA. RESTAURACIÓN FORTÍN Y CASINO DE BAILE,,81850.0,
2024,X09,Medio ambiente,GLORIETA PLAYA DE SAN LORENZO. ADECUACIÓN INSTALACIÓN HIDRÁULICA ORNAMENTAL,,301596.0,236606.26
2024,X09,Medio ambiente,"EQUIPOS RECARGA VEHÍCULOS ELÉCTRICOS EN SEDE ÁREA DE URBANISMO, MEDIO AMBIENTE Y MOVILIDAD",,5033.73,5033.73
2024,X09,Medio ambiente,"DÁRSENAS DE AGUA REGENERADA JUNTO AL DEPÓSITO DE EL CAPRICHO, AVENIDA LOGROÑO. ADECUACIÓN",,19764.0,19763.39
2024,X09,Medio ambiente,REPOBLACIÓN CON ESPECIES ARBÓREAS FORESTALES EN DIVERSAS PARCELAS DEL DISTRITO DE BARAJAS,,592.05,592.05
2024,X09,Medio ambiente,HUERTO URBANO ECOLÓGICO EN EL DISTRITO DE BARAJAS. ADECUACIÓN,,1882.26,1882.26
2024,X09,Medio ambiente,ZONA VERDE EN LA CALLE TRESPADERNE. REHABILITACIÓN,,18000.0,17983.14
2024,X08,Mantenimiento urbano,,,601535.89,601527.83
2024,X08,Mantenimiento urbano,CALLE ACUARIO Y OTRAS DEL DISTRITO DE BARAJAS. MEJORA Y REHABILITACIÓN DE CALZADAS,,1131.39,1131.39
2024,X08,Mantenimiento urbano,"PLAN CAMINO ESCOLAR SEGURO C/ BREZOS, ANTONIO SANCHA Y OTRAS. ADECUACIÓN VÍAS PÚBLICAS",,14559.72,14559.72
2024,X08,Mantenimiento urbano,"PLAZA DEL MAR Y OTRAS, DISTRITO DE BARAJAS. MEJORA DE LAS CONDICIONES DE RODADURA",,234546.95,234546.95
2024,X08,Mantenimiento urbano,ENTORNO ESCOLAR C/ BERGANTÍN. ADECUACIÓN DE VÍAS Y ESPACIOS PÚBLICOS,,283596.59,283596.59
2024,X08,Mantenimiento urbano,PASO INFERIOR VEHÍCULOS VALDEBEBAS-GLORIETA DE SINTRA BAJO M-11. OBRAS REFUERZO Y ACONDICIONAMIENTO,,47701.24,47698.73
2024,X08,Mantenimiento urbano,GLORIETA ERMITA NUESTRA SEÑORA DE LA SOLEDAD. INSTALACIÓN DE ENSEÑA,,20000.0,19994.45
2024,X03,Protección y promoción social,,,168033.19,11013.32
2024,X03,Protección y promoción social,CENTRO DE MAYORES BARRIO CORRALEJOS-CORONALES. CONSTRUCCIÓN,,136332.04,
2024,X03,Protección y promoción social,EQUIPAMIENTO DEL ESPACIO DE IGUALDAD ANA ORANTES,,1118.22,
2024,X03,Protección y promoción social,EQUIPAMIENTO AGENCIA DE ZONA DE BARAJAS PARA POLÍTICAS ACTIVAS DE EMPLEO,,10525.12,10514.96
2024,X03,Protección y promoción social,"OTRO EQUIPAMIENTO CENTRO DE FORMACIÓN BARAJAS, AV.CANTABRIA,6",,498.36,498.36
2024,X03,Protección y promoción social,AGENCIA DE ZONA DE BARAJAS. ADQUISICIÓN CARTELERÍA DIGITAL Y GESTOR CONTENIDOS,,12360.04,
2024,X03,Protección y promoción social,CENTRO DE FORMACIÓN DE BARAJAS. ADQUISICIÓN DE CARTELERÍA DIGITAL Y GESTOR DE CONTENIDOS,,7199.41,
2024,X05,Educación,,,1355322.5,1352691.51
2024,X05,Educación,EQUIPAMIENTO ESCUELA INFANTIL LA COLINA,,583.16,
2024,X05,Educación,EQUIPAMIENTO ESCUELA DE MÚSICA EL CAPRICHO,,3369.0,3092.45
2024,X05,Educación,OBRAS DE MEJORA Y ACONDICIONAMIENTO CENTROS DOCENTES DE ENSEÑANZA DEL DISTRITO DE BARAJAS,,355.28,
2024,X05,Educación,ESCUELA INFANTIL LA CHULAPONA. OBRAS DE REFORMA DE LA RED DE SANEAMIENTO,,212205.34,211869.25
2024,X05,Educación,COLEGIO PÚBLICO MARGARET THATCHER. OBRAS DE REPARACIÓN Y MANTENIMIENTO,,34582.71,34582.71
2024,X05,Educación,COLEGIO PÚBLICO CALDERÓN DE LA BARCA. OBRAS DE REPARACIÓN Y MANTENIMIENTO,,95378.48,94848.45
2024,X05,Educación,COLEGIO PÚBLICO CIUDAD DE GUADALAJARA. OBRAS DE REPARACIÓN Y MANTENIMIENTO,,47922.51,47853.71
2024,X05,Educación,COLEGIO PÚBLICO CIUDAD DE ZARAGOZA. OBRAS DE REPARACIÓN Y MANTENIMIENTO,,32151.52,32134.58
2024,X05,Educación,ESCUELA INFANTIL EL BATEO. OBRAS DE MANTENIMIENTO Y CONSERVACIÓN,,35182.65,35148.82
2024,X05,Educación,ESCUELA INFANTIL LA CHULAPONA. OBRAS DE MANTENIMIENTO Y CONSERVACIÓN,,19401.93,19401.93
2024,X05,Educación,ESCUELA INFANTIL LA COLINA. OBRAS DE MANTENIMIENTO Y CONSERVACIÓN,,37541.92,37538.48
2024,X05,Educación,CENTROS DOCENTES DEL DISTRITO DE BARAJAS. ADECUACIÓN DE INSTALACIONES Y ACABADOS,,131.02,
2024,X05,Educación,"COLEGIO PÚBLICO CIUDAD DE ZARAGOZA. ADECUACIÓN DE INSTALACIONES, ASEOS Y ACABADOS",,187229.82,187148.77
2024,X05,Educación,"COLEGIO PÚBLICO CALDERON DE LA BARCA. ADECUACIÓN DE INSTALACIONES, ACABADOS Y OTRAS MEJORAS",,114291.41,114282.64
2024,X05,Educación,COLEGIO PÚBLICO MARGARET THATCHER. ADECUACIÓN DE INSTALACIONES Y ACABADOS,,24086.47,24084.35
2024,X05,Educación,ESCUELA INFANTIL LA CHULAPONA. ADECUACIÓN DE INSTALACIONES Y ACABADOS,,89464.86,89455.13
2024,X05,Educación,ESCUELA INFANTIL LA COLINA. ADECUACIÓN DE PATIOS Y OTRAS MEJORAS,,40000.3,39999.39
2024,X05,Educación,ESCUELA INFANTIL EL BATEO. ADECUACIÓN DE PATIOS Y OTRAS MEJORAS,,19299.12,19144.83
2024,X05,Educación,COLEGIO PÚBLICO CIUDAD DE GUADALAJARA. ADECUACIÓN CUBIERTA Y OTRAS REPARACIONES,,362145.0,362106.02
2024,X11,"Deportes, juventud y esparcimiento",,,1040339.58,1034455.14
2024,X11,"Deportes, juventud y esparcimiento","CENTRO DEPORTIVO C/MISTRAL, 4. PISCINA DE VERANO, VESTUARIOS, CERRAMIENTO E INSTALACIONES",,537666.4,537485.83
2024,X11,"Deportes, juventud y esparcimiento",PISCINA CALLE MISTRAL. SEÑALIZACIÓN,,2213.09,2213.09
2024,X11,"Deportes, juventud y esparcimiento",CENTRO DEPORTIVO BARAJAS. OBRAS ACONDICIONAMIENTO DE PISTAS DEPORTIVAS,,26362.32,26356.81
2024,X11,"Deportes, juventud y esparcimiento",CENTRO DEPORTIVO BARAJAS. OBRAS ADECUACIÓN DE DOS NUEVAS UNIDADES DEPORTIVAS DE PÁDEL Y PICKLEBALL,,185537.13,182886.05
2024,X11,"Deportes, juventud y esparcimiento",CENTRO DEPORTIVO BARAJAS. OBRAS CONSTRUCCIÓN DE UNIDADES DE PÁDEL,,122436.74,119458.91
2024,X11,"Deportes, juventud y esparcimiento",DEPORTIVO BÁSICO BIKE PARK BMX. REHABILITACIÓN DE ZONA ESTANCIAL Y TALUDES,,61529.95,61515.75
2024,X11,"Deportes, juventud y esparcimiento",CENTRO DEPORTIVO BARAJAS. RENOVACIÓN DEL PAVIMENTO,,59791.19,59782.81
2024,X11,"Deportes, juventud y esparcimiento",CENTRO DEPORTIVO BARAJAS. INSTALACIÓN DE BASTIDOR HIDRÁULICO Y OTROS ELEMENTOS,,6178.36,6178.36
2024,X11,"Deportes, juventud y esparcimiento",CENTRO DEPORTIVO BARAJAS. INSTALACIONES TÉCNICAS,,1818.64,1818.64
2024,X11,"Deportes, juventud y esparcimiento",PISCINA MISTRAL. ADQUISICIÓN DE MOBILIARIO Y ENSERES,,15555.76,15555.76
2024,X11,"Deportes, juventud y esparcimiento",EQUIPAMIENTO DEPORTIVO BÁSICO BIKE PARK DISTRITRO DE BARAJAS,,5569.72,5566.0
2024,X11,"Deportes, juventud y esparcimiento",EQUIPAMIENTO PISTA DE HOCKEY SOBRE PATINES DEL CENTRO DEPORTIVO BARAJAS,,7151.22,7151.22
2024,X11,"Deportes, juventud y esparcimiento",CENTRO DEPORTIVO BARAJAS. ADQUISICIÓN DE MESAS DE JUEGOS,,6746.55,6703.4
2024,X11,"Deportes, juventud y esparcimiento",CENTRO DEPORTIVO BARAJAS. ADQUISICIÓN DE BANCOS PARA VESTUARIOS,,1782.51,1782.51
2024,X00,Inversiones de carácter general,,,51993.37,51814.18
2024,X00,Inversiones de carácter general,EQUIPAMIENTO SERVICIOS ADMINISTRATIVOS DEL DISTRITO DE BARAJAS,,3000.0,2859.01
2024,X00,Inversiones de carácter general,EDIFICIO SEDE DEL DISTRITO DE BARAJAS. OBRAS DE ACONDICIONAMIENTO,,48993.37,48955.17
2024,X12,Otros bienes públicos de carácter social,,,367.33,65.0
2024,X12,Otros bienes públicos de carácter social,EQUIPAMIENTO OFICINA DE ATENCIÓN AL CIUDADANO LÍNEA MADRID DE BARAJAS,,367.33,65.0
2025,X01,Protección Civil y seguridad ciudadana,,,38303.27,38303.26
2025,X01,Protección Civil y seguridad ciudadana,COMISARÍA INTEGRAL DE POLICÍA MUNICIPAL DISTRITO BARAJAS. MOBILIARIO Y EQUIPOS DE OFICINA,,2940.3,2940.3
2025,X01,Protección Civil y seguridad ciudadana,DEPENDENCIA POLICÍA MUNICIPAL T-4 AEROPUERTO ADOLFO SUAREZ BARAJAS. MOBILIARIO Y EQUIPOS OFICINA,,453.75,453.75
2025,X01,Protección Civil y seguridad ciudadana,EQUIPAMIENTO COMISARÍA INTEGRAL POLICÍA MUNICIPAL DEL DISTRITO DE BARAJAS,,1539.89,1539.89
2025,X01,Protección Civil y seguridad ciudadana,COMISARÍA INTEGRAL DISTRITO BARAJAS. SEÑALIZACIÓN EXTERIOR,,33369.33,33369.32
2025,X10,Cultura,,,2429292.11,2360590.21
2025,X10,Cultura,"PALACIO ""EL CAPRICHO"". REHABILITACIÓN PARA DESARROLLO MUSEOGRÁFICO",,1867782.5,1859509.93
2025,X10,Cultura,MUSEOGRAFIA PARA EL MUSEO EL CAPRICHO,,412806.29,353963.93
2025,X10,Cultura,EQUIPAMIENTO MUSEO EL CAPRICHO,,7777.77,7777.77
2025,X10,Cultura,MUSEO EL CAPRICHO. MOBILIARIO Y EQUIPOS DE OFICINA,,22014.35,22009.9
2025,X10,Cultura,MUSEO EL CAPRICHO. ADQUISICIÓN DE ÓLEO SOBRE TABLA DEL GENERAL URRUTIA,,871.2,871.2
2025,X10,Cultura,"MUSEO EL CAPRICHO. ADQUISICIÓN SUPUESTO RETRATO DE LUIGI BOCCHERINI, ANÓNIMO ESPAÑOL SIGLO XVIII",,9760.0,9760.0
2025,X10,Cultura,MUSEO EL CAPRICHO. ADQUISICIÓN DE LIBROS ESPECIALIZADOS,,700.0,656.02
2025,X10,Cultura,"MUSEO EL CAPRICHO. RESTAURACIÓN ÓLEO ""RETRATO DE LOS HIJOS DEL IX DUQUE DE OSUNA DE GASPARE LANDI",,3837.42,3837.42
2025,X10,Cultura,MUSEO EL CAPRICHO. RESTAURACIÓN DE TELESCOPIO DE BRONCE DORADO Y MADERA,,1296.43,1296.43
2025,X10,Cultura,MUSEO EL CAPRICHO. RESTAURACIÓN DE ESFERA CELESTE,,2869.43,2869.43
2025,X10,Cultura,MUSEO EL CAPRICHO. RESTAURACIÓN DE ESPEJO DE MADERA Y PAN DE ORO,,5277.33,5277.33
2025,X10,Cultura,MUSEO EL CAPRICHO. RESTAURACIÓN DE ESTATUILLA DE ESCAYOLA DE MARIANO TÉLLEZ GIRÓN,,993.93,993.93
2025,X10,Cultura,MUSEO EL CAPRICHO. RESTAURACIÓN DE PAREJA DE JARRONES DE PORCELANA ESMALTADA Y DORADA,,1296.43,1296.43
2025,X10,Cultura,"MUSEO EL CAPRICHO. RESTAURACIÓN DE ÓLEO SOBRE LIENZO ""RETRATO DE CABALLERO"" DE AUTOR ANÓNIMO",,1369.03,1369.03
2025,X10,Cultura,PROGRAMA COMPARTIENDO MUROS. EJECUCIÓN MURALES ARTÍSTICOS EN DISTRITO DE BARAJAS,,16940.0,16335.0
2025,X10,Cultura,CENTRO CULTURAL GLORIA FUERTES. OBRAS DE IMPERMEABILIZACIÓN (REVESTIMIENTO ANTIHUMEDAD),,68000.0,67994.22
2025,X10,Cultura,PLACA CONMEMORATIVA A EUGENIO MORALES TOMILLO EN C/ ACUARIO. INSTALACIÓN,,3300.0,2386.12
2025,X10,Cultura,PLACA CONMEMORATIVA A OSCAR MORAL ORTEGA EN APARCAMIENTO PARQUE EL CAPRICHO. INSTALACIÓN,,2400.0,2386.12
2025,X06,Urbanismo,,,1237503.19,1141894.69
2025,X06,Urbanismo,ÁMBITO CASTILLO DE LA ALAMEDA. OBRAS DE RENATURALIZACIÓN,,438892.36,438892.36
2025,X06,Urbanismo,"CALLE SAN SINFORIANO, 4 ESQUINA A CALLE URANO. OBRAS ACCESORIAS DE URBANIZACIÓN",,10610.83,
2025,X06,Urbanismo,PLAZA DE PAJARONES. REMODELACIÓN Y MEJORA DE LA CONFIGURACIÓN DEL ESPACIO URBANO (ID 21: 18598),,703000.0,621628.96
2025,X06,Urbanismo,"ADQUISICIÓN DE SUELO EN LA CALLE ARIES, 23",,85000.0,81373.37
2025,X09,Medio ambiente,,,33398082.38,32525065.66
2025,X09,Medio ambiente,ESTACIÓN REGENERADORA DE AGUAS RESIDUALES DE VALDEBEBAS. OBRAS DE ADECUACIÓN Y MEJORA,,17463926.0,16647544.0
2025,X09,Medio ambiente,FUENTES BEBEDERO EN EL DISTRITO BARAJAS. INSTALACIÓN,,334.74,105.46
2025,X09,Medio ambiente,JARDÍN CON ESPECIES DE ECOSISTEMAS MEDITERRÁNEOS ENTRE C/GÉMINIS Y ORIÓN. PLANTACIÓN (ID: 11330),,14673.0,14672.38
2025,X09,Medio ambiente,ESTACIÓN REGENERADORA DE AGUAS RESIDUALES DE REJAS. OBRAS DE ADECUACIÓN Y MEJORA,,15127210.36,15127207.61
2025,X09,Medio ambiente,JARDÍN HISTÓRICO EL CAPRICHO ALAMEDA DE OSUNA. RESTAURACIÓN FORTÍN Y CASINO DE BAILE,,655572.0,599383.27
2025,X09,Medio ambiente,GLORIETA PLAYA DE SAN LORENZO. ADECUACIÓN INSTALACIÓN HIDRÁULICA ORNAMENTAL,,20462.21,20462.21
2025,X09,Medio ambiente,"DÁRSENAS DE AGUA REGENERADA JUNTO AL DEPÓSITO DE EL CAPRICHO, AVENIDA LOGROÑO. ADECUACIÓN",,115904.07,115690.73
2025,X08,Mantenimiento urbano,,,900092.52,883505.02
2025,X08,Mantenimiento urbano,"IFS-C/ MARQUÉS DE BERNA, DISTRITO DE BARAJAS. MEJORA DE LAS CONDICIONES DE RODADURA",,132981.66,132560.48
2025,X08,Mantenimiento urbano,ENTORNO ESCOLAR C/ BERGANTÍN. ADECUACIÓN DE VÍAS Y ESPACIOS PÚBLICOS,,6590.83,6590.83
2025,X08,Mantenimiento urbano,ÁREAS INFANTILES INTEGRACIÓN DISTRITO BARAJAS. TRANSFORMACIÓN E INSTALACIÓN (ID 21: 17328),,173591.05,173591.05
2025,X08,Mantenimiento urbano,"CALLE RIOJA, DISTRITO DE BARAJAS. MEJORA DE LAS CONDICIONES DE RODADURA",,449094.69,445422.89
2025,X08,Mantenimiento urbano,"IFS-PASEO ALAMEDA DE OSUNA, DISTRITO BARAJAS. MEJORA DE LAS CONDICIONES DE RODADURA",,137834.29,125339.77
2025,X03,Protección y promoción social,,,351806.21,259572.11
2025,X03,Protección y promoción social,CENTRO DE FORMACIÓN BARAJAS. OBRAS DE SUBSANACIÓN DE PATOLOGÍAS,,292872.41,205148.31
2025,X03,Protección y promoción social,EQUIPAMIENTO DEL ESPACIO DE IGUALDAD ANA ORANTES,,1277.58,1277.58
2025,X03,Protección y promoción social,AGENCIA DE ZONA DE BARAJAS. ADQUISICIÓN CARTELERÍA DIGITAL Y GESTOR CONTENIDOS,,10884.39,10884.39
2025,X03,Protección y promoción social,CENTRO DE FORMACIÓN DE BARAJAS. ADQUISICIÓN DE CARTELERÍA DIGITAL Y GESTOR DE CONTENIDOS,,19714.53,19714.53
2025,X03,Protección y promoción social,CENTRO DE MAYORES ACUARIO. OBRAS DE INSTALACIÓN DE MOSTRADORES Y BARRAS ACCESIBLES,,2657.5,2657.5
2025,X03,Protección y promoción social,CENTRO DE MAYORES TERESA DE CALCUTA. OBRAS DE INSTALACIÓN DE MOSTRADORES Y BARRAS ACCESIBLES,,2342.5,2342.5
2025,X03,Protección y promoción social,CENTROS DE MAYORES DISTRITO DE BARAJAS. MEJORA SEÑALÉTICA EN BRAILLE,,3400.0,3399.06
2025,X03,Protección y promoción social,CENTRO DE SERVICIOS SOCIALES TERESA DE CALCULTA. MOBILIARIO Y EQUIPOS DE OFICINA,,2420.0,2417.58
2025,X03,Protección y promoción social,AGENCIA DE PROXIMIDAD BARAJAS. EQUIPOS PROCESOS DE DATOS,,192.7,192.7
2025,X03,Protección y promoción social,"EQUIPAMIENTO AGENCIA DE PROXIMIDAD DE BARAJAS, AV,CANTABRIA, 6",,16044.6,11537.96
2025,X05,Educación,,,1278281.68,1162736.86
2025,X05,Educación,EQUIPAMIENTO ESCUELA INFANTIL LA COLINA,,28424.4,27894.83
2025,X05,Educación,EQUIPAMIENTO ESCUELA DE MÚSICA EL CAPRICHO,,3107.84,3107.84
2025,X05,Educación,EQUIPAMIENTO ESCUELA INFANTIL LA CHULAPONA,,2541.0,2123.51
2025,X05,Educación,ESCUELA INFANTIL LA CHULAPONA. OBRAS DE REFORMA DE LA RED DE SANEAMIENTO,,464777.44,355128.33
2025,X05,Educación,"IFS-ESCUELA DE MÚSICA EL CAPRICHO. ACONDICIONAMIENTO ACÚSTICO, ADECUACIÓN INSTALACIONES Y OTRAS",,38000.0,37943.94
2025,X05,Educación,COLEGIO PÚBLICO CIUDAD DE GUADALAJARA. OBRAS DE REPARACIÓN DE MARQUESINA DE ACCESO,,15000.0,14997.36
2025,X05,Educación,"CENTROS DOCENTES ENSEÑANZA DISTRITO BARAJAS. REPARACIÓN, ADECUACIÓN DE INSTALACIONES Y ACABADOS",,66.6,
2025,X05,Educación,"ESCUELA INFANTIL LA COLINA. SUSTITUCIÓN SUELO, MEJORA ESCALERA, PUERTAS, INSTALACIONES Y OTRAS",,53.4,21.78
2025,X05,Educación,"COLEGIO PÚBLICO CALDERÓN DE LA BARCA. RENATURALIZACIÓN PATIO,ADECUACIÓN AULAS,INSTALACIONES Y OTRAS",,18111.0,13641.39
2025,X05,Educación,"IFS-COLEGIO PÚBLICO MARGARET THATCHER. RENATURALIZACIÓN ENTRADA,REPARACIÓN HUERTO,INSTALACIONES Y OTRAS",,66199.87,66190.26
2025,X05,Educación,"IFS-ESCUELA INFANTIL EL BATEO. ADECUACIÓN ACCESOS AULAS, ASEOS, INSTALACIONES Y OTRAS MEJORAS",,73499.18,73467.61
2025,X05,Educación,"IFS-ESCUELA INFANTIL LA CHULAPONA. INSTALACIÓN CLIMATIZACIÓN, JUEGOS INFANTILES Y OTRAS MEJORAS",,45499.48,45495.69
2025,X05,Educación,"IFS-ESCUELA INFANTIL LA COLINA. SUSTITUCIÓN SUELO, MEJORA ESCALERA, PUERTAS, INSTALACIONES Y OTRAS",,92944.76,92944.76
2025,X05,Educación,"IFS-COLEGIO PÚBLICO CIUDAD DE ZARAGOZA. REFORMA BAÑOS, PATIO INFANTIL, INSTALACIONES Y OTRAS",,89993.88,89899.95
2025,X05,Educación,"IFS-COLEGIO PÚBLICO CIUDAD DE GUADALAJARA. REPARACIÓN SANEAMIENTO, ADECUACIÓN PERSIANAS, LED Y OTRAS",,149940.6,149926.15
2025,X05,Educación,"IFS-COLEGIO PÚBLICO CALDERÓN DE LA BARCA. RENATURALIZACIÓN PATIO,ADECUACIÓN AULAS,INSTALACIONES Y OTRAS",,190122.23,189953.46
2025,X11,"Deportes, juventud y esparcimiento",,,2185573.91,1783646.57
2025,X11,"Deportes, juventud y esparcimiento",EQUIPAMIENTO CENTRO DEPORTIVO BARAJAS,,6708.6,4973.15
2025,X11,"Deportes, juventud y esparcimiento",CENTRO DEPORTIVO BARAJAS. REFORMA DE LA IMPERMEABILIZACIÓN DE CUBIERTA Y CLIMATIZACIÓN,,783808.69,383808.71
2025,X11,"Deportes, juventud y esparcimiento",CENTRO DEPORTIVO BARAJAS. OBRAS DE REFORMA EN VESTUARIOS,,411003.85,410925.12
2025,X11,"Deportes, juventud y esparcimiento",CENTRO DEPORTIVO BARAJAS. OBRAS ADECUACIÓN DE DOS NUEVAS UNIDADES DEPORTIVAS DE PÁDEL Y PICKLEBALL,,483.38,483.38
2025,X11,"Deportes, juventud y esparcimiento",CENTRO DEPORTIVO BARAJAS. OBRAS CONSTRUCCIÓN DE UNIDADES DE PÁDEL,,2548.57,2548.57
2025,X11,"Deportes, juventud y esparcimiento",DEPORTIVO BÁSICO PLAYA DE BOLNUEVO. ADQUISICIÓN DE CANASTAS,,2298.99,2298.99
2025,X11,"Deportes, juventud y esparcimiento",CENTRO DEPORTIVO BARAJAS. CAMBIADORES BEBÉ DE PARED EN VESTUARIOS,,1629.63,1629.63
2025,X11,"Deportes, juventud y esparcimiento",CENTRO DEPORTIVO BARAJAS. ADQUISICIÓN DE TAQUILLAS Y BANCOS FENÓLICOS,,34140.37,34110.63
2025,X11,"Deportes, juventud y esparcimiento",CENTRO DEPORTIVO BARAJAS. SECADORES DE PELO PROFESIONALES PARA VESTUARIOS,,2816.4,2816.4
2025,X11,"Deportes, juventud y esparcimiento",CENTRO DEPORTIVO PABELLÓN VILLA DE MADRID. OBRAS DE ADECUACIÓN SISTEMAS DE SEGURIDAD,,15045.71,15020.22
2025,X11,"Deportes, juventud y esparcimiento",CENTRO DEPORTIVO BARAJAS. OBRAS INSTALACIÓN DE VALLADO ZONA PING-PONG,,3429.49,3429.49
2025,X11,"Deportes, juventud y esparcimiento",CENTRO DEPORTIVO BARAJAS. OBRAS DE ACCESIBILIDAD EN APARCAMIENTO Y PISTA DE PATINAJE,,12999.97,12999.64
2025,X11,"Deportes, juventud y esparcimiento",CENTRO DEPORTIVO BARAJAS. OBRAS DE MEJORA EN MATERIA DE PREVENCIÓN DE RIESGOS LABORALES,,27998.87,27993.94
2025,X11,"Deportes, juventud y esparcimiento",DEPORTIVO BÁSICO ALHAURÍN. OBRAS DE MEJORA EN PAVIMENTO DE PISTA DE BALONCESTO,,23225.47,23213.62
2025,X11,"Deportes, juventud y esparcimiento",DEPORTIVO BÁSICO GALEÓN. OBRAS DE REPARACIONES Y MEJORAS EN VALLADO,,13065.29,13065.29
2025,X11,"Deportes, juventud y esparcimiento",IFS-DEPORTIVO BÁSICO BMX BARAJAS. OBRAS DE REHABILITACIÓN INTEGRAL,,272473.03,272443.0
2025,X11,"Deportes, juventud y esparcimiento",DEPORTIVO BÁSICO BMX BARAJAS. OBRAS DE REHABILITACIÓN INTEGRAL,,1.23,
2025,X11,"Deportes, juventud y esparcimiento",IFS-DEPORTIVO BÁSICO EL CAPRICHO. OBRAS DE MEJORA,,502071.99,502071.75
2025,X11,"Deportes, juventud y esparcimiento",DEPORTIVO BÁSICO EL CAPRICHO. OBRAS DE MEJORA,,0.01,
2025,X11,"Deportes, juventud y esparcimiento",IFS-DEPORTIVO BÁSICO ORIÓN-JÚPITER. OBRAS DE MEJORA DE ACCESOS,,53761.99,53761.72
2025,X11,"Deportes, juventud y esparcimiento",DEPORTIVO BÁSICO ORIÓN-JÚPITER. OBRAS DE MEJORA DE ACCESOS,,0.01,
2025,X11,"Deportes, juventud y esparcimiento",DEPORTIVO BÁSICO PLAYA DE BOLNUEVO. OBRAS DE REFUERZO DE CIMENTACIONES,,2539.0,2538.27
2025,X11,"Deportes, juventud y esparcimiento",DEPORTIVO BÁSICO BARRIO DEL AEROPUERTO. OBRAS DE REFUERZO DE CIMENTACIONES,,6669.98,6661.66
2025,X11,"Deportes, juventud y esparcimiento",DEPORTIVO BÁSICO GALEÓN. ADQUISICIÓN DE CANASTAS,,4714.14,4714.14
2025,X11,"Deportes, juventud y esparcimiento",DEPORTIVO BÁSICO BAHÍA DE SANTANDER. ADQUISICIÓN DE CANASTAS,,2139.25,2139.25
2025,X00,Inversiones de carácter general,,,45944.0,45941.38
2025,X00,Inversiones de carácter general,EDIFICIO SEDE DEL DISTRITO DE BARAJAS. OBRAS DE MEJORA,,45944.0,45941.38
2025,X12,Otros bienes públicos de carácter social,,,2666.32,2666.32
2025,X12,Otros bienes públicos de carácter social,EQUIPAMIENTO OFICINA DE ATENCIÓN AL CIUDADANO LÍNEA MADRID DE BARAJAS,,302.33,302.33
2025,X12,Otros bienes públicos de carácter social,EQUIPAMIENTO OFICINA DE ATENCIÓN A LA CIUDADANÍA (OAC) BARAJAS. LÍNEA MADRID,,2147.75,2147.75
2025,X12,Otros bienes públicos de carácter social,OFICINA DE ATENCIÓN A LA CIUDADANÍA LÍNEA MADRID DE BARAJAS. SEÑALIZACIÓN,,216.24,216.24
2025,X04,Salud pública,,,735.68,735.68
2025,X04,Salud pública,EQUIPAMIENTO SERVICIOS DE SALUBRIDAD PÚBLICA DISTRITO DE BARAJAS,,735.68,735.68
2026,X01,Protección Civil y seguridad ciudadana,,,21336.31,10008.82
2026,X01,Protección Civil y seguridad ciudadana,UNIDAD INTEGRAL DE POLICÍA MUNICIPAL DE BARAJAS. OBRAS DE SUBSANACIÓN DE PATOLOGÍAS,,21336.31,10008.82
2026,X10,Cultura,,,1989597.2,1148106.98
2026,X10,Cultura,"PALACIO ""EL CAPRICHO"". REHABILITACIÓN PARA DESARROLLO MUSEOGRÁFICO",,258736.4,28736.4
2026,X10,Cultura,MUSEOGRAFIA PARA EL MUSEO EL CAPRICHO,,1418320.0,1118638.59
2026,X10,Cultura,PALACIO EL CAPRICHO. ADQUISICIÓN DE BIENES DE PATRIMONIO CULTURAL,,50000.0,731.99
2026,X10,Cultura,PALACIO EL CAPRICHO. ADQUISICIÓN DE MOBILIARIO TÉCNICO,,33000.0,
2026,X10,Cultura,PALACIO EL CAPRICHO. SEÑALÉTICA DE CIRCULACIÓN,,5000.0,
2026,X10,Cultura,EQUIPAMIENTO AUDIOVISUAL MUSEO CASTILLO DE LA ALAMEDA,,2000.0,
2026,X10,Cultura,PALACIO EL CAPRICHO. ADQUISICIÓN DE ELEMENTOS PARA MEJORA DE LA ACCESIBILIDAD,,18150.0,
2026,X10,Cultura,MUSEO CASTILLO DE LA ALAMEDA. DESARROLLO CONTENIDOS PRODUCCIONES AUDIOVISUALES,,3121.8,
2026,X10,Cultura,"IFS-CENTRO CULTURAL VILLA DE MADRID. OBRAS ADECUACIÓN CUBIERTAS, PREVENCION RIESGOS LABORALES Y OTRAS",,25000.0,
2026,X10,Cultura,CENTRO CULTURAL GLORIA FUERTES. ACONDICIONAMIENTO SALAS DE ENSAYO (ID 24: 21122),,176269.0,
2026,X06,Urbanismo,,,452575.68,
2026,X06,Urbanismo,ENTORNO CALLE SATURNO Y OTRAS DISTRITO DE BARAJAS. ACTUACIONES DE REGENERACIÓN URBANA,,14000.0,
2026,X06,Urbanismo,"CALLE SAN SINFORIANO, 4 ESQUINA A CALLE URANO. OBRAS ACCESORIAS DE URBANIZACIÓN",,10610.83,
2026,X06,Urbanismo,"CALLE COMETA, 7 A 11. OBRAS ACCESORIAS Y COMPLEMENTARIAS DE URBANIZACIÓN",,27964.85,
2026,X06,Urbanismo,"PLAZA DUQUESA DE OSUNA. REMODELACIÓN CONFLUENCIA PºALAMEDA OSUNA, C/RAMBLA Y JOAQUÍN IBARRA",,400000.0,
2026,X09,Medio ambiente,,,34971515.17,7375772.63
2026,X09,Medio ambiente,ESTACIÓN REGENERADORA DE AGUAS RESIDUALES DE VALDEBEBAS. OBRAS DE ADECUACIÓN Y MEJORA,,18505336.0,3856226.11
2026,X09,Medio ambiente,ESTACIÓN REGENERADORA DE AGUAS RESIDUALES DE REJAS. OBRAS DE ADECUACIÓN Y MEJORA,,16371668.0,3479170.11
2026,X09,Medio ambiente,"PUNTO LIMPIO FIJO BARAJAS, C/ ALHAURIN, 5. ADQUISICIÓN CONTENEDORES METÁLICOS",,13552.0,
2026,X09,Medio ambiente,JARDÍN HISTÓRICO EL CAPRICHO ALAMEDA DE OSUNA. RESTAURACIÓN FORTÍN Y CASINO DE BAILE,,37465.84,37465.84
2026,X09,Medio ambiente,ÁREAS CANINAS EN ZONAS VERDES DEL DISTRITO DE BARAJAS. OBRAS DE ACONDICIONAMIENTO,,33093.89,511.13
2026,X09,Medio ambiente,ESPECIES VEGETALES AUTÓCTONAS Y PÉRGOLAS VEGETADAS DISTRITO BARAJAS (ID 24: 20767),,1199.68,1199.68
2026,X09,Medio ambiente,PARQUES DISTRITO BARAJAS. REPLANTACIÓN DE ÁRBOLES Y ADECUACIÓN DEL RIEGO  (ID 24: 21374),,1199.76,1199.76
2026,X09,Medio ambiente,IFS-JARDINES DE MARI LUZ NÁJERA. TRASLADO DE MONOLITO CONMEMORATIVO Y OTRAS DE MEJORA,,8000.0,
2026,X08,Mantenimiento urbano,,,3616986.14,282058.33
2026,X08,Mantenimiento urbano,"IFS-C/ MARQUÉS DE BERNA, DISTRITO DE BARAJAS. MEJORA DE LAS CONDICIONES DE RODADURA",,421.18,
2026,X08,Mantenimiento urbano,"CALLE VÍA DUBLÍN, DISTRITO BARAJAS. MEJORA DE LAS CONDICIONES DE RODADURA",,648275.06,
2026,X08,Mantenimiento urbano,"IFS-C/DEL PARTENÓN, BENIFAYÓ Y OTRAS  DISTRITO DE BARAJAS. MEJORA Y RENOVACIÓN CONDICIONES DE RODADURA",,43289.9,
2026,X08,Mantenimiento urbano,CASCO HISTÓRICO DE BARAJAS. OBRAS DE PEATONALIZACIÓN,,2925000.0,282058.33
2026,X03,Protección y promoción social,,,279972.57,4787.98
2026,X03,Protección y promoción social,CENTRO DE FORMACIÓN BARAJAS. OBRAS DE SUBSANACIÓN DE PATOLOGÍAS,,87724.1,2800.56
2026,X03,Protección y promoción social,ESPACIO DE IGUALDAD ANA ORANTES. OBRAS DE MEJORA EN SISTEMA VENTILACIÓN Y PUERTA DE ACCESO,,10177.0,
2026,X03,Protección y promoción social,CENTRO DE SERVICIOS SOCIALES TERESA DE CALCUTA. OBRAS ACONDICIONAMIENTO DE NUEVOS DESPACHOS,,14250.0,
2026,X03,Protección y promoción social,CENTRO DE MAYORES TERESA DE CALCUTA. OBRAS ADECUACIÓN DE NUEVA SALA POLIVALENTE,,127334.05,
2026,X03,Protección y promoción social,IFS-CENTRO DE MAYORES TERESA DE CALCUTA. OBRAS DE ADECUACIÓN DE PARAMENTOS Y OTRAS,,14000.0,
2026,X03,Protección y promoción social,IFS-CENTRO DE MAYORES ACUARIO. OBRAS ADECUACIÓN DE PARAMENTOS,,16000.0,
2026,X03,Protección y promoción social,IFS-CENTRO DE MAYORES BARRIO DEL AEROPUERTO. OBRAS ADECUACIÓN DE PARAMENTOS,,6000.0,
2026,X03,Protección y promoción social,CENTRO DE MAYORES BARRIO DEL AEROPUERTO. OBRAS ADECUACIÓN DE PARAMENTOS,,2500.0,
2026,X03,Protección y promoción social,AGENCIA DE PROXIMIDAD DE BARAJAS. ADQUISICIÓN CARTELERÍA DIGITAL,,1987.42,1987.42
2026,X05,Educación,,,1764905.53,103872.81
2026,X05,Educación,EQUIPAMIENTO ESCUELA INFANTIL LA COLINA,,7660.91,5517.6
2026,X05,Educación,EQUIPAMIENTO ESCUELA DE MÚSICA EL CAPRICHO,,544.5,544.5
2026,X05,Educación,ESCUELA INFANTIL LA CHULAPONA. OBRAS DE REFORMA DE LA RED DE SANEAMIENTO,,100000.12,97810.71
2026,X05,Educación,IFS-COLEGIO PÚBLICO CIUDAD DE ZARAGOZA. OBRAS DE REPARACIÓN Y ACONDICIONAMIENTO,,423000.0,
2026,X05,Educación,IFS-COLEGIO PÚBLICO CIUDAD DE GUADALAJARA. OBRAS DE REPARACIÓN Y ACONDICIONAMIENTO,,351319.39,
2026,X05,Educación,IFS-COLEGIO PÚBLICO CALDERÓN DE LA BARCA. OBRAS DE REPARACIÓN Y ACONDICIONAMIENTO,,296000.0,
2026,X05,Educación,IFS-COLEGIO PÚBLICO MARGARETH THATCHER. OBRAS DE REPARACIÓN Y ACONDICIONAMIENTO,,95000.0,
2026,X05,Educación,IFS-ESCUELA INFANTIL LA COLINA. OBRAS DE REPARACIÓN Y ACONDICIONAMIENTO,,252500.0,
2026,X05,Educación,IFS-ESCUELA INFANTIL EL BATEO. OBRAS DE REPARACIÓN Y ACONDICIONAMIENTO,,140000.0,
2026,X05,Educación,IFS-ESCUELA INFANTIL LA CHULAPONA. OBRAS DE REPARACIÓN Y ACONDICIONAMIENTO,,58880.61,
2026,X05,Educación,IFS-ESCUELA DE MÚSICA EL CAPRICHO. OBRAS DE REPARACIÓN Y ACONDICIONAMIENTO DE FACHADAS Y OTRAS,,40000.0,
2026,X11,"Deportes, juventud y esparcimiento",,,2685638.6,170891.77
2026,X11,"Deportes, juventud y esparcimiento",CENTRO DEPORTIVO BARAJAS. REFORMA DE LA IMPERMEABILIZACIÓN DE CUBIERTA Y CLIMATIZACIÓN,,849999.98,121849.89
2026,X11,"Deportes, juventud y esparcimiento",IFS-CENTRO DEPORTIVO BARAJAS. MEJORA DE LA  ACCESIBILIDAD Y ELIMINACIÓN DE BARRERAS ARQUITECTÓNICAS,,430000.0,
2026,X11,"Deportes, juventud y esparcimiento",CENTRO DEPORTIVO BARAJAS. OBRAS DE REFORMA EN VESTUARIOS,,342762.89,14403.89
2026,X11,"Deportes, juventud y esparcimiento",CENTRO DEPORTIVO BARAJAS. SECADORES DE PELO,,2000.0,
2026,X11,"Deportes, juventud y esparcimiento",CENTRO DEPORTIVO BARAJAS. EQUIPOS DE MICROFONÍA PARA TAQUILLA,,930.0,
2026,X11,"Deportes, juventud y esparcimiento",CENTRO DEPORTIVO BARAJAS. TAQUILLAS Y BANCOS,,39000.0,
2026,X11,"Deportes, juventud y esparcimiento",CENTRO DEPORTIVO BARAJAS. OBRAS DE CONSTRUCCION PISTA NORTE,,445580.0,
2026,X11,"Deportes, juventud y esparcimiento",CENTRO DEPORTIVO BARAJAS. MEJORA DEL SISTEMA DE DEPURACIÓN EN PISCINA CLIMATIZADA,,57799.0,
2026,X11,"Deportes, juventud y esparcimiento",DEPORTIVO BÁSICO EL CAPRICHO I. ADAPTACIÓN A NORMATIVA ELÉCTRICA,,30000.0,26249.8
2026,X11,"Deportes, juventud y esparcimiento",CENTRO DEPORTIVO BARAJAS. OBRAS ADECUACIÓN NUEVO VESTUARIO ACCESIBLE DE PISCINA CLIMATIZADA,,128570.0,8388.19
2026,X11,"Deportes, juventud y esparcimiento",CENTRO DEPORTIVO BARAJAS. ADQUISICIÓN DESTRUCTORA DE PAPEL,,916.73,
2026,X11,"Deportes, juventud y esparcimiento",DEPORTIVO BÁSICO BARRIO DEL AEROPUERTO. SEÑALÉTICA,,2500.0,
2026,X11,"Deportes, juventud y esparcimiento",IFS-CENTRO DEPORTIVO BARAJAS. ADECUACIÓN DE NUEVA SALA POLIVALENTE Y ESPACIOS EN PABELLÓN POLIDEPORTIVO,,29000.0,
2026,X11,"Deportes, juventud y esparcimiento",DEPORTIVO BÁSICO ALAMEDA DE OSUNA I. ACONDICIONAMIENTO  PISTAS DE MINIBASKET (ID 24: 19487),,326580.0,
2026,X00,Inversiones de carácter general,,,1275.0,1183.38
2026,X00,Inversiones de carácter general,EQUIPAMIENTO SERVICIOS ADMINISTRATIVOS DEL DISTRITO DE BARAJAS,,1275.0,1183.38
