Año,Id Línea,Nombre Línea,Inversión,Inversión,Presupuesto Gasto,Gasto Real
2011,X01,Protección Civil y seguridad ciudadana,,,375375.44,359999.99
2011,X01,Protección Civil y seguridad ciudadana,"PARQUE DE BOMBEROS Nº 9, AV. MONFORTE DE LEMOS S/N. ACONDICIONAMIENTO",,359999.99,359999.99
2011,X01,Protección Civil y seguridad ciudadana,"PARQUE DE BOMBEROS Nº 9, AV.MONFORTE LEMOS, S/N. OBRAS DEPÓSITO CARBURANTE",,15375.45,
2011,X10,Cultura,,,146391.14,146391.14
2011,X10,Cultura,"CENTRO CULTURAL RAFAEL DE LEÓN, C/ ISLA DE ONS, 14. OBRAS DE CONSERVACIÓN",,41165.93,41165.93
2011,X10,Cultura,"CENTRO CULTURAL ALFONSO XII, C/ MIRA EL RÍO, 4. OBRAS DE CONSERVACIÓN",,2393.93,2393.93
2011,X10,Cultura,"CENTRO CULTURAL LA VAGUADA, AV. MONFORTE DE LEMOS, 38. OBRAS DE CONSERVACIÓN",,9503.04,9503.04
2011,X10,Cultura,CENTRO CULTURAL LAS TABLAS. CONSTRUCCIÓN,,47436.0,47436.0
2011,X10,Cultura,CENTRO INTERPRETACIÓN NATURALEZA Y JUVENTUD MONTECARMELO. CONSERVACIÓN,,16964.73,16964.73
2011,X10,Cultura,"CENTRO SOCIO CULTURAL VALVERDE, PZ. ISLAS AZORES, 1. OBRAS DE CONSERVACIÓN",,6103.91,6103.91
2011,X10,Cultura,"CENTRO CULTURAL VALLE INCLÁN, C/ ARZOBISPO MORCILLO, 7. CONSERVACIÓN",,2145.68,2145.68
2011,X10,Cultura,"CENTRO CULTURAL ALFREDO KRAUS, GTA. PRADERA DE VAQUERIZAS,9. CONSERVACIÓN",,16366.25,16366.25
2011,X10,Cultura,"BIBLIOTECA PÚBLICA JOSÉ SARAMAGO, AV. MONFORTE DE LEMOS, 36. CONSERVACIÓN",,4311.67,4311.67
2011,X11,"Deportes, juventud y esparcimiento",,,726387.11,665243.39
2011,X11,"Deportes, juventud y esparcimiento",OBRAS CONSERVACIÓN INSTALACIONES DEPORTIVAS DISTRITO FUENCARRAL-EL PARDO,,26.55,
2011,X11,"Deportes, juventud y esparcimiento","POLIDEPORTIVO VICENTE DEL BOSQUE, AV. MONFORTE DE LEMOS, S/N. CONSERVACIÓN",,86352.15,86352.15
2011,X11,"Deportes, juventud y esparcimiento","POLIDEPORTIVO LA VAGUADA, AV. MONFORTE DE LEMOS, S/N. OBRAS DE CONSERVACIÓN",,9993.68,9993.68
2011,X11,"Deportes, juventud y esparcimiento",ADQUISICIÓN DE EQUIPAMIENTO CENTRO DEPORTIVO MUNICIPAL SANTA ANA,,26.0,25.72
2011,X11,"Deportes, juventud y esparcimiento","DEPORTIVO BÁSICO SANTA ANA I, C/HOSPITALET DE LLOBREGAT, 11. MEJORA VESTUARIOS",,200413.03,200413.03
2011,X11,"Deportes, juventud y esparcimiento","POLIDEPORTIVO LA MASÓ, C/ LA MASÓ, S/N. OBRAS DE CONSERVACIÓN",,49349.66,49349.66
2011,X11,"Deportes, juventud y esparcimiento",PISTAS DEPORTIVAS POBLADO DIRIGIDO DE FUENCARRAL. OBRAS DE CONSERVACIÓN,,58999.16,58999.16
2011,X11,"Deportes, juventud y esparcimiento","POLIDEPORTIVO SANTA ANA, Pº DE LAS ALAMEDILLAS, 5. OBRAS DE CONSERVACIÓN",,4099.63,4099.63
2011,X11,"Deportes, juventud y esparcimiento","DEPORTIVO BÁSICO VALDEYEROS, C/ ROSALIA DE CASTRO, 77. OBRAS DE CONSERVACIÓN",,4883.54,4883.54
2011,X11,"Deportes, juventud y esparcimiento","DEPORTIVO BÁSICO LA CABRERA, C/ LA CABRERA, S/N. OBRAS DE CONSERVACIÓN",,927.02,927.02
2011,X11,"Deportes, juventud y esparcimiento",DEPORTIVO BÁSICO ANDRÉS NAVARRETE. OBRAS DE CONSERVACIÓN,,11701.46,11701.46
2011,X11,"Deportes, juventud y esparcimiento","DEPORTIVO BÁSICO SANTA ANA, C/ HOSPITALET DE LLOBREGAT, 14. ACONDICIONAMIENTO",,23508.62,23508.62
2011,X11,"Deportes, juventud y esparcimiento",DEPORTIVOS BÁSICOS DISTRITO FUENCARRAL. INSTALACIÓN PÓRTICOS ENTRADA,,475.5,475.5
2011,X11,"Deportes, juventud y esparcimiento",AMPLIACIÓN Y MEJORA DEL POLIDEPORTIVO BARRIO DEL PILAR,,275631.11,214514.22
2011,X02,"Tráfico, estacionamiento y transporte público",,,147257.59,147257.59
2011,X02,"Tráfico, estacionamiento y transporte público",SEMÁFOROS E INTERSECCIONES URBANAS DISTRITO DE FUENCARRAL-EL PARDO,,34292.96,34292.96
2011,X02,"Tráfico, estacionamiento y transporte público",SEMÁFOROS Y SEÑALIZACIÓN INTERSECCIONES URBANAS. FUENCARRAL-EL PARDO,,112964.63,112964.63
2011,X06,Urbanismo,,,943499.06,845473.97
2011,X06,Urbanismo,"CALLE CUÉLLAR, 4. URBANIZACIÓN",,512.69,
2011,X06,Urbanismo,"C/RAMÓN CAMARERO, 14 AL 25. OBRAS DE URBANIZACIÓN",,100000.0,91774.1
2011,X06,Urbanismo,ADQUISICIÓN DE SUELO CONEXIÓN VENTISQUERO DE LA CONDESA M-40. VIARIO,,11266.83,11266.83
2011,X06,Urbanismo,"ADQUISICIÓN SUELO AV.ILUSTRACIÓN TRAMO II, DESDE ISLA TABARCA A CTRA.EL PARDO",,73473.12,72642.55
2011,X06,Urbanismo,ÁREA DE PLANEAMIENTO INCORPORADO SANDALIA NAVAS 08.13,,197845.14,134731.73
2011,X06,Urbanismo,ADQUISICIÓN SUELO C/ARROYO FRESNO Y AV.CARDENAL HERRERA ORIA. VIARIO,,48860.54,48860.54
2011,X06,Urbanismo,ADQUISICIÓN SUELO CONEXIÓN C/VENTISQUERO DE LA CONDESA-COSTA BRAVA,,12025.3,12025.3
2011,X06,Urbanismo,POLÍGONO INDUSTRIAL DE FUENCARRAL. REMODELACIÓN,,399901.8,399901.8
2011,X06,Urbanismo,C/Manuel Garrido APE 08.09. Urbanización,,17976.75,
2011,X06,Urbanismo,"C/ISLAS HÉBRIDAS, 67. URBANIZACIÓN",,13.52,
2011,X06,Urbanismo,"C/JOAQUÍN LORENZO, 94 Y 108. URBANIZACIÓN",,7352.25,
2011,X06,Urbanismo,MEJORA MOVILIDAD Y ACCESIBILIDAD DIVERSOS ÁMBITOS DTO. FUENCARRAL-EL PARDO,,16874.0,16874.0
2011,X06,Urbanismo,CALLE BASILIO DEL PRADO. URBANIZACIÓN,,57397.12,57397.12
2011,X07,Infraestructuras,,,55555.77,55377.99
2011,X07,Infraestructuras,APARCAMIENTO SUBTERRÁNEO HERRERA ORIA. VIABILIDAD,,55555.77,55377.99
2011,X08,Mantenimiento urbano,,,1730499.76,1730499.76
2011,X08,Mantenimiento urbano,RENOVACIÓN INTEGRAL INSTALACIONES Y PAVIMENTOS. PRIS Z-3 DTO. FUENCARRAL,,1363276.68,1363276.68
2011,X08,Mantenimiento urbano,HIDRANTES DISTRITO FUENCARRAL-EL PARDO. INSTALACIÓN,,24922.6,24922.6
2011,X08,Mantenimiento urbano,ADAPTACIÓN INSTALACIONES ALUMBRADO PÚBLICO NORMATIVA.FUENCARRAL-EL PARDO,,125320.32,125320.32
2011,X08,Mantenimiento urbano,MEJORA RODADURA Y DISMINUCIÓN EMISIONES SONORAS VÍAS PÚBLICAS. FUENCARRAL,,215313.52,215313.52
2011,X08,Mantenimiento urbano,INSTALACIÓN PLACAS IDENTIFICATIVAS DE CALLES Y BOLARDOS DISTRITO FUENCARRAL,,1666.64,1666.64
2011,X09,Medio ambiente,,,4994201.99,15193.0
2011,X09,Medio ambiente,COLECTOR EN LA SUBCUENCA DE PINOS. CONSTRUCCIÓN,,4979008.99,
2011,X09,Medio ambiente,"AULA DE ECOLOGÍA EL PALOMAR DE LAS TABLAS,C/ CAPISCOL, 5. OBRAS DE CONSERVACIÓN",,15193.0,15193.0
2011,X03,Protección y promoción social,,,252504.96,252287.56
2011,X03,Protección y promoción social,"CENTRO DE MAYORES LA VAGUADA, AV. MONFORTE DE LEMOS, 38. CONSERVACIÓN",,3966.11,3966.11
2011,X03,Protección y promoción social,"CENTRO DE MAYORES PEÑAGRANDE, C/ ISLA DE ONS, 28. OBRAS DE CONSERVACIÓN",,33666.67,33666.67
2011,X03,Protección y promoción social,"CENTRO DE MAYORES GINZO DE LIMIA, C/ GINZO DE LIMIA, 66. OBRAS DE CONSERVACIÓN",,37508.93,37508.93
2011,X03,Protección y promoción social,CENTRO DE MAYORES VOCAL VECINO JUSTO SIERRA. OBRAS DE CONSERVACIÓN,,2797.84,2797.84
2011,X03,Protección y promoción social,"CENTRO SERVICIOS SOCIALES,C/BUITRAGO DE LOZOYA, 22.ADECUACIÓN REDES SERVICIOS",,16931.58,16931.58
2011,X03,Protección y promoción social,"EQUIPAMIENTO CENTRO DE MAYORES ""LA VAGUADA""",,1000.0,782.6
2011,X03,Protección y promoción social,"CENTRO DE DÍA DE MAYORES EL PARDO, C/ GENERAL URRUTIA, 1. CONSERVACIÓN",,3663.1,3663.1
2011,X03,Protección y promoción social,CENTRO DE SERVICIOS SOCIALES VEREDA DE GANAPANES. OBRAS DE CONSERVACIÓN,,21521.82,21521.82
2011,X03,Protección y promoción social,"CENTRO DE SERVICIOS SOCIALES BADALONA,C/ BADALONA, 122.OBRAS DE CONSERVACIÓN",,36959.78,36959.78
2011,X03,Protección y promoción social,CENTRO DE DÍA DE MENORES C/ SANTA ANA. OBRAS DE CONSERVACIÓN,,70.79,70.79
2011,X03,Protección y promoción social,"CENTRO DE MAYORES LAS ARCADAS, AV. MONFORTE DE LEMOS, 38. CONSERVACIÓN",,132.88,132.88
2011,X03,Protección y promoción social,"CENTRO DE MAYORES ISLAS JARVI, C/ ISLAS JARVI, S/N. OBRAS DE CONSERVACIÓN",,24391.8,24391.8
2011,X03,Protección y promoción social,"CENTRO DE DÍA DE MAYORES PEÑAGRANDE, C/ ISLA MALAITA. OBRAS DE CONSERVACIÓN",,12213.85,12213.85
2011,X03,Protección y promoción social,"CENTRO DE DÍA DE MAYORES FRAY LUIS DE LEÓN, C/ MANRESA, 1. CONSERVACIÓN",,57679.81,57679.81
2011,X05,Educación,,,1252114.36,1251443.92
2011,X05,Educación,"COLEGIO PÚBLICO LEOPOLDO CALVO SOTELO, C/ PUENTE LA REINA. CONSERVACIÓN",,13941.61,13941.61
2011,X05,Educación,"COLEGIO PÚBLICO MIRASIERRA, C/ LA MASÓ, 22. OBRAS DE CONSERVACIÓN",,64278.15,64278.15
2011,X05,Educación,"COLEGIO PÚBLICO JOSÉ BERGAMÍN, C/ BRAILLE, 19. OBRAS DE CONSERVACIÓN",,41904.84,41904.84
2011,X05,Educación,"COLEGIO PÚBLICO LORENZO LUZURIAGA, C/ VALENCIA DE DON JUAN, 19. CONSERVACIÓN",,49498.79,49498.79
2011,X05,Educación,"EQUIPAMIENTO ESCUELA INFANTIL FUENCARRAL Nº 7, C/ CUEVA DE MONTESINOS, 2",,10295.03,10295.03
2011,X05,Educación,COLEGIO PÚBLICO CAMILO JOSÉ CELA. OBRAS DE CONSERVACIÓN,,35975.23,35975.23
2011,X05,Educación,"COLEGIO PÚBLICO BREOGÁN, C/ GINZO DE LIMIA, 2. OBRAS DE CONSERVACIÓN",,56399.65,56399.65
2011,X05,Educación,"COLEGIO PÚBLICO LUIS DE GÓNGORA, C/ SARRIÁ, 49. OBRAS DE CONSERVACIÓN",,27386.25,27386.25
2011,X05,Educación,COLEGIO PÚBLICO PRÍNCIPE DE ASTURIAS. OBRAS DE CONSERVACIÓN,,46975.21,46975.21
2011,X05,Educación,CENTRO EDUCACIÓN ESPECIAL FRANCISCO DEL POZO. OBRAS DE CONSERVACIÓN,,43848.63,43848.63
2011,X05,Educación,ESCUELA INFANTIL VEREDA DE GANAPANES. CONSTRUCCIÓN,,234866.24,234631.81
2011,X05,Educación,"COLEGIO PÚBLICO VASCO NÚÑEZ DE BALBOA,C/ NTRA.SRA. VALVERDE, 149. CONSERVACIÓN",,29062.9,29062.9
2011,X05,Educación,"ESCUELA INFANTIL LA CARACOLA, C/ BELORADO, S/N. OBRAS DE CONSERVACIÓN",,12812.58,12812.58
2011,X05,Educación,"ESCUELA INFANTIL FUENCARRAL-EL PARDO Nº 6, C/ CHANTADA, 4. OBRAS CONSERVACIÓN",,5998.24,5998.24
2011,X05,Educación,"COLEGIO PÚBLICO ARROYOFRESNO, C/PICO BALAITUS, 24 B. OBRAS DE CONSERVACIÓN",,4236.46,4236.46
2011,X05,Educación,"COLEGIO PÚBLICO JOSEP TARRADELLAS, C/TRIACASTELA S/N. OBRAS DE CONSERVACIÓN",,4645.55,4645.55
2011,X05,Educación,OBRAS CONSERVACIÓN COLEGIOS PÚBLICOS DISTRITO FUENCARRAL-EL PARDO,,436.01,
2011,X05,Educación,"CENTRO DE EDUCACIÓN ESPECIAL LA QUINTA, CRTA. EL PARDO,S/N. CONSERVACIÓN",,32503.88,32503.88
2011,X05,Educación,"COLEGIO PÚBLICO REPÚBLICA DEL PARAGUAY, C/MANRESA, 60. OBRAS DE CONSERVACIÓN",,19042.8,19042.8
2011,X05,Educación,"COLEGIO PÚBLICO MONTE DEL PARDO, AV.DE LA GUARDIA, 19. OBRAS DE CONSERVACIÓN",,14683.42,14683.42
2011,X05,Educación,"COLEGIO PÚBLICO PRÍNCIPE FELIPE, AV.MONFORTE DE LEMOS, 24. CONSERVACIÓN",,46892.4,46892.4
2011,X05,Educación,"COLEGIO PÚBLICO GABRIELA MISTRAL, C/MIRALLOS, 3. OBRAS DE CONSERVACIÓN",,5738.05,5738.05
2011,X05,Educación,"COLEGIO PÚBLICO INFANTA LEONOR, AV.MONASTERIO DEL PAULAR, 140. CONSERVACIÓN",,36253.88,36253.88
2011,X05,Educación,"COLEGIO PÚBLICO JORGE GUILLÉN, AV. EL FERROL, 47. OBRAS DE CONSERVACIÓN",,40526.93,40526.93
2011,X05,Educación,"COLEGIO PÚBLICO BRAVO MURILLO, C/ISLAS CIES, 11. OBRAS DE CONSERVACIÓN",,58514.07,58514.07
2011,X05,Educación,"COLEGIO PÚBLICO CARDENAL HERRERA ORIA, C/FERMÍN CABALLERO, 68. CONSERVACIÓN",,99517.88,99517.88
2011,X05,Educación,"EQUIPAMIENTO ESCUELA INFANTIL FUENCARRAL - EL PARDO Nº 6, C/ CHANTADA, 41",,17224.82,17224.82
2011,X05,Educación,ESCUELA DE MÚSICA CARMELO ALONSO BERNAOLA. PLACA PARA PIANO DONADO,,344.56,344.56
2011,X05,Educación,"EQUIPAMIENTO ESCUELA DE MÚSICA CARMELO ALONSO BERNAOLA, AV. SOTO PALACIOS, 7",,2053.11,2053.11
2011,X05,Educación,EQUIPAMIENTO ESCUELA INFANTIL C/ VEREDA DE GANAPANES,,1970.6,1970.6
2011,X05,Educación,"COLEGIO PÚBLICO ALHAMBRA, C/RAMÓN GOMEZ DE LA SERNA, 103. CONSERVACIÓN",,38995.14,38995.14
2011,X05,Educación,"COLEGIO PÚBLICO RABINDRANATH TAGORE, C/JULIO PALACIOS, 35. CONSERVACIÓN",,59958.93,59958.93
2011,X05,Educación,"COLEGIO PÚBLICO ENRIQUE GRANADOS, C/ VIRGEN DE ARANZAZU, 5. CONSERVACIÓN",,51726.27,51726.27
2011,X05,Educación,"COLEGIO PÚBLICO FEDERICO GARCÍA LORCA, C/ RIBADAVIA, 20. OBRAS CONSERVACIÓN",,43606.25,43606.25
2011,X00,Inversiones de carácter general,,,41172.48,39468.0
2011,X00,Inversiones de carácter general,EDIFICIO SEDE DISTRITO FUENCARRAL-EL PARDO. OBRAS DE ACONDICIONAMIENTO,,39135.03,39135.03
2011,X00,Inversiones de carácter general,OBRAS CONSERVACIÓN EDIFICIOS DISTRITO FUENCARRAL-EL PARDO,,1704.48,
2011,X00,Inversiones de carácter general,EDIFICIO SEDE DISTRITO FUENCARRAL-EL PARDO. ACONDICIONAMIENTO DE GARAJE,,332.97,332.97
2012,X01,Protección Civil y seguridad ciudadana,,,107308.85,98228.19
2012,X01,Protección Civil y seguridad ciudadana,"PARQUE DE BOMBEROS Nº 9, AV. MONFORTE DE LEMOS S/N. ACONDICIONAMIENTO",,91933.4,91933.4
2012,X01,Protección Civil y seguridad ciudadana,"PARQUE DE BOMBEROS Nº 9, AV.MONFORTE LEMOS, S/N. OBRAS DEPÓSITO CARBURANTE",,15375.45,6294.79
2012,X10,Cultura,,,615737.08,15737.08
2012,X10,Cultura,"TEATRO MADRID, AV. MONFORTE DE LEMOS 60. REHABILITACIÓN",,600000.0,
2012,X10,Cultura,"CENTRO CULTURAL RAFAEL DE LEÓN, C/ ISLA DE ONS, 14. OBRAS DE CONSERVACIÓN",,5237.54,5237.54
2012,X10,Cultura,"CENTRO CULTURAL VALVERDE, PZA. ISLAS AZORES, 1. OBRAS DE CONSERVACIÓN",,3256.84,3256.84
2012,X10,Cultura,"CENTRO CULTURAL VALLE INCLÁN, C/ ARZOBISPO MORCILLO, 7. OBRAS DE CONSERVACIÓN",,4599.35,4599.35
2012,X10,Cultura,CENTRO INTERPRETACIÓN DE LA NATURALEZA MONTECARMELO. CONSERVACIÓN,,2643.35,2643.35
2012,X11,"Deportes, juventud y esparcimiento",,,437235.0,259441.72
2012,X11,"Deportes, juventud y esparcimiento",OBRAS CONSERVACIÓN INSTALACIONES DEPORTIVAS DISTRITO FUENCARRAL-EL PARDO,,177793.28,
2012,X11,"Deportes, juventud y esparcimiento","POLIDEPORTIVO LA MASÓ, C/ LA MASÓ S/N. OBRAS DE CONSERVACIÓN",,28297.22,28297.22
2012,X11,"Deportes, juventud y esparcimiento","POLIDEPORTIVO VICENTE DEL BOSQUE, AV. MONFORTE DE LEMOS, S/N. CONSERVACIÓN",,6007.46,6007.46
2012,X11,"Deportes, juventud y esparcimiento","POLIDEPORTIVO LA VAGUADA, AV. MONFORTE DE LEMOS, S/N. OBRAS DE CONSERVACIÓN",,10904.25,10904.25
2012,X11,"Deportes, juventud y esparcimiento","DEPORTIVO BÁSICO TRES OLIVOS II, AV. CAMPO DE CALATRAVA, 3. ACONDICIONAMIENTO",,41974.85,41974.85
2012,X11,"Deportes, juventud y esparcimiento",POLIDEPORTIVO VICENTE DEL BOSQUE. OBRAS DE ACONDICIONAMIENTO,,90233.06,90233.06
2012,X11,"Deportes, juventud y esparcimiento",POLIDEPORTIVO SANTA ANA. OBRAS DE PAVIMENTACIÓN ANTIDESLIZANTE EN PLAYA,,31598.15,31598.15
2012,X11,"Deportes, juventud y esparcimiento","POLIDEPORTIVO LA MASÓ, C/ LA MASÓ, S/N. OBRAS DE ACONDICIONAMIENTO",,50426.73,50426.73
2012,X02,"Tráfico, estacionamiento y transporte público",,,162802.96,162802.96
2012,X02,"Tráfico, estacionamiento y transporte público",SEMÁFOROS E INTERSECCIONES URBANAS DISTRITO DE FUENCARRAL-EL PARDO,,162802.96,162802.96
2012,X06,Urbanismo,,,8844148.05,2409733.55
2012,X06,Urbanismo,ÁREA DE PLANEAMIENTO REMITIDO 08.04 CIUDAD DEPORTIVA. OBRAS DE URBANIZACIÓN,,2999569.2,
2012,X06,Urbanismo,"CALLE CUÉLLAR, 4. URBANIZACIÓN",,512.69,
2012,X06,Urbanismo,"C/RAMÓN CAMARERO, 14 AL 25. OBRAS DE URBANIZACIÓN",,8225.9,6524.44
2012,X06,Urbanismo,ADQUISICIÓN DE SUELO CONEXIÓN VENTISQUERO DE LA CONDESA M-40. VIARIO,,1040165.93,1040165.93
2012,X06,Urbanismo,ADQUISICIÓN DE SUELO M-40 DISTRIBUIDOR NORTE,,1194594.68,1079152.04
2012,X06,Urbanismo,"ADQUISICIÓN SUELO AV.ILUSTRACIÓN TRAMO II, DESDE ISLA TABARCA A CTRA.EL PARDO",,830.57,830.57
2012,X06,Urbanismo,ADQUISICIÓN DE SUELO PZA. VILLAFRANCA DE LOS BARROS Y PZA. DE CIEZA,,283060.57,283060.57
2012,X06,Urbanismo,ARROYO DEL FRESNO. JUNTA DE COMPENSACIÓN,,3254075.1,
2012,X06,Urbanismo,ÁREA DE PLANEAMIENTO INCORPORADO SANDALIA NAVAS 08.13,,63113.41,
2012,X08,Mantenimiento urbano,,,1048039.41,1048039.41
2012,X08,Mantenimiento urbano,RENOVACIÓN INTEGRAL INSTALACIONES Y PAVIMENTOS. PRIS Z-3 DTO. FUENCARRAL,,1048039.41,1048039.41
2012,X09,Medio ambiente,,,18598133.54,1778576.2
2012,X09,Medio ambiente,COLECTOR EN LA SUBCUENCA DE PINOS. CONSTRUCCIÓN,,18595670.0,1776112.66
2012,X09,Medio ambiente,"AULA DE ECOLOGÍA EL PALOMAR DE LAS TABLAS, C/ CAPISCOL, 5.OBRAS DE CONSERVACIÓN",,2463.54,2463.54
2012,X03,Protección y promoción social,,,160384.46,160384.46
2012,X03,Protección y promoción social,"CENTRO DE MAYORES LA VAGUADA, AV. MONFORTE DE LEMOS, 38. CONSERVACIÓN",,4442.19,4442.19
2012,X03,Protección y promoción social,CENTRO DE SERVICIOS SOCIALES SAN VICENTE PAÚL. OBRAS DE CONSERVACIÓN,,9713.96,9713.96
2012,X03,Protección y promoción social,"CENTRO DE MAYORES ISLAS JARVI, C/ ISLAS JARVI, 5. OBRAS DE CONSERVACIÓN",,6882.0,6882.0
2012,X03,Protección y promoción social,"CENTRO DE MAYORES PEÑAGRANDE, C/ ISLA DE ONS, 28. OBRAS DE CONSERVACIÓN",,3413.35,3413.35
2012,X03,Protección y promoción social,"CENTRO DE DÍA FRAY LUIS DE LEÓN, C/ MANRESA, 1. OBRAS DE ACONDICIONAMIENTO",,39280.65,39280.65
2012,X03,Protección y promoción social,"CENTRO DE DÍA DE MAYORES PEÑAGRANDE, C/ ISLA MALAITA. OBRAS CONSERVACIÓN",,3585.22,3585.22
2012,X03,Protección y promoción social,"CENTRO DE SERVICIOS SOCIALES BADALONA, C/ BADALONA, 122. CONSERVACIÓN",,8787.52,8787.52
2012,X03,Protección y promoción social,"CENTRO DE MAYORES ALFONSO XII, C/ MIRA EL RÍO, 4. OBRAS DE CONSERVACIÓN",,2992.56,2992.56
2012,X03,Protección y promoción social,"CENTRO DE DÍA DE MAYORES EL PARDO, C/ URRUTIA, 1. OBRAS DE CONSERVACIÓN",,2171.26,2171.26
2012,X03,Protección y promoción social,"CENTRO DE MAYORES GINZO DE LIMIA, C/ GINZO DE LIMIA, 66. OBRAS DE CONSERVACIÓN",,2116.19,2116.19
2012,X03,Protección y promoción social,CENTRO DE MAYORES VOCAL VECINO JUSTO SIERRA. ACONDICIONAMIENTO CUBIERTA,,37359.83,37359.83
2012,X03,Protección y promoción social,CENTRO DÍA DE MAYORES PEÑAGRANDE. ADAPTACIÓN PROTECCIÓN CONTRA INCENDIOS,,39639.73,39639.73
2012,X05,Educación,,,1289391.51,810666.61
2012,X05,Educación,"COLEGIO PÚBLICO GUATEMALA, C/ CELANOVA, 2. ADOPCIÓN MEDIDAS DE SEGURIDAD",,139127.84,139127.84
2012,X05,Educación,COLEGIO PÚBLICO ARROYOFRESNO. ADOPCIÓN MEDIDAS DE SEGURIDAD,,176316.04,176316.04
2012,X05,Educación,"COLEGIO PÚBLICO REPÚBLICA DEL PARAGUAY, C/ MANRESA, 60. OBRAS DE CONSERVACIÓN",,4021.42,4021.42
2012,X05,Educación,"COLEGIO PÚBLICO PRÍNCIPE FELIPE, AV. MONFORTE DE LEMOS, 24. CONSERVACIÓN",,20370.48,20370.48
2012,X05,Educación,"COLEGIO PÚBLICO LEOPOLDO CALVO SOTELO, C/ PUENTE LA REINA. CONSERVACIÓN",,2964.76,2964.76
2012,X05,Educación,"COLEGIO PÚBLICO RABINDRANATH TAGORE, C/ JULIO PALACIOS, 35. CONSERVACIÓN",,7888.36,7888.36
2012,X05,Educación,COLEGIO PÚBLICO VASCO NÚÑEZ DE BALBOA. OBRAS DE CONSERVACIÓN,,5625.65,5625.65
2012,X05,Educación,"COLEGIO PÚBLICO MIRASIERRA, C/ LA MASÓ, 22. OBRAS DE CONSERVACIÓN",,4031.02,4031.02
2012,X05,Educación,"COLEGIO PÚBLICO JORGE GUILLÉN, AV. EL FERROL, 47. OBRAS DE ACONDICIONAMIENTO",,40869.34,40869.34
2012,X05,Educación,"COLEGIO PÚBLICO JOSÉ BERGAMÍN, C/ BRAILLE, 19. OBRAS DE CONSERVACIÓN",,4279.58,4279.58
2012,X05,Educación,"COLEGIO PÚBLICO ENRIQUE GRANADOS, C/ VIRGEN DE ARÁNZAZU, 5. CONSERVACIÓN",,3052.92,3052.92
2012,X05,Educación,ESCUELA DE MÚSICA CARMELO ALONSO BERNAOLA. OBRAS DE CONSERVACIÓN,,5318.92,5318.92
2012,X05,Educación,"COLEGIO PÚBLICO JOSEPH TARRADELLAS, C/ TRISCATELA S/N. OBRAS DE CONSERVACIÓN",,3284.66,3284.66
2012,X05,Educación,"ESCUELA INFANTIL ROSA DEL AZAFRÁN, C/ CUEVA DE MONTESINOS, 2. CONSERVACIÓN",,2185.29,2185.29
2012,X05,Educación,"COLEGIO PÚBLICO LORENZO LUZURIAGA, C/ VALENCIA DE DON JUAN, 19. CONSERVACIÓN",,20285.05,20285.05
2012,X05,Educación,"COLEGIO PÚBLICO INFANTA LEONOR, C/ MONASTERIO DEL PAULAR, 140. CONSERVACIÓN",,5415.57,5415.57
2012,X05,Educación,"COLEGIO PÚBLICO BRAVO MURILLO, C/ ISLAS CIES, 11. OBRAS DE ACONDICIONAMIENTO",,67284.87,67284.87
2012,X05,Educación,CENTRO DE EDUCACIÓN ESPECIAL FRANCISCO DEL POZO. ACONDICIONAMIENTO,,31912.47,31912.47
2012,X05,Educación,"COLEGIO PÚBLICO LUIS DE GÓNGORA, C/ SARRIA, 49. OBRAS DE ACONDICIONAMIENTO",,33875.68,33875.68
2012,X05,Educación,"COLEGIO PÚBLICO PRÍNCIPE DE ASTURIAS, CRTA.COLMENAR VIEJO, KM 15. CONSERVACIÓN",,18652.83,18652.83
2012,X05,Educación,"COLEGIO PÚBLICO MONTE DEL PARDO, AV. DE LA GUARDIA, 19. OBRAS DE CONSERVACIÓN",,19035.78,19035.78
2012,X05,Educación,"COLEGIO PÚBLICO HERRERA ORIA, C/ FERMÍN CABALLERO, 68. ACONDICIONAMIENTO",,70409.8,70409.8
2012,X05,Educación,"CENTRO DE EDUCACIÓN ESPECIAL LA QUINTA, CRTA. EL PARDO, S/N. CONSERVACIÓN",,16756.1,16756.1
2012,X05,Educación,"COLEGIO PÚBLICO ARROYOFRESNO, C/ PICO BALAITUS, 24 B. ACONDICIONAMIENTO",,59896.52,59896.52
2012,X05,Educación,COLEGIOS PÚBLICOS DISTRITO FUENCARRAL. RETIRADA DE CARTELES INFORMATIVOS,,7980.51,7980.51
2012,X05,Educación,"EQUIPAMIENTO ESCUELA INFANTIL LA CARACOLA, C/ BELORADO, S/N",,3370.2,3370.2
2012,X05,Educación,"EQUIPAMIENTO ESCUELA INFANTIL FUENCARRAL-EL PARDO Nº 6, C/ CHANTADA, 41",,361.06,361.06
2012,X05,Educación,"EQUIPAMIENTO ESCUELA INFANTIL FUENCARRAL Nº 7, C/ CUEVA DE MONTESINOS, 2",,318.71,318.71
2012,X05,Educación,CONSERVACIÓN COLEGIOS Y OTROS CENTROS EDUCATIVOS DTO FUENCARRAL-EL PARDO,,478724.9,
2012,X05,Educación,COLEGIO PÚBLICO CAMILO JOSÉ CELA. OBRAS DE CONSERVACIÓN,,6473.23,6473.23
2012,X05,Educación,"COLEGIO PÚBLICO BREOGÁN, C/ GINZO DE LIMIA, 2. OBRAS DE CONSERVACIÓN",,7903.23,7903.23
2012,X05,Educación,"COLEGIO PÚBLICO FEDERICO GARCÍA LORCA, C/ RIBADAVIA, 20. OBRAS DE CONSERVACIÓN",,5642.85,5642.85
2012,X05,Educación,"COLEGIO PÚBLICO ALHAMBRA, C/ RAMÓN GÓMEZ DE LA SERNA, 103. CONSERVACIÓN",,13898.72,13898.72
2012,X05,Educación,"ESCUELA INFANTIL LA OLIVA, C/ GAINZA, 46. OBRAS DE CONSERVACIÓN",,1857.15,1857.15
2012,X00,Inversiones de carácter general,,,212835.16,42225.3
2012,X00,Inversiones de carácter general,OBRAS CONSERVACIÓN DE EDIFICIOS DISTRITO FUENCARRAL-EL PARDO,,170609.86,
2012,X00,Inversiones de carácter general,EDIFICIO SEDE DISTRITO FUENCARRAL-EL PARDO. OBRAS DE ACONDICIONAMIENTO,,42225.3,42225.3
2013,X01,Protección Civil y seguridad ciudadana,,,87282.83,17609.15
2013,X01,Protección Civil y seguridad ciudadana,UNIDAD POLICÍA FUENCARRAL. SUBSANACIÓN DEFICIENCIAS INSPECCIÓN TÉCNICA EDIFICIOS,,1293.0,1293.0
2013,X01,Protección Civil y seguridad ciudadana,"EDIFICIO POLICÍA CRTA. EL PARDO, 3. SUBSANACIÓN DEFICIENCIAS INSPECCIÓN EDIFICIOS",,17293.0,13846.75
2013,X01,Protección Civil y seguridad ciudadana,"EQUIPAMIENTO PARQUE DE BOMBEROS Nº 9, C/ MONFORTE DE LEMOS S/N",,9750.18,1380.4
2013,X01,Protección Civil y seguridad ciudadana,"PARQUE DE BOMBEROS Nº 9, AV. MONFORTE DE LEMOS S/N. REFORMA DE INSTALACIONES",,58946.65,1089.0
2013,X10,Cultura,,,139191.38,139191.38
2013,X10,Cultura,"CENTRO CULTURAL VALVERDE, PZA. ISLAS AZORES, 1. OBRAS DE CONSERVACIÓN",,4191.79,4191.79
2013,X10,Cultura,"CENTRO CULTURAL VALLE INCLÁN, C/ ARZOBISPO MORCILLO, 7. OBRAS DE CONSERVACIÓN",,4700.29,4700.29
2013,X10,Cultura,"CENTRO CULTURAL ALFONSO XII, C/ MIRA EL RÍO, 4. OBRAS DE CONSERVACIÓN",,6531.33,6531.33
2013,X10,Cultura,CENTRO DE INTERPRETACIÓN NATURALEZA MONTECARMELO. OBRAS DE CONSERVACIÓN,,2555.16,2555.16
2013,X10,Cultura,"CENTRO CULTURAL LA VAGUADA, AV. MONFORTE DE LEMOS, 38. OBRAS DE CONSERVACIÓN",,27319.22,27319.22
2013,X10,Cultura,CENTRO CULTURAL ALFREDO KRAUS. ACONDICIONAMIENTO INTERIOR Y EXTERIOR,,37915.9,37915.9
2013,X10,Cultura,"BIBLIOTECA PÚBLICA JOSÉ SARAMAGO, AV. MONFORTE DE LEMOS, 38. ACONDICIONAMIENTO",,12250.66,12250.66
2013,X10,Cultura,CENTRO CULTURAL RAFAEL DE LEÓN. OBRAS DE CONSERVACIÓN,,43727.03,43727.03
2013,X11,"Deportes, juventud y esparcimiento",,,434306.63,431282.02
2013,X11,"Deportes, juventud y esparcimiento","EQUIPAMIENTO CENTRO JUVENIL HONTALBILLA, C/ HONTALBILLA, 10",,462.76,462.76
2013,X11,"Deportes, juventud y esparcimiento",OBRAS CONSERVACIÓN INSTALACIONES DEPORTIVAS DISTRITO FUENCARRAL- EL PARDO,,3024.61,
2013,X11,"Deportes, juventud y esparcimiento","POLIDEPORTIVO LA VAGUADA, AV. MONFORTE DE LEMOS S/N. OBRAS DE CONSERVACIÓN",,739.2,739.2
2013,X11,"Deportes, juventud y esparcimiento","POLIDEPORTIVO VICENTE DEL BOSQUE, AV. MONFORTE DE LEMOS S/N. CONSERVACIÓN",,56264.82,56264.82
2013,X11,"Deportes, juventud y esparcimiento","DEPORTIVO BÁSICO TRES OLIVOS II, C/ CAMPO DE CALATRAVA, 3. CONSERVACIÓN",,467.94,467.94
2013,X11,"Deportes, juventud y esparcimiento","POLIDEPORTIVO LA MASÓ, C/ LA MASÓ S/N. SUSTITUCIÓN DE CLIMATIZACIÓN",,64352.73,64352.73
2013,X11,"Deportes, juventud y esparcimiento",DEPORTIVO BÁSICO ANDRÉS NAVARRETE. VALLADO CAMPO DE FÚTBOL,,38590.01,38590.01
2013,X11,"Deportes, juventud y esparcimiento","DEPORTIVO BÁSICO BRUNETE, C/ BRUNETE, 2. OBRAS DE CONSERVACIÓN",,18207.03,18207.03
2013,X11,"Deportes, juventud y esparcimiento",POLIDEPORTIVO LA VAGUADA. REFORMA ESTRUCTURA FORJADOS SOBRE PISCINAS,,123578.34,123578.34
2013,X11,"Deportes, juventud y esparcimiento",POLIDEPORTIVO LA MASÓ. SUSTITUCIÓN GRIFERÍAS EN DUCHAS DE VESTUARIOS,,42828.94,42828.94
2013,X11,"Deportes, juventud y esparcimiento","POLIDEPORTIVO VICENTE DEL BOSQUE, AV. MONFORTE DE LEMOS S/N. IMPERMEABILIZACIÓN",,49713.66,49713.66
2013,X11,"Deportes, juventud y esparcimiento","POLIDEPORTIVO LA MASÓ, C/LA MASÓ, 80. OBRAS DE CONSERVACIÓN",,16517.86,16517.86
2013,X11,"Deportes, juventud y esparcimiento","DEPORTIVO BÁSICO PÁDEL TRES OLIVOS, C/CUEVA DE MONTESINOS S/N. CONSERVACIÓN",,19558.73,19558.73
2013,X02,"Tráfico, estacionamiento y transporte público",,,356533.24,356533.24
2013,X02,"Tráfico, estacionamiento y transporte público",SEMÁFOROS E INTERSECCIONES URBANAS DISTRITO DE FUENCARRAL-EL PARDO,,356533.24,356533.24
2013,X06,Urbanismo,,,15446921.18,8607080.1
2013,X06,Urbanismo,ÁREA DE PLANEAMIENTO REMITIDO 08.04 CIUDAD DEPORTIVA. OBRAS DE URBANIZACIÓN,,2999569.2,
2013,X06,Urbanismo,"CALLE CUÉLLAR, 4. URBANIZACIÓN",,512.69,
2013,X06,Urbanismo,"C/RAMÓN CAMARERO, 14 AL 25. OBRAS DE URBANIZACIÓN",,1701.46,
2013,X06,Urbanismo,ADQUISICIÓN DE SUELO CONEXIÓN VENTISQUERO DE LA CONDESA M-40. VIARIO,,530686.99,424350.95
2013,X06,Urbanismo,ADQUISICIÓN DE SUELO M-40 DISTRIBUIDOR NORTE,,3293534.63,3189514.68
2013,X06,Urbanismo,ADQUISICIÓN DE SUELO PZA. VILLAFRANCA DE LOS BARROS Y PZA. DE CIEZA,,324288.3,324288.3
2013,X06,Urbanismo,ARROYO DEL FRESNO. JUNTA DE COMPENSACIÓN,,3254075.1,3254075.1
2013,X06,Urbanismo,ÁREA DE PLANEAMIENTO INCORPORADO SANDALIA NAVAS 08.13,,63113.41,
2013,X06,Urbanismo,ADQUISICIÓN SUELO C/ ÁLVARO CUNQUEIRO C/V. A PANADEROS,,3320921.72,32168.94
2013,X06,Urbanismo,ADQUISICIÓN SUELO C/ARROYO FRESNO Y AV.CARDENAL HERRERA ORIA. VIARIO,,206184.75,206184.75
2013,X06,Urbanismo,ADQUISICIÓN SUELO CONEXIÓN C/VENTISQUERO DE LA CONDESA-COSTA BRAVA,,73745.53,73745.53
2013,X06,Urbanismo,ADQUISICIÓN DE SUELO ACTUACIÓN AISLADA C/ ISLAS ANTÍPODAS Y C/ SARDINETA,,709269.91,433434.36
2013,X06,Urbanismo,"ADQUISICIÓN DE SUELO AVDA. CARDENAL HERRERA ORIA, 79",,669317.49,669317.49
2013,X08,Mantenimiento urbano,,,664137.43,664137.43
2013,X08,Mantenimiento urbano,RENOVACIÓN INTEGRAL INSTALACIONES Y PAVIMENTOS. PRIS Z-3 DTO. FUENCARRAL,,659362.29,659362.29
2013,X08,Mantenimiento urbano,HIDRANTES DISTRITO FUENCARRAL-EL PARDO. INSTALACIÓN,,4775.14,4775.14
2013,X09,Medio ambiente,,,7193576.0,7126511.97
2013,X09,Medio ambiente,COLECTOR EN LA SUBCUENCA DE PINOS. CONSTRUCCIÓN,,7193576.0,7126511.97
2013,X03,Protección y promoción social,,,133298.21,133179.23
2013,X03,Protección y promoción social,"CENTRO DE MAYORES ISLAS JARVI, C/ ISLAS JARVI, 5. OBRAS DE CONSERVACIÓN",,1657.92,1657.92
2013,X03,Protección y promoción social,"CENTRO DE MAYORES PEÑAGRANDE, C/ ISLA DE ONS, 28. OBRAS DE CONSERVACIÓN",,4481.77,4481.77
2013,X03,Protección y promoción social,"CENTRO DE MAYORES GINZO DE LIMIA, C/ GINZO DE LIMIA, 66. OBRAS DE CONSERVACIÓN",,936.87,936.87
2013,X03,Protección y promoción social,"CENTRO DE DÍA DE MAYORES PEÑAGRANDE, C/ ISLA MALAITA, 1. OBRAS DE CONSERVACIÓN",,6467.35,6467.35
2013,X03,Protección y promoción social,CENTRO DE MAYORES VOCAL VECINO JUSTO SIERRA. OBRAS DE CONSERVACIÓN,,11025.8,11025.8
2013,X03,Protección y promoción social,"CENTRO DE DÍA DE MAYORES FRAY LUIS DE LEÓN, C/ MANRESA, 1. ACONDICIONAMIENTO",,42338.57,42338.57
2013,X03,Protección y promoción social,"CENTRO DE MAYORES LA VAGUADA, AV. MONFORTE DE LEMOS, 38. OBRAS DE CONSERVACIÓN",,3165.03,3165.03
2013,X03,Protección y promoción social,"CENTRO SERVICIOS SOCIALES BADALONA, C/ BADALONA, 122. OBRAS DE CONSERVACIÓN",,14892.92,14892.92
2013,X03,Protección y promoción social,CENTRO DE SERVICIOS SOCIALES SAN VICENTE DE PAUL. OBRAS DE CONSERVACIÓN,,4329.23,4329.23
2013,X03,Protección y promoción social,"CENTRO DE DÍA DE MAYORES EL PARDO, C/ GENERAL URRUTIA, 1. OBRAS DE CONSERVACIÓN",,33.88,33.88
2013,X03,Protección y promoción social,"EQUIPAMIENTO CENTRO DE MAYORES LA VAGUADA, AV. MONFORTE DE LEMOS, 38",,3165.74,3130.93
2013,X03,Protección y promoción social,"EQUIPAMIENTO CENTRO MUNICIPAL DE MAYORES ""PEÑAGRANDE""",,6158.11,6133.94
2013,X03,Protección y promoción social,"OTRO EQUIPAMIENTO CENTRO DE MAYORES PEÑAGRANDE, C/ ISLA DE ONS, 28",,6341.89,6281.89
2013,X03,Protección y promoción social,CENTRO DE MAYORES VOVAL VECINO JUSTO SIERRA. ACONDICIONAMIENTO DE CUBIERTA,,28303.13,28303.13
2013,X05,Educación,,,939275.93,930562.94
2013,X05,Educación,"COLEGIO PÚBLICO GUATEMALA, C/ CELANOVA, 2. ADOPCIÓN MEDIDAS DE SEGURIDAD",,47764.74,47764.74
2013,X05,Educación,COLEGIO PÚBLICO ARROYOFRESNO. ADOPCIÓN MEDIDAS DE SEGURIDAD,,44753.52,44753.52
2013,X05,Educación,COLEGIO PÚBLICO VASCO NÚÑEZ DE BALBOA. OBRAS DE CONSERVACIÓN,,87.78,87.78
2013,X05,Educación,"COLEGIO PÚBLICO ENRIQUE GRANADOS, C/ VIRGEN DE ARÁNZAZU, 5. CONSERVACIÓN",,8112.2,8112.2
2013,X05,Educación,"COLEGIO PÚBLICO JOSEPH TARRADELLAS, C/ TRISCATELA S/N. OBRAS DE CONSERVACIÓN",,12073.64,12073.64
2013,X05,Educación,"COLEGIO PÚBLICO INFANTA LEONOR, C/ MONASTERIO DEL PAULAR, 140. CONSERVACIÓN",,12393.16,12393.16
2013,X05,Educación,"COLEGIO PÚBLICO FEDERICO GARCÍA LORCA, C/ RIBADAVIA, 20. OBRAS DE CONSERVACIÓN",,88.05,88.05
2013,X05,Educación,"COLEGIO PÚBLICO ALHAMBRA, C/ RAMÓN GÓMEZ DE LA SERNA, 103. CONSERVACIÓN",,20082.45,20082.45
2013,X05,Educación,"EQUIPAMIENTO ESCUELA INFANTIL LA CORTE DEL FARAÓN, C/ CHANTADA, 41",,1178.3,1178.3
2013,X05,Educación,"EQUIPAMIENTO ESCUELA INFANTIL LA ROSA DEL AZAFRÁN, C/ CUEVA DE MONTESINOS, 2",,900.0,900.0
2013,X05,Educación,"EQUIPAMIENTO ESCUELA INFANTIL LA CARACOLA, C/ BELORADO S/N",,2619.37,2619.37
2013,X05,Educación,CONSERVACIÓN COLEGIOS Y OTROS CENTROS EDUCATIVOS FUENCARRAL -EL PARDO,,8712.99,
2013,X05,Educación,"CENTRO EDUCACIÓN ESPECIAL LA QUINTA, CRTA. EL PARDO S/N. CONSERVACIÓN",,21925.91,21925.91
2013,X05,Educación,"COLEGIO PÚBLICO MONTE DEL PARDO, AV. DE LA GUARDIA, 19. ACONDICIONAMIENTO",,29974.76,29974.76
2013,X05,Educación,"COLEGIO PÚBLICO JORGE GUILLÉN, AV. DEL FERROL, 47. OBRAS DE CONSERVACIÓN",,24563.85,24563.85
2013,X05,Educación,"COLEGIO PÚBLICO RABINDRANATH TAGORE, C/ JULIO PALACIOS, 35. ACONDICIONAMIENTO",,68721.35,68721.35
2013,X05,Educación,"COLEGIO PÚBLICO MIRASIERRA, C/ LA MASÓ, 22. OBRAS DE ACONDICIONAMIENTO",,54293.22,54293.22
2013,X05,Educación,"COLEGIO PÚBLICO CARDENAL HERRERA ORIA, C/ FERMÍN CABALLERO, 68. CONSERVACIÓN",,16608.21,16608.21
2013,X05,Educación,"COLEGIO PÚBLICO BREOGÁN, C/ GINZO DE LIMIA, 2. OBRAS DE ACONDICIONAMIENTO",,114040.75,114040.75
2013,X05,Educación,"COLEGIO PÚBLICO BRAVO MURILLO, C/ ISLAS CÍES, 11. OBRAS DE ACONDICIONAMIENTO",,48537.35,48537.35
2013,X05,Educación,"COLEGIO PÚBLICO PRÍNCIPE DE ASTURIAS, CRTA. DE COLMENAR, 15. ACONDICIONAMIENTO",,23981.05,23981.05
2013,X05,Educación,COLEGIO PÚBLICO LEOPOLDO CALVO SOTELO. OBRAS DE ACONDICIONAMIENTO,,23948.56,23948.56
2013,X05,Educación,"COLEGIO PÚBLICO GABRIELA MISTRAL, C/ MIRALLOS, 3. OBRAS DE CONSERVACIÓN",,16701.29,16701.29
2013,X05,Educación,"COLEGIO PÚBLICO REPÚBLICA DEL PARAGUAY, C/ MANRESA, 60. ACONDICIONAMIENTO",,29621.39,29621.39
2013,X05,Educación,COLEGIO PÚBLICO LORENZO LUZURIAGA. OBRAS DE ACONDICIONAMIENTO,,58808.17,58808.17
2013,X05,Educación,ESCUELA INFANTIL LA ROSA DEL AZAFRÁN. OBRAS DE ACONDICIONAMIENTO EXTERIOR,,17342.96,17342.96
2013,X05,Educación,"ESCUELA INFANTIL LA CORTE DEL FARAÓN, C/ CHANTADA, 41. ACONDICIONAMIENTO",,31151.08,31151.08
2013,X05,Educación,"COLEGIO PÚBLICO LUIS DE GÓNGORA (ANEXO), C/ CHANTADA, 34. ACONDICIONAMIENTO",,24903.86,24903.86
2013,X05,Educación,"COLEGIO PÚBLICO LUIS DE GÓNGORA, C/ SARRIÁ, 49. OBRAS DE CONSERVACIÓN",,5671.55,5671.55
2013,X05,Educación,"COLEGIO PÚBLICO JOSÉ BERGAMÍN, C/ BRAILLE, 19. OBRAS DE ACONDICIONAMIENTO",,24121.98,24121.98
2013,X05,Educación,"COLEGIO PÚBLICO ANTONIO FONTÁN, AV. SANTUARIO DE VALVERDE, 71. CONSERVACIÓN",,7403.48,7403.48
2013,X05,Educación,"ESCUELA INFANTIL LA CARACOLA, C/BELORADO, 1. OBRAS DE CONSERVACIÓN",,4476.68,4476.68
2013,X05,Educación,"COLEGIO PÚBLICO PRÍNCIPE FELIPE, AV.MONFORTE DE LEMOS, 24. ACONDICIONAMIENTO",,64383.29,64383.29
2013,X05,Educación,"COLEGIO PÚBLICO CAMILO JOSÉ CELA, C/MELCHOR FERNANDEZ ALMAGRO, 22. CONSERVACIÓN",,12379.99,12379.99
2013,X05,Educación,CENTRO EDUCACIÓN ESPECIAL FRANCISCO DEL POZO. OBRAS DE ACONDICIONAMIENTO,,56863.45,56863.45
2013,X05,Educación,"ESCUELA DE MÚSICA CARMELO ALONSO BERNAOLA, AV. SOTO PALACIOS, 7. CONSERVACIÓN",,85.55,85.55
2013,X00,Inversiones de carácter general,,,57670.15,52771.41
2013,X00,Inversiones de carácter general,EDIFICIO SEDE DISTRITO FUENCARRAL-EL PARDO. CONSERVACIÓN GARAJE-APARCAMIENTO,,2453.58,2453.58
2013,X00,Inversiones de carácter general,OBRAS CONSERVACIÓN EDIFICIOS DISTRITO FUENCARRAL - EL PARDO,,4898.74,
2013,X00,Inversiones de carácter general,EDIFICIO SEDE DISTRITO DE FUENCARRAL-EL PARDO. ACONDICIONAMIENTO INTERIOR,,50317.83,50317.83
2014,X01,Protección Civil y seguridad ciudadana,,,68615.12,68615.12
2014,X01,Protección Civil y seguridad ciudadana,"EQUIPAMIENTO PARQUE DE BOMBEROS Nº 9, C/ MONFORTE DE LEMOS S/N",,10757.47,10757.47
2014,X01,Protección Civil y seguridad ciudadana,"PARQUE DE BOMBEROS Nº 9, AV. MONFORTE DE LEMOS S/N. REFORMA DE INSTALACIONES",,57857.65,57857.65
2014,X10,Cultura,,,323431.96,323411.35
2014,X10,Cultura,"CENTRO CULTURAL RAFAEL DE LEÓN, C/ ISLA DE ONS, 14. OBRAS DE CONSERVACIÓN",,7964.89,7964.89
2014,X10,Cultura,"CENTRO CULTURAL LA VAGUADA, AV. MONFORTE DE LEMOS, 38. OBRAS DE CONSERVACIÓN",,19301.68,19301.68
2014,X10,Cultura,"TEATRO MADRID, AV. MONFORTE DE LEMOS 60. INSTALACIONES",,6359.58,6359.58
2014,X10,Cultura,"BIBLIOTECA JOSÉ SARAMAGO, AV. MONFORTE DE LEMOS 38. SEÑALIZACIÓN",,2180.35,2180.32
2014,X10,Cultura,"EQUIPAMIENTO CENTRO CULTURAL INTEGRADO ALFONSO XII, C/ MIRA EL RÍO, 4",,2000.0,1983.19
2014,X10,Cultura,TEMPLETE PARQUE DE FUENCARRAL. OBRAS DE CONSERVACIÓN,,12744.4,12744.4
2014,X10,Cultura,CENTRO INTERPRETACIÓN DE LA NATURALEZA MONTECARMELO. ACONDICIONAMIENTO,,29615.85,29615.85
2014,X10,Cultura,CENTRO CULTURAL ALFREDO KRAUS. OBRAS DE ACONDICIONAMIENTO,,39917.0,39917.0
2014,X10,Cultura,CENTRO CULTURAL INTEGRADO ALFONSO XII. SUPRESIÓN DE BARRERAS ARQUITECTÓNICAS,,72462.08,72462.08
2014,X10,Cultura,BIBLIOTECA JOSÉ SARAMAGO. OBRAS DE CONSERVACIÓN,,10265.36,10265.36
2014,X10,Cultura,IFS-BIBLIOTECA JOSÉ SARAMAGO. CERRAMIENTO ZONA PORTICADA.EFICIENCIA ENERGÉTICA,,41735.74,41731.97
2014,X10,Cultura,IFS-CENTRO CULTURAL VALVERDE. REHABILITACIÓN DE LA CUBIERTA Y AHORRO ENERGÉTICO,,32060.83,32060.83
2014,X10,Cultura,IFS-CENTRO CULTURAL VALLE INCLÁN. REHABILITACIÓN DE LA CUBIERTA Y AHORRO ENERGÉTICO,,46824.2,46824.2
2014,X11,"Deportes, juventud y esparcimiento",,,393987.58,393467.97
2014,X11,"Deportes, juventud y esparcimiento",OBRAS CONSERVACIÓN INSTALACIONES DEPORTIVAS DISTRITO FUENCARRAL-EL PARDO,,176.91,
2014,X11,"Deportes, juventud y esparcimiento",DEPORTIVO BÁSICO ANDRÉS NAVARRETE. VALLADO CAMPO DE FÚTBOL,,29936.39,29936.39
2014,X11,"Deportes, juventud y esparcimiento",DEPORTIVO BÁSICO ISLA DE TABARCA. VALLADO PERIMETRAL,,29697.79,29697.79
2014,X11,"Deportes, juventud y esparcimiento","CENTRO DEPORTIVO LA VAGUADA, AV. MONFORTE DE LEMOS, 36. OBRAS DE CONSERVACIÓN",,25185.27,25185.27
2014,X11,"Deportes, juventud y esparcimiento","CENTRO DEPORTIVO LA MASÓ, C/ LA MASÓ S/N. OBRAS DE CONSERVACIÓN",,45255.54,45255.54
2014,X11,"Deportes, juventud y esparcimiento",CENTRO DEPORTIVO VICENTE DEL BOSQUE. VALLADO PERIMETRAL CAMPO DE FÚTBOL,,26077.34,26077.34
2014,X11,"Deportes, juventud y esparcimiento",CENTRO DEPORTIVO SANTA ANA. REPARACIÓN PAVIMENTO PISTA DE ATLETISMO,,54673.67,54673.67
2014,X11,"Deportes, juventud y esparcimiento",EQUIPAMIENTO CENTRO JUVENIL DE EL PARDO,,500.0,157.3
2014,X11,"Deportes, juventud y esparcimiento","CENTRO JUVENIL EL PARDO, AV. PADRE CIPRIANO, 11. SEÑALIZACIÓN",,360.58,360.58
2014,X11,"Deportes, juventud y esparcimiento","CENTRO DEPORTIVO VICENTE DEL BOSQUE, AV. MONFORTE DE LEMOS, 15. CONSERVACIÓN",,33758.97,33758.97
2014,X11,"Deportes, juventud y esparcimiento",CENTRO DEPORTIVO VICENTE DEL BOSQUE. ADECUACIÓN VESTUARIOS CAMPO DE FÚTBOL,,83852.07,83852.07
2014,X11,"Deportes, juventud y esparcimiento",CENTRO DEPORTIVO VICENTE DEL BOSQUE. PAVIMENTACIÓN PISTA DE HOCKEY,,23073.97,23073.97
2014,X11,"Deportes, juventud y esparcimiento","DEPORTIVO BÁSICO RIBADEO Y VERÍN, PZA. RIBADEO. OBRAS DE CONSERVACIÓN",,953.48,953.48
2014,X11,"Deportes, juventud y esparcimiento",CENTRO DEPORTIVO LA VAGUADA. ACONDICIONAMIENTO FORJADO PISCINA,,40485.6,40485.6
2014,X02,"Tráfico, estacionamiento y transporte público",,,82531.12,82531.12
2014,X02,"Tráfico, estacionamiento y transporte público",SEMÁFOROS E INTERSECCIONES URBANAS DISTRITO DE FUENCARRAL-EL PARDO,,82531.12,82531.12
2014,X06,Urbanismo,,,7499553.71,5622572.97
2014,X06,Urbanismo,"C/ ALEJANDRO CASONA, 38 C/V. ANGELITA CAMARERO. OBRAS DE URBANIZACIÓN",,28925.62,
2014,X06,Urbanismo,ADQUISICIÓN DE SUELO CONEXIÓN VENTISQUERO DE LA CONDESA M-40. VIARIO,,102180.82,102180.82
2014,X06,Urbanismo,ADQUISICIÓN DE SUELO M-40 DISTRIBUIDOR NORTE,,939239.21,
2014,X06,Urbanismo,ADQUISICIÓN DE SUELO PZA. VILLAFRANCA DE LOS BARROS Y PZA. DE CIEZA,,1098260.77,1098260.77
2014,X06,Urbanismo,ARROYO DEL FRESNO. JUNTA DE COMPENSACIÓN,,47023.78,47023.78
2014,X06,Urbanismo,ÁREA DE PLANEAMIENTO INCORPORADO SANDALIA NAVAS 08.13,,120152.63,
2014,X06,Urbanismo,ADQUISICIÓN SUELO C/ ÁLVARO CUNQUEIRO C/V. A PANADEROS,,3288752.78,2717977.5
2014,X06,Urbanismo,ADQUISICIÓN SUELO C/ARROYO FRESNO Y AV.CARDENAL HERRERA ORIA. VIARIO,,1009360.27,1009360.27
2014,X06,Urbanismo,ADQUISICIÓN DE SUELO ACTUACIÓN AISLADA C/ ISLAS ANTÍPODAS Y C/ SARDINETA,,275835.55,275835.55
2014,X06,Urbanismo,"ADQUISICIÓN DE SUELO AVDA. CARDENAL HERRERA ORIA, 79",,104986.72,104986.72
2014,X06,Urbanismo,"API SANDALIA NAVAS 08.13, C/ ISLAS MARSHALL. POLÍGONO DE COOPERACIÓN",,12500.0,
2014,X06,Urbanismo,POLÍGONO INDUSTRIAL DE FUENCARRAL. REMODELACIÓN,,17743.64,17743.64
2014,X06,Urbanismo,"ADQUISICIÓN DE SUELO C/ ISLAS BAHAMAS, S/N",,264619.22,145809.61
2014,X06,Urbanismo,ADQUISICIÓN DE SUELO C/ DE LOS CONCEJALES,,86578.39,
2014,X06,Urbanismo,ÁREA DE PLANEAMIENTO REMITIDO 08.01 CALLE CANTALEJO. COMPENSACIÓN,,103394.31,103394.31
2014,X08,Mantenimiento urbano,,,501241.87,306549.93
2014,X08,Mantenimiento urbano,RENOVACIÓN INTEGRAL INSTALACIONES Y PAVIMENTOS. PRIS Z-3 DTO. FUENCARRAL,,278417.75,278417.75
2014,X08,Mantenimiento urbano,HIDRANTES DISTRITO FUENCARRAL-EL PARDO. INSTALACIÓN,,16415.78,16415.78
2014,X08,Mantenimiento urbano,ADAPTACIÓN INSTALACIONES ALUMBRADO PÚBLICO NORMATIVA.FUENCARRAL-EL PARDO,,408.34,408.34
2014,X08,Mantenimiento urbano,"IFS-PARQUE LIMPIEZA C/ISLA DE AROSA, 22.EXIGENCIAS INSPECCIÓN TÉCNICA EDIFICIOS",,206000.0,11308.06
2014,X09,Medio ambiente,,,26323083.97,26020750.6
2014,X09,Medio ambiente,COLECTOR EN LA SUBCUENCA DE PINOS. CONSTRUCCIÓN,,26307060.0,26011943.2
2014,X09,Medio ambiente,"IFS-EDIFICACIÓN EN ZONA VERDE C/CELANOVA, 6.EXIGENCIAS INSPECCIÓN TÉCNICA EDIFICIOS",,16000.0,8783.43
2014,X09,Medio ambiente,AULA ECOLÓGICA EL PALOMAR DE LAS TABLAS. OBRAS DE CONSERVACIÓN,,23.97,23.97
2014,X03,Protección y promoción social,,,122827.07,122827.07
2014,X03,Protección y promoción social,"CENTRO DE DÍA DE MAYORES FRAY LUIS DE LEÓN, C/ MANRESA, 1. ACONDICIONAMIENTO",,534.49,534.49
2014,X03,Protección y promoción social,"CENTRO SERVICIOS SOCIALES BADALONA, C/ BADALONA, 122. OBRAS DE CONSERVACIÓN",,6537.17,6537.17
2014,X03,Protección y promoción social,CENTRO SERVICIOS SOCIALES SAN VICENTE DE PAUL. ADOPCIÓN MEDIDAS DE SEGURIDAD,,2943.11,2943.11
2014,X03,Protección y promoción social,CENTRO DE MAYORES ISLAS JARVI. SUPRESIÓN DE BARRERAS ARQUITECTÓNICAS,,49852.56,49852.56
2014,X03,Protección y promoción social,CENTRO DE MAYORES PEÑAGRANDE. SUPRESIÓN DE BARRERAS ARQUITECTÓNICAS,,48476.61,48476.61
2014,X03,Protección y promoción social,CENTRO DE DÍA DE MAYORES VOCAL VECINO JUSTO SIERRA. OBRAS DE CONSERVACIÓN,,289.65,289.65
2014,X03,Protección y promoción social,CENTRO DE DÍA DE MAYORES PEÑAGRANDE. OBRAS DE CONSERVACIÓN,,307.33,307.33
2014,X03,Protección y promoción social,IFS-CENTRO DE DÍA VOCAL VECINO JUSTO SIERRA. CHIMENEA EXTRACCIÓN HUMOS,,5741.07,5741.07
2014,X03,Protección y promoción social,IFS-CENTRO DE MAYORES GINZO DE LIMIA. INSTALACIÓN GAS NATURAL Y AHORRO ENERGÉTICO,,8145.08,8145.08
2014,X05,Educación,,,1044959.61,913068.65
2014,X05,Educación,COLEGIO PÚBLICO VASCO NÚÑEZ DE BALBOA. OBRAS DE CONSERVACIÓN,,4997.95,4997.95
2014,X05,Educación,"COLEGIO PÚBLICO ARROYOFRESNO, C/ PICO BALAITUS, 24 B. ACONDICIONAMIENTO",,464.38,464.38
2014,X05,Educación,COLEGIO PÚBLICO CAMILO JOSÉ CELA. OBRAS DE CONSERVACIÓN,,9664.04,9664.04
2014,X05,Educación,"EQUIPAMIENTO ESCUELA INFANTIL LA CORTE DEL FARAÓN, C/ CHANTADA, 41",,1670.38,1670.38
2014,X05,Educación,COLEGIO PÚBLICO INFANTA LEONOR. ADOPCIÓN MEDIDAS DE SEGURIDAD,,2882.06,2882.06
2014,X05,Educación,"COLEGIO PÚBLICO MIRASIERRA, C/ LA MASÓ, 22. ADOPCIÓN MEDIDAS DE SEGURIDAD",,18215.85,18215.85
2014,X05,Educación,"COLEGIO PÚBLICO BRAVO MURILLO, C/ ISLAS CÍES, 11. ADOPCIÓN MEDIDAS DE SEGURIDAD",,68843.3,68843.29
2014,X05,Educación,COLEGIO PÚBLICO CARDENAL HERRERA ORIA. ADOPCIÓN MEDIDAS DE SEGURIDAD,,67684.69,67684.69
2014,X05,Educación,COLEGIO PÚBLICO CAMILO JOSÉ CELA. OBRAS DE ACONDICIONAMIENTO,,45974.84,45974.84
2014,X05,Educación,EQUIPAMIENTO ESCUELA INFANTIL LA CARACOLA,,15905.69,10349.12
2014,X05,Educación,EQUIPAMIENTO ESCUELA INFANTIL LA ROSA DEL AZAFRÁN,,124.98,123.86
2014,X05,Educación,EQUIPAMIENTO ESCUELA DE MÚSICA CARMELO ALONSO BERNAOLA,,1749.66,1749.66
2014,X05,Educación,CONSERVACIÓN COLEGIOS Y OTROS CENTROS EDUCATIVOS DTO. FUENCARRAL-EL PARDO,,126333.26,
2014,X05,Educación,COLEGIO PÚBLICO GABRIELA MISTRAL. OBRAS DE CONSERVACIÓN,,380.19,380.19
2014,X05,Educación,COLEGIO PÚBLICO JOSÉ BERGAMÍN. OBRAS DE ACONDICIONAMIENTO INTERIOR Y EXTERIOR,,30192.08,30192.08
2014,X05,Educación,COLEGIO PÚBLICO ALHAMBRA. ACONDICIONAMIENTO INTERIOR Y EXTERIOR,,16204.83,16204.83
2014,X05,Educación,COLEGIO PÚBLICO JORGE GUILLÉN. ACONDICIONAMIENTO INTERIOR Y EXTERIOR,,13200.37,13200.37
2014,X05,Educación,COLEGIO PÚBLICO MIRASIERRA. ACONDICIONAMIENTO INTERIORES Y EXTERIORES,,15045.32,15045.32
2014,X05,Educación,COLEGIO PÚBLICO MONTE DE EL PARDO. OBRAS DE CONSERVACIÓN,,8570.92,8570.92
2014,X05,Educación,COLEGIO PÚBLICO PRÍNCIPE DE ASTURIAS. OBRAS DE CONSERVACIÓN,,1515.6,1515.6
2014,X05,Educación,COLEGIO PÚBLICO LA ROSA DEL AZAFRÁN .OBRAS DE CONSERVACIÓN,,14044.14,14044.14
2014,X05,Educación,COLEGIO PÚBLICO LORENZO LUZURIAGA. OBRAS DE REFORMA,,31952.41,31952.41
2014,X05,Educación,ESCUELA INFANTIL LA CORTE DEL FARAÓN. OBRAS DE CONSERVACIÓN,,6569.62,6569.62
2014,X05,Educación,ESCUELA INFANTIL LA CARACOLA. OBRAS DE CONSERVACIÓN,,18223.31,18223.31
2014,X05,Educación,"COLEGIO PÚBLICO ENRIQUE GRANADOS, C/ VIRGEN DE ARÁNZAZU, 15. CONSERVACIÓN",,642.13,642.13
2014,X05,Educación,CENTRO EDUCACIÓN ESPECIAL LA QUINTA. OBRAS DE CONSERVACIÓN,,14426.5,14426.5
2014,X05,Educación,CENTRO EDUCACIÓN ESPECIAL FRANCISCO DEL POZO. OBRAS DE CONSERVACIÓN,,12823.46,12823.46
2014,X05,Educación,COLEGIO PÚBLICO RABINDRANATH TAGORE. OBRAS DE CONSERVACIÓN,,31832.0,31832.0
2014,X05,Educación,COLEGIO PÚBLICO INFANTA LEONOR. OBRAS DE CONSERVACIÓN,,1214.95,1214.95
2014,X05,Educación,COLEGIO PÚBLICO CARDENAL HERRERA ORIA. OBRAS DE CONSERVACIÓN,,37017.11,37017.11
2014,X05,Educación,COLEGIO PÚBLICO LEOPOLDO CALVO SOTELO. OBRAS DE CONSERVACIÓN,,11096.75,11096.75
2014,X05,Educación,COLEGIO PÚBLICO BRAVO MURILLO. OBRAS DE CONSERVACIÓN,,21604.2,21604.2
2014,X05,Educación,COLEGIO PÚBLICO REPÚBLICA DEL PARAGUAY. OBRAS DE CONSERVACIÓN,,11421.61,11421.61
2014,X05,Educación,COLEGIO PÚBLICO PRÍNCIPE FELIPE. OBRAS DE ACONDICIONAMIENTO,,85620.68,85620.68
2014,X05,Educación,COLEGIO PÚBLICO BREOGÁN. OBRAS DE ACONDICIONAMIENTO,,59347.69,59347.69
2014,X05,Educación,COLEGIO PÚBLICO ANTONIO FONTAN. OBRAS DE CONSERVACIÓN,,16020.25,16020.25
2014,X05,Educación,COLEGIO PÚBLICO LUIS DE GÓNGORA. OBRAS DE CONSERVACIÓN,,4700.06,4700.06
2014,X05,Educación,CENTRO EDUCACIÓN PERSONAS ADULTAS JOSÉ LUIS SAMPEDRO. OBRAS DE CONSERVACIÓN,,4795.29,4795.29
2014,X05,Educación,COLEGIO PÚBLICO JOSEP TARRADELLAS. OBRAS DE CONSERVACIÓN,,4935.53,4935.53
2014,X05,Educación,COLEGIO PÚBLICO GUATEMALA. OBRAS DE ACONDICIONAMIENTO,,42831.01,42831.01
2014,X05,Educación,COLEGIO PÚBLICO MIRASIERRA. OBRAS DE ADECUACIÓN EN CUBIERTA,,34298.62,34298.62
2014,X05,Educación,COLEGIO PÚBLICO ALHAMBRA. OBRAS DE CONSERVACIÓN,,5843.23,5843.23
2014,X05,Educación,CENTRO EDUCACIÓN ESPECIAL FRANCISCO DEL POZO. MEJORA CUBIERTA Y FACHADA,,32682.81,32682.81
2014,X05,Educación,COLEGIO PÚBLICO PRÍNCIPE DE ASTURIAS. OBRAS DE ACONDICIONAMIENTO,,28025.8,28025.8
2014,X05,Educación,COLEGIO PÚBLICO LORENZO LUZURIAGA. ACONDICIONAMIENTO EXTERIORES,,31038.47,31038.47
2014,X05,Educación,ESCUELA INFANTIL LA CORTE DEL FARAÓN. ACONDICIONAMIENTO FACHADA,,32331.59,32331.59
2014,X00,Inversiones de carácter general,,,280624.7,130569.43
2014,X00,Inversiones de carácter general,EQUIPAMIENTO SERVICIOS ADMINISTRATIVOS DISTRITO DE FUENCARRAL-EL PARDO,,2498.0,2475.9
2014,X00,Inversiones de carácter general,EDIFICIO SEDE DISTRITO FUENCARRAL-EL PARDO. OBRAS DE ACONDICIONAMIENTO,,57423.02,57423.02
2014,X00,Inversiones de carácter general,OBRAS CONSERVACIÓN EDIFICIOS DISTRITO FUENCARRAL-EL PARDO,,150033.17,
2014,X00,Inversiones de carácter general,EDIFICIO SEDE DISTRITO FUENCARRAL-EL PARDO. ACONDICIONAMIENTO GARAJE,,22562.12,22562.12
2014,X00,Inversiones de carácter general,EDIFICIO SEDE DISTRITO FUENCARRAL-EL PARDO. OBRAS DE CONSERVACIÓN,,211.65,211.65
2014,X00,Inversiones de carácter general,IFS-SEDE DISTRITO DE FUENCARRAL-EL PARDO. ACONDICIONAMIENTO Y AHORRO ENERGÉTICO,,47896.74,47896.74
2014,X04,Salud pública,,,10260.8,10260.8
2014,X04,Salud pública,"CENTRO MADRID SALUD FUENCARRAL. C/ MONFORTE DE LEMOS, 38. OBRAS DE REFORMA",,10260.8,10260.8
2015,X01,Protección Civil y seguridad ciudadana,,,105928.62,104683.45
2015,X01,Protección Civil y seguridad ciudadana,"EQUIPAMIENTO PARQUE DE BOMBEROS Nº 9, AV. MONFORTE DE LEMOS, 20",,787.71,
2015,X01,Protección Civil y seguridad ciudadana,"PARQUE DE BOMBEROS Nº 9, AV. MONFORTE DE LEMOS, 20. OBRAS DE REFORMA",,105140.91,104683.45
2015,X12,Otros bienes públicos de carácter social,,,3294.33,3294.33
2015,X12,Otros bienes públicos de carácter social,EQUIPAMIENTO OFICINA ATENCIÓN AL CIUDADANO LÍNEA MADRID DISTRITO FUENCARRAL,,3294.33,3294.33
2015,X10,Cultura,,,172263.07,158253.31
2015,X10,Cultura,TEMPLETE PARQUE DE FUENCARRAL. OBRAS DE CONSERVACIÓN,,10147.91,10147.91
2015,X10,Cultura,CENTRO CULTURAL ALFREDO KRAUS. OBRAS DE ACONDICIONAMIENTO,,46969.02,46969.02
2015,X10,Cultura,EQUIPAMIENTO BIBLIOTECA PÚBLICA JOSÉ SARAMAGO,,13297.9,
2015,X10,Cultura,OTRO MOBILIARIO Y ENSERES ACTIVIDADES CULTURALES AL AIRE LIBRE DISTRITO FUENCARRAL,,12000.0,11288.14
2015,X10,Cultura,CENTRO INTERPRETACIÓN DE LA NATURALEZA MONTECARMELO. OBRAS DE ACONDICIONAMIENTO,,89848.24,89848.24
2015,X11,"Deportes, juventud y esparcimiento",,,507287.02,495534.99
2015,X11,"Deportes, juventud y esparcimiento",CENTRO DEPORTIVO LA MASÓ. ADECUACIÓN ACCESIBILIDAD PISCINA CUBIERTA,,237.5,237.5
2015,X11,"Deportes, juventud y esparcimiento",EQUIPAMIENTO CENTRO JUVENIL EL PARDO,,449.0,449.0
2015,X11,"Deportes, juventud y esparcimiento",EQUIPAMIENTO CENTRO JUVENIL DE HONTALBILLA,,302.0,302.0
2015,X11,"Deportes, juventud y esparcimiento",EQUIPAMIENTO CENTRO DEPORTIVO MUNICIPAL LA MASÓ,,6200.0,4322.85
2015,X11,"Deportes, juventud y esparcimiento",OBRAS DE CONSERVACIÓN INSTALACIONES DEPORTIVAS DISTRITO DE FUENCARRAL EL PARDO,,9874.73,
2015,X11,"Deportes, juventud y esparcimiento","CENTRO DEPORTIVO LA MASÓ, C/ LA MASÓ, 80. OBRAS DE CONSERVACIÓN",,14800.54,14800.54
2015,X11,"Deportes, juventud y esparcimiento",CENTRO DEPORTIVO LA VAGUADA. REPARACIONES ESTRUCTURALES Y CUBIERTA PISCINA,,140394.04,140394.03
2015,X11,"Deportes, juventud y esparcimiento",CENTRO DEPORTIVO VICENTE DEL BOSQUE. ACONDICIONAMIENTO PISCINA INVIERNO,,30853.83,30853.82
2015,X11,"Deportes, juventud y esparcimiento",CENTRO DEPORTIVO VICENTE DEL BOSQUE. OBRAS DE CONSERVACIÓN,,48885.06,48884.93
2015,X11,"Deportes, juventud y esparcimiento",CENTRO DEPORTIVO VICENTE DEL BOSQUE. OBRAS DE MEJORA EN LA OFICINA-TAQUILLA,,26836.28,26836.28
2015,X11,"Deportes, juventud y esparcimiento",CENTRO DEPORTIVO LA VAGUADA. OBRAS DE SANEAMIENTO Y REPARACIÓN,,105148.02,105148.02
2015,X11,"Deportes, juventud y esparcimiento",CENTRO DEPORTIVO VICENTE DEL BOSQUE. OBRAS DE ACONDICIONAMIENTO,,86668.99,86668.99
2015,X11,"Deportes, juventud y esparcimiento","DEPORTIVO BÁSICO BARRIO DE SANTA ANA, C/ BRAILLE, 11. INSTALACIÓN DE VALLADO",,29665.51,29665.51
2015,X11,"Deportes, juventud y esparcimiento",CENTRO JUVENIL EL PARDO. ACONDICIONAMIENTO INTERIOR Y EXTERIOR,,6971.52,6971.52
2015,X06,Urbanismo,,,2441599.42,1641568.67
2015,X06,Urbanismo,"C/ ALEJANDRO CASONA, 38 C/V. ANGELITA CAMARERO. OBRAS DE URBANIZACIÓN",,28925.62,
2015,X06,Urbanismo,ADQUISICIÓN DE SUELO CONEXIÓN VENTISQUERO DE LA CONDESA M-40. VIARIO,,11536.61,
2015,X06,Urbanismo,ADQUISICIÓN DE SUELO M-40 DISTRIBUIDOR NORTE,,749511.34,749511.34
2015,X06,Urbanismo,ARROYO DEL FRESNO. JUNTA DE COMPENSACIÓN,,226058.0,226058.0
2015,X06,Urbanismo,ÁREA DE PLANEAMIENTO INCORPORADO SANDALIA NAVAS 08.13,,120152.63,60074.32
2015,X06,Urbanismo,ADQUISICIÓN SUELO CONEXIÓN C/VENTISQUERO DE LA CONDESA-COSTA BRAVA,,7731.02,7731.02
2015,X06,Urbanismo,ADQUISICIÓN DE SUELO ACTUACIÓN AISLADA C/ ISLAS ANTÍPODAS Y C/ SARDINETA,,357182.0,321739.94
2015,X06,Urbanismo,"ADQUISICIÓN DE SUELO AVDA. CARDENAL HERRERA ORIA, 79",,380874.87,178445.36
2015,X06,Urbanismo,"API SANDALIA NAVAS 08.13, C/ ISLAS MARSHALL. POLÍGONO DE COOPERACIÓN",,12500.0,9725.22
2015,X06,Urbanismo,"ADQUISICIÓN DE SUELO C/ ISLAS BAHAMAS, S/N",,3611.28,3611.28
2015,X06,Urbanismo,ADQUISICIÓN DE SUELO C/ DE LOS CONCEJALES,,73401.91,73401.91
2015,X06,Urbanismo,ÁREA DE PLANEAMIENTO REMITIDO 08.01 CALLE CANTALEJO. COMPENSACIÓN,,24402.0,11270.28
2015,X06,Urbanismo,ADQUISICIÓN DE SUELO AV. DEL LLANO CASTELLANO,,419513.79,
2015,X06,Urbanismo,C/JUAN AGÜI. URBANIZACIÓN,,26198.35,
2015,X07,Infraestructuras,,,922694.97,921447.87
2015,X07,Infraestructuras,VÍAS DE SERVICIO DE LA N-I. CONSTRUCCIÓN,,737251.41,736004.31
2015,X07,Infraestructuras,CALLE 30. REHABILITACIÓN ESTRUCTURA PASO BAJO C/ SANTIAGO DE COMPOSTELA,,58180.15,58180.15
2015,X07,Infraestructuras,CALLE 30. REHABILITACIÓN ESTRUCTURA PASO BAJO LA PLAZA ISLA TABARCA,,122508.51,122508.51
2015,X07,Infraestructuras,ANILLO VERDE CICLISTA DISTRITO FUENCARRAL-EL PARDO. OBRAS DE REMODELACIÓN,,4754.9,4754.9
2015,X08,Mantenimiento urbano,,,104173.64,4173.64
2015,X08,Mantenimiento urbano,HIDRANTES DISTRITO FUENCARRAL-EL PARDO. INSTALACIÓN,,4173.64,4173.64
2015,X08,Mantenimiento urbano,"BARRIO VIRGEN DE BEGOÑA. MEJORA DE ITINERARIOS, RAMPAS Y PAVIMENTO VIARIO",,100000.0,
2015,X09,Medio ambiente,,,6695260.31,1859005.7
2015,X09,Medio ambiente,COLECTOR EN LA SUBCUENCA DE PINOS. CONSTRUCCIÓN,,6447025.0,1841136.02
2015,X09,Medio ambiente,PLATAFORMAS PARA LA PRÁCTICA DE LA PESCA EN EL RÍO MANZANARES - ÁMBITO DEL PARDO,,17985.31,17869.68
2015,X09,Medio ambiente,IFS-PLATAFORMAS PARA LA PRÁCTICA DE LA PESCA EN EL RÍO MANZANARES - ÁMBITO DEL PARDO,,230250.0,
2015,X03,Protección y promoción social,,,507672.42,505458.09
2015,X03,Protección y promoción social,CENTRO ATENCIÓN INFANCIA CAI 5 FUENCARRAL-PARDO/MONCLOA-ARAVACA. PLACA IDENTIFICATIVA,,300.0,264.69
2015,X03,Protección y promoción social,CENTRO DE MAYORES ALFONSO XII. ADAPTACIÓN A NORMATIVA DE SEGURIDAD Y ACCESIBILIDAD,,65782.82,65782.82
2015,X03,Protección y promoción social,CENTRO DE DÍA FRAY LUIS DE LEÓN. ADAPTACIÓN NORMATIVA DE SEGURIDAD Y ACCESIBILIDAD,,56895.79,56895.79
2015,X03,Protección y promoción social,CENTRO DE DÍA DE MAYORES PEÑAGRANDE. ADAPTACIÓN NORMATIVA SEGURIDAD Y ACCESIBILIDAD,,208693.81,206517.08
2015,X03,Protección y promoción social,IFS-CENTRO SERVICIOS SOCIALES SAN VICENTE PAÚL.ORGANIZACIÓN ESPACIOS Y EFICIENCIA ENRGÉTICA,,46000.0,45997.71
2015,X03,Protección y promoción social,IFS-CENTRO SERVICIOS SOCIALES BADALONA.MEJORA CERRAMIENTO FACHADA SUR Y EFICIENCIA ENERGÉTICA,,130000.0,130000.0
2015,X05,Educación,,,918434.61,831535.72
2015,X05,Educación,"COLEGIO PÚBLICO RABINDRANATH TAGORE, C/ JULIO PALACIOS, 35. ACONDICIONAMIENTO",,44001.4,44001.4
2015,X05,Educación,"COLEGIO PÚBLICO BREOGÁN, C/ GINZO DE LIMIA, 2. OBRAS DE ACONDICIONAMIENTO",,49760.04,49760.04
2015,X05,Educación,CENTRO EDUCACIÓN ESPECIAL FRANCISCO DEL POZO. OBRAS DE ACONDICIONAMIENTO,,42452.32,42452.32
2015,X05,Educación,COLEGIO PÚBLICO CAMILO JOSÉ CELA. OBRAS DE ACONDICIONAMIENTO,,58654.1,58654.1
2015,X05,Educación,EQUIPAMIENTO ESCUELA INFANTIL LA CARACOLA,,3970.39,3970.39
2015,X05,Educación,COLEGIO PÚBLICO GABRIELA MISTRAL. OBRAS DE CONSERVACIÓN,,12251.42,12251.42
2015,X05,Educación,COLEGIO PÚBLICO ALHAMBRA. ACONDICIONAMIENTO INTERIOR Y EXTERIOR,,37564.52,37564.52
2015,X05,Educación,COLEGIO PÚBLICO JORGE GUILLÉN. ACONDICIONAMIENTO INTERIOR Y EXTERIOR,,35553.13,35553.13
2015,X05,Educación,COLEGIO PÚBLICO INFANTA LEONOR. OBRAS DE CONSERVACIÓN,,8924.75,8924.75
2015,X05,Educación,COLEGIO PÚBLICO REPÚBLICA DEL PARAGUAY. OBRAS DE CONSERVACIÓN,,14999.12,14999.12
2015,X05,Educación,COLEGIO PÚBLICO PRÍNCIPE FELIPE. OBRAS DE ACONDICIONAMIENTO,,47008.26,47008.26
2015,X05,Educación,ESCUELA INFANTIL LA CARACOLA. PLACA IDENTIFICATIVA,,565.07,565.07
2015,X05,Educación,ESCUELA INFANTIL LA ROSA DEL AZAFRÁN. INSTALACIÓN DE PÉRGOLA,,2216.23,2216.23
2015,X05,Educación,ESCUELA INFANTIL LA CORTE DEL FARAÓN. PLACA IDENTIFICATIVA,,566.13,566.13
2015,X05,Educación,ESCUELA INFANTIL LA ROSA DEL AZAFRÁN. PLACA IDENTIFICATIVA,,566.13,566.13
2015,X05,Educación,OBRAS CONSERVACIÓN CENTROS DOCENTES ENSEÑANZA DISTRITO FUENCARRAL-EL PARDO,,80701.59,
2015,X05,Educación,COLEGIO PÚBLICO JOSÉ BERGAMÍN. OBRAS DE ACONDICIONAMIENTO,,26400.71,26400.71
2015,X05,Educación,COLEGIO PÚBLICO CARDENAL HERRERA ORIA. OBRAS DE ACONDICIONAMIENTO,,57778.6,57778.6
2015,X05,Educación,COLEGIO PÚBLICO MONTE DEL PARDO. OBRAS DE CONSERVACIÓN,,14322.71,14322.71
2015,X05,Educación,"COLEGIO PÚBLICO LUIS DE GÓNGORA, C/ SARRIÁ, 49. OBRAS DE ACONDICIONAMIENTO",,31247.26,31247.26
2015,X05,Educación,"COLEGIO PÚBLICO LORENZO LUZURIAGA, C/ VALENCIA DE DON JUAN, 13. ACONDICIONAMIENTO",,38843.08,38843.08
2015,X05,Educación,"COLEGIO PÚBLICO ANTONIO FONTAN, AV. SANTUARIO DE VALVERDE, 71. CONSERVACIÓN",,13270.77,13270.77
2015,X05,Educación,CENTRO EDUCACIÓN ESPECIAL LA QUINTA. ACONDICIONAMIENTO INTERIOR Y EXTERIOR,,49981.62,49981.62
2015,X05,Educación,COLEGIO PÚBLICO MIRASIERRA. ACONDICIONAMIENTO INTERIOR Y EXTERIOR,,31403.0,31403.0
2015,X05,Educación,COLEGIO PÚBLICO PRÍNCIPE DE ASTURIAS. ACONDICIONAMIENTO INTERIOR Y EXTERIOR,,24937.29,24937.29
2015,X05,Educación,COLEGIO PÚBLICO VASCO NÚÑEZ DE BALBOA. ACONDICIONAMIENTO INTERIOR Y EXTERIOR,,11682.51,11682.51
2015,X05,Educación,COLEGIO PÚBLICO LEOPOLDO CALVO SOTELO. ACONDICIONAMIENTO INTERIOR Y EXTERIOR,,22623.01,22623.01
2015,X05,Educación,COLEGIO PÚBLICO BRAVO MURILLO. ACONDICIONAMIENTO INTERIOR Y EXTERIOR,,56071.04,49873.74
2015,X05,Educación,ESCUELA INFANTIL LA ROSA DEL AZAFRÁN. OBRAS DE CONSERVACIÓN,,11059.56,11059.56
2015,X05,Educación,COLEGIO PÚBLICO JOSEP TARRADELLAS. CONSERVACIÓN,,11176.36,11176.36
2015,X05,Educación,ESCUELA INFANTIL LA CARACOLA. CONSERVACIÓN,,20542.32,20542.32
2015,X05,Educación,ESCUELA INFANTIL LA CORTE DEL FARAÓN. CONSERVACIÓN,,14672.51,14672.51
2015,X05,Educación,CENTRO EDUCACIÓN PERSONAS ADULTAS JOSÉ LUIS SAMPEDRO. OBRAS DE ACONDICIONAMIENTO,,42667.66,42667.66
2015,X00,Inversiones de carácter general,,,344096.48,106838.27
2015,X00,Inversiones de carácter general,"ERMITA DE SAN ROQUE, C/ ANTONIO CABEZÓN S/N. ADOPCIÓN MEDIDAS DE SEGURIDAD",,1021.93,1021.93
2015,X00,Inversiones de carácter general,"EDIFICIO AVENIDA LLANO CASTELLANO, 26. ADOPCIÓN MEDIDAS DE SEGURIDAD",,9728.32,9728.31
2015,X00,Inversiones de carácter general,EQUIPAMIENTO SERVICIOS ADMINISTRATIVOS DISTRITO FUENCARRAL-EL PARDO,,20800.0,14089.34
2015,X00,Inversiones de carácter general,OBRAS DE CONSERVACIÓN EDIFICIOS DISTRITO DE FUENCARRAL-EL PARDO,,230546.23,
2015,X00,Inversiones de carácter general,IFS-SEDE DISTRITO FUENCARRAL-EL PARDO.ADECUACIÓN CARPINTERÍA VENTANAS Y EFICIENCIA ENERGÉTICA,,82000.0,81998.69
2015,X04,Salud pública,,,999.46,999.46
2015,X04,Salud pública,"CENTRO MADRID SALUD FUENCARRAL, AV. MONFORTE DE LEMOS, 38. SEÑALIZACIÓN",,999.46,999.46
2016,X01,Protección Civil y seguridad ciudadana,,,347877.1,312558.89
2016,X01,Protección Civil y seguridad ciudadana,"PARQUE DE BOMBEROS Nº 9, AV. MONFORTE DE LEMOS, 20. OBRAS DE REFORMA",,339040.71,303722.5
2016,X01,Protección Civil y seguridad ciudadana,EQUIPAMIENTO UNIDAD INTEGRAL POLICÍA MUNICIPAL DISTRITO FUENCARRAL-EL PARDO,,5672.24,5672.24
2016,X01,Protección Civil y seguridad ciudadana,"PARQUE DE BOMBEROS Nº 9, AV. MONFORTE DE LEMOS, 20. INSTALACIONES",,3164.15,3164.15
2016,X12,Otros bienes públicos de carácter social,,,1244.36,1244.36
2016,X12,Otros bienes públicos de carácter social,OTRO EQUIPAMIENTO OFICINA ATENCIÓN AL CIUDADANO LÍNEA MADRID DISTRITO FUENCARRAL-EL PARDO,,931.09,931.09
2016,X12,Otros bienes públicos de carácter social,OFICINA AUXILIAR ATENCIÓN A LA CIUDADANÍA LÍNEA MADRID EL PARDO. SEÑALIZACIÓN,,92.93,92.93
2016,X12,Otros bienes públicos de carácter social,OFICINA AUXILIAR ATENCIÓN A LA CIUDADANÍA LÍNEA MADRID VALVERDE. SEÑALIZACIÓN,,92.93,92.93
2016,X12,Otros bienes públicos de carácter social,OFICINA ATENCIÓN A LA CIUDADANÍA LÍNEA MADRID FUENCARRAL-EL PARDO. SEÑALIZACIÓN,,127.41,127.41
2016,X10,Cultura,,,843310.73,298616.03
2016,X10,Cultura,EQUIPAMIENTO CENTRO SOCIOCULTURAL MONTECARMELO,,6328.15,6328.15
2016,X10,Cultura,TEATRO DE MADRID. OBRAS DE REHABILITACIÓN Y REPARACIÓN,,21500.0,21223.4
2016,X10,Cultura,BIBLIOTECA PÚBLICA JOSÉ SARAMAGO. OBRAS DE REHABILITACIÓN Y REPARACIÓN,,20449.0,20449.0
2016,X10,Cultura,BIBLIOTECA PÚBLICA JOSÉ SARAMAGO. DOTACIÓN DE MOBILIARIO Y ENSERES,,13068.0,13068.0
2016,X10,Cultura,BIBLIOTECA PÚBLICA JOSÉ SARAMAGO. EQUIPOS DE COMUNICACIÓN DISCAPACITADOS AUDITIVOS,,533.03,533.03
2016,X10,Cultura,IFS-ANTIGUAS OFICINAS DEL TEATRO DE MADRID. OBRAS DE REHABILITACION Y REPARACION,,524000.0,
2016,X10,Cultura,EQUIPAMIENTO CENTRO SOCIOCULTURAL RAFAEL DE LEÓN,,5100.0,2104.11
2016,X10,Cultura,PANELES EXPOSITORES PARA CENTROS CULTURALES DEL DISTRITO DE FUENCARRAL-EL PARDO,,2323.2,2323.2
2016,X10,Cultura,CARPAS MÓVILES PARA LOS CENTROS CULTURALES DEL DISTRITO FUENCARRAL-EL PARDO,,2797.52,2797.52
2016,X10,Cultura,CENTRO SOCIOCULTURAL ALFONSO XII. OBRAS DE CONSERVACIÓN,,13837.95,13837.87
2016,X10,Cultura,CENTRO CULTURAL ALFREDO KRAUS. OBRAS DE ACONDICIONAMIENTO INTERIOR,,55719.11,55580.6
2016,X10,Cultura,CENTRO SOCIO CULTURAL MONTECARMELO. OBRAS DE CONSERVACIÓN,,13324.92,13324.92
2016,X10,Cultura,AUDITORIO AL AIRE LIBRE PARQUE LA VAGUADA. OBRAS DE CONSERVACIÓN,,15676.26,5776.25
2016,X10,Cultura,CENTRO CULTURAL VALLE INCLÁN. OBRAS DE ACONDICIONAMIENTO INTERIOR Y EXTERIOR,,48653.59,41847.26
2016,X10,Cultura,CENTRO CULTURAL VALVERDE. REFORMA Y ADAPTACIÓN  DE ESPACIOS,,100000.0,99422.72
2016,X11,"Deportes, juventud y esparcimiento",,,1842444.82,787202.87
2016,X11,"Deportes, juventud y esparcimiento",CENTRO DEPORTIVO LA MASÓ. ADECUACIÓN ACCESIBILIDAD PISCINA CUBIERTA,,89866.76,35910.87
2016,X11,"Deportes, juventud y esparcimiento",EQUIPAMIENTO CENTRO JUVENIL EL PARDO,,600.1,600.1
2016,X11,"Deportes, juventud y esparcimiento",IFS-PISCINA DEL CENTRO DEPORTIVO LA VAGUADA. OBRAS DE ACCESIBILIDAD,,45000.0,40521.96
2016,X11,"Deportes, juventud y esparcimiento",EQUIPAMIENTO CENTRO JUVENIL HONTALBILLA,,888.45,888.45
2016,X11,"Deportes, juventud y esparcimiento",INSTALACIONES DEPORTIVAS EN EL BARRIO LAS TABLAS. ACONDICIONAMIENTO,,287326.32,
2016,X11,"Deportes, juventud y esparcimiento",CENTRO DEPORTIVO VICENTE DEL BOSQUE. MERENDEROS,,9738.08,9738.08
2016,X11,"Deportes, juventud y esparcimiento",EQUIPAMIENTO CENTRO DEPORTIVO VICENTE DEL BOSQUE,,5427.0,5426.85
2016,X11,"Deportes, juventud y esparcimiento","CENTRO DEPORTIVO LA VAGUADA, AV. MONFORTE DE LEMOS, 38. OBRAS DE CONSERVACIÓN",,30866.39,30866.39
2016,X11,"Deportes, juventud y esparcimiento","CENTRO DEPORTIVO VICENTE DEL BOSQUE, AV. MONFORTE DE LEMOS, 13. CONSERVACIÓN",,4629.5,4629.5
2016,X11,"Deportes, juventud y esparcimiento","CENTRO DEPORTIVO SANTA ANA, Pº DE LAS ALAMEDILLAS, 5. OBRAS DE CONSERVACIÓN",,649.0,649.0
2016,X11,"Deportes, juventud y esparcimiento",CENTRO DEPORTIVO VICENTE DEL BOSQUE. MATERIAL VALORACIÓN CONDICIÓN FÍSICA Y SALUD PERSONAS,,5318.74,5318.74
2016,X11,"Deportes, juventud y esparcimiento",IFS-CENTRO DEPORTIVO MUNICIPAL VICENTE DEL BOSQUE. MEJORA INSTALACIONES  DE ILUMINACIÓN Y CLIMATIZACIÓN,,70000.0,70000.0
2016,X11,"Deportes, juventud y esparcimiento",IFS-EDIFICIO CENTRO NORTE JÓVEN. ACONDICIONAMIENTO Y ADAPTACIÓN PARA ACTIVIDADES SOCIALES Y CULTURALES,,200000.0,190776.49
2016,X11,"Deportes, juventud y esparcimiento","IFS-DEPORTIVO BÁSICO LA CABRERA, C/CÁNDIDO MATEO, S/N. INSTALACIÓN DE CÉSPED EN CAMPO DE FÚTBOL",,700000.0,
2016,X11,"Deportes, juventud y esparcimiento",CENTRO DEPORTIVO VICENTE DEL BOSQUE. ADECUACIÓN RED INTERIOR SUMINISTRO DE AGUA,,160067.66,160067.66
2016,X11,"Deportes, juventud y esparcimiento",CENTRO DEPORTIVO LA MASÓ. OBRAS ADAPTACIÓN PREVENCIÓN RIESGOS LABORALES,,69377.12,69377.08
2016,X11,"Deportes, juventud y esparcimiento",CENTRO DEPORTIVO LA MASÓ. OBRAS DE ACONDICIONAMIENTO,,48120.71,48120.71
2016,X11,"Deportes, juventud y esparcimiento",DEPORTIVO BÁSICO BRUNETE. OBRAS DE ACONDICIONAMIENTO,,26363.86,26363.86
2016,X11,"Deportes, juventud y esparcimiento",CENTRO DEPORTIVO LA MASÓ. OBRAS DE CONSERVACIÓN,,16805.32,16805.32
2016,X11,"Deportes, juventud y esparcimiento",CENTRO DEPORTIVO SANTA ANA. MOBILIARIO,,250.0,121.0
2016,X11,"Deportes, juventud y esparcimiento",CENTRO DEPORTIVO LA VAGUADA. MOBILIARIO,,250.0,121.0
2016,X11,"Deportes, juventud y esparcimiento",CENTRO JUVENIL HONTALBILLA. OBRAS DE CONSERVACIÓN,,3899.81,3899.81
2016,X11,"Deportes, juventud y esparcimiento",IFS-CENTRO DEPORTIVO MUNICIPAL LA VAGUADA. MEJORA INSTALACIONES DE ILUMINACIÓN,,17000.0,17000.0
2016,X11,"Deportes, juventud y esparcimiento",IFS-CENTRO DEPORTIVO MUNICIPAL LA MASO. MEJORA INSTALACIONES DE ILUMINACIÓN,,50000.0,50000.0
2016,X06,Urbanismo,,,811222.91,681293.12
2016,X06,Urbanismo,"C/ ALEJANDRO CASONA, 38 C/V. ANGELITA CAMARERO. OBRAS DE URBANIZACIÓN",,28925.62,
2016,X06,Urbanismo,ÁREA DE PLANEAMIENTO INCORPORADO SANDALIA NAVAS 08.13,,60078.31,
2016,X06,Urbanismo,ADQUISICIÓN SUELO C/ARROYO FRESNO Y AV.CARDENAL HERRERA ORIA. VIARIO,,75277.36,75277.36
2016,X06,Urbanismo,"ADQUISICIÓN DE SUELO AVDA. CARDENAL HERRERA ORIA, 79",,92890.42,92890.42
2016,X06,Urbanismo,ÁREA DE PLANEAMIENTO REMITIDO 08.01 CALLE CANTALEJO. COMPENSACIÓN,,19521.6,19521.6
2016,X06,Urbanismo,ADQUISICIÓN DE SUELO AV. DEL LLANO CASTELLANO,,443817.01,443817.01
2016,X06,Urbanismo,C/JUAN AGÜI. URBANIZACIÓN,,26198.35,19867.25
2016,X06,Urbanismo,ADECUACIÓN VIALES Y ACCESIBILIDAD EN DISTRITO FUENCARRAL-EL PARDO,,64514.24,29919.48
2016,X07,Infraestructuras,,,1687815.3,1687815.3
2016,X07,Infraestructuras,CALLE 30. REHABILITACIÓN ESTRUCTURA PASO BAJO C/ SANTIAGO DE COMPOSTELA,,164999.69,164999.69
2016,X07,Infraestructuras,CALLE 30. REHABILITACIÓN ESTRUCTURA PASO BAJO LA PLAZA ISLA TABARCA,,379709.68,379709.68
2016,X07,Infraestructuras,CALLE 30. REHABILITACIÓN PUENTE DEL NUDO DE MANOTERAS,,419578.1,419578.1
2016,X07,Infraestructuras,CALLE 30. REHABILITACIÓN PASO SOBRE DESVÍO DE LA M-30 A CARRETERA DEL PARDO,,723527.83,723527.83
2016,X08,Mantenimiento urbano,,,631041.32,179517.7
2016,X08,Mantenimiento urbano,HIDRANTES DISTRITO FUENCARRAL-EL PARDO. INSTALACIÓN,,6871.53,6871.53
2016,X08,Mantenimiento urbano,"ENTORNO DEPORTIVO BÁSICO Bº SANTA ANA.MEJORA ESPACIOS PÚBLICOS, PAISAJE Y ACCESIBILIDAD",,50000.0,
2016,X08,Mantenimiento urbano,"PASEO RIBERA DEL MANZANARES Y OTRAS.ESPACIOS PÚBLICOS,CALIDAD PAISAJÍSTICA Y ACCESIBILIDAD",,50000.0,
2016,X08,Mantenimiento urbano,PAVIMENTACIÓN CALZADAS BARRIOS EN DISTRITO FUENCARRAL-EL PARDO. FASE I,,158806.79,82740.58
2016,X08,Mantenimiento urbano,IFS-CANTÓN EL PARDO. MEJORA DE AISLAMIENTO Y PANELES SOLARES AGUA CALIENTE SANITARIA,,100000.0,89905.59
2016,X08,Mantenimiento urbano,"COLONIA LA COMA. MEJORA DE ESPACIOS PÚBLICOS, CALIDAD PAISAJÍSTICA Y ACCESIBILIDAD",,50000.0,
2016,X08,Mantenimiento urbano,"POBLADOS A Y B FUENCARRAL.MEJORA ESPACIOS PÚBLICOS, CALIDAD PAISAJÍSTICA Y ACCESIBILIDAD",,60000.0,
2016,X08,Mantenimiento urbano,"COLONIA VIRGEN DE BEGOÑA.MEJORA ESPACIOS PÚBLICOS, CALIDAD PAISAJÍSTICA Y ACCESIBILIDAD",,25000.0,
2016,X08,Mantenimiento urbano,ENTORNO ESPACIO DE MAYORES CONDE DE ELDA.MEJORA ESPACIOS PÚBLICOS Y ACCESIBILIDAD,,60000.0,
2016,X08,Mantenimiento urbano,PLAN DE BARRIO VIRGEN DE BEGOÑA. ELIMINACIÓN BARRERAS ARQUITECTÓNICAS,,70363.0,
2016,X09,Medio ambiente,,,1828966.86,163057.48
2016,X09,Medio ambiente,PLATAFORMAS PARA LA PRÁCTICA DE LA PESCA EN EL RÍO MANZANARES - ÁMBITO DEL PARDO,,215460.0,143334.48
2016,X09,Medio ambiente,IFS-MEDIANA DE LA CALLE GINZO DE LIMIA. REMODELACIÓN,,926726.86,
2016,X09,Medio ambiente,IFS-PARQUE ANA TUTOR. REMODELACIÓN Y MEJORA DE RED DE RIEGO AUTOMÁTICO,,686780.0,19723.0
2016,X03,Protección y promoción social,,,316800.94,302614.04
2016,X03,Protección y promoción social,EQUIPAMIENTO CENTRO DE MAYORES ALFONSO XII,,200.0,196.0
2016,X03,Protección y promoción social,EQUIPAMIENTO CENTRO DE MAYORES PEÑAGRANDE,,300.0,277.0
2016,X03,Protección y promoción social,EQUIPAMIENTO CENTRO DE MAYORES LA VAGUADA,,4200.0,3265.79
2016,X03,Protección y promoción social,IFS-CENTRO BÁSICO SERVICIOS SOCIALES C/BADALONA. MEJORA Y EFICIENCIA ENERGÉTICA:CERRAMIENTOS EXTERIORES,,200000.0,199999.93
2016,X03,Protección y promoción social,EQUIPAMIENTO CENTRO DE MAYORES GINZO DE LIMIA,,200.0,196.0
2016,X03,Protección y promoción social,EQUIPAMIENTO CENTRO DE DÍA DE MAYORES EL PARDO,,300.0,299.0
2016,X03,Protección y promoción social,CENTRO DE MAYORES LA VAGUADA. OBRAS DE CONSERVACIÓN,,21135.83,21135.83
2016,X03,Protección y promoción social,CENTRO DE MAYORES PEÑAGRANDE. OBRAS DE ACONDICIONAMIENTO,,34442.47,34442.47
2016,X03,Protección y promoción social,CENTRO DE DÍA PARA MENORES DEL DISTRITO DE FUENCARRAL-EL PARDO,,1484.05,1484.05
2016,X03,Protección y promoción social,CENTRO DE DÍA DE MAYORES FRAY LUIS DE LEÓN. OBRAS DE ACONDICIONAMIENTO,,24550.23,19675.24
2016,X03,Protección y promoción social,CENTRO DE MAYORES VOCAL VECINO JUSTO SIERRA. OBRAS DE ACONDICIONAMIENTO,,29988.36,21642.73
2016,X05,Educación,,,755679.17,754770.0
2016,X05,Educación,COLEGIO PÚBLICO LORENZO LUZURIAGA. OBRAS DE ACONDICIONAMIENTO,,39118.39,39117.95
2016,X05,Educación,CENTRO EDUCACIÓN ESPECIAL FRANCISCO DEL POZO. OBRAS DE ACONDICIONAMIENTO,,50752.35,50752.35
2016,X05,Educación,COLEGIO PÚBLICO CAMILO JOSÉ CELA. OBRAS DE ACONDICIONAMIENTO,,57989.5,57989.5
2016,X05,Educación,EQUIPAMIENTO ESCUELA INFANTIL LA CARACOLA,,1989.49,1816.94
2016,X05,Educación,EQUIPAMIENTO ESCUELA INFANTIL LA ROSA DEL AZAFRÁN,,153.84,
2016,X05,Educación,COLEGIO PÚBLICO BREOGÁN. OBRAS DE ACONDICIONAMIENTO,,80044.04,80044.04
2016,X05,Educación,COLEGIO PÚBLICO CARDENAL HERRERA ORIA. OBRAS DE ACONDICIONAMIENTO,,46602.99,46602.99
2016,X05,Educación,COLEGIO PÚBLICO MIRASIERRA. ACONDICIONAMIENTO INTERIOR Y EXTERIOR,,76674.58,76674.58
2016,X05,Educación,COLEGIO PÚBLICO VASCO NÚÑEZ DE BALBOA. ACONDICIONAMIENTO INTERIOR Y EXTERIOR,,71985.68,71985.68
2016,X05,Educación,EQUIPAMIENTO ESCUELA INFANTIL LA CORTE DEL FARAÓN,,577.34,
2016,X05,Educación,ESCUELA INFANTIL LA CARACOLA. OBRAS DE ACONDICIONAMIENTO,,69011.57,69011.57
2016,X05,Educación,COLEGIO PÚBLICO PRINCIPE DE ASTURIAS. ACONDICIONAMIENTO INTERIOR Y EXTERIOR,,23298.86,23298.86
2016,X05,Educación,COLEGIO PÚBLICO PRÍNCIPE FELIPE. ACONDICIONAMIENTO INTERIOR Y EXTERIOR,,108604.23,108604.23
2016,X05,Educación,COLEGIO PÚBLICO JOSÉ BERGAMÍN. ACONDICIONAMIENTO INTERIOR Y EXTERIOR,,20308.83,20308.83
2016,X05,Educación,COLEGIO PÚBLICO REPÚBLICA DEL PARAGUAY. ACONDICIONAMIENTO INTERIOR Y EXTERIOR,,44686.15,44686.15
2016,X05,Educación,COLEGIO PÚBLICO INFANTA LEONOR. OBRAS DE ACONDICIONAMIENTO,,30881.33,30876.91
2016,X05,Educación,ESCUELA DE MÚSICA CARMELO ALONSO BERNAOLA. OBRAS DE ACONDICIONAMIENTO,,33000.0,32999.42
2016,X00,Inversiones de carácter general,,,147569.98,134687.79
2016,X00,Inversiones de carácter general,EQUIPAMIENTO SERVICIOS ADMINISTRATIVOS DISTRITO FUENCARRAL-EL PARDO,,19520.65,16179.84
2016,X00,Inversiones de carácter general,OBRAS DE CONSERVACIÓN EDIFICIOS DISTRITO DE FUENCARRAL-EL PARDO,,31.38,
2016,X00,Inversiones de carácter general,SISTEMA INTEGRAL GRABACIÓN Y REPRODUCCIÓN SESIONES PLENARIAS DISTRITO FUENCARRAL,,7238.91,7238.91
2016,X00,Inversiones de carácter general,IFS-ERMITA DE SAN ROQUE. RESTAURACIÓN ESTRUCTURA DE MADERA EN CUBIERTA,,50000.0,49881.84
2016,X00,Inversiones de carácter general,EDIFICIO SEDE DISTRITO FUENCARRAL. OBRAS DE CONSERVACIÓN,,30361.52,29758.36
2016,X00,Inversiones de carácter general,"EDIFICIO C/ CELANOVA, 2. OBRAS DE ACONDICIONAMIENTO",,17387.19,17387.19
2016,X00,Inversiones de carácter general,EDIFICIO SEDE DISTRITO FUENCARRAL. ACONDICIONAMIENTO GARAJE,,23030.33,14241.65
2017,X01,Protección Civil y seguridad ciudadana,,,4695.81,4695.81
2017,X01,Protección Civil y seguridad ciudadana,UNIDAD INTEGRAL POLICÍA MUNICIPAL FUENCARRAL-EL PARDO. INSTALACIONES,,4695.81,4695.81
2017,X12,Otros bienes públicos de carácter social,,,64543.56,64365.02
2017,X12,Otros bienes públicos de carácter social,EQUIPAMIENTO OFICINA AUXILIAR ATENCIÓN AL CIUDADANO LÍNEA MADRID EL PARDO,,1045.44,1045.44
2017,X12,Otros bienes públicos de carácter social,EQUIPAMIENTO OFICINA ATENCIÓN AL CIUDADANO LÍNEA MADRID DISTRITO FUENCARRAL-EL PARDO,,2498.12,2498.12
2017,X12,Otros bienes públicos de carácter social,OFICINA ATENCIÓN AL CIUDADANO LÍNEA MADRID FUENCARRAL-EL PARDO. OBRAS ACCESIBILIDAD,,44000.0,43937.19
2017,X12,Otros bienes públicos de carácter social,OFICINA AUXILIAR ATENCIÓN AL CIUDADANO LÍNEA MADRID EL PARDO. OBRAS ACCESIBILIDAD,,4000.0,3929.45
2017,X12,Otros bienes públicos de carácter social,OFICINA AUXILIAR ATENCIÓN AL CIUDADANO LÍNEA MADRID VALVERDE. OBRAS ACCESIBILIDAD,,13000.0,12954.82
2017,X10,Cultura,,,1109187.66,245555.96
2017,X10,Cultura,BIBLIOTECA PÚBLICA JOSÉ SARAMAGO. OBRAS DE REHABILITACIÓN Y REPARACIÓN,,98535.36,
2017,X10,Cultura,AUDITORIO AL AIRE LIBRE PARQUE LA VAGUADA. OBRAS DE CONSERVACIÓN,,13567.91,13567.91
2017,X10,Cultura,CENTRO CULTURAL VALVERDE. REFORMA Y ADAPTACIÓN  DE ESPACIOS,,175000.0,108777.97
2017,X10,Cultura,EQUIPAMIENTO BIBLIOTECA JOSÉ SARAMAGO,,1775.07,1775.07
2017,X10,Cultura,ANTIGUAS OFICINAS TEATRO MADRID. REHABILITACIÓN,,18116.83,
2017,X10,Cultura,ERMITA DE SAN ROQUE. OBRAS DE RESTAURACIÓN,,20570.0,20570.0
2017,X10,Cultura,IFS-ERMITA DE SAN ROQUE. OBRAS DE RESTAURACIÓN,,200000.0,
2017,X10,Cultura,AULA DE ECOLOGIA EL PALOMAR DE LAS TABLAS. REHABILITACIÓN (ID: 4396),,69000.0,38640.13
2017,X10,Cultura,AULA DE ECOLOGIA EL PALOMAR DE LAS TABLAS. MEJORA ACCESO (ID: 4399),,104700.0,54688.5
2017,X10,Cultura,CENTROS CULTURALES DISTRITO FUENCARRAL-EL PARDO. REPOSICIÓN EXTINTORES,,931.0,625.33
2017,X10,Cultura,BIBLIOTECA PÚBLICA JOSÉ SARAMAGO. REPOSICIÓN EXTINTORES,,245.0,164.56
2017,X10,Cultura,"EDIFICIO C/ MANRESA, 1. OBRAS DE MEJORA",,6746.49,6746.49
2017,X10,Cultura,"IFS-CENTRO CULTURAL VALLE INCLÁN. INSTALACIONES CLIMATIZACIÓN, ILUMINACIÓN Y CARPINTERÍA",,200000.0,
2017,X10,Cultura,"IFS-EDIFICIO AV.CARDENAL HERRERA ORIA, 80. ADECUACIÓN CARPINTERÍA Y CLIMATIZACIÓN",,200000.0,
2017,X11,"Deportes, juventud y esparcimiento",,,6709075.52,1288331.99
2017,X11,"Deportes, juventud y esparcimiento",CENTRO DEPORTIVO LA MASÓ. ADECUACIÓN ACCESIBILIDAD PISCINA CUBIERTA,,20887.29,20221.95
2017,X11,"Deportes, juventud y esparcimiento",EQUIPAMIENTO CENTRO JUVENIL EL PARDO,,1771.37,1771.37
2017,X11,"Deportes, juventud y esparcimiento",EQUIPAMIENTO CENTRO JUVENIL HONTALBILLA,,1304.28,1304.28
2017,X11,"Deportes, juventud y esparcimiento",INSTALACIONES DEPORTIVAS EN EL BARRIO LAS TABLAS. ACONDICIONAMIENTO,,580000.0,394048.08
2017,X11,"Deportes, juventud y esparcimiento",EQUIPAMIENTO CENTRO DEPORTIVO VICENTE DEL BOSQUE,,12135.32,12135.32
2017,X11,"Deportes, juventud y esparcimiento",CENTRO DEPORTIVO EN EL BARRIO DE LAS TABLAS. CONSTRUCCIÓN,,100000.0,26229.33
2017,X11,"Deportes, juventud y esparcimiento",CENTRO DEPORTIVO EN EL BARRIO DE MONTECARMELO. CONSTRUCCIÓN,,100000.0,15805.82
2017,X11,"Deportes, juventud y esparcimiento",CENTRO DEPORTIVO LA VAGUADA. ACTUACIONES PREVIAS SUBSANACIÓN PATOLOGÍAS PISCINA,,80933.42,79974.92
2017,X11,"Deportes, juventud y esparcimiento",CENTRO DEPORTIVO LA VAGUADA. SUBSANACIÓN PATOLOGÍAS EN LA PISCINA CUBIERTA,,1997.29,1997.29
2017,X11,"Deportes, juventud y esparcimiento",CAMPO DE RUGBY EN DEPORTIVO TRES OLIVOS II. ADECUACIÓN (ID: 1605),,750000.0,80603.71
2017,X11,"Deportes, juventud y esparcimiento","IFS-CENTRO DEPORTIVO LA VAGUADA EN AVENIDA MONFORTE DE LEMOS, S/N. OBRAS DE ACCESIBILIDAD",,70000.0,
2017,X11,"Deportes, juventud y esparcimiento",IFS-CENTRO DEPORTIVO LA VAGUADA. SUBSANACIÓN PATOLOGÍAS EN LA PISCINA CUBIERTA,,2000000.0,
2017,X11,"Deportes, juventud y esparcimiento",CONTRUCCIÓN PISTAS SKATE EN MONTECARMELO Y LAS TABLAS,,50000.0,
2017,X11,"Deportes, juventud y esparcimiento","PISTA DEPORTIVA PUMPTRACK. C/ VILORIA DE LA RIOJA, 52 A. CONSTRUCCIÓN",,50000.0,48498.01
2017,X11,"Deportes, juventud y esparcimiento",ESPACIOS DEPORTIVOS PARQUE MILANERAS. OBRAS DE ACONDICIONAMIENTO,,100000.0,83918.28
2017,X11,"Deportes, juventud y esparcimiento",DEPORTIVO BÁSICO BARRIO DE BEGOÑA. OBRAS DE ACONDICIONAMIENTO,,110000.0,90931.89
2017,X11,"Deportes, juventud y esparcimiento",DEPORTIVO BÁSICO C/ SANTUARIO DE VALVERDE. CONSTRUCCIÓN,,117000.0,116521.17
2017,X11,"Deportes, juventud y esparcimiento",EQUIPAMIENTO CENTROS DEPORTIVOS DISTRITO FUENCARRAL-EL PARDO,,375.36,
2017,X11,"Deportes, juventud y esparcimiento",EQUIPAMIENTO CENTRO DEPORTIVO LA MASÓ,,8195.31,8195.31
2017,X11,"Deportes, juventud y esparcimiento",EQUIPAMIENTO CENTRO DEPORTIVO SANTA ANA,,294.01,294.01
2017,X11,"Deportes, juventud y esparcimiento",CENTROS DEPORTIVOS MUNICIPALES DISTRITO FUENCARRAL-EL PARDO. MOBILIARIO Y ENSERES,,5191.55,
2017,X11,"Deportes, juventud y esparcimiento",CENTRO DEPORTIVO VICENTE DEL BOSQUE. MOBILIARIO Y ENSERES,,3808.45,3808.45
2017,X11,"Deportes, juventud y esparcimiento",OBRAS DE CONSERVACIÓN INSTALACIONES DEPORTIVAS DISTRITO DE FUENCARRAL-EL PARDO,,435496.59,
2017,X11,"Deportes, juventud y esparcimiento",CENTRO DEPORTIVO LA VAGUADA. OBRAS DE CONSERVACIÓN,,10600.07,10600.06
2017,X11,"Deportes, juventud y esparcimiento",DEPORTIVO BÁSICO PARQUE NORTE. OBRAS DE CONSERVACIÓN,,3903.34,3903.34
2017,X11,"Deportes, juventud y esparcimiento",CENTRO DEPORTIVO VICENTE DEL BOSQUE. OBRAS MEJORA CANALIZACIÓN GAS NATURAL,,194124.63,194124.63
2017,X11,"Deportes, juventud y esparcimiento",CENTRO DEPORTIVO VICENTE DEL BOSQUE. OBRAS DE REPARACIÓN PISCINAS,,41057.24,40813.11
2017,X11,"Deportes, juventud y esparcimiento",DEPORTIVO BÁSICO SANTA ANA. OBRAS DE ACONDICIONAMIENTO,,347900.0,2892.99
2017,X11,"Deportes, juventud y esparcimiento",DEPORTIVO BÁSICO MINGORRUBIO. ACONDICIONAMIENTO DE PISTAS,,204300.0,
2017,X11,"Deportes, juventud y esparcimiento",DEPORTIVO BÁSICO VEREDA DE GANAPANES. OBRAS DE MEJORA EN APARCAMIENTO Y ENTRADA,,100800.0,49738.67
2017,X11,"Deportes, juventud y esparcimiento",IFS-CENTRO DEPORTIVO MUNICIPAL VICENTE DEL BOSQUE. MEJORA INSTALACIONES DE ILUMINACIÓN,,155000.0,
2017,X11,"Deportes, juventud y esparcimiento","IFS-DEPORTIVO LA MASÓ. ADECUACIÓN ALUMBRADO PABELLLÓN, CAMPO FÚTBOL Y SALAS DE ACTIVIDADES",,120000.0,
2017,X11,"Deportes, juventud y esparcimiento",IFS-CENTRO DEPORTIVO LA VAGUADA. MEJORA INSTALACIONES DE ILUMINACIÓN EN PISCINA Y GIMNASIO,,32000.0,
2017,X11,"Deportes, juventud y esparcimiento",IFS-DEPORTIVO BÁSICO MIRADOR DE LA REINA. MEJORA INSTALACIONES DE ILUMINACIÓN,,100000.0,
2017,X11,"Deportes, juventud y esparcimiento",IFS-CENTRO DEPORTIVO BÁSICO VALDEYEROS. MEJORA INSTALACIONES DE ILUMINACIÓN,,100000.0,
2017,X11,"Deportes, juventud y esparcimiento",IFS-DEPORTIVO BÁSICO LA CABRERA. RENOVACIÓN CÉSPED ARTIFICIAL Y TECNOLOGÍA LED,,700000.0,
2017,X06,Urbanismo,,,2141448.68,834081.64
2017,X06,Urbanismo,"C/ ALEJANDRO CASONA, 38 C/V. ANGELITA CAMARERO. OBRAS DE URBANIZACIÓN",,28925.62,
2017,X06,Urbanismo,ADQUISICIÓN DE SUELO M-40 DISTRIBUIDOR NORTE,,349207.04,
2017,X06,Urbanismo,ADQUISICIÓN DE SUELO PZA. VILLAFRANCA DE LOS BARROS Y PZA. DE CIEZA,,102443.91,102443.91
2017,X06,Urbanismo,ARROYO DEL FRESNO. JUNTA DE COMPENSACIÓN,,56084.73,56084.73
2017,X06,Urbanismo,ÁREA DE PLANEAMIENTO INCORPORADO SANDALIA NAVAS 08.13,,60078.31,
2017,X06,Urbanismo,ADQUISICIÓN SUELO C/ARROYO FRESNO Y AV.CARDENAL HERRERA ORIA. VIARIO,,299965.9,299965.9
2017,X06,Urbanismo,ÁREA DE PLANEAMIENTO REMITIDO 08.01 CALLE CANTALEJO. COMPENSACIÓN,,627179.6,92727.6
2017,X06,Urbanismo,ADECUACIÓN VIALES Y ACCESIBILIDAD EN DISTRITO FUENCARRAL-EL PARDO,,217409.32,168529.99
2017,X06,Urbanismo,C/ RAMÓN GÓMEZ DE LA SERNA Y C/ MATARÓ. URBANIZACIÓN,,117457.25,114329.51
2017,X06,Urbanismo,"C/  CUELLAR, 4. OBRAS DE URBANIZACIÓN",,32697.0,
2017,X06,Urbanismo,C/ CAMINO DE GANAPANES. ACONDICIONAMIENTO PARCELA ZONA ESTANCIAL Y/O APARCAMIENTO,,50000.0,
2017,X06,Urbanismo,ROTONDA ENTRADA A COLONIA DE MINGORRUBIO. CONSTRUCCIÓN,,200000.0,
2017,X07,Infraestructuras,,,707008.19,82760.29
2017,X07,Infraestructuras,CALLE 30. REHABILITACIÓN PASO SOBRE DESVÍO DE LA M-30 A CARRETERA DEL PARDO,,72208.19,72208.19
2017,X07,Infraestructuras,IFS-CICLO-CARRIL DESDE EL BARRIO DE VALVERDE A PLAZA CASTILLA. ADAPTACIÓN (ID: 4364),,240000.0,3304.2
2017,X07,Infraestructuras,CONEXIÓN PEATONAL Y CICLISTA TUNER SUR DE LAS TABLAS CON ESTACIÓN DE CERCANÍAS,,50000.0,
2017,X07,Infraestructuras,PACO DE LUCÍA. APARCAMIENTOS,,242800.0,
2017,X07,Infraestructuras,APARCAMIENTO EN SUPERFICIE EN PITIS FUENCARRAL,,77000.0,
2017,X07,Infraestructuras,"APARCAMIENTO SUBTERRÁNEO DE RESIDENTES EN C/ VEREDA DE GANAPANES, FUENCARRAL",,25000.0,7247.9
2017,X08,Mantenimiento urbano,,,2544992.46,473376.73
2017,X08,Mantenimiento urbano,HIDRANTES DISTRITO FUENCARRAL-EL PARDO. INSTALACIÓN,,16409.6,16409.6
2017,X08,Mantenimiento urbano,"ENTORNO DEPORTIVO BÁSICO Bº SANTA ANA.MEJORA ESPACIOS PÚBLICOS, PAISAJE Y ACCESIBILIDAD",,59000.0,9000.0
2017,X08,Mantenimiento urbano,"PASEO RIBERA DEL MANZANARES Y OTRAS.ESPACIOS PÚBLICOS,CALIDAD PAISAJÍSTICA Y ACCESIBILIDAD",,98000.0,
2017,X08,Mantenimiento urbano,PAVIMENTACIÓN CALZADAS BARRIOS EN DISTRITO FUENCARRAL-EL PARDO. FASE I,,21272.0,20009.81
2017,X08,Mantenimiento urbano,"COLONIA LA COMA. MEJORA DE ESPACIOS PÚBLICOS, CALIDAD PAISAJÍSTICA Y ACCESIBILIDAD",,56600.0,6600.0
2017,X08,Mantenimiento urbano,"POBLADOS A Y B FUENCARRAL.MEJORA ESPACIOS PÚBLICOS, CALIDAD PAISAJÍSTICA Y ACCESIBILIDAD",,59500.0,9500.0
2017,X08,Mantenimiento urbano,"COLONIA VIRGEN DE BEGOÑA.MEJORA ESPACIOS PÚBLICOS, CALIDAD PAISAJÍSTICA Y ACCESIBILIDAD",,55438.0,5438.0
2017,X08,Mantenimiento urbano,ENTORNO ESPACIO DE MAYORES CONDE DE ELDA.MEJORA ESPACIOS PÚBLICOS Y ACCESIBILIDAD,,62054.4,12054.0
2017,X08,Mantenimiento urbano,PLAN DE BARRIO VIRGEN DE BEGOÑA. ELIMINACIÓN BARRERAS ARQUITECTÓNICAS,,144195.61,144193.22
2017,X08,Mantenimiento urbano,"IFS-CANTÓN DE LIMPIEZA C/ISLA DE AROSA, 22. OBRAS VARIAS DE REFORMA",,90000.0,
2017,X08,Mantenimiento urbano,ACCESIBILIDAD EN ACERAS C/ÁNGEL MÚGICA. MEJORA (ID: 4910),,30000.0,29079.58
2017,X08,Mantenimiento urbano,IFS-PASEO RIBERA DEL MANZANARES. ESPACIOS PÚBLICOS Y ACCESIBILIDAD,,98000.0,
2017,X08,Mantenimiento urbano,IFS-MEJORA ESPACIO PUBLICO EN PEÑAGRANDE,,200000.0,
2017,X08,Mantenimiento urbano,IFS-PAVIMENTO CALZADAS DISTRITO DE FUENCARRAL-EL PARDO. MEJORA (ID: 942),,785000.0,4130.34
2017,X08,Mantenimiento urbano,BARRIO DE PEÑAGRANDE. MEJORA ESPACIO PÚBLICO,,200000.0,
2017,X08,Mantenimiento urbano,"PUEBLO DE FUENCARRAL. MEJORA ESPACIOS PÚBLICOS, CALIDAD PAISAJÍSTICA Y ACCESIBILIDAD",,200000.0,
2017,X08,Mantenimiento urbano,MOBILIARIO AREA MAYORES DISTRITO FUENCARRAL-EL PARDO. INSTALACIÓN,,107316.03,107315.82
2017,X08,Mantenimiento urbano,"JUEGOS INFANTILES EN EL PARQUE CONCEJAL MARTÍN VELA, FUENCARRAL. INSTALACIÓN",,20000.0,
2017,X08,Mantenimiento urbano,APARATOS DE EJERCICIO PARA MAYORES EN MINGORRUBIO. INSTALACIÓN (ID: 4400),,33000.0,29623.06
2017,X08,Mantenimiento urbano,APARATOS DE GIMNASIA PARA JÓVENES DE MINGORRUBIO. INSTALACIÓN (ID: 5359),,15000.0,
2017,X08,Mantenimiento urbano,CIRCUITO BIOSALUDABLE EN EL PARQUE DE BEGOÑA. INSTALACIÓN (ID: 4927),,34700.0,30989.67
2017,X08,Mantenimiento urbano,CIRCUITO DE MÁQUINAS DEPORTIVAS PARA JÓVENES EN EL PARDO. INSTALACIÓN (ID: 4981),,48000.0,
2017,X08,Mantenimiento urbano,MOBILIARIO URBANO EN ÁREAS INFANTILES DISTRITO FUENCARRAL-EL PARDO,,49033.63,49033.63
2017,X08,Mantenimiento urbano,RENOVACIÓN MOBILIARIO EN ÁREAS INFANTILES DISTRITO FUENCARRAL-EL PARDO,,61658.8,
2017,X08,Mantenimiento urbano,PLAN DE BARRIO VIRGEN DE BEGOÑA. MEJORA DE ITINERARIOS,,814.39,
2017,X09,Medio ambiente,,,2614071.37,37580.78
2017,X09,Medio ambiente,PLATAFORMAS PARA LA PRÁCTICA DE LA PESCA EN EL RÍO MANZANARES - ÁMBITO DEL PARDO,,13809.03,13809.03
2017,X09,Medio ambiente,IFS-MEDIANA DE LA CALLE GINZO DE LIMIA. REMODELACIÓN,,995822.0,
2017,X09,Medio ambiente,IFS-PARQUE ANA TUTOR. REMODELACIÓN Y MEJORA DE RED DE RIEGO AUTOMÁTICO,,711000.0,
2017,X09,Medio ambiente,CENTRO DEPORTIVO LA MASÓ. INSTALACIÓN PANELES CAPTACIÓN ENERGÍA SOLAR,,150000.0,
2017,X09,Medio ambiente,IFS-CASETA DE JARDINEROS PARQUE ANA TUTOR. SUBSANACIÓN DE PATOLOGÍA,,162450.0,
2017,X09,Medio ambiente,PUNTO LIMPIO EN MONTECARMELO. CONSTRUCCIÓN,,60570.0,20570.0
2017,X09,Medio ambiente,"PARQUE BIOSALUDABLE EN C/PICO BALAITUS, DISTRITO FUENCARRAL. CONSTRUCCIÓN",,500000.0,
2017,X09,Medio ambiente,INSTALACIÓN APARCABICIS PROXIMIDAD CENTROS EDUCATIVOS FUENCARRAL (I.D. 3781),,4304.65,
2017,X09,Medio ambiente,INSTALACIÓN APARCABICIS EN CALZADA DISTRITO FUENCARRAL-EL PARDO (I.D.: 5038),,12913.94,
2017,X09,Medio ambiente,PARQUES CANINOS DISTRITO FUENCARRAL-EL PARDO. ADAPTACIÓN Y ACONDICIONAMIENTO (ID:3305),,1750.0,1750.0
2017,X09,Medio ambiente,PUNTO RECARGA VEHÍCULOS ELÉCTRICOS EDIFICIO SEDE DISTRITO FUENCARRAL. INSTALACIÓN (ID: 27),,1451.75,1451.75
2017,X03,Protección y promoción social,,,1796731.35,240420.86
2017,X03,Protección y promoción social,CENTRO DE MAYORES VOCAL VECINO JUSTO SIERRA. OBRAS DE CONSERVACIÓN,,291200.88,2614.83
2017,X03,Protección y promoción social,CENTRO DE MAYORES LA VAGUADA. OBRAS DE CONSERVACIÓN,,10851.16,10851.16
2017,X03,Protección y promoción social,CENTRO DE DÍA DE MAYORES FRAY LUIS DE LEÓN. OBRAS DE ACONDICIONAMIENTO,,4833.19,4833.19
2017,X03,Protección y promoción social,CENTRO DE OCIO ADOLESCENTES EN EL CENTRO CULTURAL LA VAGUADA. MOBILIARIO Y ENSERES,,3917.62,3917.62
2017,X03,Protección y promoción social,CENTRO DE DÍA Y MAYORES COLONIA MIRASIERRA. CONSTRUCCIÓN,,50000.0,
2017,X03,Protección y promoción social,CENTRO DE DÍA DE MAYORES EL PARDO.AMPLIACIÓN Y ACONDICIONAMIENTO (ID: 4373),,300000.0,
2017,X03,Protección y promoción social,"IFS-EDIFICIO APOYO POSITIVO AV.LLANO CASTELLANO, 26. ADAPTACIÓN A NORMATIVA ELÉCTRICA",,30000.0,
2017,X03,Protección y promoción social,"IFS-CENTRO DE DÍA FRAY LUIS DE LEÓN EN C/ MANRESA, 1. SUBSANACIÓN DE PATOLOGÍAS",,200000.0,
2017,X03,Protección y promoción social,ESPACIO DE IGUALDAD DISTRITO DE FUENCARRAL-EL PARDO. MOBILIARIO,,36000.0,13075.47
2017,X03,Protección y promoción social,CENTRO DE IGUALDAD DISTRITO FUENCARRAL. ACONDICIONAMIENTO INTERIOR Y EXTERIOR,,100000.0,99877.15
2017,X03,Protección y promoción social,CENTROS DE MAYORES DISTRITO FUENCARRAL-EL PARDO. DESFIBRILADORES,,1872.3,
2017,X03,Protección y promoción social,CENTRO DE MAYORES ALFONSO XII. DESFIBRILADORES,,1687.95,1687.95
2017,X03,Protección y promoción social,CENTRO DE MAYORES GINZO DE LIMIA. DESFIBRILADORES,,1687.95,1687.95
2017,X03,Protección y promoción social,CENTRO DE MAYORES ISLAS JARVI. DESFIBRILADORES,,1687.95,1687.95
2017,X03,Protección y promoción social,CENTRO DE MAYORES LA VAGUADA. DESFIBRILADORES,,1687.95,1687.95
2017,X03,Protección y promoción social,CENTRO DE MAYORES PEÑAGRANDE. DESFIBRILADORES,,1687.95,1687.95
2017,X03,Protección y promoción social,CENTRO DE MAYORES VOCAL VECINO JUSTO SIERRA. DESFIBRILADORES,,1687.95,1687.95
2017,X03,Protección y promoción social,CENTRO DE MAYORES PEÑAGRANDE. INSTALACIONES,,2500.0,1911.8
2017,X03,Protección y promoción social,CENTROS DE MAYORES DISTRITO FUENCARRAL-EL PARDO. MOBILIARIO Y ENSERES,,5493.41,
2017,X03,Protección y promoción social,CENTRO DE MAYORES ALFONSO XII. MOBILIARIO Y ENSERES,,4824.41,4824.41
2017,X03,Protección y promoción social,CENTRO DE MAYORES ISLAS JARVI. MOBILIARIO Y ENSERES,,3891.88,3891.88
2017,X03,Protección y promoción social,CENTRO DE MAYORES PEÑAGRANDE. MOBILIARIO Y ENSERES,,5681.48,5681.48
2017,X03,Protección y promoción social,CENTRO DE MAYORES VOCAL VECINO JUSTO SIERRA. MOBILIARIO Y ENSERES,,1313.82,1313.82
2017,X03,Protección y promoción social,CENTRO DE MAYORES GINZO DE LIMIA. MOBILIARIO Y ENSERES,,2515.5,2515.5
2017,X03,Protección y promoción social,CENTRO DE MAYORES LA VAGUADA. MOBILIARIO Y ENSERES,,5103.25,5103.25
2017,X03,Protección y promoción social,CENTRO DE DÍA DE MAYORES EL PARDO. MOBILIARIO Y ENSERES,,3176.25,3176.25
2017,X03,Protección y promoción social,EQUIPAMIENTO CENTRO SERVICIOS SOCIALES BADALONA,,2831.0,2247.45
2017,X03,Protección y promoción social,EQUIPAMIENTO CENTRO DE SERVICIOS SOCIALES SAN VICENTE DE PAUL,,2000.0,1687.95
2017,X03,Protección y promoción social,CENTROS DE SERVICIOS SOCIALES DISTRITO FUENCARRAL-EL PARDO. MOBILIARIO Y ENSERES,,5827.55,
2017,X03,Protección y promoción social,CENTRO DE SERVICIOS SOCIALES SAN VICENTE DE PAUL. MOBILIARIO Y ENSERES,,8432.49,8432.49
2017,X03,Protección y promoción social,CENTRO DE SERVICIOS SOCIALES BADALONA. MOBILIARIO Y ENSERES,,10739.96,10739.96
2017,X03,Protección y promoción social,EDIFICIO 2 Y 3 ANTIGUO COLEGIO PÚBLICO VICTOR DE LA SERNA. OBRAS DE ACONDICIONAMIENTO,,43597.5,43597.5
2017,X03,Protección y promoción social,"EDIFICIO C/CELANOVA, 2. ADECUACIÓN PARA CENTRO SOCIOEDUCATIVO ADOLESCENTES Y JÓVENES",,250000.0,
2017,X03,Protección y promoción social,IFS-CENTRO DE MAYORES PEÑAGRANDE. MEJORA INSTALACIONES DE CLIMATIZACIÓN E ILUMINACIÓN,,200000.0,
2017,X03,Protección y promoción social,"IFS-CENTRO SERVICIOS SOCIALES BADALONA. ADECUACIÓN CARPINTERÍAS, CUBIERTA Y CLIMATIZACIÓN",,200000.0,
2017,X05,Educación,,,2981147.93,800425.83
2017,X05,Educación,COLEGIO PÚBLICO VASCO NÚÑEZ DE BALBOA. OBRAS DE CONSERVACIÓN,,7634.28,7634.28
2017,X05,Educación,CENTRO EDUCACIÓN ESPECIAL FRANCISCO DEL POZO. OBRAS DE ACONDICIONAMIENTO,,1273.11,1273.11
2017,X05,Educación,EQUIPAMIENTO ESCUELA INFANTIL LA CARACOLA,,172.55,172.55
2017,X05,Educación,EQUIPAMIENTO ESCUELA INFANTIL LA ROSA DEL AZAFRÁN,,153.84,153.84
2017,X05,Educación,EQUIPAMIENTO ESCUELA DE MÚSICA CARMELO ALONSO BERNAOLA,,7714.62,7714.62
2017,X05,Educación,COLEGIO PÚBLICO REPÚBLICA DEL PARAGUAY. OBRAS DE CONSERVACIÓN,,473.41,473.41
2017,X05,Educación,COLEGIO PÚBLICO ANTONIO FONTAN. OBRAS DE CONSERVACIÓN,,704266.68,
2017,X05,Educación,EQUIPAMIENTO ESCUELA INFANTIL LA CORTE DEL FARAÓN,,577.34,577.34
2017,X05,Educación,COLEGIO PÚBLICO JOSÉ BERGAMÍN. ACONDICIONAMIENTO INTERIOR Y EXTERIOR,,688.08,688.08
2017,X05,Educación,ESCUELA INFANTIL C/MONASTERIO DEL PAULAR. CONSTRUCCIÓN,,100000.0,70216.89
2017,X05,Educación,ESCUELA INFANTIL EN ARROYOFRESNO. CONSTRUCCIÓN,,76611.58,63084.89
2017,X05,Educación,ESCUELA INFANTIL C/CASTILLO DE CANDANCHÚ C/V. BURGUETE. CONSTRUCCIÓN,,100000.0,78190.7
2017,X05,Educación,"IFS-COLEGIO PÚBLICO LORENZO LUZURIAGA, C/VALENCIA DE DON JUAN, 19. NORMATIVA ELÉCTRICA",,100000.0,
2017,X05,Educación,"IFS-COLEGIO PÚBLICO ANTONIO FONTÁN, AV,SANTUARIO DE VALVERDE, 71. NORMATIVA ELÉCTRICA",,60000.0,
2017,X05,Educación,"IFS-COLEGIO PÚBLICO BREOGAN, C/GINZO DE LIMIA, 2. ADAPTACIÓN A NORMATIVA ELÉCTRICA",,90000.0,
2017,X05,Educación,"IFS-COLEGIO PÚBLICO GUATEMALA, C/CELANOVA, 2. ADAPTACIÓN A NORMATIVA ELÉCTRICA",,60000.0,
2017,X05,Educación,"IFS-COLEGIO PÚBLICO JORGE GUILLÉN, AV.FERROL, 47. ADAPTACIÓN A NORMATIVA ELÉCTRICA",,120000.0,
2017,X05,Educación,"IFS-ESCUELA INFANTIL LA CARACOLA, C/BELORADO, 1. ADAPTACIÓN A NORMATIVA ELÉCTRICA",,30000.0,
2017,X05,Educación,"IFS-COLEGIO PÚBLICO ARROYO FRESNO, C/PICO BALAITUS, 24B. ADAPTACIÓN A NORMATIVA ELÉCTRICA",,50000.0,
2017,X05,Educación,COLEGIO PÚBLICO MONTE DEL PARDO. OBRAS DE ACONDICIONAMIENTO,,23668.01,23668.01
2017,X05,Educación,COLEGIO PÚBLICO JORGE GUILLÉN. ADECUACIÓN CALDERA,,29879.43,29879.43
2017,X05,Educación,COLEGIO PÚBLICO RABINDRANATH TAGORE. OBRAS DE REFORMA,,49300.0,40672.31
2017,X05,Educación,COLEGIO PÚBLICO LUIS DE GÓNGORA. OBRAS DE REFORMA,,23100.0,22974.56
2017,X05,Educación,COLEGIO PÚBLICO ALHAMBRA. OBRAS DE REFORMA,,73385.0,39582.21
2017,X05,Educación,COLEGIO PÚBLICO CARDENAL HERRARA ORIA. OBRAS DE REFORMA,,102740.0,55870.96
2017,X05,Educación,COLEGIO PÚBLICO BRAVO MURILLO. OBRAS DE REFORMA,,78650.0,77459.79
2017,X05,Educación,COLEGIO PÚBLICO LEOPOLDO CALVO SOTELO. OBRAS DE REFORMA,,41950.0,16356.07
2017,X05,Educación,COLEGIO PÚBLICO GABRIELA MISTRAL. OBRAS DE REFORMA,,17800.0,17744.33
2017,X05,Educación,ESCUELA INFANTIL LA ROSA DEL AZAFRÁN. OBRAS DE ACONDICIONAMIENTO,,28950.0,6128.88
2017,X05,Educación,COLEGIO PÚBLICO JORTE GUILLÉN. OBRAS REHABILITACIÓN COCINA Y BAÑOS,,71250.0,67928.65
2017,X05,Educación,COLEGIO PÚBLICO BLAS DE LEZO. OBRAS DE CONSERVACIÓN,,25160.0,22758.2
2017,X05,Educación,COLEGIO PÚBLICO JOSEP TARRADELLAS. OBRAS DE ACONDICIONAMIENTO,,27400.0,27395.96
2017,X05,Educación,COLEGIO PÚBLICO BREOGÁN. OBRAS DE ACONDICIONAMIENTO SANEAMIENTO Y ASEOS,,20000.0,19999.96
2017,X05,Educación,CENTRO EDUCACIÓN ESPECIAL LA QUINTA. OBRAS DE REFORMA,,84750.0,81831.33
2017,X05,Educación,ESCUELA INFANTIL LA CARACOLA. ADECUACIÓN SALIDA DE EMERGENCIA (ID: 4380),,23600.0,19995.47
2017,X05,Educación,IFS-COLEGIO PÚBLICO CAMILO JOSÉ CELA.MEJORA INSTALACIONES DE ILUMINACIÓN Y CARPINTERÍA,,200000.0,
2017,X05,Educación,IFS-COLEGIO PÚBLICO MIRASIERRA.MEJORA INSTALACIONES DE ILUMINACIÓN Y CARPINTERÍA,,200000.0,
2017,X05,Educación,IFS-ESCUELA DE MÚSICA CARMELO ALONSO BERNAOLA. INSTALACIONES DE CLIMATIZACIÓN Y EFICIENCIA,,200000.0,
2017,X05,Educación,IFS-CENTRO EDUCACIÓN ADULTOS JOSÉ LUIS SAMPEDRO.MEJORA INSTALACIÓN ELÉCTRICA E ILUMINACIÓN,,50000.0,
2017,X05,Educación,IFS-COLEGIO PÚBLICO VASCO NÚÑEZ DE BALBOA. AISLAMIENTO TÉRMICO CUBIERTA E ILUMINACIÓN,,100000.0,
2017,X00,Inversiones de carácter general,,,155461.79,149523.45
2017,X00,Inversiones de carácter general,EDIFICIO SEDE DISTRITO FUENCARRAL-EL PARDO. OBRAS DE ACONDICIONAMIENTO,,57736.82,57736.82
2017,X00,Inversiones de carácter general,EQUIPAMIENTO SERVICIOS ADMINISTRATIVOS DISTRITO FUENCARRAL-EL PARDO,,26000.0,20232.32
2017,X00,Inversiones de carácter general,SISTEMA INTEGRAL GRABACIÓN Y REPRODUCCIÓN SESIONES PLENARIAS DISTRITO FUENCARRAL,,4819.77,4819.77
2017,X00,Inversiones de carácter general,EDIFICIO SEDE DISTRITO FUENCARRAL-EL PARDO. VIDEOVIGILANCIA,,42490.0,42319.93
2017,X00,Inversiones de carácter general,"EDIFICIO C/ CELANOVA, 2. OBRAS DE CONSERVACIÓN",,9415.2,9415.2
2017,X00,Inversiones de carácter general,EDIFICIO SEDE DISTRITO FUENCARRAL-EL PARDO. OBRAS ACONDICIONAMIENTO APARCAMIENTO,,15000.0,14999.41
2017,X04,Salud pública,,,1907.05,1907.05
2017,X04,Salud pública,"EQUIPAMIENTO CENTRO MADRID SALUD DE FUENCARRAL, AV. MONFORTE DE LEMOS, 38",,1907.05,1907.05
2018,X01,Protección Civil y seguridad ciudadana,,,156324.58,51141.98
2018,X01,Protección Civil y seguridad ciudadana,IFS-UNIDAD INTEGRAL POLICÍA MUNICIPAL FUENCARRAL-EL PARDO. ADECUACIÓNCLIMATIZACIÓN Y FONTANERÍA,,156324.58,51141.98
2018,X10,Cultura,,,2794698.98,1004536.96
2018,X10,Cultura,BIBLIOTECA PÚBLICA JOSÉ SARAMAGO. OBRAS DE REHABILITACIÓN Y REPARACIÓN,,78349.0,39226.2
2018,X10,Cultura,"IFS-EDIFICIO AV.CARDENAL HERRERA ORIA, 80. ADECUACIÓN CARPINTERÍA Y CLIMATIZACIÓN",,199999.98,199999.97
2018,X10,Cultura,IFS-ERMITA DE SAN ROQUE.RESTAURACION,,205000.0,
2018,X10,Cultura,BIBLIOTECA DE MONTECARMELO. CONSTRUCCIÓN,,45000.0,
2018,X10,Cultura,BIBLIOTECA DE LAS TABLAS. CONSTRUCCIÓN,,45000.0,
2018,X10,Cultura,IFS-BIBLIOTECA PÚBLICA JOSÉ SARAMAGO. OBRAS DE REHABILITACIÓN Y REPARACIÓN,,1122990.0,596520.97
2018,X10,Cultura,IFS-ANTIGUAS OFICINAS TEATRO MADRID. REHABILITACIÓN,,421265.0,78228.55
2018,X10,Cultura,"PLANES DE BARRIO. EQUIPAMIENTO PARA ACTIVIDADES CULTURALES, FORMATIVAS Y EDUCATIVAS",,3000.0,2977.43
2018,X10,Cultura,CENTROS CULTURALES DISTRITO FUENCARRAL-EL PARDO. OTRO MOBILIARIO Y ENSERES,,1319.42,
2018,X10,Cultura,CENTRO CULTURAL LA VAGUADA. OTRO MOBILIARIO Y ENSERES,,1366.24,1366.24
2018,X10,Cultura,CENTROS CULTURALES FUENCARRAL. DIVERSO MATERIAL PARA REALIZACIÓN ACTIVIDADES,,7803.31,7803.31
2018,X10,Cultura,CENTROS CULTURALES DISTRITO FUENCARRAL-EL PARDO. CARPAS PARA DIVERSAS ACTIVIDADES,,4307.36,4307.36
2018,X10,Cultura,CENTRO CULTURAL ALFREDO KRAUS. OTRO MOBILIARIO Y ENSERES,,13463.67,13463.67
2018,X10,Cultura,CENTRO CULTURAL LA VAGUADA. ADAPTACIÓN SALA PARA BIBLIOTECA,,5835.0,5834.02
2018,X10,Cultura,"IFS-CENTRO CULTURAL VALLE INCLÁN. CLIMATIZACIÓN, ILUMINACIÓN Y CARPINTERÍA",,170000.0,
2018,X10,Cultura,"IFS-CENTRO CULTURAL ALFREDO KRAUS. OBRAS EN FACHADAS, EFICIENCIA ENERGÉTICA Y OTRAS",,200000.0,54809.24
2018,X10,Cultura,"IFS-CENTRO CULTURAL MONTECARMELO. CLIMATIZACIÓN, EFICIENCIA ENERGÉTICA Y LÍNEA DE VIDA",,70000.0,
2018,X10,Cultura,"IFS-CENTRO CULTURAL RAFAEL LEÓN.CLIMATIZACIÓN, ILUMINACIÓN,CARPINTERÍA Y EFICIENCIA ENERGÉTICA",,200000.0,
2018,X11,"Deportes, juventud y esparcimiento",,,8970817.32,4020423.92
2018,X11,"Deportes, juventud y esparcimiento",CENTRO DEPORTIVO LA MASÓ. ADECUACIÓN ACCESIBILIDAD PISCINA CUBIERTA,,5329.8,5329.8
2018,X11,"Deportes, juventud y esparcimiento",EQUIPAMIENTO CENTRO JUVENIL HONTALBILLA,,260.0,260.0
2018,X11,"Deportes, juventud y esparcimiento",EQUIPAMIENTO CENTRO DEPORTIVO VICENTE DEL BOSQUE,,4783.3,4783.3
2018,X11,"Deportes, juventud y esparcimiento",CENTRO DEPORTIVO EN EL BARRIO DE LAS TABLAS. CONSTRUCCIÓN,,148044.0,
2018,X11,"Deportes, juventud y esparcimiento",CENTRO DEPORTIVO EN EL BARRIO DE MONTECARMELO. CONSTRUCCIÓN,,52873.0,52872.69
2018,X11,"Deportes, juventud y esparcimiento","IFS-CENTRO DEPORTIVO LA VAGUADA EN AVENIDA MONFORTE DE LEMOS, S/N. OBRAS DE ACCESIBILIDAD",,69992.29,16541.51
2018,X11,"Deportes, juventud y esparcimiento",IFS-CENTRO DEPORTIVO LA VAGUADA. SUBSANACIÓN PATOLOGÍAS EN LA PISCINA CUBIERTA,,2000000.0,1958344.77
2018,X11,"Deportes, juventud y esparcimiento",EQUIPAMIENTO CENTROS DEPORTIVOS DISTRITO FUENCARRAL-EL PARDO,,203.2,
2018,X11,"Deportes, juventud y esparcimiento",EQUIPAMIENTO CENTRO DEPORTIVO LA MASÓ,,2653.5,2653.5
2018,X11,"Deportes, juventud y esparcimiento",DEPORTIVO BÁSICO MINGORRUBIO. ACONDICIONAMIENTO DE PISTAS,,160000.0,
2018,X11,"Deportes, juventud y esparcimiento",IFS-CENTRO DEPORTIVO MUNICIPAL VICENTE DEL BOSQUE. MEJORA INSTALACIONES DE ILUMINACIÓN,,148051.45,139688.6
2018,X11,"Deportes, juventud y esparcimiento","IFS-DEPORTIVO LA MASÓ. ADECUACIÓN ALUMBRADO PABELLLÓN, CAMPO FÚTBOL Y SALAS DE ACTIVIDADES",,114194.96,114194.94
2018,X11,"Deportes, juventud y esparcimiento",IFS-DEPORTIVO BÁSICO MIRADOR DE LA REINA. MEJORA INSTALACIONES DE ILUMINACIÓN,,87452.19,87452.17
2018,X11,"Deportes, juventud y esparcimiento",IFS-CENTRO DEPORTIVO BÁSICO VALDEYEROS. MEJORA INSTALACIONES DE ILUMINACIÓN,,99883.82,99883.82
2018,X11,"Deportes, juventud y esparcimiento",IFS-DEPORTIVO BÁSICO LA CABRERA. RENOVACIÓN CÉSPED ARTIFICIAL Y TECNOLOGÍA LED,,699998.81,519108.07
2018,X11,"Deportes, juventud y esparcimiento",IFS-CENTRO DEPORTIVO TRES OLIVOS. ADECUACIÓN CAMPO DE RUGBY (ID 17: 1605),,1786753.0,77241.49
2018,X11,"Deportes, juventud y esparcimiento",IFS-CENTRO DEPORTIVO LA VAGUADA. SUBSANACIÓN DE PATOLOGÍAS EN CERRAMIENTOS Y CUBIERTAS,,350000.0,
2018,X11,"Deportes, juventud y esparcimiento",IFS-CENTRO DEPORTIVO LA MASÓ. PANELES SOLARES TÉRMICOS Y FOTOVOLTAICOS Y REFORMA ELÉCTRICA (ID: 1517),,150000.0,
2018,X11,"Deportes, juventud y esparcimiento",IFS-INSTALACIONES DEPORTIVAS EN PLAZAS INTERIORES DEL BARRIO DEL PILAR. ACONDICIONAMIENTO,,250000.0,
2018,X11,"Deportes, juventud y esparcimiento",IFS-INSTALACION DEPORTIVA BASICA PARQUE NORTE. MEJORA Y SUSTITUCIÓN DE VALLADO PERIMETRAL,,10000.0,9966.5
2018,X11,"Deportes, juventud y esparcimiento",DEPORTIVO BÁSICO EN EL PAU DE ARROYO FRESNO. CONSTRUCCIÓN (ID: 293),,50000.0,1915.01
2018,X11,"Deportes, juventud y esparcimiento",CENTROS DEPORTIVOS DISTRITO FUENCARRAL-EL PARDO. INSTALACIONES TÉCNICAS,,304.26,
2018,X11,"Deportes, juventud y esparcimiento",CENTRO DEPORTIVO LA MASÓ. INSTALACIONES TÉCNICAS,,2055.74,2055.74
2018,X11,"Deportes, juventud y esparcimiento","IFS-CENTRO DEPORTIVO LA MASÓ. ADECUACIÓN LUMINARIAS, EFICIENCIA ENERGÉTICA Y ACONDICIONAMIENTO",,150000.0,148398.01
2018,X11,"Deportes, juventud y esparcimiento",IFS-CENTRO DEPORTIVO VICENTE DEL BOSQUE. SUSTITUCIÓN CÉSPED ARTIFICAL CAMPO DE FÚTBOL,,345000.0,
2018,X11,"Deportes, juventud y esparcimiento",IFS-CENTRO DEPORTIVO VICENTE DEL BOSQUE. INSTALACIÓN PANELES FOTOVOLTAICOS,,348000.0,
2018,X11,"Deportes, juventud y esparcimiento",IFS-DEPORTIVO BÁSICO SANTA II. ACONDICIONAMIENTO PAVIMENTACIÓN PISTA DE ATLETISMO,,345000.0,132496.47
2018,X11,"Deportes, juventud y esparcimiento","IFS-CENTRO DEPORTIVO VICENTE DEL BOSQUE. LUMINARIAS LED Y EFICIENCIA,ACCESIBILIDAD Y SEGURIDAD",,150000.0,69149.93
2018,X11,"Deportes, juventud y esparcimiento",IFS-CENTRO DEPORTIVO VICENTE DEL BOSQUE. ADECUACIÓN CALDERAS Y EFICIENCIA ENERGÉTICA,,300000.0,61835.95
2018,X11,"Deportes, juventud y esparcimiento",IFS-CENTRO DEPORTIVO SANTA (PISCINAS). OBRAS ACCESIBILIDAD Y OTRAS DE REPARACIÓN,,200000.0,
2018,X11,"Deportes, juventud y esparcimiento",IFS-DEPORTIVO BÁSICO BARRIO SANTA ANA. ADECUACIÓN INSTALACIÓN ILUMINACIÓN A TECNOLOGÍA LED,,50000.0,44995.68
2018,X11,"Deportes, juventud y esparcimiento",IFS-DEPORTIVO BÁSICO SANTUARIO DE VALVERDE. ADECUACIÓN PAVIMENTOS E INSTALACIÓN LUMINARIAS LED,,80000.0,12037.01
2018,X11,"Deportes, juventud y esparcimiento",IFS-DEPORTIVO BÁSICO MONTECARMELO. ADECUACIÓN ALUMBRADO PARA MEJORA EFICIENCIA ENERGÉTICA,,100000.0,87260.4
2018,X11,"Deportes, juventud y esparcimiento",IFS-DEPORTIVO BÁSICO SANTA ANA. OBRAS DE ACONDICIONAMIENTO,,345000.0,344648.99
2018,X11,"Deportes, juventud y esparcimiento",IFS-CENTRO DEPORTIVO VICENTE DEL BOSQUE. OBRAS DE MEJORA,,19984.0,19983.02
2018,X11,"Deportes, juventud y esparcimiento",IFS-DEPORTIVO BÁSICO ISLA DE TABARCA. OBRAS DE ACONDICIONAMIENTO Y MEJORA,,345000.0,7326.55
2018,X06,Urbanismo,,,18304670.78,16809267.79
2018,X06,Urbanismo,ADQUISICIÓN SUELO JUNTA COMPENSACIÓN API 08.02 POLÍGONO A DE PEÑAGRANDE,,2125128.1,2045697.92
2018,X06,Urbanismo,"C/ ALEJANDRO CASONA, 38 C/V. ANGELITA CAMARERO. OBRAS DE URBANIZACIÓN",,28925.62,
2018,X06,Urbanismo,ADQUISICIÓN DE SUELO M-40 DISTRIBUIDOR NORTE,,4176578.61,4176578.29
2018,X06,Urbanismo,ADQUISICIÓN DE SUELO PZA. VILLAFRANCA DE LOS BARROS Y PZA. DE CIEZA,,2981395.88,2981395.16
2018,X06,Urbanismo,ARROYO DEL FRESNO. JUNTA DE COMPENSACIÓN,,123070.1,35110.46
2018,X06,Urbanismo,ÁREA DE PLANEAMIENTO INCORPORADO SANDALIA NAVAS 08.13,,60078.31,
2018,X06,Urbanismo,ÁREA DE PLANEAMIENTO REMITIDO 08.01 CALLE CANTALEJO. COMPENSACIÓN,,273236.7,234259.2
2018,X06,Urbanismo,ADECUACIÓN VIALES Y ACCESIBILIDAD EN DISTRITO FUENCARRAL-EL PARDO,,48879.32,48879.32
2018,X06,Urbanismo,C/ RAMÓN GÓMEZ DE LA SERNA Y C/ MATARÓ. URBANIZACIÓN,,3127.74,3097.99
2018,X06,Urbanismo,"C/  CUELLAR, 4. OBRAS DE URBANIZACIÓN",,34250.4,34249.45
2018,X06,Urbanismo,IFS-ROTONDA DE ENTRADA A LA COLINA MINGORRUBIO,,450000.0,
2018,X06,Urbanismo,"ADQUISICIÓN SUELO C/ MANUEL VILLARTA, C/ AFUERAS A S. ROQUE Y C/ ISLAS PALAO, 6",,8000000.0,7250000.0
2018,X07,Infraestructuras,,,259508.77,170191.29
2018,X07,Infraestructuras,IFS-CICLO-CARRIL DESDE EL BARRIO DE VALVERDE A PLAZA CASTILLA. ADAPTACIÓN (ID: 4364),,236016.51,146699.03
2018,X07,Infraestructuras,PLAN APARCAMIENTO DISUASORIO EN SUPERFICIE PITIS,,23492.26,23492.26
2018,X08,Mantenimiento urbano,,,4679487.22,575161.57
2018,X08,Mantenimiento urbano,HIDRANTES DISTRITO FUENCARRAL-EL PARDO. INSTALACIÓN,,4163.44,4163.44
2018,X08,Mantenimiento urbano,PAVIMENTACIÓN CALZADAS BARRIOS EN DISTRITO FUENCARRAL-EL PARDO. FASE I,,1080.32,1080.32
2018,X08,Mantenimiento urbano,"IFS-CANTÓN DE LIMPIEZA C/ISLA DE AROSA, 22. OBRAS VARIAS DE REFORMA",,89918.96,81866.46
2018,X08,Mantenimiento urbano,IFS-PASEO RIBERA DEL MANZANARES. ESPACIOS PÚBLICOS Y ACCESIBILIDAD,,97970.64,11169.39
2018,X08,Mantenimiento urbano,IFS-MEJORA ESPACIO PUBLICO EN PEÑAGRANDE,,199909.48,
2018,X08,Mantenimiento urbano,IFS-PAVIMENTO CALZADAS DISTRITO DE FUENCARRAL-EL PARDO. MEJORA (ID: 942),,780614.58,476881.96
2018,X08,Mantenimiento urbano,"PUEBLO DE FUENCARRAL. MEJORA ESPACIOS PÚBLICOS, CALIDAD PAISAJÍSTICA Y ACCESIBILIDAD",,20908.8,
2018,X08,Mantenimiento urbano,IFS-DIVERSAS CALLES EN BARRIOS DEL DISTRITO FUENCARRAL-EL PARDO. REURBANIZACIÓN,,1544800.0,
2018,X08,Mantenimiento urbano,IFS-ENTORNO ESPACIO DE MAYORES CONDE DE ELDA.MEJORA ESPACIOS PÚBLICOS Y ACCESIBILIDAD,,798804.0,
2018,X08,Mantenimiento urbano,"IFS-ENTORNO DEPORTIVO BÁSICO Bº SANTA ANA.MEJORA ESPACIOS PÚBLICOS, PAISAJE Y ACCESIBILIDAD",,441317.0,
2018,X08,Mantenimiento urbano,IFS-CONEXION PEATONAL TUNEL SUR DE LAS TABLAS CON ESTACIÓN DE CERCANÍAS,,500000.0,
2018,X08,Mantenimiento urbano,IFS-ZONAS VERDES DEL DISTRITO DE FUENCARRAL-EL PARDO. RENOVACIÓN DEL MOBILIARIO URBANO,,200000.0,
2018,X09,Medio ambiente,,,3431444.39,1215683.43
2018,X09,Medio ambiente,IFS-MEDIANA DE LA CALLE GINZO DE LIMIA. REMODELACIÓN,,907102.81,587244.49
2018,X09,Medio ambiente,IFS-PARQUE ANA TUTOR. REMODELACIÓN Y MEJORA DE RED DE RIEGO AUTOMÁTICO,,647834.47,415569.93
2018,X09,Medio ambiente,IFS-CASETA DE JARDINEROS PARQUE ANA TUTOR. SUBSANACIÓN DE PATOLOGÍA,,161996.43,160456.19
2018,X09,Medio ambiente,"PARQUE ARROYO FRESNO, DISTRITO FUENCARRAL. ACOMETIDA DE AGUAS",,17771.68,17771.68
2018,X09,Medio ambiente,IFS-ZONAS AJARDINADAS DEL DISTRITO C - LAS TABLAS. RED DE AGUA REGENERADA,,1334500.0,
2018,X09,Medio ambiente,FUENTES DE AGUA POTABLE DISTRITO FUENCARRAL-EL PARDO. INSTALACIÓN (ID: 558),,25095.76,
2018,X09,Medio ambiente,REFORESTACIÓN BARRIO DE LAS TABLAS. REDISTRIBUCIÓN ESPACIOS NATURALES (2017/ID: 84),,6250.0,6250.0
2018,X09,Medio ambiente,REFORESTACIÓN BARRIO MONTECARMELO. REDISTRIBUCIÓN ESPACIOS NATURALES (2017/ID: 84),,8349.0,8349.0
2018,X09,Medio ambiente,ACONDICIONAMIENTO DE PARCELA PARA HUERTO URBANO EN POLÍGONO DE FUENCARRAL,,2267.24,2267.24
2018,X09,Medio ambiente,IFS-PARQUE DE LA ALCAZABA Y ZONA VERDE C/ ISLA DE ONS. REMODELACIÓN,,52277.0,
2018,X09,Medio ambiente,IFS-ZONA VERDE ENTRE C/FERMIN CABALLERO Y SANJENJO. MEJORA Y ACONDICIONAMIENTO,,250000.0,
2018,X09,Medio ambiente,CIRCUITO BIOSALUDABLE EN EL PARQUE DE BEGOÑA. MEJORA MOBILIARIO URBANO,,18000.0,17774.9
2018,X03,Protección y promoción social,,,1937510.14,889923.59
2018,X03,Protección y promoción social,"IFS-EDIFICIO APOYO POSITIVO AV.LLANO CASTELLANO, 26. ADAPTACIÓN A NORMATIVA ELÉCTRICA",,29979.48,29979.17
2018,X03,Protección y promoción social,"IFS-CENTRO DE DÍA FRAY LUIS DE LEÓN EN C/ MANRESA, 1. SUBSANACIÓN DE PATOLOGÍAS",,199947.15,184221.96
2018,X03,Protección y promoción social,IFS-CENTRO DE MAYORES PEÑAGRANDE. MEJORA INSTALACIONES DE CLIMATIZACIÓN E ILUMINACIÓN,,200000.0,
2018,X03,Protección y promoción social,"IFS-CENTRO SERVICIOS SOCIALES BADALONA. ADECUACIÓN CARPINTERÍAS, CUBIERTA Y CLIMATIZACIÓN",,200000.0,165606.07
2018,X03,Protección y promoción social,CENTRO SOCIOEDUCATIVO ADOLESCENTES Y JÓVENES FUENCARRAL-EL PARDO. MOBILIARIO,,5221.2,5221.2
2018,X03,Protección y promoción social,"IFS-INMUEBLE SITO EN CALLE SAN PANCRACIO ,1. ADQUISICIÓN",,415027.22,
2018,X03,Protección y promoción social,CENTRO DE ACOGIDA A PERSONAS SIN HOGAR MONTECARMELO. CONSTRUCCIÓN (ID: 796),,10230.19,
2018,X03,Protección y promoción social,CENTRO DE MAYORES PEÑAGRANDE. MEJORA INSTALACIONES DE CLIMATIZACIÓN E ILUMINACIÓN,,2165.9,2165.9
2018,X03,Protección y promoción social,"IFS-CENTRO DE MAYORES ISLAS JARVI.AISLAMIENTO FACHADA, CARPINTERÍAS Y OTRAS DE EFICIENCIA",,345000.0,178146.1
2018,X03,Protección y promoción social,"IFS-CENTRO DE DÍA Y  MAYORES FRAY LUIS DE LEÓN.MEJORA CALDERA, REDISTRIBUCIÓN INTERIOR Y EFICIENCIA",,200000.0,92254.31
2018,X03,Protección y promoción social,"IFS-CENTRO DE DÍA MAYORES EL PARDO. ADECUACIÓN BAÑOS, CUARTO DE BASURAS Y CALDERA",,80000.0,
2018,X03,Protección y promoción social,"IFS-EDIFICIO C/CELANOVA, 2. ADECUACIÓN PARA CENTRO SOCIOEDUCATIVO ADOLESCENTES Y JÓVENES",,249939.0,232328.88
2018,X05,Educación,,,8947950.27,4374868.84
2018,X05,Educación,EQUIPAMIENTO ESCUELA INFANTIL LA CARACOLA,,2922.16,2922.16
2018,X05,Educación,EQUIPAMIENTO ESCUELA INFANTIL LA ROSA DEL AZAFRÁN,,2613.66,2613.66
2018,X05,Educación,EQUIPAMIENTO ESCUELA INFANTIL LA CORTE DEL FARAÓN,,2752.75,2752.75
2018,X05,Educación,ESCUELA INFANTIL C/MONASTERIO DEL PAULAR. CONSTRUCCIÓN,,39000.0,
2018,X05,Educación,"IFS-COLEGIO PÚBLICO LORENZO LUZURIAGA, C/VALENCIA DE DON JUAN, 19. NORMATIVA ELÉCTRICA",,99870.4,89884.53
2018,X05,Educación,"IFS-COLEGIO PÚBLICO ANTONIO FONTÁN, AV,SANTUARIO DE VALVERDE, 71. NORMATIVA ELÉCTRICA",,59687.16,59686.9
2018,X05,Educación,"IFS-COLEGIO PÚBLICO BREOGAN, C/GINZO DE LIMIA, 2. ADAPTACIÓN A NORMATIVA ELÉCTRICA",,89748.81,89748.79
2018,X05,Educación,"IFS-COLEGIO PÚBLICO GUATEMALA, C/CELANOVA, 2. ADAPTACIÓN A NORMATIVA ELÉCTRICA",,59824.42,53844.81
2018,X05,Educación,"IFS-COLEGIO PÚBLICO JORGE GUILLÉN, AV.FERROL, 47. ADAPTACIÓN A NORMATIVA ELÉCTRICA",,119884.31,107896.29
2018,X05,Educación,IFS-COLEGIO PÚBLICO CAMILO JOSÉ CELA.MEJORA INSTALACIONES DE ILUMINACIÓN Y CARPINTERÍA,,199921.5,199652.41
2018,X05,Educación,IFS-COLEGIO PÚBLICO MIRASIERRA.MEJORA INSTALACIONES DE ILUMINACIÓN Y CARPINTERÍA,,200000.0,192456.74
2018,X05,Educación,IFS-ESCUELA DE MÚSICA CARMELO ALONSO BERNAOLA. INSTALACIONES DE CLIMATIZACIÓN Y EFICIENCIA,,199893.82,199893.81
2018,X05,Educación,IFS-CENTRO EDUCACIÓN ADULTOS JOSÉ LUIS SAMPEDRO.MEJORA INSTALACIÓN ELÉCTRICA E ILUMINACIÓN,,49999.87,49548.11
2018,X05,Educación,IFS-COLEGIO PÚBLICO VASCO NÚÑEZ DE BALBOA. AISLAMIENTO TÉRMICO CUBIERTA E ILUMINACIÓN,,60000.0,21855.57
2018,X05,Educación,OTRO EQUIPAMIENTO ESCUELA INFANTIL LA CARACOLA,,3602.74,3602.73
2018,X05,Educación,OTRO EQUIPAMIENTO ESCUELA INFANTIL LA CORTE DEL FARAÓN,,5565.32,5565.31
2018,X05,Educación,OTRO EQUIPAMIENTO ESCUELA INFANTIL MONTECARMELO,,58003.1,1293.4
2018,X05,Educación,OTRO EQUIPAMIENTO ESCUELA INFANTIL LAS TABLAS,,65030.08,1293.4
2018,X05,Educación,OTRO EQUIPAMIENTO ESCUELA INFANTIL PAU ARROYOFRESNO,,65030.08,1293.4
2018,X05,Educación,OTRO EQUIPAMIENTO ESCUELA INFANTIL LA ROSA DEL AZAFRÁN,,466.09,466.09
2018,X05,Educación,IFS-ESCUELA INFANTIL C/MONASTERIO DEL PAULAR. CONSTRUCCIÓN,,1994012.0,763271.38
2018,X05,Educación,IFS-ESCUELA INFANTIL EN ARROYOFRESNO. CONSTRUCCIÓN,,2871612.0,1375929.19
2018,X05,Educación,IFS-ESCUELA INFANTIL C/CASTILLO DE CANDANCHÚ C/V. BURGUETE. CONSTRUCCIÓN,,2174952.0,987565.1
2018,X05,Educación,IFS-COLEGIO PÚBLICO PRÍNCIPE FELIPE. ADECUACIÓN PATIO INFANTIL,,20000.0,
2018,X05,Educación,"IFS-COLEGIO PÚBLICO PRÍNCIPE DE ASTURIAS. LUMINARIAS LED, CALEFACCIÓN Y EFICIENCIA ENERGÉTICA",,100000.0,41497.4
2018,X05,Educación,IFS-COLEGIO PÚBLICO INFANTA LEONOR. MEJORA INSTALACIONES DE ELECTRICIDAD Y SANEAMIENTO,,10000.0,9963.71
2018,X05,Educación,IFS-COLEGIO PÚBLICO REPÚBLICA DE PARAGUAY. ACONDICIONAMIENTO Y NORMATIVA TÉCNICA EDIFICIOS,,40000.0,
2018,X05,Educación,IFS-COLEGIO PÚBLICO BRAVO MURILLO. EXIGENCIAS INSPECCIÓN TÉCNICA EDIFICIOS,,50000.0,31021.15
2018,X05,Educación,IFS-COLEGIO PÚBLICO VASCO NÚÑEZ DE BALBOA. ACONDICIONAMIENTO INTERIOR Y EXTERIOR,,43558.0,41445.13
2018,X05,Educación,IFS-PATIOS INCLUSIVOS EN COLEGIOS PÚBLICOS DEL DISTRITO DE FUENCARRAL-EL PARDO,,200000.0,
2018,X05,Educación,IFS-COLEGIO PÚBLICO HERRERA ORIA. OBRAS DE CONSERVACIÓN DE CUBIERTA.,,60000.0,37904.92
2018,X00,Inversiones de carácter general,,,448800.0,3769.15
2018,X00,Inversiones de carácter general,EQUIPAMIENTO SERVICIOS ADMINISTRATIVOS DISTRITO FUENCARRAL-EL PARDO,,3800.0,3769.15
2018,X00,Inversiones de carácter general,IFS-EDIFICIO C/CELANOVA. OBRAS DE REFORMA Y ADECUACIÓN LUMINARIAS LED,,345000.0,
2018,X00,Inversiones de carácter general,IFS-SEDE DISTRITO FUENCARRAL-EL PARDO . OBRAS MEJORA Y ACÚSTICA SALÓN DE PLENOS,,100000.0,
2019,X01,Protección Civil y seguridad ciudadana,,,113882.6,96877.93
2019,X01,Protección Civil y seguridad ciudadana,IFS-UNIDAD INTEGRAL POLICÍA MUNICIPAL FUENCARRAL-EL PARDO. ADECUACIÓNCLIMATIZACIÓN Y FONTANERÍA,,105182.6,96877.93
2019,X01,Protección Civil y seguridad ciudadana,IFS-LINEA DE VIDA EN CUBIERTA DE  UID FUENCARRAL EN AVDA. SOTO PALACIOS 7,,8700.0,
2019,X12,Otros bienes públicos de carácter social,,,25631.83,25215.02
2019,X12,Otros bienes públicos de carácter social,OFICINA ATENCIÓN AL CIUDADANO LÍNEA MADRID FUENCARRAL-EL PARDO. SEÑALIZACIÓN,,1465.31,1465.31
2019,X12,Otros bienes públicos de carácter social,EQUIPAMIENTO OFICINA ATENCIÓN AL CIUDADANO LÍNEA MADRID FUENCARRAL-EL PARDO,,15514.6,15514.6
2019,X12,Otros bienes públicos de carácter social,EQUIPAMIENTO OFICINA AUXILIAR ATENCIÓN AL CIUDADANO LÍNEA MADRID VALVERDE,,1901.48,1484.67
2019,X12,Otros bienes públicos de carácter social,EDIFICIO SEDE DISTRITO DE FUENCARRAL-EL PARDO. MEJORA DEPENDENCIAS LÍNEA MADRID,,6750.44,6750.44
2019,X10,Cultura,,,2608152.48,936977.82
2019,X10,Cultura,EQUIPAMIENTO CENTRO SOCIOCULTURAL MONTECARMELO,,3550.0,3547.72
2019,X10,Cultura,EQUIPAMIENTO BIBLIOTECA PÚBLICA JOSÉ SARAMAGO,,70000.0,69959.79
2019,X10,Cultura,BIBLIOTECA PÚBLICA JOSÉ SARAMAGO. OBRAS DE REHABILITACIÓN Y REPARACIÓN,,12098.44,
2019,X10,Cultura,ANTIGUAS OFICINAS TEATRO MADRID. REHABILITACIÓN,,39401.0,
2019,X10,Cultura,IFS-ERMITA DE SAN ROQUE.RESTAURACION,,185574.06,76113.71
2019,X10,Cultura,BIBLIOTECA DE MONTECARMELO. CONSTRUCCIÓN,,194519.0,44880.0
2019,X10,Cultura,BIBLIOTECA DE LAS TABLAS. CONSTRUCCIÓN,,194519.0,44880.0
2019,X10,Cultura,IFS-BIBLIOTECA PÚBLICA JOSÉ SARAMAGO. OBRAS DE REHABILITACIÓN Y REPARACIÓN,,526468.69,220336.65
2019,X10,Cultura,IFS-ANTIGUAS OFICINAS TEATRO MADRID. REHABILITACIÓN,,343036.35,5746.53
2019,X10,Cultura,"IFS-CENTRO CULTURAL VALLE INCLÁN. CLIMATIZACIÓN, ILUMINACIÓN Y CARPINTERÍA",,169999.48,142613.13
2019,X10,Cultura,"IFS-CENTRO CULTURAL ALFREDO KRAUS. OBRAS EN FACHADAS, EFICIENCIA ENERGÉTICA Y OTRAS",,85048.22,51239.16
2019,X10,Cultura,"IFS-CENTRO CULTURAL MONTECARMELO. CLIMATIZACIÓN, EFICIENCIA ENERGÉTICA Y LÍNEA DE VIDA",,69916.76,46328.41
2019,X10,Cultura,"IFS-CENTRO CULTURAL RAFAEL LEÓN.CLIMATIZACIÓN, ILUMINACIÓN,CARPINTERÍA Y EFICIENCIA ENERGÉTICA",,199995.81,199982.86
2019,X10,Cultura,BIBLIOTECA PÚBLICA JOSÉ SARAMAGO. INSTALACIONES DE SEGURIDAD,,3027.31,3027.31
2019,X10,Cultura,ERMITA DE SAN ROQUE.RESTAURACION,,36750.0,
2019,X10,Cultura,IFS-MONUMENTO ALAS MÉXICO. RAMPA ACCESIBILIDAD,,48400.0,
2019,X10,Cultura,IFS-CENTROS CULTURALES DISTRITO FUENCARRAL. OTRO MOBILIARIO Y ENSERES,,15000.0,4797.65
2019,X10,Cultura,JUEGO DIDÁCTICO GRAN FORMATO. INSTALACIÓN EXTERIOR EN CENTROS CULTURALES FUENCARRAL EL PARDO,,11860.0,11858.0
2019,X10,Cultura,EQUIPAMIENTO CENTRO SOCIOCULTURAL ALFONSO XII,,6360.0,6352.5
2019,X10,Cultura,CENTRO SOCIOCULTURAL VALVERDE. ADECUACIÓN SALA DE MÚSICA,,5800.11,5314.4
2019,X10,Cultura,CENTRO SOCIOCULTURAL VALVERDE. ADECUACIÓN CUBIERTA,,41828.25,
2019,X10,Cultura,IFS-CENTRO CULTURAL VAGUADA. SOLADO E IMPERMEABILIZACIÓN EXTERIOR,,345000.0,
2019,X11,"Deportes, juventud y esparcimiento",,,9643551.05,4560861.49
2019,X11,"Deportes, juventud y esparcimiento",CENTRO DEPORTIVO VICENTE DEL BOSQUE. OBRAS DE CONSERVACIÓN,,23267.86,
2019,X11,"Deportes, juventud y esparcimiento",CENTRO DEPORTIVO EN EL BARRIO DE LAS TABLAS. CONSTRUCCIÓN,,248230.0,248229.03
2019,X11,"Deportes, juventud y esparcimiento",DEPORTIVO BÁSICO MINGORRUBIO. ACONDICIONAMIENTO DE PISTAS,,503000.0,394391.96
2019,X11,"Deportes, juventud y esparcimiento",IFS-CENTRO DEPORTIVO TRES OLIVOS. ADECUACIÓN CAMPO DE RUGBY (ID 17: 1605),,1709511.37,1709511.37
2019,X11,"Deportes, juventud y esparcimiento",IFS-CENTRO DEPORTIVO LA VAGUADA. SUBSANACIÓN DE PATOLOGÍAS EN CERRAMIENTOS Y CUBIERTAS,,349999.99,319852.82
2019,X11,"Deportes, juventud y esparcimiento",IFS-CENTRO DEPORTIVO LA MASÓ. PANELES SOLARES TÉRMICOS Y FOTOVOLTAICOS Y REFORMA ELÉCTRICA (ID: 1517),,149772.23,148272.63
2019,X11,"Deportes, juventud y esparcimiento",IFS-INSTALACIONES DEPORTIVAS EN PLAZAS INTERIORES DEL BARRIO DEL PILAR. ACONDICIONAMIENTO,,249999.61,134005.58
2019,X11,"Deportes, juventud y esparcimiento",IFS-CENTRO DEPORTIVO VICENTE DEL BOSQUE. SUSTITUCIÓN CÉSPED ARTIFICAL CAMPO DE FÚTBOL,,344888.02,324798.11
2019,X11,"Deportes, juventud y esparcimiento",IFS-CENTRO DEPORTIVO VICENTE DEL BOSQUE. INSTALACIÓN PANELES FOTOVOLTAICOS,,344674.86,305398.7
2019,X11,"Deportes, juventud y esparcimiento",IFS-DEPORTIVO BÁSICO SANTA II. ACONDICIONAMIENTO PAVIMENTACIÓN PISTA DE ATLETISMO,,212455.44,212454.64
2019,X11,"Deportes, juventud y esparcimiento","IFS-CENTRO DEPORTIVO VICENTE DEL BOSQUE. LUMINARIAS LED Y EFICIENCIA,ACCESIBILIDAD Y SEGURIDAD",,69664.65,69664.65
2019,X11,"Deportes, juventud y esparcimiento",IFS-CENTRO DEPORTIVO VICENTE DEL BOSQUE. ADECUACIÓN CALDERAS Y EFICIENCIA ENERGÉTICA,,237682.99,237682.99
2019,X11,"Deportes, juventud y esparcimiento",IFS-CENTRO DEPORTIVO SANTA (PISCINAS). OBRAS ACCESIBILIDAD Y OTRAS DE REPARACIÓN,,199854.72,199854.72
2019,X11,"Deportes, juventud y esparcimiento",IFS-DEPORTIVO BÁSICO BARRIO SANTA ANA. ADECUACIÓN INSTALACIÓN ILUMINACIÓN A TECNOLOGÍA LED,,4898.77,4898.77
2019,X11,"Deportes, juventud y esparcimiento",IFS-DEPORTIVO BÁSICO SANTUARIO DE VALVERDE. ADECUACIÓN PAVIMENTOS E INSTALACIÓN LUMINARIAS LED,,67926.48,67926.48
2019,X11,"Deportes, juventud y esparcimiento",IFS-DEPORTIVO BÁSICO ISLA DE TABARCA. OBRAS DE ACONDICIONAMIENTO Y MEJORA,,337637.77,84183.61
2019,X11,"Deportes, juventud y esparcimiento",CENTRO DEPORTIVO TRES OLIVOS. ADECUACIÓN CAMPO DE RUGBY (ID 17: 1605),,246304.15,67039.54
2019,X11,"Deportes, juventud y esparcimiento",IFS-CENTRO DEPORTIVO LA VAGUADA. SUBSANACIÓN DE PATOLOGÍAS,,1000000.0,
2019,X11,"Deportes, juventud y esparcimiento",IFS-DEPORTIVO BÁSICO VEREDA DE GANAPANES. SUBSANACIÓN DE PATOLOGÍAS VESTUARIOS,,200000.0,6289.69
2019,X11,"Deportes, juventud y esparcimiento",IFS-DEPORTIVO BÁSICO LAS TABLAS. CONSTRUCCIÓN,,250000.0,
2019,X11,"Deportes, juventud y esparcimiento",EQUIPAMIENTO CENTRO DEPORTIVO LA VAGUADA,,7050.0,7012.85
2019,X11,"Deportes, juventud y esparcimiento",IFS-EQUIPAMIENTO CENTROS DEPORTIVOS DEL DISTRITO FUENCARRAL-EL PARDO,,20000.0,13519.16
2019,X11,"Deportes, juventud y esparcimiento",OBRAS DE CONSERVACION INSTALACIONES DEPORTIVAS DISTRITO FUENCARRAL-EL PARDO,,6010.43,
2019,X11,"Deportes, juventud y esparcimiento",CENTRO DEPORTIVO LA MASÓ. SUSTITUCIÓN PUERTA DE ACCESO,,6638.7,5874.19
2019,X11,"Deportes, juventud y esparcimiento",DEPORTIVO BÁSICO ARTURO RUIZ GARCÍA (ANTIGUO ISLA DE TABARCA). OBRAS ACOMETIDA AGUA,,14083.01,
2019,X11,"Deportes, juventud y esparcimiento",IFS-CENTRO DEPORTIVO LA MASÓ. OBRAS DE CONSERVACIÓN,,150000.0,
2019,X11,"Deportes, juventud y esparcimiento",IFS-DEPORTIVO BÁSICO RAMÓN GÓMEZ DE LA SERNA. SUSTITUCIÓN CÉSPED ARTIFICIAL,,345000.0,
2019,X11,"Deportes, juventud y esparcimiento","IFS-DEPORTIVO BÁSICO VEREDA DE GANAPANES. ADECUACIÓN VESTUARIOS, GRADAS Y CAMPO DE FÚTBOL Y OTROS",,2000000.0,
2019,X11,"Deportes, juventud y esparcimiento",IFS-CENTRO DEPORTIVO LA MASÓ / MIRASIERRA. OBRAS DE REMODELACIÓN (ID: 10541),,345000.0,
2019,X06,Urbanismo,,,5871710.93,4989207.24
2019,X06,Urbanismo,ADQUISICIÓN SUELO JUNTA COMPENSACIÓN API 08.02 POLÍGONO A DE PEÑAGRANDE,,79430.18,78780.07
2019,X06,Urbanismo,"C/ ALEJANDRO CASONA, 38 C/V. ANGELITA CAMARERO. OBRAS DE URBANIZACIÓN",,28925.62,
2019,X06,Urbanismo,ARROYO DEL FRESNO. JUNTA DE COMPENSACIÓN,,367373.39,310368.25
2019,X06,Urbanismo,ÁREA DE PLANEAMIENTO INCORPORADO SANDALIA NAVAS 08.13,,60078.31,
2019,X06,Urbanismo,ÁREA DE PLANEAMIENTO REMITIDO 08.01 CALLE CANTALEJO. COMPENSACIÓN,,366567.43,331867.2
2019,X06,Urbanismo,IFS-ADECUACIÓN DE VIALES EN EL BARRIO DE PEÑAGRANDE,,450000.0,
2019,X06,Urbanismo,ADQUISICIÓN SUELO APR 08.01 CANTALEJO,,187255.0,
2019,X06,Urbanismo,"DEMOLICIÓN EDIFICACIONES Y ACONDICIONAMIENTO SOLAR C/ MARÍA ISABEL NAVARRO, S/N",,65394.6,50532.44
2019,X06,Urbanismo,"DEMOLICIÓN EDIFICACIONES Y ACONDICIONAMIENTO SOLAR C/ MARÍA ISABEL NAVARRO, 16",,16686.4,16686.4
2019,X06,Urbanismo,PARCELA 4.3 SUELO PROGRAMADO INCORPORADO 0.07. MONTECARMELO. URBANIZACIÓN,,4250000.0,4200972.88
2019,X07,Infraestructuras,,,563228.21,508997.17
2019,X07,Infraestructuras,ANILLO VERDE CICLISTA DISTRITO FUENCARRAL-EL PARDO. OBRAS DE REMODELACIÓN,,486024.09,486024.09
2019,X07,Infraestructuras,CICLO-CARRIL DESDE EL BARRIO DE VALVERDE A PLAZA CASTILLA. ADAPTACIÓN (ID: 4364),,32204.12,22973.08
2019,X07,Infraestructuras,IFS-ACCESO ESTACIÓN CERCANÍA FUENCARRAL DESDE TRES OLIVOS. OBRAS DE ACCESIBILIDAD Y MEJORA (ID: 11116),,45000.0,
2019,X08,Mantenimiento urbano,,,4956689.22,1241370.91
2019,X08,Mantenimiento urbano,HIDRANTES DISTRITO FUENCARRAL-EL PARDO. INSTALACIÓN,,11968.68,11968.68
2019,X08,Mantenimiento urbano,PAVIMENTACIÓN CALZADAS BARRIOS EN DISTRITO FUENCARRAL-EL PARDO. FASE I,,1598.94,1598.94
2019,X08,Mantenimiento urbano,"PUEBLO DE FUENCARRAL. MEJORA ESPACIOS PÚBLICOS, CALIDAD PAISAJÍSTICA Y ACCESIBILIDAD",,20908.8,20908.8
2019,X08,Mantenimiento urbano,IFS-DIVERSAS CALLES EN BARRIOS DEL DISTRITO FUENCARRAL-EL PARDO. REURBANIZACIÓN,,1544799.82,293331.79
2019,X08,Mantenimiento urbano,IFS-ENTORNO ESPACIO DE MAYORES CONDE DE ELDA.MEJORA ESPACIOS PÚBLICOS Y ACCESIBILIDAD,,798803.69,464824.36
2019,X08,Mantenimiento urbano,"IFS-ENTORNO DEPORTIVO BÁSICO Bº SANTA ANA.MEJORA ESPACIOS PÚBLICOS, PAISAJE Y ACCESIBILIDAD",,441316.19,248458.94
2019,X08,Mantenimiento urbano,IFS-CONEXION PEATONAL TUNEL SUR DE LAS TABLAS CON ESTACIÓN DE CERCANÍAS,,499995.14,
2019,X08,Mantenimiento urbano,IFS-ZONAS VERDES DEL DISTRITO DE FUENCARRAL-EL PARDO. RENOVACIÓN DEL MOBILIARIO URBANO,,17790.63,17790.63
2019,X08,Mantenimiento urbano,PASEO RIBERA DEL MANZANARES. ESPACIOS PÚBLICOS Y ACCESIBILIDAD,,60442.25,34645.24
2019,X08,Mantenimiento urbano,MEJORA ESPACIO PUBLICO EN PEÑAGRANDE,,146123.84,128486.91
2019,X08,Mantenimiento urbano,PAVIMENTO CALZADAS DISTRITO DE FUENCARRAL-EL PARDO. MEJORA (ID: 942),,51791.24,1209.04
2019,X08,Mantenimiento urbano,IFS-APARATOS DE GIMNASIA PARA JÓVENES DE MINGORRUBIO. INSTALACIÓN (ID 17: 5359),,15000.0,
2019,X08,Mantenimiento urbano,IFS-CIRCUITO DE MÁQUINAS DEPORTIVAS PARA JÓVENES EN EL PARDO. INSTALACIÓN (ID 17: 4981),,48000.0,
2019,X08,Mantenimiento urbano,IFS-CIRCUITO DEPORTIVO EN LAS TABLAS. INSTALACIÓN (ID 18: 1567),,30000.0,
2019,X08,Mantenimiento urbano,IFS-MEJORA DE LOS ACCESOS A HERRERA ORIA DESDE PEÑAGRANDE (ID: 10401),,100000.0,
2019,X08,Mantenimiento urbano,IFS-DIVERSAS CALLES DEL DISTRITO DE FUENCARRAL-EL PARDO. PAVIMENTACIÓN Y ACCESIBILIDAD (ID: 11004),,300000.0,
2019,X08,Mantenimiento urbano,IFS-VÍAS PÚBLICAS BARRIO DE BEGOÑA. ELIMINACIÓN BARRERAS ARQUITECTÓNICAS Y ACCESIBILIDAD (ID: 11019),,250000.0,
2019,X08,Mantenimiento urbano,IFS-VÍAS PÚBLICAS DEL BARRIO DEL PILAR. MEJORA DE LA ACCESIBILIDAD (ID: 11043),,150000.0,
2019,X08,Mantenimiento urbano,MÁSTILES PARA BANDERAS EN ZONAS AJARDINADAS DEL DISTRITO FUENCARRAL-EL PARDO,,18150.0,18147.58
2019,X08,Mantenimiento urbano,IFS-ÁREAS INFANTILES EN EL PARQUE DE LA VAGUADA. AMPLIACIÓN (ID 18: 2462),,450000.0,
2019,X09,Medio ambiente,,,5725180.86,187143.04
2019,X09,Medio ambiente,COLECTOR EN LA SUBCUENCA DE PINOS. CONSTRUCCIÓN,,40136.99,
2019,X09,Medio ambiente,IFS-ZONAS AJARDINADAS DEL DISTRITO C - LAS TABLAS. RED DE AGUA REGENERADA,,18029.0,18029.0
2019,X09,Medio ambiente,FUENTES DE AGUA POTABLE DISTRITO FUENCARRAL-EL PARDO. INSTALACIÓN (ID: 558),,37165.87,35860.74
2019,X09,Medio ambiente,IFS-PARQUE DE LA ALCAZABA Y ZONA VERDE C/ ISLA DE ONS. REMODELACIÓN,,52274.0,31702.0
2019,X09,Medio ambiente,IFS-ZONA VERDE ENTRE C/FERMIN CABALLERO Y SANJENJO. MEJORA Y ACONDICIONAMIENTO,,250000.0,
2019,X09,Medio ambiente,CASETA JARDINEROS EN PARQUE ANA TUTOR. ADECUACIÓN INSTALACIÓN ELÉCTRICA,,44923.17,44677.76
2019,X09,Medio ambiente,IFS-ZONAS AJARDINADAS DEL DISTRITO C  LAS TABLAS. RED DE AGUA REGENERADA,,2060000.0,
2019,X09,Medio ambiente,REFORESTACIÓN PARAJES MONTECARMELO Y LAS TABLAS. REDISTRIBUCIÓN ESPACIOS NATURALES (2017/ID: 84),,356699.88,
2019,X09,Medio ambiente,PARQUE ANA TUTOR. REMODELACIÓN Y MEJORA DE RED DE RIEGO AUTOMÁTICO,,40134.71,39227.47
2019,X09,Medio ambiente,MEDIANA DE LA CALLE GINZO DE LIMIA. REMODELACIÓN,,60011.24,17646.07
2019,X09,Medio ambiente,PARQUE FORESTAL / BIOSALUDABLE EN LAS TABLAS SUR. CONSTRUCCIÓN (ID: 10221),,30000.0,
2019,X09,Medio ambiente,"PARQUE EN C/FERMÍN CABALLERO, 88, BARRIO DE PEÑAGRANDE. ADECUACIÓN (ID: 12060)",,3806.0,
2019,X09,Medio ambiente,IFS-PARQUE CALLE FERMÍN CABALLERO 88. REHABILITACIÓN,,700000.0,
2019,X09,Medio ambiente,IFS-PARQUE DE LA ALCAZABA Y ZONA VRDE C/ ISLA DE ONS. REMODELACIÓN,,1882000.0,
2019,X09,Medio ambiente,IFS-ZONAS AJARDINADAS DISTRITO FUENCARRAL-EL PARDO. ACONDICIONAMIENTO,,150000.0,
2019,X03,Protección y promoción social,,,1914240.22,1131559.1
2019,X03,Protección y promoción social,IFS-CENTRO DE MAYORES PEÑAGRANDE. MEJORA INSTALACIONES DE CLIMATIZACIÓN E ILUMINACIÓN,,199701.61,174035.12
2019,X03,Protección y promoción social,"IFS-INMUEBLE SITO EN CALLE SAN PANCRACIO ,1. ADQUISICIÓN",,414127.22,413874.1
2019,X03,Protección y promoción social,"IFS-CENTRO DE MAYORES ISLAS JARVI.AISLAMIENTO FACHADA, CARPINTERÍAS Y OTRAS DE EFICIENCIA",,166853.76,166853.76
2019,X03,Protección y promoción social,"IFS-CENTRO DE DÍA Y  MAYORES FRAY LUIS DE LEÓN.MEJORA CALDERA, REDISTRIBUCIÓN INTERIOR Y EFICIENCIA",,107745.4,107745.39
2019,X03,Protección y promoción social,"IFS-CENTRO DE DÍA MAYORES EL PARDO. ADECUACIÓN BAÑOS, CUARTO DE BASURAS Y CALDERA",,60478.21,44929.28
2019,X03,Protección y promoción social,"INMUEBLE SITO EN CALLE SAN PANCRACIO ,1. ADQUISICIÓN",,1000.0,338.59
2019,X03,Protección y promoción social,"IFS-LOCAL EN C/ SAN PANCRACIO, 1. ADQUISICIÓN",,141500.0,130000.0
2019,X03,Protección y promoción social,CENTRO DE MAYORES EN LA COLONIA DE MIRASIERRA. CONSTRUCCIÓN,,11603.83,10926.61
2019,X03,Protección y promoción social,CENTRO DE ACOGIDA A PERSONAS SIN HOGAR MONTECARMELO. CONSTRUCCIÓN (ID 17: 4169),,10230.19,10230.19
2019,X03,Protección y promoción social,IFS-ESPACIO PARA PERSONAS MAYORES EN LAS TABLAS. MOBILIARIO Y ENSERES (ID: 10442),,25000.0,12349.67
2019,X03,Protección y promoción social,IFS-CENTROS DE MAYORES DISTRITO FUENCARRAL-EL PARDO. OTRO MOBILIARIO Y ENSERES,,25000.0,11996.75
2019,X03,Protección y promoción social,ACONDICIONAMIENTO DE SOLARES EN MONTECARMELO Y LAS TABLAS. PROGRAMAS SOCIALES,,50000.0,48279.64
2019,X03,Protección y promoción social,IFS-PARCELA VILORIA DE LA RIOJA. ACONDICIONAMIENTO PARA CENTRO ATENCIÓN SOCIAL,,200000.0,
2019,X03,Protección y promoción social,CENTROS DE SERVICIOS SOCIALES DE FUENCARRAL. SISTEMAS ALARMA ANTI-AGRESIÓN,,16000.0,
2019,X03,Protección y promoción social,CENTRO COMUNITARIO GUATEMALA. OBRAS DE ACONDICIONAMIENTO Y MEJORA,,140000.0,
2019,X03,Protección y promoción social,IFS-CENTRO DE MAYORES LA VAGUADA. OBRAS DE ACONDICIONAMIENTO,,100000.0,
2019,X03,Protección y promoción social,IFS-DIVERSOS CENTROS DE MAYORES DEL DISTRITO DE FUENCARRAL-EL PARDO. OBRAS DE MEJORA,,200000.0,
2019,X03,Protección y promoción social,IFS-CENTRO MUNICIPAL DE MAYORES PEÑAGRANDE. RENOVACIÓN COCINA (ID: 10405),,45000.0,
2019,X05,Educación,,,5569749.81,5102265.8
2019,X05,Educación,EQUIPAMIENTO ESCUELA DE MÚSICA CARMELO ALONSO BERNAOLA,,15163.1,11720.25
2019,X05,Educación,ESCUELA INFANTIL C/MONASTERIO DEL PAULAR. CONSTRUCCIÓN,,92540.26,92477.36
2019,X05,Educación,ESCUELA INFANTIL EN ARROYOFRESNO. CONSTRUCCIÓN,,357895.31,357895.28
2019,X05,Educación,ESCUELA INFANTIL C/CASTILLO DE CANDANCHÚ C/V. BURGUETE. CONSTRUCCIÓN,,192619.83,189136.55
2019,X05,Educación,IFS-COLEGIO PÚBLICO VASCO NÚÑEZ DE BALBOA. AISLAMIENTO TÉRMICO CUBIERTA E ILUMINACIÓN,,38143.76,38143.76
2019,X05,Educación,OTRO EQUIPAMIENTO ESCUELA INFANTIL LA CARACOLA,,156.67,156.67
2019,X05,Educación,OTRO EQUIPAMIENTO ESCUELA INFANTIL LA CORTE DEL FARAÓN,,356.97,356.97
2019,X05,Educación,OTRO EQUIPAMIENTO ESCUELA INFANTIL MONTECARMELO,,46167.7,46167.7
2019,X05,Educación,OTRO EQUIPAMIENTO ESCUELA INFANTIL LAS TABLAS,,52153.18,52153.18
2019,X05,Educación,OTRO EQUIPAMIENTO ESCUELA INFANTIL PAU ARROYOFRESNO,,51848.43,51848.43
2019,X05,Educación,OTRO EQUIPAMIENTO ESCUELA INFANTIL LA ROSA DEL AZAFRÁN,,256.83,256.83
2019,X05,Educación,IFS-ESCUELA INFANTIL C/MONASTERIO DEL PAULAR. CONSTRUCCIÓN,,1230739.98,1230739.98
2019,X05,Educación,IFS-ESCUELA INFANTIL EN ARROYOFRESNO. CONSTRUCCIÓN,,1495682.79,1495682.79
2019,X05,Educación,IFS-ESCUELA INFANTIL C/CASTILLO DE CANDANCHÚ C/V. BURGUETE. CONSTRUCCIÓN,,1187386.9,1187386.9
2019,X05,Educación,IFS-COLEGIO PÚBLICO PRÍNCIPE FELIPE. ADECUACIÓN PATIO INFANTIL,,19995.93,19995.93
2019,X05,Educación,"IFS-COLEGIO PÚBLICO PRÍNCIPE DE ASTURIAS. LUMINARIAS LED, CALEFACCIÓN Y EFICIENCIA ENERGÉTICA",,58501.74,41046.24
2019,X05,Educación,IFS-COLEGIO PÚBLICO REPÚBLICA DE PARAGUAY. ACONDICIONAMIENTO Y NORMATIVA TÉCNICA EDIFICIOS,,39685.96,36265.63
2019,X05,Educación,IFS-PATIOS INCLUSIVOS EN COLEGIOS PÚBLICOS DEL DISTRITO DE FUENCARRAL-EL PARDO,,200000.0,199961.3
2019,X05,Educación,ESCUELA INFANTIL MONTECARMELO. INSTALACIÓN PANTALLA ACÚSTICA,,20454.47,20451.66
2019,X05,Educación,OBRAS DE CONSERVACION CENTROS DOCENTES ENSEÑANZA DISTRITO FUENCARRAL-EL PARDO,,2593.03,
2019,X05,Educación,COLEGIO PÚBLICO VASCO NUÑEZ DE BALBOA. ADECUACIÓN CALDERA Y CHIMENEA,,19338.67,19338.65
2019,X05,Educación,COLEGIO PÚBLICO INFANTA LEONOR. ADECUACIÓN SANEAMIENTO Y CALDERA,,21497.53,6027.02
2019,X05,Educación,COLEGIO PÚBLICO MIRASIERRA. ACONDICIONAMIENTO INSTALACIÓN ELÉCTRICA,,6570.77,5056.72
2019,X05,Educación,IFS-COLEGIO PÚBLICO VASCO NUÑEZ DE BALBOA. OBRAS CONSERVACIÓN,,60000.0,
2019,X05,Educación,IFS-COLEGIO PÚBLICO RABINDRANATH TAGORE OBRAS DE CONSERVACIÓN,,50000.0,
2019,X05,Educación,IFS-COLEGIO PÚBLICO LUIS DE GÓNGORA. OBRAS EN PATIOS Y CONSERVACIÓN,,60000.0,
2019,X05,Educación,IFS-COLEGIO PÚBLICO CARDENAL HERRERA ORIA. OBRAS DE CONSERVACIÓN,,100000.0,
2019,X05,Educación,IFS-COLEGIO PÚBLICO ALHAMBRA. OBRAS DE CONSERVACIÓN,,50000.0,
2019,X05,Educación,IFS-COLEGIO PÚBLICO BREOGRÁN. OBRAS DE CONSERVACIÓN,,100000.0,
2019,X00,Inversiones de carácter general,,,561300.48,455645.49
2019,X00,Inversiones de carácter general,OBRAS DE CONSERVACION EDIFICIOS DISTRITO FUENCARRAL-EL PARDO,,6655.52,
2019,X00,Inversiones de carácter general,EQUIPAMIENTO SERVICIOS ADMINISTRATIVOS DISTRITO FUENCARRAL-EL PARDO,,98380.0,54775.61
2019,X00,Inversiones de carácter general,IFS-EDIFICIO C/CELANOVA. OBRAS DE REFORMA Y ADECUACIÓN LUMINARIAS LED,,344999.89,302282.51
2019,X00,Inversiones de carácter general,IFS-SEDE DISTRITO FUENCARRAL-EL PARDO . OBRAS MEJORA Y ACÚSTICA SALÓN DE PLENOS,,99999.39,95811.42
2019,X00,Inversiones de carácter general,TORREÓN PLAZA SAN FERNANDO. OBRAS DE CONSERVACIÓN,,11265.68,2775.95
2019,X04,Salud pública,,,48400.0,48349.82
2019,X04,Salud pública,IFS-CENTRO MADRID SALUD FUENCARRAL. OBRAS DE REFORMA,,48400.0,48349.82
2020,X01,Protección Civil y seguridad ciudadana,,,158670.18,108864.52
2020,X01,Protección Civil y seguridad ciudadana,IFS-LINEA DE VIDA EN CUBIERTA DE  UID FUENCARRAL EN AVDA. SOTO PALACIOS 7,,8670.18,8670.18
2020,X01,Protección Civil y seguridad ciudadana,UNIDAD INTEGRAL POLICÃA MUNICIPAL FUENCARRAL-EL PARDO. OBRAS ACONDICIONAMIENTO Y VESTUARIOS,,150000.0,100194.34
2020,X12,Otros bienes públicos de carácter social,,,3447.29,3447.29
2020,X12,Otros bienes públicos de carácter social,OFICINA AUXILIAR ATENCIÃN AL CIUDADANO VALVERDE. ELEMENTOS PROTECTORES HIGIÃNICO-SANITARIOS,,312.18,312.18
2020,X12,Otros bienes públicos de carácter social,OFICINA AUXILIAR ATENCIÃN AL CIUDADANO EL PARDO. ELEMENTOS PROTECTORES HIGIÃNICO-SANITARIOS,,312.18,312.18
2020,X12,Otros bienes públicos de carácter social,OFICINA ATENCIÃN AL CIUDADANO FUENCARRAL. ELEMENTOS PROTECTORES HIGIÃNICO-SANITARIOS,,755.04,755.04
2020,X12,Otros bienes públicos de carácter social,OFICINA AUXILIAR ATENCIÃN AL CIUDADANO LÃNEA MADRID EL PARDO. SEÃALIZACIÃN,,759.88,759.88
2020,X12,Otros bienes públicos de carácter social,OFICINA AUXILIAR ATENCIÃN AL CIUDADANO LÃNEA MADRID VALVERDE. SEÃALIZACIÃN,,1308.01,1308.01
2020,X10,Cultura,,,608825.41,594930.81
2020,X10,Cultura,EQUIPAMIENTO CENTRO SOCIOCULTURAL MONTECARMELO,,2245.58,2245.58
2020,X10,Cultura,ERMITA DE SAN ROQUE.RESTAURACION,,165735.0,163618.92
2020,X10,Cultura,IFS-CENTROS CULTURALES DISTRITO FUENCARRAL. OTRO MOBILIARIO Y ENSERES,,9999.0,9999.0
2020,X10,Cultura,EQUIPAMIENTO CENTRO SOCIOCULTURAL ALFONSO XII,,3185.58,3185.58
2020,X10,Cultura,EQUIPAMIENTO CENTRO SOCIOCULTURAL VALVERDE,,926.17,926.17
2020,X10,Cultura,EQUIPAMIENTO CENTRO CULTURAL LA VAGUADA,,19979.63,19979.63
2020,X10,Cultura,EQUIPAMIENTO CENTRO CULTURAL ALFREDO KRAUS,,3088.3,3088.3
2020,X10,Cultura,EQUIPAMIENTO CENTRO SOCIOCULTURAL RAFAEL DE LEÃN,,353.63,353.63
2020,X10,Cultura,CENTROS CULTURALES DISTRITO FUENCARRAL-EL PARDO. ELEMENTOS PROTECCIÃN HIGIÃNICO-SANITARIOS,,984.88,984.88
2020,X10,Cultura,EQUIPAMIENTO CENTRO SOCIOCULTURAL VALLE INCLÃN,,179.08,179.08
2020,X10,Cultura,BIBLIOTECA PÃBLICA JOSÃ SARAMAGO. OBRAS DE REHABILITACIÃN Y REPARACIÃN,,3107.0,
2020,X10,Cultura,IFS-MONUMENTO ALAS MÃXICO. RAMPA ACCESIBILIDAD,,47822.14,41300.47
2020,X10,Cultura,ANTIGUAS OFICINAS TEATRO MADRID. REHABILITACIÃN,,2731.63,2731.63
2020,X10,Cultura,CENTRO CULTURAL Y BIBLIOTECA EN MONTECARMELO. CONSTRUCCIÃN,,149638.28,149638.28
2020,X10,Cultura,CENTRO CULTURAL Y BIBLIOTECA EN LAS TABLAS. CONSTRUCCIÃN,,149638.28,149638.28
2020,X10,Cultura,EQUIPAMIENTO CENTROS CULTURALES DISTRITO FUENCARRAL-EL PARDO,,2082.98,
2020,X10,Cultura,"CENTRO CULTURAL VALLE INCLÃN. CLIMATIZACIÃN, ILUMINACIÃN Y CARPINTERÃA",,5300.0,5233.13
2020,X10,Cultura,CENTRO SOCIOCULTURAL VALVERDE. ADECUACIÃN CUBIERTA,,41828.25,41828.25
2020,X11,"Deportes, juventud y esparcimiento",,,2517897.6,1411154.97
2020,X11,"Deportes, juventud y esparcimiento",EQUIPAMIENTO CENTRO JUVENIL EL PARDO,,81.97,81.97
2020,X11,"Deportes, juventud y esparcimiento",EQUIPAMIENTO CENTRO JUVENIL HONTALBILLA,,92.2,92.2
2020,X11,"Deportes, juventud y esparcimiento",OBRAS DE CONSERVACION INSTALACIONES DEPORTIVAS DISTRITO FUENCARRAL-EL PARDO,,8000.0,
2020,X11,"Deportes, juventud y esparcimiento",INSTALACIONES DEPORTIVAS EN PLAZAS INTERIORES DEL BARRIO DEL PILAR. ACONDICIONAMIENTO,,28000.0,
2020,X11,"Deportes, juventud y esparcimiento",EQUIPAMIENTO CENTROS DEPORTIVOS MUNICIPALES DEL DISTRITO DE FUENCARRAL-EL PARDO,,16429.6,
2020,X11,"Deportes, juventud y esparcimiento",OBRAS DE CONSERVACION INSTALACIONES DEPORTIVAS DISTRITO DE FUENCARRAL-EL PARDO,,26672.81,
2020,X11,"Deportes, juventud y esparcimiento",CENTROS DEPORTIVOS DISTRITO FUENCARRAL-EL PARDO. CONTENEDORES HIGIÃNICOS,,527.08,527.08
2020,X11,"Deportes, juventud y esparcimiento",DEPORTIVO BÃSICO MINGORRUBIO. ACONDICIONAMIENTO DE PISTAS,,435000.0,1715.97
2020,X11,"Deportes, juventud y esparcimiento",CENTRO DEPORTIVO VICENTE DEL BOSQUE. ACONDICIONAMIENTO EXTERIOR PISCINA VERANO,,13026.5,13026.5
2020,X11,"Deportes, juventud y esparcimiento",CENTRO DEPORTIVO TRES OLIVOS. ADECUACIÃN CAMPO DE RUGBY (ID 17: 1605),,175390.23,175390.23
2020,X11,"Deportes, juventud y esparcimiento",IFS-CENTRO DEPORTIVO LA VAGUADA. SUBSANACIÃN DE PATOLOGÃAS,,995059.94,995059.66
2020,X11,"Deportes, juventud y esparcimiento",IFS-DEPORTIVO BÃSICO VEREDA DE GANAPANES. SUBSANACIÃN DE PATOLOGÃAS VESTUARIOS,,193710.3,183890.56
2020,X11,"Deportes, juventud y esparcimiento",EQUIPAMIENTO CENTRO DEPORTIVO MÂª JESÃS ROSA,,3043.32,
2020,X11,"Deportes, juventud y esparcimiento",DEPORTIVO BÃSICO ISLA DE TABARCA. OBRAS DE ACONDICIONAMIENTO Y MEJORA,,110600.0,
2020,X11,"Deportes, juventud y esparcimiento",INSTALACIÃN DEPORTIVA BÃSICA MONTECARMELO. OBRAS DE MEJORA CAMPO DE FÃTBOL 7,,2300.69,2300.69
2020,X11,"Deportes, juventud y esparcimiento",DEPORTIVO BÃSICO ARTURO RUIZ. OBRAS DE ACONDICIONAMIENTO,,45000.0,
2020,X11,"Deportes, juventud y esparcimiento",IFS-CENTRO DEPORTIVO LA MASÃ. OBRAS DE CONSERVACIÃN,,119987.42,4397.52
2020,X11,"Deportes, juventud y esparcimiento",IFS-DEPORTIVO BÃSICO RAMÃN GÃMEZ DE LA SERNA. SUSTITUCIÃN CÃSPED ARTIFICIAL,,344975.54,34672.59
2020,X06,Urbanismo,,,2850649.05,1946176.08
2020,X06,Urbanismo,ADQUISICIÃN SUELO JUNTA COMPENSACIÃN API 08.02 POLÃGONO A DE PEÃAGRANDE,,276573.92,
2020,X06,Urbanismo,ADQUISICIÃN SUELO CARRETERA COLMENAR,,555412.3,555412.3
2020,X06,Urbanismo,ÃREA DE PLANEAMIENTO REMITIDO 08.01 CALLE CANTALEJO. COMPENSACIÃN,,132279.95,97608.0
2020,X06,Urbanismo,"ADQUISICIÃN SUELO C/ ISLA DE RODAS, 29",,500000.0,
2020,X06,Urbanismo,ÃREA DE PLANEAMIENTO INCORPORADO SANDALIA NAVAS 08.13,,60078.31,
2020,X06,Urbanismo,"C/ MONASTERIO DEL PAULAR, 3. OBRAS DESMONTES PARCELA",,187373.33,186718.33
2020,X06,Urbanismo,ACCESO ENTRE AV. MONASTERIO DE SILOS Y C/ MONASTERIO DEL PAULAR. URBANIZACIÃN,,808695.15,808642.36
2020,X06,Urbanismo,ZONA ENTRE C/ RIBADAVIA C/V. C/ SINESIO DELGADO. URBANIZACIÃN,,182694.31,182563.1
2020,X06,Urbanismo,PARCELA 4.3 SUELO PROGRAMADO INCORPORADO 0.07. MONTECARMELO. URBANIZACIÃN,,115726.2,115231.99
2020,X06,Urbanismo,"C/ ALEJANDRO CASONA, 38 C/V. ANGELITA CAMARERO. OBRAS DE URBANIZACIÃN",,28925.62,
2020,X06,Urbanismo,PLAZA DE LA VAGUADA DISTRITO FUENCARRAL-EL PARDO. OBRAS DE REMODELACIÃN,,2889.96,
2020,X07,Infraestructuras,,,3495016.36,1450814.42
2020,X07,Infraestructuras,APARCAMIENTO DISUASORIO EN SUPERFICIE PITIS. CONSTRUCCIÃN,,2453065.68,472370.48
2020,X07,Infraestructuras,"APARCAMIENTO DISUASORIO EN TRES OLIVOS, BAJO ZONA VERDE EN C/AFUERAS DE VALVERDE. CONSTRUCCIÃN",,158766.86,95260.12
2020,X07,Infraestructuras,CALLE 30. REHABILITACIÃN PASARELA PEATONAL URBANIZACIÃN FUENTELARREINA,,77986.36,77986.36
2020,X07,Infraestructuras,ANILLO VERDE CICLISTA DISTRITO FUENCARRAL-EL PARDO. OBRAS DE REMODELACIÃN,,805197.46,805197.46
2020,X08,Mantenimiento urbano,,,1666267.08,1351327.2
2020,X08,Mantenimiento urbano,HIDRANTES DISTRITO FUENCARRAL-EL PARDO. INSTALACIÃN,,10187.41,10187.41
2020,X08,Mantenimiento urbano,IFS-CIRCUITO DEPORTIVO EN LAS TABLAS. INSTALACIÃN (ID 18: 1567),,29687.3,17515.5
2020,X08,Mantenimiento urbano,MEJORA ESPACIO PUBLICO EN PEÃAGRANDE,,16781.11,16781.11
2020,X08,Mantenimiento urbano,DIVERSAS CALLES EN BARRIOS DEL DISTRITO FUENCARRAL-EL PARDO. REURBANIZACIÃN,,868288.0,788721.41
2020,X08,Mantenimiento urbano,CONEXION PEATONAL TUNEL SUR DE LAS TABLAS CON ESTACIÃN DE CERCANÃAS,,499995.14,379996.3
2020,X08,Mantenimiento urbano,PASEO RIBERA DEL MANZANARES. ESPACIOS PÃBLICOS Y ACCESIBILIDAD,,19286.86,17188.91
2020,X08,Mantenimiento urbano,ENTORNO ESPACIO DE MAYORES CONDE DE ELDA.MEJORA ESPACIOS PÃBLICOS Y ACCESIBILIDAD,,74416.04,74416.04
2020,X08,Mantenimiento urbano,"ENTORNO DEPORTIVO BÃSICO BÂº SANTA ANA.MEJORA ESPACIOS PÃBLICOS, PAISAJE Y ACCESIBILIDAD",,46520.52,46520.52
2020,X08,Mantenimiento urbano,VIALES Y ESPACIOS PÃBLICOS BARRIO DE PEÃAGRANDE. ACTUACIONES DE MEJORA ACCESIBILIDAD,,101104.7,
2020,X09,Medio ambiente,,,4450026.54,1221208.73
2020,X09,Medio ambiente,IFS-ZONAS AJARDINADAS DEL DISTRITO C - LAS TABLAS. RED DE AGUA REGENERADA,,1813469.06,163848.03
2020,X09,Medio ambiente,BANDERAS Y MÃSTILES DEL DISTRITO DE FUENCARRAL-EL PARDO. ILUMINACIÃN,,18000.0,16855.3
2020,X09,Medio ambiente,MÃSTIL PARA BANDERA EN LA PLAZA PRADERA DEL SACERAL. INSTALACIÃN,,17500.0,17242.5
2020,X09,Medio ambiente,COLECTOR EN LA SUBCUENCA DE PINOS. CONSTRUCCIÃN,,40136.99,40136.99
2020,X09,Medio ambiente,FUENTES DE AGUA POTABLE DISTRITO FUENCARRAL-EL PARDO. INSTALACIÃN (ID: 558),,18629.37,18377.35
2020,X09,Medio ambiente,REFORESTACIÃN PARAJES MONTECARMELO Y LAS TABLAS. REDISTRIBUCIÃN ESPACIOS NATURALES (ID 17: 8457),,376729.31,227676.44
2020,X09,Medio ambiente,"PARQUE EN C/FERMÃN CABALLERO, 88, BARRIO DE PEÃAGRANDE. ADECUACIÃN (ID: 12060)",,15500.0,15496.81
2020,X09,Medio ambiente,AVENIDA ILUSTRACIÃN. REAJARDINAMIENTO Y MEJORA INTEGRAL,,18150.0,17545.0
2020,X09,Medio ambiente,IFS-PARQUE DE LA ALCAZABA Y ZONA VRDE C/ ISLA DE ONS. REMODELACIÃN,,1877608.73,699727.37
2020,X09,Medio ambiente,CASETA JARDINEROS EN PARQUE ANA TUTOR. ADECUACIÃN INSTALACIÃN ELÃCTRICA,,4303.08,4302.94
2020,X09,Medio ambiente,PARQUE DE BEGOÃA. ACONDICIONAMIENTO (PLAN INTEGRAL BARRIO DE BEGOÃA),,250000.0,
2020,X03,Protección y promoción social,,,518376.64,175590.72
2020,X03,Protección y promoción social,EQUIPAMIENTO CENTRO DE MAYORES ALFONSO XII,,1665.86,1665.86
2020,X03,Protección y promoción social,EQUIPAMIENTO CENTRO DE MAYORES ISLAS JARVI,,1828.77,1828.77
2020,X03,Protección y promoción social,EQUIPAMIENTO CENTRO DE MAYORES LA VAGUADA,,3931.49,3931.49
2020,X03,Protección y promoción social,EQUIPAMIENTO CENTRO DE MAYORES GINZO DE LIMIA,,1287.01,1287.01
2020,X03,Protección y promoción social,EQUIPAMIENTO CENTRO DE SERVICIOS SOCIALES SAN VICENTE DE PAUL,,6394.51,6394.51
2020,X03,Protección y promoción social,IFS-CENTRO DE MAYORES LA VAGUADA. OBRAS DE ACONDICIONAMIENTO,,69243.96,5101.26
2020,X03,Protección y promoción social,IFS-DIVERSOS CENTROS DE MAYORES DEL DISTRITO DE FUENCARRAL-EL PARDO. OBRAS DE MEJORA,,199998.99,13646.61
2020,X03,Protección y promoción social,EQUIPAMIENTO CENTROS DE MAYORES DISTRITO FUENCARRAL-EL PARDO,,5295.49,
2020,X03,Protección y promoción social,EQUIPAMIENTO CENTRO DE SERVICIOS SOCIALES BADALONA,,8126.64,8126.64
2020,X03,Protección y promoción social,CENTROS DE MAYORES DISTRITO DE FUENCARRAL EL PARDO. ADQUISICIÃN ELEMENTOS HIGIÃNICOS,,1295.0,1195.31
2020,X03,Protección y promoción social,CENTROS DE SERVICIOS SOCIALES DISTRITO DE FUENCARRAL-EL PARDO. ADQUISICIÃN ELEMENTOS HIGIÃNICOS,,505.0,504.38
2020,X03,Protección y promoción social,EQUIPAMIENTO CENTRO DE MAYORES PEÃAGRANDE,,1017.52,1017.52
2020,X03,Protección y promoción social,EQUIPAMIENTO CENTRO DE DÃA VOCAL VECINO JUSTO SIERRA,,2795.35,2795.35
2020,X03,Protección y promoción social,EQUIPAMIENTO CENTRO DÃA DE MAYORES EL PARDO,,3060.88,3060.88
2020,X03,Protección y promoción social,EQUIPAMIENTO CENTRO DE MAYORES LAS ARCADAS,,21.82,21.82
2020,X03,Protección y promoción social,EQUIPAMIENTO CENTRO DÃA DE MAYORES FRAY LUIS DE LEÃN,,8529.84,8529.84
2020,X03,Protección y promoción social,EQUIPAMIENTO CENTRO DE DÃA DE MAYORES PEÃAGRANDE,,565.97,565.97
2020,X03,Protección y promoción social,"LOCAL EN C/ SAN PANCRACIO, 1. ADQUISICIÃN",,2285.56,595.19
2020,X03,Protección y promoción social,"IFS-LOCAL EN C/ SAN PANCRACIO, 1. ADQUISICIÃN",,11500.0,
2020,X03,Protección y promoción social,CENTRO DE MAYORES EN LA COLONIA DE MIRASIERRA. CONSTRUCCIÃN,,45678.83,
2020,X03,Protección y promoción social,CENTRO DE ATENCIÃN A LA FAMILIA EN MONTECARMELO. CONSTRUCCIÃN,,92880.29,92880.29
2020,X03,Protección y promoción social,EQUIPAMIENTO CENTROS DE SERVICIOS SOCIALES DISTRITO FUENCARRAL-EL PARDO,,5478.85,
2020,X03,Protección y promoción social,IFS-CENTRO MUNICIPAL DE MAYORES PEÃAGRANDE. RENOVACIÃN COCINA (ID: 10405),,44989.01,22442.02
2020,X05,Educación,,,286724.68,83704.85
2020,X05,Educación,COLEGIO PÃBLICO INFANTA LEONOR. ADECUACIÃN SANEAMIENTO Y CALDERA,,3935.65,3935.65
2020,X05,Educación,COLEGIO PÃBLICO MIRASIERRA. ACONDICIONAMIENTO INSTALACIÃN ELÃCTRICA,,315.6,315.6
2020,X05,Educación,ESCUELA INFANTIL LA CORTE DEL FARAÃN. ADECUACIÃN CALDERA,,12558.16,10175.22
2020,X05,Educación,"EQUIPAMIENTO ESCUELA INFANTIL EL FRESNO, C/MARÃA CASARES, 15",,892.98,892.98
2020,X05,Educación,"EQUIPAMIENTO ESCUELA INFANTIL ELENA FORTUN, AV. MONASTERIO DE SILOS, 57",,892.98,892.98
2020,X05,Educación,"ESCUELA INFANTIL EL FRESNO, C/ MARÃA CASARES, 15. SEÃALIZACIÃN",,303.71,303.71
2020,X05,Educación,"ESCUELA INFANTIL ELENA FORTÃN, AVDA. MONASTERIO DE SILOS, 57. SEÃALIZACIÃN",,303.71,303.71
2020,X05,Educación,"ESCUELA INFANTIL POETA GLORIA FUERTES, C/ EUNATE, 6. SEÃALIZACIÃN",,303.71,303.71
2020,X05,Educación,EQUIPAMIENTO ESCUELA DE MÃSICA CARMELO ALONSO BERNAOLA,,2567.97,2567.97
2020,X05,Educación,OBRAS DE CONSERVACION CENTROS DOCENTES DE ENSEÃANZA DISTRITO DE FUENCARRAL-EL PARDO,,6310.59,
2020,X05,Educación,IFS-COLEGIO PÃBLICO VASCO NUÃEZ DE BALBOA. OBRAS CONSERVACIÃN,,48373.19,
2020,X05,Educación,IFS-COLEGIO PÃBLICO RABINDRANATH TAGORE OBRAS DE CONSERVACIÃN,,49994.47,2017.42
2020,X05,Educación,IFS-COLEGIO PÃBLICO LUIS DE GÃNGORA. OBRAS EN PATIOS Y CONSERVACIÃN,,59975.15,58733.56
2020,X05,Educación,IFS-COLEGIO PÃBLICO CARDENAL HERRERA ORIA. OBRAS DE CONSERVACIÃN,,99996.81,3262.34
2020,X00,Inversiones de carácter general,,,112181.0,26062.4
2020,X00,Inversiones de carácter general,OBRAS DE CONSERVACION EDIFICIOS DISTRITO FUENCARRAL-EL PARDO,,50610.36,
2020,X00,Inversiones de carácter general,EQUIPAMIENTO SERVICIOS ADMINISTRATIVOS DISTRITO FUENCARRAL-EL PARDO,,56130.0,20647.46
2020,X00,Inversiones de carácter general,EDIFICIO SEDE DISTRITO FUENCARRAL-EL PARDO. ELEMENTOS PROTECCIÃN HIGIÃNICO-SANITARIOS,,200.0,174.3
2020,X00,Inversiones de carácter general,TORREÃN PLAZA SAN FERNANDO. OBRAS DE CONSERVACIÃN,,5240.64,5240.64
2020,X04,Salud pública,,,16892.64,16892.64
2020,X04,Salud pública,CENTRO MUNICIPAL DE SALUD FUENCARRAL. ELEMENTOS Y SEÃALIZACIÃN PROTECCIÃN,,3176.44,3176.44
2020,X04,Salud pública,CENTRO MUNICIPAL DE SALUD COMUNITARIA FUENCARRAL. INSTALACIONES TÃCNICAS,,13716.2,13716.2
2021,X01,Protección Civil y seguridad ciudadana,,,888927.69,780608.6
2021,X01,Protección Civil y seguridad ciudadana,UNIDAD INTEGRAL POLICÍA MUNICIPAL FUENCARRAL-EL PARDO. OBRAS ACONDICIONAMIENTO Y VESTUARIOS,,792889.59,730514.2
2021,X01,Protección Civil y seguridad ciudadana,UNIDAD INTEGRAL POLICÍA MUNICIPAL FUENCARRAL-EL PARDO. MOBILIARIO DE OFICINA,,2001.75,2001.75
2021,X01,Protección Civil y seguridad ciudadana,UNIDAD INTEGRAL POLICÍA MUNICIPAL FUENCARRAL-EL PARDO. ACONDICIONAMIENTO ACCESO,,48092.65,48092.65
2021,X01,Protección Civil y seguridad ciudadana,BASE 16 SAMUR-PROTECCIÓN CIVIL. ADECUACIÓN PUERTAS Y MOTORES E INSTALACIÓN SISTEMA SEGURIDAD,,45943.7,
2021,X12,Otros bienes públicos de carácter social,,,2756650.44,2651237.83
2021,X12,Otros bienes públicos de carácter social,OFICINA ATENCIÓN CIUDADANO LÍNEA MADRID FUENCARRAL. ELEMENTOS PROTECCIÓN HIGIÉNICO-SANITARIOS,,901.45,901.45
2021,X12,Otros bienes públicos de carácter social,OFICINA ATENCIÓN CIUDADANO LÍNEA MADRID EL PARDO. ELEMENTOS PROTECCIÓN HIGIÉNICO-SANITARIOS,,168.19,168.19
2021,X12,Otros bienes públicos de carácter social,OFICINA ATENCIÓN CIUDADANO LÍNEA MADRID VALVERDE. ELEMENTOS PROTECCIÓN HIGIÉNICO-SANITARIOS,,168.19,168.19
2021,X12,Otros bienes públicos de carácter social,EQUIPAMIENTO OFICINA ATENCIÓN AL CIUDADANO LÍNEA MADRID DE FUENCARRAL-EL PARDO,,412.61,
2021,X12,Otros bienes públicos de carácter social,"EDIFICIO AVENIDA VENTISQUERO DE LA CONDESA, 7-9. ADQUISICIÓN",,2755000.0,2650000.0
2021,X10,Cultura,,,1348426.74,801761.33
2021,X10,Cultura,CENTRO CULTURAL Y BIBLIOTECA EN MONTECARMELO. CONSTRUCCIÓN,,79996.2,
2021,X10,Cultura,CENTRO CULTURAL Y BIBLIOTECA EN LAS TABLAS. CONSTRUCCIÓN,,51528.0,
2021,X10,Cultura,EQUIPAMIENTO CENTRO SOCIOCULTURAL MONTECARMELO,,363.0,363.0
2021,X10,Cultura,CENTRO SOCIOCULTURAL ALFONSO XII. ACONDICIONAMIENTO INSTALACIÓN CLIMATIZACIÓN,,93298.15,49363.82
2021,X10,Cultura,CENTRO DE INTERPRETACIÓN DE LA NATURALEZA DE MONTECARMELO. REPARACIÓN CUBIERTA Y PARAMENTOS,,59228.52,48556.41
2021,X10,Cultura,EQUIPAMIENTO CENTROS CULTURALES DISTRITO DE FUENCARRAL-EL PARDO,,112.95,
2021,X10,Cultura,EQUIPAMIENTO CENTRO SOCIOCULTURAL VALVERDE,,9903.85,9903.85
2021,X10,Cultura,"BIBLIOTECA JOSÉ SARAMAGO EN AVDA. MONFORTE DE LEMOS, 38. OBRAS DE REFORMA",,1000000.0,642008.54
2021,X10,Cultura,EQUIPAMIENTO CENTRO CULTURAL LA VAGUADA,,4356.0,4356.0
2021,X10,Cultura,CENTROS CULTURALES DISTRITO FUENCARRAL-EL PARDO. MEDIDORES CO2 (DIÓXIDO CARBONO),,1650.0,707.85
2021,X10,Cultura,CENTROS CULTURALES DISTRITO FUENCARRAL-EL PARDO. ELEMENTOS PROTECCIÓN HIGIÉNICO-SANITARIOS,,264.2,264.2
2021,X10,Cultura,TEATRO MADRID. OBRAS DE CIERRE EN EL EDIFICIO,,17655.57,17655.48
2021,X10,Cultura,CENTRO SOCIOCULTURAL RAFAEL DE LEÓN. ADAPTACIÓN NORMATIVA ELÉCTRICA,,3787.95,3785.9
2021,X10,Cultura,CENTRO SOCIOCULTURAL VALLE INCLÁN. ADAPTACIÓN NORMATIVA ELÉCTRICA,,1866.48,1861.26
2021,X10,Cultura,CENTRO CULTURAL ALFREDO KRAUS. ADECUACIÓN CLIMATIZACIÓN Y REPARACIÓN TOLDOS,,12011.04,11978.69
2021,X10,Cultura,CENTRO CULTURAL LA VAGUADA. ADECUACIÓN CLIMATIZACIÓN,,9024.02,8999.76
2021,X10,Cultura,CENTRO SOCIOCULTURAL RAFAEL DE LEÓN. OBRAS E INSTALACIÓN DE ALARMAS,,1956.57,1956.57
2021,X10,Cultura,CENTRO DE INTERPRETACIÓN DE LA NATURALEZA DE MONTECARMELO. ADAPTACIÓN NORMATIVA ASCENSORES,,1424.24,
2021,X11,"Deportes, juventud y esparcimiento",,,2530327.06,1353812.82
2021,X11,"Deportes, juventud y esparcimiento",CENTRO DEPORTIVO SANTA ANA. OBRAS ADAPTACIÓN NORMATIVA INSTALACIONES Y VENTILACIÓN,,11067.63,4877.58
2021,X11,"Deportes, juventud y esparcimiento",DEPORTIVO BÁSICO ARTURO RUIZ. OBRAS DE ACOMETIDAS Y VALLADO,,60982.29,21628.36
2021,X11,"Deportes, juventud y esparcimiento",OBRAS DE MEJORA Y ACONDICIONAMIENTO INSTALACIONES DEPORTIVAS DISTRITO FUENCARRAL-EL PARDO,,244468.32,
2021,X11,"Deportes, juventud y esparcimiento","CENTRO DEPORTIVO VICENTE DEL BOSQUE. SISTEMAS DE DESHUMECTACIÓN, REPARACIÓN VALLADO Y PISTAS PADEL",,499998.59,330203.21
2021,X11,"Deportes, juventud y esparcimiento",CENTRO DEPORTIVO LA MASÓ. MEJORA SISTEMA DE VENTILACIÓN Y RENOVACIÓN DEL AIRE,,269.59,
2021,X11,"Deportes, juventud y esparcimiento",DEPORTIVO BÁSICO VEREDA DE GANAPANES. ACONDICIONAMIENTO VESTUARIOS,,321206.52,54513.01
2021,X11,"Deportes, juventud y esparcimiento",EQUIPAMIENTO CENTRO JUVENIL EL PARDO,,1147.78,1147.78
2021,X11,"Deportes, juventud y esparcimiento",EQUIPAMIENTO CENTRO DEPORTIVO VICENTE DEL BOSQUE,,9586.66,9586.64
2021,X11,"Deportes, juventud y esparcimiento",CENTRO DEPORTIVO LA MASÓ. OBRAS DE CONSERVACIÓN,,114692.5,114608.76
2021,X11,"Deportes, juventud y esparcimiento",EQUIPAMIENTO CENTRO DEPORTIVO LA MASÓ,,4622.03,4621.83
2021,X11,"Deportes, juventud y esparcimiento",DEPORTIVO BÁSICO MINGORRUBIO. ACONDICIONAMIENTO DE PISTAS,,69728.63,69728.63
2021,X11,"Deportes, juventud y esparcimiento",OBRAS DE CONSERVACION INSTALACIONES DEPORTIVAS DISTRITO FUENCARRAL-EL PARDO,,18715.18,
2021,X11,"Deportes, juventud y esparcimiento",CENTRO DEPORTIVO LA MASÓ. DISPOSITIVOS DIGITALES PARA TRANSFORMACIÓN TECNOLÓGICA,,16428.83,3099.44
2021,X11,"Deportes, juventud y esparcimiento",DEPORTIVO BÁSICO MARTÍN TEMIÑO. IMPERMEABILIZACIÓN GRADAS CAMPO DE FÚTBOL,,48400.0,48270.81
2021,X11,"Deportes, juventud y esparcimiento",CENTRO DEPORTIVO LA MASÓ. REPOSICIÓN DE CÉSPED ARTIFICIAL CAMPO DE FÚTBOL,,78.79,
2021,X11,"Deportes, juventud y esparcimiento",EQUIPAMIENTO CENTRO JUVENIL HONTABILLA,,1577.01,1577.01
2021,X11,"Deportes, juventud y esparcimiento",CENTRO DEPORTIVO LA VAGUADA. SUBSANACIÓN DE PATOLOGÍAS,,86077.81,86077.81
2021,X11,"Deportes, juventud y esparcimiento",CENTRO DEPORTIVO SANTA ANA. SUBSANACIÓN PATOLOGÍAS PISCINA,,200000.0,200000.0
2021,X11,"Deportes, juventud y esparcimiento",INSTALACIONES DEPORTIVAS EN PLAZAS INTERIORES DEL BARRIO DEL PILAR. ACONDICIONAMIENTO,,27934.3,27934.3
2021,X11,"Deportes, juventud y esparcimiento",EQUIPAMIENTO CENTROS DEPORTIVOS MUNICIPALES DEL DISTRITO DE FUENCARRAL-EL PARDO,,3983.39,
2021,X11,"Deportes, juventud y esparcimiento",EQUIPAMIENTO CENTRO DEPORTIVO MARÍA JESÚS ROSA,,1807.92,1807.92
2021,X11,"Deportes, juventud y esparcimiento",EQUIPAMIENTO CENTRO DEPORTIVO Mª JESÚS ROSA,,3043.32,3043.32
2021,X11,"Deportes, juventud y esparcimiento",DEPORTIVO BÁSICO ISLA DE TABARCA. OBRAS DE ACONDICIONAMIENTO Y MEJORA,,86587.85,
2021,X11,"Deportes, juventud y esparcimiento",DEPORTIVO BÁSICO RAMÓN GÓMEZ DE LA SERNA. SUSTITUCIÓN CÉSPED ARTIFICIAL,,311593.63,308304.85
2021,X11,"Deportes, juventud y esparcimiento",OBRAS DE CONSERVACION INSTALACIONES DEPORTIVAS DISTRITO DE FUENCARRAL-EL PARDO,,12946.24,
2021,X11,"Deportes, juventud y esparcimiento",CENTRO DEPORTIVO MARÍA JESÚS ROSA. OBRAS ADAPTACIÓN NORMATIVA INSTALACIONES Y VENTILACIÓN,,37297.31,37202.03
2021,X11,"Deportes, juventud y esparcimiento",DEPORTIVO BÁSICO MINGORRUBIO. ADECUACIÓN ESPACIOS PARA VESTUARIOS,,334056.98,23551.57
2021,X11,"Deportes, juventud y esparcimiento",CENTRO JUVENIL EL PARDO. OBRAS E INSTALACIÓN DE ALARMAS,,1132.56,1132.56
2021,X11,"Deportes, juventud y esparcimiento",CENTRO JUVENIL HONTALBILLA. OBRAS E INSTALACIÓN DE ALARMAS,,895.4,895.4
2021,X02,"Tráfico, estacionamiento y transporte público",,,191998.21,191997.51
2021,X02,"Tráfico, estacionamiento y transporte público",CRUCES SEMAFORIZADOS C/ISLA DE AROSA CON C/ISLAS CÍES Y C/FERMÍN CABALLERO. INSTALACIÓN,,191998.21,191997.51
2021,X06,Urbanismo,,,6284857.73,4865470.21
2021,X06,Urbanismo,ADQUISICIÓN SUELO JUNTA COMPENSACIÓN API 08.02 POLÍGONO A DE PEÑAGRANDE,,423220.93,27846.23
2021,X06,Urbanismo,PARCELA PATRIMONIO MUNICIPAL SUELO C/MANUEL VILLARTA C/V.ISLAS PALAOS. RENATURALIZACIÓN,,1078036.01,1077548.18
2021,X06,Urbanismo,PARCELAS ÁMBITO VALDEGRULLA Y PARAJE VALDESENDERÍN. DESESCOMBRO Y RENATURALIZACIÓN,,200787.02,200782.37
2021,X06,Urbanismo,"C/ ALEJANDRO CASONA, 38 C/V. ANGELITA CAMARERO. OBRAS DE URBANIZACIÓN",,28925.62,
2021,X06,Urbanismo,"CALLE SARDINETA, 8. OBRAS ACCESORIAS DE URBANIZACIÓN",,42330.7,
2021,X06,Urbanismo,PLAZA DE LA VAGUADA DISTRITO FUENCARRAL-EL PARDO. OBRAS DE REMODELACIÓN,,44738.36,37476.73
2021,X06,Urbanismo,ÁREA DE PLANEAMIENTO INCORPORADO SANDALIA NAVAS 08.13,,69902.7,
2021,X06,Urbanismo,ADQUISICIÓN SUELO APR 08.01 CANTALEJO,,869583.0,
2021,X06,Urbanismo,"ADQUISICIÓN DE SUELO C/ ISLA DE RODAS, 29",,537926.0,537925.08
2021,X06,Urbanismo,"Pº CASTELLANA, 259. UNIDAD EJECUCIÓN APR 08.04 ""CIUDAD DEPORTIVA"". OBRAS DE URBANIZACIÓN",,2875621.0,2875620.06
2021,X06,Urbanismo,ACCESO ENTRE AV. MONASTERIO DE SILOS Y C/ MONASTERIO DEL PAULAR. URBANIZACIÓN,,5767.37,5656.23
2021,X06,Urbanismo,C/ VÍCTOR GIL. OBRAS DE URBANIZACIÓN ACCESORIAS,,108019.02,102615.33
2021,X07,Infraestructuras,,,16614044.3,16403296.14
2021,X07,Infraestructuras,OBRAS EJECUCIÓN NUDO NORTE M-30 MADRID,,14614889.74,14428796.53
2021,X07,Infraestructuras,ANILLO VERDE CICLISTA DISTRITO FUENCARRAL-EL PARDO. OBRAS DE REMODELACIÓN,,222054.41,222054.41
2021,X07,Infraestructuras,APARCAMIENTO DISUASORIO EN SUPERFICIE PITIS. CONSTRUCCIÓN,,1336491.87,1330043.43
2021,X07,Infraestructuras,"APARCAMIENTO DISUASORIO EN TRES OLIVOS, BAJO ZONA VERDE EN C/AFUERAS DE VALVERDE. CONSTRUCCIÓN",,69286.19,63506.74
2021,X07,Infraestructuras,"APARCAMIENTO DISUASORIO PACO DE LUCÍA, COLONIA MIRASIERRA. CONSTRUCCIÓN",,147451.0,135023.94
2021,X07,Infraestructuras,CALLE 30. REHABILITACIÓN PASARELA PEATONAL URBANIZACIÓN FUENTELARREINA,,223871.09,223871.09
2021,X08,Mantenimiento urbano,,,4944930.03,4461249.66
2021,X08,Mantenimiento urbano,ANILLO VERDE CICLISTA DISTRITO DE FUENCARRAL-EL PARDO. MEJORA Y REHABILITACIÓN DE CALZADAS,,265123.34,257886.28
2021,X08,Mantenimiento urbano,CALLES DE ISABEL COLBRAND Y PEDRO RICO. MEJORA Y REHABILITACIÓN DE CALZADAS,,271474.71,253224.2
2021,X08,Mantenimiento urbano,"CALLES ISLA PALAOS, MASÓ, MORALZARZAL, MONASTERIOS SUSO Y YUSO Y OTRAS. REHABILITACIÓN CALZADAS",,1447243.94,1146737.67
2021,X08,Mantenimiento urbano,"AVENIDA MONASTERIO DE SILOS, CALLES ANTONIO CABEZÓN, LA ESTRADA Y OTRAS. RENOVACIÓN CAPA DE RODADURA",,1211854.55,1185302.26
2021,X08,Mantenimiento urbano,COLONIA MIRASIERRA. OBRAS DE REMODELACIÓN Y RENOVACIÓN URBANA,,477609.04,477609.03
2021,X08,Mantenimiento urbano,PASOS DE CEBRA EN CALLE FERMÍN CABALLERO-PEÑAGRANDE. ADECUACIÓN INTEGRAL (ID 19: 10283),,144000.0,71578.79
2021,X08,Mantenimiento urbano,HIDRANTES EN EL DISTRITO FUENCARRAL-EL PARDO. INSTALACIÓN,,21255.87,21255.87
2021,X08,Mantenimiento urbano,ÁREAS DEPORTIVAS ELEMENTALES DISTRITO FUENCARRAL-EL PARDO. INSTALACIÓN,,143432.29,143432.29
2021,X08,Mantenimiento urbano,JUEGOS PARA ÁREAS INFANTILES DETERIORADAS DISTRITO FUENCARRAL-EL PARDO,,64475.35,64475.35
2021,X08,Mantenimiento urbano,BARRIO DE PEÑA GRANDE. OBRAS DE REMODELACIÓN Y ADECUACIÓN (ID 20: 16165),,326008.22,326008.22
2021,X08,Mantenimiento urbano,"CAMINO FUENCARRAL,ALBERCA,FRESNEDILLAS,NAVALUENGA,SIGUERO,SOTOMONTES Y OTRAS. MEJORA BASE PAVIMENTO",,443451.94,423738.38
2021,X08,Mantenimiento urbano,CONEXION PEATONAL TUNEL SUR DE LAS TABLAS CON ESTACIÓN DE CERCANÍAS,,38000.0,27298.53
2021,X08,Mantenimiento urbano,VIALES Y ESPACIOS PÚBLICOS BARRIO DE PEÑAGRANDE. ACTUACIONES DE MEJORA ACCESIBILIDAD,,91000.78,62702.79
2021,X09,Medio ambiente,,,2740471.39,2408060.28
2021,X09,Medio ambiente,ZONAS VERDES Y VIALES CASCO URBANO DE EL PARDO. REHABILITACIÓN,,18148.79,18029.0
2021,X09,Medio ambiente,PARQUE DE BEGOÑA. ACONDICIONAMIENTO (PLAN INTEGRAL BARRIO DE BEGOÑA),,222155.7,137792.54
2021,X09,Medio ambiente,ZONAS AJARDINADAS ENTORNO DEPORTIVO BÁSICO VEREDA DE GANAPANES. ACONDICIONAMIENTO,,102.44,
2021,X09,Medio ambiente,ZONAS AJARDINADAS DISTRITO FUENCARRAL-EL PARDO. ACONDICIONAMIENTO,,226.81,
2021,X09,Medio ambiente,ZONAS AJARDINADAS DEL DISTRITO C - LAS TABLAS. RED DE AGUA REGENERADA,,1489099.53,1432300.33
2021,X09,Medio ambiente,DÁRSENAS AGUA REGENERADA DISTRITO FUENCARRAL-EL PARDO. ADECUACIÓN PUNTOS RECARGA CAMIONES CISTERNA,,3887.47,3887.47
2021,X09,Medio ambiente,REFORESTACIÓN PARAJES MONTECARMELO Y LAS TABLAS. REDISTRIBUCIÓN ESPACIOS NATURALES (ID 17: 8457),,49005.0,35428.2
2021,X09,Medio ambiente,PARQUE DE LA ALCAZABA Y ZONA VRDE C/ ISLA DE ONS. REMODELACIÓN,,708699.0,708685.87
2021,X09,Medio ambiente,AVENIDA ILUSTRACIÓN. REAJARDINAMIENTO Y MEJORA INTEGRAL,,17394.0,17303.0
2021,X09,Medio ambiente,REPARACIÓN Y CLAUSURA DE ALCORQUES EN EL DISTRITO DE FUENCARRAL EL PARDO,,12271.77,12271.75
2021,X09,Medio ambiente,PARQUE BEGOÑA. INSTALACIÓN MOBILIARIO URBANO,,39000.0,38974.12
2021,X09,Medio ambiente,ZONAS AJARDINADAS DEL DISTRITO FUENCARRAL-EL PARDO. ILUMINACIÓN,,3400.0,3388.0
2021,X09,Medio ambiente,ZONAS AJARDINADAS ENTORNO FUENTE DEL SACERAL. ACONDICIONAMIENTO,,80.88,
2021,X09,Medio ambiente,"ZONA VERDE AVDA. MONFORTE DE LEMOS, 180. INSTALACIÓN ESTRUCTURA PARA TOLDOS JUEGOS INFANTILES",,177000.0,
2021,X03,Protección y promoción social,,,573553.95,498218.19
2021,X03,Protección y promoción social,CENTRO DE MAYORES MIRASIERRA. CONSTRUCCIÓN,,186885.85,170636.03
2021,X03,Protección y promoción social,EQUIPAMIENTO CENTRO DE MAYORES ALFONSO XII,,4162.4,4162.4
2021,X03,Protección y promoción social,EQUIPAMIENTO CENTRO DE MAYORES ISLAS JARVI,,1815.0,1815.0
2021,X03,Protección y promoción social,EQUIPAMIENTO CENTRO DE MAYORES PEÑAGRANDE,,3620.93,3620.93
2021,X03,Protección y promoción social,EQUIPAMIENTO CENTRO DE MAYORES VOCAL VECINO JUSTO SIERRA,,435.6,435.6
2021,X03,Protección y promoción social,DIVERSOS CENTROS DE MAYORES DEL DISTRITO DE FUENCARRAL-EL PARDO. OBRAS DE MEJORA,,58735.45,325.6
2021,X03,Protección y promoción social,CENTRO ACOGIDA PARA FAMILIAS INMIGRANTES SAN ROQUE. ADECUACIÓN INSTALACIÓN ELÉCTRICA,,239358.17,239338.92
2021,X03,Protección y promoción social,EQUIPAMIENTO CENTROS DE MAYORES DISTRITO FUENCARRAL-EL PARDO,,483.21,
2021,X03,Protección y promoción social,CENTROS DE MAYORES DISTRITO FUENCARRAL-EL PARDO. ELEMENTOS DE PROTECCIÓN HIGIÉNICO-SANITARIA,,1482.86,1482.86
2021,X03,Protección y promoción social,CENTRO DÍA DE MAYORES EL PARDO FÍSICO. ADAPTACIÓN NORMATIVA ELÉCTRICA,,2287.89,2285.84
2021,X03,Protección y promoción social,CENTRO SERVICIOS SOCIALES BADALONA. ADAPTACIÓN NORMATIVA ELÉCTRICA,,3517.07,3515.02
2021,X03,Protección y promoción social,CENTRO SERVICIOS SOCIALES SAN VICENTE DE PAUL. ADAPTACIÓN NORMATIVA ELÉCTRICA,,2141.58,2139.53
2021,X03,Protección y promoción social,CENTRO DE MAYORES VOCAL VECINO JUSTO SIERRA. OBRAS E INSTALACIÓN DE ALARMAS,,1207.58,1207.58
2021,X03,Protección y promoción social,CENTRO DE DÍA MAYORES EL PARDO. OBRAS E INSTALACIÓN DE ALARMAS,,949.85,949.85
2021,X03,Protección y promoción social,CENTRO COMUNITARIO GUATEMALA. OBRAS DE INSTALACIÓN DE ALARMAS,,998.25,998.25
2021,X03,Protección y promoción social,CENTRO DE OCIO PARA ADOLESCENTES DISTRITO FUENCARRAL-EL PARDO. OBRAS DE INSTALACIÓN DE ALARMAS,,705.43,705.43
2021,X03,Protección y promoción social,CENTRO DE MAYORES LA VAGUADA. OBRAS DE ACONDICIONAMIENTO,,48940.3,48856.56
2021,X03,Protección y promoción social,CENTRO MUNICIPAL DE MAYORES PEÑAGRANDE. RENOVACIÓN COCINA (ID: 10405),,15826.53,15742.79
2021,X05,Educación,,,1233337.64,930212.72
2021,X05,Educación,VARIOS COLEGIOS PÚBLICOS FUENCARRAL-EL PARDO. ADAPTACIÓN A NORMATIVA ELÉCTRICA Y DE SEGURIDAD,,192473.07,100856.79
2021,X05,Educación,COLEGIO PÚBLICO CAMILO JOSÉ CELA. OBRAS DE CONSERVACIÓN,,6199.34,5213.0
2021,X05,Educación,EQUIPAMIENTO ESCUELA INFANTIL LA CARACOLA,,186.95,186.95
2021,X05,Educación,EQUIPAMIENTO ESCUELA INFANTIL LA ROSA DEL AZAFRÁN,,305.28,305.28
2021,X05,Educación,COLEGIO PÚBLICO CARDENAL HERRERA ORIA. OBRAS DE CONSERVACIÓN,,19635.48,325.6
2021,X05,Educación,EQUIPAMIENTO ESCUELA INFANTIL LA CORTE DEL FARAÓN,,101.76,101.76
2021,X05,Educación,EQUIPAMIENTO ESCUELA INFANTIL EL FRESNO,,7849.27,2599.08
2021,X05,Educación,EQUIPAMIENTO ESCUELA INFANTIL ELENA FORTÚN,,10055.1,5667.64
2021,X05,Educación,EQUIPAMIENTO ESCUELA INFANTIL POETA GLORIA FUERTES,,11082.39,4221.69
2021,X05,Educación,ESCUELA DE MÚSICA CARMELO ALONSO BERNAOLA. MEDIDORES CO2 (DIÓXIDO DE CARBONO),,856.68,856.68
2021,X05,Educación,COLEGIOS PÚBLICOS DISTRITO FUENCARRAL-EL PARDO. MEDIDORES CO2 (DIÓXIDO DE CARBONO),,4950.0,3617.9
2021,X05,Educación,OBRAS DE CONSERVACION CENTROS DOCENTES DE ENSEÑANZA DISTRITO DE FUENCARRAL-EL PARDO,,8201.27,
2021,X05,Educación,COLEGIO PÚBLICO MIRASIERRA. ADECUACIÓN CALDERA,,39183.65,35441.32
2021,X05,Educación,COLEGIO PÚBLICO ALHAMBRA. OBRAS E INSTALACIÓN DE ALARMAS,,705.43,705.43
2021,X05,Educación,COLEGIO PÚBLICO PRÍNCIPE DE ASTURIAS. OBRAS E INSTALACIÓN DE ALARMAS,,1680.69,1680.69
2021,X05,Educación,COLEGIO PÚBLICO JORGE GUILLÉN. OBRAS E INSTALACIÓN DE ALARMAS,,705.43,705.43
2021,X05,Educación,COLEGIO PÚBLICO CARDENAL HERRERA ORIA. OBRAS ADECUACIÓN DE SANEAMIENTO,,14629.0,14581.28
2021,X05,Educación,COLEGIO PÚBLICO JOSEP TARRADELLAS. OBRAS ADECUACIÓN SANEAMIENTO,,13695.19,8513.91
2021,X05,Educación,ESCUELA INFANTIL LA CORTE DEL FARAÓN. ADECUACIÓN CALDERA,,2382.94,2382.94
2021,X05,Educación,COLEGIO PÚBLICO VASCO NUÑEZ DE BALBOA. OBRAS CONSERVACIÓN,,47360.75,47277.01
2021,X05,Educación,COLEGIO PÚBLICO RABINDRANATH TAGORE OBRAS DE CONSERVACIÓN,,37130.08,37046.34
2021,X05,Educación,COLEGIO PÚBLICO LUIS DE GÓNGORA. OBRAS EN PATIOS Y CONSERVACIÓN,,409.34,325.6
2021,X05,Educación,OBRAS DE MEJORA Y ACONDICIONAMIENTO CENTROS DE ENSEÑANZA DISTRITO DE FUENCARRAL-EL PARDO,,9532.86,
2021,X05,Educación,"ESCUELAS INFANTILES POETA GLORIA FUERTES,EL FRESNO Y  ELENA FORTÚN. ACONDICIONAMIENTO PATIOS",,99300.24,96241.94
2021,X05,Educación,VARIOS COLEGIOS PÚBLICOS DISTRITO DE FUENCARRAL-EL PARDO. SUSTITUCIÓN CALDERAS DE CALEFACCIÓN,,199616.98,122586.17
2021,X05,Educación,"COLEGIO PÚBLICO ALHAMBRA. ACONDICIONAMIENTO ESPACIOS LIBRES, PATIOS Y CUBIERTAS",,199919.77,191605.82
2021,X05,Educación,"COLEGIO PÚBLICO LORENZO LUZURIAGA. ACONDICIONAMIENTO ESPACIOS LIBRES, PATIOS Y CALDERAS",,199480.66,143229.76
2021,X05,Educación,COLEGIO PÚBLICO MIRASIERRA. ACONDICIONAMIENTO ESPACIOS LIBRES Y PATIOS,,99676.42,97905.09
2021,X05,Educación,AULA ECOLOGÍA EL PALOMAR DE LAS TABLAS. OBRAS E INSTALACIÓN DE ALARMAS,,1041.81,1041.81
2021,X05,Educación,AULA ECOLOGÍA EL PALOMAR DE LAS TABLAS. OBRAS INSTALACIÓN ACOMETIDA TELECOMUNICACIONES,,4989.81,4989.81
2021,X00,Inversiones de carácter general,,,201185.8,33373.55
2021,X00,Inversiones de carácter general,EQUIPAMIENTO SERVICIOS ADMINISTRATIVOS DISTRITO DE FUENCARRAL-EL PARDO,,3650.0,2308.14
2021,X00,Inversiones de carácter general,OBRAS DE CONSERVACION EDIFICIOS DISTRITO FUENCARRAL-EL PARDO,,10865.88,
2021,X00,Inversiones de carácter general,TORREÓN PLAZA SAN FERNANDO. OBRAS DE CONSERVACIÓN,,21073.48,18382.42
2021,X00,Inversiones de carácter general,TORREÓN PLAZA SAN FERNANDO. OBRAS DE CONSOLIDACIÓN DE CUBIERTA,,66093.48,8182.08
2021,X00,Inversiones de carácter general,EDIFICIO SEDE DISTRITO FUENCARRAL-EL PARDO. ADAPTACIÓN NORMATIVA ELÉCTRICA,,4502.96,4500.91
2021,X00,Inversiones de carácter general,EDIFICIO SEDE DISTRITO DE FUENCARRAL-EL PARDO. OBRAS ACONDICIONAMIENTO DEL SÓTANO,,95000.0,
2021,X04,Salud pública,,,20394.55,20394.55
2021,X04,Salud pública,CMSC FUENCARRAL,,2250.6,2250.6
2021,X04,Salud pública,CENTRO MUNICIPAL DE SALUD COMUNITARIA DE FUENCARRAL. SEÑALIZACIÓN,,145.2,145.2
2021,X04,Salud pública,CENTRO MUNICIPAL DE SALUD COMUNITARIA FUENCARRAL. INSTALACIONES TÉCNICAS,,17998.75,17998.75
2022,X01,Protección Civil y seguridad ciudadana,,,1765547.56,1765347.08
2022,X01,Protección Civil y seguridad ciudadana,PARQUE 9 BOMBEROS. OBRAS PARA INSTALACIÓN DE CAMPA PROVISIONAL,,1708958.79,1708903.51
2022,X01,Protección Civil y seguridad ciudadana,BASE 16 SAMUR-PROTECCIÓN CIVIL. ADECUACIÓN PUERTAS Y MOTORES E INSTALACIÓN SISTEMA SEGURIDAD,,37398.17,37398.17
2022,X01,Protección Civil y seguridad ciudadana,UNIDAD INTEGRAL POLICÍA MUNICIPAL FUENCARRAL-EL PARDO. MOBILIARIO,,19190.6,19045.4
2022,X12,Otros bienes públicos de carácter social,,,633244.82,629355.66
2022,X12,Otros bienes públicos de carácter social,"OFICINA ATENCIÓN AL CIUDADANO C/VENTISQUERO DE LA CONDESA,7-9.OBRAS DE REFORMA Y ACONDICIONAMIENTO",,598950.0,598949.86
2022,X12,Otros bienes públicos de carácter social,EQUIPAMIENTO OFICINA ATENCIÓN AL CIUDADANO LÍNEA MADRID DE FUENCARRAL-EL PARDO,,12078.37,8254.77
2022,X12,Otros bienes públicos de carácter social,"EDIFICIO AVENIDA VENTISQUERO DE LA CONDESA, 7-9. ADQUISICIÓN",,2000.0,1944.16
2022,X12,Otros bienes públicos de carácter social,OFICINA AUXILIAR ATENCIÓN AL CIUDADANO LÍNEA MADRID EL PARDO. SEÑALIZACIÓN,,223.85,223.85
2022,X12,Otros bienes públicos de carácter social,OFICINA AUXILIAR ATENCIÓN AL CIUDADANO LÍNEA MADRID LAS TABLAS. SEÑALIZACIÓN,,2087.25,2087.25
2022,X12,Otros bienes públicos de carácter social,"EDIFICIO EL PALOMAR, C/ CAPISCOL, 5. ACONDICIONAMIENTO PARA OFICINA DE LÍNEA MADRID",,17905.35,17895.77
2022,X10,Cultura,,,1675717.9,1119028.88
2022,X10,Cultura,CENTRO CULTURAL Y BIBLIOTECA EN MONTECARMELO. CONSTRUCCIÓN,,1090538.02,946941.6
2022,X10,Cultura,CENTRO CULTURAL Y BIBLIOTECA EN LAS TABLAS. CONSTRUCCIÓN,,468150.48,77736.03
2022,X10,Cultura,EQUIPAMIENTO CENTROS CULTURALES DISTRITO DE FUENCARRAL EL PARDO,,772.82,
2022,X10,Cultura,CENTRO SOCIOCULTURAL ALFONSO XII. ACONDICIONAMIENTO INSTALACIÓN CLIMATIZACIÓN,,43934.33,32206.27
2022,X10,Cultura,CENTRO DE INTERPRETACIÓN DE LA NATURALEZA DE MONTECARMELO. REPARACIÓN CUBIERTA Y PARAMENTOS,,161.75,
2022,X10,Cultura,CENTRO SOCIOCULTURAL MONTE CARMELO. OBRAS DE MEJORA DE LA CLIMATIZACIÓN,,50797.86,46493.56
2022,X10,Cultura,CENTRO CULTURAL ALFREDO KRAUS. ADECUACIÓN CLIMATIZACIÓN Y REPARACIÓN TOLDOS,,32.35,
2022,X10,Cultura,CENTRO CULTURAL LA VAGUADA. ADECUACIÓN CLIMATIZACIÓN,,24.26,
2022,X10,Cultura,CENTRO DE INTERPRETACIÓN DE LA NATURALEZA DE MONTECARMELO. ADAPTACIÓN NORMATIVA ASCENSORES,,1424.24,1424.24
2022,X10,Cultura,EQUIPAMIENTO AUDIOVISUAL BIBLIOTECA PÚBLICA JOSÉ SARAMAGO,,5100.0,
2022,X10,Cultura,EQUIPAMIENTO CENTRO CULTURAL ALFREDO KRAUS,,5929.0,5929.0
2022,X10,Cultura,CENTRO CULTURALES DISTRITO FUENCARRAL-EL PARDO. BANDERAS PARA EXTERIOR,,8298.18,8298.18
2022,X10,Cultura,CENTRO CULTURAL RAFAEL DE LEÓN. OBRAS DE ACONDICIONAMIENTO DE CUBIERTA Y FACHADA,,504.2,
2022,X10,Cultura,CENTROS CULTURALES DISTRITO DE FUENCARRAL-EL PARDO. OBRAS DE ADAPTACIÓN A NORMATIVA Y SEGURIDAD,,50.41,
2022,X11,"Deportes, juventud y esparcimiento",,,2820810.88,1504402.32
2022,X11,"Deportes, juventud y esparcimiento",DEPORTIVO BÁSICO MARTÍN TEMIÑO. OBRAS ACONDICIONAMIENTO BAJO GRADAS,,100000.0,
2022,X11,"Deportes, juventud y esparcimiento",DEPORTIVO BÁSICO ARTURO RUIZ. OBRAS DE ACOMETIDAS Y VALLADO,,39353.93,38031.15
2022,X11,"Deportes, juventud y esparcimiento",OBRAS DE MEJORA Y ACONDICIONAMIENTO INSTALACIONES DEPORTIVAS DISTRITO FUENCARRAL-EL PARDO,,562625.46,
2022,X11,"Deportes, juventud y esparcimiento","CENTRO DEPORTIVO VICENTE DEL BOSQUE. SISTEMAS DE DESHUMECTACIÓN, REPARACIÓN VALLADO Y PISTAS PADEL",,39129.74,33690.66
2022,X11,"Deportes, juventud y esparcimiento",CENTRO DEPORTIVO LA MASÓ. MEJORA SISTEMA DE VENTILACIÓN Y RENOVACIÓN DEL AIRE,,99898.19,
2022,X11,"Deportes, juventud y esparcimiento",DEPORTIVO BÁSICO VEREDA DE GANAPANES. ACONDICIONAMIENTO VESTUARIOS,,71783.9,
2022,X11,"Deportes, juventud y esparcimiento",CENTRO DEPORTIVO SANTA ANA. OBRAS ACOMETIDA DE SUMINISTRO DE AGUA,,5265.58,2976.75
2022,X11,"Deportes, juventud y esparcimiento",CENTRO DEPORTIVO LA MASÓ. RENOVACIÓN TUBERÍAS DISTRIBUCIÓN AGUA,,13778.9,
2022,X11,"Deportes, juventud y esparcimiento",DEPORTIVO BÁSICO RAMÓN GÓMEZ DE LA SERNA. OBRAS DE ADECUACIÓN A NORMATIVA DE INSTALACIÓN ELÉCTRICA,,64639.81,
2022,X11,"Deportes, juventud y esparcimiento","CENTRO DEPORTIVO LA MASÓ, COLONIA MIRASIERRA. OBRAS DE MEJORA Y AMPLIACIÓN (ID 19: 10541)",,150000.0,45998.19
2022,X11,"Deportes, juventud y esparcimiento",CENTRO DEPORTIVO VICENTE DEL BOSQUE. OBRAS DE CONSERVACIÓN,,16737.28,16737.28
2022,X11,"Deportes, juventud y esparcimiento",CENTRO DEPORTIVO LA MASÓ. REPOSICIÓN DE CÉSPED ARTIFICIAL CAMPO DE FÚTBOL,,345023.66,244974.38
2022,X11,"Deportes, juventud y esparcimiento",CENTRO DEPORTIVO SANTA ANA. SUBSANACIÓN PATOLOGÍAS PISCINA,,1101265.0,1101263.34
2022,X11,"Deportes, juventud y esparcimiento",OBRAS DE CONSERVACION INSTALACIONES DEPORTIVAS DISTRITO DE FUENCARRAL-EL PARDO,,533.34,
2022,X11,"Deportes, juventud y esparcimiento",DEPORTIVO BÁSICO MINGORRUBIO. ADECUACIÓN ESPACIOS PARA VESTUARIOS,,35439.95,12546.13
2022,X11,"Deportes, juventud y esparcimiento",DEPORTIVO BÁSICO EN EL PAU DE ARROYO FRESNO. CONSTRUCCIÓN (ID 18: 293),,150000.0,
2022,X11,"Deportes, juventud y esparcimiento",EQUIPAMIENTO CENTROS DEPORTIVOS MUNICIPALES DEL DISTRITO DE FUENCARRAL- EL PARDO,,16815.56,
2022,X11,"Deportes, juventud y esparcimiento",CENTRO DEPORTIVO LA MASÓ. ADQUISICIÓN E INSTALACIÓN DE CÉSPED ARTIFICIAL,,8184.44,8184.44
2022,X11,"Deportes, juventud y esparcimiento",OBRAS DE CONSERVACIÓN EN CENTROS DEPORTIVOS DEL DISTRITO FUENCARRAL-EL PARDO,,336.14,
2022,X06,Urbanismo,,,14662144.84,10491441.96
2022,X06,Urbanismo,ADQUISICIÓN SUELO JUNTA COMPENSACIÓN API 08.02 POLÍGONO A DE PEÑAGRANDE,,395374.7,311021.99
2022,X06,Urbanismo,CUÑA ARROYO DEL FRESNO. EJECUCIÓN DE BOSQUE METROPOLITANO,,890121.68,839564.81
2022,X06,Urbanismo,PARCELAS ÁMBITO VALDEGRULLA Y PARAJE VALDESENDERÍN. DESESCOMBRO Y RENATURALIZACIÓN,,1951323.89,1951107.07
2022,X06,Urbanismo,"C/ ALEJANDRO CASONA, 38 C/V. ANGELITA CAMARERO. OBRAS DE URBANIZACIÓN",,28925.62,
2022,X06,Urbanismo,"CALLE SARDINETA, 8. OBRAS ACCESORIAS DE URBANIZACIÓN",,42330.7,
2022,X06,Urbanismo,"C/ ISLAS DE CABO VERDE, 2. OBRAS ACCESORIAS DE URBANIZACIÓN",,57851.24,
2022,X06,Urbanismo,PLAZA DE LA VAGUADA DISTRITO FUENCARRAL-EL PARDO. OBRAS DE REMODELACIÓN,,714524.63,709070.03
2022,X06,Urbanismo,LATERAL NORTE AVENIDA DE LA ILUSTRACIÓN. OBRAS DE REURBANIZACIÓN,,7133000.0,3290786.69
2022,X06,Urbanismo,LATERAL SUR DE LA AVENIDA DE LA ILUSTRACIÓN. OBRAS DE REMODELACIÓN,,10000.0,
2022,X06,Urbanismo,ÁREA DE PLANEAMIENTO REMITIDO 08.01 CALLE CANTALEJO. COMPENSACIÓN,,113069.85,113069.85
2022,X06,Urbanismo,ADQUISICIÓN SUELO APR 08.01 CANTALEJO,,869583.0,869582.19
2022,X06,Urbanismo,C/ VÍCTOR GIL. OBRAS DE URBANIZACIÓN ACCESORIAS,,25614.29,25614.29
2022,X06,Urbanismo,ADQUISICIÓN SUELO CARRETERA COLMENAR,,1173554.08,1173554.08
2022,X06,Urbanismo,PARCELA PATRIMONIO MUNICIPAL SUELO C/ LILÍ ÁLVAREZ. RENATURALIZACIÓN,,1246901.66,1198101.46
2022,X06,Urbanismo,"DEMOLICIÓN DE LA EDIFICACIÓN DE LA CALLE ISLAS HÉBRIDAS, 25",,9969.5,9969.5
2022,X07,Infraestructuras,,,22002478.28,21833220.15
2022,X07,Infraestructuras,OBRAS EJECUCIÓN NUDO NORTE M-30 MADRID,,21407411.54,21341221.13
2022,X07,Infraestructuras,PANTALLAS ACÚSTICAS EN INFRAESTRUCTURAS DE MOVILIDAD. INSTALACIÓN EN EL DISTRITO FUENCARRAL-EL PARDO,,75277.85,75277.85
2022,X07,Infraestructuras,"MADRID NUEVO NORTE, NUDO DE FUENCARRAL. SOLUCIONES VIARIAS CONEXIÓN M-40, M-607 Y M-603",,252568.0,212040.63
2022,X07,Infraestructuras,RAMAL DE ACCESO DESDE M-30 HASTA EL HOSPITAL UNIVERSITARIO LA PAZ. CONSTRUCCIÓN,,267220.89,204680.54
2022,X08,Mantenimiento urbano,,,7992704.17,7140632.76
2022,X08,Mantenimiento urbano,CALLE 30. OBRAS REHABILITACIÓN PASARELA PEATONAL RAMÓN Y CAJAL SOBRE M-607 CARRETERA DE COLMENAR,,75139.72,75139.72
2022,X08,Mantenimiento urbano,"POLÍGONO INDUSTRIAL C/ MARÍA TUBAU Y OTRAS, DISTRITO FUENCARRAL-EL PARDO. OBRAS DE PAVIMENTACIÓN",,350457.96,350407.69
2022,X08,Mantenimiento urbano,CALLES DE ISABEL COLBRAND Y PEDRO RICO. MEJORA Y REHABILITACIÓN DE CALZADAS,,22241.57,22241.57
2022,X08,Mantenimiento urbano,COLONIA MIRASIERRA. OBRAS DE REMODELACIÓN Y RENOVACIÓN URBANA,,101951.9,101386.63
2022,X08,Mantenimiento urbano,CALLE MIRADOR DE LA REINA CON CALLE ARROYO DEL MONTE. OBRAS DE ADECUACIÓN VIALES,,481786.08,468952.4
2022,X08,Mantenimiento urbano,PASOS DE CEBRA EN CALLE FERMÍN CABALLERO-PEÑAGRANDE. ADECUACIÓN INTEGRAL (ID 19: 10283),,14400.0,
2022,X08,Mantenimiento urbano,"CALLES ISLA DE JAVA, JULIO PALACIOS, CHANTADA Y OTRAS. RENOVACIÓN DE PAVIMENTOS EN CALZADAS",,2518066.25,2330294.17
2022,X08,Mantenimiento urbano,AVENIDA CAMINO DE SANTIAGO Y OTRAS DISTRITO DE FUENCARRAL-EL PARDO. RENOVACIÓN PAVIMENTOS CALZADAS,,1969170.77,1969170.77
2022,X08,Mantenimiento urbano,CALLE FERMÍN CABALLERO Y OTRAS DISTRITO FUENCARRAL-EL PARDO. RENOVACIÓN PAVIMENTOS EN CALZADAS,,865882.16,781134.26
2022,X08,Mantenimiento urbano,"C/SAN CUGAT DEL VALLÉS, BADALONA, FINISTERRE Y PLAZA DE CIEZA. RENOVACIÓN DE PAVIMENTOS EN CALZADAS",,434420.34,351987.27
2022,X08,Mantenimiento urbano,"PLAN CAMINO ESCOLAR SEGURO C/ BRAILLE, CUEVA DE MONTESINOS Y OTRAS. ADECUACIÓN VÍAS PÚBLICAS",,125980.82,64387.41
2022,X08,Mantenimiento urbano,"CASCO HISTÓRICO DE FUENCARRAL. INTEGRACIÓN ESPACIOS ENTRE PLAZAS BAILE, ISLAS AZORES Y OTRAS",,122880.84,122880.83
2022,X08,Mantenimiento urbano,CASCO HISTÓRICO DE EL PARDO. OBRAS DE MEJORA Y RENOVACIÓN DE ACERAS Y VÍAS PEATONALES,,49608.22,49608.22
2022,X08,Mantenimiento urbano,"ACERAS DEL BARRIO DEL PILAR, C/MONFORTE DE LEMOS. ADECUACIÓN (ID 20: 16023)",,259475.64,99400.91
2022,X08,Mantenimiento urbano,TÚNEL VENTISQUERO DE LA CONDESA. ACONDICIONAMIENTO DE INSTALACIONES Y MEDIDAS DE SEGURIDAD,,21657.94,20308.26
2022,X08,Mantenimiento urbano,ALUMBRADO PASO INFERIOR ENTRE C/ ANTONIO CABEZÓN Y AVDA. SANTO DOMINGO CALZADA. TECNOLOGÍA LED,,37653.81,36965.66
2022,X08,Mantenimiento urbano,VÍAS PÚBLICAS DEL DISTRITO DE FUENCARRAL-EL PARDO. OBRAS DE REMODELACIÓN Y CONSERVACIÓN,,150000.0,40155.64
2022,X08,Mantenimiento urbano,ZONA VERDE C/ AFUERAS A VALVERDE. INSTALACIÓN DE ELEMENTOS BIOSALUDABLES,,36701.18,36452.97
2022,X08,Mantenimiento urbano,BARRIO DE PEÑA GRANDE. OBRAS DE REMODELACIÓN Y ADECUACIÓN (ID 20: 16165),,151554.15,151554.15
2022,X08,Mantenimiento urbano,VIALES Y ESPACIOS PÚBLICOS BARRIO DE PEÑAGRANDE. ACTUACIONES DE MEJORA ACCESIBILIDAD,,10042.67,10042.67
2022,X08,Mantenimiento urbano,CIRCUITOS DEPORTIVOS BIOSALUDABLES DISTRITO FUENCARRAL-EL PARDO. INSTALACIÓN (ID 20: 12181),,58161.57,58161.56
2022,X08,Mantenimiento urbano,VÍAS PÚBLICAS DEL DISTRITO DE FUENCARRAL-EL PARDO. OBRAS DE ADECUACIÓN Y MEJORA DE LA ACCESIBILIDAD,,134546.21,
2022,X08,Mantenimiento urbano,VÍAS PÚBLICAS DEL POBLADO DIRIGIDO DE FUENCARRAL. OBRAS DE ADECUACIÓN Y MEJORA,,336.13,
2022,X08,Mantenimiento urbano,VÍAS PÚBLICAS DEL BARRIO DE PEÑAGRANDE. OBRAS DE ADECUACIÓN Y MEJORA,,336.13,
2022,X08,Mantenimiento urbano,RAMPA EN LA CALLE BRAILLE. OBRAS DE ADECUACIÓN Y ADAPTACIÓN A NORMATIVA,,134.45,
2022,X08,Mantenimiento urbano,AVENIDA DE CARDENAL HERRERA ORIA. ACONDICIONAMIENTO ZONA ESTANCIAL,,117.66,
2022,X09,Medio ambiente,,,1266159.47,841622.04
2022,X09,Medio ambiente,ZONAS VERDES Y VIALES CASCO URBANO DE EL PARDO. REHABILITACIÓN,,131885.94,
2022,X09,Medio ambiente,ZONAS AJARDINADAS ENTORNO DEPORTIVO BÁSICO VEREDA DE GANAPANES. ACONDICIONAMIENTO,,132418.09,132315.65
2022,X09,Medio ambiente,ZONAS AJARDINADAS DISTRITO FUENCARRAL-EL PARDO. ACONDICIONAMIENTO,,48322.37,
2022,X09,Medio ambiente,"ZONA VERDE EN C/ MONFORTE DE LEMOS, 180. ADECUACIÓN DE ÁREA CANINA",,112828.88,18209.84
2022,X09,Medio ambiente,ZONAS AJARDINADAS ENTORNO FUENTE DEL SACERAL. ACONDICIONAMIENTO,,80.88,
2022,X09,Medio ambiente,PROLONGACIÓN RED DE AGUA REGENERADA A CANTÓN DE LIMPIEZA DISTRITO DE FUENCARRAL-EL PARDO,,11411.65,11411.65
2022,X09,Medio ambiente,"PARQUE EN C/FERMÍN CABALLERO, 88, BARRIO DE PEÑAGRANDE. ADECUACIÓN (ID 19: 12060)",,626097.57,485092.61
2022,X09,Medio ambiente,HUERTOS URBANOS ECOLÓGICOS DISTRITO FUENCARRAL-EL PARDO. ADAPTACIÓN (ID 18: 1614),,18643.45,11406.85
2022,X09,Medio ambiente,PARQUES Y ZONAS VERDES DEL DISTRITO DE FUENCARRAL-EL PARDO. ADAPTACIÓN DE RECORRIDOS TERAPÉUTICOS,,15469.85,15469.85
2022,X09,Medio ambiente,PARQUE DE LA VAGUADA. MEJORA DE ACCESOS Y VIARIO,,12000.85,12000.85
2022,X09,Medio ambiente,ZONAS VERDES DISTRITO FUENCARRAL-EL PARDO. INSTALACIÓN Y ACONDICIONAMIENTO DE PARQUES CANINOS,,60426.32,59981.76
2022,X09,Medio ambiente,REPOBLACIÓN FORESTAL EN LOS ALEDAÑOS DE LA M-30. DISTRITO DE FUENCARRAL-EL PARDO,,4640.02,4640.02
2022,X09,Medio ambiente,ENERGÍAS RENOVABLES. INSTALACIÓN FOTOVOLTAICA EN CENTRO CULTURAL ALFREDO KRAUSS,,91093.26,91092.96
2022,X09,Medio ambiente,ZONA VERDE EN RONDA DEL INGENIOSO HIDALGO. ADECUACIÓN ZONA INFANTIL,,504.2,
2022,X09,Medio ambiente,ZONA VERDE EN CALLE MONASTERIO DEL ESCORIAL. ADECUACIÓN ZONA INFANTIL,,336.14,
2022,X03,Protección y promoción social,,,3315796.58,3141221.77
2022,X03,Protección y promoción social,CENTRO DE MAYORES MIRASIERRA. CONSTRUCCIÓN,,3111110.91,3111093.97
2022,X03,Protección y promoción social,EQUIPAMIENTO CENTRO DE MAYORES ALFONSO XII,,3249.86,
2022,X03,Protección y promoción social,EQUIPAMIENTO CENTRO DE MAYORES ISLAS JARVI,,1103.52,
2022,X03,Protección y promoción social,EQUIPAMIENTO CENTRO DE MAYORES PEÑAGRANDE,,10535.86,
2022,X03,Protección y promoción social,EQUIPAMIENTO CENTRO DE MAYORES LA VAGUADA,,17112.83,
2022,X03,Protección y promoción social,EQUIPAMIENTO CENTRO DE MAYORES VOCAL VECINO JUSTO SIERRA,,10831.06,
2022,X03,Protección y promoción social,EQUIPAMIENTO CENTROS DE MAYORES DISTRITO FUENCARRAL EL PARDO,,13166.87,
2022,X03,Protección y promoción social,DIVERSOS CENTROS DE MAYORES DEL DISTRITO DE FUENCARRAL-EL PARDO. OBRAS DE MEJORA,,66087.73,
2022,X03,Protección y promoción social,CENTRO DE DÍA FRAY LUIS DE LEÓN. REPARACIÓN DE HUMEDADES Y SISTEMA DE SEGURIDAD,,49621.13,
2022,X03,Protección y promoción social,CENTRO ACOGIDA PARA FAMILIAS INMIGRANTES SAN ROQUE. ADECUACIÓN INSTALACIÓN ELÉCTRICA,,23615.39,23615.39
2022,X03,Protección y promoción social,EDIFICIO ESPACIO IGUALDAD LUCRECIA PÉREZ. SEÑALIZACIÓN,,237.89,237.89
2022,X03,Protección y promoción social,EQUIPAMIENTO CENTROS DE SERVICIOS SOCIALES DISTRITO FUENCARRAL EL PARDO,,2025.48,
2022,X03,Protección y promoción social,EQUIPAMIENTO CENTRO DE SERVICIOS SOCIALES BADALONA,,6274.52,6274.52
2022,X03,Protección y promoción social,CENTRO DE DÍA DE PEÑAGRANDE. OBRAS DE ACONDICIONAMIENTO INTERIOR Y MURO EXTERIOR,,302.52,
2022,X03,Protección y promoción social,"CENTRO DE SERVICIOS SOCIALES SAN VICENTE PAUL.REPARACIÓN HUMEDADES,GRIETAS Y OTRAS OBRAS DE MEJORA",,403.36,
2022,X03,Protección y promoción social,CENTRO DE DÍA EL PARDO. OBRAS DE ADAPTACIÓN A NORMATIVA Y SEGURIDAD,,50.42,
2022,X03,Protección y promoción social,CENTROS DE SERVICIOS SOCIALES FUENCARRAL-EL PARDO. OBRAS DE ADAPTACIÓN A NORMATIVA Y SEGURIDAD,,67.23,
2022,X05,Educación,,,1176814.59,900323.58
2022,X05,Educación,VARIOS COLEGIOS PÚBLICOS FUENCARRAL-EL PARDO. ADAPTACIÓN A NORMATIVA ELÉCTRICA Y DE SEGURIDAD,,539.18,
2022,X05,Educación,COLEGIO PÚBLICO BREOGÁN. OBRAS DE CONSERVACIÓN,,75678.34,68259.15
2022,X05,Educación,COLEGIO PÚBLICO LORENZO LUZURIAGA. SUSTITUCIÓN DE CALDERA Y SANEAMIENTO,,93185.58,68319.25
2022,X05,Educación,CENTRO DE EDUCACIÓN DE PERSONAS ADULTAS JOSÉ LUIS SAMPEDRO. OBRAS EN ASEOS Y SANEAMIENTOS,,29884.27,29877.64
2022,X05,Educación,"COLEGIO PÚBLICO GABRIELA MISTRAL. PLACAS SOLARES, ACONDICIONAMIENTO PATIOS Y ZONA VALLADO",,9909.6,9909.6
2022,X05,Educación,"COLEGIO PÚBLICO MIRASIERRA. OBRAS DE ADAPTACIÓN A NORMATIVA, MEJORA DE PATIOS E ILUMINACIÓN",,119499.96,7299.43
2022,X05,Educación,COLEGIO PÚBLICO ENRIQUE GRANADOS. OBRAS DE REPARACIÓN MURO MEDIANERO,,19915.98,19864.63
2022,X05,Educación,COLEGIO PÚBLICO FEDERICO GARCÍA LORCA. OBRAS DE REPARACIÓN DE PATIO,,29803.68,29409.7
2022,X05,Educación,EQUIPAMIENTO ESCUELA INFANTIL LA CARACOLA,,4452.8,2426.39
2022,X05,Educación,EQUIPAMIENTO ESCUELA INFANTIL LA ROSA DEL AZAFRÁN,,7940.02,4364.6
2022,X05,Educación,ESCUELA INFANTIL LA CORTE DEL FARAÓN. OBRAS DE CONSERVACIÓN,,31129.69,31108.51
2022,X05,Educación,ESCUELA INFANTIL LA CARACOLA. OBRAS DE CONSERVACIÓN,,24183.04,24183.04
2022,X05,Educación,COLEGIO PÚBLICO CARDENAL HERRERA ORIA. OBRAS DE CONSERVACIÓN,,19226.14,19226.14
2022,X05,Educación,EQUIPAMIENTO ESCUELA INFANTIL LA CORTE DEL FARAÓN,,7302.35,4031.61
2022,X05,Educación,EQUIPAMIENTO ESCUELA INFANTIL EL FRESNO,,10547.03,10547.03
2022,X05,Educación,EQUIPAMIENTO ESCUELA INFANTIL ELENA FORTÚN,,2199.44,2199.44
2022,X05,Educación,EQUIPAMIENTO ESCUELA INFANTIL POETA GLORIA FUERTES,,3752.89,3752.89
2022,X05,Educación,COLEGIO PÚBLICO MIRASIERRA. ADECUACIÓN CALDERA,,554.52,554.52
2022,X05,Educación,COLEGIO PÚBLICO CARDENAL HERRERA ORIA. OBRAS ADECUACIÓN DE SANEAMIENTO,,47.72,
2022,X05,Educación,COLEGIO PÚBLICO JOSEP TARRADELLAS. OBRAS ADECUACIÓN SANEAMIENTO,,33.16,
2022,X05,Educación,VARIOS COLEGIOS PÚBLICOS DISTRITO DE FUENCARRAL-EL PARDO. SUSTITUCIÓN CALDERAS DE CALEFACCIÓN,,1939.03,1939.03
2022,X05,Educación,"COLEGIO PÚBLICO LORENZO LUZURIAGA. ACONDICIONAMIENTO ESPACIOS LIBRES, PATIOS Y CALDERAS",,16085.04,16085.04
2022,X05,Educación,OBRAS DE CONSERVACIÓN CENTROS DOCENTES DE ENSEÑANZA DISTRITO FUENCARRAL-EL PARDO,,42822.37,
2022,X05,Educación,COLEGIO PÚBLICO BLAS DE LEZO. OBRAS DE ADECUACIÓN E INSTALACIÓN DE MAMPARA ZONA CONSERJE,,9674.88,9399.19
2022,X05,Educación,CENTRO EDUCACIÓN ESPECIAL FRANCISCO DEL POZO. OBRAS ADECUACIÓN E INSTALACIÓN MAMPARA ZONA CONSERJE,,5359.57,5049.94
2022,X05,Educación,"COLEGIO PÚBLICO LEOPOLDO CALVO SOTELO. ADECUACIÓN PISTAS DEPORTIVAS, SOLADOS Y SANEAMIENTO",,66716.98,66615.58
2022,X05,Educación,"COLEGIO PÚBLICO JOSÉ BERGAMÍN. ADECUACIÓN ASEOS, SANEAMIENTO Y CALDERA",,98586.04,98497.61
2022,X05,Educación,ESCUELA INFANTIL ELENA FORTÚN. OBRAS DE CONSERVACIÓN,,17141.29,17109.25
2022,X05,Educación,COLEGIO PÚBLICO BRAVO MURILLO. OBRAS ADECUACIÓN DE CALDERA,,20304.93,20244.12
2022,X05,Educación,COLEGIO PÚBLICO DE EDUCACIÓN ESPECIAL FRANCISCO DEL POZO. OBRAS DE ADECUACIÓN DE CALDERA,,47299.72,45327.8
2022,X05,Educación,COLEGIO PÚBLICO ANTONIO FONTÁN. OBRAS DE CONSERVACIÓN Y ADECUACIÓN A NORMATIVA,,12.24,
2022,X05,Educación,COLEGIO PÚBLICO BLAS DE LEZO. OBRAS DE CONSERVACIÓN Y ADECUACIÓN A NORMATIVA,,20.41,
2022,X05,Educación,COLEGIO PÚBLICO GABRIELA MISTRAL. OBRAS DE CONSERVACIÓN Y ADECUACIÓN A NORMATIVA,,14.29,
2022,X05,Educación,COLEGIO PÚBLICO INFANTA LEONOR. OBRAS DE CONSERVACIÓN Y ADECUACIÓN A NORMATIVA,,14.29,
2022,X05,Educación,COLEGIO PÚBLICO JOSEP TARRADELLAS. OBRAS DE CONSERVACIÓN Y ADECUACIÓN A NORMATIVA,,14.29,
2022,X05,Educación,COLEGIO PÚBLICO MIRASIERRA. OBRAS DE CONSERVACIÓN Y ADECUACIÓN A NORMATIVA,,14.29,
2022,X05,Educación,COLEGIO PÚBLICO LEOPOLDO CALVO SOTELO. OBRAS DE CONSERVACIÓN Y ADECUACIÓN A NORMATIVA,,14.29,
2022,X05,Educación,COLEGIO PÚBLICO LORENZO LUZURIAGA. OBRAS DE CONSERVACIÓN Y ADECUACIÓN A NORMATIVA,,14.29,
2022,X05,Educación,COLEGIO PÚBLICO LUIS DE GÓNGORA. OBRAS DE CONSERVACIÓN Y ADECUACIÓN A NORMATIVA,,14.29,
2022,X05,Educación,COLEGIO PÚBLICO PRÍNCIPE DE ASTURIAS. OBRAS DE CONSERVACIÓN Y ADECUACIÓN A NORMATIVA,,14.29,
2022,X05,Educación,COLEGIO PÚBLICO RABINDRANATH TAGORE. OBRAS DE CONSERVACIÓN Y ADECUACIÓN A NORMATIVA,,28.57,
2022,X05,Educación,COLEGIO PÚBLICO REPÚBLICA DE PARAGUAY. OBRAS DE CONSERVACIÓN Y ADECUACIÓN A NORMATIVA,,28.57,
2022,X05,Educación,COLEGIO PÚBLICO MONTE DE EL PARDO. OBRAS DE CONSERVACIÓN Y ADECUACIÓN A NORMATIVA,,12.23,
2022,X05,Educación,ESCUELA INFANTIL LA ROSA DEL AZAFRÁN. OBRAS DE CONSERVACIÓN Y ADECUACIÓN A NORMATIVA,,12.23,
2022,X05,Educación,OBRAS DE ACONDICIONAMIENTO Y MEJORA CENTROS EDUCATIVOS DEL DISTRITO DE FUENCARRAL-EL PARDO,,50471.42,
2022,X05,Educación,"COLEGIO PÚBLICO INFANTA LEONOR. ADECUACIÓN CUBIERTA, LÍNEA DE VIDA Y PATIOS",,39737.76,34701.61
2022,X05,Educación,COLEGIO PÚBLICO JORGE GUILLÉN. OBRAS DE ADAPTACIÓN A NORMATIVA Y REFORMA ASEOS Y OTRAS,,66594.1,57731.35
2022,X05,Educación,COLEGIO PÚBLICO JOSEP TARRADELLAS. ADECUACIÓN ZONAS EXTERIORES Y ACONDICIONAMIENTO INTERIOR,,25587.51,23713.35
2022,X05,Educación,COLEGIO PÚBLICO CAMILO JOSÉ CELA. ACONDICIONAMIENTO ASEOS Y PISTAS DEPORTIVAS,,39696.8,39629.57
2022,X05,Educación,"COLEGIO PÚBLICO PRÍNCIPE FELIPE. OBRAS DE ADAPTACIÓN A NORMATIVA, ACONDICIONAMIENTO ASEOS Y PATIOS",,88847.8,81095.54
2022,X05,Educación,"ESCUELA INFANTIL ROSA DEL AZAFRÁN. ACONDICIONAMIENTO ACCESOS, VALLADOS Y ELEMENTOS DE SOMBRA",,39954.65,39794.41
2022,X05,Educación,ESCUELA INFANTIL EL FRESNO. OBRAS DE INSTALACIÓN CARPINTERÍA ABATIBLE,,9980.74,8056.62
2022,X00,Inversiones de carácter general,,,279201.06,142280.53
2022,X00,Inversiones de carácter general,EQUIPAMIENTO SERVCIOS ADMINISTRATIVOS DISTRITO DE FUENCARRAL - EL PARDO,,17000.35,8243.5
2022,X00,Inversiones de carácter general,OBRAS DE CONSERVACION EDIFICIOS DISTRITO FUENCARRAL-EL PARDO,,398.42,
2022,X00,Inversiones de carácter general,SEDE DISTRITO DE FUENCARRAL-EL PARDO. ACONDICIONAMIENTO DE SÓTANO Y OBRAS DE INSTALACIÓN CALDERA,,149396.04,76315.79
2022,X00,Inversiones de carácter general,OBRAS DE CONSERVACIÓN DE EDIFICIOS DEL DISTRITO DE FUENCARRAL-EL PARDO,,23934.61,
2022,X00,Inversiones de carácter general,TORREÓN PLAZA SAN FERNANDO. OBRAS DE CONSOLIDACIÓN DE CUBIERTA,,57911.4,57721.24
2022,X00,Inversiones de carácter general,OBRAS DE ACONDICIONAMIENTO Y MEJORA EDIFICIOS DEL DISTRITO DE FUENCARRAL-EL PARDO,,30392.17,
2022,X00,Inversiones de carácter general,EDIFICIO SEDE DISTRITO DE FUENCARRAL-EL PARDO. OBRAS DE ADAPTACIÓN A NORMATIVA Y SEGURIDAD,,168.07,
2022,X13,Otros bienes públicos de carácter económico,,,59792.8,
2022,X13,Otros bienes públicos de carácter económico,CENTRO DE INNOVACIÓN TECNOLÓGICA FUENCARRAL-EL PARDO. ACONDICIONAMIENTO ESPACIOS INTERIORES,,59792.8,
2022,X04,Salud pública,,,74934.3,74920.64
2022,X04,Salud pública,CMSc CENTRO MUNICIPAL DE SALUD COMUNITARIA DE FUENCARRAL. SEÑALIZACIÓN,,1423.77,1410.11
2022,X04,Salud pública,EQUIPAMIENTO CMSc CENTRO MUNICIPAL DE SALUD COMUNITARIA DE FUENCARRAL,,11728.07,11728.07
2022,X04,Salud pública,CENTRO MUNICIPAL DE SALUD COMUNITARIA DE FUENCARRAL. ADQUISICIÓN DE MAQUINARIA,,17334.7,17334.7
2022,X04,Salud pública,CENTRO MUNICIPAL DE SALUD COMUNITARIA DE FUENCARRAL. OBRAS ACONDICIONAMIENTO,,44447.76,44447.76
2023,X01,Protección Civil y seguridad ciudadana,,,1471958.36,1363039.55
2023,X01,Protección Civil y seguridad ciudadana,PARQUE 9 BOMBEROS. OBRAS PARA INSTALACIÓN DE CAMPA PROVISIONAL,,1320526.74,1320526.74
2023,X01,Protección Civil y seguridad ciudadana,"PARQUE DE BOMBEROS Nº 9. OBRAS REFORMA Y AMPLIACIÓN EN SÓTANO, EDIFICIO GIMNASIO Y COCHERAS TRASERAS",,151431.62,42512.81
2023,X12,Otros bienes públicos de carácter social,,,230300.82,180297.51
2023,X12,Otros bienes públicos de carácter social,EQUIPAMIENTO NUEVA OFICINA DE ATENCIÓN AL CIUDADANO LÍNEA MADRID DEL DISTRITO DE FUENCARRAL-EL PARDO,,33000.0,
2023,X12,Otros bienes públicos de carácter social,OFICINA ATENCIÓN AL CIUDADANO LÍNEA MADRID FUENCARRAL-EL PARDO. SEÑALIZACIÓN,,6700.0,
2023,X12,Otros bienes públicos de carácter social,OFICINA ATENCIÓN AL CIUDADANO LÍNEA MADRID FUENCARRAL- EL PARDO. INSTALACIÓN SUELO TÉCNICO ELEVADO,,10300.0,
2023,X12,Otros bienes públicos de carácter social,"OFICINA ATENCIÓN AL CIUDADANO C/VENTISQUERO DE LA CONDESA,7-9.OBRAS DE REFORMA Y ACONDICIONAMIENTO",,180300.82,180297.51
2023,X10,Cultura,,,3737387.37,357685.74
2023,X10,Cultura,INTERVENCIONES COMPARTIENDO MUROS ARTE PÚBLICO MADRID. MURAL ARTÍSTICO DISTRITO FUENCARRAL-EL PARDO,,21780.0,21780.0
2023,X10,Cultura,CENTRO CULTURAL Y BIBLIOTECA EN MONTECARMELO. CONSTRUCCIÓN,,1238951.85,276913.3
2023,X10,Cultura,CENTRO CULTURAL Y BIBLIOTECA EN LAS TABLAS. CONSTRUCCIÓN,,2446374.13,36635.35
2023,X10,Cultura,EQUIPAMIENTO CENTROS CULTURALES DISTRITO DE FUENCARRAL EL PARDO,,336.0,
2023,X10,Cultura,CENTRO SOCIOCULTURAL RAFAEL DE LÉON. ELEMENTOS DE ILUMINACIÓN Y OTRO EQUIPAMIENTO,,10164.0,10164.0
2023,X10,Cultura,EQUIPAMIENTO CENTROS CULTURALES DEL DISTRITO DE FUENCARRAL-EL PARDO,,5309.7,
2023,X10,Cultura,EQUIPAMIENTO CENTRO SOCIOCULTURAL LAS TABLAS,,3965.19,3965.19
2023,X10,Cultura,BIBLIOTECA JOSÉ SARAMAGO. VINILOS PROTECTORES DE LUZ SOLAR,,4225.32,4225.32
2023,X10,Cultura,EQUIPAMIENTO CENTRO SOCIOCULTURAL MONTECARMELO,,999.79,999.79
2023,X10,Cultura,PLACA CONMEMORATIVA FUENTE DEL SACERAL EN DISTRITO FUENCARRAL-EL PARDO. INSTALACIÓN,,309.76,309.76
2023,X10,Cultura,CENTRO SOCIOCULTURAL ALFONSO XII. ACONDICIONAMIENTO INSTALACIÓN CLIMATIZACIÓN,,252.38,252.38
2023,X10,Cultura,CENTRO DE INTERPRETACIÓN DE LA NATURALEZA DE MONTECARMELO. REPARACIÓN CUBIERTA Y PARAMENTOS,,146.04,130.9
2023,X10,Cultura,CENTRO SOCIOCULTURAL MONTE CARMELO. OBRAS DE MEJORA DE LA CLIMATIZACIÓN,,4573.21,2309.75
2023,X11,"Deportes, juventud y esparcimiento",,,828355.22,482488.46
2023,X11,"Deportes, juventud y esparcimiento",DEPORTIVO BÁSICO MARTÍN TEMIÑO. OBRAS ACONDICIONAMIENTO BAJO GRADAS,,327897.1,278069.95
2023,X11,"Deportes, juventud y esparcimiento",CENTRO JUVENIL HONTALBILLA. SEÑALIZACIÓN,,84.58,84.58
2023,X11,"Deportes, juventud y esparcimiento",CENTRO DEPORTIVO SANTA ANA. OBRAS ADAPTACIÓN NORMATIVA INSTALACIONES Y VENTILACIÓN,,421.73,421.73
2023,X11,"Deportes, juventud y esparcimiento",DEPORTIVO BÁSICO ARTURO RUIZ. OBRAS DE ACOMETIDAS Y VALLADO,,164.44,160.83
2023,X11,"Deportes, juventud y esparcimiento",OBRAS DE MEJORA Y ACONDICIONAMIENTO INSTALACIONES DEPORTIVAS DISTRITO FUENCARRAL-EL PARDO,,47.99,
2023,X11,"Deportes, juventud y esparcimiento","CENTRO DEPORTIVO VICENTE DEL BOSQUE. SISTEMAS DE DESHUMECTACIÓN, REPARACIÓN VALLADO Y PISTAS PADEL",,8513.86,8272.29
2023,X11,"Deportes, juventud y esparcimiento",CENTRO DEPORTIVO LA MASÓ. MEJORA SISTEMA DE VENTILACIÓN Y RENOVACIÓN DEL AIRE,,99964.73,
2023,X11,"Deportes, juventud y esparcimiento",DEPORTIVO BÁSICO VEREDA DE GANAPANES. ACONDICIONAMIENTO VESTUARIOS,,87541.14,87102.84
2023,X11,"Deportes, juventud y esparcimiento",CENTRO DEPORTIVO SANTA ANA. OBRAS ACOMETIDA DE SUMINISTRO DE AGUA,,1462.49,1396.18
2023,X11,"Deportes, juventud y esparcimiento",CENTRO DEPORTIVO LA MASÓ. RENOVACIÓN TUBERÍAS DISTRIBUCIÓN AGUA,,26999.01,
2023,X11,"Deportes, juventud y esparcimiento",DEPORTIVO BÁSICO RAMÓN GÓMEZ DE LA SERNA. OBRAS DE ADECUACIÓN A NORMATIVA DE INSTALACIÓN ELÉCTRICA,,64807.88,55324.31
2023,X11,"Deportes, juventud y esparcimiento","CENTRO DEPORTIVO LA MASÓ, COLONIA MIRASIERRA. OBRAS DE MEJORA Y AMPLIACIÓN (ID 19: 10541)",,118512.45,5524.49
2023,X11,"Deportes, juventud y esparcimiento",EQUIPAMIENTO CENTROS DEPORTIVOS DEL DISTRITO DE FUENCARRAL-EL PARDO,,18949.32,
2023,X11,"Deportes, juventud y esparcimiento",CENTROS DEPORTIVOS DEL DISTRITO DE FUENCARRAL-EL PARDO. ÚTILES Y HERRAMIENTAS,,3150.9,3150.9
2023,X11,"Deportes, juventud y esparcimiento",CENTRO DEPORTIVO MARÍA JESÚS ROSA. VINILOS PROTECTORES DE LUZ SOLAR,,4225.32,7368.9
2023,X11,"Deportes, juventud y esparcimiento",CENTRO DEPORTIVO LA MASÓ. ELEMENTOS DEPORTIVOS DE CALISTENIA,,14135.28,14135.28
2023,X11,"Deportes, juventud y esparcimiento",OBRAS DE CONSERVACIÓN Y MEJORA INSTALACIONES DEPORTIVAS DISTRITO DE FUENCARRAL-EL PARDO,,0.82,
2023,X11,"Deportes, juventud y esparcimiento",DEPORTIVOS BÁSICOS DEL DISTRITO FUENCARRAL-EL PARDO. OBRAS DE MEJORA DE LAS INSTALACIONES,,21476.18,21476.18
2023,X11,"Deportes, juventud y esparcimiento",CENTRO DEPORTIVO MUNICIPAL LA MASÓ. OBRAS DE ACONDICIONAMIENTO Y MEJORA DEL ROCÓDROMO,,30000.0,
2023,X02,"Tráfico, estacionamiento y transporte público",,,161528.73,127154.02
2023,X02,"Tráfico, estacionamiento y transporte público",APARCAMIENTO PARA RESIDENTES BAÑEZA. OBRAS DE REFORMA DEL ACCESO Y REPARACIONES VARIAS,,161528.73,127154.02
2023,X06,Urbanismo,,,26882898.44,25316220.24
2023,X06,Urbanismo,ADQUISICIÓN SUELO JUNTA COMPENSACIÓN API 08.02 POLÍGONO A DE PEÑAGRANDE,,453779.09,
2023,X06,Urbanismo,ADQUISICIÓN DE SUELO EN LA CARRETERA DE COLMENAR (M-607),,4001385.08,4001385.08
2023,X06,Urbanismo,PARCELA PATRIMONIO MUNICIPAL SUELO C/MANUEL VILLARTA C/V.ISLAS PALAOS. RENATURALIZACIÓN,,80820.12,80820.12
2023,X06,Urbanismo,"DEMOLICIÓN DE LA EDIFICACIÓN EN LA PARCELA DE LA C/ MARÍA ISABEL NAVARRO, 12",,31945.78,31945.78
2023,X06,Urbanismo,"DEMOLICIÓN DE LA EDIFICACIÓN EN LA PARCELA DE LA C/ MARÍA ISABEL NAVARRO, 10",,9197.57,
2023,X06,Urbanismo,CUÑA ARROYO DEL FRESNO. EJECUCIÓN DE BOSQUE METROPOLITANO,,1877000.0,1499711.52
2023,X06,Urbanismo,PARCELAS ÁMBITO VALDEGRULLA Y PARAJE VALDESENDERÍN. DESESCOMBRO Y RENATURALIZACIÓN,,2549040.53,2537161.64
2023,X06,Urbanismo,PARCELA C/ SENDA DEL INFANTE. OBRAS DE RENATURALIZACIÓN Y ACONDICIONAMIENTO,,452572.42,408115.18
2023,X06,Urbanismo,ÁMBITO CAMINO DE LA QUINTA. OBRAS DE RENATURALIZACIÓN,,133182.35,
2023,X06,Urbanismo,"ADQUISICIÓN DE SUELO EN PARAJE DENOMINADO ""FUENTE DEL PIOJO""",,2511.43,2511.43
2023,X06,Urbanismo,"C/ ALEJANDRO CASONA, 38 C/V. ANGELITA CAMARERO. OBRAS DE URBANIZACIÓN",,28925.62,28910.17
2023,X06,Urbanismo,"CALLE SARDINETA, 8. OBRAS ACCESORIAS DE URBANIZACIÓN",,42330.7,38785.55
2023,X06,Urbanismo,"C/ ISLAS DE CABO VERDE, 2. OBRAS ACCESORIAS DE URBANIZACIÓN",,57851.24,
2023,X06,Urbanismo,PLAZA DE LA VAGUADA DISTRITO FUENCARRAL-EL PARDO. OBRAS DE REMODELACIÓN,,1376660.11,1314482.6
2023,X06,Urbanismo,LATERAL NORTE AVENIDA DE LA ILUSTRACIÓN. OBRAS DE REURBANIZACIÓN,,8305096.63,8102044.21
2023,X06,Urbanismo,LATERAL SUR DE LA AVENIDA DE LA ILUSTRACIÓN. OBRAS DE REMODELACIÓN,,7480599.77,7270346.96
2023,X07,Infraestructuras,,,6134692.63,6112199.97
2023,X07,Infraestructuras,OBRAS EJECUCIÓN NUDO NORTE M-30 MADRID,,2876394.65,2876394.64
2023,X07,Infraestructuras,PANTALLAS ACÚSTICAS EN INFRAESTRUCTURAS DE MOVILIDAD. INSTALACIÓN EN EL DISTRITO FUENCARRAL-EL PARDO,,377048.94,377048.92
2023,X07,Infraestructuras,"MADRID NUEVO NORTE, NUDO DE FUENCARRAL. SOLUCIONES VIARIAS CONEXIÓN M-40, M-607 Y M-603",,293094.84,293094.84
2023,X07,Infraestructuras,PLATAFORMA AUTOBÚS DE TRÁNSITO PRIORITARIO VALDEBEBAS - HOSPITAL RAMÓN Y CAJAL. CONSTRUCCIÓN,,2588154.2,2565661.57
2023,X08,Mantenimiento urbano,,,8772793.39,8200475.11
2023,X08,Mantenimiento urbano,CALLE 30. OBRAS REHABILITACIÓN PASARELA PEATONAL RAMÓN Y CAJAL SOBRE M-607 CARRETERA DE COLMENAR,,583168.33,583168.33
2023,X08,Mantenimiento urbano,MOBILIARIO URBANO ÁREAS DE MAYORES DISTRITO FUENCARRAL-EL PARDO. REPOSICIÓN,,30518.29,30518.28
2023,X08,Mantenimiento urbano,"POLÍGONO INDUSTRIAL C/ MARÍA TUBAU Y OTRAS, DISTRITO FUENCARRAL-EL PARDO. OBRAS DE PAVIMENTACIÓN",,98734.64,98734.64
2023,X08,Mantenimiento urbano,ANILLO VERDE CICLISTA DISTRITO DE FUENCARRAL-EL PARDO. MEJORA Y REHABILITACIÓN DE CALZADAS,,35101.37,35101.37
2023,X08,Mantenimiento urbano,CALLES DE ISABEL COLBRAND Y PEDRO RICO. MEJORA Y REHABILITACIÓN DE CALZADAS,,32244.31,32244.31
2023,X08,Mantenimiento urbano,"CALLES ISLA PALAOS, MASÓ, MORALZARZAL, MONASTERIOS SUSO Y YUSO Y OTRAS. REHABILITACIÓN CALZADAS",,300506.27,176195.12
2023,X08,Mantenimiento urbano,"AVENIDA MONASTERIO DE SILOS, CALLES ANTONIO CABEZÓN, LA ESTRADA Y OTRAS. RENOVACIÓN CAPA DE RODADURA",,189041.83,189041.83
2023,X08,Mantenimiento urbano,COLONIA MIRASIERRA. OBRAS DE REMODELACIÓN Y RENOVACIÓN URBANA,,109163.39,109163.39
2023,X08,Mantenimiento urbano,CALLE MIRADOR DE LA REINA CON CALLE ARROYO DEL MONTE. OBRAS DE ADECUACIÓN VIALES,,40738.21,40738.21
2023,X08,Mantenimiento urbano,PASOS DE CEBRA EN CALLE FERMÍN CABALLERO-PEÑAGRANDE. ADECUACIÓN INTEGRAL (ID 19: 10283),,6547.0,6546.5
2023,X08,Mantenimiento urbano,CALLE SINESIO DELGADO. PAVIMENTACIÓN Y MEJORA DE ACERAS,,296510.12,224627.39
2023,X08,Mantenimiento urbano,"CALLES ISLA DE JAVA, JULIO PALACIOS, CHANTADA Y OTRAS. RENOVACIÓN DE PAVIMENTOS EN CALZADAS",,838090.88,838090.88
2023,X08,Mantenimiento urbano,AVENIDA CAMINO DE SANTIAGO Y OTRAS DISTRITO DE FUENCARRAL-EL PARDO. RENOVACIÓN PAVIMENTOS CALZADAS,,887395.31,887395.31
2023,X08,Mantenimiento urbano,CALLE FERMÍN CABALLERO Y OTRAS DISTRITO FUENCARRAL-EL PARDO. RENOVACIÓN PAVIMENTOS EN CALZADAS,,483190.49,483190.48
2023,X08,Mantenimiento urbano,"C/SAN CUGAT DEL VALLÉS, BADALONA, FINISTERRE Y PLAZA DE CIEZA. RENOVACIÓN DE PAVIMENTOS EN CALZADAS",,113737.39,113737.37
2023,X08,Mantenimiento urbano,"PLAN CAMINO ESCOLAR SEGURO C/ BRAILLE, CUEVA DE MONTESINOS Y OTRAS. ADECUACIÓN VÍAS PÚBLICAS",,61593.41,
2023,X08,Mantenimiento urbano,"CASCO HISTÓRICO DE FUENCARRAL. INTEGRACIÓN ESPACIOS ENTRE PLAZAS BAILE, ISLAS AZORES Y OTRAS",,183878.67,183878.67
2023,X08,Mantenimiento urbano,CASCO HISTÓRICO DE EL PARDO. OBRAS DE MEJORA Y RENOVACIÓN DE ACERAS Y VÍAS PEATONALES,,1457951.07,1451122.42
2023,X08,Mantenimiento urbano,"ACERAS DEL BARRIO DEL PILAR, C/MONFORTE DE LEMOS. ADECUACIÓN (ID 20: 16023)",,1021697.25,1021248.71
2023,X08,Mantenimiento urbano,AVENIDA DE LA GUARDIA. RENOVACIÓN DE PAVIMENTOS Y ACONDICIONAMIENTO ACERADOS,,235160.01,232371.13
2023,X08,Mantenimiento urbano,CALLE DE CARLOS BRAVO. RENOVACIÓN DE PAVIMENTOS Y ACONDICIONAMIENTO ACERADOS,,654622.87,646711.46
2023,X08,Mantenimiento urbano,CALLE DE SINESIO DELGADO. RENOVACIÓN DE PAVIMENTOS Y ACONDICIONAMIENTO ACERADOS,,214032.54,195316.21
2023,X08,Mantenimiento urbano,CAMINOS ESCOLARES SEGUROS CALLE SOPELANA. ADECUACIÓN VIALES,,49330.26,12084.2
2023,X08,Mantenimiento urbano,"CAMINOS ESCOLARES SEGUROS CALLES MASÓ, RODA DE BARÁ Y OTRAS. ADECUACIÓN VIALES",,528865.46,485714.85
2023,X08,Mantenimiento urbano,TÚNEL VENTISQUERO DE LA CONDESA. ACONDICIONAMIENTO DE INSTALACIONES Y MEDIDAS DE SEGURIDAD,,1349.68,
2023,X08,Mantenimiento urbano,ALUMBRADO PASO INFERIOR ENTRE C/ ANTONIO CABEZÓN Y AVDA. SANTO DOMINGO CALZADA. TECNOLOGÍA LED,,688.15,
2023,X08,Mantenimiento urbano,VÍAS PÚBLICAS DEL DISTRITO DE FUENCARRAL-EL PARDO. OBRAS DE REMODELACIÓN Y CONSERVACIÓN,,117768.13,114212.71
2023,X08,Mantenimiento urbano,"VÍAS Y ESPACIOS PÚBLICOS ÁMBITO BEGOÑA, DISTRITO FUENCARRAL-EL PARDO. REMODELACIÓN",,181000.0,
2023,X08,Mantenimiento urbano,CALLE DE BRAILLE. SUPRESIÓN DE BARRERAS ARQUITECTÓNICAS,,20000.0,9229.44
2023,X08,Mantenimiento urbano,ZONA VERDE C/ AFUERAS A VALVERDE. INSTALACIÓN DE ELEMENTOS BIOSALUDABLES,,168.06,91.9
2023,X09,Medio ambiente,,,1186837.18,937433.46
2023,X09,Medio ambiente,ZONAS VERDES Y VIALES CASCO URBANO DE EL PARDO. REHABILITACIÓN,,614844.0,600860.95
2023,X09,Medio ambiente,ENERGÍAS RENOVABLES. INSTALACIÓN FOTOVOLTAICA EN COMPLEJO LA VAGUADA,,103200.56,102748.15
2023,X09,Medio ambiente,CANTONES DE LIMPIEZA DEL DISTRITO DE FUENCARRAL-EL PARDO. ACOMETIDAS DE AGUA REGENERADA,,116484.2,
2023,X09,Medio ambiente,FUENTES BEBEDERO EN EL DISTRITO FUENCARRAL-EL PARDO. INSTALACIÓN,,2982.21,2982.21
2023,X09,Medio ambiente,PLANTACIONES ARBÓREAS EN PARQUES DISTRITO DE FUENCARRAL-EL PARDO. MEJORA ESTÉTICA Y MEDIO AMBIENTAL,,63011.79,62580.52
2023,X09,Medio ambiente,PARQUE DE BEGOÑA. ACONDICIONAMIENTO (PLAN INTEGRAL BARRIO DE BEGOÑA),,3021.91,
2023,X09,Medio ambiente,ZONAS AJARDINADAS ENTORNO DEPORTIVO BÁSICO VEREDA DE GANAPANES. ACONDICIONAMIENTO,,51042.55,50420.48
2023,X09,Medio ambiente,ZONAS AJARDINADAS DISTRITO FUENCARRAL-EL PARDO. ACONDICIONAMIENTO,,3.66,
2023,X09,Medio ambiente,"ZONA VERDE EN C/ MONFORTE DE LEMOS, 180. ADECUACIÓN DE ÁREA CANINA",,96826.51,96795.56
2023,X09,Medio ambiente,ZONAS AJARDINADAS DISTRITO FUENCARRAL EL PARDO. ACONDICIONAMIENTO,,26551.87,
2023,X09,Medio ambiente,ZONAS VERDES EN EL BARRIO DE TRES OLIVOS. INSTALACIÓN DE JUEGOS INFANTILES,,30000.0,18132.67
2023,X09,Medio ambiente,"ZONA VERDE EN LA AVENIDA MONFORTE DE LEMOS, 180. ADECUACIÓN ZONA INFANTIL",,2912.92,2912.92
2023,X09,Medio ambiente,ZONAS VERDES PLAZAS INTERIORES DEL BARRIO DEL PILAR. OBRAS DE ACONDICIONAMIENTO Y MOBILIARIO,,75955.0,
2023,X03,Protección y promoción social,,,3583998.38,3322481.84
2023,X03,Protección y promoción social,EQUIPAMIENTO ESPACIO DE IGUALDAD LUCRECIA PÉREZ,,372.73,372.73
2023,X03,Protección y promoción social,CENTRO DE MAYORES MIRASIERRA. CONSTRUCCIÓN,,3175210.25,3173059.87
2023,X03,Protección y promoción social,CENTRO ACOGIDA PARA FAMILIAS INMIGRANTES SAN ROQUE. ADECUACIÓN MURO DE CONTENCIÓN,,10601.22,10381.92
2023,X03,Protección y promoción social,EQUIPAMIENTO CENTRO DE MAYORES ALFONSO XII,,2546.78,2546.78
2023,X03,Protección y promoción social,EQUIPAMIENTO CENTRO DE MAYORES ISLAS JARVI,,864.79,864.79
2023,X03,Protección y promoción social,EQUIPAMIENTO CENTRO DE MAYORES PEÑAGRANDE,,8256.55,8256.55
2023,X03,Protección y promoción social,EQUIPAMIENTO CENTRO DE MAYORES LA VAGUADA,,13410.67,13410.67
2023,X03,Protección y promoción social,EQUIPAMIENTO CENTRO DE MAYORES VOCAL VECINO JUSTO SIERRA,,8487.89,8487.89
2023,X03,Protección y promoción social,EQUIPAMIENTO CENTROS DE MAYORES DISTRITO FUENCARRAL EL PARDO,,10684.3,
2023,X03,Protección y promoción social,CENTROS DE MAYORES DEL DISTRITO DE FUENCARRAL-EL PARDO. ORDENADORES PORTÁTILES,,3388.0,
2023,X03,Protección y promoción social,DIVERSOS CENTROS DE MAYORES DEL DISTRITO DE FUENCARRAL-EL PARDO. OBRAS DE MEJORA,,66087.73,66074.42
2023,X03,Protección y promoción social,CENTRO DE DÍA FRAY LUIS DE LEÓN. REPARACIÓN DE HUMEDADES Y SISTEMA DE SEGURIDAD,,49453.06,39026.22
2023,X03,Protección y promoción social,CENTRO DE MAYORES PEÑAGRANDE. OBRAS DE MEJORA Y ADAPTACIÓN A NORMATIVA,,59884.41,
2023,X03,Protección y promoción social,CENTRO DE SERVICIOS SOCIALES BADALONA. OBRAS DE MEJORA DE ACCESIBILIDAD,,118700.0,
2023,X03,Protección y promoción social,CENTRO DE SERVICIOS SOCIALES SAN VICENTE DE PAUL. OBRAS DE MEJORA DE ACCESIBILIDAD,,56050.0,
2023,X05,Educación,,,291203.87,185730.19
2023,X05,Educación,VARIOS COLEGIOS PÚBLICOS FUENCARRAL-EL PARDO. ADAPTACIÓN A NORMATIVA ELÉCTRICA Y DE SEGURIDAD,,11599.89,11599.89
2023,X05,Educación,COLEGIO PÚBLICO BREOGÁN. OBRAS DE CONSERVACIÓN,,235.29,172.09
2023,X05,Educación,COLEGIO PÚBLICO LORENZO LUZURIAGA. SUSTITUCIÓN DE CALDERA Y SANEAMIENTO,,268.91,172.23
2023,X05,Educación,CENTRO DE EDUCACIÓN DE PERSONAS ADULTAS JOSÉ LUIS SAMPEDRO. OBRAS EN ASEOS Y SANEAMIENTOS,,117.65,75.32
2023,X05,Educación,"COLEGIO PÚBLICO GABRIELA MISTRAL. PLACAS SOLARES, ACONDICIONAMIENTO PATIOS Y ZONA VALLADO",,64796.71,64521.04
2023,X05,Educación,"COLEGIO PÚBLICO MIRASIERRA. OBRAS DE ADAPTACIÓN A NORMATIVA, MEJORA DE PATIOS E ILUMINACIÓN",,403.36,
2023,X05,Educación,COLEGIO PÚBLICO ENRIQUE GRANADOS. OBRAS DE REPARACIÓN MURO MEDIANERO,,67.24,50.08
2023,X05,Educación,COLEGIO PÚBLICO FEDERICO GARCÍA LORCA. OBRAS DE REPARACIÓN DE PATIO,,100.85,74.14
2023,X05,Educación,OBRAS DE CONSERVACIÓN DE CENTROS DOCENTES DE ENSEÑANAZA DISTRITO FUENCARRAL-EL PARDO,,673.91,
2023,X05,Educación,COLEGIO PÚBLICO JORGE GUILLÉN. OBRAS SUBSANACIÓN DEFICIENCIAS INSPECCIÓN TÉCNICA DE EDIFICIOS,,56756.39,56756.39
2023,X05,Educación,COLEGIO PÚBLICO PRÍNCIPE DE ASTURIAS. RENOVACIÓN DE TUBERÍAS PARA DISTRIBUCIÓN DE AGUA,,28597.99,24913.54
2023,X05,Educación,COLEGIO PÚBLICO JOSEP TARRADELLAS. ADECUACIÓN DE LA INSTALACIÓN ELÉCTRICA,,23672.14,21903.96
2023,X05,Educación,COLEGIO PÚBLICO JOSÉ BERGAMÍN. RENOVACIÓN DE TUBERÍAS PARA DISTRIBUCIÓN DE AGUA,,13914.27,5491.51
2023,X05,Educación,CENTROS DOCENTES DISTRITO FUENCARRAL-EL PARDO. OBRAS INSTALACIÓN ALARMAS ANTI-INTRUSIÓN,,89999.27,
2023,X00,Inversiones de carácter general,,,202943.74,132941.39
2023,X00,Inversiones de carácter general,EQUIPAMIENTO SERVCIOS ADMINISTRATIVOS DISTRITO DE FUENCARRAL - EL PARDO,,2588.19,2588.19
2023,X00,Inversiones de carácter general,EQUIPAMIENTO SERVICIOS ADMINISTRATIVOS DISTRITO DE FUENCARRAL-EL PARDO,,5391.29,4989.44
2023,X00,Inversiones de carácter general,OBRAS DE CONSERVACION EDIFICIOS DISTRITO FUENCARRAL-EL PARDO,,16393.0,
2023,X00,Inversiones de carácter general,SEDE DISTRITO DE FUENCARRAL-EL PARDO. ACONDICIONAMIENTO DE SÓTANO Y OBRAS DE INSTALACIÓN CALDERA,,73584.45,49477.94
2023,X00,Inversiones de carácter general,OBRAS DE CONSERVACIÓN DE EDIFICIOS DEL DISTRITO DE FUENCARRAL-EL PARDO,,6778.91,
2023,X00,Inversiones de carácter general,"EDIFICIO C/ VIRGEN DE ARÁNZAZU, 5. ADECUACIÓN DE CALDERA",,98207.9,75885.82
2023,X13,Otros bienes públicos de carácter económico,,,59994.48,38411.91
2023,X13,Otros bienes públicos de carácter económico,CENTRO DE INNOVACIÓN TECNOLÓGICA FUENCARRAL-EL PARDO. ACONDICIONAMIENTO ESPACIOS INTERIORES,,59994.48,38411.91
2023,X04,Salud pública,,,6795.02,6795.02
2023,X04,Salud pública,CMSc CENTRO MUNICIPAL DE SALUD COMUNITARIA DE FUENCARRAL. INSTALACIONES TÉCNICAS,,6048.45,6048.45
2023,X04,Salud pública,CMSc CENTRO MUNICIPAL DE SALUD COMUNITARIA DE FUENCARRAL. SEÑALIZACIÓN,,746.57,746.57
2024,X01,Protección Civil y seguridad ciudadana,,,3503042.02,3115516.31
2024,X01,Protección Civil y seguridad ciudadana,"PARQUE DE BOMBEROS Nº 9. OBRAS REFORMA Y AMPLIACIÓN EN SÓTANO, EDIFICIO GIMNASIO Y COCHERAS TRASERAS",,3018378.58,2660755.6
2024,X01,Protección Civil y seguridad ciudadana,"PARQUE DE BOMBEROS NÚMERO 9, EDIFICIO OESTE. OBRAS DE REFORMA Y AMPLIACIÓN",,400000.0,399999.9
2024,X01,Protección Civil y seguridad ciudadana,PARQUE DE BOMBEROS Nº 9 DISTRITO DE FUENCARRAL-EL PARDO. OTRO MOBILIARIO Y ENSERES,,77623.82,47721.19
2024,X01,Protección Civil y seguridad ciudadana,"EQUIPAMIENTO GIMNASIO PARQUE BOMBEROS NÚMERO 9, DISTRITO FUENCARRAL-EL PARDO",,7039.62,7039.62
2024,X12,Otros bienes públicos de carácter social,,,482741.3,449823.8
2024,X12,Otros bienes públicos de carácter social,EQUIPAMIENTO OFICINA DE ATENCIÓN AL CIUDADANO LÍNEA MADRID DE FUENCARRAL-EL PARDO,,15478.19,65.0
2024,X12,Otros bienes públicos de carácter social,OFICINA DE ATENCIÓN A LA CIUDADANÍA LÍNEA MADRID DE FUENCARRAL-EL PARDO. SEÑALIZACIÓN,,7132.95,7132.95
2024,X12,Otros bienes públicos de carácter social,"INMUEBLE EN PLAZA DEL PARDO, 2 - BAJO B. ADQUISICIÓN",,251290.0,246290.0
2024,X12,Otros bienes públicos de carácter social,EDIFICIO SEDE DISTRITO FUENCARRAL-EL PARDO. OBRAS DE ADECUACIÓN DE ESPACIOS LÍNEA MADRID,,208840.16,196335.85
2024,X10,Cultura,,,3384315.88,2590742.51
2024,X10,Cultura,CENTRO CULTURAL Y BIBLIOTECA EN MONTECARMELO. CONSTRUCCIÓN,,3340714.46,2549588.62
2024,X10,Cultura,CENTRO CULTURAL Y BIBLIOTECA EN LAS TABLAS. CONSTRUCCIÓN,,7793.01,7793.01
2024,X10,Cultura,EQUIPAMIENTO CENTROS CULTURALES DEL DISTRITO DE FUENCARRAL-EL PARDO,,2447.53,
2024,X10,Cultura,CENTRO SOCIOCULTURAL ALFONSO XII. ACONDICIONAMIENTO INSTALACIÓN CLIMATIZACIÓN,,16379.81,16379.81
2024,X10,Cultura,EQUIPAMIENTO CENTRO SOCIOCULTURAL RAFAEL DE LEÓN,,1784.75,1784.75
2024,X10,Cultura,BIBLIOTECA PÚBLICA JOSÉ SARAMAGO. INSTALACIONES DE SEGURIDAD,,4428.6,4428.6
2024,X10,Cultura,EQUIPAMIENTO DEL CENTRO CULTURAL LA VAGUADA,,8428.79,8428.79
2024,X10,Cultura,EQUIPAMIENTO DEL CENTRO CULTURAL ALFREDO KRAUS,,2338.93,2338.93
2024,X11,"Deportes, juventud y esparcimiento",,,3949274.59,3825655.52
2024,X11,"Deportes, juventud y esparcimiento",OBRAS DE MEJORA Y ACONDICIONAMIENTO INSTALACIONES DEPORTIVAS DISTRITO FUENCARRAL-EL PARDO,,2695.17,
2024,X11,"Deportes, juventud y esparcimiento",DEPORTIVO BÁSICO RAMÓN GÓMEZ DE LA SERNA. OBRAS DE ADECUACIÓN A NORMATIVA DE INSTALACIÓN ELÉCTRICA,,2766.96,2766.96
2024,X11,"Deportes, juventud y esparcimiento","CENTRO DEPORTIVO LA MASÓ, COLONIA MIRASIERRA. OBRAS DE MEJORA Y AMPLIACIÓN (ID 19: 10541)",,112876.03,104376.0
2024,X11,"Deportes, juventud y esparcimiento",EQUIPAMIENTO CENTROS DEPORTIVOS DEL DISTRITO DE FUENCARRAL-EL PARDO,,19773.6,
2024,X11,"Deportes, juventud y esparcimiento",OBRAS DE CONSERVACIÓN Y MEJORA INSTALACIONES DEPORTIVAS DISTRITO DE FUENCARRAL-EL PARDO,,1503.05,
2024,X11,"Deportes, juventud y esparcimiento",EQUIPAMIENTO CENTRO JUVENIL EL PARDO,,3809.9,2290.14
2024,X11,"Deportes, juventud y esparcimiento",EQUIPAMIENTO CENTRO JUVENIL HONTALBILLA,,10681.68,5195.54
2024,X11,"Deportes, juventud y esparcimiento",EQUIPAMIENTO CENTRO DEPORTIVO LA MASÓ,,15070.27,15070.27
2024,X11,"Deportes, juventud y esparcimiento",CENTRO DEPORTIVO TRES OLIVOS. ADECUACIÓN CAMPO DE RUGBY (ID 17: 1605),,15675.55,15675.55
2024,X11,"Deportes, juventud y esparcimiento",CENTRO DEPORTIVO MUNICIPAL VICENTE DEL BOSQUE. REFORMA INTEGRAL,,1823223.1,1818967.09
2024,X11,"Deportes, juventud y esparcimiento",DEPORTIVO BÁSICO MINGORRUBIO. ADECUACIÓN ESPACIOS PARA VESTUARIOS,,12464.67,12464.67
2024,X11,"Deportes, juventud y esparcimiento",CENTRO DEPORTIVO SANTA ANA. OBRAS DE SUBSANACIÓN DE PATOLOGÍAS EN PISCINA,,786143.89,786033.77
2024,X11,"Deportes, juventud y esparcimiento",CENTRO DEPORTIVO LA MASÓ. OBRAS DE ADECUACIÓN DE LA INSTALACIÓN ELÉCTRICA,,10540.29,10447.98
2024,X11,"Deportes, juventud y esparcimiento",CENTRO DEPORTIVO MARÍA JESÚS ROSA. OBRAS DE ADECUACIÓN DE LA INSTALACIÓN ELÉCTRICA,,8156.69,4857.37
2024,X11,"Deportes, juventud y esparcimiento",CENTRO DEPORTIVO SANTA ANA. OBRAS DE ADECUACIÓN DE LA INSTALACIÓN ELÉCTRICA,,11124.1,6871.62
2024,X11,"Deportes, juventud y esparcimiento",DEPORTIVO BÁSICO LAS TABLAS. CUBRICIÓN PISTAS (HOCKEY Y BALONCESTO) Y OTRAS MEJORAS (ID 21: 17892),,600000.0,595539.09
2024,X11,"Deportes, juventud y esparcimiento",PISTAS DEPORTIVAS EN TRES OLIVOS. CONSTRUCCIÓN (ID 21: 19289),,500000.0,432329.83
2024,X11,"Deportes, juventud y esparcimiento",EQUIPAMIENTO DEPORTIVO BÁSICO BARRIO DE SANTA ANA - ANDRÉS NAVARRETE,,12769.64,12769.64
2024,X06,Urbanismo,,,9792692.17,8778773.78
2024,X06,Urbanismo,ADQUISICIÓN SUELO JUNTA COMPENSACIÓN API 08.02 POLÍGONO A DE PEÑAGRANDE,,453779.09,
2024,X06,Urbanismo,"DEMOLICIÓN DE LA EDIFICACIÓN EN LA PARCELA DE LA C/ MARÍA ISABEL NAVARRO, 10",,16697.57,16260.19
2024,X06,Urbanismo,CUÑA ARROYO DEL FRESNO. EJECUCIÓN DE BOSQUE METROPOLITANO,,665451.43,665163.69
2024,X06,Urbanismo,ÁMBITO CAMINO DE LA QUINTA. OBRAS DE RENATURALIZACIÓN,,482014.93,481911.66
2024,X06,Urbanismo,"C/ ISLAS DE CABO VERDE, 2. OBRAS ACCESORIAS DE URBANIZACIÓN",,57851.24,
2024,X06,Urbanismo,LATERAL SUR DE LA AVENIDA DE LA ILUSTRACIÓN. OBRAS DE REMODELACIÓN,,1922256.0,1922255.27
2024,X06,Urbanismo,PARCELA PATRIMONIO MUNICIPAL SUELO C/ LILÍ ÁLVAREZ. RENATURALIZACIÓN,,256739.53,256739.53
2024,X06,Urbanismo,"DEMOLICIÓN DE LA EDIFICACIÓN EN LA PARCELA DE LA CALLE FAUSTINA MENA, 4",,10882.11,10882.11
2024,X06,Urbanismo,"DEMOLICIÓN DE LA EDIFICACIÓN EN LA PARCELA DE LA CALLE FAUSTINA MENA, 6",,5356.71,5356.71
2024,X06,Urbanismo,"ADQUISICIÓN DE SUELO EN LA CALLE GUARDIA CIVIL, 2",,500000.0,
2024,X06,Urbanismo,ADQUISICIÓN DE SUELO APE 08.07 CASCO DE FUENCARRAL,,5409391.24,5409391.24
2024,X06,Urbanismo,"ÁREA REHABILITACIÓN SANTA ANA, FUENCARRAL. REGENERACIÓN Y RENOVACIÓN URBANA",,821.83,
2024,X06,Urbanismo,"AVENIDA CARDENAL HERRERA ORIA, 318. OBRAS ACCESORIAS DE URBANIZACIÓN",,11450.49,10813.38
2024,X07,Infraestructuras,,,349269.23,117685.94
2024,X07,Infraestructuras,PANTALLAS ACÚSTICAS EN INFRAESTRUCTURAS DE MOVILIDAD. INSTALACIÓN EN EL DISTRITO FUENCARRAL-EL PARDO,,68776.6,68158.6
2024,X07,Infraestructuras,PLATAFORMA AUTOBÚS DE TRÁNSITO PRIORITARIO VALDEBEBAS - HOSPITAL RAMÓN Y CAJAL. CONSTRUCCIÓN,,280492.63,49527.34
2024,X08,Mantenimiento urbano,,,6509447.51,5939384.27
2024,X08,Mantenimiento urbano,"CALLES ISLA PALAOS, MASÓ, MORALZARZAL, MONASTERIOS SUSO Y YUSO Y OTRAS. REHABILITACIÓN CALZADAS",,190520.84,190520.84
2024,X08,Mantenimiento urbano,CALLE SINESIO DELGADO. PAVIMENTACIÓN Y MEJORA DE ACERAS,,81895.44,81895.44
2024,X08,Mantenimiento urbano,"PLAN CAMINO ESCOLAR SEGURO C/ BRAILLE, CUEVA DE MONTESINOS Y OTRAS. ADECUACIÓN VÍAS PÚBLICAS",,63409.63,63409.63
2024,X08,Mantenimiento urbano,CASCO HISTÓRICO DE EL PARDO. OBRAS DE MEJORA Y RENOVACIÓN DE ACERAS Y VÍAS PEATONALES,,422502.8,422502.8
2024,X08,Mantenimiento urbano,CALLE DE SINESIO DELGADO. RENOVACIÓN DE PAVIMENTOS Y ACONDICIONAMIENTO ACERADOS,,23153.34,23153.34
2024,X08,Mantenimiento urbano,CAMINOS ESCOLARES SEGUROS CALLE SOPELANA. ADECUACIÓN VIALES,,11012.89,11012.89
2024,X08,Mantenimiento urbano,"CAMINOS ESCOLARES SEGUROS CALLES MASÓ, RODA DE BARÁ Y OTRAS. ADECUACIÓN VIALES",,76319.62,76319.62
2024,X08,Mantenimiento urbano,VÍAS PÚBLICAS DEL DISTRITO DE FUENCARRAL-EL PARDO. OBRAS DE REMODELACIÓN Y CONSERVACIÓN,,14954.37,14940.82
2024,X08,Mantenimiento urbano,CASCO HISTÓRICO DE EL PARDO. OBRAS DE RENOVACIÓN Y REGENERACIÓN EN CALLE MIRA EL RIO Y OTRAS,,100000.01,100000.0
2024,X08,Mantenimiento urbano,"CAMINO FUENCARRAL,ALBERCA,FRESNEDILLAS,NAVALUENGA,SIGUERO,SOTOMONTES Y OTRAS. MEJORA BASE PAVIMENTO",,59372.2,59372.2
2024,X08,Mantenimiento urbano,POLÍGONO INDUSTRIAL HERRERA ORIA. OBRAS DE PAVIMENTACIÓN Y MEJORAS,,1318246.15,1318246.15
2024,X08,Mantenimiento urbano,CALLE CAMBRILS Y OTRAS. MEJORA DE LAS CONDICIONES DE RODADURA,,1296101.32,1218949.44
2024,X08,Mantenimiento urbano,"TECNOLOGÍA LED, SOPORTES Y LUMINARIAS C/ SINESIO DELGADO Y OTRAS,  FUENCARRAL-EL PARDO. INSTALACIÓN",,249592.17,249575.96
2024,X08,Mantenimiento urbano,PUENTE DE LOS CAPUCHINOS SOBRE EL RÍO MANZANARES. OBRAS DE ACONDICIONAMIENTO,,667502.16,264488.57
2024,X08,Mantenimiento urbano,CALLE BRAILLE. OBRAS DE ACONDICIONAMIENTO DE LOS ACERADOS,,504853.04,450209.75
2024,X08,Mantenimiento urbano,"CALLE NURIA, 24 A 38. ADECUACIÓN DE VIALES Y MEJORA DE LA ACCESIBILIDAD",,830512.25,830508.81
2024,X08,Mantenimiento urbano,"PLAZA DOCTOR BARRAQUER, BARRIO PEÑAGRANDE.REHABILITACIÓN ESPACIOS Y ACONDICIONAMIENTO (ID 21: 19216)",,500000.0,480004.12
2024,X08,Mantenimiento urbano,VÍAS PÚBLICAS DEL DISTRITO DE FUENCARRAL-EL PARDO. OBRAS DE REMODELACIÓN Y MEJORA,,12836.58,
2024,X08,Mantenimiento urbano,PLAZAS INTERIORES DEL BARRIO DEL PILAR. ACONDICIONAMIENTO Y MOBILIARIO,,86662.7,84273.89
2024,X09,Medio ambiente,,,1980750.36,1077087.8
2024,X09,Medio ambiente,CANTONES DE LIMPIEZA DEL DISTRITO DE FUENCARRAL-EL PARDO. ACOMETIDAS DE AGUA REGENERADA,,417253.97,55990.03
2024,X09,Medio ambiente,FUENTES BEBEDERO EN EL DISTRITO FUENCARRAL-EL PARDO. INSTALACIÓN,,53466.34,53459.95
2024,X09,Medio ambiente,PLANTACIONES ARBÓREAS EN PARQUES DISTRITO DE FUENCARRAL-EL PARDO. MEJORA ESTÉTICA Y MEDIO AMBIENTAL,,241.23,241.23
2024,X09,Medio ambiente,ZONAS VERDES PLAZAS INTERIORES DEL BARRIO DEL PILAR. OBRAS DE ACONDICIONAMIENTO Y MOBILIARIO,,27270.3,27072.42
2024,X09,Medio ambiente,MARGEN IZQUIERDA DEL RÍO MANZANARES A LA ALTURA DE LA C/ADELINA PATTI. OBRAS DE REGENERACIÓN,,60868.98,
2024,X09,Medio ambiente,DEPÓSITOS DE AGUAS FREÁTICAS PARQUE NORTE Y PARQUE DE LA VAGUADA. OBRAS DE REHABILITACIÓN INTEGRAL,,31072.98,31072.98
2024,X09,Medio ambiente,ZONA FORESTAL MONTECARMELO: M-607 KM.13-GTA.VENTISQUERO DE LA CONDESA.REHABILITACIÓN (ID 21: 17548),,22000.0,21980.97
2024,X09,Medio ambiente,DEPÓSITO DE AGUA REGENERADA DE ARROYO DEL FRESNO. OBRAS DE REHABILITACIÓN Y MEJORA,,10940.0,10048.88
2024,X09,Medio ambiente,REPOBLACIÓN CON ESPECIES ARBÓREAS FORESTALES EN DIVERSAS PARCELAS DEL DISTRITO FUENCARRAL-EL PARDO,,2180.3,2180.3
2024,X09,Medio ambiente,HUERTO URBANO ECOLÓGICO EN EL DISTRITO DE FUENCARRAL-EL PARDO. ADECUACIÓN,,1882.26,1882.26
2024,X09,Medio ambiente,PARQUE FORESTAL MONTECARMELO. PLANTACIONES ARBÓREAS,,638409.39,435606.84
2024,X09,Medio ambiente,ZONAS VERDES AVENIDA SANTUARIO DE VALVERDE. PLANTACIONES ARBÓREAS,,615059.74,338307.96
2024,X09,Medio ambiente,ZONAS AJARDINADAS DEL DISTRITO DE FUENCARRAL-EL PARDO. OBRAS DE ACONDICIONAMIENTO,,104.87,
2024,X09,Medio ambiente,PARQUE CALLE RAMÓN GÓMEZ DE LA SERNA. OBRAS DE REHABILITACIÓN (ID 21: 19176),,100000.0,99243.98
2024,X03,Protección y promoción social,,,968264.78,718785.75
2024,X03,Protección y promoción social,CENTRO ACOGIDA PARA FAMILIAS INMIGRANTES SAN ROQUE. ADECUACIÓN MURO DE CONTENCIÓN,,252238.21,252078.97
2024,X03,Protección y promoción social,CENTRO DE DÍA FRAY LUIS DE LEÓN. REPARACIÓN DE HUMEDADES Y SISTEMA DE SEGURIDAD,,98.39,98.39
2024,X03,Protección y promoción social,CENTRO DE MAYORES PEÑAGRANDE. OBRAS DE MEJORA Y ADAPTACIÓN A NORMATIVA,,59884.41,55018.78
2024,X03,Protección y promoción social,CENTRO DE SERVICIOS SOCIALES BADALONA. OBRAS DE MEJORA DE ACCESIBILIDAD,,129200.34,124658.67
2024,X03,Protección y promoción social,CENTRO DE SERVICIOS SOCIALES SAN VICENTE DE PAUL. OBRAS DE MEJORA DE ACCESIBILIDAD,,67492.29,63938.07
2024,X03,Protección y promoción social,"NUEVO CENTRO DE MAYORES MIRASIERRA. SEÑALIZACIÓN, MOBILIARIO Y OTRO EQUIPAMIENTO",,459351.14,222992.87
2024,X05,Educación,,,2362403.76,2060747.2
2024,X05,Educación,CENTROS DOCENTES DISTRITO FUENCARRAL-EL PARDO. OBRAS INSTALACIÓN ALARMAS ANTI-INTRUSIÓN,,89999.27,
2024,X05,Educación,EQUIPAMIENTO ESCUELA DE MÚSICA CARMELO ALONSO BERNAOLA,,3185.0,2881.93
2024,X05,Educación,EQUIPAMIENTO ESCUELA INFANTIL LA CORTE DEL FARAÓN,,474.32,265.44
2024,X05,Educación,EQUIPAMIENTO ESCUELA INFANTIL POETA GLORIA FUERTES,,948.64,530.86
2024,X05,Educación,ESCUELA INFANTIL LA CORTE DEL FARAÓN. OTRO MOBILIARIO Y ENSERES,,2075.15,2075.15
2024,X05,Educación,ESCUELA INFANTIL EL FRESNO. ADECUACIÓN DE CLIMATIZACIÓN Y REPARACIÓN DE HUMEDADES,,202225.73,160839.33
2024,X05,Educación,ESCUELA INFANTIL POETA GLORIA FUERTES. ADECUACIÓN DE CLIMATIZACIÓN Y REPARACIÓN DE HUMEDADES,,362030.05,333378.92
2024,X05,Educación,ESCUELA INFANTIL EL FRESNO. OBRAS DE CONSERVACIÓN Y MEJORA DE CANCELAS METÁLICAS,,2852.13,2852.13
2024,X05,Educación,COLEGIO PÚBLICO VASCO NÚÑEZ DE BALBOA. OBRAS DE CONSERVACIÓN Y MEJORA DE CANCELAS METÁLICAS,,8613.47,8613.47
2024,X05,Educación,CENTROS DOCENTES DISTRITO FUENCARRAL-EL PARDO. OBRAS DE REPARACIÓN Y EFICIENCIA ENERGÉTICA,,1067.6,
2024,X05,Educación,ESCUELA INFANTIL LA CORTE DEL FARAÓN. REPARACIÓN CLIMATIZACIÓN Y OTRAS PARA EFICIENCIA ENERGÉTICA,,118462.75,116353.32
2024,X05,Educación,COLEGIO PÚBLICO REPÚBLICA DEL PARAGUAY. ADECUACIÓN DE CALDERA,,119992.7,119806.24
2024,X05,Educación,CENTROS DOCENTES DISTRITO FUENCARRAL-EL PARDO. ADECUACIÓN ALARMAS ANTI-INTRUSIÓN A GRADO 2,,65363.66,65363.66
2024,X05,Educación,COLEGIO PÚBLICO MIRASIERRA. OBRAS DE ADECUACIÓN PATIOS Y MEJORA ACCESIBILIDAD,,249999.99,240286.09
2024,X05,Educación,COLEGIO PÚBLICO JORGE GUILLÉN. ADAPTACIÓN AULAS INFANTIL Y PRIMARIA E IMPLANTECIÓN TECNOLOGÍA  LED,,35723.98,34427.55
2024,X05,Educación,ESCUELA INFANTIL LA ROSA DEL AZAFRÁN. OBRAS DE ADECUACIÓN PUERTAS,,9541.85,9397.78
2024,X05,Educación,COLEGIO PÚBLICO PRÍNCIPE FELIPE. REPARACIÓN DE CUBIERTA Y LÍNEA DE VIDA,,99847.47,99683.51
2024,X05,Educación,CENTROS DOCENTES DISTRITO FUENCARRAL-EL PARDO. SUBSANACIÓN DEFICIENCIAS PROTECCIÓN INCENDIOS,,330000.0,281006.86
2024,X05,Educación,CENTROS DOCENTES DISTRITO FUENCARRAL-EL PARDO. COLOCACIÓN LÍNEAS VIDA MANTENIMIENTO CUBIERTA,,300000.0,264942.97
2024,X05,Educación,ESCUELA INFANTIL ELENA FORTÚN. ADECUACIÓN CUBIERTA Y CLIMATIZACIÓN PARA MEJORA EFICIENCIA ENERGÉTICA,,360000.0,318041.99
2024,X00,Inversiones de carácter general,,,60049.44,55770.64
2024,X00,Inversiones de carácter general,SEDE DISTRITO DE FUENCARRAL-EL PARDO. ACONDICIONAMIENTO DE SÓTANO Y OBRAS DE INSTALACIÓN CALDERA,,20192.37,20192.37
2024,X00,Inversiones de carácter general,"EDIFICIO C/ VIRGEN DE ARÁNZAZU, 5. ADECUACIÓN DE CALDERA",,16948.48,16550.44
2024,X00,Inversiones de carácter general,EQUIPAMIENTO SERVICIOS ADMINISTRATIVOS DEL DISTRITO FUENCARRAL-EL PARDO,,4115.85,4115.85
2024,X00,Inversiones de carácter general,EDIFICIO SEDE DEL DISTRITO DE FUENCARRAL-EL PARDO. SEÑALÉTICA,,18000.0,14911.98
2024,X00,Inversiones de carácter general,OBRAS DE CONSERVACIÓN Y MEJORA DE EDIFICIOS DEL DISTRITO DE FUENCARRAL-EL PARDO,,792.74,
2024,X04,Salud pública,,,12616.7,11266.59
2024,X04,Salud pública,CMSc CENTRO MUNICIPAL DE SALUD COMUNITARIA DE FUENCARRAL. INSTALACIONES TÉCNICAS,,11252.28,9902.17
2024,X04,Salud pública,EQUIPAMIENTO CMSc CENTRO MUNICIPAL DE SALUD COMUNITARIA DE FUENCARRAL,,1364.42,1364.42
2025,X01,Protección Civil y seguridad ciudadana,,,2404591.99,2368493.24
2025,X01,Protección Civil y seguridad ciudadana,"PARQUE DE BOMBEROS Nº 9. OBRAS REFORMA Y AMPLIACIÓN EN SÓTANO, EDIFICIO GIMNASIO Y COCHERAS TRASERAS",,1002153.0,1000739.06
2025,X01,Protección Civil y seguridad ciudadana,"PARQUE DE BOMBEROS NÚMERO 9, EDIFICIO OESTE. OBRAS DE REFORMA Y AMPLIACIÓN",,1289172.0,1254487.2
2025,X01,Protección Civil y seguridad ciudadana,PARQUE DE BOMBEROS Nº 9 DISTRITO DE FUENCARRAL-EL PARDO. OTRO MOBILIARIO Y ENSERES,,68834.37,68834.37
2025,X01,Protección Civil y seguridad ciudadana,CAMPA DEL PARQUE DE BOMBEROS Nº 9. OBRAS DE INSTALACIÓN DE GRUPO ELECTRÓGENO,,14106.94,14106.94
2025,X01,Protección Civil y seguridad ciudadana,COMISARÍA INTEGRAL DISTRITO FUENCARRAL-EL PARDO. SEÑALIZACIÓN EXTERIOR,,30325.68,30325.67
2025,X12,Otros bienes públicos de carácter social,,,20144.88,19845.44
2025,X12,Otros bienes públicos de carácter social,EQUIPAMIENTO OFICINA DE ATENCIÓN AL CIUDADANO LÍNEA MADRID DE FUENCARRAL-EL PARDO,,15413.19,15413.19
2025,X12,Otros bienes públicos de carácter social,OFICINA DE ATENCIÓN A LA CIUDADANÍA LÍNEA MADRID DE FUENCARRAL-EL PARDO. SEÑALIZACIÓN,,1375.55,1375.55
2025,X12,Otros bienes públicos de carácter social,"INMUEBLE EN PLAZA DEL PARDO, 2 - BAJO B. ADQUISICIÓN",,1500.0,1200.56
2025,X12,Otros bienes públicos de carácter social,EQUIPAMIENTO OFICINA DE ATENCIÓN A LA CIUDADANÍA (OAC) FUENCARRAL-EL PARDO. LÍNEA MADRID,,1554.85,1554.85
2025,X12,Otros bienes públicos de carácter social,EQUIPAMIENTO OFICINA AUXILIAR DE ATENCIÓN A LA CIUDADANÍA EL PARDO. LÍNEA MADRID,,100.43,100.43
2025,X12,Otros bienes públicos de carácter social,EQUIPAMIENTO OFICINA DE APOYO EN LA ATENCIÓN A LA CIUDADANÍA (OAC) LAS TABLAS. LÍNEA MADRID,,200.86,200.86
2025,X10,Cultura,,,2254901.63,2141187.22
2025,X10,Cultura,CENTRO CULTURAL Y BIBLIOTECA EN MONTECARMELO. CONSTRUCCIÓN,,1842810.51,1804732.38
2025,X10,Cultura,CENTRO CULTURAL Y BIBLIOTECA EN LAS TABLAS. CONSTRUCCIÓN,,230542.62,172506.28
2025,X10,Cultura,EQUIPAMIENTO CENTROS CULTURALES DEL DISTRITO DE FUENCARRAL-EL PARDO,,1792.43,
2025,X10,Cultura,EQUIPAMIENTO CENTRO SOCIOCULTURAL MONTECARMELO,,2457.24,2457.24
2025,X10,Cultura,EQUIPAMIENTO CENTRO SOCIOCULTURAL RAFAEL DE LEÓN,,2517.11,2517.11
2025,X10,Cultura,EQUIPAMIENTO CENTRO SOCIOCULTURAL ALFONSO XII,,3401.69,3401.69
2025,X10,Cultura,EQUIPAMIENTO CENTRO SOCIOCULTURAL VALVERDE,,4212.98,4212.98
2025,X10,Cultura,EQUIPAMIENTO CENTRO CULTURAL ALFREDO KRAUS,,5618.55,5618.55
2025,X10,Cultura,"EQUIPAMIENTO BIBLIOTECA MUNICIPAL DE MONTECARMELO, AVENIDA MONASTERIO DEL ESCORIAL, 57",,12554.78,12554.78
2025,X10,Cultura,BIBLIOTECA PÚBLICA JOSÉ SARAMAGO. SEÑALÉTICA,,3636.05,2335.07
2025,X10,Cultura,CENTRO CULTURAL ALFREDO KRAUS. OBRAS DE REPARACIÓN DEL ELEVADOR Y MEJORAS ACCESIBILIDAD EN ASEOS,,23875.53,23875.53
2025,X10,Cultura,CENTRO CULTURAL LA VAGUADA. OBRAS DE INSTALACIÓN DE CORTINA DE AIRE EN ENTRADA,,4482.14,4438.25
2025,X10,Cultura,ESPACIOS PARA GRUPOS MUSICALES EN EL DISTRITO DE FUENCARRAL EL PARDO. ADECUACIÓN (ID 18: 10986),,117000.0,102537.36
2025,X11,"Deportes, juventud y esparcimiento",,,7824434.83,7504259.42
2025,X11,"Deportes, juventud y esparcimiento",CENTRO DEPORTIVO SANTA ANA. OBRAS ADAPTACIÓN NORMATIVA INSTALACIONES Y VENTILACIÓN,,3633.28,3633.28
2025,X11,"Deportes, juventud y esparcimiento",DEPORTIVO BÁSICO RAMÓN GÓMEZ DE LA SERNA. OBRAS DE ADECUACIÓN A NORMATIVA DE INSTALACIÓN ELÉCTRICA,,10274.19,10274.19
2025,X11,"Deportes, juventud y esparcimiento",EQUIPAMIENTO CENTROS DEPORTIVOS DEL DISTRITO DE FUENCARRAL-EL PARDO,,595.51,
2025,X11,"Deportes, juventud y esparcimiento",EQUIPAMIENTO CENTRO JUVENIL EL PARDO,,7825.13,6466.36
2025,X11,"Deportes, juventud y esparcimiento",EQUIPAMIENTO CENTRO JUVENIL HONTALBILLA,,2971.7,2717.6
2025,X11,"Deportes, juventud y esparcimiento",EQUIPAMIENTO CENTRO DEPORTIVO VICENTE DEL BOSQUE,,1597.2,1597.2
2025,X11,"Deportes, juventud y esparcimiento",EQUIPAMIENTO CENTRO DEPORTIVO SANTA ANA,,5885.59,5885.59
2025,X11,"Deportes, juventud y esparcimiento",CENTRO DEPORTIVO MUNICIPAL VICENTE DEL BOSQUE. REFORMA INTEGRAL,,5917131.01,5633090.44
2025,X11,"Deportes, juventud y esparcimiento",CENTRO DEPORTIVO VICENTE DEL BOSQUE. OBRAS DE SUBSANACIÓN DE PATOLOGÍAS EN MÓDULO DE ACCESO,,114032.35,106441.4
2025,X11,"Deportes, juventud y esparcimiento",CENTRO DEPORTIVO VICENTE DEL BOSQUE. OBRAS SUBSANACIÓN DE PATOLOGÍAS EN MÓDULO PISCINA CLIMATIZADA,,102863.04,88971.84
2025,X11,"Deportes, juventud y esparcimiento",EQUIPAMIENTO CENTRO DEPORTIVO LA MASÓ-LUIS DE LA FUENTE,,16742.54,16742.48
2025,X11,"Deportes, juventud y esparcimiento",EQUIPAMIENTO CENTRO DEPORTIVO MARÍA JESÚS ROSA,,1179.16,1179.13
2025,X11,"Deportes, juventud y esparcimiento",DEPORTIVO BÁSICO ISLA DE TABARCA. OBRAS DE ACONDICIONAMIENTO Y MEJORA,,172597.07,172597.07
2025,X11,"Deportes, juventud y esparcimiento",CENTRO DEPORTIVO MARÍA JESÚS ROSA. OBRAS ADAPTACIÓN NORMATIVA INSTALACIONES Y VENTILACIÓN,,1028.47,1028.47
2025,X11,"Deportes, juventud y esparcimiento",CENTRO DEPORTIVO SANTA ANA. OBRAS DE SUBSANACIÓN DE PATOLOGÍAS EN PISCINA,,71033.72,71033.72
2025,X11,"Deportes, juventud y esparcimiento",DEPORTIVO BÁSICO LAS TABLAS. CUBRICIÓN PISTAS (HOCKEY Y BALONCESTO) Y OTRAS MEJORAS (ID 21: 17892),,825000.0,822101.85
2025,X11,"Deportes, juventud y esparcimiento",CENTRO DEPORTIVO LA MASÓ-LUIS DE LA FUENTE. MATERIAL DE ELECTROMEDICINA,,3593.7,3593.7
2025,X11,"Deportes, juventud y esparcimiento",CENTRO DEPORTIVO LA MASÓ. ADQUISICIÓN LONA DE SEÑALIZACIÓN,,10000.0,9764.7
2025,X11,"Deportes, juventud y esparcimiento",CENTRO DEPORTIVO LUIS DE LA FUENTE (ANTIGUO LA MASÓ). OBRAS DE REPARACIÓN DEL ROCÓDROMO EXTERIOR,,49879.29,49820.47
2025,X11,"Deportes, juventud y esparcimiento",CENTRO DEPORTIVO VICENTE DEL BOSQUE. OBRAS CONSERVACIÓN DE VESTUARIOS PISCINA DE VERANO,,49927.79,49927.78
2025,X11,"Deportes, juventud y esparcimiento",CENTRO DEPORTIVO VICENTE DEL BOSQUE. ADECUACIÓN DE LA INSTALACIÓN ELÉCTRICA,,36189.26,35020.91
2025,X11,"Deportes, juventud y esparcimiento",IFS-DEPORTIVO BÁSICO BARRIO DE SANTA ANA-ANDRÉS NAVARRETE. OBRAS CONSOLIDACIÓN MURO,,58396.15,58396.15
2025,X11,"Deportes, juventud y esparcimiento",IFS-DEPORTIVO BÁSICO SANTA ANA-ANDRÉS NAVARRETE. SUSTITUCIÓN CÉSPED ARTIFICIAL CAMPOS DE FÚTBOL,,359993.04,351916.41
2025,X11,"Deportes, juventud y esparcimiento",DEPORTIVO BÁSICO SANTA ANA-ANDRÉS NAVARRETE. SUSTITUCIÓN CÉSPED ARTIFICIAL CAMPOS DE FÚTBOL,,6.96,
2025,X11,"Deportes, juventud y esparcimiento",CENTRO DEPORTIVO LA MASÓ. SEÑALÉTICA,,2058.68,2058.68
2025,X02,"Tráfico, estacionamiento y transporte público",,,75386.56,75073.85
2025,X02,"Tráfico, estacionamiento y transporte público",IFS-APARCAMIENTO PARA RESIDENTES RAMÓN GÓMEZ DE LA SERNA. OBRAS DE REPARACIÓN,,75386.56,75073.85
2025,X06,Urbanismo,,,2332934.42,1320575.17
2025,X06,Urbanismo,ADQUISICIÓN SUELO JUNTA COMPENSACIÓN API 08.02 POLÍGONO A DE PEÑAGRANDE,,453779.09,
2025,X06,Urbanismo,PARCELAS ÁMBITO VALDEGRULLA Y PARAJE VALDESENDERÍN. DESESCOMBRO Y RENATURALIZACIÓN,,565672.74,565672.74
2025,X06,Urbanismo,ÁMBITO CAMINO DE LA QUINTA. OBRAS DE RENATURALIZACIÓN,,22973.7,22973.7
2025,X06,Urbanismo,"C/ ISLAS DE CABO VERDE, 2. OBRAS ACCESORIAS DE URBANIZACIÓN",,57851.24,
2025,X06,Urbanismo,"DEMOLICIÓN DE EDIFICACIONES EN PARCELA 125 DE LA CALLE MARÍA ISABEL NAVARRO, 8",,30000.0,
2025,X06,Urbanismo,"AVDA. CARDENAL HERRERA ORIA, 67 C/V C/ ISLA DE SICILIA Y OTRAS. OBRAS ACCESORIAS DE URBANIZACIÓN",,339464.1,740.95
2025,X06,Urbanismo,"AVDA. MONFORTE DE LEMOS, 28. OBRAS ACCESORIAS Y COMPLEMENTARIAS DE URBANIZACIÓN",,10347.11,9056.02
2025,X06,Urbanismo,"DEMOLICIÓN DE LA EDIFICACIÓN EN LA PARCELA DE LA CALLE FAUSTINA MENA, 6",,8146.34,8146.14
2025,X06,Urbanismo,"ADQUISICIÓN DE SUELO EN LA CALLE GUARDIA CIVIL, 2",,491422.63,491422.63
2025,X06,Urbanismo,"AVENIDA CARDENAL HERRERA ORIA, 318. OBRAS ACCESORIAS DE URBANIZACIÓN",,637.11,
2025,X06,Urbanismo,DEMOLICIÓN DE EDIFICACIONES EN LA CALLE FAUSTINA MENA,,34120.86,34120.86
2025,X06,Urbanismo,"AV. CARDENAL HERRERA ORIA, 269 C/V C/ ISLA DE TABARCA. URBANIZACIÓN Y ADECUACIÓN ESPACIO PÚBLICO",,318519.5,188442.13
2025,X07,Infraestructuras,,,16289657.31,16289656.59
2025,X07,Infraestructuras,OBRAS EJECUCIÓN NUDO NORTE M-30 MADRID,,2515957.19,2515957.19
2025,X07,Infraestructuras,"SOTERRAMIENTO PASEO DE LA CASTELLANA, TRAMO COMPLEJO HOSPITALARIO LA PAZ - CALLE DE SINESIO DELGADO",,13193700.12,13193699.64
2025,X07,Infraestructuras,ASCENSOR URBANO PZA. DR.BARRAQUER-AV.CARDENAL HERRERA ORIA. MEJORA DE LA ACCESIBILIDAD (ID 17: 2653),,580000.0,579999.76
2025,X08,Mantenimiento urbano,,,4156686.57,3908309.8
2025,X08,Mantenimiento urbano,CASCO HISTÓRICO DE EL PARDO. OBRAS DE RENOVACIÓN Y REGENERACIÓN EN CALLE MIRA EL RIO Y OTRAS,,599648.11,599645.99
2025,X08,Mantenimiento urbano,CRUCE DEL PUENTE DE TRES OLIVOS SOBRE M-607-MADRID. OBRAS DE MEJORA Y SEGURIDAD (ID 21:18609),,100000.0,100000.0
2025,X08,Mantenimiento urbano,PUENTE CELEORAMA GÓMEZ MONTIJA SOBRE M-40. OBRAS DE REHABILITACIÓN ESTRUCTURAL,,192355.16,112873.14
2025,X08,Mantenimiento urbano,"IFS-CALLE LABASTIDA, DISTRITO DE FUENCARRAL-EL PARDO. MEJORA DE LAS CONDICIONES DE RODADURA",,497090.1,387952.21
2025,X08,Mantenimiento urbano,CANTÓN DE LIMPIEZA C/ ISLA DE AROSA S/N. OBRAS DE SUBSANACIÓN DE PATOLOGÍAS,,33378.28,30164.18
2025,X08,Mantenimiento urbano,"VÍAS Y ESPACIOS PÚBLICOS ÁMBITO BEGOÑA, FUENCARRAL. OBRAS MEJORA Y ACCESIBILIDAD",,163515.0,161238.41
2025,X08,Mantenimiento urbano,POLÍGONO INDUSTRIAL HERRERA ORIA. OBRAS DE PAVIMENTACIÓN Y MEJORAS,,343226.05,343226.05
2025,X08,Mantenimiento urbano,"TECNOLOGÍA LED, SOPORTES Y LUMINARIAS C/ SINESIO DELGADO Y OTRAS,  FUENCARRAL-EL PARDO. INSTALACIÓN",,15091.34,15091.34
2025,X08,Mantenimiento urbano,PUENTE DE LOS CAPUCHINOS SOBRE EL RÍO MANZANARES. OBRAS DE ACONDICIONAMIENTO,,403013.59,402189.72
2025,X08,Mantenimiento urbano,ÁREAS INFANTILES INTEGRACIÓN DISTRITO FUENCARRAL. TRANSFORMACIÓN E INSTALACIÓN (ID 21: 17328),,134179.18,134179.17
2025,X08,Mantenimiento urbano,"CALLE LACOMA, DISTRITO DE FUENCARRAL-ELPARDO. MEJORA DE LAS CONDICIONES DE RODADURA",,523584.95,518359.2
2025,X08,Mantenimiento urbano,ENTORNO ESCOLAR CALLE MELCHOR FERNÁNDEZ ALMAGRO. ADECUACIÓN DE VÍAS Y ESPACIOS PÚBLICOS,,447149.89,447149.89
2025,X08,Mantenimiento urbano,"IFS-CALLE BELLA ALTISIDORA, DISTRITO FUENCARRAL-EL PARDO. MEJORA DE LAS CONDICIONES DE RODADURA",,504773.23,462490.49
2025,X08,Mantenimiento urbano,GLORIETA PADRE LUIS DE LEZAMA. ACONDICIONAMIENTO Y REMODELACIÓN DE VIALES,,55000.0,49070.8
2025,X08,Mantenimiento urbano,PARQUE DE LA VAGUADA. INSTALACIÓN DE JUEGOS INFANTILES,,80905.1,80902.62
2025,X08,Mantenimiento urbano,"ZONAS VERDES ÁMBITO POBLADO A Y B, DISTRITO FUENCARRAL-EL PARDO. JUEGOS INFANTILES",,63776.59,63776.59
2025,X09,Medio ambiente,,,1104568.91,967085.02
2025,X09,Medio ambiente,CANTONES DE LIMPIEZA DEL DISTRITO DE FUENCARRAL-EL PARDO. ACOMETIDAS DE AGUA REGENERADA,,30510.81,30510.81
2025,X09,Medio ambiente,FUENTES BEBEDERO EN EL DISTRITO FUENCARRAL-EL PARDO. INSTALACIÓN,,2225.15,701.1
2025,X09,Medio ambiente,ZONAS AJARDINADAS ENTORNO DEPORTIVO BÁSICO VEREDA DE GANAPANES. ACONDICIONAMIENTO,,33657.5,33657.5
2025,X09,Medio ambiente,ZONAS AJARDINADAS DISTRITO FUENCARRAL-EL PARDO. ACONDICIONAMIENTO,,1.95,
2025,X09,Medio ambiente,"ZONA VERDE EN C/ MONFORTE DE LEMOS, 180. ADECUACIÓN DE ÁREA CANINA",,18103.29,18103.29
2025,X09,Medio ambiente,MARGEN IZQUIERDA DEL RÍO MANZANARES A LA ALTURA DE LA C/ADELINA PATTI. OBRAS DE REGENERACIÓN,,95126.88,87447.08
2025,X09,Medio ambiente,ZONA FORESTAL MONTECARMELO: M-607 KM.13-GTA.VENTISQUERO DE LA CONDESA.REHABILITACIÓN (ID 21: 17548),,205000.0,153799.15
2025,X09,Medio ambiente,PARQUE FUENTE CHICA. OBRAS DE MEJORA DE LA ACCESIBILIDAD Y ADECUACIÓN ESCALERAS Y PÉRGOLA,,144125.02,103607.15
2025,X09,Medio ambiente,PARQUE FORESTAL MONTECARMELO. PLANTACIONES ARBÓREAS,,96931.0,96735.57
2025,X09,Medio ambiente,ZONAS VERDES AVENIDA SANTUARIO DE VALVERDE. PLANTACIONES ARBÓREAS,,78569.0,43930.28
2025,X09,Medio ambiente,ZONAS AJARDINADAS DEL DISTRITO DE FUENCARRAL-EL PARDO. OBRAS DE ACONDICIONAMIENTO,,857.14,
2025,X09,Medio ambiente,PARQUE FUENTELARREINA. OBRAS DE REHABILITACIÓN,,25000.0,24984.83
2025,X09,Medio ambiente,"ZONAS VERDES EN LAS TABLAS, DISTRITO FUENCARRAL-EL PARDO. OBRAS DE REHABILITACIÓN",,20000.0,19995.98
2025,X09,Medio ambiente,IFS-ZONA AJARDINADA EN TRES OLIVOS. INSTALACIÓN DE MOBILIARIO URBANO,,16876.57,16876.57
2025,X09,Medio ambiente,ZONA AJARDINADA EN TRES OLIVOS. INSTALACIÓN DE MOBILIARIO URBANO,,0.1,
2025,X09,Medio ambiente,PARQUE DE LA VAGUADA. OBRAS DE ACONDICIONAMIENTO Y MEJORA DE ÁREAS INFANTILES,,138245.02,138245.02
2025,X09,Medio ambiente,"ZONAS VERDES ÁMBITO POBLADO A Y B, DISTRITO FUENCARRAL-EL PARDO. OBRAS DE MEJORA",,66223.41,66120.26
2025,X09,Medio ambiente,IFS-ZONA AJARDINADA EN TRES OLIVOS. OBRAS DE ACONDICIONAMIENTO,,133116.07,132370.43
2025,X03,Protección y promoción social,,,110026.9,81235.7
2025,X03,Protección y promoción social,EQUIPAMIENTO CENTRO DE MAYORES ALFONSO XII,,2927.96,2223.47
2025,X03,Protección y promoción social,EQUIPAMIENTO CENTRO DE MAYORES ISLAS JARVI,,1578.59,874.11
2025,X03,Protección y promoción social,EQUIPAMIENTO CENTRO DE MAYORES PEÑAGRANDE,,5667.05,4078.8
2025,X03,Protección y promoción social,EQUIPAMIENTO CENTRO DE MAYORES LA VAGUADA,,17451.13,13162.14
2025,X03,Protección y promoción social,EQUIPAMIENTO CENTRO DE MAYORES VOCAL VECINO JUSTO SIERRA,,4429.18,2840.86
2025,X03,Protección y promoción social,EQUIPAMIENTO CENTRO DE MAYORES GINZO DE LIMIA,,1740.59,1036.11
2025,X03,Protección y promoción social,EQUIPAMIENTO CENTRO DE SERVICIOS SOCIALES BADALONA,,3682.42,3682.42
2025,X03,Protección y promoción social,"NUEVO CENTRO DE MAYORES MIRASIERRA. SEÑALIZACIÓN, MOBILIARIO Y OTRO EQUIPAMIENTO",,26524.03,25809.89
2025,X03,Protección y promoción social,CENTRO DE SERVICIOS SOCIALES SAN VICENTE DE PAUL. OBRAS DE REPARACIÓN EN MURO DE CONTECIÓN,,33402.87,20274.41
2025,X03,Protección y promoción social,EQUIPAMIENTO CENTROS DE MAYORES DEL DISTRITO DE FUENCARRAL-EL PARDO,,1241.89,
2025,X03,Protección y promoción social,EQUIPAMIENTO CENTRO DE MAYORES MIRASIERRA,,8063.61,5152.11
2025,X03,Protección y promoción social,EQUIPAMIENTO CENTROS DE SERVICIOS SOCIALES DEL DISTRITO DE FUENCARRAL-EL PARDO,,1216.2,
2025,X03,Protección y promoción social,"EQUIPAMIENTO CENTRO DE DÍA INFANTIL, DISTRITO DE FUENCARRAL-EL PARDO EN CASA DE LOS NIÑOS",,2101.38,2101.38
2025,X05,Educación,,,2101255.7,2005627.29
2025,X05,Educación,"COLEGIO PÚBLICO MIRASIERRA. OBRAS DE ADAPTACIÓN A NORMATIVA, MEJORA DE PATIOS E ILUMINACIÓN",,4334.73,4334.73
2025,X05,Educación,EQUIPAMIENTO ESCUELA INFANTIL LA CARACOLA,,1965.04,1365.7
2025,X05,Educación,EQUIPAMIENTO ESCUELA DE MÚSICA CARMELO ALONSO BERNAOLA,,1553.92,1553.92
2025,X05,Educación,EQUIPAMIENTO ESCUELA INFANTIL LA CORTE DEL FARAÓN,,3980.3,3980.3
2025,X05,Educación,EQUIPAMIENTO ESCUELA INFANTIL EL FRESNO,,4250.65,4250.65
2025,X05,Educación,EQUIPAMIENTO ESCUELA INFANTIL ELENA FORTÚN,,4953.05,4183.66
2025,X05,Educación,EQUIPAMIENTO ESCUELA INFANTIL POETA GLORIA FUERTES,,3980.3,3980.3
2025,X05,Educación,CENTROS DOCENTES DISTRITO FUENCARRAL-EL PARDO. SUBSANACIÓN DEFICIENCIAS PROTECCIÓN INCENDIOS,,22007.83,22007.83
2025,X05,Educación,CENTROS DOCENTES DISTRITO FUENCARRAL-EL PARDO. COLOCACIÓN LÍNEAS VIDA MANTENIMIENTO CUBIERTA,,32131.89,25471.11
2025,X05,Educación,COLEGIO PÚBLICO GABRIELA MISTRAL. SUBSANACIÓN SISTEMA PROTECCIÓN CONTRA INCENDIOS,,996.43,996.43
2025,X05,Educación,COLEGIO PÚBLICO INFANTA LEONOR. SUBSANACIÓN SISTEMA PROTECCIÓN CONTRA INCENDIOS,,929.39,929.39
2025,X05,Educación,COLEGIO PÚBLICO JOSEP TARRADELLAS. SUBSANACIÓN SISTEMA PROTECCIÓN CONTRA INCENDIOS,,17206.87,16978.5
2025,X05,Educación,COLEGIO PÚBLICO ANTONIO FONTAN. SUBSANACIÓN SISTEMA PROTECCIÓN CONTRA INCENDIOS,,6225.59,6225.59
2025,X05,Educación,COLEGIO PÚBLICO LEOPOLDO CALVO SOTELO. SUBSANACIÓN SISTEMA PROTECCIÓN CONTRA INCENDIOS,,3779.45,3779.45
2025,X05,Educación,COLEGIO PÚBLICO LUIS DE GÓNGORA. SUBSANACIÓN SISTEMA PROTECCIÓN CONTRA INCENDIOS,,4129.87,4129.87
2025,X05,Educación,COLEGIO PÚBLICO COMPLEJO ESCOLAR PRÍNCIPE FELIPE. SUBSANACIÓN SISTEMA PROTECCIÓN CONTRA INCENDIOS,,3389.45,3389.45
2025,X05,Educación,COLEGIO PÚBLICO BRAVO MURILLO. OBRAS DE CONSERVACION Y REPARACION DE PATIOS,,19667.74,18610.71
2025,X05,Educación,COLEGIO PÚBLICO LUIS DE GÓNGORA. OBRAS DE CONSERVACION Y REPARACION DE PATIOS,,19546.22,17805.28
2025,X05,Educación,"IFS-COLEGIO PÚBLICO ALHAMBRA. REHABILITACIÓN FACHADAS, PATIOS, ASEOS Y OTRAS DE EFICIENCIA ENERGÈTICA",,193000.0,188117.55
2025,X05,Educación,"IFS-COLEGIO PÚBLICO RABINDRANANTH TAGORE. MEJORA SANEAMIENTO, INSTALACIONES Y EFICIENCIA ENERGÈTICA",,155000.0,144695.09
2025,X05,Educación,IFS-COLEGIO PÚBLICO CARDENAL HERRERA ORIA. CONSOLIDACIÓN ESTRUCTURAL Y  MEJORAS EN FONTANERÍA Y  PATIO,,250000.0,218986.49
2025,X05,Educación,IFS-COLEGIO PÚBLICO CAMILO JOSÉ CELA. ADECUACIÓN CUBIERTA Y CALDERA GIMNASIO Y MEJORA RED SANEAMIENTO,,110000.0,98263.59
2025,X05,Educación,IFS-COLEGIO PÚBLICO LUIS DE GÓNGORA. OBRAS DE IMPERMEABILIZACIÓN DE CUBIERTAS Y EFICIENCIA ENERGÉTICA,,90000.0,89956.1
2025,X05,Educación,IFS-CENTROS DOCENTES ENSEÑANZA DISTRITO FUENCARRAL-EL PARDO. OBRAS DE MEJORA Y EFICIENCIA ENERGÉTICA,,1722.72,
2025,X05,Educación,"IFS-COLEGIO PÚBLICO ANTONIO FONTÁN.ADECUACIÓN VALLADO PISTAS DEPORTIVAS, PUERTAS Y EFICIENCIA ENERGÉTICA",,79887.47,76407.16
2025,X05,Educación,"IFS-COLEGIO PÚBLICO BRAVO MURILLO. CONSERVACIÓN CUBIERTAS, SISTEMAS ANTIPALOMAS Y OTRAS MEJORAS",,91271.73,86995.06
2025,X05,Educación,IFS-COLEGIO PÚBLICO BREOGÁN. EXIGENCIAS INSPECCIÓN TÉCNICA DE EDIFICIOS Y OTRAS MEJORAS,,83217.91,83108.73
2025,X05,Educación,"IFS-COLEGIO PÚBLICO INFANTA LEONOR. ADECUACIÓN PATIO, CUBIERTA Y OTRAS DE EFICIENCIA ENERGÉTICA",,45531.54,45482.57
2025,X05,Educación,IFS-COLEGIO PÚBLICO JORGE GUILLÉN.OBRAS CONSERVACIÓN INSTALACIÓN ELÉCTRICA Y EFICIENCIA ILUMINACIÓN LED,,37600.58,34072.85
2025,X05,Educación,IFS-COLEGIO PÚBLICO JOSÉ BERGAMÍN. OBRAS DE REFORMA  REVESTIMIENTOS EN PATIOS INTERIORES Y EXTERIORES,,39990.62,39939.44
2025,X05,Educación,"IFS-COLEGIO PÚBLICO LEOPOLDO CALVO SOTELO. MEJORA INSTALACIONES, SANEAMIENTO Y EFICIENCIA ENERGÈTICA",,43150.27,37763.27
2025,X05,Educación,IFS-COLEGIO PÚBLICO LORENZO LUZURIAGA. SUSTITUCIÓN DE VALLADO Y OTRAS INSPECCIÓN TÉCNICA DE EDIFICIOS,,55029.61,54334.76
2025,X05,Educación,"IFS-COLEGIO PÚBLICO MIRASIERRA. ALEROS, FACHADAS, REVESTIMIENTO Y EFICIENCIA EN FONTANERÍA",,94937.17,94197.36
2025,X05,Educación,IFS-COLEGIO PÚBLICO PRÍNCIPE ASTURIAS.ADAPTACIÓN NORMATIVA PROTECCIÓN INCENCIOS Y SUSTITUCIÓN LUCERNARIO,,36989.81,36989.81
2025,X05,Educación,IFS-COLEGIO PÚBLICO PRÍNCIPE FELIPE. OBRAS DE ADECUACIÓN ASEO ACCESIBLE Y EFICIENCIA ENERGÉTICA,,15428.88,14843.76
2025,X05,Educación,"IFS-COLEGIO PÚBLICO REPÚBLICA DEL PARAGUAY. REPARACIÓN CUBIERTAS, DRENAJES DE PATIO Y EFICIENCIA",,29741.69,29741.69
2025,X05,Educación,"IFS-ESCUELAS INFANTILES FUENCARRAL-EL PARDO. OBRAS DE REPARACIÓN, MEJORA Y EFICIENCIA ENERGÉTICA",,1570.19,
2025,X05,Educación,IFS-ESCUELA INFANTIL LA ROSA DEL AZAFRÁN. OBRAS DE CONSERVACIÓN,,27883.89,27880.01
2025,X05,Educación,IFS-ESCUELA INFANTIL LA CORTE DEL FARAÓN. OBRAS DE CONSERVACIÓN,,9442.11,8526.55
2025,X05,Educación,IFS-ESCUELA INFANTIL LA CARACOLA. OBRAS DE CONSERVACIÓN,,14000.0,13933.8
2025,X05,Educación,IFS-ESCUELA INFANTIL POETA GLORIA FUERTES. OBRAS DE CONSERVACIÓN,,9903.81,9903.58
2025,X05,Educación,IFS-ESCUELA INFANTIL ELENA FORTÚN. OBRAS DE CONSERVACIÓN,,9700.0,9508.31
2025,X05,Educación,IFS-CENTROS DOCENTES ENSEÑANZA DISTRITO FUENCARRAL-EL PARDO. OBRAS DE REPARACIÓN Y MEJORA DE PARARRAYOS,,70000.0,68694.54
2025,X05,Educación,ESCUELAS INFANTILES DEL DISTRITO DE FUENCARRAL-EL PARDO. DESFIBRILADORES,,251.68,
2025,X05,Educación,ESCUELA INFANTIL EL FRESNO. DESFIBRILADORES,,2309.89,2309.89
2025,X05,Educación,ESCUELA INFANTIL ELENA FORTÚN. DESFIBRILADORES,,2309.89,2309.89
2025,X05,Educación,ESCUELA INFANTIL POETA GLORIA FUERTES. DESFIBRILADORES,,2312.31,2312.31
2025,X05,Educación,ESCUELA INFANTIL LA CARACOLA. DESFIBRILADORES,,2309.89,2309.89
2025,X05,Educación,ESCUELA INFANTIL LA CORTE DEL FARAÓN. DESFIBRILADORES,,2309.89,2309.89
2025,X05,Educación,ESCUELA INFANTIL LA ROSA DEL AZAFRÁN. DESFIBRILADORES,,2309.89,2309.89
2025,X05,Educación,OBRAS DE REPARACIÓN Y CONSERVACIÓN CENTROS DOCENTES DE ENSEÑANZA DISTRITO DE FUENCARRAL-EL PARDO,,840.4,
2025,X05,Educación,IFS-CENTROS DOCENTES DISTRITO FUENCARRAL-EL PARDO. ADECUACIÓN ALARMAS ANTI-INTRUSIÓN A GRADO 2,,175691.61,175691.61
2025,X05,Educación,COLEGIO PÚBLICO BLAS DE LEZO. ADECUACIÓN Y CLIMATIZACIÓN DE DEPENDENCIAS PERSONAL DE OFICIOS (POSI),,23958.28,23135.74
2025,X05,Educación,COLEGIO PÚBLICO COMPLEJO ESCOLAR PRÍNCIPE FELIPE. OBRAS INSTALACIÓN DE CANASTAS DE BALONCESTO,,11752.04,11752.03
2025,X05,Educación,COLEGIO PÚBLICO PRÍNCIPE DE ASTURIAS. OBRAS DE REFORMA DE VALLADOS Y APERTURA DE NUEVA ENTRADA,,32184.62,32184.62
2025,X05,Educación,COLEGIO PÚBLICO COMPLEJO ESCOLAR PRÍNCIPE FELIPE. OBRAS DE ADECUACIÓN DE AULAS EDUCACIÓN PRIMARIA,,32333.07,32333.07
2025,X05,Educación,COLEGIO PÚBLICO ANTONIO FONTAN. OBRAS DE CONSERVACIÓN DE CUBIERTA Y OTRAS,,60353.52,60353.52
2025,X00,Inversiones de carácter general,,,61553.33,61527.46
2025,X00,Inversiones de carácter general,SEDE DISTRITO DE FUENCARRAL-EL PARDO. ACONDICIONAMIENTO DE SÓTANO Y OBRAS DE INSTALACIÓN CALDERA,,27707.96,27707.96
2025,X00,Inversiones de carácter general,OBRAS DE ACONDICIONAMIENTO Y MEJORA EDIFICIOS DEL DISTRITO DE FUENCARRAL-EL PARDO,,25.87,
2025,X00,Inversiones de carácter general,SERVICIOS ADMINISTRATIVOS DISTRITO DE FUENCARRAL-EL PARDO. ESCÁNER DE SEGURIDAD,,16274.5,16274.5
2025,X00,Inversiones de carácter general,COMPLEJO LA VAGUADA. OBRAS DE ACONDICIONAMIENTO EN RAMPA DE GARAJE,,17545.0,17545.0
2025,X04,Salud pública,,,6198.38,6152.96
2025,X04,Salud pública,CMSc CENTRO MUNICIPAL DE SALUD COMUNITARIA DE FUENCARRAL. INSTALACIONES TÉCNICAS,,1350.11,1350.11
2025,X04,Salud pública,EQUIPAMIENTO CMSc CENTRO MUNICIPAL DE SALUD COMUNITARIA DE FUENCARRAL,,4848.27,4802.85
2026,X01,Protección Civil y seguridad ciudadana,,,5090860.41,41705.45
2026,X01,Protección Civil y seguridad ciudadana,"PARQUE DE BOMBEROS Nº 9. OBRAS REFORMA Y AMPLIACIÓN EN SÓTANO, EDIFICIO GIMNASIO Y COCHERAS TRASERAS",,370542.0,
2026,X01,Protección Civil y seguridad ciudadana,"PARQUE DE BOMBEROS NÚMERO 9, EDIFICIO OESTE. OBRAS DE REFORMA Y AMPLIACIÓN",,168917.13,41705.45
2026,X01,Protección Civil y seguridad ciudadana,PARQUE DE BOMBEROS 9. OBRAS DE REFORMA EDIFICIO PRINCIPAL Y TORRE DE MANIOBRAS,,300000.0,
2026,X01,Protección Civil y seguridad ciudadana,COMISARÍA INTEGRAL DISTRITO DE FUENCARRAL-EL PARDO. MOBILIARIO OFICINA Y OTRO MOBILIARIO Y ENSERES,,1401.28,
2026,X01,Protección Civil y seguridad ciudadana,IFS-PARQUE DE BOMBEROS 9. OBRAS DE REFORMA EDIFICIO PRINCIPAL Y TORRE DE MANIOBRAS,,4250000.0,
2026,X10,Cultura,,,848911.54,4445.03
2026,X10,Cultura,CENTRO CULTURAL Y BIBLIOTECA EN LAS TABLAS. CONSTRUCCIÓN,,682.94,
2026,X10,Cultura,BIBLIOTECA PÚBLICA CARMEN MARTÍN GAITE. MOBILIARIO,,338792.01,
2026,X10,Cultura,"NUEVA BIBLIOTECA PÚBLICA CARMEN MARTÍN GAITE, MONTECARMELO. BUCLES MAGNÉTICOS",,830.06,
2026,X10,Cultura,EQUIPAMIENTO CENTROS CULTURALES DISTRITO DE FUENCARRAL-EL PARDO,,6955.5,
2026,X10,Cultura,EQUIPAMIENTO CENTRO SOCIOCULTURAL VALVERDE,,1210.0,1210.0
2026,X10,Cultura,CENTRO CULTURAL LA VAGUADA. SUSTITUCIÓN ELEMENTOS DE ALUMBRADO EN SALA DE EXPOSICIONES,,11434.5,
2026,X10,Cultura,"PLACA CONMEMORATIVA A LA CANTAUTORA CECILIA, EN TEMPLETE DEL PARQUE MAR OCÉANA. INSTALACIÓN",,2835.03,2835.03
2026,X10,Cultura,"PLACA CONMEMORATIVA COLECTIVO DE MUJERES PARTICIPANTES EN TERTULIAS VECINALES, C/VILLACASTÍN",,400.0,400.0
2026,X10,Cultura,"EDIFICIO PLAYA GATA, BARRIO VALVERDE FUENCARRAL. OBRAS ADAPTACIÓN ESPACIO PARA BIBLIOTECA",,175771.5,
2026,X10,Cultura,IFS-CENTRO SOCIOCULTURAL ALFONSO XII. OBRAS MEJORA INSTALACIONES CLIMATIZACIÓN Y EFICIENCIA ENERGÉTICA,,60000.0,
2026,X10,Cultura,"IFS-CENTRO SOCIOCULTURAL VALVERDE.EFICIENCIA ENERGÉTICA,INSTALACIONES DE SEGURIDAD,ACCESIBILIDAD Y OTRAS",,250000.0,
2026,X11,"Deportes, juventud y esparcimiento",,,8904405.97,1248449.27
2026,X11,"Deportes, juventud y esparcimiento",EQUIPAMIENTO CENTRO DEPORTIVO VICENTE DEL BOSQUE,,7973.9,
2026,X11,"Deportes, juventud y esparcimiento",CENTRO DEPORTIVO LA MASÓ-LUIS DE LA FUENTE. ADQUISICIÓN MATERIAL DE ELECTROMEDICINA,,6452.93,6452.93
2026,X11,"Deportes, juventud y esparcimiento",EQUIPAMIENTO CENTRO DE OCIO Y ASESORAMIENTO JUVENIL EL PARDO,,421.94,
2026,X11,"Deportes, juventud y esparcimiento",EQUIPAMIENTO CENTRO DE OCIO Y ASESORAMIENTO JUVENIL HONTALBILLA,,133.81,
2026,X11,"Deportes, juventud y esparcimiento",CENTRO DEPORTIVO MUNICIPAL VICENTE DEL BOSQUE. REFORMA INTEGRAL,,1189438.71,1119893.82
2026,X11,"Deportes, juventud y esparcimiento",CENTRO DEPORTIVO VICENTE DEL BOSQUE. OBRAS DE SUBSANACIÓN DE PATOLOGÍAS EN MÓDULO DE ACCESO,,2918520.21,6397.81
2026,X11,"Deportes, juventud y esparcimiento",CENTRO DEPORTIVO VICENTE DEL BOSQUE. OBRAS SUBSANACIÓN DE PATOLOGÍAS EN MÓDULO PISCINA CLIMATIZADA,,3038130.79,13077.66
2026,X11,"Deportes, juventud y esparcimiento",CENTRO DEPORTIVO VICENTE DEL BOSQUE. OBRAS DE REFORMA DEL PABELLÓN POLIDEPORTIVO,,145295.55,99017.06
2026,X11,"Deportes, juventud y esparcimiento",OBRAS DE CONSERVACIÓN Y MEJORA INSTALACIONES DEPORTIVAS DEL DISTRITO DE FUENCARRAL-EL PARDO,,182942.51,
2026,X11,"Deportes, juventud y esparcimiento",CENTRO DEPORTIVO SANTA ANA. OBRAS DE CONSERVACIÓN Y ACONDICIONAMIENTO,,146907.87,
2026,X11,"Deportes, juventud y esparcimiento",CENTRO DEPORTIVO VICENTE DEL BOSQUE. OBRAS DE CONSERVACIÓN Y ACONDICIONAMIENTO,,20149.62,
2026,X11,"Deportes, juventud y esparcimiento",EQUIPAMIENTO CENTROS DEPORTIVOS DISTRITO DE FUENCARRAL-EL PARDO,,14428.14,
2026,X11,"Deportes, juventud y esparcimiento",EQUIPAMIENTO CENTRO DEPORTIVO LA MASÓ-LUIS DE LA FUENTE,,3609.99,3609.99
2026,X11,"Deportes, juventud y esparcimiento",DEPORTIVO BÁSICO POBLADO DIRIGIDO (PISTAS POLIDEPORTIVAS VALVERDE). OBRAS REPARACIÓN Y MEJORA,,200000.0,
2026,X11,"Deportes, juventud y esparcimiento","IFS-CENTRO DEPORTIVO VICENTE DEL BOSQUE. ACONDICIONAMIENTO VESTUARIOS FÚTBOL, ENTORNO PISCINAS Y OTRAS",,150000.0,
2026,X11,"Deportes, juventud y esparcimiento","IFS-DEPORTIVO BÁSICO LACOMA, C/EMILIO DOMÍNGUEZ, 18. OBRAS DE ACONDICIONAMIENTO DEL VALLADO METÁLICO",,90000.0,
2026,X11,"Deportes, juventud y esparcimiento",IFS-DEPORTIVO BÁSICO PAR MORALZARZAL. OBRAS DE ACONDICIONAMIENTO DEL VALLADO METÁLICO Y PAVIMENTOS,,140000.0,
2026,X11,"Deportes, juventud y esparcimiento",IFS-DEPORTIVO BÁSICO PARQUE DE LA ALCAZABA. OBRAS DE ACONDICIONAMIENTO DEL VALLADO METÁLICO,,90000.0,
2026,X11,"Deportes, juventud y esparcimiento",IFS-DEPORTIVO BÁSICO PARQUE NORTE. OBRAS DE ACONDICIONAMIENTO DEL VALLADO METÁLICO Y PAVIMENTOS,,140000.0,
2026,X11,"Deportes, juventud y esparcimiento","IFS-CENTRO DEPORTIVO LA MASÓ - LUIS DE LA FUENTE. ADECUACIÓN VESTUARIOS PISCINA, INSTALACIONES Y OTRAS",,300000.0,
2026,X11,"Deportes, juventud y esparcimiento","ROCÓDROMO EN LAS TABLAS, C/DE FRÓMISTA, 4. CONSTRUCCIÓN (ID 24: 19444)",,120000.0,
2026,X02,"Tráfico, estacionamiento y transporte público",,,6745.07,6432.36
2026,X02,"Tráfico, estacionamiento y transporte público",APARCAMIENTO PARA RESIDENTES RAMÓN GÓMEZ DE LA SERNA. OBRAS DE REPARACIÓN,,6432.36,6432.36
2026,X02,"Tráfico, estacionamiento y transporte público",IFS-APARCAMIENTO PARA RESIDENTES RAMÓN GÓMEZ DE LA SERNA. OBRAS DE REPARACIÓN,,312.71,
2026,X06,Urbanismo,,,2585631.33,102394.32
2026,X06,Urbanismo,ADQUISICIÓN SUELO JUNTA COMPENSACIÓN API 08.02 POLÍGONO A DE PEÑAGRANDE,,453779.09,
2026,X06,Urbanismo,"C/ ISLAS DE CABO VERDE, 2. OBRAS ACCESORIAS DE URBANIZACIÓN",,57851.24,
2026,X06,Urbanismo,"ENTORNO CEMENTERIO DE FUENCARRAL, DISTRITO FUENCARRAL-EL PARDO. OBRAS DE RENATURALIZACIÓN",,1675617.06,81117.07
2026,X06,Urbanismo,"DEMOLICIÓN DE EDIFICACIONES EN PARCELA 125 DE LA CALLE MARÍA ISABEL NAVARRO, 8",,8369.7,8369.7
2026,X06,Urbanismo,CALLE FUENTE CHICA. OBRAS DE REGENERACIÓN URBANA,,50000.0,7337.89
2026,X06,Urbanismo,"AVDA. CARDENAL HERRERA ORIA, 67 C/V C/ ISLA DE SICILIA Y OTRAS. OBRAS ACCESORIAS DE URBANIZACIÓN",,338723.15,5569.66
2026,X06,Urbanismo,"AVDA. MONFORTE DE LEMOS, 28. OBRAS ACCESORIAS Y COMPLEMENTARIAS DE URBANIZACIÓN",,1291.09,
2026,X07,Infraestructuras,,,35852883.15,7322707.05
2026,X07,Infraestructuras,OBRAS EJECUCIÓN NUDO NORTE M-30 MADRID,,60799.47,
2026,X07,Infraestructuras,"MADRID NUEVO NORTE, NUDO DE FUENCARRAL. SOLUCIONES VIARIAS CONEXIÓN M-40, M-607 Y M-603",,1831195.0,
2026,X07,Infraestructuras,"SOTERRAMIENTO PASEO DE LA CASTELLANA, TRAMO COMPLEJO HOSPITALARIO LA PAZ - CALLE DE SINESIO DELGADO",,32036667.17,7270896.5
2026,X07,Infraestructuras,ASCENSOR URBANO PZA. DR.BARRAQUER-AV.CARDENAL HERRERA ORIA. MEJORA DE LA ACCESIBILIDAD (ID 17: 2653),,144821.51,51810.55
2026,X07,Infraestructuras,"PASARELA PEATONAL CONEXIÓN HOSPITAL RAMÓN Y CAJAL SOBRE LÍNEAS DEL FERROCARRIL CON APE 08.17 ""CLESA""",,1779400.0,
2026,X08,Mantenimiento urbano,,,4637385.37,700607.56
2026,X08,Mantenimiento urbano,VÍAS PÚBLICAS DEL DISTRITO DE FUENCARRAL-EL PARDO. OBRAS DE REMODELACIÓN Y CONSERVACIÓN,,23896.97,
2026,X08,Mantenimiento urbano,"ÁREA DE JUEGO INCLUSIVA C/ SAN JUAN DE ORTEGA, 90 (PARQUE LAS TABLAS). RENOVACIÓN Y TRANSFORMACIÓN",,97004.29,97004.28
2026,X08,Mantenimiento urbano,CASCO HISTÓRICO DE EL PARDO. OBRAS DE RENOVACIÓN Y REGENERACIÓN EN CALLE MIRA EL RIO Y OTRAS,,189420.94,97410.75
2026,X08,Mantenimiento urbano,CRUCE DEL PUENTE DE TRES OLIVOS SOBRE M-607-MADRID. OBRAS DE MEJORA Y SEGURIDAD (ID 21:18609),,163665.0,119882.55
2026,X08,Mantenimiento urbano,PUENTE CELEORAMA GÓMEZ MONTIJA SOBRE M-40. OBRAS DE REHABILITACIÓN ESTRUCTURAL,,368014.76,282581.92
2026,X08,Mantenimiento urbano,PASO INFERIOR ENLACE LAS TABLAS A M-40. OBRAS DE MEJORA DE IMPERMEABILIZACIÓN,,680114.75,
2026,X08,Mantenimiento urbano,"IFS-CALLE LABASTIDA, DISTRITO DE FUENCARRAL-EL PARDO. MEJORA DE LAS CONDICIONES DE RODADURA",,109137.89,
2026,X08,Mantenimiento urbano,"C/ SIERRA DE ATAPUERCA, PAU LAS TABLAS. MEJORA DE LA ACCESIBILIDAD Y DE LA SEGURIDAD VÍAL",,1303671.24,19101.74
2026,X08,Mantenimiento urbano,IFS-C/DE SANJENJO Y OTRAS DISTRITO DE FUENCARRAL-EL PARDO. MEJORA Y RENOVACIÓN CONDICIONES DE RODADURA,,547933.75,
2026,X08,Mantenimiento urbano,CANTÓN DE LIMPIEZA C/ ISLA DE AROSA S/N. OBRAS DE SUBSANACIÓN DE PATOLOGÍAS,,664729.3,49100.38
2026,X08,Mantenimiento urbano,"VÍAS Y ESPACIOS PÚBLICOS ÁMBITO BEGOÑA, FUENCARRAL. OBRAS MEJORA Y ACCESIBILIDAD",,184716.0,35525.94
2026,X08,Mantenimiento urbano,VÍAS PÚBLICAS DISTRITO DE FUENCARRAL-EL PARDO. OBRAS DE REMODELACIÓN Y MEJORA,,5080.48,
2026,X08,Mantenimiento urbano,IFS-DIVERSAS CALLES DEL DISTRITO DE FUENCARRAL EL PARDO. MEDIDAS DE ORDENACIÓN VIARIA EN PAVIMENTOS,,300000.0,
2026,X09,Medio ambiente,,,3294598.17,1271726.18
2026,X09,Medio ambiente,ENERGÍAS RENOVABLES. INSTALACIÓN FOTOVOLTAICA EN EL CENTRO DEPORTIVO LA MASÓ-LUIS DE LA FUENTE,,2541.0,
2026,X09,Medio ambiente,CENTROS CARGA ENERGÍA ELÉCTRICA E HIDRÓGENO VEHÍCULOS SIN EMISIONES. DISTRITO FUENCARRAL-EL PARDO,,6408.31,1280.31
2026,X09,Medio ambiente,MARGEN IZQUIERDA DEL RÍO MANZANARES A LA ALTURA DE LA C/ADELINA PATTI. OBRAS DE REGENERACIÓN,,7678.88,7678.88
2026,X09,Medio ambiente,DEPÓSITOS DE AGUAS FREÁTICAS PARQUE NORTE Y PARQUE DE LA VAGUADA. OBRAS DE REHABILITACIÓN INTEGRAL,,549364.0,5217.9
2026,X09,Medio ambiente,"RED DE RIEGO AGUA REGENERADA ZONAS VERDES, RONDA DE LA COMUNICACIÓN LAS TABLAS. REPARACIÓN",,17782.26,
2026,X09,Medio ambiente,"PUNTO LIMPIO FIJO FUENCARRAL-EL PARDO, C/ UBEDA, 6. ADQUISICIÓN CONTENEDORES METÁLICOS",,6776.0,
2026,X09,Medio ambiente,ZONA FORESTAL MONTECARMELO: M-607 KM.13-GTA.VENTISQUERO DE LA CONDESA.REHABILITACIÓN (ID 21: 17548),,1625000.0,1214149.18
2026,X09,Medio ambiente,"ZONAS VERDES EN LAS TABLAS, FUENCARRAL-EL PARDO. OBRAS DE REHABILITACIÓN (ID 17: 2531-ID 19:14994)",,655000.0,
2026,X09,Medio ambiente,ÁREAS CANINAS EN ZONAS VERDES DEL DISTRITO DE FUENCARRAL-EL PARDO. OBRAS DE ACONDICIONAMIENTO,,82310.92,1783.12
2026,X09,Medio ambiente,ESPECIES VEGETALES AUTÓCTONAS Y PÉRGOLAS VEGETADAS DISTRITO FUENCARRAL-EL PARDO (ID 24: 20767),,2399.36,2399.36
2026,X09,Medio ambiente,PARQUES DISTRITO FUENCARRAL-EL PARDO. REPLANTACIÓN DE ÁRBOLES Y ADECUACIÓN DEL RIEGO  (ID 24: 21374),,2159.57,2159.57
2026,X09,Medio ambiente,PARQUE FUENTE CHICA. OBRAS DE MEJORA DE LA ACCESIBILIDAD Y ADECUACIÓN ESCALERAS Y PÉRGOLA,,37177.87,37057.86
2026,X09,Medio ambiente,"IFS-PARQUE DE LA SUPERMANZANA C/SANGENJO. OBRAS DE REMODELACIÓN, ACCESIBILIDAD Y SUPRESIÓN DE BARRERAS",,300000.0,
2026,X03,Protección y promoción social,,,163100.0,
2026,X03,Protección y promoción social,EQUIPAMIENTO CENTROS DE MAYORES DISTRITO DE FUENCARRAL-EL PARDO,,103100.0,
2026,X03,Protección y promoción social,IFS-CENTRO DE DÍA PEÑAGRANDE. OBRAS DE INSTALACIÓN DE GRUPO ELECTRÓGENO,,60000.0,
2026,X05,Educación,,,987257.3,272.25
2026,X05,Educación,EQUIPAMIENTO ESCUELA INFANTIL LA ROSA DEL AZAFRÁN,,10775.05,
2026,X05,Educación,EQUIPAMIENTO ESCUELA DE MÚSICA CARMELO ALONSO BERNAOLA,,272.25,272.25
2026,X05,Educación,EQUIPAMIENTO ESCUELA INFANTIL EL FRESNO,,605.0,
2026,X05,Educación,EQUIPAMIENTO ESCUELA INFANTIL ELENA FORTÚN,,605.0,
2026,X05,Educación,OBRAS DE CONSERVACIÓN Y MEJORA CENTROS DOCENTES DE ENSEÑANZA DISTRITO FUENCARRAL-EL PARDO,,87107.23,
2026,X05,Educación,ESCUELA INFANTIL EL FRESNO. OBRAS DE CONSERVACIÓN Y MANTENIMIENTO DE LA CLIMATIZACIÓN,,410169.89,
2026,X05,Educación,COLEGIO PÚBLICO PRÍNCIPE ASTURIAS. ADECUACIÓN INSTALACIÓN CALEFACCIÓN Y PROTECCIÓN CONTRA INCENDIOS,,102722.88,
2026,X05,Educación,"IFS-COLEGIO PÚBLICO ALHAMBRA. INSTALACIÓN AGUA SANITARIA, CARPINTERÍA LUCERNARIO Y SOMBREAMIENTO PATIO",,60000.0,
2026,X05,Educación,IFS-COLEGIO PÚBLICO LEOPOLDO CALVO SOTELO. OBRAS DE ACONDICIONAMIENTO Y MEJORA SANEAMIENTO EN ASEOS,,60000.0,
2026,X05,Educación,"IFS-ESCUELA INFANTIL LA CARACOLA. MEJORA DEL VALLADO, INSTALACIONES DE SEGURIDAD Y CLIMATIZACIÓN",,30000.0,
2026,X05,Educación,"IFS-COLEGIO PÚBLICO CAMILO JOSÉ CELA. REPARACIÓN Y MEJORA EN SANEAMIENTOS, PATIO Y OTRAS",,85000.0,
2026,X05,Educación,"IFS-COLEGIO PÚBLICO MONTE DEL PARDO. ADECUACIÓN SOLADOS INTERIORES, ELIMINACIÓN HUMEDADES  Y OTROS",,80000.0,
2026,X05,Educación,"IFS-ESCUELA INFANTIL LA CORTE DEL FARAÓN. NORMATIVA DE SEGURIDAD EN VALLADO, PUERTAS Y OTRAS MEJORAS",,30000.0,
2026,X05,Educación,IFS-COLEGIO PÚBLICO PRÍNCIPE FELIPE. REPARACIÓN CANALETAS PLUVIALES DEL PATIO INFANTIL,,30000.0,
2026,X00,Inversiones de carácter general,,,1018461.0,4628.25
2026,X00,Inversiones de carácter general,EQUIPAMIENTO SERVICIOS ADMINISTRATIVOS DEL DISTRITO DE FUENCARRAL-EL PARDO,,4840.0,4628.25
2026,X00,Inversiones de carácter general,OBRAS DE CONSERVACIÓN Y MEJORA EDIFICIOS DISTRITO DE FUENCARRAL-EL PARDO,,1013621.0,
2026,X04,Salud pública,,,1402.28,
2026,X04,Salud pública,EQUIPAMIENTO CMSc CENTRO MUNICIPAL DE SALUD COMUNITARIA DE FUENCARRAL,,1402.28,
