Año,Id Línea,Nombre Línea,Inversión,Inversión,Presupuesto Gasto,Gasto Real
2011,X01,Protección Civil y seguridad ciudadana,,,10000.0,9860.08
2011,X01,Protección Civil y seguridad ciudadana,CENTRO DE TRANSFORMACIÓN CERRO ALMODÓVAR. ADECUACIÓN REDES SERVICIOS,,10000.0,9860.08
2011,X11,"Deportes, juventud y esparcimiento",,,235385.23,235230.85
2011,X11,"Deportes, juventud y esparcimiento",OBRAS CONSERVACIÓN INSTALACIONES DEPORTIVAS DISTRITO VILLA DE VALLECAS,,154.38,
2011,X11,"Deportes, juventud y esparcimiento","POLIDEPORTIVO CERRO ALMODOVAR, CTRA. VALENCIA, KM. 9,5. OBRAS DE CONSERVACIÓN",,163599.4,163599.4
2011,X11,"Deportes, juventud y esparcimiento","POLIDEPORTIVO MIGUEL GUILLEN PRIM, C/ FUENTIDUEÑA, 6. OBRAS DE CONSERVACIÓN",,15851.64,15851.64
2011,X11,"Deportes, juventud y esparcimiento","DEPORTIVO BÁSICO PARQUE REAL DE ARGANDA, C/ REAL DE ARGANDA, 43. CONSERVACIÓN",,39124.73,39124.73
2011,X11,"Deportes, juventud y esparcimiento","DEPORTIVO BÁSICO PARQUE DEL CEMENTERIO,CAMINO DE LA SUERTE,S/N.CONSERVACIÓN",,3374.85,3374.85
2011,X11,"Deportes, juventud y esparcimiento","DEPORTIVO BÁSICO ZAZUAR, C/ ZAZUAR, 1 C/ V AV. MEDITERRÁNEO. CONSERVACIÓN",,7371.76,7371.76
2011,X11,"Deportes, juventud y esparcimiento",DEPORTIVO BÁSICO NUESTRA SEÑORA DE LA TORRE. OBRAS DE CONSERVACIÓN,,2129.99,2129.99
2011,X11,"Deportes, juventud y esparcimiento","DEPORTIVO BÁSICO PARQUE VALLECAS VILLAS, C/ FUENTIDUEÑA, 8. CONSERVACIÓN",,61.25,61.25
2011,X11,"Deportes, juventud y esparcimiento","CENTRO JUVENIL EL ALEPH, AV. MEDITERRÁNEO, S/N. OBRAS DE CONSERVACIÓN",,417.26,417.26
2011,X11,"Deportes, juventud y esparcimiento","CENTRO JUVENIL EL SITIO DE MI RECREO, C/ REAL DE ARGANDA. CONSERVACIÓN",,3299.97,3299.97
2011,X06,Urbanismo,,,851264.39,789385.35
2011,X06,Urbanismo,C/PUERTO DE POZAZAL Y OTRAS. URBANIZACIÓN,,13792.78,
2011,X06,Urbanismo,Unidad de Ejecución Casco Antiguo Villa de Vallecas,,952.44,
2011,X06,Urbanismo,"CALLES CAMINO DE HORMIGUERAS, 161 Y PEÑA SORRAPIA, 18. URBANIZACIÓN",,20560.74,
2011,X06,Urbanismo,ADQUISICIÓN DE SUELO EN NUEVOS ACCESOS AL VERTEDERO DE VILLA DE VALLECAS,,1222.9,1222.9
2011,X06,Urbanismo,Polígon Cooperación c/Sierra Vieja,,26465.5,
2011,X06,Urbanismo,ADQUISICIÓN DE SUELO EN LA PLAZA DE JUAN DE MALASAÑA,,4664.84,4664.84
2011,X06,Urbanismo,POLÍGONO INDUSTRIAL VILLA DE VALLECAS. REHABILITACIÓN,,728090.0,727982.42
2011,X06,Urbanismo,ADQUISICIÓN SUELO FINCA CASA SAN ANTONIO DEL CERRO PARA OBRAS SANEAMIENTO,,55515.19,55515.19
2011,X09,Medio ambiente,,,5215051.51,3458138.62
2011,X09,Medio ambiente,ENSANCHE DE VALLECAS UZP 1.03.  PLANTACIÓN DE ARBUSTOS Y REDES DE RIEGO,,1695524.89,
2011,X09,Medio ambiente,ESTANQUE DE TORMENTAS DE ABROÑIGALES. CONSTRUCCIÓN,,2947435.8,2905568.93
2011,X09,Medio ambiente,PLANTA BOIMETANIZACIÓN DE RESIDUOS VALDEMINGÓMEZ. CONSTRUCCIÓN,,19521.13,
2011,X09,Medio ambiente,SUBESTACIÓN ELÉCTRICA BIOMETANIZACIÓN DE LAS DEHESAS. AMPLIACIÓN,,552569.69,552569.69
2011,X07,Infraestructuras,,,7404531.67,4486325.96
2011,X07,Infraestructuras,DESDOBLAMIENTO CARRETERA M-602.  VILLAVERDE- VALLECAS. TRAMO II,,7404531.67,4486325.96
2011,X08,Mantenimiento urbano,,,692432.12,692432.12
2011,X08,Mantenimiento urbano,RENOVACIÓN INTEGRAL INSTALACIONES Y PAVIMENTOS. PRIS Z-5 DTO. VILLA VALLECAS,,489168.44,489168.44
2011,X08,Mantenimiento urbano,ADAPTACIÓN NORMATIVA ALUMBRADO PÚBLICO A  NORMATIVA. VILLA VALLECAS,,61411.57,61411.57
2011,X08,Mantenimiento urbano,MEJORA RODADURA Y DISMINUCIÓN EMISIONES SONORAS VÍAS PÚBLICAS. VILLA VALLECAS,,140852.13,140852.13
2011,X08,Mantenimiento urbano,INSTALACIÓN PLACAS IDENTIFICATIVAS DE CALLES Y BOLARDOS DISTRITO VILLA VALLECAS,,999.98,999.98
2011,X03,Protección y promoción social,,,93221.21,92640.18
2011,X03,Protección y promoción social,EQUIPAMIENTO CENTRO SERVICIOS SOCIALES PEÑA VEIGA,,600.0,565.22
2011,X03,Protección y promoción social,CENTRO DE SERVICIOS SOCIALES FUENTIDUEÑA. INSTALACIÓN DE CLIMATIZACIÓN,,43699.95,43153.7
2011,X03,Protección y promoción social,"CENTRO SERVICIOS SOCIALES PUERTO DE LAS PILAS, C/ FUENTIDUEÑA, 1. CONSERVACIÓN",,9899.05,9899.05
2011,X03,Protección y promoción social,"CENTRO SERVICIOS SOCIALES PEÑA VEIGA, C/ PEÑA VEIGA, 6. OBRAS DE CONSERVACIÓN",,11262.92,11262.92
2011,X03,Protección y promoción social,"CENTRO DE MAYORES VILLA DE VALLECAS, C/ PICO MAMPODRE,6. CONSERVACIÓN",,16546.68,16546.68
2011,X03,Protección y promoción social,"CENTRO DE MAYORES SANTA EUGENIA, C/ FUENTESPINA. OBRAS DE CONSERVACIÓN",,3616.86,3616.86
2011,X03,Protección y promoción social,"EQUIPAMIENTO CENTRO FORMACIÓN OCUPACIONAL MUJER VILLA VALLECAS,  C/ HUELGA,5",,527.96,527.96
2011,X03,Protección y promoción social,TALLERES DE EMPLEO CENTRO VIVERISMO VILLA DE VALLECAS. ADQUISICIÓN MAQUINARIA,,7067.79,7067.79
2011,X05,Educación,,,323091.2,321895.72
2011,X05,Educación,"EQUIPAMIENTO ESCUELA INFANTIL VILLA DE VALLECAS Nº 5, AV. LA GAVIA, 22",,9884.88,9884.88
2011,X05,Educación,"COLEGIO PÚBLICO JUAN GRIS, C/ MUELA DE SAN JUAN, 31. OBRAS DE CONSERVACIÓN",,36315.93,36315.93
2011,X05,Educación,"COLEGIO PÚBLICO BLAS DE OTERO, C/ PUENTELARRA, 34. OBRAS DE CONSERVACIÓN",,20793.56,20793.56
2011,X05,Educación,COLEGIO PÚBLICO AGUSTÍN RODRÍGUEZ SAHAGÚN. OBRAS DE CONSERVACIÓN,,21971.99,21971.99
2011,X05,Educación,"ESCUELA INFANTIL VILLA DE VALLECAS Nº 5, AV. LA GAVIA, 22. OBRAS DE CONSERVACIÓN",,7032.93,7032.93
2011,X05,Educación,"COLEGIO PÚBLICO EL QUIJOTE, C/ FUENTIDUEÑA, 4. OBRAS DE CONSERVACIÓN",,5989.54,5989.54
2011,X05,Educación,COLEGIO PÚBLICO HONDURAS (PREESCOLAR). OBRAS DE CONSERVACIÓN,,5078.25,5078.25
2011,X05,Educación,COLEGIO PÚBLICO LOYOLA DE PALACIO. OBRAS DE CONSERVACIÓN,,19892.84,19892.84
2011,X05,Educación,EQUIPAMIENTO ESCUELA INFANTIL VILLA DE VALLECAS Nº 4,,6832.32,6832.32
2011,X05,Educación,COLEGIO PÚBLICO CIUDAD DE VALENCIA. REFORMA INTEGRAL,,10600.0,10459.19
2011,X05,Educación,OBRAS CONSERVACIÓN COLEGIOS PÚBLICOS DISTRITO VILLA DE VALLECAS,,1054.67,
2011,X05,Educación,"COLEGIO PÚBLICO CIUDAD DE VALENCIA, CTRA. DE VALENCIA, KM. 9. CONSERVACIÓN",,80612.08,80612.08
2011,X05,Educación,"COLEGIO PÚBLICO FRANCISCO FATOU, Cº. DE LA SUERTE, 23. OBRAS DE CONSERVACIÓN",,32392.01,32392.01
2011,X05,Educación,"COLEGIO PÚBLICO HONDURAS, C/ FEDERICO GARCÍA LORCA, 19. CONSERVACIÓN",,45134.7,45134.7
2011,X05,Educación,"COLEGIO PÚBLICO JUAN DE HERRERA, C/ ENRIQUE GARCÍA  ÁLVAREZ, 11. CONSERVACIÓN",,1460.08,1460.08
2011,X05,Educación,"ESCUELA DE MÚSICA VILLA DE VALLECAS, C/ AGUSTÍN GARCÍA MALLA, S/N. CONSERVACIÓN",,17974.67,17974.67
2011,X05,Educación,ESCUELA INFANTIL VILLA DE VALLECAS Nº 4. OBRAS DE CONSERVACIÓN,,70.75,70.75
2011,X10,Cultura,,,76567.47,76567.47
2011,X10,Cultura,"BIBLIOTECA PÚBLICA GERARDO DIEGO, C/ MONTE AYA, 12. OBRAS DE CONSERVACIÓN",,415.48,415.48
2011,X10,Cultura,"CENTRO CULTURAL ZAZUAR, C/ ZAZUAR, 4. OBRAS DE CONSERVACIÓN",,2310.03,2310.03
2011,X10,Cultura,"CENTRO CULTURAL FRANCISCO FATOU, C/ MANUEL VÉLEZ, 10. OBRAS DE CONSERVACIÓN",,15316.59,15316.59
2011,X10,Cultura,"AUDITORIO VILLA DE VALLECAS, C/ SIERRA GORDA, 64. OBRAS DE CONSERVACIÓN",,6508.69,6508.69
2011,X10,Cultura,"MERCADO DE SANTA EUGENIA, C/ VIRGEN DE LAS VIÑAS, 16. OBRAS DE CONSERVACIÓN",,52016.68,52016.68
2011,X00,Inversiones de carácter general,,,103328.37,102619.81
2011,X00,Inversiones de carácter general,EDIFICIO SEDE DISTRITO VILLA DE VALLECAS. OBRAS DE CONSERVACIÓN,,6950.92,6950.92
2011,X00,Inversiones de carácter general,OBRAS CONSERVACIÓN EDIFICIOS DISTRITO VILLA DE VALLECAS,,180.64,
2011,X00,Inversiones de carácter general,INSTALACIONES DE CLIMATIZACIÓN EDIFICIO SEDE DISTRITO DE VILLA DE VALLECAS,,87300.05,86772.13
2011,X00,Inversiones de carácter general,"EDIFICIO C/ PEÑA VEIGA, 6 C/V PICO DE LA BRÚJULA, 2. OBRAS DE CONSERVACIÓN",,8896.76,8896.76
2011,X02,"Tráfico, estacionamiento y transporte público",,,1362240.03,1258400.66
2011,X02,"Tráfico, estacionamiento y transporte público",SEMÁFOROS E INTERSECCIONES URBANAS DISTRITO DE VILLA DE VALLECAS,,13033.52,13033.52
2011,X02,"Tráfico, estacionamiento y transporte público",PUESTOS REPOSTADO GAS NATURAL COMPRIMIDO EN CENTRO OPERACIONES ENTREVÍAS,,1263503.07,1159663.7
2011,X02,"Tráfico, estacionamiento y transporte público",SEMÁFOROS Y SEÑALIZACIÓN INTERSECCIONES URBANAS. DISTRITO VILLA DE VALLECAS,,85703.44,85703.44
2012,X11,"Deportes, juventud y esparcimiento",,,233037.1,233035.2
2012,X11,"Deportes, juventud y esparcimiento","POLIDEPORTIVO MIGUEL GUILLÉN PRIM, C/ FUENTIDUEÑA, 6. OBRAS DE CONSERVACIÓN",,16512.66,16512.66
2012,X11,"Deportes, juventud y esparcimiento","POLIDEPORTIVO CERRO DE ALMODOVAR,CTRA.VALENCIA KM 9,5. ACONDICIONAMIENTO",,117540.26,117540.26
2012,X11,"Deportes, juventud y esparcimiento","CENTRO JUVENIL EL ALEPH, C/ ZAZUAR, 1 (C/V AV. MEDITERRÁNEO). CONSERVACIÓN",,2959.1,2959.1
2012,X11,"Deportes, juventud y esparcimiento",OBRAS CONSERVACIÓN INSTALACIONES DEPORTIVAS DISTRITO VILLA DE VALLECAS,,1.9,
2012,X11,"Deportes, juventud y esparcimiento",DEPORTIVO BÁSICO PARCELA 2.100 P.A.U. ENSANCHE VALLECAS. CONSERVACIÓN,,23544.04,23544.04
2012,X11,"Deportes, juventud y esparcimiento",DEPORTIVO BÁSICO PARCELA 3.16 P.A.U. ENSANCHE VALLECAS.  CONSERVACIÓN,,23544.04,23544.04
2012,X11,"Deportes, juventud y esparcimiento","POLIDEPORTIVO CERRO ALMODÓVAR, CRTA.DE VALENCIA, KM 9,5. CONSERVACIÓN",,48935.1,48935.1
2012,X06,Urbanismo,,,1118203.71,1076278.97
2012,X06,Urbanismo,C/PUERTO DE POZAZAL Y OTRAS. URBANIZACIÓN,,13792.78,
2012,X06,Urbanismo,Unidad de Ejecución Casco Antiguo Villa de Vallecas,,32392.7,31440.26
2012,X06,Urbanismo,"CALLES CAMINO DE HORMIGUERAS, 161 Y PEÑA SORRAPIA, 18. URBANIZACIÓN",,16531.8,16531.8
2012,X06,Urbanismo,ADQUISICIÓN DE SUELO EN NUEVOS ACCESOS AL VERTEDERO DE VILLA DE VALLECAS,,169723.99,169723.99
2012,X06,Urbanismo,"ADQUISICIÓN DE SUELO C/ SIERRA GORDA, 14",,123175.94,122462.17
2012,X06,Urbanismo,Polígon Cooperación c/Sierra Vieja,,26465.5,
2012,X06,Urbanismo,SUELO CTRA. VILLAVERDE A VALLECAS PROYECTO MERCAMADRID-MERCADOS CENTRALES,,736121.0,736120.75
2012,X09,Medio ambiente,,,1695524.89,
2012,X09,Medio ambiente,ENSANCHE DE VALLECAS UZP 1.03.  PLANTACIÓN DE ARBUSTOS Y REDES DE RIEGO,,1695524.89,
2012,X07,Infraestructuras,,,5418453.02,5285829.57
2012,X07,Infraestructuras,DESDOBLAMIENTO CARRETERA M-602.  VILLAVERDE- VALLECAS. TRAMO II,,5418453.02,5285829.57
2012,X08,Mantenimiento urbano,,,686579.78,686579.78
2012,X08,Mantenimiento urbano,RENOVACIÓN INTEGRAL INSTALACIONES Y PAVIMENTOS. PRIS Z-5 DTO. VILLA VALLECAS,,438281.64,438281.64
2012,X08,Mantenimiento urbano,ADAPTACIÓN NORMATIVA ALUMBRADO PÚBLICO A  NORMATIVA. VILLA VALLECAS,,248298.14,248298.14
2012,X03,Protección y promoción social,,,138500.92,104914.36
2012,X03,Protección y promoción social,"CENTRO DE SERVICIOS SOCIALES PEÑA VEIGA,C/ PEÑA VEIGA, 6. OBRAS DE CONSERVACIÓN",,5126.77,5126.77
2012,X03,Protección y promoción social,"EQUIPAMIENTO CENTRO ALTERNATIVO VILLA DE VALLECAS, Cº. POZO DEL TÍO RAIMUNDO, 5",,12496.88,12496.88
2012,X03,Protección y promoción social,"CENTRO DE SERVICIOS SOCIALES FUENTIDUEÑA, C/ FUENTIDUEÑA, 16. CONSERVACIÓN",,28550.59,28550.59
2012,X03,Protección y promoción social,"CENTRO DE MAYORES VILLA DE VALLECAS, C/ PICO MAMPODRE, 6. CONSERVACIÓN",,12424.67,12424.67
2012,X03,Protección y promoción social,"CENTRO DE MAYORES SANTA EUGENIA, C/ FUENTESPINA, S/N. OBRAS DE CONSERVACIÓN",,9794.39,9794.39
2012,X03,Protección y promoción social,"CENTRO FORMACIÓN OCUPACIONAL MUJER VILLA VALLECAS, C/ HUELGA, 5. REFORMA",,12107.62,12107.62
2012,X03,Protección y promoción social,"CENTRO DE FORMACIÓN OCUPACIONAL PARA LA MUJER C/ HUELGA, 5. CONSTRUCCIÓN.",,58000.0,24413.44
2012,X05,Educación,,,315143.8,309533.89
2012,X05,Educación,"EQUIPAMIENTO ESCUELA INFANTIL VILLA DE VALLECAS Nº 5, AV. LA GAVIA, 22",,10567.45,10567.45
2012,X05,Educación,"EQUIPAMIENTO ESCUELA INFANTIL VILLA  VALLECAS 4,C/J.ANTONIO REBOLLEDO Y PALMA, 18",,12027.35,12027.35
2012,X05,Educación,OBRAS CONSERVACIÓN COLEGIOS Y OTROS CENTROS EDUCATIVOS DTO.VILLA VALLECAS,,5609.91,
2012,X05,Educación,"COLEGIO PÚBLICO JUAN GRIS, C/ MUELA DE SAN JUAN, 31. OBRAS DE CONSERVACIÓN",,21385.25,21385.25
2012,X05,Educación,"COLEGIO PÚBLICO HONDURAS,C/ FEDERICO GARCÍA LORCA, 19.OBRAS DE CONSERVACIÓN",,5470.73,5470.73
2012,X05,Educación,"COLEGIO PÚBLICO BLAS DE OTERO, C/ PUENTELARRA, 34. OBRAS DE CONSERVACIÓN",,42679.14,42679.14
2012,X05,Educación,COLEGIO PÚBLICO AGUSTÍN RODRÍGUEZ SAHAGÚN. OBRAS DE CONSERVACIÓN,,24840.59,24840.59
2012,X05,Educación,COLEGIO PÚBLICO FRANCISCO FATOU. SUBSANACIÓN DEFICIENCIAS ELÉCTRICAS,,73393.84,73393.84
2012,X05,Educación,"COLEGIO PÚBLICO FRANCISCO FATOU, Cº.DE LA SUERTE, 23. OBRAS DE CONSERVACIÓN",,9782.64,9782.64
2012,X05,Educación,"ESCUELA INFANTIL VILLA DE VALLECAS Nº 5, AV. LA GAVIA, 22. OBRAS DE CONSERVACIÓN",,709.79,709.79
2012,X05,Educación,"COLEGIO PÚBLICO QUIJOTE, C/ FUENTIDUEÑA, 4. OBRAS DE CONSERVACIÓN",,24014.27,24014.27
2012,X05,Educación,"COLEGIO PÚBLICO CIUDAD DE VALENCIA, CTRA.DE VALENCIA, KM 9. CONSERVACIÓN",,44326.77,44326.77
2012,X05,Educación,"COLEGIO PÚBLICO LOYOLA DE PALACIO,C/ EMBALSE DE NAVACERRADA,60. CONSERVACIÓN",,16502.47,16502.47
2012,X05,Educación,"COLEGIO PÚBLICO JUAN DE HERRERA, C/ ENRIQUE GARCÍA ÁLVAREZ, 11. CONSERVACIÓN",,1019.98,1019.98
2012,X05,Educación,COLEGIO PÚBLICO JUAN DE HERRERA. OBRAS DE ACONDICIONAMIENTO,,22813.62,22813.62
2012,X10,Cultura,,,523655.71,61591.92
2012,X10,Cultura,"BIBLIOTECA PÚBLICA GERARDO DIEGO, C/ MONTE AYA, 12. OBRAS DE CONSERVACIÓN",,4305.62,4305.62
2012,X10,Cultura,"CENTRO CULTURAL ZAZUAR, C/ ZAZUAR, 4. OBRAS DE CONSERVACIÓN",,30942.66,30942.66
2012,X10,Cultura,"AUDITORIO VILLA DE VALLECAS, C/ SIERRA GORDA 64. OBRAS DE CONSERVACIÓN",,8525.3,8525.3
2012,X10,Cultura,"CENTRO SOCIOCULTURAL FRANCISCO FATÓU, C/ MANUEL VÉLEZ, 10. CONSERVACIÓN",,11819.22,11819.22
2012,X10,Cultura,MERCADO SANTA EUGENIA. ADAPTACIÓN CENTRO CULTURAL Y DE ASOCIACIONES,,468062.91,5999.12
2012,X00,Inversiones de carácter general,,,22054.68,22038.71
2012,X00,Inversiones de carácter general,EDIFICIO SEDE DISTRITO VILLA DE VALLECAS. OBRAS DE CONSERVACIÓN,,22038.71,22038.71
2012,X00,Inversiones de carácter general,OBRAS CONSERVACIÓN DE EDIFICIOS DISTRITO VILLA DE VALLECAS,,15.97,
2012,X02,"Tráfico, estacionamiento y transporte público",,,196645.42,196645.42
2012,X02,"Tráfico, estacionamiento y transporte público",SEMÁFOROS E INTERSECCIONES URBANAS DISTRITO DE VILLA DE VALLECAS,,196645.42,196645.42
2013,X11,"Deportes, juventud y esparcimiento",,,255168.5,251751.5
2013,X11,"Deportes, juventud y esparcimiento",CENTRO JUVENIL EL ALEPH. SEÑALIZACIÓN,,423.5,423.5
2013,X11,"Deportes, juventud y esparcimiento","POLIDEPORTIVO MIGUEL GUILLÉN PRIM, C/ FUENTIDUEÑA, 6. OBRAS DE CONSERVACIÓN",,17126.11,17126.11
2013,X11,"Deportes, juventud y esparcimiento",OBRAS CONSERVACIÓN INSTALACIONES DEPORTIVAS DISTRITO VILLA DE VALLECAS,,3381.56,
2013,X11,"Deportes, juventud y esparcimiento","EQUIPAMIENTO CENTRO JUVENIL EL SITIO DE MI RECREO, C/ REAL DE ARGANDA, 39",,462.76,462.76
2013,X11,"Deportes, juventud y esparcimiento",CENTRO JUVENIL EL SITIO DE MI RECREO. SEÑALIZACIÓN,,423.5,423.5
2013,X11,"Deportes, juventud y esparcimiento",EQUIPAMIENTO CENTRO DEPORTIVO MUNICIPAL CERRO ALMODOVAR,,15000.0,14964.56
2013,X11,"Deportes, juventud y esparcimiento","POLIDEPORTIVO CERRO ALMODÓVAR, CRTA. DE VALENCIA KM. 9,5. CONSERVACIÓN",,209169.15,209169.15
2013,X11,"Deportes, juventud y esparcimiento","DEPORTIVO BÁSICO PARCELA 2.100, AV. CERRO MILANO, 1. CONSERVACIÓN",,200.59,200.59
2013,X11,"Deportes, juventud y esparcimiento","DEPORTIVO BÁSICO PARCELA 3.16, AV. C/ALTO DEL RETIRO, 2. CONSERVACIÓN",,200.59,200.59
2013,X11,"Deportes, juventud y esparcimiento","CENTRO JUVENIL EL SITIO DE MI RECREO, C/ REAL DE ARGANDA, 39. CONSERVACIÓN",,495.76,495.76
2013,X11,"Deportes, juventud y esparcimiento","CENTRO JUVENIL EL ALEPH, C/ ZAZUAR, 1. OBRAS DE CONSERVACIÓN",,8284.98,8284.98
2013,X06,Urbanismo,,,1367720.73,1323842.45
2013,X06,Urbanismo,C/PUERTO DE POZAZAL Y OTRAS. URBANIZACIÓN,,13792.78,
2013,X06,Urbanismo,ADQUISICIÓN DE SUELO EN NUEVOS ACCESOS AL VERTEDERO DE VILLA DE VALLECAS,,444663.9,441043.9
2013,X06,Urbanismo,Polígon Cooperación c/Sierra Vieja,,26465.5,
2013,X06,Urbanismo,SUELO CTRA. VILLAVERDE A VALLECAS PROYECTO MERCAMADRID-MERCADOS CENTRALES,,881674.57,881674.57
2013,X06,Urbanismo,ADQUISICIÓN DE SUELO EN LA PLAZA DE JUAN DE MALASAÑA,,1123.98,1123.98
2013,X09,Medio ambiente,,,1731976.14,36451.25
2013,X09,Medio ambiente,ENSANCHE DE VALLECAS UZP 1.03.  PLANTACIÓN DE ARBUSTOS Y REDES DE RIEGO,,1695524.89,
2013,X09,Medio ambiente,AMPLIACIÓN TERCIARIO ERAR LA GAVIA,,36451.25,36451.25
2013,X08,Mantenimiento urbano,,,617708.99,617708.99
2013,X08,Mantenimiento urbano,RENOVACIÓN INTEGRAL INSTALACIONES Y PAVIMENTOS. PRIS Z-5 DTO. VILLA VALLECAS,,500416.27,500416.27
2013,X08,Mantenimiento urbano,ADAPTACIÓN NORMATIVA ALUMBRADO PÚBLICO A  NORMATIVA. VILLA VALLECAS,,117292.72,117292.72
2013,X03,Protección y promoción social,,,31715.2,31562.59
2013,X03,Protección y promoción social,"CENTRO DE SERVICIOS SOCIALES FUENTIDUEÑA, C/ FUENTIDUEÑA, 16. CONSERVACIÓN",,8097.77,8097.77
2013,X03,Protección y promoción social,"INSTALACIONES CENTRO ATENCIÓN PERSONAS SIN HOGAR POZO TÍO RAIMUNDO, 3. MEJORA",,8590.0,8447.35
2013,X03,Protección y promoción social,EQUIPAMIENTO CENTRO MAYORES VILLA DE VALLECAS,,5000.0,4990.04
2013,X03,Protección y promoción social,"CENTRO DE MAYORES SANTA EUGENIA, C/ VIRGEN DE LAS VIÑAS, 1. CONSERVACIÓN",,442.04,442.04
2013,X03,Protección y promoción social,"CENTRO SERVICIOS SOCIALES PEÑA VEIGA, C/ PEÑA VEIGA S/N. OBRAS DE CONSERVACIÓN",,9497.7,9497.7
2013,X03,Protección y promoción social,"CENTRO DE MAYORES VILLA DE VALLECAS, C/ PICO MAMPODRE, 6. OBRAS DE CONSERVACIÓN",,87.69,87.69
2013,X05,Educación,,,298662.94,295004.48
2013,X05,Educación,"COLEGIO PÚBLICO JUAN GRIS, C/ MUELA DE SAN JUAN, 31. OBRAS DE CONSERVACIÓN",,22925.14,22925.14
2013,X05,Educación,"COLEGIO PÚBLICO BLAS DE OTERO, C/ PUENTELARRA, 34. OBRAS DE CONSERVACIÓN",,11116.55,11116.55
2013,X05,Educación,COLEGIO PÚBLICO AGUSTÍN RODRÍGUEZ SAHAGÚN. OBRAS DE CONSERVACIÓN,,10696.73,10696.73
2013,X05,Educación,"EQUIPAMIENTO ESCUELA INFANTIL LOS SOBRINOS DEL CAPITÁN GRANT , AV. GAVIA, 22",,1427.68,1427.68
2013,X05,Educación,"EQUIPAMIENTO ESCUELA INFANTIL LA REVOLTOSA, C/ J.ANTONIO REBOLLEDO Y PALMA, 18",,1427.68,1427.68
2013,X05,Educación,CONSERVACIÓN COLEGIOS Y OTROS CENTROS EDUCATIVOS DISTRITO VILLA VALLECAS,,3658.46,
2013,X05,Educación,"COLEGIO PÚBLICO CIUDAD DE VALENCIA, CRTA.VALENCIA, 9. OBRAS DE CONSERVACIÓN",,52997.12,52997.12
2013,X05,Educación,"COLEGIO PÚBLICO LOYOLA DE PALACIO, C/EMBALSE DE NAVACERRADA, 60. CONSERVACIÓN",,29084.94,29084.94
2013,X05,Educación,"COLEGIO PÚBLICO HONDURAS, Pº FEDERICO GARCÍA LORCA, 19. CONSERVACIÓN",,31484.48,31484.48
2013,X05,Educación,"COLEGIO PÚBLICO EL QUIJOTE, C/ FUENTIDUEÑA, 4. OBRAS DE CONSERVACIÓN",,81057.25,81057.25
2013,X05,Educación,COLEGIO PÚBLICO HONDURAS (PREESCOLAR). OBRAS DE CONSERVACIÓN,,1676.2,1676.2
2013,X05,Educación,"COLEGIO PÚBLICO JUAN DE HERRERA. C/ ENRIQUE GARCÍA ÁLVAREZ, 11. CONSERVACIÓN",,23791.52,23791.52
2013,X05,Educación,"COLEGIO PÚBLICO FRANCISCO FATOU, C/ CAMINO SUERTE, 23. OBRAS DE CONSERVACIÓN",,21166.78,21166.78
2013,X05,Educación,"ESCUELA INFANTIL LOS SOBRINOS DEL CAPITÁN GRANT, AV. LA GAVIA, 22. CONSERVACIÓN",,2989.63,2989.63
2013,X05,Educación,ESCUELA INFANTIL LA REVOLTOSA. OBRAS DE CONSERVACIÓN,,3162.78,3162.78
2013,X10,Cultura,,,67888.07,67888.07
2013,X10,Cultura,"CENTRO CULTURAL ZAZUAR, C/ ZAZUAR, 4. OBRAS DE CONSERVACIÓN",,20617.62,20617.62
2013,X10,Cultura,"CENTRO CULTURAL FRANCISCO FATOU, C/ MANUEL VÉLEZ, 10. OBRAS DE CONSERVACIÓN",,14620.0,14620.0
2013,X10,Cultura,"BIBLIOTECA GERARDO DIEGO, C/ MONTE AYA, 12. OBRAS DE CONSERVACIÓN",,27859.95,27859.95
2013,X10,Cultura,"AUDITORIO VILLA DE VALLECAS, C/ SIERRA GORDA, 64. OBRAS DE CONSERVACIÓN",,146.81,146.81
2013,X10,Cultura,"MERCADO DE SANTA EUGENIA, C/ VIRGEN DE LAS VIÑAS, 16. OBRAS DE CONSERVACIÓN",,4643.69,4643.69
2013,X00,Inversiones de carácter general,,,43312.23,40404.9
2013,X00,Inversiones de carácter general,EDIFICIO SEDE DISTRITO VILLA DE VALLECAS. OBRAS DE CONSERVACIÓN,,38801.66,38801.66
2013,X00,Inversiones de carácter general,EQUIPAMIENTO SERVICIOS ADMINISTRATIVOS DISTRITO VILLA DE VALLECAS,,1603.24,1603.24
2013,X00,Inversiones de carácter general,OBRAS CONSERVACIÓN EDIFICIOS VILLA DE VALLECAS,,2907.33,
2013,X02,"Tráfico, estacionamiento y transporte público",,,44886.06,44886.06
2013,X02,"Tráfico, estacionamiento y transporte público",SEMÁFOROS E INTERSECCIONES URBANAS DISTRITO DE VILLA DE VALLECAS,,44886.06,44886.06
2014,X11,"Deportes, juventud y esparcimiento",,,252761.82,252079.46
2014,X11,"Deportes, juventud y esparcimiento",OBRAS CONSERVACIÓN INSTALACIONES DEPORTIVAS DISTRITO VILLA DE VALLECAS,,2.42,
2014,X11,"Deportes, juventud y esparcimiento","CENTRO JUVENIL EL SITIO DE MI RECREO, C/ REAL DE ARGANDA, 39. CONSERVACIÓN",,3695.93,3695.93
2014,X11,"Deportes, juventud y esparcimiento","CENTRO JUVENIL EL ALEPH, C/ ZAZUAR, 1. OBRAS DE CONSERVACIÓN",,5229.0,5229.0
2014,X11,"Deportes, juventud y esparcimiento",IFS-CENTRO JUVENIL EL SITIO DE MI RECREO. PLAN AUTOPROTACCIÓN Y MEJORA CLIMATIZACIÓN,,8994.38,8314.44
2014,X11,"Deportes, juventud y esparcimiento","EQUIPAMIENTO CENTRO JUVENIL EL SITIO DE MI RECREO, C/ REAL DE ARGANDA, 39-41",,991.6,991.6
2014,X11,"Deportes, juventud y esparcimiento","CENTRO JUVENIL EL SITIO DE MI RECREO, C/ REAL DE ARGANDA, 39. SEÑALIZACIÓN",,411.4,411.4
2014,X11,"Deportes, juventud y esparcimiento","CENTRO JUVENIL EL ALEPH, C/ ZAZUAR, 1. SEÑALIZACIÓN",,411.4,411.4
2014,X11,"Deportes, juventud y esparcimiento",CENTRO JUVENIL EL SITIO DE MI RECREO. MEJORA AUDITORIO,,12153.11,12153.11
2014,X11,"Deportes, juventud y esparcimiento","CENTRO DEPORTIVO CERRO ALMODÓVAR, CRTA. VALENCIA KM. 9,5. ACONDICIONAMIENTO",,178873.45,178873.45
2014,X11,"Deportes, juventud y esparcimiento","CENTRO DEPORTIVO MIGUEL GUILLÉN PRIM, C/ FUENTIDUEÑA, 6. OBRAS DE CONSERVACIÓN",,21252.86,21252.86
2014,X11,"Deportes, juventud y esparcimiento","DEPORTIVO BÁSICO PUENTELARRA, C/ PUENTELARRA, 12-16. OBRAS DE CONSERVACIÓN",,18493.07,18493.07
2014,X11,"Deportes, juventud y esparcimiento","CAMPO DE FÚTBOL LA UNIÓN, C/ ENRIQUE GARCÍA ALVÁREZ, 2. OBRAS DE CONSERVACIÓN",,1824.2,1824.2
2014,X11,"Deportes, juventud y esparcimiento","DEPORTIVO BÁSICO PARCELA 3.16, C/ ALTO DEL RETIRO, 2. OBRAS DE CONSERVACIÓN",,214.5,214.5
2014,X11,"Deportes, juventud y esparcimiento","DEPORTIVO BÁSICO PARCELA 2.100, AV. CERRO MILANO, 1. OBRAS DE CONSERVACIÓN",,214.5,214.5
2014,X06,Urbanismo,,,24215659.15,23758663.78
2014,X06,Urbanismo,SUELO URBANIZABLE PROGRAMADO 3.01 DESARROLLO DEL ESTE VALDECARROS,,122063.62,122063.62
2014,X06,Urbanismo,ADQUISICIÓN DE SUELO EN NUEVOS ACCESOS AL VERTEDERO DE VILLA DE VALLECAS,,50990.03,50990.03
2014,X06,Urbanismo,ÁREA DE PLANEAMIENTO ESPECÍFICO 18.60 LA ATALAYUELA,,443531.12,
2014,X06,Urbanismo,"DEMOLICIÓN EDIFICACIONES CALLES LUMBRALES, HUELGA Y NAVAMURES",,29319.47,28945.8
2014,X06,Urbanismo,"ADQUISICIÓN DE SUELO CAMINO DE VASARES, S/N",,1858528.25,1858528.25
2014,X06,Urbanismo,ADQUISICIÓN SUELO Cº DE VASARES Y PZA. CONVIVENCIA. VIARIO Y ZONA VERDE,,633212.67,633212.67
2014,X06,Urbanismo,"ADQUISICIÓN DE SUELO Cº DEL POZO DEL TÍO RAIMUNDO, S/N (USO GENERAL)",,9526252.88,9526013.27
2014,X06,Urbanismo,ÁREA DE PLANEAMIENTO ESPECÍFICO 18.01 POZA DE LA SAL-CARRETERA DE VALENCIA,,4194.7,4194.7
2014,X06,Urbanismo,DEMOLICIÓN EDIFICACIONES C/MATILLAS Y C/ PALAZUELOS,,29645.25,23782.48
2014,X06,Urbanismo,"DEMOLICIÓN EDIFICIO C/ CARANAVAJOS, 3",,29273.88,23699.12
2014,X06,Urbanismo,DEMOLICIÓN EDIFICACIONES C/ SIERRA DE BOBIA,,7686.16,6272.72
2014,X06,Urbanismo,"ADQUISICIÓN DE SUELO Cº DEL POZO DEL TÍO RAIMUNDO, S/N",,9115987.44,9115987.44
2014,X06,Urbanismo,ADQUISICIÓN DE SUELO Cº DE VASARES Y PZA. CONVIVENCIA. EQUIPAMIENTOS,,422141.78,422141.78
2014,X06,Urbanismo,ADQUISICIÓN DE SUELO CAMINO DE VASARES S/N (EQUIPAMIENTOS),,1453616.41,1453616.41
2014,X06,Urbanismo,ADQUISICIÓN DE SUELO CAMINO DE VASARES S/N - AV. DE SANTA EUGENIA,,489215.49,489215.49
2014,X09,Medio ambiente,,,6363883.62,1780547.92
2014,X09,Medio ambiente,ENSANCHE DE VALLECAS UZP 1.03.  PLANTACIÓN DE ARBUSTOS Y REDES DE RIEGO,,1653487.08,
2014,X09,Medio ambiente,AMPLIACIÓN TERCIARIO ERAR LA GAVIA,,4500000.0,1589077.02
2014,X09,Medio ambiente,PARQUE ARROYO DE LA GAVIA. ADECUACIÓN REDES DE SERVICIO,,45176.97,27091.9
2014,X09,Medio ambiente,ACONDICIONAMIENTO CAMINO CAÑADA DE LAS CANTERAS,,60000.0,59159.49
2014,X09,Medio ambiente,ESTANQUE DE TORMENTAS DE ABROÑIGALES. CONSTRUCCIÓN,,88099.0,88098.94
2014,X09,Medio ambiente,CENTRO DE VISITANTES DEL PARQUE DE VALDEMINGÓMEZ. OBRAS DE ACONDICIONAMIENTO,,17120.57,17120.57
2014,X08,Mantenimiento urbano,,,112096.03,112096.03
2014,X08,Mantenimiento urbano,RENOVACIÓN INTEGRAL INSTALACIONES Y PAVIMENTOS. PRIS Z-5 DTO. VILLA VALLECAS,,96198.88,96198.88
2014,X08,Mantenimiento urbano,ADAPTACIÓN NORMATIVA ALUMBRADO PÚBLICO A  NORMATIVA. VILLA VALLECAS,,12174.45,12174.45
2014,X08,Mantenimiento urbano,HIDRANTES DISTRITO VILLA DE VALLECAS. INSTALACIÓN,,3722.7,3722.7
2014,X03,Protección y promoción social,,,129101.77,128964.52
2014,X03,Protección y promoción social,"CENTRO DE SERVICIOS SOCIALES FUENTIDUEÑA, C/ FUENTIDUEÑA, 16. CONSERVACIÓN",,1443.47,1443.47
2014,X03,Protección y promoción social,"CENTRO DE MAYORES VILLA DE VALLECAS, C/ PICO MAMPODRE, 6. CONSERVACIÓN",,3083.19,3083.19
2014,X03,Protección y promoción social,"CENTRO DE MAYORES SANTA EUGENIA, C/ VIRGEN DE LAS VIÑAS, 1. CONSERVACIÓN",,823.04,823.04
2014,X03,Protección y promoción social,IFS-CENTRO DE MAYORES VILLA DE VALLECAS. AISLAMIENTO ACÚSTICO,,5039.23,5037.57
2014,X03,Protección y promoción social,EQUIPAMIENTO SERVICIOS INCLUSIÓN SOCIAL- EMERGENCIAS VILLA VALLECAS,,500.0,382.77
2014,X03,Protección y promoción social,"EQUIPAMIENTO CENTRO MAYORES SANTA EUGENIA. C/VIRGEN DE LAS VIÑÁS, 1",,100.0,84.99
2014,X03,Protección y promoción social,"CENTRO DE SERVICIOS SOCIALES PEÑA VEIGA, C/ PEÑA VEIGA S/N. CONSERVACIÓN",,24768.84,24768.84
2014,X03,Protección y promoción social,IFS-CENTRO DE SERVICIOS SOCIALES PEÑAVIGA. REPARACIÓN FACHADA PARA AHORRO ENERGÉTICO,,43186.72,43183.43
2014,X03,Protección y promoción social,IFS-CENTRO SOCIAL FUENTIDUEÑA.SUPRESIÓN BARRERAS Y ADECUACIÓN ZONA ESTANCIAL,,24487.1,24487.1
2014,X03,Protección y promoción social,IFS-CENTRO SERVICIOS SOCIALES PEÑAVEIGA. SISTEMA DETECCIÓN DE INCENDIOS Y CENTRALITA,,8109.95,8109.92
2014,X03,Protección y promoción social,IFS-CENTRO DE SERVICIOS SOCIALES PEÑAVEIGA.ADAPTACIÓN CALDERA PARA AHORRO ENERGÉTICO,,8588.53,8588.5
2014,X03,Protección y promoción social,"EQUIPAMIENTO CENTRO FORMACIÓN OCUPACIONAL PARA LA MUJER, C/ HUELGA, 5",,8971.7,8971.7
2014,X05,Educación,,,524524.1,497937.31
2014,X05,Educación,"COLEGIO PÚBLICO BLAS DE OTERO, C/ PUENTELARRA, 34. OBRAS DE CONSERVACIÓN",,44054.08,44054.08
2014,X05,Educación,COLEGIO PÚBLICO AGUSTÍN RODRÍGUEZ SAHAGÚN. OBRAS DE CONSERVACIÓN,,2053.34,2053.34
2014,X05,Educación,"COLEGIO PÚBLICO JUAN DE HERRERA, C/ ENRIQUE GARCÍA ÁLVAREZ, 11. CONSERVACIÓN",,15689.83,15689.83
2014,X05,Educación,"COLEGIO PÚBLICO LOYOLA DE PALACIO, C/EMBALSE DE NAVACERRADA, 60. CONSERVACIÓN",,38926.4,38926.4
2014,X05,Educación,COLEGIO PÚBLICO HONDURAS (PREESCOLAR). OBRAS DE CONSERVACIÓN,,17868.24,17868.24
2014,X05,Educación,"ESCUELA INFANTIL LOS SOBRINOS DEL CAPITÁN GRANT, AV. LA GAVIA, 22. CONSERVACIÓN",,630.54,630.54
2014,X05,Educación,ESCUELA INFANTIL LA REVOLTOSA. OBRAS DE CONSERVACIÓN,,1326.2,1326.2
2014,X05,Educación,COLEGIO PÚBLICO HONDURAS. ADOPCIÓN MEDIDAS DE SEGURIDAD,,209347.38,183903.18
2014,X05,Educación,ESCUELA INFANTIL LOS SOBRINOS DEL CAPITÁN GRANT. INSTALACIÓN PÉRGOLA,,2879.8,2879.8
2014,X05,Educación,EQUIPAMIENTO ESCUELA DE MÚSICA VILLA DE VALLECAS,,1749.66,1749.66
2014,X05,Educación,EQUIPAMIENTO ESCUELA INFANTIL LA REVOLTOSA,,3537.86,3536.36
2014,X05,Educación,"EQUIPAMIENTO ESCUELA INFANTIL LOS SOBRINOS DEL CAPITÁN GRANT, AV. GAVIA, 22",,3507.4,3505.9
2014,X05,Educación,CONSERVACIÓN COLEGIOS Y OTROS CENTROS EDUCATIVOS DISTRITO VILLA DE VALLECAS,,1139.52,
2014,X05,Educación,"COLEGIO PÚBLICO HONDURAS, Pº FEDERICO GARCÍA LORCA, 19. OBRAS DE CONSERVACIÓN",,14818.37,14818.37
2014,X05,Educación,"COLEGIO PÚBLICO FRANCISCO FATOU, C/ CAMINO DE LA SUERTE, 23. CONSERVACIÓN",,29878.59,29878.59
2014,X05,Educación,"COLEGIO PÚBLICO CIUDAD DE VALENCIA, CRTA. VALENCIA, 9. ACONDICIONAMIENTO",,58944.82,58944.82
2014,X05,Educación,"COLEGIO PÚBLICO JUAN GRIS, C/ MUELA DE SAN JUAN, 31. OBRAS DE ACONDICIONAMIENTO",,61363.99,61363.92
2014,X05,Educación,"COLEGIO PÚBLICO EL QUIJOTE, C/ FUENTIDUEÑA, 4. OBRAS DE ACONDICIONAMIENTO",,12410.69,12410.69
2014,X05,Educación,"ESCUELA DE MÚSICA VILLA DE VALLECAS, C/ AGUSTÍN GARCÍA MALLA, 4. CONSERVACIÓN",,4397.39,4397.39
2014,X10,Cultura,,,117114.95,103347.57
2014,X10,Cultura,"CENTRO CULTURAL ZAZUAR, C/ ZAZUAR, 4. OBRAS DE CONSERVACIÓN",,306.98,306.98
2014,X10,Cultura,"CENTRO CULTURAL FRANCISCO FATOU, C/ MANUEL VÉLEZ, 10. OBRAS DE CONSERVACIÓN",,9903.73,9903.73
2014,X10,Cultura,"BIBLIOTECA GERARDO DIEGO, C/ MONTE AYA, 12. OBRAS DE CONSERVACIÓN",,9037.53,9037.53
2014,X10,Cultura,"AUDITORIO VILLA DE VALLECAS, C/ SIERRA GORDA, 64. OBRAS DE CONSERVACIÓN",,10915.42,10915.42
2014,X10,Cultura,"BIBLIOTECA GERARDO DIEGO, C/ MONTE AYA, 12. SEÑALIZACIÓN",,880.91,880.91
2014,X10,Cultura,IFS-BIBLIOTECA PÚBLICA GERARDO DIEGO. ADAPTACIÓN A NORMATIVA ELÉCTRICA,,10000.0,
2014,X10,Cultura,IFS-CENTRO CULTURAL EL SITIO DE MI RECREO. ADAPTACIÓN A NORMATIVA ELÉCTRICA,,286.53,286.53
2014,X10,Cultura,IFS-AUDITORIO VILLA DE VALLECAS. PROTECCIÓN DE LA ESTRUCTURA METÁLICA DEL ESCENARIO,,29958.1,27457.68
2014,X10,Cultura,IFS-CENTRO CULTURAL ZAZUAR. ACTUACIONES DE MEJORA Y AHORRO ENERGÉTICO,,17321.59,16130.99
2014,X10,Cultura,IFS-CENTRO CULTURAL FRANCISCO FATOU. CLIMATIZACIÓN GIMNASIO PARA AHORRO ENERGÉTICO,,12305.08,12303.92
2014,X10,Cultura,IFS-CENTRO CULTURAL FRANCISCO FATOU. DIVERSAS ACTUACIONES DE MEJORA Y ACCESIBILIDAD,,11477.12,11476.62
2014,X10,Cultura,IFS-BIBLIOTECA GERARDO DIEGO. ADAPTACIÓN INSTALACIONES A NORMATIVA,,4721.96,4647.26
2014,X14,Sectores productivos,,,8000.0,623.78
2014,X14,Sectores productivos,IFS-MERCADO DE VILLA DE VALLECAS. EXIGENCIAS INSPECCIÓN TÉCNICA DE EDIFICIOS,,8000.0,623.78
2014,X04,Salud pública,,,215.65,215.65
2014,X04,Salud pública,UNIDAD TÉCNICA DE MERCAMADRID. ADQUISICIÓN DE MAQUINARIA,,215.65,215.65
2014,X00,Inversiones de carácter general,,,148164.86,140306.87
2014,X00,Inversiones de carácter general,EDIFICIO SEDE DISTRITO VILLA DE VALLECAS. OBRAS DE CONSERVACIÓN,,39304.79,39304.79
2014,X00,Inversiones de carácter general,IFS-EDIFICIO SEDE DISTRITO VILLA DE VALLECAS. ADAPTACIÓN A NORMATIVA ELÉCTRICA,,13540.98,13332.53
2014,X00,Inversiones de carácter general,EQUIPAMIENTO SERVICIOS ADMINISTRATIVOS DISTRITO DE VILLA DE VALLECAS,,2700.0,1768.43
2014,X00,Inversiones de carácter general,OBRAS CONSERVACIÓN EDIFICIOS DISTRITO VILLA DE VALLECAS,,31.08,
2014,X00,Inversiones de carácter general,IFS-EDIFICIO SEDE DISTRITO VILLA DE VALLECAS. REPARACIÓN SANEAMIENTO,,27590.66,23762.23
2014,X00,Inversiones de carácter general,IFS-EDIFICIO SEDE DISTRITO VILLA VALLECAS. ADECUACIÓN ENCIMERAS Y LABAVOS DE ASEOS,,21662.84,21658.69
2014,X00,Inversiones de carácter general,IFS-SEDE VILLA DE  VALLECAS. ADECUACIÓN FACHADA Y EXTERIORES PARA AHORRO ENERGÉTICO,,43334.51,40480.2
2014,X02,"Tráfico, estacionamiento y transporte público",,,55679.21,55679.21
2014,X02,"Tráfico, estacionamiento y transporte público",SEMÁFOROS E INTERSECCIONES URBANAS DISTRITO DE VILLA DE VALLECAS,,55679.21,55679.21
2015,X11,"Deportes, juventud y esparcimiento",,,230884.85,226411.09
2015,X11,"Deportes, juventud y esparcimiento",EQUIPAMIENTO CENTRO JUVENIL EL SITIO DE MI RECREO,,929.0,929.0
2015,X11,"Deportes, juventud y esparcimiento","CENTRO JUVENIL EL ALEPH, C/ ZAZUAR, 1. OBRAS DE CONSERVACIÓN",,624.44,624.44
2015,X11,"Deportes, juventud y esparcimiento","CENTRO DEPORTIVO MIGUEL GUILLÉN PRIM, C/ FUENTIDUEÑA, 6. OBRAS DE CONSERVACIÓN",,28380.85,27915.46
2015,X11,"Deportes, juventud y esparcimiento","DEPORTIVO BÁSICO PUENTELARRA, C/ PUENTELARRA, 12-16. OBRAS DE CONSERVACIÓN",,19697.8,19697.8
2015,X11,"Deportes, juventud y esparcimiento","DEPORTIVO BÁSICO PARCELA 3.16, C/ ALTO DEL RETIRO, 2. OBRAS DE CONSERVACIÓN",,11328.73,11328.73
2015,X11,"Deportes, juventud y esparcimiento","DEPORTIVO BÁSICO PARCELA 2.100, AV. CERRO MILANO, 1. OBRAS DE CONSERVACIÓN",,11328.73,11328.73
2015,X11,"Deportes, juventud y esparcimiento","CENTRO JUEVENIL EL SITIO DE MI RECREO, C/ REAL DE ARGANDA, 39. OBRAS DE CONSERVACIÓN",,901.81,901.8
2015,X11,"Deportes, juventud y esparcimiento",OBRAS DE CONSERVACIÓN INSTALACIONES DEPORTIVAS DISTRITO DE VILLA DE VALLECAS,,3341.04,
2015,X11,"Deportes, juventud y esparcimiento","CENTRO DEPORTIVO CERRO ALMODÓVAR, CRTA. DE VALENCIA KM. 9,5. OBRAS DE CONSERVACIÓN",,147218.59,146551.27
2015,X11,"Deportes, juventud y esparcimiento",DEPORTIVO BÁSICO PARQUE DEL CEMENTERIO. OBRAS DE CONSERVACIÓN,,6363.24,6363.24
2015,X11,"Deportes, juventud y esparcimiento",DEPORTIVO BÁSICO VIRGEN DE LAS VIÑAS. OBRAS DE CONSERVACIÓN,,385.31,385.31
2015,X11,"Deportes, juventud y esparcimiento",DEPORTIVO BÁSICO PARQUE REAL DE ARGANDA. OBRAS DE CONSERVACIÓN,,385.31,385.31
2015,X06,Urbanismo,,,2351319.71,1523844.7
2015,X06,Urbanismo,SUELO URBANIZABLE PROGRAMADO 3.01 DESARROLLO DEL ESTE VALDECARROS,,121742.81,121742.81
2015,X06,Urbanismo,ADQUISICIÓN DE SUELO EN NUEVOS ACCESOS AL VERTEDERO DE VILLA DE VALLECAS,,94361.36,94361.36
2015,X06,Urbanismo,ÁREA DE PLANEAMIENTO ESPECÍFICO 18.60 LA ATALAYUELA,,443531.12,
2015,X06,Urbanismo,"ADQUISICIÓN DE SUELO CAMINO DE VASARES, S/N",,9655.34,
2015,X06,Urbanismo,"ADQUISICIÓN DE SUELO Cº DEL POZO DEL TÍO RAIMUNDO, S/N",,138718.84,133900.56
2015,X06,Urbanismo,ADQUISICIÓN DE SUELO CAMINO DE VASARES S/N (EQUIPAMIENTOS),,21251.63,
2015,X06,Urbanismo,SUELO URBANIZABLE PROGRAMADO ENSANCHE VALLECAS 1.03,,85900.0,
2015,X06,Urbanismo,SISTEMAS DE COMPENSACIÓN. UZP 1.04 LA ATALAYUELA,,1420347.0,1173839.97
2015,X06,Urbanismo,"DEMOLICIÓN EDIFICACIONES Y ACONDICIONAMIENTO SOLARES C/ HUELGA, 15 Y 22",,15811.61,
2015,X09,Medio ambiente,,,10086392.08,8135884.09
2015,X09,Medio ambiente,ENSANCHE DE VALLECAS UZP 1.03.  PLANTACIÓN DE ARBUSTOS Y REDES DE RIEGO,,1653487.08,
2015,X09,Medio ambiente,AMPLIACIÓN TERCIARIO ERAR LA GAVIA,,8407905.0,8128350.45
2015,X09,Medio ambiente,IFS-CASETA PARQUE PUEBLO DE VALLECAS.EXIGENCIAS INSPECCIÓN TÉCNICA DE EDIFICIOS,,25000.0,7533.64
2015,X07,Infraestructuras,,,599837.1,
2015,X07,Infraestructuras,CONEXIÓN VIARIA AV.ENTREVÍAS-POLÍGONO INDUSTRIAL VILLA DE VALLECAS,,99837.1,
2015,X07,Infraestructuras,CONEXIÓN C/ FRANCISCO ÁLVAREZ CON GLORIETA CARRETERA VALDEMINGÓMEZ,,500000.0,
2015,X08,Mantenimiento urbano,,,1021780.0,
2015,X08,Mantenimiento urbano,IFS-CAMINO ERAR GAVIA. MEJORA FIRME DEL VIAL,,1021780.0,
2015,X03,Protección y promoción social,,,154842.79,121119.18
2015,X03,Protección y promoción social,EQUIPAMIENTO CENTRO CAMPAÑA DE FRÍO ALTERNATIVO VILLA DE VALLECAS,,8600.0,8581.34
2015,X03,Protección y promoción social,CENTRO DE MAYORES VILLA DE VALLECAS. OBRAS DE CONSERVACIÓN,,27383.42,27383.42
2015,X03,Protección y promoción social,CENTRO DE SERVICIOS SOCIALES PEÑA VEIGA. OBRAS DE CONSERVACIÓN,,4463.77,3689.41
2015,X03,Protección y promoción social,CENTRO DE MAYORES SANTA EUGENIA. OBRAS DE CONSERVACIÓN,,3903.74,3903.68
2015,X03,Protección y promoción social,EQUIPAMIENTO CENTROS DE MAYORES DISTRITO DE VILLA DE VALLECAS,,5835.99,
2015,X03,Protección y promoción social,EQUIPAMIENTO CENTRO DE MAYORES VILLA DE VALLECAS,,720.07,720.07
2015,X03,Protección y promoción social,EQUIPAMIENTO CENTRO DE MAYORES SANTA EUGENIA,,443.94,443.94
2015,X03,Protección y promoción social,IFS-CENTRO DE SERVICIOS SOCIALES PEÑA VEIGA. ADAPTACIÓN A NORMATIVA DE ACCESIBILIDAD,,18000.0,9891.04
2015,X03,Protección y promoción social,IFS-CENTRO SERVICIOS SOCIALES PEÑA VEIGA. INSTALACIONES CLIMATIZACIÓN Y EFICIENCIA ENRGÉTICA,,5869.58,
2015,X03,Protección y promoción social,IFS-CENTRO SOCIAL PEÑA VEIGA. INSTALACIÓN ELÉCTICA ILUMINACIÓN Y EFICIENCIA ENERGÉTICA,,17740.44,17251.6
2015,X03,Protección y promoción social,IFS-CENTRO SOCIAL FUENTIDUEÑA. INSTALACIÓN ELÉCTICA ILUMINACIÓN Y EFICIENCIA ENERGÉTICA,,30285.1,29676.99
2015,X03,Protección y promoción social,IFS-CENTRO MAYORES SANTA EUGENIA . INSTALACIÓN ELÉCTICA ILUMINACIÓN Y EFICIENCIA ENERGÉTICA,,16596.74,14791.73
2015,X03,Protección y promoción social,IFS-CENTRO DE MAYORES VILLA DE VALLECAS. ADAPTACIÓN A NORMATIVA ELÉCTRICA,,15000.0,4785.96
2015,X05,Educación,,,584816.83,549548.72
2015,X05,Educación,COLEGIO PÚBLICO AGUSTÍN RODRÍGUEZ SAHAGÚN. OBRAS DE CONSERVACIÓN,,17859.93,17859.93
2015,X05,Educación,COLEGIO PÚBLICO HONDURAS (PREESCOLAR). OBRAS DE CONSERVACIÓN,,27626.76,26872.33
2015,X05,Educación,ESCUELA INFANTIL LA REVOLTOSA. OBRAS DE CONSERVACIÓN,,19402.03,19402.03
2015,X05,Educación,COLEGIO PÚBLICO HONDURAS. ADOPCIÓN MEDIDAS DE SEGURIDAD,,205437.02,175863.53
2015,X05,Educación,EQUIPAMIENTO ESCUELA INFANTIL LA REVOLTOSA,,412.86,412.86
2015,X05,Educación,COLEGIO PÚBLICO CIUDAD DE VALENCIA. ADOPCIÓN MEDIDAS DE SEGURIDAD,,27410.96,27406.85
2015,X05,Educación,ESCUELA INFANTIL LOS SOBRINOS DEL CAPITÁN GRANT. ADOPCIÓN MEDIDAS DE SEGURIDAD,,4847.25,4847.24
2015,X05,Educación,EQUIPAMIENTO ESCUELA INFANTIL LOS SOBRINOS DEL CAPITAN GRANT,,659.48,659.48
2015,X05,Educación,ESCUELA INFANTIL LA REVOLTOSA. PLACA IDENTIFICATIVA,,566.13,566.13
2015,X05,Educación,ESCUELA INFANTIL LOS SOBRINOS DEL CAPITAN GRANT. PLACA IDENTIFICATIVA,,566.13,566.13
2015,X05,Educación,OBRAS CONSERVACIÓN CENTROS DOCENTES DE ENSEÑANZA DISTRITO VILLA DE VALLECAS,,3898.0,
2015,X05,Educación,ESCUELA INFANTIL LOS SOBRINOS DEL CAPITAN GRANT. OBRAS DE CONSERVACIÓN,,8551.88,8475.14
2015,X05,Educación,COLEGIO PÚBLICO CIUDAD DE VALENCIA. OBRAS DE CONSERVACIÓN,,92087.49,92087.49
2015,X05,Educación,COLEGIO PÚBLICO EL QUIJOTE. OBRAS DE CONSERVACIÓN,,60516.94,60516.94
2015,X05,Educación,COLEGIO PÚBLICO FRANCISCO FATOU. OBRAS DE CONSERVACIÓN,,12133.69,11961.23
2015,X05,Educación,COLEGIO PÚBLICO HONDURAS. OBRAS DE CONSERVACIÓN,,14117.93,14117.93
2015,X05,Educación,COLEGIO PÚBLICO JUAN DE HERRERA. OBRAS DE CONSERVACIÓN,,14549.86,14501.05
2015,X05,Educación,COLEGIO PÚBLICO JUAN GRIS. OBRAS DE CONSERVACIÓN,,11963.22,11963.22
2015,X05,Educación,COLEGIO PÚBLICO LOYOLA DE PALACIO. OBRAS DE CONSERVACIÓN,,44536.46,44461.2
2015,X05,Educación,COLEGIO PÚBLICO BLAS DE OTERO. OBRAS DE CONSERVACIÓN,,15872.81,15369.5
2015,X05,Educación,ESCUELA DE MÚSICA VILLA DE VALLECAS. ACONDICIONAMIENTO,,1800.0,1638.51
2015,X10,Cultura,,,89534.61,76914.05
2015,X10,Cultura,EQUIPAMIENTO BIBLIOTECA PÚBLICA GERARDO DIEGO,,3139.95,
2015,X10,Cultura,BIBLIOTECA GERARDO DIEGO. OBRAS DE CONSERVACIÓN,,3591.31,3591.31
2015,X10,Cultura,CENTRO CULTURAL ZAZUAR. OBRAS DE CONSERVACIÓN,,11554.71,11447.08
2015,X10,Cultura,CENTRO CULTURAL FRANCISCO FATOU. OBRAS DE CONSERVACIÓN,,3359.7,3359.7
2015,X10,Cultura,IFS-BIBLIOTECA GERARDO DIEGO. INSTALACIÓN ELÉCTICA DE ILUMINACIÓN Y EFICIENCIA ENERGÉTICA,,42888.94,40403.05
2015,X10,Cultura,IFS-BIBLIOTECA GERARDO DIEGO.OBRAS DE ACONDICIONAMIENTO DE LA ZONA DE ACCESO,,15000.0,14617.67
2015,X10,Cultura,IFS-CENTRO CULTURAL FRANCISCO FATOU. ADAPTACIÓN A NORMATIVA ELÉCTRICA,,10000.0,3495.24
2015,X04,Salud pública,,,6304.1,6304.1
2015,X04,Salud pública,"OFICINAS DE MERCAMADRID, AV. DE MADRID, S/N. OBRAS DE REFORMA",,6304.1,6304.1
2015,X00,Inversiones de carácter general,,,86626.76,82644.64
2015,X00,Inversiones de carácter general,EDIFICIO SEDE DISTRITO VILLA DE VALLECAS. OBRAS DE CONSERVACIÓN,,15102.7,14875.32
2015,X00,Inversiones de carácter general,OBRAS DE CONSERVACIÓN EDIFICIOS DEL DISTRITO DE VILLA DE VALLECAS,,157.4,
2015,X00,Inversiones de carácter general,EQUIPAMIENTO SERVICIOS DE SALUBRIDAD PÚBLICA VILLA DE VALLECAS,,600.0,
2015,X00,Inversiones de carácter general,IFS-SEDE DISTRITO VILLA VALLECAS. INSTALACIÓN ELÉCTICA ILUMINACIÓN Y EFICIENCIA ENERGÉTICA,,70766.66,67769.32
2015,X12,Otros bienes públicos de carácter social,,,46076.19,45656.47
2015,X12,Otros bienes públicos de carácter social,IFS-SEDE DISTRITO VILLA DE VALLECAS. ACONDICIONAMIENTO ASEOS LÍNEA MADRID Y ACCESIBILIDAD,,20032.23,19943.76
2015,X12,Otros bienes públicos de carácter social,IFS-ZONA LÍNEA MADRID VILLA DE VALLECAS. REHABILITACIÓN ENTRADA,,26043.96,25712.71
2016,X01,Protección Civil y seguridad ciudadana,,,468820.69,363599.58
2016,X01,Protección Civil y seguridad ciudadana,"IFS-UNIDAD INTEGRAL POLICÍA DISTRITO DE VILLA DE VALLECAS, AV.REAL DE ARGANDA, 64. REFORMA CLIMATIZACIÓN",,230000.0,229971.47
2016,X01,Protección Civil y seguridad ciudadana,UNIDAD INTEGRAL POLICIA VILLA DE VALLECAS. OBRAS DE CONSERVACIÓN,,5063.77,5063.77
2016,X01,Protección Civil y seguridad ciudadana,UNIDAD INTEGRAL POLICÍA VILLA DE VALLECAS. OBRAS DE ACONDICIONAMIENTO,,59415.11,59415.11
2016,X01,Protección Civil y seguridad ciudadana,UNIDAD INTEGRAL POLICÍA VILLA DE VALLECAS. ADECUACIÓN INSTALACIÓN ELÉCTRICA,,60031.88,60031.88
2016,X01,Protección Civil y seguridad ciudadana,EQUIPAMIENTO UNIDAD INTEGRAL POLICÍA MUNICIPAL DISTRITO VILLA DE VALLECAS,,114309.93,9117.35
2016,X11,"Deportes, juventud y esparcimiento",,,719863.37,645460.86
2016,X11,"Deportes, juventud y esparcimiento",EQUIPAMIENTO CENTRO JUVENIL EL SITIO DE MI RECREO,,2261.11,2261.11
2016,X11,"Deportes, juventud y esparcimiento",EQUIPAMIENTO CENTRO JUVENIL EL ALEPH,,1636.61,1636.61
2016,X11,"Deportes, juventud y esparcimiento",DEPORTIVO BÁSICO NUESTRA SEÑORA DE LA TORRE. SUBSANACIÓN DE PATOLOGÍAS,,199747.31,199747.3
2016,X11,"Deportes, juventud y esparcimiento",CENTRO DEPORTIVO CERRO ALMODÓVAR. ADOPCIÓN MEDIDAS DE SEGURIDAD,,3017.66,3017.66
2016,X11,"Deportes, juventud y esparcimiento",DEPORTIVO BÁSICO C/ EDUARDO CHILLIDA C/V. ARTE HIPERREALISTA. CONSTRUCCIÓN,,5126.63,5126.63
2016,X11,"Deportes, juventud y esparcimiento",DEPORTIVO BÁSICO C/ ALTO DE LA SARTENILLA C/V. GRANJA DE SAN ILDEFONSO. CONSTRUCCIÓN,,5126.62,5126.62
2016,X11,"Deportes, juventud y esparcimiento",CENTRO JUVENIL EL SITIO DE MI RECREO. INSTALACIONES,,76248.56,56035.55
2016,X11,"Deportes, juventud y esparcimiento",EQUIPAMIENTO CENTRO DEPORTIVO CERRO ALMODÓVAR,,5917.63,5916.9
2016,X11,"Deportes, juventud y esparcimiento",EQUIPAMIENTO CENTRO DEPORTIVO MIGUEL GUILLÉN PRIM,,11982.37,11801.95
2016,X11,"Deportes, juventud y esparcimiento",CENTRO DEPORTIVO CERRO ALMODÓVAR. INSTALACIONES,,3000.0,2116.29
2016,X11,"Deportes, juventud y esparcimiento",CENTRO DEPORTIVO MIGUEL GUILLÉN PRIM. INSTALACIONES,,8727.69,8727.69
2016,X11,"Deportes, juventud y esparcimiento",CENTRO DEPORTIVO CERRO ALMODOVAR. OBRAS DE REPARACIÓN PISCINA INVIERNO,,190372.55,186640.68
2016,X11,"Deportes, juventud y esparcimiento",CENTRO DEPORTIVO MIGUEL GUILLEN PRIM. OBRAS DE CONSERVACIÓN,,20969.77,20725.75
2016,X11,"Deportes, juventud y esparcimiento",DEPORTIVO BÁSICO PARQUE VILLA DE VALLECAS. OBRAS DE PAVIMENTACIÓN,,21779.82,21779.82
2016,X11,"Deportes, juventud y esparcimiento",DEPORTIVO BÁSICO PARCELA 3.16 PAU. OBRAS DE ADECUACIÓN INSTALACIÓN ELÉCTRICA,,21702.46,21702.46
2016,X11,"Deportes, juventud y esparcimiento",CENTRO JUVENIL EL SITIO DE MI RECREO. OBRAS DE CONSERVACIÓN,,2246.58,2246.58
2016,X11,"Deportes, juventud y esparcimiento",IFS-CENTRO DEPORTIVO CERRO ALMODOVAR. ADECUACIÓN TERRENOS SALIDAS EMERGENCIA PABELLÓN. ADAPTACIÓN A NORM,,30000.0,23938.48
2016,X11,"Deportes, juventud y esparcimiento",IFS-CENTRO DEPORTIVO CERRO ALMODOVAR. OBRAS DE ADAPTACIÓN A NORMATIVA. ACOMETIDAS DE SANEAMIENTO,,50000.0,16174.11
2016,X11,"Deportes, juventud y esparcimiento",IFS-CENTRO DEPORTIVO CERRO ALMODOVAR. REFORMA DE LA SALA DE HALTEROFILIA,,60000.0,50738.67
2016,X06,Urbanismo,,,633078.09,551471.38
2016,X06,Urbanismo,ADQUISICIÓN DE SUELO EN NUEVOS ACCESOS AL VERTEDERO DE VILLA DE VALLECAS,,2573.68,2573.68
2016,X06,Urbanismo,ÁREA DE PLANEAMIENTO ESPECÍFICO 18.60 LA ATALAYUELA,,443531.12,443531.09
2016,X06,Urbanismo,"ADQUISICIÓN DE SUELO CAMINO DE VASARES, S/N",,4463.1,4463.1
2016,X06,Urbanismo,"ADQUISICIÓN DE SUELO Cº DEL POZO DEL TÍO RAIMUNDO, S/N (USO GENERAL)",,10938.55,10938.55
2016,X06,Urbanismo,ADQUISICIÓN DE SUELO CAMINO DE VASARES S/N (EQUIPAMIENTOS),,26443.87,26443.87
2016,X06,Urbanismo,SUELO URBANIZABLE PROGRAMADO ENSANCHE VALLECAS 1.03,,15775.35,
2016,X06,Urbanismo,"DEMOLICIÓN EDIFICACIONES Y ACONDICIONAMIENTO SOLARES C/ HUELGA, 15 Y 22",,12987.6,12987.6
2016,X06,Urbanismo,"DERRIBOS EDIFICACIONES C/ CARANAVAJOS, 2 Y OTRAS. DISTRITO VILLA DE VALLECAS",,24695.28,
2016,X06,Urbanismo,ADQUISICIÓN DE SUELO EN MERCADOS CENTRALES MERCAMADRID,,30449.84,30449.84
2016,X06,Urbanismo,"DERRIBO EDIFICACIÓN C/ LUMBRALES, 8. ANILLO VERDE MEDIODIA-VALLECAS",,17914.09,
2016,X06,Urbanismo,ADECUACIÓN VIALES Y ACCESIBILIDAD EN DISTRITO VILLA DE VALLECAS,,43305.61,20083.65
2016,X09,Medio ambiente,,,6104856.59,909686.41
2016,X09,Medio ambiente,ENSANCHE DE VALLECAS UZP 1.03.  PLANTACIÓN DE ARBUSTOS Y REDES DE RIEGO,,1724954.51,17900.0
2016,X09,Medio ambiente,AMPLIACIÓN TERCIARIO ERAR LA GAVIA,,866405.0,866404.61
2016,X09,Medio ambiente,PUNTOS LIMPIOS DE PROXIMIDAD EN EL DISTRITO DE VILLA DE VALLECAS,,1343.1,1343.1
2016,X09,Medio ambiente,IFS-EQUIPO  DE DESULFURACIÓN DE BIOGÁS DE BIOMETANIZACIÓN DE LA PLANTA DE BIOMETANIZACIÓN DE LA PALOMA,,1200000.0,
2016,X09,Medio ambiente,IFS-EQUIPO DE DESULFURACIÓN DE BIOGÁS DE BIOMETANIZACIÓN DE LA PLANTA DE BIOMETANIZACIÓN LAS DEHESAS,,1200000.0,
2016,X09,Medio ambiente,"PARQUE DE LA GAVIA, DISTRITO VILLA DE VALLECAS. OBRAS DE REHABILITACIÓN",,350000.0,
2016,X09,Medio ambiente,PARCELAS DISTRITO VILLA VALLECAS. ACONDICIONAMIENTO PARA IMPLANTACIÓN HUERTOS URBANOS,,2633.8,2633.8
2016,X09,Medio ambiente,IFS-SISTEMA DE DEPURACIÓN DE GASES EN LA PLANTA DE TRATAMIENTO LA PALOMA,,665500.0,
2016,X09,Medio ambiente,RED DE RIEGO EN EL PAU DE VALLECAS (PLAN DE ACTUACIÓN URBANA),,72615.28,
2016,X09,Medio ambiente,"MEDIANA AV. DE LA GAVIA. AJARDINAMIENTO, RIEGO Y REORDENACIÓN DE ESPACIOS",,21404.9,21404.9
2016,X07,Infraestructuras,,,337204.0,337178.08
2016,X07,Infraestructuras,CONEXIÓN C/ FRANCISCO ÁLVAREZ CON GLORIETA CARRETERA VALDEMINGÓMEZ,,316004.0,316003.08
2016,X07,Infraestructuras,PASARELA PEATONAL Y CICLISTA Bº SANTA EUGENIA-HOSPITAL INFANTA LEONOR. CONSTRUCCIÓN,,21200.0,21175.0
2016,X08,Mantenimiento urbano,,,786611.83,336153.79
2016,X08,Mantenimiento urbano,PAVIMENTACIÓN CALZADAS BARRIOS EN DISTRITO VILLA DE VALLECAS. FASE I,,159504.17,83103.92
2016,X08,Mantenimiento urbano,"IFS-PARQUE MAQUINARIA VALLECAS C/GRAN VÍA DEL ESTE, 73. ZONA CENTRO. CARPINTERÍA EXTERIOR Y CALEFACCIÓN",,253050.0,253049.87
2016,X08,Mantenimiento urbano,CAMINO ERAR GAVIA. MEJORA FIRME DEL VIAL,,374057.66,
2016,X03,Protección y promoción social,,,61079.75,60392.08
2016,X03,Protección y promoción social,CENTRO DE MAYORES VILLA DE VALLECAS. OBRAS DE CONSERVACIÓN,,2348.01,2348.01
2016,X03,Protección y promoción social,CENTRO DE MAYORES SANTA EUGENIA. OBRAS DE CONSERVACIÓN,,426.74,426.74
2016,X03,Protección y promoción social,EQUIPAMIENTO CENTRO DE MAYORES VILLA DE VALLECAS,,4800.0,4758.33
2016,X03,Protección y promoción social,EQUIPAMIENTO CENTRO DE MAYORES SANTA EUGENIA,,2700.0,2635.57
2016,X03,Protección y promoción social,CENTRO ACOGIDA DE EMERGENCIA PARA PERSONAS SIN HOGAR VALLECAS. MOBILIARIO,,11712.8,11712.8
2016,X03,Protección y promoción social,CENTRO SERVICIOS SOCIALES PEÑA VEIGA. ADECUACIÓN DE ESPACIOS,,33430.88,32849.31
2016,X03,Protección y promoción social,"EQUIPAMIENTO CENTRO DE FORMACIÓN OCUPACIONAL PARA LA MUJER, C/ HUELGA, 5",,5661.32,5661.32
2016,X05,Educación,,,1195644.21,1111829.68
2016,X05,Educación,OBRAS DE CONSERVACIÓN CENTROS DOCENTES DE ENSEÑANZA DISTRITO VILLA DE VALLECAS,,1133.15,
2016,X05,Educación,"COLEGIO PÚBLICO JUAN GRIS, C/ MUELA DE SAN JUAN, 31. OBRAS DE CONSERVACIÓN",,28154.02,26593.97
2016,X05,Educación,COLEGIO PÚBLICO AGUSTÍN RODRÍGUEZ SAHAGÚN. OBRAS DE CONSERVACIÓN,,61941.62,58282.7
2016,X05,Educación,"COLEGIO PÚBLICO EL QUIJOTE, C/ FUENTIDUEÑA, 4. OBRAS DE CONSERVACIÓN",,26943.89,26454.78
2016,X05,Educación,"ESCUELA INFANTIL LOS SOBRINOS DEL CAPITÁN GRANT, AV. LA GAVIA, 22. CONSERVACIÓN",,8066.22,8066.22
2016,X05,Educación,COLEGIO PÚBLICO CIUDAD DE VALENCIA. OBRAS DE CONSERVACIÓN,,146566.34,146562.96
2016,X05,Educación,COLEGIO PÚBLICO FRANCISCO FATOU. OBRAS DE CONSERVACIÓN,,13576.12,13511.34
2016,X05,Educación,COLEGIO PÚBLICO BLAS DE OTERO. OBRAS DE CONSERVACIÓN,,36955.61,30727.2
2016,X05,Educación,EQUIPAMIENTO ESCUELA INFANTIL LOS SOBRINOS DEL CAPITÁN GRANT,,312.7,312.7
2016,X05,Educación,IFS-COLEGIO PÚBLICO LOYOLA DE PALACIO.  ADAPTACIÓN A NORMATIVA ELÉCTRICA,,40000.0,35930.91
2016,X05,Educación,IFS-COLEGIO PÚBLICO CIUDAD DE VALENCIA. ADAPTACIÓN A NORMATIVA ELÉCTRICA,,120000.0,119525.94
2016,X05,Educación,IFS-COLEGIO PÚBLICO JUAN DE HERRERA . ADAPTACIÓN A NORMATIVA ELÉCTRICA,,85000.0,69226.53
2016,X05,Educación,"COLEGIO PÚBLICO LOYOLA DE PALACIO, C/ EMBALSE DE NAVACERRADA, 60. CONSERVACIÓN",,19089.19,17266.92
2016,X05,Educación,COLEGIO PÚBLICO HONDURAS. OBRAS DE REPARACIÓN,,44155.66,38748.52
2016,X05,Educación,COLEGIO PÚBLICO HONDURAS. OBAS DE CONSERVACIÓN,,8749.69,8690.52
2016,X05,Educación,IFS-COLEGIO PÚBLICO JUAN GRIS. VISERAS SOBRE PUERTAS EXTERIORES COMEDOR. PROTECCIÓN AGUA DE  LLUVIA,,15000.0,2609.49
2016,X05,Educación,IFS-COLEGIO PÚBLICO EL QUIJOTE. ALGIBE Y GRUPO DE PRESIÓN. ADAPTACIÓN A NORMATIVA VIGENTE,,30000.0,29234.74
2016,X05,Educación,IFS-COLEGIO PÚBLICO FRANCISCO FATOU. ALGIBE Y GRUPO DE PRESIÓN. ADAPTACIÓN A NORMATIVA VIGENTE,,30000.0,28971.43
2016,X05,Educación,IFS-COLEGIO PÚBLICO EL QUIJOTE. ACONDICIONAMIENTO ASEOS EXTERIORES Y DEL PABELLÓN INFANTIL,,30000.0,25695.1
2016,X05,Educación,IFS-COLEGIO PÚBLICO HONDURAS.ASFALTADO PAVIMENTO PISTAS DEPORTIVAS Y SUMIDEROS PARA RECOGIDA DE AGUAS,,30000.0,29990.01
2016,X05,Educación,IFS-COLEGIO PÚBLICO JUAN GRIS. ADECUACIÓN ZONA INFANTIL,,30000.0,29997.42
2016,X05,Educación,IFS-COLEGIO PÚBLICO CIUDAD DE VALENCIA.OBRAS DE ADECUACIÓN A NORMATIVA DE AUTOPROTECCIÓN,,50000.0,29730.43
2016,X05,Educación,IFS-COLEGIO PÚBLICO BLAS DE OTERO. ACONDICIONAMIENTO CARPINTERÍA EXTERIOR. ADECUACIÓN A NORMATIVA VIGENT,,100000.0,99678.24
2016,X05,Educación,IFS-COLEGIO PÚBLICO CIUDAD VALENCIA.SUPRESIÓN BARRERAS ARQUITECTÓNICAS ZONAS ESTANCIALES Y DEPORTIVAS,,240000.0,236021.61
2016,X10,Cultura,,,480139.11,359401.56
2016,X10,Cultura,EQUIPAMIENTO CENTRO CULTURAL ZAZÚAR,,7596.38,7596.38
2016,X10,Cultura,BIBLIOTECA PÚBLICA GERARDO DIEGO. DOTACIÓN DE MOBILIARIO Y ENSERES,,3109.7,3109.7
2016,X10,Cultura,BIBLIOTECA PÚBLICA GERARDO DIEGO. EQUIPOS DE COMUNICACIÓN DISCAPACITADOS AUDITIVOS,,533.03,533.03
2016,X10,Cultura,BIBLIOTECA PÚBLICA GERARDO DIEGO. INSTALACIONES,,63296.26,46606.27
2016,X10,Cultura,CENTRO CULTURAL ZAZUAR. INSTALACIONES DE CLIMATIZACIÓN,,20433.84,14875.84
2016,X10,Cultura,CENTRO CULTURAL FRANCISCO FATOU. INSTALACIONES DE CLIMATIZACIÓN,,4158.46,2763.33
2016,X10,Cultura,EQUIPAMIENTO BIBLIOTECA GERARDO DIEGO,,2625.07,1706.1
2016,X10,Cultura,EQUIPAMIENTO CENTRO CULTURAL FRANCISCO FATOU,,8778.55,8778.55
2016,X10,Cultura,CENTRO CULTURAL ZAZUAR. OBRAS DE REPARACIÓN,,8909.58,8479.32
2016,X10,Cultura,BIBLIOTECA PÚBLICA GERARDO DIEGO. OBRAS DE CONSERVACIÓN,,8613.2,8613.2
2016,X10,Cultura,AUDITORIO VILLA DE VALLECAS. OBRAS DE CONSERVACIÓN,,1309.64,1309.64
2016,X10,Cultura,CENTRO SOCIOCULTURAL FRANCISCO FATOU. OBRAS DE CONSERVACIÓN,,10775.4,10775.4
2016,X10,Cultura,IFS-CENTRO CULTURAL ZAZUAR. MEJORA DE RAMPA DE ACCESO. NORMATIVA DE ACCESIBILIDAD,,20000.0,18292.85
2016,X10,Cultura,IFS-CENTRO CULTURAL ZAZUAR. OBRAS DE REDISTRIBUCCIÓN DE ESPACIOS,,23000.0,19380.95
2016,X10,Cultura,IFS-CENTRO CULTURAL FRANCISCO FATOU.REORDENACIÓN DE ESPACIOS,,25000.0,13474.48
2016,X10,Cultura,IFS-BIBLIOTECA GERARDO DIEGO. REPARACIÓN FACHADA EXTERIOR CON ZÓCALO ANTIGRAFITI,,32000.0,15279.93
2016,X10,Cultura,IFS-BIBLIOTECA GERARDO DIEGO.  CARPINTERÍA DE FACHADA A PATIO,,240000.0,177826.59
2016,X04,Salud pública,,,100232.88,100231.77
2016,X04,Salud pública,LETRINAS SANITARIAS EN EL POBLADO EL GALLINERO. OBRAS DE CONSTRUCCIÓN,,72500.0,72498.89
2016,X04,Salud pública,DEPARTAMENTO DE INSPECCIÓN DE MERCAMADRID. ADQUISICIÓN DE MAQUINARIA,,5410.82,5410.82
2016,X04,Salud pública,"CENTRO DE MADRID SALUD VILLA DE VALLECAS, PZ. SIERRA GADOR, 68. OBRAS DE REFORMA",,22322.06,22322.06
2016,X00,Inversiones de carácter general,,,131994.09,109882.95
2016,X00,Inversiones de carácter general,EDIFICIO SEDE DISTRITO VILLA DE VALLECAS. OBRAS DE CONSERVACIÓN,,23177.41,22174.34
2016,X00,Inversiones de carácter general,EQUIPAMIENTO SERVICIOS ADMINISTRATIVOS DISTRITO VILLA DE VALLECAS,,5580.77,5579.47
2016,X00,Inversiones de carácter general,SISTEMA INTEGRAL GRABACIÓN Y REPRODUCCIÓN SESIONES PLENARIAS DISTRITO VILLA VALLECAS,,7238.91,7238.91
2016,X00,Inversiones de carácter general,EQUIPAMIENTO ADMINISTRATIVO SERVICIOS SOCIALES DISTRITO VILLA DE VALLECAS,,13300.0,13220.24
2016,X00,Inversiones de carácter general,EDIFICIO SEDE DISTRITO VILLA DE VALLECAS. INSTALACIONES DE CLIMATIZACIÓN,,8697.0,8697.0
2016,X00,Inversiones de carácter general,IFS-EDIFICIO SEDE VILLA DE VALLECAS. ILUMINACIÓN DE EMERGENCIA. CUMPLIMIENTO NORMATIVA DE AUTOPROTECCIÓN,,14000.0,6213.94
2016,X00,Inversiones de carácter general,IFS-EDIFICIO SEDE DISTRITO VILLA DE VALLECAS. INSTALACIONES PARA MINIMIZAR EL EXCESO DE LUMINOSIDAD,,30000.0,24331.88
2016,X00,Inversiones de carácter general,IFS-EDIFICIO SEDE DISTRITO VILLA DE VALLECAS. ALGIBE Y GRUPO DE PRESIÓN. ADAPTACIÓN A NORMATIVA VIGENTE,,30000.0,22427.17
2016,X12,Otros bienes públicos de carácter social,,,4896.99,4896.99
2016,X12,Otros bienes públicos de carácter social,OFICINA ATENCIÓN A LA CIUDADANÍA LÍNEA MADRID VILLA DE VALLECAS. SEÑALIZACIÓN,,1639.91,1639.91
2016,X12,Otros bienes públicos de carácter social,EQUIPAMIENTO OFICINA ATENCIÓN AL CIUDADANO LÍNEA MADRID DISTRITO VILLA DE VALLECAS,,2744.91,2744.91
2016,X12,Otros bienes públicos de carácter social,EQUIPAMIENTO OFICINA ATENCIÓN AL CIUDADANO LÍNEA MADRID DISTRITO VILLA VALLECAS,,512.17,512.17
2017,X01,Protección Civil y seguridad ciudadana,,,110206.74,1156.74
2017,X01,Protección Civil y seguridad ciudadana,PARQUE DE BOMBEROS EN EL DISTRITO DE VILLA DE VALLECAS. CONSTRUCCIÓN,,25000.0,
2017,X01,Protección Civil y seguridad ciudadana,IFS-UNIDAD INTEGRAL DE POLICÍA VILLA DE VALLECAS. PANELES FOTOVOLTAICOS Y REFORMA INSTALACIÓN ELÉCTRICA,,80000.0,
2017,X01,Protección Civil y seguridad ciudadana,UNIDAD INTEGRAL POLICÍA MUNICIPAL VILLA DE VALLECAS. INSTALACIONES,,1156.74,1156.74
2017,X01,Protección Civil y seguridad ciudadana,BASE SAMUR 17. CONSTRUCCIÓN DE ESCALERA DE SEGURIDAD,,4050.0,
2017,X11,"Deportes, juventud y esparcimiento",,,5718782.58,959508.34
2017,X11,"Deportes, juventud y esparcimiento",EQUIPAMIENTO CENTRO JUVENIL EL SITIO DE MI RECREO,,6531.42,6531.42
2017,X11,"Deportes, juventud y esparcimiento",OBRAS DE CONSERVACIÓN INSTALACIONES DEPORTIVAS DISTRITO DE VILLA DE VALLECAS,,265050.0,
2017,X11,"Deportes, juventud y esparcimiento",EQUIPAMIENTO CENTRO JUVENIL EL ALEPH,,3093.21,3093.21
2017,X11,"Deportes, juventud y esparcimiento",DEPORTIVO BÁSICO NUESTRA SEÑORA DE LA TORRE. SUBSANACIÓN DE PATOLOGÍAS,,7359.12,7359.12
2017,X11,"Deportes, juventud y esparcimiento",IFS-CENTRO DEPORTIVO CERRO ALMODOVAR. REFORMA DE LA SALA DE HALTEROFILIA,,5625.11,5625.11
2017,X11,"Deportes, juventud y esparcimiento",INSTALACIÓN DEPORTIVA ENSANCHE DE VALLECAS (PAU VALLECAS). CONSTRUCCIÓN,,156319.67,156319.67
2017,X11,"Deportes, juventud y esparcimiento",DEPORTIVO CERRO ALMODÓVAR . SUBSANACIÓN PATOLOGÍAS PISCINAS VERANO Y REDISTRIBUCIÓN VESTUARIOS,,4129.39,4129.39
2017,X11,"Deportes, juventud y esparcimiento",IFS-DEPORTIVO CERRO ALMODÓVAR . SUBSANACIÓN PATOLOGÍAS PISCINAS VERANO Y REDISTRIBUCIÓN VESTUARIOS,,4135000.0,
2017,X11,"Deportes, juventud y esparcimiento",ROCÓDROMO (ESCALADA) EN EL ENSANCHE DE VALLECAS. CONSTRUCCIÓN (ID: 5007),,100000.0,99999.99
2017,X11,"Deportes, juventud y esparcimiento",DEPORTIVO BÁSICO CALLE CAÑADA DEL SANTÍSIMO. CONSTRUCCIÓN,,300000.0,186254.7
2017,X11,"Deportes, juventud y esparcimiento",DEPORTIVO BÁSICO PARQUE VILLA DE VALLECAS. OBRAS DE REMODELACIÓN,,107315.47,107244.44
2017,X11,"Deportes, juventud y esparcimiento",DEPORTIVO BÁSICO COLONIA VILDA. OBRAS DE REMODELACIÓN,,220000.0,155398.2
2017,X11,"Deportes, juventud y esparcimiento",DEPORTIVO BÁSICO CALLE PUERTO LUMBRERAS. OBRAS DE REMODELACIÓN,,80684.53,56813.73
2017,X11,"Deportes, juventud y esparcimiento",EQUIPAMIENTO CENTRO DEPORTIVO CERRO ALMODOVAR,,9300.0,8908.02
2017,X11,"Deportes, juventud y esparcimiento",CENTROS DEPORTIVOS DISTRITO VILLA DE VALLECAS. OBRAS DE REPARACIÓN Y MEJORA,,3.2,
2017,X11,"Deportes, juventud y esparcimiento",CENTRO DEPORTIVO MIGUEL GUILLEN PRIM. ADECUACIÓN SISTEMA MEGAFONÍA,,50944.05,50944.05
2017,X11,"Deportes, juventud y esparcimiento",CENTRO DEPORTIVO CERRO ALMODÓVAR. MEJORAS PLAN AUTOPROTECCIÓN,,43530.68,43530.68
2017,X11,"Deportes, juventud y esparcimiento",DEPORTIVO BÁSICO 2100 PAU. OBRAS DE CONSERVACIÓN,,8593.89,7787.31
2017,X11,"Deportes, juventud y esparcimiento",DEPORTIVO BÁSICO PARCELA 3.16 PAU. OBRAS DE MEJORA,,1928.18,1928.18
2017,X11,"Deportes, juventud y esparcimiento",CENTRO JUVENIL EL SITIO DE MI RECREO. MEJORA PLAN DE AUTOPROTECCIÓN,,13374.66,13374.66
2017,X11,"Deportes, juventud y esparcimiento",IFS-CENTRO DEPORTIVO CERRO ALMODOVAR. REFORMA VESTUARIOS,,100000.0,
2017,X11,"Deportes, juventud y esparcimiento",IFS-CENTRO DEPORTIVO MIGUEL GULLÉN PRIM. REPARACIÓN CUADRO ELÉCTRICO,,50000.0,
2017,X11,"Deportes, juventud y esparcimiento",IFS-CENTRO DEPORTIVO MIGUEL GULLÉN PRIM. ADECUACIÓN SOLADO PASEO LATERAL,,50000.0,44266.46
2017,X06,Urbanismo,,,12547711.41,10438752.11
2017,X06,Urbanismo,SUELO URBANIZABLE PROGRAMADO 3.01 DESARROLLO DEL ESTE VALDECARROS,,123957.11,
2017,X06,Urbanismo,"ADQUISICIÓN DE SUELO Cº DEL POZO DEL TÍO RAIMUNDO, S/N (USO GENERAL)",,9177724.18,9177724.18
2017,X06,Urbanismo,"ADQUISICIÓN DE SUELO Cº DEL POZO DEL TÍO RAIMUNDO, S/N",,1068366.66,1068366.66
2017,X06,Urbanismo,SUELO URBANIZABLE PROGRAMADO ENSANCHE VALLECAS 1.03,,85900.0,41210.96
2017,X06,Urbanismo,"DERRIBOS EDIFICACIONES C/ CARANAVAJOS, 2 Y OTRAS. DISTRITO VILLA DE VALLECAS",,20409.32,20409.32
2017,X06,Urbanismo,"DERRIBO EDIFICACIÓN C/ LUMBRALES, 8. ANILLO VERDE MEDIODIA-VALLECAS",,17914.09,17914.09
2017,X06,Urbanismo,ADECUACIÓN VIALES Y ACCESIBILIDAD EN DISTRITO VILLA DE VALLECAS,,145937.45,113126.9
2017,X06,Urbanismo,ADQUISICIÓN DE SUELO CAMINO DE VASARES-AV.SANTA EUGENIA. VIARIOS Y ZONAS VERDES,,1312965.21,
2017,X06,Urbanismo,ADQUISICIÓN SUELO CAMINO DE VASARES-AV. SANTA EUGENIA,,594537.39,
2017,X09,Medio ambiente,,,6941396.11,3340982.61
2017,X09,Medio ambiente,ENSANCHE DE VALLECAS UZP 1.03.  PLANTACIÓN DE ARBUSTOS Y REDES DE RIEGO,,1833930.89,807251.16
2017,X09,Medio ambiente,"PARQUE DE LA GAVIA, DISTRITO VILLA DE VALLECAS. OBRAS DE REHABILITACIÓN",,1250000.0,845253.19
2017,X09,Medio ambiente,RED DE RIEGO EN EL PAU DE VALLECAS (PLAN DE ACTUACIÓN URBANA),,1693001.0,1596657.18
2017,X09,Medio ambiente,EDIFICIO SEDE DISTRITO VILLA DE VALLECAS. PANELES SOLARES Y REFORMA ELÉCTRICA,,65000.0,
2017,X09,Medio ambiente,CENTRO DE MAYORES VILLA DE VALLECAS. PANELES SOLARES Y REFORMA ELÉCTRICA,,30000.0,
2017,X09,Medio ambiente,NUEVOS PUNTOS LIMPIOS DE PROXIMIDAD DISTRITO VILLA DE VALLECAS. ADAPTACIÓN (ID: 4887),,24782.2,24782.2
2017,X09,Medio ambiente,PLANTAS DE BIOMETANIZACIÓN LAS DEHESAS Y LA PALOMA. EQUIPOS DE DESULFURACIÓN,,300000.0,
2017,X09,Medio ambiente,INSTALACIÓN APARCABICIS PROXIMIDAD CENTROS EDUCATIVOS VILLA VALLECAS (I.D. 3781),,2152.32,
2017,X09,Medio ambiente,INSTALACIÓN APARCABICIS EN CALZADA DISTRITO VILLA DE VALLECAS (I.D.: 5038),,8609.3,
2017,X09,Medio ambiente,PARQUE EN DESCAMPADO DE SANTA EUGENIA. ADECUACIÓN(ID: 3446),,10000.0,
2017,X09,Medio ambiente,PARQUE DE LA CAÑADA DEL SANTÍSIMO. REHABILITACIÓN Y REORDENACIÓN DE ESPACIOS,,20860.4,
2017,X09,Medio ambiente,"IFS-AVENIDA DE LA GAVIA. OBRAS DE RIEGO, AJARDINAMIENTO Y REORDENACIÓN DE ESPACIOS",,991780.0,
2017,X09,Medio ambiente,"IFS-AVENIDA DE LA GAVIA. ADECUACIÓN REDES DE RIEGO, AJARDINAMIENTO Y REORDENACIÓN DE ESPACIOS",,572780.0,4900.5
2017,X09,Medio ambiente,IFS-ZONA VERDE CAMINO DE VASARES. REMODELACIÓN,,63500.0,62138.38
2017,X09,Medio ambiente,ZONA VERDE CAMINO DE VASARES. REMODELACIÓN,,75000.0,
2017,X07,Infraestructuras,,,500000.0,6207.9
2017,X07,Infraestructuras,IFS-CARRIL BICI ENSANCHE DE VALLECAS. ADECUACIÓN (ID: 1200),,500000.0,6207.9
2017,X08,Mantenimiento urbano,,,2219622.68,677194.03
2017,X08,Mantenimiento urbano,PAVIMENTACIÓN CALZADAS BARRIOS EN DISTRITO VILLA DE VALLECAS. FASE I,,21365.42,20097.69
2017,X08,Mantenimiento urbano,CAMINO ERAR GAVIA. MEJORA FIRME DEL VIAL,,668647.44,601102.74
2017,X08,Mantenimiento urbano,IFS-SANEAMIENTO Y CONSOLIDACIÓN DEL FIRME EN LAS VÍAS PÚBLICAS DEL PAU DE VALLECAS,,1250000.0,
2017,X08,Mantenimiento urbano,"ILUMINACIÓN EN C/ FRANCISCO ÁLVAREZ, DISTRITO VILLA DE VALLECAS",,73743.0,
2017,X08,Mantenimiento urbano,MOBILIARIO AREA MAYORES DISTRITO VILLA VALLECAS. INSTALACIÓN,,12699.13,12699.05
2017,X08,Mantenimiento urbano,MICRO-INSTALACIONES DEPORTIVAS EN PARQUES DISTRITO DE VILLA DE VALLECAS (ID: 540),,17444.09,
2017,X08,Mantenimiento urbano,MOBILIARIO URBANO EN ÁREAS INFANTILES DISTRITO VILLA DE VALLECAS,,43294.55,43294.55
2017,X08,Mantenimiento urbano,RENOVACIÓN MOBILIARIO EN ÁREAS INFANTILES DISTRITO VILLA DE VALLECAS,,82429.05,
2017,X08,Mantenimiento urbano,MOBILIARIO URBANO EN ZONAS INTERBLOQUES SANTA EUGENIA. ADECUACIÓN,,50000.0,
2017,X03,Protección y promoción social,,,531663.87,96131.7
2017,X03,Protección y promoción social,EQUIPAMIENTO CENTRO DE MAYORES VILLA DE VALLECAS,,7000.0,1210.0
2017,X03,Protección y promoción social,EQUIPAMIENTO CENTRO DE MAYORES SANTA EUGENIA,,5900.0,5523.55
2017,X03,Protección y promoción social,CENTRO DE SERVICIOS SOCIALES ENSANCHE DE VALLECAS. CONSTRUCCIÓN,,100000.0,15957.21
2017,X03,Protección y promoción social,IFS-CENTRO SERVICIOS SOCIALES PUERTO DE LAS PILAS. PANELES FOTOVOLTAICOS Y REFORMA INSTALACIÓN ELÉCTRICA,,80000.0,
2017,X03,Protección y promoción social,"EQUIPAMIENTO CENTRO ESPACIO DE IGUALDAD VILLA DE VALLECAS, C/ ALTO DE LA SARTENILLA, 32",,30000.0,
2017,X03,Protección y promoción social,"EQUIPAMIENTO CENTRO SOLIDARIO DEL DESARROLLO Y EMPLEO, VILLA DE VALLECAS",,30000.0,
2017,X03,Protección y promoción social,"CENTRO SOLIDARIO DESARROLLO EMPLEO, VILLA DE VALLECAS. ADECUACIÓN ESPACIO (ID: 4247)",,100000.0,
2017,X03,Protección y promoción social,ESCUELA HOSTELERIA EN MERCADO SANTA EUGENIA. OBRAS DE REFORMA,,14520.0,14520.0
2017,X03,Protección y promoción social,CENTRO SERVICIOS SOCIALES VILLA DE VALLECAS. OBRAS SUBSANACIÓN DEFICIENCIAS ELÉCTRICAS,,2322.1,1409.42
2017,X03,Protección y promoción social,CENTRO ATENCIÓN INFANCIA CAI 4 VILLA DE VALLECAS. CONSERVACIÓN,,3000.0,
2017,X03,Protección y promoción social,CENTRO SERVICIOS SOCIALES FUENTIDUEÑA. OBRAS DE CONSERVACIÓN,,34718.24,34718.24
2017,X03,Protección y promoción social,CENTRO DE MAYORES SANTA EUGENIA. OBRAS DE REPARACIÓN,,675.47,675.47
2017,X03,Protección y promoción social,CENTRO DE MAYORES VILLA DE VALLECAS. OBRAS DE REPARACIÓN,,1999.0,1999.0
2017,X03,Protección y promoción social,"IFS-""ADECUACIÓN DE LOCAL PARA """"ESPACIO DE IGUALDAD"""" DISTRITO VILLA DE VALLECAS""",,100000.0,
2017,X03,Protección y promoción social,"EQUIPAMIENTO EN CENTRO DE FORMACIÓN PARA LA MUJER, C/ HUELGA, 5",,15526.59,14116.34
2017,X03,Protección y promoción social,EQUIPAMIENTO TALLER OCUPACIONAL VIVERO VALLECAS VILLA,,6002.47,6002.47
2017,X05,Educación,,,1701370.51,528491.28
2017,X05,Educación,OBRAS DE CONSERVACIÓN CENTROS DOCENTES DE ENSEÑANZA DISTRITO VILLA DE VALLECAS,,401565.0,
2017,X05,Educación,COLEGIO PÚBLICO AGUSTÍN RODRÍGUEZ SAHAGÚN. OBRAS DE CONSERVACIÓN,,19381.1,19381.1
2017,X05,Educación,COLEGIO PÚBLICO HONDURAS (PREESCOLAR). OBRAS DE CONSERVACIÓN,,9500.05,9500.05
2017,X05,Educación,ESCUELA INFANTIL LA REVOLTOSA. OBRAS DE CONSERVACIÓN,,2227.01,1937.26
2017,X05,Educación,EQUIPAMIENTO ESCUELA DE MÚSICA VILLA DE VALLECAS,,20740.51,20740.51
2017,X05,Educación,COLEGIO PÚBLICO CIUDAD DE VALENCIA. OBRAS DE CONSERVACIÓN,,87959.39,85641.81
2017,X05,Educación,COLEGIO PÚBLICO EL QUIJOTE. OBRAS DE CONSERVACIÓN,,82749.96,82689.38
2017,X05,Educación,COLEGIO PÚBLICO HONDURAS. OBRAS DE CONSERVACIÓN,,3346.39,3255.14
2017,X05,Educación,COLEGIO PÚBLICO JUAN DE HERRERA. OBRAS DE CONSERVACIÓN,,17809.35,17809.35
2017,X05,Educación,COLEGIO PÚBLICO JUAN GRIS. OBRAS DE CONSERVACIÓN,,104999.2,104995.88
2017,X05,Educación,COLEGIO PÚBLICO LOYOLA DE PALACIO. OBRAS DE CONSERVACIÓN,,5539.05,5539.05
2017,X05,Educación,EQUIPAMIENTO ESCUELA INFANTIL LA REVOLTOSA DEL DISTRITO DE VILLA DE VALLECAS,,3500.0,
2017,X05,Educación,COLEGIO PÚBLICO BLAS DE OTERO. OBRAS IMPERMEABILIZACIÓN CUBIERTA PORCHE,,28853.96,28853.96
2017,X05,Educación,COLEGIO PÚBLICO FRANCISCO FATÓU. OBRAS SUBSANACIÓN DEFICIENCIAS ELÉCTRICAS,,11044.82,10314.35
2017,X05,Educación,COLEGIO PÚBLICO JOSÉ DE ECHEGARAY. OBRAS DE ACONDICIONAMIENTO,,15617.22,15550.84
2017,X05,Educación,ESCUELA INFANTIL LOS SOBRINOS DEL CAPITÁN GRANT. OBRAS CLIMATIZACIÓN COCINA,,12537.5,12537.5
2017,X05,Educación,ESCUELA MUNICIPAL DE MÚSICA VILLA DE VALLECAS. REFORMA,,4000.0,
2017,X05,Educación,IFS-ESCUELA DE MÚSICA VILLA DE VALLECAS. REFORMA CARPINTERIA EXTERIOR,,100000.0,
2017,X05,Educación,IFS-COLEGIO PÚBLICO JUAN GRIS. ADECUACIÓN INSTALACIONES Y ACABADOS DE COCINA,,50000.0,
2017,X05,Educación,IFS-COLEGIO PÚBLICO JUAN GRIS. ADECUACION ZONAS EXTERIORES,,150000.0,
2017,X05,Educación,IFS-COLEGIO PÚBLICO EL QUIJOTE. ADECUACIÓN CARPINTERÍA EXTERIOR Y EFICIENCIA ENERGÉTICA,,100000.0,
2017,X05,Educación,IFS-COLEGIO PÚBLICO EL QUIJOTE. RENOVACIÓN DE INSTALACIONES Y ACABADOS DE COCINA,,60000.0,59998.6
2017,X05,Educación,IFS-COLEGIO PÚBLICO FRANCISCO FATOU. ADECUACIÓN Y MEJORA PAVIMENTO,,60000.0,
2017,X05,Educación,IFS-COLEGIO PÚBLICO AGUSTIN RODRIGUEZ SAHAGUN.MEJORA INSTALACIONES SANEAMIENTO APARCAMIENTO,,50000.0,49746.5
2017,X05,Educación,IFS-COLEGIO PÚBLICO BLAS DE OTERO. OBRAS VARIAS EN CUBIERTA Y EFICIENCIA ENERGÉTICA,,150000.0,
2017,X05,Educación,IFS-COLEGIO PÚBLICO CIUDAD DE VALENCIA. ACONDICIONAMIENTO Y MEJORA DE INSTALACIONES,,150000.0,
2017,X10,Cultura,,,291741.36,113629.41
2017,X10,Cultura,CENTRO SOCIOCULTURAL FRANCISCO FATOU. OBRAS DE CONSERVACIÓN,,6233.18,5884.93
2017,X10,Cultura,IFS-RESTAURACIÓN FUENTES GEMELAS ANTIGUAMENTE INSTALADAS EN LA PUERTA DEL SOL,,60000.0,
2017,X10,Cultura,Pº FEDERICO GARCÍA LORCA. ACOMETIDA ELÉCTRICA PARA EVENTOS CULTURALES,,12091.0,12090.2
2017,X10,Cultura,RECINTO FERIAL VILLA DE VALLECAS. ACOMETIDA DE AGUA PARA EVENTOS CULTURALES,,27509.0,25375.93
2017,X10,Cultura,AUDITORIO AL AIRE LIBRE PARQUE AVENIDA DE LA GAVIA. OBRAS DE ACONDICIONAMIENTO,,100000.0,45158.6
2017,X10,Cultura,CENTRO CULTURAL ZAZUAR. CLIMATIZACIÓN DE SALAS,,23561.87,23019.18
2017,X10,Cultura,BIBLIOTECA PÚBLICA GERARDO DIEGO. OBRAS DE MEJORA,,2346.31,2100.57
2017,X10,Cultura,IFS-CENTRO CULTURAL ZAZUAR. ADECUACIÓN CARPINTERIA EXTERIOR Y EFICIENCIA ENERGÉTICA,,60000.0,
2017,X14,Sectores productivos,,,49741.78,19741.78
2017,X14,Sectores productivos,EQUIPAMIENTO ESPACIOS EMPRENDIMIENTO COWORKING EN DISTRITO VILLA DE VALLECAS,,19741.78,19741.78
2017,X14,Sectores productivos,FACTORÍA INDUSTRIAL EN EL DISTRITO VILLA DE VALLECAS. CONSTRUCCIÓN,,30000.0,
2017,X04,Salud pública,,,60978.09,60978.09
2017,X04,Salud pública,DEPARTAMENTO DE INSPECCIÓN DE MERCAMADRID. ADQUISICIÓN MAQUINARIA,,660.03,660.03
2017,X04,Salud pública,"CENTRO DE MADRID SALUD VILLA DE VALLECAS, PZ. SIERRA GADOR, 68. ACONDICIONAMIENTO",,60318.06,60318.06
2017,X00,Inversiones de carácter general,,,573413.62,24790.11
2017,X00,Inversiones de carácter general,SISTEMA INTEGRAL GRABACIÓN Y REPRODUCCIÓN SESIONES PLENARIAS DISTRITO VILLA VALLECAS,,4819.77,4819.77
2017,X00,Inversiones de carácter general,OBRAS DE CONSERVACIÓN EDIFICIOS DISTRITO DE VILLA DE VALLECAS,,317252.0,
2017,X00,Inversiones de carácter general,EDIFICIOS DISTRITO VILLA DE VALLECAS. OBRAS DE REPARACIÓN Y MEJORA,,48.58,
2017,X00,Inversiones de carácter general,EDIFICIO SEDE DISTRITO VILLA DE VALLECAS. OBRAS REFORMA DE DESPACHOS Y CLIMATIZACIÓN,,11293.27,11258.34
2017,X00,Inversiones de carácter general,IFS-EDIFICIO SEDE VILLA VALLECAS. ADECUACIÓN FACHADA PATIO INTERIOR Y EFICIENCIA ENERGÉTICA,,240000.0,8712.0
2017,X12,Otros bienes públicos de carácter social,,,132182.72,16612.65
2017,X12,Otros bienes públicos de carácter social,EQUIPAMIENTO OFICINA ATENCIÓN AL CIUDADANO LÍNEA MADRID DISTRITO VILLA VALLECAS,,2182.72,2182.72
2017,X12,Otros bienes públicos de carácter social,EQUIPAMIENTO CENTRO INTERASOCIATIVO VILLA DE VALLECAS,,30000.0,14429.93
2017,X12,Otros bienes públicos de carácter social,ESPACIO INTER ASOCIATIVO DE VILLA DE VALLECAS. ADECUACIÓN (ID: 4571),,100000.0,
2018,X01,Protección Civil y seguridad ciudadana,,,161093.35,84155.62
2018,X01,Protección Civil y seguridad ciudadana,PARQUE DE BOMBEROS EN EL DISTRITO DE VILLA DE VALLECAS. CONSTRUCCIÓN,,76593.37,
2018,X01,Protección Civil y seguridad ciudadana,IFS-UNIDAD INTEGRAL DE POLICÍA VILLA DE VALLECAS. PANELES FOTOVOLTAICOS Y REFORMA INSTALACIÓN ELÉCTRICA,,79703.38,79359.02
2018,X01,Protección Civil y seguridad ciudadana,BASE 20 SAMUR. INSTALACIÓN LÍNEAS DE VIDA,,4796.6,4796.6
2018,X11,"Deportes, juventud y esparcimiento",,,7106679.33,6391736.07
2018,X11,"Deportes, juventud y esparcimiento",EQUIPAMIENTO CENTRO JUVENIL EL SITIO DE MI RECREO,,6795.2,6795.2
2018,X11,"Deportes, juventud y esparcimiento",DEPORTIVO CERRO ALMODÓVAR . SUBSANACIÓN PATOLOGÍAS PISCINAS VERANO Y REDISTRIBUCIÓN VESTUARIOS,,234645.64,227589.17
2018,X11,"Deportes, juventud y esparcimiento",IFS-DEPORTIVO CERRO ALMODÓVAR . SUBSANACIÓN PATOLOGÍAS PISCINAS VERANO Y REDISTRIBUCIÓN VESTUARIOS,,4130747.15,4130747.15
2018,X11,"Deportes, juventud y esparcimiento",DEPORTIVO BÁSICO CALLE CAÑADA DEL SANTÍSIMO. CONSTRUCCIÓN,,2300.0,2275.88
2018,X11,"Deportes, juventud y esparcimiento",DEPORTIVO BÁSICO COLONIA VILDA. OBRAS DE REMODELACIÓN,,7400.0,7393.79
2018,X11,"Deportes, juventud y esparcimiento",IFS-CENTRO DEPORTIVO CERRO ALMODOVAR. REFORMA VESTUARIOS,,99782.25,99782.25
2018,X11,"Deportes, juventud y esparcimiento",IFS-CENTRO DEPORTIVO MIGUEL GULLÉN PRIM. REPARACIÓN CUADRO ELÉCTRICO,,37102.05,37102.05
2018,X11,"Deportes, juventud y esparcimiento",EQUIPAMIENTO CENTRO JUVENIL EL APEPH,,1123.12,1123.12
2018,X11,"Deportes, juventud y esparcimiento",UNIDAD DEPORTIVA PARA LA PRÁCTICA DEL RUGBY EN VILLA DE VALLECAS. CONSTRUCCIÓN,,1000.0,
2018,X11,"Deportes, juventud y esparcimiento",IFS-CENTRO DEPORTIVO CERRO ALMODÓVAR. INSTALACIÓN PISTAS DE PÁDEL EN ESPACIO LIBRE PARCELA,,345000.0,7758.0
2018,X11,"Deportes, juventud y esparcimiento",IFS-CIRCUITO DE AUTOMODELISMO. OBRAS DE ACOMETIDA DE INSTALACIÓN ELÉCTRICA Y CONTADORES,,15000.0,6442.95
2018,X11,"Deportes, juventud y esparcimiento",IFS-CENTRO DEPORTIVO CERRO ALMODÓVAR. MOBILIARIO Y ENSERES  ZONA DE VERANO Y PISCINAS AL AIRE LIBRE,,30000.0,24676.98
2018,X11,"Deportes, juventud y esparcimiento",IFS-CENTRO DEPORTIVO CERRO ALMODÓVAR. SEÑALIZACIÓN  ZONA DE VERANO Y PISCINAS AL AIRE LIBRE,,15000.0,14999.99
2018,X11,"Deportes, juventud y esparcimiento",IFS-POLIDEPORTIVO CERRO ALMODÓVAR. ADECUACIÓN ELÉCTRICA Y EFICIENCIA ENERGÉTICA,,106783.92,104243.69
2018,X11,"Deportes, juventud y esparcimiento",IFS-CENTRO DEPORTIVO MIGUEL GUILLÉN PRIM. MEJORA CUBIERTA EXTERIOR,,81000.0,80351.37
2018,X11,"Deportes, juventud y esparcimiento",IFS-DEPORTIVO BÁSICO VIRGEN DE LAS VIÑAS. MEJORA PAVIMENTO PISTA DEPORTIVA,,58000.0,57646.15
2018,X11,"Deportes, juventud y esparcimiento","IFS-DEPORTIVO BÁSICO UVA DE VALLECAS. ADECUACIÓN DE PAVIMENTO, INSTALACIÓN DE CANASTAS Y OTRAS",,235000.0,234949.71
2018,X11,"Deportes, juventud y esparcimiento",IFS-DEPORTIVO BÁSICO PEÑARANDA DE BRACAMONTE. CUBRICIÓN DE PISTA DEPORTIVA,,300000.0,48578.86
2018,X11,"Deportes, juventud y esparcimiento",IFS-DEPORTIVO BÁSICO PUERTO LUMBRERAS. CERRAMIENTO PERIMETRAL,,29000.0,28865.99
2018,X11,"Deportes, juventud y esparcimiento",IFS-DEPORTIVO BÁSICO COLONIA VILDA. CERRAMIENTO PERIMETRAL,,82000.0,77917.91
2018,X11,"Deportes, juventud y esparcimiento",IFS-DEPORTIVO BÁSICO PARCELA 3.16. CERRAMIENTO PERIMETRAL Y ADECUACIÓN ALUMBRADO,,111000.0,110559.24
2018,X11,"Deportes, juventud y esparcimiento",IFS-DEPORTIVO BÁSICO PARCELA 2.75. ADECUACIÓN PISTA SKATE Y CIRCUITO PARKOURT,,235000.0,233557.75
2018,X11,"Deportes, juventud y esparcimiento",IFS-INSTALACIÓN DEPORTVIA BÁSICA CAMPO DE FÚTBOL LA UNIÓN. REFORMA GRADAS Y  MURO EXTERIOR,,100000.0,98731.43
2018,X11,"Deportes, juventud y esparcimiento",IFS-CENTRO DEPORTIVO MIGUEL GUILLÉN PRIM. ADECUACIÓN FACHADA Y SISTEMA CLIMATIZACIÓN,,32000.0,20107.62
2018,X11,"Deportes, juventud y esparcimiento",IFS-CENTRO JUVENIL EL ALEPH. ADECUACIÓN INSTALACIÓN ELÉCTRICA A NORMATIVA,,6000.0,975.68
2018,X11,"Deportes, juventud y esparcimiento",IFS-DEPORTIVO BÁSICO PARCELA 3.16. ADECUACIÓN PISTAS DE BALONCESTO Y FÚTBOL,,345000.0,322304.26
2018,X11,"Deportes, juventud y esparcimiento",IFS-DEPORTIVO BÁSICO PARCELA 3.16. ADECUACIÓN DE DOS PISTAS DEPORTIVAS INFANTILES,,230000.0,223185.38
2018,X11,"Deportes, juventud y esparcimiento",IFS-DEPORTIVO BÁSICO PARCELA 2.100. ADECUACIÓN DE DOS  PISTAS DEPORTIVAS INFANTILES,,230000.0,183074.5
2018,X06,Urbanismo,,,1160765.84,76681.42
2018,X06,Urbanismo,SISTEMAS DE COMPENSACIÓN. PERI 14-06 SANTA LUISA INDUSTRIAL,,12773.59,12773.59
2018,X06,Urbanismo,ADQUISICIÓN DE SUELO EN NUEVOS ACCESOS AL VERTEDERO DE VILLA DE VALLECAS,,971.0,
2018,X06,Urbanismo,SUELO URBANIZABLE PROGRAMADO ENSANCHE VALLECAS 1.03,,35662.99,31097.27
2018,X06,Urbanismo,ADECUACIÓN VIALES Y ACCESIBILIDAD EN DISTRITO VILLA DE VALLECAS,,32810.56,32810.56
2018,X06,Urbanismo,ADQUISICIÓN DE SUELO CAMINO DE VASARES-AV.SANTA EUGENIA. VIARIOS Y ZONAS VERDES,,851297.07,
2018,X06,Urbanismo,ADQUISICIÓN SUELO CAMINO DE VASARES-AV. SANTA EUGENIA,,204523.36,
2018,X06,Urbanismo,"C/ SIERRA VIEJA, 68 C/V. PZA. SIERRA DE AYLLON. OBRAS ACCESORIAS DE URBANIZACIÓN",,22727.27,
2018,X09,Medio ambiente,,,5654423.92,680000.38
2018,X09,Medio ambiente,ENSANCHE DE VALLECAS UZP 1.03.  PLANTACIÓN DE ARBUSTOS Y REDES DE RIEGO,,987617.5,364742.18
2018,X09,Medio ambiente,"PARQUE DE LA GAVIA, DISTRITO VILLA DE VALLECAS. OBRAS DE REHABILITACIÓN",,254765.0,254764.02
2018,X09,Medio ambiente,PARQUE DE LA CAÑADA DEL SANTÍSIMO. REHABILITACIÓN Y REORDENACIÓN DE ESPACIOS,,20861.0,20860.4
2018,X09,Medio ambiente,"IFS-AVENIDA DE LA GAVIA. OBRAS DE RIEGO, AJARDINAMIENTO Y REORDENACIÓN DE ESPACIOS",,1490000.0,
2018,X09,Medio ambiente,IFS-SISTEMA DE CONTROL DE CALIDAD DE AGUAS RESIDUALES EN COLECTORES DE ALCANTARILLADO,,120000.0,12826.0
2018,X09,Medio ambiente,PARQUE TECNOLÓGICO VALDEMINGÓMEZ. SISTEMA CONTROL Y NEUTRALIZACIÓN DE OLORES,,48349.0,
2018,X09,Medio ambiente,FUENTES DE AGUA POTABLE DISTRITO VILLA DE VALLECAS. INSTALACIÓN (ID: 558),,31414.7,
2018,X09,Medio ambiente,ACONDICIONAMIENTO PARCELAS PARA HUERTOS URBANOS DISTRITO VILLA DE VALLECAS,,14149.48,14134.54
2018,X09,Medio ambiente,HUERTO URBANO EN SANTA EUGENIA. AMPLIACIÓN,,2267.24,2267.24
2018,X09,Medio ambiente,IFS-ZONA VERDE CAÑADA DEL SANTÍSIMO. REHABILITACIÓN Y ORDENACIÓN DE USOS,,1490000.0,
2018,X09,Medio ambiente,IFS-NUEVAS ÁREAS INFANTILES EN EL ENSANCHE DE VALLECAS. INSTALACIÓN (ID: 1535),,850000.0,
2018,X09,Medio ambiente,IFS-ZONA VERDE ENTRE C/VILLAR DEL OLMO Y SIERRA VIEJA. REMODELACIÓN INTEGRAL,,345000.0,10406.0
2018,X07,Infraestructuras,,,460497.7,110621.06
2018,X07,Infraestructuras,IFS-CARRIL BICI ENSANCHE DE VALLECAS. ADECUACIÓN (ID: 1200),,460497.7,110621.06
2018,X08,Mantenimiento urbano,,,1610733.59,202846.15
2018,X08,Mantenimiento urbano,HIDRANTES DISTRITO VILLA DE VALLECAS. INSTALACIÓN,,3318.29,3318.29
2018,X08,Mantenimiento urbano,PAVIMENTACIÓN CALZADAS BARRIOS EN DISTRITO VILLA DE VALLECAS. FASE I,,1085.07,1085.07
2018,X08,Mantenimiento urbano,CAMINO ERAR GAVIA. MEJORA FIRME DEL VIAL,,67544.7,67544.7
2018,X08,Mantenimiento urbano,IFS-SANEAMIENTO Y CONSOLIDACIÓN DEL FIRME EN LAS VÍAS PÚBLICAS DEL PAU DE VALLECAS,,1248785.53,130898.09
2018,X08,Mantenimiento urbano,IFS-ÁREA INFANTIL AVENIDA DE LA GAVIA. ADECUACIÓN (ID: 1535),,290000.0,
2018,X03,Protección y promoción social,,,2478526.19,1593712.92
2018,X03,Protección y promoción social,CENTRO DE SERVICIOS SOCIALES ENSANCHE DE VALLECAS. CONSTRUCCIÓN,,79398.0,79397.65
2018,X03,Protección y promoción social,IFS-CENTRO SERVICIOS SOCIALES PUERTO DE LAS PILAS. PANELES FOTOVOLTAICOS Y REFORMA INSTALACIÓN ELÉCTRICA,,79703.38,78656.11
2018,X03,Protección y promoción social,IFS-CENTRO DE MAYORES VILLA DE VALLECAS. PANELES FOTOVOLTAICOS Y REFORMA ELÉCTRICA (ID: 450),,30000.0,29818.92
2018,X03,Protección y promoción social,IFS-CENTRO DE MAYORES DE SANTA EUGENIA. REPOSICIÓN DE OTRO MOBILIARIO Y ENSERES,,6000.0,
2018,X03,Protección y promoción social,IFS-CENTRO DE MAYORES DE VILLA DE VALLECAS. REPOSICIÓN DE OTRO MOBILIARIO Y ENSERES,,6000.0,
2018,X03,Protección y promoción social,IFS-ESCUELA DE HOSTELERIA EN EL MERCADO DE SANTA EUGENIA. ADQUISICIÓN DE MAQUINARIA,,375000.0,
2018,X03,Protección y promoción social,IFS-ESCUELA DE HOSTELERIA EN EL MERCADO DE SANTA EUGENIA. MOBILIARIO Y ENSERES,,55000.0,
2018,X03,Protección y promoción social,IFS-CENTRO DE MAYORES SANTA EUGENCIA. ACONDICIONAMIENTO Y SUPRESIÓN BARRERAS ESPACIO EXTERIOR,,50000.0,40188.31
2018,X03,Protección y promoción social,IFS-CENTRO SERVICIOS SOCIALES FUENTIDUEÑA. MEJORA DE SISTEMA DE PROTECCIÓN SOLAR EN FACHADAS.,,50000.0,46526.11
2018,X03,Protección y promoción social,"IFS-LOCALES C/ HONRUBIA, 4. ADECUACIÓN PARA ESPACIO DE IGUALDAD",,100000.0,
2018,X03,Protección y promoción social,IFS-LOCAL C/BULEVAR DE LA NATURALEZA 2-8. ACONDICIONAMIENTO LOCAL PARA CENTRO DE EMPLEO (ID: 4247),,105000.0,
2018,X03,Protección y promoción social,IFS-CENTRO DE MAYORES SANTA EUGENCIA. ADECUACIÓN INSTALACIÓN ELÉCTRICA A NORMATIVA,,8000.0,1425.43
2018,X03,Protección y promoción social,IFS-ESCUELA HOSTELERIA EN MERCADO SANTA EUGENIA. OBRAS DE REFORMA,,1375447.0,1160318.91
2018,X03,Protección y promoción social,"IFS-ESCUELA DE HOSTELERÍA, MERCADO DE SANTA EUGENIA. OBRAS DE REPARACIÓN Y EFICIENCIA ENERGÉTICA",,90000.0,89978.05
2018,X03,Protección y promoción social,EQUIPAMIENTO OFICINA AUXILIAR DE EMPLEO EN MERCAMADRID,,1482.25,1482.25
2018,X03,Protección y promoción social,EQUIPAMIENTO CENTRO DE FORMACIÓN OCUPACIONAL DE VALLECAS VIVERO,,2451.1,2451.1
2018,X03,Protección y promoción social,CENTRO FORMACIÓN OCUPACIONAL DE LA MUJER VALLECAS VILLA. EQUIPO PROCESO DATOS,,8867.73,8867.73
2018,X03,Protección y promoción social,CENTRO DE FORMACIÓN OCUPACIONAL DE VALLECAS VIVERO. EQUIPOS DE PROCESOS DE DATOS,,2955.91,2955.91
2018,X03,Protección y promoción social,CENTRO DE FORMACIÓN OCUPACIONAL DE VALLECAS VIVERO. OBRAS DE REFORMA,,15896.82,15896.82
2018,X03,Protección y promoción social,CENTRO FORMACION OCUPACIONAL DE LA MUJER VALLECAS VILLA. INSTALACIÓN LÁMINAS SOLARES Y VINILOS,,20374.95,20374.95
2018,X03,Protección y promoción social,CENTRO DE FORMACIÓN OCUPACIONAL VALLECAS VIVERO. ADAPTACIÓN ACCESIBILIDAD,,524.8,
2018,X03,Protección y promoción social,CENTRO FORMACIÓN OCUPACIONAL PARA LA MUJER. ADAPTACIÓN ACCESIBILIDAD,,1049.58,
2018,X03,Protección y promoción social,"CENTRO DE FORMACIÓN OCUPACIONAL PARA LA MUJER, C/ HUELGA, 5. ADQUISICIÓN",,963.12,963.12
2018,X03,Protección y promoción social,EQUIPAMIENTO CENTRO FORMACIÓN OCUPACIONAL VILLA VALLECAS. POLÍTICAS ACTIVAS AE,,14411.55,14411.55
2018,X05,Educación,,,2730049.19,2293063.27
2018,X05,Educación,EQUIPAMIENTO ESCUELA DE MÚSICA VILLA DE VALLECAS,,1408.92,1408.92
2018,X05,Educación,IFS-ESCUELA DE MÚSICA VILLA DE VALLECAS. REFORMA CARPINTERIA EXTERIOR,,49749.65,49749.65
2018,X05,Educación,IFS-COLEGIO PÚBLICO JUAN GRIS. ADECUACIÓN INSTALACIONES Y ACABADOS DE COCINA,,49674.2,49674.2
2018,X05,Educación,IFS-COLEGIO PÚBLICO JUAN GRIS. ADECUACION ZONAS EXTERIORES,,149694.81,149623.81
2018,X05,Educación,IFS-COLEGIO PÚBLICO EL QUIJOTE. ADECUACIÓN CARPINTERÍA EXTERIOR Y EFICIENCIA ENERGÉTICA,,99995.53,99995.52
2018,X05,Educación,IFS-COLEGIO PÚBLICO FRANCISCO FATOU. ADECUACIÓN Y MEJORA PAVIMENTO,,59999.51,59999.49
2018,X05,Educación,IFS-COLEGIO PÚBLICO AGUSTIN RODRIGUEZ SAHAGUN.MEJORA INSTALACIONES SANEAMIENTO APARCAMIENTO,,251.93,251.93
2018,X05,Educación,IFS-COLEGIO PÚBLICO BLAS DE OTERO. OBRAS VARIAS EN CUBIERTA Y EFICIENCIA ENERGÉTICA,,149902.77,149902.77
2018,X05,Educación,IFS-COLEGIO PÚBLICO CIUDAD DE VALENCIA. ACONDICIONAMIENTO Y MEJORA DE INSTALACIONES,,149991.29,149991.29
2018,X05,Educación,ESCUELA INFANTIL LA REVOLTOSA. INSTALACIÓN DE TOLDOS,,16579.42,16579.42
2018,X05,Educación,OTRO EQUIPAMIENTO ESCUELA INFANTIL LA REVOLTOSA,,1706.04,1706.01
2018,X05,Educación,OTRO EQUIPAMIENTO ESCUELA INFANTIL LOS SOBRINOS DEL CAPITÁN GRANT,,1706.04,1706.01
2018,X05,Educación,IFS-ESCUELA INFANTIL LA REVOLTOSA. REPARACIÓN DE GRIETAS,,150000.0,
2018,X05,Educación,ESCUELA INFANTIL LA REVOLTOSA. MAQUINARIA,,1700.0,1439.9
2018,X05,Educación,IFS-COLEGIO PÚBLICO HONDURAS. ACTUALIZACIÓN  SISTEMA SEGURIDAD,,45000.0,8587.78
2018,X05,Educación,IFS-COLEGIO PÚBLICO EL QUIJOTE. ACTUALIZACIÓN  SISTEMA SEGURIDAD,,55000.0,12042.21
2018,X05,Educación,IFS-COLEGIO PÚBLICO BLAS DE OTERO. ACTUALIZACIÓN SISTEMA DE SEGURIDAD,,50000.0,9748.06
2018,X05,Educación,IFS-COLEGIO PÚBLICO CIUDAD DE VALENCIA. ACTUALIZACIÓN SISTEMA DE SEGURIDAD,,60000.0,21665.8
2018,X05,Educación,IFS-COLEGIO PÚBLICO HONDURAS. RENOVACIÓN INSTALACIÓN DE CALEFACCIÓN,,75000.0,74819.75
2018,X05,Educación,"IFS-COLEGIO PÚBLICO EL QUIJOTE. ADECUACIÓN ENVOLVENTE, EFICIENCIA ENERGÉTICA, ACCESIBILIDAD Y OTRAS",,111268.16,111268.16
2018,X05,Educación,IFS-COLEGIO PÚBLICO BLAS DE OTERO. ADECUACIÓN ELÉCTRICA A NORMATIVA,,6000.0,5971.33
2018,X05,Educación,IFS-COLEGIO PÚBLICO AGUSTÍN RODRIGUEZ SAHAGÚN. ADECUACIÓN ELÉCTRICA A NORMATIVA,,17000.0,16937.85
2018,X05,Educación,IFS-COLEGIO PÚBLICO JUAN GRIS. ADECUACIÓN ELÉCTRICA A NORMATIVA,,17000.0,6977.04
2018,X05,Educación,IFS-COLEGIO PÚBLICO FRANCISCO FATOU . ADECUACIÓN SANEAMIENTO Y MEJORA ACCESIBILIDAD,,120000.0,119851.89
2018,X05,Educación,IFS-COLEGIO PÚBLICO CIUDAD DE VALENCIA. ACCESIBILIDAD Y SUPRESIÓN DE BARRERAS ARQUITECTÓNICAS,,60000.0,59319.32
2018,X05,Educación,"IFS-COLEGIO PÚBLICO JUAN GRIS. MEJORAS ACCESIBILIDAD, PAVIMENTACIÓN Y OTRAS",,171420.92,171407.95
2018,X05,Educación,IFS-COLEGIO PÚBLICO LOYOLA DE PALACIO. ADECUACIÓN CUBIERTA Y RAMPA  PARA MEJORA ACCESIBILIDAD,,185000.0,184703.21
2018,X05,Educación,"IFS-COLEGIO PÚBLICO FRANCISCO FATOU . REFORMA COCINA, ASEO ACCESIBLE Y OTRAS",,280000.0,279549.53
2018,X05,Educación,IFS-COLEGIO PÚBLICO BLAS DE OTERO. ADECUACIÓN DE PAVIMENTO Y MEJORA DE ACCESIBILIDAD,,125000.0,124999.68
2018,X05,Educación,IFS-ESCUELA INFANTIL LA REVOLTOSA. ADECUACIÓN DE PATIOS PARA MEJORA DE ACCESIBILIDAD,,60000.0,43856.11
2018,X05,Educación,"IFS-ESCUELA INFANTIL LA REVOLTOSA. MEJORA SISTEMA DE VENTILACIÓN, SANEAMIENTO Y CERRAMIENTO",,20000.0,15405.32
2018,X05,Educación,IFS-ESCUELA INFANTIL LOS SOBRINOS DEL CAPITÁN GRANT.  ACCESIBILIDAD Y FUNCIONALIDAD PATIOS,,60000.0,34764.15
2018,X05,Educación,"IFS-ESCUELA INFANTIL LOS SOBRINOS DEL CAPITÁN GRANT.MEJORAS VENTILACIÓN,SANEAMIENTO Y CERRAMIENTO",,50000.0,34611.7
2018,X05,Educación,IFS-COLEGIO PÚBLICO CIUDAD DEVALENCIA. REFORMA DE ASEOS Y OTRAS,,60000.0,36873.39
2018,X05,Educación,IFS-ESCUELA DE MÚSICA VILLA DE VALLECAS. OBRAS DE MEJORA ACCESIBILIDAD,,120000.0,87720.59
2018,X05,Educación,IFS-COLEGIOS PÚBLICOS VILLA DE VALLECAS. ADECUACIÓN ZONAS DE JUEGO Y DEPORTIVAS EN PATIOS  (ID: 2820),,100000.0,99953.53
2018,X10,Cultura,,,721267.89,281128.44
2018,X10,Cultura,IFS-CENTRO CULTURAL ZAZUAR. ADECUACIÓN CARPINTERIA EXTERIOR Y EFICIENCIA ENERGÉTICA,,38267.89,38267.88
2018,X10,Cultura,IFS-MONUMENTO A FEDERICO GARCÍA LORCA. INSTALACIÓN PANEL INFORMATIVO Y PLACAS,,20000.0,6594.5
2018,X10,Cultura,IFS-REPRODUCCIÓN DE UNA FUENTE GEMELA DE LA PUERTA DEL SOL.,,100000.0,99985.29
2018,X10,Cultura,IFS-CENTRO CULTURAL ZAZUAR. ELIMINACIÓN DE BARRERAS ARQUITECTÓNICAS PARA MEJORA ACCESIBILIDAD,,230000.0,5445.0
2018,X10,Cultura,IFS-CENTRO CULTURAL ZAZUAR. RENOVACIÓN DE SISTEMA DE CLIMATIZACIÓN,,17000.0,15282.38
2018,X10,Cultura,IFS-AUDITORIO VILLA DE VALLECAS. ADECUACIÓN PARA MEJORA DE ACCESIBILIDAD,,50000.0,38528.03
2018,X10,Cultura,IFS-BIBLIOTECA GERARDO DIEGO. OBRAS MEJORA ACCESIBILIDAD,,11000.0,9717.05
2018,X10,Cultura,IFS-BIBLIOTECA GERARDO DIEGO.  REMODELACIÓN DEL SALÓN DE ACTOS,,220000.0,36990.27
2018,X10,Cultura,IFS-CENTRO CULTURAL FRANCISCO FATOU. MEJORAS FUNCIONALES Y DE EFICIENCIA ENERGÉTICA,,27000.0,25812.76
2018,X10,Cultura,IFS-CENTRO CULTURAL ZAZUAR.  ADECUACIÓN INSTALACIÓN ELÉCTRICA A NORMATIVA,,8000.0,4505.28
2018,X14,Sectores productivos,,,112000.93,48378.33
2018,X14,Sectores productivos,FACTORÍA INDUSTRIAL EN EL DISTRITO VILLA DE VALLECAS. CONSTRUCCIÓN,,52000.93,
2018,X14,Sectores productivos,IFS-MERCADO VILLA DE VALLECAS. OBRAS DE REHABILITACIÓN DE LA FACHADA POSTERIOR,,60000.0,48378.33
2018,X04,Salud pública,,,1822.39,1822.39
2018,X04,Salud pública,DEPARTAMENTO DE INSPECCIÓN DE MERCAMADRID. ADQUISICIÓN DE MAQUINARIA,,1822.39,1822.39
2018,X00,Inversiones de carácter general,,,370147.63,333331.85
2018,X00,Inversiones de carácter general,IFS-EDIFICIO SEDE VILLA VALLECAS. ADECUACIÓN FACHADA PATIO INTERIOR Y EFICIENCIA ENERGÉTICA,,231147.63,196535.64
2018,X00,Inversiones de carácter general,IFS-EDIFICIO SEDE DISTRITO VILLA DE VALLECAS. PANELES FOTOVOLTAICOS Y REFORMA ELÉCTRICA (ID: 1517),,65000.0,64944.6
2018,X00,Inversiones de carácter general,IFS-EDIFICIO SEDE DISTRITO VILLA VALLECAS. MEJORA ACCESIBILIDAD Y CERRAMIENTO,,50000.0,47870.17
2018,X00,Inversiones de carácter general,IFS-EDIFICIO SEDE DISTRITO VILLA DE VALLECAS. MEJORA ILUMINACIÓN EN ASEOS Y OTRAS,,24000.0,23981.44
2018,X12,Otros bienes públicos de carácter social,,,70000.0,
2018,X12,Otros bienes públicos de carácter social,IFS-LOCAL C/ ALTO DE LA SARTENILLA. ACONDICIONAMIENTO PARA ESPACIO INTERASOCIATIVO (ID 17: 4571),,70000.0,
2018,X13,Otros bienes públicos de carácter económico,,,250000.0,
2018,X13,Otros bienes públicos de carácter económico,IFS-COMPRA PÚBLICA DE INNOVACIÓN. MEDICIÓN EMISIONES GASEOSAS DE VALDEMINGÓMEZ,,250000.0,
2019,X01,Protección Civil y seguridad ciudadana,,,130741.98,106384.92
2019,X01,Protección Civil y seguridad ciudadana,UNIDAD INTEGRAL DE POLICÍA MUNICIPAL VILLA DE VALLECAS. CONSTRUCCIÓN,,24357.06,
2019,X01,Protección Civil y seguridad ciudadana,PARQUE DE BOMBEROS EN EL DISTRITO DE VILLA DE VALLECAS. CONSTRUCCIÓN,,106384.92,106384.92
2019,X11,"Deportes, juventud y esparcimiento",,,8612811.62,2341288.38
2019,X11,"Deportes, juventud y esparcimiento",OBRAS DE CONSERVACIÓN INSTALACIONES DEPORTIVAS DISTRITO DE VILLA DE VALLECAS,,35983.1,
2019,X11,"Deportes, juventud y esparcimiento",INSTALACIÓN DEPORTIVA ENSANCHE DE VALLECAS (PAU VALLECAS). CONSTRUCCIÓN,,2195000.72,1566588.14
2019,X11,"Deportes, juventud y esparcimiento",IFS-CENTRO DEPORTIVO CERRO ALMODÓVAR. INSTALACIÓN PISTAS DE PÁDEL EN ESPACIO LIBRE PARCELA,,337188.36,337188.09
2019,X11,"Deportes, juventud y esparcimiento",IFS-DEPORTIVO BÁSICO PEÑARANDA DE BRACAMONTE. CUBRICIÓN DE PISTA DEPORTIVA,,251122.54,251100.8
2019,X11,"Deportes, juventud y esparcimiento",IFS-CENTRO DEPORTIVO CERRO ALMODÓVAR. SUBSANACIÓN PATOLOGÍA ESTRUCTURA Y LÍNEA DE VIDA,,700000.0,
2019,X11,"Deportes, juventud y esparcimiento",IFS-UNIDADES DEPORTIVAS PARA LA PRÁCTICA DEL RUGBY EN VILLA DE VALLECAS. CONSTRUCCIÓN,,4000000.0,
2019,X11,"Deportes, juventud y esparcimiento",NUEVOS DEPORTIVOS BÁSICOS EN EL ENSANCHE DE VALLECAS. CONSTRUCCIÓN (ID: 8669),,4800.0,
2019,X11,"Deportes, juventud y esparcimiento",DEPORTIVO BÁSICO PEÑARANDA DE BRACAMONTE. CUBRICIÓN PISTA BALONCESTO (ID: 8669),,95500.0,
2019,X11,"Deportes, juventud y esparcimiento",PISTAS MINI DEPORTIVAS STELA MARIS. CONSTRUCCIÓN (ID: 8669),,34500.0,
2019,X11,"Deportes, juventud y esparcimiento",DEPORTIVO BÁSICO PARQUE REAL DE ARGANDA. INSTALACIÓN CIRCUITO SKATEPARK,,60000.0,59152.53
2019,X11,"Deportes, juventud y esparcimiento",DEPORTIVOS BÁSICOS ENSANCHE DE VALLECAS. OBRAS DE PAVIMENTACIÓN ACCESOS,,2824.91,
2019,X11,"Deportes, juventud y esparcimiento",DEPORTIVO BÁSICO PEÑARANDA DE BRACAMONTE. OBRAS DE PAVIMENTACIÓN ACCESOS,,5215.98,5215.98
2019,X11,"Deportes, juventud y esparcimiento",DEPORTIVO BÁSICO PARCELA 2.100 P.A.U. OBRAS DE PAVIMENTACIÓN ACCESOS,,610.18,610.18
2019,X11,"Deportes, juventud y esparcimiento",DEPORTIVO BÁSICO PARCELA 3.16 P.A.U. OBRAS DE PAVIMENTACIÓN ACCESOS,,4444.89,4444.89
2019,X11,"Deportes, juventud y esparcimiento",DEPORTIVO BÁSICO CAMPO DE LA UNIÓN. OBRAS DE PAVIMENTACIÓN ACCESOS,,7347.47,7347.47
2019,X11,"Deportes, juventud y esparcimiento",DEPORTIVO BÁSICO PARCELA 2.75 P.A.U. OBRAS DE PAVIMENTACIÓN ACCESOS,,7556.57,7556.57
2019,X11,"Deportes, juventud y esparcimiento",IFS-CENTRO DEPORTIVO CERRO ALMODÓVAR. JARDINERAS PARA SECTORIZAR ZONAS,,15000.0,14978.35
2019,X11,"Deportes, juventud y esparcimiento",CENTRO DEPORTIVO CERRO ALMODOVAR. SEÑALIZACIÓN,,700.0,550.55
2019,X11,"Deportes, juventud y esparcimiento",DEPORTIVO BÁSICO PARCELA 2.75 PAU VILLA DE VALLECAS. REPARACIÓN ROCÓDROMO,,2929.64,2929.64
2019,X11,"Deportes, juventud y esparcimiento",DEPORTIVO BÁSICO PARQUE REAL DE ARGANDA. MEJORA PAVIMENTO PISTA,,51295.75,51295.75
2019,X11,"Deportes, juventud y esparcimiento",PISTA DE PATINAJE PUERTO PORZUNA. PAVIMENTACIÓN SOLERA GRADAS,,1791.51,1791.51
2019,X11,"Deportes, juventud y esparcimiento",IFS-CENTRO DEPORTIVO CERRO ALMODÓVAR. GRÚAS ELEVADORAS Y ROBOT LIMPIAFONDOS,,23000.0,20397.45
2019,X11,"Deportes, juventud y esparcimiento",CENTRO JUVENIL EL SITIO DE MI RECREO. OBRAS MEJORA DE SEGURIDAD,,24000.0,10140.48
2019,X11,"Deportes, juventud y esparcimiento",IFS-CENTRO JUVENIL EL SITIO DE MI RECREO. ADAPTACIÓN A NORMATIVA ELÉCTRICA,,20000.0,
2019,X11,"Deportes, juventud y esparcimiento",IFS-DEPORTIVO BÁSICO PARQUE VILLA DE VALLECAS. PAVIMENTACIÓN Y ADECUACIÓN DE LUMINARIAS,,117000.0,
2019,X11,"Deportes, juventud y esparcimiento",IFS-DEPORTIVO BÁSICO SANTA EUGENIA. CAMPO DE FÚTBOL 11 DE CÉSPED ARTIFICIAL,,345000.0,
2019,X11,"Deportes, juventud y esparcimiento",IFS-DEPORTIVO BÁSICO PARQUE DEL CEMENTERO. PAVIMENTACIÓN Y RECOGIDA DE AGUAS,,105000.0,
2019,X11,"Deportes, juventud y esparcimiento",IFS-DEPORTIVO BÁSICO CAMINO DE LA SUERTE. ADECUACIÓN GRADAS DEL CAMPO DE FÚTBOL,,120000.0,
2019,X11,"Deportes, juventud y esparcimiento",IFS-CENTRO DEPORTIVO CERRO ALMODÓVAR. ADECUACIÓN REDES AGUA CALIENTE Y ENERGÍA SOLAR,,45000.0,
2019,X06,Urbanismo,,,45348.27,23770.91
2019,X06,Urbanismo,SISTEMAS DE COMPENSACIÓN. PERI 14-06 SANTA LUISA INDUSTRIAL,,20447.0,5806.17
2019,X06,Urbanismo,SUELO URBANIZABLE PROGRAMADO 3.01 DESARROLLO DEL ESTE VALDECARROS,,2174.0,
2019,X06,Urbanismo,"C/ SIERRA VIEJA, 68 C/V. PZA. SIERRA DE AYLLON. OBRAS ACCESORIAS DE URBANIZACIÓN",,22727.27,17964.74
2019,X09,Medio ambiente,,,27844455.78,4491882.09
2019,X09,Medio ambiente,ENSANCHE DE VALLECAS UZP 1.03.  PLANTACIÓN DE ARBUSTOS Y REDES DE RIEGO,,15968.65,15968.65
2019,X09,Medio ambiente,"PARQUE DE LA GAVIA, DISTRITO VILLA DE VALLECAS. OBRAS DE REHABILITACIÓN",,1000000.0,8089.29
2019,X09,Medio ambiente,"IFS-AVENIDA DE LA GAVIA. OBRAS DE RIEGO, AJARDINAMIENTO Y REORDENACIÓN DE ESPACIOS",,1359426.38,241805.58
2019,X09,Medio ambiente,IFS-SISTEMA DE CONTROL DE CALIDAD DE AGUAS RESIDUALES EN COLECTORES DE ALCANTARILLADO,,103548.68,103430.52
2019,X09,Medio ambiente,PARQUE TECNOLÓGICO VALDEMINGÓMEZ. SISTEMA CONTROL Y NEUTRALIZACIÓN DE OLORES,,48400.0,43812.56
2019,X09,Medio ambiente,FUENTES DE AGUA POTABLE DISTRITO VILLA DE VALLECAS. INSTALACIÓN (ID: 558),,36415.66,33295.52
2019,X09,Medio ambiente,ACONDICIONAMIENTO PARCELAS PARA HUERTOS URBANOS DISTRITO VILLA DE VALLECAS,,2858.93,2858.93
2019,X09,Medio ambiente,IFS-ZONA VERDE CAÑADA DEL SANTÍSIMO. REHABILITACIÓN Y ORDENACIÓN DE USOS,,1238067.5,521343.62
2019,X09,Medio ambiente,IFS-NUEVAS ÁREAS INFANTILES EN EL ENSANCHE DE VALLECAS. INSTALACIÓN (ID: 1535),,849584.8,744538.66
2019,X09,Medio ambiente,IFS-ZONA VERDE ENTRE C/VILLAR DEL OLMO Y SIERRA VIEJA. REMODELACIÓN INTEGRAL,,334585.82,229262.44
2019,X09,Medio ambiente,IFS-CENTRO DE VISITAS DE VALDEMINGÓMEZ. SUBSANACIÓN DE PATOLOGÍAS,,1340000.0,
2019,X09,Medio ambiente,PARQUE TECNOLÓGICO DE VALDEMINGÓMEZ. SISTEMAS DE DESODORIZACIÓN BIOMETANIZACION,,6857490.62,
2019,X09,Medio ambiente,PLANTA BIOMETANIZACIÓN LAS DEHESAS . ADAPTACIÓN A RESIDUOS FORS,,5738803.0,2490132.81
2019,X09,Medio ambiente,SISTEMAS DESODORIZACIÓN PLANTAS TRATAMIENTO RESIDUOS URBANOS PARQUE VALDEMINGÓMEZ,,7561602.0,
2019,X09,Medio ambiente,ENSANCHE DE VALLECAS. ACONDICIONAMIENTO DE CAMINOS Y ZONAS ESTANCIALES,,17000.0,17000.0
2019,X09,Medio ambiente,CAÑADA DEL SANTÍSIMO REHABILITACIÓN ZONAS VERDES,,35911.41,35911.41
2019,X09,Medio ambiente,MURO VERDE EN EL ENSANCHE DE VALLECAS LIMÍTROFE CON VALDEMINGOMEZ. PLANTACIÓN (ID: 8671),,40000.0,
2019,X09,Medio ambiente,"IFS-ZONAS VERDES DISTRITO VILLA DE VALLECAS.MEJORA DE INSTALACIONES, INFRAESTRUCTURAS Y EQUIPAMIENTO",,1140000.0,
2019,X09,Medio ambiente,IFS-PLAZA MILMARCOS. REMODELACIÓN ZONA AJARDINADA,,30000.0,
2019,X09,Medio ambiente,IFS-PARTERRES EN CRUCES Y ROTONDAS DEL ENSANCHE DE VALLECAS. ADECUACIÓN Y MEJORA PARA SEGURIDAD VIAL,,50000.0,
2019,X09,Medio ambiente,IFS-MUROS DE CONTENCIÓN DE JARDINERAS EN C/VIRGEN DE LAS VIÑAS. ACONDICIONAMIENTO Y MEJORA,,40000.0,
2019,X09,Medio ambiente,PARQUE REAL DE ARGANDA. OBRAS DE ACONDICIONAMIENTO,,4792.33,4432.1
2019,X07,Infraestructuras,,,286441.23,203888.65
2019,X07,Infraestructuras,CARRIL BICI ENSANCHE DE VALLECAS. ADECUACIÓN (ID: 1200),,238441.23,155935.03
2019,X07,Infraestructuras,SOLAR ENTORNO MERCADO VILLA DE VALLECAS. ACONDICIONAMIENTO PARA APARCAMIENTO,,48000.0,47953.62
2019,X08,Mantenimiento urbano,,,1352449.5,1009887.8
2019,X08,Mantenimiento urbano,PAVIMENTACIÓN CALZADAS BARRIOS EN DISTRITO VILLA DE VALLECAS. FASE I,,1605.96,1605.96
2019,X08,Mantenimiento urbano,IFS-ÁREA INFANTIL AVENIDA DE LA GAVIA. ADECUACIÓN (ID: 1535),,289961.16,246466.98
2019,X08,Mantenimiento urbano,SANEAMIENTO Y CONSOLIDACIÓN DEL FIRME EN LAS VÍAS PÚBLICAS DEL PAU DE VALLECAS,,987843.87,691157.46
2019,X08,Mantenimiento urbano,ESTRUCTURA VAGÓN FERROCARRIL EN VILLA VALLECAS. SUSTITUCIÓN ELEMENTOS DETERIORADOS,,14000.0,13683.89
2019,X08,Mantenimiento urbano,"ZONA VERDE EN C/MONTES DE BARZANZA, VILLA DE VALLECAS. INSTALACIÓN LUMINARIAS",,15000.0,14973.29
2019,X08,Mantenimiento urbano,PARQUE STELA MARIS. INSTALACIÓN ÁREA CANINA DEPORTIVA (ID: 8669),,21844.04,21368.39
2019,X08,Mantenimiento urbano,"CALLE ALTO DEL RETIRO, ENSANCHE DE VALLECAS. PARQUE DE CALISTENIA(ID: 8669)",,22194.47,20631.83
2019,X03,Protección y promoción social,,,1582786.45,853368.85
2019,X03,Protección y promoción social,CENTRO DE SERVICIOS SOCIALES ENSANCHE DE VALLECAS. CONSTRUCCIÓN,,382400.0,
2019,X03,Protección y promoción social,ESCUELA HOSTELERIA EN MERCADO SANTA EUGENIA. OBRAS DE REFORMA,,125268.0,125085.53
2019,X03,Protección y promoción social,IFS-CENTRO DE MAYORES DE SANTA EUGENIA. REPOSICIÓN DE OTRO MOBILIARIO Y ENSERES,,5713.5,5713.49
2019,X03,Protección y promoción social,IFS-CENTRO DE MAYORES DE VILLA DE VALLECAS. REPOSICIÓN DE OTRO MOBILIARIO Y ENSERES,,5803.32,5803.32
2019,X03,Protección y promoción social,IFS-ESCUELA DE HOSTELERIA EN EL MERCADO DE SANTA EUGENIA. ADQUISICIÓN DE MAQUINARIA,,374999.99,261075.0
2019,X03,Protección y promoción social,IFS-ESCUELA DE HOSTELERIA EN EL MERCADO DE SANTA EUGENIA. MOBILIARIO Y ENSERES,,52910.53,52910.53
2019,X03,Protección y promoción social,"IFS-LOCALES C/ HONRUBIA, 4. ADECUACIÓN PARA ESPACIO DE IGUALDAD",,98613.29,97865.79
2019,X03,Protección y promoción social,IFS-ESCUELA HOSTELERIA EN MERCADO SANTA EUGENIA. OBRAS DE REFORMA,,111600.15,111550.78
2019,X03,Protección y promoción social,CENTRO DE FORMACIÓN OCUPACIONAL VALLECAS VIVERO. ADAPTACIÓN ACCESIBILIDAD,,524.8,524.8
2019,X03,Protección y promoción social,CENTRO FORMACIÓN OCUPACIONAL PARA LA MUJER. ADAPTACIÓN ACCESIBILIDAD,,1049.58,1049.58
2019,X03,Protección y promoción social,EQUIPAMIENTO CENTRO FORMACIÓN OCUPACIONAL VILLA VALLECAS. POLÍTICAS ACTIVAS AE,,13735.16,13735.16
2019,X03,Protección y promoción social,DISPOSITIVO EMERGENCIA ACOGIDA SOLICITANTES ASILO/REFUGIO AVDA. MAYORAZGO. CONSTRUCCIÓN,,211717.08,
2019,X03,Protección y promoción social,IFS-CENTRO DE MAYORES  SANTA EUGENIA. ADQUISICIÓN DE OTRO MOBILIARIO Y ENSERES,,6000.0,5808.54
2019,X03,Protección y promoción social,CENTRO DE SERVICIOS SOCIALES VILLA DE VALLECAS. SEÑALIZACIÓN,,1300.0,260.0
2019,X03,Protección y promoción social,IFS-CENTRO DE MAYORES  VILLA DE VALLECAS. ADQUISICIÓN DE OTRO MOBILIARIO Y ENSERES,,6000.0,5997.97
2019,X03,Protección y promoción social,CENTRO SERVICIOS SOCIALES VILLA DE VALLECAS. SISTEMA ALARMA ANTI-INTRUSIÓN,,8000.0,
2019,X03,Protección y promoción social,"LOCALES C/ HONRUBIA, 4. ADECUACIÓN PARA ESPACIO DE IGUALDAD",,2919.72,2919.72
2019,X03,Protección y promoción social,ESCUELA HOSTELERIA EN MERCADO SANTA EUGENIA. MEJORA DE LA FUNCIONALIDAD,,53114.77,52412.7
2019,X03,Protección y promoción social,CENTRO DE SERVICIOS SOCIALES VILLA DE VALLECAS. OBRAS DE SEGURIDAD,,7993.83,7993.83
2019,X03,Protección y promoción social,IFS-LOCAL C/BULEVAR DE LA NATURALEZA 2-8. ACONDICIONAMIENTO LOCAL PARA CENTRO DE EMPLEO (ID 17: 4247),,99321.63,98216.94
2019,X03,Protección y promoción social,SUMINISTRO DE PERSIANAS EN LA OFICINA AUXILIAR DE LA AGENCIA EMP. EN MERCAMADRID,,611.16,611.16
2019,X03,Protección y promoción social,"ESCUELA DE HOSTELERIA SANTA EUGENIA. ADQUISICION DE PROYECTORS, PANTALLAS Y ALTAVOCES",,1727.86,
2019,X03,Protección y promoción social,"CF DE LA MUJER EN VALLECAS. ADQUISICION DE TVs, PROYECTORES, ALTAVOCES, PANTALLAS Y CAJA CONEXION",,3502.45,
2019,X03,Protección y promoción social,CENTRO INTEGRAL DE COCINA Y RESTAURACIÓN. ADQUISICIÓN POLÍTICAS ACTIVAS EMPLEO,,7959.63,3834.01
2019,X05,Educación,,,596821.58,227398.22
2019,X05,Educación,OBRAS DE CONSERVACIÓN CENTROS DOCENTES DE ENSEÑANZA DISTRITO VILLA DE VALLECAS,,15324.08,
2019,X05,Educación,EQUIPAMIENTO ESCUELA DE MÚSICA VILLA DE VALLECAS,,11668.15,7568.88
2019,X05,Educación,IFS-COLEGIO PÚBLICO LOYOLA DE PALACIO.  ADAPTACIÓN A NORMATIVA ELÉCTRICA,,30000.0,
2019,X05,Educación,OTRO EQUIPAMIENTO ESCUELA INFANTIL LA REVOLTOSA,,104.45,104.45
2019,X05,Educación,OTRO EQUIPAMIENTO ESCUELA INFANTIL LOS SOBRINOS DEL CAPITÁN GRANT,,156.67,156.67
2019,X05,Educación,IFS-ESCUELA INFANTIL LA REVOLTOSA. REPARACIÓN DE GRIETAS,,132332.04,132332.03
2019,X05,Educación,ESCUELA INFANTIL LA REVOLTOSA. REPARACIÓN DE GRIETAS,,12560.27,12560.27
2019,X05,Educación,ESCUELA INFANTIL LA REVOLTOSA. OBRAS REFORMA Y ADECUACIÓN INSTALACIONES,,26749.81,26749.81
2019,X05,Educación,ESCUELA INFANTIL LOS SOBRINOS DEL CAPITÁN GRANT. OBRAS REFORMA DE INSTALACIONES,,6473.39,6473.39
2019,X05,Educación,COLEGIO PÚBLICO FRANCISCO FATÓU. MEJORA ILUMINACIÓN EXTERIOR,,5129.08,5129.08
2019,X05,Educación,COLEGIO PÚBLICO EL QUIJOTE. ADAPTACIÓN A NORMATIVA ELÉCTRICA,,7641.63,7641.63
2019,X05,Educación,COLEGIO PÚBLICO JUAN GRIS. OBRAS MEJORA EN COCINA,,2864.89,2864.89
2019,X05,Educación,COLEGIO PÚBLICO EL QUIJOTE. ADECUACIÓN PÉRGOLA PATIO,,25817.12,25817.12
2019,X05,Educación,IFS-COLEGIO PÚBLICO AGUSTÍN RODRIGUEZ SAHAGÚN. OBRAS DE MEJORA Y ACONDICIONAMIENTO,,50000.0,
2019,X05,Educación,IFS-COLEGIO PÚBLICO EL QUIJOTE. OBRAS DE MEJORA Y ACONDICIONAMIENTO,,30000.0,
2019,X05,Educación,IFS-COLEGIO PÚBLICO JUAN GRIS. OBRAS DE MEJORA Y ACONDICIONAMIENTO,,90000.0,
2019,X05,Educación,IFS-COLEGIO PÚBLICO FRANCISCO FATOU. ADAPTACIÓN A NORMATIVA DE INCENDIOS Y EVACUACIÓN,,40000.0,
2019,X05,Educación,IFS-COLEGIO PÚBLICO QUIJOTE. ADECUACIÓN ZONAS ESTANCIALES EN ESPACIOS EXTERIORES Y DE JUEGO,,10000.0,
2019,X05,Educación,IFS-COLEGIO PÚBLICO  HONDURAS. ADECUACIÓN ZONAS ESTANCIALES EN ESPACIOS EXTERIORES Y DE JUEGO,,10000.0,
2019,X05,Educación,IFS-COLEGIO PÚBLICO LOYOLA DE PALACIO.ADECUACIÓN ZONAS ESTANCIALES EN ESPACIOS EXTERIORES Y DE JUEGO,,10000.0,
2019,X05,Educación,IFS-COLEGIO PÚBLICO JUAN DE HERRERA. ADECUACIÓN ZONAS ESTANCIALES EN ESPACIOS EXTERIORES Y DE JUEGO,,10000.0,
2019,X05,Educación,IFS-COLEGIO PÚBLICO FRANCISCO FATOU. ADECUACIÓN ZONAS ESTANCIALES EN ESPACIOS EXTERIORES Y DE JUEGO,,10000.0,
2019,X05,Educación,IFS-COLEGIO PÚBLICO CIUDAD DE VALENCIA. ADECUACIÓN ZONAS ESTANCIALES ESPACIOS EXTERIORES Y DE JUEGO,,10000.0,
2019,X05,Educación,IFS-COLEGIO PÚBLICO BLAS DE OTERO. ADECUACIÓN ZONAS ESTANCIALES EN ESPACIOS EXTERIORES Y DE JUEGO,,10000.0,
2019,X05,Educación,IFS-COLEGIO PÚBLICO JOSÉ DE ECHEGARAY.ADECUACIÓN ZONAS ESTANCIALES EN ESPACIOS EXTERIORES Y DE JUEGO,,10000.0,
2019,X05,Educación,IFS-COLEGIO PÚBLICO AGUSTÍN RODRIGUEZ SHAGÚN.ADECUACIÓN ZONAS ESTANCIALES ESPACIOS EXTERIORES Y DE JUEGO,,10000.0,
2019,X05,Educación,IFS-COLEGIO PÚBLICO JUAN GRIS. ADECUACIÓN ZONAS ESTANCIALES EN ESPACIOS EXTERIORES Y DE JUEGO,,10000.0,
2019,X05,Educación,IFS-COLEGIO PÚBLICO ANGEL NIETO. ADECUACIÓN ZONAS ESTANCIALES EN ESPACIOS EXTERIORES Y DE JUEGO,,10000.0,
2019,X10,Cultura,,,443538.11,377660.17
2019,X10,Cultura,IFS-CENTRO CULTURAL ZAZUAR. ELIMINACIÓN DE BARRERAS ARQUITECTÓNICAS PARA MEJORA ACCESIBILIDAD,,209712.88,209712.87
2019,X10,Cultura,IFS-BIBLIOTECA GERARDO DIEGO.  REMODELACIÓN DEL SALÓN DE ACTOS,,180811.05,118857.5
2019,X10,Cultura,EQUIPAMIENTO TEATRO MUNICIPAL VILLA DE VALLECAS,,700.0,578.51
2019,X10,Cultura,CENTRO CULTURAL ZAZUAR. ELIMINACIÓN DE BARRERAS ARQUITECTÓNICAS PARA MEJORA ACCESIBILIDAD,,9000.0,6075.73
2019,X10,Cultura,BIBLIOTECA PÚBLICA GERARDO DIEGO. ADAPTACIÓN A NORMATIVA ELÉCTRICA,,4762.84,4762.84
2019,X10,Cultura,AUDITORIO LAS TRECE ROSAS. ADECUACIÓN NORMATIVA ELÉCTRICA,,3551.34,3551.34
2019,X10,Cultura,BIBLIOTECA MUNICIPAL GERARDO DIEGO. OBRAS DE ACCESIBILIDAD EN ASEOS,,35000.0,34121.38
2019,X14,Sectores productivos,,,123886.35,123886.08
2019,X14,Sectores productivos,FACTORÍA INDUSTRIAL EN EL DISTRITO VILLA DE VALLECAS. CONSTRUCCIÓN,,123886.35,123886.08
2019,X04,Salud pública,,,2219.9,2088.71
2019,X04,Salud pública,EQUIPAMIENTO SERVICIOS SALUBRIDAD DISTRITO VILLA DE VALLECAS,,1500.0,1368.81
2019,X04,Salud pública,EQUIPAMIENTO CENTRO MUNICIPAL DE SALUD COMUNITARIA VILLA DE VALLECAS,,719.9,719.9
2019,X00,Inversiones de carácter general,,,39857.5,723.58
2019,X00,Inversiones de carácter general,EQUIPAMIENTO SERVICIOS ADMINISTRATIVOS DISTRITO VILLA DE VALLECAS,,1200.0,723.58
2019,X00,Inversiones de carácter general,OBRAS DE CONSERVACIÓN EDIFICIOS DISTRITO DE VILLA DE VALLECAS,,8657.5,
2019,X00,Inversiones de carácter general,IFS-EDIFICIO SEDE JUNTA MUNICIPAL VILLA DE VALLECAS. ADAPTACIÓN A NORMATIVA ELÉCTRICA,,30000.0,
2019,X12,Otros bienes públicos de carácter social,,,72022.88,63197.53
2019,X12,Otros bienes públicos de carácter social,IFS-LOCAL C/ ALTO DE LA SARTENILLA. ACONDICIONAMIENTO PARA ESPACIO INTERASOCIATIVO (ID 17: 4571),,69256.88,60531.44
2019,X12,Otros bienes públicos de carácter social,EQUIPAMIENTO OFICINA ATENCIÓN AL CIUDADANO LÍNEA MADRID VILLA VALLECAS,,1144.6,1044.69
2019,X12,Otros bienes públicos de carácter social,OFICINA ATENCIÓN AL CIUDADANO LÍNEA MADRID VILLA DE VALLECAS. SEÑALIZACIÓN,,1621.4,1621.4
2019,X13,Otros bienes públicos de carácter económico,,,249260.0,
2019,X13,Otros bienes públicos de carácter económico,IFS-COMPRA PÚBLICA DE INNOVACIÓN. MEDICIÓN EMISIONES GASEOSAS DE VALDEMINGÓMEZ,,249260.0,
2020,X01,Protección Civil y seguridad ciudadana,,,199459.15,72311.57
2020,X01,Protección Civil y seguridad ciudadana,UNIDAD INTEGRAL DE POLICÃA MUNICIPAL VILLA DE VALLECAS. CONSTRUCCIÃN,,90479.98,24357.06
2020,X01,Protección Civil y seguridad ciudadana,"BASE DEL SAMUR C/ REAL DE ARGANDA, 64, VILLA DE VALLECAS. CONSTRUCCIÃN",,47954.51,47954.51
2020,X01,Protección Civil y seguridad ciudadana,NAVE PARA ALMACÃN DE BOMBEROS EN LA ATALAYUELA. CONSTRUCCIÃN,,61024.66,
2020,X11,"Deportes, juventud y esparcimiento",,,9429369.86,5443947.86
2020,X11,"Deportes, juventud y esparcimiento",IFS-UNIDADES DEPORTIVAS PARA LA PRÃCTICA DEL RUGBY EN VILLA DE VALLECAS. CONSTRUCCIÃN,,3925618.37,
2020,X11,"Deportes, juventud y esparcimiento",INSTALACIÃN DEPORTIVA ENSANCHE DE VALLECAS (PAU VALLECAS). CONSTRUCCIÃN,,3577158.99,3577145.24
2020,X11,"Deportes, juventud y esparcimiento",CENTRO DEPORTIVO CERRO ALMODÃVAR. SUBSANACIÃN PATOLOGÃA ESTRUCTURA Y LÃNEA DE VIDA,,69831.86,69831.86
2020,X11,"Deportes, juventud y esparcimiento",IFS-CENTRO DEPORTIVO CERRO ALMODÃVAR. SUBSANACIÃN PATOLOGÃA ESTRUCTURA Y LÃNEA DE VIDA,,700000.0,700000.0
2020,X11,"Deportes, juventud y esparcimiento",DEPORTIVO BÃSICO PEÃARANDA DE BRACAMONTE. CUBRICIÃN PISTA BALONCESTO (ID: 8669),,96000.0,93627.85
2020,X11,"Deportes, juventud y esparcimiento",PISTAS MINI DEPORTIVAS STELA MARIS. CONSTRUCCIÃN (ID: 8669),,21000.0,20781.93
2020,X11,"Deportes, juventud y esparcimiento",CENTROS DEPORTIVOS DISTRITO VILLA DE VALLECAS. MAMPARAS PROTECTORAS,,1100.0,1050.28
2020,X11,"Deportes, juventud y esparcimiento",CENTRO DEPORTIVO CERRO ALMODOVAR. PANEL CONTROL TEMPERATURA PISCINA CLIMATIZADA,,1300.0,1191.61
2020,X11,"Deportes, juventud y esparcimiento",OBRAS DE CONSERVACIÃN INSTALACIONES DEPORTIVAS DISTRITO DE VILLA DE VALLECAS,,51678.5,
2020,X11,"Deportes, juventud y esparcimiento",DEPORTIVO BÃSICO CAMINO DE LA SUERTE. ADECUACIÃN CAMPO DE FÃTBOL,,9117.19,9117.19
2020,X11,"Deportes, juventud y esparcimiento",CENTRO DEPORTIVO MIGUEL GUILLÃN PRIM. ACONDICIONAMIENTO VESTUARIOS PERSONAL Y OTRAS,,460.56,
2020,X11,"Deportes, juventud y esparcimiento",CERRO DEPORTIVO CERRO ALMODÃVAR. ADECUACIÃN ELÃCTRICA Y CLIMATIZACIÃN DESPACHOS,,32698.18,32338.93
2020,X11,"Deportes, juventud y esparcimiento",DEPORTIVO BÃSICO CAMPO DE FÃTBOL SANTA EUGENIA. EJECUCIÃN DRENAJES PERIMETRALES,,24045.57,23940.44
2020,X11,"Deportes, juventud y esparcimiento",DEPORTIVO BÃSICO SKATE PARQUE REAL DE ARGANDA. AMPLIACIÃN BOWL PARA BICICLETAS,,75000.0,73602.79
2020,X11,"Deportes, juventud y esparcimiento",PISTAS MINI DEPORTIVAS EN EL ENSANCHE DE VALLECAS. CONSTRUCCIÃN,,42350.0,40128.72
2020,X11,"Deportes, juventud y esparcimiento",DEPORTIVO BÃSICO MONTES DE MONTJUIC. ADECUACIÃN PAVIMENTO,,59000.0,58191.5
2020,X11,"Deportes, juventud y esparcimiento",CENTRO JUVENIL EL ALEPH. REHABILITACIÃN ACOMETIDA GENERAL SANEAMIENTO,,8350.75,8350.75
2020,X11,"Deportes, juventud y esparcimiento",IFS-CENTRO JUVENIL EL SITIO DE MI RECREO. ADAPTACIÃN A NORMATIVA ELÃCTRICA,,12822.79,12822.79
2020,X11,"Deportes, juventud y esparcimiento",IFS-DEPORTIVO BÃSICO PARQUE VILLA DE VALLECAS. PAVIMENTACIÃN Y ADECUACIÃN DE LUMINARIAS,,116999.85,116996.2
2020,X11,"Deportes, juventud y esparcimiento",IFS-DEPORTIVO BÃSICO SANTA EUGENIA. CAMPO DE FÃTBOL 11 DE CÃSPED ARTIFICIAL,,344930.6,344929.34
2020,X11,"Deportes, juventud y esparcimiento",IFS-DEPORTIVO BÃSICO PARQUE DEL CEMENTERO. PAVIMENTACIÃN Y RECOGIDA DE AGUAS,,104999.02,104995.38
2020,X11,"Deportes, juventud y esparcimiento",IFS-DEPORTIVO BÃSICO CAMINO DE LA SUERTE. ADECUACIÃN GRADAS DEL CAMPO DE FÃTBOL,,119997.16,119994.59
2020,X11,"Deportes, juventud y esparcimiento",IFS-CENTRO DEPORTIVO CERRO ALMODÃVAR. ADECUACIÃN REDES AGUA CALIENTE Y ENERGÃA SOLAR,,34910.47,34910.47
2020,X06,Urbanismo,,,2639404.17,2269299.31
2020,X06,Urbanismo,SUELO URBANIZABLE PROGRAMADO 3.01 DESARROLLO DEL ESTE VALDECARROS,,354691.06,347836.61
2020,X06,Urbanismo,"ADQUISICIÃN DE SUELO CÂº DEL POZO DEL TÃO RAIMUNDO, S/N (USO GENERAL)",,1829849.37,1829849.37
2020,X06,Urbanismo,SISTEMAS DE COMPENSACIÃN. PERI 14-06 SANTA LUISA INDUSTRIAL,,12773.58,4644.94
2020,X06,Urbanismo,"ADQUISICIÃN DE SUELO CÂº DEL POZO DEL TÃO RAIMUNDO, S/N",,86968.39,86968.39
2020,X06,Urbanismo,"C/ SIERRA GORDA, 14-16 C/V. C/ SERRANÃA DE RONDA. OBRAS ACCESORIAS DE URBANIZACIÃN",,64490.53,
2020,X06,Urbanismo,"AVDA. GRAN VÃA DEL SURESTE, 60. OBRAS ACCESORIAS DE URBANIZACIÃN",,290631.24,
2020,X09,Medio ambiente,,,21082381.97,15066942.91
2020,X09,Medio ambiente,ENSANCHE DE VALLECAS. ACONDICIONAMIENTO DE CAMINOS Y ZONAS ESTANCIALES,,536600.0,
2020,X09,Medio ambiente,PARQUE TECNOLÃGICO DE VALDEMINGÃMEZ. SISTEMAS DE DESODORIZACIÃN BIOMETANIZACION,,7514134.0,2715808.66
2020,X09,Medio ambiente,PLANTA BIOMETANIZACIÃN LAS DEHESAS . ADAPTACIÃN A RESIDUOS FORS,,1874654.6,1874654.59
2020,X09,Medio ambiente,NUEVA PLANTA DE MATERIA ORGÃNICA EN EL PARQUE TECNOLÃGICO DE VALDEMINGÃMEZ,,317250.0,
2020,X09,Medio ambiente,FUENTES DE AGUA POTABLE DISTRITO VILLA DE VALLECAS. INSTALACIÃN (ID: 558),,24524.78,
2020,X09,Medio ambiente,"AVENIDA DE LA GAVIA. OBRAS DE RIEGO, AJARDINAMIENTO Y REORDENACIÃN DE ESPACIOS",,789077.31,540507.69
2020,X09,Medio ambiente,PARQUE DE LA ATALAYUELA. CERRAMIENTO CON VALLA CONTRA LA ENTRADA DE CONEJOS,,34115.0,34114.5
2020,X09,Medio ambiente,ZONA VERDE ENTRE C/ REAL DE ARGANDA Y C/ PUENTELARRA. REMODELACIÃN,,18148.79,17605.5
2020,X09,Medio ambiente,"PARQUE DE LA GAVIA, DISTRITO VILLA DE VALLECAS. OBRAS DE REHABILITACIÃN",,9398965.21,9397588.09
2020,X09,Medio ambiente,ZONA VERDE CAÃADA DEL SANTÃSIMO. REHABILITACIÃN Y ORDENACIÃN DE USOS,,320276.74,320276.74
2020,X09,Medio ambiente,CENTRO DE VISITANTES DE VALDEMINGÃMEZ. REFORMA DE VESTUARIOS,,141174.0,52925.65
2020,X09,Medio ambiente,IFS-PLAZA MILMARCOS. REMODELACIÃN ZONA AJARDINADA,,26253.73,26253.71
2020,X09,Medio ambiente,IFS-PARTERRES EN CRUCES Y ROTONDAS DEL ENSANCHE DE VALLECAS. ADECUACIÃN Y MEJORA PARA SEGURIDAD VIAL,,48381.96,48381.94
2020,X09,Medio ambiente,IFS-MUROS DE CONTENCIÃN DE JARDINERAS EN C/VIRGEN DE LAS VIÃAS. ACONDICIONAMIENTO Y MEJORA,,38825.85,38825.84
2020,X07,Infraestructuras,,,116000.0,
2020,X07,Infraestructuras,SOLAR ENTORNO MERCADO VILLA DE VALLECAS. ACONDICIONAMIENTO PARA APARCAMIENTO,,116000.0,
2020,X08,Mantenimiento urbano,,,320716.77,314258.99
2020,X08,Mantenimiento urbano,"C/ SIERRA GORDA, 1. MEJORA PAVIMENTACIÃN ACERA",,6010.4,5836.33
2020,X08,Mantenimiento urbano,SANEAMIENTO Y CONSOLIDACIÃN DEL FIRME EN LAS VÃAS PÃBLICAS DEL PAU DE VALLECAS,,208566.37,208564.84
2020,X08,Mantenimiento urbano,PASOS PEATONES ENSANCHE DE VALLECAS. INSTALACIÃN,,106140.0,99857.82
2020,X03,Protección y promoción social,,,4538950.77,4391888.6
2020,X03,Protección y promoción social,ESPACIO IGUALDAD DISTRITO VILLA DE VALLECAS. ADQUISICIÃN MOBILIARIO DIVERSO,,30641.95,5553.75
2020,X03,Protección y promoción social,EQUIPAMIENTO CENTRO DE EMERGENCIA TEMPORAL ASILO/REFUGIO AV. MAYORAZGO,,386361.57,271127.93
2020,X03,Protección y promoción social,CENTRO DE SERVICIOS SOCIALES ENSANCHE DE VALLECAS. CONSTRUCCIÃN,,1089376.22,1089376.22
2020,X03,Protección y promoción social,CAMPAMENTO VIVIENDAS PREFABRICADAS PARA ASILO/REFUGIO EN AV.MAYORAZGO. CONSTRUCCIÃN,,3005344.92,3005344.91
2020,X03,Protección y promoción social,CENTRO SERVICIOS SOCIALES VILLA DE VALLECAS. INSTALACIÃN MAMPARAS Y BIOMBOS PROTECTORES,,3172.2,3165.36
2020,X03,Protección y promoción social,CENTROS DE MAYORES DISTRITO VILLA DE VALLECAS. MAMPARAS PROTECTORAS,,217.8,217.8
2020,X03,Protección y promoción social,CENTROS SERVICIOS SOCIALES DISTRITO VILLA DE VALLECAS. MEDIDORES CO2 (DIÃXIDO DE CARBONO),,1010.0,938.94
2020,X03,Protección y promoción social,CENTRO DE MAYORES VILLA DE VALLECAS. ADECUACIÃN ELÃCTRICA,,10074.24,10074.24
2020,X03,Protección y promoción social,AGENCIA DE ZONA DE MERCAMADRID. MAMPARAS Y BIOMBOS PROTECTORES,,819.17,819.17
2020,X03,Protección y promoción social,CENTRO DE FORMACIÃN PARA LA MUJER EN VALLECAS. MAMPARAS Y BIOMBOS PROTECTORES,,1144.66,1144.66
2020,X03,Protección y promoción social,"CENTRO DE FORMACIÃN PARA LA MUJER EN VALLECAS, C/ HUELGA, 5. ADQUISICIÃN EQUIPOS",,5403.42,
2020,X03,Protección y promoción social,CENTRO INTEGRAL DE COCINA Y RESTAURACIÃN. ADQUISICIÃN POLÃTICAS ACTIVAS EMPLEO,,4125.62,4125.62
2020,X03,Protección y promoción social,CI DE COCINA Y RESTAURACION STA. EUGENIA. UTILES Y HERRAMIENTAS,,1259.0,
2020,X05,Educación,,,502297.53,405297.61
2020,X05,Educación,EQUIPAMIENTO ESCUELA DE MÃSICA VILLA DE VALLECAS,,3623.73,3623.73
2020,X05,Educación,ESCUELA INFANTIL EN EL DISTRITO DE VILLA DE VALLECAS. CONSTRUCCIÃN,,75059.91,17849.92
2020,X05,Educación,ESCUELAS INFANTILES DISTRITO VILLA DE VALLECAS. MEDIDORES CO2 (DIÃXIDO DE CARBONO),,1000.0,938.94
2020,X05,Educación,OBRAS DE CONSERVACIÃN CENTROS DOCENTES DE ENSEÃANZA DISTRITO DE VILLA DE VALLECAS,,28508.65,
2020,X05,Educación,ESCUELA INFANTIL LOS SOBRINOS DEL CAPITÃN GRANT. ADECUACIÃN ELÃCTRICA,,8770.19,8770.19
2020,X05,Educación,COLEGIO PÃBLICO AGUSTÃN RODRÃGUEZ SAHAGÃN. OBRAS MEJORA DE SEGURIDAD,,11881.37,11864.92
2020,X05,Educación,COLEGIO PÃBLICO ANGEL NIETO. ADECUACIÃN A NORMATIVA DE SEGURIDAD Y SANIDAD,,22387.56,22078.59
2020,X05,Educación,COLEGIO PÃBLICO JUAN GRIS. OBRAS DE CONSERVACIÃN,,15152.65,14913.16
2020,X05,Educación,COLEGIO PÃBLICO JUAN DE HERRERA. OBRAS DE CONSERVACIÃN,,15722.3,15670.46
2020,X05,Educación,COLEGIOS PÃBLICOS DISTRITO VILLA DE VALLECAS. OBRAS ACONDICIONAMIENTO PARA PROTECCIÃN SANITARIA,,15577.28,5003.14
2020,X05,Educación,IFS-COLEGIO PÃBLICO LOYOLA DE PALACIO.  ADAPTACIÃN A NORMATIVA ELÃCTRICA,,4780.43,4780.43
2020,X05,Educación,IFS-COLEGIO PÃBLICO AGUSTÃN RODRIGUEZ SAHAGÃN. OBRAS DE MEJORA Y ACONDICIONAMIENTO,,48338.28,48338.28
2020,X05,Educación,IFS-COLEGIO PÃBLICO EL QUIJOTE. OBRAS DE MEJORA Y ACONDICIONAMIENTO,,29977.28,29977.28
2020,X05,Educación,IFS-COLEGIO PÃBLICO JUAN GRIS. OBRAS DE MEJORA Y ACONDICIONAMIENTO,,89993.56,89970.31
2020,X05,Educación,IFS-COLEGIO PÃBLICO FRANCISCO FATOU. ADAPTACIÃN A NORMATIVA DE INCENDIOS Y EVACUACIÃN,,21788.97,21788.96
2020,X05,Educación,IFS-COLEGIO PÃBLICO QUIJOTE. ADECUACIÃN ZONAS ESTANCIALES EN ESPACIOS EXTERIORES Y DE JUEGO,,9991.7,9991.7
2020,X05,Educación,IFS-COLEGIO PÃBLICO  HONDURAS. ADECUACIÃN ZONAS ESTANCIALES EN ESPACIOS EXTERIORES Y DE JUEGO,,9973.41,9973.41
2020,X05,Educación,IFS-COLEGIO PÃBLICO LOYOLA DE PALACIO.ADECUACIÃN ZONAS ESTANCIALES EN ESPACIOS EXTERIORES Y DE JUEGO,,9826.19,9820.12
2020,X05,Educación,IFS-COLEGIO PÃBLICO JUAN DE HERRERA. ADECUACIÃN ZONAS ESTANCIALES EN ESPACIOS EXTERIORES Y DE JUEGO,,9990.45,9990.45
2020,X05,Educación,IFS-COLEGIO PÃBLICO FRANCISCO FATOU. ADECUACIÃN ZONAS ESTANCIALES EN ESPACIOS EXTERIORES Y DE JUEGO,,9999.44,9999.44
2020,X05,Educación,IFS-COLEGIO PÃBLICO CIUDAD DE VALENCIA. ADECUACIÃN ZONAS ESTANCIALES ESPACIOS EXTERIORES Y DE JUEGO,,9998.45,9998.45
2020,X05,Educación,IFS-COLEGIO PÃBLICO BLAS DE OTERO. ADECUACIÃN ZONAS ESTANCIALES EN ESPACIOS EXTERIORES Y DE JUEGO,,9998.61,9998.61
2020,X05,Educación,IFS-COLEGIO PÃBLICO JOSÃ DE ECHEGARAY.ADECUACIÃN ZONAS ESTANCIALES EN ESPACIOS EXTERIORES Y DE JUEGO,,9983.93,9983.93
2020,X05,Educación,IFS-COLEGIO PÃBLICO AGUSTÃN RODRIGUEZ SHAGÃN.ADECUACIÃN ZONAS ESTANCIALES ESPACIOS EXTERIORES Y DE JUEGO,,9992.29,9992.29
2020,X05,Educación,IFS-COLEGIO PÃBLICO JUAN GRIS. ADECUACIÃN ZONAS ESTANCIALES EN ESPACIOS EXTERIORES Y DE JUEGO,,9992.69,9992.69
2020,X05,Educación,IFS-COLEGIO PÃBLICO ANGEL NIETO. ADECUACIÃN ZONAS ESTANCIALES EN ESPACIOS EXTERIORES Y DE JUEGO,,9988.21,9988.21
2020,X10,Cultura,,,119439.03,43468.59
2020,X10,Cultura,BIBLIOTECA VILLA DE VALLECAS. CONSTRUCCION,,75312.34,
2020,X10,Cultura,CENTROS CULTURALES DISTRITO VILLA DE VALLECAS. MAMPARAS PROTECTORAS,,1704.89,1704.89
2020,X10,Cultura,CENTROS CULTURALES DISTRITO VILLA DE VALLECAS. MEDIDORES CO2 (DIÃXIDO DE CARBONO),,1295.11,938.94
2020,X10,Cultura,CENTRO CULTURAL FRANCISCO FATOU. OBRAS DE MEJORA,,6436.18,6436.18
2020,X10,Cultura,CENTRO CULTURAL ZAZUAR. ADECUACIÃN SALÃN DE ACTOS E INSTALACIÃN VIDEOPORTEROS,,10497.98,10497.98
2020,X10,Cultura,AUDITORIO TRECE ROSAS. ADECUACIÃN CUBIERTA,,5746.98,5746.98
2020,X10,Cultura,CENTRO CULTURAL FRANCISCO FATOU. SUBSANACIÃN DEFICIENCIAS ELÃCTRICAS,,6496.95,6306.33
2020,X10,Cultura,AUDITORIO TRECE ROSAS. OBRAS DE CONSERVACIÃN,,11948.6,11837.29
2020,X04,Salud pública,,,7288.93,7049.2
2020,X04,Salud pública,SERVICIOS SALUBRIDAD DISTRITO VILLA DE VALLECAS. TERMÃMETRO SONDA Y TERMOHIGRÃMETRO,,950.0,710.27
2020,X04,Salud pública,DEPARTAMENTO DE INSPECCIÃN DE MERCAMADRID. ADQUISICIÃN DE MAQUINARIA,,1113.2,1113.2
2020,X04,Salud pública,CENTRO MUNICIPAL SALUD VILLA DE VALLECAS. ELEMENTOS Y SEÃALIZACIÃN PROTECCIÃN,,3549.88,3549.88
2020,X04,Salud pública,DEPARTAMENTO INSPECCIÃN DE MERCAMADRID. ELEMENTOS Y SEÃALIZACIÃN PROTECCIÃN,,1675.85,1675.85
2020,X00,Inversiones de carácter general,,,41477.63,31318.0
2020,X00,Inversiones de carácter general,EDIFICIO SEDE DISTRITO VILLA DE VALLECAS. INSTALACIÃN MAMPARAS Y BIOMBOS PROTECTORES,,2274.8,2274.8
2020,X00,Inversiones de carácter general,SERVICIOS ADMINISTRATIVOS DISTRITO VILLA DE VALLECAS. MEDIDORES CO2 (DIÃXIDO DE CARBONO),,725.2,469.46
2020,X00,Inversiones de carácter general,EDIFICIOS DISTRITO VILLA DE VALLECAS. CUBOS BASURA SIN RUEDAS PARA PROTECCIÃN HIGIÃNICO SANITARIA,,1000.0,988.22
2020,X00,Inversiones de carácter general,OBRAS DE CONSERVACIÃN EDIFICIOS DISTRITO DE VILLA DE VALLECAS,,9645.01,
2020,X00,Inversiones de carácter general,EDIFICIO SEDE DEL DISTRITO VILLA DE VALLECAS. OBRAS DE ADECUACIÃN,,2303.31,2303.31
2020,X00,Inversiones de carácter general,IFS-EDIFICIO SEDE JUNTA MUNICIPAL VILLA DE VALLECAS. ADAPTACIÃN A NORMATIVA ELÃCTRICA,,25529.31,25282.21
2020,X12,Otros bienes públicos de carácter social,,,1078.11,1078.11
2020,X12,Otros bienes públicos de carácter social,OFICINA ATENCIÃN AL CIUDADANO VILLA DE VALLECAS. ELEMENTOS PROTECTORES HIGIÃNICO-SANITARIOS,,718.74,718.74
2020,X12,Otros bienes públicos de carácter social,OFICINA ATENCIÃN CIUDADANA LÃNEA MADRID VILLA DE VALLECAS. MOBILIARIO,,359.37,359.37
2020,X13,Otros bienes públicos de carácter económico,,,104175.0,38000.05
2020,X13,Otros bienes públicos de carácter económico,COMPRA PÃBLICA DE INNOVACIÃN. MEDICIÃN EMISIONES GASEOSAS DE VALDEMINGÃMEZ,,104175.0,38000.05
2021,X01,Protección Civil y seguridad ciudadana,,,566307.17,509279.82
2021,X01,Protección Civil y seguridad ciudadana,UNIDAD INTEGRAL DE POLICÍA MUNICIPAL VILLA DE VALLECAS. CONSTRUCCIÓN,,433504.94,417021.92
2021,X01,Protección Civil y seguridad ciudadana,NAVE PARA ALMACÉN DE BOMBEROS EN LA ATALAYUELA. CONSTRUCCIÓN,,94055.49,91372.0
2021,X01,Protección Civil y seguridad ciudadana,UNIDAD INTEGRAL POLICÍA MUNICIPAL DE VILLA DE VALLECAS. ADQUISICIÓN FUENTE DE AGUA REFRIGERADA,,885.9,885.9
2021,X01,Protección Civil y seguridad ciudadana,"EQUIPAMIENTO BASE 20 SAMUR-PROTECCIÓN CIVIL, TRAVESÍA PUERTO DE REINOSA, 4",,28033.22,
2021,X01,Protección Civil y seguridad ciudadana,BASE 20 SAMUR-PROTECCIÓN CIVIL. ADECUACIÓN PUERTAS Y MOTORES E INSTALACIÓN SISTEMA SEGURIDAD,,9827.62,
2021,X11,"Deportes, juventud y esparcimiento",,,12437372.55,11379135.99
2021,X11,"Deportes, juventud y esparcimiento",CENTRO DEPORTIVO MIGUEL GUILLÉN PRIM. REPOSICIÓN DE CÉSPED ARTIFICIAL CAMPO DE FÚTBOL,,78.79,
2021,X11,"Deportes, juventud y esparcimiento",EQUIPAMIENTO CENTRO JUVENIL EL SITIO DE MI RECREO,,2584.68,2584.68
2021,X11,"Deportes, juventud y esparcimiento",CENTRO DEPORTIVO CERRO ALMODÓVAR. ADECUACIÓN PABELLÓN VOLEY PLAYA,,434853.75,170346.76
2021,X11,"Deportes, juventud y esparcimiento",EQUIPAMIENTO CENTRO DEPORTIVO CERRO ALMODÓVAR,,8712.73,8712.73
2021,X11,"Deportes, juventud y esparcimiento",INSTALACIÓN DEPORTIVA ENSANCHE DE VALLECAS (PAU VALLECAS). CONSTRUCCIÓN,,7245791.33,7245571.31
2021,X11,"Deportes, juventud y esparcimiento",UNIDADES DEPORTIVAS PARA LA PRÁCTICA DEL RUGBY EN VILLA DE VALLECAS. CONSTRUCCIÓN,,2988060.3,2373984.67
2021,X11,"Deportes, juventud y esparcimiento",CENTRO DEPORTIVO JUAN DE DIOS ROMÁN. DISPOSITIVOS DIGITALES PARA TRANSFORMACIÓN TECNOLÓGICA,,149840.22,47410.52
2021,X11,"Deportes, juventud y esparcimiento",CENTRO DEPORTIVO JUAN DE DIOS ROMÁN. CORTINA DE PVC SEPARADORA PARA PISTA,,17969.0,17424.0
2021,X11,"Deportes, juventud y esparcimiento",EQUIPAMIENTO CENTRO JUVENIL ALEPH,,1913.87,1913.87
2021,X11,"Deportes, juventud y esparcimiento",DEPORTIVO BÁSICO SKATE PARQUE REAL DE ARGANDA. AMPLIACIÓN BOWL PARA BICICLETAS,,114.0,113.7
2021,X11,"Deportes, juventud y esparcimiento",PISTAS MINI DEPORTIVAS EN EL ENSANCHE DE VALLECAS. CONSTRUCCIÓN,,114.0,112.35
2021,X11,"Deportes, juventud y esparcimiento","DEPORTIVO BÁSICO ""PUMP TRUCK"" CALLE PEÑARANDA DE BRACAMONTE. CONSTRUCCIÓN (ID 19: 8669)",,151500.0,140602.99
2021,X11,"Deportes, juventud y esparcimiento",MINIPISTA DE ATLETISMO EN ENSANCHE VILLA DE VALLECAS. CONSTRUCCIÓN,,143000.0,142558.55
2021,X11,"Deportes, juventud y esparcimiento","CENTRO DEPORTIVO ENSANCHE, VILLA DE VALLECAS. MOBILIARIO",,34921.65,
2021,X11,"Deportes, juventud y esparcimiento","EQUIPAMIENTO CENTRO DEPORTIVO ENSANCHE, VILLA DE VALLECAS",,202353.32,202353.32
2021,X11,"Deportes, juventud y esparcimiento",CENTROS DEPORTIVOS DISTRITO VILLA DE VALLECAS. MAMPARAS DE PROTECCIÓN,,617.1,617.1
2021,X11,"Deportes, juventud y esparcimiento",CENTRO DEPORTIVO CERRO ALMODÓVAR. CAMBIADORES ACCESIBLES Y MOBILIARIO DE OFICINA,,13000.0,8144.06
2021,X11,"Deportes, juventud y esparcimiento",DEPORTIVO BÁSICO MONTES DE MONTJUIC. ADECUACIÓN PAVIMENTO,,108.0,107.39
2021,X11,"Deportes, juventud y esparcimiento",CENTRO DEPORTIVO CERRO ALMODÓVAR. ADECUACIÓN TALUDES PISCINA DE VERANO,,68133.94,58248.75
2021,X11,"Deportes, juventud y esparcimiento",CENTRO DEPORTIVO CERRO ALMODÓVAR. INSTALACIÓN DE MALLA CINEGÉTICA PERÍMETRO VALLADO,,29363.02,29199.87
2021,X11,"Deportes, juventud y esparcimiento",CENTRO DEPORTIVO CERRO ALMODÓVAR. ADECUACIÓN CUBIERTA SALA DE MÁQUINAS Y LÍNEA DE VIDA,,49012.45,48077.35
2021,X11,"Deportes, juventud y esparcimiento","MINIPISTA DEPORTIVA ENSANCHE, AV. ENSANCHE DE VALLECAS. ADECUACIÓN VALLADO PERIMETRAL",,7838.3,7758.16
2021,X11,"Deportes, juventud y esparcimiento","MINIPISTA DEPORTIVA ENSANCHE, AV. CERRO MILANO. ADECUACIÓN VALLADO PERIMETRAL",,7838.29,7758.15
2021,X11,"Deportes, juventud y esparcimiento",DEPORTIVO BÁSICO CAMPO DE FÚTBOL SANTA EUGENIA. OBRAS DE REPARACIÓN Y CONSERVACIÓN,,300000.0,299246.34
2021,X11,"Deportes, juventud y esparcimiento",OBRAS DE MEJORA Y ACONDICIONAMIENTO INSTALACIONES DEPORTIVAS DE VILLA DE VALLECAS,,4061.98,
2021,X11,"Deportes, juventud y esparcimiento",DEPORTIVO BÁSICO ZAZUAR. MEJORA DE PAVIMENTO Y RENOVACIÓN ILUMINACIÓN,,49043.97,48449.0
2021,X11,"Deportes, juventud y esparcimiento",DEPORTIVO BÁSICO NUESTRA SEÑORA DE LA TORRE. RENOVACIÓN DE CÉSPED ARTIFICIAL EN CAMPO DE FÚTBOL,,259791.33,259634.99
2021,X11,"Deportes, juventud y esparcimiento",CENTRO DEPORTIVO CERRO ALMODOVAR. ADAPTACIÓN A NORMATIVA ELÉCTRICA Y DE SEGURIDAD,,99709.28,99062.36
2021,X11,"Deportes, juventud y esparcimiento",CENTRO DEPORTIVO CERRO ALMODOVAR. ADECUACIÓN SALA DE CALDERAS PISCINAS DE INVIERNO,,40693.44,40200.28
2021,X11,"Deportes, juventud y esparcimiento",CENTROS DEPORTIVOS CERRO ALMODÓVAR Y MIGUEL GUILLÉM PRIM. MAQUINARIA,,20570.0,16916.41
2021,X11,"Deportes, juventud y esparcimiento",CENTRO JUVENIL EL ALEPH. RENOVACIÓN DE LA INSTALACIÓN DE CLIMATIZACIÓN,,105783.81,102026.33
2021,X06,Urbanismo,,,2168136.09,1920611.17
2021,X06,Urbanismo,SISTEMAS DE COMPENSACIÓN. PERI 14-06 SANTA LUISA INDUSTRIAL,,8128.64,8128.64
2021,X06,Urbanismo,SUELO URBANIZABLE PROGRAMADO 3.01 DESARROLLO DEL ESTE VALDECARROS,,1652223.89,1652223.89
2021,X06,Urbanismo,"C/ SIERRA GORDA, 14-16 C/V. C/ SERRANÍA DE RONDA. OBRAS ACCESORIAS DE URBANIZACIÓN",,64490.53,45047.9
2021,X06,Urbanismo,"AVDA. GRAN VÍA DEL SURESTE, 60. OBRAS ACCESORIAS DE URBANIZACIÓN",,290631.24,186121.15
2021,X06,Urbanismo,"CALLE PICOS DE URBIÓN, 1-3 CON FRENTE CALLE SAN JAIME. OBRAS ACCESORIAS DE URBANIZACIÓN",,123559.43,
2021,X06,Urbanismo,"ADQUISICIÓN DE SUELO C/ MATILLAS, 24",,21000.0,20987.23
2021,X06,Urbanismo,"DEMOLICION EDIFICACIONES, ACONDICIONAMIENTO Y VALLADO SOLAR C/ MATILLAS, 24",,8102.36,8102.36
2021,X09,Medio ambiente,,,22833303.03,16547467.16
2021,X09,Medio ambiente,NUEVA PLANTA DE MATERIA ORGÁNICA EN EL PARQUE TECNOLÓGICO DE VALDEMINGÓMEZ,,228155.5,
2021,X09,Medio ambiente,CENTRO DE TRATAMIENTO LA PALOMA. SISTEMAS DE DESODORIZACIÓN,,3061003.0,
2021,X09,Medio ambiente,ZONA VERDE ENTRE C/ REAL DE ARGANDA Y C/ PUENTELARRA. REMODELACIÓN,,200000.0,138217.89
2021,X09,Medio ambiente,"PARQUE DE LA GAVIA, DISTRITO VILLA DE VALLECAS. OBRAS DE REHABILITACIÓN",,9635031.0,9635020.47
2021,X09,Medio ambiente,PARQUE TECNOLÓGICO DE VALDEMINGÓMEZ. SISTEMAS DE DESODORIZACIÓN BIOMETANIZACION,,6402767.0,4725515.65
2021,X09,Medio ambiente,ENSANCHE DE VALLECAS. ACONDICIONAMIENTO DE CAMINOS Y ZONAS ESTANCIALES,,2799995.0,1850152.72
2021,X09,Medio ambiente,REPARACIÓN Y CLAUSURA DE ALCORQUES EN EL DISTRITO DE VILLA DE VALLECAS (ID 19: 8726),,11566.83,11566.81
2021,X09,Medio ambiente,"FUENTE DE LAS CASCADAS, VILLA DE VALLECAS. MEJORA INSTALACIONES HIDRÁULICAS ORNAMENTALES",,60500.0,
2021,X09,Medio ambiente,CENTRO DE VISITANTES DE VALDEMINGÓMEZ. REFORMA DE VESTUARIOS,,76756.65,76756.46
2021,X09,Medio ambiente,"PUNTO LIMPIO C/ LUIS I, 36. OBRAS SUBSANACIÓN DAÑOS EN CERRAMIENTO",,122528.05,18021.88
2021,X09,Medio ambiente,ÁREA INFANTIL EN ZONA VERDE C/ SIERRA GORDA. REMODELACIÓN,,94000.0,92215.28
2021,X09,Medio ambiente,ZONA VERDE C/MUELA DE SAN JUAN C/V C/SIERRA DE TORTEJADA. REMODELACIÓN,,141000.0,
2021,X07,Infraestructuras,,,66500.0,60705.04
2021,X07,Infraestructuras,ZONA DE APARCAMIENTO C/EMBALSE DE NAVACERRADA C/V C/EMBALSE DEL BELLÓN. ADECUACIÓN,,66500.0,60705.04
2021,X08,Mantenimiento urbano,,,4691017.72,4423873.79
2021,X08,Mantenimiento urbano,CALLE DE CAMINO DE LAS HORMIGUERAS Y GLORIETA DE VALDEPERDICES. REHABILITACIÓN DE CALZADAS,,442314.35,386051.14
2021,X08,Mantenimiento urbano,"CALLE TORREDONJIMENO, REAL ARGANDA, AVDA. ENSANCHE VALLECAS Y OTRAS. RENOVACIÓN CAPA DE RODADURA",,1115097.55,1077305.06
2021,X08,Mantenimiento urbano,FONDO DE SACO DE LA CALLE CERRO ALMODÓVAR. OBRAS DE ACONDICIONAMIENTO,,450040.36,449956.6
2021,X08,Mantenimiento urbano,AVENIDA DEL MAYORAZGO Y CARRETERA DE VILLAVERDE A VALLECAS. OBRAS DE ADECUACIÓN VIALES,,1068423.99,1044176.25
2021,X08,Mantenimiento urbano,"CALLE EULOGIO PEDRERO,PICO BERIAIN,PUERTO ALAZORES,SIERRA GÁDO Y OTRAS. MEJORA BASE PAVIMENTO",,263510.88,247470.8
2021,X08,Mantenimiento urbano,"RECINTO FERIAL SIERRA GORDA, DISTRITO VILLA DE VALLECAS. OBRAS DE REMODELACIÓN INTEGRAL",,60000.0,59666.58
2021,X08,Mantenimiento urbano,HIDRANTES EN EL DISTRITO VILLA DE VALLECAS. INSTALACIÓN,,6400.12,6400.12
2021,X08,Mantenimiento urbano,ÁREAS DEPORTIVAS ELEMENTALES DISTRITO VILLA DE VALLECAS. INSTALACIÓN,,127516.73,127516.72
2021,X08,Mantenimiento urbano,JUEGOS PARA ÁREAS INFANTILES DETERIORADAS DISTRITO VILLA DE VALLECAS,,30948.87,30948.87
2021,X08,Mantenimiento urbano,CALLE CERRO ALMODÓVAR. MEJORA Y REHABILITACIÓN DE CALZADAS,,178152.05,157327.65
2021,X08,Mantenimiento urbano,CARRETERA DE ACCESO AL VERTEDERO DE VALDEMINGÓMEZ. OBRAS DE ADECUACIÓN VIALES,,617642.82,617642.77
2021,X08,Mantenimiento urbano,PASOS PEATONES ENSANCHE DE VALLECAS. INSTALACIÓN,,877.0,499.02
2021,X08,Mantenimiento urbano,"C/ SIERRA GORDA, 1. MEJORA PAVIMENTACIÓN ACERA",,114.0,107.38
2021,X08,Mantenimiento urbano,"PASOS PEATONES ELEVADOS C/CABEZA MESADA,EMBALSE NAVACERRADA,AV.GRAN VÍA SURESTE Y CERRO ALMODOVAR",,125000.0,25869.16
2021,X08,Mantenimiento urbano,VÍAS PÚBLICAS DISTRITO VILLA DE VALLECAS. MEJORA MOVILIDAD Y ACCESIBILIDAD PEATONAL,,137000.0,135371.65
2021,X08,Mantenimiento urbano,PASOS DE PEATONES ENSANCHE DE VALLECAS. ADECUACIÓN,,15979.0,15707.11
2021,X08,Mantenimiento urbano,PASO DE PEATONES ELEVADO C/ PEÑARANDA DE BRACAMONTE. REMODELACIÓN ACERA,,31000.0,21888.72
2021,X08,Mantenimiento urbano,PASOS DE VEHÍCULOS EN DIVERSAS CALLES ENSANCHE DE VALLECAS. REMODELACIÓN ACERAS,,15000.0,14541.55
2021,X08,Mantenimiento urbano,ACERAS PEATONALES DIVERSAS CALLES ENSANCHE DE VALLECAS. ACCESIBILIDAD Y ELIMINACIÓN BARRERAS,,6000.0,5426.64
2021,X03,Protección y promoción social,,,5580836.17,5538114.53
2021,X03,Protección y promoción social,EQUIPAMIENTO ESPACIO DE IGUALDAD MARÍA MOLINER,,638.2,
2021,X03,Protección y promoción social,CENTRO DE SERVICIOS SOCIALES ENSANCHE DE VALLECAS. CONSTRUCCIÓN,,5400000.0,5399999.02
2021,X03,Protección y promoción social,CENTRO SOCIOCULTURAL CAÑADA REAL. INSTALACIONES,,4066.0,4066.0
2021,X03,Protección y promoción social,CENTRO DE ACOGIDA DE EMERGENCIA PARA PERSONAS SIN HOGAR VALLECAS. ADECUACIÓN ACOMETIDA AGUA,,19397.68,19396.7
2021,X03,Protección y promoción social,CENTROS DE MAYORES DISTRITO DE VILLA DE VALLECAS. DESFIBRILADORES (ID 20: 16701),,4800.0,3552.0
2021,X03,Protección y promoción social,"EQUIPAMIENTO CENTRO SERVICIOS SOCIALES ENSANCHE, VILLA DE VALLECAS",,1600.0,1073.79
2021,X03,Protección y promoción social,CENTROS DE MAYORES VILLA DE VALLECAS. ELEMENTOS DE PROTECCIÓN HIGIÉNICO-SANITARIA,,920.0,736.1
2021,X03,Protección y promoción social,CENTROS DE MAYORES SANTA EUGENIA Y VILLA DE VALLECAS. MOBILIARIO DE PELUQUERÍA,,4511.0,4502.4
2021,X03,Protección y promoción social,CENTRO DE DÍA FUENTIDUEÑA. OTRO MOBILIARIO Y ENSERES PARA DESARROLLO DE ACTIVIDADES,,5300.0,2774.55
2021,X03,Protección y promoción social,CENTROS MAYORES SANTA EUGENIA Y VILLA DE VALLECAS.MOBILIARIO Y ENSERES PARA DESARROLLO ACTIVIDADES,,15700.0,10381.84
2021,X03,Protección y promoción social,CENTRO DE SERVICIOS SOCIALES PEÑAVEIGA. MOBILIARIO DE OFICINA,,2620.0,1673.66
2021,X03,Protección y promoción social,"LOCAL DE IGUALDAD C/ MARÍA MOLINER C/V. HONRUBIA, 4. SUMINISTRO E INSTALACIÓN DE ESTORES",,2100.0,2015.4
2021,X03,Protección y promoción social,CENTROS DE MAYORES DISTRITO VILLA DE VALLECAS. MEDIDORES CO2 (DIÓXIDO DE CARBONO),,1103.52,1103.52
2021,X03,Protección y promoción social,CENTRO SERVICIOS SOCIALES VILLA DE VALLECAS. ADECUACIÓN PATIO,,9179.29,8143.33
2021,X03,Protección y promoción social,CENTRO MAYORES VILLA DE VALLECAS. ADAPTACIÓN NORMATIVA PROTECCIÓN CONTRA INCENDIOS,,25491.96,25292.4
2021,X03,Protección y promoción social,CENTRO DE MAYORES VILLA DE VALLECAS. IMPERMEABILIZACIÓN PATIO,,13094.88,11805.85
2021,X03,Protección y promoción social,CENTRO DE MAYORES SANTA EUGENIA. RENOVACIÓN DE LA INSTALACIÓN DE CLIMATIZACIÓN,,28796.64,28615.72
2021,X03,Protección y promoción social,"CENTRO DE FORMACIÓN PARA LA MUJER EN VALLECAS, C/ HUELGA, 5. ADQUISICIÓN EQUIPOS",,5403.42,5403.42
2021,X03,Protección y promoción social,CENTRO DE FORMACIÓN PARA LA MUJER EN VALLECAS. MAQUINARIA PARA MEDIDAS DE SEGURIDAD,,392.52,392.52
2021,X03,Protección y promoción social,CENTRO FORMACIÓN PARA LA MUJER EN VALLECAS. ADQUISICIÓN ÚTILES Y HERRAMIENTAS,,218.53,218.53
2021,X03,Protección y promoción social,CENTRO FORMACIÓN PARA LA MUJER EN VALLECAS. APARATOS MEDICIÓN CO2 MEDIDAS SEGURIDAD,,455.01,455.01
2021,X03,Protección y promoción social,AGENCIA DE ZONA MERCAMADRID. ADQUISICIÓN EQUIPOS COMUNICACIÓN Y PROCESO DATOS PARA PAE,,5016.85,5016.85
2021,X03,Protección y promoción social,AGENCIA DE ZONA DE MERCAMADRID. SEÑALIZACIÓN PARA PAE,,10396.85,
2021,X03,Protección y promoción social,CENTRO DE FORMACIÓN OCUPACIONAL VALLECAS VILLA. ADQUISICIÓN PURIFICADORES AIRE,,1495.92,1495.92
2021,X03,Protección y promoción social,CENTRO DE FORMACIÓN OCUPACIONAL VALLECAS VIVERO. ADQUISICIÓN INVERNADERO,,18137.9,
2021,X05,Educación,,,1167477.53,1126657.62
2021,X05,Educación,ESCUELA INFANTIL EN EL DISTRITO DE VILLA DE VALLECAS. CONSTRUCCIÓN,,312856.49,312856.46
2021,X05,Educación,EQUIPAMIENTO ESCUELA INFANTIL LA REVOLTOSA,,373.89,373.89
2021,X05,Educación,EQUIPAMIENTO ESCUELA INFANTIL LOS SOBRINOS DEL CAPITÁN GRANT,,390.47,390.47
2021,X05,Educación,COLEGIO PÚBLICO JOSÉ DE ECHEGARAY. OBRAS DE ACONDICIONAMIENTO,,43905.18,42701.08
2021,X05,Educación,ESCUELA DE MÚSICA VILLA DE VALLECAS. MEDIDORES CO2 (DIÓXIDO DE CARBONO),,856.68,856.68
2021,X05,Educación,OBRAS DE CONSERVACIÓN CENTROS DOCENTES DE ENSEÑANZA DISTRITO DE VILLA DE VALLECAS,,6794.7,
2021,X05,Educación,COLEGIO PÚBLICO HONDURAS. OBRAS DERIVADAS REGLAMENTO ELECTROTÉCNICO BAJA TENSIÓN,,25422.51,24772.06
2021,X05,Educación,ESCUELA INFANTIL LA REVOLTOSA. OBRAS DERIVADAS REGLAMENTO ELECTROTÉCNICO BAJA TENSIÓN,,10650.64,10494.22
2021,X05,Educación,COLEGIO PÚBLICO CIUDAD DE VALENCIA. INSTALACIÓN DE MALLA CINEGÉTICA PERÍMETRO VALLADO,,11111.05,9592.41
2021,X05,Educación,COLEGIO PÚBLICO CIUDAD DE VALENCIA. OBRAS PARA RECOGIDA AGUAS,,14045.48,13553.08
2021,X05,Educación,ESCUELA INFANTIL LOS SOBRINOS DEL CAPITÁN GRANT. OBRAS DE ACONDICIONAMIENTO,,20549.38,20380.37
2021,X05,Educación,COLEGIO PÚBLICO BLAS DE OTERO. ADECUACIÓN NORMATIVA SANIDAD,,2597.95,2583.15
2021,X05,Educación,COLEGIO PÚBLICO CIUDAD DE VALENCIA. ADECUACIÓN NORMATIVA SANIDAD,,6096.95,6082.15
2021,X05,Educación,COLEGIO PÚBLICO FRANCISCO FATÓU. ADECUACIÓN NORMATIVA SANIDAD,,1708.7,1693.9
2021,X05,Educación,COLEGIO PÚBLICO JOSÉ DE ECHEGARAY. ADECUACIÓN NORMATIVA SANIDAD,,3212.3,3197.5
2021,X05,Educación,COLEGIO PÚBLICO JUAN DE HERRERA. ADECUACIÓN NORMATIVA SANIDAD,,1299.99,1285.19
2021,X05,Educación,COLEGIO PÚBLICO JUAN GRIS. ADECUACIÓN NORMATIVA SANIDAD,,2641.99,2627.19
2021,X05,Educación,COLEGIO PÚBLICO LOYOLA DE PALACIO. ADECUACIÓN NORMATIVA SANIDAD,,3634.33,3619.53
2021,X05,Educación,COLEGIO PÚBLICO JUAN DE HERRERA (MARÍA DE VILLOTA). ADECUACIÓN CALDERA Y SALA DE CALDERAS,,48520.39,48446.75
2021,X05,Educación,"COLEGIO PÚBLICO EL QUIJOTE. REPARACIÓN PARAMENTOS, PUERTAS Y SUSTITUCIÓN LUMINARIAS",,27808.46,27557.54
2021,X05,Educación,COLEGIO PÚBLICO HONDURAS. ADECUACIÓN PATIOS Y COCINA,,280000.0,272760.97
2021,X05,Educación,COLEGIO PÚBLICO CIUDAD DE VALENCIA. OBRAS DE CONSERVACIÓN Y MEJORA DE LAS INSTALACIONES,,125000.0,121380.2
2021,X05,Educación,OBRAS DE MEJORA Y ACONDICIONAMIENTO COLEGIOS PÚBLICOS DE VILLA DE VALLECAS,,7376.24,
2021,X05,Educación,COLEGIO PÚBLICO EL QUIJOTE. OBRAS DE ACONDICIONAMIENTO ASEOS Y OTRAS MEJORAS,,48853.69,46329.9
2021,X05,Educación,COLEGIO PÚBLICO BLAS DE OTERO. OBRAS DE ADAPTACIÓN DE RECORRIDOS ACCESIBLES,,33225.78,31915.22
2021,X05,Educación,COLEGIO PÚBLICO CIUDAD DE VALENCIA.ADAPTACIÓN A NORMATIVA INSTALACIONES DE PROTECCIÓN CONTRA INCEND,,79725.05,74047.93
2021,X05,Educación,COLEGIO PÚBLICO LOYOLA DE PALACIO. OBRAS DE ADECUACIÓN ESPACIOS E ILUMINACIÓN,,48819.24,47159.78
2021,X10,Cultura,,,193467.3,185412.91
2021,X10,Cultura,BIBLIOTECA VILLA DE VALLECAS. CONSTRUCCION,,116031.47,111972.0
2021,X10,Cultura,"PLACA CONMEMORATIVA PINTOR CIRILO MARTÍNEZ NOVILLO, C/ MANUEL PAVÍA, 18. INSTALACIÓN",,1000.0,802.0
2021,X10,Cultura,DIVERSO EQUIPAMIENTO CENTROS CULTURALES FRANCISCO FATOU Y ZAZUAR DE VILLA DE VALLECAS,,3670.0,2705.0
2021,X10,Cultura,CENTROS CULTURALES DISTRITO VILLA DE VALLECAS. MEDIDORES CO2 (DIÓXIDO DE CARBONO),,1657.0,1655.28
2021,X10,Cultura,BIBLIOTECA MUNICIPAL GERARDO DIEGO. ADECUACIÓN CALDERA,,42230.98,41661.15
2021,X10,Cultura,BIBLIOTECA GERARDO DIEGO. OBRAS DE ACCESIBILIDAD Y REESTRUCTURACIÓN DE ESPACIOS,,28877.85,26617.48
2021,X14,Sectores productivos,,,10000.0,10000.0
2021,X14,Sectores productivos,MERCADO MUNICIPAL VILLA DE VALLECAS. OBRAS DE REFORMA DE LA CUBIERTA,,10000.0,10000.0
2021,X04,Salud pública,,,66339.84,66179.62
2021,X04,Salud pública,DEPARTAMENTO DE INSPECCIÓN DE MERCAMADRID. ADQUISICIÓN DE MAQUINARIA,,532.4,532.4
2021,X04,Salud pública,SERVICIOS SALUBRIDAD PÚBLICA DISTRITO VILLA DE VALLECAS. MEDIDOR CO2 (DIÓXIDO DE CARBONO),,532.4,532.4
2021,X04,Salud pública,DEPARTAMENTO DE INSPECCIÓN DE MERCAMADRID. OBRAS AMPLIACIÓN MEDIDAS SEGURIDAD,,48400.0,48239.78
2021,X04,Salud pública,DEPARTAMENTO DE INSPECCIÓN DE MERCAMADRID. INSTALACIONES TÉCNICAS,,2665.63,2665.63
2021,X04,Salud pública,ELEMENTO PROTECCIÓN HIGIÉNICOS-SANITARIOS.DEPARTAMENTO INSPECCIÓN MERCAMADRID,,2447.65,2447.65
2021,X04,Salud pública,CENTRO MUNICIPAL DE SALUD COMUNITARIA DE VILLA DE VALLECAS. SEÑALIZACIÓN,,217.8,217.8
2021,X04,Salud pública,"CENTRO MUNICIPAL DE SALUD COMUNITARIA VILLA DE VALLECAS, C/SIERRA DE GADOR,68.INSTALACIONES TÉCNICAS",,11543.96,11543.96
2021,X00,Inversiones de carácter general,,,51007.49,41678.37
2021,X00,Inversiones de carácter general,OBRAS DE CONSERVACIÓN EDIFICIOS DISTRITO DE VILLA DE VALLECAS,,0.06,
2021,X00,Inversiones de carácter general,"CASA DEL PEÓN DE LA CUARTA ESCLUSA, PARQUE LINEAL DEL MANZANARES. ADOPCIÓN MEDIDAS DE SEGURIDAD",,29833.9,29824.64
2021,X00,Inversiones de carácter general,SERVICIOS ADMINISTRATIVOS DISTRITO VILLA DE VALLECAS. MAMPARAS Y BIOMBOS DE PROTECCIÓN,,1300.0,1222.1
2021,X00,Inversiones de carácter general,SERVICIOS ADMINISTRATIVOS DISTRITO DE VILLA DE VALLECAS. MOBILIARIO DE OFICINA,,4890.0,3122.71
2021,X00,Inversiones de carácter general,EDIFICIO SEDE DISTRITO VILLA DE VALLECAS. OBRAS IMPERMEABILIZACIÓN  GARAJE,,8441.83,7508.92
2021,X00,Inversiones de carácter general,OBRAS DE MEJORA Y ACONDICIONAMIENTO EDIFICIOS DEL DISTRITO DE VILLA DE VALLECAS,,6541.7,
2021,X02,"Tráfico, estacionamiento y transporte público",,,70984.0,60322.44
2021,X02,"Tráfico, estacionamiento y transporte público",CRUCE SEMAFORIZADO AV.SANTA EUGENIA CON C/FUENTESPINA. INSTALACIÓN,,70984.0,60322.44
2021,X12,Otros bienes públicos de carácter social,,,4065.6,3652.99
2021,X12,Otros bienes públicos de carácter social,OFICINA ATENCIÓN CIUDADANO LÍNEA MADRID VILLA DE VALLECAS. ELEMENTOS PROTECCIÓN HIGIÉNICO-SANITARIOS,,418.66,418.66
2021,X12,Otros bienes públicos de carácter social,EQUIPAMIENTO OFICINA ATENCIÓN AL CIUDADANO LÍNEA MADRID DE VILLA DE VALLECAS,,3646.94,3234.33
2021,X13,Otros bienes públicos de carácter económico,,,66174.9,66174.9
2021,X13,Otros bienes públicos de carácter económico,COMPRA PÚBLICA DE INNOVACIÓN. MEDICIÓN EMISIONES GASEOSAS DE VALDEMINGÓMEZ,,66174.9,66174.9
2022,X01,Protección Civil y seguridad ciudadana,,,5512538.14,4542939.23
2022,X01,Protección Civil y seguridad ciudadana,UNIDAD INTEGRAL DE POLICÍA MUNICIPAL VILLA DE VALLECAS. CONSTRUCCIÓN,,3825387.02,2878705.42
2022,X01,Protección Civil y seguridad ciudadana,"BASE DEL SAMUR C/ REAL DE ARGANDA, 64, VILLA DE VALLECAS. CONSTRUCCIÓN",,1046815.0,1046814.46
2022,X01,Protección Civil y seguridad ciudadana,NAVE PARA ALMACÉN DE BOMBEROS EN LA ATALAYUELA. CONSTRUCCIÓN,,605564.03,590646.94
2022,X01,Protección Civil y seguridad ciudadana,"EQUIPAMIENTO BASE 20 SAMUR-PROTECCIÓN CIVIL, TRAVESÍA PUERTO DE REINOSA, 4",,21024.91,21024.91
2022,X01,Protección Civil y seguridad ciudadana,BASE 20 SAMUR-PROTECCIÓN CIVIL. ADECUACIÓN PUERTAS Y MOTORES E INSTALACIÓN SISTEMA SEGURIDAD,,7999.68,
2022,X01,Protección Civil y seguridad ciudadana,UNIDAD INTEGRAL POLICÍA MUNICIPAL VILLA DE VALLECAS. MOBILIARIO,,5747.5,5747.5
2022,X11,"Deportes, juventud y esparcimiento",,,4887172.96,4274239.29
2022,X11,"Deportes, juventud y esparcimiento",CENTRO DEPORTIVO MIGUEL GUILLÉN PRIM. REPOSICIÓN DE CÉSPED ARTIFICIAL CAMPO DE FÚTBOL,,224044.69,21818.22
2022,X11,"Deportes, juventud y esparcimiento",CENTRO DEPORTIVO CERRO ALMODÓVAR. ADECUACIÓN PABELLÓN VOLEY PLAYA,,1349507.87,1140823.4
2022,X11,"Deportes, juventud y esparcimiento",EQUIPAMIENTO CENTRO DEPORTIVO JUAN DE DIOS ROMÁN,,42730.0,3625.52
2022,X11,"Deportes, juventud y esparcimiento",CENTRO DEPORTIVO JUAN DE DIOS ROMÁN. CORTINA DIVISORIA ELÉCTRICA,,20268.0,
2022,X11,"Deportes, juventud y esparcimiento",CENTRO DEPORTIVO JUAN DE DIOS ROMÁN. SILLA SALVAESCALERAS ACCESO PISCINA,,9015.0,
2022,X11,"Deportes, juventud y esparcimiento",OBRAS DE CONSERVACIÓN INSTALACIONES DEPORTIVAS DEL DISTRITO VILLA DE VALLECAS,,2873.24,
2022,X11,"Deportes, juventud y esparcimiento",EQUIPAMIENTO CENTRO DEPORTIVO CERRO ALMODOVAR,,4300.0,4283.1
2022,X11,"Deportes, juventud y esparcimiento",UNIDADES DEPORTIVAS PARA LA PRÁCTICA DEL RUGBY EN VILLA DE VALLECAS. CONSTRUCCIÓN,,913000.0,910517.57
2022,X11,"Deportes, juventud y esparcimiento",CENTRO DEPORTIVO JUAN DE DIOS ROMÁN. DISPOSITIVOS DIGITALES PARA TRANSFORMACIÓN TECNOLÓGICA,,105384.58,102533.76
2022,X11,"Deportes, juventud y esparcimiento","DEPORTIVO BÁSICO ""PUMP TRUCK"" CALLE PEÑARANDA DE BRACAMONTE. CONSTRUCCIÓN (ID 19: 8669)",,312000.0,304869.23
2022,X11,"Deportes, juventud y esparcimiento",MINIPISTA DE ATLETISMO EN ENSANCHE VILLA DE VALLECAS. CONSTRUCCIÓN,,67778.0,67521.06
2022,X11,"Deportes, juventud y esparcimiento","CENTRO DEPORTIVO ENSANCHE, VILLA DE VALLECAS. MOBILIARIO",,24151.82,24151.82
2022,X11,"Deportes, juventud y esparcimiento",EQUIPAMIENTO CAMPO DE RUGBY VILLA DE VALLECAS,,18116.0,
2022,X11,"Deportes, juventud y esparcimiento",CAMPO DE RUGBY VILLA DE VALLECAS. OBRAS DE REFORMA DE VADO Y BARANDILLAS,,48398.0,46704.19
2022,X11,"Deportes, juventud y esparcimiento",DEPORTIVO BÁSICO SANTA EUGENIA. INSTALACIÓN ALUMBRADO EXTERIOR,,48000.0,47813.05
2022,X11,"Deportes, juventud y esparcimiento","ZONA DEPORTIVA FONDO C/CERRO ALMODÓVAR, BARRIO DE SANTA EUGENIA. ACONDICIONAMIENTO (ID 20: 16145)",,385000.0,382636.64
2022,X11,"Deportes, juventud y esparcimiento",DEPORTIVO BÁSICO POZA DE LA SAL. OBRAS DE REMODELACIÓN INTEGRAL,,44000.0,42980.55
2022,X11,"Deportes, juventud y esparcimiento",DEPORTIVO BÁSICO 2.100 PEÑARANDA DE BRACAMONTE. REMODELACIÓN ACERAS PERIMETRALES,,18090.0,17985.91
2022,X11,"Deportes, juventud y esparcimiento",CENTRO DEPORTIVO CERRO ALMODÓVAR. MAQUINARIA PARA LIMPIEZA DEL CENTRO Y MATERIALES,,8061.0,5642.67
2022,X11,"Deportes, juventud y esparcimiento",CENTRO DEPORTIVO JUAN DE DIOS ROMÁN.MATERIAL MÉDICO PARA RECONOCIMIENTOS Y PRUEBAS DE ESFUERZO,,10878.0,10821.33
2022,X11,"Deportes, juventud y esparcimiento",CENTRO DEPORTIVO JUAN DE DIOS ROMÁN. PANELES EXPLICATIVOS,,450.0,429.79
2022,X11,"Deportes, juventud y esparcimiento",DEPORTIVO BÁSICO SANTA EUGENIA. OBRAS REPARACIÓN MURO Y ALUMBRADO CAMPO DE FÚTBOL,,48246.22,46728.28
2022,X11,"Deportes, juventud y esparcimiento",CENTRO DEPORTIVO JUAN DE DIOS ROMÁN. OBRAS DE CONSERVACIÓN,,15279.79,15145.48
2022,X11,"Deportes, juventud y esparcimiento",DEPORTIVO BÁSICO UVA DE VALLECAS. OBRAS DE REPARACIÓN EN CANALONES,,1474.75,1400.67
2022,X11,"Deportes, juventud y esparcimiento",CENTRO DEPORTIVO JUAN DE DIOS ROMÁN. OBRAS DE ADECUACIÓN DE SÓTANO,,4235.77,3797.65
2022,X11,"Deportes, juventud y esparcimiento",CENTRO DEPORTIVO CERRO ALMODÓVAR. ADECUACIÓN DISTRIBUCIÓN GAS INTERIOR Y ACOMETIDA,,99885.34,93897.34
2022,X11,"Deportes, juventud y esparcimiento",CENTRO DEPORTIVO JUAN DE DIOS ROMÁN. OBRAS DE ADECUACIÓN DE APARCAMIENTO Y OTRAS,,8004.89,6438.41
2022,X11,"Deportes, juventud y esparcimiento",CENTRO DEPORTIVO CERRO ALMODÓVAR. CUBRICIÓN Y OTRAS MEJORAS EN PISTAS DE PÁDEL,,370000.0,354748.58
2022,X11,"Deportes, juventud y esparcimiento",CENTRO DEPORTIVO CERRO ALMODÓVAR. OBRAS DE EFICIENCIA ENRGÉTICA (GENERADORES DE CALOR),,275000.0,229069.46
2022,X11,"Deportes, juventud y esparcimiento",CAMPO DE FÚTBOL SANTA EUGENIA. OBRAS DE ADAPTACIÓN A NORMATIVA DE LA INSTALACIÓN ELÉCTRICA,,227000.0,208739.06
2022,X11,"Deportes, juventud y esparcimiento",DEPORTIVO BÁSICO PARQUE DEL CEMENTERIO.MEJORA Y ACONDICIONAMIENTO DE PISTAS Y ADAPTACIÓN A NORMATIVA,,162000.0,159633.73
2022,X11,"Deportes, juventud y esparcimiento","DEPORTIVO BÁSICO UVA DE VALLECAS. ADECUACIÓN VALLADO PERIMETRAL, MEJORA PAVIMENTO Y RECOGIDA AGUAS",,20000.0,19482.82
2022,X06,Urbanismo,,,9174035.77,8755952.24
2022,X06,Urbanismo,SISTEMAS DE COMPENSACIÓN. PERI 14-06 SANTA LUISA INDUSTRIAL,,8709.26,8709.26
2022,X06,Urbanismo,SUELO URBANIZABLE PROGRAMADO 3.01 DESARROLLO DEL ESTE VALDECARROS,,4229154.81,4229054.95
2022,X06,Urbanismo,"C/ SIERRA GORDA, 14-16 C/V. C/ SERRANÍA DE RONDA. OBRAS ACCESORIAS DE URBANIZACIÓN",,19442.63,
2022,X06,Urbanismo,"AVDA. GRAN VÍA DEL SURESTE, 60. OBRAS ACCESORIAS DE URBANIZACIÓN",,104510.09,
2022,X06,Urbanismo,"CALLE PICOS DE URBIÓN, 1-3 CON FRENTE CALLE SAN JAIME. OBRAS ACCESORIAS DE URBANIZACIÓN",,123559.43,
2022,X06,Urbanismo,ADQUISICIÓN DE SUELO CAMINO DE VASARES-AV.SANTA EUGENIA. VIARIOS Y ZONAS VERDES,,1453560.83,1453560.83
2022,X06,Urbanismo,ADQUISICIÓN SUELO CAMINO DE VASARES-AV. SANTA EUGENIA,,1313138.51,1313138.51
2022,X06,Urbanismo,OBRAS DE URBANIZACIÓN ESPACIOS INTERBLOQUE PLAN ESPECIAL COLONIA URPISA,,170452.0,
2022,X06,Urbanismo,ZONA VERDE ANEXA AL COLEGIO PÚBLICO EL QUIJOTE. ACTUACIONES DE RENATURALIZACIÓN,,1751508.21,1751488.69
2022,X09,Medio ambiente,,,28219642.5,4065147.71
2022,X09,Medio ambiente,PROLONGACIÓN CAMINO FLUVIAL MI RÍO MANZANARES HASTA EL TÉRMINO MUNICIPAL DE GETAFE,,539102.47,81835.81
2022,X09,Medio ambiente,NUEVA PLANTA DE MATERIA ORGÁNICA EN EL PARQUE TECNOLÓGICO DE VALDEMINGÓMEZ,,18146775.0,452754.41
2022,X09,Medio ambiente,PARQUE DE LAS CATARATAS. OBRAS DE REHABILITACIÓN,,19984.78,19984.78
2022,X09,Medio ambiente,CENTRO DE TRATAMIENTO  LAS DEHESAS. SISTEMAS DE DESODORIZACIÓN,,163413.72,
2022,X09,Medio ambiente,CENTRO DE TRATAMIENTO LA PALOMA. SISTEMAS DE DESODORIZACIÓN,,5456003.0,60476.96
2022,X09,Medio ambiente,ZONA VERDE ENTRE C/ REAL DE ARGANDA Y C/ PUENTELARRA. REMODELACIÓN,,950745.53,931992.69
2022,X09,Medio ambiente,"PARQUE DE LA GAVIA, DISTRITO VILLA DE VALLECAS. OBRAS DE REHABILITACIÓN",,21000.0,
2022,X09,Medio ambiente,PARQUE TECNOLÓGICO DE VALDEMINGÓMEZ. SISTEMAS DE DESODORIZACIÓN BIOMETANIZACION,,782016.11,782016.02
2022,X09,Medio ambiente,ENSANCHE DE VALLECAS. ACONDICIONAMIENTO DE CAMINOS Y ZONAS ESTANCIALES,,369692.0,369589.83
2022,X09,Medio ambiente,"FUENTE DE LAS CASCADAS, VILLA DE VALLECAS. MEJORA INSTALACIONES HIDRÁULICAS ORNAMENTALES",,29284.9,25570.68
2022,X09,Medio ambiente,"PUNTO LIMPIO C/ LUIS I, 36. OBRAS SUBSANACIÓN DAÑOS EN CERRAMIENTO",,104506.17,95002.17
2022,X09,Medio ambiente,PÉRGOLA CON NEBULIZADOR DE AGUA EN EL PARQUE DE LA GAVIA. CONSTRUCCIÓN,,159374.0,158373.21
2022,X09,Medio ambiente,PROLONGACIÓN RED DE AGUA REGENERADA A CANTONES DE LIMPIEZA DISTRITO VILLA DE VALLECAS,,22152.04,22152.04
2022,X09,Medio ambiente,REFORESTACIÓN DESCAMPADOS VÍAS M-30-40-50 DISTRITO VILLA DE VALLECAS (ID 17: 5225),,505363.16,456964.03
2022,X09,Medio ambiente,"""ÁRBOLES DE AIRE"" EN EL ECO-BULEVAR DE VALLECAS. ACTUACIONES DE REHABILITACIÓN",,325000.0,
2022,X09,Medio ambiente,HUERTOS URBANOS ECOLÓGICOS DISTRITO VILLA DE VALLECAS. ADAPTACIÓN (ID 18: 1614),,17693.51,17691.72
2022,X09,Medio ambiente,PARQUES Y ZONAS VERDES DEL DISTRITO DE VILLA DE VALLECAS. ADAPTACIÓN DE RECORRIDOS TERAPÉUTICOS,,2262.7,2262.7
2022,X09,Medio ambiente,ZONAS VERDES DISTRITO VILLA DE VALLECAS. INSTALACIÓN Y ACONDICIONAMIENTO DE PARQUES CANINOS,,104263.27,104262.24
2022,X09,Medio ambiente,ROTONDA CALLES REAL DE ARGANDA Y OTRAS. INSTALACIÓN MÁSTIL Y BANDERA,,18150.0,18059.25
2022,X09,Medio ambiente,"ZONAS VERDES DE LA COLONIA VILDA, DISTRITO DE VILLA DE VALLECAS. REMODELACIÓN",,4660.0,
2022,X09,Medio ambiente,PARQUE URPISA. OBRAS DE REMODELACIÓN ZONAS AJARDINADAS,,133200.14,133193.76
2022,X09,Medio ambiente,"ZONA VERDE C/ PEÑA CAVERO, 34. OBRAS DE REMODELACIÓN",,45000.0,41346.15
2022,X09,Medio ambiente,ZONA VERDE INTERBLOQUES C/VILLAR DEL OLMO. REMODELACIÓN INTEGRAL,,300000.0,291619.26
2022,X07,Infraestructuras,,,138890.68,
2022,X07,Infraestructuras,PASO INFERIOR BAJO LÍNEA FERROCARRIL POLÍGONO INDUSTRIAL VILLA DE VALLECAS. DESDOBLAMIENTO,,42961.21,
2022,X07,Infraestructuras,CARRETERA DE VALDECARROS. ADECUACIÓN DE VIALES,,95929.47,
2022,X08,Mantenimiento urbano,,,4698393.46,4368734.51
2022,X08,Mantenimiento urbano,"POLÍGONO INDUSTRIAL CAMINO DE HORMIGUERAS, VILLA DE VALLECAS. OBRAS DE PAVIMENTACIÓN Y MEJORA",,196027.74,123871.1
2022,X08,Mantenimiento urbano,FONDO DE SACO DE LA CALLE CERRO ALMODÓVAR. OBRAS DE ACONDICIONAMIENTO,,116628.85,114642.95
2022,X08,Mantenimiento urbano,CALLES ARTE CONCEPTUAL Y MAZATERÓN. PAVIMENTACIÓN Y ACONDICIONAMIENTO DE ACERAS,,106633.87,106633.52
2022,X08,Mantenimiento urbano,CALLE PUERTO DEL BRUCH Y OTRAS DISTRITO VILLA DE VALLECAS. RENOVACIÓN PAVIMENTOS EN CALZADAS,,674279.06,650500.13
2022,X08,Mantenimiento urbano,"CALLES CULLA, TORREDONJIMENO, HONRUBIA Y OTRAS. RENOVACIÓN DE PAVIMENTOS EN CALZADAS",,425408.14,420505.18
2022,X08,Mantenimiento urbano,"CALLES PUENTEDEY, CERRO MILANO Y OTRAS DISTRITO DE VILLA DE VALLECAS. RENOVACIÓN PAVIMENTOS CALZADAS",,2632120.24,2466848.39
2022,X08,Mantenimiento urbano,"RECINTO FERIAL SIERRA GORDA, DISTRITO VILLA DE VALLECAS. OBRAS DE REMODELACIÓN INTEGRAL",,160000.0,101174.8
2022,X08,Mantenimiento urbano,CALLE CERRO ALMODÓVAR. MEJORA Y REHABILITACIÓN DE CALZADAS,,4987.68,4987.68
2022,X08,Mantenimiento urbano,CARRETERA DE ACCESO AL VERTEDERO DE VALDEMINGÓMEZ. OBRAS DE ADECUACIÓN VIALES,,61761.9,61761.9
2022,X08,Mantenimiento urbano,CIRCUITOS DEPORTIVOS BIOSALUDABLES DISTRITO VILLA DE VALLECAS. INSTALACIÓN (ID 20: 12181),,110500.98,110500.97
2022,X08,Mantenimiento urbano,DIVERSAS CALLES DISTRITO VILLA DE VALLECAS. ACONDICIONAMIENTO PAVIMENTO DE ACERAS,,120000.0,118793.59
2022,X08,Mantenimiento urbano,"C/ MARTÍNEZ OLMEDILLA, DISTRITO VILLA DE VALLECAS. ACONDICIONAMIENTO PAVIMENTACIÓN",,25000.0,24999.99
2022,X08,Mantenimiento urbano,DIVERSAS CALLES UVA DISTRITO VILLA DE VALLECAS. REMODELACIÓN PAVIMENTOS DE ACERAS,,65045.0,63514.31
2022,X03,Protección y promoción social,,,1837418.89,1786904.97
2022,X03,Protección y promoción social,EQUIPAMIENTO ESPACIO DE IGUALDAD MARÍA MOLINER,,1309.9,1309.89
2022,X03,Protección y promoción social,EQUIPAMIENTO CENTRO DE ACOGIDA DE CAMPAÑA DE FRÍO VALLECAS,,6917.98,3521.83
2022,X03,Protección y promoción social,CENTRO DE SERVICIOS SOCIALES ENSANCHE DE VALLECAS. CONSTRUCCIÓN,,1187664.46,1187663.14
2022,X03,Protección y promoción social,CASA DE FAMILIA VILLA DE VALLECAS. CONSTRUCCIÓN,,151242.73,149987.68
2022,X03,Protección y promoción social,"EQUIPAMIENTO CENTRO SERVICIOS SOCIALES ENSANCHE, VILLA DE VALLECAS",,48658.98,46307.46
2022,X03,Protección y promoción social,AGENCIA DE ZONA DE MERCAMADRID. SEÑALIZACIÓN PARA PAE,,10396.85,10396.85
2022,X03,Protección y promoción social,"CENTRO SERVICIOS SOCIALES ENSANCHE, VILLA DE VALLECAS. MOBILIARIO",,41957.02,41957.02
2022,X03,Protección y promoción social,"CENTRO DE SERVICIOS SOCIALES ENSANCHE, VILLA DE VALLECAS. SEÑALÉTICA",,16850.0,9468.93
2022,X03,Protección y promoción social,CENTROS DE MAYORES DISTRITO VILLA DE VALLECAS. PLACAS CONMEMORATIVAS RECUERDO A FALLECIDOS COVID,,1000.0,837.32
2022,X03,Protección y promoción social,CENTRO DE MAYORES SANTA EUGENIA. ADECUACIÓN INSTALACIONES DE CLIMATIZACIÓN,,269837.68,236135.7
2022,X03,Protección y promoción social,ESPACIO DE IGUALDAD MARÍA MOLINER. SEÑALÉTICA,,1300.0,971.75
2022,X03,Protección y promoción social,"CENTRO DE SERVICIOS SOCIALES VILLA DE VALLECAS, C/ PEÑA VEIGA, 6. OBRAS DE ADECUACIÓN DE PATIO",,10165.22,9580.04
2022,X03,Protección y promoción social,"CENTRO DE DÍA DE MAYORES VILLA DE VALLECAS. OBRAS DE ADECUACIÓN EN ENTRADA PRINCIPAL, HALL Y ASEOS",,31567.83,31149.88
2022,X03,Protección y promoción social,CENTRO DE DÍA DE MAYORES VILLA DE VALLECAS. ADECUACIÓN INSTALACIÓN ELÉCTRICA,,6892.87,6707.93
2022,X03,Protección y promoción social,"CENTRO DE SERVICIOS SOCIALES VILLA DE VALLECAS, C/ PEÑA VEIGA, 6. ADECUACIÓN INSTALACIÓN ELÉCTRICA",,5431.46,5268.75
2022,X03,Protección y promoción social,"CENTRO DE MAYORES VILLA DE VALLECAS. REFORMA SISTEMA EXTRACCIÓN COCINA, ILUMINACIÓN Y OTRAS",,17619.33,17034.22
2022,X03,Protección y promoción social,CENTRO DE FORMACIÓN OCUPACIONAL VALLECAS VIVERO. OBRAS REFORMA,,6259.03,6259.03
2022,X03,Protección y promoción social,CENTRO DE FORMACIÓN OCUPACIONAL VALLECAS VIVERO. ADQUISICIÓN MAQUINARIA,,22347.55,22347.55
2022,X05,Educación,,,5404834.26,5096027.06
2022,X05,Educación,"EQUIPAMIENTO ESCUELA INFANTIL VILLA DE VALLECAS, C/ EMBALSE DE NAVACERRADA",,307818.36,59269.56
2022,X05,Educación,EQUIPAMIENTO ESCUELA DE MÚSICA DE VILLA DE VALLECAS,,213.47,
2022,X05,Educación,ESCUELA INFANTIL EN EL DISTRITO DE VILLA DE VALLECAS. CONSTRUCCIÓN,,3816709.97,3816709.97
2022,X05,Educación,COLEGIO PÚBLICO CIUDAD DE VALENCIA. OBRAS DE CONSERVACIÓN INSTALACIÓN ELÉCTRICA,,50374.74,45953.0
2022,X05,Educación,OBRAS DE CONSERVACIÓN CENTROS DOCENTES DE ENSEÑANZA DISTRITO VILLA DE VALLECAS,,996.61,
2022,X05,Educación,EQUIPAMIENTO ESCUELA INFANTIL LA REVOLTOSA,,7476.59,4223.72
2022,X05,Educación,EQUIPAMIENTO ESCUELA INFANTIL LOS SOBRINOS DEL CAPITÁN GRANT,,9615.87,5340.86
2022,X05,Educación,COLEGIO PÚBLICO JUAN GRIS. OBRAS DE SUSTITUCIÓN DE BAJANTE,,14592.35,14586.47
2022,X05,Educación,"COLEGIO PÚBLICO FRANCISCO FATOU. REPARACIÓN DE CUBRICIÓN, MARQUESINAS, PATIO INFANTIL Y OTRAS",,117395.93,117362.05
2022,X05,Educación,COLEGIO PÚBLICO HONDURAS. OBRAS DE SUSTITUCIÓN DE BAJANTE,,14402.29,14396.4
2022,X05,Educación,COLEGIO PÚBLICO JUAN DE HERRERA. OBRAS DE CONSERVACIÓN INSTALACIÓN ELÉCTRICA,,33862.44,33859.71
2022,X05,Educación,COLEGIO PÚBLICO JUAN GRIS. OBRAS DE CONSERVACIÓN DE LA CUBIERTA Y OTRAS MEJORAS,,234777.27,223810.41
2022,X05,Educación,COLEGIO PÚBLICO AGUSTÍN RODRÍGUEZ SAHAGÚN. ACONDICIONAMIENTO ZONA PERSONAL SERVICIOS INTERNOS,,3056.62,2781.85
2022,X05,Educación,COLEGIO PÚBLICO HONDURAS. OBRAS DE CONSERVACIÓN DE CUBIERTAS,,7052.72,6205.61
2022,X05,Educación,COLEGIO PÚBLICO FRANCISCO FATÓU. OBRAS DE CONSERVACIÓN DE CUBIERTAS,,15680.21,15600.34
2022,X05,Educación,COLEGIO PÚBLICO LOYOLA DE PALACIO. OBRAS DE CONSERVACIÓN DE CUBIERTAS,,6989.35,5777.43
2022,X05,Educación,COLEGIO PÚBLICO LOYOLA DE PALACIO. CONSERVACIÓN INSTALACIÓN DE PROTECCIÓN CONTRA INCENDIOS,,12819.47,12790.9
2022,X05,Educación,OBRAS DE ACONDICIONAMIENTO Y MEJORA COLEGIOS PÚBLICOS DISTRITO VILLA DE VALLECAS,,4930.34,
2022,X05,Educación,COLEGIO PÚBLICO JUAN GRIS. OBRAS DE ADAPTACIÓN A NORMATIVA DE LAS PUERTAS DE CARRUAJE,,30956.27,26831.01
2022,X05,Educación,COLEGIO PÚBLICO CIUDAD DE VALENCIA. OBRAS DE ACONDICIONAMIENTO ZONAS INTERIORES Y EXTERIORES,,129544.8,124143.85
2022,X05,Educación,COLEGIO PÚBLICO EL QUIJOTE. ACONDICIONAMIENTO ESPACIOS EXTERIORES Y ADAPTACIÓN A NORMATIVA INCENDIOS,,177448.77,177442.91
2022,X05,Educación,COLEGIO PÚBLICO AGUSTÍN RODRIGUEZ SAHAGÚN. OBRAS DE ACONDICIONAMIENTO ESPACIOS EXTERIORES,,81995.07,81694.17
2022,X05,Educación,COLEGIO PÚBLICO LOYOLA DE PALACIO. OBRAS DE ADECUACIÓN PUERTAS DE CARRUAJES Y CARPINTERÍAS,,40951.68,40627.63
2022,X05,Educación,"COLEGIO PÚBLICO HONDURAS. ACONDICIONAMIENTO ESPACIOS EXTERIORES, INSTALACIÓN TÉRMICA Y LÍNEA DE VIDA",,71508.24,65469.37
2022,X05,Educación,"COLEGIO PÚBLICO JUAN DE HERRERA. ACONDICIONAMIENTO PATIO, PLANTA SEGUNDA Y CUBIERTA",,148664.83,139245.28
2022,X05,Educación,"ESCUELA DE MÚSICA VILLA DE VALLECAS. ADECUACIÓN CALDERA, CLIMATIZACIÓN Y OTRAS",,48000.0,46748.96
2022,X05,Educación,ESCUELA DE MÚSICA VILLA DE VALLECAS. ACONDICIONAMIENTO VALLADO EXTERIOR,,17000.0,15155.6
2022,X10,Cultura,,,197165.4,187423.18
2022,X10,Cultura,BIBLIOTECA VILLA DE VALLECAS. CONSTRUCCION,,61112.31,61099.99
2022,X10,Cultura,EQUIPAMIENTO AUDIOVISUAL BIBLIOTECA PÚBLICA GERARDO DIEGO,,1300.0,
2022,X10,Cultura,MURAL ARTÍSTICO EN EL CENTRO DE SERVICIOS SOCIALES VILLA DE VALLECAS. CREACIÓN,,17551.05,15840.0
2022,X10,Cultura,CENTRO CULTURAL FRANCISCO FATOU. OBRAS DE ADECUACIÓN EN CUBIERTA Y FACHADA POSTERIOR,,42202.04,41960.04
2022,X10,Cultura,BIBLIOTECA PÚBLICA GERARDO DIEGO. OBRAS DE EFICIENCIA ENERGÉTICA (CARPINTERÍA Y ACRISTALAMIENTO),,45000.0,41527.13
2022,X10,Cultura,CENTRO CULTURAL ZAZUAR. OBRAS DE ADECUACIÓN Y MEJORA DE LA ILUMINACIÓN,,30000.0,26996.02
2022,X14,Sectores productivos,,,449579.4,439968.26
2022,X14,Sectores productivos,MERCADO DE VILLA DE VALLECAS. OBRAS DE SUBSANACIÓN DE PATOLOGÍAS,,59767.21,59767.21
2022,X14,Sectores productivos,FACTORÍA INDUSTRIAL VILLA DE VALLECAS. CONSTRUCCIÓN,,88967.88,80343.82
2022,X14,Sectores productivos,MERCADO MUNICIPAL VILLA DE VALLECAS. OBRAS DE REFORMA DE LA CUBIERTA,,300844.31,299857.23
2022,X04,Salud pública,,,58328.17,58293.23
2022,X04,Salud pública,DEPARTAMENTO DE INSPECCIÓN DE MERCAMADRID. ADQUISICIÓN MAQUINARIA,,371.02,371.02
2022,X04,Salud pública,EQUIPAMIENTO DEPARTAMENTO DE INSPECCIÓN DE MERCAMADRID,,17638.98,17638.97
2022,X04,Salud pública,DEPARTAMENTO DE INSPECCIÓN DE MERCAMADRID. INSTALACIONES TÉCNICAS,,7109.46,7109.46
2022,X04,Salud pública,EQUIPAMIENTO SERVICIOS SALUBRIDAD PÚBLICA DEL DISTRITO DE VILLA DE VALLECAS,,400.0,378.73
2022,X04,Salud pública,EQUIPAMIENTO CMSc CENTRO MUNICIPAL DE SALUD COMUNITARIA VILLA DE VALLECAS,,8042.65,8042.65
2022,X04,Salud pública,CMSc CENTRO MUNICIPAL DE SALUD COMUNITARIA DE VILLA DE VALLECAS. SEÑALIZACIÓN,,1423.77,1410.11
2022,X04,Salud pública,DEPARTAMENTO DE INSPECCIÓN DE MERCAMADRID. OBRAS DE ACONDICIONAMIENTO,,23342.29,23342.29
2022,X00,Inversiones de carácter general,,,194859.36,175789.81
2022,X00,Inversiones de carácter general,EQUIPAMIENTO SERVICIOS ADMINISTRATIVOS DEL DISTRITO DE VILLA DE VALLECAS,,8760.0,8293.34
2022,X00,Inversiones de carácter general,OBRAS DE CONSERVACIÓN DE EDIFICIOS DISTRITO VILLA DE VALLECAS,,6121.25,
2022,X00,Inversiones de carácter general,"CASA DEL PEÓN DE LA CUARTA ESCLUSA, PARQUE LINEAL DEL MANZANARES. ADOPCIÓN MEDIDAS DE SEGURIDAD",,89978.11,89978.11
2022,X00,Inversiones de carácter general,EDIFICIO SEDE DISTRITO DE VILLA DE VALLECAS. ACONDICIONAMIENTO INTERIOR Y MEJORAS EN FACHADA,,90000.0,77518.36
2022,X12,Otros bienes públicos de carácter social,,,4739.57,2699.51
2022,X12,Otros bienes públicos de carácter social,EQUIPAMIENTO OFICINA ATENCIÓN AL CIUDADANO LÍNEA MADRID DE VILLA DE VALLECAS,,4739.57,2699.51
2023,X01,Protección Civil y seguridad ciudadana,,,8958793.24,8714084.52
2023,X01,Protección Civil y seguridad ciudadana,NUEVA COMISARÍA INTEGRAL POLICÍA MUNICIPAL DISTRITO DE VILLA DE VALLECAS. OTRO MOBILIARIO Y ENSERES,,2057.0,
2023,X01,Protección Civil y seguridad ciudadana,COMISARÍA INTEGRAL DE POLICÍA MUNICIPAL DEL DISTRITO DE VILLA DE VALLECAS. PERCHEROS,,2998.99,2998.99
2023,X01,Protección Civil y seguridad ciudadana,UNIDAD INTEGRAL DE POLICÍA MUNICIPAL VILLA DE VALLECAS. CONSTRUCCIÓN,,4050479.0,3807831.78
2023,X01,Protección Civil y seguridad ciudadana,"BASE DEL SAMUR C/ REAL DE ARGANDA, 64, VILLA DE VALLECAS. CONSTRUCCIÓN",,1533382.25,1533378.29
2023,X01,Protección Civil y seguridad ciudadana,NAVE PARA ALMACÉN DE BOMBEROS EN LA ATALAYUELA. CONSTRUCCIÓN,,3369876.0,3369875.46
2023,X11,"Deportes, juventud y esparcimiento",,,2379531.1,2283153.65
2023,X11,"Deportes, juventud y esparcimiento",CENTRO DEPORTIVO MIGUEL GUILLÉN PRIM. REPOSICIÓN DE CÉSPED ARTIFICIAL CAMPO DE FÚTBOL,,170921.46,145510.46
2023,X11,"Deportes, juventud y esparcimiento","DEPORTIVO BÁSICO LAS LEONAS, CAMPO DE RUGBY.SOPORTE METÁLICO INFORMÁTICA Y TELECOMUNICACIONES",,2500.0,1800.95
2023,X11,"Deportes, juventud y esparcimiento",CENTRO JUVENIL EL ALEPH. SEÑALIZACIÓN,,303.47,303.47
2023,X11,"Deportes, juventud y esparcimiento",CENTRO JUVENIL EL SITO DE MI RECREO. SEÑALIZACIÓN,,109.38,109.38
2023,X11,"Deportes, juventud y esparcimiento",EQUIPAMIENTO CENTRO JUVENIL EL SITIO DE MI RECREO,,428.93,428.92
2023,X11,"Deportes, juventud y esparcimiento",CENTRO DEPORTIVO CERRO ALMODÓVAR. ADECUACIÓN PABELLÓN VOLEY PLAYA,,1482093.88,1482023.15
2023,X11,"Deportes, juventud y esparcimiento",SERVICIOS DEPORTE VILLA DE VALLECAS. MATERIAL DIFUSIÓN IMAGEN CORPORATIVA EVENTOS DEPORTIVOS,,5932.63,5932.63
2023,X11,"Deportes, juventud y esparcimiento",EQUIPAMIENTO CENTRO DEPORTIVO JUAN DE DIOS ROMÁN,,34147.87,34147.86
2023,X11,"Deportes, juventud y esparcimiento",CENTRO DEPORTIVO JUAN DE DIOS ROMÁN. CORTINA DIVISORIA ELÉCTRICA,,17734.06,17734.06
2023,X11,"Deportes, juventud y esparcimiento",CENTRO DEPORTIVO JUAN DE DIOS ROMÁN. SILLA SALVAESCALERAS ACCESO PISCINA,,7887.69,7887.69
2023,X11,"Deportes, juventud y esparcimiento",OBRAS DE CONSERVACIÓN INSTALACIONES DEPORTIVAS DEL DISTRITO VILLA DE VALLECAS,,1368.08,
2023,X11,"Deportes, juventud y esparcimiento",CENTRO DEPORTIVO CERRO ALMODOVAR. ADECUACIÓN SALA DE PSICOMOTRICIDAD,,43823.52,43373.56
2023,X11,"Deportes, juventud y esparcimiento",DEPORTIVO BÁSICO CAMPO DE FÚTBOL SANTA EUGENIA. OBRAS DE ACOMETIDA AGUA Y PAVIMENTACIÓN,,124908.95,124842.3
2023,X11,"Deportes, juventud y esparcimiento",DEPORTIVO BÁSICO EMBALSE DE SAN JUAN. OBRAS ADECUACIÓN INSTALACIÓN ELÉCTRICA,,11421.71,11290.37
2023,X11,"Deportes, juventud y esparcimiento",DEPORTIVO BÁSICO SANTA EUGENIA. OBRAS DE REPARACIÓN,,4844.0,4726.38
2023,X11,"Deportes, juventud y esparcimiento",CENTRO DEPORTIVO CERRO ALMODÓVAR. OBRAS DE ADECUACIÓN TALUD DE PISCINA,,3783.74,3685.73
2023,X11,"Deportes, juventud y esparcimiento",DEPORTIVO BÁSICO P.A.R. CASTRILLO DE AZA. REPARACIÓN DEL PAVIMENTO Y OTRA MEJORAS,,60000.0,58711.77
2023,X11,"Deportes, juventud y esparcimiento",CENTRO DEPORTIVO JUAN DE DIOS ROMÁN. CERRAMIENTO LATERAL PISTAS EXTERIORES CUBIERTAS Y OTRAS MEJORAS,,350000.0,291643.26
2023,X11,"Deportes, juventud y esparcimiento",CENTRO DEPORTIVO JUAN DE DIOS ROMAN. INSTALACIÓN DE LONAS MICROPERFORADAS,,18221.0,16966.62
2023,X11,"Deportes, juventud y esparcimiento",CENTRO DEPORTIVO JUAN DE DIOS ROMAN. INSTALACIÓN DE ESTORES,,3279.25,3279.25
2023,X11,"Deportes, juventud y esparcimiento",CENTRO DEPORTIVO CERRO ALMODÓVAR. INSTALACIÓN DE LONAS MICROPERFORADAS,,25047.0,20538.54
2023,X11,"Deportes, juventud y esparcimiento",CENTRO DEPORTIVO MIGUEL GUILLÉN PRIM. ADQUISICIÓN MAQUINARIA PARA LIMPIEZA,,2654.58,2654.58
2023,X11,"Deportes, juventud y esparcimiento",CENTRO DEPORTIVO JUAN DE DIOS ROMÁN. INSTALACIÓN SECADORES DE MANOS REGULABLES EN ALTURA,,2470.0,
2023,X11,"Deportes, juventud y esparcimiento",CENTRO JUVENIL EL ALEPH. SUBSANACIÓN DEFICIENCIAS DE LA INSTALACIÓN ELÉCTRICA,,5649.9,5562.72
2023,X06,Urbanismo,,,2668880.53,2508590.27
2023,X06,Urbanismo,SISTEMAS DE COMPENSACIÓN. PERI 14-06 SANTA LUISA INDUSTRIAL,,5807.0,5806.17
2023,X06,Urbanismo,SUELO URBANIZABLE PROGRAMADO 3.01 DESARROLLO DEL ESTE VALDECARROS,,2352633.09,2347897.1
2023,X06,Urbanismo,ADQUISICIÓN DE SUELO FINCA LAGUNA JUAN RODRÍGUEZ,,7504.79,
2023,X06,Urbanismo,"COLONIA URPISA, ÁREA PREFERENTE DE IMPULSO A LA REGENERACIÓN URBANA 18.04. RENOVACIÓN",,22000.0,
2023,X06,Urbanismo,"C/ SIERRA GORDA, 14-16 C/V. C/ SERRANÍA DE RONDA. OBRAS ACCESORIAS DE URBANIZACIÓN",,19442.63,14446.93
2023,X06,Urbanismo,"AVDA. GRAN VÍA DEL SURESTE, 60. OBRAS ACCESORIAS DE URBANIZACIÓN",,104510.09,29171.15
2023,X06,Urbanismo,"CALLE PICOS DE URBIÓN, 1-3 CON FRENTE CALLE SAN JAIME. OBRAS ACCESORIAS DE URBANIZACIÓN",,123559.43,111268.92
2023,X06,Urbanismo,"ÁREA DE PLANEAMIENTO ESPECÍFICO 18.06 PARCELA 61, VALLECAS - LA ATALAYUELA. URBANIZACIÓN",,33423.5,
2023,X09,Medio ambiente,,,33273600.84,30473916.67
2023,X09,Medio ambiente,"PUNTO LIMPIO C/ LUIS I, 38. ADOPCIÓN DE MEDIDAS DE SEGURIDAD",,79018.11,57154.22
2023,X09,Medio ambiente,PROLONGACIÓN CAMINO FLUVIAL MI RÍO MANZANARES HASTA EL TÉRMINO MUNICIPAL DE GETAFE,,660336.24,415808.7
2023,X09,Medio ambiente,NUEVA PLANTA DE MATERIA ORGÁNICA EN EL PARQUE TECNOLÓGICO DE VALDEMINGÓMEZ,,26948837.72,25048173.86
2023,X09,Medio ambiente,PARQUE DE LAS CATARATAS. OBRAS DE REHABILITACIÓN,,460427.7,460265.24
2023,X09,Medio ambiente,ESTACIÓN DE CONTROL CALIDAD DEL AIRE ENSANCHE DE VALLECAS. ANALIZADORES DE PARTÍCULAS (ID 21: 19156),,69998.5,62998.65
2023,X09,Medio ambiente,CANTÓN DE LIMPIEZA DEL DISTRITO VILLA DE VALLECAS. ACOMETIDA DE AGUA REGENERADA,,211082.27,203567.42
2023,X09,Medio ambiente,MERCADILLO PERIÓDICO DISTRITO VILLA DE VALLECAS. IMPLANTACIÓN FUENTE DE BEBER,,3156.16,3155.5
2023,X09,Medio ambiente,FUENTES BEBEDERO EN EL DISTRITO VILLA DE VALLECAS. INSTALACIÓN,,2087.55,2087.55
2023,X09,Medio ambiente,DEPÓSITO DE AGUAS FREÁTICAS CONGOSTO. MEJORA DE LAS INSTALACIONES,,18551.83,18551.83
2023,X09,Medio ambiente,CENTRO DE TRATAMIENTO  LAS DEHESAS. SISTEMAS DE DESODORIZACIÓN,,100000.0,
2023,X09,Medio ambiente,CENTRO DE TRATAMIENTO LA PALOMA. SISTEMAS DE DESODORIZACIÓN,,4549457.03,4031797.6
2023,X09,Medio ambiente,ZONA VERDE ENTRE C/ REAL DE ARGANDA Y C/ PUENTELARRA. REMODELACIÓN,,76009.03,76009.03
2023,X09,Medio ambiente,PLANTACIONES ARBÓREAS EN PARQUES DISTRITO DE VILLA DE VALLECAS. MEJORA ESTÉTICA Y MEDIO AMBIENTAL,,58638.7,58638.62
2023,X09,Medio ambiente,ZONA VERDE EN LA CALLE PEÑA CAVERO. ACONDICIONAMIENTO DEL ÁREA INFANTIL,,36000.0,35708.45
2023,X07,Infraestructuras,,,433209.15,329461.11
2023,X07,Infraestructuras,CAMPUS SUR UNIVERSIDAD POLITÉCNICA DE MADRID Y ENTORNOS ESCOLARES VALLECAS. ZONAS DE BAJAS EMISIONES,,132671.7,28923.66
2023,X07,Infraestructuras,PASO INFERIOR BAJO LÍNEA FERROCARRIL POLÍGONO INDUSTRIAL VILLA DE VALLECAS. DESDOBLAMIENTO,,300537.45,300537.45
2023,X08,Mantenimiento urbano,,,2943403.02,2921321.29
2023,X08,Mantenimiento urbano,MOBILIARIO URBANO ÁREAS DE MAYORES DISTRITO VILLA DE VALLECAS. REPOSICIÓN,,45777.43,45777.42
2023,X08,Mantenimiento urbano,"POLÍGONO INDUSTRIAL CAMINO DE HORMIGUERAS, VILLA DE VALLECAS. OBRAS DE PAVIMENTACIÓN Y MEJORA",,711128.73,711128.73
2023,X08,Mantenimiento urbano,CALLE DE CAMINO DE LAS HORMIGUERAS Y GLORIETA DE VALDEPERDICES. REHABILITACIÓN DE CALZADAS,,47779.12,47779.12
2023,X08,Mantenimiento urbano,"CALLE TORREDONJIMENO, REAL ARGANDA, AVDA. ENSANCHE VALLECAS Y OTRAS. RENOVACIÓN CAPA DE RODADURA",,186041.6,186041.6
2023,X08,Mantenimiento urbano,FONDO DE SACO DE LA CALLE CERRO ALMODÓVAR. OBRAS DE ACONDICIONAMIENTO,,47320.69,47320.69
2023,X08,Mantenimiento urbano,AVENIDA DEL MAYORAZGO Y CARRETERA DE VILLAVERDE A VALLECAS. OBRAS DE ADECUACIÓN VIALES,,197836.8,197836.8
2023,X08,Mantenimiento urbano,"CALLE EULOGIO PEDRERO,PICO BERIAIN,PUERTO ALAZORES,SIERRA GÁDO Y OTRAS. MEJORA BASE PAVIMENTO",,47518.09,47518.09
2023,X08,Mantenimiento urbano,CALLES ARTE CONCEPTUAL Y MAZATERÓN. PAVIMENTACIÓN Y ACONDICIONAMIENTO DE ACERAS,,63821.63,63698.38
2023,X08,Mantenimiento urbano,CALLE PUERTO DEL BRUCH Y OTRAS DISTRITO VILLA DE VALLECAS. RENOVACIÓN PAVIMENTOS EN CALZADAS,,274453.41,274453.41
2023,X08,Mantenimiento urbano,"CALLES CULLA, TORREDONJIMENO, HONRUBIA Y OTRAS. RENOVACIÓN DE PAVIMENTOS EN CALZADAS",,165666.43,165666.43
2023,X08,Mantenimiento urbano,"CALLES PUENTEDEY, CERRO MILANO Y OTRAS DISTRITO DE VILLA DE VALLECAS. RENOVACIÓN PAVIMENTOS CALZADAS",,663411.78,663411.77
2023,X08,Mantenimiento urbano,PLAN CAMINO ESCOLAR SEGURO C/ PUENTELARRA. ADECUACIÓN VÍAS PÚBLICAS,,29708.64,29557.8
2023,X08,Mantenimiento urbano,CALLE DE LUIS I. RENOVACIÓN DE PAVIMENTOS Y ACONDICIONAMIENTO ACERADOS,,394938.67,374907.6
2023,X08,Mantenimiento urbano,"C/ DIEGO OLIVERA VICTORIO, DISTRITO VILLA DE VALLECAS. OBRAS DE REMODELACIÓN ACERAS",,55000.0,53421.18
2023,X08,Mantenimiento urbano,"C/ ENRIQUE GARCÍA ÁLVAREZ C/V PZA. ANTONIO DE MESA, VILLA DE VALLECAS. REMODELACIÓN DE ACERAS",,13000.0,12802.27
2023,X03,Protección y promoción social,,,345292.27,295918.14
2023,X03,Protección y promoción social,EQUIPAMIENTO ESPACIO DE IGUALDAD MARÍA MOLINER,,1142.35,1142.35
2023,X03,Protección y promoción social,EQUIPAMIENTO CENTRO DE ACOGIDA DE CAMPAÑA DE FRÍO VALLECAS,,7932.21,7932.21
2023,X03,Protección y promoción social,OTRO EQUIPAMIENTO CENTRO DE ACOGIDA DE CAMPAÑA DE FRÍO VILLA DE VALLECAS,,4872.62,3284.1
2023,X03,Protección y promoción social,CENTRO DE ACOGIDA DE CAMPAÑA DE FRÍO DE VALLECAS. OBRAS DE ACOMETIDA ELÉCTRICA,,236105.07,235927.55
2023,X03,Protección y promoción social,CENTRO DE SERVICIOS SOCIALES DEL ENSANCHE DE VALLECAS. SEÑALIZACIÓN,,600.0,559.63
2023,X03,Protección y promoción social,CENTRO DE SERVICIOS SOCIALES ENSANCHE DE VALLECAS. INSTALACIÓN DE ESTORES,,3581.87,3581.87
2023,X03,Protección y promoción social,CENTRO DE SERVICIOS SOCIALES MARÍA DE ECHARRI Y MARTÍNEZ. EQUIPO DE SONIDO,,6100.0,5626.26
2023,X03,Protección y promoción social,CENTRO DE SERVICIOS SOCIALES MARÍA DE ECHARRI Y MARTÍNEZ. OBRAS INSTALACIÓN CERRAMIENTOS SEGURIDAD,,22183.71,20621.26
2023,X03,Protección y promoción social,CENTRO DE SERVICIOS SOCIALES VILLA DE VALLECAS. ADECUACIÓN DE LA INSTALACIÓN ANTIPÁNICO,,5350.96,5002.77
2023,X03,Protección y promoción social,CENTRO DE MAYORES SANTA EUGENIA. SUBSANACIÓN DEFICIENCIAS DE LA INSTALACIÓN ELÉCTRICA,,9580.49,9397.15
2023,X03,Protección y promoción social,"CENTRO VALLECAS VIVERISMO, Cº POZO DEL TÍO RAIMUNDO, 6. MAQUINARIA",,2842.99,2842.99
2023,X03,Protección y promoción social,CENTRO DE FORMACIÓN OCUPACIONAL VALLECAS VILLERO. REPARACIÓN DE VIVEROS E INVERNADEROS,,45000.0,
2023,X05,Educación,,,1982922.59,1803710.62
2023,X05,Educación,"EQUIPAMIENTO ESCUELA INFANTIL VILLA DE VALLECAS, C/ EMBALSE DE NAVACERRADA",,166237.24,163472.31
2023,X05,Educación,EQUIPAMIENTO ESCUELA DE MÚSICA DE VILLA DE VALLECAS,,1106.53,1106.53
2023,X05,Educación,ESCUELA INFANTIL EN EL DISTRITO DE VILLA DE VALLECAS. CONSTRUCCIÓN,,824598.28,746700.12
2023,X05,Educación,COLEGIO PÚBLICO CIUDAD DE VALENCIA. OBRAS DE CONSERVACIÓN INSTALACIÓN ELÉCTRICA,,980.54,968.77
2023,X05,Educación,OBRAS DE CONSERVACIÓN CENTROS DOCENTES DE ENSEÑANZA DISTRITO VILLA DE VALLECAS,,3965.2,
2023,X05,Educación,COLEGIO PÚBLICO AGUSTÍN RODRÍGUEZ SAHAGÚN. OBRAS DE MEJORA EN EL SANEAMIENTO DE LA COCINA,,57004.77,56991.05
2023,X05,Educación,COLEGIO PÚBLICO FRANCISCO FATÓU. ADECUACIÓN INSTALACIÓN ELÉCTRICA,,24567.28,24423.99
2023,X05,Educación,COLEGIO PÚBLICO BLAS DE OTERO. ADECUACIÓN INSTALACIÓN ELÉCTRICA,,16335.37,16236.66
2023,X05,Educación,COLEGIO PÚBLICO BLAS DE OTERO. OBRAS DE CONSERVACIÓN EXTERIOR E INTERIOR,,98562.12,95567.0
2023,X05,Educación,COLEGIO PÚBLICO FRANCISCO FATÓU. ACONDICIONAMIENTO DE PATIO Y OTRAS MEJORAS,,63565.26,58469.96
2023,X05,Educación,COLEGIO PÚBLICO JOSÉ DE ECHEGARAY. ADAPTACIÓN A NORMATIVA Y MEJORA DEL SANEAMIENTO E INSTALACIONES,,136000.0,133420.2
2023,X05,Educación,COLEGIO PÚBLICO BLAS DE OTERO. OBRAS DE ACONDICIONAMIENTO Y EFICIENCIA ENERGÉTICA,,340000.0,282011.18
2023,X05,Educación,COLEGIO PÚBLICO LOYOLA DE PALACIO. OBRAS DE ACONDICIONAMIENTO Y MEJORA INSTALACIONES,,150000.0,143828.39
2023,X05,Educación,COLEGIO PÚBLICO AGUSTÍN RODRÍGUEZ SAHAGÚN. ADECUACIÓN INSTALACIONES Y OTRAS MEJORAS,,100000.0,80514.46
2023,X10,Cultura,,,315603.33,244473.9
2023,X10,Cultura,BIBLIOTECA-CENTRO CULTURAL VILLA DE VALLECAS. CONSTRUCCION,,294839.81,224950.48
2023,X10,Cultura,SERVICIOS CULTURALES VILLA DE VALLECAS. MATERIAL DIFUSIÓN IMAGEN CORPORATIVA EVENTOS CULTURALES,,1126.51,1126.51
2023,X10,Cultura,EQUIPAMIENTO CENTRO CULTURAL ZAZÚAR,,900.0,
2023,X10,Cultura,CENTRO CULTURAL ZAZUAR. SUBSANACIÓN DEFICIENCIAS DE LA INSTALACIÓN ELÉCTRICA,,16516.7,16255.01
2023,X10,Cultura,CENTRO CULTURAL ZAZUAR. OBRAS DE MEJORA DE LA ACCESIBILIDAD EN EL SALÓN DE ACTOS,,2220.31,2141.9
2023,X14,Sectores productivos,,,153728.18,153727.45
2023,X14,Sectores productivos,MERCADO DE VILLA DE VALLECAS. OBRAS DE SUBSANACIÓN DE PATOLOGÍAS,,3728.18,3728.18
2023,X14,Sectores productivos,FACTORÍA INDUSTRIAL VILLA DE VALLECAS. CONSTRUCCIÓN,,150000.0,149999.27
2023,X04,Salud pública,,,29228.77,29187.29
2023,X04,Salud pública,SERVICIOS SALUBRIDAD PÚBLICA DISTRITO VILLA DE VALLECAS. EQUIPOS PARA LA ACTIVIDAD VETERINARIA,,300.0,258.52
2023,X04,Salud pública,DEPARTAMENTO DE INSPECCIÓN DE MERCAMADRID. ADQUISICIÓN MAQUINARIA,,526.35,526.35
2023,X04,Salud pública,OTRO EQUIPAMIENTO CENTRO MUNICIPAL DE SALUD COMUNITARIA DE VILLA DE VALLECAS,,26919.69,26919.69
2023,X04,Salud pública,OTRO EQUIPAMIENTO DEPARTAMENTO DE INSPECCIÓN DE MERCAMADRID,,736.16,736.16
2023,X04,Salud pública,CMSc CENTRO MUNICIPPAL DE SALUD COMUNITARIA VILLA DE VALLECAS. SEÑALIZACIÓN,,746.57,746.57
2023,X00,Inversiones de carácter general,,,24857.93,20156.81
2023,X00,Inversiones de carácter general,EDIFICIO SEDE DISTRITO VILLA DE VALLECAS. INSTALACIÓN ESCUDO DEL AYUNTAMIENTO DE MADRID,,1300.0,1249.93
2023,X00,Inversiones de carácter general,EQUIPAMIENTO SERVICIOS ADMINISTRATIVOS DEL DISTRITO DE VILLA DE VALLECAS,,6060.0,2422.42
2023,X00,Inversiones de carácter general,OBRAS DE CONSERVACIÓN DE EDIFICIOS DISTRITO VILLA DE VALLECAS,,484.26,
2023,X00,Inversiones de carácter general,EDIFICIO SEDE DISTRITO VILLA DE VALLECAS. OBRAS ADECUACIÓN SALÓN PLENOS Y VARIOS DESPACHOS,,17013.67,16484.46
2024,X01,Protección Civil y seguridad ciudadana,,,2806307.58,2430077.15
2024,X01,Protección Civil y seguridad ciudadana,NUEVA COMISARÍA INTEGRAL POLICÍA MUNICIPAL DISTRITO DE VILLA DE VALLECAS. OTRO MOBILIARIO Y ENSERES,,9059.63,9059.63
2024,X01,Protección Civil y seguridad ciudadana,NAVE PARA ALMACÉN DE BOMBEROS EN LA ATALAYUELA. CONSTRUCCIÓN,,1886994.39,1886511.75
2024,X01,Protección Civil y seguridad ciudadana,"COMPLEJO LOGÍSTICO Y PARQUE DE BOMBEROS EN LA CALLE EL REAL DE SAN VICENTE, 61. CONSTRUCCIÓN",,203551.79,144256.02
2024,X01,Protección Civil y seguridad ciudadana,UNIDAD INTEGRAL POLICÍA MUNICIPAL VILLA DE VALLECAS. TAQUILLAS,,173883.34,173883.34
2024,X01,Protección Civil y seguridad ciudadana,COMISARÍA INTEGRAL DE POLICÍA MUNICIPAL DEL DISTRITO DE VILLA DE VALLECAS. PERSIANAS VENECIANAS,,9028.71,9028.44
2024,X01,Protección Civil y seguridad ciudadana,NUEVA UNIDAD LOGÍSTICA DE BOMBEROS. OTRO MOBILIARIO Y ENSERES,,61636.34,37943.83
2024,X01,Protección Civil y seguridad ciudadana,BASE 20 SAMUR-PROTECCIÓN CIVIL VILLA DE VALLECAS. OBRAS DE REFORMA,,58068.57,58056.8
2024,X01,Protección Civil y seguridad ciudadana,ANTIGUA UNIDAD POLICÍA MUNICIPAL VILLA DE VALLECAS. DEMOLICIÓN Y REFORMA APARCAMIENTO PARCELA,,404084.81,111337.34
2024,X11,"Deportes, juventud y esparcimiento",,,2561046.74,2484586.7
2024,X11,"Deportes, juventud y esparcimiento",EQUIPAMIENTO CENTRO JUVENIL EL SITIO DE MI RECREO,,9841.75,4286.64
2024,X11,"Deportes, juventud y esparcimiento",CENTRO DEPORTIVO CERRO ALMODÓVAR. ADECUACIÓN PABELLÓN VOLEY PLAYA,,924965.83,924074.13
2024,X11,"Deportes, juventud y esparcimiento",EQUIPAMIENTO CENTRO DEPORTIVO JUAN DE DIOS ROMÁN,,8167.45,7881.6
2024,X11,"Deportes, juventud y esparcimiento",EQUIPAMIENTO CENTRO JUVENIL EL ALEPH,,3280.89,1665.54
2024,X11,"Deportes, juventud y esparcimiento",EQUIPAMIENTO CENTRO DEPORTIVO MIGUEL GUILLÉN PRIM,,5901.98,5523.51
2024,X11,"Deportes, juventud y esparcimiento",UNIDADES DEPORTIVAS PARA LA PRÁCTICA DEL RUGBY EN VILLA DE VALLECAS. CONSTRUCCIÓN,,346659.61,346659.6
2024,X11,"Deportes, juventud y esparcimiento",INSTALACIÓN DEPORTIVA BÁSICA CAMPOS DE RUGBY DE LAS LEONAS. PARABALONES Y JAULAS,,48258.0,47285.94
2024,X11,"Deportes, juventud y esparcimiento",CENTRO DEPORTIVO JUAN DE DIOS ROMÁN. INTEGRACIÓN LECTORES QR EN ATRILES DE INFORMACIÓN,,2343.76,2343.76
2024,X11,"Deportes, juventud y esparcimiento",CENTRO DEPORTIVO JUAN DE DIOS ROMÁN. SUBSANACIÓN DE PATOLOGÍAS EN PISCINA Y PISTAS DEPORTIVAS,,189515.81,176908.1
2024,X11,"Deportes, juventud y esparcimiento",CENTRO JUVENIL EL SITIO DE MI RECREO. OBRAS DE ADECUACIÓN A NORMATIVA SISTEMA ALARMA ANTI-INTRUSIÓN,,6920.13,6900.53
2024,X11,"Deportes, juventud y esparcimiento",CENTRO JUVENIL EL ALEPH. OBRAS DE ADECUACIÓN A NORMATIVA SISTEMA ALARMA ANTI-INTRUSIÓN,,3566.78,3547.18
2024,X11,"Deportes, juventud y esparcimiento","DEPORTIVO BÁSICO C/REAL DE ARGANDA, 49-57. PLACA DE REDENOMINACIÓN COMO ""TOMÁS SÁNCHEZ RUIZ ""BUBA""""",,242.0,202.72
2024,X11,"Deportes, juventud y esparcimiento",EQUIPAMIENTO NUEVAS PISTAS DE VOLEY EN EL CENTRO DEPORTIVO CERRO ALMODÓVAR,,20281.78,16843.57
2024,X11,"Deportes, juventud y esparcimiento",EQUIPAMIENTO PISCINA DE VERANO EN EL CENTRO DEPORTIVO CERRO ALMODÓVAR,,11294.94,10899.63
2024,X11,"Deportes, juventud y esparcimiento",CENTRO DEPORTIVO CERRO ALMODÓVAR. SEÑALÉTICA,,2210.0,2144.12
2024,X11,"Deportes, juventud y esparcimiento",CENTRO DEPORTIVO CERRO ALMODÓVAR. ADQUISICIÓN MATERIAL DEPORTIVO,,27600.0,23545.03
2024,X11,"Deportes, juventud y esparcimiento",OBRAS DE CONSERVACIÓN DE INSTALACIONES DEPORTIVAS DEL DISTRITO DE VILLA DE VALLECAS,,4821.11,
2024,X11,"Deportes, juventud y esparcimiento",CENTRO DEPORTIVO CERRO ALMODÓVAR. OBRAS DE ADECUACIÓN DE ZONAS DE SOMBRAS EN LAS PISCINAS DE VERANO,,56984.72,56978.84
2024,X11,"Deportes, juventud y esparcimiento",DEPORTIVO BÁSICO MINIPISTA AVENIDA CERRO MILANO. ACOMETIDA ELÉCTRICA Y OTRAS MEJORAS,,5983.46,5983.46
2024,X11,"Deportes, juventud y esparcimiento",DEPORTIVO BÁSICO MINIPISTA DE ATLETISMO EN C/PEÑARANDA DE BRACAMONTE. MEJORA PAVIMENTO,,5287.04,5163.54
2024,X11,"Deportes, juventud y esparcimiento",DEPORTIVO BÁSICO CAMPO DE FÚTBOL SANTA EUGENIA. ADECUACIÓN DE INSTALACIÓN ELÉCTRICA Y CABLEADO,,33005.31,32730.87
2024,X11,"Deportes, juventud y esparcimiento",CENTRO DEPORTIVO CERRO ALMODÓVAR. OBRAS DE CONSERVACIÓN DE LA ILUMINACIÓN EN EL PABELLÓN,,21931.05,21799.71
2024,X11,"Deportes, juventud y esparcimiento",DEPORTIVO BÁSICO PEÑARANDA DE BRACAMONTE. REPARACIÓN DE LA INSTALACIÓN ELÉCTRICA,,7246.01,7212.69
2024,X11,"Deportes, juventud y esparcimiento",DEPORTIVO BÁSICO MINIPISTA AVENIDA CERRO MILANO. REPARACIÓN DE LA INSTALACIÓN ELÉCTRICA,,19457.14,19423.82
2024,X11,"Deportes, juventud y esparcimiento",DEPORTIVO BÁSICO SKATE REAL DE ARGANDA. OBRAS DE INSTALACIÓN DE MONOLITO Y PLACA IDENTIFICATIVA,,1401.89,1388.14
2024,X11,"Deportes, juventud y esparcimiento",DEPORTIVO BÁSICO SKATE REAL DE ARGANDA. ADECUACIÓN MONOLITO CONMEMORATIVO Y ZONA PERIMETRAL,,1682.27,1617.57
2024,X11,"Deportes, juventud y esparcimiento",CENTRO DEPORTIVO CERRO ALMODÓVAR. ACONDICIONAMIENTO DE LA INSTALACIÓN DE VOLEY PLAYA,,126000.0,123446.14
2024,X11,"Deportes, juventud y esparcimiento","DEPORTIVO BÁSICO UVA DE VALLECAS, C/ MONTE DE MONTJUIC. ADECUACIÓN CERRAMIENTO EN ZONA INFANTIL",,17696.03,17558.81
2024,X11,"Deportes, juventud y esparcimiento",DEPORTIVO BÁSICO UVA DE VALLECAS. OBRAS DE REMODELACIÓN DEL PAVIMENTO Y OTRAS MEJORAS,,58500.0,58011.15
2024,X11,"Deportes, juventud y esparcimiento",DEPORTIVO BÁSICO CAMINO DE LA SUERTE. SUSTITUCIÓN CÉSPED CAMPO DE FÚTBOLY OTRAS MEJORAS,,590000.0,552560.36
2024,X06,Urbanismo,,,3206301.45,2851570.63
2024,X06,Urbanismo,SISTEMAS DE COMPENSACIÓN. PERI 14-06 SANTA LUISA INDUSTRIAL,,13934.82,13934.82
2024,X06,Urbanismo,SUELO URBANIZABLE PROGRAMADO 3.01 DESARROLLO DEL ESTE VALDECARROS,,2347897.75,2347897.1
2024,X06,Urbanismo,"COLONIA URPISA, ÁREA PREFERENTE DE IMPULSO A LA REGENERACIÓN URBANA 18.04. RENOVACIÓN",,23038.62,23038.62
2024,X06,Urbanismo,"ÁREA DE PLANEAMIENTO ESPECÍFICO 18.06 PARCELA 61, VALLECAS - LA ATALAYUELA. URBANIZACIÓN",,33423.5,
2024,X06,Urbanismo,OBRAS DE URBANIZACIÓN ESPACIOS INTERBLOQUE PLAN ESPECIAL COLONIA URPISA,,277945.0,
2024,X06,Urbanismo,ÁMBITO CERRO ALMODÓVAR. EJECUCIÓN DEL BOSQUE METROPOLITANO,,341034.26,297752.32
2024,X06,Urbanismo,INTERVENCIÓN ARQUEOLÓGICA CASA PEÓN Y CUARTA ESCLUSA CANAL MANZANARES. OBRAS AUXILIARES DEL BOSQUE,,169027.5,168947.77
2024,X09,Medio ambiente,,,20823984.32,14692329.75
2024,X09,Medio ambiente,NUEVA PLANTA DE MATERIA ORGÁNICA EN EL PARQUE TECNOLÓGICO DE VALDEMINGÓMEZ,,13851994.59,13777260.08
2024,X09,Medio ambiente,CANTÓN DE LIMPIEZA DEL DISTRITO VILLA DE VALLECAS. ACOMETIDA DE AGUA REGENERADA,,138580.82,138580.81
2024,X09,Medio ambiente,FUENTES BEBEDERO EN EL DISTRITO VILLA DE VALLECAS. INSTALACIÓN,,24958.07,24957.33
2024,X09,Medio ambiente,CENTRO DE TRATAMIENTO  LAS DEHESAS. SISTEMAS DE DESODORIZACIÓN,,6265820.59,234770.19
2024,X09,Medio ambiente,PLANTACIONES ARBÓREAS EN PARQUES DISTRITO DE VILLA DE VALLECAS. MEJORA ESTÉTICA Y MEDIO AMBIENTAL,,2627.55,2627.55
2024,X09,Medio ambiente,"MARGEN IZQUIERDO RIO MANZANARES, ENFRENTE ESTANQUE TORMENTAS BUTARQUE. OBRAS ESTABILIZACIÓN TALUDES",,39300.0,39287.59
2024,X09,Medio ambiente,ALIVIADEROS DE LOS ESTANQUES DE TORMENTAS DE ABROÑIGALES Y LA GAVIA. ADECUACIÓN Y ACONDICIONAMIENTO,,78502.97,72839.84
2024,X09,Medio ambiente,"ZONAS VERDES ENSANCHE DE VALLECAS. CAMINOS, ZONAS ESTANCIALES Y OTRAS MEJORAS(ID 21: 17461)",,25000.0,24958.25
2024,X09,Medio ambiente,ZONA VERDE INTERBLOQUES C/VILLAR DEL OLMO. REMODELACIÓN INTEGRAL,,55090.47,55090.47
2024,X09,Medio ambiente,EQUIPOS RECARGA VEHÍCULOS ELÉCTRICOS EN EDIFICIO COORDINACIÓN GENERAL ALCALDÍA CAMINO DE HORMIGUERAS,,2696.04,2696.04
2024,X09,Medio ambiente,ENERGÍAS RENOVABLES. INSTALACIÓN FOTOVOLTAICA EN EL CENTRO DE MAYORES SANTA EUGENIA,,1549.61,
2024,X09,Medio ambiente,"ACONDICIONAMIENTO DEPÓSITO AGUA REGENERADA, REDES RIEGO Y AJARDINAMIENTO PARQUE DE LA ATALAYUELA",,30732.23,30732.23
2024,X09,Medio ambiente,REPOBLACIÓN CON ESPECIES ARBÓREAS FORESTALES EN DIVERSAS PARCELAS DEL DISTRITO DE VILLA DE VALLECAS,,2131.38,2131.38
2024,X09,Medio ambiente,"ZONA VERDE EN EL CAMINO DE LOS TALLERES, CASCO HISTÓRICO VILLA DE VALLECAS. OBRAS DE REMODELACIÓN",,145000.0,142342.71
2024,X09,Medio ambiente,ZONA VERDE CALLE MILMARCOS. OBRAS DE REMODELACIÓN,,160000.0,144055.28
2024,X07,Infraestructuras,,,5081009.4,4339839.06
2024,X07,Infraestructuras,CAMPUS SUR UNIVERSIDAD POLITÉCNICA DE MADRID Y ENTORNOS ESCOLARES VALLECAS. ZONAS DE BAJAS EMISIONES,,1311009.4,684087.33
2024,X07,Infraestructuras,PASO INFERIOR BAJO LÍNEA FERROCARRIL POLÍGONO INDUSTRIAL VILLA DE VALLECAS. DESDOBLAMIENTO,,1070000.0,955793.31
2024,X07,Infraestructuras,CARRETERA DE VALDECARROS. ADECUACIÓN DE VIALES,,2700000.0,2699958.42
2024,X08,Mantenimiento urbano,,,2114146.73,2078576.37
2024,X08,Mantenimiento urbano,"POLÍGONO INDUSTRIAL CAMINO DE HORMIGUERAS, VILLA DE VALLECAS. OBRAS DE PAVIMENTACIÓN Y MEJORA",,324745.44,324675.83
2024,X08,Mantenimiento urbano,PLAN CAMINO ESCOLAR SEGURO C/ PUENTELARRA. ADECUACIÓN VÍAS PÚBLICAS,,8291.39,8291.39
2024,X08,Mantenimiento urbano,"RECINTO FERIAL SIERRA GORDA, DISTRITO VILLA DE VALLECAS. OBRAS DE REMODELACIÓN INTEGRAL",,500.0,250.83
2024,X08,Mantenimiento urbano,CALLE CERRO ALMODÓVAR. MEJORA Y REHABILITACIÓN DE CALZADAS,,18592.05,18592.05
2024,X08,Mantenimiento urbano,CARRETERA DE ACCESO AL VERTEDERO DE VALDEMINGÓMEZ. OBRAS DE ADECUACIÓN VIALES,,129241.53,129241.53
2024,X08,Mantenimiento urbano,CASCO HISTÓRICO VILLA DE VALLECAS. OBRAS DE RENOVACIÓN Y REGENERACIÓN PLAZA MILMARCOS,,327136.16,327136.16
2024,X08,Mantenimiento urbano,"AVENIDA SANTA AUGENIA Y OTRAS, DISTRITO DE VILLA DE VALLECAS. MEJORA DE LAS CONDICIONES DE RODADURA",,377564.23,377564.23
2024,X08,Mantenimiento urbano,ITINERARIOS PEATONALES Y CARRILES BICI PARA CONEXIÓN CICLISTA CON ANILLO VERDE EN VILLA DE VALLECAS,,731604.0,697997.16
2024,X08,Mantenimiento urbano,Cº POZO DEL TÍO RAIMUNDO ENTRE AV.ENTREVÍAS Y PASO INFERIOR FERROCARRIL VILLA DE VALLECAS. MEJORAS,,119621.93,119621.68
2024,X08,Mantenimiento urbano,RECINTO FERIAL VILLA DE VALLECAS. OBRAS DE EJECUCIÓN NUEVO POZO PARA DESAGÜE Y ACOMETIDA DE AGUA,,5000.0,4975.5
2024,X08,Mantenimiento urbano,ESTRUCTURA DE VAGÓN DE FERROCARRIL EN C/SIERRA GORDA. OBRAS DE ADECUACIÓN,,2350.0,2138.73
2024,X08,Mantenimiento urbano,DIVERSAS CALLES UVA VILLA DE VALLECAS. REMODELACIÓN PAVIMENTACIÓN DE ACERAS,,56550.0,56476.87
2024,X08,Mantenimiento urbano,RECINTO FERIAL VILLA DE VALLECAS. CIMENTACIONES PARA ALUMBRADO ORNAMENTAL,,12950.0,11614.41
2024,X03,Protección y promoción social,,,494375.18,447283.65
2024,X03,Protección y promoción social,CASA DE FAMILIA VILLA DE VALLECAS. CONSTRUCCIÓN,,350000.0,349567.93
2024,X03,Protección y promoción social,EQUIPAMIENTO DEL ESPACIO DE IGUALDAD MARÍA MOLINER,,1387.39,
2024,X03,Protección y promoción social,EQUIPAMIENTO CENTRO DE ACOGIDA DE CAMPAÑA DE FRÍO VILLA DE VALLECAS,,5184.73,5184.73
2024,X03,Protección y promoción social,EQUIPAMIENTO CENTRO DE EMERGENCIA TEMPORAL LAS CARACOLAS,,3479.46,3479.46
2024,X03,Protección y promoción social,CENTRO DE DÍA VILLA DE VALLECAS. OBRAS DE ADECUACIÓN DE ESPACIOS,,3584.43,3519.75
2024,X03,Protección y promoción social,CENTRO DE MAYORES VILLA DE VALLECAS. OBRAS DE ADECUACIÓN A NORMATIVA SISTEMA ALARMA DE INTRUSIÓN,,4430.84,4046.59
2024,X03,Protección y promoción social,CENTRO DE MAYORES SANTA EUGENIA. OBRAS DE ADECUACIÓN A NORMATIVA SISTEMA ALARMA DE INTRUSIÓN,,4094.06,4074.46
2024,X03,Protección y promoción social,CENTRO DE MAYORES SANTA EUGENIA. OBRAS DE ADECUACIÓN DE ASEOS,,41450.99,40703.12
2024,X03,Protección y promoción social,CENTRO DE MAYORES VILLA DE VALLECAS. OBRAS DE ADECUACIÓN DE ASEO,,10748.78,9448.17
2024,X03,Protección y promoción social,EQUIPAMIENTO AGENCIA DE ZONA MERCAMADRID PARA POLÍTICAS ACTIVAS DE EMPLEO,,8361.6,8361.6
2024,X03,Protección y promoción social,EQUIPAMIENTO AGENCIA DE ZONA VILLA DE VALLECAS PARA POLÍTICAS ACTIVAS DE EMPLEO,,10673.03,10673.03
2024,X03,Protección y promoción social,"OTRO EQUIPAMIENTO CENTRO DE FORMACIÓN PARA LA MUJER, C/ HUELGA,5",,8224.81,8224.81
2024,X03,Protección y promoción social,AGENCIA DE ZONA MERCAMADRID. ADQUISICIÓN CARTELERÍA DIGITAL Y GESTOR DE CONTENIDOS,,18839.59,
2024,X03,Protección y promoción social,ESCUELA DE HOSTELERÍA SANTA EUGENIA. ADQUISICIÓN CARTELERÍA DIGITAL Y GESTOR DE CONTENIDOS,,15071.65,
2024,X03,Protección y promoción social,CENTRO FORMACIÓN PARA LA MUJER. ADQUISICIÓN DE CARTELERÍA DIGITAL Y GESTOR DE CONTENIDOS,,8843.82,
2024,X05,Educación,,,1544781.82,1460485.14
2024,X05,Educación,"EQUIPAMIENTO ESCUELA INFANTIL VILLA DE VALLECAS, C/ EMBALSE DE NAVACERRADA",,40000.0,19837.02
2024,X05,Educación,EQUIPAMIENTO ESCUELA DE MÚSICA VILLA DE VALLECAS,,8457.75,8319.8
2024,X05,Educación,EQUIPAMIENTO ESCUELA INFANTIL LA REVOLTOSA,,14539.36,13085.42
2024,X05,Educación,OBRAS DE CONSERVACIÓN EN CENTROS DOCENTES DE ENSEÑANZA DEL DISTRITO DE VILLA DE VALLECAS,,1382.46,
2024,X05,Educación,EQUIPAMIENTO ESCUELA INFANTIL SOBRINOS DEL CAPITÁN GRANT,,19784.71,17806.24
2024,X05,Educación,"COLEGIO PÚBLICO EL QUIJOTE. OBRAS ADECUACIÓN PUERTA DE CARRUAJES, ESCALERA Y OTRAS DE CONSERVACIÓN",,37288.94,37196.81
2024,X05,Educación,COLEGIO PÚBLICO JUAN GRIS. OBRAS DE CONSERVACIÓN DE INSTALACIÓN ELÉCTRICA,,24194.5,24016.91
2024,X05,Educación,COLEGIO PÚBLICO AGUSTÍN RODRÍGUEZ SAHAGÚN. OBRAS DE CONSERVACIÓN DE INSTALACIÓN ELÉCTRICA,,9815.42,9340.96
2024,X05,Educación,COLEGIO PÚBLICO JOSÉ DE ECHEGARAY. OBRAS DE CONSERVACIÓN EN CARPINTERÍA EXTERIOR,,6121.18,5821.25
2024,X05,Educación,COLEGIO PÚBLICO AGUSTÍN RODRÍGUEZ SAHAGÚN. OBRAS ADECUACIÓN A NORMATIVA DE INSTALACIÓN ANTINTRUSIÓN,,14890.59,14663.47
2024,X05,Educación,COLEGIO PÚBLICO JUAN DE HERRERA. OBRAS DE ADECUACIÓN A NORMATIVA DE LA INSTALACIÓN ANTINTRUSIÓN,,8776.88,7634.05
2024,X05,Educación,COLEGIO PÚBLICO JUAN GRIS. OBRAS DE ADECUACIÓN A NORMATIVA DE LA INSTALACIÓN ANTINTRUSIÓN,,13067.63,12211.62
2024,X05,Educación,ESCUELA INFANTIL LA REVOLTOSA. OBRAS DE MEJORA Y CONSERVACIÓN,,4395.35,4095.42
2024,X05,Educación,"ESCUELA INFANTIL JOSÉ GÓMEZ GIL. OBRAS DE ADECUACIÓN ZONAS SOMBRA, ADAPTACIÓN A NORMATIVA Y OTRAS",,72103.97,70505.23
2024,X05,Educación,"COLEGIO PÚBLICO ANGEL NIETO. OBRAS DE CONSERVACIÓN INSTALACIÓN ELÉCTRICA, PUERTA CARRUAJES Y OTRAS",,11589.43,11334.6
2024,X05,Educación,COLEGIO PÚBLICO EL QUIJOTE. OBRAS DE CONSERVACIÓN DE INSTALACIÓN ELÉCTRICA,,30374.67,30096.12
2024,X05,Educación,COLEGIO PÚBLICO JUAN GRIS. SUSTITUCIÓN DE LUMINARIAS DEL PABELLÓN DE COCINA,,15998.98,15772.04
2024,X05,Educación,COLEGIO PÚBLICO CIUDAD DE VALENCIA. DIVERSAS OBRAS DE ACONDICIONAMIENTO,,350000.0,319003.29
2024,X05,Educación,CENTROS DOCENTES DISTRITO DE VILLA DE VALLECAS.RENOVACIÓN INSTALACIONES Y ADECUACIÓN DE ESPACIOS,,19031.04,
2024,X05,Educación,"COLEGIO PÚBLICO FRANCISCO FATOU. ADECUACIÓN SANEAMIENTO, CALEFACCIÓN, PATIO EXTERIOR Y OTRAS",,199998.18,199939.38
2024,X05,Educación,"COLEGIO PÚBLICO JUAN GRIS. ADECUACIÓN SANEAMIENTO, COCINA, ASEOS, LUMINARIAS Y OTRAS ACTUACIONES",,188192.52,187187.85
2024,X05,Educación,"COLEGIO PÚBLICO AGUSTÍN RODRÍGUEZ SAHAGÚN. ADECUACIÓN SANEAMIENTO, FACHADA, CERRAMIENTO Y OTRAS",,200501.67,200325.24
2024,X05,Educación,ESCUELA INFANTIL LA REVOLTOSA. ACONDICIONAMIENTO CARPINTERÍA EXTERIOR Y PARAMENTOS,,96603.62,96342.9
2024,X05,Educación,"ESCUELA INFANTIL LOS SOBRINOS CAPITÁN GRANT. MEJORA CARPINTERÍAS, PARAMENTOS Y ZONA EXTERIOR",,145672.97,145496.54
2024,X05,Educación,ESCUELA DE MÚSICA DEL DISTRITO DE VILLA DE VALLECAS. OBRAS DE ACONDICIONAMIENTO ZONA DE ACCESO,,12000.0,10452.98
2024,X10,Cultura,,,3675661.51,3674677.52
2024,X10,Cultura,BIBLIOTECA-CENTRO CULTURAL VILLA DE VALLECAS. CONSTRUCCION,,3642850.09,3642849.41
2024,X10,Cultura,EQUIPAMIENTO BIBLIOTECA PÚBLICA GERARDO DIEGO,,242.0,242.0
2024,X10,Cultura,EQUIPAMIENTO CENTRO CULTURAL FRANCISCO FATOU,,6400.0,6341.54
2024,X10,Cultura,BIBLIOTECA PÚBLICA GERARDO DIEGO. SEÑALÉTICA EXTERIOR,,2208.76,2208.76
2024,X10,Cultura,BIBLIOTECA PÚBLICA GERARDO DIEGO. SEÑALÉTICA,,4611.78,4611.78
2024,X10,Cultura,CENTRO CULTURAL FRANCISCO FATOU. OBRAS DE ADECUACIÓN A NORMATIVA SISTEMA ALARMA ANTI-INTRUSIÓN,,4365.74,4332.42
2024,X10,Cultura,BIBLIOTECA MUNICIPAL GERARDO DIEGO. OBRAS DE ADECUACIÓN A NORMATIVA SISTEMA ALARMA ANTI-INTRUSIÓN,,5486.5,4841.97
2024,X10,Cultura,BIBLIOTECA MUNICIPAL GERARDO DIEGO. OBRAS DE SUBSANACIÓN DE LA INSTALACIÓN ELÉCTRICA,,7900.49,7796.59
2024,X10,Cultura,BIBLIOTECA MUNICIPAL GERARDO DIEGO. OBRAS DE ADECUACIÓN DEL TEATRO,,1596.15,1453.05
2024,X14,Sectores productivos,,,4750000.12,4749999.93
2024,X14,Sectores productivos,FACTORÍA INDUSTRIAL VILLA DE VALLECAS. CONSTRUCCIÓN,,4750000.12,4749999.93
2024,X04,Salud pública,,,58589.24,57148.58
2024,X04,Salud pública,DEPARTAMENTO DE INSPECCIÓN DE MERCAMADRID. ADQUISICIÓN MAQUINARIA,,1531.88,1531.88
2024,X04,Salud pública,EQUIPAMIENTO CMSc CENTRO MUNICIPAL DE SALUD COMUNITARIA VILLA DE VALLECAS,,2986.71,2986.71
2024,X04,Salud pública,EQUIPAMIENTO SERVICIOS SALUBRIDAD PÚBLICA DISTRITO VILLA DE VALLECAS,,477.64,477.51
2024,X04,Salud pública,CENTRO REDUCCIÓN DEL DAÑO PARA PERSONAS CON ADICCIONES EN CAÑADA REAL. MAQUINARIA,,1719.71,1719.71
2024,X04,Salud pública,CMSc CENTRO MUNICIPPAL DE SALUD COMUNITARIA VILLA DE VALLECAS. INSTALACIONES TÉCNICAS,,1750.62,400.51
2024,X04,Salud pública,CMSc CENTRO MUNICIPPAL DE SALUD COMUNITARIA VILLA DE VALLECAS. ADQUISICIÓN MAQUINARIA,,1951.73,1951.73
2024,X04,Salud pública,CENTRO MUNICIPAL DE SALUD COMUNITARIA VILLA DE VALLECAS. OBRAS DE REFORMA,,48170.95,48080.53
2024,X00,Inversiones de carácter general,,,98011.42,87386.67
2024,X00,Inversiones de carácter general,OBRAS DE CONSERVACIÓN DE EDIFICIOS DEL DISTRITO DE VILLA DE VALLECAS,,1596.42,
2024,X00,Inversiones de carácter general,EDIFICIO SEDE DEL DISTRITO DE VILLA DE VALLECAS. OBRAS DE CONSERVACIÓN,,1505.79,1073.75
2024,X00,Inversiones de carácter general,SALÓN DE PLENOS DEL DISTRITO DE VILLA DE VALLECAS. EQUIPOS AUDIOVISUALES,,76026.64,67945.61
2024,X00,Inversiones de carácter general,EDIFICIO SEDE DEL DISTRITO DE VILLA DE VALLECAS. ADECUACIÓN DE ASEO,,2518.9,2415.0
2024,X00,Inversiones de carácter general,EQUIPAMIENTO DE LOS SERVICIOS ADMINISTRATIVOS DEL DISTRITO DE VILLA DE VALLECAS,,16363.67,15952.31
2024,X12,Otros bienes públicos de carácter social,,,1080.89,173.9
2024,X12,Otros bienes públicos de carácter social,EQUIPAMIENTO OFICINA DE ATENCIÓN AL CIUDADANO LÍNEA MADRID DE VILLA DE VALLECAS,,971.99,65.0
2024,X12,Otros bienes públicos de carácter social,OFICINA DE ATENCIÓN A LA CIUDADANÍA LÍNEA MADRID DE VILLA DE VALLECAS. SEÑALIZACIÓN,,108.9,108.9
2025,X01,Protección Civil y seguridad ciudadana,,,1145527.0,1120879.02
2025,X01,Protección Civil y seguridad ciudadana,"COMPLEJO LOGÍSTICO Y PARQUE DE BOMBEROS EN LA CALLE EL REAL DE SAN VICENTE, 61. CONSTRUCCIÓN",,73565.69,55169.42
2025,X01,Protección Civil y seguridad ciudadana,NUEVA UNIDAD LOGÍSTICA DE BOMBEROS. OTRO MOBILIARIO Y ENSERES,,64041.34,64041.34
2025,X01,Protección Civil y seguridad ciudadana,BASE 20 SAMUR-PROTECCIÓN CIVIL VILLA DE VALLECAS. OBRAS DE REFORMA,,5555.15,5555.15
2025,X01,Protección Civil y seguridad ciudadana,ANTIGUA UNIDAD POLICÍA MUNICIPAL VILLA DE VALLECAS. DEMOLICIÓN Y REFORMA APARCAMIENTO PARCELA,,908330.06,908318.91
2025,X01,Protección Civil y seguridad ciudadana,"EQUIPAMIENTO DEPENDENCIAS ALMACÉN VESTUARIO POLICÍA MUNICIPAL, CALLE REAL DE SAN VICENTE, 8",,58515.6,53243.99
2025,X01,Protección Civil y seguridad ciudadana,EQUIPAMIENTO COMISARÍA INTEGRAL POLICÍA MUNICIPAL DEL DISTRITO DE VILLA DE VALLECAS,,7128.26,6159.31
2025,X01,Protección Civil y seguridad ciudadana,COMISARÍA INTEGRAL DISTRITO VILLA DE VALLECAS. SEÑALIZACIÓN EXTERIOR,,28390.9,28390.9
2025,X11,"Deportes, juventud y esparcimiento",,,1288684.67,1275161.82
2025,X11,"Deportes, juventud y esparcimiento",EQUIPAMIENTO CENTRO JUVENIL EL ALEPH,,818.75,818.75
2025,X11,"Deportes, juventud y esparcimiento",EQUIPAMIENTO CENTRO DEPORTIVO CERRO ALMODÓVAR,,4415.36,4403.63
2025,X11,"Deportes, juventud y esparcimiento",OBRAS DE CONSERVACIÓN DE INSTALACIONES DEPORTIVAS DEL DISTRITO VILLA DE VALLECAS,,45.64,
2025,X11,"Deportes, juventud y esparcimiento",DEPORTIVO BÁSICO MINIPISTA AVENIDA CERRO MILANO. ACOMETIDA ELÉCTRICA Y OTRAS MEJORAS,,1114.82,32.01
2025,X11,"Deportes, juventud y esparcimiento",DEPORTIVO BÁSICO CAMPO DE RUGBY LAS LEONAS. ADQUISICIÓN DE MOBILIARIO,,2372.0,2078.87
2025,X11,"Deportes, juventud y esparcimiento",DEPORTIVO BÁSICO SANTA EUGENIA. REMODELACIÓN Y AMPLIACIÓN VESTUARIOS Y ACERAS PERIMETRALES,,975000.0,963782.23
2025,X11,"Deportes, juventud y esparcimiento",CENTRO DEPORTIVO JUAN DE DIOS ROMÁN. PULSERAS ELECTRÓNICAS PARA ACCESO,,18148.0,18147.94
2025,X11,"Deportes, juventud y esparcimiento",CENTRO DEPORTIVO CERRO ALMODÓVAR. CERRAMIENTO PERIMETRAL PARA PISTA VOLEY PLAYA,,8409.5,8409.5
2025,X11,"Deportes, juventud y esparcimiento",CENTRO DEPORTIVO CERRO ALMODÓVAR. INSTALACIÓN DE PLACA CONMEMORATIVA DEL CINCUENTENARIO,,949.64,901.63
2025,X11,"Deportes, juventud y esparcimiento",INSTALACIÓN DEPORTIVA BÁSICA AVENIDA DEL ENSANCHE DE VALLECAS. ADECUACIÓN DEL VALLADO PERIMETRAL,,4988.48,4988.48
2025,X11,"Deportes, juventud y esparcimiento",INSTALACIÓN DEPORTIVA BÁSICA UVA DE VALLECAS. OBRAS DE AMPLIACION DEL VALLADO PERIMETRAL,,3387.85,3387.85
2025,X11,"Deportes, juventud y esparcimiento",INSTALACIÓN DEPORTIVA BÁSICA ALTO DEL RETIRO. OBRAS DE SUSTITUCIÓN DE PROYECTORES POR LUMINARIAS LED,,20829.4,20829.4
2025,X11,"Deportes, juventud y esparcimiento",INSTALACIÓN DEPORTIVA BÁSICA PEÑARANDA BRACAMONTE. OBRAS SUSTITUCIÓN PROYECTORES POR LUMINARIAS LED,,20828.74,20828.74
2025,X11,"Deportes, juventud y esparcimiento",INSTALACIÓN DEPORTIVA BÁSICA LA UNIÓN. OBRAS DE INSTALACIÓN DE REDES PARABALONES,,15841.1,15827.38
2025,X11,"Deportes, juventud y esparcimiento",DEPORTIVO BÁSICO EDUARDO CHILLIDA. OBRAS DE MEDIDAS DE PROTECCIÓN EN VALLADO,,9278.03,9278.03
2025,X11,"Deportes, juventud y esparcimiento",DEPORTIVO BÁSICO PARROQUIA SANTA EUGENIA. ADAPTACIÓN INSTALACIÓN ELÉCTRICA Y LUMINARIAS LED,,12947.91,12947.91
2025,X11,"Deportes, juventud y esparcimiento",CENTRO DEPORTIVO MIGUEL GUILLÉN PRIM. OBRAS DE ADECUACIÓN ZONAS EXTERIORES DE VESTUARIOS Y GRADAS,,41786.32,41786.32
2025,X11,"Deportes, juventud y esparcimiento",DEPORTIVO BÁSICO EMBALSE DE SAN JUAN. OBRAS DE REPARACIÓN,,4483.86,4483.86
2025,X11,"Deportes, juventud y esparcimiento",CENTRO DEPORTIVO CERRO ALMODÓVAR. ADECUACIÓN A NORMATIVA GESTIÓN SOSTENIBLE AGUA Y RIESGOS LABORALES,,18798.68,18759.03
2025,X11,"Deportes, juventud y esparcimiento",DEPORTIVO BÁSICO NUESTRA SEÑORA DE LA TORRE. OBRAS ADECUACIÓN DE CERRAMIENTO,,15647.72,15608.07
2025,X11,"Deportes, juventud y esparcimiento",CENTRO DEPORTIVO CERRO ALMODÓVAR. OBRAS ADECUACIÓN TAQUILLA ATENCIÓN PÚBLICO Y OFFICE PARA PERSONAL,,36309.08,36309.08
2025,X11,"Deportes, juventud y esparcimiento",CENTRO DEPORTIVO CERRO ALMODÓVAR. OBRAS DE SUSTITUCIÓN EQUIPOS DE CONTROL PISCINAS CLIMATIZADAS,,26322.57,26322.57
2025,X11,"Deportes, juventud y esparcimiento",CENTRO DEPORTIVO CERRO ALMODÓVAR. OBRAS DE SUSTITUCIÓN EQUIPOS DE CONTROL PISCINAS DE VERANO,,27345.33,27158.41
2025,X11,"Deportes, juventud y esparcimiento",DEPORTIVO BÁSICO PISTA SKATE EN PARQUE VALLECAS VILLA. OBRAS REPOSICIÓN VALLADO,,1591.73,1234.89
2025,X11,"Deportes, juventud y esparcimiento",DEPORTIVO BÁSICO SANTA EUGÉNIA. OBRAS DE REPOSICIÓN Y MEJORA ILUMINACIÓN DEL CAMPO DE FÚTBOL,,11188.14,11001.22
2025,X11,"Deportes, juventud y esparcimiento",CENTRO JUVENIL EL SITIO DE MI RECREO. OBRAS DE ADECUACIÓN DE LA INSTALACIÓN ELÉCTRICA,,5836.02,5836.02
2025,X06,Urbanismo,,,4742241.25,4440912.78
2025,X06,Urbanismo,SISTEMAS DE COMPENSACIÓN. PERI 14-06 SANTA LUISA INDUSTRIAL,,7548.03,7548.03
2025,X06,Urbanismo,SUELO URBANIZABLE PROGRAMADO 3.01 DESARROLLO DEL ESTE VALDECARROS,,2387597.09,2347897.1
2025,X06,Urbanismo,"ÁREA DE PLANEAMIENTO ESPECÍFICO 18.06 PARCELA 61, VALLECAS - LA ATALAYUELA. URBANIZACIÓN",,33423.5,
2025,X06,Urbanismo,OBRAS DE URBANIZACIÓN ESPACIOS INTERBLOQUE PLAN ESPECIAL COLONIA URPISA,,1499547.83,1331830.48
2025,X06,Urbanismo,ZONA VERDE ANEXA AL COLEGIO PÚBLICO EL QUIJOTE. ACTUACIONES DE RENATURALIZACIÓN,,423579.8,423579.8
2025,X06,Urbanismo,ÁMBITO CERRO ALMODÓVAR. EJECUCIÓN DEL BOSQUE METROPOLITANO,,249671.0,189184.83
2025,X06,Urbanismo,INTERVENCIÓN ARQUEOLÓGICA CASA PEÓN Y CUARTA ESCLUSA CANAL MANZANARES. OBRAS AUXILIARES DEL BOSQUE,,140874.0,140872.54
2025,X09,Medio ambiente,,,26042868.77,13521970.27
2025,X09,Medio ambiente,NUEVA PLANTA DE MATERIA ORGÁNICA EN EL PARQUE TECNOLÓGICO DE VALDEMINGÓMEZ,,6946285.85,
2025,X09,Medio ambiente,FUENTES BEBEDERO EN EL DISTRITO VILLA DE VALLECAS. INSTALACIÓN,,1038.7,327.27
2025,X09,Medio ambiente,CENTRO DE TRATAMIENTO  LAS DEHESAS. SISTEMAS DE DESODORIZACIÓN,,5683562.21,4256121.25
2025,X09,Medio ambiente,CAÑADA DEL SANTÍSIMO REHABILITACIÓN ZONAS VERDES,,955468.0,953473.63
2025,X09,Medio ambiente,ALIVIADEROS DE LOS ESTANQUES DE TORMENTAS DE ABROÑIGALES Y LA GAVIA. ADECUACIÓN Y ACONDICIONAMIENTO,,1583396.9,1468709.75
2025,X09,Medio ambiente,CENTRO DE TRATAMIENTO LA PALOMA. OBRAS DE MODERNIZACIÓN Y MEJORA,,10133335.95,6106857.33
2025,X09,Medio ambiente,"ZONAS VERDES ENSANCHE DE VALLECAS. CAMINOS, ZONAS ESTANCIALES Y OTRAS MEJORAS(ID 21: 17461)",,154620.0,154619.88
2025,X09,Medio ambiente,"ZONA VERDE COLONIA VILDA, BARRIO CASCO HISTÓRICO VILLA DE VALLECAS. OBRAS DE REMODELACIÓN",,200000.0,199575.98
2025,X09,Medio ambiente,ZONA VERDE ENTRE C/MALPICA DEL TAJO Y FUENTIDUEÑA. OBRAS DE REMODELACIÓN Y MEJORA,,30000.0,29961.61
2025,X09,Medio ambiente,"ZONA VERDE C/ PEÑA CERVERA, 6-12. REMODELACIÓN DE PARTERRES LATERALES",,80000.0,79170.73
2025,X09,Medio ambiente,ZONA VERDE ENTRE C/CARRASCA Y PUERTO LUMBRALES. OBRAS DE REMODELACIÓN Y MEJORA,,75000.0,73908.57
2025,X09,Medio ambiente,ENERGÍAS RENOVABLES. INSTALACIÓN FOTOVOLTAICA EN EL CENTRO DE MAYORES SANTA EUGENIA,,63813.94,63813.94
2025,X09,Medio ambiente,ENERGÍAS RENOVABLES. INSTALACIÓN FOTOVOLTAICA EN EL CENTRO DEPORTIVO CERRO ALMODÓVAR,,81518.12,81518.12
2025,X09,Medio ambiente,EQUIPOS RECARGA VEHÍCULOS ELÉCTRICOS EN DISTRITO DE VILLA DE VALLECAS. MEJORA INSTALACIONES,,7139.99,6561.76
2025,X09,Medio ambiente,"ESCUELA INFANTIL JOSÉ GÓMEZ GIL, VILLA VALLECAS.OBRAS REFORMA, NATURALIZACIÓN Y ADAPTACIÓN CLIMÁTICA",,47689.11,47350.45
2025,X07,Infraestructuras,,,8188038.83,7845307.24
2025,X07,Infraestructuras,CAMPUS SUR UNIVERSIDAD POLITÉCNICA DE MADRID Y ENTORNOS ESCOLARES VALLECAS. ZONAS DE BAJAS EMISIONES,,3685757.69,3525966.95
2025,X07,Infraestructuras,CARRETERA DE VALDECARROS. ADECUACIÓN DE VIALES,,4002281.14,3820078.68
2025,X07,Infraestructuras,CARRETERA DE VALDECARROS. OBRAS DE PROLONGACIÓN,,500000.0,499261.61
2025,X08,Mantenimiento urbano,,,4882781.35,4412083.66
2025,X08,Mantenimiento urbano,"POLÍGONO INDUSTRIAL CAMINO DE HORMIGUERAS, VILLA DE VALLECAS. OBRAS DE PAVIMENTACIÓN Y MEJORA",,113733.78,113733.78
2025,X08,Mantenimiento urbano,ENTORNO MERCADO VILLA DE VALLECAS. OBRAS DE ACONDICIONAMIENTO NUEVA PLAZA URBANA,,82000.0,82000.0
2025,X08,Mantenimiento urbano,"IFS-CALLE SIERRA DE TORNAVACAS, DISTRITO DE VILLA DE VALLECAS. MEJORA DE LAS CONDICIONES DE RODADURA",,215382.18,208942.36
2025,X08,Mantenimiento urbano,PASEO FEDERICO GARCÍA LORCA. OBRAS DE ACCESIBILIDAD UNIVERSAL Y REHABILITACIÓN PAVIMENTACIÓN,,1362624.73,1000881.08
2025,X08,Mantenimiento urbano,CASCO HISTÓRICO VILLA DE VALLECAS. OBRAS DE RENOVACIÓN Y REGENERACIÓN PLAZA MILMARCOS,,340323.44,340323.44
2025,X08,Mantenimiento urbano,ITINERARIOS PEATONALES Y CARRILES BICI PARA CONEXIÓN CICLISTA CON ANILLO VERDE EN VILLA DE VALLECAS,,7242.13,7242.13
2025,X08,Mantenimiento urbano,Cº POZO DEL TÍO RAIMUNDO ENTRE AV.ENTREVÍAS Y PASO INFERIOR FERROCARRIL VILLA DE VALLECAS. MEJORAS,,1267494.63,1267489.63
2025,X08,Mantenimiento urbano,ÁREAS INFANTILES INTEGRACIÓN DISTRITO VILLA VALLECAS. TRANSFORMACIÓN E INSTALACIÓN (ID 21: 17328),,74126.37,74126.37
2025,X08,Mantenimiento urbano,"CALLE PEÑA CAVERO, DISTRITO DE VILLA DE VALLECAS. MEJORA DE LAS CONDICIONES DE RODADURA",,207426.19,196657.77
2025,X08,Mantenimiento urbano,"IFS-CALLE PUENTELARRA, DISTRITO VILLA DE VALLECAS. MEJORA DE LAS CONDICIONES DE RODADURA",,339584.21,296968.78
2025,X08,Mantenimiento urbano,"IFS-POLÍGONO INDUSTRIAL CAMINO DE HORMIGUERAS, VILLA DE VALLECAS. RENOVACIÓN ACERAS CALLES TRANSVERSALES",,820365.69,771653.57
2025,X08,Mantenimiento urbano,ACERAS BARRIO DE SANTA EUGENIA. ACONDICIONAMIENTO PARA ELIMINACIÓN DE BARRERAS ARQUITECTÓNICAS,,52478.0,52064.75
2025,X03,Protección y promoción social,,,3657468.31,3633558.21
2025,X03,Protección y promoción social,EQUIPAMIENTO CENTRO DE MAYORES VILLA DE VALLECAS,,2058.11,2004.97
2025,X03,Protección y promoción social,EQUIPAMIENTO CENTRO DE MAYORES SANTA EUGENIA,,13487.82,13487.82
2025,X03,Protección y promoción social,CASA DE FAMILIA VILLA DE VALLECAS. CONSTRUCCIÓN,,3290301.43,3268069.75
2025,X03,Protección y promoción social,EQUIPAMIENTO DEL ESPACIO DE IGUALDAD MARÍA MOLINER,,1444.01,1444.0
2025,X03,Protección y promoción social,AGENCIA DE ZONA MERCAMADRID. ADQUISICIÓN CARTELERÍA DIGITAL Y GESTOR DE CONTENIDOS,,15255.54,15255.54
2025,X03,Protección y promoción social,ESCUELA DE HOSTELERÍA SANTA EUGENIA. ADQUISICIÓN CARTELERÍA DIGITAL Y GESTOR DE CONTENIDOS,,225309.0,225309.0
2025,X03,Protección y promoción social,CENTRO FORMACIÓN PARA LA MUJER. ADQUISICIÓN DE CARTELERÍA DIGITAL Y GESTOR DE CONTENIDOS,,24217.53,24217.53
2025,X03,Protección y promoción social,EQUIPAMIENTO CENTRO DE ACOGIDA EL VIVERO,,19032.17,19032.17
2025,X03,Protección y promoción social,CENTRO DE MAYORES VILLA DE VALLECAS. OBRAS DE INSTALACIÓN DE PUERTA AUTOMÁTICA Y CIERRE,,9763.36,9763.36
2025,X03,Protección y promoción social,CENTRO DE MAYORES SANTA EUGENIA. OBRAS INSTALACIÓN PUERTA AUTOMÁTICA Y REFORMA INSTALACIÓN GAS,,18930.33,18930.33
2025,X03,Protección y promoción social,CENTRO DE MAYORES VILLA DE VALLECAS. OBRAS DE ADECUACIÓN DE LA INSTALACIÓN ELÉCTRICA,,15822.12,15817.93
2025,X03,Protección y promoción social,EQUIPAMIENTO CENTRO DE SERVICIOS SOCIALES MARÍA DE ECHARRI Y MARTÍNEZ,,120.0,119.0
2025,X03,Protección y promoción social,CENTRO VALLECAS VIVERISMO AGENCIA PARA EL EMPLEO. INSTALACIÓN UMBRÁCULO,,15229.19,15227.85
2025,X03,Protección y promoción social,"EQUIPAMIENTO ESCUELA DE HOSTELERÍA SANTA EUGENIA,C/VIRGEN DE LAS VIÑAS,16",,3472.7,3472.7
2025,X03,Protección y promoción social,EQUIPAMIENTO AGENCIA DE PROXIMIDAD EN MERCAMADRID.,,3025.0,1406.26
2025,X05,Educación,,,1293911.28,1162773.53
2025,X05,Educación,EQUIPAMIENTO ESCUELA DE MÚSICA VILLA DE VALLECAS,,3107.84,3107.84
2025,X05,Educación,COLEGIO PÚBLICO EL QUIJOTE. OBRAS DE CONSERVACIÓN,,10616.25,10616.25
2025,X05,Educación,COLEGIO PÚBLICO LOYOLA DE PALACIO. OBRAS DE CONSERVACIÓN,,3390.19,3378.43
2025,X05,Educación,OBRAS DE CONSERVACIÓN EN CENTROS DOCENTES DE ENSEÑANZA DEL DISTRITO DE VILLA DE VALLECAS,,1747.02,
2025,X05,Educación,ESCUELA INFANTIL LOS HIJOS DEL CAPITÁN GRANT. SEÑALIZACIÓN,,401.72,401.72
2025,X05,Educación,ESCUELA INFANTIL LA REVOLTOSA. SEÑALIZACIÓN,,401.72,401.72
2025,X05,Educación,COLEGIO PÚBLICO JOSÉ DE ECHEGARAY. OBRAS DE CONSERVACIÓN Y MEJORA,,6499.54,6499.54
2025,X05,Educación,COLEGIO PÚBLICO HONDURAS. OBRAS DE INSTALACIÓN DE SOLADOS EN COMEDOR,,6901.92,6901.92
2025,X05,Educación,COLEGIO PÚBLICO CIUDAD DE VALENCIA. OBRAS DE ADECUACIÓN DE LA INSTALACIÓN ANTIINTRUSIÓN,,19557.2,19557.2
2025,X05,Educación,COLEGIO PÚBLICO FRANCISCO FATÓU. OBRAS DE ADECUACIÓN DEL PATIO,,20884.86,20884.86
2025,X05,Educación,COLEGIO PÚBLICO LOYOLA DE PALACIO. ADECUACIÓN DE LA INSTALACIÓN ELÉCTRICA,,25330.79,25330.79
2025,X05,Educación,ESCUELA INFANTIL LOS SOBRINOS DEL CAPITÁN GRANT. OBRAS CONSERVACIÓN INSTALACIÓN ELÉCTRICA,,4860.42,4860.42
2025,X05,Educación,COLEGIO PÚBLICO AGUSTIN RODRÍGUEZ SAHAGÚN. OBRAS DE MEJORA DE VESTUARIOS Y ALMACÉN,,40211.81,39171.25
2025,X05,Educación,"IFS-COLEGIO PÚBLICO JUAN GRIS. ADAPTACIÓN NORMATIVA, CERRAJERÍA Y OTRAS DE CONSERVACIÓN",,350000.0,324222.0
2025,X05,Educación,"IFS-COLEGIO PÚBLICO BLAS DE OTERO. ADAPTACIÓN ASEOS, INSTALACIONES Y OTRAS DE CONSERVACIÓN",,350000.0,271175.69
2025,X05,Educación,"IFS-COLEGIO PÚBLICO HONDURAS. SUSTITUCIÓN LUMINARIAS POR LED, CONSERVACIÓN PARAMENTOS Y OTRAS",,350000.0,333376.46
2025,X05,Educación,IFS-COLEGIO PÚBLICO AGUSTÍN RODRÍGUEZ SAHAGÚN. CONSERVACIÓN GIMNASIO Y VESTUARIOS Y ACCESIBILIDAD,,100000.0,92887.44
2025,X10,Cultura,,,4869499.75,4858808.44
2025,X10,Cultura,BIBLIOTECA-CENTRO CULTURAL VILLA DE VALLECAS. CONSTRUCCION,,4516986.5,4516896.09
2025,X10,Cultura,EQUIPAMIENTO BIBLIOTECA PÚBLICA GERARDO DIEGO,,92482.15,91035.28
2025,X10,Cultura,"EQUIPAMIENTO NUEVO CENTRO CULTURAL ENSANCHE DE VALLECAS, AV. DE LA GAVIA, 55",,202250.78,197759.59
2025,X10,Cultura,PROGRAMA COMPARTIENDO MUROS. EJECUCIÓN MURALES ARTÍSTICOS EN DISTRITO DE VILLA DE VALLECAS,,12100.0,11495.0
2025,X10,Cultura,"EQUIPAMIENTO BIBLIOTECA MUNICIPAL DE ENSANCHE DE VALLECAS, AVENIDA DE LA GAVIA, 55",,8441.25,8441.25
2025,X10,Cultura,CENTRO CULTURAL ZAZUAR. EQUIPO DE ILUMINACIÓN Y SONIDO,,15632.99,15632.99
2025,X10,Cultura,CENTRO CULTURAL ZAZUAR. OBRAS DE ADECUACIÓN DEL SALÓN DE ACTOS,,5206.88,5187.28
2025,X10,Cultura,CENTRO SOCIOCULTURAL FRANCISCO FATOU. OBRAS DE CONSERVACIÓN DE LA INSTALACIÓN ELÉCTRICA,,8354.42,8258.13
2025,X10,Cultura,"NUEVO CENTRO CULTURAL ENSANCHE DE VALLECAS, AV. DE LA GAVIA, 55. SEÑALÉTICA",,8044.78,4102.83
2025,X14,Sectores productivos,,,5626901.33,5124968.63
2025,X14,Sectores productivos,FACTORÍA INDUSTRIAL VILLA DE VALLECAS. CONSTRUCCIÓN,,5626901.33,5124968.63
2025,X04,Salud pública,,,60039.55,59990.17
2025,X04,Salud pública,DEPARTAMENTO DE INSPECCIÓN DE MERCAMADRID. ADQUISICIÓN MAQUINARIA,,4629.46,4629.46
2025,X04,Salud pública,EQUIPAMIENTO CENTRO MUNICIPAL DE SALUD COMUNITARIA VILLA DE VALLECAS,,4721.77,4674.32
2025,X04,Salud pública,EQUIPAMIENTO DEPARTAMENTO DE INSPECCIÓN DE MERCAMADRID,,1399.64,1397.71
2025,X04,Salud pública,CMSc CENTRO MUNICIPPAL DE SALUD COMUNITARIA VILLA DE VALLECAS. INSTALACIONES TÉCNICAS,,1350.11,1350.11
2025,X04,Salud pública,CENTRO MUNICIPAL DE SALUD COMUNITARIA VILLA DE VALLECAS. OBRAS DE REFORMA,,45917.55,45917.55
2025,X04,Salud pública,EQUIPAMIENTO CENTRO REDUCCIÓN DEL DAÑO PARA PERSONAS CON ADICCIÓNES CAÑADA REAL,,2021.02,2021.02
2025,X00,Inversiones de carácter general,,,47956.06,46226.17
2025,X00,Inversiones de carácter general,OBRAS DE CONSERVACIÓN DE EDIFICIOS DEL DISTRITO DE VILLA DE VALLECAS,,1647.67,
2025,X00,Inversiones de carácter general,EQUIPAMIENTO DE LOS SERVICIOS ADMINISTRATIVOS DEL DISTRITO DE VILLA DE VALLECAS,,5098.06,5068.74
2025,X00,Inversiones de carácter general,"EDIFICIO CAMINO DE HORMIGUERAS, 133. OBRAS DE INSTALACIÓN DE PUERTA CORTAFUEGOS",,2000.0,1948.1
2025,X00,Inversiones de carácter general,SERVICIOS CONCEJALÍA-PRESIDENCIA DEL DISTRITO VILLA DE VALLECAS. OTRO MOBILIARIO Y ENSERES,,120.0,119.0
2025,X00,Inversiones de carácter general,EDIFICIO SEDE DISTRITO VILLA DE VALLECAS. OBRAS DE INSTALACIÓN DE CLIMATIZACIÓN,,10121.93,10121.93
2025,X00,Inversiones de carácter general,EDIFICIO SEDE DISTRITO VILLA DE VALLECAS. OBRAS DE ADECUACIÓN DE INSTALACIÓN ELÉCTRICA,,28968.4,28968.4
2025,X12,Otros bienes públicos de carácter social,,,1953.64,1953.64
2025,X12,Otros bienes públicos de carácter social,EQUIPAMIENTO OFICINA DE ATENCIÓN AL CIUDADANO LÍNEA MADRID DE VILLA DE VALLECAS,,906.99,906.99
2025,X12,Otros bienes públicos de carácter social,OFICINA DE ATENCIÓN A LA CIUDADANÍA LÍNEA MADRID DE VILLA DE VALLECAS. SEÑALIZACIÓN,,108.9,108.9
2025,X12,Otros bienes públicos de carácter social,EQUIPAMIENTO OFICINA DE ATENCIÓN A LA CIUDADANÍA (OAC) VILLA DE VALLECAS. LÍNEA MADRID,,937.75,937.75
2026,X01,Protección Civil y seguridad ciudadana,,,510803.19,90820.33
2026,X01,Protección Civil y seguridad ciudadana,COMISARÍA INTEGRAL DISTRITO DE VILLA DE VALLECAS. MOBILIARIO OFICINA Y OTRO MOBILIARIO Y ENSERES,,1401.28,
2026,X01,Protección Civil y seguridad ciudadana,UNIDAD DE LOGÍSTICA DE BOMBEROS. ADQUISICIÓN DE ESTORES,,15959.65,15959.65
2026,X01,Protección Civil y seguridad ciudadana,"COMPLEJO LOGÍSTICO Y PARQUE DE BOMBEROS EN LA CALLE EL REAL DE SAN VICENTE, 61. CONSTRUCCIÓN",,493442.26,74860.68
2026,X11,"Deportes, juventud y esparcimiento",,,2376295.99,138855.68
2026,X11,"Deportes, juventud y esparcimiento",EQUIPAMIENTO CENTRO DEPORTIVO CERRO ALMODÓVAR,,4995.0,756.25
2026,X11,"Deportes, juventud y esparcimiento",CENTRO DEPORTIVO CERRO ALMODÓVAR. ADQUISICIÓN DE CUBO GYM,,48544.08,
2026,X11,"Deportes, juventud y esparcimiento",EQUIPAMIENTO CENTRO DE OCIO Y ASESORAMIENTO JUVENIL El ALEPH,,679.21,
2026,X11,"Deportes, juventud y esparcimiento",EQUIPAMIENTO CENTRO DE OCIO Y ASESORAMIENTO JUVENIL EL SITIO DE MI RECREO,,4622.87,
2026,X11,"Deportes, juventud y esparcimiento",OBRAS DE CONSERVACIÓN DE INSTALACIONES DEPORTIVAS DEL DISTRITO VILLA DE VALLECAS,,455.63,
2026,X11,"Deportes, juventud y esparcimiento",CENTRO DEPORTIVO CERRO ALMODÓVAR. OBRAS ADECUACIÓN BOMBAS CENTRÍFUGAS EN PISCINA OLÍMPICA,,54631.27,54631.27
2026,X11,"Deportes, juventud y esparcimiento",INSTALACIÓN DEPORTIVA BÁSICA UVA DE VALLECAS. OBRAS DE SUSTITUCION DE PROYECTORES DE LUMINARIAS,,18622.03,17940.62
2026,X11,"Deportes, juventud y esparcimiento",DEPORTIVO BÁSICO CAMPO DE FÚTBOL SANTA EUGENIA. OBRAS DE MEJORA DE VESTUARIOS,,2393.6,2393.6
2026,X11,"Deportes, juventud y esparcimiento",CENTRO DEPORTIVO CERRO ALMODÓVAR. OBRAS DE ACONDICIONAMIENTO DE ESCALERAS EN PISCINAS CLIMATIZADAS,,11527.47,
2026,X11,"Deportes, juventud y esparcimiento",INSTALACIONES DEPORTIVAS BÁSICAS PING PONG EN BARRIO ENSANCHE DE VALLECAS. CONSTRUCCIÓN,,36.08,
2026,X11,"Deportes, juventud y esparcimiento","INSTALACIÓN DEPORTIVA BÁSICA PING PONG EN AVENIDA CERRO MILANO, ENSANCHE DE VALLECAS. CONSTRUCIÓN",,24981.96,24981.96
2026,X11,"Deportes, juventud y esparcimiento","INSTALACIÓN DEPORTIVA BÁSICA PING PONG EN AVENIDA DE LAS SUERTES, ENSANCHE DE VALLECAS. CONSTRUCIÓN",,24981.96,24300.55
2026,X11,"Deportes, juventud y esparcimiento",DEPORTIVO BÁSICO EDUARDO CHILLIDA. OBRAS DE ADECUACIÓN PISTA DE PATINAJE,,75000.0,
2026,X11,"Deportes, juventud y esparcimiento",IFS-CENTRO DEPORTIVO CERRO ALMODÓVAR. OBRAS ADECUACIÓN DE INSTALACIONES Y OTRAS DE REFORMA,,600000.0,
2026,X11,"Deportes, juventud y esparcimiento",IFS-CENTRO DEPORTIVO MIGUEL GUILLÉN PRIM. OBRAS ADECUACIÓN DE INSTALACIONES Y OTRAS DE REFORMA,,500000.0,
2026,X11,"Deportes, juventud y esparcimiento",IFS-CENTRO DEPORTIVO JUAN DE DIOS ROMÁN. OBRAS REFORMA INSTALACIÓN DE SANEAMIENTO Y OTRAS,,150000.0,
2026,X11,"Deportes, juventud y esparcimiento",IFS-DEPORTIVO BÁSICO PUENTELARRA. OBRAS DE PAVIMENTACIÓN Y OTRAS MEJORAS,,80000.0,
2026,X11,"Deportes, juventud y esparcimiento",IFS-DEPORTIVO BÁSICO PARQUE VILLA DE VALLECAS. OBRAS DE PAVIMENTACIÓN Y OTRAS MEJORAS,,300000.0,
2026,X11,"Deportes, juventud y esparcimiento",IFS-DEPORTIVOS BÁSICOS CERRO MILANO Y AVDA. SUERTES. OBRAS ADECUACIÓN INSTALACIÓN ELÉCTRICA,,20000.0,
2026,X11,"Deportes, juventud y esparcimiento",IFS-DEPORTIVOS BÁSICOS CERRO MILANO Y AVDA. ENSANCHE DE VALLECAS. OBRAS REPARACIÓN VALLADOS PERIMETRALES,,30000.0,
2026,X11,"Deportes, juventud y esparcimiento",MINIPISTA ATLETISMO ENSANCHE DE VALLECAS.MEJORA ANILLO INTERIOR Y PERIMETRAL EXTERIOR (ID 24: 22359),,400000.0,
2026,X11,"Deportes, juventud y esparcimiento",CENTRO DE OCIO Y ASESORAMIENTO JUVENIL EL ALEPH. OBRAS DE REFORMA EN LA SALA DE ESPEJOS,,24824.83,13851.43
2026,X06,Urbanismo,,,3147642.72,5472.66
2026,X06,Urbanismo,SISTEMAS DE COMPENSACIÓN. PERI 14-06 SANTA LUISA INDUSTRIAL,,50000.0,
2026,X06,Urbanismo,"ÁREA DE PLANEAMIENTO ESPECÍFICO 18.06 PARCELA 61, VALLECAS - LA ATALAYUELA. URBANIZACIÓN",,33423.5,
2026,X06,Urbanismo,OBRAS DE URBANIZACIÓN ESPACIOS INTERBLOQUE PLAN ESPECIAL COLONIA URPISA,,1400000.0,5472.66
2026,X06,Urbanismo,ENTORNO DE LAS PLAZAS MARTÍNEZ OLMEDILLA Y ENRIQUE DE MESA. REGENERACIÓN URBANA,,55000.0,
2026,X06,Urbanismo,"BULEVAR GRAN VIA DEL SURESTE, DISTRITO DE VILLA DE VALLECAS. OBRAS DE REURBANIZACIÓN",,1609219.22,
2026,X09,Medio ambiente,,,10851454.22,6817350.7
2026,X09,Medio ambiente,NUEVA PLANTA DE MATERIA ORGÁNICA EN EL PARQUE TECNOLÓGICO DE VALDEMINGÓMEZ,,1318593.45,1314561.73
2026,X09,Medio ambiente,CENTRO DE TRATAMIENTO  LAS DEHESAS. SISTEMAS DE DESODORIZACIÓN,,1427441.0,
2026,X09,Medio ambiente,CENTRO DE TRATAMIENTO LA PALOMA. SISTEMAS DE DESODORIZACIÓN,,109732.5,
2026,X09,Medio ambiente,CENTROS CARGA ENERGÍA ELÉCTRICA E HIDRÓGENO VEHÍCULOS SIN EMISIONES. DISTRITO VILLA DE VALLECAS,,52191.86,
2026,X09,Medio ambiente,DISPOSITIVOS PULVERIZADORES EN LA PLAZA DE MILMARCOS. NATURALIZACIÓN Y ADAPTACIÓN CLIMÁTICA,,19844.0,
2026,X09,Medio ambiente,"MARGEN IZQUIERDO RIO MANZANARES, ENFRENTE ESTANQUE TORMENTAS BUTARQUE. OBRAS ESTABILIZACIÓN TALUDES",,654861.9,
2026,X09,Medio ambiente,ALIVIADEROS DE LOS ESTANQUES DE TORMENTAS DE ABROÑIGALES Y LA GAVIA. ADECUACIÓN Y ACONDICIONAMIENTO,,590945.0,577103.13
2026,X09,Medio ambiente,"PUNTO LIMPIO FIJO VILLA DE VALLECAS, C/ LUIS I, 40. ADQUISICIÓN CONTENEDORES METÁLICOS",,13552.0,
2026,X09,Medio ambiente,CENTRO DE TRATAMIENTO LA PALOMA. OBRAS DE MODERNIZACIÓN Y MEJORA,,4572065.14,3721693.14
2026,X09,Medio ambiente,"ZONAS VERDES ENSANCHE DE VALLECAS. CAMINOS, ZONAS ESTANCIALES Y OTRAS MEJORAS(ID 21: 17461)",,1404952.0,973778.96
2026,X09,Medio ambiente,ÁREAS CANINAS EN ZONAS VERDES DEL DISTRITO DE VILLA DE VALLECAS. OBRAS DE ACONDICIONAMIENTO,,163076.35,1698.27
2026,X09,Medio ambiente,ESPECIES VEGETALES AUTÓCTONAS Y PÉRGOLAS VEGETADAS DISTRITO VILLA DE VALLECAS (ID 24: 20767),,2099.44,2099.44
2026,X09,Medio ambiente,PARQUES DISTRITO VILLA DE VALLECAS. REPLANTACIÓN DE ÁRBOLES Y ADECUACIÓN DEL RIEGO  (ID 24: 21374),,2099.58,2099.58
2026,X09,Medio ambiente,"ZONA VERDE COLONIA VILDA, BARRIO CASCO HISTÓRICO VILLA DE VALLECAS. OBRAS DE REMODELACIÓN",,325000.0,110010.71
2026,X09,Medio ambiente,ZONA VERDE ENTRE C/MALPICA DEL TAJO Y FUENTIDUEÑA. OBRAS DE REMODELACIÓN Y MEJORA,,35000.0,25704.25
2026,X09,Medio ambiente,"ZONA VERDE C/ PEÑA CERVERA, 6-12. REMODELACIÓN DE PARTERRES LATERALES",,80000.0,47586.56
2026,X09,Medio ambiente,ZONA VERDE ENTRE C/CARRASCA Y PUERTO LUMBRALES. OBRAS DE REMODELACIÓN Y MEJORA,,80000.0,41014.93
2026,X07,Infraestructuras,,,3174988.94,1437807.42
2026,X07,Infraestructuras,CARRETERA DE VALDECARROS. ADECUACIÓN DE VIALES,,174988.94,174988.94
2026,X07,Infraestructuras,CARRETERA DE VALDECARROS. OBRAS DE PROLONGACIÓN,,3000000.0,1262818.48
2026,X08,Mantenimiento urbano,,,1763327.48,872841.94
2026,X08,Mantenimiento urbano,"ÁREA DE JUEGO INCLUSIVA C/ VILLAR DEL POZO, 4. RENOVACIÓN Y TRANSFORMACIÓN",,116137.95,116137.94
2026,X08,Mantenimiento urbano,ENTORNO MERCADO VILLA DE VALLECAS. OBRAS DE ACONDICIONAMIENTO NUEVA PLAZA URBANA,,213090.23,153882.52
2026,X08,Mantenimiento urbano,"IFS-CALLE SIERRA DE TORNAVACAS, DISTRITO DE VILLA DE VALLECAS. MEJORA DE LAS CONDICIONES DE RODADURA",,6439.82,
2026,X08,Mantenimiento urbano,PASEO FEDERICO GARCÍA LORCA. OBRAS DE ACCESIBILIDAD UNIVERSAL Y REHABILITACIÓN PAVIMENTACIÓN,,945725.68,585227.06
2026,X08,Mantenimiento urbano,"IFS-C/DE MAZATERÓN, AV. DE LA GAVIA Y OTRAS VILLA DE VALLECAS. MEJORA Y RENOVACIÓN CONDICIONES RODADURA",,246822.38,
2026,X08,Mantenimiento urbano,"RECINTO FERIAL SIERRA GORDA, DISTRITO VILLA DE VALLECAS. OBRAS DE REMODELACIÓN INTEGRAL",,17594.42,17594.42
2026,X08,Mantenimiento urbano,"VÍAS PÚBLICAS BARRIO SANTA EUGENIA, DISTRITO VILLA DE VALLECAS. OBRAS MEJORA ACCESIBILIDAD",,17517.0,
2026,X08,Mantenimiento urbano,IFS-CAMINO DE VASARES. OBRAS DE REMODELACIÓN DE ACERAS,,200000.0,
2026,X03,Protección y promoción social,,,5517999.29,2420798.73
2026,X03,Protección y promoción social,CASA DE FAMILIA VILLA DE VALLECAS. CONSTRUCCIÓN,,4223599.8,2402962.35
2026,X03,Protección y promoción social,ESPACIO DE IGUALDAD MARÍA MOLINER. OBRAS DE SUSTITUCIÓN DE PUERTA DE ACCESO,,2349.44,1668.03
2026,X03,Protección y promoción social,CENTRO DE DÍA DE MAYORES VILLA DE VALLECAS. OBRAS SUSTITUCIÓN DE EQUIPOS CLIMATIZACIÓN,,9653.77,8631.86
2026,X03,Protección y promoción social,IFS-CENTRO SERVICIOS SOCIALES VILLA DE VALLECAS. REFORMA Y SUBSANACIÓN INSPECCIÓN TÉCNICA EDIFICIOS,,300000.0,
2026,X03,Protección y promoción social,OTRO EQUIPAMIENTO CENTRO VALLECAS VIVERISMO AGENCIA PARA EL EMPLEO,,5549.06,5549.06
2026,X03,Protección y promoción social,"OTRO EQUIPAMIENTO PARA ESCUELA MUNICIPAL DE CUIDADOS, C/HUELGA,5",,270902.0,
2026,X03,Protección y promoción social,OTRO EQUIPAMIENTO ESCUELA MUNICIPAL DE HOSTELERÍA Y ALIMENTACIÓN,,187115.13,
2026,X03,Protección y promoción social,AGENCIA DE PROXIMIDAD EN MERCAMADRID. ADQUISICIÓN CARTELERÍA DIGITAL,,1987.43,1987.43
2026,X03,Protección y promoción social,"ESCUELA MUNICIPAL DE CUIDADOS, C/HUELGA,5.ADQUISICIÓN CARTELERÍA DIGITAL",,208956.53,
2026,X03,Protección y promoción social,"ESCUELA MUNICIPAL DE CUIDADOS, C/HUELGA,5. OBRAS REFORMA",,307886.13,
2026,X05,Educación,,,1776114.0,48711.0
2026,X05,Educación,COLEGIO PÚBLICO LOYOLA DE PALACIO. OBRAS DE CONSERVACIÓN,,1615.91,1462.98
2026,X05,Educación,COLEGIO PÚBLICO BLAS DE OTERO. OBRAS DE CONSERVACIÓN,,25975.24,23597.24
2026,X05,Educación,EQUIPAMIENTO ESCUELA INFANTIL JOSÉ GÓMEZ GIL,,4114.0,
2026,X05,Educación,OBRAS DE CONSERVACIÓN EN CENTROS DOCENTES DE ENSEÑANZA DEL DISTRITO DE VILLA DE VALLECAS,,7018.84,
2026,X05,Educación,COLEGIO PÚBLICO JOSÉ DE ECHEGARAY. OBRAS DE CLIMATIZACIÓN EN CONSERJERÍA,,3977.67,3677.47
2026,X05,Educación,COLEGIO PÚBLICO ANGEL NIETO. OBRAS DE CLIMATIZACIÓN EN CONSERJERÍA,,4220.02,3919.82
2026,X05,Educación,COLEGIO PÚBLICO AGUSTÍN RODRIGUEZ SAHAGÚN. OBRAS DE CLIMATIZACIÓN EN CONSERJERÍA,,4132.46,3832.26
2026,X05,Educación,COLEGIO PÚBLICO MARÍA DE VILLOTA. OBRAS DE CONSERVACIÓN,,2489.08,2336.15
2026,X05,Educación,COLEGIO PÚBLICO MARÍA DE VILLOTA. OBRAS DE INSTALACIÓN DE LÍNEAS DE VIDA,,12066.61,
2026,X05,Educación,ESCUELA INFANTIL LOS SOBRINOS DEL CAPITÁN GRANT. OBRAS INSTALACIÓN DE CLIMATIZACIÓN EN DESPACHOS,,10566.49,9885.08
2026,X05,Educación,ESCUELA INFANTIL LOS SOBRINOS DEL CAPITÁN GRANT. OBRAS DE SUSTITUCIÓN UNIDADES CLIMATIZACIÓN AULAS,,37455.34,
2026,X05,Educación,COLEGIO PÚBLICO JUAN GRIS. OBRAS DE ADECUACIÓN,,30482.34,
2026,X05,Educación,COLEGIO PÚBLICO EL QUIJOTE. OBRAS RENATURALIZACIÓN Y ADAPTACIÓN CLIMÁTICA DEL PATIO,,320000.0,
2026,X05,Educación,IFS-COLEGIO PÚBLICO EL QUIJOTE. CONSERVACIÓN Y SUBSANACIÓN DEFICIENCIAS INSPECCIÓN TÉCNICA EDIFICIOS,,250000.0,
2026,X05,Educación,IFS-COLEGIO PÚBLICO FRANCISCO FATOU.CONSERVACIÓN Y SUBSANACIÓN DEFICIENCIAS INSPECCIÓN TÉCNICA EDIFICIOS,,150000.0,
2026,X05,Educación,IFS-COLEGIO PÚBLICO AGUSTÍN RODRÍGUEZ SAHAGÚN. ADECUACIÓN INSTALACIONES Y OTRAS OBRAS DE CONSERVACIÓN,,200000.0,
2026,X05,Educación,"IFS-COLEGIO PÚBLICO HONDURAS. IMPERMEABILIZACIÓN CUBIERTA, INSTALACIONES Y OTRAS OBRAS DE CONSERVACIÓN",,325000.0,
2026,X05,Educación,IFS-COLEGIO PÚBLICO JOSÉ DE ECHEGARAY. OBRAS DE CONSERVACIÓN Y ADECUACIÓN DE INSTALACIONES,,125000.0,
2026,X05,Educación,IFS-COLEGIO PÚBLICO HONDURAS PREESCOLAR. OBRAS SUSTITUCIÓN DE CUBIERTA Y OTRAS DE CONSERVACIÓN,,150000.0,
2026,X05,Educación,COLEGIO PÚBLICO CIUDAD DE VALENCIA. CONSERVACIÓN Y ADECUACIÓN ESPACIOS SOMBRA EN PATIO(ID 24: 20642),,112000.0,
2026,X10,Cultura,,,750498.81,195458.87
2026,X10,Cultura,"NUEVA BIBLIOTECA PÚBLICA EN AVENIDA DE LA GAVIA, 55. MOBILIARIO",,173041.54,67565.19
2026,X10,Cultura,"NUEVA BIBLIOTECA PÚBLICA BENJAMÍN PALENCIA, ENSANCHE VALLECAS. ADQUISICIÓN E INSTALACIÓN SEÑALÉTICA",,7474.78,
2026,X10,Cultura,"NUEVA BIBLIOTECA PÚBLICA BENJAMÍN PALENCIA, ENSANCHE DE VALLECAS. BUCLES MAGNÉTICOS",,830.06,
2026,X10,Cultura,"EQUIPAMIENTO NUEVO CENTRO CULTURAL ENSANCHE DE VALLECAS, AV. DE LA GAVIA, 55",,149002.0,116792.52
2026,X10,Cultura,ESTATUA MENINA CON ELEMENTOS DISTINTIVOS ALUSIVOS A VALLECAS. ADQUISICIÓN E INSTALACIÓN,,8000.0,
2026,X10,Cultura,CENTRO CULTURAL BENJAMÍN PALENCIA. SEÑALIZACIÓN,,2000.0,
2026,X10,Cultura,DEPORTIVO BÁSICO SKATE PARQUE CATARATAS. OBRAS DE INSTALACIÓN DE PUESTO DE LIBROS (ID 24: 20425),,15000.0,4195.99
2026,X10,Cultura,CENTRO SOCIOCULTURAL FRANCISCO FATOU. OBRAS DE SUSTITUCIÓN CLIMATIZACIÓN EN SALA DE EXPOSICIONES,,30150.43,
2026,X10,Cultura,IFS-BIBLIOTECA PÚBLICA GERARDO DIEGO. OBRAS REFORMA INSTALACIONES Y OTRAS DE CONSERVACIÓN,,150000.0,
2026,X10,Cultura,AUDITORIO DEL PARQUE LOLA CAMARENA. INSTALACIÓN DE CUBIERTA (ID 24: 22382),,200000.0,
2026,X10,Cultura,AUDITORIO LA GAVIA. OBRAS DE INSTALACIÓN DE PUESTO DE LIBROS (ID 24: 20425),,15000.0,6905.17
2026,X14,Sectores productivos,,,442364.85,273266.27
2026,X14,Sectores productivos,FACTORÍA INDUSTRIAL VILLA DE VALLECAS. CONSTRUCCIÓN,,273266.27,273266.27
2026,X14,Sectores productivos,EQUIPAMIENTO FACTORÍA INDUSTRIAL VILLA DE VALLECAS,,110249.58,
2026,X14,Sectores productivos,FACTORÍA INDUSTRIAL VILLA DE VALLECAS. INSTALACIONES TÉCNICAS,,25000.0,
2026,X14,Sectores productivos,FACTORÍA INDUSTRIAL VILLA DE VALLECAS. SEÑALÉTICA,,33849.0,
2026,X04,Salud pública,,,22458.81,
2026,X04,Salud pública,EQUIPAMIENTO CENTRO MUNICIPAL DE SALUD COMUNITARIA VILLA DE VALLECAS,,1049.14,
2026,X04,Salud pública,EQUIPAMIENTO DEPARTAMENTO DE INSPECCIÓN DE MERCAMADRID,,267.2,
2026,X04,Salud pública,EQUIPAMIENTO CENTRO REDUCCIÓN DE DAÑOS PARA PERSONAS CON ADICCIONES CAÑADA REAL,,3395.4,
2026,X04,Salud pública,CMSc CENTRO MUNICIPAL DE SALUD COMUNITARIA VILLA DE VALLECAS. MAQUINARIA PREVENCIÓN Y PROMOCIÓN,,17747.07,
2026,X00,Inversiones de carácter general,,,54446.53,37127.63
2026,X00,Inversiones de carácter general,EQUIPAMIENTO SERVICIOS ADMINISTRATIVOS DISTRITO DE VILLA DE VALLECAS,,2170.0,
2026,X00,Inversiones de carácter general,SERVICIOS ADMINISTRATIVOS DISTRITO DE VILLA DE VALLECAS. SISTEMA DE CONTROL DE ACCESO,,30005.0,30001.95
2026,X00,Inversiones de carácter general,SERVICIOS ADMINISTRATIVOS DEL DISTRITO DE VILLA DE VALLECAS. MOBILIARIO Y EQUIPOS DE OFICINA,,14250.0,
2026,X00,Inversiones de carácter general,OBRAS DE CONSERVACIÓN DE EDIFICIOS DEL DISTRITO DE VILLA DE VALLECAS,,570.55,
2026,X00,Inversiones de carácter general,EDIFICIO SEDE DEL DISTRITO DE VILLA DE VALLECAS. OBRAS DE CONSERVACIÓN,,7450.98,7125.68
