Año,Id Línea,Nombre Línea,Inversión,Inversión,Presupuesto Gasto,Gasto Real
2011,X10,Cultura,,,60609.32,60609.32
2011,X10,Cultura,"CENTRO CULTURAL VALDEBERNARDO, BULEVAR INDALECIO PRIETO, 21. CONSERVACIÓN",,10884.97,10884.97
2011,X10,Cultura,"RECINTO FERIAL, Pº DEL POLIDEPORTIVO, 144. OBRAS DE CONSERVACIÓN",,80.04,80.04
2011,X10,Cultura,"BIBLIOTECA PÚBLICA FRANCISCO AYALA, BULEVAR INDALECIO PRIETO,21. CONSERVACIÓN",,15463.79,15463.79
2011,X10,Cultura,RECINTO FERIAL. REFORMA DE CIMENTACIÓN Y VALLADO PERIMETRAL,,34180.52,34180.52
2011,X11,"Deportes, juventud y esparcimiento",,,148555.03,148467.69
2011,X11,"Deportes, juventud y esparcimiento",OBRAS CONSERVACIÓN INSTALACIONES DEPORTIVAS DISTRITO VICÁLVARO,,87.34,
2011,X11,"Deportes, juventud y esparcimiento","POLIDEPORTIVO VICÁLVARO, Pº DEL POLIDEPORTIVO, 3. OBRAS DE CONSERVACIÓN",,67950.39,67950.39
2011,X11,"Deportes, juventud y esparcimiento","POLIDEPORTIVO VALDEBERNARDO, C/ LADERA DE LOS ALMENDROS, 2. CONSERVACIÓN",,53253.82,53253.82
2011,X11,"Deportes, juventud y esparcimiento","CENTRO SOCIAL POLIVALENTE, AV. REAL 12. OBRAS DE CONSERVACIÓN",,11639.47,11639.47
2011,X11,"Deportes, juventud y esparcimiento","DEPORTIVO BÁSICO PARQUE CUÑA VERDE, AV. DAROCA. REPARACIÓN DE VALLADO",,15624.01,15624.01
2011,X14,Sectores productivos,,,1045144.83,1006846.02
2011,X14,Sectores productivos,FACTORIA INDUSTRIAL DE VICÁLVARO. OBRAS DE MEJORA,,14925.0,14923.29
2011,X14,Sectores productivos,"""CONSTRUCCIÓN DE LA PRIMERA """"FACTORIA INDUSTRIAL"""" DE MADRID""",,960630.66,922333.56
2011,X14,Sectores productivos,"EQUIPAMIENTO FACTORIA INDUSTRIAL DE VICÁLVARO, DEHESA VIEJA, S/N",,69589.17,69589.17
2011,X06,Urbanismo,,,120490.8,21816.22
2011,X06,Urbanismo,POLÍGONO DE COOPERACIÓN CASCO ANTIGUO DE VICÁLVARO,,16153.47,
2011,X06,Urbanismo,POLÍGONO COOPERACIÓN CASCO ANTIGIO VICÁLVARO  UA 2 PERI 15/5,,82521.11,
2011,X06,Urbanismo,ADQUISICIÓN DE SUELO C/CAÑOS DE SAN PEDRO. ZONA VERDE,,21816.22,21816.22
2011,X09,Medio ambiente,,,13066800.06,6410823.35
2011,X09,Medio ambiente,SISTEMAS GENERALES DE SANEAMIENTO DEL SURESTE DE MADRID NUEVAS CONEXIONES,,1888665.2,1699332.74
2011,X09,Medio ambiente,ERAR SUR ORIENTAL. OPTIMIZACIÓN DEL TRATAMIENTO DE AGUAS RESIDUALES,,21240.0,13558.2
2011,X09,Medio ambiente,ESTANQUE DE TORMENTAS DE LOS MIGUELES. CONSTRUCCIÓN,,5782155.17,
2011,X09,Medio ambiente,INFRAESTRUCTURA ALMACENAMIENTO AGUAS PLUVIALES DEL ARROYO DE LOS MIGUELES,,2006032.21,1809236.61
2011,X09,Medio ambiente,CONSTRUCCIÓN COLECTOR ALIVIADO VICALVARO I,,1879183.3,1626387.17
2011,X09,Medio ambiente,COLECTOR DOBLADO DEL ALIVIADO VICALVARO I. CONSTRUCCIÓN,,1489524.18,1262308.63
2011,X08,Mantenimiento urbano,,,1122589.95,1122589.95
2011,X08,Mantenimiento urbano,RENOVACIÓN INTEGRAL INSTALACIONES Y PAVIMENTOS. PRIS Z-5 DISTRITO VICÁLVARO,,992141.74,992141.74
2011,X08,Mantenimiento urbano,ADAPTACIÓN INSTALACIONES ALUMBRADO PÚBLICO A NORMATIVA. VICÁLVARO,,11908.22,11908.22
2011,X08,Mantenimiento urbano,MEJORA RODADURA Y DISMINUCIÓN EMISIONES SONORAS VÍAS PÚBLICAS. DTO. VICÁLVARO,,117373.35,117373.35
2011,X08,Mantenimiento urbano,INSTALACIÓN PLACAS IDENTIFICATIVAS DE CALLES Y BOLARDOS DISTRITO VICÁLVARO,,1166.64,1166.64
2011,X03,Protección y promoción social,,,686583.59,603820.38
2011,X03,Protección y promoción social,"EQUIPAMIENTO NUEVO CENTRO DE MAYORES AVENÍDA DAROCA, 342",,107800.0,25145.06
2011,X03,Protección y promoción social,"AGENCIA ZONA PARA EL EMPLEO VICÁLVARO, AV. DAROCA, 327. REFORMA",,3378.04,3378.04
2011,X03,Protección y promoción social,CONSTRUCCIÓN CENTRO ATENCIÓN SOCIAL A MAYORES EN CASCO HISTÓRICO VICÁLVARO,,550210.85,550102.58
2011,X03,Protección y promoción social,CENTRO ACOGIDA PERSONAS SIN HOGAR LUIS VIVES. OBRAS DE CONSERVACIÓN,,11755.01,11755.01
2011,X03,Protección y promoción social,"CENTRO DE MAYORES EL ALMENDRO, C/ LADERA DE LOS ALMENDROS, 6. CONSERVACIÓN",,314.91,314.91
2011,X03,Protección y promoción social,"CENTRO DE DÍA DE MAYORES VICÁLVARO, AV. DAROCA, 342. OBRAS DE CONSERVACIÓN",,4578.75,4578.75
2011,X03,Protección y promoción social,AGENCIA DE ZONA VICÁLVARO. EQUIPAMIENTO POLÍTICAS ACTIVAS DE EMPLEO,,171.1,171.1
2011,X03,Protección y promoción social,"ESCUELA TALLER EL MADROÑO 2010, C/ VILLARDONDIEGO, 36. ADQUISICIÓN MAQUINARIA",,8374.93,8374.93
2011,X05,Educación,,,245068.52,244879.97
2011,X05,Educación,"COLEGIO PÚBLICO DOCTOR SEVERO OCHOA, C/ EZCARAY, 3. OBRAS DE CONSERVACIÓN",,18323.07,18323.07
2011,X05,Educación,"COLEGIO PÚBLICO PEDRO DUQUE, C/ MARMOLINA, 5. OBRAS DE CONSERVACIÓN",,11069.13,11069.13
2011,X05,Educación,"COLEGIO PÚBLICO LOS ALMENDROS, C/ LADERA DE LOS ALMENDROS, 45. CONSERVACIÓN",,6274.38,6274.38
2011,X05,Educación,"COLEGIO PÚBLICO VALDEBERNARDO, C/TREN DE ARGANDA, 9. OBRAS DE CONSERVACIÓN",,16672.25,16672.25
2011,X05,Educación,"ESCUELA INFANTIL AMANECER, C/ TITANIO, 7. OBRAS DE CONSERVACIÓN",,212.34,212.34
2011,X05,Educación,"EQUIPAMIENTO ESCUELA INFANTIL VICÁLVARO Nº 5, CAMINO DE LA FUENTE DE ARRIBA, 2",,10395.42,10395.42
2011,X05,Educación,ESCUELA DE MÚSICA DE VICÁLVARO. INSTALACIÓN LÁMINAS DE PROTECCIÓN SOLAR,,15010.02,15010.02
2011,X05,Educación,OBRAS CONSERVACIÓN COLEGIOS PÚBLICOS DISTRITO VICÁLVARO,,188.55,
2011,X05,Educación,"COLEGIO PÚBLICO VICÁLVARO, C/FORGES, 15. OBRAS DE CONSERVACIÓN",,66044.97,66044.97
2011,X05,Educación,"COLEGIO PÚBLICO ALFONSO X, C/ FUENTE DE SAN PEDRO, 6. OBRAS DE REFORMA",,30388.14,30388.14
2011,X05,Educación,"ESCUELA INFANTIL VICÁLVARO Nº 5, C/ FUENTE DE ARRIBA, 2. OBRAS DE CONSERVACIÓN",,6809.34,6809.34
2011,X05,Educación,"COLEGIO PÚBLICO WINSTON CHURCHILL, C/ GRAN VÍA DEL ESTE, 5. ACONDICIONAMIENTO",,49187.88,49187.88
2011,X05,Educación,"ESCUELA INFANTIL LOS JUNCOS, PZ. DE LA JUVENTUD, 7. OBRAS DE CONSERVACIÓN",,14493.03,14493.03
2011,X00,Inversiones de carácter general,,,63744.82,39259.41
2011,X00,Inversiones de carácter general,OBRAS CONSERVACIÓN EDIFICIOS DISTRITO VICÁLVARO,,24485.41,
2011,X00,Inversiones de carácter general,"EDIFICIO ANEXO SEDE DISTRITO VICÁLVARO, PZ. D.ANTONIO DE ANDRÉS,6. CONSERVACIÓN",,4407.75,4407.75
2011,X00,Inversiones de carácter general,"EDIFICIO SEDE DISTRITO VICÁLVARO, PZ. D. ANTONIO DE ANDRÉS, 18. OBRAS DE REFORMA",,34851.66,34851.66
2011,X02,"Tráfico, estacionamiento y transporte público",,,4287.26,4287.26
2011,X02,"Tráfico, estacionamiento y transporte público",SEMÁFOROS E INTERSECCIONES URBANAS DISTRITO DE  VICÁLVARO,,1634.19,1634.19
2011,X02,"Tráfico, estacionamiento y transporte público",SEMÁFOROS Y SEÑALIZACIÓN INTERSECCIONES URBANAS. DISTRITO VICÁLVARO,,2653.07,2653.07
2012,X10,Cultura,,,45279.29,45279.29
2012,X10,Cultura,"CENTRO CULTURAL VALDEBERNARDO, BULEVAR INDALECIO PRIETO, 21. CONSERVACIÓN",,10201.51,10201.51
2012,X10,Cultura,LOCAL ANEXO CENTRO CULTURAL VALDEBERNARDO. OBRAS DE REFORMA,,25106.92,25106.92
2012,X10,Cultura,"CENTRO CULTURAL EL MADROÑO, C/ VILLARDONDIEGO, 36. OBRAS DE CONSERVACIÓN",,9970.86,9970.86
2012,X11,"Deportes, juventud y esparcimiento",,,135602.0,101493.53
2012,X11,"Deportes, juventud y esparcimiento",OBRAS CONSERVACIÓN INSTALACIONES DEPORTIVAS DISTRITO VICÁLVARO,,34108.47,
2012,X11,"Deportes, juventud y esparcimiento","POLIDEPORTIVO VICÁLVARO, Pº DEL POLIDEPORTIVO, 3. OBRAS DE CONSERVACIÓN",,8931.71,8931.71
2012,X11,"Deportes, juventud y esparcimiento","POLIDEPORTIVO VALDEBERNARDO, C/ LADERA DE LOS ALMENDROS, 2. CONSERVACIÓN",,46564.98,46564.98
2012,X11,"Deportes, juventud y esparcimiento",POLIDEPORTIVO VICÁLVARO. REPARACIÓN CUBIERTA DEL PABELLÓN,,45996.84,45996.84
2012,X14,Sectores productivos,,,33012.33,33012.03
2012,X14,Sectores productivos,FACTORIA INDUSTRIAL DE VICÁLVARO. OBRAS DE MEJORA,,33012.33,33012.03
2012,X06,Urbanismo,,,2017467.62,1918792.96
2012,X06,Urbanismo,ADQUISICIÓN DE SUELO EN C/SAN CIPRIANO. ZONAS VERDES,,331941.73,331941.73
2012,X06,Urbanismo,ADQUISICIÓN DE SUELO POLÍGONO 15 ANILLO VERDE VICÁLVARO,,126.7,126.7
2012,X06,Urbanismo,"ADQUISICIÓN DE SUELO CAMINO VIEJO DE MADRID, 16",,1324337.11,1324337.11
2012,X06,Urbanismo,ADQUISICIÓN SUELO EN AVDA. DAROCA,,178672.68,178672.68
2012,X06,Urbanismo,POLÍGONO DE COOPERACIÓN CASCO ANTIGUO DE VICÁLVARO,,16153.47,
2012,X06,Urbanismo,POLÍGONO COOPERACIÓN CASCO ANTIGIO VICÁLVARO  UA 2 PERI 15/5,,82521.11,
2012,X06,Urbanismo,ADQUISICIÓN SUELO CAMINO REAL VICÁLVARO (EQUIPAMIENTOS),,83714.82,83714.74
2012,X09,Medio ambiente,,,5133047.22,1029022.72
2012,X09,Medio ambiente,SISTEMAS GENERALES DE SANEAMIENTO DEL SURESTE DE MADRID NUEVAS CONEXIONES,,892.05,892.05
2012,X09,Medio ambiente,ERAR SUR ORIENTAL. OPTIMIZACIÓN DEL TRATAMIENTO DE AGUAS RESIDUALES,,150000.0,
2012,X09,Medio ambiente,ESTANQUE DE TORMENTAS DE LOS MIGUELES. CONSTRUCCIÓN,,4982155.17,1028130.67
2012,X08,Mantenimiento urbano,,,572135.85,572135.85
2012,X08,Mantenimiento urbano,RENOVACIÓN INTEGRAL INSTALACIONES Y PAVIMENTOS. PRIS Z-5 DISTRITO VICÁLVARO,,564874.74,564874.74
2012,X08,Mantenimiento urbano,HIDRANTES DISTRITO VICÁLVARO. INSTALACIÓN,,7261.11,7261.11
2012,X03,Protección y promoción social,,,117405.03,87974.07
2012,X03,Protección y promoción social,"EQUIPAMIENTO NUEVO CENTRO DE MAYORES AVENÍDA DAROCA, 342",,79997.0,50566.04
2012,X03,Protección y promoción social,TALLER OCUPACIONAL EL MADROÑO. EQUIPAMIENTO POLÍTICAS ACTIVAS DE EMPLEO,,1858.57,1858.57
2012,X03,Protección y promoción social,"CENTRO DE MAYORES VICÁLVARO, AV. DAROCA, 342. OBRAS DE CONSERVACIÓN",,6418.56,6418.56
2012,X03,Protección y promoción social,CENTRO SERVICIOS SOCIALES VALDEBERNARDO. OBRAS DE ACONDICIONAMIENTO,,21500.77,21500.77
2012,X03,Protección y promoción social,"AGENCIA ZONA PARA EL EMPLEO VICÁLVARO, AV. DAROCA, 327. REFORMA",,7630.13,7630.13
2012,X05,Educación,,,217113.42,121004.33
2012,X05,Educación,"EQUIPAMIENTO ESCUELA INFANTIL EL AMANECER, C/ TITANIO, 7",,318.71,318.71
2012,X05,Educación,"EQUIPAMIENTO ESCUELA INFANTIL CIELO AZUL, C/ BULEVAR INDALECIO PRIETO, 16",,127.05,127.05
2012,X05,Educación,"EQUIPAMIENTO ESCUELA INFANTIL VICÁLVARO Nº 5, CAMINO FUENTE DE ARRIBA, 2",,424.95,424.95
2012,X05,Educación,OBRAS CONSERVACIÓN COLEGIOS Y OTROS CENTROS EDUCATIVOS DISTRITO VICÁLVARO,,96109.09,
2012,X05,Educación,"COLEGIO PÚBLICO DOCTOR SEVERO OCHOA, C/ EZCARAY, 3. OBRAS DE CONSERVACIÓN",,2340.48,2340.48
2012,X05,Educación,"COLEGIO PÚBLICO LOS ALMENDROS, C/ LADERA DE LOS ALMENDROS,2. CONSERVACIÓN",,4787.43,4787.43
2012,X05,Educación,"COLEGIO PÚBLICO VALDEBERNARDO, C/ TREN DE ARGANDA, 9. OBRAS DE CONSERVACIÓN",,17823.4,17823.4
2012,X05,Educación,"COLEGIO PÚBLICO ALFONSO X, C/ FUENTE DE SAN PEDRO, 6. OBRAS DE CONSERVACIÓN",,22169.74,22169.74
2012,X05,Educación,"ESCUELA INFANTIL EL AMANECER, C/ TITANIO, 7. OBRAS DE CONSERVACIÓN",,131.06,131.06
2012,X05,Educación,"ESCUELA INFANTIL LOS JUNCOS, PZA. DE LA JUVENTUD, 7. OBRAS DE CONSERVACIÓN",,1415.82,1415.82
2012,X05,Educación,"COLEGIO PÚBLICO WINSTON CHURCHILL, C/ GRAN VÍA DEL ESTE, 5. CONSERVACIÓN",,24469.58,24469.58
2012,X05,Educación,"ESCUELA INFANTIL CIELO AZUL, BULEVAR INDALECIO PRIETO, 16. CONSERVACIÓN",,18441.3,18441.3
2012,X05,Educación,"ESCUELA INFANTIL VICÁLVARO Nº 5, C/ FUENTE DE ARRIBA, 2. ACONDICIONAMIENTO",,25945.96,25945.96
2012,X05,Educación,"COLEGIO PÚBLICO PEDRO DUQUE, C/ MARMOLINA, 5. OBRAS DE CONSERVACIÓN",,2290.14,2290.14
2012,X05,Educación,"EQUIPAMIENTO ESCUELA INFANTIL LOS JUNCOS, PZA. DE LA JUVENTUD, 7",,318.71,318.71
2012,X00,Inversiones de carácter general,,,76027.38,1369.78
2012,X00,Inversiones de carácter general,OBRAS CONSERVACIÓN DE EDIFICIOS DISTRITO VICÁLVARO,,74657.6,
2012,X00,Inversiones de carácter general,"EDIFICIO SEDE DISTRITO VICÁLVARO, PZ.D.ANTONIO DE ANDRÉS, 18. CONSERVACIÓN",,1369.78,1369.78
2012,X02,"Tráfico, estacionamiento y transporte público",,,63944.6,63944.6
2012,X02,"Tráfico, estacionamiento y transporte público",SEMÁFOROS E INTERSECCIONES URBANAS DISTRITO DE  VICÁLVARO,,63944.6,63944.6
2013,X10,Cultura,,,49059.39,49059.39
2013,X10,Cultura,"CENTRO CULTURAL EL MADROÑO, C/VILLARDONDIEGO, 36. OBRAS DE CONSERVACIÓN",,33762.05,33762.05
2013,X10,Cultura,"BIBLIOTECA FRANCISCO AYALA, BULEVAR INDALECIO PRIETO, 21. OBRAS DE CONSERVACIÓN",,2143.04,2143.04
2013,X10,Cultura,"CENTRO CULTURAL VALDEBERNARDO, C/ BULEVAR INDALECIO PRIETO, 21. CONSERVACIÓN",,13154.3,13154.3
2013,X11,"Deportes, juventud y esparcimiento",,,160312.0,160298.26
2013,X11,"Deportes, juventud y esparcimiento","POLIDEPORTIVO VALDEBERNARDO, C/ LADERA DE LOS ALMENDROS, 2. CONSERVACIÓN",,23189.72,23189.72
2013,X11,"Deportes, juventud y esparcimiento",OBRAS CONSERVACIÓN INSTALACIÓN DEPORTIVA DISTRITO VICÁLVARO,,13.74,
2013,X11,"Deportes, juventud y esparcimiento","POLIDEPORTIVO VICÁLVARO, Pº POLIDEPORTIVO, 3. IMPERMEABILIZACIÓN DE CUBIERTA",,57307.21,57307.21
2013,X11,"Deportes, juventud y esparcimiento",POLIDEPORTIVO VALDEBERNARDO. SUSTITUCIÓN PAVIMENTO PISTAS DE PÁDEL,,30021.67,30021.67
2013,X11,"Deportes, juventud y esparcimiento","DEPORTIVO BÁSICO CASALARREINA, C/ CASALARREINA, 28. OBRAS DE CONSERVACIÓN",,10649.58,10649.58
2013,X11,"Deportes, juventud y esparcimiento","DEPORTIVO BÁSICO PARQUE CUÑA VERDE, AV. DAROCA, 300. OBRAS DE CONSERVACIÓN",,4382.16,4382.16
2013,X11,"Deportes, juventud y esparcimiento",DEPORTIVO BÁSICO PASEO DEL POLIDEPORTIVO. OBRAS DE CONSERVACIÓN,,2020.65,2020.65
2013,X11,"Deportes, juventud y esparcimiento","POLIDEPORTIVO VICÁLVARO, Pº POLIDEPORTIVO, 3. OBRAS DE CONSERVACIÓN",,32727.27,32727.27
2013,X14,Sectores productivos,,,62000.0,40595.27
2013,X14,Sectores productivos,POLÍGONOS INDUSTRIALES VICÁLVARO. ADQUISICIÓN MOBILIARIO URBANO NORMALIZADO,,62000.0,40595.27
2013,X06,Urbanismo,,,3544565.61,3462044.5
2013,X06,Urbanismo,ADQUISICIÓN SUELO EN AVDA. DAROCA,,9339.93,9339.93
2013,X06,Urbanismo,POLÍGONO COOPERACIÓN CASCO ANTIGIO VICÁLVARO  UA 2 PERI 15/5,,82521.11,
2013,X06,Urbanismo,ADQUISICIÓN SUELO CAMINO REAL VICÁLVARO (EQUIPAMIENTOS),,2646408.51,2646408.51
2013,X06,Urbanismo,ADQUISICIÓN DE SUELO EN CUÑA VERDE DE VICÁLVARO. ZONA VERDE,,44724.19,44724.19
2013,X06,Urbanismo,ADQUISICIÓN SUELO C/VILLABLANCA C/V Cº DE AMBROZ. VIARIO,,761571.87,761571.87
2013,X09,Medio ambiente,,,4365640.75,2393848.83
2013,X09,Medio ambiente,ERAR SUR ORIENTAL. OPTIMIZACIÓN DEL TRATAMIENTO DE AGUAS RESIDUALES,,411616.25,14450.0
2013,X09,Medio ambiente,ESTANQUE DE TORMENTAS DE LOS MIGUELES. CONSTRUCCIÓN,,3954024.5,2379398.83
2013,X08,Mantenimiento urbano,,,357597.91,357597.91
2013,X08,Mantenimiento urbano,RENOVACIÓN INTEGRAL INSTALACIONES Y PAVIMENTOS. PRIS Z-5 DISTRITO VICÁLVARO,,215946.21,215946.21
2013,X08,Mantenimiento urbano,ADAPTACIÓN INSTALACIONES ALUMBRADO PÚBLICO A NORMATIVA. VICÁLVARO,,141651.7,141651.7
2013,X03,Protección y promoción social,,,89360.73,89272.06
2013,X03,Protección y promoción social,"CENTRO DE MAYORES VICÁLVARO, AV. DAROCA, 342. OBRAS DE CONSERVACIÓN",,6834.51,6834.51
2013,X03,Protección y promoción social,"EQUIPAMIENTO CENTRO DE MAYORES VICÁLVARO, AV. DAROCA, 342",,226.71,138.04
2013,X03,Protección y promoción social,"CENTRO DE MAYORES EL ALMENDRO, C/LADERA DE LOS ALMENDROS, 6. CONSERVACIÓN",,12928.85,12928.85
2013,X03,Protección y promoción social,"CENTRO DE ACOGIDA LUIS VIVES, C/ALCALDE JUAN MATA SEVILLANO, 18. CONSERVACIÓN",,34182.01,34182.01
2013,X03,Protección y promoción social,"CENTRO DE MAYORES VICÁLVARO, AV.DAROCA, 342. ESCALERA DE EMERGENCIA",,30949.08,30949.08
2013,X03,Protección y promoción social,"EQUIPAMIENTO AGENCIA ZONA PARA EL EMPLEO DE VICÁLVARO, AV. DAROCA, 327",,3409.26,3409.26
2013,X03,Protección y promoción social,"EQUIPAMIENTO AGENCIA ZONA DE VICÁLVARO, AVDA.DAROCA, 327",,830.31,830.31
2013,X05,Educación,,,178054.55,178049.32
2013,X05,Educación,OBRAS CONSERVACIÓN COLEGIOS Y OTROS CENTROS EDUCATIVOS DISTRITO VICÁLVARO,,5.23,
2013,X05,Educación,"EQUIPAMIENTO ESCUELA INFANTIL LA MOLINOS DE VIENTO, Cº FUENTE DE ARRIBA, 2",,1826.98,1826.98
2013,X05,Educación,"EQUIPAMIENTO ESCUELA INFANTIL AMANECER, C/ TITANIO, 7",,399.3,399.3
2013,X05,Educación,"EQUIPAMIENTO ESCUELA INFANTIL LOS JUNCOS, PLAZA DE LA JUVENTUD, 7",,1893.65,1893.65
2013,X05,Educación,"ESCUELA INFANTIL AMANCER, C/ TITANIO, 7. OBRAS DE CONSERVACIÓN",,6116.85,6116.85
2013,X05,Educación,"COLEGIO PÚBLICO LOS ALMENDROS, C/ LADERA DE LOS ALMENDROS, 45. CONSERVACIÓN",,22460.32,22460.32
2013,X05,Educación,COLEGIO PÚBLICO WINSTON CHURCHILL. ADECUACIÓN SISTEMA AGUA CALIENTE,,21991.68,21991.68
2013,X05,Educación,"COLEGIO PÚBLICO ALFONSO X EL SABIO, C/FUENTE DE SAN PEDRO, 6. CONSERVACI",,8631.8,8631.8
2013,X05,Educación,"COLEGIO PÚBLICO VALDEBERNARDO, C/TREN DE ARGANDA, 9. OBRAS DE CONSERVACIÓN",,20321.11,20321.11
2013,X05,Educación,"ESCUELA INFANTIL CIELO AZUL, BULEVAR INDALECIO PRIETO, 16. OBRAS DE CONSERVACIÓN",,5319.86,5319.86
2013,X05,Educación,"ESCUELA INFANTIL LOS JUNCOS, PLAZA DE LA JUVENTUD, 7. OBRAS DE CONSERVACIÓN",,16414.34,16414.34
2013,X05,Educación,"COLEGIO PÚBLICO SEVERO OCHOA, C/ EZCARAY, 3. OBRAS DE ACONDICIONAMIENTO",,60428.37,60428.37
2013,X05,Educación,"COLEGIO PÚBLICO VICÁLVARO, C/ FORGES, 15. OBRAS DE CONSERVACIÓN",,8310.44,8310.44
2013,X05,Educación,"ESCUELA DE MÚSICA DE VICÁLVARO, C/ BULEVAR INDALECIO PRIETO, 16. CONSERVACIÓN",,3934.62,3934.62
2013,X00,Inversiones de carácter general,,,23236.99,23183.47
2013,X00,Inversiones de carácter general,OBRAS CONSERVACIÓN EDIFICIOS DISTRITO VICÁLVARO,,53.52,
2013,X00,Inversiones de carácter general,EDIFICIO SEDE DISTRITO VICÁLVARO. OBRAS DE CONSERVACIÓN,,7491.97,7491.97
2013,X00,Inversiones de carácter general,EDIFICIO ANEXO SEDE DISTRITO VICÁLVARO. OBRAS DE CONSERVACIÓN,,15691.5,15691.5
2013,X04,Salud pública,,,3222.23,3222.23
2013,X04,Salud pública,"CENTRO MADRID SALUD VICÁLVARO, C/ CALAHORRA, 11 B. OBRAS DE REFORMA",,3222.23,3222.23
2013,X02,"Tráfico, estacionamiento y transporte público",,,190917.02,190917.02
2013,X02,"Tráfico, estacionamiento y transporte público",SEMÁFOROS E INTERSECCIONES URBANAS DISTRITO DE  VICÁLVARO,,190917.02,190917.02
2013,X12,Otros bienes públicos de carácter social,,,8874.55,8874.55
2013,X12,Otros bienes públicos de carácter social,"EDIFICIO AVENIDA REAL, 36. OBRAS DE CONSERVACIÓN",,8874.55,8874.55
2014,X10,Cultura,,,310438.62,310347.08
2014,X10,Cultura,"CENTRO CULTURAL EL MADROÑO, C/ VILLARDONDIEGO, 36. OBRAS DE CONSERVACIÓN",,10847.55,10847.55
2014,X10,Cultura,"BIBLIOTECA FRANCISCO AYALA, BULEVAR INDALECIO PRIETO, 21. OBRAS DE CONSERVACIÓN",,8801.13,8801.13
2014,X10,Cultura,"CENTRO CULTURAL VALDEBERNARDO, C/ BULEVAR INDALECIO PRIETO, 21. CONSERVACIÓN",,4043.87,4043.87
2014,X10,Cultura,"BIBLIOTECA PÚBLICA FRANCISCO AYALA, C/BULEVAR INDALECIO PRIETO, 21. INSTALACIONES",,937.75,937.75
2014,X10,Cultura,"BIBLIOTECA DE VICÁLVARO, C/VILLARDONDIEGO, 36. SEÑALIZACIÓN",,880.91,880.91
2014,X10,Cultura,"BIBLIOTECA FRANCISCO AYALA, BV.INDALECIO PRIETO,21. SEÑALIZACIÓN",,880.91,880.91
2014,X10,Cultura,MUSEO DE VICÁLVARO. OBRAS DE CONSERVACIÓN EN EL PATIO,,24072.05,24072.05
2014,X10,Cultura,BIBLIOTECA FRANCISCO AYALA. OBRAS DE ACONDICIONAMIENTO,,29974.45,29974.45
2014,X10,Cultura,IFS-CENTRO CULTURAL VALDEBERNARDO.SALÓN ACTOS Y CLIMATIZACIÓN PARA EFICIENCIA ENERGÉTICA,,200000.0,199981.48
2014,X10,Cultura,IFS-TALLER-MUSEO DE VICÁLVARO. OBRAS DE ADECUACIÓN Y OTRAS DE EFICIENCIA ENERGÉTICA,,30000.0,29926.98
2014,X11,"Deportes, juventud y esparcimiento",,,165867.06,164881.18
2014,X11,"Deportes, juventud y esparcimiento",OBRAS CONSERVACIÓN INSTALACIONES DEPORTIVAS DISTRITO VICÁLVARO,,985.09,
2014,X11,"Deportes, juventud y esparcimiento",EQUIPAMIENTO POLIDEPORTIVO DE VICÁLVARO,,4000.0,3999.23
2014,X11,"Deportes, juventud y esparcimiento",EQUIPAMIENTO POLIDEPORTIVO VICÁLVARO,,285.86,285.86
2014,X11,"Deportes, juventud y esparcimiento",EQUIPAMIENTO CENTRO DEPORTIVO VALDEBERNARDO,,285.86,285.86
2014,X11,"Deportes, juventud y esparcimiento",CENTRO DEPORTIVO VICÁLVARO. RENOVACIÓN SOLADO PISCINA INFANTIL,,44045.05,44045.04
2014,X11,"Deportes, juventud y esparcimiento",CENTRO DEPORTIVO VALDEBERNARDO. OBRAS DE ACONDICIONAMIENTO,,65387.22,65387.21
2014,X11,"Deportes, juventud y esparcimiento","CENTRO DEPORTIVO VICÁLVARO, Pº POLIDEPORTIVO, 3. OBRAS DE CONSERVACIÓN",,19624.3,19624.3
2014,X11,"Deportes, juventud y esparcimiento",CENTRO DEPORTIVO VALDEBERNARDO. REPARACIÓN PAVIMENTO PISTAS DE TENIS,,24364.05,24364.05
2014,X11,"Deportes, juventud y esparcimiento",DEPORTIVO BÁSICO CORDEL DE PAVONES. OBRAS DE CONSERVACIÓN,,6889.63,6889.63
2014,X14,Sectores productivos,,,171680.72,171572.7
2014,X14,Sectores productivos,IFS-FACTORÍA INDUSTRIAL. CONSTRUCCIÓN MURO DE CONTENCIÓN,,45000.0,44997.48
2014,X14,Sectores productivos,IFS-FACTORÍA INDUSTRIAL. CONSTRUCCIÓN MARQUESINA METÁLICA DE ATENCIÓN USUARIOS,,49850.54,49850.53
2014,X14,Sectores productivos,IFS-MERCADO DE VICÁLVARO. OBRAS DE REFORMA,,34951.0,34898.01
2014,X14,Sectores productivos,IFS-FACTORÍA INDUSTRIAL. RECOGIDA AGUAS PLUVIALES EN LAS PUERTAS DE LAS NAVES,,30000.0,29947.5
2014,X14,Sectores productivos,IFS-VIVERO DE VICÁLVARO. INSTALACIÓN PUERTA PRINCIPAL,,11879.18,11879.18
2014,X07,Infraestructuras,,,197231.91,197198.52
2014,X07,Infraestructuras,IFS-ASCENSOR DE PASARELA SOBE LAS VÍAS DE LA ESTACIÓN CERCANÍAS VICÁLVARO.  MEJORA,,197231.91,197198.52
2014,X06,Urbanismo,,,5090209.22,5090209.22
2014,X06,Urbanismo,UZP 2.03 DESARROLLO DEL ESTE LOS AHIJONES. COMPENSACIÓN,,36959.31,36959.31
2014,X06,Urbanismo,DESARROLLO DEL ESTE-LOS CERROS. JUNTA DE COMPENSACIÓN,,22366.16,22366.16
2014,X06,Urbanismo,ADQUISICIÓN SUELO EN AVDA. DAROCA,,1213813.1,1213813.1
2014,X06,Urbanismo,ADQUISICIÓN SUELO CAMINO REAL VICÁLVARO (EQUIPAMIENTOS),,91994.29,91994.29
2014,X06,Urbanismo,ADQUISICIÓN SUELO C/VILLABLANCA C/V Cº DE AMBROZ. VIARIO,,499149.18,499149.18
2014,X06,Urbanismo,ADQUISICIÓN DE SUELO PARQUE MUNICIPAL DE VICÁLVARO (PARQUE CASALARREINA),,3225927.18,3225927.18
2014,X09,Medio ambiente,,,3461055.6,199479.31
2014,X09,Medio ambiente,ERAR SUR ORIENTAL. OPTIMIZACIÓN DEL TRATAMIENTO DE AGUAS RESIDUALES,,3400000.0,142692.54
2014,X09,Medio ambiente,PASOS TRANSVERSALES Y CUNETAS CARRETERA VICÁLVARO-COSLADA.ACONDICIONAMIENTO,,60000.0,55731.17
2014,X09,Medio ambiente,INFRAESTRUCTURA ALMACENAMIENTO AGUAS PLUVIALES DEL ARROYO DE LOS MIGUELES,,1055.6,1055.6
2014,X08,Mantenimiento urbano,,,148591.48,148591.48
2014,X08,Mantenimiento urbano,RENOVACIÓN INTEGRAL INSTALACIONES Y PAVIMENTOS. PRIS Z-5 DISTRITO VICÁLVARO,,96198.88,96198.88
2014,X08,Mantenimiento urbano,ADAPTACIÓN INSTALACIONES ALUMBRADO PÚBLICO A NORMATIVA. VICÁLVARO,,52392.6,52392.6
2014,X03,Protección y promoción social,,,445448.23,439791.01
2014,X03,Protección y promoción social,EQUIPAMIENTO CENTRO DE MAYORES VICÁLVARO,,5000.0,
2014,X03,Protección y promoción social,CENTRO DE DÍA Y MAYORES DE VICÁLVARO. OBRAS DE CONSERVACIÓN,,13895.28,13895.28
2014,X03,Protección y promoción social,"CENTRO DE MAYORES EL ALMENDRO, C/ LADERA DE LOS ALMENDROS, 6. REFORMA",,31931.39,31931.39
2014,X03,Protección y promoción social,CENTRO ACOGIDA PARA PERSONAS SIN HOGAR JUAN LUIS VIVES. OBRAS DE CONSERVACIÓN,,5573.02,5573.02
2014,X03,Protección y promoción social,CENTRO DE MAYORES EL ALMENDRO. OBRAS DE ADECUACIÓN DE FACHADA,,30000.0,29442.82
2014,X03,Protección y promoción social,IFS-CENTRO DE MAYORES EL ALMENDRO. OBRAS DE ACONDICIONAMIENTO Y MEJORA,,90000.0,89927.75
2014,X03,Protección y promoción social,IFS-CENTRO DE MAYORES VICÁLVARO. ADECUACIÓN ESPACIOS Y MEJORA DE LA ACCESIBILIDAD,,98221.75,98221.74
2014,X03,Protección y promoción social,IFS-CENTRO SERVICIO SOCIALES VALDEBERNARDO.REMODELACIÓN SALÓN ACTOS Y OTRAS DE SEGURIDAD,,35000.0,34999.39
2014,X03,Protección y promoción social,"IFS-CENTRO DE ACOGIDA LUIS VIVES. ADECUACIÓN FACHADA, CARPINTERÍA Y LUCERNARIOS",,85000.0,84972.83
2014,X03,Protección y promoción social,IFS-CENTRO SOCIAL POLIVALENTE VICÁLVARO.REFORMA PORCHE Y OTRAS MEDIDAS DE SEGURIDAD,,22729.5,22729.5
2014,X03,Protección y promoción social,EQUIPAMIENTO CENTRO DE ACOGIDA JUAN LUIS VIVES,,20821.56,20821.56
2014,X03,Protección y promoción social,EQUIPAMIENTO ACCIÓN FORMATIVA DE PELUQUERÍA EN EL CENTRO CULTURAL EL MADROÑO,,7275.73,7275.73
2014,X05,Educación,,,246308.65,178990.53
2014,X05,Educación,EQUIPAMIENTO ESCUELA INFANTIL LOS JUNCOS,,7810.48,2855.6
2014,X05,Educación,"ESCUELA INFANTIL CIELO AZUL, BULEVAR INDALECIO PRIETO, 16. OBRAS DE CONSERVACIÓN",,19335.52,19335.52
2014,X05,Educación,CONSERVACIÓN COLEGIOS Y OTROS CENTROS EDUCATIVOS DISTRITO VICÁLVARO,,42119.73,
2014,X05,Educación,COLEGIO PÚBLICO PEDRO DUQUE. OBRAS DE CONSERVACIÓN,,7046.8,2114.68
2014,X05,Educación,COLEGIO PÚBLICO WINSTON CHURCHILL. OBRAS DE CONSERVACIÓN,,30984.66,30984.66
2014,X05,Educación,"ESCUELA INFANTIL MOLINOS DE VIENTO, Cº FUENTE DE ARRIBA, 2. OBRAS DE CONSERVACIÓN",,5883.92,5883.92
2014,X05,Educación,"ESCUELA DE MÚSICA VICÁLVARO, C/ BULEVAR INDALECIO PRIETO, 16. CONSERVACIÓN",,10299.08,10299.08
2014,X05,Educación,"COLEGIO PÚBLICO VALDEBERNARDO, C/ TREN DE ARGANDA, 9. OBRAS DE REFORMA",,26665.77,26665.77
2014,X05,Educación,"ESCUELA INFANTIL AMANECER, C/ TITANIO, 7. OBRAS DE CONSERVACIÓN",,2235.2,2235.2
2014,X05,Educación,COLEGIO PÚBLICO VALDEBERNARDO. OBRAS DE ACONDICIONAMIENTO,,34678.43,34678.43
2014,X05,Educación,"COLEGIO PÚBLICO VICÁLVARO. C/ FORGES, 15. OBRAS DE ACONDICIONAMIENTO",,31168.45,31168.45
2014,X05,Educación,COLEGIO PÚBLICO DOCTOR SEVERO OCHOA. OBRAS DE CONSERVACIÓN,,13554.67,4213.75
2014,X05,Educación,COLEGIO PÚBLICO LOS ALMENDROS. OBRAS DE CONSERVACIÓN,,2419.03,2419.03
2014,X05,Educación,COLEGIO PÚBLICO VALDEBERNARDO. OBRAS DE CONSERVACIÓN,,4791.78,
2014,X05,Educación,"EQUIPAMIENTO ESCUELA INFANTIL MOLINOS DE VIENTO, Cº FUENTE DE ARRIBA, 2",,1837.02,1835.52
2014,X05,Educación,EQUIPAMIENTO ESCUELA INFANTIL AMANECER,,675.92,411.8
2014,X05,Educación,EQUIPAMIENTO ESCUELA INFANTIL CIELO AZUL,,4802.19,3889.12
2014,X00,Inversiones de carácter general,,,129836.68,129086.47
2014,X00,Inversiones de carácter general,OBRAS CONSERVACIÓN EDIFICIOS DISTRITO VICÁLVARO,,750.21,
2014,X00,Inversiones de carácter general,EDIFICIO SEDE DISTRITO VICÁLVARO. REFORMA DE ACCESO,,33581.04,33581.04
2014,X00,Inversiones de carácter general,"EDIFICIO SEDE DISTRITO VICÁLVARO, PZA. DON ANTONIO DE ANDRÉS, 18. CONSERVACIÓN",,3052.26,3052.26
2014,X00,Inversiones de carácter general,"EDIFICIO AVDA. REAL, 36. OBRAS DE CONSERVACIÓN",,17912.92,17912.92
2014,X00,Inversiones de carácter general,IFS-EDIFICIO ANEXO A SEDE DISTRITO DE VICÁLVARO. MEDIDAS DE EFICIENCIA ENERGÉTICA,,74540.25,74540.25
2014,X02,"Tráfico, estacionamiento y transporte público",,,14251.28,14251.28
2014,X02,"Tráfico, estacionamiento y transporte público",SEMÁFOROS E INTERSECCIONES URBANAS DISTRITO DE  VICÁLVARO,,14251.28,14251.28
2015,X10,Cultura,,,193662.6,163247.64
2015,X10,Cultura,EQUIPAMIENTO BIBLIOTECA PÚBLICA VICÁLVARO,,3484.8,
2015,X10,Cultura,BIBLIOTECA PÚBLICA FRANCISCO AYALA. SUBSANACIÓN DE PATOLOGÍAS,,41600.0,23075.83
2015,X10,Cultura,EQUIPAMIENTO BIBLIOTECA PÚBLICA FRANCISCO AYALA,,1306.8,
2015,X10,Cultura,"BIBLIOTECA PÚBLICA FRANCISCO AYALA, C/ BULEVAR INDALECIO PRIETO, 21. CONSERVACIÓN",,506.0,506.0
2015,X10,Cultura,MUSEO DE VICÁLVARO. OBRAS DE CONSERVACIÓN,,1016.17,1016.17
2015,X10,Cultura,CENTRO CULTURAL EL MADROÑO. OBRAS DE CONSERVACIÓN,,5365.75,5268.74
2015,X10,Cultura,CENTRO CULTURAL VALDEBERNARDO. OBRAS DE CONSERVACIÓN,,138.81,
2015,X10,Cultura,CENTRO CULTURAL VALDEBERNARDO. LOCAL ANEXO. OBRAS DE CONSERVACIÓN,,244.27,
2015,X10,Cultura,IFS-BIBLIOTECA FRANCISCO AYALA. MEJORAS INTALACIONES DE CLIMATIZACIÓN,,80000.0,73408.7
2015,X10,Cultura,IFS-EDIFICIO DEL MUSEO-TALLER. OBRAS DE REHABILITACIÓN,,60000.0,59972.2
2015,X11,"Deportes, juventud y esparcimiento",,,500974.27,281779.0
2015,X11,"Deportes, juventud y esparcimiento",CENTRO DEPORTIVO VALDEBERNARDO. ADECUACIÓN PARA REALIZACIÓN EVENTOS DEPORTIVOS,,319.77,319.77
2015,X11,"Deportes, juventud y esparcimiento",CENTRO DEPORTIVO VALDEBERNARDO. ADECUACIÓN ACCESIBILIDAD PISCINA CUBIERTA,,237.5,237.5
2015,X11,"Deportes, juventud y esparcimiento",EQUIPAMIENTO CENTRO DEPORTIVO MUNICIPAL VICÁLVARO,,20000.0,19432.42
2015,X11,"Deportes, juventud y esparcimiento",OBRAS DE CONSERVACIÓN INSTALACIONES DEPORTIVAS DISTRITO DE VICÁLVARO,,17049.8,
2015,X11,"Deportes, juventud y esparcimiento",CENTRO DEPORTIVO VALDEBERNARDO. OBRAS DE CONSERVACIÓN,,31938.77,30892.5
2015,X11,"Deportes, juventud y esparcimiento",CENTRO DEPORTIVO VICÁLVARO. OBRAS DE CONSERVACIÓN,,53278.01,52746.41
2015,X11,"Deportes, juventud y esparcimiento",CENTRO DEPORTIVO VALDEBERNARDO. OBRAS DIVERSAS EN INSTALACIONES ELÉCTRICAS,,17738.89,17738.88
2015,X11,"Deportes, juventud y esparcimiento","CENTRO DEPORTIVO VICÁLVARO, Pº DEL POLIDEPORTIVO, 3. OBRAS DE ACONDICIONAMIENTO",,93600.1,93600.09
2015,X11,"Deportes, juventud y esparcimiento",CENTRO DEPORTIVO VALDEBERNARDO. CAÑONES DE RIEGO CAMPOS DE FÚTBOL,,25823.77,25823.77
2015,X11,"Deportes, juventud y esparcimiento",CENTRO DEPORTIVO VALDEBERNARDO. REPARACIÓN PAVIMENTO PISTA DE TENIS,,23263.36,23263.36
2015,X11,"Deportes, juventud y esparcimiento",DEPORTIVO BÁSICO CASALARREINA. OBRAS DE CONSERVACIÓN,,9613.03,9613.03
2015,X11,"Deportes, juventud y esparcimiento",DEPORTIVO BÁSICO CORDEL DE PAVONES II. OBRAS DE CONSERVACIÓN,,5729.03,5729.03
2015,X11,"Deportes, juventud y esparcimiento",DEPORTIVO BÁSICO VALDERRIBAS. OBRAS DE CONSERVACIÓN,,2382.24,2382.24
2015,X11,"Deportes, juventud y esparcimiento",PISTA ATLETISMO CENTRO DEPORTIVO MUNICIPAL DE VICÁLVARO. MEJORA,,200000.0,
2015,X14,Sectores productivos,,,139990.42,57065.31
2015,X14,Sectores productivos,FACTORÍA INDUSTRIAL DE VICÁLVARO. SUBSANACIÓN DE PATOLOGÍAS,,139990.42,57065.31
2015,X06,Urbanismo,,,2149866.41,1660259.56
2015,X06,Urbanismo,UZP 2.03 DESARROLLO DEL ESTE LOS AHIJONES. COMPENSACIÓN,,118988.57,
2015,X06,Urbanismo,ADQUISICIÓN DE SUELO POLÍGONO 15 ANILLO VERDE VICÁLVARO,,162531.17,162531.17
2015,X06,Urbanismo,ADQUISICIÓN SUELO C/VILLABLANCA C/V Cº DE AMBROZ. VIARIO,,1216150.44,1216150.44
2015,X06,Urbanismo,ADQUISICIÓN DE SUELO C/CAÑOS DE SAN PEDRO. ZONA VERDE,,281577.95,281577.95
2015,X06,Urbanismo,AREA DE PLANEAMIENTO REMITIDO 19.04 LA DEHESA,,192314.0,
2015,X06,Urbanismo,DESARROLLO DEL ESTE EL CAÑAVERAL UZP 2.01. URBANIZACIÓN,,178304.28,
2015,X09,Medio ambiente,,,8374812.45,7443809.53
2015,X09,Medio ambiente,AUMENTO DE LA CAPACIDAD DEL DESAGÜE DEL TRAMO INFERIOR ARROYO DE LOS MIGUELES,,200000.0,
2015,X09,Medio ambiente,ERAR SUR ORIENTAL. OPTIMIZACIÓN DEL TRATAMIENTO DE AGUAS RESIDUALES,,7733603.21,7422574.53
2015,X09,Medio ambiente,ESTANQUE DE TORMENTAS DE LOS MIGUELES. CONSTRUCCIÓN,,1209.24,
2015,X09,Medio ambiente,COLECTOR DOBLADO DE VICÁLVARO. CONSTRUCCIÓN,,225000.0,
2015,X09,Medio ambiente,DRENAJE VÍA DE SERVICIO DE LA N-III A LA ALTURA DEL ENSANCHE DE VALLECAS,,100000.0,
2015,X09,Medio ambiente,RED DE AGUA REGENERADA EN LOS ÁMBITOS URBANÍSTICOS DEL SURESTE DE MADRID,,75000.0,
2015,X09,Medio ambiente,TRAMO SUPERIOR ARROYO DE LOS MIGUELES. ACONDICIONAMIENTO,,40000.0,21235.0
2015,X03,Protección y promoción social,,,939210.09,634077.74
2015,X03,Protección y promoción social,EQUIPAMIENTO CENTRO DE MAYORES VICÁLVARO,,5000.0,4126.1
2015,X03,Protección y promoción social,AGENCIA DE EMPLEO DE VICÁLVARO. OBRAS DERIVADAS INSPECCIÓN TÉCNICA DE EDIFICIOS,,6265.86,6265.86
2015,X03,Protección y promoción social,EQUIPAMIENTO CENTROS DE MAYORES DISTRITO DE VICÁLVARO.,,49417.89,
2015,X03,Protección y promoción social,"CENTRO DE MAYORES VICÁLVARO, AV. DAROCA, 342. OBRAS DE REFORMA",,21277.25,21193.39
2015,X03,Protección y promoción social,CENTRO SERVICIOS SOCIALES VALDEBERNARDO. OBRAS DE CONSERVACIÓN,,166.7,
2015,X03,Protección y promoción social,CENTRO DE ACOGIDA PERSONAS SIN HOGAR LUIS VIVES. OBRAS DE CONSERVACIÓN,,12261.93,12261.93
2015,X03,Protección y promoción social,CENTRO SERVICIOS SOCIALES CALAHORRA. OBRAS DE CONSERVACIÓN,,3127.18,3127.18
2015,X03,Protección y promoción social,IFS-CENTRO DE ACOGIDA PERSONAS SIN HOGAR LUIS VIVES. MEJORAS INTALACIONES DE CLIMATIZACIÓN,,240000.0,227461.5
2015,X03,Protección y promoción social,IFS-CENTRO DE SERVICIOS SOCIALES DE C/ LADERA DE LOS ALMENDROS.REORDENACIÓN DE ESPACIOS,,210000.0,208643.71
2015,X03,Protección y promoción social,IFS-CENTRO DE MAYORES EL ALMENDRO. ADECUACIÓN ESTRUCTURA Y FORJADOS PASARELA,,150000.0,149304.79
2015,X03,Protección y promoción social,IFS-CENTRO DE MAYORES EL ALMENDRO. REORDENACIÓN DE ESPACIOS PARA NUEVOS USOS,,240000.0,
2015,X03,Protección y promoción social,AGENCIA DE ZONA DE VICÁLVARO. SISTEMAS PROTECCIÓN CONTRA INTRUSIÓN E INCENDIOS,,1693.28,1693.28
2015,X05,Educación,,,159766.6,133354.68
2015,X05,Educación,EQUIPAMIENTO ESCUELA INFANTIL LOS JUNCOS,,5069.43,5069.43
2015,X05,Educación,COLEGIO PÚBLICO PEDRO DUQUE. OBRAS DE CONSERVACIÓN,,17283.01,17283.01
2015,X05,Educación,COLEGIO PÚBLICO WINSTON CHURCHILL. OBRAS DE CONSERVACIÓN,,332.95,
2015,X05,Educación,COLEGIO PÚBLICO LOS ALMENDROS. OBRAS DE CONSERVACIÓN,,6731.04,6731.04
2015,X05,Educación,COLEGIO PÚBLICO VALDEBERNARDO. OBRAS DE CONSERVACIÓN,,31690.21,31525.01
2015,X05,Educación,OTRO EQUIPAMIENTO ESCUELA INFANTIL CIELO AZUL,,2098.82,2098.82
2015,X05,Educación,ESCUELA INFANTIL LOS JUNCOS. PLACA IDENTIFICATIVA,,565.07,565.07
2015,X05,Educación,EQUIPAMIENTO ESCUELA INFANTIL MOLINOS DE VIENTO,,334.89,334.89
2015,X05,Educación,ESCUELA INFANTIL AMANECER. PLACA IDENTIFICATIVA,,566.13,566.13
2015,X05,Educación,ESCUELA INFANTIL CIELO AZUL. PLACA IDENTIFICATIVA,,566.13,566.13
2015,X05,Educación,ESCUELA INFANTIL MOLINOS DE VIENTO. PLACA IDENTIFICATIVA,,566.13,566.13
2015,X05,Educación,OBRAS DE CONSERVACIÓN CENTROS DOCENTES DE ENSEÑANZA DISTRITO DE VICÁLVARO,,25306.91,
2015,X05,Educación,"COLEGIO PÚBLICO VICÁLVARO, C/ FORGES, 15. OBRAS DE REFORMA",,34284.61,34284.61
2015,X05,Educación,COLEGIO PÚBLICO ALFONSO X EL SABIO. OBRAS DE CONSERVACIÓN,,5509.97,5335.22
2015,X05,Educación,COLEGIO PÚBLICO SEVERO OCHOA. OBRAS DE CONSERVACIÓN,,22632.34,22606.53
2015,X05,Educación,ESCUELA INFANTIL CIELO AZUL. OBRAS DE CONSERVACIÓN,,918.38,775.4
2015,X05,Educación,ESCUELA INFANTIL LOS JUNCOS. OBRAS DE CONSERVACIÓN,,3500.11,3489.22
2015,X05,Educación,ESCUELA INFANTIL VICÁLVARO Nº 5. OBRAS DE CONSERVACIÓN,,252.43,
2015,X05,Educación,"ESCUELA INFANTIL MOLINOS DE VIENTO, Cº DE LA FUENTE DE ARRIBA, 4. CONSERVACIÓN",,1558.04,1558.04
2015,X00,Inversiones de carácter general,,,145895.94,111567.6
2015,X00,Inversiones de carácter general,OBRAS DE CONSERVACIÓN EDIFICIOS DISTRITO DE VICÁLVARO,,3288.04,
2015,X00,Inversiones de carácter general,"EDIFICIO AV. REAL, 36. OBRAS DE CONSERVACIÓN",,2607.9,2607.9
2015,X00,Inversiones de carácter general,IFS-EDIFICIO SEDE DISTRITO DE VICÁLVARO. MEJORAS INTALACIONES DE CLIMATIZACIÓN,,80000.0,74878.4
2015,X00,Inversiones de carácter general,IFS-ANEXO EDIFICIO SEDE DISTRITO DE VICÁLVARO. SALVAESCALERAS INTERIOR,,60000.0,34081.3
2015,X04,Salud pública,,,1141.32,1141.32
2015,X04,Salud pública,"CENTRO MADRID SALUD VICÁLVARO, C/ CALAHORRA, 11 B. ADQUISICIÓN MAQUINARIA",,141.86,141.86
2015,X04,Salud pública,"CENTRO MADRID SALUD VICÁLVARO, C/ CALAHORRA, 11 B. SEÑALIZACIÓN",,999.46,999.46
2016,X01,Protección Civil y seguridad ciudadana,,,302445.86,296707.06
2016,X01,Protección Civil y seguridad ciudadana,"IFS-UNIDAD INTEGRAL POLICÍA DISTRITO DEVICÁLVARO, Pº POLIDEPORTIVO, 138 . REFORMA CLIMATIZACIÓN",,230000.0,229975.37
2016,X01,Protección Civil y seguridad ciudadana,UNIDAD INTEGRAL POLICÍA VICÁLVARO. ADECUACIÓN INSTALACIÓN ELÉCTRICA,,59471.69,59471.69
2016,X01,Protección Civil y seguridad ciudadana,EQUIPAMIENTO UNIDAD INTEGRAL POLICÍA MUNICIPAL DISTRITO VICÁLVARO,,12974.17,7260.0
2016,X10,Cultura,,,368610.69,267122.55
2016,X10,Cultura,BIBLIOTECA PÚBLICA FRANCISCO AYALA. SUBSANACIÓN DE PATOLOGÍAS,,276923.62,177637.94
2016,X10,Cultura,CENTRO CULTURAL VALDEBERNARDO. OBRAS DE CONSERVACIÓN,,15835.04,15835.04
2016,X10,Cultura,BIBLIOTECA PÚBLICA FRANCISCO AYALA. DOTACIÓN DE MOBILIARIO Y ENSERES,,1282.6,1282.6
2016,X10,Cultura,BIBLIOTECA PÚBLICA VICÁLVARO. DOTACIÓN DE MOBILIARIO Y ENSERES,,3436.4,3436.4
2016,X10,Cultura,BIBLIOTECA PÚBLICA FRANCISCO AYALA. EQUIPOS DE COMUNICACIÓN DISCAPACITADOS AUDITIVOS,,533.02,533.02
2016,X10,Cultura,RECINTO FERIAL DE VICÁLVARO. ACOMETIDA INSTALACIÓN DE AGUA,,29772.28,28896.86
2016,X10,Cultura,RECINTO FERIAL VICÁLVARO. OBRAS DE CONSERVACIÓN,,4058.15,4058.15
2016,X10,Cultura,BIBLIOTECA PÚBLICA FRANCISCO AYALA. OBRAS DE CONSERVACIÓN,,3374.57,3374.57
2016,X10,Cultura,BIBLIOTECA PÚBLICA VICÁLVARO. OBRAS DE CONSERVACIÓN,,6504.97,6502.71
2016,X10,Cultura,EDIFICIO TALLER MUSEO. OBRAS DE CONSERVACIÓN,,890.04,890.04
2016,X10,Cultura,IFS-CENTRO CULTURAL EL MADROÑO. OBRAS MEJORA RENDIMIENTO ENERGÉTICO ILUMINACIÓN DE SALÓN DE ACTOS,,9000.0,8308.13
2016,X10,Cultura,IFS-CENTRO CULTURAL VALDEBERNARDO. OBRAS MEJORA RENDIMIENTO ENERGÉTICO ILUMINACIÓN DE SALÓN DE ACTOS,,17000.0,16367.09
2016,X11,"Deportes, juventud y esparcimiento",,,906596.72,470048.85
2016,X11,"Deportes, juventud y esparcimiento",CENTRO DEPORTIVO VALDEBERNARDO. ADECUACIÓN ACCESIBILIDAD PISCINA CUBIERTA,,147130.85,63991.37
2016,X11,"Deportes, juventud y esparcimiento",OBRAS DE CONSERVACIÓN INSTALACIONES DEPORTIVAS DISTRITO DE VICÁLVARO,,2.09,
2016,X11,"Deportes, juventud y esparcimiento",CENTRO DEPORTIVO VALDEBERNARDO. OBRAS DE CONSERVACIÓN,,24548.45,24548.44
2016,X11,"Deportes, juventud y esparcimiento",DEPORTIVO BÁSICO CORDEL DE PAVONES II. OBRAS DE CONSERVACIÓN,,5649.07,5649.07
2016,X11,"Deportes, juventud y esparcimiento",IFS-CENTRO DEPORTIVO VALDEBERNARDO . SUBSANACIÓN PATOLOGÍAS EN GRADAS CAMPO DE FÚTBOL 11,,125000.0,124930.49
2016,X11,"Deportes, juventud y esparcimiento",CENTRO DEPORTIVO VALDEBERNARDO. ADECUACIÓN CÉSPED ARTIFICIAL CAMPOS DE FÚTBOL,,212402.62,
2016,X11,"Deportes, juventud y esparcimiento",CENTRO DEPORTIVO VICÁLVARO. ADECUACIÓN CÉSPED ARTIFICIAL CAMPOS DE FÚTBOL,,133889.31,
2016,X11,"Deportes, juventud y esparcimiento",CENTRO DEPORTIVO VALDEBERNARDO. MAQUINARIA,,8600.0,8600.0
2016,X11,"Deportes, juventud y esparcimiento",CENTRO DEPORTIVO VICÁLVARO. OBRAS DE REFORMA INSTALACIÓN ELÉCTRICA,,29411.92,29411.92
2016,X11,"Deportes, juventud y esparcimiento",CENTRO DEPORTIVO VALDEBERNARDO. OBRAS DE REFORMA CLIMATIZACIÓN,,46079.91,46079.91
2016,X11,"Deportes, juventud y esparcimiento",CENTRO DEPORTIVO VALDEBERNARDO. OBRAS DE REFORMA,,33948.61,33533.36
2016,X11,"Deportes, juventud y esparcimiento",CENTRO DEPORTIVO VICÁLVARO. OBRAS DE REFORMA,,73177.15,73177.13
2016,X11,"Deportes, juventud y esparcimiento",DEPORTIVO BÁSICO CUÑA VERDE. OBRAS DE CONSERVACIÓN,,21329.12,21329.12
2016,X11,"Deportes, juventud y esparcimiento",DEPORTIVO BÁSICO VIVERO DE LA PILARICA. OBRAS DE CONSERVACIÓN,,6270.68,6270.68
2016,X11,"Deportes, juventud y esparcimiento",CENTRO DEPORTIVO VALDEBERNARDO. ADECUACIÓN ACUMULADOR AGUA CALIENTE,,34892.56,28262.98
2016,X11,"Deportes, juventud y esparcimiento",CENTRO SOCIAL POLIVALENTE VICÁLVARO. OBRAS DE CONSERVACIÓN,,4264.38,4264.38
2016,X14,Sectores productivos,,,247332.58,247332.57
2016,X14,Sectores productivos,FACTORÍA INDUSTRIAL DE VICÁLVARO. SUBSANACIÓN DE PATOLOGÍAS,,225439.02,225439.01
2016,X14,Sectores productivos,FACTORÍA INDUSTRIAL DE VICÁLVARO. SISTEMA DE VIDEOVIGILANCIA,,900.06,900.06
2016,X14,Sectores productivos,FACTORÍA INDUSTRIAL DE VICÁLVARO. ADECUACIÓN DE CUBIERTA,,20993.5,20993.5
2016,X06,Urbanismo,,,1631155.83,1611440.17
2016,X06,Urbanismo,UZP 2.03 DESARROLLO DEL ESTE LOS AHIJONES. COMPENSACIÓN,,395073.15,395073.15
2016,X06,Urbanismo,ADQUISICIÓN SUELO CAMINO REAL VICÁLVARO (EQUIPAMIENTOS),,4231.22,
2016,X06,Urbanismo,ADQUISICIÓN SUELO C/VILLABLANCA C/V Cº DE AMBROZ. VIARIO,,418864.52,418864.52
2016,X06,Urbanismo,AREA DE PLANEAMIENTO REMITIDO 19.04 LA DEHESA,,158936.84,158934.32
2016,X06,Urbanismo,DESARROLLO DEL ESTE EL CAÑAVERAL UZP 2.01. URBANIZACIÓN,,626404.22,626404.22
2016,X06,Urbanismo,"ADQUISICIÓN DE SUELO EN CAMINO REAL, VICÁLVARO",,1417.18,
2016,X06,Urbanismo,ADECUACIÓN VIALES Y ACCESIBILIDAD EN DISTRITO VICÁLVARO,,26228.7,12163.96
2016,X09,Medio ambiente,,,2119157.04,851346.4
2016,X09,Medio ambiente,AUMENTO DE LA CAPACIDAD DEL DESAGÜE DEL TRAMO INFERIOR ARROYO DE LOS MIGUELES,,18402.74,9019.38
2016,X09,Medio ambiente,ERAR SUR ORIENTAL. OPTIMIZACIÓN DEL TRATAMIENTO DE AGUAS RESIDUALES,,741514.82,622068.24
2016,X09,Medio ambiente,ESTANQUE DE TORMENTAS DE LOS MIGUELES. CONSTRUCCIÓN,,1209.24,999.37
2016,X09,Medio ambiente,COLECTOR DOBLADO DE VICÁLVARO. CONSTRUCCIÓN,,81493.5,81479.4
2016,X09,Medio ambiente,DRENAJE VÍA DE SERVICIO DE LA N-III A LA ALTURA DEL ENSANCHE DE VALLECAS,,77755.0,42765.03
2016,X09,Medio ambiente,RED DE AGUA REGENERADA EN LOS ÁMBITOS URBANÍSTICOS DEL SURESTE DE MADRID,,74959.5,44225.5
2016,X09,Medio ambiente,TRAMO SUPERIOR ARROYO DE LOS MIGUELES. ACONDICIONAMIENTO,,39862.24,23080.25
2016,X09,Medio ambiente,IFS-CASETA DE JARDINEROS C/CORDEL DE PAVONES. SUBSANACIÓN DE PATOLOGÍAS,,90000.0,6352.73
2016,X09,Medio ambiente,IFS-PARQUE VALDEBERNARDO ESTE. MEJORA DEL AJARDINAMIENTO E INSTALACIÓN DE RIEGO AUTOMÁTICO,,993960.0,21356.5
2016,X08,Mantenimiento urbano,,,339087.28,124549.55
2016,X08,Mantenimiento urbano,PAVIMENTACIÓN CALZADAS BARRIOS EN DISTRITO VICÁLVARO. FASE I,,194690.23,101436.35
2016,X08,Mantenimiento urbano,PAVIMENTACIÓN ACERAS BARRIOS EN DISTRITO VICÁLVARO. FASE I,,64397.05,20088.2
2016,X08,Mantenimiento urbano,C/VILLABLANCA. ADECUACIÓN ACERAS A LAS CONDICIONES DE ACCESIBILIDAD,,80000.0,3025.0
2016,X03,Protección y promoción social,,,228668.52,169081.96
2016,X03,Protección y promoción social,CENTRO SERVICIOS SOCIALES VALDEBERNARDO. OBRAS DE CONSERVACIÓN,,2534.82,2534.82
2016,X03,Protección y promoción social,CENTRO DE ACOGIDA JUAN LUIS VIVES. OBRAS DE CONSERVACIÓN,,23454.02,23454.02
2016,X03,Protección y promoción social,CENTRO DE MAYORES EL ALMENDRO. OBRAS DE CONSERVACIÓN,,10445.91,10445.91
2016,X03,Protección y promoción social,CENTRO DE DÍA Y MAYORES VICÁLVARO. OBRAS DE CONSERVACIÓN,,16446.65,16446.65
2016,X03,Protección y promoción social,CENTRO SERVICIOS SOCIALES VALDEBERNARDO. OBRAS DE ACONDICIONAMIENTO DESPACHOS,,26787.12,26787.12
2016,X03,Protección y promoción social,IFS-CENTRO ACOGIDA PERSONAS SIN HOGAR LUIS VIVES. OBRAS REFORMA DE LA CUBIERTA,,149000.0,89413.44
2016,X05,Educación,,,405561.16,309619.08
2016,X05,Educación,EQUIPAMIENTO ESCUELA INFANTIL LOS JUNCOS,,8154.91,
2016,X05,Educación,COLEGIO PÚBLICO PEDRO DUQUE. OBRAS DE CONSERVACIÓN,,9909.15,9909.15
2016,X05,Educación,COLEGIO PÚBLICO WINSTON CHURCHILL. OBRAS DE CONSERVACIÓN,,9176.82,9176.82
2016,X05,Educación,COLEGIO PÚBLICO LOS ALMENDROS. OBRAS DE CONSERVACIÓN,,19555.78,19555.78
2016,X05,Educación,COLEGIO PÚBLICO VALDEBERNARDO. OBRAS DE CONSERVACIÓN,,39696.65,39696.65
2016,X05,Educación,EQUIPAMIENTO ESCUELA INFANTIL CIELO AZUL,,4494.4,2982.05
2016,X05,Educación,EQUIPAMIENTO ESCUELA INFANTIL MOLINOS DE VIENTO,,4302.64,
2016,X05,Educación,COLEGIO PÚBLICO ALFONSO X EL SABIO. OBRAS DE CONSERVACIÓN,,14629.04,14629.04
2016,X05,Educación,ESCUELA INFANTIL LOS JUNCOS. OBRAS DE CONSERVACIÓN,,1899.66,1899.66
2016,X05,Educación,ESCUELA INFANTIL LOS JUNCOS. MATERIAL DIDÁCTICO,,970.76,
2016,X05,Educación,ESCUELA INFANTIL AMANECER. MATERIAL DIDÁCTICO,,159.72,
2016,X05,Educación,COLEGIO PÚBLICO ALFONSO X EL SABIO. OBRAS REPARACIÓN AGUA FRÍA SANITARIA,,53145.54,48021.9
2016,X05,Educación,COLEGIO PÚBLICO VICÁLVARO. OBRAS DE CONSERVACIÓN,,23093.22,23093.21
2016,X05,Educación,ESCUELA INFANTIL MOLINOS DE VIENTO. OBRAS DE CONSERVACIÓN,,1733.23,1733.23
2016,X05,Educación,COLEGIO PÚBLICO SEVERO OCHOA. OBRAS DE ADECUACIÓN INSTALACIÓN ELÉCTRICA,,17734.08,17734.07
2016,X05,Educación,ESCUELA INFANTIL AMANECER. OBRAS DE CONSERVACIÓN,,1810.69,1810.69
2016,X05,Educación,COLEGIO PÚBLICO VICÁLVARO (PREESCOLAR). OBRAS DE CONSERVACIÓN,,6094.87,6094.87
2016,X05,Educación,IFS-ESCUELA DE MÚSICA DE VICÁLVARO. OBRAS MEJORA RENDIMIENTO ENERGÉTICO ILUMINACIÓN DE SALÓN DE ACTOS,,15000.0,6045.36
2016,X05,Educación,IFS-COLEGIO PÚBLICO WINSTON CHURCHILL. ADECUACIÓN  ACOMETIDA ELÉCTRICA DE COCINA,,28000.0,
2016,X05,Educación,IFS-COLEGIO PÚBLICO CARMEN LAFORET. ADECUACIÓN  ACOMETIDA ELÉCTRICA DE COCINA,,37000.0,22425.41
2016,X05,Educación,IFS-COLEGIO PÚBLICO LOS ALMENDROS. ADECUACIÓN  ACOMETIDA ELÉCTRICA DE COCINA,,26000.0,19282.26
2016,X05,Educación,IFS-COLEGIO PÚBLICO PEDRO DUQUE. ADECUACIÓN  ACOMETIDA ELÉCTRICA DE COCINA,,38000.0,32117.28
2016,X05,Educación,IFS-COLEGIO PÚBLICO VALDEBERNARDO. ADECUACIÓN  ACOMETIDA ELÉCTRICA DE COCINA,,45000.0,33411.65
2016,X00,Inversiones de carácter general,,,85518.09,76903.25
2016,X00,Inversiones de carácter general,EDIFICIO SEDE DISTRITO VICÁLVARO. OBRAS DE CONSERVACIÓN,,4684.14,4684.14
2016,X00,Inversiones de carácter general,OBRAS DE CONSERVACIÓN EDIFICIOS DISTRITO DE VICÁLVARO,,24.15,
2016,X00,Inversiones de carácter general,SISTEMA INTEGRAL GRABACIÓN Y REPRODUCCIÓN SESIONES PLENARIAS DISTRITO VICÁLVARO,,7238.91,7238.91
2016,X00,Inversiones de carácter general,"NAVE PARA ALMACEN MUNICIPAL, C/AHUMADOS, 27. CONSTRUCCION",,39147.13,39147.13
2016,X00,Inversiones de carácter general,"VEHÍCULO TODOCAMINO PARA ACTUACIONES EN LA CAÑADA REAL, DISTRITO DE VICÁLVARO",,25500.0,16909.31
2016,X00,Inversiones de carácter general,EDIFICO ANEXO SEDE DISTRITO VICÁLVARO. OBRAS DE CONSERVACIÓN,,8923.76,8923.76
2016,X12,Otros bienes públicos de carácter social,,,4117.82,4117.82
2016,X12,Otros bienes públicos de carácter social,OFICINA ATENCIÓN A LA CIUDADANÍA LÍNEA MADRID VICÁLVARO. SEÑALIZACIÓN,,907.86,907.86
2016,X12,Otros bienes públicos de carácter social,OFICINA ATENCIÓN AL CIUDADANO LÍNEA MADRID DISTRITO VICÁLVARO. MOBILIARIO ADAPTADO,,1363.08,1363.08
2016,X12,Otros bienes públicos de carácter social,OTRO EQUIPAMIENTO OFICINA ATENCIÓN AL CIUDADANO LÍNEA MADRID DISTRITO VICÁLVARO,,310.37,310.37
2016,X12,Otros bienes públicos de carácter social,EQUIPAMIENTO OFICINA ATENCIÓN AL CIUDADANO LÍNEA MADRID DISTRITO VICÁLVARO,,1536.51,1536.51
2017,X01,Protección Civil y seguridad ciudadana,,,162127.38,80934.79
2017,X01,Protección Civil y seguridad ciudadana,PARQUE DE BOMBEROS Y EDIFICIO SAMUR C/TRANSFORMADOR. CONSTRUCCIÓN,,100000.0,18807.41
2017,X01,Protección Civil y seguridad ciudadana,UNIDAD INTEGRAL POLICÍA VICÁLVARO. OBRAS DE ACONDICIONAMIENTO ZONAS EXTERIORES,,62127.38,62127.38
2017,X10,Cultura,,,789677.64,46566.72
2017,X10,Cultura,"CENTRO CULTURAL EN VALDERRIVAS, C/ TITANIO. CONSTRUCCIÓN",,200000.0,10043.57
2017,X10,Cultura,CENTRO CULTURAL EL MADROÑO. OBRAS DE CONSERVACIÓN,,2147.81,2097.8
2017,X10,Cultura,CENTRO CULTURAL VALDEBERNARDO. OBRAS DE CONSERVACIÓN,,8285.86,8279.24
2017,X10,Cultura,BIBLIOTECA PÚBLICA FRANCISCO AYALA. OBRAS DE CONSERVACIÓN,,5693.7,5679.6
2017,X10,Cultura,IFS-CENTRO CULTURAL EL MADROÑO. REFORMA INSTALACIÓN ELÉCTRICA E IMPLANTACIÓN PANELES FOTOVOLTAICOS,,80000.0,
2017,X10,Cultura,IFS-CENTRO CULTURAL VALDEBERNARDO.REFORMA INSTALACIÓN ELÉCTRICA E IMPLANTACIÓN PANELES FOTOVOLTAICOS,,80000.0,
2017,X10,Cultura,BIBLIOTECA PÚBLICA FRANCISCO AYALA. INSTALACIÓN DE CARRILES PARA EXPOSICIONES,,380.48,380.48
2017,X10,Cultura,BIBLIOTECA PÚBLICA VICÁLVARO. EQUIPOS DE COMUNICACIÓN,,669.79,503.8
2017,X10,Cultura,EQUIPAMIENTO AUDIOVISUAL CENTRO CULTURAL VALDEBERNARDO,,25000.0,7424.72
2017,X10,Cultura,EQUIPAMIENTO AUDIOVISUAL CENTRO CULTURAL EL MADROÑO,,25000.0,12157.51
2017,X10,Cultura,CENTRO CULTURAL VALDEBERNARDO.OBRAS DE ADECUACIÓN CALDERA,,50000.0,
2017,X10,Cultura,IFS-CENTRO CULTURAL EL MADROÑO. OPTIMIZACIÓN CLIMATIZACIÓN E IMPERMEABILIZACIÓN CUBIERTA,,223000.0,
2017,X10,Cultura,IFS-CENTRO CULTURAL VALDEBERNARDO. PROTECCIÓN SOLAR EN LUCERNARIOS,,89500.0,
2017,X11,"Deportes, juventud y esparcimiento",,,5953401.11,2573671.27
2017,X11,"Deportes, juventud y esparcimiento",CENTRO DEPORTIVO VALDEBERNARDO. ADECUACIÓN ACCESIBILIDAD PISCINA CUBIERTA,,34421.72,21564.82
2017,X11,"Deportes, juventud y esparcimiento",OBRAS DE CONSERVACIÓN INSTALACIONES DEPORTIVAS DISTRITO DE VICÁLVARO,,300000.0,
2017,X11,"Deportes, juventud y esparcimiento",CENTRO DEPORTIVO VALDEBERNARDO. ADECUACIÓN CÉSPED ARTIFICIAL CAMPOS DE FÚTBOL,,162401.13,162401.06
2017,X11,"Deportes, juventud y esparcimiento",CENTRO DEPORTIVO VICÁLVARO. ADECUACIÓN CÉSPED ARTIFICIAL CAMPOS DE FÚTBOL,,95038.64,95038.63
2017,X11,"Deportes, juventud y esparcimiento",PABELLÓN CUBIERTO EN EL CENTRO DEPORTIVO DE VICÁLVARO. CONSTRUCCIÓN,,118885.0,31741.25
2017,X11,"Deportes, juventud y esparcimiento",CENTRO DEPORTIVO VICÁLVARO. CONSTRUCCIÓN CUBIERTA PARA PISCINA Y PISTAS,,3577.97,3577.93
2017,X11,"Deportes, juventud y esparcimiento",CENTRO DEPORTIVO VALDEBERNARDO . SUBSANACIÓN PATOLOGÍAS EN GRADAS CAMPO DE FÚTBOL 11,,12346.36,12346.36
2017,X11,"Deportes, juventud y esparcimiento",CENTRO DEPORTIVO VICÁLVARO. REFORMA PISTA DE ATLETISMO,,4136817.64,2230475.08
2017,X11,"Deportes, juventud y esparcimiento",CENTRO DEPORTIVO VALDEBERNARDO. CUBRICIÓN PISTAS POLIDEPORTIVAS,,309477.31,9233.24
2017,X11,"Deportes, juventud y esparcimiento",GIMNASIO EN EL CENTRO DEPORTIVO VICÁLVARO. ADAPTACIÓN (ID: 1472),,100000.0,
2017,X11,"Deportes, juventud y esparcimiento",ROCÓDROMO EN EL POLIDEPORTIVO DE VICÁLVARO. ADAPTACIÓN (ID: 4260),,21600.0,
2017,X11,"Deportes, juventud y esparcimiento",PISTA DEPORTIVA DE SKATEBOARD EN EL DISTRITO DE VICÁLVARO. CONSTRUCCIÓN,,10000.0,
2017,X11,"Deportes, juventud y esparcimiento",CENTRO DEPORTIVO VALDEBERNARDO. ACONDICIONAMIENTO PISTAS DE TENIS,,41200.0,
2017,X11,"Deportes, juventud y esparcimiento",DEPORTIVO BÁSICO CUÑA VERDE. OBRAS DE CONSERVACION VALLADO,,4000.0,
2017,X11,"Deportes, juventud y esparcimiento",CENTRO DEPORTIVO VICÁLVARO. ADECUACIÓN TAQUILLAS,,40342.29,
2017,X11,"Deportes, juventud y esparcimiento",DEPORTIVO BÁSICO CORDEL DE PAVONES. ADECUACIÓN PORTERÍAS,,3135.34,3135.19
2017,X11,"Deportes, juventud y esparcimiento",DEPORTIVO BÁSICO PARQUE VICALVARADA. OBRAS DE CONSERVACIÓN,,4157.71,4157.71
2017,X11,"Deportes, juventud y esparcimiento",CENTRO DEPORTIVO VALDEBERNARDO. SUBSANACIÓN DEFICIENCIAS ELÉCTRICAS,,5500.0,
2017,X11,"Deportes, juventud y esparcimiento","CENTRO JÓVEN DE VICÁLVARO, C/LAGO TIQUITACA, 10. ADAPTACIÓN A NORMATIVA ELÉCTRICA",,8500.0,
2017,X11,"Deportes, juventud y esparcimiento",IFS-CENTRO DEPORTIVO VALDEBERNARDO. ENVOLVENTE PISCINA CUBIERTA Y OPTIMIZACIÓN ILUMINACIÓN EXTERIOR,,342000.0,
2017,X11,"Deportes, juventud y esparcimiento","IFS-DEPORTIVO VALDEBERNARDO. ACCESOS EMERGENCIA, APARCAMIENTO BICICLETAS Y CUBIERTA PÁDEL",,200000.0,
2017,X14,Sectores productivos,,,173055.3,32555.3
2017,X14,Sectores productivos,EQUIPAMIENTO VIVERO DE EMPRESAS DE VICÁLVARO,,490.05,490.05
2017,X14,Sectores productivos,IFS-VIVERO DE EMPRESAS DE VICÁLVARO. OBRAS DE REFORMA,,60500.0,
2017,X14,Sectores productivos,FACTORÍA INDUSTRIAL DE VICÁLVARO. INSTALACIONES DE SEGURIDAD,,28452.06,28452.06
2017,X14,Sectores productivos,FACTORÍA INDUSTRIAL DE VICÁLVARO. INSTALACIONES DE CLIMATIZACIÓN,,3613.19,3613.19
2017,X14,Sectores productivos,NAVE LOCALES POLÍGONO INDUSTRIAL DE VICÁLVARO. CONSTRUCCIÓN,,80000.0,
2017,X06,Urbanismo,,,2236348.98,846781.64
2017,X06,Urbanismo,UZP 2.03 DESARROLLO DEL ESTE LOS AHIJONES. COMPENSACIÓN,,1737073.93,368112.78
2017,X06,Urbanismo,AREA DE PLANEAMIENTO REMITIDO 19.04 LA DEHESA,,734.0,
2017,X06,Urbanismo,DESARROLLO DEL ESTE EL CAÑAVERAL UZP 2.01. URBANIZACIÓN,,410151.82,410151.82
2017,X06,Urbanismo,ADECUACIÓN VIALES Y ACCESIBILIDAD EN DISTRITO VICÁLVARO,,88389.23,68517.04
2017,X09,Medio ambiente,,,1571725.57,244005.7
2017,X09,Medio ambiente,AUMENTO DE LA CAPACIDAD DEL DESAGÜE DEL TRAMO INFERIOR ARROYO DE LOS MIGUELES,,92867.0,92866.84
2017,X09,Medio ambiente,COLECTOR DOBLADO DE VICÁLVARO. CONSTRUCCIÓN,,0.97,
2017,X09,Medio ambiente,TRAMO SUPERIOR ARROYO DE LOS MIGUELES. ACONDICIONAMIENTO,,506.06,
2017,X09,Medio ambiente,IFS-CASETA DE JARDINEROS C/CORDEL DE PAVONES. SUBSANACIÓN DE PATOLOGÍAS,,82949.52,82944.19
2017,X09,Medio ambiente,EDIFICIO SEDE DISTRITO VICÁLVARO. PANELES SOLARES Y REFORMA ELÉCTRICA,,25000.0,
2017,X09,Medio ambiente,CENTRO DE MAYORES LADERA DE LOS ALMENDROS. PANELES SOLARES Y REFORMA ELÉCTRICA,,60000.0,
2017,X09,Medio ambiente,INSTALACIÓN APARCABICIS PROXIMIDAD CENTROS EDUCATIVOS VICÁLVARO (I.D. 3781),,4304.65,
2017,X09,Medio ambiente,INSTALACIÓN APARCABICIS EN CALZADA DISTRITO VICÁLVARO (I.D.: 5038),,6456.97,
2017,X09,Medio ambiente,TRES HUERTOS URBANOS EN EL DISTRITO DE VICÁLVARO. ADECUACIÓN (ID: 4052),,75000.0,4537.5
2017,X09,Medio ambiente,IFS-PARQUE VALDEBERNARDO ESTE. MEJORA DEL AJARDINAMIENTO Y RIEGO AUTOMÁTICO,,994000.0,
2017,X09,Medio ambiente,ÁREAS RECREATIVAS CANINAS EN EL DISTRITO DE VICÁLVARO. ADAPTACIÓN (ID: 5152),,20000.0,2758.0
2017,X09,Medio ambiente,PARQUE DE VALDEBERNARDO M-40. REHABILITACIÓN Y ORDENACIÓN DE USOS,,21344.4,21344.4
2017,X09,Medio ambiente,PARQUE DE LA VICALVARADA. REHABILITACIÓN Y ORDENACIÓN DE USOS,,21296.0,21296.0
2017,X09,Medio ambiente,PARQUES DEL BARRIO DE VALDEBERNARDO. RESTAURACIÓN Y REMODELACIÓN (ID: 2285),,20000.0,11818.0
2017,X09,Medio ambiente,RENOVACIÓN INTEGRAL ZONA VERDE ENTRE C/CORDEL PAVONES Y AVDA. DEMOCRACIA,,140000.0,4840.0
2017,X09,Medio ambiente,ÁRBOLES EN ACERAS DEL BARRIO DE  VALDEBERNARDO (ID: 4019),,8000.0,1600.77
2017,X08,Mantenimiento urbano,,,1123585.25,247313.75
2017,X08,Mantenimiento urbano,PAVIMENTACIÓN CALZADAS BARRIOS EN DISTRITO VICÁLVARO. FASE I,,26078.52,24531.15
2017,X08,Mantenimiento urbano,PAVIMENTACIÓN ACERAS BARRIOS EN DISTRITO VICÁLVARO. FASE I,,54911.24,48098.86
2017,X08,Mantenimiento urbano,C/VILLABLANCA. ADECUACIÓN ACERAS A LAS CONDICIONES DE ACCESIBILIDAD,,316500.0,
2017,X08,Mantenimiento urbano,"IFS-CANTÓN DE LIMPIEZA C/CRUZ DE LA MISA, 1. OBRAS VARIAS DE REFORMA",,45000.0,
2017,X08,Mantenimiento urbano,IFS-CALLE VILLABLANCA. ACCESIBILIDAD ACERAS,,316500.0,
2017,X08,Mantenimiento urbano,MOBILIARIO AREA MAYORES DISTRITO VICÁLVARO. INSTALACIÓN,,18399.07,18398.93
2017,X08,Mantenimiento urbano,PARQUE DE STREET WORKOUT Y CALISTENIA EN VICÁLVARO. INSTALACIONES (ID: 4487),,150000.0,118155.0
2017,X08,Mantenimiento urbano,ÁREAS DE GIMNASIA AL AIRE LIBRE EN PARQUES  DE VICÁLVARO. INSTALACIÓN(ID: 4434),,50000.0,
2017,X08,Mantenimiento urbano,MOBILIARIO URBANO EN ÁREAS INFANTILES DISTRITO VICÁLVARO,,38129.81,38129.81
2017,X08,Mantenimiento urbano,RENOVACIÓN MOBILIARIO EN ÁREAS INFANTILES DISTRITO VICÁLVARO,,108066.61,
2017,X03,Protección y promoción social,,,248500.0,540.0
2017,X03,Protección y promoción social,EQUIPAMIENTO CENTRO DE MAYORES EL ALMENDRO,,2565.58,540.0
2017,X03,Protección y promoción social,IFS-CENTRO DE ACOGIDA PARA PERSONAS SIN HOGAR LUIS VIVES. OBRAS DE REFORMA,,60000.0,
2017,X03,Protección y promoción social,EQUIPAMIENTO CENTROS DE MAYORES DISTRITO VICÁLVARO,,20516.93,
2017,X03,Protección y promoción social,EQUIPAMIENTO CENTRO DE MAYORES DAROCA,,6917.49,
2017,X03,Protección y promoción social,CENTRO DE ACOGIDA LUIS VIVES. OBRAS DE CONSERVACIÓN,,1500.0,
2017,X03,Protección y promoción social,"CENTRO DE SERVICIOS SOCIALES C/RAYA, 18. ADAPTACIÓN A NORMATIVA ELÉCTRICA",,900.0,
2017,X03,Protección y promoción social,CENTRO DE ACOGIDA PERSONAS SIN HOGAR LUIS VIVIES. ADAPTACIÓN A NORMATIVA ELÉCTRICA,,3100.0,
2017,X03,Protección y promoción social,IFS-CENTRO SERVICIOS SOCIALES EL ALMENDRO. OPTIMIZACIÓN CLIMATIZACIÓN Y CALIDAD DEL AIRE,,43500.0,
2017,X03,Protección y promoción social,IFS-CENTRO ACOGIDA VICÁLVARO. MEJORA RENDIMIENTO ENERGÉTICO,,71500.0,
2017,X03,Protección y promoción social,"IFS-CENTRO MAYORES EL ALMENDRO.MEJORA ILUMINACIÓN INTERIOR, CLIMATIZACIÓN Y CALIDAD DEL AIRE",,38000.0,
2017,X05,Educación,,,555499.63,360708.15
2017,X05,Educación,EQUIPAMIENTO ESCUELA INFANTIL LOS JUNCOS,,8154.91,8154.91
2017,X05,Educación,COLEGIO PÚBLICO WINSTON CHURCHILL. OBRAS DE CONSERVACIÓN,,1500.0,
2017,X05,Educación,COLEGIO PÚBLICO LOS ALMENDROS. OBRAS DE CONSERVACIÓN,,14937.86,14809.59
2017,X05,Educación,EQUIPAMIENTO ESCUELA INFANTIL CIELO AZUL,,1512.35,1512.35
2017,X05,Educación,EQUIPAMIENTO ESCUELA INFANTIL MOLINOS DE VIENTO,,4302.64,4302.64
2017,X05,Educación,OBRAS DE CONSERVACIÓN CENTROS DOCENTES DE ENSEÑANZA DISTRITO DE VICÁLVARO,,100000.0,
2017,X05,Educación,ESCUELA INFANTIL LOS JUNCOS. MATERIAL DIDÁCTICO,,970.76,970.76
2017,X05,Educación,ESCUELA INFANTIL AMANECER. MATERIAL DIDÁCTICO,,159.72,159.72
2017,X05,Educación,COLEGIO PÚBLICO VICÁLVARO. OBRAS DE CONSERVACIÓN,,20589.29,20586.86
2017,X05,Educación,EQUIPAMIENTO ESCUELA DE MÚSICA VICÁLVARO,,7823.07,7823.07
2017,X05,Educación,ESCUELA INFANTIL MOLINOS DE VIENTO. SUBSANACIÓN DE PATOLOGÍAS,,47432.12,
2017,X05,Educación,COLEGIO PÚBLICO SEVERO OCHOA. OBRAS DE REPARACIÓN,,47482.19,47475.4
2017,X05,Educación,COLEGIO PÚBLICO CARMEN LAFORET. ADECUACIÓN PATIO INFANTIL,,23134.72,22983.57
2017,X05,Educación,ESCUELA INFANTIL EL CIELO AZUL. OBRAS DE CONSERVACIÓN,,6409.01,4964.85
2017,X05,Educación,COLEGIO PÚBLICO VALDEBERNARDO. REFORMA PISTAS Y OTRAS,,68709.55,48149.44
2017,X05,Educación,COLEGIO PÚBLICO PEDRO DUQUE. ACONDICIONAMIENTO ARENERO PATIO INFANTIL,,22381.44,22381.44
2017,X05,Educación,COLEGIO PÚBLICO PEDRO DUQUE. SUBSANACIÓN DEFICIENCIAS ELÉCTRICAS,,16500.0,
2017,X05,Educación,COLEGIO PÚBLICO LOS ALMENDROS. SUBSANACIÓN DEFICIENCIAS ASCENSOR,,2000.0,
2017,X05,Educación,IFS-COLEGIO PÚBLICO SEVERO OCHOA. IMPERMEABILIZACIÓN DE LA CUBIERTA,,47000.0,46992.01
2017,X05,Educación,IFS-COLEGIO PÚBLICO ALFONSO X. ADECUACIÓN INSTALACIÓN AGUA FRÍA Y CALIENTE SANITARIA,,58500.0,56503.09
2017,X05,Educación,IFS-ESCUELA INFANTIL CIELO AZUL. MEJORA RENDIMIENTO ENERGÉTICO EN ZONAS COMUNES,,26500.0,24875.26
2017,X05,Educación,IFS-ESCUELA INFANTIL MOLINOS DE VIENTO. MEJORA RENDIMIENTO ENERGÉTICO EN AULAS Y SOLEAMIENTO EN FACHADA,,29500.0,28063.19
2017,X00,Inversiones de carácter general,,,215819.77,19764.76
2017,X00,Inversiones de carácter general,OBRAS DE CONSERVACIÓN EDIFICIOS DISTRITO DE VICÁLVARO,,100000.0,
2017,X00,Inversiones de carácter general,SISTEMA INTEGRAL GRABACIÓN Y REPRODUCCIÓN SESIONES PLENARIAS DISTRITO VICÁLVARO,,4819.77,4819.77
2017,X00,Inversiones de carácter general,"NAVE PARA ALMACEN MUNICIPAL, C/AHUMADOS, 27. CONSTRUCCION",,100000.0,9801.0
2017,X00,Inversiones de carácter general,EQUIPAMIENTO SERVICIOS ADMINISTRATIVOS DISTRITO VICÁLVARO,,6500.0,1973.87
2017,X00,Inversiones de carácter general,EDIFICIO JUNTA DE DISTRITO DE VICÁLVARO. CORTINA DE AIRE EN LA ENTRADA,,4500.0,3170.12
2017,X04,Salud pública,,,379.0,379.0
2017,X04,Salud pública,"CENTRO MADRID SALUD DE VICÁLVARO, C/ CALAHORRA, 11 B. ADQUISICIÓN MAQUINARIA",,379.0,379.0
2017,X12,Otros bienes públicos de carácter social,,,46247.27,1247.27
2017,X12,Otros bienes públicos de carácter social,EQUIPAMIENTO OFICINA ATENCIÓN AL CIUDADANO LÍNEA MADRID DISTRITO VICÁLVARO,,1247.27,1247.27
2017,X12,Otros bienes públicos de carácter social,ADECUACIÓN LOCALES PARA ACTIVIDADES PARTICIPATIVAS EN EL BARRIO DE LA CATALANA (VICÁLVARO),,45000.0,
2018,X01,Protección Civil y seguridad ciudadana,,,255793.01,95793.01
2018,X01,Protección Civil y seguridad ciudadana,"PARQUE DE BOMBEROS Y EDIFICIO SAMUR C/ SANTERAS, 39. CONSTRUCCIÓN",,95793.01,95793.01
2018,X01,Protección Civil y seguridad ciudadana,IFS-UNIDAD INTEGRAL DE POLICÍA MUNICIPAL VICÁLVARO. ACONDICIONAMIENTO VESTUARIOS,,160000.0,
2018,X10,Cultura,,,729504.63,483012.09
2018,X10,Cultura,"CENTRO CULTURAL EN VALDERRIVAS, C/ TITANIO. CONSTRUCCIÓN",,86122.0,
2018,X10,Cultura,IFS-CENTRO CULTURAL EL MADROÑO. REFORMA INSTALACIÓN ELÉCTRICA E IMPLANTACIÓN PANELES FOTOVOLTAICOS,,79751.9,78801.61
2018,X10,Cultura,IFS-CENTRO CULTURAL VALDEBERNARDO.REFORMA INSTALACIÓN ELÉCTRICA E IMPLANTACIÓN PANELES FOTOVOLTAICOS,,79909.33,79252.57
2018,X10,Cultura,BIBLIOTECA PÚBLICA VICÁLVARO. EQUIPOS DE COMUNICACIÓN,,165.99,165.99
2018,X10,Cultura,IFS-CENTRO CULTURAL EL MADROÑO. OPTIMIZACIÓN CLIMATIZACIÓN E IMPERMEABILIZACIÓN CUBIERTA,,109002.05,103514.21
2018,X10,Cultura,IFS-CENTRO CULTURAL VALDEBERNARDO. PROTECCIÓN SOLAR EN LUCERNARIOS,,33373.31,33373.31
2018,X10,Cultura,IFS-BIBLIOTECA PÚBLICA FRANCISCO AYALA. SISTEMA DE AUTOPRÉSTAMO,,33414.0,33413.07
2018,X10,Cultura,CENTRO CULTURAL EL MADROÑO. INERTIZACIÓN DEPÓSITO DE GASOIL,,4828.05,4828.05
2018,X10,Cultura,IFS-CENTRO CULTURAL EL MADROÑO. ADQUISICIÓN DE PROYECTORES,,1000.0,867.72
2018,X10,Cultura,PLACAS CONMEMORATIVAS DISTRITO VICÁLVARO,,16940.0,14408.92
2018,X10,Cultura,CUBIERTA PROTECTORA RECINTO FERIAL C/VILLABLANCA. INSTALACIÓN (ID: 1141),,60000.0,
2018,X10,Cultura,PANTALLA PARA RETRANSMISIONES EN PARQUE DE VALDEBERNARDO. ADQUISICIÓN (ID: 2897),,5000.0,
2018,X10,Cultura,EQUIPAMIENTO CENTROS CULTURALES DISTRITO VICÁLVARO,,27304.53,
2018,X10,Cultura,EQUIPAMIENTO CENTRO CULTURAL EL MADROÑO,,2695.47,2695.47
2018,X10,Cultura,CENTRO CULTURAL VALDEBERNARDO. ADECUACIÓN DE CALDERA,,49998.0,49993.13
2018,X10,Cultura,IFS-BIBLIOTECA FRANCISCO AYALA. ACONDICIONAMIENTO SALAS DE ESTUDIO Y LECTURA,,45000.0,44999.28
2018,X10,Cultura,IFS-CENTRO CULTURAL MADROÑO. MEJORA EFICIENCIA ENERGÉTICA Y PAVIMENTACIÓN,,30000.0,29546.89
2018,X10,Cultura,IFS-CENTRO CULTURAL VALDEBERNARDO. MEJORA ILUMINACIÓN Y OTRAS OBRAS DE CONSERVACIÓN,,25000.0,7151.87
2018,X10,Cultura,IFS-RECINTO FERIAL VICALVARO. INSTALACIÓN CORTAVIENTOS EN ESCENARIO CUBIERTO Y VESTUARIOS,,40000.0,
2018,X11,"Deportes, juventud y esparcimiento",,,7943924.82,2711657.0
2018,X11,"Deportes, juventud y esparcimiento",EQUIPAMIENTO CENTRO DEPORTIVO VICÁLVARO,,69469.46,54593.99
2018,X11,"Deportes, juventud y esparcimiento",EQUIPAMIENTO CENTRO DEPORTIVO VALDEBERNARDO,,14993.35,14993.35
2018,X11,"Deportes, juventud y esparcimiento",CENTRO DEPORTIVO VALDEBERNARDO. ADECUACIÓN ACCESIBILIDAD PISCINA CUBIERTA,,14147.13,14147.13
2018,X11,"Deportes, juventud y esparcimiento",CENTRO DEPORTIVO VALDEBERNARDO. OBRAS DE CONSERVACIÓN,,2752.16,2752.16
2018,X11,"Deportes, juventud y esparcimiento",PABELLÓN CUBIERTO EN EL CENTRO DEPORTIVO DE VICÁLVARO. CONSTRUCCIÓN,,86113.0,86112.02
2018,X11,"Deportes, juventud y esparcimiento",CENTRO DEPORTIVO VICÁLVARO. CONSTRUCCIÓN CUBIERTA PARA PISCINA Y PISTAS,,49496.0,
2018,X11,"Deportes, juventud y esparcimiento",CENTRO DEPORTIVO VICÁLVARO. REFORMA PISTA DE ATLETISMO,,1853837.86,1853777.39
2018,X11,"Deportes, juventud y esparcimiento",CENTRO DEPORTIVO VALDEBERNARDO. SUBSANACIÓN DEFICIENCIAS ELÉCTRICAS,,5150.0,5145.95
2018,X11,"Deportes, juventud y esparcimiento",IFS-CENTRO DEPORTIVO VALDEBERNARDO. ENVOLVENTE PISCINA CUBIERTA Y OPTIMIZACIÓN ILUMINACIÓN EXTERIOR,,310974.2,300414.62
2018,X11,"Deportes, juventud y esparcimiento",CENTRO DEPORTIVO DE VICÁLVARO. SUBSANACIÓN DE PATOLOGÍAS,,85616.27,85616.27
2018,X11,"Deportes, juventud y esparcimiento",CENTRO DEPORTIVO VALDEBERNARDO. ADECUACIÓN NUEVAS PISTAS DEPORTIVAS,,24509.96,24509.95
2018,X11,"Deportes, juventud y esparcimiento","CENTRO DEPORTIVO VICÁLVARO. REFORMA EDIFICIO ADMINISTRATIVO, SANEAMIENTO Y PISTAS DEPORTIVAS",,29552.4,29552.4
2018,X11,"Deportes, juventud y esparcimiento","IFS-CENTRO DEPORTIVO VICÁLVARO. REFORMA EDIFICIO ADMINISTRATIVO, SANEAMIENTO Y PISTAS DEPORTIVAS",,1650000.0,
2018,X11,"Deportes, juventud y esparcimiento",IFS-CENTRO DEPORTIVO VICÁLVARO. SUBSANACIÓN DE PATOLOGÍAS EN GALERÍA PISCINA DE VERANO,,2500000.0,
2018,X11,"Deportes, juventud y esparcimiento",IFS-CENTRO SOCIO JUVENIL VICALVARO.  MOBILIARIO,,9000.0,
2018,X11,"Deportes, juventud y esparcimiento",EQUIPAMIENTO CENTRO JUVENIL VICÁLVARO,,18150.0,
2018,X11,"Deportes, juventud y esparcimiento",IFS-CIRCUITO BMX Y PISTA DE PATINAJE EN EL ANILLO VERDE DE VICÁLVARO. CONSTRUCCIÓN (ID: 3314),,350000.0,
2018,X11,"Deportes, juventud y esparcimiento",EQUIPAMIENTO CENTROS DEPORTIVOS DISTRITO VICÁLVARO,,131.19,
2018,X11,"Deportes, juventud y esparcimiento",IFS-CENTRO DEPORTIVO VICÁLVARO. MOBILIARIO,,20000.0,915.79
2018,X11,"Deportes, juventud y esparcimiento",OBRAS DE CONSERVACION INSTALACIONES DEPORTIVAS DISTRITO DE VICÁLVARO,,13547.84,
2018,X11,"Deportes, juventud y esparcimiento",CENTRO JÓVEN DE VICÁLVARO. SUBSANACIÓN DEFICIENCIAS ELÉCTRICAS,,6084.0,6082.05
2018,X11,"Deportes, juventud y esparcimiento",IFS-CENTRO DEPORTIVO VICALVARO. CONSERVACIÓN Y MEJORA SISTEMA DE RIEGO,,35000.0,34727.31
2018,X11,"Deportes, juventud y esparcimiento",IFS-DEPORTIVO BÁSICO CORDEL PAVONES. ACONDICIONAMIENTO PISTAS DEPORTIVAS Y GRADERÍO,,230100.0,18208.2
2018,X11,"Deportes, juventud y esparcimiento","IFS-DEPORTIVO BÁSICO VICALVARADA. OPTIMIZACIÓN ILUMINACIÓN, EFICIENCIA ENERGÉTICA Y OTRAS",,125000.0,15310.42
2018,X11,"Deportes, juventud y esparcimiento",IFS-DEPORTIVO BÁSICO VIVERO DE LA PILARICA. ACONDICIONAMIENTO PISTAS Y ADECUACIÓN LUMINARIAS,,87600.0,
2018,X11,"Deportes, juventud y esparcimiento",IFS-DEPORTIVO BÁSICO PARQUE DE VALDERRIBAS. ACONDICIONAMIENTO DE PISTAS Y DOTACIÓN DE GRADERÍO,,77700.0,
2018,X11,"Deportes, juventud y esparcimiento",IFS-DEPORTIVO BÁSICO PARQUE DE CASALARREINA. ACONDICIONAMIENTO PISTAS Y ADECUACIÓN DE LUMINARIAS,,70000.0,1671.4
2018,X11,"Deportes, juventud y esparcimiento","IFS-CENTRO SOCIO JUVENIL VICALVARO. ADECUACIÓN CALDERAS, EFICIENCIA ENERGÉTICA, SOLADOS Y OTRAS",,45000.0,18269.51
2018,X11,"Deportes, juventud y esparcimiento",IFS-CENTRO DEPORTIVO VALDEBERNARDO. INSTALACIÓN DESHUMECTADORA Y EFICIENCIA ENERGÉTICA,,160000.0,144857.09
2018,X14,Sectores productivos,,,1485207.03,114329.11
2018,X14,Sectores productivos,EQUIPAMIENTO VIVERO DE EMPRESAS DE VICÁLVARO,,66.0,59.0
2018,X14,Sectores productivos,IFS-VIVERO DE EMPRESAS DE VICÁLVARO. OBRAS DE REFORMA,,53594.52,53594.52
2018,X14,Sectores productivos,FACTORÍA INDUSTRIAL DE VICÁLVARO. INSTALACIONES DE SEGURIDAD,,2336.32,2336.32
2018,X14,Sectores productivos,VIVERO DE EMPRESAS DE VICÁLVARO. EQUIPOS PARA PROCESO DE DATOS,,26302.51,24546.1
2018,X14,Sectores productivos,FACTORÍA INDUSTRIAL DE VICÁLVARO. OBRAS DE REHABILITACIÓN Y ACONDICIONAMIENTO,,18143.95,
2018,X14,Sectores productivos,"EDIFICIO EN C/ PRAT 59, C/V C/ APEADERO 1. (MARES DE MADRID). CONSTRUCCION",,203864.73,33793.17
2018,X14,Sectores productivos,"IFS-CENTRO MAR RECICLAJE (MARES DE MADRID) C/ PRAT, 59. CONSTRUCCIÓN",,1180899.0,
2018,X07,Infraestructuras,,,19000.0,
2018,X07,Infraestructuras,IFS-ASCENSOR PASARELA SOBRE ESTACIÓN CERCANÍAS VICÁLVARO. MEJORA CONDICIONES DE SEGURIDAD,,19000.0,
2018,X06,Urbanismo,,,777025.92,776922.64
2018,X06,Urbanismo,UZP 2.03 DESARROLLO DEL ESTE LOS AHIJONES. COMPENSACIÓN,,736225.56,736225.56
2018,X06,Urbanismo,DESARROLLO DEL ESTE-LOS CERROS. JUNTA DE COMPENSACIÓN,,2407.55,2407.55
2018,X06,Urbanismo,ADQUISICIÓN SUELO CAMINO REAL VICÁLVARO (EQUIPAMIENTOS),,4232.0,4231.22
2018,X06,Urbanismo,ADQUISICIÓN SUELO C/VILLABLANCA C/V Cº DE AMBROZ. VIARIO,,12769.0,12768.94
2018,X06,Urbanismo,"ADQUISICIÓN DE SUELO EN CAMINO REAL, VICÁLVARO",,1418.0,1417.18
2018,X06,Urbanismo,ADECUACIÓN VIALES Y ACCESIBILIDAD EN DISTRITO VICÁLVARO,,19872.19,19872.19
2018,X06,Urbanismo,APE 19.03 CERRO ALMODÓVAR SUR. JUNTA DE COMPENSACIÓN,,101.62,
2018,X09,Medio ambiente,,,3488154.53,209510.49
2018,X09,Medio ambiente,IFS-PARQUE VALDEBERNARDO ESTE. MEJORA DEL AJARDINAMIENTO Y RIEGO AUTOMÁTICO,,905954.65,170131.04
2018,X09,Medio ambiente,FUENTES DE AGUA POTABLE DISTRITO VICÁLVARO. INSTALACIÓN (ID: 558),,12819.88,
2018,X09,Medio ambiente,IFS-PARQUE DE VALDEBERNARDO - M-40. REHABILITACIÓN Y ORDENACIÓN DE USOS,,890000.0,
2018,X09,Medio ambiente,PARQUE FORESTAL DE VICÁLVARO. MEJORA DE CAMINOS E INSTALACIÓN HIDRANTES,,21236.0,21235.5
2018,X09,Medio ambiente,IFS-PARQUE DE LA VICALVARADA. REHABILITACIÓN Y ORDENACIÓN DE USOS,,1640000.0,
2018,X09,Medio ambiente,"IFS-ZONAS VERDES VICÁLVARO. MEJORA INSTALACIONES, INFRAESTRUCTURAS Y EQUIPAMIENTO (ID 17: 2285)",,18144.0,18143.95
2018,X08,Mantenimiento urbano,,,156059.27,56116.84
2018,X08,Mantenimiento urbano,PAVIMENTACIÓN CALZADAS BARRIOS EN DISTRITO VICÁLVARO. FASE I,,1324.42,1324.42
2018,X08,Mantenimiento urbano,PAVIMENTACIÓN ACERAS BARRIOS EN DISTRITO VICÁLVARO. FASE I,,6812.38,6812.38
2018,X08,Mantenimiento urbano,"IFS-CANTÓN DE LIMPIEZA C/CRUZ DE LA MISA, 1. OBRAS VARIAS DE REFORMA",,44995.67,44222.91
2018,X08,Mantenimiento urbano,IFS-CALLE VILLABLANCA. ACCESIBILIDAD ACERAS,,99169.67,
2018,X08,Mantenimiento urbano,HIDRANTES EN EL DISTRITO VICÁLVARO. INSTALACIÓN,,3757.13,3757.13
2018,X03,Protección y promoción social,,,832981.59,241914.18
2018,X03,Protección y promoción social,IFS-CENTRO DE ACOGIDA PARA PERSONAS SIN HOGAR LUIS VIVES. OBRAS DE REFORMA,,59693.33,59693.07
2018,X03,Protección y promoción social,IFS-CENTRO SERVICIOS SOCIALES EL ALMENDRO. OPTIMIZACIÓN CLIMATIZACIÓN Y CALIDAD DEL AIRE,,43495.77,43487.81
2018,X03,Protección y promoción social,"IFS-CENTRO MAYORES EL ALMENDRO.MEJORA ILUMINACIÓN INTERIOR, CLIMATIZACIÓN Y CALIDAD DEL AIRE",,34078.17,34078.17
2018,X03,Protección y promoción social,"CENTRO SOCIOEDUCATIVO ADOLESCENTES Y JÓVENES Nº 5, VICÁLVARO. MOBILIARIO",,1921.82,1921.82
2018,X03,Protección y promoción social,EQUIPAMIENTO NUEVO ESPACIO DE IGUADAD GLORIA FUERTES,,2424.95,
2018,X03,Protección y promoción social,CENTRO DE ACOGIDA PARA PERSONAS SIN HOGAR LUIS VIVES. OBRAS DE REFORMA,,5762.75,5762.75
2018,X03,Protección y promoción social,IFS-CENTRO DE MAYORES LADERA DE LOS ALMENDROS. PANELES FOTOVOLTAICOS Y REFORMA ELÉCTRICA (ID: 450),,60000.0,59990.8
2018,X03,Protección y promoción social,IFS-EQUIPAMIENTO CENTROS DE MAYORES VICÁLVARO,,20000.0,
2018,X03,Protección y promoción social,EQUIPAMIENTO CENTROS DE MAYORES VICÁLVARO,,11000.0,
2018,X03,Protección y promoción social,CENTRO DE ACOGIDA PERSONAS SIN HOGAR LUIS VIVES. SUBSANACIÓN DEFICIENCIAS ELÉCTRICAS,,3085.0,3083.64
2018,X03,Protección y promoción social,"CENTRO DE SERVICIOS SOCIALES C/RAYA, 18. SUBSANACIÓN DEFICIENCIAS ELÉCTRICAS",,595.0,594.8
2018,X03,Protección y promoción social,IFS-CENTRO SERVICIOS SOCIALES VALDEBERNARDO. INSTALACIONES PROTECCIÓN INCENDIOS Y FONTANERÍA,,45000.0,26323.63
2018,X03,Protección y promoción social,"IFS-CENTRO DE DÍA Y MAYORES VICÁLVARO.ADECUACIÓN INSTALACIONES,EFICIENCIA ENERGÉTICA Y ACCESIBILIDAD",,170000.0,
2018,X03,Protección y promoción social,IFS-CENTRO MAYORES VALDEBERNARDO. OPTIMIZACIÓN ILUMINACIÓN PARA MEJORA EFICIENCIA ENERGÉTICA,,35400.0,3228.14
2018,X03,Protección y promoción social,"IFS-CENTRO ACOGIDA VICALVARO. MEJORA CLIMATIZACIÓN, INSTALACIONES DE ENERGÍA SOLAR Y CUBIERTA",,190000.0,3749.55
2018,X03,Protección y promoción social,IFS-PASARELA CENTRO DE MAYORES EL ALMENDRO. ADAPTACIÓN PARA USOS MÚLTIPLES,,150000.0,
2018,X03,Protección y promoción social,"AGENCIA DE ZONA DE VICÁLVARO, AV. DAROCA, 327. ADAPTACIÓN ACCESIBILIDAD",,524.8,
2018,X05,Educación,,,1192849.02,936658.38
2018,X05,Educación,OTRO EQUIPAMIENTO ESCUELA INFANTIL CIELO AZUL,,233.04,233.04
2018,X05,Educación,ESCUELA INFANTIL CIELO AZUL. OBRAS DE CONSERVACIÓN,,5000.0,
2018,X05,Educación,EQUIPAMIENTO ESCUELA DE MÚSICA VICÁLVARO,,720.45,720.45
2018,X05,Educación,COLEGIO PÚBLICO PEDRO DUQUE. SUBSANACIÓN DEFICIENCIAS ELÉCTRICAS,,11857.0,11856.33
2018,X05,Educación,OTRO EQUIPAMIENTO ESCUELA INFANTIL MOLINOS DE VIENTO,,2043.38,2043.35
2018,X05,Educación,OTRO EQUIPAMIENTO ESCUELA INFANTIL LOS JUNCOS,,280.11,280.11
2018,X05,Educación,OTRO EQUIPAMIENTO ESCUELA INFANTIL AMANECER,,233.04,233.04
2018,X05,Educación,EQUIPAMIENTO ESCUELA DE MÚSICA DISTRITO DE VICÁLVARO,,6050.0,
2018,X05,Educación,IFS-ESCUELA INFANTIL MOLINOS DE VIENTO. SUBSANACIÓN DE PATOLOGÍAS,,250001.0,249999.79
2018,X05,Educación,IFS-COLEGIOS PÚBLICOS DEL DISTRITO DE VICÁLVARO. ADQUISICIÓN MOBILIARIO DIVERSO,,15000.0,
2018,X05,Educación,IFS-ESCUELAS INFANTILES DEL DISTRITO DE VICÁLVARO. ADQUISICIÓN MOBILIARIO DIVERSO,,60000.0,
2018,X05,Educación,OBRAS DE CONSERVACION CENTROS DOCENTES DE ENSEÑANZA DISTRITO DE VICÁLVARO,,14904.25,
2018,X05,Educación,COLEGIO PÚBLICO VICÁLVARO. ADECUACIÓN DEPÓSITO GASOIL,,3762.65,3762.65
2018,X05,Educación,COLEGIO PÚBLICO SEVERO OCHOA. OBRAS ACONDICIONAMIENTO CHIMENEA,,2553.1,2553.1
2018,X05,Educación,COLEGIO PÚBLICO ALFONSO X. ACONDICIONAMIENTO DE CARPINTERÍAS Y CALDERAS,,55012.0,54757.63
2018,X05,Educación,COLEGIO PÚBLICO VALDEBERNARDO. REPARACIÓN DE PISTAS,,35000.0,33371.59
2018,X05,Educación,COLEGIO PÚBLICO VALDEBERNARDO. ADECUACIÓN DEPÓSITO GASOIL,,6000.0,
2018,X05,Educación,COLEGIOS PÚBLICOS DISTRITO VICÁLVARO. SUBSANCIÓN DEFICIENCIAS INSPECCIÓN TÉCNICA EDIFICIOS,,30000.0,
2018,X05,Educación,ESCUELA DE MÚSICA VICÁLVARO. SUBSANACIÓN DEFICIENCIAS ELÉCTRICAS,,4299.0,4298.43
2018,X05,Educación,"IFS-COLEGIO PÚBLICO SEVERO OCHOA. ADECUACIÓN CALDERAS, EFICIENCIA ENERGÉTICA Y OTRAS",,145000.0,140924.62
2018,X05,Educación,IFS-COLEGIO PÚBLICO VICÁLVARO. ADECUACIÓN CARPINTERÍAS PARA MEJORA DE EFICIENCIA ENERGÉTICA,,75500.0,73424.17
2018,X05,Educación,"IFS-COLEGIO PÚBLICO ALFONSO X. NORMATIVA CONTRA INCENDIOS,FONTANERÍA Y ENERGÍAS RENOVABLES",,40000.0,16698.99
2018,X05,Educación,IFS-COLEGIO PÚBLICO VALDEBERNARDO. ADECUACIÓN INSTALACIONES PROTECCIÓN INCENDIOS Y FONTANERÍA,,65000.0,57854.24
2018,X05,Educación,"IFS-COLEGIO PÚBLICO LOS ALMENDROS. REPARACIÓN INSTALACIONES PROTECCIÓN INCENDIOS, FONTANERÍA Y OTRAS",,60000.0,49014.58
2018,X05,Educación,"IFS-COLEGIO PÚBLICO PEDRO DUQUE. REPARACIÓN CARPINTERÍAS, PROTECCIÓN INCENDIOS Y FONTANERÍA",,62000.0,60494.24
2018,X05,Educación,IFS-COLEGIO PÚBLICO CARMEN LAFORET. OBRAS CONSERVACIÓN E INCORPORACIÓN ELEMENTOS SEGURIDAD,,46000.0,45997.01
2018,X05,Educación,"IFS-COLEGIO PÚBLICO WINSTON CHURCHILL. INSTALACIONES INCENDIOS, FONTANERÍA Y ENERGÍAS RENOVABLES",,48000.0,41369.57
2018,X05,Educación,IFS-ESCUELA INFANTIL LOS JUNCOS. OBRAS DE MEJORA EN SEGURIDAD Y SALUBRIDAD,,47000.0,
2018,X05,Educación,IFS-ESCUELA INFANTIL EL CIELO AZUL. ADECUACIÓN CLIMATIZACIÓN PARA MEJORA EFICIENCIA ENERGÉTICA,,55000.0,40559.05
2018,X05,Educación,IFS-ESCUELA INFANTIL EL AMANECER. OBRAS CONSERVACIÓN EN ARENEROS Y FONTANERÍA,,5600.0,5413.83
2018,X05,Educación,IFS-ESCUELA MÚSICA VICÁLVARO. MEJORA INSTALACIÓN ELÉCTRICA  Y ACONDICIONAMIENTO ESPACIO LIBRE,,40800.0,40798.57
2018,X00,Inversiones de carácter general,,,6393615.64,46791.24
2018,X00,Inversiones de carácter general,"IFS-NAVE PARA ALMACEN MUNICIPAL, C/AHUMADOS, 27. CONSTRUCCION",,6235932.0,21813.14
2018,X00,Inversiones de carácter general,IFS-EDIFICIO SEDE DISTRITO VICÁLVARO. PANELES FOTOVOLTAICOS Y REFORMA ELÉCTRICA (ID: 1517),,25000.0,24978.1
2018,X00,Inversiones de carácter general,OBRAS DE CONSERVACIÓN EDIFICIOS DISTRITO VICÁLVARO,,42683.64,
2018,X00,Inversiones de carácter general,"IFS-ANEXO SEDE DISTRITO VICÁLVARO. INSTALACIÓN ELÉCTRICA, ACCESIBILIDAD Y MEJORA ENERGÉTICA",,90000.0,
2018,X04,Salud pública,,,1899.7,1899.7
2018,X04,Salud pública,"CENTRO MUNICIPAL DE SALUD COMUNITARIA DE VICÁLVARO. C/ CALAHORRA, 11. MAQUINARIA",,1899.7,1899.7
2018,X12,Otros bienes públicos de carácter social,,,42830.54,42830.54
2018,X12,Otros bienes públicos de carácter social,"LOCALES CALLE ABAD JUAN CATALÁN, 72. ADECUACIÓN",,42830.54,42830.54
2019,X01,Protección Civil y seguridad ciudadana,,,1713227.11,807452.49
2019,X01,Protección Civil y seguridad ciudadana,"PARQUE DE BOMBEROS Y EDIFICIO SAMUR C/ SANTERAS, 39. CONSTRUCCIÓN",,1595721.6,695713.19
2019,X01,Protección Civil y seguridad ciudadana,IFS-UNIDAD INTEGRAL DE POLICÍA MUNICIPAL VICÁLVARO. ACONDICIONAMIENTO VESTUARIOS,,117505.51,111739.3
2019,X10,Cultura,,,91381.07,51270.86
2019,X10,Cultura,IFS-CENTRO CULTURAL VALDEBERNARDO. MEJORA ILUMINACIÓN Y OTRAS OBRAS DE CONSERVACIÓN,,8884.47,8251.07
2019,X10,Cultura,IFS-BIBLIOTECAS PÚBLICAS DISTRITO DE VICÁLVARO. ADQUISICIÓN DE LIBROS (ID: 8745),,16500.0,16491.35
2019,X10,Cultura,BIBLIOTECA PÚBLICA FRANCISCO AYALA. SEÑALIZACIÓN,,3890.9,3890.9
2019,X10,Cultura,IFS-CENTRO CULTURAL EL MADROÑO Y CENTRO SOCIAL POLIVALENTE. ADQUISICIÓN DE DESFIBRILADORES,,4000.0,3331.85
2019,X10,Cultura,IFS-CENTROS CULTURALES DEL DISTRITO DE VICÁLVARO. ADQUISCIÓN MOBILIARIO,,8800.0,
2019,X10,Cultura,IFS-CENTRO CULTURAL VALDEBERNARDO. ADQUISICIÓN PIANO DE COLA,,30000.0,
2019,X10,Cultura,CENTRO CULTURAL EL MADROÑO. ADECUACIÓN CLIMATIZACIÓN Y AGUA CALIENTE SANITARIA,,19305.7,19305.69
2019,X11,"Deportes, juventud y esparcimiento",,,5212383.61,2690569.76
2019,X11,"Deportes, juventud y esparcimiento",OBRAS DE CONSERVACIÓN INSTALACIONES DEPORTIVAS DISTRITO DE VICÁLVARO,,2948.74,
2019,X11,"Deportes, juventud y esparcimiento","IFS-CENTRO DEPORTIVO VICÁLVARO. REFORMA EDIFICIO ADMINISTRATIVO, SANEAMIENTO Y PISTAS DEPORTIVAS",,1598689.17,1569270.83
2019,X11,"Deportes, juventud y esparcimiento",IFS-CENTRO DEPORTIVO VICÁLVARO. SUBSANACIÓN DE PATOLOGÍAS EN GALERÍA PISCINA DE VERANO,,2499949.22,612754.64
2019,X11,"Deportes, juventud y esparcimiento",IFS-CENTRO SOCIO JUVENIL VICALVARO.  MOBILIARIO,,4477.0,2182.84
2019,X11,"Deportes, juventud y esparcimiento",IFS-CENTRO DEPORTIVO VICÁLVARO. MOBILIARIO,,17424.0,8695.7
2019,X11,"Deportes, juventud y esparcimiento",IFS-DEPORTIVO BÁSICO CORDEL PAVONES. ACONDICIONAMIENTO PISTAS DEPORTIVAS Y GRADERÍO,,211158.93,193363.45
2019,X11,"Deportes, juventud y esparcimiento","IFS-DEPORTIVO BÁSICO VICALVARADA. OPTIMIZACIÓN ILUMINACIÓN, EFICIENCIA ENERGÉTICA Y OTRAS",,104653.3,104651.46
2019,X11,"Deportes, juventud y esparcimiento",IFS-DEPORTIVO BÁSICO VIVERO DE LA PILARICA. ACONDICIONAMIENTO PISTAS Y ADECUACIÓN LUMINARIAS,,86465.89,45148.37
2019,X11,"Deportes, juventud y esparcimiento",IFS-DEPORTIVO BÁSICO PARQUE DE VALDERRIBAS. ACONDICIONAMIENTO DE PISTAS Y DOTACIÓN DE GRADERÍO,,77699.86,57516.4
2019,X11,"Deportes, juventud y esparcimiento",IFS-DEPORTIVO BÁSICO PARQUE DE CASALARREINA. ACONDICIONAMIENTO PISTAS Y ADECUACIÓN DE LUMINARIAS,,68328.59,31366.1
2019,X11,"Deportes, juventud y esparcimiento","IFS-CENTRO SOCIO JUVENIL VICALVARO. ADECUACIÓN CALDERAS, EFICIENCIA ENERGÉTICA, SOLADOS Y OTRAS",,14944.65,14944.65
2019,X11,"Deportes, juventud y esparcimiento",IFS-CENTRO DEPORTIVO FAUSTINA VALLADOLID. SUSTITUCIÓN CÉSPED ARTIFICIAL CAMPO DE FÚTBOL,,300000.0,
2019,X11,"Deportes, juventud y esparcimiento","IFS-ROCÓDROMO EN EL CAÑAVERAL, DISTRITO DE VICÁLVARO. CONSTRUCCIÓN (ID: 12043)",,134993.0,
2019,X11,"Deportes, juventud y esparcimiento",IFS-CENTROS DEPORTIVOS MUNICPALES DEL DISTRITO DE VICÁLVARO. ADQUISICIÓN DE MOBILIARIO,,15000.0,654.73
2019,X11,"Deportes, juventud y esparcimiento",CENTRO DEPORTIVO FAUSTINA VALLADOLID. ADECUACIÓN CLIMATIZACIÓN Y AGUA CALIENTE SANITARIA,,47051.26,47051.25
2019,X11,"Deportes, juventud y esparcimiento",IFS-CENTROS DEPORTIVOS DEL DISTRITO DE VICÁLVARO. EQUIPOS DE SONIDO,,3600.0,2969.34
2019,X11,"Deportes, juventud y esparcimiento",IFS-CENTRO DEPORTIVO MARGOT MOLES. OBRAS DE REFORMA,,25000.0,
2019,X14,Sectores productivos,,,1328355.4,384172.03
2019,X14,Sectores productivos,FACTORÍA INDUSTRIAL DE VICÁLVARO. OBRAS DE REHABILITACIÓN Y ACONDICIONAMIENTO,,18143.95,18143.95
2019,X14,Sectores productivos,"EDIFICIO EN C/ PRAT 59, C/V C/ APEADERO 1. (MARES DE MADRID). CONSTRUCCION",,129312.45,122085.91
2019,X14,Sectores productivos,"IFS-CENTRO MAR RECICLAJE (MARES DE MADRID) C/ PRAT, 59. CONSTRUCCIÓN",,1180899.0,243942.17
2019,X07,Infraestructuras,,,12821.69,12821.68
2019,X07,Infraestructuras,IFS-ASCENSOR PASARELA SOBRE ESTACIÓN CERCANÍAS VICÁLVARO. MEJORA CONDICIONES DE SEGURIDAD,,12821.69,12821.68
2019,X06,Urbanismo,,,1334385.48,1268357.53
2019,X06,Urbanismo,UZP 2.03 DESARROLLO DEL ESTE LOS AHIJONES. COMPENSACIÓN,,733181.48,733181.48
2019,X06,Urbanismo,DESARROLLO DEL ESTE-LOS CERROS. JUNTA DE COMPENSACIÓN,,1204.0,
2019,X06,Urbanismo,ADQUISICIÓN DE SUELO EN CUÑA VERDE DE VICÁLVARO. ZONA VERDE,,600000.0,535176.05
2019,X09,Medio ambiente,,,5662051.1,1276416.63
2019,X09,Medio ambiente,"COLECTOR VICÁLVARO A, SECTOR LOS AHIJONES. CONSTRUCCIÓN",,60453.66,8936.15
2019,X09,Medio ambiente,AUMENTO DE LA CAPACIDAD DEL DESAGÜE DEL TRAMO INFERIOR ARROYO DE LOS MIGUELES,,125000.0,
2019,X09,Medio ambiente,COLECTOR DOBLADO DE VICÁLVARO. CONSTRUCCIÓN,,259863.01,
2019,X09,Medio ambiente,DRENAJE VÍA DE SERVICIO DE LA N-III A LA ALTURA DEL ENSANCHE DE VALLECAS,,125000.0,
2019,X09,Medio ambiente,TRAMO SUPERIOR ARROYO DE LOS MIGUELES. ACONDICIONAMIENTO,,41540.8,
2019,X09,Medio ambiente,FUENTES DE AGUA POTABLE DISTRITO VICÁLVARO. INSTALACIÓN (ID: 558),,37887.54,14997.28
2019,X09,Medio ambiente,IFS-PARQUE DE VALDEBERNARDO - M-40. REHABILITACIÓN Y ORDENACIÓN DE USOS,,809052.48,345475.7
2019,X09,Medio ambiente,IFS-PARQUE DE LA VICALVARADA. REHABILITACIÓN Y ORDENACIÓN DE USOS,,1448240.0,382301.46
2019,X09,Medio ambiente,"IFS-ZONAS VERDES VICÁLVARO. MEJORA INSTALACIONES, INFRAESTRUCTURAS Y EQUIPAMIENTO (ID 17: 2285)",,770000.0,
2019,X09,Medio ambiente,IFS-CONEXIÓN DEL DRENAJE DEL CEMENTERIO MUNICIPAL DE VICÁLVARO CON RED  MUNICIPAL,,50000.0,30440.37
2019,X09,Medio ambiente,PARQUE VALDEBERNARDO ESTE. MEJORA DEL AJARDINAMIENTO Y RIEGO AUTOMÁTICO,,465051.13,463403.19
2019,X09,Medio ambiente,ZONAS VERDES PLAZA DON ANTONIO DE ANDRÉS. REMODELACIÓN,,30862.48,30862.48
2019,X09,Medio ambiente,"BOSQUE URBANO EN EL CAÑAVERAL, DISTRITO DE VICÁLVARO. PLANTACIÓN (ID: 12076)",,40000.0,
2019,X09,Medio ambiente,IFS-PARQUE FORESTAL DE VICÁLVARO. MEJORA DE CAMINOS E INSTALACIÓN DE HIDRANTES,,1399100.0,
2019,X08,Mantenimiento urbano,,,110742.31,55759.07
2019,X08,Mantenimiento urbano,PAVIMENTACIÓN CALZADAS BARRIOS EN DISTRITO VICÁLVARO. FASE I,,1960.23,1960.23
2019,X08,Mantenimiento urbano,CALLE VILLABLANCA. ACCESIBILIDAD ACERAS,,54581.31,49598.07
2019,X08,Mantenimiento urbano,HIDRANTES EN EL DISTRITO DE VICÁLVARO. INSTALACIÓN,,4200.77,4200.77
2019,X08,Mantenimiento urbano,IFS-ÁREAS DE GIMNASIA AL AIRE LIBRE EN PARQUES  DE VICÁLVARO. INSTALACIÓN (ID 17: 4434),,50000.0,
2019,X03,Protección y promoción social,,,452874.67,327189.21
2019,X03,Protección y promoción social,EQUIPAMIENTO NUEVO ESPACIO DE IGUADAD GLORIA FUERTES,,1715.65,1715.65
2019,X03,Protección y promoción social,IFS-EQUIPAMIENTO CENTROS DE MAYORES VICÁLVARO,,11321.05,11321.05
2019,X03,Protección y promoción social,"IFS-CENTRO DE DÍA Y MAYORES VICÁLVARO.ADECUACIÓN INSTALACIONES,EFICIENCIA ENERGÉTICA Y ACCESIBILIDAD",,169973.99,144751.64
2019,X03,Protección y promoción social,IFS-CENTRO MAYORES VALDEBERNARDO. OPTIMIZACIÓN ILUMINACIÓN PARA MEJORA EFICIENCIA ENERGÉTICA,,29117.83,29113.86
2019,X03,Protección y promoción social,"IFS-CENTRO ACOGIDA VICALVARO. MEJORA CLIMATIZACIÓN, INSTALACIONES DE ENERGÍA SOLAR Y CUBIERTA",,167300.45,127354.98
2019,X03,Protección y promoción social,"AGENCIA DE ZONA DE VICÁLVARO, AV. DAROCA, 327. ADAPTACIÓN ACCESIBILIDAD",,524.8,524.8
2019,X03,Protección y promoción social,EQUIPAMIENTO CENTRO DE DÍA DE MAYORES VICÁLVARO,,6000.0,4077.49
2019,X03,Protección y promoción social,IFS-CENTRO DE MAYORES DE DAROCA. EQUIPAMIENTO DE COCINA,,5000.0,
2019,X03,Protección y promoción social,IFS-CENTROS DE MAYORES DEL DISTRITO DE VICÁVARO. ADQUISICION DESFIBRILADORES,,4000.0,3331.86
2019,X03,Protección y promoción social,IFS-CENTROS DE MAYORES DEL DISTRITO DE VICÁLVARO. MOBILIARIO Y ENSERES,,3000.0,
2019,X03,Protección y promoción social,CENTRO SERVICIOS SOCIALES VICÁLVARO. SISTEMA ALARMA ANTI-INTRUSIÓN,,8000.0,4997.88
2019,X03,Protección y promoción social,IFS-EQUIPAMIENTO CENTROS DE SERVICIOS SOCIALES DEL DISTRITO DE VICÁLVARO,,5625.0,
2019,X03,Protección y promoción social,IFS-CENTRO DE SERVICIOS SOCIALES VALDEBERNARDO. ADQUISICIÓN DE MOBILIARIO,,10000.0,
2019,X03,Protección y promoción social,IFS-CENTRO DE SERVICIOS SOCIALES EL ALMENDRO. OBRAS DE REFORMA,,30000.0,
2019,X03,Protección y promoción social,"C.C. EL MADROÑO. ADQUISICIÓN DE PROYECTORES, PNTALLAS Y ALTAVOCES",,1295.9,
2019,X05,Educación,,,386615.14,224486.67
2019,X05,Educación,OTRO EQUIPAMIENTO ESCUELA INFANTIL CIELO AZUL,,104.45,104.45
2019,X05,Educación,OTRO EQUIPAMIENTO ESCUELA INFANTIL MOLINOS DE VIENTO,,156.67,156.67
2019,X05,Educación,OTRO EQUIPAMIENTO ESCUELA INFANTIL LOS JUNCOS,,104.45,104.45
2019,X05,Educación,OTRO EQUIPAMIENTO ESCUELA INFANTIL AMANECER,,309.05,309.05
2019,X05,Educación,EQUIPAMIENTO ESCUELA DE MÚSICA DISTRITO DE VICÁLVARO,,11952.98,10674.85
2019,X05,Educación,IFS-COLEGIOS PÚBLICOS DEL DISTRITO DE VICÁLVARO. ADQUISICIÓN MOBILIARIO DIVERSO,,14127.38,14127.38
2019,X05,Educación,IFS-ESCUELAS INFANTILES DEL DISTRITO DE VICÁLVARO. ADQUISICIÓN MOBILIARIO DIVERSO,,59598.57,55468.66
2019,X05,Educación,"IFS-COLEGIO PÚBLICO SEVERO OCHOA. ADECUACIÓN CALDERAS, EFICIENCIA ENERGÉTICA Y OTRAS",,3844.33,
2019,X05,Educación,IFS-ESCUELA INFANTIL EL CIELO AZUL. ADECUACIÓN CLIMATIZACIÓN PARA MEJORA EFICIENCIA ENERGÉTICA,,14100.26,14100.26
2019,X05,Educación,IFS-ESCUELAS INFANTILES DEL DISTRITO DE VICÁLVARO. COMPRA DE DESFIBRILADORES,,2000.0,
2019,X05,Educación,IFS-ESCUELAS INFANTILES DISTRITO DE VICÁLVARO COMPRA DE MOBILIARIO,,20000.0,
2019,X05,Educación,COLEGIO PÚBLICO WINSTON CHURCHILL. ADECUACIÓN CLIMATIZACIÓN Y AGUA CALIENTE SANITARIA,,40166.1,40166.08
2019,X05,Educación,COLEGIO PÚBLICO PEDRO DUQUE. ADECUACIÓN SANEAMIENTO COCINA,,14717.36,14717.35
2019,X05,Educación,COLEGIO PÚBLICO WINSTON CHURCHILL. ADECUACIÓN LUMINARIAS,,2408.13,2408.13
2019,X05,Educación,ESCUELA INFANTIL MOLINOS DE VIENTO. ADECUACIÓN LUMINARIAS,,1204.06,1204.06
2019,X05,Educación,ESCUELA INFANTIL CIELO AZUL. ADECUACIÓN LUMINARIAS,,1254.24,1254.24
2019,X05,Educación,ESCUELA INFANTIL CIELO AZUL. ADECUACIÓN CLIMATIZACIÓN Y AGUA CALIENTE SANITARIA,,13148.01,13148.01
2019,X05,Educación,ESCUELA INFANTIL CIELO AZUL. ADECUACIÓN INSTALACIÓN ELÉCTRICA,,4870.95,4870.95
2019,X05,Educación,ESCUELA DE MÚSICA VICÁLVARO. ADECUACIÓN ESCALERA LATERAL Y PRIMERA PLANTA,,42548.15,42548.15
2019,X05,Educación,IFS-COLEGIO PÚBLICO ALFONSO X. OBRAS DE CONSERVACIÓN,,40000.0,
2019,X05,Educación,IFS-ESCUELA INFANTIL MOLINOS DE VIENTO. OBRAS DE REFORMA,,70000.0,
2019,X05,Educación,IFS-ESCUELA INFANTIL EL AMANECER. OBRAS DE REFORMA,,30000.0,9123.93
2019,X00,Inversiones de carácter general,,,6328012.46,6211534.7
2019,X00,Inversiones de carácter general,"NAVE PARA ALMACEN MUNICIPAL, C/AHUMADOS, 27. CONSTRUCCION",,430678.74,430678.74
2019,X00,Inversiones de carácter general,"IFS-NAVE PARA ALMACEN MUNICIPAL, C/AHUMADOS, 27. CONSTRUCCION",,5654118.47,5654118.47
2019,X00,Inversiones de carácter general,"IFS-ANEXO SEDE DISTRITO VICÁLVARO. INSTALACIÓN ELÉCTRICA, ACCESIBILIDAD Y MEJORA ENERGÉTICA",,89829.5,82258.93
2019,X00,Inversiones de carácter general,EQUIPAMIENTO SERVICIOS ADMINISTRATIVOS DEL DISTRITO DE VICÁLVARO,,8700.0,300.58
2019,X00,Inversiones de carácter general,EDIFICIO SEDE DEL DISTRITO VICÁLVARO. OBRAS DE ACONDICIONAMIENTO,,18685.75,18685.75
2019,X00,Inversiones de carácter general,IFS-EDIFICIO ANEXO A LA SEDE DEL DISTRITO VICÁLVARO. OBRAS DE REFORMA,,100000.0,
2019,X00,Inversiones de carácter general,"IFS-EDIFICIO AV. REAL, 36. OBRAS DE ACONDICIONAMIENTO EXTERIOR",,26000.0,25492.23
2019,X04,Salud pública,,,33668.26,33360.01
2019,X04,Salud pública,EQUIPAMIENTO CENTRO MUNICIPAL DE SALUD COMUNITARIA VICÁLVARO,,3418.26,3418.26
2019,X04,Salud pública,IFS-CENTRO MADRID SALUD VICÁLVARO. OBRAS DE REFORMA,,30250.0,29941.75
2019,X12,Otros bienes públicos de carácter social,,,3928.81,3828.9
2019,X12,Otros bienes públicos de carácter social,EQUIPAMIENTO OFICINA ATENCIÓN AL CIUDADANO LÍNEA MADRID VICÁLVARO,,2384.85,2284.94
2019,X12,Otros bienes públicos de carácter social,OFICINA ATENCIÓN AL CIUDADANO LÍNEA MADRID VICÁLVARO. SEÑALIZACIÓN,,1543.96,1543.96
2020,X01,Protección Civil y seguridad ciudadana,,,5837891.2,5837888.92
2020,X01,Protección Civil y seguridad ciudadana,"PARQUE DE BOMBEROS Y EDIFICIO SAMUR C/ SANTERAS, 39. CONSTRUCCIÃN",,5837891.2,5837888.92
2020,X10,Cultura,,,144729.23,141396.89
2020,X10,Cultura,"CENTRO CULTURAL EN VALDERRIVAS, C/ TITANIO. CONSTRUCCIÃN",,99837.95,99837.95
2020,X10,Cultura,IFS-CENTROS CULTURALES DEL DISTRITO DE VICÃLVARO. ADQUISCIÃN MOBILIARIO,,6008.03,6008.03
2020,X10,Cultura,IFS-CENTRO CULTURAL VALDEBERNARDO. ADQUISICIÃN PIANO DE COLA,,16468.0,16468.0
2020,X10,Cultura,EQUIPAMIENTO CENTRO CULTURAL EL MADROÃO,,14127.96,13884.75
2020,X10,Cultura,EQUIPAMIENTO CENTRO SOCIOCULTURAL VICÃLVARO,,3089.13,
2020,X10,Cultura,SERVICIOS CULTURALES DISTRITO VICÃLVARO. ADQUISICIÃN EQUIPO PROYECCIÃN PARA CONCIERTOS,,5198.16,5198.16
2020,X11,"Deportes, juventud y esparcimiento",,,2921716.78,2820365.75
2020,X11,"Deportes, juventud y esparcimiento",IFS-CENTRO DEPORTIVO MARGOT MOLES. OBRAS DE REFORMA,,19657.74,19657.74
2020,X11,"Deportes, juventud y esparcimiento",EQUIPAMIENTO CENTRO DEPORTIVO MARGOT MOLES,,3025.0,3025.0
2020,X11,"Deportes, juventud y esparcimiento",IFS-CENTRO DEPORTIVO FAUSTINA VALLADOLID. SUSTITUCIÃN CÃSPED ARTIFICIAL CAMPO DE FÃTBOL,,298793.46,214632.48
2020,X11,"Deportes, juventud y esparcimiento",CENTRO DEPORTIVO VICÃLVARO. CONSTRUCCIÃN CUBIERTA PARA PISCINA Y PISTAS,,64897.33,64897.33
2020,X11,"Deportes, juventud y esparcimiento",CENTRO DEPORTIVO VICÃLVARO. SUBSANACIÃN DE PATOLOGÃAS EN GALERÃA PISCINA DE VERANO,,2133537.79,2133537.39
2020,X11,"Deportes, juventud y esparcimiento",EQUIPAMIENTO CENTROS DEPORTIVOS DEL DISTRITO DE VICÃLVARO,,100.0,
2020,X11,"Deportes, juventud y esparcimiento",OBRAS DE CONSERVACIÃN INSTALACIONES DEPORTIVAS DISTRITO DE VICÃLVARO,,8304.32,
2020,X11,"Deportes, juventud y esparcimiento",CENTRO DEPORTIVO FAUSTINA VALLADOLID. ACONDICIONAMIENTO CERRAMIENTO Y PRADERA,,51456.73,51456.73
2020,X11,"Deportes, juventud y esparcimiento",CENTRO DEPORTIVO MARGOT MOLES. INSTALACIÃN POSTES Y REDES PARABALONES,,10839.91,9544.67
2020,X11,"Deportes, juventud y esparcimiento",CENTRO DEPORTIVO MARGOT MOLES. SUBSANACIÃN DEFICIENCIAS ELÃCTRICAS,,47715.58,41132.83
2020,X11,"Deportes, juventud y esparcimiento",DEPORTIVO BÃSICO CORDEL DE PAVONES. CERRAMIENTO PISTAS DE PÃDEL Y PAVIMENTACIÃN,,179997.22,179993.2
2020,X11,"Deportes, juventud y esparcimiento",CENTRO DEPORTIVO MARGOT MOLES. ADECUACIÃN SISTEMA DE RIEGO Y CÃSPED,,30637.1,30461.98
2020,X11,"Deportes, juventud y esparcimiento",CENTRO DEPORTIVO FAUSTINA VALLADOLID. ADECUACIÃN CÃSPED ARTIFICIAL PISTAS PÃDEL,,34775.42,34775.42
2020,X11,"Deportes, juventud y esparcimiento",CENTRO DEPORTIVO MARGOT MOLES. OBRAS DE ACONDICIONAMIENTO MURO,,26573.72,25845.52
2020,X11,"Deportes, juventud y esparcimiento",IFS-CENTROS DEPORTIVOS MUNICPALES DEL DISTRITO DE VICÃLVARO. ADQUISICIÃN DE MOBILIARIO,,11405.46,11405.46
2020,X14,Sectores productivos,,,252128.14,94901.48
2020,X14,Sectores productivos,"EDIFICIO EN C/ PRAT 59, C/V C/ APEADERO 1. (MARES DE MADRID). CONSTRUCCION",,89910.78,82684.13
2020,X14,Sectores productivos,FACTORÃA INDUSTRIAL DE VICÃLVARO. INSTALACIONES,,12217.36,12217.35
2020,X14,Sectores productivos,"CENTRO DE INNOVACIÃN ECONOMÃA CIRCULAR (CIEC) VICÃLVARO, C/ PRAT, 59. MOBILIARIO Y OTROS ENSERES",,150000.0,
2020,X07,Infraestructuras,,,2179721.0,
2020,X07,Infraestructuras,APARCAMIENTO DISUASORIO EN PASEO ARTILLEROS. CONSTRUCCIÃN,,2179721.0,
2020,X06,Urbanismo,,,3486805.32,2706137.73
2020,X06,Urbanismo,DESARROLLO DEL ESTE EL CAÃAVERAL UZP 2.01. URBANIZACIÃN,,207935.0,103967.5
2020,X06,Urbanismo,UZP 2.03 DESARROLLO DEL ESTE LOS AHIJONES. COMPENSACIÃN,,3235018.24,2566135.18
2020,X06,Urbanismo,DESARROLLO DEL ESTE-LOS CERROS. JUNTA DE COMPENSACIÃN,,3852.08,3852.08
2020,X06,Urbanismo,C/ VILLABLANCA. REMODELACIÃN TERRIZOS DE LA  ZONA POSTERIOR,,40000.0,32182.97
2020,X09,Medio ambiente,,,12592809.05,2554361.65
2020,X09,Medio ambiente,TRAMO SUPERIOR ARROYO DE LOS MIGUELES. ACONDICIONAMIENTO,,1069172.0,355139.97
2020,X09,Medio ambiente,COLECTOR DOBLADO DE VICÃLVARO. CONSTRUCCIÃN,,5109656.81,551084.57
2020,X09,Medio ambiente,DRENAJE VÃA DE SERVICIO DE LA N-III A LA ALTURA DEL ENSANCHE DE VALLECAS,,4116266.29,
2020,X09,Medio ambiente,AUMENTO DE LA CAPACIDAD DEL DESAGÃE DEL TRAMO INFERIOR ARROYO DE LOS MIGUELES,,110000.0,7882.55
2020,X09,Medio ambiente,"COLECTOR VICÃLVARO A, SECTOR LOS AHIJONES. CONSTRUCCIÃN",,51518.0,51517.49
2020,X09,Medio ambiente,FUENTES DE AGUA POTABLE DISTRITO VICÃLVARO. INSTALACIÃN (ID: 558),,787.0,
2020,X09,Medio ambiente,PARQUE DE VALDEBERNARDO - M-40. REHABILITACIÃN Y ORDENACIÃN DE USOS,,224806.47,224806.47
2020,X09,Medio ambiente,PARQUE DE LA VICALVARADA. REHABILITACIÃN Y ORDENACIÃN DE USOS,,656091.08,650399.36
2020,X09,Medio ambiente,IFS-PARQUE FORESTAL DE VICÃLVARO. MEJORA DE CAMINOS E INSTALACIÃN DE HIDRANTES,,1254511.4,713531.24
2020,X08,Mantenimiento urbano,,,64160.52,36616.3
2020,X08,Mantenimiento urbano,CALLE VILLABLANCA. ACCESIBILIDAD ACERAS,,4962.0,4898.79
2020,X08,Mantenimiento urbano,HIDRANTES EN EL DISTRITO DE VICÃLVARO. INSTALACIÃN,,4240.72,4240.72
2020,X08,Mantenimiento urbano,IFS-ÃREAS DE GIMNASIA AL AIRE LIBRE EN PARQUES  DE VICÃLVARO. INSTALACIÃN (ID 17: 4434),,49957.8,27476.79
2020,X08,Mantenimiento urbano,CONSERVACIÃN Y REFORMA VÃAS PÃBLICAS DEL DISTRITO DE VICÃLVARO,,5000.0,
2020,X03,Protección y promoción social,,,12102.57,11802.57
2020,X03,Protección y promoción social,IFS-CENTRO DE MAYORES DE DAROCA. EQUIPAMIENTO DE COCINA,,4421.34,4421.34
2020,X03,Protección y promoción social,EQUIPAMIENTO CENTROS DE MAYORES DISTRITO VICÃLVARO,,200.0,
2020,X03,Protección y promoción social,IFS-CENTROS DE MAYORES DEL DISTRITO DE VICÃLVARO. MOBILIARIO Y ENSERES,,2778.16,2778.16
2020,X03,Protección y promoción social,EQUIPAMIENTO CENTROS SERVICIOS SOCIALES DISTRITO VICÃLVARO,,100.0,
2020,X03,Protección y promoción social,IFS-EQUIPAMIENTO CENTROS DE SERVICIOS SOCIALES DEL DISTRITO DE VICÃLVARO,,1420.78,1420.78
2020,X03,Protección y promoción social,IFS-CENTRO DE SERVICIOS SOCIALES VALDEBERNARDO. ADQUISICIÃN DE MOBILIARIO,,1649.22,1649.22
2020,X03,Protección y promoción social,"AGENCIA DE ZONA DE VICÃLVARO, AV.DAROCA, 327. MAMPARAS Y BIOMBOS PROTECTORES",,1533.07,1533.07
2020,X05,Educación,,,121872.2,101272.31
2020,X05,Educación,"EQUIPAMIENTO ESCUELA INFANTIL LOS JUNCOS, PLAZA DE LA JUVENTUD, 7",,892.98,892.98
2020,X05,Educación,"EQUIPAMIENTO ESCUELA INFANTIL CIELO AZUL,  BULEVAR INDALECIO PRIETO, 16",,446.49,446.49
2020,X05,Educación,ESCUELA INFANTIL EN EL CAÃAVERAL. CONSTRUCCIÃN,,60540.25,60540.12
2020,X05,Educación,OBRAS DE CONSERVACIÃN CENTROS DOCENTES DE ENSEÃANZA DISTRITO DE VICÃLVARO,,20000.0,
2020,X05,Educación,IFS-COLEGIO PÃBLICO ALFONSO X. OBRAS DE CONSERVACIÃN,,39992.48,39392.72
2020,X00,Inversiones de carácter general,,,1588579.54,1567555.11
2020,X00,Inversiones de carácter general,"NAVE PARA ALMACEN MUNICIPAL, C/AHUMADOS, 27. CONSTRUCCION",,1270955.25,1270954.28
2020,X00,Inversiones de carácter general,EQUIPAMIENTO SERVICIOS ADMINISTRATIVOS DEL DISTRITO DE VICALVARO,,100.0,
2020,X00,Inversiones de carácter general,"NAVE C/ AHUMAOS, 27. ADECUACIÃN VALLADO PARCELA",,294312.78,293389.32
2020,X00,Inversiones de carácter general,EQUIPAMIENTO SERVICIOS ADMINISTRATIVOS DEL DISTRITO DE VICÃLVARO,,3211.51,3211.51
2020,X00,Inversiones de carácter general,OBRAS DE CONSERVACIÃN EDIFICIOS DISTRITO DE VICÃLVARO,,9104.53,
2020,X00,Inversiones de carácter general,"OFICINA SANIDAD DISTRITO VICÃLVARO, AVDA. REAL, 36. ADECUACIÃN CUARTO CALDERAS",,10895.47,
2020,X04,Salud pública,,,5088.07,5088.07
2020,X04,Salud pública,CENTRO MUNICIPAL DE SALUD VICÃLVARO. ELEMENTOS Y SEÃALIZACIÃN PROTECCIÃN,,5088.07,5088.07
2020,X12,Otros bienes públicos de carácter social,,,1844.04,1844.04
2020,X12,Otros bienes públicos de carácter social,OFICINA ATENCIÃN AL CIUDADANO VICÃLVARO. ELEMENTOS PROTECTORES HIGIÃNICO-SANITARIOS,,718.74,718.74
2020,X12,Otros bienes públicos de carácter social,OFICINA ATENCIÃN CIUDADANA LÃNEA MADRID VICÃLVARO. MOBILIARIO,,1125.3,1125.3
2021,X01,Protección Civil y seguridad ciudadana,,,690737.06,671492.6
2021,X01,Protección Civil y seguridad ciudadana,"PARQUE DE BOMBEROS Y EDIFICIO SAMUR C/ SANTERAS, 39. CONSTRUCCIÓN",,650301.99,650301.99
2021,X01,Protección Civil y seguridad ciudadana,"EQUIPAMIENTO BASE 17 SAMUR-PROTECCIÓN CIVIL, C/ SANTERAS, 39",,18119.97,
2021,X01,Protección Civil y seguridad ciudadana,"BASE SAMUR-PROTECCIÓN CIVIL C/ SANTERAS, 39. INSTALACIÓN REJAS Y PUERTA ACCESO",,5000.0,3875.51
2021,X01,Protección Civil y seguridad ciudadana,"EQUIPAMIENTO DE PARQUE BOMBEROS Nº 13, C/ SANTERAS, 39",,17315.1,17315.1
2021,X10,Cultura,,,1787148.1,1767038.29
2021,X10,Cultura,"CENTRO CULTURAL EN VALDERRIVAS, C/ TITANIO. CONSTRUCCIÓN",,1566387.89,1554907.91
2021,X10,Cultura,EQUIPAMIENTO CENTRO CULTURAL EL MADROÑO,,243.21,243.21
2021,X10,Cultura,CENTROS CULTURALES DISTRITO VICÁLVARO. ADQUISICIÓN ÚTILES Y HERRAMIENTAS,,451.0,429.31
2021,X10,Cultura,EQUIPAMIENTO CENTRO SOCIOCULTURAL VICÁLVARO,,3089.13,3089.13
2021,X10,Cultura,CENTROS CULTURALES DISTRITO VICÁLVARO. MEDIDORES CO2 (DIÓXIDO DE CARBONO),,4000.0,3642.1
2021,X10,Cultura,OTROS CENTROS PARA MANIFESTACIONES CULTURALES DISTRITO VICÁLVARO. MEDIDORES CO2 (DIÓXIDO DE CARBONO),,2200.0,2081.2
2021,X10,Cultura,CENTROS CULTURALES DISTRITO DE VICÁLVARO. ADQUISICIÓN CUBOS-PAPELERAS CON PEDAL,,533.0,485.21
2021,X10,Cultura,EQUIPAMIENTO CENTRO CULTURAL VALDEBERNARDO,,18000.0,15938.84
2021,X10,Cultura,CENTRO CULTURAL EL MADROÑO. OBRAS DE REPARACIÓN DE CUBIERTA,,171243.87,167290.53
2021,X10,Cultura,CENTRO CULTURAL EL MADROÑO. ADECUACIÓN ZONA SOPORTALES Y MEJORA DE LA ILUMINACIÓN,,21000.0,18930.85
2021,X11,"Deportes, juventud y esparcimiento",,,1270946.86,984960.07
2021,X11,"Deportes, juventud y esparcimiento",INSTALACIÓN DEPORTIVA BÁSICA EN EL CAÑAVERAL. CONSTRUCCIÓN (ID 20: 16732),,42000.0,6655.0
2021,X11,"Deportes, juventud y esparcimiento",OBRAS DE CONSERVACIÓN INSTALACIONES DEPORTIVAS DISTRITO DE VICÁLVARO,,3876.4,
2021,X11,"Deportes, juventud y esparcimiento",CENTRO DEPORTIVO FAUSTINA VALLADOLID. SUSTITUCIÓN CÉSPED ARTIFICIAL CAMPO DE FÚTBOL,,2239.0,
2021,X11,"Deportes, juventud y esparcimiento",CENTRO DEPORTIVO FAUSTINA VALLADOLID. DISPOSITIVOS DIGITALES PARA TRANSFORMACIÓN TECNOLÓGICA,,16428.83,3099.44
2021,X11,"Deportes, juventud y esparcimiento",CENTRO DEPORTIVO MARGOT MOLES. ADOPCIÓN MEDIDAS DE SEGURIDAD,,10539.39,10539.39
2021,X11,"Deportes, juventud y esparcimiento",CENTRO DEPORTIVO VICÁLVARO. SUBSANACIÓN DE PATOLOGÍAS EN GALERÍA PISCINA DE VERANO,,249686.17,249686.17
2021,X11,"Deportes, juventud y esparcimiento",CENTRO DEPORTIVO MARGOT MOLES. REPARACIÓN DE FACHADA PISCINA CLIMATIZADA,,55005.95,54962.09
2021,X11,"Deportes, juventud y esparcimiento",CENTRO DEPORTIVO MARGOT MOLES. OBRAS SUBSANACIÓN PATOLOGÍAS PISTA DE PÁDEL,,173197.52,3609.49
2021,X11,"Deportes, juventud y esparcimiento",EQUIPAMIENTO CENTROS DEPORTIVOS DEL DISTRITO DE VICÁLVARO,,4597.94,
2021,X11,"Deportes, juventud y esparcimiento",EQUIPAMIENTO CENTRO DEPORTIVO MARGOT MOLES,,6594.5,6594.5
2021,X11,"Deportes, juventud y esparcimiento",EQUIPAMIENTO CENTRO DEPORTIVO FAUSTINA VALLADOLID,,10207.56,10207.56
2021,X11,"Deportes, juventud y esparcimiento",CENTROS DEPORTIVOS DISTRITO VICÁLVARO. MEDIDORES CO2 (DIÓXIDO DE CARBONO),,1600.0,1560.9
2021,X11,"Deportes, juventud y esparcimiento",OTRO EQUIPAMIENTO OFICINAS CENTROS DEPORTIVOS DISTRITO VICÁLVARO,,400.0,397.22
2021,X11,"Deportes, juventud y esparcimiento",CENTRO DEPORTIVO MARGOT MOLES. SUMINISTRO E INSTALACIÓN DE KIOSCO MODULAR,,18150.0,17859.6
2021,X11,"Deportes, juventud y esparcimiento",CENTRO DEPORTIVO MARGOT MOLES. ACECUACIÓN ACCESO Y PRADERAS EN VARIAS ZONAS,,135150.38,134998.73
2021,X11,"Deportes, juventud y esparcimiento",CENTRO DEPORTIVO MARGOT MOLES. OBRAS INSTALACIÓN DEPÓSITOS EN PISCINAS,,152973.22,139757.9
2021,X11,"Deportes, juventud y esparcimiento",OBRAS DE MEJORA Y ACONDICIONAMIENTO INSTALACIONES DEPORTIVAS DISTRITO DE VICÁLVARO,,40828.17,
2021,X11,"Deportes, juventud y esparcimiento",CENTRO DEPORTIVO MARGOT MOLES. OBRAS DE ADECUACIÓN INSTALACIÓN ELÉCTRICA,,67367.61,66285.1
2021,X11,"Deportes, juventud y esparcimiento",POLIDEPORTIVO FAUSTINA VALLADOLID. REFORMA CLIMATIZACIÓN SALAS ACTIVIDADES Y RENOVACIÓN PISTAS PÁDEL,,227264.89,227264.22
2021,X11,"Deportes, juventud y esparcimiento",DEPORTIVO BÁSICO VICÁLVARADA. REFORMA ACOMETIDA ELÉCTRICA DE LA INSTALACIÓN,,32539.33,32368.39
2021,X11,"Deportes, juventud y esparcimiento",CENTROS DEPORTIVOS DISTRITO VICÁLVARO. ADQUISICIÓN MAQUINARIA,,14500.0,13704.46
2021,X11,"Deportes, juventud y esparcimiento",CENTROS DEPORTIVOS DISTRITO VICÁLVARO. ADQUISICIÓN TATAMIS Y PORTERÍAS FÚTBOL SALA,,390.09,
2021,X11,"Deportes, juventud y esparcimiento",CENTRO DEPORTIVO FAUSTINA VALLADOLID. ADQUISICIÓN TATAMIS Y PORTERÍAS FÚTBOL SALA,,3872.61,3872.61
2021,X11,"Deportes, juventud y esparcimiento",CENTRO DEPORTIVO MARGOT MOLES. ADQUISICIÓN PORTERÍAS FÚTBOL SALA,,1537.3,1537.3
2021,X14,Sectores productivos,,,1659658.55,748380.49
2021,X14,Sectores productivos,"EQUIPAMIENTO CENTRO DE INNOVACIÓN ECONOMÍA CIRCULAR (CIEC) VICÁLVARO, C/ PRAT, 59",,300000.0,
2021,X14,Sectores productivos,"CENTRO INNOVACIÓN ECONOMÍA CIRCULAR VICÁLVARO, (CIEC) C/ PRAT, 59. APLICACIONES INFORMÁTICAS",,33830.61,
2021,X14,Sectores productivos,"CENTRO INNOVACIÓN ECONOMÍA CIRCULAR VICÁLVARO (CIEC), C/ PRAT, 59. EQUIPOS COMUNICACIÓN",,76169.39,
2021,X14,Sectores productivos,"EDIFICIO EN C/ PRAT 59, C/V C/ APEADERO 1. (MARES DE MADRID). CONSTRUCCION",,746024.0,744745.94
2021,X14,Sectores productivos,"CENTRO INNOVACIÓN ECONOMÍA CIRCULAR VICÁLVARO (CIEC), C/PRAT, 59. INSTALACIONES",,200000.0,
2021,X14,Sectores productivos,FACTORÍA INDUSTRIAL VICÁLVARO. INSTALACIONES DE CLIMATIZACIÓN,,3634.55,3634.55
2021,X14,Sectores productivos,"ANEXO CENTRO INNOVACIÓN ECONOMÍA CIRCULAR VICÁLVARO,C/PRAT,59. CONSTRUCCIÓN Y ADECUACIÓN PARCELA",,300000.0,
2021,X07,Infraestructuras,,,500000.0,
2021,X07,Infraestructuras,"APARCAMIENTO EN PASEO ARTILLEROS, VICÁLVARO. CONSTRUCCIÓN",,500000.0,
2021,X06,Urbanismo,,,4826479.15,4694485.8
2021,X06,Urbanismo,SISTEMAS DE COMPENSACIÓN. UZP 2-04 LOS BERROCALES,,1165482.64,1165337.71
2021,X06,Urbanismo,UZP 2.03 DESARROLLO DEL ESTE LOS AHIJONES. COMPENSACIÓN,,2686801.66,2686800.96
2021,X06,Urbanismo,RECINTO FERIAL Y MERCADILLO DE VICÁLVARO. OBRAS DE URBANIZACIÓN,,557732.97,557708.48
2021,X06,Urbanismo,DESARROLLO DEL ESTE EL CAÑAVERAL UZP 2.01. URBANIZACIÓN,,103967.5,103967.5
2021,X06,Urbanismo,ZONA VERDE ANEXA AL COLEGIO PÚBLICO WINSTON CHURCHILL. ACTUACIONES DE RENATURALIZACIÓN,,273794.38,142547.05
2021,X06,Urbanismo,C/ VILLABLANCA. REMODELACIÓN TERRIZOS DE LA  ZONA POSTERIOR,,38700.0,38124.1
2021,X09,Medio ambiente,,,17786938.64,12529275.06
2021,X09,Medio ambiente,"COLECTOR VICÁLVARO A, SECTOR LOS AHIJONES. CONSTRUCCIÓN",,3143747.86,175192.4
2021,X09,Medio ambiente,COLECTOR DOBLADO DE VICÁLVARO. CONSTRUCCIÓN,,10387373.0,9853587.66
2021,X09,Medio ambiente,DRENAJE VÍA DE SERVICIO DE LA N-III A LA ALTURA DEL ENSANCHE DE VALLECAS,,2744513.44,1471224.69
2021,X09,Medio ambiente,TRAMO SUPERIOR ARROYO DE LOS MIGUELES. ACONDICIONAMIENTO,,490274.0,461288.68
2021,X09,Medio ambiente,ZONAS VERDES PLAZA DON ANTONIO DE ANDRÉS. REMODELACIÓN,,765733.97,389730.12
2021,X09,Medio ambiente,REPARACIÓN Y CLAUSURA DE ALCORQUES EN EL DISTRITO DE VICÁLVARO,,11566.83,11566.81
2021,X09,Medio ambiente,ENERGÍAS RENOVABLES. INSTALACIÓN FOTOVOLTAICA CENTRO DEPORTIVO MUNICIPAL DE VICÁLVARO,,161800.0,160433.55
2021,X09,Medio ambiente,"PUNTO LIMPIO VICÁLVARO, CALLE SEPIOLITA, 6. OBRAS SUBSANACIÓN DAÑOS",,69929.54,6251.15
2021,X09,Medio ambiente,"ZONA VERDE CAMINO VIEJO DE VICÁLVARO, 295. INSTALACIÓN NODO DE COMPOSTAJE",,12000.0,
2021,X08,Mantenimiento urbano,,,2105206.81,1984639.17
2021,X08,Mantenimiento urbano,CALLES DE CALAHORRA Y CASALARREINA. REHABILITACIÓN DE CALZADAS,,455245.19,455000.7
2021,X08,Mantenimiento urbano,"CALLE CALIZA, FORGES, DEHESA VICÁLVARO, MERCURIO, OMEGA Y OTRAS. RENOVACIÓN CAPA DE RODADURA",,654935.71,636529.43
2021,X08,Mantenimiento urbano,"CALLE EZCARAY, LOS CÁVILAS, LOS PINILLAS, LOS POETAS, RIVAS. MEJORA BASE PAVIMENTO",,455370.09,435197.55
2021,X08,Mantenimiento urbano,HIDRANTES EN EL DISTRITO DE VICÁLVARO. INSTALACIÓN,,15618.06,15618.06
2021,X08,Mantenimiento urbano,ÁREAS DEPORTIVAS ELEMENTALES DISTRITO VICÁLVARO. INSTALACIÓN,,75203.93,75203.93
2021,X08,Mantenimiento urbano,JUEGOS PARA ÁREAS INFANTILES DETERIORADAS DISTRITO VICÁLVARO,,30357.91,30357.91
2021,X08,Mantenimiento urbano,CALLE DEL PRAT. MEJORA Y REHABILITACIÓN DE CALZADAS,,64072.28,56195.65
2021,X08,Mantenimiento urbano,PASEO DE LOS ARTILLEROS Y CALLE DE VILLABLANCA. OBRAS DE ADECUACIÓN VIALES,,34956.96,34956.96
2021,X08,Mantenimiento urbano,TECNOLOGÍA LED EN LAS FAROLAS DE LAS CALLES SAN CIPRIANO Y LOS GALEOTE. INSTALACIÓN (ID18: 1619),,91046.68,88009.72
2021,X08,Mantenimiento urbano,MÁSTILES PARA BANDERAS EN VÍAS PÚBLICAS DEL DISTRITO DE VICÁLVARO. INSTALACIÓN,,48400.0,19844.0
2021,X08,Mantenimiento urbano,CONSERVACIÓN Y REFORMA VÍAS PÚBLICAS DEL DISTRITO DE VICÁLVARO,,100000.0,63171.07
2021,X08,Mantenimiento urbano,CALLE LAGO LEMAN. REORDENACIÓN Y ENSANCHAMIENTO DE ACERA,,80000.0,74554.19
2021,X03,Protección y promoción social,,,10518.92,10236.6
2021,X03,Protección y promoción social,EQUIPAMIENTO ESPACIO DE IGUALDAD GLORIA FUERTES,,118.92,
2021,X03,Protección y promoción social,EQUIPAMIENTO CENTROS DE MAYORES DISTRITO VICÁLVARO,,4000.0,3993.0
2021,X03,Protección y promoción social,CENTROS SERVICIOS SOCIALES Y ACOGIDA DISTRITO VICÁLVARO. MEDIDORES CO2 (DIÓXIDO DE CARBONO),,6400.0,6243.6
2021,X05,Educación,,,845115.64,811084.78
2021,X05,Educación,EQUIPAMIENTO ESCUELA INFANTIL LOS JUNCOS,,305.28,305.28
2021,X05,Educación,ESCUELA INFANTIL EN EL CAÑAVERAL. CONSTRUCCIÓN,,500000.0,499999.99
2021,X05,Educación,COLEGIO PÚBLICO PEDRO DUQUE. OBRAS DE CONSERVACIÓN,,19039.36,18308.19
2021,X05,Educación,EQUIPAMIENTO ESCUELA INFANTIL AMANECER,,186.95,186.95
2021,X05,Educación,EQUIPAMIENTO ESCUELA INFANTIL CIELO AZUL,,390.47,390.47
2021,X05,Educación,EQUIPAMIENTO ESCUELA INFANTIL MOLINOS DE VIENTO,,560.84,560.84
2021,X05,Educación,OBRAS DE CONSERVACIÓN CENTROS DOCENTES DE ENSEÑANZA DISTRITO DE VICÁLVARO,,9308.0,
2021,X05,Educación,EQUIPAMIENTO ESCUELA DE MÚSICA VICÁLVARO,,851.63,
2021,X05,Educación,COLEGIO PÚBLICO ALFONSO X EL SABIO. ADOPCIÓN MEDIDAS DE SEGURIDAD,,7621.79,7621.79
2021,X05,Educación,ESCUELA DE MÚSICA VICÁLVARO. MEDIDORES CO2 (DIÓXIDO DE CARBONO),,856.68,856.68
2021,X05,Educación,ESCUELAS INFANTILES DISTRITO VICÁLVARO. MEDIDORES CO2 (DIÓXIDO DE CARBONO),,1100.0,1040.6
2021,X05,Educación,ESCUELA INFANTIL MOLINOS DE VIENTO. ADECUACIÓN PATIOS Y MUROS ENTRADA,,69986.48,64781.09
2021,X05,Educación,COLEGIO PÚBLICO VALDEBERNARDO. ADECUACIÓN COCINA,,47666.16,46920.78
2021,X05,Educación,OBRAS DE MEJORA Y ACONDICIONAMIENTO CENTROS DOCENTES DE ENSEÑANZA DISTRITO DE VICÁLVARO,,9248.89,
2021,X05,Educación,ESCUELA INFANTIL LOS JUNCOS. ADECUACIÓN PAVIMENTO PATIOS Y PUERTAS CON SISTEMA ANTI-ATRAPAMIENTO,,54826.65,48573.29
2021,X05,Educación,ESCUELA INFANTIL CIELO AZUL. ADECUACIÓN PAVIMENTO Y ZÓCALO EN AULAS Y ZONAS COMUNES,,95424.46,94008.64
2021,X05,Educación,COLEGIO PÚBLICO CARMEN LAFORET. OBRAS DE REFORMA,,27742.0,27530.19
2021,X00,Inversiones de carácter general,,,400454.11,393988.42
2021,X00,Inversiones de carácter general,OBRAS DE CONSERVACIÓN EDIFICIOS DISTRITO DE VICÁLVARO,,1601.57,
2021,X00,Inversiones de carácter general,"NAVE C/ AHUMAOS, 27. ADECUACIÓN VALLADO PARCELA",,6312.4,6312.4
2021,X00,Inversiones de carácter general,"NAVES ALMACÉN DE VILLA C/ AHUMAOS, 27. OBRAS DE REFORMA",,297039.72,297039.52
2021,X00,Inversiones de carácter general,EQUIPAMIENTO SERVICIOS ADMINISTRATIVOS DEL DISTRITO DE VICALVARO,,3550.0,3512.01
2021,X00,Inversiones de carácter general,"SERVICIOS ADMINISTRATIVOS DISTRITO VICÁLVARO.MAMPARAS,MEDIDORES CO2 Y ELEMENTOS PROTECCIÓN",,4200.0,3777.93
2021,X00,Inversiones de carácter general,"EDIFICIO ANEXO SEDE DISTRITO VICÁLVARO, PZA. DON ANTONIO DE ANDRÉS, 6. OBRAS DE REFORMA",,77154.56,72750.7
2021,X00,Inversiones de carácter general,"OFICINA SANIDAD DISTRITO VICÁLVARO, AVDA. REAL, 36. ADECUACIÓN CUARTO CALDERAS",,10595.86,10595.86
2021,X04,Salud pública,,,26593.72,26574.02
2021,X04,Salud pública,SERVICIOS SALUBRIDAD PÚBLICA DISTRITO VICÁLVARO. MEDIDORES CO2 (DIÓXIDO DE CARBONO),,540.0,520.3
2021,X04,Salud pública,CENTRO MUNICIPAL DE SALUD COMUNITARIA DE VICÁLVARO. ADQUISICIÓN MAQUINARIA,,16607.25,16607.25
2021,X04,Salud pública,CENTRO MUNICIPAL DE SALUD COMUNITARIA DE VICÁLVARO. SEÑALIZACIÓN,,145.2,145.2
2021,X04,Salud pública,CENTRO MUNICIPAL DE SALUD COMUNITARIA DE VICÁLVARO. OBRAS DE REFORMA,,9301.27,9301.27
2021,X12,Otros bienes públicos de carácter social,,,2453.88,2041.27
2021,X12,Otros bienes públicos de carácter social,OFICINA ATENCIÓN CIUDADANO LÍNEA MADRID VICÁLVARO. ELEMENTOS PROTECCIÓN HIGIÉNICO-SANITARIOS,,963.16,963.16
2021,X12,Otros bienes públicos de carácter social,EQUIPAMIENTO OFICINA ATENCIÓN AL CIUDADANO LÍNEA MADRID DE VICÁLVARO,,1490.72,1078.11
2022,X01,Protección Civil y seguridad ciudadana,,,176773.14,134976.65
2022,X01,Protección Civil y seguridad ciudadana,UNIDAD INTEGRAL DE POLICÍA MUNICIPAL DE VICÁLVARO. CONSTRUCCIÓN,,137831.76,97571.52
2022,X01,Protección Civil y seguridad ciudadana,"EQUIPAMIENTO BASE 17 SAMUR-PROTECCIÓN CIVIL, C/ SANTERAS, 39",,13180.48,13180.48
2022,X01,Protección Civil y seguridad ciudadana,UNIDAD INTEGRAL POLICÍA MUNICIPAL VICÁLVARO. MOBILIARIO,,4864.2,4719.0
2022,X01,Protección Civil y seguridad ciudadana,PARQUE DE BOMBEROS Nº 13 Y UNIDAD APOYO LOGÍSTICO A LA INTERVENCIÓN. OTRO MOBILIARIO Y ENSERES,,20896.7,19505.65
2022,X10,Cultura,,,2729846.19,2724367.04
2022,X10,Cultura,"CENTRO CULTURAL EN VALDERRIVAS, C/ TITANIO. CONSTRUCCIÓN",,2663950.94,2660739.33
2022,X10,Cultura,CENTRO CULTURAL EL MADROÑO. OBRAS DE MEJORA EN LA PLAZA DE LA ZONA EXTERIOR,,35757.0,34135.0
2022,X10,Cultura,EQUIPAMIENTO CENTRO CULTURAL VALDEBERNARDO,,300.0,272.25
2022,X10,Cultura,BIBLIOTECA PÚBLICA VICÁLVARO. SEÑALÉTICA,,2879.8,2879.8
2022,X10,Cultura,BIBLIOTECA PÚBLICA FRANCISCO AYALA. SEÑALÉTICA,,2879.8,2879.8
2022,X10,Cultura,CENTROS CULTURALES DISTRITO DE VICÁLVARO (VALDEBERNARDO Y C/TITANIO).ADQUISICIÓN DE DESFIBRILADORES,,3000.0,2891.9
2022,X10,Cultura,CENTROS CULTURALES DISTRITO DE VICÁLVARO. OTRO MOBILIARIO Y ENSERES,,10513.61,10003.92
2022,X10,Cultura,"CENTRO CULTURAL EL MADROÑO. ADECUACIÓN INSTALACIÓN ELÉCTRICA, ILUMINACIÓN Y OTRAS",,10565.04,10565.04
2022,X11,"Deportes, juventud y esparcimiento",,,1888674.18,1800860.08
2022,X11,"Deportes, juventud y esparcimiento",INSTALACIÓN DEPORTIVA BÁSICA EN EL CAÑAVERAL. CONSTRUCCIÓN (ID 20: 16732),,686646.93,622011.73
2022,X11,"Deportes, juventud y esparcimiento",EQUIPAMIENTO CENTRO DEPORTIVO VICÁLVARO,,10684.3,
2022,X11,"Deportes, juventud y esparcimiento",CENTRO DEPORTIVO MARGOT MOLES. OBRAS SUBSANACIÓN PATOLOGÍAS PISTA DE PÁDEL,,186907.27,186907.11
2022,X11,"Deportes, juventud y esparcimiento",CENTRO DEPORTIVO MARGOT MOLES. ACONDICIONAMIENTO PISCINA DE VERANO,,23444.05,23216.94
2022,X11,"Deportes, juventud y esparcimiento",CENTRO DEPORTIVO VICÁLVARO. ADQUISICIÓND DE MAQUINARIA,,10707.63,10707.63
2022,X11,"Deportes, juventud y esparcimiento",CENTRO DEPORTIVO MARGOT MOLES. SOMBRAJE CON ANCLAJE EN PUESTO SOCORRISTA DE LA PISCINA DE VERANO,,3630.0,3575.55
2022,X11,"Deportes, juventud y esparcimiento",OBRAS DE CONSERVACION INSTALACIONES DEPORTIVAS DEL DISTRITO DE VICALVARO,,2066.3,
2022,X11,"Deportes, juventud y esparcimiento",DEPORTIVO BÁSICO PARQUE VICALVARADA. OBRAS MEJORA DE LA INSTALACIÓN ELÉCTRICA,,7553.56,7553.56
2022,X11,"Deportes, juventud y esparcimiento","CENTRO DEPORTIVO MARGOT MOLES. REFORMA DE PISTAS DE TENIS, FÚTBOL SALA Y BALONMANO",,339280.14,331000.1
2022,X11,"Deportes, juventud y esparcimiento",CENTRO DEPORTIVO FAUSTINA VALLADOLID.ACONDICIONAMIENTO PISTAS DE TENIS (PAVIMENTO Y VALLADO),,600000.0,599022.24
2022,X11,"Deportes, juventud y esparcimiento",CENTRO DEPORTIVO FAUSTINA VALLADOLID. ADQUISICIÓN DE MATERIAL DEPORTIVO,,12806.0,12163.16
2022,X11,"Deportes, juventud y esparcimiento",CENTRO DEPORTIVO MARGOT MOLES. ADQUISICIÓN DE MATERIAL DEPORTIVO,,4948.0,4702.06
2022,X14,Sectores productivos,,,1462351.81,1161847.43
2022,X14,Sectores productivos,"EQUIPAMIENTO CENTRO DE INNOVACIÓN ECONOMÍA CIRCULAR (CIEC) VICÁLVARO, C/ PRAT, 59",,322338.39,187299.54
2022,X14,Sectores productivos,"CENTRO INNOVACIÓN ECONOMÍA CIRCULAR VICÁLVARO, (CIEC) C/ PRAT, 59. APLICACIONES INFORMÁTICAS",,33830.61,27064.48
2022,X14,Sectores productivos,"CENTRO INNOVACIÓN ECONOMÍA CIRCULAR VICÁLVARO (CIEC), C/ PRAT, 59. EQUIPOS COMUNICACIÓN",,49541.8,49541.8
2022,X14,Sectores productivos,"CENTRO INNOVACIÓN ECONOMÍA CIRCULAR VICÁLVARO, (CIEC). ADQUISICIÓN EQUIPOS INFORMÁTICOS",,18150.0,17287.0
2022,X14,Sectores productivos,EQUIPAMIENTO VIVERO DE EMPRESAS DE VICÁLVARO,,232373.69,159126.71
2022,X14,Sectores productivos,CENTRO INNOVACIÓN ECONOMÍA CIRCULAR VICÁLVARO (CIEC). ORDENACIÓN DE ESPACIOS LIBRES DE LA PARCELA,,293000.0,293000.0
2022,X14,Sectores productivos,"EDIFICIO EN C/ PRAT 59, C/V C/ APEADERO 1. (MARES DE MADRID). CONSTRUCCION",,104786.65,104786.65
2022,X14,Sectores productivos,"CENTRO INNOVACIÓN ECONOMÍA CIRCULAR VICÁLVARO (CIEC), C/PRAT, 59. INSTALACIONES",,146859.8,145091.34
2022,X14,Sectores productivos,FACTORÍA INDUSTRIAL DE VICÁLVARO. INSTALACIONES TÉCNICAS,,4877.51,4877.51
2022,X14,Sectores productivos,FACTORÍA INDUSTRIAL DE VICÁLVARO. OBRAS REFORMA DE NAVES,,45155.43,45155.31
2022,X14,Sectores productivos,FACTORÍA INDUSTRIAL DE VICÁLVARO. OBRAS DE MEJORA ASFALTADO EN APARCAMIENTO,,11787.93,11787.93
2022,X14,Sectores productivos,"EQUIPAMIENTO CENTRO INNOVACIÓN ECONOMÍA CIRCULAR VICÁLVARO, (CIEC)",,54450.0,35503.34
2022,X14,Sectores productivos,"CENTRO INNOVACIÓN ECONOMÍA CIRCULAR VICÁLVARO, (CIEC). OBRAS ADECUACIÓN DE ESPACIOS",,145200.0,81325.82
2022,X06,Urbanismo,,,2219747.94,2149109.96
2022,X06,Urbanismo,UZP 2.03 DESARROLLO DEL ESTE LOS AHIJONES. COMPENSACIÓN,,1145857.96,1145857.96
2022,X06,Urbanismo,DESARROLLO DEL ESTE-LOS CERROS. JUNTA DE COMPENSACIÓN,,88146.0,70176.43
2022,X06,Urbanismo,RECINTO FERIAL Y MERCADILLO DE VICÁLVARO. OBRAS DE URBANIZACIÓN,,580437.42,580401.17
2022,X06,Urbanismo,ZONA VERDE ANEXA AL COLEGIO PÚBLICO WINSTON CHURCHILL. ACTUACIONES DE RENATURALIZACIÓN,,323192.0,277720.96
2022,X06,Urbanismo,"CALLE RIVAS, 9. OBRAS DE URBANIZACIÓN",,82114.56,74953.44
2022,X09,Medio ambiente,,,20274937.21,16453940.6
2022,X09,Medio ambiente,"ELECTROLINERA PARA RECARGA DE VEHÍCULOS ELÉCTRICOS C/ PIROTECNIA, 47. CONSTRUCCIÓN",,70000.0,
2022,X09,Medio ambiente,"COLECTOR VICÁLVARO A, SECTOR LOS AHIJONES. CONSTRUCCIÓN",,13522307.68,10500095.82
2022,X09,Medio ambiente,PARQUE DUQUE DE AHUMADA. OBRAS DE REHABILITACIÓN,,19984.78,19984.78
2022,X09,Medio ambiente,AUMENTO DE LA CAPACIDAD DEL DESAGÜE DEL TRAMO INFERIOR ARROYO DE LOS MIGUELES,,400000.0,
2022,X09,Medio ambiente,PARQUE DE VALDEBERNARDO. OBRAS DE REHABILITACIÓN INSTALACIONES DE APROVECHAMIENTO AGUAS FREÁTICAS,,20225.84,20225.84
2022,X09,Medio ambiente,"ZONAS VERDES VICÁLVARO. MEJORA INSTALACIONES, INFRAESTRUCTURAS Y EQUIPAMIENTO (ID 17: 2285)",,582053.19,482060.62
2022,X09,Medio ambiente,COLECTOR DOBLADO DE VICÁLVARO. CONSTRUCCIÓN,,3380281.97,3217463.92
2022,X09,Medio ambiente,DRENAJE VÍA DE SERVICIO DE LA N-III A LA ALTURA DEL ENSANCHE DE VALLECAS,,1932682.14,1891737.12
2022,X09,Medio ambiente,ZONAS VERDES PLAZA DON ANTONIO DE ANDRÉS. REMODELACIÓN,,138309.12,138308.83
2022,X09,Medio ambiente,"PUNTO LIMPIO VICÁLVARO, CALLE SEPIOLITA, 6. OBRAS SUBSANACIÓN DAÑOS",,70587.04,70567.16
2022,X09,Medio ambiente,ESTANQUE DE TORMENTAS DEL ARROYO DE LOS MIGUELES. AMPLIACIÓN CON NUEVOS MÓDULOS,,17752.31,17752.31
2022,X09,Medio ambiente,PARQUES Y ZONAS VERDES DEL DISTRITO DE VICÁLVARO. ADAPTACIÓN DE RECORRIDOS TERAPÉUTICOS,,2264.96,2264.96
2022,X09,Medio ambiente,PARQUE DE VALDEBERNARDO. OBRAS DE REMODELACIÓN,,18005.33,18005.11
2022,X09,Medio ambiente,ZONAS VERDES DISTRITO VICÁLVARO. INSTALACIÓN Y ACONDICIONAMIENTO DE PARQUES CANINOS,,75482.85,75474.13
2022,X09,Medio ambiente,NODO DE COMPOSTAJE COMUNITARIO EN EL DISTRITO DE VICÁLVARO. INSTALACIÓN,,25000.0,
2022,X08,Mantenimiento urbano,,,3248470.67,3015671.03
2022,X08,Mantenimiento urbano,CALLES DE CALAHORRA Y CASALARREINA. REHABILITACIÓN DE CALZADAS,,11440.33,11440.33
2022,X08,Mantenimiento urbano,CALLES CASALARREINA Y RAMPA DE ACCESO AL PARQUE DE VALDEBERNARDO. PAVIMENTACIÓN Y MEJORA DE ACERAS,,649237.69,649237.6
2022,X08,Mantenimiento urbano,AVENIDA DE LA DEMOCRACIA Y OTRAS DISTRITO VICÁLVARO. RENOVACIÓN PAVIMENTOS EN CALZADAS,,701030.6,664956.7
2022,X08,Mantenimiento urbano,"CALLES FORGES, JOSÉ PRAT, PIROTÉCNIA Y OTRAS. RENOVACIÓN DE PAVIMENTOS EN CALZADAS",,1389188.74,1277610.09
2022,X08,Mantenimiento urbano,"C/ CONDESA VEGA DEL POZO, TRAMO C/GALEOTE HASTA LAGO DE SANABRIA. MEJORA PARA COEXISTENCIA PEATONAL",,90000.0,5387.73
2022,X08,Mantenimiento urbano,CALLE DEL PRAT. MEJORA Y REHABILITACIÓN DE CALZADAS,,3907.15,3907.15
2022,X08,Mantenimiento urbano,PASEO DE LOS ARTILLEROS Y CALLE DE VILLABLANCA. OBRAS DE ADECUACIÓN VIALES,,403666.16,403131.43
2022,X03,Protección y promoción social,,,1037649.89,975459.37
2022,X03,Protección y promoción social,EQUIPAMIENTO ESPACIO DE IGUALDAD GLORIA FUERTES,,244.08,244.08
2022,X03,Protección y promoción social,CENTRO DE ACOGIDA LUIS VIVES. DIVERSAS OBRAS DE REFORMA,,549100.17,513233.59
2022,X03,Protección y promoción social,CENTRO DE DÍA Y DE MAYORES VICÁLVARO. OBRAS DE REFORMA Y ACCESIBILIDAD,,406300.0,401608.84
2022,X03,Protección y promoción social,EQUIPAMIENTO CENTRO DE MAYORES EL ALMENDRO,,2510.35,2510.35
2022,X03,Protección y promoción social,EQUIPAMIENTO CENTRO DE MAYORES DAROCA,,957.5,957.5
2022,X03,Protección y promoción social,EQUIPAMIENTO CENTROS DE DÍA Y DE MAYORES DISTRITO DE VICÁLVARO,,532.15,
2022,X03,Protección y promoción social,"CENTRO DE ACOGIDA LUIS VIVES. INSTALACIÓN DE CÁMARAS, RACK Y GRABADORAS",,50000.0,29619.84
2022,X03,Protección y promoción social,CENTRO ACOGIDA PERSONAS SIN HOGAR JUAN LUIS VIVES. REPARACIÓN DE INSTALACIONES Y OTRAS MEJORAS,,12206.48,11499.51
2022,X03,Protección y promoción social,CENTRO DE MAYORES EL ALMENDRO. OBRAS DE REFORMA DE CAFETERÍA,,2175.76,2175.76
2022,X03,Protección y promoción social,CENTRO DE DÍA Y MAYORES VICÁLVARO.ADECUACIÓN INSTALACIÓN ELÉCTRICA Y LUMINARIAS DE EMERGENCIA,,13623.4,13609.9
2022,X05,Educación,,,4213104.7,3910370.55
2022,X05,Educación,"EQUIPAMIENTO ESCUELA INFANTIL EL CAÑAVERAL, DISTRITO DE VICÁLVARO",,292976.59,118902.16
2022,X05,Educación,EQUIPAMIENTO ESCUELA INFANTIL LOS JUNCOS,,5595.04,3140.06
2022,X05,Educación,EQUIPAMIENTO ESCUELA DE MÚSICA DE VICÁLVARO,,71.15,
2022,X05,Educación,ESCUELA INFANTIL EN EL CAÑAVERAL. CONSTRUCCIÓN,,3210904.65,3140904.64
2022,X05,Educación,EQUIPAMIENTO ESCUELA INFANTIL AMANECER,,7940.02,4364.6
2022,X05,Educación,EQUIPAMIENTO ESCUELA INFANTIL CIELO AZUL,,7940.02,4364.6
2022,X05,Educación,EQUIPAMIENTO ESCUELA INFANTIL MOLINOS DE VIENTO,,11755.15,6457.99
2022,X05,Educación,OBRAS DE CONSERVACIÓN CENTROS DOCENTES DE ENSEÑANZA DISTRITO DE VICÁLVARO,,12819.43,
2022,X05,Educación,COLEGIO PÚBLICO PEDRO DUQUE. ADOPCIÓN DE MEDIDAS DE SEGURIDAD,,322.08,322.08
2022,X05,Educación,COLEGIO PÚBLICO LOS ALMENDROS. OBRAS DE ACONDICIONAMIENTO ACCESOS DE ZONA TERRIZA Y PISTAS,,210394.98,210394.98
2022,X05,Educación,"COLEGIO PÚBLICO VICÁLVARO. OBRAS DE ACONDICIONAMIENTO PAVIMENTO, BAÑOS Y OTRAS",,222065.87,199703.53
2022,X05,Educación,"COLEGIO PÚBLICO VICÁLVARO, PREESCOLAR. OBRAS DE ADECUACIÓN CERRAMIENTO, GRIFERÍA Y OTRAS",,14389.62,14246.94
2022,X05,Educación,COLEGIO PÚBLICO PEDRO DUQUE. OBRAS DE REFORMA PISTAS DEPORTIVAS Y OTRAS,,69845.7,63650.7
2022,X05,Educación,COLEGIO PÚBLICO WINSTON CHURCHIL. OBRAS DE ACONDICIONAMIENTO PARAMENTOS,,42110.14,40421.73
2022,X05,Educación,ESCUELA INFANTIL VICÁLVARO. OBRAS DE MEJORA INSTALACIÓN ELÉCTRICA,,751.49,646.38
2022,X05,Educación,ESCUELA INFANTIL EL AMANECER. OBRAS DE SUSTITUCIÓN SISTEMA PORTERO AUTOMÁTICO Y OTRAS MEDIDAS,,2142.18,2142.18
2022,X05,Educación,ESCUELA INFANTIL MOLINOS DE VIENTO. OBRAS SUSTITUCIÓN SISTEMA PORTERO AUTOMÁTICO,,1335.82,1335.82
2022,X05,Educación,COLEGIO PÚBLICO VICÁLVARO. OBRAS DE MEJORA INSTALACIÓN ELÉCTRICA,,1684.1,1523.14
2022,X05,Educación,COLEGIO PÚBLICA ALFONSO X EL SABIO. OBRAS DE MEJORA INSTALACIÓN ELÉCTRICA,,476.28,357.34
2022,X05,Educación,COLEGIO PÚBLICO LOS ALMENDROS. OBRAS DE MEJORA INSTALACIÓN ELÉCTRICA,,1186.25,1177.32
2022,X05,Educación,COLEGIO PÚBLICO VALDEBERNARDO. OBRAS DE MEJORA INSTALACIÓN ELÉCTRICA,,543.1,537.75
2022,X05,Educación,COLEGIO PÚBLICO PEDRO DUQUE. ADECUACIÓN E INSTALACIÓN DE TOLDO,,88511.41,88432.98
2022,X05,Educación,COLEGIO PÚBLICO VICÁLVARO. REPOSICIÓN DE REJAS,,7343.63,7343.63
2022,X00,Inversiones de carácter general,,,686367.98,674268.46
2022,X00,Inversiones de carácter general,"NAVES DE ALMACENES MUNICIPALES C/AHUMAOS, 27. MEDIDAS DE PROTECCIÓN CUBIERTAS, ACERADO Y TALUDES",,592027.02,592026.98
2022,X00,Inversiones de carácter general,"NAVES ALMACÉN DE VILLA C/ AHUMAOS, 27. OBRAS DE REFORMA",,13611.64,13611.64
2022,X00,Inversiones de carácter general,EQUIPAMIENTOS SERVICIOS ADMINISTRATIVOS DISTRITO DE VICALVARO,,3000.0,2934.25
2022,X00,Inversiones de carácter general,OBRAS DE CONSERVACION DE EDIFICIOS DISTRITO DE VICALVARO,,11720.92,
2022,X00,Inversiones de carácter general,EDIFICIO ANEXO SEDE DISTRITO VICÁLVARO. OBRAS DE REPARACIÓN DEL SANEAMIENTO,,19721.87,19416.21
2022,X00,Inversiones de carácter general,EDIFICIO SERVICIOS CONSUMO DISTRITO VICÁLVARO. OBRAS DE REFORMA Y ADECUACIÓN DE ESPACIOS,,35897.6,35897.6
2022,X00,Inversiones de carácter general,EDIFICIO SEDE DISTRITO VICÁLVARO. ADECUACIÓN INSTALACIÓN ELÉCTRIA Y LUMINARIAS DE EMERGENCIA,,10388.93,10381.78
2022,X04,Salud pública,,,1939.5,1925.84
2022,X04,Salud pública,CMSc CENTRO MUNICIPAL DE SALUD COMUNITARIA DE VICÁLVARO. SEÑALIZACIÓN,,1423.77,1410.11
2022,X04,Salud pública,EQUIPAMIENTO CMSc CENTRO MUNICIPAL DE SALUD COMUNITARIA DE VICÁLVARO,,515.73,515.73
2022,X12,Otros bienes públicos de carácter social,,,3473.91,2608.76
2022,X12,Otros bienes públicos de carácter social,EQUIPAMIENTO OFICINA ATENCIÓN AL CIUDADANO LÍNEA MADRID DE VICÁLVARO,,3473.91,2608.76
2023,X01,Protección Civil y seguridad ciudadana,,,53289.69,9998.99
2023,X01,Protección Civil y seguridad ciudadana,EQUIPAMIENTO COCINA PARQUE DE BOMBEROS Nº 13,,18000.0,9998.99
2023,X01,Protección Civil y seguridad ciudadana,UNIDAD INTEGRAL DE POLICÍA MUNICIPAL DE VICÁLVARO. CONSTRUCCIÓN,,35289.69,
2023,X10,Cultura,,,5473670.05,5427724.63
2023,X10,Cultura,INTERVENCIONES COMPARTIENDO MUROS ARTE PÚBLICO MADRID. MURAL ARTÍSTICO DISTRITO DE VICÁLVARO,,15730.0,15730.0
2023,X10,Cultura,"CENTRO CULTURAL EN VALDERRIVAS, C/ TITANIO. CONSTRUCCIÓN",,5113608.63,5113608.6
2023,X10,Cultura,"CENTRO CULTURAL, BIBLIOTECA, AUDITORIO Y LUDOTECA EN EL CAÑAVERAL. CONSTRUCCIÓN (ID 21: 19005)",,151647.73,145096.03
2023,X10,Cultura,EQUIPAMIENTO CENTRO CULTURAL CALLE TITANIO,,126800.0,90475.39
2023,X10,Cultura,CENTROS CULTURALES DEL DISTRITO DE VICÁLVARO. CAMBIADORES DE BEBÉ,,1700.0,1373.59
2023,X10,Cultura,CENTRO CULTURAL FUENTE DE SAN PEDRO. MÁSTILES,,5200.0,5154.6
2023,X10,Cultura,CENTRO CULTURAL FUENTE SAN PEDRO. SEÑALIZACIÓN Y COLOCACIÓN LETRAS,,13100.0,13072.84
2023,X10,Cultura,CENTROS CULTURALES DEL DISTRITO DE VICÁLVARO. SEÑALIZACIÓN,,10490.0,7819.89
2023,X10,Cultura,CENTRO CULTURAL EL MADROÑO. OBRAS DE MEJORA EN LA PLAZA DE LA ZONA EXTERIOR,,35393.69,35393.69
2023,X11,"Deportes, juventud y esparcimiento",,,202290.93,141090.2
2023,X11,"Deportes, juventud y esparcimiento",DEPORTIVO BÁSICO PARQUE DE LA VICALVARADA. SUSTITUCIÓN DE CÉSPED,,50000.0,
2023,X11,"Deportes, juventud y esparcimiento",INSTALACIÓN DEPORTIVA BÁSICA EN EL CAÑAVERAL. CONSTRUCCIÓN (ID 20: 16732),,88767.84,87014.56
2023,X11,"Deportes, juventud y esparcimiento",EQUIPAMIENTO CENTRO DEPORTIVO VICÁLVARO,,4588.74,4588.74
2023,X11,"Deportes, juventud y esparcimiento",CENTRO DEPORTIVO FAUSTINA VALLADOLID. ADQUISICIÓN MAQUINARÍA DE LIMPIEZA,,8053.41,8053.41
2023,X11,"Deportes, juventud y esparcimiento",CENTRO DEPORTIVO MARGOT MOLES. ADQUISICIÓN MAQUINARÍA DE LIMPIEZA,,6251.48,6251.48
2023,X11,"Deportes, juventud y esparcimiento",OBRAS CONSERVACIÓN INSTALACIONES DEPORTIVAS VICÁLVARO,,6396.21,
2023,X11,"Deportes, juventud y esparcimiento",CENTRO DEPORTIVO MARGOT MOLES. OBRAS DE REPARACIÓN DE LA PISCINA DE VERANO,,22893.25,22893.25
2023,X11,"Deportes, juventud y esparcimiento",CENTRO DEPORTIVO MARGOT MOLES. TAPIZ PARA GIMNASIA RÍTMICA,,7160.0,6425.1
2023,X11,"Deportes, juventud y esparcimiento","CENTRO DEPORTIVO FAUSTINA VALLADOLID. TRANSMISORES-RECEPTORES PORTÁTILES, WALKIES-TALKIES Y BATERÍAS",,1770.0,1586.31
2023,X11,"Deportes, juventud y esparcimiento","CENTRO DEPORTIVO MARGOT MOLES. TRANSMISORES-RECEPTORES PORTÁTILES, WALKIES-TALKIES Y BATERÍAS",,2950.0,2643.85
2023,X11,"Deportes, juventud y esparcimiento",INSTALACIONES DEPORTIVAS DEL DISTRITO DE VICÁLVARO. SEÑALIZACIÓN,,3460.0,1633.5
2023,X14,Sectores productivos,,,1022901.14,648904.97
2023,X14,Sectores productivos,FACTORIA INDUSTRIAL DE VICÁLVARO. INSTALACIONES TÉCNICAS,,34087.95,34087.95
2023,X14,Sectores productivos,EQUIPAMIENTO DE LA FACTORÍA INDUSTRIAL DE VICÁLVARO,,371.93,371.93
2023,X14,Sectores productivos,FACTORÍA INDUSTRIAL DE VICÁLVARO. CARTELERÍA INFORMATIVA,,11205.0,11172.17
2023,X14,Sectores productivos,"EQUIPAMIENTO CENTRO DE INNOVACIÓN ECONOMÍA CIRCULAR (CIEC) VICÁLVARO, C/ PRAT, 59",,122600.0,53480.07
2023,X14,Sectores productivos,"CENTRO INNOVACIÓN ECONOMÍA CIRCULAR VICÁLVARO, (CIEC) C/ PRAT, 59. APLICACIONES INFORMÁTICAS",,25000.0,3239.78
2023,X14,Sectores productivos,"CENTRO INNOVACIÓN ECONOMÍA CIRCULAR VICÁLVARO (CIEC), C/ PRAT, 59. EQUIPOS COMUNICACIÓN",,25000.0,
2023,X14,Sectores productivos,"CENTRO INNOVACIÓN ECONOMÍA CIRCULAR VICÁLVARO, (CIEC). ADQUISICIÓN EQUIPOS INFORMÁTICOS",,54450.0,16878.96
2023,X14,Sectores productivos,CENTRO DE INNOVACIÓN ECONOMÍA CIRCULAR (CIEC) VICÁLVARO. OBRAS DE REFORMA,,145200.0,68139.22
2023,X14,Sectores productivos,CENTRO INNOVACIÓN ECONOMÍA CIRCULAR (CIEC) VICÁLVARO. INSTALACIÓN SISTEMA SEGURIDAD PASIVA,,25834.0,
2023,X14,Sectores productivos,CENTRO INNOVACIÓN ECONOMÍA CIRCULAR(CIEC) VICÁLVARO. SISTEMA DE EFICIENCIA Y SUFICIENCIA ENERGÉTICA,,48394.0,3569.5
2023,X14,Sectores productivos,EQUIPAMIENTO VIVERO DE EMPRESAS DE VICÁLVARO,,50020.69,44217.93
2023,X14,Sectores productivos,CENTRO INNOVACIÓN ECONOMÍA CIRCULAR VICÁLVARO (CIEC). ORDENACIÓN DE ESPACIOS LIBRES DE LA PARCELA,,480737.57,413747.46
2023,X07,Infraestructuras,,,2710000.0,1646173.35
2023,X07,Infraestructuras,"APARCAMIENTO EN PASEO ARTILLEROS S/N, DISTRITO DE VICÁLVARO. CONSTRUCCIÓN",,2710000.0,1646173.35
2023,X06,Urbanismo,,,6714207.79,6703029.5
2023,X06,Urbanismo,SISTEMAS DE COMPENSACIÓN. UZP 2-04 LOS BERROCALES,,5391504.97,5391504.97
2023,X06,Urbanismo,UZP 2.03 DESARROLLO DEL ESTE LOS AHIJONES. COMPENSACIÓN,,1145858.0,1145857.96
2023,X06,Urbanismo,DESARROLLO DEL ESTE-LOS CERROS. JUNTA DE COMPENSACIÓN,,78469.57,77000.82
2023,X06,Urbanismo,RECINTO FERIAL Y MERCADILLO DE VICÁLVARO. OBRAS DE URBANIZACIÓN,,48137.44,48137.44
2023,X06,Urbanismo,"DEMOLICIÓN EDIFICACIÓN Y ACONDICIONAMIENTO DE PARCELA EN C/ LAGO DE SANABRIA, 3",,50237.81,40528.31
2023,X09,Medio ambiente,,,14084141.34,8302788.22
2023,X09,Medio ambiente,"ELECTROLINERA PARA RECARGA DE VEHÍCULOS ELÉCTRICOS C/ PIROTECNIA, 47. CONSTRUCCIÓN",,342298.84,342278.16
2023,X09,Medio ambiente,"COLECTOR VICÁLVARO A, SECTOR LOS AHIJONES. CONSTRUCCIÓN",,7723863.4,6772841.26
2023,X09,Medio ambiente,PARQUE DUQUE DE AHUMADA. OBRAS DE REHABILITACIÓN,,617686.17,617661.64
2023,X09,Medio ambiente,AUMENTO DE LA CAPACIDAD DEL DESAGÜE DEL TRAMO INFERIOR ARROYO DE LOS MIGUELES,,4388429.75,
2023,X09,Medio ambiente,PARQUE DE VALDEBERNARDO. OBRAS DE REHABILITACIÓN INSTALACIONES DE APROVECHAMIENTO AGUAS FREÁTICAS,,340966.73,340918.23
2023,X09,Medio ambiente,COLECTORES DE VICÁLVARO B Y LA DEHESA. OBRAS DE CONEXIÓN,,490410.87,48618.67
2023,X09,Medio ambiente,FUENTES BEBEDERO EN EL DISTRITO VICÁLVARO. INSTALACIÓN,,2087.55,2087.55
2023,X09,Medio ambiente,"ZONAS VERDES VICÁLVARO. MEJORA INSTALACIONES, INFRAESTRUCTURAS Y EQUIPAMIENTO (ID 17: 2285)",,99759.34,99759.31
2023,X09,Medio ambiente,PLANTACIONES ARBÓREAS EN LOS PARQUES DEL DISTRITO DE VICÁLVARO. MEJORA ESTÉTICA Y MEDIO AMBIENTAL,,58638.69,58638.62
2023,X09,Medio ambiente,ÁREA VERDE EL CAÑAVERAL. ADECUACIÓN ÁREA CANINA Y REVEGETACIÓN (ID 21: 17395),,20000.0,19984.78
2023,X08,Mantenimiento urbano,,,2306241.46,2210643.77
2023,X08,Mantenimiento urbano,MOBILIARIO URBANO ÁREAS DE MAYORES DISTRITO VICÁLVARO. REPOSICIÓN,,15259.14,15259.14
2023,X08,Mantenimiento urbano,CALLES DE CALAHORRA Y CASALARREINA. REHABILITACIÓN DE CALZADAS,,68630.51,68630.51
2023,X08,Mantenimiento urbano,"CALLE CALIZA, FORGES, DEHESA VICÁLVARO, MERCURIO, OMEGA Y OTRAS. RENOVACIÓN CAPA DE RODADURA",,119913.69,119913.69
2023,X08,Mantenimiento urbano,"CALLE EZCARAY, LOS CÁVILAS, LOS PINILLAS, LOS POETAS, RIVAS. MEJORA BASE PAVIMENTO",,73112.94,73112.94
2023,X08,Mantenimiento urbano,CALLES CASALARREINA Y RAMPA DE ACCESO AL PARQUE DE VALDEBERNARDO. PAVIMENTACIÓN Y MEJORA DE ACERAS,,365756.52,365754.94
2023,X08,Mantenimiento urbano,AVENIDA DE LA DEMOCRACIA Y OTRAS DISTRITO VICÁLVARO. RENOVACIÓN PAVIMENTOS EN CALZADAS,,291776.47,291776.47
2023,X08,Mantenimiento urbano,"CALLES FORGES, JOSÉ PRAT, PIROTÉCNIA Y OTRAS. RENOVACIÓN DE PAVIMENTOS EN CALZADAS",,489642.19,489642.19
2023,X08,Mantenimiento urbano,"C/ CONDESA VEGA DEL POZO, TRAMO C/GALEOTE HASTA LAGO DE SANABRIA. MEJORA PARA COEXISTENCIA PEATONAL",,524920.29,524920.29
2023,X08,Mantenimiento urbano,CALLE DE SAN CIPRIANO. RENOVACIÓN DE PAVIMENTOS Y ACONDICIONAMIENTO ACERADOS,,357229.71,261633.6
2023,X03,Protección y promoción social,,,247668.49,245941.21
2023,X03,Protección y promoción social,EQUIPAMIENTO ESPACIO DE IGUALDAD GLORIA FUERTES,,266.9,266.9
2023,X03,Protección y promoción social,EQUIPAMIENTO CENTRO DE ACOGIDA MUNICIPAL PARA PERSONAL SIN HOGAR JUAN LUIS VIVES,,2988.7,2057.24
2023,X03,Protección y promoción social,CENTRO DE ACOGIDA LUIS VIVES. DIVERSAS OBRAS DE REFORMA,,123999.45,123999.45
2023,X03,Protección y promoción social,CENTRO DE DÍA Y DE MAYORES VICÁLVARO. OBRAS DE REFORMA Y ACCESIBILIDAD,,79803.76,79803.76
2023,X03,Protección y promoción social,EQUIPAMIENTO CENTROS DE DIA Y MAYORES DEL DISTRITO DE VICÁLVARO,,371.54,
2023,X03,Protección y promoción social,EQUIPAMIENTO CENTRO DE MAYORES EL ALMENDRO,,16366.04,16366.04
2023,X03,Protección y promoción social,CENTROS DE MAYORES DEL DISTRITO DE VICÁLVARO. EQUIPAMIENTO PARA PELUQUERÍAS,,1212.42,1212.42
2023,X03,Protección y promoción social,CENTRO DE MAYORES DAROCA. MOTOR EXTRACTOR PARA COCINA,,4500.0,4356.0
2023,X03,Protección y promoción social,CENTROS DE DÍA Y MAYORES DEL DISTRITO DE VICÁLVARO. SEÑALIZACIÓN,,620.0,615.89
2023,X03,Protección y promoción social,EQUIPAMIENTO CENTROS DE SERVICIOS SOCIALES DEL DISTRITO DE VICÁLVARO,,1240.0,963.83
2023,X03,Protección y promoción social,CENTRO DE DÍA Y DE MAYORES DAROCA. OBRAS DE ADECUACIÓN DE ESPACIOS,,16299.68,16299.68
2023,X05,Educación,,,1709591.82,1669496.51
2023,X05,Educación,"EQUIPAMIENTO ESCUELA INFANTIL EL CAÑAVERAL, DISTRITO DE VICÁLVARO",,112182.68,110111.2
2023,X05,Educación,EQUIPAMIENTO ESCUELA INFANTIL LOS JUNCOS,,20352.2,15671.19
2023,X05,Educación,EQUIPAMIENTO ESCUELA DE MÚSICA DE VICÁLVARO,,368.85,368.84
2023,X05,Educación,ESCUELA INFANTIL EN EL CAÑAVERAL. CONSTRUCCIÓN,,816688.09,815944.54
2023,X05,Educación,OBRAS DE CONSERVACIÓN CENTROS DOCENTES DE ENSEÑANZA DEL DISTRITO DE VICALVARO,,14411.7,
2023,X05,Educación,COLEGIO PÚBLICO VALDEBERNARDO. OBRAS ADECUACIÓN DE CUBIERTA,,407860.77,395201.12
2023,X05,Educación,COLEGIO PÚBLICO DOCTOR SEVERO OCHOA. ADECUACIÓN DE PAVIMENTO COCINAS Y DE PARAMENTOS DE AULAS,,47843.28,45486.19
2023,X05,Educación,COLEGIO PÚBLICO LOS ALMENDROS. OBRAS DE CONSERVACIÓN Y MANTENIMIENTO,,34425.18,33574.82
2023,X05,Educación,ESCUELA INFANTIL CAÑAVERAL. OBRAS DE ACONDICIONAMIENTO EXTERIOR Y REFORMA DEL PATIO,,255459.07,253138.61
2023,X00,Inversiones de carácter general,,,101676.82,40332.1
2023,X00,Inversiones de carácter general,"NAVES DE ALMACENES MUNICIPALES C/AHUMAOS, 27. MEDIDAS DE PROTECCIÓN CUBIERTAS, ACERADO Y TALUDES",,59000.0,
2023,X00,Inversiones de carácter general,EQUIPAMIENTO SERVICIOS ADMINISTRATIVOS DISTRITO DE VICALVARO,,12000.0,9708.69
2023,X00,Inversiones de carácter general,SERVICIOS ADMINISTRATIVOS DEL DISTRITO DE VICÁLVARO. INSTALACIONES DE SEGURIDAD,,2904.0,2850.59
2023,X00,Inversiones de carácter general,EDIFICIO SEDE DISTRITO DE VICÁLVARO. ADECUACIÓN INSTALACIÓN CLIMATIZACIÓN Y OTRAS,,27772.82,27772.82
2023,X04,Salud pública,,,4243.85,4243.85
2023,X04,Salud pública,CMSc CENTRO MUNICIPAL DE SALUD COMUNITARIA DE VICÁLVARO. MAQUINARIA,,1923.9,1923.9
2023,X04,Salud pública,OTRO EQUIPAMIENTO CMSc CENTRO MUNICIPAL DE SALUD COMUNITARIA DE VICÁLVARO,,1573.38,1573.38
2023,X04,Salud pública,CMSc CENTRO MUNICIPAL DE SALUD COMUNITARIA DE VICÁLVARO. SEÑALIZACIÓN,,746.57,746.57
2024,X01,Protección Civil y seguridad ciudadana,,,128644.69,98100.04
2024,X01,Protección Civil y seguridad ciudadana,UNIDAD INTEGRAL DE POLICÍA MUNICIPAL DE VICÁLVARO. CONSTRUCCIÓN,,55970.69,55970.69
2024,X01,Protección Civil y seguridad ciudadana,PARQUE DE BOMBEROS Nº 13 DISTRITO DE VICÁLVARO. OTRO MOBILIARIO Y ENSERES,,68877.02,38332.37
2024,X01,Protección Civil y seguridad ciudadana,PARQUE DE BOMBEROS NÚMERO 13. SEÑALIZACIÓN,,3796.98,3796.98
2024,X10,Cultura,,,546312.31,494525.83
2024,X10,Cultura,"CENTRO CULTURAL EN VALDERRIVAS, C/ TITANIO. CONSTRUCCIÓN",,3472.7,3472.7
2024,X10,Cultura,"CENTRO CULTURAL, BIBLIOTECA, AUDITORIO Y LUDOTECA EN EL CAÑAVERAL. CONSTRUCCIÓN (ID 21: 19005)",,73702.38,73370.57
2024,X10,Cultura,EQUIPAMIENTO CENTRO CULTURAL CALLE TITANIO,,207852.97,205673.47
2024,X10,Cultura,CENTRO CULTURAL VALDEBERNARDO. DESARROLLO SISTEMAS DE EXHIBICIÓN EN ESPACIOS EXPOSITIVOS,,971.63,971.63
2024,X10,Cultura,CENTRO CULTURAL VALDEBERNARDO. ELEMENTOS DEL SISTEMA DE ILUMINACIÓN Y SONIDO,,1331.0,1331.0
2024,X10,Cultura,CENTRO CULTURAL FUENTE DE SAN PEDRO - VALDERRIVAS. OBRAS DE REFORMA EN EL SALÓN DE ACTOS,,241803.26,193372.31
2024,X10,Cultura,ESPACIOS EXPOSITIVOS EN LOS CENTROS CULTURALES DE VICÁLVARO. DESARROLLO SISTEMAS DE EXHIBICIÓN,,844.18,
2024,X10,Cultura,CENTRO CULTURAL FUENTE SAN PEDRO-VALDERRIVAS. DESARROLLO SISTEMAS DE EXHIBICIÓN,,16334.19,16334.15
2024,X11,"Deportes, juventud y esparcimiento",,,1336734.08,1282414.22
2024,X11,"Deportes, juventud y esparcimiento",DEPORTIVO BÁSICO EL CAÑAVERAL II. OBRAS DE CONSTRUCCIÓN,,45200.0,45000.03
2024,X11,"Deportes, juventud y esparcimiento",DEPORTIVO BÁSICO EL CAÑAVERAL III. OBRAS DE CONSTRUCCIÓN,,45200.0,44812.84
2024,X11,"Deportes, juventud y esparcimiento",CENTRO DEPORTIVO FAUSTINA VALLADOLID. INTEGRACIÓN LECTORES QR EN ATRILES DE INFORMACIÓN,,1171.89,1171.89
2024,X11,"Deportes, juventud y esparcimiento",CENTRO DEPORTIVO MARGOT MOLES. OBRAS DE SUBSANANCIÓN DE PATOLOGÍAS,,169952.74,116642.98
2024,X11,"Deportes, juventud y esparcimiento",CENTRO DEPORTIVO FAUSTINA VALLADOLID. OBRAS DE SUBSANACIÓN DE PATOLOGÍAS,,370409.45,370409.4
2024,X11,"Deportes, juventud y esparcimiento",CAMPO DE FÚTBOL EN EL CAÑAVERAL. CONSTRUCCIÓN,,500000.0,499989.1
2024,X11,"Deportes, juventud y esparcimiento",CENTRO DEPORTIVO FAUSTINA VALLADOLID. ADQUISICIÓN VALLAS DE SEÑALIZACIÓN DE ESPACIOS,,1333.0,1281.75
2024,X11,"Deportes, juventud y esparcimiento",CENTRO DEPORTIVO MARGOT MOLES. ADQUISICIÓN VALLAS DE SEÑALIZACIÓN DE ESPACIOS,,3467.0,3332.56
2024,X11,"Deportes, juventud y esparcimiento",DEPORTIVO BÁSICO EL CAÑAVERAL. AJARDINAMIENTO ZONAS TERRIZAS,,100000.0,99999.99
2024,X11,"Deportes, juventud y esparcimiento",DEPORTIVO BÁSICO CASALARREINA. OBRAS DE ADECUACIÓN PISTA Y VALLADO,,100000.0,99773.68
2024,X14,Sectores productivos,,,877336.93,791630.2
2024,X14,Sectores productivos,"EQUIPAMIENTO CENTRO DE INNOVACIÓN ECONOMÍA CIRCULAR (CIEC) VICÁLVARO, C/ PRAT, 59",,97900.0,52739.06
2024,X14,Sectores productivos,"CENTRO INNOVACIÓN ECONOMÍA CIRCULAR VICÁLVARO (CIEC), C/ PRAT, 59. EQUIPOS COMUNICACIÓN",,4150.0,3882.56
2024,X14,Sectores productivos,CENTRO DE INNOVACIÓN ECONOMÍA CIRCULAR (CIEC) VICÁLVARO. OBRAS DE REFORMA,,144800.0,131658.09
2024,X14,Sectores productivos,EQUIPAMIENTO VIVERO DE EMPRESAS DE VICÁLVARO,,20771.12,20559.37
2024,X14,Sectores productivos,CENTRO INNOVACIÓN ECONOMÍA CIRCULAR VICÁLVARO (CIEC). ORDENACIÓN DE ESPACIOS LIBRES DE LA PARCELA,,338370.54,338358.03
2024,X14,Sectores productivos,"CENTRO INNOVACIÓN ECONOMÍA CIRCULAR VICÁLVARO (CIEC), C/PRAT, 59. INSTALACIONES",,96450.0,77808.82
2024,X14,Sectores productivos,FACTORÍA INDUSTRIAL DE VICÁLVARO. OBRAS DE REMODELACIÓN,,56187.0,47916.0
2024,X14,Sectores productivos,FACTORÍA INDUSTRIAL DE VICÁLVARO. INSTALACIONES,,2510.75,2510.75
2024,X14,Sectores productivos,VIVERO DE EMPRESAS DE VICÁLVARO. CARTELERÍA EXTERIOR,,7056.72,7056.72
2024,X14,Sectores productivos,VIVERO DE EMPRESAS DE VICÁLVARO. INSTALACIONES TÉCNICAS,,1735.5,1735.5
2024,X14,Sectores productivos,VIVERO DE EMPRESAS DE VICÁLVARO. EQUIPOS DE COMUNICACIÓN,,107405.3,107405.3
2024,X07,Infraestructuras,,,996946.17,992704.38
2024,X07,Infraestructuras,"APARCAMIENTO EN PASEO ARTILLEROS S/N, DISTRITO DE VICÁLVARO. CONSTRUCCIÓN",,996946.17,992704.38
2024,X06,Urbanismo,,,3966609.45,3851834.41
2024,X06,Urbanismo,SISTEMAS DE COMPENSACIÓN. UZP 2-04 LOS BERROCALES,,674496.15,673841.14
2024,X06,Urbanismo,UZP 2.03 DESARROLLO DEL ESTE LOS AHIJONES. COMPENSACIÓN,,2223257.52,2223257.52
2024,X06,Urbanismo,DESARROLLO DEL ESTE-LOS CERROS. JUNTA DE COMPENSACIÓN,,47000.0,46371.18
2024,X06,Urbanismo,RECINTO FERIAL Y MERCADILLO DE VICÁLVARO. OBRAS DE URBANIZACIÓN,,126343.84,126343.84
2024,X06,Urbanismo,DESARROLLO DEL ESTE EL CAÑAVERAL UZP 2.01. URBANIZACIÓN,,33789.44,33789.44
2024,X06,Urbanismo,ZONA VERDE ANEXA AL COLEGIO PÚBLICO WINSTON CHURCHILL. ACTUACIONES DE RENATURALIZACIÓN,,53475.88,53475.88
2024,X06,Urbanismo,ÁMBITO CERRO ALMODÓVAR. EJECUCIÓN DEL BOSQUE METROPOLITANO,,795746.62,694755.41
2024,X06,Urbanismo,"ÁREA REHABILITACIÓN VILLACARLOS-HUERTA CONVENTO, VICÁLVARO. REGENERACIÓN Y RENOVACIÓN URBANA",,12500.0,
2024,X09,Medio ambiente,,,6988587.94,2312658.19
2024,X09,Medio ambiente,"ELECTROLINERA PARA RECARGA DE VEHÍCULOS ELÉCTRICOS C/ PIROTECNIA, 47. CONSTRUCCIÓN",,64231.0,
2024,X09,Medio ambiente,AUMENTO DE LA CAPACIDAD DEL DESAGÜE DEL TRAMO INFERIOR ARROYO DE LOS MIGUELES,,4388429.75,
2024,X09,Medio ambiente,PARQUE DE VALDEBERNARDO. OBRAS DE REHABILITACIÓN INSTALACIONES DE APROVECHAMIENTO AGUAS FREÁTICAS,,634780.0,633654.26
2024,X09,Medio ambiente,COLECTORES DE VICÁLVARO B Y LA DEHESA. OBRAS DE CONEXIÓN,,1273366.0,1057847.8
2024,X09,Medio ambiente,FUENTES BEBEDERO EN EL DISTRITO VICÁLVARO. INSTALACIÓN,,40900.43,40896.69
2024,X09,Medio ambiente,PLANTACIONES ARBÓREAS EN LOS PARQUES DEL DISTRITO DE VICÁLVARO. MEJORA ESTÉTICA Y MEDIO AMBIENTAL,,2627.55,2627.55
2024,X09,Medio ambiente,ÁREA VERDE EL CAÑAVERAL. ADECUACIÓN ÁREA CANINA Y REVEGETACIÓN (ID 21: 17395),,390000.0,384552.08
2024,X09,Medio ambiente,PARQUE DE VALDEBERNARDO. OBRAS DE REMODELACIÓN,,155980.0,155975.57
2024,X09,Medio ambiente,EQUIPOS DE RECARGA VEHÍCULOS ELÉCTRICOS EN ALMACÉN DE LA VILLA,,5033.73,5033.73
2024,X09,Medio ambiente,REPOBLACIÓN CON ESPECIES ARBÓREAS FORESTALES EN DIVERSAS PARCELAS DEL DISTRITO DE VICÁLVARO,,1727.22,1727.22
2024,X09,Medio ambiente,HUERTO URBANO ECOLÓGICO EN EL DISTRITO DE VICÁLVARO. ADECUACIÓN,,1882.26,1882.26
2024,X09,Medio ambiente,PARQUE LAGO VAN. REMODELACIÓN Y ADECUACIÓN DE ZONA TERRIZA,,29630.0,28461.03
2024,X08,Mantenimiento urbano,,,2255672.71,2207490.05
2024,X08,Mantenimiento urbano,CALLE DE SAN CIPRIANO. RENOVACIÓN DE PAVIMENTOS Y ACONDICIONAMIENTO ACERADOS,,1549.56,1549.56
2024,X08,Mantenimiento urbano,CALLE DEL PRAT. MEJORA Y REHABILITACIÓN DE CALZADAS,,6385.55,6385.55
2024,X08,Mantenimiento urbano,ÁREA INFANTIL SINGULAR EN EL CAÑAVERAL. INSTALACIÓN (ID 21: 19126),,376054.09,375152.56
2024,X08,Mantenimiento urbano,"BOLARDOS EN PASOS PEATONALES DIVERSAS CALLES DEL BARRIO ""EL CAÑAVERAL"". INSTALACIÓN (ID 21: 19209)",,18000.0,17901.95
2024,X08,Mantenimiento urbano,CASCO HISTÓRICO DE VICÁLVARO. OBRAS DE RENOVACIÓN Y REGENERACIÓN EN LA CALLE ISEO Y OTRAS,,103021.23,103021.23
2024,X08,Mantenimiento urbano,"CALLE SONDEOS Y OTRAS, DISTRITO DE VICÁLVARO. MEJORA DE LAS CONDICIONES DE RODADURA",,600663.09,555187.65
2024,X08,Mantenimiento urbano,"CALLE DE LA CASTELLANA Y OTRAS, DISTRITO DE VICÁLVARO. MEJORA DE LAS CONDICIONES DE RODADURA",,653764.41,652106.26
2024,X08,Mantenimiento urbano,PASO SUPERIOR CALLE BOYER A COSLADA SOBRE EL FERROCARRIL. OBRAS DE REHABILITACIÓN,,493234.78,493217.26
2024,X08,Mantenimiento urbano,ZONA VERDE EN LA PLAZA DE ROSA CHACEL. INSTALACIÓN MESAS DE AJEDREZ (ID 17: 1792),,3000.0,2968.03
2024,X03,Protección y promoción social,,,369057.14,55259.94
2024,X03,Protección y promoción social,EQUIPAMIENTO CENTRO DE MAYORES EL ALMENDRO,,1749.3,1749.3
2024,X03,Protección y promoción social,EQUIPAMIENTO CENTRO DE MAYORES DAROCA,,8785.54,8785.54
2024,X03,Protección y promoción social,EQUIPAMIENTO PARA EL CENTRO DE ACOGIDA PARA PERSONAS SIN HOGAR JUAN LUIS VIVES,,41681.83,32995.74
2024,X03,Protección y promoción social,CENTRO MAYORES EL ALMENDRO. OBRAS REFORMA INSTALACIÓN CLIMATIZACIÓN Y ENVOLVENTE DEL ATRIO PRINCIPAL,,300000.0,
2024,X03,Protección y promoción social,EQUIPAMIENTO CENTROS DE MAYORES DEL DISTRITO DE VICALVARO,,4160.16,
2024,X03,Protección y promoción social,CENTRO DE ACOGIDA PARA PERSONAS SIN HOGAR JUAN LUIS VIVES. INSTALACIÓN SISTEMA DE VIDEOVIGILANCIA,,1875.5,1875.5
2024,X03,Protección y promoción social,EQUIPAMIENTO AGENCIA DE ZONA DE VICÁLVARO PARA POLÍTICAS ACTIVAS DE EMPLEO,,8361.6,8361.6
2024,X03,Protección y promoción social,"OTRO EQUIPAMIENTO AGENCIA DE PROXIMIDAD DE VICÁLVARO, AV.DAROCA, 327",,1492.26,1492.26
2024,X03,Protección y promoción social,AGENCIA DE ZONA DE VICÁLVARO. ADQUISICIÓN DE CARTELERÍA DIGITAL Y GESTOR DE CONTENIDOS,,950.95,
2024,X05,Educación,,,419028.29,359982.09
2024,X05,Educación,"EQUIPAMIENTO ESCUELA INFANTIL EL CAÑAVERAL, DISTRITO DE VICÁLVARO",,40000.0,9457.96
2024,X05,Educación,EQUIPAMIENTO ESCUELA INFANTIL LOS JUNCOS,,17553.29,571.73
2024,X05,Educación,EQUIPAMIENTO ESCUELA INFANTIL AMANECER,,3025.0,2147.75
2024,X05,Educación,EQUIPAMIENTO ESCUELA DE MÚSICA VICÁLVARO,,3000.0,2686.4
2024,X05,Educación,OBRAS DE CONSERVACIÓN EN CENTROS DOCENTES DE ENSEÑANZA DEL DISTRITO DE VICÁLVARO,,6783.03,
2024,X05,Educación,"ESCUELA INFANTIL MOLINOS DE VIENTOS. ADECUACIÓN CLIMATIZACIÓN, ILUMINACIÓN Y OTRAS DE CONSERVACIÓN",,155914.33,155914.33
2024,X05,Educación,ESCUELA INFANTIL LOS JUNCOS. OBRAS DE ADECUACIÓN EN FALSOS TECHOS,,9752.64,9669.75
2024,X05,Educación,"ESCUELA INFANTIL MUÑECO DE NIEVE, EL CAÑAVERAL. OBRAS DE REPARACIÓN VALLADO DEL PATIO",,33000.0,31612.41
2024,X05,Educación,"COLEGIO PÚBLICO VICÁLVARO, INFANTIL. CONSERVACIÓN Y REPARACIÓN DE LA CUBIERTA",,150000.0,147921.76
2024,X00,Inversiones de carácter general,,,527730.0,526475.87
2024,X00,Inversiones de carácter general,EQUIPAMIENTO SERVICIOS ADMINISTRATIVOS DEL DISTRITO DE VICÁLVARO,,21000.0,20328.48
2024,X00,Inversiones de carácter general,"EDIFICIO CALLLE TITANIO, 5. ACONDICIONAMIENTO DE ESPACIOS PARA NUEVA SEDE DEL DISTRITO DE VICÁLVARO",,451000.0,450877.43
2024,X00,Inversiones de carácter general,"ALMACÉN DE LA VILLA, CALLE AHUMAOS, 27. ACONDICIONAMIENTO TEJADO, ALJIBE Y OTRAS MEJORAS",,48300.0,48120.07
2024,X00,Inversiones de carácter general,SERVICIOS ADMINISTRATIVOS DEL DISTRITO DE VICÁLVARO. INSTALACIONES TÉCNICAS,,3630.0,3617.9
2024,X00,Inversiones de carácter general,SERVICIOS ADMINISTRATIVOS DISTRITO DE VICÁLVARO. OTRO MOBILIARIO Y ENSERES,,3800.0,3531.99
2024,X04,Salud pública,,,2401.43,1051.32
2024,X04,Salud pública,EQUIPAMIENTO CMSc CENTRO MUNICIPAL DE SALUD COMUNITARIA DE VICÁLVARO,,1051.32,1051.32
2024,X04,Salud pública,CMSc CENTRO MUNICIPAL DE SALUD COMUNITARIA DE VICÁLVARO. INSTALACIONES TÉCNICAS,,1350.11,
2024,X12,Otros bienes públicos de carácter social,,,2720.98,
2024,X12,Otros bienes públicos de carácter social,EQUIPAMIENTO OFICINA DE ATENCIÓN AL CIUDADANO LÍNEA MADRID DE VICÁLVARO,,2720.98,
2025,X01,Protección Civil y seguridad ciudadana,,,61271.25,61271.25
2025,X01,Protección Civil y seguridad ciudadana,PARQUE DE BOMBEROS Nº 13 DISTRITO DE VICÁLVARO. OTRO MOBILIARIO Y ENSERES,,59731.36,59731.36
2025,X01,Protección Civil y seguridad ciudadana,EQUIPAMIENTO COMISARÍA INTEGRAL POLICÍA MUNICIPAL DEL DISTRITO DE VICÁLVARO,,1539.89,1539.89
2025,X10,Cultura,,,579662.22,480177.12
2025,X10,Cultura,"CENTRO CULTURAL, BIBLIOTECA, AUDITORIO Y LUDOTECA EN EL CAÑAVERAL. CONSTRUCCIÓN (ID 21: 19005)",,382751.63,382751.63
2025,X10,Cultura,EQUIPAMIENTO CENTRO CULTURAL EL MADROÑO,,1320.0,1210.0
2025,X10,Cultura,CENTRO CULTURAL VALDERRIVAS. ACONDICIONAMIENTO TALUD E IMPLANTACIÓN RESTOS FUENTE DE SAN PEDRO,,124712.46,30855.41
2025,X10,Cultura,BIBLIOTECA PÚBLICA FRANCISCO AYALA. SEÑALÉTICA,,6148.01,3948.25
2025,X10,Cultura,CENTRO CULTURAL EL MADROÑO. OBRAS DE SUBSANACIÓN DE PATOLOGÍAS,,11080.12,9611.73
2025,X10,Cultura,EQUIPAMIENTO AUDIOVISUAL Y TÉCNICO CENTRO CULTURAL FUENTE SAN PEDRO VALDERRIVAS,,26960.0,26716.8
2025,X10,Cultura,CENTRO CULTURAL VALDEBERNARDO. BUTACAS PARA EL SALÓN DE ACTOS,,17500.0,16631.45
2025,X10,Cultura,CENTRO CULTURAL VALDEBERNARDO. TELONES PARA EL SALÓN DE ACTOS,,9190.0,8451.85
2025,X11,"Deportes, juventud y esparcimiento",,,3289801.2,3078058.63
2025,X11,"Deportes, juventud y esparcimiento",DEPORTIVO BÁSICO PARQUE DE LA VICALVARADA. SUSTITUCIÓN DE CÉSPED,,501023.72,313158.52
2025,X11,"Deportes, juventud y esparcimiento",DEPORTIVO BÁSICO EL CAÑAVERAL II. OBRAS DE CONSTRUCCIÓN,,1000000.0,992895.63
2025,X11,"Deportes, juventud y esparcimiento",CENTRO DEPORTIVO FAUSTINA VALLADOLID. REFORMA INTEGRAL Y MEJORAS ACCESIBILIDAD,,71123.67,71115.64
2025,X11,"Deportes, juventud y esparcimiento","CAMPO DE FÚTBOL EL CAÑAVERAL. CONSTRUCCIÓN VESTUARIOS, GRADERÍA Y OTRAS MEJORAS",,153978.97,153969.8
2025,X11,"Deportes, juventud y esparcimiento",IFS-CENTRO DEPORTIVO MARGOT MOLES. OBRAS DE REFORMA INSTALACIÓN ELÉCTRICA Y ACONDICIONAMIENTO PISCINAS,,168477.56,163588.36
2025,X11,"Deportes, juventud y esparcimiento","DEPORTIVO BÁSICO CORDEL DE PAVONES, BARRIO CASCO HISTÓRICO VICÁLVARO. OBRAS DE MEJORA",,31500.0,30984.25
2025,X11,"Deportes, juventud y esparcimiento",EQUIPAMIENTO CENTRO DEPORTIVO MARGOT MOLES,,3320.0,3303.3
2025,X11,"Deportes, juventud y esparcimiento",EQUIPAMIENTO CENTRO DEPORTIVO FAUSTINA VALLADOLID,,6945.4,6945.4
2025,X11,"Deportes, juventud y esparcimiento",CENTRO DEPORTIVO FAUSTINA VALLADOLID. OBRAS DE SUBSANACIÓN DE PATOLOGÍAS,,36281.44,36281.44
2025,X11,"Deportes, juventud y esparcimiento",CAMPO DE FÚTBOL EN EL CAÑAVERAL. CONSTRUCCIÓN,,947140.0,942346.63
2025,X11,"Deportes, juventud y esparcimiento",DEPORTIVO BÁSICO EL CAÑAVERAL. AJARDINAMIENTO ZONAS TERRIZAS,,199518.0,197010.08
2025,X11,"Deportes, juventud y esparcimiento",DEPORTIVO BÁSICO PARQUE DE LA VICALVARADA. SEÑALÉTICA,,1820.0,1663.75
2025,X11,"Deportes, juventud y esparcimiento",CENTRO DEPORTIVO MARGOT MOLES. OBRAS DE REFORMA INSTALACIÓN ELÉCTRICA Y ACONDICIONAMIENTO PISCINAS,,22.44,
2025,X11,"Deportes, juventud y esparcimiento",IFS-CENTRO DEPORTIVO MARGOT MOLES. REFORMA DEPÓSITOS AGUA CALIENTE SANITARIA Y OTRAS,,161987.43,161187.51
2025,X11,"Deportes, juventud y esparcimiento",CENTRO DEPORTIVO MARGOT MOLES. REFORMA DEPÓSITOS AGUA CALIENTE SANITARIA Y OTRAS,,3012.57,
2025,X11,"Deportes, juventud y esparcimiento",DEPORTIVO BÁSICO EL CAÑAVERAL I. OBRAS ADECUACIÓN CERRAMIENTO,,3650.0,3608.32
2025,X14,Sectores productivos,,,199994.35,85506.57
2025,X14,Sectores productivos,"EQUIPAMIENTO CENTRO DE INNOVACIÓN ECONOMÍA CIRCULAR (CIEC) VICÁLVARO, C/ PRAT, 59",,77450.0,39883.49
2025,X14,Sectores productivos,"CENTRO INNOVACIÓN ECONOMÍA CIRCULAR VICÁLVARO, (CIEC) C/ PRAT, 59. APLICACIONES INFORMÁTICAS",,5000.0,
2025,X14,Sectores productivos,"CENTRO INNOVACIÓN ECONOMÍA CIRCULAR VICÁLVARO (CIEC), C/ PRAT, 59. EQUIPOS COMUNICACIÓN",,5000.0,
2025,X14,Sectores productivos,"CENTRO INNOVACIÓN ECONOMÍA CIRCULAR VICÁLVARO, (CIEC). ADQUISICIÓN EQUIPOS INFORMÁTICOS",,5000.0,
2025,X14,Sectores productivos,CENTRO DE INNOVACIÓN ECONOMÍA CIRCULAR (CIEC) VICÁLVARO. OBRAS DE REFORMA,,48400.0,5143.31
2025,X14,Sectores productivos,EQUIPAMIENTO VIVERO DE EMPRESAS DE VICÁLVARO,,11576.28,11575.24
2025,X14,Sectores productivos,"CENTRO INNOVACIÓN ECONOMÍA CIRCULAR VICÁLVARO (CIEC), C/PRAT, 59. INSTALACIONES",,18150.0,16888.21
2025,X14,Sectores productivos,FACTORÍA INDUSTRIAL DE VICÁLVARO. OBRAS ADECUACIÓN DE NAVES O Y 1,,15316.85,
2025,X14,Sectores productivos,VIVERO DE EMPRESAS DE VICÁLVARO. EQUIPOS DE COMUNICACIÓN,,5908.84,5908.84
2025,X14,Sectores productivos,FACTORÍA INDUSTRIAL DE VICÁLVARO. INSTALACIÓN DE CENTRALITA CONTRA INCENDIOS,,7000.0,4915.1
2025,X14,Sectores productivos,VIVERO DE EMPRESAS DE VICÁLVARO. SEÑALÉTICA,,1192.38,1192.38
2025,X06,Urbanismo,,,5066551.66,4883543.0
2025,X06,Urbanismo,SISTEMAS DE COMPENSACIÓN. UZP 2-04 LOS BERROCALES,,2237773.33,2237773.33
2025,X06,Urbanismo,UZP 2.03 DESARROLLO DEL ESTE LOS AHIJONES. COMPENSACIÓN,,997759.05,997759.05
2025,X06,Urbanismo,DESARROLLO DEL ESTE-LOS CERROS. JUNTA DE COMPENSACIÓN,,128458.42,128458.42
2025,X06,Urbanismo,DESARROLLO DEL ESTE EL CAÑAVERAL UZP 2.01. URBANIZACIÓN,,122161.82,122161.82
2025,X06,Urbanismo,"CALLE DE LA HUERTA DEL CONVENTO, CASCO HISTÓRICO DE VICÁLVARO. ACTUACIONES DE REGENERACIÓN URBANA",,22139.77,
2025,X06,Urbanismo,ÁMBITO CERRO ALMODÓVAR. EJECUCIÓN DEL BOSQUE METROPOLITANO,,582567.0,441431.27
2025,X06,Urbanismo,"PARCELAS EN EL ÁMBITO UZP 2.01 ""ESTRATEGIA DEL ESTE-EL CAÑAVERAL"". OBRAS DE URBANIZACIÓN",,975692.27,955959.11
2025,X09,Medio ambiente,,,5613040.26,1205158.39
2025,X09,Medio ambiente,"ELECTROLINERA PARA RECARGA DE VEHÍCULOS ELÉCTRICOS C/ PIROTECNIA, 47. CONSTRUCCIÓN",,63449.22,63449.22
2025,X09,Medio ambiente,AUMENTO DE LA CAPACIDAD DEL DESAGÜE DEL TRAMO INFERIOR ARROYO DE LOS MIGUELES,,4388429.75,100445.09
2025,X09,Medio ambiente,COLECTORES DE VICÁLVARO B Y LA DEHESA. OBRAS DE CONEXIÓN,,252316.77,159022.66
2025,X09,Medio ambiente,FUENTES BEBEDERO EN EL DISTRITO VICÁLVARO. INSTALACIÓN,,1702.18,536.32
2025,X09,Medio ambiente,"FUENTE MERAK, CONMEMORATIVA ESCUDO HISTÓRICO DE MADRID EN DISTRITO VICÁLVARO. INSTALACIÓN",,15637.9,15637.9
2025,X09,Medio ambiente,ESTACIÓN REGENERADORA DE AGUAS RESIDUALES DE SUR ORIENTAL. OBRAS DE AMPLIACIÓN DE CAUDALES,,18148.0,18029.0
2025,X09,Medio ambiente,PARQUE DE VALDEBERNARDO. OBRAS DE REMODELACIÓN,,813556.05,803812.54
2025,X09,Medio ambiente,PARQUE LAGO VAN. REMODELACIÓN Y ADECUACIÓN DE ZONA TERRIZA,,330.0,319.85
2025,X09,Medio ambiente,EQUIPOS RECARGA VEHÍCULOS ELÉCTRICOS EN SEDE DISTRITO VICÁLVARO. MEJORA INSTALACIÓN,,1580.01,1580.01
2025,X09,Medio ambiente,CERRO ALMODÓVAR. ACTUACIÓN PILOTO DE RESTAURACIÓN PARA FOMENTO DE LA BIODIVERSIDAD,,42584.0,42325.8
2025,X09,Medio ambiente,ZONA VERDE EN EL CAÑAVERAL. TRASLADO Y ADECUACIÓN DE PARQUE CANINO,,15306.38,
2025,X08,Mantenimiento urbano,,,2808492.33,2759556.35
2025,X08,Mantenimiento urbano,"IFS-CARRETERA DE MADRID A RIVAS DEL JARAMA, DISTRITO DE VICÁLVARO. MEJORA DE LAS CONDICIONES DE RODADURA",,282184.68,255506.28
2025,X08,Mantenimiento urbano,CASCO HISTÓRICO DE VICÁLVARO. OBRAS DE RENOVACIÓN Y REGENERACIÓN EN LA CALLE ISEO Y OTRAS,,666261.73,666261.73
2025,X08,Mantenimiento urbano,PASO SUPERIOR CALLE BOYER A COSLADA SOBRE EL FERROCARRIL. OBRAS DE REHABILITACIÓN,,100124.23,99944.01
2025,X08,Mantenimiento urbano,ÁREAS INFANTILES INTEGRACIÓN DISTRITO VICÁLVARO. TRANSFORMACIÓN E INSTALACIÓN (ID 21: 17328),,175092.28,175092.27
2025,X08,Mantenimiento urbano,IFS-PASO INFERIOR GRAN VÍA DEL ESTE CON AURORA BOREAL Y PIROTECNIA. OBRAS DE ACONDICIONAMIENTO,,1070673.68,1070673.68
2025,X08,Mantenimiento urbano,"CALLE SAN CIPRIANO, DISTRITO DE VICÁLVARO. MEJORA DE LAS CONDICIONES DE RODADURA",,238141.9,216064.55
2025,X08,Mantenimiento urbano,"IFS-CALLE LADERA DE LOS ALMENDROS Y OTRAS, DISTRITO VICÁLVARO. MEJORA DE LAS CONDICIONES DE RODADURA",,264368.44,264368.44
2025,X08,Mantenimiento urbano,"CALLE LADERA DE LOS ALMENDROS Y OTRAS, DISTRITO VICÁLVARO. MEJORA DE LAS CONDICIONES DE RODADURA",,11645.39,11645.39
2025,X03,Protección y promoción social,,,4966585.85,4085752.74
2025,X03,Protección y promoción social,EQUIPAMIENTO CENTRO DE MAYORES EL ALMENDRO,,1089.0,1089.0
2025,X03,Protección y promoción social,EQUIPAMIENTO CENTRO DE MAYORES DAROCA,,453.75,453.75
2025,X03,Protección y promoción social,"CENTRO DE ACOGIDA A PERSONAS SIN HOGAR EL CAÑAVERAL, DISTRITO DE VICÁLVARO. CONSTRUCCIÓN",,4000000.0,3141928.43
2025,X03,Protección y promoción social,EQUIPAMIENTO CENTROS DE MAYORES DEL DISTRITO DE VICÁLVARO,,4000.0,
2025,X03,Protección y promoción social,CENTRO MAYORES EL ALMENDRO. OBRAS REFORMA INSTALACIÓN CLIMATIZACIÓN Y ENVOLVENTE DEL ATRIO PRINCIPAL,,903921.67,887043.16
2025,X03,Protección y promoción social,AGENCIA DE ZONA DE VICÁLVARO. ADQUISICIÓN DE CARTELERÍA DIGITAL Y GESTOR DE CONTENIDOS,,2604.03,2604.03
2025,X03,Protección y promoción social,EQUIPAMIENTO CENTRO DE ACOGIDA PARA PERSONAS SIN HOGAR JUAN LUIS VIVES,,37517.91,37517.91
2025,X03,Protección y promoción social,CENTRO DE MAYORES DAROCA. INSTALACIÓN DE EQUIPOS DE MONITORIZACIÓN ENERGÉTICA,,4348.6,4348.6
2025,X03,Protección y promoción social,CENTROS DE MAYORES DISTRITO VICÁLVARO. PLACA INFORMATIVA DE OBRAS CON FINANCIACIÓN EUROPEA,,280.0,261.77
2025,X03,Protección y promoción social,CENTRO DE ACOGIDA JUAN LUIS VIVES. INSTALACIÓN DE EQUIPOS DE MONITORIZACIÓN ENERGÉTICA,,4348.59,4348.59
2025,X03,Protección y promoción social,"EQUIPAMIENTO AGENCIA DE PROXIMIDAD DE VICÁLVARO, AV.DAROCA 327",,8022.3,6157.5
2025,X05,Educación,,,487370.93,453264.01
2025,X05,Educación,EQUIPAMIENTO ESCUELA INFANTIL LOS JUNCOS,,21624.37,21544.85
2025,X05,Educación,EQUIPAMIENTO ESCUELA DE MÚSICA DE VICÁLVARO,,1553.92,1553.92
2025,X05,Educación,EQUIPAMIENTO ESCUELA INFANTIL AMANECER,,1847.19,741.72
2025,X05,Educación,EQUIPAMIENTO ESCUELA INFANTIL CIELO AZUL,,3980.29,3980.29
2025,X05,Educación,OBRAS DE CONSERVACIÓN CENTROS DOCENTES DE ENSEÑANZA DISTRITO DE VICÁLVARO,,10.7,
2025,X05,Educación,ESCUELA INFANTIL VICÁLVARO. OBRAS DE MEJORA INSTALACIÓN ELÉCTRICA,,129.28,129.28
2025,X05,Educación,ESCUELA INFANTIL EL AMANECER. OBRAS DE SUSTITUCIÓN SISTEMA PORTERO AUTOMÁTICO Y OTRAS MEDIDAS,,428.44,428.44
2025,X05,Educación,ESCUELA INFANTIL MOLINOS DE VIENTO. OBRAS SUSTITUCIÓN SISTEMA PORTERO AUTOMÁTICO,,267.16,267.16
2025,X05,Educación,COLEGIO PÚBLICO VICÁLVARO. OBRAS DE MEJORA INSTALACIÓN ELÉCTRICA,,304.63,304.63
2025,X05,Educación,COLEGIO PÚBLICA ALFONSO X EL SABIO. OBRAS DE MEJORA INSTALACIÓN ELÉCTRICA,,71.46,71.46
2025,X05,Educación,COLEGIO PÚBLICO LOS ALMENDROS. OBRAS DE MEJORA INSTALACIÓN ELÉCTRICA,,235.46,235.46
2025,X05,Educación,COLEGIO PÚBLICO VALDEBERNARDO. OBRAS DE MEJORA INSTALACIÓN ELÉCTRICA,,107.55,107.55
2025,X05,Educación,COLEGIO PÚBLICO PEDRO DUQUE. ADECUACIÓN E INSTALACIÓN DE TOLDO,,17686.6,17686.6
2025,X05,Educación,COLEGIO PÚBLICO VICÁLVARO. REPOSICIÓN DE REJAS,,1468.72,1468.72
2025,X05,Educación,ESCUELA INFANTIL AMANECER. SEÑALIZACIÓN,,401.72,401.72
2025,X05,Educación,ESCUELA INFANTIL CIELO AZUL. SEÑALIZACIÓN,,401.72,401.72
2025,X05,Educación,ESCUELA INFANTIL MOLINOS DE VIENTO. SEÑALIZACIÓN,,401.72,401.72
2025,X05,Educación,ESCUELA INFANTIL CIELO AZUL. OBRAS ADECUACIÓN SISTEMA DE PROTECCIÓN CONTRA INCENDIOS,,46750.0,46514.95
2025,X05,Educación,IFS-ESCUELA INFANTIL MOLINOS DE VIENTO. OBRAS ADECUACIÓN SISTEMA DE PROTECCIÓN CONTRA INCENDIOS,,53951.06,53783.03
2025,X05,Educación,ESCUELA INFANTIL MOLINOS DE VIENTO. OBRAS ADECUACIÓN SISTEMA DE PROTECCIÓN CONTRA INCENDIOS,,48.94,
2025,X05,Educación,COLEGIO PÚBLICO WINSTON CHURCHILL. OBRAS DE CONSERVACIÓN EN CUBIERTA Y PISTA DEPORTIVA,,700.0,670.96
2025,X05,Educación,IFS-COLEGIO PÚBLICO WINSTON CHURCHILL. OBRAS DE CONSERVACIÓN EN CUBIERTA Y PISTA DEPORTIVA,,335000.0,302569.83
2025,X00,Inversiones de carácter general,,,339008.79,325561.17
2025,X00,Inversiones de carácter general,"EDIFICIO CALLLE TITANIO, 5. ACONDICIONAMIENTO DE ESPACIOS PARA NUEVA SEDE DEL DISTRITO DE VICÁLVARO",,311500.0,305757.53
2025,X00,Inversiones de carácter general,EQUIPAMIENTO SERVICIOS ADMINISTRATIVOS DEL DISTRITO VICALVARO,,6630.0,3529.14
2025,X00,Inversiones de carácter general,OBRAS DE CONSERVACIÓN DE EDIFICOS DEL DISTRITO DE VICÁLVARO,,3878.79,
2025,X00,Inversiones de carácter general,SERVICIOS ADMINISTRATIVOS DISTRITO DE VICÁLVARO. INSTALACIONES DE SEGURIDAD (ESCÁNER CONTROL ACCESO),,17000.0,16274.5
2025,X04,Salud pública,,,3229.01,3226.42
2025,X04,Salud pública,EQUIPAMIENTO SERVICIOS DE SALUBRIDAD PÚBLICA DEL DISTRITO DE VICÁLVARO,,1000.0,997.41
2025,X04,Salud pública,EQUIPAMIENTO CMSc CENTRO MUNICIPAL DE SALUD COMUNITARIA DE VICÁLVARO,,878.9,878.9
2025,X04,Salud pública,CMSc CENTRO MUNICIPAL DE SALUD COMUNITARIA DE VICÁLVARO. INSTALACIONES TÉCNICAS,,1350.11,1350.11
2025,X12,Otros bienes públicos de carácter social,,,3634.53,3634.53
2025,X12,Otros bienes públicos de carácter social,EQUIPAMIENTO OFICINA DE ATENCIÓN AL CIUDADANO LÍNEA MADRID DE VICÁLVARO,,2720.98,2720.98
2025,X12,Otros bienes públicos de carácter social,EQUIPAMIENTO OFICINA DE ATENCIÓN A LA CIUDADANÍA (OAC) VICÁLVARO. LÍNEA MADRID,,804.65,804.65
2025,X12,Otros bienes públicos de carácter social,OFICINA DE ATENCIÓN A LA CIUDADANÍA LÍNEA MADRID DE VICÁLVARO. SEÑALIZACIÓN,,108.9,108.9
2026,X01,Protección Civil y seguridad ciudadana,,,18107.65,
2026,X01,Protección Civil y seguridad ciudadana,UNIDAD INTEGRAL DE POLICÍA MUNICIPAL DE VICÁLVARO. CONSTRUCCIÓN,,18107.65,
2026,X10,Cultura,,,7666703.82,1155383.24
2026,X10,Cultura,"CENTRO CULTURAL, BIBLIOTECA, AUDITORIO Y LUDOTECA EN EL CAÑAVERAL. CONSTRUCCIÓN (ID 21: 19005)",,7460240.18,1050564.25
2026,X10,Cultura,CENTRO CULTURAL VALDERRIVAS. ACONDICIONAMIENTO TALUD E IMPLANTACIÓN RESTOS FUENTE DE SAN PEDRO,,104833.64,104818.99
2026,X10,Cultura,CENTRO CULTURAL VALDEBERNARDO. ADQUISICIÓN DE VINILOS ÁCIDOS PARA CRISTALES,,1630.0,
2026,X10,Cultura,"EDIFICIO PZA.DON ANTONIO DE ANDRÉS, 6. OBRAS REFORMA PARA ESPACIO CULTURAL CASCO HISTÓRICO VICÁLVARO",,100000.0,
2026,X11,"Deportes, juventud y esparcimiento",,,3908794.88,283745.41
2026,X11,"Deportes, juventud y esparcimiento",CENTRO DEPORTIVO MARGOT MOLES. OBRAS DE REFORMA DEL CERRAMIENTO,,12071.64,
2026,X11,"Deportes, juventud y esparcimiento",DEPORTIVO BÁSICO EL CAÑAVERAL II. OBRAS DE CONSTRUCCIÓN,,2904.0,2904.0
2026,X11,"Deportes, juventud y esparcimiento",DEPORTIVO BÁSICO EL CAÑAVERAL III. OBRAS DE CONSTRUCCIÓN,,1000000.0,
2026,X11,"Deportes, juventud y esparcimiento",CENTRO DEPORTIVO FAUSTINA VALLADOLID. REFORMA INTEGRAL Y MEJORAS ACCESIBILIDAD,,1140000.0,
2026,X11,"Deportes, juventud y esparcimiento","CAMPO DE FÚTBOL EL CAÑAVERAL. CONSTRUCCIÓN VESTUARIOS, GRADERÍA Y OTRAS MEJORAS",,1706022.0,276468.93
2026,X11,"Deportes, juventud y esparcimiento",IFS-CENTRO DEPORTIVO MARGOT MOLES. OBRAS DE REFORMA INSTALACIÓN ELÉCTRICA Y ACONDICIONAMIENTO PISCINAS,,4889.2,4007.47
2026,X11,"Deportes, juventud y esparcimiento","DEPORTIVO BÁSICO CORDEL DE PAVONES, BARRIO CASCO HISTÓRICO VICÁLVARO. OBRAS DE MEJORA",,29241.0,365.01
2026,X11,"Deportes, juventud y esparcimiento",CENTROS DEPORTIVOS DISTRITO DE VICÁLVARO. ADQUISICIÓN DE ELEMENTOS CON NUEVA IMAGEN CORPORATIVA,,2050.0,
2026,X11,"Deportes, juventud y esparcimiento",DEPORTIVO BÁSICO EL CAÑAVERAL. OBRAS DE REFORMA Y MEJORA,,11000.0,
2026,X11,"Deportes, juventud y esparcimiento",CENTRO SOCIAL POLIVALENTE DE VICÁLVARO. OBRAS DE REPARACIÓN Y CONSERVACIÓN,,617.04,
2026,X14,Sectores productivos,,,970668.17,16568.46
2026,X14,Sectores productivos,"EQUIPAMIENTO CENTRO DE INNOVACIÓN ECONOMÍA CIRCULAR (CIEC) VICÁLVARO, C/ PRAT, 59",,97900.0,
2026,X14,Sectores productivos,"CENTRO INNOVACIÓN ECONOMÍA CIRCULAR VICÁLVARO, (CIEC) C/ PRAT, 59. APLICACIONES INFORMÁTICAS",,5000.0,
2026,X14,Sectores productivos,"CENTRO INNOVACIÓN ECONOMÍA CIRCULAR VICÁLVARO (CIEC), C/ PRAT, 59. EQUIPOS COMUNICACIÓN",,5000.0,
2026,X14,Sectores productivos,"CENTRO INNOVACIÓN ECONOMÍA CIRCULAR VICÁLVARO, (CIEC). ADQUISICIÓN EQUIPOS INFORMÁTICOS",,5000.0,
2026,X14,Sectores productivos,CENTRO DE INNOVACIÓN ECONOMÍA CIRCULAR (CIEC) VICÁLVARO. OBRAS DE REFORMA,,48400.0,
2026,X14,Sectores productivos,"CENTRO INNOVACIÓN ECONOMÍA CIRCULAR VICÁLVARO (CIEC), C/PRAT, 59. INSTALACIONES",,54450.0,16568.46
2026,X14,Sectores productivos,FACTORÍA INDUSTRIAL DE VICÁLVARO. OBRAS ADECUACIÓN DE NAVES O Y 1,,754918.17,
2026,X07,Infraestructuras,,,126640.66,25410.0
2026,X07,Infraestructuras,INFRAESTRUCTURA PARA NUEVA LÍNEA DE BUS RAPID ENTRE EL CAÑAVERAL Y VICÁLVARO. CONSTRUCCIÓN,,126640.66,25410.0
2026,X06,Urbanismo,,,5446920.41,1397700.51
2026,X06,Urbanismo,SISTEMAS DE COMPENSACIÓN. UZP 2-04 LOS BERROCALES,,1440876.26,
2026,X06,Urbanismo,UZP 2.03 DESARROLLO DEL ESTE LOS AHIJONES. COMPENSACIÓN,,3504113.38,1375560.74
2026,X06,Urbanismo,DESARROLLO DEL ESTE-LOS CERROS. JUNTA DE COMPENSACIÓN,,39791.0,
2026,X06,Urbanismo,"CALLE DE LA HUERTA DEL CONVENTO, CASCO HISTÓRICO DE VICÁLVARO. ACTUACIONES DE REGENERACIÓN URBANA",,462139.77,22139.77
2026,X09,Medio ambiente,,,4815517.81,8430.24
2026,X09,Medio ambiente,AUMENTO DE LA CAPACIDAD DEL DESAGÜE DEL TRAMO INFERIOR ARROYO DE LOS MIGUELES,,4287984.66,
2026,X09,Medio ambiente,CENTROS CARGA ENERGÍA ELÉCTRICA E HIDRÓGENO VEHÍCULOS SIN EMISIONES. DISTRITO VICÁLVARO,,6113.14,
2026,X09,Medio ambiente,"FUENTE MERAK, CONMEMORATIVA ESCUDO HISTÓRICO DE MADRID EN DISTRITO VICÁLVARO. INSTALACIÓN",,220528.74,703.04
2026,X09,Medio ambiente,ESTACIÓN REGENERADORA DE AGUAS RESIDUALES DE SUR ORIENTAL. OBRAS DE AMPLIACIÓN DE CAUDALES,,21875.0,
2026,X09,Medio ambiente,"PUNTO LIMPIO FIJO VICÁLVARO, C/ SEPIOLITA, 6. ADQUISICIÓN CONTENEDORES METÁLICOS",,13552.0,
2026,X09,Medio ambiente,ÁREAS CANINAS EN ZONAS VERDES DEL DISTRITO DE VICÁLVARO. OBRAS DE ACONDICIONAMIENTO,,211135.07,2198.89
2026,X09,Medio ambiente,PARQUE OLIMPO. ADECUACIÓN DE ZONA CANINA,,51839.77,3038.88
2026,X09,Medio ambiente,ESPECIES VEGETALES AUTÓCTONAS Y PÉRGOLAS VEGETADAS DISTRITO VICÁLVARO (ID 24: 20767),,1199.68,1199.68
2026,X09,Medio ambiente,PARQUES DISTRITO VICÁLVARO. REPLANTACIÓN DE ÁRBOLES Y ADECUACIÓN DEL RIEGO  (ID 24: 21374),,1289.75,1289.75
2026,X08,Mantenimiento urbano,,,667465.97,101364.73
2026,X08,Mantenimiento urbano,"ÁREA JUEGO INCLUSIVA PARQUE FORESTAL CUÑA VERDE (C/ CASALARREINA, 26D). RENOVACIÓN Y TRANSFORMACIÓN",,101364.73,101364.73
2026,X08,Mantenimiento urbano,"IFS-CARRETERA DE MADRID A RIVAS DEL JARAMA, DISTRITO DE VICÁLVARO. MEJORA DE LAS CONDICIONES DE RODADURA",,26678.4,
2026,X08,Mantenimiento urbano,IFS-CARRETERA DE MADRID A MEJORADA DEL CAMPO Y OTROS VIALES DE VICÁLVARO. MEJORA CONDICIONES RODADURA,,179422.84,
2026,X08,Mantenimiento urbano,SISTEMAS DE ALUMBRADO PÚBLICO EN EL CAÑAVERAL. EFICIENCIA Y ADECUACIÓN AL ENTORNO (ID 24: 20743),,360000.0,
2026,X03,Protección y promoción social,,,11035522.83,328517.97
2026,X03,Protección y promoción social,EQUIPAMIENTO NUEVO CENTRO DE PERSONAS SIN HOGAR SALAMINA,,482256.5,
2026,X03,Protección y promoción social,CENTRO DE PERSONAS SIN HOGAR SALAMINA. SEÑALIZACIÓN,,1335.84,
2026,X03,Protección y promoción social,"CENTRO DE ACOGIDA A PERSONAS SIN HOGAR EL CAÑAVERAL, DISTRITO DE VICÁLVARO. CONSTRUCCIÓN",,9000000.0,240360.78
2026,X03,Protección y promoción social,IFS-CENTRO DE MAYORES EL ALMENDRO.OBRAS DE REFORMA DE LA INSTALACIÓN DE CLIMATIZACIÓN,,400000.0,
2026,X03,Protección y promoción social,IFS-CENTRO DE ACOGIDA JUAN LUIS VIVES. REFORMA Y MEJORA INSTALACIÓN DE CLIMATIZACIÓN Y LUCERNARIOS,,1000000.0,
2026,X03,Protección y promoción social,EQUIPAMIENTO CENTROS DE MAYORES DEL DISTRITO DE VICÁLVARO,,4789.53,
2026,X03,Protección y promoción social,CENTRO DE MAYORES EL ALMENDRO. ADQUISICIÓN DE VINILOS GRÁFICOS IMÁGEN CORPORATIVA,,6010.47,
2026,X03,Protección y promoción social,"EQUIPAMIENTO CENTRO DE SERVICIOS SOCIALES EN CALLE AVENIDA REAL, 14",,3300.0,2881.08
2026,X03,Protección y promoción social,"CENTRO DE SERVICIOS SOCIALES EN CALLE AVENIDA REAL, 14. SEÑALÉTICA",,1200.0,1197.9
2026,X03,Protección y promoción social,CENTRO DE SERVICIOS SOCIALES VALDEBERNARDO. ADQUISICIÓN DE VINILOS GRÁFICOS IMÁGEN CORPORATIVA,,1630.0,
2026,X03,Protección y promoción social,CENTRO DE SERVICIOS SOCIALES EN C/ CALAHORRA. OBRAS ADECUACIÓN DE OFICINAS COMO ESPACIO DE IGUALDAD,,50892.08,
2026,X03,Protección y promoción social,CENTRO DE ACOGIDA PARA PERSONAS SIN HOGAR JUAN LUIS VIVES. OBRAS DE ADECUACIÓN DE CLIMATIZACIÓN,,40938.15,40907.95
2026,X03,Protección y promoción social,AGENCIA DE PROXIMIDAD DE VICÁLVARO. ADQUISICIÓN DE CARTELERÍA DIGITAL,,1987.42,1987.42
2026,X03,Protección y promoción social,"AGENCIA DE PROXIMIDAD DE VICÁLVARO, AV.DAROCA,327. OBRAS DE REFORMA",,41182.84,41182.84
2026,X05,Educación,,,798017.11,37195.48
2026,X05,Educación,EQUIPAMIENTO ESCUELA INFANTIL AMANECER,,36631.29,18719.18
2026,X05,Educación,EQUIPAMIENTO ESCUELA INFANTIL CIELO AZUL,,2380.07,
2026,X05,Educación,EQUIPAMIENTO ESCUELA DE MÚSICA VICÁLVARO,,1905.75,1905.75
2026,X05,Educación,"ESCUELA INFANTIL EN LA CALLE DE LUIS OCAÑA, Nº 180, EL CAÑAVERAL. CONSTRUCCIÓN",,150000.0,
2026,X05,Educación,ESCUELA INFANTIL AMANECER. INSTALACIÓN DE EQUIPOS DE CLIMATIZACIÓN,,6500.0,6348.87
2026,X05,Educación,ESCUELA INFANTIL LOS JUNCOS. ADQUISICIÓN E INSTALACIÓN DE LÍNEAS DE VIDA EN CUBIERTA,,10600.0,10221.68
2026,X05,Educación,"IFS-ESCUELA INFANTIL EL AMANECER. OBRAS DE MEJORA, REFORMA DE INSTALACIONES Y OTRAS",,500000.0,
2026,X05,Educación,IFS-ESCUELA INFANTIL LOS JUNCOS. OBRAS DE REFORMA INSTALACIÓN PROTECCIÓN CONTRA INCENDIOS,,60000.0,
2026,X05,Educación,IFS-COLEGIO PÚBLICO VICÁLVARO INFANTIL. OBRAS DE REFORMA FACHADA Y OTRAS INSPECCIÓN TÉCNICA DE EDIFICIOS,,30000.0,
2026,X00,Inversiones de carácter general,,,1228775.75,11058.99
2026,X00,Inversiones de carácter general,EQUIPAMIENTO SERVICIOS ADMINISTRATIVOS DEL DISTRITO DE VICÁLVARO,,3000.0,
2026,X00,Inversiones de carácter general,ALMACÉN DE VILLA. REFORMA DE LA CUBIERTA E INSTALACIÓN DE PROTECCIÓN CONTRA INCENDIOS,,1000000.0,
2026,X00,Inversiones de carácter general,EDIFICIOS ADSCRITOS AL DISTRITO DE VICÁLVARO. SEÑALIZACIÓN,,10700.0,10693.98
2026,X00,Inversiones de carácter general,SERVICIOS ADMINISTRATIVOS DISTRITO DE VICÁLVARO. ADQUISICIÓN ELEMENTOS CON NUEVA IMAGEN CORPORATIVA,,2350.0,
2026,X00,Inversiones de carácter general,SERVICIOS ADMINISTRATIVOS DISTRITO VICÁLVARO. SISTEMA ALIMENTACIÓN ININTERRUMPIDA GRABACIÓN PLENO,,550.0,
2026,X00,Inversiones de carácter general,"EDIFICIO CALLLE TITANIO, 5. ACONDICIONAMIENTO DE ESPACIOS PARA NUEVA SEDE DEL DISTRITO DE VICÁLVARO",,366.0,365.01
2026,X00,Inversiones de carácter general,OBRAS DE CONSERVACIÓN DE EDIFICIOS DEL DISTRITO DE VICÁLVARO,,211809.75,
2026,X04,Salud pública,,,7270.0,
2026,X04,Salud pública,EQUIPAMIENTO SERVICIOS DE SALUBRIDAD PÚBLICA DEL DISTRITO DE VICÁLVARO,,470.0,
2026,X04,Salud pública,CMSc CENTRO MUNICIPAL SALUD COMUNITARIA DE VICÁLVARO. MAQUINARIA PREVENCIÓN Y PROMOCIÓN SALUD,,6800.0,
2026,X12,Otros bienes públicos de carácter social,,,315742.98,
2026,X12,Otros bienes públicos de carácter social,OFICINA ATENCIÓN AL CIUDADANO LÍNEA MADRID VICÁLVARO. OBRAS DE ACONDICIONAMIENTO,,300000.0,
2026,X12,Otros bienes públicos de carácter social,"EDIFICIO PLAZA DON ANTONIO DE ANDRÉS, 18. REMODELACIÓN PARA OFICINA ATENCIÓN AL CIUDADANO",,15742.98,
